canonical_match_id,competition,season,match_date,source,source_url,pit_status,data_type,source_sha256
1e8382bc0315a97601425a30,Copa Libertadores,2020,2020-01-05,ricardo-mattoss/Brazilian-Soccer-Data,https://github.com/ricardo-mattoss/Brazilian-Soccer-Data/blob/master/Data/Libertadores_Matches.csv,UNKNOWN,HISTORICAL_REAL,
944f52cff6fc2c42e34b0e7f,Copa Libertadores,2020,2020-01-06,ricardo-mattoss/Brazilian-Soccer-Data,https://github.com/ricardo-mattoss/Brazilian-Soccer-Data/blob/master/Data/Libertadores_Matches.csv,UNKNOWN,HISTORICAL_REAL,
b9124fa4aab2030faee2de11,Copa Sudamericana,2020,2020-01-12,openfootball/south-america,https://raw.githubusercontent.com/openfootball/south-america/master/copa-libertadores/2020_copas.txt,UNKNOWN,HISTORICAL_REAL,
755fe32cc77e59f63a38a5ee,Copa Libertadores,2020,2020-01-12,ricardo-mattoss/Brazilian-Soccer-Data,https://github.com/ricardo-mattoss/Brazilian-Soccer-Data/blob/master/Data/Libertadores_Matches.csv,UNKNOWN,HISTORICAL_REAL,
4d20322acf721685e93eb60e,Copa Sudamericana,2020,2020-01-13,openfootball/south-america,https://raw.githubusercontent.com/openfootball/south-america/master/copa-libertadores/2020_copas.txt,UNKNOWN,HISTORICAL_REAL,
275dae433ec6d14fe00661e8,Copa Libertadores,2020,2020-01-13,ricardo-mattoss/Brazilian-Soccer-Data,https://github.com/ricardo-mattoss/Brazilian-Soccer-Data/blob/master/Data/Libertadores_Matches.csv,UNKNOWN,HISTORICAL_REAL,
ca350369458de3f695bc7667,Copa Sudamericana,2020,2020-01-16,openfootball/south-america,https://raw.githubusercontent.com/openfootball/south-america/master/copa-libertadores/2020_copas.txt,UNKNOWN,HISTORICAL_REAL,
8f1ba771ef6ed45101dc835c,Copa Sudamericana,2020,2020-01-23,openfootball/south-america,https://raw.githubusercontent.com/openfootball/south-america/master/copa-libertadores/2020_copas.txt,UNKNOWN,HISTORICAL_REAL,
577088e0a4f42f534571a1e8,Copa Libertadores,2020,2020-01-30,ricardo-mattoss/Brazilian-Soccer-Data,https://github.com/ricardo-mattoss/Brazilian-Soccer-Data/blob/master/Data/Libertadores_Matches.csv,UNKNOWN,HISTORICAL_REAL,
d88b2e29d23229e00b82a6a5,Copa Sudamericana,2020,2020-02-04,openfootball/south-america,https://raw.githubusercontent.com/openfootball/south-america/master/copa-libertadores/2020_copas.txt,UNKNOWN,HISTORICAL_REAL,
51076782a9d2c7fec820a5e2,Copa Sudamericana,2020,2020-02-04,openfootball/south-america,https://raw.githubusercontent.com/openfootball/south-america/master/copa-libertadores/2020_copas.txt,UNKNOWN,HISTORICAL_REAL,
0cb10cb85cb4ba0d864044e4,Copa Sudamericana,2020,2020-02-04,openfootball/south-america,https://raw.githubusercontent.com/openfootball/south-america/master/copa-libertadores/2020_copas.txt,UNKNOWN,HISTORICAL_REAL,
b6b3a5444cc299e3a63f122e,Copa Sudamericana,2020,2020-02-04,openfootball/south-america,https://raw.githubusercontent.com/openfootball/south-america/master/copa-libertadores/2020_copas.txt,UNKNOWN,HISTORICAL_REAL,
5a881176df7e8b27d44cadb7,Copa Sudamericana,2020,2020-02-05,openfootball/south-america,https://raw.githubusercontent.com/openfootball/south-america/master/copa-libertadores/2020_copas.txt,UNKNOWN,HISTORICAL_REAL,
46482d265d9e7aa7874dfb44,Copa Sudamericana,2020,2020-02-05,openfootball/south-america,https://raw.githubusercontent.com/openfootball/south-america/master/copa-libertadores/2020_copas.txt,UNKNOWN,HISTORICAL_REAL,
66aa447fe4301f54751d2c37,Copa Sudamericana,2020,2020-02-05,openfootball/south-america,https://raw.githubusercontent.com/openfootball/south-america/master/copa-libertadores/2020_copas.txt,UNKNOWN,HISTORICAL_REAL,
1bbb5395ca37433f8c3107f8,Copa Sudamericana,2020,2020-02-05,openfootball/south-america,https://raw.githubusercontent.com/openfootball/south-america/master/copa-libertadores/2020_copas.txt,UNKNOWN,HISTORICAL_REAL,
596ddfe08f2f2ec47f86219b,Copa Sudamericana,2020,2020-02-06,openfootball/south-america,https://raw.githubusercontent.com/openfootball/south-america/master/copa-libertadores/2020_copas.txt,UNKNOWN,HISTORICAL_REAL,
e3ae55130895356783823c04,Copa Sudamericana,2020,2020-02-06,openfootball/south-america,https://raw.githubusercontent.com/openfootball/south-america/master/copa-libertadores/2020_copas.txt,UNKNOWN,HISTORICAL_REAL,
242477b779de254f60153d8d,Copa Sudamericana,2020,2020-02-06,openfootball/south-america,https://raw.githubusercontent.com/openfootball/south-america/master/copa-libertadores/2020_copas.txt,UNKNOWN,HISTORICAL_REAL,
094e0e6dffdaebdf979803f2,Copa Sudamericana,2020,2020-02-11,openfootball/south-america,https://raw.githubusercontent.com/openfootball/south-america/master/copa-libertadores/2020_copas.txt,UNKNOWN,HISTORICAL_REAL,
c35a07297001c97f36ee0d22,Copa Sudamericana,2020,2020-02-11,openfootball/south-america,https://raw.githubusercontent.com/openfootball/south-america/master/copa-libertadores/2020_copas.txt,UNKNOWN,HISTORICAL_REAL,
6d7faac10bf81e751f063c2f,Copa Sudamericana,2020,2020-02-11,openfootball/south-america,https://raw.githubusercontent.com/openfootball/south-america/master/copa-libertadores/2020_copas.txt,UNKNOWN,HISTORICAL_REAL,
b056d30f27422c7d0ff994b9,Copa Sudamericana,2020,2020-02-11,openfootball/south-america,https://raw.githubusercontent.com/openfootball/south-america/master/copa-libertadores/2020_copas.txt,UNKNOWN,HISTORICAL_REAL,
ce60ed00b8aa6ec220f2cfe7,Copa Sudamericana,2020,2020-02-12,openfootball/south-america,https://raw.githubusercontent.com/openfootball/south-america/master/copa-libertadores/2020_copas.txt,UNKNOWN,HISTORICAL_REAL,
50cefa98d45372ebe8af0fd6,Copa Sudamericana,2020,2020-02-12,openfootball/south-america,https://raw.githubusercontent.com/openfootball/south-america/master/copa-libertadores/2020_copas.txt,UNKNOWN,HISTORICAL_REAL,
060ae32a91ecf82cf25058b6,Copa Sudamericana,2020,2020-02-12,openfootball/south-america,https://raw.githubusercontent.com/openfootball/south-america/master/copa-libertadores/2020_copas.txt,UNKNOWN,HISTORICAL_REAL,
dcce483c14c93c8a7f1ece1a,Copa Sudamericana,2020,2020-02-12,openfootball/south-america,https://raw.githubusercontent.com/openfootball/south-america/master/copa-libertadores/2020_copas.txt,UNKNOWN,HISTORICAL_REAL,
b90094e4c4c9700777ece5ed,Copa Sudamericana,2020,2020-02-13,openfootball/south-america,https://raw.githubusercontent.com/openfootball/south-america/master/copa-libertadores/2020_copas.txt,UNKNOWN,HISTORICAL_REAL,
9a04b9e4f3e23b0a24ecb55c,Copa Sudamericana,2020,2020-02-13,openfootball/south-america,https://raw.githubusercontent.com/openfootball/south-america/master/copa-libertadores/2020_copas.txt,UNKNOWN,HISTORICAL_REAL,
51e096ab1a872a293cdf6c26,Copa Sudamericana,2020,2020-02-13,openfootball/south-america,https://raw.githubusercontent.com/openfootball/south-america/master/copa-libertadores/2020_copas.txt,UNKNOWN,HISTORICAL_REAL,
27fe5d86290b5c2e21d8c996,Copa Sudamericana,2020,2020-02-18,openfootball/south-america,https://raw.githubusercontent.com/openfootball/south-america/master/copa-libertadores/2020_copas.txt,UNKNOWN,HISTORICAL_REAL,
d4871c9362e468971c45c4f4,Copa Sudamericana,2020,2020-02-18,openfootball/south-america,https://raw.githubusercontent.com/openfootball/south-america/master/copa-libertadores/2020_copas.txt,UNKNOWN,HISTORICAL_REAL,
1c06fa7b265bcfdca7fb1503,Copa Sudamericana,2020,2020-02-18,openfootball/south-america,https://raw.githubusercontent.com/openfootball/south-america/master/copa-libertadores/2020_copas.txt,UNKNOWN,HISTORICAL_REAL,
d74cc568e7501327a01d187a,Copa Sudamericana,2020,2020-02-18,openfootball/south-america,https://raw.githubusercontent.com/openfootball/south-america/master/copa-libertadores/2020_copas.txt,UNKNOWN,HISTORICAL_REAL,
c34d3fe3714a7c8b9f5cc716,Copa Sudamericana,2020,2020-02-19,openfootball/south-america,https://raw.githubusercontent.com/openfootball/south-america/master/copa-libertadores/2020_copas.txt,UNKNOWN,HISTORICAL_REAL,
08f4b791dd7e875ce3f16358,Copa Sudamericana,2020,2020-02-19,openfootball/south-america,https://raw.githubusercontent.com/openfootball/south-america/master/copa-libertadores/2020_copas.txt,UNKNOWN,HISTORICAL_REAL,
ef6d9832cd59b1cd3985e41c,Copa Sudamericana,2020,2020-02-19,openfootball/south-america,https://raw.githubusercontent.com/openfootball/south-america/master/copa-libertadores/2020_copas.txt,UNKNOWN,HISTORICAL_REAL,
8964d1ea9a8a9fa014f5feb9,Copa Sudamericana,2020,2020-02-20,openfootball/south-america,https://raw.githubusercontent.com/openfootball/south-america/master/copa-libertadores/2020_copas.txt,UNKNOWN,HISTORICAL_REAL,
0790599828df13bda2bc2d09,Copa Sudamericana,2020,2020-02-20,openfootball/south-america,https://raw.githubusercontent.com/openfootball/south-america/master/copa-libertadores/2020_copas.txt,UNKNOWN,HISTORICAL_REAL,
e50486d77341709c4a41e206,Copa Sudamericana,2020,2020-02-20,openfootball/south-america,https://raw.githubusercontent.com/openfootball/south-america/master/copa-libertadores/2020_copas.txt,UNKNOWN,HISTORICAL_REAL,
1665ac18a0bac7438987488a,Copa Sudamericana,2020,2020-02-20,openfootball/south-america,https://raw.githubusercontent.com/openfootball/south-america/master/copa-libertadores/2020_copas.txt,UNKNOWN,HISTORICAL_REAL,
9e8e781de7ba9bd35eeb4a94,Copa Sudamericana,2020,2020-02-25,openfootball/south-america,https://raw.githubusercontent.com/openfootball/south-america/master/copa-libertadores/2020_copas.txt,UNKNOWN,HISTORICAL_REAL,
9ddd33f10ab0903b153ac310,Copa Sudamericana,2020,2020-02-25,openfootball/south-america,https://raw.githubusercontent.com/openfootball/south-america/master/copa-libertadores/2020_copas.txt,UNKNOWN,HISTORICAL_REAL,
c1362c856d12499c267e877c,Copa Sudamericana,2020,2020-02-25,openfootball/south-america,https://raw.githubusercontent.com/openfootball/south-america/master/copa-libertadores/2020_copas.txt,UNKNOWN,HISTORICAL_REAL,
95763819827966399501a9a0,Copa Sudamericana,2020,2020-02-25,openfootball/south-america,https://raw.githubusercontent.com/openfootball/south-america/master/copa-libertadores/2020_copas.txt,UNKNOWN,HISTORICAL_REAL,
c6432cccfc507b9b39eda410,Copa Sudamericana,2020,2020-02-26,openfootball/south-america,https://raw.githubusercontent.com/openfootball/south-america/master/copa-libertadores/2020_copas.txt,UNKNOWN,HISTORICAL_REAL,
63e36198466a4a1e3be2f026,Copa Sudamericana,2020,2020-02-26,openfootball/south-america,https://raw.githubusercontent.com/openfootball/south-america/master/copa-libertadores/2020_copas.txt,UNKNOWN,HISTORICAL_REAL,
144994fb352dcbcd6a4392c0,Copa Sudamericana,2020,2020-02-26,openfootball/south-america,https://raw.githubusercontent.com/openfootball/south-america/master/copa-libertadores/2020_copas.txt,UNKNOWN,HISTORICAL_REAL,
bdd041998c598b64eb8fed00,Copa Sudamericana,2020,2020-02-26,openfootball/south-america,https://raw.githubusercontent.com/openfootball/south-america/master/copa-libertadores/2020_copas.txt,UNKNOWN,HISTORICAL_REAL,
d3b811bbcec8d5cd3cff17a8,Copa Sudamericana,2020,2020-02-27,openfootball/south-america,https://raw.githubusercontent.com/openfootball/south-america/master/copa-libertadores/2020_copas.txt,UNKNOWN,HISTORICAL_REAL,
46a7b67d3221c63cfeb2348e,Copa Sudamericana,2020,2020-02-27,openfootball/south-america,https://raw.githubusercontent.com/openfootball/south-america/master/copa-libertadores/2020_copas.txt,UNKNOWN,HISTORICAL_REAL,
399528446bf575764cde4162,Copa Sudamericana,2020,2020-02-27,openfootball/south-america,https://raw.githubusercontent.com/openfootball/south-america/master/copa-libertadores/2020_copas.txt,UNKNOWN,HISTORICAL_REAL,
490e76775782636ddb970ce4,Copa Libertadores,2020,2020-03-03,ricardo-mattoss/Brazilian-Soccer-Data,https://github.com/ricardo-mattoss/Brazilian-Soccer-Data/blob/master/Data/Libertadores_Matches.csv,UNKNOWN,HISTORICAL_REAL,
204951c30db5e4a4be953b7f,Copa Libertadores,2020,2020-03-03,ricardo-mattoss/Brazilian-Soccer-Data,https://github.com/ricardo-mattoss/Brazilian-Soccer-Data/blob/master/Data/Libertadores_Matches.csv,UNKNOWN,HISTORICAL_REAL,
835ad198d809c30b756bdaa7,Copa Libertadores,2020,2020-03-03,ricardo-mattoss/Brazilian-Soccer-Data,https://github.com/ricardo-mattoss/Brazilian-Soccer-Data/blob/master/Data/Libertadores_Matches.csv,UNKNOWN,HISTORICAL_REAL,
d971410550e4d9c9f478d5fd,Copa Libertadores,2020,2020-03-03,ricardo-mattoss/Brazilian-Soccer-Data,https://github.com/ricardo-mattoss/Brazilian-Soccer-Data/blob/master/Data/Libertadores_Matches.csv,UNKNOWN,HISTORICAL_REAL,
c5856a0e6a8c13217344e85d,Copa Libertadores,2020,2020-03-03,ricardo-mattoss/Brazilian-Soccer-Data,https://github.com/ricardo-mattoss/Brazilian-Soccer-Data/blob/master/Data/Libertadores_Matches.csv,UNKNOWN,HISTORICAL_REAL,
3eeef99123130404044b4b98,Copa Libertadores,2020,2020-03-03,ricardo-mattoss/Brazilian-Soccer-Data,https://github.com/ricardo-mattoss/Brazilian-Soccer-Data/blob/master/Data/Libertadores_Matches.csv,UNKNOWN,HISTORICAL_REAL,
2a078b36652694fbcb50753f,Copa Libertadores,2020,2020-03-04,ricardo-mattoss/Brazilian-Soccer-Data,https://github.com/ricardo-mattoss/Brazilian-Soccer-Data/blob/master/Data/Libertadores_Matches.csv,UNKNOWN,HISTORICAL_REAL,
15ba52269f9c42bd5d924408,Copa Libertadores,2020,2020-03-04,ricardo-mattoss/Brazilian-Soccer-Data,https://github.com/ricardo-mattoss/Brazilian-Soccer-Data/blob/master/Data/Libertadores_Matches.csv,UNKNOWN,HISTORICAL_REAL,
aad9aaf9cc5a6f92dc26d9ec,Copa Libertadores,2020,2020-03-04,ricardo-mattoss/Brazilian-Soccer-Data,https://github.com/ricardo-mattoss/Brazilian-Soccer-Data/blob/master/Data/Libertadores_Matches.csv,UNKNOWN,HISTORICAL_REAL,
2dec60b3e3847de01c365762,Copa Libertadores,2020,2020-03-04,ricardo-mattoss/Brazilian-Soccer-Data,https://github.com/ricardo-mattoss/Brazilian-Soccer-Data/blob/master/Data/Libertadores_Matches.csv,UNKNOWN,HISTORICAL_REAL,
9d56cbb81f2015cfec08ade9,Copa Libertadores,2020,2020-03-04,ricardo-mattoss/Brazilian-Soccer-Data,https://github.com/ricardo-mattoss/Brazilian-Soccer-Data/blob/master/Data/Libertadores_Matches.csv,UNKNOWN,HISTORICAL_REAL,
3c013875165a01faabfcd2aa,Copa Libertadores,2020,2020-03-04,ricardo-mattoss/Brazilian-Soccer-Data,https://github.com/ricardo-mattoss/Brazilian-Soccer-Data/blob/master/Data/Libertadores_Matches.csv,UNKNOWN,HISTORICAL_REAL,
c231903db2744860a2b184a4,Copa Libertadores,2020,2020-03-04,ricardo-mattoss/Brazilian-Soccer-Data,https://github.com/ricardo-mattoss/Brazilian-Soccer-Data/blob/master/Data/Libertadores_Matches.csv,UNKNOWN,HISTORICAL_REAL,
1681daa84d733377bfbffc3d,Copa Libertadores,2020,2020-03-05,ricardo-mattoss/Brazilian-Soccer-Data,https://github.com/ricardo-mattoss/Brazilian-Soccer-Data/blob/master/Data/Libertadores_Matches.csv,UNKNOWN,HISTORICAL_REAL,
df8edd8e0006faab19652561,Copa Libertadores,2020,2020-03-05,ricardo-mattoss/Brazilian-Soccer-Data,https://github.com/ricardo-mattoss/Brazilian-Soccer-Data/blob/master/Data/Libertadores_Matches.csv,UNKNOWN,HISTORICAL_REAL,
992ec0d8ee4f4ea7bbda6486,Copa Libertadores,2020,2020-03-05,ricardo-mattoss/Brazilian-Soccer-Data,https://github.com/ricardo-mattoss/Brazilian-Soccer-Data/blob/master/Data/Libertadores_Matches.csv,UNKNOWN,HISTORICAL_REAL,
ed73675015ffdaa0ed358485,Copa Libertadores,2020,2020-03-10,ricardo-mattoss/Brazilian-Soccer-Data,https://github.com/ricardo-mattoss/Brazilian-Soccer-Data/blob/master/Data/Libertadores_Matches.csv,UNKNOWN,HISTORICAL_REAL,
73609705339089d5c77a8d94,Copa Libertadores,2020,2020-03-10,ricardo-mattoss/Brazilian-Soccer-Data,https://github.com/ricardo-mattoss/Brazilian-Soccer-Data/blob/master/Data/Libertadores_Matches.csv,UNKNOWN,HISTORICAL_REAL,
a1924fe2865e40e1e4ecf16f,Copa Libertadores,2020,2020-03-10,ricardo-mattoss/Brazilian-Soccer-Data,https://github.com/ricardo-mattoss/Brazilian-Soccer-Data/blob/master/Data/Libertadores_Matches.csv,UNKNOWN,HISTORICAL_REAL,
ed8cfe5bf9c0f2baf21145a9,Copa Libertadores,2020,2020-03-10,ricardo-mattoss/Brazilian-Soccer-Data,https://github.com/ricardo-mattoss/Brazilian-Soccer-Data/blob/master/Data/Libertadores_Matches.csv,UNKNOWN,HISTORICAL_REAL,
51668a6bdd0b2fea0fa791a9,Copa Libertadores,2020,2020-03-10,ricardo-mattoss/Brazilian-Soccer-Data,https://github.com/ricardo-mattoss/Brazilian-Soccer-Data/blob/master/Data/Libertadores_Matches.csv,UNKNOWN,HISTORICAL_REAL,
c83ff8af19c388a8338ad28e,Copa Libertadores,2020,2020-03-10,ricardo-mattoss/Brazilian-Soccer-Data,https://github.com/ricardo-mattoss/Brazilian-Soccer-Data/blob/master/Data/Libertadores_Matches.csv,UNKNOWN,HISTORICAL_REAL,
8e2f5e6346c622bad20b7c27,Copa Libertadores,2020,2020-03-11,ricardo-mattoss/Brazilian-Soccer-Data,https://github.com/ricardo-mattoss/Brazilian-Soccer-Data/blob/master/Data/Libertadores_Matches.csv,UNKNOWN,HISTORICAL_REAL,
8e45fae3fd2e319a91876baa,Copa Libertadores,2020,2020-03-11,ricardo-mattoss/Brazilian-Soccer-Data,https://github.com/ricardo-mattoss/Brazilian-Soccer-Data/blob/master/Data/Libertadores_Matches.csv,UNKNOWN,HISTORICAL_REAL,
04fcba5e1bad440b2d3b10ab,Copa Libertadores,2020,2020-03-11,ricardo-mattoss/Brazilian-Soccer-Data,https://github.com/ricardo-mattoss/Brazilian-Soccer-Data/blob/master/Data/Libertadores_Matches.csv,UNKNOWN,HISTORICAL_REAL,
f3c1d5f6cdbce02d06ea8855,Copa Libertadores,2020,2020-03-11,ricardo-mattoss/Brazilian-Soccer-Data,https://github.com/ricardo-mattoss/Brazilian-Soccer-Data/blob/master/Data/Libertadores_Matches.csv,UNKNOWN,HISTORICAL_REAL,
88550313443b7f8ad0d9d892,Copa Libertadores,2020,2020-03-11,ricardo-mattoss/Brazilian-Soccer-Data,https://github.com/ricardo-mattoss/Brazilian-Soccer-Data/blob/master/Data/Libertadores_Matches.csv,UNKNOWN,HISTORICAL_REAL,
28220bb947811de221d016e5,Copa Libertadores,2020,2020-03-11,ricardo-mattoss/Brazilian-Soccer-Data,https://github.com/ricardo-mattoss/Brazilian-Soccer-Data/blob/master/Data/Libertadores_Matches.csv,UNKNOWN,HISTORICAL_REAL,
452cdcff04472b45c090a9fe,Copa Libertadores,2020,2020-03-11,ricardo-mattoss/Brazilian-Soccer-Data,https://github.com/ricardo-mattoss/Brazilian-Soccer-Data/blob/master/Data/Libertadores_Matches.csv,UNKNOWN,HISTORICAL_REAL,
d91a15e73114809112cdec9a,Copa Libertadores,2020,2020-03-12,ricardo-mattoss/Brazilian-Soccer-Data,https://github.com/ricardo-mattoss/Brazilian-Soccer-Data/blob/master/Data/Libertadores_Matches.csv,UNKNOWN,HISTORICAL_REAL,
d06e1e9ba7f274806f7ef505,Copa Libertadores,2020,2020-03-12,ricardo-mattoss/Brazilian-Soccer-Data,https://github.com/ricardo-mattoss/Brazilian-Soccer-Data/blob/master/Data/Libertadores_Matches.csv,UNKNOWN,HISTORICAL_REAL,
b28cb235c7667ee5e10f6060,Copa Libertadores,2020,2020-03-12,ricardo-mattoss/Brazilian-Soccer-Data,https://github.com/ricardo-mattoss/Brazilian-Soccer-Data/blob/master/Data/Libertadores_Matches.csv,UNKNOWN,HISTORICAL_REAL,
80e70919dafa9f7d50092a74,Copa Libertadores,2020,2020-09-15,ricardo-mattoss/Brazilian-Soccer-Data,https://github.com/ricardo-mattoss/Brazilian-Soccer-Data/blob/master/Data/Libertadores_Matches.csv,UNKNOWN,HISTORICAL_REAL,
0261991354b3e3c0670661cb,Copa Libertadores,2020,2020-09-15,ricardo-mattoss/Brazilian-Soccer-Data,https://github.com/ricardo-mattoss/Brazilian-Soccer-Data/blob/master/Data/Libertadores_Matches.csv,UNKNOWN,HISTORICAL_REAL,
b167f522a023200368c86c72,Copa Libertadores,2020,2020-09-15,ricardo-mattoss/Brazilian-Soccer-Data,https://github.com/ricardo-mattoss/Brazilian-Soccer-Data/blob/master/Data/Libertadores_Matches.csv,UNKNOWN,HISTORICAL_REAL,
555348aa9c40f4f5bb02f828,Copa Libertadores,2020,2020-09-15,ricardo-mattoss/Brazilian-Soccer-Data,https://github.com/ricardo-mattoss/Brazilian-Soccer-Data/blob/master/Data/Libertadores_Matches.csv,UNKNOWN,HISTORICAL_REAL,
c7ff7cf4dddeb6e5c867e509,Copa Libertadores,2020,2020-09-16,ricardo-mattoss/Brazilian-Soccer-Data,https://github.com/ricardo-mattoss/Brazilian-Soccer-Data/blob/master/Data/Libertadores_Matches.csv,UNKNOWN,HISTORICAL_REAL,
7a3e132fd068e80efa361024,Copa Libertadores,2020,2020-09-16,ricardo-mattoss/Brazilian-Soccer-Data,https://github.com/ricardo-mattoss/Brazilian-Soccer-Data/blob/master/Data/Libertadores_Matches.csv,UNKNOWN,HISTORICAL_REAL,
eb55772131ece2158bbdab50,Copa Libertadores,2020,2020-09-16,ricardo-mattoss/Brazilian-Soccer-Data,https://github.com/ricardo-mattoss/Brazilian-Soccer-Data/blob/master/Data/Libertadores_Matches.csv,UNKNOWN,HISTORICAL_REAL,
1bbcd3b63d1aec30b729a709,Copa Libertadores,2020,2020-09-16,ricardo-mattoss/Brazilian-Soccer-Data,https://github.com/ricardo-mattoss/Brazilian-Soccer-Data/blob/master/Data/Libertadores_Matches.csv,UNKNOWN,HISTORICAL_REAL,
678e93ff5a8304f5b4b46def,Copa Libertadores,2020,2020-09-16,ricardo-mattoss/Brazilian-Soccer-Data,https://github.com/ricardo-mattoss/Brazilian-Soccer-Data/blob/master/Data/Libertadores_Matches.csv,UNKNOWN,HISTORICAL_REAL,
53131e57e7704c5fc93404b8,Copa Libertadores,2020,2020-09-17,ricardo-mattoss/Brazilian-Soccer-Data,https://github.com/ricardo-mattoss/Brazilian-Soccer-Data/blob/master/Data/Libertadores_Matches.csv,UNKNOWN,HISTORICAL_REAL,
4dff58cd05af9457ff51f7db,Copa Libertadores,2020,2020-09-17,ricardo-mattoss/Brazilian-Soccer-Data,https://github.com/ricardo-mattoss/Brazilian-Soccer-Data/blob/master/Data/Libertadores_Matches.csv,UNKNOWN,HISTORICAL_REAL,
dad5b5ccbdc8dc0a690ba0eb,Copa Libertadores,2020,2020-09-17,ricardo-mattoss/Brazilian-Soccer-Data,https://github.com/ricardo-mattoss/Brazilian-Soccer-Data/blob/master/Data/Libertadores_Matches.csv,UNKNOWN,HISTORICAL_REAL,
829e6d131b77dba07fe350ff,Copa Libertadores,2020,2020-09-17,ricardo-mattoss/Brazilian-Soccer-Data,https://github.com/ricardo-mattoss/Brazilian-Soccer-Data/blob/master/Data/Libertadores_Matches.csv,UNKNOWN,HISTORICAL_REAL,
49c5d5c4d0415c134deedcf8,Copa Libertadores,2020,2020-09-17,ricardo-mattoss/Brazilian-Soccer-Data,https://github.com/ricardo-mattoss/Brazilian-Soccer-Data/blob/master/Data/Libertadores_Matches.csv,UNKNOWN,HISTORICAL_REAL,
e327e57c5b1e27db193c7035,Copa Libertadores,2020,2020-09-17,ricardo-mattoss/Brazilian-Soccer-Data,https://github.com/ricardo-mattoss/Brazilian-Soccer-Data/blob/master/Data/Libertadores_Matches.csv,UNKNOWN,HISTORICAL_REAL,
7fe8036e952df2ac1147e564,Copa Libertadores,2020,2020-09-17,ricardo-mattoss/Brazilian-Soccer-Data,https://github.com/ricardo-mattoss/Brazilian-Soccer-Data/blob/master/Data/Libertadores_Matches.csv,UNKNOWN,HISTORICAL_REAL,
79cc7785a89c3f9cc4b60310,Copa Libertadores,2020,2020-09-22,ricardo-mattoss/Brazilian-Soccer-Data,https://github.com/ricardo-mattoss/Brazilian-Soccer-Data/blob/master/Data/Libertadores_Matches.csv,UNKNOWN,HISTORICAL_REAL,
4b2cbabbe47a7741e8b45ec0,Copa Libertadores,2020,2020-09-22,ricardo-mattoss/Brazilian-Soccer-Data,https://github.com/ricardo-mattoss/Brazilian-Soccer-Data/blob/master/Data/Libertadores_Matches.csv,UNKNOWN,HISTORICAL_REAL,
8022a110e69fcbe9c7392ad8,Copa Libertadores,2020,2020-09-22,ricardo-mattoss/Brazilian-Soccer-Data,https://github.com/ricardo-mattoss/Brazilian-Soccer-Data/blob/master/Data/Libertadores_Matches.csv,UNKNOWN,HISTORICAL_REAL,
ecd28aaa420037cba6e275d9,Copa Libertadores,2020,2020-09-22,ricardo-mattoss/Brazilian-Soccer-Data,https://github.com/ricardo-mattoss/Brazilian-Soccer-Data/blob/master/Data/Libertadores_Matches.csv,UNKNOWN,HISTORICAL_REAL,
ae10661510bdc2cbb2c2bf2d,Copa Libertadores,2020,2020-09-22,ricardo-mattoss/Brazilian-Soccer-Data,https://github.com/ricardo-mattoss/Brazilian-Soccer-Data/blob/master/Data/Libertadores_Matches.csv,UNKNOWN,HISTORICAL_REAL,
03094565cabb78112950e9f1,Copa Libertadores,2020,2020-09-22,ricardo-mattoss/Brazilian-Soccer-Data,https://github.com/ricardo-mattoss/Brazilian-Soccer-Data/blob/master/Data/Libertadores_Matches.csv,UNKNOWN,HISTORICAL_REAL,
6908fa48852acce82533f54c,Copa Libertadores,2020,2020-09-23,ricardo-mattoss/Brazilian-Soccer-Data,https://github.com/ricardo-mattoss/Brazilian-Soccer-Data/blob/master/Data/Libertadores_Matches.csv,UNKNOWN,HISTORICAL_REAL,
6fe151962ee0dbb6532960f0,Copa Libertadores,2020,2020-09-23,ricardo-mattoss/Brazilian-Soccer-Data,https://github.com/ricardo-mattoss/Brazilian-Soccer-Data/blob/master/Data/Libertadores_Matches.csv,UNKNOWN,HISTORICAL_REAL,
76e2c25104e7d002576d1ca5,Copa Libertadores,2020,2020-09-23,ricardo-mattoss/Brazilian-Soccer-Data,https://github.com/ricardo-mattoss/Brazilian-Soccer-Data/blob/master/Data/Libertadores_Matches.csv,UNKNOWN,HISTORICAL_REAL,
9469779e139272750b4c6ba2,Copa Libertadores,2020,2020-09-23,ricardo-mattoss/Brazilian-Soccer-Data,https://github.com/ricardo-mattoss/Brazilian-Soccer-Data/blob/master/Data/Libertadores_Matches.csv,UNKNOWN,HISTORICAL_REAL,
52031a5e91a74b7f21c30729,Copa Libertadores,2020,2020-09-23,ricardo-mattoss/Brazilian-Soccer-Data,https://github.com/ricardo-mattoss/Brazilian-Soccer-Data/blob/master/Data/Libertadores_Matches.csv,UNKNOWN,HISTORICAL_REAL,
95149fdb05ddb1911905f93c,Copa Libertadores,2020,2020-09-23,ricardo-mattoss/Brazilian-Soccer-Data,https://github.com/ricardo-mattoss/Brazilian-Soccer-Data/blob/master/Data/Libertadores_Matches.csv,UNKNOWN,HISTORICAL_REAL,
2afe3d5102d728c5a1b38b5f,Copa Libertadores,2020,2020-09-23,ricardo-mattoss/Brazilian-Soccer-Data,https://github.com/ricardo-mattoss/Brazilian-Soccer-Data/blob/master/Data/Libertadores_Matches.csv,UNKNOWN,HISTORICAL_REAL,
c7abf3361b3cf4e6fa8dfb26,Copa Libertadores,2020,2020-09-24,ricardo-mattoss/Brazilian-Soccer-Data,https://github.com/ricardo-mattoss/Brazilian-Soccer-Data/blob/master/Data/Libertadores_Matches.csv,UNKNOWN,HISTORICAL_REAL,
ca4bd90579bb7ebcb5bad994,Copa Libertadores,2020,2020-09-24,ricardo-mattoss/Brazilian-Soccer-Data,https://github.com/ricardo-mattoss/Brazilian-Soccer-Data/blob/master/Data/Libertadores_Matches.csv,UNKNOWN,HISTORICAL_REAL,
a87ea75ee1cc33dceeae577f,Copa Libertadores,2020,2020-09-24,ricardo-mattoss/Brazilian-Soccer-Data,https://github.com/ricardo-mattoss/Brazilian-Soccer-Data/blob/master/Data/Libertadores_Matches.csv,UNKNOWN,HISTORICAL_REAL,
cdc680c72afd6f912da67099,Copa Libertadores,2020,2020-09-29,ricardo-mattoss/Brazilian-Soccer-Data,https://github.com/ricardo-mattoss/Brazilian-Soccer-Data/blob/master/Data/Libertadores_Matches.csv,UNKNOWN,HISTORICAL_REAL,
67705e5b0c2b5178de3c7060,Copa Libertadores,2020,2020-09-29,ricardo-mattoss/Brazilian-Soccer-Data,https://github.com/ricardo-mattoss/Brazilian-Soccer-Data/blob/master/Data/Libertadores_Matches.csv,UNKNOWN,HISTORICAL_REAL,
e6eb619ef66f14ff95b0f344,Copa Libertadores,2020,2020-09-29,ricardo-mattoss/Brazilian-Soccer-Data,https://github.com/ricardo-mattoss/Brazilian-Soccer-Data/blob/master/Data/Libertadores_Matches.csv,UNKNOWN,HISTORICAL_REAL,
e7feb199fc4699f409817bf3,Copa Libertadores,2020,2020-09-29,ricardo-mattoss/Brazilian-Soccer-Data,https://github.com/ricardo-mattoss/Brazilian-Soccer-Data/blob/master/Data/Libertadores_Matches.csv,UNKNOWN,HISTORICAL_REAL,
4d3f60eb886383622462bb26,Copa Libertadores,2020,2020-09-29,ricardo-mattoss/Brazilian-Soccer-Data,https://github.com/ricardo-mattoss/Brazilian-Soccer-Data/blob/master/Data/Libertadores_Matches.csv,UNKNOWN,HISTORICAL_REAL,
64bfc3c1d3a668a702ae247f,Copa Libertadores,2020,2020-09-29,ricardo-mattoss/Brazilian-Soccer-Data,https://github.com/ricardo-mattoss/Brazilian-Soccer-Data/blob/master/Data/Libertadores_Matches.csv,UNKNOWN,HISTORICAL_REAL,
180147638b88c18f3342b53c,Copa Libertadores,2020,2020-09-30,ricardo-mattoss/Brazilian-Soccer-Data,https://github.com/ricardo-mattoss/Brazilian-Soccer-Data/blob/master/Data/Libertadores_Matches.csv,UNKNOWN,HISTORICAL_REAL,
496c521f3a634e43edfc56d2,Copa Libertadores,2020,2020-09-30,ricardo-mattoss/Brazilian-Soccer-Data,https://github.com/ricardo-mattoss/Brazilian-Soccer-Data/blob/master/Data/Libertadores_Matches.csv,UNKNOWN,HISTORICAL_REAL,
48265069075e577fe7127bc2,Copa Libertadores,2020,2020-09-30,ricardo-mattoss/Brazilian-Soccer-Data,https://github.com/ricardo-mattoss/Brazilian-Soccer-Data/blob/master/Data/Libertadores_Matches.csv,UNKNOWN,HISTORICAL_REAL,
17af4ec30f46543837d07087,Copa Libertadores,2020,2020-09-30,ricardo-mattoss/Brazilian-Soccer-Data,https://github.com/ricardo-mattoss/Brazilian-Soccer-Data/blob/master/Data/Libertadores_Matches.csv,UNKNOWN,HISTORICAL_REAL,
a1bee58555c452036d63aa6b,Copa Libertadores,2020,2020-09-30,ricardo-mattoss/Brazilian-Soccer-Data,https://github.com/ricardo-mattoss/Brazilian-Soccer-Data/blob/master/Data/Libertadores_Matches.csv,UNKNOWN,HISTORICAL_REAL,
71e172e05ea090e598883709,Copa Libertadores,2020,2020-09-30,ricardo-mattoss/Brazilian-Soccer-Data,https://github.com/ricardo-mattoss/Brazilian-Soccer-Data/blob/master/Data/Libertadores_Matches.csv,UNKNOWN,HISTORICAL_REAL,
4d802c7f41e815459197f81f,Copa Libertadores,2020,2020-09-30,ricardo-mattoss/Brazilian-Soccer-Data,https://github.com/ricardo-mattoss/Brazilian-Soccer-Data/blob/master/Data/Libertadores_Matches.csv,UNKNOWN,HISTORICAL_REAL,
6a0b7a9bf60a8fe3f16bb86e,Copa Libertadores,2020,2020-10-01,ricardo-mattoss/Brazilian-Soccer-Data,https://github.com/ricardo-mattoss/Brazilian-Soccer-Data/blob/master/Data/Libertadores_Matches.csv,UNKNOWN,HISTORICAL_REAL,
4c677ef479c3f7bec57efbb7,Copa Libertadores,2020,2020-10-01,ricardo-mattoss/Brazilian-Soccer-Data,https://github.com/ricardo-mattoss/Brazilian-Soccer-Data/blob/master/Data/Libertadores_Matches.csv,UNKNOWN,HISTORICAL_REAL,
4947a1f7a289152424dd709c,Copa Libertadores,2020,2020-10-01,ricardo-mattoss/Brazilian-Soccer-Data,https://github.com/ricardo-mattoss/Brazilian-Soccer-Data/blob/master/Data/Libertadores_Matches.csv,UNKNOWN,HISTORICAL_REAL,
256475c9b2ff3dd8286f5d0e,Copa Libertadores,2020,2020-10-20,ricardo-mattoss/Brazilian-Soccer-Data,https://github.com/ricardo-mattoss/Brazilian-Soccer-Data/blob/master/Data/Libertadores_Matches.csv,UNKNOWN,HISTORICAL_REAL,
456641ae1ae3d007a42ddd6a,Copa Libertadores,2020,2020-10-20,ricardo-mattoss/Brazilian-Soccer-Data,https://github.com/ricardo-mattoss/Brazilian-Soccer-Data/blob/master/Data/Libertadores_Matches.csv,UNKNOWN,HISTORICAL_REAL,
b61936eca432f9a1e650f3bd,Copa Libertadores,2020,2020-10-20,ricardo-mattoss/Brazilian-Soccer-Data,https://github.com/ricardo-mattoss/Brazilian-Soccer-Data/blob/master/Data/Libertadores_Matches.csv,UNKNOWN,HISTORICAL_REAL,
832b29018f38775342af5f4b,Copa Libertadores,2020,2020-10-20,ricardo-mattoss/Brazilian-Soccer-Data,https://github.com/ricardo-mattoss/Brazilian-Soccer-Data/blob/master/Data/Libertadores_Matches.csv,UNKNOWN,HISTORICAL_REAL,
af52a8f7223858befbedf937,Copa Libertadores,2020,2020-10-20,ricardo-mattoss/Brazilian-Soccer-Data,https://github.com/ricardo-mattoss/Brazilian-Soccer-Data/blob/master/Data/Libertadores_Matches.csv,UNKNOWN,HISTORICAL_REAL,
d89b096608b8c786bc8c9cc2,Copa Libertadores,2020,2020-10-20,ricardo-mattoss/Brazilian-Soccer-Data,https://github.com/ricardo-mattoss/Brazilian-Soccer-Data/blob/master/Data/Libertadores_Matches.csv,UNKNOWN,HISTORICAL_REAL,
ccf045c8b26e4d4aef1392f6,Copa Libertadores,2020,2020-10-21,ricardo-mattoss/Brazilian-Soccer-Data,https://github.com/ricardo-mattoss/Brazilian-Soccer-Data/blob/master/Data/Libertadores_Matches.csv,UNKNOWN,HISTORICAL_REAL,
5f8fccf5b8e9014183e36f4b,Copa Libertadores,2020,2020-10-21,ricardo-mattoss/Brazilian-Soccer-Data,https://github.com/ricardo-mattoss/Brazilian-Soccer-Data/blob/master/Data/Libertadores_Matches.csv,UNKNOWN,HISTORICAL_REAL,
3297bdf67b8a21f1b450043f,Copa Libertadores,2020,2020-10-21,ricardo-mattoss/Brazilian-Soccer-Data,https://github.com/ricardo-mattoss/Brazilian-Soccer-Data/blob/master/Data/Libertadores_Matches.csv,UNKNOWN,HISTORICAL_REAL,
07c8f31978c792b54c02e4a9,Copa Libertadores,2020,2020-10-21,ricardo-mattoss/Brazilian-Soccer-Data,https://github.com/ricardo-mattoss/Brazilian-Soccer-Data/blob/master/Data/Libertadores_Matches.csv,UNKNOWN,HISTORICAL_REAL,
02b1ada098399b455d062329,Copa Libertadores,2020,2020-10-21,ricardo-mattoss/Brazilian-Soccer-Data,https://github.com/ricardo-mattoss/Brazilian-Soccer-Data/blob/master/Data/Libertadores_Matches.csv,UNKNOWN,HISTORICAL_REAL,
933e93f6f6aaaac908b217d4,Copa Libertadores,2020,2020-10-21,ricardo-mattoss/Brazilian-Soccer-Data,https://github.com/ricardo-mattoss/Brazilian-Soccer-Data/blob/master/Data/Libertadores_Matches.csv,UNKNOWN,HISTORICAL_REAL,
380f3c43b5fe000c18cb8333,Copa Libertadores,2020,2020-10-22,ricardo-mattoss/Brazilian-Soccer-Data,https://github.com/ricardo-mattoss/Brazilian-Soccer-Data/blob/master/Data/Libertadores_Matches.csv,UNKNOWN,HISTORICAL_REAL,
0703241950118a7dbfb0a00d,Copa Libertadores,2020,2020-10-22,ricardo-mattoss/Brazilian-Soccer-Data,https://github.com/ricardo-mattoss/Brazilian-Soccer-Data/blob/master/Data/Libertadores_Matches.csv,UNKNOWN,HISTORICAL_REAL,
334f601858ff1c703debfbf3,Copa Libertadores,2020,2020-10-22,ricardo-mattoss/Brazilian-Soccer-Data,https://github.com/ricardo-mattoss/Brazilian-Soccer-Data/blob/master/Data/Libertadores_Matches.csv,UNKNOWN,HISTORICAL_REAL,
9840d5df16de91b99a7afd4b,Copa Libertadores,2020,2020-10-22,ricardo-mattoss/Brazilian-Soccer-Data,https://github.com/ricardo-mattoss/Brazilian-Soccer-Data/blob/master/Data/Libertadores_Matches.csv,UNKNOWN,HISTORICAL_REAL,
73ecc1f8d71215c41215fabc,Copa Sudamericana,2020,2020-10-27,openfootball/south-america,https://raw.githubusercontent.com/openfootball/south-america/master/copa-libertadores/2020_copas.txt,UNKNOWN,HISTORICAL_REAL,
8642078bd90c905de9427352,Copa Sudamericana,2020,2020-10-27,openfootball/south-america,https://raw.githubusercontent.com/openfootball/south-america/master/copa-libertadores/2020_copas.txt,UNKNOWN,HISTORICAL_REAL,
ab29d49c7db53168e7cc83e1,Copa Sudamericana,2020,2020-10-27,openfootball/south-america,https://raw.githubusercontent.com/openfootball/south-america/master/copa-libertadores/2020_copas.txt,UNKNOWN,HISTORICAL_REAL,
de10376fab2a8dd65332426b,Copa Sudamericana,2020,2020-10-28,openfootball/south-america,https://raw.githubusercontent.com/openfootball/south-america/master/copa-libertadores/2020_copas.txt,UNKNOWN,HISTORICAL_REAL,
f6a3ece70186d863e2b28798,Copa Sudamericana,2020,2020-10-28,openfootball/south-america,https://raw.githubusercontent.com/openfootball/south-america/master/copa-libertadores/2020_copas.txt,UNKNOWN,HISTORICAL_REAL,
d7a419758605f9f0d20c6211,Copa Sudamericana,2020,2020-10-28,openfootball/south-america,https://raw.githubusercontent.com/openfootball/south-america/master/copa-libertadores/2020_copas.txt,UNKNOWN,HISTORICAL_REAL,
8c6c6b325027485028a2b13e,Copa Sudamericana,2020,2020-10-28,openfootball/south-america,https://raw.githubusercontent.com/openfootball/south-america/master/copa-libertadores/2020_copas.txt,UNKNOWN,HISTORICAL_REAL,
29d61699bdeb2ad9454914ac,Copa Sudamericana,2020,2020-10-28,openfootball/south-america,https://raw.githubusercontent.com/openfootball/south-america/master/copa-libertadores/2020_copas.txt,UNKNOWN,HISTORICAL_REAL,
6a3d8158b5a832f11f06ee2f,Copa Sudamericana,2020,2020-10-28,openfootball/south-america,https://raw.githubusercontent.com/openfootball/south-america/master/copa-libertadores/2020_copas.txt,UNKNOWN,HISTORICAL_REAL,
4dfc7ebf0b0328ffb4c41629,Copa Sudamericana,2020,2020-10-28,openfootball/south-america,https://raw.githubusercontent.com/openfootball/south-america/master/copa-libertadores/2020_copas.txt,UNKNOWN,HISTORICAL_REAL,
a6e311166031fde33303d3ed,Copa Sudamericana,2020,2020-10-29,openfootball/south-america,https://raw.githubusercontent.com/openfootball/south-america/master/copa-libertadores/2020_copas.txt,UNKNOWN,HISTORICAL_REAL,
f10ef7ea5764f1958b7a7155,Copa Sudamericana,2020,2020-10-29,openfootball/south-america,https://raw.githubusercontent.com/openfootball/south-america/master/copa-libertadores/2020_copas.txt,UNKNOWN,HISTORICAL_REAL,
b91b20a2264428b651742a2d,Copa Sudamericana,2020,2020-10-29,openfootball/south-america,https://raw.githubusercontent.com/openfootball/south-america/master/copa-libertadores/2020_copas.txt,UNKNOWN,HISTORICAL_REAL,
e6e830e0c2ca17471016c98b,Copa Sudamericana,2020,2020-10-29,openfootball/south-america,https://raw.githubusercontent.com/openfootball/south-america/master/copa-libertadores/2020_copas.txt,UNKNOWN,HISTORICAL_REAL,
c0f8151ee53b022819fc1d3f,Copa Sudamericana,2020,2020-10-29,openfootball/south-america,https://raw.githubusercontent.com/openfootball/south-america/master/copa-libertadores/2020_copas.txt,UNKNOWN,HISTORICAL_REAL,
9a76c660d87c0f5ef87fc688,Copa Sudamericana,2020,2020-10-29,openfootball/south-america,https://raw.githubusercontent.com/openfootball/south-america/master/copa-libertadores/2020_copas.txt,UNKNOWN,HISTORICAL_REAL,
8ee3ced45e997fbfdde2ee9a,Copa Sudamericana,2020,2020-11-03,openfootball/south-america,https://raw.githubusercontent.com/openfootball/south-america/master/copa-libertadores/2020_copas.txt,UNKNOWN,HISTORICAL_REAL,
03d97390ba672f465f7d58ca,Copa Sudamericana,2020,2020-11-03,openfootball/south-america,https://raw.githubusercontent.com/openfootball/south-america/master/copa-libertadores/2020_copas.txt,UNKNOWN,HISTORICAL_REAL,
a9ad5c41993ea06ddfaefc41,Copa Sudamericana,2020,2020-11-03,openfootball/south-america,https://raw.githubusercontent.com/openfootball/south-america/master/copa-libertadores/2020_copas.txt,UNKNOWN,HISTORICAL_REAL,
b24d9edcf8846a17eb25e419,Copa Sudamericana,2020,2020-11-04,openfootball/south-america,https://raw.githubusercontent.com/openfootball/south-america/master/copa-libertadores/2020_copas.txt,UNKNOWN,HISTORICAL_REAL,
aa28a39b6445c8bd41d63370,Copa Sudamericana,2020,2020-11-04,openfootball/south-america,https://raw.githubusercontent.com/openfootball/south-america/master/copa-libertadores/2020_copas.txt,UNKNOWN,HISTORICAL_REAL,
e792024f6968a4aa0a729095,Copa Sudamericana,2020,2020-11-04,openfootball/south-america,https://raw.githubusercontent.com/openfootball/south-america/master/copa-libertadores/2020_copas.txt,UNKNOWN,HISTORICAL_REAL,
d5abad38883f2718048ed3df,Copa Sudamericana,2020,2020-11-04,openfootball/south-america,https://raw.githubusercontent.com/openfootball/south-america/master/copa-libertadores/2020_copas.txt,UNKNOWN,HISTORICAL_REAL,
678c7e6314fda8b66d5b8320,Copa Sudamericana,2020,2020-11-04,openfootball/south-america,https://raw.githubusercontent.com/openfootball/south-america/master/copa-libertadores/2020_copas.txt,UNKNOWN,HISTORICAL_REAL,
fd626f12b90b38b7124e792a,Copa Sudamericana,2020,2020-11-04,openfootball/south-america,https://raw.githubusercontent.com/openfootball/south-america/master/copa-libertadores/2020_copas.txt,UNKNOWN,HISTORICAL_REAL,
a4e7ed2f97a03d3514ac85eb,Copa Sudamericana,2020,2020-11-04,openfootball/south-america,https://raw.githubusercontent.com/openfootball/south-america/master/copa-libertadores/2020_copas.txt,UNKNOWN,HISTORICAL_REAL,
89d4bdd1222c93024c6a81a7,Copa Sudamericana,2020,2020-11-05,openfootball/south-america,https://raw.githubusercontent.com/openfootball/south-america/master/copa-libertadores/2020_copas.txt,UNKNOWN,HISTORICAL_REAL,
187aa0b961ae9377e4e61498,Copa Sudamericana,2020,2020-11-05,openfootball/south-america,https://raw.githubusercontent.com/openfootball/south-america/master/copa-libertadores/2020_copas.txt,UNKNOWN,HISTORICAL_REAL,
655dd8d8ef9e8eba494e0ed4,Copa Sudamericana,2020,2020-11-05,openfootball/south-america,https://raw.githubusercontent.com/openfootball/south-america/master/copa-libertadores/2020_copas.txt,UNKNOWN,HISTORICAL_REAL,
cd2d80051062c5c6c52911ec,Copa Sudamericana,2020,2020-11-05,openfootball/south-america,https://raw.githubusercontent.com/openfootball/south-america/master/copa-libertadores/2020_copas.txt,UNKNOWN,HISTORICAL_REAL,
fb4a2bdf1973712447faa229,Copa Sudamericana,2020,2020-11-05,openfootball/south-america,https://raw.githubusercontent.com/openfootball/south-america/master/copa-libertadores/2020_copas.txt,UNKNOWN,HISTORICAL_REAL,
3cc564556b4bdbb63d4dea98,Copa Sudamericana,2020,2020-11-05,openfootball/south-america,https://raw.githubusercontent.com/openfootball/south-america/master/copa-libertadores/2020_copas.txt,UNKNOWN,HISTORICAL_REAL,
286fd317399181d2eabff1b9,Copa Libertadores,2020,2020-11-24,ricardo-mattoss/Brazilian-Soccer-Data,https://github.com/ricardo-mattoss/Brazilian-Soccer-Data/blob/master/Data/Libertadores_Matches.csv,UNKNOWN,HISTORICAL_REAL,
571e034673b0b3ed22650511,Copa Sudamericana,2020,2020-11-24,openfootball/south-america,https://raw.githubusercontent.com/openfootball/south-america/master/copa-libertadores/2020_copas.txt,UNKNOWN,HISTORICAL_REAL,
6e83b1c972d1dfe661806f1f,Copa Libertadores,2020,2020-11-24,ricardo-mattoss/Brazilian-Soccer-Data,https://github.com/ricardo-mattoss/Brazilian-Soccer-Data/blob/master/Data/Libertadores_Matches.csv,UNKNOWN,HISTORICAL_REAL,
1ddef24fe247b7778784e2f6,Copa Libertadores,2020,2020-11-24,ricardo-mattoss/Brazilian-Soccer-Data,https://github.com/ricardo-mattoss/Brazilian-Soccer-Data/blob/master/Data/Libertadores_Matches.csv,UNKNOWN,HISTORICAL_REAL,
54a8b23b3459d10d533b80b7,Copa Sudamericana,2020,2020-11-24,openfootball/south-america,https://raw.githubusercontent.com/openfootball/south-america/master/copa-libertadores/2020_copas.txt,UNKNOWN,HISTORICAL_REAL,
749b75fe3ab542efd85c3f2a,Copa Sudamericana,2020,2020-11-25,openfootball/south-america,https://raw.githubusercontent.com/openfootball/south-america/master/copa-libertadores/2020_copas.txt,UNKNOWN,HISTORICAL_REAL,
3605359abf5b3aada5f968b8,Copa Sudamericana,2020,2020-11-25,openfootball/south-america,https://raw.githubusercontent.com/openfootball/south-america/master/copa-libertadores/2020_copas.txt,UNKNOWN,HISTORICAL_REAL,
d35c554e1e75ef09dc375c2a,Copa Libertadores,2020,2020-11-25,ricardo-mattoss/Brazilian-Soccer-Data,https://github.com/ricardo-mattoss/Brazilian-Soccer-Data/blob/master/Data/Libertadores_Matches.csv,UNKNOWN,HISTORICAL_REAL,
170d806e27a295016f7b47db,Copa Sudamericana,2020,2020-11-25,openfootball/south-america,https://raw.githubusercontent.com/openfootball/south-america/master/copa-libertadores/2020_copas.txt,UNKNOWN,HISTORICAL_REAL,
b840bf310eaa16746e53b85b,Copa Libertadores,2020,2020-11-25,ricardo-mattoss/Brazilian-Soccer-Data,https://github.com/ricardo-mattoss/Brazilian-Soccer-Data/blob/master/Data/Libertadores_Matches.csv,UNKNOWN,HISTORICAL_REAL,
06be5a1d57093dfd517dd50e,Copa Libertadores,2020,2020-11-25,ricardo-mattoss/Brazilian-Soccer-Data,https://github.com/ricardo-mattoss/Brazilian-Soccer-Data/blob/master/Data/Libertadores_Matches.csv,UNKNOWN,HISTORICAL_REAL,
73dd364eee95b4dce1a28e64,Copa Sudamericana,2020,2020-11-26,openfootball/south-america,https://raw.githubusercontent.com/openfootball/south-america/master/copa-libertadores/2020_copas.txt,UNKNOWN,HISTORICAL_REAL,
76aa328f22cac326bea5b98d,Copa Sudamericana,2020,2020-11-26,openfootball/south-america,https://raw.githubusercontent.com/openfootball/south-america/master/copa-libertadores/2020_copas.txt,UNKNOWN,HISTORICAL_REAL,
f640af81c4138626b32ae7d6,Copa Libertadores,2020,2020-11-26,ricardo-mattoss/Brazilian-Soccer-Data,https://github.com/ricardo-mattoss/Brazilian-Soccer-Data/blob/master/Data/Libertadores_Matches.csv,UNKNOWN,HISTORICAL_REAL,
8b0aeea3dd9285588b38152a,Copa Sudamericana,2020,2020-11-26,openfootball/south-america,https://raw.githubusercontent.com/openfootball/south-america/master/copa-libertadores/2020_copas.txt,UNKNOWN,HISTORICAL_REAL,
5850613fc96d8bdd34d93401,Copa Sudamericana,2020,2020-12-01,openfootball/south-america,https://raw.githubusercontent.com/openfootball/south-america/master/copa-libertadores/2020_copas.txt,UNKNOWN,HISTORICAL_REAL,
a08469fc4029dd3d375201e8,Copa Libertadores,2020,2020-12-01,ricardo-mattoss/Brazilian-Soccer-Data,https://github.com/ricardo-mattoss/Brazilian-Soccer-Data/blob/master/Data/Libertadores_Matches.csv,UNKNOWN,HISTORICAL_REAL,
2ad3830307628800ef808e4e,Copa Libertadores,2020,2020-12-01,ricardo-mattoss/Brazilian-Soccer-Data,https://github.com/ricardo-mattoss/Brazilian-Soccer-Data/blob/master/Data/Libertadores_Matches.csv,UNKNOWN,HISTORICAL_REAL,
9c44b9bc2f3fee8c5caedce0,Copa Libertadores,2020,2020-12-01,ricardo-mattoss/Brazilian-Soccer-Data,https://github.com/ricardo-mattoss/Brazilian-Soccer-Data/blob/master/Data/Libertadores_Matches.csv,UNKNOWN,HISTORICAL_REAL,
898c03ebdc3dfff861f0e650,Copa Sudamericana,2020,2020-12-01,openfootball/south-america,https://raw.githubusercontent.com/openfootball/south-america/master/copa-libertadores/2020_copas.txt,UNKNOWN,HISTORICAL_REAL,
b2e9032cb9a2b571839571c5,Copa Sudamericana,2020,2020-12-02,openfootball/south-america,https://raw.githubusercontent.com/openfootball/south-america/master/copa-libertadores/2020_copas.txt,UNKNOWN,HISTORICAL_REAL,
31ced6b04f7a3b161615ee9a,Copa Libertadores,2020,2020-12-02,ricardo-mattoss/Brazilian-Soccer-Data,https://github.com/ricardo-mattoss/Brazilian-Soccer-Data/blob/master/Data/Libertadores_Matches.csv,UNKNOWN,HISTORICAL_REAL,
17164bac3dc74035d6e588a3,Copa Libertadores,2020,2020-12-02,ricardo-mattoss/Brazilian-Soccer-Data,https://github.com/ricardo-mattoss/Brazilian-Soccer-Data/blob/master/Data/Libertadores_Matches.csv,UNKNOWN,HISTORICAL_REAL,
adc2ee54a9a38f75debaeb12,Copa Sudamericana,2020,2020-12-02,openfootball/south-america,https://raw.githubusercontent.com/openfootball/south-america/master/copa-libertadores/2020_copas.txt,UNKNOWN,HISTORICAL_REAL,
dbe7df2111f8b21f05271b7b,Copa Libertadores,2020,2020-12-02,ricardo-mattoss/Brazilian-Soccer-Data,https://github.com/ricardo-mattoss/Brazilian-Soccer-Data/blob/master/Data/Libertadores_Matches.csv,UNKNOWN,HISTORICAL_REAL,
2dfa108818384c5f92ef637a,Copa Libertadores,2020,2020-12-02,ricardo-mattoss/Brazilian-Soccer-Data,https://github.com/ricardo-mattoss/Brazilian-Soccer-Data/blob/master/Data/Libertadores_Matches.csv,UNKNOWN,HISTORICAL_REAL,
fe664cc60894469b21ded94e,Copa Sudamericana,2020,2020-12-02,openfootball/south-america,https://raw.githubusercontent.com/openfootball/south-america/master/copa-libertadores/2020_copas.txt,UNKNOWN,HISTORICAL_REAL,
89d040be3df52bde11564ce0,Copa Libertadores,2020,2020-12-03,ricardo-mattoss/Brazilian-Soccer-Data,https://github.com/ricardo-mattoss/Brazilian-Soccer-Data/blob/master/Data/Libertadores_Matches.csv,UNKNOWN,HISTORICAL_REAL,
d96e92b09325985eea7e1989,Copa Sudamericana,2020,2020-12-03,openfootball/south-america,https://raw.githubusercontent.com/openfootball/south-america/master/copa-libertadores/2020_copas.txt,UNKNOWN,HISTORICAL_REAL,
45129bcd4e139110555be6f8,Copa Sudamericana,2020,2020-12-03,openfootball/south-america,https://raw.githubusercontent.com/openfootball/south-america/master/copa-libertadores/2020_copas.txt,UNKNOWN,HISTORICAL_REAL,
4f17a22869e42d8394cb622a,Copa Sudamericana,2020,2020-12-03,openfootball/south-america,https://raw.githubusercontent.com/openfootball/south-america/master/copa-libertadores/2020_copas.txt,UNKNOWN,HISTORICAL_REAL,
af27b2c6fae7b1057f14b774,Copa Libertadores,2020,2020-12-08,ricardo-mattoss/Brazilian-Soccer-Data,https://github.com/ricardo-mattoss/Brazilian-Soccer-Data/blob/master/Data/Libertadores_Matches.csv,UNKNOWN,HISTORICAL_REAL,
b4aa4ac57d3b87692ccfc96d,Copa Sudamericana,2020,2020-12-08,openfootball/south-america,https://raw.githubusercontent.com/openfootball/south-america/master/copa-libertadores/2020_copas.txt,UNKNOWN,HISTORICAL_REAL,
90745e83584eec22e2d8442a,Copa Sudamericana,2020,2020-12-09,openfootball/south-america,https://raw.githubusercontent.com/openfootball/south-america/master/copa-libertadores/2020_copas.txt,UNKNOWN,HISTORICAL_REAL,
02743162d8334b1a79e8a51f,Copa Sudamericana,2020,2020-12-09,openfootball/south-america,https://raw.githubusercontent.com/openfootball/south-america/master/copa-libertadores/2020_copas.txt,UNKNOWN,HISTORICAL_REAL,
ed7296332c26a3b856dac7a2,Copa Libertadores,2020,2020-12-09,ricardo-mattoss/Brazilian-Soccer-Data,https://github.com/ricardo-mattoss/Brazilian-Soccer-Data/blob/master/Data/Libertadores_Matches.csv,UNKNOWN,HISTORICAL_REAL,
22b0862ae791896727af0078,Copa Libertadores,2020,2020-12-09,ricardo-mattoss/Brazilian-Soccer-Data,https://github.com/ricardo-mattoss/Brazilian-Soccer-Data/blob/master/Data/Libertadores_Matches.csv,UNKNOWN,HISTORICAL_REAL,
3bb9c80d0b6df19d0f796f5a,Copa Sudamericana,2020,2020-12-10,openfootball/south-america,https://raw.githubusercontent.com/openfootball/south-america/master/copa-libertadores/2020_copas.txt,UNKNOWN,HISTORICAL_REAL,
303ebccc1874c19153edc9d7,Copa Libertadores,2020,2020-12-10,ricardo-mattoss/Brazilian-Soccer-Data,https://github.com/ricardo-mattoss/Brazilian-Soccer-Data/blob/master/Data/Libertadores_Matches.csv,UNKNOWN,HISTORICAL_REAL,
47a67af334185df46f4b1bc0,Copa Libertadores,2020,2020-12-15,ricardo-mattoss/Brazilian-Soccer-Data,https://github.com/ricardo-mattoss/Brazilian-Soccer-Data/blob/master/Data/Libertadores_Matches.csv,UNKNOWN,HISTORICAL_REAL,
d41509ab35709425a5ba0223,Copa Sudamericana,2020,2020-12-15,openfootball/south-america,https://raw.githubusercontent.com/openfootball/south-america/master/copa-libertadores/2020_copas.txt,UNKNOWN,HISTORICAL_REAL,
d565e8edf8de42cf6eebda52,Copa Sudamericana,2020,2020-12-16,openfootball/south-america,https://raw.githubusercontent.com/openfootball/south-america/master/copa-libertadores/2020_copas.txt,UNKNOWN,HISTORICAL_REAL,
9c2b21575231b8c3222ea518,Copa Sudamericana,2020,2020-12-16,openfootball/south-america,https://raw.githubusercontent.com/openfootball/south-america/master/copa-libertadores/2020_copas.txt,UNKNOWN,HISTORICAL_REAL,
23840ad8d5ae2d93a44bd544,Copa Libertadores,2020,2020-12-16,ricardo-mattoss/Brazilian-Soccer-Data,https://github.com/ricardo-mattoss/Brazilian-Soccer-Data/blob/master/Data/Libertadores_Matches.csv,UNKNOWN,HISTORICAL_REAL,
32df8d0b5b5a2f7ee6707049,Copa Libertadores,2020,2020-12-16,ricardo-mattoss/Brazilian-Soccer-Data,https://github.com/ricardo-mattoss/Brazilian-Soccer-Data/blob/master/Data/Libertadores_Matches.csv,UNKNOWN,HISTORICAL_REAL,
6f5d8b9c885ce6a9c05f7849,Copa Sudamericana,2020,2020-12-17,openfootball/south-america,https://raw.githubusercontent.com/openfootball/south-america/master/copa-libertadores/2020_copas.txt,UNKNOWN,HISTORICAL_REAL,
b9d553ff49085fd27459e239,Copa Libertadores,2020,2020-12-17,ricardo-mattoss/Brazilian-Soccer-Data,https://github.com/ricardo-mattoss/Brazilian-Soccer-Data/blob/master/Data/Libertadores_Matches.csv,UNKNOWN,HISTORICAL_REAL,
f4cfb6e664cb80946952eeed,Copa Libertadores,2020,2020-12-23,ricardo-mattoss/Brazilian-Soccer-Data,https://github.com/ricardo-mattoss/Brazilian-Soccer-Data/blob/master/Data/Libertadores_Matches.csv,UNKNOWN,HISTORICAL_REAL,
dc97016e0d4a76bd4413cb08,Copa Sudamericana,2020,2021-01-06,openfootball/south-america,https://raw.githubusercontent.com/openfootball/south-america/master/copa-libertadores/2020_copas.txt,UNKNOWN,HISTORICAL_REAL,
d242b8b7b79c95a4c7ee55e8,Copa Sudamericana,2021,2021-03-16,openfootball/south-america,https://raw.githubusercontent.com/openfootball/south-america/master/copa-libertadores/2021_copas.txt,UNKNOWN,HISTORICAL_REAL,
06defe40ad38c9d87a422e02,Copa Sudamericana,2021,2021-03-16,openfootball/south-america,https://raw.githubusercontent.com/openfootball/south-america/master/copa-libertadores/2021_copas.txt,UNKNOWN,HISTORICAL_REAL,
4f1bb45a4545a566a1733867,Copa Sudamericana,2021,2021-03-16,openfootball/south-america,https://raw.githubusercontent.com/openfootball/south-america/master/copa-libertadores/2021_copas.txt,UNKNOWN,HISTORICAL_REAL,
3b0f197ee12caac4c26217ab,Copa Sudamericana,2021,2021-03-16,openfootball/south-america,https://raw.githubusercontent.com/openfootball/south-america/master/copa-libertadores/2021_copas.txt,UNKNOWN,HISTORICAL_REAL,
0a32f00886e3851cd5fc2dac,Copa Sudamericana,2021,2021-03-17,openfootball/south-america,https://raw.githubusercontent.com/openfootball/south-america/master/copa-libertadores/2021_copas.txt,UNKNOWN,HISTORICAL_REAL,
6219e2da85bd375ed39cf5bc,Copa Sudamericana,2021,2021-03-17,openfootball/south-america,https://raw.githubusercontent.com/openfootball/south-america/master/copa-libertadores/2021_copas.txt,UNKNOWN,HISTORICAL_REAL,
90b047479be3706ba62cbebe,Copa Sudamericana,2021,2021-03-17,openfootball/south-america,https://raw.githubusercontent.com/openfootball/south-america/master/copa-libertadores/2021_copas.txt,UNKNOWN,HISTORICAL_REAL,
bc9f8dc502c7abb3b5993499,Copa Sudamericana,2021,2021-03-17,openfootball/south-america,https://raw.githubusercontent.com/openfootball/south-america/master/copa-libertadores/2021_copas.txt,UNKNOWN,HISTORICAL_REAL,
69348404d7adc3b379e576b3,Copa Sudamericana,2021,2021-03-18,openfootball/south-america,https://raw.githubusercontent.com/openfootball/south-america/master/copa-libertadores/2021_copas.txt,UNKNOWN,HISTORICAL_REAL,
38b6fa4eca53b823ee9fd8c0,Copa Sudamericana,2021,2021-03-18,openfootball/south-america,https://raw.githubusercontent.com/openfootball/south-america/master/copa-libertadores/2021_copas.txt,UNKNOWN,HISTORICAL_REAL,
e150c87a5a0a09f7e4ebc675,Copa Sudamericana,2021,2021-03-18,openfootball/south-america,https://raw.githubusercontent.com/openfootball/south-america/master/copa-libertadores/2021_copas.txt,UNKNOWN,HISTORICAL_REAL,
b0253edd66804be8a1f4f4a8,Copa Sudamericana,2021,2021-03-18,openfootball/south-america,https://raw.githubusercontent.com/openfootball/south-america/master/copa-libertadores/2021_copas.txt,UNKNOWN,HISTORICAL_REAL,
9d09a1b3fde7e0b12f58b93d,Copa Sudamericana,2021,2021-03-18,openfootball/south-america,https://raw.githubusercontent.com/openfootball/south-america/master/copa-libertadores/2021_copas.txt,UNKNOWN,HISTORICAL_REAL,
dfef77ea253c80f3433b5ea7,Copa Sudamericana,2021,2021-03-18,openfootball/south-america,https://raw.githubusercontent.com/openfootball/south-america/master/copa-libertadores/2021_copas.txt,UNKNOWN,HISTORICAL_REAL,
ceb7556e20600a01a4f650c8,Copa Sudamericana,2021,2021-04-06,openfootball/south-america,https://raw.githubusercontent.com/openfootball/south-america/master/copa-libertadores/2021_copas.txt,UNKNOWN,HISTORICAL_REAL,
00359fc0adbe0510862c7c26,Copa Sudamericana,2021,2021-04-06,openfootball/south-america,https://raw.githubusercontent.com/openfootball/south-america/master/copa-libertadores/2021_copas.txt,UNKNOWN,HISTORICAL_REAL,
14d28da1d719589604d0e736,Copa Sudamericana,2021,2021-04-06,openfootball/south-america,https://raw.githubusercontent.com/openfootball/south-america/master/copa-libertadores/2021_copas.txt,UNKNOWN,HISTORICAL_REAL,
eed423ed057fbcf5d97080d4,Copa Sudamericana,2021,2021-04-06,openfootball/south-america,https://raw.githubusercontent.com/openfootball/south-america/master/copa-libertadores/2021_copas.txt,UNKNOWN,HISTORICAL_REAL,
2d8b8ad690a81a32a7461b80,Copa Sudamericana,2021,2021-04-06,openfootball/south-america,https://raw.githubusercontent.com/openfootball/south-america/master/copa-libertadores/2021_copas.txt,UNKNOWN,HISTORICAL_REAL,
a1eaf2d487d3e266b0e3eb63,Copa Sudamericana,2021,2021-04-07,openfootball/south-america,https://raw.githubusercontent.com/openfootball/south-america/master/copa-libertadores/2021_copas.txt,UNKNOWN,HISTORICAL_REAL,
7a092cc79882f8046f5642ab,Copa Sudamericana,2021,2021-04-07,openfootball/south-america,https://raw.githubusercontent.com/openfootball/south-america/master/copa-libertadores/2021_copas.txt,UNKNOWN,HISTORICAL_REAL,
7ddadb90299120de16e45723,Copa Sudamericana,2021,2021-04-07,openfootball/south-america,https://raw.githubusercontent.com/openfootball/south-america/master/copa-libertadores/2021_copas.txt,UNKNOWN,HISTORICAL_REAL,
47e25ff382799a1fd7a8e3e4,Copa Sudamericana,2021,2021-04-07,openfootball/south-america,https://raw.githubusercontent.com/openfootball/south-america/master/copa-libertadores/2021_copas.txt,UNKNOWN,HISTORICAL_REAL,
a658fefec5f640b18376ef5e,Copa Sudamericana,2021,2021-04-07,openfootball/south-america,https://raw.githubusercontent.com/openfootball/south-america/master/copa-libertadores/2021_copas.txt,UNKNOWN,HISTORICAL_REAL,
b042d3bd8210571afcd20642,Copa Sudamericana,2021,2021-04-08,openfootball/south-america,https://raw.githubusercontent.com/openfootball/south-america/master/copa-libertadores/2021_copas.txt,UNKNOWN,HISTORICAL_REAL,
086314aea4fe7d3c491b1439,Copa Sudamericana,2021,2021-04-08,openfootball/south-america,https://raw.githubusercontent.com/openfootball/south-america/master/copa-libertadores/2021_copas.txt,UNKNOWN,HISTORICAL_REAL,
810211784b869a7051f5d858,Copa Sudamericana,2021,2021-04-08,openfootball/south-america,https://raw.githubusercontent.com/openfootball/south-america/master/copa-libertadores/2021_copas.txt,UNKNOWN,HISTORICAL_REAL,
d0e3ae2b603428410a752b8b,Copa Sudamericana,2021,2021-04-08,openfootball/south-america,https://raw.githubusercontent.com/openfootball/south-america/master/copa-libertadores/2021_copas.txt,UNKNOWN,HISTORICAL_REAL,
b775c9f3658fd72d76f8571e,Copa Sudamericana,2021,2021-04-08,openfootball/south-america,https://raw.githubusercontent.com/openfootball/south-america/master/copa-libertadores/2021_copas.txt,UNKNOWN,HISTORICAL_REAL,
5ac23d4caeb83d8d5afb641f,Copa Sudamericana,2021,2021-04-08,openfootball/south-america,https://raw.githubusercontent.com/openfootball/south-america/master/copa-libertadores/2021_copas.txt,UNKNOWN,HISTORICAL_REAL,
643b1ff8381454b728711111,Copa Sudamericana,2021,2021-04-13,openfootball/south-america,https://raw.githubusercontent.com/openfootball/south-america/master/copa-libertadores/2021_copas.txt,UNKNOWN,HISTORICAL_REAL,
0460d403f0057c05bf330c84,Copa Sudamericana,2021,2021-04-14,openfootball/south-america,https://raw.githubusercontent.com/openfootball/south-america/master/copa-libertadores/2021_copas.txt,UNKNOWN,HISTORICAL_REAL,
93f109486d80649b2af57e01,Copa Sudamericana,2021,2021-04-20,openfootball/south-america,https://raw.githubusercontent.com/openfootball/south-america/master/copa-libertadores/2021_copas.txt,UNKNOWN,HISTORICAL_REAL,
71c2bc4899c4ce230ae23352,Copa Libertadores,2021,2021-04-20,ricardo-mattoss/Brazilian-Soccer-Data,https://github.com/ricardo-mattoss/Brazilian-Soccer-Data/blob/master/Data/Libertadores_Matches.csv,UNKNOWN,HISTORICAL_REAL,
652d85fc772f8e8e35e1b33e,Copa Libertadores,2021,2021-04-20,ricardo-mattoss/Brazilian-Soccer-Data,https://github.com/ricardo-mattoss/Brazilian-Soccer-Data/blob/master/Data/Libertadores_Matches.csv,UNKNOWN,HISTORICAL_REAL,
1dc34d6bf49fefb2cfee053b,Copa Sudamericana,2021,2021-04-20,openfootball/south-america,https://raw.githubusercontent.com/openfootball/south-america/master/copa-libertadores/2021_copas.txt,UNKNOWN,HISTORICAL_REAL,
f07c9e59b8bfc6c792979bd5,Copa Sudamericana,2021,2021-04-20,openfootball/south-america,https://raw.githubusercontent.com/openfootball/south-america/master/copa-libertadores/2021_copas.txt,UNKNOWN,HISTORICAL_REAL,
19c5fab58e89ece7f1956831,Copa Libertadores,2021,2021-04-20,ricardo-mattoss/Brazilian-Soccer-Data,https://github.com/ricardo-mattoss/Brazilian-Soccer-Data/blob/master/Data/Libertadores_Matches.csv,UNKNOWN,HISTORICAL_REAL,
80f06b74f631c7bc405bfe36,Copa Sudamericana,2021,2021-04-20,openfootball/south-america,https://raw.githubusercontent.com/openfootball/south-america/master/copa-libertadores/2021_copas.txt,UNKNOWN,HISTORICAL_REAL,
abc8e93bac3247752b942f88,Copa Libertadores,2021,2021-04-20,ricardo-mattoss/Brazilian-Soccer-Data,https://github.com/ricardo-mattoss/Brazilian-Soccer-Data/blob/master/Data/Libertadores_Matches.csv,UNKNOWN,HISTORICAL_REAL,
6babf8b1643d854382b3fbfd,Copa Libertadores,2021,2021-04-20,ricardo-mattoss/Brazilian-Soccer-Data,https://github.com/ricardo-mattoss/Brazilian-Soccer-Data/blob/master/Data/Libertadores_Matches.csv,UNKNOWN,HISTORICAL_REAL,
710b11a689dcac4d72bd60e9,Copa Libertadores,2021,2021-04-20,ricardo-mattoss/Brazilian-Soccer-Data,https://github.com/ricardo-mattoss/Brazilian-Soccer-Data/blob/master/Data/Libertadores_Matches.csv,UNKNOWN,HISTORICAL_REAL,
bdcb9c9b7e7430a3caf6d35d,Copa Libertadores,2021,2021-04-21,ricardo-mattoss/Brazilian-Soccer-Data,https://github.com/ricardo-mattoss/Brazilian-Soccer-Data/blob/master/Data/Libertadores_Matches.csv,UNKNOWN,HISTORICAL_REAL,
997d1d68809b9f0ec607f14c,Copa Sudamericana,2021,2021-04-21,openfootball/south-america,https://raw.githubusercontent.com/openfootball/south-america/master/copa-libertadores/2021_copas.txt,UNKNOWN,HISTORICAL_REAL,
6e49e06cddcc072850cb8abe,Copa Sudamericana,2021,2021-04-21,openfootball/south-america,https://raw.githubusercontent.com/openfootball/south-america/master/copa-libertadores/2021_copas.txt,UNKNOWN,HISTORICAL_REAL,
c11cc5eab3891bd6ae820894,Copa Libertadores,2021,2021-04-21,ricardo-mattoss/Brazilian-Soccer-Data,https://github.com/ricardo-mattoss/Brazilian-Soccer-Data/blob/master/Data/Libertadores_Matches.csv,UNKNOWN,HISTORICAL_REAL,
7e795ebddaca0004087d60aa,Copa Libertadores,2021,2021-04-21,ricardo-mattoss/Brazilian-Soccer-Data,https://github.com/ricardo-mattoss/Brazilian-Soccer-Data/blob/master/Data/Libertadores_Matches.csv,UNKNOWN,HISTORICAL_REAL,
87cc4325d73f07426b5450fd,Copa Sudamericana,2021,2021-04-21,openfootball/south-america,https://raw.githubusercontent.com/openfootball/south-america/master/copa-libertadores/2021_copas.txt,UNKNOWN,HISTORICAL_REAL,
e28f3a2322df2b77d524d273,Copa Libertadores,2021,2021-04-21,ricardo-mattoss/Brazilian-Soccer-Data,https://github.com/ricardo-mattoss/Brazilian-Soccer-Data/blob/master/Data/Libertadores_Matches.csv,UNKNOWN,HISTORICAL_REAL,
7b30b1d131fe0df04dd74aa4,Copa Sudamericana,2021,2021-04-21,openfootball/south-america,https://raw.githubusercontent.com/openfootball/south-america/master/copa-libertadores/2021_copas.txt,UNKNOWN,HISTORICAL_REAL,
fb8f9cd121c045fd6dc55b79,Copa Libertadores,2021,2021-04-21,ricardo-mattoss/Brazilian-Soccer-Data,https://github.com/ricardo-mattoss/Brazilian-Soccer-Data/blob/master/Data/Libertadores_Matches.csv,UNKNOWN,HISTORICAL_REAL,
e8b04b53f4536284f437dc41,Copa Libertadores,2021,2021-04-21,ricardo-mattoss/Brazilian-Soccer-Data,https://github.com/ricardo-mattoss/Brazilian-Soccer-Data/blob/master/Data/Libertadores_Matches.csv,UNKNOWN,HISTORICAL_REAL,
346e4f0d78fd6e9988eb199c,Copa Libertadores,2021,2021-04-21,ricardo-mattoss/Brazilian-Soccer-Data,https://github.com/ricardo-mattoss/Brazilian-Soccer-Data/blob/master/Data/Libertadores_Matches.csv,UNKNOWN,HISTORICAL_REAL,
57e7ca2c592b6d083069edc5,Copa Sudamericana,2021,2021-04-22,openfootball/south-america,https://raw.githubusercontent.com/openfootball/south-america/master/copa-libertadores/2021_copas.txt,UNKNOWN,HISTORICAL_REAL,
74b5a6b08ed6a6299838480f,Copa Libertadores,2021,2021-04-22,ricardo-mattoss/Brazilian-Soccer-Data,https://github.com/ricardo-mattoss/Brazilian-Soccer-Data/blob/master/Data/Libertadores_Matches.csv,UNKNOWN,HISTORICAL_REAL,
52bc5dca850def0cc0050b81,Copa Sudamericana,2021,2021-04-22,openfootball/south-america,https://raw.githubusercontent.com/openfootball/south-america/master/copa-libertadores/2021_copas.txt,UNKNOWN,HISTORICAL_REAL,
e61a84e9dbd8239203ea8ca7,Copa Libertadores,2021,2021-04-22,ricardo-mattoss/Brazilian-Soccer-Data,https://github.com/ricardo-mattoss/Brazilian-Soccer-Data/blob/master/Data/Libertadores_Matches.csv,UNKNOWN,HISTORICAL_REAL,
4906d21a4fa426f1a8244aee,Copa Sudamericana,2021,2021-04-22,openfootball/south-america,https://raw.githubusercontent.com/openfootball/south-america/master/copa-libertadores/2021_copas.txt,UNKNOWN,HISTORICAL_REAL,
94a72a83ef242ac263ccf5d0,Copa Libertadores,2021,2021-04-22,ricardo-mattoss/Brazilian-Soccer-Data,https://github.com/ricardo-mattoss/Brazilian-Soccer-Data/blob/master/Data/Libertadores_Matches.csv,UNKNOWN,HISTORICAL_REAL,
f9e2874a0e4760b7e576d526,Copa Sudamericana,2021,2021-04-22,openfootball/south-america,https://raw.githubusercontent.com/openfootball/south-america/master/copa-libertadores/2021_copas.txt,UNKNOWN,HISTORICAL_REAL,
47be77e3a901ff1b8a1601ae,Copa Sudamericana,2021,2021-04-22,openfootball/south-america,https://raw.githubusercontent.com/openfootball/south-america/master/copa-libertadores/2021_copas.txt,UNKNOWN,HISTORICAL_REAL,
b2a004bec44ca40985afe8f7,Copa Sudamericana,2021,2021-04-22,openfootball/south-america,https://raw.githubusercontent.com/openfootball/south-america/master/copa-libertadores/2021_copas.txt,UNKNOWN,HISTORICAL_REAL,
c1e1019e492f6fb4bdfbfb97,Copa Sudamericana,2021,2021-04-22,openfootball/south-america,https://raw.githubusercontent.com/openfootball/south-america/master/copa-libertadores/2021_copas.txt,UNKNOWN,HISTORICAL_REAL,
d73080071f94a83a581fe2cf,Copa Sudamericana,2021,2021-04-22,openfootball/south-america,https://raw.githubusercontent.com/openfootball/south-america/master/copa-libertadores/2021_copas.txt,UNKNOWN,HISTORICAL_REAL,
4de8bba244dcfb39822b2f88,Copa Sudamericana,2021,2021-04-27,openfootball/south-america,https://raw.githubusercontent.com/openfootball/south-america/master/copa-libertadores/2021_copas.txt,UNKNOWN,HISTORICAL_REAL,
90b7638c015d718d0b6be460,Copa Libertadores,2021,2021-04-27,ricardo-mattoss/Brazilian-Soccer-Data,https://github.com/ricardo-mattoss/Brazilian-Soccer-Data/blob/master/Data/Libertadores_Matches.csv,UNKNOWN,HISTORICAL_REAL,
532e2915e196ae623619f0d7,Copa Sudamericana,2021,2021-04-27,openfootball/south-america,https://raw.githubusercontent.com/openfootball/south-america/master/copa-libertadores/2021_copas.txt,UNKNOWN,HISTORICAL_REAL,
43cbc1e4a01be9d8c63f205b,Copa Libertadores,2021,2021-04-27,ricardo-mattoss/Brazilian-Soccer-Data,https://github.com/ricardo-mattoss/Brazilian-Soccer-Data/blob/master/Data/Libertadores_Matches.csv,UNKNOWN,HISTORICAL_REAL,
2f139f8b79a973f53a8b7302,Copa Libertadores,2021,2021-04-27,ricardo-mattoss/Brazilian-Soccer-Data,https://github.com/ricardo-mattoss/Brazilian-Soccer-Data/blob/master/Data/Libertadores_Matches.csv,UNKNOWN,HISTORICAL_REAL,
fff595ad7712ec31d067f58f,Copa Sudamericana,2021,2021-04-27,openfootball/south-america,https://raw.githubusercontent.com/openfootball/south-america/master/copa-libertadores/2021_copas.txt,UNKNOWN,HISTORICAL_REAL,
7da13204f3df1c9ece4ef083,Copa Libertadores,2021,2021-04-27,ricardo-mattoss/Brazilian-Soccer-Data,https://github.com/ricardo-mattoss/Brazilian-Soccer-Data/blob/master/Data/Libertadores_Matches.csv,UNKNOWN,HISTORICAL_REAL,
0c6c47f68d1e6881e4a18d42,Copa Libertadores,2021,2021-04-27,ricardo-mattoss/Brazilian-Soccer-Data,https://github.com/ricardo-mattoss/Brazilian-Soccer-Data/blob/master/Data/Libertadores_Matches.csv,UNKNOWN,HISTORICAL_REAL,
d284105a4ec242c72a662edc,Copa Libertadores,2021,2021-04-27,ricardo-mattoss/Brazilian-Soccer-Data,https://github.com/ricardo-mattoss/Brazilian-Soccer-Data/blob/master/Data/Libertadores_Matches.csv,UNKNOWN,HISTORICAL_REAL,
070ad774cde3983ffe1175d1,Copa Sudamericana,2021,2021-04-28,openfootball/south-america,https://raw.githubusercontent.com/openfootball/south-america/master/copa-libertadores/2021_copas.txt,UNKNOWN,HISTORICAL_REAL,
09c88a2cd34e19a08c0ff497,Copa Libertadores,2021,2021-04-28,ricardo-mattoss/Brazilian-Soccer-Data,https://github.com/ricardo-mattoss/Brazilian-Soccer-Data/blob/master/Data/Libertadores_Matches.csv,UNKNOWN,HISTORICAL_REAL,
5181a1277560d989ab49f581,Copa Libertadores,2021,2021-04-28,ricardo-mattoss/Brazilian-Soccer-Data,https://github.com/ricardo-mattoss/Brazilian-Soccer-Data/blob/master/Data/Libertadores_Matches.csv,UNKNOWN,HISTORICAL_REAL,
7fede8d9d050600f17566024,Copa Libertadores,2021,2021-04-28,ricardo-mattoss/Brazilian-Soccer-Data,https://github.com/ricardo-mattoss/Brazilian-Soccer-Data/blob/master/Data/Libertadores_Matches.csv,UNKNOWN,HISTORICAL_REAL,
45a0d2fee7366ad5dad47c74,Copa Sudamericana,2021,2021-04-28,openfootball/south-america,https://raw.githubusercontent.com/openfootball/south-america/master/copa-libertadores/2021_copas.txt,UNKNOWN,HISTORICAL_REAL,
978cf4de760c0464e1ee26e6,Copa Sudamericana,2021,2021-04-28,openfootball/south-america,https://raw.githubusercontent.com/openfootball/south-america/master/copa-libertadores/2021_copas.txt,UNKNOWN,HISTORICAL_REAL,
89f17ea5cd542086d9c21728,Copa Sudamericana,2021,2021-04-28,openfootball/south-america,https://raw.githubusercontent.com/openfootball/south-america/master/copa-libertadores/2021_copas.txt,UNKNOWN,HISTORICAL_REAL,
cc732f338a0fbc455d86534d,Copa Libertadores,2021,2021-04-28,ricardo-mattoss/Brazilian-Soccer-Data,https://github.com/ricardo-mattoss/Brazilian-Soccer-Data/blob/master/Data/Libertadores_Matches.csv,UNKNOWN,HISTORICAL_REAL,
a50ea71646382add76f2e008,Copa Sudamericana,2021,2021-04-28,openfootball/south-america,https://raw.githubusercontent.com/openfootball/south-america/master/copa-libertadores/2021_copas.txt,UNKNOWN,HISTORICAL_REAL,
b6be99759fee813ee7b30744,Copa Libertadores,2021,2021-04-28,ricardo-mattoss/Brazilian-Soccer-Data,https://github.com/ricardo-mattoss/Brazilian-Soccer-Data/blob/master/Data/Libertadores_Matches.csv,UNKNOWN,HISTORICAL_REAL,
c15d2a73090dd83d4810dada,Copa Libertadores,2021,2021-04-28,ricardo-mattoss/Brazilian-Soccer-Data,https://github.com/ricardo-mattoss/Brazilian-Soccer-Data/blob/master/Data/Libertadores_Matches.csv,UNKNOWN,HISTORICAL_REAL,
03432db3bc665786dfa09823,Copa Libertadores,2021,2021-04-28,ricardo-mattoss/Brazilian-Soccer-Data,https://github.com/ricardo-mattoss/Brazilian-Soccer-Data/blob/master/Data/Libertadores_Matches.csv,UNKNOWN,HISTORICAL_REAL,
6c20dcbfb0dc794758236b13,Copa Sudamericana,2021,2021-04-28,openfootball/south-america,https://raw.githubusercontent.com/openfootball/south-america/master/copa-libertadores/2021_copas.txt,UNKNOWN,HISTORICAL_REAL,
c4fff3885704da87c2b710b9,Copa Sudamericana,2021,2021-04-29,openfootball/south-america,https://raw.githubusercontent.com/openfootball/south-america/master/copa-libertadores/2021_copas.txt,UNKNOWN,HISTORICAL_REAL,
d2ed1da6836e1788bb14c0f7,Copa Sudamericana,2021,2021-04-29,openfootball/south-america,https://raw.githubusercontent.com/openfootball/south-america/master/copa-libertadores/2021_copas.txt,UNKNOWN,HISTORICAL_REAL,
08fe729b5c84b60933c3eaa5,Copa Sudamericana,2021,2021-04-29,openfootball/south-america,https://raw.githubusercontent.com/openfootball/south-america/master/copa-libertadores/2021_copas.txt,UNKNOWN,HISTORICAL_REAL,
6e8a6e906b70f375b3f413fa,Copa Sudamericana,2021,2021-04-29,openfootball/south-america,https://raw.githubusercontent.com/openfootball/south-america/master/copa-libertadores/2021_copas.txt,UNKNOWN,HISTORICAL_REAL,
ce9b62f4595bf5fc5640531b,Copa Sudamericana,2021,2021-04-29,openfootball/south-america,https://raw.githubusercontent.com/openfootball/south-america/master/copa-libertadores/2021_copas.txt,UNKNOWN,HISTORICAL_REAL,
c66a22bfb63e954dc8ecec1d,Copa Sudamericana,2021,2021-04-29,openfootball/south-america,https://raw.githubusercontent.com/openfootball/south-america/master/copa-libertadores/2021_copas.txt,UNKNOWN,HISTORICAL_REAL,
c462ba715abf755fd60672be,Copa Libertadores,2021,2021-04-29,ricardo-mattoss/Brazilian-Soccer-Data,https://github.com/ricardo-mattoss/Brazilian-Soccer-Data/blob/master/Data/Libertadores_Matches.csv,UNKNOWN,HISTORICAL_REAL,
69342b844bf3b3e5ba02351b,Copa Sudamericana,2021,2021-04-29,openfootball/south-america,https://raw.githubusercontent.com/openfootball/south-america/master/copa-libertadores/2021_copas.txt,UNKNOWN,HISTORICAL_REAL,
75aa9ab5f1a6cfd8d94b0791,Copa Libertadores,2021,2021-04-29,ricardo-mattoss/Brazilian-Soccer-Data,https://github.com/ricardo-mattoss/Brazilian-Soccer-Data/blob/master/Data/Libertadores_Matches.csv,UNKNOWN,HISTORICAL_REAL,
b6a24abc88f3e3f12d83313e,Copa Libertadores,2021,2021-04-29,ricardo-mattoss/Brazilian-Soccer-Data,https://github.com/ricardo-mattoss/Brazilian-Soccer-Data/blob/master/Data/Libertadores_Matches.csv,UNKNOWN,HISTORICAL_REAL,
113a6aa05df31569f4d0fd34,Copa Libertadores,2021,2021-05-04,ricardo-mattoss/Brazilian-Soccer-Data,https://github.com/ricardo-mattoss/Brazilian-Soccer-Data/blob/master/Data/Libertadores_Matches.csv,UNKNOWN,HISTORICAL_REAL,
8626387d1a9b9ca45853140a,Copa Sudamericana,2021,2021-05-04,openfootball/south-america,https://raw.githubusercontent.com/openfootball/south-america/master/copa-libertadores/2021_copas.txt,UNKNOWN,HISTORICAL_REAL,
2b9683305f24ec9f97aeec0f,Copa Libertadores,2021,2021-05-04,ricardo-mattoss/Brazilian-Soccer-Data,https://github.com/ricardo-mattoss/Brazilian-Soccer-Data/blob/master/Data/Libertadores_Matches.csv,UNKNOWN,HISTORICAL_REAL,
e849a024db5f4af84b551b6a,Copa Libertadores,2021,2021-05-04,ricardo-mattoss/Brazilian-Soccer-Data,https://github.com/ricardo-mattoss/Brazilian-Soccer-Data/blob/master/Data/Libertadores_Matches.csv,UNKNOWN,HISTORICAL_REAL,
c05e98fbf83dc0af655e18d2,Copa Sudamericana,2021,2021-05-04,openfootball/south-america,https://raw.githubusercontent.com/openfootball/south-america/master/copa-libertadores/2021_copas.txt,UNKNOWN,HISTORICAL_REAL,
81a5ff4f66d0a126f14cae71,Copa Libertadores,2021,2021-05-04,ricardo-mattoss/Brazilian-Soccer-Data,https://github.com/ricardo-mattoss/Brazilian-Soccer-Data/blob/master/Data/Libertadores_Matches.csv,UNKNOWN,HISTORICAL_REAL,
11f4ce96dede1de3e0fe48cc,Copa Sudamericana,2021,2021-05-04,openfootball/south-america,https://raw.githubusercontent.com/openfootball/south-america/master/copa-libertadores/2021_copas.txt,UNKNOWN,HISTORICAL_REAL,
5766f83076e70edaef2f85ee,Copa Sudamericana,2021,2021-05-04,openfootball/south-america,https://raw.githubusercontent.com/openfootball/south-america/master/copa-libertadores/2021_copas.txt,UNKNOWN,HISTORICAL_REAL,
25e88838581f21458a86b61a,Copa Libertadores,2021,2021-05-04,ricardo-mattoss/Brazilian-Soccer-Data,https://github.com/ricardo-mattoss/Brazilian-Soccer-Data/blob/master/Data/Libertadores_Matches.csv,UNKNOWN,HISTORICAL_REAL,
c503a2a7dd4db8c6f7434bb3,Copa Libertadores,2021,2021-05-04,ricardo-mattoss/Brazilian-Soccer-Data,https://github.com/ricardo-mattoss/Brazilian-Soccer-Data/blob/master/Data/Libertadores_Matches.csv,UNKNOWN,HISTORICAL_REAL,
6f2396df2788ffd5114e79d1,Copa Sudamericana,2021,2021-05-05,openfootball/south-america,https://raw.githubusercontent.com/openfootball/south-america/master/copa-libertadores/2021_copas.txt,UNKNOWN,HISTORICAL_REAL,
347742f768341571aef17e66,Copa Sudamericana,2021,2021-05-05,openfootball/south-america,https://raw.githubusercontent.com/openfootball/south-america/master/copa-libertadores/2021_copas.txt,UNKNOWN,HISTORICAL_REAL,
937f20b49db8032f4a036b33,Copa Libertadores,2021,2021-05-05,ricardo-mattoss/Brazilian-Soccer-Data,https://github.com/ricardo-mattoss/Brazilian-Soccer-Data/blob/master/Data/Libertadores_Matches.csv,UNKNOWN,HISTORICAL_REAL,
22a45beb635b072de5a23f0c,Copa Libertadores,2021,2021-05-05,ricardo-mattoss/Brazilian-Soccer-Data,https://github.com/ricardo-mattoss/Brazilian-Soccer-Data/blob/master/Data/Libertadores_Matches.csv,UNKNOWN,HISTORICAL_REAL,
59d10227b58e2776c0c3c70c,Copa Sudamericana,2021,2021-05-05,openfootball/south-america,https://raw.githubusercontent.com/openfootball/south-america/master/copa-libertadores/2021_copas.txt,UNKNOWN,HISTORICAL_REAL,
7e7004a26a1497c7c18b88c2,Copa Libertadores,2021,2021-05-05,ricardo-mattoss/Brazilian-Soccer-Data,https://github.com/ricardo-mattoss/Brazilian-Soccer-Data/blob/master/Data/Libertadores_Matches.csv,UNKNOWN,HISTORICAL_REAL,
e874782dda6550cfeb7414e0,Copa Sudamericana,2021,2021-05-05,openfootball/south-america,https://raw.githubusercontent.com/openfootball/south-america/master/copa-libertadores/2021_copas.txt,UNKNOWN,HISTORICAL_REAL,
c8ed7e9cdc23799522c755df,Copa Libertadores,2021,2021-05-05,ricardo-mattoss/Brazilian-Soccer-Data,https://github.com/ricardo-mattoss/Brazilian-Soccer-Data/blob/master/Data/Libertadores_Matches.csv,UNKNOWN,HISTORICAL_REAL,
d6ae8f8a585a01ebc77fe6a9,Copa Libertadores,2021,2021-05-05,ricardo-mattoss/Brazilian-Soccer-Data,https://github.com/ricardo-mattoss/Brazilian-Soccer-Data/blob/master/Data/Libertadores_Matches.csv,UNKNOWN,HISTORICAL_REAL,
d266e2975efc70168ddd47ab,Copa Libertadores,2021,2021-05-06,ricardo-mattoss/Brazilian-Soccer-Data,https://github.com/ricardo-mattoss/Brazilian-Soccer-Data/blob/master/Data/Libertadores_Matches.csv,UNKNOWN,HISTORICAL_REAL,
0fb3c9c41a586b14c282af42,Copa Sudamericana,2021,2021-05-06,openfootball/south-america,https://raw.githubusercontent.com/openfootball/south-america/master/copa-libertadores/2021_copas.txt,UNKNOWN,HISTORICAL_REAL,
d5c7b0e280c4f537c7aae062,Copa Libertadores,2021,2021-05-06,ricardo-mattoss/Brazilian-Soccer-Data,https://github.com/ricardo-mattoss/Brazilian-Soccer-Data/blob/master/Data/Libertadores_Matches.csv,UNKNOWN,HISTORICAL_REAL,
923ed067d5cab24cd994e812,Copa Sudamericana,2021,2021-05-06,openfootball/south-america,https://raw.githubusercontent.com/openfootball/south-america/master/copa-libertadores/2021_copas.txt,UNKNOWN,HISTORICAL_REAL,
4cfba8461063d1d1be4d6efc,Copa Libertadores,2021,2021-05-06,ricardo-mattoss/Brazilian-Soccer-Data,https://github.com/ricardo-mattoss/Brazilian-Soccer-Data/blob/master/Data/Libertadores_Matches.csv,UNKNOWN,HISTORICAL_REAL,
c4c2a84fa534d3bcb3465836,Copa Libertadores,2021,2021-05-06,ricardo-mattoss/Brazilian-Soccer-Data,https://github.com/ricardo-mattoss/Brazilian-Soccer-Data/blob/master/Data/Libertadores_Matches.csv,UNKNOWN,HISTORICAL_REAL,
51216284ec5f400b361945b3,Copa Sudamericana,2021,2021-05-06,openfootball/south-america,https://raw.githubusercontent.com/openfootball/south-america/master/copa-libertadores/2021_copas.txt,UNKNOWN,HISTORICAL_REAL,
919d7adfe380d81a61a4f27a,Copa Libertadores,2021,2021-05-06,ricardo-mattoss/Brazilian-Soccer-Data,https://github.com/ricardo-mattoss/Brazilian-Soccer-Data/blob/master/Data/Libertadores_Matches.csv,UNKNOWN,HISTORICAL_REAL,
b16faa4dcb3942e855a9f9ed,Copa Sudamericana,2021,2021-05-06,openfootball/south-america,https://raw.githubusercontent.com/openfootball/south-america/master/copa-libertadores/2021_copas.txt,UNKNOWN,HISTORICAL_REAL,
3bd59f609cc5b1d70814d02e,Copa Sudamericana,2021,2021-05-06,openfootball/south-america,https://raw.githubusercontent.com/openfootball/south-america/master/copa-libertadores/2021_copas.txt,UNKNOWN,HISTORICAL_REAL,
92002ed44f0c0f6b63a89672,Copa Sudamericana,2021,2021-05-06,openfootball/south-america,https://raw.githubusercontent.com/openfootball/south-america/master/copa-libertadores/2021_copas.txt,UNKNOWN,HISTORICAL_REAL,
a41d795f3ce18cc2e78636ce,Copa Sudamericana,2021,2021-05-06,openfootball/south-america,https://raw.githubusercontent.com/openfootball/south-america/master/copa-libertadores/2021_copas.txt,UNKNOWN,HISTORICAL_REAL,
2a03d434212f795cda04e2ee,Copa Sudamericana,2021,2021-05-07,openfootball/south-america,https://raw.githubusercontent.com/openfootball/south-america/master/copa-libertadores/2021_copas.txt,UNKNOWN,HISTORICAL_REAL,
7121649471a950d9b7df135d,Copa Libertadores,2021,2021-05-11,ricardo-mattoss/Brazilian-Soccer-Data,https://github.com/ricardo-mattoss/Brazilian-Soccer-Data/blob/master/Data/Libertadores_Matches.csv,UNKNOWN,HISTORICAL_REAL,
e49e86bbd26dc45703a1ba6e,Copa Libertadores,2021,2021-05-11,ricardo-mattoss/Brazilian-Soccer-Data,https://github.com/ricardo-mattoss/Brazilian-Soccer-Data/blob/master/Data/Libertadores_Matches.csv,UNKNOWN,HISTORICAL_REAL,
c741d8c6fc99d872b6df32f5,Copa Sudamericana,2021,2021-05-11,openfootball/south-america,https://raw.githubusercontent.com/openfootball/south-america/master/copa-libertadores/2021_copas.txt,UNKNOWN,HISTORICAL_REAL,
ded16ea02ff28b385ffe7a44,Copa Sudamericana,2021,2021-05-11,openfootball/south-america,https://raw.githubusercontent.com/openfootball/south-america/master/copa-libertadores/2021_copas.txt,UNKNOWN,HISTORICAL_REAL,
41a2453aba0c8cbd80ffc91b,Copa Sudamericana,2021,2021-05-11,openfootball/south-america,https://raw.githubusercontent.com/openfootball/south-america/master/copa-libertadores/2021_copas.txt,UNKNOWN,HISTORICAL_REAL,
58c73c60b86144e7d0ccb10f,Copa Libertadores,2021,2021-05-11,ricardo-mattoss/Brazilian-Soccer-Data,https://github.com/ricardo-mattoss/Brazilian-Soccer-Data/blob/master/Data/Libertadores_Matches.csv,UNKNOWN,HISTORICAL_REAL,
05401700f0c0a83f6e699903,Copa Libertadores,2021,2021-05-11,ricardo-mattoss/Brazilian-Soccer-Data,https://github.com/ricardo-mattoss/Brazilian-Soccer-Data/blob/master/Data/Libertadores_Matches.csv,UNKNOWN,HISTORICAL_REAL,
9b2b8bfe7a72b4f2e19666a2,Copa Sudamericana,2021,2021-05-11,openfootball/south-america,https://raw.githubusercontent.com/openfootball/south-america/master/copa-libertadores/2021_copas.txt,UNKNOWN,HISTORICAL_REAL,
16519b119ca296ab52cd33c4,Copa Libertadores,2021,2021-05-11,ricardo-mattoss/Brazilian-Soccer-Data,https://github.com/ricardo-mattoss/Brazilian-Soccer-Data/blob/master/Data/Libertadores_Matches.csv,UNKNOWN,HISTORICAL_REAL,
6a806bb28b59917db8857ab2,Copa Libertadores,2021,2021-05-11,ricardo-mattoss/Brazilian-Soccer-Data,https://github.com/ricardo-mattoss/Brazilian-Soccer-Data/blob/master/Data/Libertadores_Matches.csv,UNKNOWN,HISTORICAL_REAL,
d91b47a9f7dfa9cd958d2349,Copa Sudamericana,2021,2021-05-12,openfootball/south-america,https://raw.githubusercontent.com/openfootball/south-america/master/copa-libertadores/2021_copas.txt,UNKNOWN,HISTORICAL_REAL,
b0297a9468be8f567ca90b49,Copa Libertadores,2021,2021-05-12,ricardo-mattoss/Brazilian-Soccer-Data,https://github.com/ricardo-mattoss/Brazilian-Soccer-Data/blob/master/Data/Libertadores_Matches.csv,UNKNOWN,HISTORICAL_REAL,
c618c6f11964e142e32c74ff,Copa Sudamericana,2021,2021-05-12,openfootball/south-america,https://raw.githubusercontent.com/openfootball/south-america/master/copa-libertadores/2021_copas.txt,UNKNOWN,HISTORICAL_REAL,
82a01136c45efe27d5187b10,Copa Libertadores,2021,2021-05-12,ricardo-mattoss/Brazilian-Soccer-Data,https://github.com/ricardo-mattoss/Brazilian-Soccer-Data/blob/master/Data/Libertadores_Matches.csv,UNKNOWN,HISTORICAL_REAL,
2ff306f10dfd6be11e8eefc8,Copa Sudamericana,2021,2021-05-12,openfootball/south-america,https://raw.githubusercontent.com/openfootball/south-america/master/copa-libertadores/2021_copas.txt,UNKNOWN,HISTORICAL_REAL,
652ca4107ec39ba078e6828d,Copa Sudamericana,2021,2021-05-12,openfootball/south-america,https://raw.githubusercontent.com/openfootball/south-america/master/copa-libertadores/2021_copas.txt,UNKNOWN,HISTORICAL_REAL,
2b0c5ae69af3c4fa25ecca8b,Copa Libertadores,2021,2021-05-12,ricardo-mattoss/Brazilian-Soccer-Data,https://github.com/ricardo-mattoss/Brazilian-Soccer-Data/blob/master/Data/Libertadores_Matches.csv,UNKNOWN,HISTORICAL_REAL,
a2453b9ae94f1becf9c674f5,Copa Libertadores,2021,2021-05-12,ricardo-mattoss/Brazilian-Soccer-Data,https://github.com/ricardo-mattoss/Brazilian-Soccer-Data/blob/master/Data/Libertadores_Matches.csv,UNKNOWN,HISTORICAL_REAL,
593b14c0a090e9461363107d,Copa Libertadores,2021,2021-05-12,ricardo-mattoss/Brazilian-Soccer-Data,https://github.com/ricardo-mattoss/Brazilian-Soccer-Data/blob/master/Data/Libertadores_Matches.csv,UNKNOWN,HISTORICAL_REAL,
7ee016da124d3bd9010a23e0,Copa Libertadores,2021,2021-05-12,ricardo-mattoss/Brazilian-Soccer-Data,https://github.com/ricardo-mattoss/Brazilian-Soccer-Data/blob/master/Data/Libertadores_Matches.csv,UNKNOWN,HISTORICAL_REAL,
5420dff989fa86a9a56f8ec0,Copa Sudamericana,2021,2021-05-12,openfootball/south-america,https://raw.githubusercontent.com/openfootball/south-america/master/copa-libertadores/2021_copas.txt,UNKNOWN,HISTORICAL_REAL,
6d3f80dc0d53f78f86b8f6bb,Copa Libertadores,2021,2021-05-12,ricardo-mattoss/Brazilian-Soccer-Data,https://github.com/ricardo-mattoss/Brazilian-Soccer-Data/blob/master/Data/Libertadores_Matches.csv,UNKNOWN,HISTORICAL_REAL,
d4c8583a0fbd2304097ab990,Copa Libertadores,2021,2021-05-13,ricardo-mattoss/Brazilian-Soccer-Data,https://github.com/ricardo-mattoss/Brazilian-Soccer-Data/blob/master/Data/Libertadores_Matches.csv,UNKNOWN,HISTORICAL_REAL,
f3628c934159b04c2941b926,Copa Libertadores,2021,2021-05-13,ricardo-mattoss/Brazilian-Soccer-Data,https://github.com/ricardo-mattoss/Brazilian-Soccer-Data/blob/master/Data/Libertadores_Matches.csv,UNKNOWN,HISTORICAL_REAL,
8cc0cbf8d06ceb81de97c45c,Copa Sudamericana,2021,2021-05-13,openfootball/south-america,https://raw.githubusercontent.com/openfootball/south-america/master/copa-libertadores/2021_copas.txt,UNKNOWN,HISTORICAL_REAL,
dfb134b2e8f6a952e6a72840,Copa Sudamericana,2021,2021-05-13,openfootball/south-america,https://raw.githubusercontent.com/openfootball/south-america/master/copa-libertadores/2021_copas.txt,UNKNOWN,HISTORICAL_REAL,
11571b675447b74cc9d4f9d2,Copa Sudamericana,2021,2021-05-13,openfootball/south-america,https://raw.githubusercontent.com/openfootball/south-america/master/copa-libertadores/2021_copas.txt,UNKNOWN,HISTORICAL_REAL,
49e9329877f2a5fe1a8f7c64,Copa Sudamericana,2021,2021-05-13,openfootball/south-america,https://raw.githubusercontent.com/openfootball/south-america/master/copa-libertadores/2021_copas.txt,UNKNOWN,HISTORICAL_REAL,
67a45df76eedfe8346150d6a,Copa Sudamericana,2021,2021-05-13,openfootball/south-america,https://raw.githubusercontent.com/openfootball/south-america/master/copa-libertadores/2021_copas.txt,UNKNOWN,HISTORICAL_REAL,
82ed48d6ddfd40c3a74f9f37,Copa Sudamericana,2021,2021-05-13,openfootball/south-america,https://raw.githubusercontent.com/openfootball/south-america/master/copa-libertadores/2021_copas.txt,UNKNOWN,HISTORICAL_REAL,
2b7fc6b83bbbd7f220a5b76c,Copa Sudamericana,2021,2021-05-13,openfootball/south-america,https://raw.githubusercontent.com/openfootball/south-america/master/copa-libertadores/2021_copas.txt,UNKNOWN,HISTORICAL_REAL,
e09dab0d908d48fb57fd6fe1,Copa Libertadores,2021,2021-05-13,ricardo-mattoss/Brazilian-Soccer-Data,https://github.com/ricardo-mattoss/Brazilian-Soccer-Data/blob/master/Data/Libertadores_Matches.csv,UNKNOWN,HISTORICAL_REAL,
0099418ad17120c06a76801e,Copa Libertadores,2021,2021-05-18,ricardo-mattoss/Brazilian-Soccer-Data,https://github.com/ricardo-mattoss/Brazilian-Soccer-Data/blob/master/Data/Libertadores_Matches.csv,UNKNOWN,HISTORICAL_REAL,
79776ac525fc59632c0c0bbe,Copa Sudamericana,2021,2021-05-18,openfootball/south-america,https://raw.githubusercontent.com/openfootball/south-america/master/copa-libertadores/2021_copas.txt,UNKNOWN,HISTORICAL_REAL,
a36b1eed597f3decf83882b8,Copa Libertadores,2021,2021-05-18,ricardo-mattoss/Brazilian-Soccer-Data,https://github.com/ricardo-mattoss/Brazilian-Soccer-Data/blob/master/Data/Libertadores_Matches.csv,UNKNOWN,HISTORICAL_REAL,
a447a4e7b42ad7d9be380cc0,Copa Libertadores,2021,2021-05-18,ricardo-mattoss/Brazilian-Soccer-Data,https://github.com/ricardo-mattoss/Brazilian-Soccer-Data/blob/master/Data/Libertadores_Matches.csv,UNKNOWN,HISTORICAL_REAL,
0887b0d9180663e4109bfd3a,Copa Sudamericana,2021,2021-05-18,openfootball/south-america,https://raw.githubusercontent.com/openfootball/south-america/master/copa-libertadores/2021_copas.txt,UNKNOWN,HISTORICAL_REAL,
0b7791e5cc9b880689f74cfd,Copa Libertadores,2021,2021-05-18,ricardo-mattoss/Brazilian-Soccer-Data,https://github.com/ricardo-mattoss/Brazilian-Soccer-Data/blob/master/Data/Libertadores_Matches.csv,UNKNOWN,HISTORICAL_REAL,
b209a2a2c792210a7dc723de,Copa Sudamericana,2021,2021-05-18,openfootball/south-america,https://raw.githubusercontent.com/openfootball/south-america/master/copa-libertadores/2021_copas.txt,UNKNOWN,HISTORICAL_REAL,
cbbad0285e2626769a4dce90,Copa Libertadores,2021,2021-05-18,ricardo-mattoss/Brazilian-Soccer-Data,https://github.com/ricardo-mattoss/Brazilian-Soccer-Data/blob/master/Data/Libertadores_Matches.csv,UNKNOWN,HISTORICAL_REAL,
2a4ae15dc7625c2ca3a7da01,Copa Libertadores,2021,2021-05-18,ricardo-mattoss/Brazilian-Soccer-Data,https://github.com/ricardo-mattoss/Brazilian-Soccer-Data/blob/master/Data/Libertadores_Matches.csv,UNKNOWN,HISTORICAL_REAL,
8b07e491266359585ddd9bfb,Copa Libertadores,2021,2021-05-19,ricardo-mattoss/Brazilian-Soccer-Data,https://github.com/ricardo-mattoss/Brazilian-Soccer-Data/blob/master/Data/Libertadores_Matches.csv,UNKNOWN,HISTORICAL_REAL,
aeb2013b22e422ce41492ef8,Copa Sudamericana,2021,2021-05-19,openfootball/south-america,https://raw.githubusercontent.com/openfootball/south-america/master/copa-libertadores/2021_copas.txt,UNKNOWN,HISTORICAL_REAL,
3d6da2de1f2b710084383d90,Copa Sudamericana,2021,2021-05-19,openfootball/south-america,https://raw.githubusercontent.com/openfootball/south-america/master/copa-libertadores/2021_copas.txt,UNKNOWN,HISTORICAL_REAL,
99cf1d1de55c192e9dc0aa56,Copa Sudamericana,2021,2021-05-19,openfootball/south-america,https://raw.githubusercontent.com/openfootball/south-america/master/copa-libertadores/2021_copas.txt,UNKNOWN,HISTORICAL_REAL,
ff5ffe7b2d56c612941cf8dc,Copa Libertadores,2021,2021-05-19,ricardo-mattoss/Brazilian-Soccer-Data,https://github.com/ricardo-mattoss/Brazilian-Soccer-Data/blob/master/Data/Libertadores_Matches.csv,UNKNOWN,HISTORICAL_REAL,
1e77df36db204013d5331bd0,Copa Libertadores,2021,2021-05-19,ricardo-mattoss/Brazilian-Soccer-Data,https://github.com/ricardo-mattoss/Brazilian-Soccer-Data/blob/master/Data/Libertadores_Matches.csv,UNKNOWN,HISTORICAL_REAL,
092bd9f59bc53383a3444b57,Copa Sudamericana,2021,2021-05-19,openfootball/south-america,https://raw.githubusercontent.com/openfootball/south-america/master/copa-libertadores/2021_copas.txt,UNKNOWN,HISTORICAL_REAL,
25ea087402019eb074da96cd,Copa Libertadores,2021,2021-05-19,ricardo-mattoss/Brazilian-Soccer-Data,https://github.com/ricardo-mattoss/Brazilian-Soccer-Data/blob/master/Data/Libertadores_Matches.csv,UNKNOWN,HISTORICAL_REAL,
c4cf3fca3eccdb880599b4d5,Copa Sudamericana,2021,2021-05-19,openfootball/south-america,https://raw.githubusercontent.com/openfootball/south-america/master/copa-libertadores/2021_copas.txt,UNKNOWN,HISTORICAL_REAL,
b902e612a85988eb8d06f082,Copa Libertadores,2021,2021-05-19,ricardo-mattoss/Brazilian-Soccer-Data,https://github.com/ricardo-mattoss/Brazilian-Soccer-Data/blob/master/Data/Libertadores_Matches.csv,UNKNOWN,HISTORICAL_REAL,
2db93361345d81db474d7b69,Copa Sudamericana,2021,2021-05-19,openfootball/south-america,https://raw.githubusercontent.com/openfootball/south-america/master/copa-libertadores/2021_copas.txt,UNKNOWN,HISTORICAL_REAL,
e649cf6af4d0b774c7982fdc,Copa Libertadores,2021,2021-05-19,ricardo-mattoss/Brazilian-Soccer-Data,https://github.com/ricardo-mattoss/Brazilian-Soccer-Data/blob/master/Data/Libertadores_Matches.csv,UNKNOWN,HISTORICAL_REAL,
df4821322d5618f1a8146583,Copa Libertadores,2021,2021-05-19,ricardo-mattoss/Brazilian-Soccer-Data,https://github.com/ricardo-mattoss/Brazilian-Soccer-Data/blob/master/Data/Libertadores_Matches.csv,UNKNOWN,HISTORICAL_REAL,
d80ad0f2d56d4199f7a1a12f,Copa Sudamericana,2021,2021-05-20,openfootball/south-america,https://raw.githubusercontent.com/openfootball/south-america/master/copa-libertadores/2021_copas.txt,UNKNOWN,HISTORICAL_REAL,
fd47ba582fadd1bdcd18bfe4,Copa Sudamericana,2021,2021-05-20,openfootball/south-america,https://raw.githubusercontent.com/openfootball/south-america/master/copa-libertadores/2021_copas.txt,UNKNOWN,HISTORICAL_REAL,
c68e5b77a29ec0b1cf7c1560,Copa Libertadores,2021,2021-05-20,ricardo-mattoss/Brazilian-Soccer-Data,https://github.com/ricardo-mattoss/Brazilian-Soccer-Data/blob/master/Data/Libertadores_Matches.csv,UNKNOWN,HISTORICAL_REAL,
9aed077cddf09ec57935f63c,Copa Libertadores,2021,2021-05-20,ricardo-mattoss/Brazilian-Soccer-Data,https://github.com/ricardo-mattoss/Brazilian-Soccer-Data/blob/master/Data/Libertadores_Matches.csv,UNKNOWN,HISTORICAL_REAL,
cdc0a4d160d5288068549252,Copa Sudamericana,2021,2021-05-20,openfootball/south-america,https://raw.githubusercontent.com/openfootball/south-america/master/copa-libertadores/2021_copas.txt,UNKNOWN,HISTORICAL_REAL,
98ebc6becd8ca8976abec8eb,Copa Sudamericana,2021,2021-05-20,openfootball/south-america,https://raw.githubusercontent.com/openfootball/south-america/master/copa-libertadores/2021_copas.txt,UNKNOWN,HISTORICAL_REAL,
d6a130ed45ff71e760d3f7a1,Copa Sudamericana,2021,2021-05-20,openfootball/south-america,https://raw.githubusercontent.com/openfootball/south-america/master/copa-libertadores/2021_copas.txt,UNKNOWN,HISTORICAL_REAL,
18b345fd0d57965fa8b2679c,Copa Sudamericana,2021,2021-05-20,openfootball/south-america,https://raw.githubusercontent.com/openfootball/south-america/master/copa-libertadores/2021_copas.txt,UNKNOWN,HISTORICAL_REAL,
76cef2a690a268bcd757b909,Copa Sudamericana,2021,2021-05-20,openfootball/south-america,https://raw.githubusercontent.com/openfootball/south-america/master/copa-libertadores/2021_copas.txt,UNKNOWN,HISTORICAL_REAL,
237ee7ef942002805afa9968,Copa Libertadores,2021,2021-05-20,ricardo-mattoss/Brazilian-Soccer-Data,https://github.com/ricardo-mattoss/Brazilian-Soccer-Data/blob/master/Data/Libertadores_Matches.csv,UNKNOWN,HISTORICAL_REAL,
5e5ab7a8afc7f13809bce69f,Copa Libertadores,2021,2021-05-25,ricardo-mattoss/Brazilian-Soccer-Data,https://github.com/ricardo-mattoss/Brazilian-Soccer-Data/blob/master/Data/Libertadores_Matches.csv,UNKNOWN,HISTORICAL_REAL,
6c2fa937af5a5147ec5a306b,Copa Libertadores,2021,2021-05-25,ricardo-mattoss/Brazilian-Soccer-Data,https://github.com/ricardo-mattoss/Brazilian-Soccer-Data/blob/master/Data/Libertadores_Matches.csv,UNKNOWN,HISTORICAL_REAL,
eeeb9c0c37c430a59fdaa512,Copa Sudamericana,2021,2021-05-25,openfootball/south-america,https://raw.githubusercontent.com/openfootball/south-america/master/copa-libertadores/2021_copas.txt,UNKNOWN,HISTORICAL_REAL,
3aac35eb11ad81faca38ca9e,Copa Sudamericana,2021,2021-05-25,openfootball/south-america,https://raw.githubusercontent.com/openfootball/south-america/master/copa-libertadores/2021_copas.txt,UNKNOWN,HISTORICAL_REAL,
9bf63f39ccdc0743b1aff879,Copa Libertadores,2021,2021-05-25,ricardo-mattoss/Brazilian-Soccer-Data,https://github.com/ricardo-mattoss/Brazilian-Soccer-Data/blob/master/Data/Libertadores_Matches.csv,UNKNOWN,HISTORICAL_REAL,
bb378feeefb981572ac443eb,Copa Sudamericana,2021,2021-05-25,openfootball/south-america,https://raw.githubusercontent.com/openfootball/south-america/master/copa-libertadores/2021_copas.txt,UNKNOWN,HISTORICAL_REAL,
757d3d5497fc773e55b2a566,Copa Sudamericana,2021,2021-05-25,openfootball/south-america,https://raw.githubusercontent.com/openfootball/south-america/master/copa-libertadores/2021_copas.txt,UNKNOWN,HISTORICAL_REAL,
141d71bb111251173b39899c,Copa Libertadores,2021,2021-05-25,ricardo-mattoss/Brazilian-Soccer-Data,https://github.com/ricardo-mattoss/Brazilian-Soccer-Data/blob/master/Data/Libertadores_Matches.csv,UNKNOWN,HISTORICAL_REAL,
feb3c880bf59ffabc6ad38ce,Copa Libertadores,2021,2021-05-25,ricardo-mattoss/Brazilian-Soccer-Data,https://github.com/ricardo-mattoss/Brazilian-Soccer-Data/blob/master/Data/Libertadores_Matches.csv,UNKNOWN,HISTORICAL_REAL,
9cf84ea4aef206adb023b902,Copa Libertadores,2021,2021-05-25,ricardo-mattoss/Brazilian-Soccer-Data,https://github.com/ricardo-mattoss/Brazilian-Soccer-Data/blob/master/Data/Libertadores_Matches.csv,UNKNOWN,HISTORICAL_REAL,
8d74f00f31da932b7ee64615,Copa Sudamericana,2021,2021-05-26,openfootball/south-america,https://raw.githubusercontent.com/openfootball/south-america/master/copa-libertadores/2021_copas.txt,UNKNOWN,HISTORICAL_REAL,
ac6152a27c6a16bc2318262d,Copa Libertadores,2021,2021-05-26,ricardo-mattoss/Brazilian-Soccer-Data,https://github.com/ricardo-mattoss/Brazilian-Soccer-Data/blob/master/Data/Libertadores_Matches.csv,UNKNOWN,HISTORICAL_REAL,
5b8eb4d42745fbdeb51a16cb,Copa Libertadores,2021,2021-05-26,ricardo-mattoss/Brazilian-Soccer-Data,https://github.com/ricardo-mattoss/Brazilian-Soccer-Data/blob/master/Data/Libertadores_Matches.csv,UNKNOWN,HISTORICAL_REAL,
3643abfac0967a7bda1187ce,Copa Sudamericana,2021,2021-05-26,openfootball/south-america,https://raw.githubusercontent.com/openfootball/south-america/master/copa-libertadores/2021_copas.txt,UNKNOWN,HISTORICAL_REAL,
ead78a975158d65f0304aed2,Copa Sudamericana,2021,2021-05-26,openfootball/south-america,https://raw.githubusercontent.com/openfootball/south-america/master/copa-libertadores/2021_copas.txt,UNKNOWN,HISTORICAL_REAL,
f9602feff7788cc53435b771,Copa Sudamericana,2021,2021-05-26,openfootball/south-america,https://raw.githubusercontent.com/openfootball/south-america/master/copa-libertadores/2021_copas.txt,UNKNOWN,HISTORICAL_REAL,
660b23222e250579e47b44a6,Copa Libertadores,2021,2021-05-26,ricardo-mattoss/Brazilian-Soccer-Data,https://github.com/ricardo-mattoss/Brazilian-Soccer-Data/blob/master/Data/Libertadores_Matches.csv,UNKNOWN,HISTORICAL_REAL,
2155904009dabded2ba99485,Copa Libertadores,2021,2021-05-26,ricardo-mattoss/Brazilian-Soccer-Data,https://github.com/ricardo-mattoss/Brazilian-Soccer-Data/blob/master/Data/Libertadores_Matches.csv,UNKNOWN,HISTORICAL_REAL,
a1d05d36f1667912e665e7a5,Copa Libertadores,2021,2021-05-26,ricardo-mattoss/Brazilian-Soccer-Data,https://github.com/ricardo-mattoss/Brazilian-Soccer-Data/blob/master/Data/Libertadores_Matches.csv,UNKNOWN,HISTORICAL_REAL,
902f215ecc50284852ecd392,Copa Sudamericana,2021,2021-05-26,openfootball/south-america,https://raw.githubusercontent.com/openfootball/south-america/master/copa-libertadores/2021_copas.txt,UNKNOWN,HISTORICAL_REAL,
71a1664ad2444e85dd22cbdc,Copa Sudamericana,2021,2021-05-26,openfootball/south-america,https://raw.githubusercontent.com/openfootball/south-america/master/copa-libertadores/2021_copas.txt,UNKNOWN,HISTORICAL_REAL,
428439a3d9210adf1fcfc39c,Copa Libertadores,2021,2021-05-26,ricardo-mattoss/Brazilian-Soccer-Data,https://github.com/ricardo-mattoss/Brazilian-Soccer-Data/blob/master/Data/Libertadores_Matches.csv,UNKNOWN,HISTORICAL_REAL,
fdc125fb63b42b1864fb4d97,Copa Sudamericana,2021,2021-05-27,openfootball/south-america,https://raw.githubusercontent.com/openfootball/south-america/master/copa-libertadores/2021_copas.txt,UNKNOWN,HISTORICAL_REAL,
d9e1e4e2e29e31f0b35dbf1b,Copa Sudamericana,2021,2021-05-27,openfootball/south-america,https://raw.githubusercontent.com/openfootball/south-america/master/copa-libertadores/2021_copas.txt,UNKNOWN,HISTORICAL_REAL,
78bf7a952e99e4588ad031d3,Copa Libertadores,2021,2021-05-27,ricardo-mattoss/Brazilian-Soccer-Data,https://github.com/ricardo-mattoss/Brazilian-Soccer-Data/blob/master/Data/Libertadores_Matches.csv,UNKNOWN,HISTORICAL_REAL,
e604dd02464e0bfed7cca324,Copa Sudamericana,2021,2021-05-27,openfootball/south-america,https://raw.githubusercontent.com/openfootball/south-america/master/copa-libertadores/2021_copas.txt,UNKNOWN,HISTORICAL_REAL,
5d3b2d1b85d8ee8c0bbed080,Copa Libertadores,2021,2021-05-27,ricardo-mattoss/Brazilian-Soccer-Data,https://github.com/ricardo-mattoss/Brazilian-Soccer-Data/blob/master/Data/Libertadores_Matches.csv,UNKNOWN,HISTORICAL_REAL,
a6ef1170fb49e664de3cf61a,Copa Sudamericana,2021,2021-05-27,openfootball/south-america,https://raw.githubusercontent.com/openfootball/south-america/master/copa-libertadores/2021_copas.txt,UNKNOWN,HISTORICAL_REAL,
13f133372e6d79094cd8aeda,Copa Libertadores,2021,2021-05-27,ricardo-mattoss/Brazilian-Soccer-Data,https://github.com/ricardo-mattoss/Brazilian-Soccer-Data/blob/master/Data/Libertadores_Matches.csv,UNKNOWN,HISTORICAL_REAL,
ec7f8a61157b0dbf0bc60e0a,Copa Sudamericana,2021,2021-05-27,openfootball/south-america,https://raw.githubusercontent.com/openfootball/south-america/master/copa-libertadores/2021_copas.txt,UNKNOWN,HISTORICAL_REAL,
f6d619b61a83321d381712d3,Copa Sudamericana,2021,2021-05-27,openfootball/south-america,https://raw.githubusercontent.com/openfootball/south-america/master/copa-libertadores/2021_copas.txt,UNKNOWN,HISTORICAL_REAL,
5e06a38c8b72e4cf519c15f2,Copa Libertadores,2021,2021-05-27,ricardo-mattoss/Brazilian-Soccer-Data,https://github.com/ricardo-mattoss/Brazilian-Soccer-Data/blob/master/Data/Libertadores_Matches.csv,UNKNOWN,HISTORICAL_REAL,
1ed714f87d9a61f8c7975b42,Copa Sudamericana,2021,2021-07-13,openfootball/south-america,https://raw.githubusercontent.com/openfootball/south-america/master/copa-libertadores/2021_copas.txt,UNKNOWN,HISTORICAL_REAL,
f10ecf1da7b45e8c05be3247,Copa Libertadores,2021,2021-07-13,ricardo-mattoss/Brazilian-Soccer-Data,https://github.com/ricardo-mattoss/Brazilian-Soccer-Data/blob/master/Data/Libertadores_Matches.csv,UNKNOWN,HISTORICAL_REAL,
4ea56804c7e73d94ccd7341f,Copa Libertadores,2021,2021-07-13,ricardo-mattoss/Brazilian-Soccer-Data,https://github.com/ricardo-mattoss/Brazilian-Soccer-Data/blob/master/Data/Libertadores_Matches.csv,UNKNOWN,HISTORICAL_REAL,
871f563d2618733513c37b59,Copa Sudamericana,2021,2021-07-13,openfootball/south-america,https://raw.githubusercontent.com/openfootball/south-america/master/copa-libertadores/2021_copas.txt,UNKNOWN,HISTORICAL_REAL,
edc3096beb8982c86f5dadc0,Copa Libertadores,2021,2021-07-13,ricardo-mattoss/Brazilian-Soccer-Data,https://github.com/ricardo-mattoss/Brazilian-Soccer-Data/blob/master/Data/Libertadores_Matches.csv,UNKNOWN,HISTORICAL_REAL,
a27d245e2af814b443da0904,Copa Sudamericana,2021,2021-07-14,openfootball/south-america,https://raw.githubusercontent.com/openfootball/south-america/master/copa-libertadores/2021_copas.txt,UNKNOWN,HISTORICAL_REAL,
4dd2fb96d01f55d949edb481,Copa Libertadores,2021,2021-07-14,ricardo-mattoss/Brazilian-Soccer-Data,https://github.com/ricardo-mattoss/Brazilian-Soccer-Data/blob/master/Data/Libertadores_Matches.csv,UNKNOWN,HISTORICAL_REAL,
a113027965d9cf0fa2a51f48,Copa Sudamericana,2021,2021-07-14,openfootball/south-america,https://raw.githubusercontent.com/openfootball/south-america/master/copa-libertadores/2021_copas.txt,UNKNOWN,HISTORICAL_REAL,
37b5c381a08ae2e42798bc6a,Copa Libertadores,2021,2021-07-14,ricardo-mattoss/Brazilian-Soccer-Data,https://github.com/ricardo-mattoss/Brazilian-Soccer-Data/blob/master/Data/Libertadores_Matches.csv,UNKNOWN,HISTORICAL_REAL,
ce4dabdce531ecac645a381d,Copa Sudamericana,2021,2021-07-14,openfootball/south-america,https://raw.githubusercontent.com/openfootball/south-america/master/copa-libertadores/2021_copas.txt,UNKNOWN,HISTORICAL_REAL,
e48860fc19f9ea035ddb2f45,Copa Libertadores,2021,2021-07-14,ricardo-mattoss/Brazilian-Soccer-Data,https://github.com/ricardo-mattoss/Brazilian-Soccer-Data/blob/master/Data/Libertadores_Matches.csv,UNKNOWN,HISTORICAL_REAL,
bb6ce39a513b86c1426513e3,Copa Libertadores,2021,2021-07-14,ricardo-mattoss/Brazilian-Soccer-Data,https://github.com/ricardo-mattoss/Brazilian-Soccer-Data/blob/master/Data/Libertadores_Matches.csv,UNKNOWN,HISTORICAL_REAL,
b2084d0c97bb27e0adc15f2c,Copa Sudamericana,2021,2021-07-15,openfootball/south-america,https://raw.githubusercontent.com/openfootball/south-america/master/copa-libertadores/2021_copas.txt,UNKNOWN,HISTORICAL_REAL,
0fe4d471e8e68958840a9546,Copa Sudamericana,2021,2021-07-15,openfootball/south-america,https://raw.githubusercontent.com/openfootball/south-america/master/copa-libertadores/2021_copas.txt,UNKNOWN,HISTORICAL_REAL,
63c361edc0ea51c4e8dae7c9,Copa Libertadores,2021,2021-07-15,ricardo-mattoss/Brazilian-Soccer-Data,https://github.com/ricardo-mattoss/Brazilian-Soccer-Data/blob/master/Data/Libertadores_Matches.csv,UNKNOWN,HISTORICAL_REAL,
76a6ebc2e03f5fc90c6382f0,Copa Sudamericana,2021,2021-07-15,openfootball/south-america,https://raw.githubusercontent.com/openfootball/south-america/master/copa-libertadores/2021_copas.txt,UNKNOWN,HISTORICAL_REAL,
039631f197ecd377fa281d3e,Copa Sudamericana,2021,2021-07-20,openfootball/south-america,https://raw.githubusercontent.com/openfootball/south-america/master/copa-libertadores/2021_copas.txt,UNKNOWN,HISTORICAL_REAL,
e963a3a9c0e41d42469fd50e,Copa Libertadores,2021,2021-07-20,ricardo-mattoss/Brazilian-Soccer-Data,https://github.com/ricardo-mattoss/Brazilian-Soccer-Data/blob/master/Data/Libertadores_Matches.csv,UNKNOWN,HISTORICAL_REAL,
1c4f810483215f9fdd389473,Copa Sudamericana,2021,2021-07-20,openfootball/south-america,https://raw.githubusercontent.com/openfootball/south-america/master/copa-libertadores/2021_copas.txt,UNKNOWN,HISTORICAL_REAL,
db1044278e61af27db77a580,Copa Libertadores,2021,2021-07-20,ricardo-mattoss/Brazilian-Soccer-Data,https://github.com/ricardo-mattoss/Brazilian-Soccer-Data/blob/master/Data/Libertadores_Matches.csv,UNKNOWN,HISTORICAL_REAL,
02a7fcfcbbd56d5e8626e6c1,Copa Libertadores,2021,2021-07-21,ricardo-mattoss/Brazilian-Soccer-Data,https://github.com/ricardo-mattoss/Brazilian-Soccer-Data/blob/master/Data/Libertadores_Matches.csv,UNKNOWN,HISTORICAL_REAL,
4c86132556a98513b92edbc4,Copa Sudamericana,2021,2021-07-21,openfootball/south-america,https://raw.githubusercontent.com/openfootball/south-america/master/copa-libertadores/2021_copas.txt,UNKNOWN,HISTORICAL_REAL,
8aa168ca92afb1b8218fa8d0,Copa Libertadores,2021,2021-07-21,ricardo-mattoss/Brazilian-Soccer-Data,https://github.com/ricardo-mattoss/Brazilian-Soccer-Data/blob/master/Data/Libertadores_Matches.csv,UNKNOWN,HISTORICAL_REAL,
c175eb5a275bafb705794c87,Copa Libertadores,2021,2021-07-21,ricardo-mattoss/Brazilian-Soccer-Data,https://github.com/ricardo-mattoss/Brazilian-Soccer-Data/blob/master/Data/Libertadores_Matches.csv,UNKNOWN,HISTORICAL_REAL,
6ea4deb1af053bf8d33303a8,Copa Sudamericana,2021,2021-07-21,openfootball/south-america,https://raw.githubusercontent.com/openfootball/south-america/master/copa-libertadores/2021_copas.txt,UNKNOWN,HISTORICAL_REAL,
7dff2884845cfe4460f92e39,Copa Libertadores,2021,2021-07-21,ricardo-mattoss/Brazilian-Soccer-Data,https://github.com/ricardo-mattoss/Brazilian-Soccer-Data/blob/master/Data/Libertadores_Matches.csv,UNKNOWN,HISTORICAL_REAL,
77f39ab2e8514277912c9f01,Copa Sudamericana,2021,2021-07-21,openfootball/south-america,https://raw.githubusercontent.com/openfootball/south-america/master/copa-libertadores/2021_copas.txt,UNKNOWN,HISTORICAL_REAL,
8c766297aa3faa476dbeb36a,Copa Sudamericana,2021,2021-07-22,openfootball/south-america,https://raw.githubusercontent.com/openfootball/south-america/master/copa-libertadores/2021_copas.txt,UNKNOWN,HISTORICAL_REAL,
bdb1b8ba2ec852de53f57e2f,Copa Libertadores,2021,2021-07-22,ricardo-mattoss/Brazilian-Soccer-Data,https://github.com/ricardo-mattoss/Brazilian-Soccer-Data/blob/master/Data/Libertadores_Matches.csv,UNKNOWN,HISTORICAL_REAL,
b5ee461a26285fa5f97e2d5d,Copa Sudamericana,2021,2021-07-22,openfootball/south-america,https://raw.githubusercontent.com/openfootball/south-america/master/copa-libertadores/2021_copas.txt,UNKNOWN,HISTORICAL_REAL,
ad9bcb1ed99735db15d1654f,Copa Sudamericana,2021,2021-07-22,openfootball/south-america,https://raw.githubusercontent.com/openfootball/south-america/master/copa-libertadores/2021_copas.txt,UNKNOWN,HISTORICAL_REAL,
5c05761ee9e325d6cbbe2165,Copa Libertadores,2021,2021-08-03,ricardo-mattoss/Brazilian-Soccer-Data,https://github.com/ricardo-mattoss/Brazilian-Soccer-Data/blob/master/Data/Libertadores_Matches.csv,UNKNOWN,HISTORICAL_REAL,
ab93c1c7331f5725fe472f55,Copa Sudamericana,2021,2021-08-10,openfootball/south-america,https://raw.githubusercontent.com/openfootball/south-america/master/copa-libertadores/2021_copas.txt,UNKNOWN,HISTORICAL_REAL,
f05a718f181759e8079651fd,Copa Libertadores,2021,2021-08-10,ricardo-mattoss/Brazilian-Soccer-Data,https://github.com/ricardo-mattoss/Brazilian-Soccer-Data/blob/master/Data/Libertadores_Matches.csv,UNKNOWN,HISTORICAL_REAL,
8acdf85fefeefda4be314623,Copa Libertadores,2021,2021-08-11,ricardo-mattoss/Brazilian-Soccer-Data,https://github.com/ricardo-mattoss/Brazilian-Soccer-Data/blob/master/Data/Libertadores_Matches.csv,UNKNOWN,HISTORICAL_REAL,
0b9e1539bf058036ca6bfee9,Copa Libertadores,2021,2021-08-11,ricardo-mattoss/Brazilian-Soccer-Data,https://github.com/ricardo-mattoss/Brazilian-Soccer-Data/blob/master/Data/Libertadores_Matches.csv,UNKNOWN,HISTORICAL_REAL,
26a2eb32a8e503419d10fe64,Copa Sudamericana,2021,2021-08-11,openfootball/south-america,https://raw.githubusercontent.com/openfootball/south-america/master/copa-libertadores/2021_copas.txt,UNKNOWN,HISTORICAL_REAL,
2c793aaeb21551b329d15161,Copa Libertadores,2021,2021-08-12,ricardo-mattoss/Brazilian-Soccer-Data,https://github.com/ricardo-mattoss/Brazilian-Soccer-Data/blob/master/Data/Libertadores_Matches.csv,UNKNOWN,HISTORICAL_REAL,
792be189d8ab10e92d6f5fd2,Copa Sudamericana,2021,2021-08-12,openfootball/south-america,https://raw.githubusercontent.com/openfootball/south-america/master/copa-libertadores/2021_copas.txt,UNKNOWN,HISTORICAL_REAL,
e441dbdc63c94b6550571e5b,Copa Sudamericana,2021,2021-08-12,openfootball/south-america,https://raw.githubusercontent.com/openfootball/south-america/master/copa-libertadores/2021_copas.txt,UNKNOWN,HISTORICAL_REAL,
e9d1b59bff77cc24be64fa7c,Copa Libertadores,2021,2021-08-17,ricardo-mattoss/Brazilian-Soccer-Data,https://github.com/ricardo-mattoss/Brazilian-Soccer-Data/blob/master/Data/Libertadores_Matches.csv,UNKNOWN,HISTORICAL_REAL,
2dff95677dd1ba486a33f87c,Copa Sudamericana,2021,2021-08-17,openfootball/south-america,https://raw.githubusercontent.com/openfootball/south-america/master/copa-libertadores/2021_copas.txt,UNKNOWN,HISTORICAL_REAL,
55710f9983a4d755257a0b84,Copa Libertadores,2021,2021-08-18,ricardo-mattoss/Brazilian-Soccer-Data,https://github.com/ricardo-mattoss/Brazilian-Soccer-Data/blob/master/Data/Libertadores_Matches.csv,UNKNOWN,HISTORICAL_REAL,
a0eb27f173f1503c4bb12739,Copa Libertadores,2021,2021-08-18,ricardo-mattoss/Brazilian-Soccer-Data,https://github.com/ricardo-mattoss/Brazilian-Soccer-Data/blob/master/Data/Libertadores_Matches.csv,UNKNOWN,HISTORICAL_REAL,
2182d87285208c1eaa57b27d,Copa Sudamericana,2021,2021-08-18,openfootball/south-america,https://raw.githubusercontent.com/openfootball/south-america/master/copa-libertadores/2021_copas.txt,UNKNOWN,HISTORICAL_REAL,
1c000bd023a8a83b45a1a807,Copa Sudamericana,2021,2021-08-19,openfootball/south-america,https://raw.githubusercontent.com/openfootball/south-america/master/copa-libertadores/2021_copas.txt,UNKNOWN,HISTORICAL_REAL,
007e31715bbd00843e5592cc,Copa Libertadores,2021,2021-08-19,ricardo-mattoss/Brazilian-Soccer-Data,https://github.com/ricardo-mattoss/Brazilian-Soccer-Data/blob/master/Data/Libertadores_Matches.csv,UNKNOWN,HISTORICAL_REAL,
b65714e5338fe9dc21ab7ba1,Copa Sudamericana,2021,2021-08-19,openfootball/south-america,https://raw.githubusercontent.com/openfootball/south-america/master/copa-libertadores/2021_copas.txt,UNKNOWN,HISTORICAL_REAL,
ce6ea7de8f4a3e1f1d7086fd,Copa Libertadores,2021,2021-09-21,ricardo-mattoss/Brazilian-Soccer-Data,https://github.com/ricardo-mattoss/Brazilian-Soccer-Data/blob/master/Data/Libertadores_Matches.csv,UNKNOWN,HISTORICAL_REAL,
a6bdf7db806f0dee0df128a6,Copa Libertadores,2021,2021-09-22,ricardo-mattoss/Brazilian-Soccer-Data,https://github.com/ricardo-mattoss/Brazilian-Soccer-Data/blob/master/Data/Libertadores_Matches.csv,UNKNOWN,HISTORICAL_REAL,
45eec2e236669253c0c1faf6,Copa Sudamericana,2021,2021-09-22,openfootball/south-america,https://raw.githubusercontent.com/openfootball/south-america/master/copa-libertadores/2021_copas.txt,UNKNOWN,HISTORICAL_REAL,
29c01a976b6e8c05addb31d9,Copa Sudamericana,2021,2021-09-23,openfootball/south-america,https://raw.githubusercontent.com/openfootball/south-america/master/copa-libertadores/2021_copas.txt,UNKNOWN,HISTORICAL_REAL,
541c16a9d439b8cb73702f45,Copa Libertadores,2021,2021-09-28,ricardo-mattoss/Brazilian-Soccer-Data,https://github.com/ricardo-mattoss/Brazilian-Soccer-Data/blob/master/Data/Libertadores_Matches.csv,UNKNOWN,HISTORICAL_REAL,
c6d0dde1cb218780cd833f6f,Copa Libertadores,2021,2021-09-29,ricardo-mattoss/Brazilian-Soccer-Data,https://github.com/ricardo-mattoss/Brazilian-Soccer-Data/blob/master/Data/Libertadores_Matches.csv,UNKNOWN,HISTORICAL_REAL,
05dc6853489994eb556e22f8,Copa Sudamericana,2021,2021-09-29,openfootball/south-america,https://raw.githubusercontent.com/openfootball/south-america/master/copa-libertadores/2021_copas.txt,UNKNOWN,HISTORICAL_REAL,
090d88b36fadffdc528b1a2f,Copa Sudamericana,2021,2021-09-30,openfootball/south-america,https://raw.githubusercontent.com/openfootball/south-america/master/copa-libertadores/2021_copas.txt,UNKNOWN,HISTORICAL_REAL,
714be4848a4e4349a8d17479,Copa Sudamericana,2021,2021-11-20,openfootball/south-america,https://raw.githubusercontent.com/openfootball/south-america/master/copa-libertadores/2021_copas.txt,UNKNOWN,HISTORICAL_REAL,
b097a83796d91b8288972c1d,Copa Sudamericana,2022,2022-03-08,openfootball/south-america,https://raw.githubusercontent.com/openfootball/south-america/master/copa-libertadores/2022_copas.txt,UNKNOWN,HISTORICAL_REAL,
7717965b08e0754f300590c9,Copa Sudamericana,2022,2022-03-08,openfootball/south-america,https://raw.githubusercontent.com/openfootball/south-america/master/copa-libertadores/2022_copas.txt,UNKNOWN,HISTORICAL_REAL,
e50a9c480f4ec5486a113dd4,Copa Sudamericana,2022,2022-03-08,openfootball/south-america,https://raw.githubusercontent.com/openfootball/south-america/master/copa-libertadores/2022_copas.txt,UNKNOWN,HISTORICAL_REAL,
c1d42914f4a73c7486792cac,Copa Sudamericana,2022,2022-03-08,openfootball/south-america,https://raw.githubusercontent.com/openfootball/south-america/master/copa-libertadores/2022_copas.txt,UNKNOWN,HISTORICAL_REAL,
697b48dc10f7aa24bbb60a38,Copa Sudamericana,2022,2022-03-08,openfootball/south-america,https://raw.githubusercontent.com/openfootball/south-america/master/copa-libertadores/2022_copas.txt,UNKNOWN,HISTORICAL_REAL,
f63f4e3aa49cddf124e203bb,Copa Sudamericana,2022,2022-03-09,openfootball/south-america,https://raw.githubusercontent.com/openfootball/south-america/master/copa-libertadores/2022_copas.txt,UNKNOWN,HISTORICAL_REAL,
c037f76bffd9680ffdfda9d9,Copa Sudamericana,2022,2022-03-09,openfootball/south-america,https://raw.githubusercontent.com/openfootball/south-america/master/copa-libertadores/2022_copas.txt,UNKNOWN,HISTORICAL_REAL,
64a25b0111f7237f82343930,Copa Sudamericana,2022,2022-03-09,openfootball/south-america,https://raw.githubusercontent.com/openfootball/south-america/master/copa-libertadores/2022_copas.txt,UNKNOWN,HISTORICAL_REAL,
b936a0478af0306cf386ee90,Copa Sudamericana,2022,2022-03-09,openfootball/south-america,https://raw.githubusercontent.com/openfootball/south-america/master/copa-libertadores/2022_copas.txt,UNKNOWN,HISTORICAL_REAL,
30be989ef66330a8916b704b,Copa Sudamericana,2022,2022-03-10,openfootball/south-america,https://raw.githubusercontent.com/openfootball/south-america/master/copa-libertadores/2022_copas.txt,UNKNOWN,HISTORICAL_REAL,
9aaad53148a4d33684e7b0b8,Copa Sudamericana,2022,2022-03-10,openfootball/south-america,https://raw.githubusercontent.com/openfootball/south-america/master/copa-libertadores/2022_copas.txt,UNKNOWN,HISTORICAL_REAL,
44904f8208102d0f8089acfd,Copa Sudamericana,2022,2022-03-10,openfootball/south-america,https://raw.githubusercontent.com/openfootball/south-america/master/copa-libertadores/2022_copas.txt,UNKNOWN,HISTORICAL_REAL,
cacb749520bf58e8d0777e9a,Copa Sudamericana,2022,2022-03-10,openfootball/south-america,https://raw.githubusercontent.com/openfootball/south-america/master/copa-libertadores/2022_copas.txt,UNKNOWN,HISTORICAL_REAL,
f2d1496036dc6d81e27fc513,Copa Sudamericana,2022,2022-03-10,openfootball/south-america,https://raw.githubusercontent.com/openfootball/south-america/master/copa-libertadores/2022_copas.txt,UNKNOWN,HISTORICAL_REAL,
51bbf11d6142b3dfef079248,Copa Sudamericana,2022,2022-03-10,openfootball/south-america,https://raw.githubusercontent.com/openfootball/south-america/master/copa-libertadores/2022_copas.txt,UNKNOWN,HISTORICAL_REAL,
b7a59f673c1f850db1b89307,Copa Sudamericana,2022,2022-03-10,openfootball/south-america,https://raw.githubusercontent.com/openfootball/south-america/master/copa-libertadores/2022_copas.txt,UNKNOWN,HISTORICAL_REAL,
2cb81e4d79d9b15241a0eff3,Copa Sudamericana,2022,2022-03-15,openfootball/south-america,https://raw.githubusercontent.com/openfootball/south-america/master/copa-libertadores/2022_copas.txt,UNKNOWN,HISTORICAL_REAL,
5709e13da1133669f0c21edb,Copa Sudamericana,2022,2022-03-15,openfootball/south-america,https://raw.githubusercontent.com/openfootball/south-america/master/copa-libertadores/2022_copas.txt,UNKNOWN,HISTORICAL_REAL,
4d85a277451b13c00b75ebb9,Copa Sudamericana,2022,2022-03-15,openfootball/south-america,https://raw.githubusercontent.com/openfootball/south-america/master/copa-libertadores/2022_copas.txt,UNKNOWN,HISTORICAL_REAL,
6e292b17ff669685fd5f1fc5,Copa Sudamericana,2022,2022-03-15,openfootball/south-america,https://raw.githubusercontent.com/openfootball/south-america/master/copa-libertadores/2022_copas.txt,UNKNOWN,HISTORICAL_REAL,
02556e990ab447c1928094f8,Copa Sudamericana,2022,2022-03-15,openfootball/south-america,https://raw.githubusercontent.com/openfootball/south-america/master/copa-libertadores/2022_copas.txt,UNKNOWN,HISTORICAL_REAL,
fcad0eefb759b3f2abf2543a,Copa Sudamericana,2022,2022-03-16,openfootball/south-america,https://raw.githubusercontent.com/openfootball/south-america/master/copa-libertadores/2022_copas.txt,UNKNOWN,HISTORICAL_REAL,
bb3d9bde1d3f9c9cb053ce74,Copa Sudamericana,2022,2022-03-16,openfootball/south-america,https://raw.githubusercontent.com/openfootball/south-america/master/copa-libertadores/2022_copas.txt,UNKNOWN,HISTORICAL_REAL,
ddc525b94cbf5b03d78ade5e,Copa Sudamericana,2022,2022-03-16,openfootball/south-america,https://raw.githubusercontent.com/openfootball/south-america/master/copa-libertadores/2022_copas.txt,UNKNOWN,HISTORICAL_REAL,
3ca1d84a0776f82008f7a9cf,Copa Sudamericana,2022,2022-03-16,openfootball/south-america,https://raw.githubusercontent.com/openfootball/south-america/master/copa-libertadores/2022_copas.txt,UNKNOWN,HISTORICAL_REAL,
eb5466b25833d85746b044eb,Copa Sudamericana,2022,2022-03-17,openfootball/south-america,https://raw.githubusercontent.com/openfootball/south-america/master/copa-libertadores/2022_copas.txt,UNKNOWN,HISTORICAL_REAL,
6169615ec9166ab0eb186adf,Copa Sudamericana,2022,2022-03-17,openfootball/south-america,https://raw.githubusercontent.com/openfootball/south-america/master/copa-libertadores/2022_copas.txt,UNKNOWN,HISTORICAL_REAL,
65b131b62f2862552d785393,Copa Sudamericana,2022,2022-03-17,openfootball/south-america,https://raw.githubusercontent.com/openfootball/south-america/master/copa-libertadores/2022_copas.txt,UNKNOWN,HISTORICAL_REAL,
69c7d47d1b915acf2c93d2c9,Copa Sudamericana,2022,2022-03-17,openfootball/south-america,https://raw.githubusercontent.com/openfootball/south-america/master/copa-libertadores/2022_copas.txt,UNKNOWN,HISTORICAL_REAL,
31f169d699b1433d20e5b2cc,Copa Sudamericana,2022,2022-03-17,openfootball/south-america,https://raw.githubusercontent.com/openfootball/south-america/master/copa-libertadores/2022_copas.txt,UNKNOWN,HISTORICAL_REAL,
d8bb4c9c9d699f0df12ac536,Copa Sudamericana,2022,2022-03-17,openfootball/south-america,https://raw.githubusercontent.com/openfootball/south-america/master/copa-libertadores/2022_copas.txt,UNKNOWN,HISTORICAL_REAL,
e149d9804a8ebff51b6fbc19,Copa Sudamericana,2022,2022-03-17,openfootball/south-america,https://raw.githubusercontent.com/openfootball/south-america/master/copa-libertadores/2022_copas.txt,UNKNOWN,HISTORICAL_REAL,
eac7d6f98aa036d4ffb93ad1,Copa Libertadores,2022,2022-04-05,ricardo-mattoss/Brazilian-Soccer-Data,https://github.com/ricardo-mattoss/Brazilian-Soccer-Data/blob/master/Data/Libertadores_Matches.csv,UNKNOWN,HISTORICAL_REAL,
4304c6e7da7be22d9bb70208,Copa Sudamericana,2022,2022-04-05,openfootball/south-america,https://raw.githubusercontent.com/openfootball/south-america/master/copa-libertadores/2022_copas.txt,UNKNOWN,HISTORICAL_REAL,
8c8cc40e5dc0506652a9d93b,Copa Sudamericana,2022,2022-04-05,openfootball/south-america,https://raw.githubusercontent.com/openfootball/south-america/master/copa-libertadores/2022_copas.txt,UNKNOWN,HISTORICAL_REAL,
dcfeef08b1a45a520a201b8e,Copa Libertadores,2022,2022-04-05,ricardo-mattoss/Brazilian-Soccer-Data,https://github.com/ricardo-mattoss/Brazilian-Soccer-Data/blob/master/Data/Libertadores_Matches.csv,UNKNOWN,HISTORICAL_REAL,
be8a7b0790c45f359cd935ac,Copa Sudamericana,2022,2022-04-05,openfootball/south-america,https://raw.githubusercontent.com/openfootball/south-america/master/copa-libertadores/2022_copas.txt,UNKNOWN,HISTORICAL_REAL,
16991f04e0f7565251f9a1b8,Copa Libertadores,2022,2022-04-05,ricardo-mattoss/Brazilian-Soccer-Data,https://github.com/ricardo-mattoss/Brazilian-Soccer-Data/blob/master/Data/Libertadores_Matches.csv,UNKNOWN,HISTORICAL_REAL,
16b15817f48f5184d14f445a,Copa Libertadores,2022,2022-04-05,ricardo-mattoss/Brazilian-Soccer-Data,https://github.com/ricardo-mattoss/Brazilian-Soccer-Data/blob/master/Data/Libertadores_Matches.csv,UNKNOWN,HISTORICAL_REAL,
c2a13e92571505f9f232bfaa,Copa Sudamericana,2022,2022-04-05,openfootball/south-america,https://raw.githubusercontent.com/openfootball/south-america/master/copa-libertadores/2022_copas.txt,UNKNOWN,HISTORICAL_REAL,
1e1feff457be113b6be249a3,Copa Libertadores,2022,2022-04-05,ricardo-mattoss/Brazilian-Soccer-Data,https://github.com/ricardo-mattoss/Brazilian-Soccer-Data/blob/master/Data/Libertadores_Matches.csv,UNKNOWN,HISTORICAL_REAL,
fe293827e337bf2f175f0bc6,Copa Libertadores,2022,2022-04-05,ricardo-mattoss/Brazilian-Soccer-Data,https://github.com/ricardo-mattoss/Brazilian-Soccer-Data/blob/master/Data/Libertadores_Matches.csv,UNKNOWN,HISTORICAL_REAL,
77b417a11ee1a3b033ba7ff2,Copa Sudamericana,2022,2022-04-05,openfootball/south-america,https://raw.githubusercontent.com/openfootball/south-america/master/copa-libertadores/2022_copas.txt,UNKNOWN,HISTORICAL_REAL,
3e158bd6b3033c049d15707d,Copa Sudamericana,2022,2022-04-06,openfootball/south-america,https://raw.githubusercontent.com/openfootball/south-america/master/copa-libertadores/2022_copas.txt,UNKNOWN,HISTORICAL_REAL,
cdda971ce9d705a43e5cde53,Copa Libertadores,2022,2022-04-06,ricardo-mattoss/Brazilian-Soccer-Data,https://github.com/ricardo-mattoss/Brazilian-Soccer-Data/blob/master/Data/Libertadores_Matches.csv,UNKNOWN,HISTORICAL_REAL,
0d68984c89096a69edfeb0a4,Copa Libertadores,2022,2022-04-06,ricardo-mattoss/Brazilian-Soccer-Data,https://github.com/ricardo-mattoss/Brazilian-Soccer-Data/blob/master/Data/Libertadores_Matches.csv,UNKNOWN,HISTORICAL_REAL,
0daa9e58326df26c9a651adc,Copa Sudamericana,2022,2022-04-06,openfootball/south-america,https://raw.githubusercontent.com/openfootball/south-america/master/copa-libertadores/2022_copas.txt,UNKNOWN,HISTORICAL_REAL,
cebe6c71102cbb3bdf971b11,Copa Libertadores,2022,2022-04-06,ricardo-mattoss/Brazilian-Soccer-Data,https://github.com/ricardo-mattoss/Brazilian-Soccer-Data/blob/master/Data/Libertadores_Matches.csv,UNKNOWN,HISTORICAL_REAL,
79141f60bc8cdadfd357581d,Copa Sudamericana,2022,2022-04-06,openfootball/south-america,https://raw.githubusercontent.com/openfootball/south-america/master/copa-libertadores/2022_copas.txt,UNKNOWN,HISTORICAL_REAL,
b9ed1e2afe9534ff7dea1787,Copa Sudamericana,2022,2022-04-06,openfootball/south-america,https://raw.githubusercontent.com/openfootball/south-america/master/copa-libertadores/2022_copas.txt,UNKNOWN,HISTORICAL_REAL,
5e68ead174708e2925538a73,Copa Libertadores,2022,2022-04-06,ricardo-mattoss/Brazilian-Soccer-Data,https://github.com/ricardo-mattoss/Brazilian-Soccer-Data/blob/master/Data/Libertadores_Matches.csv,UNKNOWN,HISTORICAL_REAL,
377d674d7ce8a23f988670d2,Copa Libertadores,2022,2022-04-06,ricardo-mattoss/Brazilian-Soccer-Data,https://github.com/ricardo-mattoss/Brazilian-Soccer-Data/blob/master/Data/Libertadores_Matches.csv,UNKNOWN,HISTORICAL_REAL,
c917e34242f42fa308bd547b,Copa Libertadores,2022,2022-04-06,ricardo-mattoss/Brazilian-Soccer-Data,https://github.com/ricardo-mattoss/Brazilian-Soccer-Data/blob/master/Data/Libertadores_Matches.csv,UNKNOWN,HISTORICAL_REAL,
d1bedbcc3ef29941a1dc4bde,Copa Libertadores,2022,2022-04-06,ricardo-mattoss/Brazilian-Soccer-Data,https://github.com/ricardo-mattoss/Brazilian-Soccer-Data/blob/master/Data/Libertadores_Matches.csv,UNKNOWN,HISTORICAL_REAL,
6cd4c6e1b22b1ec7f8589580,Copa Sudamericana,2022,2022-04-06,openfootball/south-america,https://raw.githubusercontent.com/openfootball/south-america/master/copa-libertadores/2022_copas.txt,UNKNOWN,HISTORICAL_REAL,
5d8628d3ad253b9f93598033,Copa Sudamericana,2022,2022-04-07,openfootball/south-america,https://raw.githubusercontent.com/openfootball/south-america/master/copa-libertadores/2022_copas.txt,UNKNOWN,HISTORICAL_REAL,
885bb168da04e59f05a77696,Copa Sudamericana,2022,2022-04-07,openfootball/south-america,https://raw.githubusercontent.com/openfootball/south-america/master/copa-libertadores/2022_copas.txt,UNKNOWN,HISTORICAL_REAL,
c689ceeb7e48ed9b00602df0,Copa Sudamericana,2022,2022-04-07,openfootball/south-america,https://raw.githubusercontent.com/openfootball/south-america/master/copa-libertadores/2022_copas.txt,UNKNOWN,HISTORICAL_REAL,
25b1cfcb36031b9cca48dc28,Copa Libertadores,2022,2022-04-07,ricardo-mattoss/Brazilian-Soccer-Data,https://github.com/ricardo-mattoss/Brazilian-Soccer-Data/blob/master/Data/Libertadores_Matches.csv,UNKNOWN,HISTORICAL_REAL,
d9784f7e29e5810fc81e59dc,Copa Libertadores,2022,2022-04-07,ricardo-mattoss/Brazilian-Soccer-Data,https://github.com/ricardo-mattoss/Brazilian-Soccer-Data/blob/master/Data/Libertadores_Matches.csv,UNKNOWN,HISTORICAL_REAL,
9975d86b3de30ad3e871c01a,Copa Sudamericana,2022,2022-04-07,openfootball/south-america,https://raw.githubusercontent.com/openfootball/south-america/master/copa-libertadores/2022_copas.txt,UNKNOWN,HISTORICAL_REAL,
62fcd2c068d07abe898b81e1,Copa Sudamericana,2022,2022-04-07,openfootball/south-america,https://raw.githubusercontent.com/openfootball/south-america/master/copa-libertadores/2022_copas.txt,UNKNOWN,HISTORICAL_REAL,
ab873aed6e7e9f1dee268917,Copa Sudamericana,2022,2022-04-07,openfootball/south-america,https://raw.githubusercontent.com/openfootball/south-america/master/copa-libertadores/2022_copas.txt,UNKNOWN,HISTORICAL_REAL,
d04decdb2bc6e404b695d17d,Copa Libertadores,2022,2022-04-07,ricardo-mattoss/Brazilian-Soccer-Data,https://github.com/ricardo-mattoss/Brazilian-Soccer-Data/blob/master/Data/Libertadores_Matches.csv,UNKNOWN,HISTORICAL_REAL,
6646ae14d4ebf5250c6d2d26,Copa Libertadores,2022,2022-04-12,ricardo-mattoss/Brazilian-Soccer-Data,https://github.com/ricardo-mattoss/Brazilian-Soccer-Data/blob/master/Data/Libertadores_Matches.csv,UNKNOWN,HISTORICAL_REAL,
338bfca24050dbeb9cfc667c,Copa Libertadores,2022,2022-04-12,ricardo-mattoss/Brazilian-Soccer-Data,https://github.com/ricardo-mattoss/Brazilian-Soccer-Data/blob/master/Data/Libertadores_Matches.csv,UNKNOWN,HISTORICAL_REAL,
1315055437732493f8325835,Copa Sudamericana,2022,2022-04-12,openfootball/south-america,https://raw.githubusercontent.com/openfootball/south-america/master/copa-libertadores/2022_copas.txt,UNKNOWN,HISTORICAL_REAL,
a59ee8640dd6d7fabfb51064,Copa Sudamericana,2022,2022-04-12,openfootball/south-america,https://raw.githubusercontent.com/openfootball/south-america/master/copa-libertadores/2022_copas.txt,UNKNOWN,HISTORICAL_REAL,
1b4fd0ebec9c3a0cb0a1593a,Copa Libertadores,2022,2022-04-12,ricardo-mattoss/Brazilian-Soccer-Data,https://github.com/ricardo-mattoss/Brazilian-Soccer-Data/blob/master/Data/Libertadores_Matches.csv,UNKNOWN,HISTORICAL_REAL,
2219fd12076fd58c5515dc86,Copa Sudamericana,2022,2022-04-12,openfootball/south-america,https://raw.githubusercontent.com/openfootball/south-america/master/copa-libertadores/2022_copas.txt,UNKNOWN,HISTORICAL_REAL,
0416e01fcf9ba28aca016a1f,Copa Sudamericana,2022,2022-04-12,openfootball/south-america,https://raw.githubusercontent.com/openfootball/south-america/master/copa-libertadores/2022_copas.txt,UNKNOWN,HISTORICAL_REAL,
49b42d3fd8af8d701c5dca85,Copa Sudamericana,2022,2022-04-12,openfootball/south-america,https://raw.githubusercontent.com/openfootball/south-america/master/copa-libertadores/2022_copas.txt,UNKNOWN,HISTORICAL_REAL,
de8de7c5fe6ad9e6768649ab,Copa Libertadores,2022,2022-04-12,ricardo-mattoss/Brazilian-Soccer-Data,https://github.com/ricardo-mattoss/Brazilian-Soccer-Data/blob/master/Data/Libertadores_Matches.csv,UNKNOWN,HISTORICAL_REAL,
e79728277e733e52dbbf8fef,Copa Libertadores,2022,2022-04-12,ricardo-mattoss/Brazilian-Soccer-Data,https://github.com/ricardo-mattoss/Brazilian-Soccer-Data/blob/master/Data/Libertadores_Matches.csv,UNKNOWN,HISTORICAL_REAL,
f0c7588cee433a0d1a9cca8b,Copa Libertadores,2022,2022-04-12,ricardo-mattoss/Brazilian-Soccer-Data,https://github.com/ricardo-mattoss/Brazilian-Soccer-Data/blob/master/Data/Libertadores_Matches.csv,UNKNOWN,HISTORICAL_REAL,
a3cc8805c97056e99585f09f,Copa Sudamericana,2022,2022-04-13,openfootball/south-america,https://raw.githubusercontent.com/openfootball/south-america/master/copa-libertadores/2022_copas.txt,UNKNOWN,HISTORICAL_REAL,
3a09a0921465366a4f474151,Copa Libertadores,2022,2022-04-13,ricardo-mattoss/Brazilian-Soccer-Data,https://github.com/ricardo-mattoss/Brazilian-Soccer-Data/blob/master/Data/Libertadores_Matches.csv,UNKNOWN,HISTORICAL_REAL,
cfd8197a3d6e02bc23baa07b,Copa Libertadores,2022,2022-04-13,ricardo-mattoss/Brazilian-Soccer-Data,https://github.com/ricardo-mattoss/Brazilian-Soccer-Data/blob/master/Data/Libertadores_Matches.csv,UNKNOWN,HISTORICAL_REAL,
858f7cfe2afbe737a0cdbf27,Copa Libertadores,2022,2022-04-13,ricardo-mattoss/Brazilian-Soccer-Data,https://github.com/ricardo-mattoss/Brazilian-Soccer-Data/blob/master/Data/Libertadores_Matches.csv,UNKNOWN,HISTORICAL_REAL,
44c598f478bee3ed03012a53,Copa Sudamericana,2022,2022-04-13,openfootball/south-america,https://raw.githubusercontent.com/openfootball/south-america/master/copa-libertadores/2022_copas.txt,UNKNOWN,HISTORICAL_REAL,
0ed0edd91df891d30e4cb080,Copa Libertadores,2022,2022-04-13,ricardo-mattoss/Brazilian-Soccer-Data,https://github.com/ricardo-mattoss/Brazilian-Soccer-Data/blob/master/Data/Libertadores_Matches.csv,UNKNOWN,HISTORICAL_REAL,
c99739c5a4a27aa7a590bcc6,Copa Sudamericana,2022,2022-04-13,openfootball/south-america,https://raw.githubusercontent.com/openfootball/south-america/master/copa-libertadores/2022_copas.txt,UNKNOWN,HISTORICAL_REAL,
8140ec10d8dc1c010ea41235,Copa Libertadores,2022,2022-04-13,ricardo-mattoss/Brazilian-Soccer-Data,https://github.com/ricardo-mattoss/Brazilian-Soccer-Data/blob/master/Data/Libertadores_Matches.csv,UNKNOWN,HISTORICAL_REAL,
61820e52efc740e0f05b71e8,Copa Libertadores,2022,2022-04-13,ricardo-mattoss/Brazilian-Soccer-Data,https://github.com/ricardo-mattoss/Brazilian-Soccer-Data/blob/master/Data/Libertadores_Matches.csv,UNKNOWN,HISTORICAL_REAL,
4e1ad8a03011e58b25507593,Copa Sudamericana,2022,2022-04-13,openfootball/south-america,https://raw.githubusercontent.com/openfootball/south-america/master/copa-libertadores/2022_copas.txt,UNKNOWN,HISTORICAL_REAL,
82a58ad6ec0b1d921eae4919,Copa Libertadores,2022,2022-04-13,ricardo-mattoss/Brazilian-Soccer-Data,https://github.com/ricardo-mattoss/Brazilian-Soccer-Data/blob/master/Data/Libertadores_Matches.csv,UNKNOWN,HISTORICAL_REAL,
1ea533375b1c4ef5ae9e1aaa,Copa Sudamericana,2022,2022-04-13,openfootball/south-america,https://raw.githubusercontent.com/openfootball/south-america/master/copa-libertadores/2022_copas.txt,UNKNOWN,HISTORICAL_REAL,
40fc70c9e36c31d96587745f,Copa Libertadores,2022,2022-04-14,ricardo-mattoss/Brazilian-Soccer-Data,https://github.com/ricardo-mattoss/Brazilian-Soccer-Data/blob/master/Data/Libertadores_Matches.csv,UNKNOWN,HISTORICAL_REAL,
9d616379305ebd6060b987a1,Copa Libertadores,2022,2022-04-14,ricardo-mattoss/Brazilian-Soccer-Data,https://github.com/ricardo-mattoss/Brazilian-Soccer-Data/blob/master/Data/Libertadores_Matches.csv,UNKNOWN,HISTORICAL_REAL,
af38b268ee0327112cb4950d,Copa Sudamericana,2022,2022-04-14,openfootball/south-america,https://raw.githubusercontent.com/openfootball/south-america/master/copa-libertadores/2022_copas.txt,UNKNOWN,HISTORICAL_REAL,
44c0fcd769c3139251890e73,Copa Sudamericana,2022,2022-04-14,openfootball/south-america,https://raw.githubusercontent.com/openfootball/south-america/master/copa-libertadores/2022_copas.txt,UNKNOWN,HISTORICAL_REAL,
15d8190b22c670bfcede7be4,Copa Sudamericana,2022,2022-04-14,openfootball/south-america,https://raw.githubusercontent.com/openfootball/south-america/master/copa-libertadores/2022_copas.txt,UNKNOWN,HISTORICAL_REAL,
5b71aa5911a3c7ea2e9f271c,Copa Sudamericana,2022,2022-04-14,openfootball/south-america,https://raw.githubusercontent.com/openfootball/south-america/master/copa-libertadores/2022_copas.txt,UNKNOWN,HISTORICAL_REAL,
d4714dd6a5e3f8c4bc0f2284,Copa Sudamericana,2022,2022-04-14,openfootball/south-america,https://raw.githubusercontent.com/openfootball/south-america/master/copa-libertadores/2022_copas.txt,UNKNOWN,HISTORICAL_REAL,
d3caf3dd07c3c0bbeb7bc9c2,Copa Sudamericana,2022,2022-04-14,openfootball/south-america,https://raw.githubusercontent.com/openfootball/south-america/master/copa-libertadores/2022_copas.txt,UNKNOWN,HISTORICAL_REAL,
a34614030cc4fcb8a9ef01f3,Copa Libertadores,2022,2022-04-14,ricardo-mattoss/Brazilian-Soccer-Data,https://github.com/ricardo-mattoss/Brazilian-Soccer-Data/blob/master/Data/Libertadores_Matches.csv,UNKNOWN,HISTORICAL_REAL,
3f306fa1b311adf8c2d49eba,Copa Libertadores,2022,2022-04-26,ricardo-mattoss/Brazilian-Soccer-Data,https://github.com/ricardo-mattoss/Brazilian-Soccer-Data/blob/master/Data/Libertadores_Matches.csv,UNKNOWN,HISTORICAL_REAL,
330d82c8ef732900933eadf5,Copa Sudamericana,2022,2022-04-26,openfootball/south-america,https://raw.githubusercontent.com/openfootball/south-america/master/copa-libertadores/2022_copas.txt,UNKNOWN,HISTORICAL_REAL,
3cdb3b311a42493aba301608,Copa Libertadores,2022,2022-04-26,ricardo-mattoss/Brazilian-Soccer-Data,https://github.com/ricardo-mattoss/Brazilian-Soccer-Data/blob/master/Data/Libertadores_Matches.csv,UNKNOWN,HISTORICAL_REAL,
7f038fc4d731b6f10efd52ae,Copa Sudamericana,2022,2022-04-26,openfootball/south-america,https://raw.githubusercontent.com/openfootball/south-america/master/copa-libertadores/2022_copas.txt,UNKNOWN,HISTORICAL_REAL,
bb671903c0b03a3796288878,Copa Sudamericana,2022,2022-04-26,openfootball/south-america,https://raw.githubusercontent.com/openfootball/south-america/master/copa-libertadores/2022_copas.txt,UNKNOWN,HISTORICAL_REAL,
34d43d8f08b21f8c9e83c0ea,Copa Sudamericana,2022,2022-04-26,openfootball/south-america,https://raw.githubusercontent.com/openfootball/south-america/master/copa-libertadores/2022_copas.txt,UNKNOWN,HISTORICAL_REAL,
5a31a502575f6dc2fce75f76,Copa Sudamericana,2022,2022-04-26,openfootball/south-america,https://raw.githubusercontent.com/openfootball/south-america/master/copa-libertadores/2022_copas.txt,UNKNOWN,HISTORICAL_REAL,
f3ed94777d61d2d16733a62a,Copa Libertadores,2022,2022-04-26,ricardo-mattoss/Brazilian-Soccer-Data,https://github.com/ricardo-mattoss/Brazilian-Soccer-Data/blob/master/Data/Libertadores_Matches.csv,UNKNOWN,HISTORICAL_REAL,
eb44e2b05e385082f86eb8fd,Copa Libertadores,2022,2022-04-26,ricardo-mattoss/Brazilian-Soccer-Data,https://github.com/ricardo-mattoss/Brazilian-Soccer-Data/blob/master/Data/Libertadores_Matches.csv,UNKNOWN,HISTORICAL_REAL,
0d2d895f470b63b0363027bf,Copa Libertadores,2022,2022-04-26,ricardo-mattoss/Brazilian-Soccer-Data,https://github.com/ricardo-mattoss/Brazilian-Soccer-Data/blob/master/Data/Libertadores_Matches.csv,UNKNOWN,HISTORICAL_REAL,
8362ed7d1dd5688ae9fe4ecd,Copa Libertadores,2022,2022-04-26,ricardo-mattoss/Brazilian-Soccer-Data,https://github.com/ricardo-mattoss/Brazilian-Soccer-Data/blob/master/Data/Libertadores_Matches.csv,UNKNOWN,HISTORICAL_REAL,
910bd859f0ae64b232e1b263,Copa Libertadores,2022,2022-04-26,ricardo-mattoss/Brazilian-Soccer-Data,https://github.com/ricardo-mattoss/Brazilian-Soccer-Data/blob/master/Data/Libertadores_Matches.csv,UNKNOWN,HISTORICAL_REAL,
bb0b34431df3db9739a916e5,Copa Libertadores,2022,2022-04-27,ricardo-mattoss/Brazilian-Soccer-Data,https://github.com/ricardo-mattoss/Brazilian-Soccer-Data/blob/master/Data/Libertadores_Matches.csv,UNKNOWN,HISTORICAL_REAL,
d47a34b1b2154c61820e89a5,Copa Sudamericana,2022,2022-04-27,openfootball/south-america,https://raw.githubusercontent.com/openfootball/south-america/master/copa-libertadores/2022_copas.txt,UNKNOWN,HISTORICAL_REAL,
1e0cfe4ece266f29d83597c8,Copa Libertadores,2022,2022-04-27,ricardo-mattoss/Brazilian-Soccer-Data,https://github.com/ricardo-mattoss/Brazilian-Soccer-Data/blob/master/Data/Libertadores_Matches.csv,UNKNOWN,HISTORICAL_REAL,
b952440850c82395fe79b09e,Copa Libertadores,2022,2022-04-27,ricardo-mattoss/Brazilian-Soccer-Data,https://github.com/ricardo-mattoss/Brazilian-Soccer-Data/blob/master/Data/Libertadores_Matches.csv,UNKNOWN,HISTORICAL_REAL,
c888217eafeb02668169d487,Copa Sudamericana,2022,2022-04-27,openfootball/south-america,https://raw.githubusercontent.com/openfootball/south-america/master/copa-libertadores/2022_copas.txt,UNKNOWN,HISTORICAL_REAL,
8fb841718b654267d290b0ce,Copa Libertadores,2022,2022-04-27,ricardo-mattoss/Brazilian-Soccer-Data,https://github.com/ricardo-mattoss/Brazilian-Soccer-Data/blob/master/Data/Libertadores_Matches.csv,UNKNOWN,HISTORICAL_REAL,
513e3a7d1b977bfcea74f751,Copa Sudamericana,2022,2022-04-27,openfootball/south-america,https://raw.githubusercontent.com/openfootball/south-america/master/copa-libertadores/2022_copas.txt,UNKNOWN,HISTORICAL_REAL,
cf30b1a07820d3a747baa610,Copa Libertadores,2022,2022-04-27,ricardo-mattoss/Brazilian-Soccer-Data,https://github.com/ricardo-mattoss/Brazilian-Soccer-Data/blob/master/Data/Libertadores_Matches.csv,UNKNOWN,HISTORICAL_REAL,
40c4974905eabb5c430794bd,Copa Sudamericana,2022,2022-04-27,openfootball/south-america,https://raw.githubusercontent.com/openfootball/south-america/master/copa-libertadores/2022_copas.txt,UNKNOWN,HISTORICAL_REAL,
d52bc74463fcb66f3bb39266,Copa Libertadores,2022,2022-04-27,ricardo-mattoss/Brazilian-Soccer-Data,https://github.com/ricardo-mattoss/Brazilian-Soccer-Data/blob/master/Data/Libertadores_Matches.csv,UNKNOWN,HISTORICAL_REAL,
b07aeba5db681d66575a0019,Copa Sudamericana,2022,2022-04-27,openfootball/south-america,https://raw.githubusercontent.com/openfootball/south-america/master/copa-libertadores/2022_copas.txt,UNKNOWN,HISTORICAL_REAL,
896c6682549b024a6c2a1510,Copa Libertadores,2022,2022-04-28,ricardo-mattoss/Brazilian-Soccer-Data,https://github.com/ricardo-mattoss/Brazilian-Soccer-Data/blob/master/Data/Libertadores_Matches.csv,UNKNOWN,HISTORICAL_REAL,
c42758f117b234124043e510,Copa Sudamericana,2022,2022-04-28,openfootball/south-america,https://raw.githubusercontent.com/openfootball/south-america/master/copa-libertadores/2022_copas.txt,UNKNOWN,HISTORICAL_REAL,
6fc74a6e3d8b6f06bc81eeb8,Copa Sudamericana,2022,2022-04-28,openfootball/south-america,https://raw.githubusercontent.com/openfootball/south-america/master/copa-libertadores/2022_copas.txt,UNKNOWN,HISTORICAL_REAL,
589b0ae0884ffeed41143584,Copa Sudamericana,2022,2022-04-28,openfootball/south-america,https://raw.githubusercontent.com/openfootball/south-america/master/copa-libertadores/2022_copas.txt,UNKNOWN,HISTORICAL_REAL,
9cd4fc1c37dcf995ecd7cbbf,Copa Sudamericana,2022,2022-04-28,openfootball/south-america,https://raw.githubusercontent.com/openfootball/south-america/master/copa-libertadores/2022_copas.txt,UNKNOWN,HISTORICAL_REAL,
70fb817e884233a2416ade55,Copa Libertadores,2022,2022-04-28,ricardo-mattoss/Brazilian-Soccer-Data,https://github.com/ricardo-mattoss/Brazilian-Soccer-Data/blob/master/Data/Libertadores_Matches.csv,UNKNOWN,HISTORICAL_REAL,
553be21474ffc383dc6009ab,Copa Sudamericana,2022,2022-04-28,openfootball/south-america,https://raw.githubusercontent.com/openfootball/south-america/master/copa-libertadores/2022_copas.txt,UNKNOWN,HISTORICAL_REAL,
7327c01b07a6f1cdbd317831,Copa Libertadores,2022,2022-04-28,ricardo-mattoss/Brazilian-Soccer-Data,https://github.com/ricardo-mattoss/Brazilian-Soccer-Data/blob/master/Data/Libertadores_Matches.csv,UNKNOWN,HISTORICAL_REAL,
7ab965473d525dac1c838c1b,Copa Sudamericana,2022,2022-04-28,openfootball/south-america,https://raw.githubusercontent.com/openfootball/south-america/master/copa-libertadores/2022_copas.txt,UNKNOWN,HISTORICAL_REAL,
e313586aa2bb7c5b00c305ee,Copa Sudamericana,2022,2022-05-03,openfootball/south-america,https://raw.githubusercontent.com/openfootball/south-america/master/copa-libertadores/2022_copas.txt,UNKNOWN,HISTORICAL_REAL,
8f802f6f5a2f9d93a3fc3572,Copa Libertadores,2022,2022-05-03,ricardo-mattoss/Brazilian-Soccer-Data,https://github.com/ricardo-mattoss/Brazilian-Soccer-Data/blob/master/Data/Libertadores_Matches.csv,UNKNOWN,HISTORICAL_REAL,
f0e54da72c660ed0dbf09d90,Copa Libertadores,2022,2022-05-03,ricardo-mattoss/Brazilian-Soccer-Data,https://github.com/ricardo-mattoss/Brazilian-Soccer-Data/blob/master/Data/Libertadores_Matches.csv,UNKNOWN,HISTORICAL_REAL,
64b7c6d34a7a00d8249f4590,Copa Sudamericana,2022,2022-05-03,openfootball/south-america,https://raw.githubusercontent.com/openfootball/south-america/master/copa-libertadores/2022_copas.txt,UNKNOWN,HISTORICAL_REAL,
0b37305ee983f8bddb85c792,Copa Sudamericana,2022,2022-05-03,openfootball/south-america,https://raw.githubusercontent.com/openfootball/south-america/master/copa-libertadores/2022_copas.txt,UNKNOWN,HISTORICAL_REAL,
0ffe9317577faae8c73d695e,Copa Libertadores,2022,2022-05-03,ricardo-mattoss/Brazilian-Soccer-Data,https://github.com/ricardo-mattoss/Brazilian-Soccer-Data/blob/master/Data/Libertadores_Matches.csv,UNKNOWN,HISTORICAL_REAL,
9f23ef2d11e40b6b84df5df3,Copa Libertadores,2022,2022-05-03,ricardo-mattoss/Brazilian-Soccer-Data,https://github.com/ricardo-mattoss/Brazilian-Soccer-Data/blob/master/Data/Libertadores_Matches.csv,UNKNOWN,HISTORICAL_REAL,
8e1e17de4d050bea947f5724,Copa Sudamericana,2022,2022-05-03,openfootball/south-america,https://raw.githubusercontent.com/openfootball/south-america/master/copa-libertadores/2022_copas.txt,UNKNOWN,HISTORICAL_REAL,
789c481f0a80a20af2baef32,Copa Libertadores,2022,2022-05-03,ricardo-mattoss/Brazilian-Soccer-Data,https://github.com/ricardo-mattoss/Brazilian-Soccer-Data/blob/master/Data/Libertadores_Matches.csv,UNKNOWN,HISTORICAL_REAL,
77b626aebc3ee2a94d4e2fba,Copa Sudamericana,2022,2022-05-03,openfootball/south-america,https://raw.githubusercontent.com/openfootball/south-america/master/copa-libertadores/2022_copas.txt,UNKNOWN,HISTORICAL_REAL,
fb8996fb7380056438be5fca,Copa Libertadores,2022,2022-05-03,ricardo-mattoss/Brazilian-Soccer-Data,https://github.com/ricardo-mattoss/Brazilian-Soccer-Data/blob/master/Data/Libertadores_Matches.csv,UNKNOWN,HISTORICAL_REAL,
7b57d2616210da52f76ee73a,Copa Libertadores,2022,2022-05-04,ricardo-mattoss/Brazilian-Soccer-Data,https://github.com/ricardo-mattoss/Brazilian-Soccer-Data/blob/master/Data/Libertadores_Matches.csv,UNKNOWN,HISTORICAL_REAL,
a3cfe046650d9c42e8f4f9a2,Copa Sudamericana,2022,2022-05-04,openfootball/south-america,https://raw.githubusercontent.com/openfootball/south-america/master/copa-libertadores/2022_copas.txt,UNKNOWN,HISTORICAL_REAL,
b13ed6773de6a9b8c0ca58e9,Copa Sudamericana,2022,2022-05-04,openfootball/south-america,https://raw.githubusercontent.com/openfootball/south-america/master/copa-libertadores/2022_copas.txt,UNKNOWN,HISTORICAL_REAL,
6261b3ebeef379c2c7a5a0f8,Copa Sudamericana,2022,2022-05-04,openfootball/south-america,https://raw.githubusercontent.com/openfootball/south-america/master/copa-libertadores/2022_copas.txt,UNKNOWN,HISTORICAL_REAL,
c317ab81f0516a228f7d1432,Copa Libertadores,2022,2022-05-04,ricardo-mattoss/Brazilian-Soccer-Data,https://github.com/ricardo-mattoss/Brazilian-Soccer-Data/blob/master/Data/Libertadores_Matches.csv,UNKNOWN,HISTORICAL_REAL,
b90d7afff2fea99997354b1f,Copa Libertadores,2022,2022-05-04,ricardo-mattoss/Brazilian-Soccer-Data,https://github.com/ricardo-mattoss/Brazilian-Soccer-Data/blob/master/Data/Libertadores_Matches.csv,UNKNOWN,HISTORICAL_REAL,
2a7738327fa7f38c25e9fb7d,Copa Sudamericana,2022,2022-05-04,openfootball/south-america,https://raw.githubusercontent.com/openfootball/south-america/master/copa-libertadores/2022_copas.txt,UNKNOWN,HISTORICAL_REAL,
8fbb8356f3ed3eb04ed35a2f,Copa Sudamericana,2022,2022-05-04,openfootball/south-america,https://raw.githubusercontent.com/openfootball/south-america/master/copa-libertadores/2022_copas.txt,UNKNOWN,HISTORICAL_REAL,
87e4f1c97b563166e0ac49fe,Copa Libertadores,2022,2022-05-04,ricardo-mattoss/Brazilian-Soccer-Data,https://github.com/ricardo-mattoss/Brazilian-Soccer-Data/blob/master/Data/Libertadores_Matches.csv,UNKNOWN,HISTORICAL_REAL,
c0471143efd34ab7615ef9f6,Copa Libertadores,2022,2022-05-04,ricardo-mattoss/Brazilian-Soccer-Data,https://github.com/ricardo-mattoss/Brazilian-Soccer-Data/blob/master/Data/Libertadores_Matches.csv,UNKNOWN,HISTORICAL_REAL,
4dbfc02a6fa2dd6f98aa0fed,Copa Libertadores,2022,2022-05-04,ricardo-mattoss/Brazilian-Soccer-Data,https://github.com/ricardo-mattoss/Brazilian-Soccer-Data/blob/master/Data/Libertadores_Matches.csv,UNKNOWN,HISTORICAL_REAL,
0c0019ded9ce1084a8ab0a8f,Copa Libertadores,2022,2022-05-04,ricardo-mattoss/Brazilian-Soccer-Data,https://github.com/ricardo-mattoss/Brazilian-Soccer-Data/blob/master/Data/Libertadores_Matches.csv,UNKNOWN,HISTORICAL_REAL,
a867080aa1f912110f8e2bda,Copa Libertadores,2022,2022-05-05,ricardo-mattoss/Brazilian-Soccer-Data,https://github.com/ricardo-mattoss/Brazilian-Soccer-Data/blob/master/Data/Libertadores_Matches.csv,UNKNOWN,HISTORICAL_REAL,
943d14e70086d2e350714c93,Copa Sudamericana,2022,2022-05-05,openfootball/south-america,https://raw.githubusercontent.com/openfootball/south-america/master/copa-libertadores/2022_copas.txt,UNKNOWN,HISTORICAL_REAL,
4b5e9df518c68aace0422d3b,Copa Sudamericana,2022,2022-05-05,openfootball/south-america,https://raw.githubusercontent.com/openfootball/south-america/master/copa-libertadores/2022_copas.txt,UNKNOWN,HISTORICAL_REAL,
c2d1768e29d399d72ccce984,Copa Sudamericana,2022,2022-05-05,openfootball/south-america,https://raw.githubusercontent.com/openfootball/south-america/master/copa-libertadores/2022_copas.txt,UNKNOWN,HISTORICAL_REAL,
96167103ef32ef045b9a9778,Copa Libertadores,2022,2022-05-05,ricardo-mattoss/Brazilian-Soccer-Data,https://github.com/ricardo-mattoss/Brazilian-Soccer-Data/blob/master/Data/Libertadores_Matches.csv,UNKNOWN,HISTORICAL_REAL,
fe7d26a4fb2c4c3b229a7622,Copa Sudamericana,2022,2022-05-05,openfootball/south-america,https://raw.githubusercontent.com/openfootball/south-america/master/copa-libertadores/2022_copas.txt,UNKNOWN,HISTORICAL_REAL,
c20608cb1515b3821f428473,Copa Libertadores,2022,2022-05-05,ricardo-mattoss/Brazilian-Soccer-Data,https://github.com/ricardo-mattoss/Brazilian-Soccer-Data/blob/master/Data/Libertadores_Matches.csv,UNKNOWN,HISTORICAL_REAL,
763a5828cb7a0638454cdf29,Copa Sudamericana,2022,2022-05-05,openfootball/south-america,https://raw.githubusercontent.com/openfootball/south-america/master/copa-libertadores/2022_copas.txt,UNKNOWN,HISTORICAL_REAL,
9fe09a73c691571b44a18eb4,Copa Sudamericana,2022,2022-05-05,openfootball/south-america,https://raw.githubusercontent.com/openfootball/south-america/master/copa-libertadores/2022_copas.txt,UNKNOWN,HISTORICAL_REAL,
4e7df2028d5bf190e8709827,Copa Sudamericana,2022,2022-05-17,openfootball/south-america,https://raw.githubusercontent.com/openfootball/south-america/master/copa-libertadores/2022_copas.txt,UNKNOWN,HISTORICAL_REAL,
7a5ec93bc0add0aaa1d7d9a6,Copa Sudamericana,2022,2022-05-17,openfootball/south-america,https://raw.githubusercontent.com/openfootball/south-america/master/copa-libertadores/2022_copas.txt,UNKNOWN,HISTORICAL_REAL,
598c5c008603e4271cf6ec58,Copa Sudamericana,2022,2022-05-17,openfootball/south-america,https://raw.githubusercontent.com/openfootball/south-america/master/copa-libertadores/2022_copas.txt,UNKNOWN,HISTORICAL_REAL,
89b4b05cdf2c2203376f0565,Copa Sudamericana,2022,2022-05-17,openfootball/south-america,https://raw.githubusercontent.com/openfootball/south-america/master/copa-libertadores/2022_copas.txt,UNKNOWN,HISTORICAL_REAL,
c275d44743ca291c0b406fa0,Copa Libertadores,2022,2022-05-17,ricardo-mattoss/Brazilian-Soccer-Data,https://github.com/ricardo-mattoss/Brazilian-Soccer-Data/blob/master/Data/Libertadores_Matches.csv,UNKNOWN,HISTORICAL_REAL,
eca19ec5e7de4e6f14083838,Copa Libertadores,2022,2022-05-17,ricardo-mattoss/Brazilian-Soccer-Data,https://github.com/ricardo-mattoss/Brazilian-Soccer-Data/blob/master/Data/Libertadores_Matches.csv,UNKNOWN,HISTORICAL_REAL,
0d7d0126193be695c469b576,Copa Sudamericana,2022,2022-05-17,openfootball/south-america,https://raw.githubusercontent.com/openfootball/south-america/master/copa-libertadores/2022_copas.txt,UNKNOWN,HISTORICAL_REAL,
3341ad464b5e2ec35489d6be,Copa Libertadores,2022,2022-05-17,ricardo-mattoss/Brazilian-Soccer-Data,https://github.com/ricardo-mattoss/Brazilian-Soccer-Data/blob/master/Data/Libertadores_Matches.csv,UNKNOWN,HISTORICAL_REAL,
e6002c6ee222db3dad133db2,Copa Sudamericana,2022,2022-05-17,openfootball/south-america,https://raw.githubusercontent.com/openfootball/south-america/master/copa-libertadores/2022_copas.txt,UNKNOWN,HISTORICAL_REAL,
76bcb28f7efc94b3915c1470,Copa Libertadores,2022,2022-05-17,ricardo-mattoss/Brazilian-Soccer-Data,https://github.com/ricardo-mattoss/Brazilian-Soccer-Data/blob/master/Data/Libertadores_Matches.csv,UNKNOWN,HISTORICAL_REAL,
6651e5dea85fe402ee8870a4,Copa Libertadores,2022,2022-05-17,ricardo-mattoss/Brazilian-Soccer-Data,https://github.com/ricardo-mattoss/Brazilian-Soccer-Data/blob/master/Data/Libertadores_Matches.csv,UNKNOWN,HISTORICAL_REAL,
e1d6add65bb2c9d8c224303e,Copa Libertadores,2022,2022-05-17,ricardo-mattoss/Brazilian-Soccer-Data,https://github.com/ricardo-mattoss/Brazilian-Soccer-Data/blob/master/Data/Libertadores_Matches.csv,UNKNOWN,HISTORICAL_REAL,
2cf183abd3ce69cd21fcc843,Copa Libertadores,2022,2022-05-18,ricardo-mattoss/Brazilian-Soccer-Data,https://github.com/ricardo-mattoss/Brazilian-Soccer-Data/blob/master/Data/Libertadores_Matches.csv,UNKNOWN,HISTORICAL_REAL,
8d1d1ca2ba731c2a8b290058,Copa Libertadores,2022,2022-05-18,ricardo-mattoss/Brazilian-Soccer-Data,https://github.com/ricardo-mattoss/Brazilian-Soccer-Data/blob/master/Data/Libertadores_Matches.csv,UNKNOWN,HISTORICAL_REAL,
e255f2bf4cb5137905e55002,Copa Sudamericana,2022,2022-05-18,openfootball/south-america,https://raw.githubusercontent.com/openfootball/south-america/master/copa-libertadores/2022_copas.txt,UNKNOWN,HISTORICAL_REAL,
73f3f8441a981aeb531e09f3,Copa Libertadores,2022,2022-05-18,ricardo-mattoss/Brazilian-Soccer-Data,https://github.com/ricardo-mattoss/Brazilian-Soccer-Data/blob/master/Data/Libertadores_Matches.csv,UNKNOWN,HISTORICAL_REAL,
9936ba17599c240d3e3cc410,Copa Libertadores,2022,2022-05-18,ricardo-mattoss/Brazilian-Soccer-Data,https://github.com/ricardo-mattoss/Brazilian-Soccer-Data/blob/master/Data/Libertadores_Matches.csv,UNKNOWN,HISTORICAL_REAL,
a3ba12e3a25c4ddd39f7f6d5,Copa Sudamericana,2022,2022-05-18,openfootball/south-america,https://raw.githubusercontent.com/openfootball/south-america/master/copa-libertadores/2022_copas.txt,UNKNOWN,HISTORICAL_REAL,
c24618a82a72a44c36936f69,Copa Libertadores,2022,2022-05-18,ricardo-mattoss/Brazilian-Soccer-Data,https://github.com/ricardo-mattoss/Brazilian-Soccer-Data/blob/master/Data/Libertadores_Matches.csv,UNKNOWN,HISTORICAL_REAL,
5916e6d85557a582a37ec49c,Copa Libertadores,2022,2022-05-18,ricardo-mattoss/Brazilian-Soccer-Data,https://github.com/ricardo-mattoss/Brazilian-Soccer-Data/blob/master/Data/Libertadores_Matches.csv,UNKNOWN,HISTORICAL_REAL,
c89e989230c61f2f718c5a21,Copa Sudamericana,2022,2022-05-18,openfootball/south-america,https://raw.githubusercontent.com/openfootball/south-america/master/copa-libertadores/2022_copas.txt,UNKNOWN,HISTORICAL_REAL,
ccab5c92eb750fcbc0388a5a,Copa Sudamericana,2022,2022-05-18,openfootball/south-america,https://raw.githubusercontent.com/openfootball/south-america/master/copa-libertadores/2022_copas.txt,UNKNOWN,HISTORICAL_REAL,
f0c3c948ee6ae9399f17eacb,Copa Sudamericana,2022,2022-05-18,openfootball/south-america,https://raw.githubusercontent.com/openfootball/south-america/master/copa-libertadores/2022_copas.txt,UNKNOWN,HISTORICAL_REAL,
8a18633dd190320a3c88ae43,Copa Libertadores,2022,2022-05-18,ricardo-mattoss/Brazilian-Soccer-Data,https://github.com/ricardo-mattoss/Brazilian-Soccer-Data/blob/master/Data/Libertadores_Matches.csv,UNKNOWN,HISTORICAL_REAL,
a308745fd3dd66e170632281,Copa Libertadores,2022,2022-05-19,ricardo-mattoss/Brazilian-Soccer-Data,https://github.com/ricardo-mattoss/Brazilian-Soccer-Data/blob/master/Data/Libertadores_Matches.csv,UNKNOWN,HISTORICAL_REAL,
4f892492cbc9b134e0a46688,Copa Libertadores,2022,2022-05-19,ricardo-mattoss/Brazilian-Soccer-Data,https://github.com/ricardo-mattoss/Brazilian-Soccer-Data/blob/master/Data/Libertadores_Matches.csv,UNKNOWN,HISTORICAL_REAL,
1da1af451fca635d2d02e13b,Copa Sudamericana,2022,2022-05-19,openfootball/south-america,https://raw.githubusercontent.com/openfootball/south-america/master/copa-libertadores/2022_copas.txt,UNKNOWN,HISTORICAL_REAL,
7468e95a40884b37e7d7ed93,Copa Sudamericana,2022,2022-05-19,openfootball/south-america,https://raw.githubusercontent.com/openfootball/south-america/master/copa-libertadores/2022_copas.txt,UNKNOWN,HISTORICAL_REAL,
549e337143ca071a7f7eea14,Copa Sudamericana,2022,2022-05-19,openfootball/south-america,https://raw.githubusercontent.com/openfootball/south-america/master/copa-libertadores/2022_copas.txt,UNKNOWN,HISTORICAL_REAL,
fceeb2e0dbff489b1165d5dc,Copa Libertadores,2022,2022-05-19,ricardo-mattoss/Brazilian-Soccer-Data,https://github.com/ricardo-mattoss/Brazilian-Soccer-Data/blob/master/Data/Libertadores_Matches.csv,UNKNOWN,HISTORICAL_REAL,
09538899fbf501fb43e0c855,Copa Sudamericana,2022,2022-05-19,openfootball/south-america,https://raw.githubusercontent.com/openfootball/south-america/master/copa-libertadores/2022_copas.txt,UNKNOWN,HISTORICAL_REAL,
071a02dfe39ba3b022d3d62e,Copa Sudamericana,2022,2022-05-19,openfootball/south-america,https://raw.githubusercontent.com/openfootball/south-america/master/copa-libertadores/2022_copas.txt,UNKNOWN,HISTORICAL_REAL,
c1c44a9c1d0b10883b701d97,Copa Sudamericana,2022,2022-05-24,openfootball/south-america,https://raw.githubusercontent.com/openfootball/south-america/master/copa-libertadores/2022_copas.txt,UNKNOWN,HISTORICAL_REAL,
c4c1b3681aae43cf79a9eb7f,Copa Libertadores,2022,2022-05-24,ricardo-mattoss/Brazilian-Soccer-Data,https://github.com/ricardo-mattoss/Brazilian-Soccer-Data/blob/master/Data/Libertadores_Matches.csv,UNKNOWN,HISTORICAL_REAL,
9cf687b5dc14e6e25d479a44,Copa Libertadores,2022,2022-05-24,ricardo-mattoss/Brazilian-Soccer-Data,https://github.com/ricardo-mattoss/Brazilian-Soccer-Data/blob/master/Data/Libertadores_Matches.csv,UNKNOWN,HISTORICAL_REAL,
a97e3a1d5783785377bbff38,Copa Sudamericana,2022,2022-05-24,openfootball/south-america,https://raw.githubusercontent.com/openfootball/south-america/master/copa-libertadores/2022_copas.txt,UNKNOWN,HISTORICAL_REAL,
615ad5aa23186818bc6dfdb1,Copa Sudamericana,2022,2022-05-24,openfootball/south-america,https://raw.githubusercontent.com/openfootball/south-america/master/copa-libertadores/2022_copas.txt,UNKNOWN,HISTORICAL_REAL,
ff72ae4eb9151ffef24f6da5,Copa Sudamericana,2022,2022-05-24,openfootball/south-america,https://raw.githubusercontent.com/openfootball/south-america/master/copa-libertadores/2022_copas.txt,UNKNOWN,HISTORICAL_REAL,
358a0fd91b6e0c86166dcb65,Copa Libertadores,2022,2022-05-24,ricardo-mattoss/Brazilian-Soccer-Data,https://github.com/ricardo-mattoss/Brazilian-Soccer-Data/blob/master/Data/Libertadores_Matches.csv,UNKNOWN,HISTORICAL_REAL,
51bb01feda8e2d86b9f43be9,Copa Libertadores,2022,2022-05-24,ricardo-mattoss/Brazilian-Soccer-Data,https://github.com/ricardo-mattoss/Brazilian-Soccer-Data/blob/master/Data/Libertadores_Matches.csv,UNKNOWN,HISTORICAL_REAL,
ca997a69bda8db79b750757e,Copa Sudamericana,2022,2022-05-24,openfootball/south-america,https://raw.githubusercontent.com/openfootball/south-america/master/copa-libertadores/2022_copas.txt,UNKNOWN,HISTORICAL_REAL,
ee0d3fe803759bc9471bac06,Copa Libertadores,2022,2022-05-24,ricardo-mattoss/Brazilian-Soccer-Data,https://github.com/ricardo-mattoss/Brazilian-Soccer-Data/blob/master/Data/Libertadores_Matches.csv,UNKNOWN,HISTORICAL_REAL,
549fd22a692570660a61a596,Copa Sudamericana,2022,2022-05-24,openfootball/south-america,https://raw.githubusercontent.com/openfootball/south-america/master/copa-libertadores/2022_copas.txt,UNKNOWN,HISTORICAL_REAL,
63c2fd7ef3e0454d96bd2540,Copa Libertadores,2022,2022-05-24,ricardo-mattoss/Brazilian-Soccer-Data,https://github.com/ricardo-mattoss/Brazilian-Soccer-Data/blob/master/Data/Libertadores_Matches.csv,UNKNOWN,HISTORICAL_REAL,
6bff31c27c9edceb181aade5,Copa Libertadores,2022,2022-05-25,ricardo-mattoss/Brazilian-Soccer-Data,https://github.com/ricardo-mattoss/Brazilian-Soccer-Data/blob/master/Data/Libertadores_Matches.csv,UNKNOWN,HISTORICAL_REAL,
7bbee2b7892b43661919dca3,Copa Libertadores,2022,2022-05-25,ricardo-mattoss/Brazilian-Soccer-Data,https://github.com/ricardo-mattoss/Brazilian-Soccer-Data/blob/master/Data/Libertadores_Matches.csv,UNKNOWN,HISTORICAL_REAL,
fd5f45fa276cf78ab1c409ff,Copa Libertadores,2022,2022-05-25,ricardo-mattoss/Brazilian-Soccer-Data,https://github.com/ricardo-mattoss/Brazilian-Soccer-Data/blob/master/Data/Libertadores_Matches.csv,UNKNOWN,HISTORICAL_REAL,
df2ee2eade76d2f21a428c1b,Copa Sudamericana,2022,2022-05-25,openfootball/south-america,https://raw.githubusercontent.com/openfootball/south-america/master/copa-libertadores/2022_copas.txt,UNKNOWN,HISTORICAL_REAL,
059554041ab5a22ce4d9bdf3,Copa Sudamericana,2022,2022-05-25,openfootball/south-america,https://raw.githubusercontent.com/openfootball/south-america/master/copa-libertadores/2022_copas.txt,UNKNOWN,HISTORICAL_REAL,
d0ca0d920a14287934b3b3ef,Copa Libertadores,2022,2022-05-25,ricardo-mattoss/Brazilian-Soccer-Data,https://github.com/ricardo-mattoss/Brazilian-Soccer-Data/blob/master/Data/Libertadores_Matches.csv,UNKNOWN,HISTORICAL_REAL,
0ada3495b9ed0b7c57054d05,Copa Sudamericana,2022,2022-05-25,openfootball/south-america,https://raw.githubusercontent.com/openfootball/south-america/master/copa-libertadores/2022_copas.txt,UNKNOWN,HISTORICAL_REAL,
f397c4a0396ea68a3f26a040,Copa Sudamericana,2022,2022-05-25,openfootball/south-america,https://raw.githubusercontent.com/openfootball/south-america/master/copa-libertadores/2022_copas.txt,UNKNOWN,HISTORICAL_REAL,
86ca747640aedfb0181d7ff6,Copa Sudamericana,2022,2022-05-25,openfootball/south-america,https://raw.githubusercontent.com/openfootball/south-america/master/copa-libertadores/2022_copas.txt,UNKNOWN,HISTORICAL_REAL,
ba7064c3aa05658d6f13dba4,Copa Libertadores,2022,2022-05-25,ricardo-mattoss/Brazilian-Soccer-Data,https://github.com/ricardo-mattoss/Brazilian-Soccer-Data/blob/master/Data/Libertadores_Matches.csv,UNKNOWN,HISTORICAL_REAL,
37b358d070162242483c6c3a,Copa Libertadores,2022,2022-05-25,ricardo-mattoss/Brazilian-Soccer-Data,https://github.com/ricardo-mattoss/Brazilian-Soccer-Data/blob/master/Data/Libertadores_Matches.csv,UNKNOWN,HISTORICAL_REAL,
4cb02949e2f1d848fce085a3,Copa Sudamericana,2022,2022-05-25,openfootball/south-america,https://raw.githubusercontent.com/openfootball/south-america/master/copa-libertadores/2022_copas.txt,UNKNOWN,HISTORICAL_REAL,
1458e4631c99943704f16c25,Copa Libertadores,2022,2022-05-26,ricardo-mattoss/Brazilian-Soccer-Data,https://github.com/ricardo-mattoss/Brazilian-Soccer-Data/blob/master/Data/Libertadores_Matches.csv,UNKNOWN,HISTORICAL_REAL,
bbb558c06a68e2b7e2390171,Copa Sudamericana,2022,2022-05-26,openfootball/south-america,https://raw.githubusercontent.com/openfootball/south-america/master/copa-libertadores/2022_copas.txt,UNKNOWN,HISTORICAL_REAL,
072fbe1815cfa7dea3291f8f,Copa Libertadores,2022,2022-05-26,ricardo-mattoss/Brazilian-Soccer-Data,https://github.com/ricardo-mattoss/Brazilian-Soccer-Data/blob/master/Data/Libertadores_Matches.csv,UNKNOWN,HISTORICAL_REAL,
e1201def8d9c25ec852e158e,Copa Libertadores,2022,2022-05-26,ricardo-mattoss/Brazilian-Soccer-Data,https://github.com/ricardo-mattoss/Brazilian-Soccer-Data/blob/master/Data/Libertadores_Matches.csv,UNKNOWN,HISTORICAL_REAL,
fb907c4ae863fa074a70385a,Copa Sudamericana,2022,2022-05-26,openfootball/south-america,https://raw.githubusercontent.com/openfootball/south-america/master/copa-libertadores/2022_copas.txt,UNKNOWN,HISTORICAL_REAL,
250139d4882a7c8f8eed6b3f,Copa Libertadores,2022,2022-05-26,ricardo-mattoss/Brazilian-Soccer-Data,https://github.com/ricardo-mattoss/Brazilian-Soccer-Data/blob/master/Data/Libertadores_Matches.csv,UNKNOWN,HISTORICAL_REAL,
7b5d6b7eb21ea958347c91f7,Copa Sudamericana,2022,2022-05-26,openfootball/south-america,https://raw.githubusercontent.com/openfootball/south-america/master/copa-libertadores/2022_copas.txt,UNKNOWN,HISTORICAL_REAL,
c1750b180c6ba9b6cc9e0de2,Copa Sudamericana,2022,2022-05-26,openfootball/south-america,https://raw.githubusercontent.com/openfootball/south-america/master/copa-libertadores/2022_copas.txt,UNKNOWN,HISTORICAL_REAL,
9f565ae7c1ccd0b8d0617147,Copa Libertadores,2022,2022-06-28,ricardo-mattoss/Brazilian-Soccer-Data,https://github.com/ricardo-mattoss/Brazilian-Soccer-Data/blob/master/Data/Libertadores_Matches.csv,UNKNOWN,HISTORICAL_REAL,
a6b69635f0bcb8a6d277aee7,Copa Sudamericana,2022,2022-06-28,openfootball/south-america,https://raw.githubusercontent.com/openfootball/south-america/master/copa-libertadores/2022_copas.txt,UNKNOWN,HISTORICAL_REAL,
dabcec074665bd90a63b3616,Copa Libertadores,2022,2022-06-28,ricardo-mattoss/Brazilian-Soccer-Data,https://github.com/ricardo-mattoss/Brazilian-Soccer-Data/blob/master/Data/Libertadores_Matches.csv,UNKNOWN,HISTORICAL_REAL,
9d2678963e366ccce6126dd7,Copa Libertadores,2022,2022-06-28,ricardo-mattoss/Brazilian-Soccer-Data,https://github.com/ricardo-mattoss/Brazilian-Soccer-Data/blob/master/Data/Libertadores_Matches.csv,UNKNOWN,HISTORICAL_REAL,
a29acc9136bf131281e8b2e4,Copa Sudamericana,2022,2022-06-28,openfootball/south-america,https://raw.githubusercontent.com/openfootball/south-america/master/copa-libertadores/2022_copas.txt,UNKNOWN,HISTORICAL_REAL,
5e2003440b230a733782d212,Copa Libertadores,2022,2022-06-29,ricardo-mattoss/Brazilian-Soccer-Data,https://github.com/ricardo-mattoss/Brazilian-Soccer-Data/blob/master/Data/Libertadores_Matches.csv,UNKNOWN,HISTORICAL_REAL,
578b8ec579870409b88d771f,Copa Sudamericana,2022,2022-06-29,openfootball/south-america,https://raw.githubusercontent.com/openfootball/south-america/master/copa-libertadores/2022_copas.txt,UNKNOWN,HISTORICAL_REAL,
0aa0cabdc19181c4bf1c80c5,Copa Sudamericana,2022,2022-06-29,openfootball/south-america,https://raw.githubusercontent.com/openfootball/south-america/master/copa-libertadores/2022_copas.txt,UNKNOWN,HISTORICAL_REAL,
574c77cd7411d1617e480486,Copa Libertadores,2022,2022-06-29,ricardo-mattoss/Brazilian-Soccer-Data,https://github.com/ricardo-mattoss/Brazilian-Soccer-Data/blob/master/Data/Libertadores_Matches.csv,UNKNOWN,HISTORICAL_REAL,
f998346a9172d26b06035812,Copa Sudamericana,2022,2022-06-29,openfootball/south-america,https://raw.githubusercontent.com/openfootball/south-america/master/copa-libertadores/2022_copas.txt,UNKNOWN,HISTORICAL_REAL,
6afcd8bed1d59a9b03d41184,Copa Libertadores,2022,2022-06-29,ricardo-mattoss/Brazilian-Soccer-Data,https://github.com/ricardo-mattoss/Brazilian-Soccer-Data/blob/master/Data/Libertadores_Matches.csv,UNKNOWN,HISTORICAL_REAL,
0c2a7a0b252fb7a072cc1386,Copa Libertadores,2022,2022-06-29,ricardo-mattoss/Brazilian-Soccer-Data,https://github.com/ricardo-mattoss/Brazilian-Soccer-Data/blob/master/Data/Libertadores_Matches.csv,UNKNOWN,HISTORICAL_REAL,
19f2b345befd06d070e8a449,Copa Sudamericana,2022,2022-06-30,openfootball/south-america,https://raw.githubusercontent.com/openfootball/south-america/master/copa-libertadores/2022_copas.txt,UNKNOWN,HISTORICAL_REAL,
4cf79085ba0ebf7195909b24,Copa Libertadores,2022,2022-06-30,ricardo-mattoss/Brazilian-Soccer-Data,https://github.com/ricardo-mattoss/Brazilian-Soccer-Data/blob/master/Data/Libertadores_Matches.csv,UNKNOWN,HISTORICAL_REAL,
2c7b45e1bf33b6f9b5d0038c,Copa Sudamericana,2022,2022-06-30,openfootball/south-america,https://raw.githubusercontent.com/openfootball/south-america/master/copa-libertadores/2022_copas.txt,UNKNOWN,HISTORICAL_REAL,
10fb874c3837a8ae249f5398,Copa Sudamericana,2022,2022-06-30,openfootball/south-america,https://raw.githubusercontent.com/openfootball/south-america/master/copa-libertadores/2022_copas.txt,UNKNOWN,HISTORICAL_REAL,
56c5fafc4afb0805f4a99838,Copa Libertadores,2022,2022-07-05,ricardo-mattoss/Brazilian-Soccer-Data,https://github.com/ricardo-mattoss/Brazilian-Soccer-Data/blob/master/Data/Libertadores_Matches.csv,UNKNOWN,HISTORICAL_REAL,
55f406014bcc5675046afeb9,Copa Libertadores,2022,2022-07-05,ricardo-mattoss/Brazilian-Soccer-Data,https://github.com/ricardo-mattoss/Brazilian-Soccer-Data/blob/master/Data/Libertadores_Matches.csv,UNKNOWN,HISTORICAL_REAL,
f20ff5c5ed08e4762a41a358,Copa Sudamericana,2022,2022-07-05,openfootball/south-america,https://raw.githubusercontent.com/openfootball/south-america/master/copa-libertadores/2022_copas.txt,UNKNOWN,HISTORICAL_REAL,
d738db3452a195fa32e45e2e,Copa Libertadores,2022,2022-07-05,ricardo-mattoss/Brazilian-Soccer-Data,https://github.com/ricardo-mattoss/Brazilian-Soccer-Data/blob/master/Data/Libertadores_Matches.csv,UNKNOWN,HISTORICAL_REAL,
1b785e9d800aa7fd4cf7a506,Copa Sudamericana,2022,2022-07-05,openfootball/south-america,https://raw.githubusercontent.com/openfootball/south-america/master/copa-libertadores/2022_copas.txt,UNKNOWN,HISTORICAL_REAL,
3971abeed67d73c9cfb3277a,Copa Sudamericana,2022,2022-07-06,openfootball/south-america,https://raw.githubusercontent.com/openfootball/south-america/master/copa-libertadores/2022_copas.txt,UNKNOWN,HISTORICAL_REAL,
4a162b6dc7c248b71a813ad1,Copa Libertadores,2022,2022-07-06,ricardo-mattoss/Brazilian-Soccer-Data,https://github.com/ricardo-mattoss/Brazilian-Soccer-Data/blob/master/Data/Libertadores_Matches.csv,UNKNOWN,HISTORICAL_REAL,
38dcadb6a7c22be8c14beaf9,Copa Sudamericana,2022,2022-07-06,openfootball/south-america,https://raw.githubusercontent.com/openfootball/south-america/master/copa-libertadores/2022_copas.txt,UNKNOWN,HISTORICAL_REAL,
348c58a9d40307011f086a09,Copa Libertadores,2022,2022-07-06,ricardo-mattoss/Brazilian-Soccer-Data,https://github.com/ricardo-mattoss/Brazilian-Soccer-Data/blob/master/Data/Libertadores_Matches.csv,UNKNOWN,HISTORICAL_REAL,
b4a5e858ba1884082b2ecd43,Copa Libertadores,2022,2022-07-06,ricardo-mattoss/Brazilian-Soccer-Data,https://github.com/ricardo-mattoss/Brazilian-Soccer-Data/blob/master/Data/Libertadores_Matches.csv,UNKNOWN,HISTORICAL_REAL,
0888b1ef687d2ad1f27b7271,Copa Libertadores,2022,2022-07-06,ricardo-mattoss/Brazilian-Soccer-Data,https://github.com/ricardo-mattoss/Brazilian-Soccer-Data/blob/master/Data/Libertadores_Matches.csv,UNKNOWN,HISTORICAL_REAL,
9c054ab46d6288e86cb42b1a,Copa Sudamericana,2022,2022-07-06,openfootball/south-america,https://raw.githubusercontent.com/openfootball/south-america/master/copa-libertadores/2022_copas.txt,UNKNOWN,HISTORICAL_REAL,
b494ca5dabc4cd81dc163e23,Copa Sudamericana,2022,2022-07-07,openfootball/south-america,https://raw.githubusercontent.com/openfootball/south-america/master/copa-libertadores/2022_copas.txt,UNKNOWN,HISTORICAL_REAL,
dba8556726a6171e84e39a8d,Copa Libertadores,2022,2022-07-07,ricardo-mattoss/Brazilian-Soccer-Data,https://github.com/ricardo-mattoss/Brazilian-Soccer-Data/blob/master/Data/Libertadores_Matches.csv,UNKNOWN,HISTORICAL_REAL,
9226f8aeadb920cf77598bbc,Copa Sudamericana,2022,2022-07-07,openfootball/south-america,https://raw.githubusercontent.com/openfootball/south-america/master/copa-libertadores/2022_copas.txt,UNKNOWN,HISTORICAL_REAL,
11f64c6606678f5bb87ad1e1,Copa Sudamericana,2022,2022-07-07,openfootball/south-america,https://raw.githubusercontent.com/openfootball/south-america/master/copa-libertadores/2022_copas.txt,UNKNOWN,HISTORICAL_REAL,
6d20c3fe5bcacb81c53866a4,Copa Libertadores,2022,2022-08-02,ricardo-mattoss/Brazilian-Soccer-Data,https://github.com/ricardo-mattoss/Brazilian-Soccer-Data/blob/master/Data/Libertadores_Matches.csv,UNKNOWN,HISTORICAL_REAL,
33e5e38d8460351a2a3316f0,Copa Sudamericana,2022,2022-08-02,openfootball/south-america,https://raw.githubusercontent.com/openfootball/south-america/master/copa-libertadores/2022_copas.txt,UNKNOWN,HISTORICAL_REAL,
ab1b958ae466d1a3b4be5347,Copa Sudamericana,2022,2022-08-02,openfootball/south-america,https://raw.githubusercontent.com/openfootball/south-america/master/copa-libertadores/2022_copas.txt,UNKNOWN,HISTORICAL_REAL,
7dde1d81bdceeec9441ba928,Copa Libertadores,2022,2022-08-03,ricardo-mattoss/Brazilian-Soccer-Data,https://github.com/ricardo-mattoss/Brazilian-Soccer-Data/blob/master/Data/Libertadores_Matches.csv,UNKNOWN,HISTORICAL_REAL,
ff8569e086dfc82715efb93a,Copa Sudamericana,2022,2022-08-03,openfootball/south-america,https://raw.githubusercontent.com/openfootball/south-america/master/copa-libertadores/2022_copas.txt,UNKNOWN,HISTORICAL_REAL,
9ee1d6b3b61d06d944655e61,Copa Libertadores,2022,2022-08-03,ricardo-mattoss/Brazilian-Soccer-Data,https://github.com/ricardo-mattoss/Brazilian-Soccer-Data/blob/master/Data/Libertadores_Matches.csv,UNKNOWN,HISTORICAL_REAL,
c8e062134e680e28a825b933,Copa Libertadores,2022,2022-08-04,ricardo-mattoss/Brazilian-Soccer-Data,https://github.com/ricardo-mattoss/Brazilian-Soccer-Data/blob/master/Data/Libertadores_Matches.csv,UNKNOWN,HISTORICAL_REAL,
8d4e55e2d57741587a24f07f,Copa Sudamericana,2022,2022-08-04,openfootball/south-america,https://raw.githubusercontent.com/openfootball/south-america/master/copa-libertadores/2022_copas.txt,UNKNOWN,HISTORICAL_REAL,
c41141b2d7cf7c90ea7f436f,Copa Sudamericana,2022,2022-08-09,openfootball/south-america,https://raw.githubusercontent.com/openfootball/south-america/master/copa-libertadores/2022_copas.txt,UNKNOWN,HISTORICAL_REAL,
455f4dc1dbb264fc44b018a3,Copa Libertadores,2022,2022-08-09,ricardo-mattoss/Brazilian-Soccer-Data,https://github.com/ricardo-mattoss/Brazilian-Soccer-Data/blob/master/Data/Libertadores_Matches.csv,UNKNOWN,HISTORICAL_REAL,
0bd363e304ccc1b4d7e44e73,Copa Sudamericana,2022,2022-08-09,openfootball/south-america,https://raw.githubusercontent.com/openfootball/south-america/master/copa-libertadores/2022_copas.txt,UNKNOWN,HISTORICAL_REAL,
3835f5b0c16540c7e5df8c83,Copa Sudamericana,2022,2022-08-10,openfootball/south-america,https://raw.githubusercontent.com/openfootball/south-america/master/copa-libertadores/2022_copas.txt,UNKNOWN,HISTORICAL_REAL,
471af5588c55ddaf1239cde4,Copa Libertadores,2022,2022-08-10,ricardo-mattoss/Brazilian-Soccer-Data,https://github.com/ricardo-mattoss/Brazilian-Soccer-Data/blob/master/Data/Libertadores_Matches.csv,UNKNOWN,HISTORICAL_REAL,
10eb72845dd055290df5206b,Copa Libertadores,2022,2022-08-10,ricardo-mattoss/Brazilian-Soccer-Data,https://github.com/ricardo-mattoss/Brazilian-Soccer-Data/blob/master/Data/Libertadores_Matches.csv,UNKNOWN,HISTORICAL_REAL,
673d4432ceb9e4679b829118,Copa Libertadores,2022,2022-08-11,ricardo-mattoss/Brazilian-Soccer-Data,https://github.com/ricardo-mattoss/Brazilian-Soccer-Data/blob/master/Data/Libertadores_Matches.csv,UNKNOWN,HISTORICAL_REAL,
7b3a82fc0fb56a6541d60f7d,Copa Sudamericana,2022,2022-08-11,openfootball/south-america,https://raw.githubusercontent.com/openfootball/south-america/master/copa-libertadores/2022_copas.txt,UNKNOWN,HISTORICAL_REAL,
c1d0fe14a779a2604b7518e9,Copa Libertadores,2022,2022-08-30,ricardo-mattoss/Brazilian-Soccer-Data,https://github.com/ricardo-mattoss/Brazilian-Soccer-Data/blob/master/Data/Libertadores_Matches.csv,UNKNOWN,HISTORICAL_REAL,
a7b28942156717c8a4f980b6,Copa Sudamericana,2022,2022-08-31,openfootball/south-america,https://raw.githubusercontent.com/openfootball/south-america/master/copa-libertadores/2022_copas.txt,UNKNOWN,HISTORICAL_REAL,
996b19315ff6a5cd54563030,Copa Libertadores,2022,2022-08-31,ricardo-mattoss/Brazilian-Soccer-Data,https://github.com/ricardo-mattoss/Brazilian-Soccer-Data/blob/master/Data/Libertadores_Matches.csv,UNKNOWN,HISTORICAL_REAL,
820d6425e57494b916c66306,Copa Sudamericana,2022,2022-09-01,openfootball/south-america,https://raw.githubusercontent.com/openfootball/south-america/master/copa-libertadores/2022_copas.txt,UNKNOWN,HISTORICAL_REAL,
a45549f0a2727163832aa003,Copa Libertadores,2022,2022-09-06,ricardo-mattoss/Brazilian-Soccer-Data,https://github.com/ricardo-mattoss/Brazilian-Soccer-Data/blob/master/Data/Libertadores_Matches.csv,UNKNOWN,HISTORICAL_REAL,
761880b51dc438d3c9c42fa9,Copa Sudamericana,2022,2022-09-07,openfootball/south-america,https://raw.githubusercontent.com/openfootball/south-america/master/copa-libertadores/2022_copas.txt,UNKNOWN,HISTORICAL_REAL,
b3d7de9be6a11b58b21d277e,Copa Libertadores,2022,2022-09-07,ricardo-mattoss/Brazilian-Soccer-Data,https://github.com/ricardo-mattoss/Brazilian-Soccer-Data/blob/master/Data/Libertadores_Matches.csv,UNKNOWN,HISTORICAL_REAL,
5104c4ed66297f49889bf04b,Copa Sudamericana,2022,2022-09-08,openfootball/south-america,https://raw.githubusercontent.com/openfootball/south-america/master/copa-libertadores/2022_copas.txt,UNKNOWN,HISTORICAL_REAL,
9024649da90ba140d9228ba1,Copa Sudamericana,2022,2022-10-01,openfootball/south-america,https://raw.githubusercontent.com/openfootball/south-america/master/copa-libertadores/2022_copas.txt,UNKNOWN,HISTORICAL_REAL,
f0a640fee4bc048e41b2ce02,Copa Sudamericana,2023,2023-03-07,openfootball/south-america,https://raw.githubusercontent.com/openfootball/south-america/master/copa-libertadores/2023_copas.txt,UNKNOWN,HISTORICAL_REAL,
04ac52d52dc196fc45717481,Copa Sudamericana,2023,2023-03-07,openfootball/south-america,https://raw.githubusercontent.com/openfootball/south-america/master/copa-libertadores/2023_copas.txt,UNKNOWN,HISTORICAL_REAL,
e80341f5070a42cf2aa8f592,Copa Sudamericana,2023,2023-03-07,openfootball/south-america,https://raw.githubusercontent.com/openfootball/south-america/master/copa-libertadores/2023_copas.txt,UNKNOWN,HISTORICAL_REAL,
a0a0c0fc97964002f4b41b60,Copa Sudamericana,2023,2023-03-07,openfootball/south-america,https://raw.githubusercontent.com/openfootball/south-america/master/copa-libertadores/2023_copas.txt,UNKNOWN,HISTORICAL_REAL,
8d40315fd2e2c2a2053922c9,Copa Sudamericana,2023,2023-03-07,openfootball/south-america,https://raw.githubusercontent.com/openfootball/south-america/master/copa-libertadores/2023_copas.txt,UNKNOWN,HISTORICAL_REAL,
0bf70f746aa0a5a7ffd4920d,Copa Sudamericana,2023,2023-03-08,openfootball/south-america,https://raw.githubusercontent.com/openfootball/south-america/master/copa-libertadores/2023_copas.txt,UNKNOWN,HISTORICAL_REAL,
fa6792190474b02a6b5cf85f,Copa Sudamericana,2023,2023-03-08,openfootball/south-america,https://raw.githubusercontent.com/openfootball/south-america/master/copa-libertadores/2023_copas.txt,UNKNOWN,HISTORICAL_REAL,
a6d5c0bbfae0b914d9299b61,Copa Sudamericana,2023,2023-03-08,openfootball/south-america,https://raw.githubusercontent.com/openfootball/south-america/master/copa-libertadores/2023_copas.txt,UNKNOWN,HISTORICAL_REAL,
9cbd338d2086e04ef0f8603b,Copa Sudamericana,2023,2023-03-08,openfootball/south-america,https://raw.githubusercontent.com/openfootball/south-america/master/copa-libertadores/2023_copas.txt,UNKNOWN,HISTORICAL_REAL,
04a6668087267fda6c0fba58,Copa Sudamericana,2023,2023-03-08,openfootball/south-america,https://raw.githubusercontent.com/openfootball/south-america/master/copa-libertadores/2023_copas.txt,UNKNOWN,HISTORICAL_REAL,
8d5b1310eed6b6b4bea42578,Copa Sudamericana,2023,2023-03-08,openfootball/south-america,https://raw.githubusercontent.com/openfootball/south-america/master/copa-libertadores/2023_copas.txt,UNKNOWN,HISTORICAL_REAL,
5e4b3ce1220f6ee35e90be90,Copa Sudamericana,2023,2023-03-09,openfootball/south-america,https://raw.githubusercontent.com/openfootball/south-america/master/copa-libertadores/2023_copas.txt,UNKNOWN,HISTORICAL_REAL,
cf39f668f7048e0dd4ebfe2c,Copa Sudamericana,2023,2023-03-09,openfootball/south-america,https://raw.githubusercontent.com/openfootball/south-america/master/copa-libertadores/2023_copas.txt,UNKNOWN,HISTORICAL_REAL,
2b6e69ecfcaaa1a8871c89d1,Copa Sudamericana,2023,2023-03-09,openfootball/south-america,https://raw.githubusercontent.com/openfootball/south-america/master/copa-libertadores/2023_copas.txt,UNKNOWN,HISTORICAL_REAL,
8d24d3b756a3deb5a44d63a9,Copa Sudamericana,2023,2023-03-09,openfootball/south-america,https://raw.githubusercontent.com/openfootball/south-america/master/copa-libertadores/2023_copas.txt,UNKNOWN,HISTORICAL_REAL,
4d086307870231cdd4d07c05,Copa Sudamericana,2023,2023-03-09,openfootball/south-america,https://raw.githubusercontent.com/openfootball/south-america/master/copa-libertadores/2023_copas.txt,UNKNOWN,HISTORICAL_REAL,
31a2689a58f2f6911b72bd0a,Copa Sudamericana,2023,2023-04-04,openfootball/south-america,https://raw.githubusercontent.com/openfootball/south-america/master/copa-libertadores/2023_copas.txt,UNKNOWN,HISTORICAL_REAL,
e579f83d4361b0afe3eeea20,Copa Sudamericana,2023,2023-04-04,openfootball/south-america,https://raw.githubusercontent.com/openfootball/south-america/master/copa-libertadores/2023_copas.txt,UNKNOWN,HISTORICAL_REAL,
4730c1690f650f70921f3c94,Copa Sudamericana,2023,2023-04-04,openfootball/south-america,https://raw.githubusercontent.com/openfootball/south-america/master/copa-libertadores/2023_copas.txt,UNKNOWN,HISTORICAL_REAL,
c0bb43a8cbd208468f6f74d7,Copa Sudamericana,2023,2023-04-04,openfootball/south-america,https://raw.githubusercontent.com/openfootball/south-america/master/copa-libertadores/2023_copas.txt,UNKNOWN,HISTORICAL_REAL,
6e22e134b6145028669c807a,Copa Sudamericana,2023,2023-04-04,openfootball/south-america,https://raw.githubusercontent.com/openfootball/south-america/master/copa-libertadores/2023_copas.txt,UNKNOWN,HISTORICAL_REAL,
83879a643479fca47a7ec1d9,Copa Sudamericana,2023,2023-04-04,openfootball/south-america,https://raw.githubusercontent.com/openfootball/south-america/master/copa-libertadores/2023_copas.txt,UNKNOWN,HISTORICAL_REAL,
20f19e9980137bc5380f4964,Copa Sudamericana,2023,2023-04-05,openfootball/south-america,https://raw.githubusercontent.com/openfootball/south-america/master/copa-libertadores/2023_copas.txt,UNKNOWN,HISTORICAL_REAL,
0b53e725b8adc8aa94189332,Copa Sudamericana,2023,2023-04-05,openfootball/south-america,https://raw.githubusercontent.com/openfootball/south-america/master/copa-libertadores/2023_copas.txt,UNKNOWN,HISTORICAL_REAL,
2ca9198d5e76b598330edab6,Copa Sudamericana,2023,2023-04-05,openfootball/south-america,https://raw.githubusercontent.com/openfootball/south-america/master/copa-libertadores/2023_copas.txt,UNKNOWN,HISTORICAL_REAL,
1c5c479a89f73fe48bab1e73,Copa Sudamericana,2023,2023-04-05,openfootball/south-america,https://raw.githubusercontent.com/openfootball/south-america/master/copa-libertadores/2023_copas.txt,UNKNOWN,HISTORICAL_REAL,
7f09c8118d6b9f0045c07288,Copa Sudamericana,2023,2023-04-05,openfootball/south-america,https://raw.githubusercontent.com/openfootball/south-america/master/copa-libertadores/2023_copas.txt,UNKNOWN,HISTORICAL_REAL,
68a26fcd05a737b2e08ca708,Copa Sudamericana,2023,2023-04-06,openfootball/south-america,https://raw.githubusercontent.com/openfootball/south-america/master/copa-libertadores/2023_copas.txt,UNKNOWN,HISTORICAL_REAL,
9cf5de7063bed976ff3a5f9a,Copa Sudamericana,2023,2023-04-06,openfootball/south-america,https://raw.githubusercontent.com/openfootball/south-america/master/copa-libertadores/2023_copas.txt,UNKNOWN,HISTORICAL_REAL,
718e976d4a7f69c03fc5829d,Copa Sudamericana,2023,2023-04-06,openfootball/south-america,https://raw.githubusercontent.com/openfootball/south-america/master/copa-libertadores/2023_copas.txt,UNKNOWN,HISTORICAL_REAL,
0ddd833fa9400c3c99fe601b,Copa Sudamericana,2023,2023-04-06,openfootball/south-america,https://raw.githubusercontent.com/openfootball/south-america/master/copa-libertadores/2023_copas.txt,UNKNOWN,HISTORICAL_REAL,
aaa7822fca93684140fb8209,Copa Sudamericana,2023,2023-04-06,openfootball/south-america,https://raw.githubusercontent.com/openfootball/south-america/master/copa-libertadores/2023_copas.txt,UNKNOWN,HISTORICAL_REAL,
0ca49c2edf9f5daae79a3b7f,Copa Sudamericana,2023,2023-04-18,openfootball/south-america,https://raw.githubusercontent.com/openfootball/south-america/master/copa-libertadores/2023_copas.txt,UNKNOWN,HISTORICAL_REAL,
6c9267659a003b4523d781d2,Copa Sudamericana,2023,2023-04-18,openfootball/south-america,https://raw.githubusercontent.com/openfootball/south-america/master/copa-libertadores/2023_copas.txt,UNKNOWN,HISTORICAL_REAL,
ce59c8e82470a1592a555542,Copa Sudamericana,2023,2023-04-18,openfootball/south-america,https://raw.githubusercontent.com/openfootball/south-america/master/copa-libertadores/2023_copas.txt,UNKNOWN,HISTORICAL_REAL,
386a15414644f23ae8a7b457,Copa Sudamericana,2023,2023-04-18,openfootball/south-america,https://raw.githubusercontent.com/openfootball/south-america/master/copa-libertadores/2023_copas.txt,UNKNOWN,HISTORICAL_REAL,
033d1422f6c405b992b95525,Copa Sudamericana,2023,2023-04-18,openfootball/south-america,https://raw.githubusercontent.com/openfootball/south-america/master/copa-libertadores/2023_copas.txt,UNKNOWN,HISTORICAL_REAL,
873a91d91de44506f588ceb0,Copa Sudamericana,2023,2023-04-18,openfootball/south-america,https://raw.githubusercontent.com/openfootball/south-america/master/copa-libertadores/2023_copas.txt,UNKNOWN,HISTORICAL_REAL,
15b0735939dd0c092d11deb4,Copa Sudamericana,2023,2023-04-19,openfootball/south-america,https://raw.githubusercontent.com/openfootball/south-america/master/copa-libertadores/2023_copas.txt,UNKNOWN,HISTORICAL_REAL,
f080b6e00f5346ea5e16e108,Copa Sudamericana,2023,2023-04-19,openfootball/south-america,https://raw.githubusercontent.com/openfootball/south-america/master/copa-libertadores/2023_copas.txt,UNKNOWN,HISTORICAL_REAL,
8823968b25c5be87c3c081bd,Copa Sudamericana,2023,2023-04-19,openfootball/south-america,https://raw.githubusercontent.com/openfootball/south-america/master/copa-libertadores/2023_copas.txt,UNKNOWN,HISTORICAL_REAL,
748c10afc0b516bd1f3fab51,Copa Sudamericana,2023,2023-04-20,openfootball/south-america,https://raw.githubusercontent.com/openfootball/south-america/master/copa-libertadores/2023_copas.txt,UNKNOWN,HISTORICAL_REAL,
60877cb1b7d775b83bc9c847,Copa Sudamericana,2023,2023-04-20,openfootball/south-america,https://raw.githubusercontent.com/openfootball/south-america/master/copa-libertadores/2023_copas.txt,UNKNOWN,HISTORICAL_REAL,
892297e5e4886094a33f1c96,Copa Sudamericana,2023,2023-04-20,openfootball/south-america,https://raw.githubusercontent.com/openfootball/south-america/master/copa-libertadores/2023_copas.txt,UNKNOWN,HISTORICAL_REAL,
0b4bff6c9d0fb6e2015c469b,Copa Sudamericana,2023,2023-04-20,openfootball/south-america,https://raw.githubusercontent.com/openfootball/south-america/master/copa-libertadores/2023_copas.txt,UNKNOWN,HISTORICAL_REAL,
cab717ad0b1cf9c8fcc80252,Copa Sudamericana,2023,2023-04-20,openfootball/south-america,https://raw.githubusercontent.com/openfootball/south-america/master/copa-libertadores/2023_copas.txt,UNKNOWN,HISTORICAL_REAL,
6fd144afe86a6bb403ddc1cd,Copa Sudamericana,2023,2023-04-20,openfootball/south-america,https://raw.githubusercontent.com/openfootball/south-america/master/copa-libertadores/2023_copas.txt,UNKNOWN,HISTORICAL_REAL,
62ae74d88778b9372e972d5d,Copa Sudamericana,2023,2023-04-20,openfootball/south-america,https://raw.githubusercontent.com/openfootball/south-america/master/copa-libertadores/2023_copas.txt,UNKNOWN,HISTORICAL_REAL,
32a22df5b7368979d68d91b7,Copa Sudamericana,2023,2023-05-02,openfootball/south-america,https://raw.githubusercontent.com/openfootball/south-america/master/copa-libertadores/2023_copas.txt,UNKNOWN,HISTORICAL_REAL,
49f56429cc3c686ccfd2ea1b,Copa Sudamericana,2023,2023-05-02,openfootball/south-america,https://raw.githubusercontent.com/openfootball/south-america/master/copa-libertadores/2023_copas.txt,UNKNOWN,HISTORICAL_REAL,
26973c97fd275c791cf11f63,Copa Sudamericana,2023,2023-05-02,openfootball/south-america,https://raw.githubusercontent.com/openfootball/south-america/master/copa-libertadores/2023_copas.txt,UNKNOWN,HISTORICAL_REAL,
58a888cab9b1fd4e2d33cb8a,Copa Sudamericana,2023,2023-05-02,openfootball/south-america,https://raw.githubusercontent.com/openfootball/south-america/master/copa-libertadores/2023_copas.txt,UNKNOWN,HISTORICAL_REAL,
095721e886420f1a0ff3a2e9,Copa Sudamericana,2023,2023-05-02,openfootball/south-america,https://raw.githubusercontent.com/openfootball/south-america/master/copa-libertadores/2023_copas.txt,UNKNOWN,HISTORICAL_REAL,
6c3c61a9ed77d054ccf5c552,Copa Sudamericana,2023,2023-05-02,openfootball/south-america,https://raw.githubusercontent.com/openfootball/south-america/master/copa-libertadores/2023_copas.txt,UNKNOWN,HISTORICAL_REAL,
2e3edb821ea409b4c678f5a0,Copa Sudamericana,2023,2023-05-03,openfootball/south-america,https://raw.githubusercontent.com/openfootball/south-america/master/copa-libertadores/2023_copas.txt,UNKNOWN,HISTORICAL_REAL,
328e8700050d811c7c9f489f,Copa Sudamericana,2023,2023-05-03,openfootball/south-america,https://raw.githubusercontent.com/openfootball/south-america/master/copa-libertadores/2023_copas.txt,UNKNOWN,HISTORICAL_REAL,
8ace2cb98d9e1d3613859fe9,Copa Sudamericana,2023,2023-05-03,openfootball/south-america,https://raw.githubusercontent.com/openfootball/south-america/master/copa-libertadores/2023_copas.txt,UNKNOWN,HISTORICAL_REAL,
faee638c1816abb56f076569,Copa Sudamericana,2023,2023-05-03,openfootball/south-america,https://raw.githubusercontent.com/openfootball/south-america/master/copa-libertadores/2023_copas.txt,UNKNOWN,HISTORICAL_REAL,
8a1a2744b7794733d4dcaed5,Copa Sudamericana,2023,2023-05-04,openfootball/south-america,https://raw.githubusercontent.com/openfootball/south-america/master/copa-libertadores/2023_copas.txt,UNKNOWN,HISTORICAL_REAL,
2dfc75bed26469f142459dd3,Copa Sudamericana,2023,2023-05-04,openfootball/south-america,https://raw.githubusercontent.com/openfootball/south-america/master/copa-libertadores/2023_copas.txt,UNKNOWN,HISTORICAL_REAL,
66cbe2cff6fd42741969b3c1,Copa Sudamericana,2023,2023-05-04,openfootball/south-america,https://raw.githubusercontent.com/openfootball/south-america/master/copa-libertadores/2023_copas.txt,UNKNOWN,HISTORICAL_REAL,
e3d241aaa513b898e2cbe006,Copa Sudamericana,2023,2023-05-04,openfootball/south-america,https://raw.githubusercontent.com/openfootball/south-america/master/copa-libertadores/2023_copas.txt,UNKNOWN,HISTORICAL_REAL,
b3c8d4a6187b24744ad1f547,Copa Sudamericana,2023,2023-05-04,openfootball/south-america,https://raw.githubusercontent.com/openfootball/south-america/master/copa-libertadores/2023_copas.txt,UNKNOWN,HISTORICAL_REAL,
7ee872163630991167d695df,Copa Sudamericana,2023,2023-05-04,openfootball/south-america,https://raw.githubusercontent.com/openfootball/south-america/master/copa-libertadores/2023_copas.txt,UNKNOWN,HISTORICAL_REAL,
60a2c6e402cded7e7474c1b6,Copa Sudamericana,2023,2023-05-23,openfootball/south-america,https://raw.githubusercontent.com/openfootball/south-america/master/copa-libertadores/2023_copas.txt,UNKNOWN,HISTORICAL_REAL,
58c7d389bcda7e1781e6373f,Copa Sudamericana,2023,2023-05-23,openfootball/south-america,https://raw.githubusercontent.com/openfootball/south-america/master/copa-libertadores/2023_copas.txt,UNKNOWN,HISTORICAL_REAL,
2d88174c37ed4fd2a18628e9,Copa Sudamericana,2023,2023-05-23,openfootball/south-america,https://raw.githubusercontent.com/openfootball/south-america/master/copa-libertadores/2023_copas.txt,UNKNOWN,HISTORICAL_REAL,
ed752d4513dc44ec1c04acab,Copa Sudamericana,2023,2023-05-23,openfootball/south-america,https://raw.githubusercontent.com/openfootball/south-america/master/copa-libertadores/2023_copas.txt,UNKNOWN,HISTORICAL_REAL,
e2f8b3c628bcf913fdaddd28,Copa Sudamericana,2023,2023-05-23,openfootball/south-america,https://raw.githubusercontent.com/openfootball/south-america/master/copa-libertadores/2023_copas.txt,UNKNOWN,HISTORICAL_REAL,
e0386f9875ea2103e3320851,Copa Sudamericana,2023,2023-05-23,openfootball/south-america,https://raw.githubusercontent.com/openfootball/south-america/master/copa-libertadores/2023_copas.txt,UNKNOWN,HISTORICAL_REAL,
52f150014739aaf03b965b78,Copa Sudamericana,2023,2023-05-24,openfootball/south-america,https://raw.githubusercontent.com/openfootball/south-america/master/copa-libertadores/2023_copas.txt,UNKNOWN,HISTORICAL_REAL,
05c61c6a0dbf4155b7b6b026,Copa Sudamericana,2023,2023-05-24,openfootball/south-america,https://raw.githubusercontent.com/openfootball/south-america/master/copa-libertadores/2023_copas.txt,UNKNOWN,HISTORICAL_REAL,
7666ff626ecf08d259cf8267,Copa Sudamericana,2023,2023-05-24,openfootball/south-america,https://raw.githubusercontent.com/openfootball/south-america/master/copa-libertadores/2023_copas.txt,UNKNOWN,HISTORICAL_REAL,
e6c8f7b2b9704bb7372f50bd,Copa Sudamericana,2023,2023-05-24,openfootball/south-america,https://raw.githubusercontent.com/openfootball/south-america/master/copa-libertadores/2023_copas.txt,UNKNOWN,HISTORICAL_REAL,
ee9b1bc559a9921e0684fdf8,Copa Sudamericana,2023,2023-05-25,openfootball/south-america,https://raw.githubusercontent.com/openfootball/south-america/master/copa-libertadores/2023_copas.txt,UNKNOWN,HISTORICAL_REAL,
69f7c8a2c703e15f38e86b0f,Copa Sudamericana,2023,2023-05-25,openfootball/south-america,https://raw.githubusercontent.com/openfootball/south-america/master/copa-libertadores/2023_copas.txt,UNKNOWN,HISTORICAL_REAL,
3067472e01d7514449bdbc98,Copa Sudamericana,2023,2023-05-25,openfootball/south-america,https://raw.githubusercontent.com/openfootball/south-america/master/copa-libertadores/2023_copas.txt,UNKNOWN,HISTORICAL_REAL,
cd1bc1b37f7e286a3de9d155,Copa Sudamericana,2023,2023-05-25,openfootball/south-america,https://raw.githubusercontent.com/openfootball/south-america/master/copa-libertadores/2023_copas.txt,UNKNOWN,HISTORICAL_REAL,
652ee40f96449c39585045e2,Copa Sudamericana,2023,2023-05-25,openfootball/south-america,https://raw.githubusercontent.com/openfootball/south-america/master/copa-libertadores/2023_copas.txt,UNKNOWN,HISTORICAL_REAL,
d112da5f773e16388b41e809,Copa Sudamericana,2023,2023-05-25,openfootball/south-america,https://raw.githubusercontent.com/openfootball/south-america/master/copa-libertadores/2023_copas.txt,UNKNOWN,HISTORICAL_REAL,
033e00ac6dea5c5ff488d9d5,Copa Sudamericana,2023,2023-06-06,openfootball/south-america,https://raw.githubusercontent.com/openfootball/south-america/master/copa-libertadores/2023_copas.txt,UNKNOWN,HISTORICAL_REAL,
1d5aef5941dda3cea673471e,Copa Sudamericana,2023,2023-06-06,openfootball/south-america,https://raw.githubusercontent.com/openfootball/south-america/master/copa-libertadores/2023_copas.txt,UNKNOWN,HISTORICAL_REAL,
d41cddd81fd5426c2c184248,Copa Sudamericana,2023,2023-06-06,openfootball/south-america,https://raw.githubusercontent.com/openfootball/south-america/master/copa-libertadores/2023_copas.txt,UNKNOWN,HISTORICAL_REAL,
3626430358a5ca47b601f634,Copa Sudamericana,2023,2023-06-06,openfootball/south-america,https://raw.githubusercontent.com/openfootball/south-america/master/copa-libertadores/2023_copas.txt,UNKNOWN,HISTORICAL_REAL,
b780e9a03bd414db8b45b106,Copa Sudamericana,2023,2023-06-06,openfootball/south-america,https://raw.githubusercontent.com/openfootball/south-america/master/copa-libertadores/2023_copas.txt,UNKNOWN,HISTORICAL_REAL,
55cf4fcedce060459851c9f9,Copa Sudamericana,2023,2023-06-06,openfootball/south-america,https://raw.githubusercontent.com/openfootball/south-america/master/copa-libertadores/2023_copas.txt,UNKNOWN,HISTORICAL_REAL,
026122d2dc2f2c2b7d7104b8,Copa Sudamericana,2023,2023-06-07,openfootball/south-america,https://raw.githubusercontent.com/openfootball/south-america/master/copa-libertadores/2023_copas.txt,UNKNOWN,HISTORICAL_REAL,
4a5bf95fe40913c5513148c9,Copa Sudamericana,2023,2023-06-07,openfootball/south-america,https://raw.githubusercontent.com/openfootball/south-america/master/copa-libertadores/2023_copas.txt,UNKNOWN,HISTORICAL_REAL,
ebf054b95bd3e548e98b0e71,Copa Sudamericana,2023,2023-06-07,openfootball/south-america,https://raw.githubusercontent.com/openfootball/south-america/master/copa-libertadores/2023_copas.txt,UNKNOWN,HISTORICAL_REAL,
19b5c5bcda2d27eed4c430a7,Copa Sudamericana,2023,2023-06-08,openfootball/south-america,https://raw.githubusercontent.com/openfootball/south-america/master/copa-libertadores/2023_copas.txt,UNKNOWN,HISTORICAL_REAL,
27266c50e9577f635492fed6,Copa Sudamericana,2023,2023-06-08,openfootball/south-america,https://raw.githubusercontent.com/openfootball/south-america/master/copa-libertadores/2023_copas.txt,UNKNOWN,HISTORICAL_REAL,
03079917feeaf75febf66545,Copa Sudamericana,2023,2023-06-08,openfootball/south-america,https://raw.githubusercontent.com/openfootball/south-america/master/copa-libertadores/2023_copas.txt,UNKNOWN,HISTORICAL_REAL,
5f2a85710c61fec0bae35ba1,Copa Sudamericana,2023,2023-06-08,openfootball/south-america,https://raw.githubusercontent.com/openfootball/south-america/master/copa-libertadores/2023_copas.txt,UNKNOWN,HISTORICAL_REAL,
127e3430585a2fba74496d23,Copa Sudamericana,2023,2023-06-08,openfootball/south-america,https://raw.githubusercontent.com/openfootball/south-america/master/copa-libertadores/2023_copas.txt,UNKNOWN,HISTORICAL_REAL,
ab1bfdb0db7135268bd0cb7f,Copa Sudamericana,2023,2023-06-08,openfootball/south-america,https://raw.githubusercontent.com/openfootball/south-america/master/copa-libertadores/2023_copas.txt,UNKNOWN,HISTORICAL_REAL,
edda2edbdb9819e74303d5ca,Copa Sudamericana,2023,2023-06-08,openfootball/south-america,https://raw.githubusercontent.com/openfootball/south-america/master/copa-libertadores/2023_copas.txt,UNKNOWN,HISTORICAL_REAL,
b8ed03bb7c4db4feb42457f4,Copa Sudamericana,2023,2023-06-27,openfootball/south-america,https://raw.githubusercontent.com/openfootball/south-america/master/copa-libertadores/2023_copas.txt,UNKNOWN,HISTORICAL_REAL,
f2326906022dbbef5a65dd46,Copa Sudamericana,2023,2023-06-27,openfootball/south-america,https://raw.githubusercontent.com/openfootball/south-america/master/copa-libertadores/2023_copas.txt,UNKNOWN,HISTORICAL_REAL,
100d1d27090d21a88f7f2d17,Copa Sudamericana,2023,2023-06-27,openfootball/south-america,https://raw.githubusercontent.com/openfootball/south-america/master/copa-libertadores/2023_copas.txt,UNKNOWN,HISTORICAL_REAL,
26b455c7dea50046f1d4cb43,Copa Sudamericana,2023,2023-06-27,openfootball/south-america,https://raw.githubusercontent.com/openfootball/south-america/master/copa-libertadores/2023_copas.txt,UNKNOWN,HISTORICAL_REAL,
0c3f1439d168cad2d94c094f,Copa Sudamericana,2023,2023-06-28,openfootball/south-america,https://raw.githubusercontent.com/openfootball/south-america/master/copa-libertadores/2023_copas.txt,UNKNOWN,HISTORICAL_REAL,
d0d9289ad69364e3758cbc13,Copa Sudamericana,2023,2023-06-28,openfootball/south-america,https://raw.githubusercontent.com/openfootball/south-america/master/copa-libertadores/2023_copas.txt,UNKNOWN,HISTORICAL_REAL,
32389fe74ac5a5c9b29ee49f,Copa Sudamericana,2023,2023-06-28,openfootball/south-america,https://raw.githubusercontent.com/openfootball/south-america/master/copa-libertadores/2023_copas.txt,UNKNOWN,HISTORICAL_REAL,
c072bc70f81ac6554dcee7fe,Copa Sudamericana,2023,2023-06-28,openfootball/south-america,https://raw.githubusercontent.com/openfootball/south-america/master/copa-libertadores/2023_copas.txt,UNKNOWN,HISTORICAL_REAL,
99e98a62a9625676ad6a24cd,Copa Sudamericana,2023,2023-06-28,openfootball/south-america,https://raw.githubusercontent.com/openfootball/south-america/master/copa-libertadores/2023_copas.txt,UNKNOWN,HISTORICAL_REAL,
6f90997a7f060d29ddefaff1,Copa Sudamericana,2023,2023-06-28,openfootball/south-america,https://raw.githubusercontent.com/openfootball/south-america/master/copa-libertadores/2023_copas.txt,UNKNOWN,HISTORICAL_REAL,
23b59b901a8fb84b3879b78a,Copa Sudamericana,2023,2023-06-29,openfootball/south-america,https://raw.githubusercontent.com/openfootball/south-america/master/copa-libertadores/2023_copas.txt,UNKNOWN,HISTORICAL_REAL,
eed379dbc0576393c8a89221,Copa Sudamericana,2023,2023-06-29,openfootball/south-america,https://raw.githubusercontent.com/openfootball/south-america/master/copa-libertadores/2023_copas.txt,UNKNOWN,HISTORICAL_REAL,
e62e7f8ea473bf3eb6449575,Copa Sudamericana,2023,2023-06-29,openfootball/south-america,https://raw.githubusercontent.com/openfootball/south-america/master/copa-libertadores/2023_copas.txt,UNKNOWN,HISTORICAL_REAL,
74f0bb4fd0a6b83b05d01776,Copa Sudamericana,2023,2023-06-29,openfootball/south-america,https://raw.githubusercontent.com/openfootball/south-america/master/copa-libertadores/2023_copas.txt,UNKNOWN,HISTORICAL_REAL,
cb69efd4e2309200992708ef,Copa Sudamericana,2023,2023-06-29,openfootball/south-america,https://raw.githubusercontent.com/openfootball/south-america/master/copa-libertadores/2023_copas.txt,UNKNOWN,HISTORICAL_REAL,
f0390f3924d0116d7e3d33d2,Copa Sudamericana,2023,2023-06-29,openfootball/south-america,https://raw.githubusercontent.com/openfootball/south-america/master/copa-libertadores/2023_copas.txt,UNKNOWN,HISTORICAL_REAL,
ba826f1cb87ff19af7f1d846,Copa Sudamericana,2023,2023-07-11,openfootball/south-america,https://raw.githubusercontent.com/openfootball/south-america/master/copa-libertadores/2023_copas.txt,UNKNOWN,HISTORICAL_REAL,
f1e12b83918f28d7827bc2e5,Copa Sudamericana,2023,2023-07-11,openfootball/south-america,https://raw.githubusercontent.com/openfootball/south-america/master/copa-libertadores/2023_copas.txt,UNKNOWN,HISTORICAL_REAL,
71ea5a736dca1e8e5c583cfb,Copa Sudamericana,2023,2023-07-11,openfootball/south-america,https://raw.githubusercontent.com/openfootball/south-america/master/copa-libertadores/2023_copas.txt,UNKNOWN,HISTORICAL_REAL,
92e38e85f1ffa9d3d06a4391,Copa Sudamericana,2023,2023-07-12,openfootball/south-america,https://raw.githubusercontent.com/openfootball/south-america/master/copa-libertadores/2023_copas.txt,UNKNOWN,HISTORICAL_REAL,
72453367c1713d4914293ea0,Copa Sudamericana,2023,2023-07-12,openfootball/south-america,https://raw.githubusercontent.com/openfootball/south-america/master/copa-libertadores/2023_copas.txt,UNKNOWN,HISTORICAL_REAL,
8398430c35894bebbe0efac1,Copa Sudamericana,2023,2023-07-12,openfootball/south-america,https://raw.githubusercontent.com/openfootball/south-america/master/copa-libertadores/2023_copas.txt,UNKNOWN,HISTORICAL_REAL,
27a4bf50075ec4c07e0fceb3,Copa Sudamericana,2023,2023-07-13,openfootball/south-america,https://raw.githubusercontent.com/openfootball/south-america/master/copa-libertadores/2023_copas.txt,UNKNOWN,HISTORICAL_REAL,
219a29f258b4e04bae546c0f,Copa Sudamericana,2023,2023-07-13,openfootball/south-america,https://raw.githubusercontent.com/openfootball/south-america/master/copa-libertadores/2023_copas.txt,UNKNOWN,HISTORICAL_REAL,
473a16adaf57efc7e2ddffd4,Copa Sudamericana,2023,2023-07-18,openfootball/south-america,https://raw.githubusercontent.com/openfootball/south-america/master/copa-libertadores/2023_copas.txt,UNKNOWN,HISTORICAL_REAL,
9ac39fa81eedd807ad44f5fd,Copa Sudamericana,2023,2023-07-18,openfootball/south-america,https://raw.githubusercontent.com/openfootball/south-america/master/copa-libertadores/2023_copas.txt,UNKNOWN,HISTORICAL_REAL,
a7a1a6ac0c79091d0157b5bb,Copa Sudamericana,2023,2023-07-18,openfootball/south-america,https://raw.githubusercontent.com/openfootball/south-america/master/copa-libertadores/2023_copas.txt,UNKNOWN,HISTORICAL_REAL,
0a3832e41ddc38d1600c668a,Copa Sudamericana,2023,2023-07-19,openfootball/south-america,https://raw.githubusercontent.com/openfootball/south-america/master/copa-libertadores/2023_copas.txt,UNKNOWN,HISTORICAL_REAL,
c0ff67ae50067c2668aca87d,Copa Sudamericana,2023,2023-07-19,openfootball/south-america,https://raw.githubusercontent.com/openfootball/south-america/master/copa-libertadores/2023_copas.txt,UNKNOWN,HISTORICAL_REAL,
6b477bb2826de7df4bb37223,Copa Sudamericana,2023,2023-07-19,openfootball/south-america,https://raw.githubusercontent.com/openfootball/south-america/master/copa-libertadores/2023_copas.txt,UNKNOWN,HISTORICAL_REAL,
f97e4b4652723f7547d3ed59,Copa Sudamericana,2023,2023-07-20,openfootball/south-america,https://raw.githubusercontent.com/openfootball/south-america/master/copa-libertadores/2023_copas.txt,UNKNOWN,HISTORICAL_REAL,
f380f44e2f182ed14f2b5e68,Copa Sudamericana,2023,2023-07-21,openfootball/south-america,https://raw.githubusercontent.com/openfootball/south-america/master/copa-libertadores/2023_copas.txt,UNKNOWN,HISTORICAL_REAL,
f8861a0e239c7c664f7c1fd7,Copa Sudamericana,2023,2023-08-01,openfootball/south-america,https://raw.githubusercontent.com/openfootball/south-america/master/copa-libertadores/2023_copas.txt,UNKNOWN,HISTORICAL_REAL,
2d35266d6391c36d688111f4,Copa Sudamericana,2023,2023-08-01,openfootball/south-america,https://raw.githubusercontent.com/openfootball/south-america/master/copa-libertadores/2023_copas.txt,UNKNOWN,HISTORICAL_REAL,
9a038770d23bfc9738c3e648,Copa Sudamericana,2023,2023-08-01,openfootball/south-america,https://raw.githubusercontent.com/openfootball/south-america/master/copa-libertadores/2023_copas.txt,UNKNOWN,HISTORICAL_REAL,
0a5c41559cc935bc38f5d933,Copa Sudamericana,2023,2023-08-02,openfootball/south-america,https://raw.githubusercontent.com/openfootball/south-america/master/copa-libertadores/2023_copas.txt,UNKNOWN,HISTORICAL_REAL,
90e4169813d4d8538b02fefe,Copa Sudamericana,2023,2023-08-02,openfootball/south-america,https://raw.githubusercontent.com/openfootball/south-america/master/copa-libertadores/2023_copas.txt,UNKNOWN,HISTORICAL_REAL,
8535340422f4e01223ec8c18,Copa Sudamericana,2023,2023-08-03,openfootball/south-america,https://raw.githubusercontent.com/openfootball/south-america/master/copa-libertadores/2023_copas.txt,UNKNOWN,HISTORICAL_REAL,
68b1318050247cf428568b3e,Copa Sudamericana,2023,2023-08-03,openfootball/south-america,https://raw.githubusercontent.com/openfootball/south-america/master/copa-libertadores/2023_copas.txt,UNKNOWN,HISTORICAL_REAL,
f4b7153d09492963744653a1,Copa Sudamericana,2023,2023-08-03,openfootball/south-america,https://raw.githubusercontent.com/openfootball/south-america/master/copa-libertadores/2023_copas.txt,UNKNOWN,HISTORICAL_REAL,
b234596a7013166c1e86be93,Copa Sudamericana,2023,2023-08-08,openfootball/south-america,https://raw.githubusercontent.com/openfootball/south-america/master/copa-libertadores/2023_copas.txt,UNKNOWN,HISTORICAL_REAL,
4f45097ac36ac77c8d3fb9e7,Copa Sudamericana,2023,2023-08-08,openfootball/south-america,https://raw.githubusercontent.com/openfootball/south-america/master/copa-libertadores/2023_copas.txt,UNKNOWN,HISTORICAL_REAL,
6784c9daab8f46f5c7bb9e1c,Copa Sudamericana,2023,2023-08-08,openfootball/south-america,https://raw.githubusercontent.com/openfootball/south-america/master/copa-libertadores/2023_copas.txt,UNKNOWN,HISTORICAL_REAL,
51c673a13ab98a7ca2771d99,Copa Sudamericana,2023,2023-08-09,openfootball/south-america,https://raw.githubusercontent.com/openfootball/south-america/master/copa-libertadores/2023_copas.txt,UNKNOWN,HISTORICAL_REAL,
24f85c65ecac370cd9e59cf7,Copa Sudamericana,2023,2023-08-09,openfootball/south-america,https://raw.githubusercontent.com/openfootball/south-america/master/copa-libertadores/2023_copas.txt,UNKNOWN,HISTORICAL_REAL,
7408f3630f7aaf25291a08fa,Copa Sudamericana,2023,2023-08-10,openfootball/south-america,https://raw.githubusercontent.com/openfootball/south-america/master/copa-libertadores/2023_copas.txt,UNKNOWN,HISTORICAL_REAL,
6fc7124efee7c05b83cc5ec3,Copa Sudamericana,2023,2023-08-10,openfootball/south-america,https://raw.githubusercontent.com/openfootball/south-america/master/copa-libertadores/2023_copas.txt,UNKNOWN,HISTORICAL_REAL,
4e2d86f191c7e040b2929c9c,Copa Sudamericana,2023,2023-08-10,openfootball/south-america,https://raw.githubusercontent.com/openfootball/south-america/master/copa-libertadores/2023_copas.txt,UNKNOWN,HISTORICAL_REAL,
fd03246e5495b60a15bda8a6,Copa Sudamericana,2023,2023-08-22,openfootball/south-america,https://raw.githubusercontent.com/openfootball/south-america/master/copa-libertadores/2023_copas.txt,UNKNOWN,HISTORICAL_REAL,
f40b59b6fa64e821cf67118d,Copa Sudamericana,2023,2023-08-23,openfootball/south-america,https://raw.githubusercontent.com/openfootball/south-america/master/copa-libertadores/2023_copas.txt,UNKNOWN,HISTORICAL_REAL,
a590ef56b9e76af14da00d7e,Copa Sudamericana,2023,2023-08-24,openfootball/south-america,https://raw.githubusercontent.com/openfootball/south-america/master/copa-libertadores/2023_copas.txt,UNKNOWN,HISTORICAL_REAL,
23f3c3f3d4d383a8fb0ca644,Copa Sudamericana,2023,2023-08-24,openfootball/south-america,https://raw.githubusercontent.com/openfootball/south-america/master/copa-libertadores/2023_copas.txt,UNKNOWN,HISTORICAL_REAL,
a43009b0d37483c1f3af3c2c,Copa Sudamericana,2023,2023-08-29,openfootball/south-america,https://raw.githubusercontent.com/openfootball/south-america/master/copa-libertadores/2023_copas.txt,UNKNOWN,HISTORICAL_REAL,
d786c98115b245aec6159a22,Copa Sudamericana,2023,2023-08-30,openfootball/south-america,https://raw.githubusercontent.com/openfootball/south-america/master/copa-libertadores/2023_copas.txt,UNKNOWN,HISTORICAL_REAL,
557db98eb8645bef531355ca,Copa Sudamericana,2023,2023-08-31,openfootball/south-america,https://raw.githubusercontent.com/openfootball/south-america/master/copa-libertadores/2023_copas.txt,UNKNOWN,HISTORICAL_REAL,
56b4d013a0e19852aa04fbf9,Copa Sudamericana,2023,2023-08-31,openfootball/south-america,https://raw.githubusercontent.com/openfootball/south-america/master/copa-libertadores/2023_copas.txt,UNKNOWN,HISTORICAL_REAL,
8bf1464aabd87159b0241665,Copa Sudamericana,2023,2023-09-26,openfootball/south-america,https://raw.githubusercontent.com/openfootball/south-america/master/copa-libertadores/2023_copas.txt,UNKNOWN,HISTORICAL_REAL,
3c590482f3f30a3f3b59d624,Copa Sudamericana,2023,2023-09-27,openfootball/south-america,https://raw.githubusercontent.com/openfootball/south-america/master/copa-libertadores/2023_copas.txt,UNKNOWN,HISTORICAL_REAL,
d0e987e86cd8d5ca8b73bc1f,Copa Sudamericana,2023,2023-10-03,openfootball/south-america,https://raw.githubusercontent.com/openfootball/south-america/master/copa-libertadores/2023_copas.txt,UNKNOWN,HISTORICAL_REAL,
3886432787dcf0e12985a58a,Copa Sudamericana,2023,2023-10-04,openfootball/south-america,https://raw.githubusercontent.com/openfootball/south-america/master/copa-libertadores/2023_copas.txt,UNKNOWN,HISTORICAL_REAL,
618e4e514ffbf5e0ddebde0b,Copa Sudamericana,2023,2023-10-28,openfootball/south-america,https://raw.githubusercontent.com/openfootball/south-america/master/copa-libertadores/2023_copas.txt,UNKNOWN,HISTORICAL_REAL,
e0cb2920999538a73e03e763,Copa Sudamericana,2024,2024-03-05,openfootball/south-america,https://raw.githubusercontent.com/openfootball/south-america/master/copa-libertadores/2024_copas.txt,UNKNOWN,HISTORICAL_REAL,
147613d3379be435d5f0f064,Copa Sudamericana,2024,2024-03-05,openfootball/south-america,https://raw.githubusercontent.com/openfootball/south-america/master/copa-libertadores/2024_copas.txt,UNKNOWN,HISTORICAL_REAL,
65839a60549ffacefce4249d,Copa Sudamericana,2024,2024-03-05,openfootball/south-america,https://raw.githubusercontent.com/openfootball/south-america/master/copa-libertadores/2024_copas.txt,UNKNOWN,HISTORICAL_REAL,
f0bc60d459d2093fded629b8,Copa Sudamericana,2024,2024-03-05,openfootball/south-america,https://raw.githubusercontent.com/openfootball/south-america/master/copa-libertadores/2024_copas.txt,UNKNOWN,HISTORICAL_REAL,
0fe3cd44f433b4d912bb70c1,Copa Sudamericana,2024,2024-03-05,openfootball/south-america,https://raw.githubusercontent.com/openfootball/south-america/master/copa-libertadores/2024_copas.txt,UNKNOWN,HISTORICAL_REAL,
c87abe2a8b4bb9a24e3c5291,Copa Sudamericana,2024,2024-03-06,openfootball/south-america,https://raw.githubusercontent.com/openfootball/south-america/master/copa-libertadores/2024_copas.txt,UNKNOWN,HISTORICAL_REAL,
81ddc0355b4b7f43606c3b02,Copa Sudamericana,2024,2024-03-06,openfootball/south-america,https://raw.githubusercontent.com/openfootball/south-america/master/copa-libertadores/2024_copas.txt,UNKNOWN,HISTORICAL_REAL,
097e9c028839e8678e2e8fac,Copa Sudamericana,2024,2024-03-06,openfootball/south-america,https://raw.githubusercontent.com/openfootball/south-america/master/copa-libertadores/2024_copas.txt,UNKNOWN,HISTORICAL_REAL,
9ff542244c42d40e31b93119,Copa Sudamericana,2024,2024-03-06,openfootball/south-america,https://raw.githubusercontent.com/openfootball/south-america/master/copa-libertadores/2024_copas.txt,UNKNOWN,HISTORICAL_REAL,
1e110427008fafb0892a2e16,Copa Sudamericana,2024,2024-03-06,openfootball/south-america,https://raw.githubusercontent.com/openfootball/south-america/master/copa-libertadores/2024_copas.txt,UNKNOWN,HISTORICAL_REAL,
f3cde8255eab1b832ffabe1c,Copa Sudamericana,2024,2024-03-06,openfootball/south-america,https://raw.githubusercontent.com/openfootball/south-america/master/copa-libertadores/2024_copas.txt,UNKNOWN,HISTORICAL_REAL,
40852e80ba81173e222daf91,Copa Sudamericana,2024,2024-03-07,openfootball/south-america,https://raw.githubusercontent.com/openfootball/south-america/master/copa-libertadores/2024_copas.txt,UNKNOWN,HISTORICAL_REAL,
954d5f4dd0e47c4e804b37b7,Copa Sudamericana,2024,2024-03-07,openfootball/south-america,https://raw.githubusercontent.com/openfootball/south-america/master/copa-libertadores/2024_copas.txt,UNKNOWN,HISTORICAL_REAL,
6a74678c81270dea76b78634,Copa Sudamericana,2024,2024-03-07,openfootball/south-america,https://raw.githubusercontent.com/openfootball/south-america/master/copa-libertadores/2024_copas.txt,UNKNOWN,HISTORICAL_REAL,
369daef5ab46fe3273dd3c5f,Copa Sudamericana,2024,2024-03-07,openfootball/south-america,https://raw.githubusercontent.com/openfootball/south-america/master/copa-libertadores/2024_copas.txt,UNKNOWN,HISTORICAL_REAL,
6cdcd649f55c3c6bfa95305b,Copa Sudamericana,2024,2024-03-07,openfootball/south-america,https://raw.githubusercontent.com/openfootball/south-america/master/copa-libertadores/2024_copas.txt,UNKNOWN,HISTORICAL_REAL,
da64d09f6d6a8d6b6dffdaa0,Copa Sudamericana,2024,2024-04-02,openfootball/south-america,https://raw.githubusercontent.com/openfootball/south-america/master/copa-libertadores/2024_copas.txt,UNKNOWN,HISTORICAL_REAL,
d88a57eb7bed2b090d86d20b,Copa Sudamericana,2024,2024-04-02,openfootball/south-america,https://raw.githubusercontent.com/openfootball/south-america/master/copa-libertadores/2024_copas.txt,UNKNOWN,HISTORICAL_REAL,
fcd3f56414bfbd7646811999,Copa Sudamericana,2024,2024-04-02,openfootball/south-america,https://raw.githubusercontent.com/openfootball/south-america/master/copa-libertadores/2024_copas.txt,UNKNOWN,HISTORICAL_REAL,
4361a83657a5911f27e73bc2,Copa Sudamericana,2024,2024-04-02,openfootball/south-america,https://raw.githubusercontent.com/openfootball/south-america/master/copa-libertadores/2024_copas.txt,UNKNOWN,HISTORICAL_REAL,
e0aada8cae15cbfdb9c16302,Copa Sudamericana,2024,2024-04-02,openfootball/south-america,https://raw.githubusercontent.com/openfootball/south-america/master/copa-libertadores/2024_copas.txt,UNKNOWN,HISTORICAL_REAL,
afe8668b2ff3218fa1c6a70d,Copa Sudamericana,2024,2024-04-03,openfootball/south-america,https://raw.githubusercontent.com/openfootball/south-america/master/copa-libertadores/2024_copas.txt,UNKNOWN,HISTORICAL_REAL,
2c8a2dea00742e4858d31329,Copa Sudamericana,2024,2024-04-03,openfootball/south-america,https://raw.githubusercontent.com/openfootball/south-america/master/copa-libertadores/2024_copas.txt,UNKNOWN,HISTORICAL_REAL,
5fca34240e25dc3960b2d95b,Copa Sudamericana,2024,2024-04-03,openfootball/south-america,https://raw.githubusercontent.com/openfootball/south-america/master/copa-libertadores/2024_copas.txt,UNKNOWN,HISTORICAL_REAL,
ed6f597bfc3c3b06a4c527d5,Copa Sudamericana,2024,2024-04-03,openfootball/south-america,https://raw.githubusercontent.com/openfootball/south-america/master/copa-libertadores/2024_copas.txt,UNKNOWN,HISTORICAL_REAL,
3c079d73c9f8f471bacb6462,Copa Sudamericana,2024,2024-04-03,openfootball/south-america,https://raw.githubusercontent.com/openfootball/south-america/master/copa-libertadores/2024_copas.txt,UNKNOWN,HISTORICAL_REAL,
60a865370506f3e0887f7c49,Copa Sudamericana,2024,2024-04-03,openfootball/south-america,https://raw.githubusercontent.com/openfootball/south-america/master/copa-libertadores/2024_copas.txt,UNKNOWN,HISTORICAL_REAL,
7718d3a06064ed90d283e02b,Copa Sudamericana,2024,2024-04-04,openfootball/south-america,https://raw.githubusercontent.com/openfootball/south-america/master/copa-libertadores/2024_copas.txt,UNKNOWN,HISTORICAL_REAL,
09fdc5c800c07b426c94b1c9,Copa Sudamericana,2024,2024-04-04,openfootball/south-america,https://raw.githubusercontent.com/openfootball/south-america/master/copa-libertadores/2024_copas.txt,UNKNOWN,HISTORICAL_REAL,
c150ace4097a96cda4701322,Copa Sudamericana,2024,2024-04-04,openfootball/south-america,https://raw.githubusercontent.com/openfootball/south-america/master/copa-libertadores/2024_copas.txt,UNKNOWN,HISTORICAL_REAL,
d09e30564527527badc98eb4,Copa Sudamericana,2024,2024-04-04,openfootball/south-america,https://raw.githubusercontent.com/openfootball/south-america/master/copa-libertadores/2024_copas.txt,UNKNOWN,HISTORICAL_REAL,
40899e34f153461cea8e0cb8,Copa Sudamericana,2024,2024-04-04,openfootball/south-america,https://raw.githubusercontent.com/openfootball/south-america/master/copa-libertadores/2024_copas.txt,UNKNOWN,HISTORICAL_REAL,
1cc0d44d940dbf69df49a93d,Copa Sudamericana,2024,2024-04-09,openfootball/south-america,https://raw.githubusercontent.com/openfootball/south-america/master/copa-libertadores/2024_copas.txt,UNKNOWN,HISTORICAL_REAL,
73828314c6e59a02bd45cd25,Copa Sudamericana,2024,2024-04-09,openfootball/south-america,https://raw.githubusercontent.com/openfootball/south-america/master/copa-libertadores/2024_copas.txt,UNKNOWN,HISTORICAL_REAL,
4588a37ae5286df2ee3cf2b9,Copa Sudamericana,2024,2024-04-09,openfootball/south-america,https://raw.githubusercontent.com/openfootball/south-america/master/copa-libertadores/2024_copas.txt,UNKNOWN,HISTORICAL_REAL,
17a661225ba070e80419c689,Copa Sudamericana,2024,2024-04-09,openfootball/south-america,https://raw.githubusercontent.com/openfootball/south-america/master/copa-libertadores/2024_copas.txt,UNKNOWN,HISTORICAL_REAL,
089c1a00dcfcff62ae9774d4,Copa Sudamericana,2024,2024-04-09,openfootball/south-america,https://raw.githubusercontent.com/openfootball/south-america/master/copa-libertadores/2024_copas.txt,UNKNOWN,HISTORICAL_REAL,
0c70d602f1e0b8c0caa98637,Copa Sudamericana,2024,2024-04-10,openfootball/south-america,https://raw.githubusercontent.com/openfootball/south-america/master/copa-libertadores/2024_copas.txt,UNKNOWN,HISTORICAL_REAL,
221ca11eb92fc6ef2213d441,Copa Sudamericana,2024,2024-04-10,openfootball/south-america,https://raw.githubusercontent.com/openfootball/south-america/master/copa-libertadores/2024_copas.txt,UNKNOWN,HISTORICAL_REAL,
398cbff5581518dff3a0ce55,Copa Sudamericana,2024,2024-04-10,openfootball/south-america,https://raw.githubusercontent.com/openfootball/south-america/master/copa-libertadores/2024_copas.txt,UNKNOWN,HISTORICAL_REAL,
31d9d619e321d88575fcf397,Copa Sudamericana,2024,2024-04-10,openfootball/south-america,https://raw.githubusercontent.com/openfootball/south-america/master/copa-libertadores/2024_copas.txt,UNKNOWN,HISTORICAL_REAL,
639eec6110f894e1aa06582a,Copa Sudamericana,2024,2024-04-10,openfootball/south-america,https://raw.githubusercontent.com/openfootball/south-america/master/copa-libertadores/2024_copas.txt,UNKNOWN,HISTORICAL_REAL,
d512da8ee499690de8bb3377,Copa Sudamericana,2024,2024-04-10,openfootball/south-america,https://raw.githubusercontent.com/openfootball/south-america/master/copa-libertadores/2024_copas.txt,UNKNOWN,HISTORICAL_REAL,
41861a3c20ed6421ce2d3627,Copa Sudamericana,2024,2024-04-11,openfootball/south-america,https://raw.githubusercontent.com/openfootball/south-america/master/copa-libertadores/2024_copas.txt,UNKNOWN,HISTORICAL_REAL,
8715669966e1805df1520afc,Copa Sudamericana,2024,2024-04-11,openfootball/south-america,https://raw.githubusercontent.com/openfootball/south-america/master/copa-libertadores/2024_copas.txt,UNKNOWN,HISTORICAL_REAL,
474db4201a2afbcf2171b684,Copa Sudamericana,2024,2024-04-11,openfootball/south-america,https://raw.githubusercontent.com/openfootball/south-america/master/copa-libertadores/2024_copas.txt,UNKNOWN,HISTORICAL_REAL,
c92b18cef2d949d9b2dc047c,Copa Sudamericana,2024,2024-04-11,openfootball/south-america,https://raw.githubusercontent.com/openfootball/south-america/master/copa-libertadores/2024_copas.txt,UNKNOWN,HISTORICAL_REAL,
21b4ea11285232a306c599de,Copa Sudamericana,2024,2024-04-11,openfootball/south-america,https://raw.githubusercontent.com/openfootball/south-america/master/copa-libertadores/2024_copas.txt,UNKNOWN,HISTORICAL_REAL,
f61068e2680e8bf58c7eb596,Copa Sudamericana,2024,2024-04-23,openfootball/south-america,https://raw.githubusercontent.com/openfootball/south-america/master/copa-libertadores/2024_copas.txt,UNKNOWN,HISTORICAL_REAL,
64402a7bde3f314d41037b06,Copa Sudamericana,2024,2024-04-23,openfootball/south-america,https://raw.githubusercontent.com/openfootball/south-america/master/copa-libertadores/2024_copas.txt,UNKNOWN,HISTORICAL_REAL,
e465d70f7b9d5ae9f30aa250,Copa Sudamericana,2024,2024-04-23,openfootball/south-america,https://raw.githubusercontent.com/openfootball/south-america/master/copa-libertadores/2024_copas.txt,UNKNOWN,HISTORICAL_REAL,
7429e2df3dd9eb912c500d88,Copa Sudamericana,2024,2024-04-23,openfootball/south-america,https://raw.githubusercontent.com/openfootball/south-america/master/copa-libertadores/2024_copas.txt,UNKNOWN,HISTORICAL_REAL,
6d49e4731baff1caacf5c210,Copa Sudamericana,2024,2024-04-23,openfootball/south-america,https://raw.githubusercontent.com/openfootball/south-america/master/copa-libertadores/2024_copas.txt,UNKNOWN,HISTORICAL_REAL,
b386b75bb9942d531441d811,Copa Sudamericana,2024,2024-04-24,openfootball/south-america,https://raw.githubusercontent.com/openfootball/south-america/master/copa-libertadores/2024_copas.txt,UNKNOWN,HISTORICAL_REAL,
d658cd19d4c874766bb8e583,Copa Sudamericana,2024,2024-04-24,openfootball/south-america,https://raw.githubusercontent.com/openfootball/south-america/master/copa-libertadores/2024_copas.txt,UNKNOWN,HISTORICAL_REAL,
8fe95a54419da65bc03dbe25,Copa Sudamericana,2024,2024-04-24,openfootball/south-america,https://raw.githubusercontent.com/openfootball/south-america/master/copa-libertadores/2024_copas.txt,UNKNOWN,HISTORICAL_REAL,
73b62ee4e7fef8cfdd1a84a8,Copa Sudamericana,2024,2024-04-24,openfootball/south-america,https://raw.githubusercontent.com/openfootball/south-america/master/copa-libertadores/2024_copas.txt,UNKNOWN,HISTORICAL_REAL,
8a7b8aefea7741f6234bec92,Copa Sudamericana,2024,2024-04-24,openfootball/south-america,https://raw.githubusercontent.com/openfootball/south-america/master/copa-libertadores/2024_copas.txt,UNKNOWN,HISTORICAL_REAL,
29e4584a52f11ae8ecd07adf,Copa Sudamericana,2024,2024-04-25,openfootball/south-america,https://raw.githubusercontent.com/openfootball/south-america/master/copa-libertadores/2024_copas.txt,UNKNOWN,HISTORICAL_REAL,
372e1d70b603181912effecf,Copa Sudamericana,2024,2024-04-25,openfootball/south-america,https://raw.githubusercontent.com/openfootball/south-america/master/copa-libertadores/2024_copas.txt,UNKNOWN,HISTORICAL_REAL,
5a4ab916bd1d6e7b6e53d012,Copa Sudamericana,2024,2024-04-25,openfootball/south-america,https://raw.githubusercontent.com/openfootball/south-america/master/copa-libertadores/2024_copas.txt,UNKNOWN,HISTORICAL_REAL,
fa9e488b6e431f28b54c3c3e,Copa Sudamericana,2024,2024-04-25,openfootball/south-america,https://raw.githubusercontent.com/openfootball/south-america/master/copa-libertadores/2024_copas.txt,UNKNOWN,HISTORICAL_REAL,
4d0a743d19435286fe4d5dd4,Copa Sudamericana,2024,2024-04-25,openfootball/south-america,https://raw.githubusercontent.com/openfootball/south-america/master/copa-libertadores/2024_copas.txt,UNKNOWN,HISTORICAL_REAL,
15b09ed6b82f08bf07b9a9f1,Copa Sudamericana,2024,2024-04-25,openfootball/south-america,https://raw.githubusercontent.com/openfootball/south-america/master/copa-libertadores/2024_copas.txt,UNKNOWN,HISTORICAL_REAL,
1442fbcba4fc959d5e5d1927,Copa Sudamericana,2024,2024-05-07,openfootball/south-america,https://raw.githubusercontent.com/openfootball/south-america/master/copa-libertadores/2024_copas.txt,UNKNOWN,HISTORICAL_REAL,
6131dca440d8dcdec2364d7c,Copa Sudamericana,2024,2024-05-07,openfootball/south-america,https://raw.githubusercontent.com/openfootball/south-america/master/copa-libertadores/2024_copas.txt,UNKNOWN,HISTORICAL_REAL,
1a701ec31d382982a17c595f,Copa Sudamericana,2024,2024-05-07,openfootball/south-america,https://raw.githubusercontent.com/openfootball/south-america/master/copa-libertadores/2024_copas.txt,UNKNOWN,HISTORICAL_REAL,
d1ac5dbdbb989e54b42f7b9b,Copa Sudamericana,2024,2024-05-07,openfootball/south-america,https://raw.githubusercontent.com/openfootball/south-america/master/copa-libertadores/2024_copas.txt,UNKNOWN,HISTORICAL_REAL,
1a681765cf2c1df7154f7edc,Copa Sudamericana,2024,2024-05-07,openfootball/south-america,https://raw.githubusercontent.com/openfootball/south-america/master/copa-libertadores/2024_copas.txt,UNKNOWN,HISTORICAL_REAL,
b7ab54f916894b6be0cd54e0,Copa Sudamericana,2024,2024-05-07,openfootball/south-america,https://raw.githubusercontent.com/openfootball/south-america/master/copa-libertadores/2024_copas.txt,UNKNOWN,HISTORICAL_REAL,
2ff93d236c389cc89abf00bd,Copa Sudamericana,2024,2024-05-08,openfootball/south-america,https://raw.githubusercontent.com/openfootball/south-america/master/copa-libertadores/2024_copas.txt,UNKNOWN,HISTORICAL_REAL,
af67b9042659104f6cb7ebef,Copa Sudamericana,2024,2024-05-08,openfootball/south-america,https://raw.githubusercontent.com/openfootball/south-america/master/copa-libertadores/2024_copas.txt,UNKNOWN,HISTORICAL_REAL,
3cebbf2df3887886ad1eb53c,Copa Sudamericana,2024,2024-05-08,openfootball/south-america,https://raw.githubusercontent.com/openfootball/south-america/master/copa-libertadores/2024_copas.txt,UNKNOWN,HISTORICAL_REAL,
c74df0558cebb6caae73319f,Copa Sudamericana,2024,2024-05-08,openfootball/south-america,https://raw.githubusercontent.com/openfootball/south-america/master/copa-libertadores/2024_copas.txt,UNKNOWN,HISTORICAL_REAL,
978dbb9f245db303b16770d8,Copa Sudamericana,2024,2024-05-08,openfootball/south-america,https://raw.githubusercontent.com/openfootball/south-america/master/copa-libertadores/2024_copas.txt,UNKNOWN,HISTORICAL_REAL,
1ed76648a08b085abf35dff1,Copa Sudamericana,2024,2024-05-09,openfootball/south-america,https://raw.githubusercontent.com/openfootball/south-america/master/copa-libertadores/2024_copas.txt,UNKNOWN,HISTORICAL_REAL,
6ceaf8974f3b57877084ce20,Copa Sudamericana,2024,2024-05-09,openfootball/south-america,https://raw.githubusercontent.com/openfootball/south-america/master/copa-libertadores/2024_copas.txt,UNKNOWN,HISTORICAL_REAL,
83aee805c2e25c7c9b770030,Copa Sudamericana,2024,2024-05-09,openfootball/south-america,https://raw.githubusercontent.com/openfootball/south-america/master/copa-libertadores/2024_copas.txt,UNKNOWN,HISTORICAL_REAL,
aa3a1986b0f004a5ea33f6f8,Copa Sudamericana,2024,2024-05-09,openfootball/south-america,https://raw.githubusercontent.com/openfootball/south-america/master/copa-libertadores/2024_copas.txt,UNKNOWN,HISTORICAL_REAL,
90fbe5007bf13bd472e59f06,Copa Sudamericana,2024,2024-05-14,openfootball/south-america,https://raw.githubusercontent.com/openfootball/south-america/master/copa-libertadores/2024_copas.txt,UNKNOWN,HISTORICAL_REAL,
6d75b78e71a5b28f13520c4d,Copa Sudamericana,2024,2024-05-14,openfootball/south-america,https://raw.githubusercontent.com/openfootball/south-america/master/copa-libertadores/2024_copas.txt,UNKNOWN,HISTORICAL_REAL,
db235ebcf9020aaca5f9eab2,Copa Sudamericana,2024,2024-05-14,openfootball/south-america,https://raw.githubusercontent.com/openfootball/south-america/master/copa-libertadores/2024_copas.txt,UNKNOWN,HISTORICAL_REAL,
a5a97f2ad76d564724d38dba,Copa Sudamericana,2024,2024-05-14,openfootball/south-america,https://raw.githubusercontent.com/openfootball/south-america/master/copa-libertadores/2024_copas.txt,UNKNOWN,HISTORICAL_REAL,
5f09fa45cd7902d852485fd5,Copa Sudamericana,2024,2024-05-14,openfootball/south-america,https://raw.githubusercontent.com/openfootball/south-america/master/copa-libertadores/2024_copas.txt,UNKNOWN,HISTORICAL_REAL,
697ec17f1d3c75d46b323a49,Copa Sudamericana,2024,2024-05-15,openfootball/south-america,https://raw.githubusercontent.com/openfootball/south-america/master/copa-libertadores/2024_copas.txt,UNKNOWN,HISTORICAL_REAL,
38a6bdcd851347217e065275,Copa Sudamericana,2024,2024-05-15,openfootball/south-america,https://raw.githubusercontent.com/openfootball/south-america/master/copa-libertadores/2024_copas.txt,UNKNOWN,HISTORICAL_REAL,
cdcf03d187e611095952e4bb,Copa Sudamericana,2024,2024-05-15,openfootball/south-america,https://raw.githubusercontent.com/openfootball/south-america/master/copa-libertadores/2024_copas.txt,UNKNOWN,HISTORICAL_REAL,
f75b3a5c73543333c294498f,Copa Sudamericana,2024,2024-05-15,openfootball/south-america,https://raw.githubusercontent.com/openfootball/south-america/master/copa-libertadores/2024_copas.txt,UNKNOWN,HISTORICAL_REAL,
ae9bc1f68ccd43738ec80571,Copa Sudamericana,2024,2024-05-15,openfootball/south-america,https://raw.githubusercontent.com/openfootball/south-america/master/copa-libertadores/2024_copas.txt,UNKNOWN,HISTORICAL_REAL,
881861c1a7d0ce4d0a2921e7,Copa Sudamericana,2024,2024-05-15,openfootball/south-america,https://raw.githubusercontent.com/openfootball/south-america/master/copa-libertadores/2024_copas.txt,UNKNOWN,HISTORICAL_REAL,
cd8f23e6dae521b26d87cc27,Copa Sudamericana,2024,2024-05-16,openfootball/south-america,https://raw.githubusercontent.com/openfootball/south-america/master/copa-libertadores/2024_copas.txt,UNKNOWN,HISTORICAL_REAL,
7f80eca80dd554bb59d80cc9,Copa Sudamericana,2024,2024-05-16,openfootball/south-america,https://raw.githubusercontent.com/openfootball/south-america/master/copa-libertadores/2024_copas.txt,UNKNOWN,HISTORICAL_REAL,
a8e81038f36c57e2a2a8a81a,Copa Sudamericana,2024,2024-05-16,openfootball/south-america,https://raw.githubusercontent.com/openfootball/south-america/master/copa-libertadores/2024_copas.txt,UNKNOWN,HISTORICAL_REAL,
756f5fe512e941afded41460,Copa Sudamericana,2024,2024-05-16,openfootball/south-america,https://raw.githubusercontent.com/openfootball/south-america/master/copa-libertadores/2024_copas.txt,UNKNOWN,HISTORICAL_REAL,
6349f6739094f5c629b7566a,Copa Sudamericana,2024,2024-05-28,openfootball/south-america,https://raw.githubusercontent.com/openfootball/south-america/master/copa-libertadores/2024_copas.txt,UNKNOWN,HISTORICAL_REAL,
80df5c54316ef08bb69f5167,Copa Sudamericana,2024,2024-05-28,openfootball/south-america,https://raw.githubusercontent.com/openfootball/south-america/master/copa-libertadores/2024_copas.txt,UNKNOWN,HISTORICAL_REAL,
389748e36c5dffc351f178c4,Copa Sudamericana,2024,2024-05-28,openfootball/south-america,https://raw.githubusercontent.com/openfootball/south-america/master/copa-libertadores/2024_copas.txt,UNKNOWN,HISTORICAL_REAL,
9bc1a8979554692f91530b88,Copa Sudamericana,2024,2024-05-28,openfootball/south-america,https://raw.githubusercontent.com/openfootball/south-america/master/copa-libertadores/2024_copas.txt,UNKNOWN,HISTORICAL_REAL,
d87e10bee5cdc26dc2a788b7,Copa Sudamericana,2024,2024-05-28,openfootball/south-america,https://raw.githubusercontent.com/openfootball/south-america/master/copa-libertadores/2024_copas.txt,UNKNOWN,HISTORICAL_REAL,
b37ea2583791c09ac5f3c1d6,Copa Sudamericana,2024,2024-05-28,openfootball/south-america,https://raw.githubusercontent.com/openfootball/south-america/master/copa-libertadores/2024_copas.txt,UNKNOWN,HISTORICAL_REAL,
1dfe6bf4e74b00a80a2e3343,Copa Sudamericana,2024,2024-05-29,openfootball/south-america,https://raw.githubusercontent.com/openfootball/south-america/master/copa-libertadores/2024_copas.txt,UNKNOWN,HISTORICAL_REAL,
029c6d89e0d86ef252716ecd,Copa Sudamericana,2024,2024-05-29,openfootball/south-america,https://raw.githubusercontent.com/openfootball/south-america/master/copa-libertadores/2024_copas.txt,UNKNOWN,HISTORICAL_REAL,
00c394aeb15c37665ec3516e,Copa Sudamericana,2024,2024-05-29,openfootball/south-america,https://raw.githubusercontent.com/openfootball/south-america/master/copa-libertadores/2024_copas.txt,UNKNOWN,HISTORICAL_REAL,
7010e70cdb5fa08f335c03ac,Copa Sudamericana,2024,2024-05-29,openfootball/south-america,https://raw.githubusercontent.com/openfootball/south-america/master/copa-libertadores/2024_copas.txt,UNKNOWN,HISTORICAL_REAL,
a5e8fe533564723b4af7445d,Copa Sudamericana,2024,2024-05-29,openfootball/south-america,https://raw.githubusercontent.com/openfootball/south-america/master/copa-libertadores/2024_copas.txt,UNKNOWN,HISTORICAL_REAL,
09d783bafef604ebd92f4f77,Copa Sudamericana,2024,2024-05-29,openfootball/south-america,https://raw.githubusercontent.com/openfootball/south-america/master/copa-libertadores/2024_copas.txt,UNKNOWN,HISTORICAL_REAL,
8e3fc8bc9b9b363379517a97,Copa Sudamericana,2024,2024-05-30,openfootball/south-america,https://raw.githubusercontent.com/openfootball/south-america/master/copa-libertadores/2024_copas.txt,UNKNOWN,HISTORICAL_REAL,
2ab1d6db787f23ed66eda04d,Copa Sudamericana,2024,2024-05-30,openfootball/south-america,https://raw.githubusercontent.com/openfootball/south-america/master/copa-libertadores/2024_copas.txt,UNKNOWN,HISTORICAL_REAL,
2549a3e6b75e2c7802ef7799,Copa Sudamericana,2024,2024-05-30,openfootball/south-america,https://raw.githubusercontent.com/openfootball/south-america/master/copa-libertadores/2024_copas.txt,UNKNOWN,HISTORICAL_REAL,
8650a42dbedf09ec8fe6aff7,Copa Sudamericana,2024,2024-05-30,openfootball/south-america,https://raw.githubusercontent.com/openfootball/south-america/master/copa-libertadores/2024_copas.txt,UNKNOWN,HISTORICAL_REAL,
40c10a56ae6e7ffa8c3fdc45,Copa Sudamericana,2024,2024-06-04,openfootball/south-america,https://raw.githubusercontent.com/openfootball/south-america/master/copa-libertadores/2024_copas.txt,UNKNOWN,HISTORICAL_REAL,
bb854f99807198edc08fa9a8,Copa Sudamericana,2024,2024-06-08,openfootball/south-america,https://raw.githubusercontent.com/openfootball/south-america/master/copa-libertadores/2024_copas.txt,UNKNOWN,HISTORICAL_REAL,
c57ac469e4dd5e04dfde9c98,Copa Sudamericana,2024,2024-07-16,openfootball/south-america,https://raw.githubusercontent.com/openfootball/south-america/master/copa-libertadores/2024_copas.txt,UNKNOWN,HISTORICAL_REAL,
4f4f3ec3a5571bc8ad75785c,Copa Sudamericana,2024,2024-07-16,openfootball/south-america,https://raw.githubusercontent.com/openfootball/south-america/master/copa-libertadores/2024_copas.txt,UNKNOWN,HISTORICAL_REAL,
6644797fcbedd7948e2ec6ae,Copa Sudamericana,2024,2024-07-17,openfootball/south-america,https://raw.githubusercontent.com/openfootball/south-america/master/copa-libertadores/2024_copas.txt,UNKNOWN,HISTORICAL_REAL,
439167ab1313516bc2d8bfa2,Copa Sudamericana,2024,2024-07-17,openfootball/south-america,https://raw.githubusercontent.com/openfootball/south-america/master/copa-libertadores/2024_copas.txt,UNKNOWN,HISTORICAL_REAL,
97f235e1e1d1752a9374efa7,Copa Sudamericana,2024,2024-07-17,openfootball/south-america,https://raw.githubusercontent.com/openfootball/south-america/master/copa-libertadores/2024_copas.txt,UNKNOWN,HISTORICAL_REAL,
50c671766a3ed9d4c10257e5,Copa Sudamericana,2024,2024-07-18,openfootball/south-america,https://raw.githubusercontent.com/openfootball/south-america/master/copa-libertadores/2024_copas.txt,UNKNOWN,HISTORICAL_REAL,
c1efcdbd5389b4ff647e5a1d,Copa Sudamericana,2024,2024-07-18,openfootball/south-america,https://raw.githubusercontent.com/openfootball/south-america/master/copa-libertadores/2024_copas.txt,UNKNOWN,HISTORICAL_REAL,
68f71595f36213a1e5ffbf3f,Copa Sudamericana,2024,2024-07-18,openfootball/south-america,https://raw.githubusercontent.com/openfootball/south-america/master/copa-libertadores/2024_copas.txt,UNKNOWN,HISTORICAL_REAL,
8c2a5c06c5cd0b52af2e9a00,Copa Sudamericana,2024,2024-07-23,openfootball/south-america,https://raw.githubusercontent.com/openfootball/south-america/master/copa-libertadores/2024_copas.txt,UNKNOWN,HISTORICAL_REAL,
43717126e3bc8f0e2fa4092d,Copa Sudamericana,2024,2024-07-23,openfootball/south-america,https://raw.githubusercontent.com/openfootball/south-america/master/copa-libertadores/2024_copas.txt,UNKNOWN,HISTORICAL_REAL,
37498245ec60c86025606d6f,Copa Sudamericana,2024,2024-07-24,openfootball/south-america,https://raw.githubusercontent.com/openfootball/south-america/master/copa-libertadores/2024_copas.txt,UNKNOWN,HISTORICAL_REAL,
ff82edf65e32cec6d80a0fe4,Copa Sudamericana,2024,2024-07-24,openfootball/south-america,https://raw.githubusercontent.com/openfootball/south-america/master/copa-libertadores/2024_copas.txt,UNKNOWN,HISTORICAL_REAL,
8bd4e831139e2c0ef834d0e0,Copa Sudamericana,2024,2024-07-24,openfootball/south-america,https://raw.githubusercontent.com/openfootball/south-america/master/copa-libertadores/2024_copas.txt,UNKNOWN,HISTORICAL_REAL,
912fb8fd0f69cbb55fe669bc,Copa Sudamericana,2024,2024-07-25,openfootball/south-america,https://raw.githubusercontent.com/openfootball/south-america/master/copa-libertadores/2024_copas.txt,UNKNOWN,HISTORICAL_REAL,
67af7e14d6c128eaabfa4987,Copa Sudamericana,2024,2024-07-25,openfootball/south-america,https://raw.githubusercontent.com/openfootball/south-america/master/copa-libertadores/2024_copas.txt,UNKNOWN,HISTORICAL_REAL,
a4c095df9d5406a982f49a83,Copa Sudamericana,2024,2024-07-25,openfootball/south-america,https://raw.githubusercontent.com/openfootball/south-america/master/copa-libertadores/2024_copas.txt,UNKNOWN,HISTORICAL_REAL,
5d03b834d04f3a96d23faa9a,Copa Sudamericana,2024,2024-08-13,openfootball/south-america,https://raw.githubusercontent.com/openfootball/south-america/master/copa-libertadores/2024_copas.txt,UNKNOWN,HISTORICAL_REAL,
a91fe3e043951820e12a0e01,Copa Sudamericana,2024,2024-08-13,openfootball/south-america,https://raw.githubusercontent.com/openfootball/south-america/master/copa-libertadores/2024_copas.txt,UNKNOWN,HISTORICAL_REAL,
44964cc856ad20c09012d043,Copa Sudamericana,2024,2024-08-14,openfootball/south-america,https://raw.githubusercontent.com/openfootball/south-america/master/copa-libertadores/2024_copas.txt,UNKNOWN,HISTORICAL_REAL,
bce0b9b2201a3f59b84daee6,Copa Sudamericana,2024,2024-08-14,openfootball/south-america,https://raw.githubusercontent.com/openfootball/south-america/master/copa-libertadores/2024_copas.txt,UNKNOWN,HISTORICAL_REAL,
d0539cb011ab224d317592c6,Copa Sudamericana,2024,2024-08-14,openfootball/south-america,https://raw.githubusercontent.com/openfootball/south-america/master/copa-libertadores/2024_copas.txt,UNKNOWN,HISTORICAL_REAL,
ecb39ef672a0f2b88bc7335e,Copa Sudamericana,2024,2024-08-15,openfootball/south-america,https://raw.githubusercontent.com/openfootball/south-america/master/copa-libertadores/2024_copas.txt,UNKNOWN,HISTORICAL_REAL,
829a4e138fe36e2d258a2251,Copa Sudamericana,2024,2024-08-15,openfootball/south-america,https://raw.githubusercontent.com/openfootball/south-america/master/copa-libertadores/2024_copas.txt,UNKNOWN,HISTORICAL_REAL,
22ee2a64b0d8df4316de0210,Copa Sudamericana,2024,2024-08-15,openfootball/south-america,https://raw.githubusercontent.com/openfootball/south-america/master/copa-libertadores/2024_copas.txt,UNKNOWN,HISTORICAL_REAL,
5035a301d04fa36507e363be,Copa Sudamericana,2024,2024-08-20,openfootball/south-america,https://raw.githubusercontent.com/openfootball/south-america/master/copa-libertadores/2024_copas.txt,UNKNOWN,HISTORICAL_REAL,
f16e3287dd1cfef303daad9e,Copa Sudamericana,2024,2024-08-20,openfootball/south-america,https://raw.githubusercontent.com/openfootball/south-america/master/copa-libertadores/2024_copas.txt,UNKNOWN,HISTORICAL_REAL,
03b68f52773c4572dd8865e0,Copa Sudamericana,2024,2024-08-21,openfootball/south-america,https://raw.githubusercontent.com/openfootball/south-america/master/copa-libertadores/2024_copas.txt,UNKNOWN,HISTORICAL_REAL,
570b30b17f6bd09282a33351,Copa Sudamericana,2024,2024-08-21,openfootball/south-america,https://raw.githubusercontent.com/openfootball/south-america/master/copa-libertadores/2024_copas.txt,UNKNOWN,HISTORICAL_REAL,
a3ee626f9eb9c2f5eb0fae71,Copa Sudamericana,2024,2024-08-21,openfootball/south-america,https://raw.githubusercontent.com/openfootball/south-america/master/copa-libertadores/2024_copas.txt,UNKNOWN,HISTORICAL_REAL,
9262b4fc9fe989692978faec,Copa Sudamericana,2024,2024-08-22,openfootball/south-america,https://raw.githubusercontent.com/openfootball/south-america/master/copa-libertadores/2024_copas.txt,UNKNOWN,HISTORICAL_REAL,
d40a9a8620655acb52004b80,Copa Sudamericana,2024,2024-08-22,openfootball/south-america,https://raw.githubusercontent.com/openfootball/south-america/master/copa-libertadores/2024_copas.txt,UNKNOWN,HISTORICAL_REAL,
49869c5ac222a36ca24b7947,Copa Sudamericana,2024,2024-08-22,openfootball/south-america,https://raw.githubusercontent.com/openfootball/south-america/master/copa-libertadores/2024_copas.txt,UNKNOWN,HISTORICAL_REAL,
05773bf9622b60ec8a32b145,Copa Sudamericana,2024,2024-09-17,openfootball/south-america,https://raw.githubusercontent.com/openfootball/south-america/master/copa-libertadores/2024_copas.txt,UNKNOWN,HISTORICAL_REAL,
75ac6d97d521c59f56d29ae6,Copa Sudamericana,2024,2024-09-18,openfootball/south-america,https://raw.githubusercontent.com/openfootball/south-america/master/copa-libertadores/2024_copas.txt,UNKNOWN,HISTORICAL_REAL,
9804bcda4375ca1f227bf47e,Copa Sudamericana,2024,2024-09-19,openfootball/south-america,https://raw.githubusercontent.com/openfootball/south-america/master/copa-libertadores/2024_copas.txt,UNKNOWN,HISTORICAL_REAL,
f6b82e37a4708ab9bd3efea8,Copa Sudamericana,2024,2024-09-19,openfootball/south-america,https://raw.githubusercontent.com/openfootball/south-america/master/copa-libertadores/2024_copas.txt,UNKNOWN,HISTORICAL_REAL,
d430540833d89e50993663e6,Copa Sudamericana,2024,2024-09-24,openfootball/south-america,https://raw.githubusercontent.com/openfootball/south-america/master/copa-libertadores/2024_copas.txt,UNKNOWN,HISTORICAL_REAL,
6eec9d77a9dfad22ee91c471,Copa Sudamericana,2024,2024-09-25,openfootball/south-america,https://raw.githubusercontent.com/openfootball/south-america/master/copa-libertadores/2024_copas.txt,UNKNOWN,HISTORICAL_REAL,
b69cdc1a5557a6cde01621c7,Copa Sudamericana,2024,2024-09-26,openfootball/south-america,https://raw.githubusercontent.com/openfootball/south-america/master/copa-libertadores/2024_copas.txt,UNKNOWN,HISTORICAL_REAL,
090919a1dff666a09c3b6da6,Copa Sudamericana,2024,2024-09-26,openfootball/south-america,https://raw.githubusercontent.com/openfootball/south-america/master/copa-libertadores/2024_copas.txt,UNKNOWN,HISTORICAL_REAL,
d8548351052e4c4f52a983a1,Copa Sudamericana,2024,2024-10-23,openfootball/south-america,https://raw.githubusercontent.com/openfootball/south-america/master/copa-libertadores/2024_copas.txt,UNKNOWN,HISTORICAL_REAL,
db8b3c5ed49a5337577f6187,Copa Sudamericana,2024,2024-10-24,openfootball/south-america,https://raw.githubusercontent.com/openfootball/south-america/master/copa-libertadores/2024_copas.txt,UNKNOWN,HISTORICAL_REAL,
9a7ee64bd905a52df1fb78df,Copa Sudamericana,2024,2024-10-30,openfootball/south-america,https://raw.githubusercontent.com/openfootball/south-america/master/copa-libertadores/2024_copas.txt,UNKNOWN,HISTORICAL_REAL,
5bb03da58a7f59a73a16ece7,Copa Sudamericana,2024,2024-10-31,openfootball/south-america,https://raw.githubusercontent.com/openfootball/south-america/master/copa-libertadores/2024_copas.txt,UNKNOWN,HISTORICAL_REAL,
8fc320ef9cec1afbdf0c39c9,Copa Sudamericana,2024,2024-11-23,openfootball/south-america,https://raw.githubusercontent.com/openfootball/south-america/master/copa-libertadores/2024_copas.txt,UNKNOWN,HISTORICAL_REAL,
661518737b06a29837c1012a,Copa Sudamericana,2025,2025-03-04,openfootball/south-america,https://raw.githubusercontent.com/openfootball/south-america/master/copa-libertadores/2025_copas.txt,UNKNOWN,HISTORICAL_REAL,
e9fe9351469c6a734cba17b5,Copa Sudamericana,2025,2025-03-04,openfootball/south-america,https://raw.githubusercontent.com/openfootball/south-america/master/copa-libertadores/2025_copas.txt,UNKNOWN,HISTORICAL_REAL,
01a2b583eb940ec3e5a52c99,Copa Sudamericana,2025,2025-03-04,openfootball/south-america,https://raw.githubusercontent.com/openfootball/south-america/master/copa-libertadores/2025_copas.txt,UNKNOWN,HISTORICAL_REAL,
dad89025d13abacedbc492ca,Copa Sudamericana,2025,2025-03-04,openfootball/south-america,https://raw.githubusercontent.com/openfootball/south-america/master/copa-libertadores/2025_copas.txt,UNKNOWN,HISTORICAL_REAL,
459c7342f30bd60eb69d7822,Copa Sudamericana,2025,2025-03-05,openfootball/south-america,https://raw.githubusercontent.com/openfootball/south-america/master/copa-libertadores/2025_copas.txt,UNKNOWN,HISTORICAL_REAL,
4223551ea96c467066c4b44d,Copa Sudamericana,2025,2025-03-05,openfootball/south-america,https://raw.githubusercontent.com/openfootball/south-america/master/copa-libertadores/2025_copas.txt,UNKNOWN,HISTORICAL_REAL,
12ecc40bf1a38b67972c6099,Copa Sudamericana,2025,2025-03-05,openfootball/south-america,https://raw.githubusercontent.com/openfootball/south-america/master/copa-libertadores/2025_copas.txt,UNKNOWN,HISTORICAL_REAL,
b7eb78470f07eacf47208ccf,Copa Sudamericana,2025,2025-03-05,openfootball/south-america,https://raw.githubusercontent.com/openfootball/south-america/master/copa-libertadores/2025_copas.txt,UNKNOWN,HISTORICAL_REAL,
8677ed916b0e740d2c3d577b,Copa Sudamericana,2025,2025-03-05,openfootball/south-america,https://raw.githubusercontent.com/openfootball/south-america/master/copa-libertadores/2025_copas.txt,UNKNOWN,HISTORICAL_REAL,
81e21ee9b0b5cf9050c3ef0d,Copa Sudamericana,2025,2025-03-05,openfootball/south-america,https://raw.githubusercontent.com/openfootball/south-america/master/copa-libertadores/2025_copas.txt,UNKNOWN,HISTORICAL_REAL,
63a1f42e16571fb064df0f9d,Copa Sudamericana,2025,2025-03-06,openfootball/south-america,https://raw.githubusercontent.com/openfootball/south-america/master/copa-libertadores/2025_copas.txt,UNKNOWN,HISTORICAL_REAL,
18761d2209563ed9e043efa0,Copa Sudamericana,2025,2025-03-06,openfootball/south-america,https://raw.githubusercontent.com/openfootball/south-america/master/copa-libertadores/2025_copas.txt,UNKNOWN,HISTORICAL_REAL,
6575469c85bec6f7516f269a,Copa Sudamericana,2025,2025-03-06,openfootball/south-america,https://raw.githubusercontent.com/openfootball/south-america/master/copa-libertadores/2025_copas.txt,UNKNOWN,HISTORICAL_REAL,
1a72cbedab02b128fe44ed8a,Copa Sudamericana,2025,2025-03-06,openfootball/south-america,https://raw.githubusercontent.com/openfootball/south-america/master/copa-libertadores/2025_copas.txt,UNKNOWN,HISTORICAL_REAL,
665eac14a7ef77f8382b01ad,Copa Sudamericana,2025,2025-03-06,openfootball/south-america,https://raw.githubusercontent.com/openfootball/south-america/master/copa-libertadores/2025_copas.txt,UNKNOWN,HISTORICAL_REAL,
f33bc14001c446ae39d24141,Copa Sudamericana,2025,2025-03-06,openfootball/south-america,https://raw.githubusercontent.com/openfootball/south-america/master/copa-libertadores/2025_copas.txt,UNKNOWN,HISTORICAL_REAL,
9798547e43e103aea6e8b9f5,Copa Sudamericana,2025,2025-04-01,openfootball/south-america,https://raw.githubusercontent.com/openfootball/south-america/master/copa-libertadores/2025_copas.txt,UNKNOWN,HISTORICAL_REAL,
977604bb17af87fd1789f950,Copa Sudamericana,2025,2025-04-01,openfootball/south-america,https://raw.githubusercontent.com/openfootball/south-america/master/copa-libertadores/2025_copas.txt,UNKNOWN,HISTORICAL_REAL,
c7e21b352be8b3c821851883,Copa Sudamericana,2025,2025-04-01,openfootball/south-america,https://raw.githubusercontent.com/openfootball/south-america/master/copa-libertadores/2025_copas.txt,UNKNOWN,HISTORICAL_REAL,
19304eace58a55c8fd94331d,Copa Sudamericana,2025,2025-04-01,openfootball/south-america,https://raw.githubusercontent.com/openfootball/south-america/master/copa-libertadores/2025_copas.txt,UNKNOWN,HISTORICAL_REAL,
16c5695ef10cd4c95554c6d6,Copa Sudamericana,2025,2025-04-01,openfootball/south-america,https://raw.githubusercontent.com/openfootball/south-america/master/copa-libertadores/2025_copas.txt,UNKNOWN,HISTORICAL_REAL,
5e817a37801aa128b765b231,Copa Sudamericana,2025,2025-04-01,openfootball/south-america,https://raw.githubusercontent.com/openfootball/south-america/master/copa-libertadores/2025_copas.txt,UNKNOWN,HISTORICAL_REAL,
98c4aa456a9c8a8fac3ce2b3,Copa Sudamericana,2025,2025-04-02,openfootball/south-america,https://raw.githubusercontent.com/openfootball/south-america/master/copa-libertadores/2025_copas.txt,UNKNOWN,HISTORICAL_REAL,
bc7ae55835597726c8925ded,Copa Sudamericana,2025,2025-04-02,openfootball/south-america,https://raw.githubusercontent.com/openfootball/south-america/master/copa-libertadores/2025_copas.txt,UNKNOWN,HISTORICAL_REAL,
ea43f8938fe17ef03328cd13,Copa Sudamericana,2025,2025-04-02,openfootball/south-america,https://raw.githubusercontent.com/openfootball/south-america/master/copa-libertadores/2025_copas.txt,UNKNOWN,HISTORICAL_REAL,
5acfb520e71c534040f3b069,Copa Sudamericana,2025,2025-04-02,openfootball/south-america,https://raw.githubusercontent.com/openfootball/south-america/master/copa-libertadores/2025_copas.txt,UNKNOWN,HISTORICAL_REAL,
9301c75d9cbfaf135b0eeb6f,Copa Sudamericana,2025,2025-04-02,openfootball/south-america,https://raw.githubusercontent.com/openfootball/south-america/master/copa-libertadores/2025_copas.txt,UNKNOWN,HISTORICAL_REAL,
7d9224ea0836fea95d49b87f,Copa Sudamericana,2025,2025-04-02,openfootball/south-america,https://raw.githubusercontent.com/openfootball/south-america/master/copa-libertadores/2025_copas.txt,UNKNOWN,HISTORICAL_REAL,
68a74b401860166226e558e7,Copa Sudamericana,2025,2025-04-03,openfootball/south-america,https://raw.githubusercontent.com/openfootball/south-america/master/copa-libertadores/2025_copas.txt,UNKNOWN,HISTORICAL_REAL,
26ef3c619cdfdd61de61c3e2,Copa Sudamericana,2025,2025-04-03,openfootball/south-america,https://raw.githubusercontent.com/openfootball/south-america/master/copa-libertadores/2025_copas.txt,UNKNOWN,HISTORICAL_REAL,
98be7624bd6b81511e10442a,Copa Sudamericana,2025,2025-04-03,openfootball/south-america,https://raw.githubusercontent.com/openfootball/south-america/master/copa-libertadores/2025_copas.txt,UNKNOWN,HISTORICAL_REAL,
c1631026a893b58445201d65,Copa Sudamericana,2025,2025-04-03,openfootball/south-america,https://raw.githubusercontent.com/openfootball/south-america/master/copa-libertadores/2025_copas.txt,UNKNOWN,HISTORICAL_REAL,
b5fcc1f1820d35ed4a740458,Copa Sudamericana,2025,2025-04-08,openfootball/south-america,https://raw.githubusercontent.com/openfootball/south-america/master/copa-libertadores/2025_copas.txt,UNKNOWN,HISTORICAL_REAL,
08622a731cc20a33792d2855,Copa Sudamericana,2025,2025-04-08,openfootball/south-america,https://raw.githubusercontent.com/openfootball/south-america/master/copa-libertadores/2025_copas.txt,UNKNOWN,HISTORICAL_REAL,
1f7491c434e3dc97ef4d466b,Copa Sudamericana,2025,2025-04-08,openfootball/south-america,https://raw.githubusercontent.com/openfootball/south-america/master/copa-libertadores/2025_copas.txt,UNKNOWN,HISTORICAL_REAL,
82722a73d4b5e3441b95040b,Copa Sudamericana,2025,2025-04-08,openfootball/south-america,https://raw.githubusercontent.com/openfootball/south-america/master/copa-libertadores/2025_copas.txt,UNKNOWN,HISTORICAL_REAL,
46d006795be9d805e8012336,Copa Sudamericana,2025,2025-04-08,openfootball/south-america,https://raw.githubusercontent.com/openfootball/south-america/master/copa-libertadores/2025_copas.txt,UNKNOWN,HISTORICAL_REAL,
5466027c32c10a403145de9e,Copa Sudamericana,2025,2025-04-08,openfootball/south-america,https://raw.githubusercontent.com/openfootball/south-america/master/copa-libertadores/2025_copas.txt,UNKNOWN,HISTORICAL_REAL,
152933b0c4c7ec94adc92ed2,Copa Sudamericana,2025,2025-04-09,openfootball/south-america,https://raw.githubusercontent.com/openfootball/south-america/master/copa-libertadores/2025_copas.txt,UNKNOWN,HISTORICAL_REAL,
ba886d94cf3c2af9b45a8e92,Copa Sudamericana,2025,2025-04-09,openfootball/south-america,https://raw.githubusercontent.com/openfootball/south-america/master/copa-libertadores/2025_copas.txt,UNKNOWN,HISTORICAL_REAL,
2d6b80985d21442bfefab6bf,Copa Sudamericana,2025,2025-04-09,openfootball/south-america,https://raw.githubusercontent.com/openfootball/south-america/master/copa-libertadores/2025_copas.txt,UNKNOWN,HISTORICAL_REAL,
2d8c8e3f6277480af4fcaca8,Copa Sudamericana,2025,2025-04-09,openfootball/south-america,https://raw.githubusercontent.com/openfootball/south-america/master/copa-libertadores/2025_copas.txt,UNKNOWN,HISTORICAL_REAL,
d985a2a736dfb02daf74d6c8,Copa Sudamericana,2025,2025-04-09,openfootball/south-america,https://raw.githubusercontent.com/openfootball/south-america/master/copa-libertadores/2025_copas.txt,UNKNOWN,HISTORICAL_REAL,
51627a22cf12cd19742fda04,Copa Sudamericana,2025,2025-04-10,openfootball/south-america,https://raw.githubusercontent.com/openfootball/south-america/master/copa-libertadores/2025_copas.txt,UNKNOWN,HISTORICAL_REAL,
61663ac595a3cacb07a8bd02,Copa Sudamericana,2025,2025-04-10,openfootball/south-america,https://raw.githubusercontent.com/openfootball/south-america/master/copa-libertadores/2025_copas.txt,UNKNOWN,HISTORICAL_REAL,
2b865e4249936818ac7eb043,Copa Sudamericana,2025,2025-04-10,openfootball/south-america,https://raw.githubusercontent.com/openfootball/south-america/master/copa-libertadores/2025_copas.txt,UNKNOWN,HISTORICAL_REAL,
eefaebb1416209ae0e175344,Copa Sudamericana,2025,2025-04-10,openfootball/south-america,https://raw.githubusercontent.com/openfootball/south-america/master/copa-libertadores/2025_copas.txt,UNKNOWN,HISTORICAL_REAL,
5f5b69b17fc9649ff03a9409,Copa Sudamericana,2025,2025-04-10,openfootball/south-america,https://raw.githubusercontent.com/openfootball/south-america/master/copa-libertadores/2025_copas.txt,UNKNOWN,HISTORICAL_REAL,
1bfa1f112544aee0db88a941,Copa Sudamericana,2025,2025-04-22,openfootball/south-america,https://raw.githubusercontent.com/openfootball/south-america/master/copa-libertadores/2025_copas.txt,UNKNOWN,HISTORICAL_REAL,
be4f59c27949f4d556fb538c,Copa Sudamericana,2025,2025-04-22,openfootball/south-america,https://raw.githubusercontent.com/openfootball/south-america/master/copa-libertadores/2025_copas.txt,UNKNOWN,HISTORICAL_REAL,
3108b9bafcf58323af451356,Copa Sudamericana,2025,2025-04-22,openfootball/south-america,https://raw.githubusercontent.com/openfootball/south-america/master/copa-libertadores/2025_copas.txt,UNKNOWN,HISTORICAL_REAL,
87a7a0f18b29eb25a88be5b4,Copa Sudamericana,2025,2025-04-22,openfootball/south-america,https://raw.githubusercontent.com/openfootball/south-america/master/copa-libertadores/2025_copas.txt,UNKNOWN,HISTORICAL_REAL,
47b7c05ce9270bd52641a57f,Copa Sudamericana,2025,2025-04-22,openfootball/south-america,https://raw.githubusercontent.com/openfootball/south-america/master/copa-libertadores/2025_copas.txt,UNKNOWN,HISTORICAL_REAL,
1946feb28da2836e29e326ff,Copa Sudamericana,2025,2025-04-23,openfootball/south-america,https://raw.githubusercontent.com/openfootball/south-america/master/copa-libertadores/2025_copas.txt,UNKNOWN,HISTORICAL_REAL,
b2e067599ca6fe47289a86fa,Copa Sudamericana,2025,2025-04-23,openfootball/south-america,https://raw.githubusercontent.com/openfootball/south-america/master/copa-libertadores/2025_copas.txt,UNKNOWN,HISTORICAL_REAL,
33a9c28b2ac092956d642031,Copa Sudamericana,2025,2025-04-23,openfootball/south-america,https://raw.githubusercontent.com/openfootball/south-america/master/copa-libertadores/2025_copas.txt,UNKNOWN,HISTORICAL_REAL,
718ad29c45975546ff4b78e8,Copa Sudamericana,2025,2025-04-23,openfootball/south-america,https://raw.githubusercontent.com/openfootball/south-america/master/copa-libertadores/2025_copas.txt,UNKNOWN,HISTORICAL_REAL,
f2b871d895c5a38e3d8a89de,Copa Sudamericana,2025,2025-04-23,openfootball/south-america,https://raw.githubusercontent.com/openfootball/south-america/master/copa-libertadores/2025_copas.txt,UNKNOWN,HISTORICAL_REAL,
df363bb28f3b39e13ca27922,Copa Sudamericana,2025,2025-04-23,openfootball/south-america,https://raw.githubusercontent.com/openfootball/south-america/master/copa-libertadores/2025_copas.txt,UNKNOWN,HISTORICAL_REAL,
ebd5cdef5e24b3cfdb997d97,Copa Sudamericana,2025,2025-04-24,openfootball/south-america,https://raw.githubusercontent.com/openfootball/south-america/master/copa-libertadores/2025_copas.txt,UNKNOWN,HISTORICAL_REAL,
8d7e2e6779c3b1e66ac1bca3,Copa Sudamericana,2025,2025-04-24,openfootball/south-america,https://raw.githubusercontent.com/openfootball/south-america/master/copa-libertadores/2025_copas.txt,UNKNOWN,HISTORICAL_REAL,
36871a9d9dc3896aa8fcde10,Copa Sudamericana,2025,2025-04-24,openfootball/south-america,https://raw.githubusercontent.com/openfootball/south-america/master/copa-libertadores/2025_copas.txt,UNKNOWN,HISTORICAL_REAL,
28e8149c3e78a948d811576e,Copa Sudamericana,2025,2025-04-24,openfootball/south-america,https://raw.githubusercontent.com/openfootball/south-america/master/copa-libertadores/2025_copas.txt,UNKNOWN,HISTORICAL_REAL,
7a682beb840ea14117588d8d,Copa Sudamericana,2025,2025-04-24,openfootball/south-america,https://raw.githubusercontent.com/openfootball/south-america/master/copa-libertadores/2025_copas.txt,UNKNOWN,HISTORICAL_REAL,
