snapshot_origem,arquivo,status,motivo
C16,SNAPSHOT_HASHES_V6_AFTER.json,KEPT,selected_origin
C16,V19_SCORELINE_REPORT.md,KEPT,selected_origin
C16,CONTEXT_INTELLIGENCE_REPORT.md,KEPT,selected_origin
C16,FREE_GLOBAL_ENRICHMENT_MASTER_V3_FINAL_REPORT.md,KEPT,selected_origin
C16,V25_PAPER_SHADOW_REPORT.md,KEPT,selected_origin
C16,DATA_QUALITY_REPORT.md,KEPT,selected_origin
C16,V8_PAID_GAP_MATRIX.csv,KEPT,selected_origin
C16,GLOBAL_ENRICHMENT_STATUS.json,KEPT,selected_origin
C16,V22_PAPER_TRADING_REPORT.md,KEPT,selected_origin
C16,V24_FRONTEND_AUDIT.md,KEPT,selected_origin
C16,V15_SHA256.txt,KEPT,selected_origin
C16,V17_CALIBRATION_REPORT.md,KEPT,selected_origin
C16,DATA_GAP_MATRIX.csv,KEPT,selected_origin
C16,FINAL_INFRASTRUCTURE_REPORT.md,KEPT,selected_origin
C16,CYCLE16_MANIFEST.json,KEPT,selected_origin
C16,V18_ROBUSTNESS_REPORT.md,KEPT,selected_origin
C16,V22_OBSERVABILITY_AUDIT.md,KEPT,selected_origin
C16,V21_DATA_QUALITY_REPORT.md,KEPT,selected_origin
C16,V6_IMPLEMENTATION_NOTES.md,KEPT,selected_origin
C16,V17_MATRIX.md,KEPT,selected_origin
C16,V8_LINEUP_REPORT.md,KEPT,selected_origin
C16,V16_SHA256.txt,KEPT,selected_origin
C16,V25_FRONTEND_AUDIT.md,KEPT,selected_origin
C16,GLOBAL_ACQUISITION_REPORT_V6.md,KEPT,selected_origin
C16,V19_DATA_ACQUISITION_REPORT.md,KEPT,selected_origin
C16,V16_EXPERIMENTS_REPORT.md,KEPT,selected_origin
C16,LINEUP_COVERAGE_REPORT.md,KEPT,selected_origin
C16,V25_ARCHITECTURE_AUDIT.md,KEPT,selected_origin
C16,V22_ARCHITECTURE_AUDIT.md,KEPT,selected_origin
C16,FINAL_REGRESSION_AUDIT.md,KEPT,selected_origin
C16,V18_BENCHMARK_REPORT.md,KEPT,selected_origin
C16,DATASET_FINAL_COUNTS.json,KEPT,selected_origin
C16,DATA_ENRICHMENT_FINAL_REPORT.md,KEPT,selected_origin
C16,V19_EXPERIMENTS_REPORT.md,KEPT,selected_origin
C16,V23_SECURITY_AUDIT.md,KEPT,selected_origin
C16,FREE_DATA_COVERAGE_MATRIX_V4.csv,KEPT,selected_origin
C16,V19_MARKET_DISLOCATION_REPORT.md,KEPT,selected_origin
C16,FINAL_DATABASE_AUDIT.md,KEPT,selected_origin
C16,V20_CLASSIFICATION.md,KEPT,selected_origin
C16,V16_OOS_REPORT.md,KEPT,selected_origin
C16,PLAYER_COVERAGE_REPORT_V6.md,KEPT,selected_origin
C16,ACQUISITION_MANIFEST_FINAL.json,KEPT,selected_origin
C16,RUN_FREE_ACQUISITION.sh,KEPT,selected_origin
C16,INJURY_RETURN_REPORT.md,KEPT,selected_origin
C16,SCIENTIFIC_STATUS_FINAL.md,KEPT,selected_origin
C16,V22_E2E_REPORT.md,KEPT,selected_origin
C16,CARD_MARKET_REPORT.md,KEPT,selected_origin
C16,TEMPORAL_DATA_QUALITY_REPORT.md,KEPT,selected_origin
C16,FREE_SOURCE_COVERAGE_MATRIX.csv,KEPT,selected_origin
C16,V22_SHADOW_TRADING_REPORT.md,KEPT,selected_origin
C16,V8_LOCAL_DATA_INVENTORY.csv,KEPT,selected_origin
C16,V16_REGRESSION_AUDIT.md,KEPT,selected_origin
C16,FREE_DATA_ENRICHMENT_FINAL_REPORT.md,KEPT,selected_origin
C16,V25_SECURITY_AUDIT.md,KEPT,selected_origin
C16,FINAL_DATA_AUDIT.md,KEPT,selected_origin
C16,V23_REGRESSION_AUDIT.md,KEPT,selected_origin
C16,prometheus.yml,KEPT,selected_origin
C16,V23_FINAL_REPORT.md,KEPT,selected_origin
C16,V8_INJURY_REPORT.md,KEPT,selected_origin
C16,V23_QUANT_AUDIT.md,KEPT,selected_origin
C16,SOURCE_COVERAGE_MATRIX_V6.csv,KEPT,selected_origin
C16,V24_REAL_FEED_REPORT.md,KEPT,selected_origin
C16,V18_CALIBRATION_REPORT.md,KEPT,selected_origin
C16,LINEUP_COVERAGE_REPORT_V6.md,KEPT,selected_origin
C16,V23_DATASET_REPORT.md,KEPT,selected_origin
C16,SOFASCORE_ASSESSMENT.md,KEPT,selected_origin
C16,V17_FINAL_SYSTEM_AUDIT.md,KEPT,selected_origin
C16,V16_BENCHMARK_REPORT.md,KEPT,selected_origin
C16,FINAL_ARCHITECTURE_AUDIT.md,KEPT,selected_origin
C16,V25_LIVE_AUDIT.md,KEPT,selected_origin
C16,CONMEBOL_NEGATIVE_RESULTS.csv,KEPT,selected_origin
C16,CONMEBOL_MULTIPLE_TESTING.csv,KEPT,selected_origin
C16,V22_DATA_AUDIT.md,KEPT,selected_origin
C16,FINAL_MASTER_REPORT.md,KEPT,selected_origin
C16,V17_DATA_ACQUISITION_REPORT.md,KEPT,selected_origin
C16,FINAL_FILE_HASHES.csv,KEPT,selected_origin
C16,V19_FINAL_REPORT.md,KEPT,selected_origin
C16,V19_MATRIX.md,KEPT,selected_origin
C16,V19_ROBUSTNESS_REPORT.md,KEPT,selected_origin
C16,V25_FINAL_REPORT.md,KEPT,selected_origin
C16,RUN_FREE_GLOBAL_ENRICHMENT_V4.sh,KEPT,selected_origin
C16,V16_CALIBRATION_REPORT.md,KEPT,selected_origin
C16,CYCLE15_DELIVERY_MANIFEST.json,KEPT,selected_origin
C16,PATTERN_DISCOVERY_NEXT_HYPOTHESES.csv,KEPT,selected_origin
C16,V18_PIT_AUDIT.md,KEPT,selected_origin
C16,V25_PRODUCTION_READINESS.md,KEPT,selected_origin
C16,V14.2_SOURCE_COMPARISON.md,KEPT,selected_origin
C16,V17_OOS_REPORT.md,KEPT,selected_origin
C16,FINAL_DELIVERY_SUMMARY.md,KEPT,selected_origin
C16,V23_DATA_AUDIT.md,KEPT,selected_origin
C16,XG_COVERAGE_REPORT_V6.md,KEPT,selected_origin
C16,V25_REGRESSION_AUDIT.md,KEPT,selected_origin
C16,V22_DATABASE_AUDIT.md,KEPT,selected_origin
C16,V23_DATABASE_AUDIT.md,KEPT,selected_origin
C16,ACQUISITION_MANIFEST_V5.json,KEPT,selected_origin
C16,FINAL_AUDIT_MATRIX.md,KEPT,selected_origin
C16,V14_AUDIT_CONFIRMATION.md,KEPT,selected_origin
C16,FINAL_MASTER_AUDIT.md,KEPT,selected_origin
C16,MARKET_RESEARCH_REPORT.md,KEPT,selected_origin
C16,V17_DATA_QUALITY_REPORT.md,KEPT,selected_origin
C16,LOCAL_DATA_REDISCOVERY_REPORT_V7.md,KEPT,selected_origin
C16,V25_SHA256.txt,KEPT,selected_origin
C16,V22_FINAL_REPORT.md,KEPT,selected_origin
C16,FINAL_QUANT_AUDIT.md,KEPT,selected_origin
C16,V7_DATA_GAP_MATRIX.csv,KEPT,selected_origin
C16,V7_BEFORE_AFTER_MATRIX.csv,KEPT,selected_origin
C16,V8_XG_REPORT.md,KEPT,selected_origin
C16,V23_REAL_DATA_REPORT.md,KEPT,selected_origin
C16,V23_PAPER_SHADOW_REPORT.md,KEPT,selected_origin
C16,.env.example,KEPT,selected_origin
C16,V8_EVENT_REPORT.md,KEPT,selected_origin
C16,V14_DATA_SOURCES.md,KEPT,selected_origin
C16,V17_BENCHMARK_REPORT.md,KEPT,selected_origin
C16,V16_BACKTEST_REPORT.md,KEPT,selected_origin
C16,PATTERN_DISCOVERY_STATISTICAL_RESULTS.json,KEPT,selected_origin
C16,EVENT_COVERAGE_REPORT_V6.md,KEPT,selected_origin
C16,V22_DATASET_REPORT.md,KEPT,selected_origin
C16,SUSPENSION_COVERAGE_REPORT_V6.md,KEPT,selected_origin
C16,PATTERN_DISCOVERY_FEATURE_IMPORTANCE.csv,KEPT,selected_origin
C16,FINAL_E2E_REPORT.md,KEPT,selected_origin
C16,V6_TEST_REPORT.md,KEPT,selected_origin
C16,PLAYER_IMPACT_REPORT.md,KEPT,selected_origin
C16,V22_REDIS_AUDIT.md,KEPT,selected_origin
C16,PAID_DATA_GAP_REPORT.md,KEPT,selected_origin
C16,V17_PIT_AUDIT.md,KEPT,selected_origin
C16,COMPETITIVE_MOTIVATION_REPORT.md,KEPT,selected_origin
C16,V25_PRE_IMPLEMENTATION_AUDIT.md,KEPT,selected_origin
C16,PAID_PROVIDER_COST_MATRIX.csv,KEPT,selected_origin
C16,INJURY_COVERAGE_REPORT.md,KEPT,selected_origin
C16,V19_DATA_QUALITY_REPORT.md,KEPT,selected_origin
C16,V24_OBSERVABILITY_AUDIT.md,KEPT,selected_origin
C16,V23_LIVE_AUDIT.md,KEPT,selected_origin
C16,V22_FRONTEND_AUDIT.md,KEPT,selected_origin
C16,V23_OBSERVABILITY_AUDIT.md,KEPT,selected_origin
C16,V25_QUANT_AUDIT.md,KEPT,selected_origin
C16,README_FREE_DATA_ENRICHMENT.md,KEPT,selected_origin
C16,V24_REDIS_AUDIT.md,KEPT,selected_origin
C16,V23_ARCHITECTURE_AUDIT.md,KEPT,selected_origin
C16,PATTERN_DISCOVERY_NEGATIVE_RESULTS.md,KEPT,selected_origin
C16,PATTERN_DISCOVERY_AUDIT.md,KEPT,selected_origin
C16,SOFASCORE_ASSESSMENT_V6.md,KEPT,selected_origin
C16,MARKET_COMPARISON_REPORT.md,KEPT,selected_origin
C16,V16_DATA_QUALITY_REPORT.md,KEPT,selected_origin
C16,CYCLE16.diff,KEPT,selected_origin
C16,V8_FINAL_COUNTS.json,KEPT,selected_origin
C16,ODDS_COVERAGE_REPORT.md,KEPT,selected_origin
C16,V18_EXPERIMENTS_REPORT.md,KEPT,selected_origin
C16,V14.2_DATA_ACQUISITION.md,KEPT,selected_origin
C16,SOURCE_ARTIFACT_MANIFEST_V6.csv,KEPT,selected_origin
C16,V19_FINAL_SYSTEM_AUDIT.md,KEPT,selected_origin
C16,EVENT_COVERAGE_REPORT.md,KEPT,selected_origin
C16,V8_ACQUISITION_REPORT.md,KEPT,selected_origin
C16,V25_MARKET_ENGINE_AUDIT.md,KEPT,selected_origin
C16,V23_AI_AUDIT.md,KEPT,selected_origin
C16,FREE_SOURCE_COVERAGE_MATRIX_V3.csv,KEPT,selected_origin
C16,HOLDOUT_REPORT.md,KEPT,selected_origin
C16,V24_REGRESSION_AUDIT.md,KEPT,selected_origin
C16,PLAYER_COVERAGE_REPORT.md,KEPT,selected_origin
C16,V19_OOS_REPORT.md,KEPT,selected_origin
C16,FINAL_FRONTEND_AUDIT.md,KEPT,selected_origin
C16,V19_PRICING_AUDIT.md,KEPT,selected_origin
C16,V24_DATABASE_AUDIT.md,KEPT,selected_origin
C16,CONMEBOL_PATTERN_RESULTS.csv,KEPT,selected_origin
C16,WALK_FORWARD_REPORT.md,KEPT,selected_origin
C16,PATTERN_DISCOVERY_WALK_FORWARD.md,KEPT,selected_origin
C16,PIT_COVERAGE_REPORT.md,KEPT,selected_origin
C16,FINAL_SCIENTIFIC_STATUS.md,KEPT,selected_origin
C16,GLOBAL_FREE_DATA_DISCOVERY_REPORT.md,KEPT,selected_origin
C16,LICENSE,KEPT,selected_origin
C16,V21_DASHBOARD_REPORT.md,KEPT,selected_origin
C16,ENTITY_RESOLUTION_REPORT_V6.md,KEPT,selected_origin
C16,V21_REALTIME_REPORT.md,KEPT,selected_origin
C16,README.md,KEPT,selected_origin
C16,EMPIRICAL_RESEARCH_REPORT.md,KEPT,selected_origin
C16,V8_PUBLIC_DATASET_DISCOVERY.csv,KEPT,selected_origin
C16,PATTERN_DISCOVERY_MULTIPLE_TESTING.md,KEPT,selected_origin
C16,V25_REDIS_AUDIT.md,KEPT,selected_origin
C16,V21_LIVE_ENGINE_REPORT.md,KEPT,selected_origin
C16,V20_DATA_ACQUISITION_REPORT.md,KEPT,selected_origin
C16,V22_SHA256.txt,KEPT,selected_origin
C16,V15_REGRESSION_AUDIT.md,KEPT,selected_origin
C16,GLOBAL_DATA_COVERAGE_REPORT_V6.md,KEPT,selected_origin
C16,V24_DATASET_REPORT.md,KEPT,selected_origin
C16,FINAL_REDIS_AUDIT.md,KEPT,selected_origin
C16,V14.2_FINAL_REPORT.md,KEPT,selected_origin
C16,V15_QUANTITATIVE_CONTROLS.md,KEPT,selected_origin
C16,FEEDBACK_REVIEW.md,KEPT,selected_origin
C16,V19_CALIBRATION_REPORT.md,KEPT,selected_origin
C16,V18_CLV_REPORT.md,KEPT,selected_origin
C16,PATTERN_DISCOVERY_SEGMENTS.csv,KEPT,selected_origin
C16,pytest.ini,KEPT,selected_origin
C16,V21_PAPER_TRADING_REPORT.md,KEPT,selected_origin
C16,V25_DATABASE_AUDIT.md,KEPT,selected_origin
C16,V7_MASTER_STAFF_REPORT.md,KEPT,selected_origin
C16,CONMEBOL_HYPOTHESES.csv,KEPT,selected_origin
C16,V24_FINAL_REPORT.md,KEPT,selected_origin
C16,V17_SECURITY_AUDIT.md,KEPT,selected_origin
C16,V17_SHA256.txt,KEPT,selected_origin
C16,INJURY_COVERAGE_REPORT_V6.md,KEPT,selected_origin
C16,V17_DATA_SNOOPING_AUDIT.md,KEPT,selected_origin
C16,V22_REALTIME_REPORT.md,KEPT,selected_origin
C16,V17_BACKTEST_REPORT.md,KEPT,selected_origin
C16,FINAL_DATASET_REPORT.md,KEPT,selected_origin
C16,V25_BACKEND_AUDIT.md,KEPT,selected_origin
C16,DATA_ACQUISITION_REPORT.md,KEPT,selected_origin
C16,V25_AI_AUDIT.md,KEPT,selected_origin
C16,FINAL_BACKEND_AUDIT.md,KEPT,selected_origin
C16,V18_BACKTEST_REPORT.md,KEPT,selected_origin
C16,FINAL_OBSERVABILITY_AUDIT.md,KEPT,selected_origin
C16,V25_REAL_DATA_REPORT.md,KEPT,selected_origin
C16,V16_FINAL_REPORT.md,KEPT,selected_origin
C16,EXACT_PIT_REPORT_V6.md,KEPT,selected_origin
C16,DATA_COVERAGE_SCORE_V6.md,KEPT,selected_origin
C16,V24_AI_AUDIT.md,KEPT,selected_origin
C16,V23_FRONTEND_AUDIT.md,KEPT,selected_origin
C16,GLOBAL_DATASET_V6_FINAL_REPORT.md,KEPT,selected_origin
C16,V8_MASTER_STAFF_REPORT.md,KEPT,selected_origin
C16,API_READINESS_MATRIX_V3.csv,KEPT,selected_origin
C16,FINAL_SECURITY_AUDIT.md,KEPT,selected_origin
C16,FINAL_REGRESSION_REPORT.md,KEPT,selected_origin
C16,V8_EXECUTION_EVIDENCE.json,KEPT,selected_origin
C16,CONTEXT_TRANSFER_README.md,KEPT,selected_origin
C16,PATTERN_DISCOVERY_NEGATIVE_RESULTS.csv,KEPT,selected_origin
C16,V21_QUANTITATIVE_AUDIT.md,KEPT,selected_origin
C16,V24_PRODUCTION_READINESS.md,KEPT,selected_origin
C16,.gitignore,KEPT,selected_origin
C16,V7_EXECUTION_EVIDENCE.json,KEPT,selected_origin
C16,LOCAL_DATA_ACQUISITION_FINAL_REPORT.md,KEPT,selected_origin
C16,V22_AI_AUDIT.md,KEPT,selected_origin
C16,CONMEBOL_DATASET_COVERAGE.csv,KEPT,selected_origin
C16,docker-compose.yml,KEPT,selected_origin
C16,CARD_MARKET_AUDIT.md,KEPT,selected_origin
C16,MARKET_RESEARCH_REPORT.md.tmp,KEPT,selected_origin
C16,V21_LEDGER_REPORT.md,KEPT,selected_origin
C16,V8_BEFORE_AFTER_MATRIX.csv,KEPT,selected_origin
C16,V14_FINAL_REPORT.md,KEPT,selected_origin
C16,V24_PAPER_SHADOW_REPORT.md,KEPT,selected_origin
C16,V7_PIT_REPORT.md,KEPT,selected_origin
C16,FINAL_PRODUCTION_READINESS.md,KEPT,selected_origin
C16,ODDS_PIT_REPORT_V6.md,KEPT,selected_origin
C16,V19_REGRESSION_AUDIT.md,KEPT,selected_origin
C16,V25_OBSERVABILITY_AUDIT.md,KEPT,selected_origin
C16,AVAILABILITY_COVERAGE_REPORT.md,KEPT,selected_origin
C16,V18_DATA_QUALITY_REPORT.md,KEPT,selected_origin
C16,V17_FINAL_REPORT.md,KEPT,selected_origin
C16,FREE_DATA_REPORT_V6.md,KEPT,selected_origin
C16,V4_FINAL_VERDICT.md,KEPT,selected_origin
C16,V24_E2E_REPORT.md,KEPT,selected_origin
C16,OOS_HOLDOUT_REPORT.md,KEPT,selected_origin
C16,V18_REGRESSION_AUDIT.md,KEPT,selected_origin
C16,PREMATCH_DATA_READINESS_REPORT.md,KEPT,selected_origin
C16,V22_REGRESSION_AUDIT.md,KEPT,selected_origin
C16,V24_QUANT_AUDIT.md,KEPT,selected_origin
C16,V25_DATASET_REPORT.md,KEPT,selected_origin
C16,V6_ACQUISITION_METRICS.json,KEPT,selected_origin
C16,V19_SYSTEM_AUDIT.md,KEPT,selected_origin
C16,V19_PRE_IMPLEMENTATION_AUDIT.md,KEPT,selected_origin
C16,XG_COVERAGE_REPORT.md,KEPT,selected_origin
C16,V8_ODDS_REPORT.md,KEPT,selected_origin
C16,V21_PERFORMANCE_REPORT.md,KEPT,selected_origin
C16,SNAPSHOT_HASHES_V6_BEFORE.json,KEPT,selected_origin
C16,SOURCE_REGISTRY_V4.json,KEPT,selected_origin
C16,V19_SHA256.txt,KEPT,selected_origin
C16,PATTERN_DISCOVERY_OOS.md,KEPT,selected_origin
C16,V24_ARCHITECTURE_AUDIT.md,KEPT,selected_origin
C16,V14_IMPROVEMENT_REPORT.md,KEPT,selected_origin
C16,MODEL_COMPARISON_REPORT.md,KEPT,selected_origin
C16,PATTERN_DISCOVERY_FINAL_REPORT.md,KEPT,selected_origin
C16,OOS_REPORT.md,KEPT,selected_origin
C16,ENTITY_RESOLUTION_REPORT.md,KEPT,selected_origin
C16,FINAL_READINESS_REPORT.md,KEPT,selected_origin
C16,ACQUISITION_FAILURE_REPORT.md,KEPT,selected_origin
C16,SUSPENSION_COVERAGE_REPORT.md,KEPT,selected_origin
C16,V17_REGRESSION_AUDIT.md,KEPT,selected_origin
C16,FREE_GLOBAL_ENRICHMENT_MASTER_V5_README.md,KEPT,selected_origin
C16,PATTERN_DISCOVERY_HYPOTHESES.csv,KEPT,selected_origin
C16,V17_SOURCE_AUDIT.md,KEPT,selected_origin
C16,V21_REGRESSION_AUDIT.md,KEPT,selected_origin
C16,CONMEBOL_STATISTICAL_RESULTS.json,KEPT,selected_origin
C16,RUN_FREE_ACQUISITION.ps1,KEPT,selected_origin
C16,CLV_REPORT.md,KEPT,selected_origin
C16,V15_FINAL_REPORT.md,KEPT,selected_origin
C16,WEB_VERIFIED_DATA_SOURCES.md,KEPT,selected_origin
C16,CONMEBOL_AUDIT.md,KEPT,selected_origin
C16,V23_E2E_REPORT.md,KEPT,selected_origin
C16,V14.2_SHA256.txt,KEPT,selected_origin
C16,V17_CLV_REPORT.md,KEPT,selected_origin
C16,V21_SHA256.txt,KEPT,selected_origin
C16,FINAL_GAPS_REPORT.md,KEPT,selected_origin
C16,TEMPORAL_INTEGRITY_REPORT_V6.md,KEPT,selected_origin
C16,V18_FINAL_REPORT.md,KEPT,selected_origin
C16,V24_SECURITY_AUDIT.md,KEPT,selected_origin
C16,data.csv,KEPT,selected_origin
C16,FINAL_28_QUESTIONS.md,KEPT,selected_origin
C16,MASTER_STAFF_README.md,KEPT,selected_origin
C16,V21_SECURITY_AUDIT.md,KEPT,selected_origin
C16,EXPANSION_EXECUTION_README.md,KEPT,selected_origin
C16,V18_MATRIX.md,KEPT,selected_origin
C16,V7_PROVENANCE_REPORT.md,KEPT,selected_origin
C16,V7_ENRICHMENT_REPORT.md,KEPT,selected_origin
C16,V18_PRODUCTION_READINESS.md,KEPT,selected_origin
C16,CONMEBOL_SEGMENTS.csv,KEPT,selected_origin
C16,ACQUISITION_MANIFEST_V4.csv,KEPT,selected_origin
C16,V6_FINAL_STATUS.json,KEPT,selected_origin
C16,V12_MANIFEST.txt,KEPT,selected_origin
C16,V22_BACKEND_AUDIT.md,KEPT,selected_origin
C16,V8_SUSPENSION_REPORT.md,KEPT,selected_origin
C16,EMPIRICAL_SOURCE_MANIFEST.md,KEPT,selected_origin
C16,ROBO_EMPIRICAL_STATUS.md,KEPT,selected_origin
C16,V17_ROBUSTNESS_REPORT.md,KEPT,selected_origin
C16,V18_SOURCE_AUDIT.md,KEPT,selected_origin
C16,V17_FILE_INVENTORY.txt,KEPT,selected_origin
C16,V23_BACKEND_AUDIT.md,KEPT,selected_origin
C16,V8_ENRICHMENT_REPORT.md,KEPT,selected_origin
C16,V21_TELEGRAM_REPORT.md,KEPT,selected_origin
C16,FINAL_REAL_DATA_REPORT.md,KEPT,selected_origin
C16,PAID_API_GAP_REPORT_V6.md,KEPT,selected_origin
C16,V25_GAPS_REPORT.md,KEPT,selected_origin
C16,API_READINESS_MATRIX_V4.csv,KEPT,selected_origin
C16,V8_PROVENANCE_REPORT.md,KEPT,selected_origin
C16,V16_ROBUSTNESS_REPORT.md,KEPT,selected_origin
C16,DATA_GAP_MATRIX_V6.csv,KEPT,selected_origin
C16,V8_DATA_GAP_MATRIX.csv,KEPT,selected_origin
C16,V20_IMPLEMENTATION_REPORT.md,KEPT,selected_origin
C16,V8_PLAYER_REPORT.md,KEPT,selected_origin
C16,V18_FINAL_SYSTEM_AUDIT.md,KEPT,selected_origin
C16,GLOBAL_ENRICHMENT_STATUS_V4.json,KEPT,selected_origin
C16,V13_AUDIT_CONFIRMATION.md,KEPT,selected_origin
C16,V22_REPLAY_REPORT.md,KEPT,selected_origin
C16,GLOBAL_DATASET_MISSION_README.md,KEPT,selected_origin
C16,V16_SOURCE_AUDIT.md,KEPT,selected_origin
C16,GLOBAL_ACQUISITION_LOCAL_README.md,KEPT,selected_origin
C16,V20_SHA256.txt,KEPT,selected_origin
C16,REAL_OBSERVATION_REPORT.md,KEPT,selected_origin
C16,PHASE2_EXECUTION_README.md,KEPT,selected_origin
C16,FINAL_AI_AUDIT.md,KEPT,selected_origin
C16,V19_BACKTEST_REPORT.md,KEPT,selected_origin
C16,CONMEBOL_FEATURE_IMPORTANCE.csv,KEPT,selected_origin
C16,FINAL_PAPER_SHADOW_AUDIT.md,KEPT,selected_origin
C16,V8_WEATHER_REPORT.md,KEPT,selected_origin
C16,V7_ACQUISITION_REPORT.md,KEPT,selected_origin
C16,CONMEBOL_DATASET_FINAL_REPORT.md,KEPT,selected_origin
C16,V18_OOS_REPORT.md,KEPT,selected_origin
C16,V14_REAL_VALIDATION.md,KEPT,selected_origin
C16,V24_BACKEND_AUDIT.md,KEPT,selected_origin
C16,V19_BENCHMARK_REPORT.md,KEPT,selected_origin
C16,V8_SOURCE_COVERAGE.csv,KEPT,selected_origin
C16,FINAL_LIVE_AUDIT.md,KEPT,selected_origin
C16,ROBO_BEHAVIOR_REPORT.md,KEPT,selected_origin
C16,ROBO_DA_BET_MASTER_RESEARCH_REPORT.md,KEPT,selected_origin
C16,V18_DATA_ACQUISITION_REPORT.md,KEPT,selected_origin
C16,V18_DATA_SNOOPING_AUDIT.md,KEPT,selected_origin
C16,PATTERN_DISCOVERY_GLOBAL_REPORT.md,KEPT,selected_origin
C16,V25_E2E_REPORT.md,KEPT,selected_origin
C16,PATTERN_DISCOVERY_MULTIPLE_TESTING.csv,KEPT,selected_origin
C16,CONMEBOL_TOP_TESTED_PATTERNS.csv,KEPT,selected_origin
C16,V8_LOCAL_MATERIALIZATION_SUMMARY.json,KEPT,selected_origin
C16,V25_DATA_AUDIT.md,KEPT,selected_origin
C16,V24_SHA256.txt,KEPT,selected_origin
C16,V21_FINAL_REPORT.md,KEPT,selected_origin
C16,V7_SOURCE_COVERAGE.csv,KEPT,selected_origin
C16,V24_DATA_AUDIT.md,KEPT,selected_origin
C16,RUN_FREE_ACQUISITION.bat,KEPT,selected_origin
C16,V24_LIVE_AUDIT.md,KEPT,selected_origin
C16,DATA_GAP_MASTER.csv,KEPT,selected_origin
C16,V20_FINAL_SYSTEM_AUDIT.md,KEPT,selected_origin
C16,FEATURE_ABLATION_REPORT.md,KEPT,selected_origin
C16,ARTIFACT_INTEGRITY_REPORT.md,KEPT,selected_origin
C16,GLOBAL_ENRICHMENT_STATUS_V3.json,KEPT,selected_origin
C16,GLOBAL_DATASET_V6_COUNTS.json,KEPT,selected_origin
C16,V6_SECURITY_SCAN.txt,KEPT,selected_origin
C16,V14_DATA_ACQUISITION.md,KEPT,selected_origin
C16,CONMEBOL_DATA_DICTIONARY.md,KEPT,selected_origin
C16,V8_PIT_REPORT.md,KEPT,selected_origin
C16,V22_SECURITY_AUDIT.md,KEPT,selected_origin
C16,V17_EXPERIMENTS_REPORT.md,KEPT,selected_origin
C16,API_READINESS_MATRIX.csv,KEPT,selected_origin
C16,V23_REDIS_AUDIT.md,KEPT,selected_origin
C16,SOURCE_ACQUISITION_REPORT.md,KEPT,selected_origin
C16,V20_FINAL_REPORT.md,KEPT,selected_origin
C16,V25_RELEASE_NOTES.md,KEPT,selected_origin
C16,MASTER_STAFF_FINAL_REPORT.md,KEPT,selected_origin
C16,CONMEBOL_INTERNAL_SHA256SUMS.txt,KEPT,selected_origin
C16,V22_QUANTITATIVE_AUDIT.md,KEPT,selected_origin
C16,V16_MATRIX.md,KEPT,selected_origin
C16,tests/test_global_intelligence.py,KEPT,selected_origin
C16,tests/test_market_catalog.py,KEPT,selected_origin
C16,tests/test_v20_decision.py,KEPT,selected_origin
C16,tests/test_v18_hardening.py,KEPT,selected_origin
C16,tests/test_v13_quant.py,KEPT,selected_origin
C16,tests/test_engine.py,KEPT,selected_origin
C16,tests/test_local_acquisition_worker.py,KEPT,selected_origin
C16,tests/test_v20_live.py,KEPT,selected_origin
C16,tests/test_v16_empirical.py,KEPT,selected_origin
C16,tests/test_v14_data.py,KEPT,selected_origin
C16,tests/test_v15_hardening.py,KEPT,selected_origin
C16,tests/test_free_data_enrichment.py,KEPT,selected_origin
C16,tests/test_v11_rules.py,KEPT,selected_origin
C16,tests/test_v19_pricing.py,KEPT,selected_origin
C16,tests/test_v19_api.py,KEPT,selected_origin
C16,tests/test_v20_api.py,KEPT,selected_origin
C16,tests/test_quant_v12.py,KEPT,selected_origin
C16,tests/test_intelligence_pipeline.py,KEPT,selected_origin
C16,tests/test_v20_position.py,KEPT,selected_origin
C16,tests/test_v20_ledger.py,KEPT,selected_origin
C16,reports/FINAL_DELIVERY_SUMMARY.md,KEPT,selected_origin
C16,reports/FINAL_PYTEST.txt,KEPT,selected_origin
C16,reports/FINAL_SELF_TEST.txt,KEPT,selected_origin
C16,reports/FINAL_SCIENTIFIC_STATUS.md,KEPT,selected_origin
C16,reports/EXPANSION_VALIDATION.json,KEPT,selected_origin
C16,reports/EXPANSION_REAL_DATA_QUALITY.json,KEPT,selected_origin
C16,reports/EXPANSION_SELF_TEST.txt,KEPT,selected_origin
C16,reports/EXPANSION_PYTEST.txt,KEPT,selected_origin
C16,reports/EXPANSION_FINAL_COUNTS.json,KEPT,selected_origin
C16,reports/EXPANSION_EMPIRICAL_DATA_REPORT.md,KEPT,selected_origin
C16,frontend/package.json,KEPT,selected_origin
C16,frontend/index.html,KEPT,selected_origin
C16,frontend/Dockerfile,KEPT,selected_origin
C16,manifests/ACQUISITION_MANIFEST_EXPANSION.json,KEPT,selected_origin
C16,scripts/run_phase2_empirical.py,KEPT,selected_origin
C16,scripts/V8_local_gap_closure.py,KEPT,selected_origin
C16,scripts/run_observation.py,KEPT,selected_origin
C16,scripts/run_mass_data_expansion.py,KEPT,selected_origin
C16,scripts/run_global_research.py,KEPT,selected_origin
C16,scripts/finalize_master_staff.py,KEPT,selected_origin
C16,scripts/validate_context_intelligence.py,KEPT,selected_origin
C16,scripts/run_context_intelligence.py,KEPT,selected_origin
C16,scripts/run_master_staff_value_pricing.py,KEPT,selected_origin
C16,scripts/research_real_data_pilot.py,KEPT,selected_origin
C16,scripts/self_test.py,KEPT,selected_origin
C16,scripts/acquire_datahub_epl.py,KEPT,selected_origin
C16,scripts/run_global_intelligence.py,KEPT,selected_origin
C16,scripts/master_staff_final_audit.py,KEPT,selected_origin
C16,scripts/run_context_transfer_research.py,KEPT,selected_origin
C16,scripts/run_real_day_prematch_pilot.py,KEPT,selected_origin
C16,scripts/run_master_staff.py,KEPT,selected_origin
C16,scripts/run_post_match_coverage_audit.py,KEPT,selected_origin
C16,scripts/run_context_transfer_specialist.py,KEPT,selected_origin
C16,scripts/run_phase3_research.py,KEPT,selected_origin
C16,scripts/master_staff_validation.py,KEPT,selected_origin
C16,backend/Dockerfile,KEPT,selected_origin
C16,backend/pom.xml,KEPT,selected_origin
C16,config/data_acquisition_local.json,KEPT,selected_origin
C16,config/free_source_registry.json,KEPT,selected_origin
C16,config/free_source_registry_v3.json,KEPT,selected_origin
C16,config/free_source_registry_v6.json,KEPT,selected_origin
C16,config/free_source_registry_v5.json,KEPT,selected_origin
C16,config/free_source_registry_v4.json,KEPT,selected_origin
C16,config/provider_budget.json,KEPT,selected_origin
C16,config/provider_budget_v3.json,KEPT,selected_origin
C16,ml/Dockerfile,KEPT,selected_origin
C16,ml/requirements.txt,KEPT,selected_origin
C16,docs/RELEASE_V25.md,KEPT,selected_origin
C16,docs/RELEASE_V16.md,KEPT,selected_origin
C16,docs/RELEASE_V20.md,KEPT,selected_origin
C16,docs/RELEASE_V19.md,KEPT,selected_origin
C16,docs/V13_FINAL_REPORT.md,KEPT,selected_origin
C16,docs/V12_TRAINING.md,KEPT,selected_origin
C16,docs/RELEASE_V24.md,KEPT,selected_origin
C16,docs/RELEASE_V23.md,KEPT,selected_origin
C16,docs/V12_QUANT_AUDIT.md,KEPT,selected_origin
C16,docs/RELEASE_V22.md,KEPT,selected_origin
C16,docs/RELEASE_V18.md,KEPT,selected_origin
C16,docs/RELEASE.md,KEPT,selected_origin
C16,docs/V13_QUANT_RESEARCH.md,KEPT,selected_origin
C16,docs/V10_TO_V11_AUDIT.md,KEPT,selected_origin
C16,docs/RELEASE_V15.md,KEPT,selected_origin
C16,docs/RELEASE_V17.md,KEPT,selected_origin
C16,docs/VALIDATION.md,KEPT,selected_origin
C16,docs/RELEASE_V21.md,KEPT,selected_origin
C16,artifacts/phase2_real_research_results.xlsx,KEPT,selected_origin
C16,artifacts/paper_trading/observation_status.json,KEPT,selected_origin
C16,artifacts/paper_trading/v21_research.jsonl,DISCARDED,conflict_resolved_in_favor_of_C18
C16,artifacts/paper_trading/v21_event_ledger.jsonl,DISCARDED,conflict_resolved_in_favor_of_C18
C16,artifacts/v16/odds_gate_audit.json,KEPT,selected_origin
C16,artifacts/v16/benchmark.json,KEPT,selected_origin
C16,docs/v16/V16_EXECUTION_STATUS.md,KEPT,selected_origin
C16,docs/v16/V16_EXECUTIVE_EXECUTION_REPORT.md,KEPT,selected_origin
C16,docs/superpowers/specs/2026-08-24-robo-v16-cycle2-intelligence-design.md,KEPT,selected_origin
C16,docs/superpowers/plans/2026-08-24-robo-v16-cycle2-intelligence-plan.md,KEPT,selected_origin
C16,docs/superpowers/plans/2026-08-24-cycle16-recovery-economic-execution-plan.md,KEPT,selected_origin
C16,docs/superpowers/plans/2026-08-24-cycle15-exact-pit-economic.md,KEPT,selected_origin
C16,ml/app/backtest.py,KEPT,selected_origin
C16,ml/app/data_quality.py,KEPT,selected_origin
C16,ml/app/schemas.py,KEPT,selected_origin
C16,ml/app/selection.py,KEPT,selected_origin
C16,ml/app/ledger.py,KEPT,selected_origin
C16,ml/app/intelligence_evidence.py,KEPT,selected_origin
C16,ml/app/leakage.py,KEPT,selected_origin
C16,ml/app/holdout_lock.py,KEPT,selected_origin
C16,ml/app/backtest_engine.py,KEPT,selected_origin
C16,ml/app/market.py,KEPT,selected_origin
C16,ml/app/telegram.py,KEPT,selected_origin
C16,ml/app/context.py,KEPT,selected_origin
C16,ml/app/risk.py,KEPT,selected_origin
C16,ml/app/consensus.py,KEPT,selected_origin
C16,ml/app/statistical_tests.py,KEPT,selected_origin
C16,ml/app/temporal.py,KEPT,selected_origin
C16,ml/app/db.py,KEPT,selected_origin
C16,ml/app/uncertainty.py,KEPT,selected_origin
C16,ml/app/selection_rank.py,KEPT,selected_origin
C16,ml/app/league_gate.py,KEPT,selected_origin
C16,ml/app/config.py,KEPT,selected_origin
C16,ml/app/decision_replay.py,KEPT,selected_origin
C16,ml/app/layer_training.py,KEPT,selected_origin
C16,ml/app/features.py,KEPT,selected_origin
C16,ml/app/main.py,KEPT,selected_origin
C16,ml/app/models.py,KEPT,selected_origin
C16,ml/app/strategy_discovery.py,KEPT,selected_origin
C16,ml/app/math_models.py,KEPT,selected_origin
C16,ml/app/live.py,KEPT,selected_origin
C16,ml/app/api.py,KEPT,selected_origin
C16,ml/app/__init__.py,KEPT,selected_origin
C16,ml/app/lineage.py,KEPT,selected_origin
C16,ml/scripts/run_cycle16.py,KEPT,selected_origin
C16,ml/scripts/run_cycle2.py,KEPT,selected_origin
C16,ml/scripts/train.py,KEPT,selected_origin
C16,ml/scripts/run_conmebol_phase.py,KEPT,selected_origin
C16,ml/scripts/run_cycle3_walkforward.py,KEPT,selected_origin
C16,ml/scripts/research_backtest.py,KEPT,selected_origin
C16,ml/scripts/run_v24_observation.py,KEPT,selected_origin
C16,ml/scripts/run_self_test.py,KEPT,selected_origin
C16,ml/scripts/promote.py,KEPT,selected_origin
C16,ml/scripts/acquire_football_data.py,KEPT,selected_origin
C16,ml/scripts/decision_replay.py,KEPT,selected_origin
C16,ml/scripts/check_leagues.py,KEPT,selected_origin
C16,ml/scripts/expand_real_datasets.py,KEPT,selected_origin
C16,ml/scripts/run_v25_observation.py,KEPT,selected_origin
C16,ml/scripts/run_v16_research.py,KEPT,selected_origin
C16,ml/scripts/run_v23_paper.py,KEPT,selected_origin
C16,ml/scripts/run_cycle3.py,KEPT,selected_origin
C16,ml/app/pit_store/pit.py,KEPT,selected_origin
C16,ml/app/pit_store/__init__.py,KEPT,selected_origin
C16,ml/app/adapters/global_football.py,KEPT,selected_origin
C16,ml/app/adapters/weather.py,KEPT,selected_origin
C16,ml/app/adapters/the_stats_api.py,KEPT,selected_origin
C16,ml/app/adapters/betfair.py,KEPT,selected_origin
C16,ml/app/adapters/statsbomb.py,KEPT,selected_origin
C16,ml/app/adapters/odds.py,KEPT,selected_origin
C16,ml/app/adapters/espn.py,KEPT,selected_origin
C16,ml/app/adapters/card_data.py,KEPT,selected_origin
C16,ml/app/adapters/api_football.py,KEPT,selected_origin
C16,ml/app/adapters/base.py,KEPT,selected_origin
C16,ml/app/adapters/football_data.py,KEPT,selected_origin
C16,ml/app/v24/replay.py,KEPT,selected_origin
C16,ml/app/v24/baseline.py,KEPT,selected_origin
C16,ml/app/v24/quality.py,KEPT,selected_origin
C16,ml/app/v24/dataset.py,KEPT,selected_origin
C16,ml/app/v24/analytics.py,KEPT,selected_origin
C16,ml/app/v24/session.py,KEPT,selected_origin
C16,ml/app/v24/hashchain.py,KEPT,selected_origin
C16,ml/app/v24/live.py,KEPT,selected_origin
C16,ml/app/v24/api.py,KEPT,selected_origin
C16,ml/app/v24/__init__.py,KEPT,selected_origin
C16,ml/app/conmebol/pipeline.py,KEPT,selected_origin
C16,ml/app/conmebol/__init__.py,KEPT,selected_origin
C16,ml/app/v20/service.py,KEPT,selected_origin
C16,ml/app/v20/selection.py,KEPT,selected_origin
C16,ml/app/v20/ledger.py,KEPT,selected_origin
C16,ml/app/v20/notifications.py,KEPT,selected_origin
C16,ml/app/v20/risk.py,KEPT,selected_origin
C16,ml/app/v20/reporting.py,KEPT,selected_origin
C16,ml/app/v20/live_engine.py,KEPT,selected_origin
C16,ml/app/v20/stake.py,KEPT,selected_origin
C16,ml/app/v20/position.py,KEPT,selected_origin
C16,ml/app/v20/__init__.py,KEPT,selected_origin
C16,ml/app/v21/research.py,KEPT,selected_origin
C16,ml/app/v21/service.py,KEPT,selected_origin
C16,ml/app/v21/ledger.py,KEPT,selected_origin
C16,ml/app/v21/notifications.py,KEPT,selected_origin
C16,ml/app/v21/decision_trace.py,KEPT,selected_origin
C16,ml/app/v21/realtime.py,KEPT,selected_origin
C16,ml/app/v21/quality.py,KEPT,selected_origin
C16,ml/app/v21/controls.py,KEPT,selected_origin
C16,ml/app/v21/live_monitor.py,KEPT,selected_origin
C16,ml/app/v21/__init__.py,KEPT,selected_origin
C16,ml/app/v16/decision_dataset.py,KEPT,selected_origin
C16,ml/app/v16/decision_replay.py,KEPT,selected_origin
C16,ml/app/v16/odds_verification.py,KEPT,selected_origin
C16,ml/app/v16/experiment_registry.py,KEPT,selected_origin
C16,ml/app/v19/validation.py,KEPT,selected_origin
C16,ml/app/v19/settlement.py,KEPT,selected_origin
C16,ml/app/v19/pricing.py,KEPT,selected_origin
C16,ml/app/v19/market_intelligence.py,KEPT,selected_origin
C16,ml/app/v19/price_movement.py,KEPT,selected_origin
C16,ml/app/v19/paper.py,KEPT,selected_origin
C16,ml/app/v19/confidence.py,KEPT,selected_origin
C16,ml/app/v19/__init__.py,KEPT,selected_origin
C16,ml/app/v19/engine.py,KEPT,selected_origin
C16,ml/app/mlops/drift.py,KEPT,selected_origin
C16,ml/app/mlops/champion_challenger.py,KEPT,selected_origin
C16,ml/app/mlops/registry.py,KEPT,selected_origin
C16,ml/app/v22/replay.py,KEPT,selected_origin
C16,ml/app/v22/observability.py,KEPT,selected_origin
C16,ml/app/v22/manager.py,KEPT,selected_origin
C16,ml/app/v22/position.py,KEPT,selected_origin
C16,ml/app/v22/persistence.py,KEPT,selected_origin
C16,ml/app/v22/dataset.py,KEPT,selected_origin
C16,ml/app/v22/providers.py,KEPT,selected_origin
C16,ml/app/v22/__init__.py,KEPT,selected_origin
C16,ml/app/v22/api_ext.py,KEPT,selected_origin
C16,ml/app/intelligence/pipeline.py,KEPT,selected_origin
C16,ml/app/intelligence/market_catalog.py,KEPT,selected_origin
C16,ml/app/intelligence/pricing.py,KEPT,selected_origin
C16,ml/app/intelligence/coverage.py,KEPT,selected_origin
C16,ml/app/intelligence/live.py,KEPT,selected_origin
C16,ml/app/intelligence/__init__.py,KEPT,selected_origin
C16,ml/app/v17/acquisition.py,KEPT,selected_origin
C16,ml/app/v17/system_validation.py,KEPT,selected_origin
C16,ml/app/v17/__init__.py,KEPT,selected_origin
C16,ml/app/v25/policy.py,KEPT,selected_origin
C16,ml/app/v25/cards.py,KEPT,selected_origin
C16,ml/app/v25/price_discovery.py,KEPT,selected_origin
C16,ml/app/v25/notifications.py,KEPT,selected_origin
C16,ml/app/v25/settlement.py,KEPT,selected_origin
C16,ml/app/v25/watchlist.py,KEPT,selected_origin
C16,ml/app/v25/replay.py,KEPT,selected_origin
C16,ml/app/v25/observability.py,KEPT,selected_origin
C16,ml/app/v25/market_expression.py,KEPT,selected_origin
C16,ml/app/v25/position.py,KEPT,selected_origin
C16,ml/app/v25/persistence.py,KEPT,selected_origin
C16,ml/app/v25/dataset.py,KEPT,selected_origin
C16,ml/app/v25/analytics.py,KEPT,selected_origin
C16,ml/app/v25/session.py,KEPT,selected_origin
C16,ml/app/v25/live.py,KEPT,selected_origin
C16,ml/app/v25/api.py,KEPT,selected_origin
C16,ml/app/v25/providers.py,KEPT,selected_origin
C16,ml/app/v25/__init__.py,KEPT,selected_origin
C16,ml/app/master_staff/round_analyzer.py,KEPT,selected_origin
C16,ml/app/master_staff/round_engine.py,KEPT,selected_origin
C16,ml/app/master_staff/context_engine.py,KEPT,selected_origin
C16,ml/app/master_staff/source_conflict.py,KEPT,selected_origin
C16,ml/app/master_staff/context_transfer_spec.md,KEPT,selected_origin
C16,ml/app/master_staff/value_pricing.py,KEPT,selected_origin
C16,ml/app/master_staff/context_transfer.py,KEPT,selected_origin
C16,ml/app/master_staff/__init__.py,KEPT,selected_origin
C16,ml/app/master_staff/engine.py,KEPT,selected_origin
C16,ml/app/research/data_sources.py,KEPT,selected_origin
C16,ml/app/research/data_quality.py,KEPT,selected_origin
C16,ml/app/research/cycle3.py,KEPT,selected_origin
C16,ml/app/research/validation.py,KEPT,selected_origin
C16,ml/app/research/pipeline.py,KEPT,selected_origin
C16,ml/app/research/datasets.py,KEPT,selected_origin
C16,ml/app/research/paper_trading.py,KEPT,selected_origin
C16,ml/app/research/cycle2.py,KEPT,selected_origin
C16,ml/app/research/market.py,KEPT,selected_origin
C16,ml/app/research/odds.py,KEPT,selected_origin
C16,ml/app/research/market_efficiency.py,KEPT,selected_origin
C16,ml/app/research/metrics.py,KEPT,selected_origin
C16,ml/app/research/reproducibility.py,KEPT,selected_origin
C16,ml/app/research/replay.py,KEPT,selected_origin
C16,ml/app/research/raw.py,KEPT,selected_origin
C16,ml/app/research/robustness_v16.py,KEPT,selected_origin
C16,ml/app/research/data_quality_v14.py,KEPT,selected_origin
C16,ml/app/research/source_audit_v16.py,KEPT,selected_origin
C16,ml/app/research/statistics.py,KEPT,selected_origin
C16,ml/app/research/acquisition.py,KEPT,selected_origin
C16,ml/app/research/holdout.py,KEPT,selected_origin
C16,ml/app/research/empirical.py,KEPT,selected_origin
C16,ml/app/research/features.py,KEPT,selected_origin
C16,ml/app/research/data_quality_v16.py,KEPT,selected_origin
C16,ml/app/research/calibration.py,KEPT,selected_origin
C16,ml/app/research/experiment.py,KEPT,selected_origin
C16,ml/app/research/baselines.py,KEPT,selected_origin
C16,ml/app/research/__init__.py,KEPT,selected_origin
C16,ml/app/research/global_expansion.py,KEPT,selected_origin
C16,ml/app/v18/acquisition.py,KEPT,selected_origin
C16,ml/app/v18/guards.py,KEPT,selected_origin
C16,ml/app/v18/system_validation.py,KEPT,selected_origin
C16,ml/app/v18/__init__.py,KEPT,selected_origin
C16,ml/app/v18/lineage.py,KEPT,selected_origin
C16,ml/app/ingestion/raw_store.py,KEPT,selected_origin
C16,ml/app/ingestion/schema.py,KEPT,selected_origin
C16,ml/app/ingestion/__init__.py,KEPT,selected_origin
C16,ml/app/cycle16/source_adapters.py,KEPT,selected_origin
C16,ml/app/cycle16/h005.py,KEPT,selected_origin
C16,ml/app/cycle16/economic.py,KEPT,selected_origin
C16,ml/app/cycle16/exact_pit.py,KEPT,selected_origin
C16,ml/app/cycle16/ingest.py,KEPT,selected_origin
C16,ml/app/cycle16/statistics.py,KEPT,selected_origin
C16,ml/app/cycle16/operations.py,KEPT,selected_origin
C16,ml/app/cycle16/acquisition.py,KEPT,selected_origin
C16,ml/app/cycle16/pit_builder.py,KEPT,selected_origin
C16,ml/app/research/cycle15/h005.py,KEPT,selected_origin
C16,ml/app/research/cycle15/sources.py,KEPT,selected_origin
C16,ml/app/research/cycle15/run_cycle15.py,KEPT,selected_origin
C16,ml/app/research/cycle15/pit.py,KEPT,selected_origin
C16,ml/app/research/cycle15/production.py,KEPT,selected_origin
C16,ml/app/research/cycle15/prospective.py,KEPT,selected_origin
C16,ml/app/research/cycle15/__init__.py,KEPT,selected_origin
C16,ml/app/research/cycle4/audit.py,KEPT,selected_origin
C16,ml/app/research/cycle4/clv.py,KEPT,selected_origin
C16,ml/app/research/cycle4/settlement.py,KEPT,selected_origin
C16,ml/app/research/cycle4/run_cycle4.py,KEPT,selected_origin
C16,ml/app/research/cycle4/pit.py,KEPT,selected_origin
C16,ml/app/research/cycle4/__init__.py,KEPT,selected_origin
C16,ml/reports/cycle4/PIT_STATUS.json,KEPT,selected_origin
C16,ml/reports/cycle4/CYCLE4_MANIFEST.json,KEPT,selected_origin
C16,ml/reports/cycle4/CYCLE4_EXECUTIVE_REPORT.md,KEPT,selected_origin
C16,ml/reports/cycle4/SOURCE_AUDIT.json,KEPT,selected_origin
C16,backend/src/main/java/com/robobet/security/ApiKeyFilter.java,KEPT,selected_origin
C16,backend/src/main/java/com/robobet/api/ApiController.java,KEPT,selected_origin
C16,backend/src/main/java/com/robobet/api/RoboBetApplication.java,KEPT,selected_origin
C16,scripts/v5/run_v5_discovery.py,KEPT,selected_origin
C16,scripts/global/free_source_audit.py,KEPT,selected_origin
C16,scripts/global/validate_global_dataset.py,KEPT,selected_origin
C16,scripts/global/run_free_global_enrichment_v4.py,KEPT,selected_origin
C16,scripts/global/run_free_data_enrichment.py,KEPT,selected_origin
C16,scripts/global/run_free_global_enrichment_v3.py,KEPT,selected_origin
C16,scripts/global/verify_snapshot_integrity.py,KEPT,selected_origin
C16,scripts/global/run_master_staff_global_enrichment.py,KEPT,selected_origin
C16,scripts/global/data_acquisition_worker.py,KEPT,selected_origin
C16,scripts/global/run_global_dataset_mission.py,KEPT,selected_origin
C16,scripts/global/run_global_dataset_enrichment.py,KEPT,selected_origin
C16,scripts/global/local_materializer.py,KEPT,selected_origin
C16,scripts/global/source_state.py,KEPT,selected_origin
C16,scripts/global/DATA_ACQUISITION_WORKER_README.md,KEPT,selected_origin
C16,scripts/global/run_free_global_enrichment_v6.py,KEPT,selected_origin
C16,scripts/global/build_global_coverage.py,KEPT,selected_origin
C16,scripts/global/finalize_free_data_enrichment_v2.py,KEPT,selected_origin
C16,scripts/v19/acquire_real_data.py,KEPT,selected_origin
C16,scripts/v19/security_scan.py,KEPT,selected_origin
C16,scripts/v19/run_full_validation.py,KEPT,selected_origin
C16,scripts/v17/acquire_real_data.py,KEPT,selected_origin
C16,scripts/v17/run_research.py,KEPT,selected_origin
C16,scripts/v17/run_full_validation.py,KEPT,selected_origin
C16,scripts/master_staff/run_global_prematch_intelligence_v2.py,KEPT,selected_origin
C16,scripts/v18/acquire_real_data.py,KEPT,selected_origin
C16,scripts/v18/run_research.py,KEPT,selected_origin
C16,scripts/v18/run_full_validation.py,KEPT,selected_origin
C16,scripts/global/providers/footballcsv_squads.py,KEPT,selected_origin
C16,scripts/global/providers/open_meteo.py,KEPT,selected_origin
C16,scripts/global/providers/http_provider.py,KEPT,selected_origin
C16,scripts/global/providers/registry.py,KEPT,selected_origin
C16,scripts/global/providers/api_football.py,KEPT,selected_origin
C16,scripts/global/providers/provider_base.py,KEPT,selected_origin
C16,scripts/global/providers/statsbomb_open.py,KEPT,selected_origin
C16,scripts/v5/providers/core.py,KEPT,selected_origin
C16,scripts/v5/providers/__init__.py,KEPT,selected_origin
C16,frontend/test/v25.test.mjs,KEPT,selected_origin
C16,frontend/src/main.jsx,KEPT,selected_origin
C16,frontend/src/style.css,KEPT,selected_origin
C16,db/migrations/004_v14_data_acquisition.sql,KEPT,selected_origin
C16,db/migrations/006_v23_empirical.sql,KEPT,selected_origin
C16,db/migrations/001_core.sql,KEPT,selected_origin
C16,db/migrations/009_v25_dataset_primary.sql,KEPT,selected_origin
C16,db/migrations/003_v13_quant_research.sql,KEPT,selected_origin
C16,db/migrations/002_quant.sql,KEPT,selected_origin
C16,db/migrations/008_v25_consolidation.sql,KEPT,selected_origin
C16,db/migrations/005_v22_realtime.sql,KEPT,selected_origin
C16,db/migrations/007_v24_production.sql,KEPT,selected_origin
C16,db/migrations/011_card_markets.sql,KEPT,selected_origin
C16,db/migrations/010_v25_observation_snapshots.sql,KEPT,selected_origin
C16,data/canonical/football_historical_real_canonical.csv,KEPT,selected_origin
C16,data/canonical/football_historical_real_provenance.csv,KEPT,selected_origin
C16,data/canonical/CANONICAL_RESEARCH_SCHEMA.md,KEPT,selected_origin
C16,data/canonical/SHA256SUMS.txt,KEPT,selected_origin
C16,data/raw/conmebol_sudamericana_2024.txt,KEPT,selected_origin
C16,data/raw/football_data_e1_2425.csv,KEPT,selected_origin
C16,data/raw/conmebol_sudamericana_2022.txt,KEPT,selected_origin
C16,data/raw/openfootball_germany_bundesliga_2526.txt,KEPT,selected_origin
C16,data/raw/openfootball_italy_seriea_2526.txt,KEPT,selected_origin
C16,data/raw/libertadores_brazilian_soccer_data.csv,KEPT,selected_origin
C16,data/raw/epl_2025_2026_web_verified_pilot.csv,KEPT,selected_origin
C16,data/raw/conmebol_sudamericana_2025.txt,KEPT,selected_origin
C16,data/raw/football_data_e0_2425.csv,KEPT,selected_origin
C16,data/raw/epl_2021_2022_football_data_real.csv,KEPT,selected_origin
C16,data/raw/bundesliga_2022_2023_football_data_real.csv,KEPT,selected_origin
C16,data/raw/conmebol_sudamericana_2020.txt,KEPT,selected_origin
C16,data/raw/football_data_e3_2425.csv,KEPT,selected_origin
C16,data/raw/epl_2022_2023_football_data_real.csv,KEPT,selected_origin
C16,data/raw/bundesliga_2021_2022_football_data_real.csv,KEPT,selected_origin
C16,data/raw/epl_2526_github_real.csv,KEPT,selected_origin
C16,data/raw/openfootball_england_championship_2526.txt,KEPT,selected_origin
C16,data/raw/conmebol_sudamericana_2023.txt,KEPT,selected_origin
C16,data/raw/epl_2020_2021_football_data_real.csv,KEPT,selected_origin
C16,data/raw/conmebol_sudamericana_2021.txt,KEPT,selected_origin
C16,data/raw/round_2026-08-20_web_verified.json,KEPT,selected_origin
C16,data/raw/epl_2324_real_pilot.csv,KEPT,selected_origin
C16,data/raw/football_data_e2_2425.csv,KEPT,selected_origin
C16,data/real_day_prematch/REAL_DAY_FEATURES.csv,KEPT,selected_origin
C16,data/real_day_prematch/REAL_DAY_DATA_QUALITY.csv,KEPT,selected_origin
C16,data/real_day_prematch/REAL_DAY_MARKET_ANALYSIS.csv,KEPT,selected_origin
C16,data/real_day_prematch/REAL_DAY_PREMATCH_SNAPSHOT.json,KEPT,selected_origin
C16,data/real_day_prematch/REAL_DAY_PROVENANCE.json,KEPT,selected_origin
C16,data/schemas/LIVE_SNAPSHOT_SCHEMA.md,KEPT,selected_origin
C16,data/schemas/EXPANSION_SCHEMAS.json,KEPT,selected_origin
C16,data/registry/GLOBAL_ROUTE_COVERAGE.csv,KEPT,selected_origin
C16,data/model/phase3_temporal_features.csv,KEPT,selected_origin
C16,data/model/global_competition_coverage.csv,KEPT,selected_origin
C16,data/model/phase3_research_candidates_top20.csv,KEPT,selected_origin
C16,data/model/global_football_coverage_matrix.csv,KEPT,selected_origin
C16,data/model/phase2_real_features.csv,KEPT,selected_origin
C16,data/model/phase3_corner_temporal_features.csv,KEPT,selected_origin
C16,data/model/phase3_rejected_signals_top20.csv,KEPT,selected_origin
C16,data/model/global_research_candidates.csv,KEPT,selected_origin
C16,data/model/phase3_coverage_matrix.csv,KEPT,selected_origin
C16,data/model/phase2_card_predictions.csv,KEPT,selected_origin
C16,data/model/phase3_data_gaps_top20.csv,KEPT,selected_origin
C16,data/model/global_real_materialized_coverage.csv,KEPT,selected_origin
C16,data/model/phase3_card_predictions.csv,KEPT,selected_origin
C16,data/manifests/MASS_EXPANSION_STATE.json,KEPT,selected_origin
C16,data/manifests/V18_ACQUISITION_ATTEMPTS.json,KEPT,selected_origin
C16,data/manifests/ACQUISITION_MANIFEST_FINAL.json,KEPT,selected_origin
C16,data/manifests/GLOBAL_ACQUISITION_ATTEMPTS.csv,KEPT,selected_origin
C16,data/manifests/MASS_EXPANSION_ACQUISITION.csv,KEPT,selected_origin
C16,data/manifests/DATAHUB_EPL_ACQUISITION.json,KEPT,selected_origin
C16,data/manifests/GLOBAL_INTELLIGENCE_ACQUISITION.json,KEPT,selected_origin
C16,data/manifests/REAL_MATERIALIZED_SOURCES.json,KEPT,selected_origin
C16,data/manifests/MASTER_STAFF_SOURCE_REGISTRY.csv,KEPT,selected_origin
C16,data/manifests/MASTER_STAFF_ACQUISITION.csv,KEPT,selected_origin
C16,data/manifests/V19_ACQUISITION_ATTEMPTS.json,KEPT,selected_origin
C16,data/manifests/GLOBAL_INTELLIGENCE_ACQUISITION.csv,KEPT,selected_origin
C16,data/manifests/V17_ACQUISITION_ATTEMPTS.json,KEPT,selected_origin
C16,data/manifests/MASS_EXPANSION_ACQUISITION.json,KEPT,selected_origin
C16,data/manifests/MASS_EXPANSION_STATE_UPDATED.json,KEPT,selected_origin
C16,data/manifests/GLOBAL_ACQUISITION_ATTEMPTS.json,KEPT,selected_origin
C16,data/manifests/CONTEXT_INTELLIGENCE_EXECUTION_MANIFEST.json,KEPT,selected_origin
C16,data/coverage/TEAM_COVERAGE_5_PILOT_TEAMS.csv,KEPT,selected_origin
C16,data/post_match_pilot/POST_MATCH_FORENSICS_MANIFEST.json,KEPT,selected_origin
C16,data/post_match_pilot/POST_MATCH_AUDIT_SUMMARY.json,KEPT,selected_origin
C16,data/post_match_pilot/POST_MATCH_PILOT_RESULTS.csv,KEPT,selected_origin
C16,data/cycle15/CYCLE15_PIT_DATA.csv,KEPT,selected_origin
C16,data/cycle15/CYCLE15_NONPIT_H005_RESEARCH.csv,KEPT,selected_origin
C16,data/context_transfer/MOTIVATION_CONTEXT_REPORT.csv,KEPT,selected_origin
C16,data/context_transfer/CONTEXT_TRANSFER_RESULTS.json,KEPT,selected_origin
C16,data/context_transfer/FEATURE_ABLATION_REPORT.csv,KEPT,selected_origin
C16,data/context_transfer/TEAM_COVERAGE_FINAL.csv,KEPT,selected_origin
C16,data/context_transfer/TRANSFER_CONFIG.json,KEPT,selected_origin
C16,data/context_transfer/FEATURE_TRANSFERABILITY.csv,KEPT,selected_origin
C16,data/context_transfer/ACQUISITION_EXECUTION_SUMMARY.json,KEPT,selected_origin
C16,data/context_transfer/OPPONENT_STRENGTH_HISTORY.csv,KEPT,selected_origin
C16,data/context_transfer/TEAM_CONTEXT_HISTORY.csv,KEPT,selected_origin
C16,data/context_transfer/OPPONENT_STRENGTH_REPORT.csv,KEPT,selected_origin
C16,data/context_transfer/ACQUISITION_PRIORITY.csv,KEPT,selected_origin
C16,data/context_transfer/PLAYER_IMPACT_REPORT.csv,KEPT,selected_origin
C16,data/context_transfer/MODEL_COMPARISON.json,KEPT,selected_origin
C16,data/context_transfer/MATCH_COVERAGE_FINAL.csv,KEPT,selected_origin
C16,data/context_transfer/RIVALRY_INTELLIGENCE_REPORT.csv,KEPT,selected_origin
C16,data/context_transfer/MODEL_COMPARISON.csv,KEPT,selected_origin
C16,data/context_transfer/ACQUISITION_ATTEMPTS.csv,KEPT,selected_origin
C16,data/context_transfer/CONTEXT_TRANSFER_BACKTEST.csv,KEPT,selected_origin
C16,data/provenance/MATERIALIZED_SHA256SUMS.txt,KEPT,selected_origin
C16,data/provenance/phase2_provenance.csv,KEPT,selected_origin
C16,data/provenance/expanded_real_provenance.csv,KEPT,selected_origin
C16,data/processed/odds_observations_real_nonpit.csv,KEPT,selected_origin
C16,data/processed/expanded_real_matches.csv,KEPT,selected_origin
C16,data/entity_registry/ENTITY_REGISTRY_GLOBAL.csv,KEPT,selected_origin
C16,data/master_staff/SETTLEMENTS.csv,KEPT,selected_origin
C16,data/master_staff/SCHEMA_VALIDATION.md,KEPT,selected_origin
C16,data/master_staff/LINEUP_RECORDS.csv,KEPT,selected_origin
C16,data/master_staff/DATASET_FINAL_COUNTS.json,KEPT,selected_origin
C16,data/master_staff/SUSPENSION_ENGINE_RECORDS.csv,KEPT,selected_origin
C16,data/master_staff/LOWER_LEVEL_TARGET_REGISTRY.csv,KEPT,selected_origin
C16,data/master_staff/PREMATCH_FEATURE_STORE.csv,KEPT,selected_origin
C16,data/master_staff/CONTEXT_INTELLIGENCE_FEATURES.csv,KEPT,selected_origin
C16,data/master_staff/TARGET_COMPETITION_REGISTRY.csv,KEPT,selected_origin
C16,data/master_staff/MODEL_VALIDATION.json,KEPT,selected_origin
C16,data/master_staff/INJURY_RECORDS.csv,KEPT,selected_origin
C16,data/master_staff/MASTER_HYPOTHESES.csv,KEPT,selected_origin
C16,data/master_staff/OPERATIONAL_PILLARS.csv,KEPT,selected_origin
C16,data/master_staff/PLAYER_IMPACT_RECORDS.csv,KEPT,selected_origin
C16,data/master_staff/LIVE_SNAPSHOTS.csv,KEPT,selected_origin
C16,data/master_staff/LINEUP_ENGINE_RECORDS.csv,KEPT,selected_origin
C16,data/master_staff/IMPORTANCE_CONTEXT_2026-08-20.csv,KEPT,selected_origin
C16,data/master_staff/TARGET_COVERAGE_REGISTRY.csv,KEPT,selected_origin
C16,data/master_staff/INJURY_ENGINE_RECORDS.csv,KEPT,selected_origin
C16,data/master_staff/MASTER_STAFF_MANIFEST.json,KEPT,selected_origin
C16,data/master_staff/MASTER_STAFF_PROVENANCE.csv,KEPT,selected_origin
C16,data/master_staff/PIT_AUDIT.md,KEPT,selected_origin
C16,data/master_staff/VALUE_CANDIDATES.csv,KEPT,selected_origin
C16,data/master_staff/RIVALRY_REGISTRY.csv,KEPT,selected_origin
C16,data/master_staff/MASTER_COVERAGE.csv,KEPT,selected_origin
C16,data/master_staff/FEATURE_IMPORTANCE_MASTER.csv,KEPT,selected_origin
C16,data/master_staff/OPERATIONAL_PILLARS.json,KEPT,selected_origin
C16,data/master_staff/H2H_INTELLIGENCE.csv,KEPT,selected_origin
C16,data/master_staff/PAPER_DECISIONS.csv,KEPT,selected_origin
C16,data/master_staff/LIVE_SNAPSHOT_ENGINE.csv,KEPT,selected_origin
C16,data/master_staff/PLAYER_RECORDS.csv,KEPT,selected_origin
C16,data/master_staff/LEAKAGE_AUDIT.md,KEPT,selected_origin
C16,data/research/COVERAGE_BY_COMPETITION_SEASON.csv,KEPT,selected_origin
C16,data/research/PATTERN_DISCOVERY_STABILITY.csv,KEPT,selected_origin
C16,data/research/PATTERN_DISCOVERY_WALK_FORWARD.csv,KEPT,selected_origin
C16,data/research/PATTERN_DISCOVERY_FEATURE_IMPORTANCE.csv,KEPT,selected_origin
C16,data/research/PATTERN_DISCOVERY_AUDIT.json,KEPT,selected_origin
C16,data/research/PATTERN_DISCOVERY_OOS.csv,KEPT,selected_origin
C16,data/research/PATTERN_DISCOVERY_PATTERN_VALIDATION.csv,KEPT,selected_origin
C16,data/research/PATTERN_DISCOVERY_NEGATIVE_RESULTS.csv,KEPT,selected_origin
C16,data/research/TOP_DATA_GAPS.csv,KEPT,selected_origin
C16,data/research/context_intelligence_segments.csv,KEPT,selected_origin
C16,data/research/PATTERN_DISCOVERY_TOP50.csv,KEPT,selected_origin
C16,data/research/PATTERN_DISCOVERY_DATA_DICTIONARY.md,KEPT,selected_origin
C16,data/research/PATTERN_DISCOVERY_MULTIPLE_TESTING.csv,KEPT,selected_origin
C16,data/global_dataset/reports/TEAM_COVERAGE_GLOBAL_2020_2026.csv,KEPT,selected_origin
C16,data/global_dataset/reports/GLOBAL_NETWORK_BLOCKS.json,KEPT,selected_origin
C16,data/global_dataset/reports/GLOBAL_DATASET_COVERAGE.csv,KEPT,selected_origin
C16,data/global_dataset/reports/GLOBAL_COMPETITION_SEASON_MATRIX_2020_2026.csv,KEPT,selected_origin
C16,data/global_dataset/reports/DATASET_FINAL_COUNTS.json,KEPT,selected_origin
C16,data/global_dataset/reports/DATA_ENRICHMENT_FINAL_REPORT.md,KEPT,selected_origin
C16,data/global_dataset/reports/ACQUIRED_SOURCE_SHA256SUMS.txt,KEPT,selected_origin
C16,data/global_dataset/reports/GLOBAL_DATASET_TEST_REPORT.json,KEPT,selected_origin
C16,data/global_dataset/reports/FREE_ENRICHMENT_SNAPSHOT_INTEGRITY.json,KEPT,selected_origin
C16,data/global_dataset/reports/GLOBAL_COVERAGE_REPORT.csv,KEPT,selected_origin
C16,data/global_dataset/reports/SOURCE_COVERAGE_MATRIX.csv,KEPT,selected_origin
C16,data/global_dataset/reports/SCIENTIFIC_STATUS_FINAL.md,KEPT,selected_origin
C16,data/global_dataset/reports/GLOBAL_FIELD_COVERAGE_FREE.csv,KEPT,selected_origin
C16,data/global_dataset/reports/FREE_SOURCE_COVERAGE_MATRIX.csv,KEPT,selected_origin
C16,data/global_dataset/reports/GLOBAL_COVERAGE_MATRIX_2020_2026.csv,KEPT,selected_origin
C16,data/global_dataset/reports/GLOBAL_TEST_RESULTS.json,KEPT,selected_origin
C16,data/global_dataset/reports/GLOBAL_COVERAGE_MATRIX.csv,KEPT,selected_origin
C16,data/global_dataset/reports/GLOBAL_DATASET_COUNTS.json,KEPT,selected_origin
C16,data/global_dataset/reports/LOCAL_FREE_ARTIFACT_MANIFEST.csv,KEPT,selected_origin
C16,data/global_dataset/reports/PREMATCH_SNAPSHOT_PROTECTION.json,KEPT,selected_origin
C16,data/global_dataset/reports/PREMATCH_READINESS_2026-08-20.csv,KEPT,selected_origin
C16,data/global_dataset/reports/GLOBAL_PATTERN_DISCOVERY_READINESS.md,KEPT,selected_origin
C16,data/global_dataset/reports/GLOBAL_COVERAGE_REPORT_COMPETITION.csv,KEPT,selected_origin
C16,data/global_dataset/reports/FINAL_SCIENTIFIC_STATUS.md,KEPT,selected_origin
C16,data/global_dataset/reports/GLOBAL_DATASET_PROVENANCE.csv,KEPT,selected_origin
C16,data/global_dataset/reports/MODEL_READINESS_REPORT.md,KEPT,selected_origin
C16,data/global_dataset/reports/CROSS_COMPETITION_EVIDENCE.csv,KEPT,selected_origin
C16,data/global_dataset/reports/GLOBAL_COVERAGE_REPORT.md,KEPT,selected_origin
C16,data/global_dataset/reports/FREE_SOURCE_CONFLICTS.csv,KEPT,selected_origin
C16,data/global_dataset/reports/COMPETITIONS_NOT_MATERIALIZED.csv,KEPT,selected_origin
C16,data/global_dataset/reports/ACQUISITION_PRIORITY.csv,KEPT,selected_origin
C16,data/global_dataset/reports/PREMATCH_DATA_READINESS_REPORT.md,KEPT,selected_origin
C16,data/global_dataset/reports/ACQUISITION_FAILURE_REPORT.md,KEPT,selected_origin
C16,data/global_dataset/reports/PREMATCH_SNAPSHOT_INTEGRITY.json,KEPT,selected_origin
C16,data/global_dataset/reports/NEGATIVE_FINDINGS.csv,KEPT,selected_origin
C16,data/global_dataset/reports/TEAM_COVERAGE_REPORT.md,KEPT,selected_origin
C16,data/global_dataset/reports/PREMATCH_READINESS_REPORT.md,KEPT,selected_origin
C16,data/global_dataset/reports/TEAM_COVERAGE_GLOBAL.csv,KEPT,selected_origin
C16,data/global_dataset/reports/GLOBAL_DATASET_FINAL_REPORT.md,KEPT,selected_origin
C16,data/global_dataset/reports/GLOBAL_RUN_LEDGER.json,KEPT,selected_origin
C16,data/global_dataset/reports/SOURCE_PROVENANCE.csv,KEPT,selected_origin
C16,data/global_dataset/reports/GLOBAL_COVERAGE_MATRIX_MATERIALIZED.csv,KEPT,selected_origin
C16,data/global_dataset/reports/SOURCE_ACQUISITION_REPORT.md,KEPT,selected_origin
C16,data/global_dataset/reports/CROSS_COMPETITION_TRANSFER_REPORT.md,KEPT,selected_origin
C16,data/global_dataset/reports/GLOBAL_FIELD_COVERAGE.csv,KEPT,selected_origin
C16,data/global_dataset/processed_acquisition/pytest_2122_E0.csv,KEPT,selected_origin
C16,data/global_dataset/registry/LOCAL_ACQUISITION_TARGET_REGISTRY.csv,KEPT,selected_origin
C16,data/global_dataset/registry/GLOBAL_COMPETITION_TARGET_REGISTRY.csv,KEPT,selected_origin
C16,data/global_dataset/registry/LOCAL_ACQUISITION_SOURCE_REGISTRY.csv,KEPT,selected_origin
C16,data/global_dataset/registry/GLOBAL_ACQUISITION_MANIFEST.json,KEPT,selected_origin
C16,data/global_dataset/registry/DATA_ACQUISITION_MANIFEST.json,DISCARDED,conflict_resolved_in_favor_of_C18
C16,data/global_dataset/registry/ACQUISITION_STATE_SCHEMA.md,KEPT,selected_origin
C16,data/global_dataset/registry/GLOBAL_SOURCE_CATALOG.csv,KEPT,selected_origin
C16,data/global_dataset/registry/TEAM_REGISTRY_GLOBAL.csv,KEPT,selected_origin
C16,data/global_dataset/raw_acquired/2122_E0.csv,KEPT,selected_origin
C16,data/global_dataset/raw_acquired/epl_2021_direct.csv,KEPT,selected_origin
C16,data/global_dataset/raw_acquired/2122_D1.csv,KEPT,selected_origin
C16,data/global_dataset/raw_acquired/2223_E0.csv,KEPT,selected_origin
C16,data/global_dataset/raw_acquired/2223_D1.csv,KEPT,selected_origin
C16,data/global_dataset/raw_acquired/2324_E0.csv,KEPT,selected_origin
C16,data/global_dataset/reports/v3/PAID_API_GAP_ANALYSIS.md,KEPT,selected_origin
C16,data/global_dataset/reports/v3/GLOBAL_FREE_SOURCE_DISCOVERY_V3.md,KEPT,selected_origin
C16,data/global_dataset/reports/v3/FREE_GLOBAL_COVERAGE_STATUS.md,KEPT,selected_origin
C16,data/global_dataset/reports/v3/GLOBAL_FREE_SOURCE_DISCOVERY_V3.json,KEPT,selected_origin
C16,data/processed/round_2026-08-20/ROUND_2026-08-20_INTELLIGENCE.csv,KEPT,selected_origin
C16,data/provenance/round_2026-08-20/ROUND_2026-08-20_PROVENANCE.csv,KEPT,selected_origin
C16,data/coverage/free_enrichment_v4/FREE_DATA_COVERAGE_MATRIX_V4.csv,KEPT,selected_origin
C16,data/coverage/free_enrichment_v5/V5_LAYER_COVERAGE.csv,KEPT,selected_origin
C16,data/conmebol/raw/conmebol_sudamericana_2024.txt,KEPT,selected_origin
C16,data/conmebol/raw/conmebol_sudamericana_2022.txt,KEPT,selected_origin
C16,data/conmebol/raw/libertadores_brazilian_soccer_data.csv,KEPT,selected_origin
C16,data/conmebol/raw/conmebol_sudamericana_2025.txt,KEPT,selected_origin
C16,data/conmebol/raw/conmebol_sudamericana_2020.txt,KEPT,selected_origin
C16,data/conmebol/raw/conmebol_sudamericana_2023.txt,KEPT,selected_origin
C16,data/conmebol/raw/conmebol_sudamericana_2021.txt,KEPT,selected_origin
C16,data/conmebol/schemas/CONMEBOL_SCHEMA.md,KEPT,selected_origin
C16,data/conmebol/manifests/CONMEBOL_EXECUTION_MANIFEST.json,KEPT,selected_origin
C16,data/conmebol/manifests/CONMEBOL_ACQUISITION_MATRIX.csv,KEPT,selected_origin
C16,data/conmebol/provenance/CONMEBOL_PROVENANCE.csv,KEPT,selected_origin
C16,data/conmebol/processed/CONMEBOL_MATCHES_REAL.csv,KEPT,selected_origin
C16,data/enrichment/free_data/FOOTBALL_CANONICAL_ENRICHED_FREE.csv,KEPT,selected_origin
C16,data/enrichment/free_data/MATCH_STATISTICS_FREE.csv,KEPT,selected_origin
C16,data/enrichment/free_data/PLAYER_ENTITY_RESOLUTION_V6.csv,KEPT,selected_origin
C16,data/enrichment/free_data/PLAYER_MASTER_V6.csv,KEPT,selected_origin
C16,data/enrichment/free_data/PLAYER_TEAM_HISTORY_V6.csv,KEPT,selected_origin
C16,data/raw/acquisition_worker/footballcsv_2024_br1.csv,KEPT,selected_origin
C16,data/raw/acquisition_worker/brazil_squad_2024_flamengo.txt,KEPT,selected_origin
C16,data/raw/acquisition_worker/pytest_2122_E0.csv,KEPT,selected_origin
C16,data/raw/acquisition_worker/brazil_squad_2024_palmeiras.txt,KEPT,selected_origin
C16,data/raw/global_acquisition/football_data/2122_E0.csv,KEPT,selected_origin
C16,data/raw/global_acquisition/football_data/epl_2021_direct.csv,KEPT,selected_origin
C16,data/raw/global_acquisition/football_data/2122_D1.csv,KEPT,selected_origin
C16,data/raw/global_acquisition/football_data/2223_E0.csv,KEPT,selected_origin
C16,data/raw/global_acquisition/football_data/2223_D1.csv,KEPT,selected_origin
C16,data/raw/global_acquisition/football_data/2324_E0.csv,KEPT,selected_origin
C16,reports/v2_master/RUN_TEST_RESULTS.txt,KEPT,selected_origin
C16,reports/v2_master/SNAPSHOT_INTEGRITY_V2.json,KEPT,selected_origin
C16,reports/phase3/GLOBAL_FOOTBALL_DATA_ACQUISITION_REPORT.md,KEPT,selected_origin
C16,reports/phase3/COMPETITION_MARKET_MATRIX.md,KEPT,selected_origin
C16,reports/phase3/DATA_QUALITY_REPORT.md,KEPT,selected_origin
C16,reports/phase3/DATA_PROVENANCE_REPORT.md,KEPT,selected_origin
C16,reports/phase3/FEATURE_RESEARCH.md,KEPT,selected_origin
C16,reports/phase3/CARD_MARKET_REPORT.md,KEPT,selected_origin
C16,reports/phase3/SOURCE_DISCOVERY_MATRIX.json,KEPT,selected_origin
C16,reports/phase3/PHASE3_EXECUTION_README.md,KEPT,selected_origin
C16,reports/phase3/CARD_RESEARCH_REPORT.md,KEPT,selected_origin
C16,reports/phase3/COMPETITION_RESEARCH_REPORT.md,KEPT,selected_origin
C16,reports/phase3/MARKET_RESEARCH_REPORT.md,KEPT,selected_origin
C16,reports/phase3/SIGNAL_DISCOVERY_REPORT.md,KEPT,selected_origin
C16,reports/phase3/CORNER_MARKET_REPORT.md,KEPT,selected_origin
C16,reports/phase3/ODDS_DATA_REPORT.md,KEPT,selected_origin
C16,reports/phase3/PIT_REPORT.md,KEPT,selected_origin
C16,reports/phase3/EDGE_DISCOVERY_REPORT.md,KEPT,selected_origin
C16,reports/phase3/MARKET_MICROSTRUCTURE.md,KEPT,selected_origin
C16,reports/phase3/ABLATION_REPORT.md,KEPT,selected_origin
C16,reports/phase3/HOLDOUT_REPORT.md,KEPT,selected_origin
C16,reports/phase3/EDGE_DISCOVERY.md,KEPT,selected_origin
C16,reports/phase3/WEB_SOURCE_VERIFICATION.md,KEPT,selected_origin
C16,reports/phase3/LOWER_LEAGUES_RESEARCH.md,KEPT,selected_origin
C16,reports/phase3/MARKET_VS_ROBO.md,KEPT,selected_origin
C16,reports/phase3/WALK_FORWARD_REPORT.md,KEPT,selected_origin
C16,reports/phase3/FINAL_SCIENTIFIC_STATUS.md,KEPT,selected_origin
C16,reports/phase3/PRE_MATCH_RESEARCH.md,KEPT,selected_origin
C16,reports/phase3/GLOBAL_COMPETITION_COVERAGE.md,KEPT,selected_origin
C16,reports/phase3/MODEL_COMPARISON.md,KEPT,selected_origin
C16,reports/phase3/DATA_QUALITY.json,KEPT,selected_origin
C16,reports/phase3/GLOBAL_DATA_ACQUISITION_REPORT.md,KEPT,selected_origin
C16,reports/phase3/LOWER_DIVISION_RESEARCH_REPORT.md,KEPT,selected_origin
C16,reports/phase3/DATA_ACQUISITION_REPORT.md,KEPT,selected_origin
C16,reports/phase3/MULTIPLE_TESTING_REPORT.md,KEPT,selected_origin
C16,reports/phase3/MARKET_COVERAGE_REPORT.md,KEPT,selected_origin
C16,reports/phase3/RESEARCH_HYPOTHESES.md,KEPT,selected_origin
C16,reports/phase3/LOW_COVERAGE_MARKETS_REPORT.md,KEPT,selected_origin
C16,reports/phase3/MODEL_COMPARISON_REPORT.md,KEPT,selected_origin
C16,reports/phase3/PIT_DATA_REPORT.md,KEPT,selected_origin
C16,reports/phase3/OOS_REPORT.md,KEPT,selected_origin
C16,reports/phase3/ODDS_MARKET_MICROSTRUCTURE_REPORT.md,KEPT,selected_origin
C16,reports/phase3/LEAGUE_MARKET_ANALYSIS_REPORT.md,KEPT,selected_origin
C16,reports/phase3/LIVE_RESEARCH.md,KEPT,selected_origin
C16,reports/phase3/FEATURE_RESEARCH_REPORT.md,KEPT,selected_origin
C16,reports/phase3/CLV_REPORT.md,KEPT,selected_origin
C16,reports/phase3/TOP_20_RESEARCH_CANDIDATES.md,KEPT,selected_origin
C16,reports/phase3/OVERFITTING_REPORT.md,KEPT,selected_origin
C16,reports/phase3/GLOBAL_RESEARCH_EXECUTION_MANIFEST.json,KEPT,selected_origin
C16,reports/phase3/ODDS_RESEARCH.md,KEPT,selected_origin
C16,reports/phase3/ANOMALY_RESEARCH_REPORT.md,KEPT,selected_origin
C16,reports/phase3/TOP_20_REJECTED_SIGNALS.md,KEPT,selected_origin
C16,reports/phase3/TOP_20_DATA_GAPS.md,KEPT,selected_origin
C16,reports/phase3/FINAL_RESEARCH_AUDIT.md,KEPT,selected_origin
C16,reports/phase3/DATA_COVERAGE_MATRIX.md,KEPT,selected_origin
C16,reports/phase3/CORNERS_RESEARCH_REPORT.md,KEPT,selected_origin
C16,reports/phase3/BASELINE_COMPARISON_REPORT.md,KEPT,selected_origin
C16,reports/phase3/GLOBAL_COMPETITION_COVERAGE_REPORT.md,KEPT,selected_origin
C16,reports/phase3/RESEARCH_CANDIDATES.md,KEPT,selected_origin
C16,reports/phase3/ROBO_BEHAVIOR_REPORT.md,KEPT,selected_origin
C16,reports/phase3/FEATURE_ABLATION_REPORT.md,KEPT,selected_origin
C16,reports/phase3/PHASE3_RESULTS.json,KEPT,selected_origin
C16,reports/real_day_prematch/REAL_DAY_EXECUTION_SUMMARY.json,KEPT,selected_origin
C16,reports/real_day_prematch/REAL_DAY_PREMATCH_REPORT.md,KEPT,selected_origin
C16,reports/real_day_prematch/REAL_DAY_TOP_SIGNALS.md,KEPT,selected_origin
C16,reports/real_day_prematch/REAL_DAY_LIMITATIONS.md,KEPT,selected_origin
C16,reports/phase2/DATA_QUALITY_REPORT.md,KEPT,selected_origin
C16,reports/phase2/CARD_MARKET_REPORT.md,KEPT,selected_origin
C16,reports/phase2/EMPIRICAL_RESULTS.json,KEPT,selected_origin
C16,reports/phase2/MARKET_COMPARISON_REPORT.md,KEPT,selected_origin
C16,reports/phase2/HOLDOUT_REPORT.md,KEPT,selected_origin
C16,reports/phase2/DATA_ACQUISITION.json,KEPT,selected_origin
C16,reports/phase2/WALK_FORWARD_REPORT.md,KEPT,selected_origin
C16,reports/phase2/FINAL_SCIENTIFIC_STATUS.md,KEPT,selected_origin
C16,reports/phase2/EMPIRICAL_RESEARCH_REPORT.md,KEPT,selected_origin
C16,reports/phase2/DATA_QUALITY.json,KEPT,selected_origin
C16,reports/phase2/DATA_ACQUISITION_REPORT.md,KEPT,selected_origin
C16,reports/phase2/MODEL_COMPARISON_REPORT.md,KEPT,selected_origin
C16,reports/phase2/OOS_REPORT.md,KEPT,selected_origin
C16,reports/phase2/CLV_REPORT.md,KEPT,selected_origin
C16,reports/phase2/ROBO_BEHAVIOR_REPORT.md,KEPT,selected_origin
C16,reports/phase2/FEATURE_ABLATION_REPORT.md,KEPT,selected_origin
C16,reports/conmebol/CONTEXT_INTELLIGENCE_REPORT.md,KEPT,selected_origin
C16,reports/conmebol/INJURY_RETURN_REPORT.md,KEPT,selected_origin
C16,reports/conmebol/CONMEBOL_NEGATIVE_RESULTS.csv,KEPT,selected_origin
C16,reports/conmebol/PLAYER_IMPACT_REPORT.md,KEPT,selected_origin
C16,reports/conmebol/COMPETITIVE_MOTIVATION_REPORT.md,KEPT,selected_origin
C16,reports/conmebol/PATTERN_DISCOVERY_NEGATIVE_RESULTS.md,KEPT,selected_origin
C16,reports/conmebol/CONMEBOL_PATTERN_RESULTS.csv,KEPT,selected_origin
C16,reports/conmebol/PATTERN_DISCOVERY_WALK_FORWARD.md,KEPT,selected_origin
C16,reports/conmebol/FINAL_SCIENTIFIC_STATUS.md,KEPT,selected_origin
C16,reports/conmebol/PATTERN_DISCOVERY_MULTIPLE_TESTING.md,KEPT,selected_origin
C16,reports/conmebol/CONMEBOL_HYPOTHESES.csv,KEPT,selected_origin
C16,reports/conmebol/CONMEBOL_DATASET_COVERAGE.csv,KEPT,selected_origin
C16,reports/conmebol/CONMEBOL_MODEL_RESULTS.json,KEPT,selected_origin
C16,reports/conmebol/PATTERN_DISCOVERY_OOS.md,KEPT,selected_origin
C16,reports/conmebol/CONMEBOL_FEATURE_IMPORTANCE.csv,KEPT,selected_origin
C16,reports/conmebol/CONMEBOL_DATASET_FINAL_REPORT.md,KEPT,selected_origin
C16,reports/conmebol/PATTERN_DISCOVERY_GLOBAL_REPORT.md,KEPT,selected_origin
C16,reports/cycle3/CYCLE3_MANIFEST.json,KEPT,selected_origin
C16,reports/cycle3/CYCLE3_SELECTION_THRESHOLDS.csv,KEPT,selected_origin
C16,reports/cycle3/CYCLE3_PORTFOLIO_MATRIX.csv,KEPT,selected_origin
C16,reports/cycle3/CYCLE3_MODEL_DIAGNOSTICS.csv,KEPT,selected_origin
C16,reports/cycle3/CYCLE3_OOS_DECISIONS.csv,KEPT,selected_origin
C16,reports/cycle3/CYCLE3_WALK_FORWARD_SELECTION.csv,KEPT,selected_origin
C16,reports/cycle3/CYCLE3_WALK_FORWARD_SUMMARY.csv,KEPT,selected_origin
C16,reports/cycle3/CYCLE3_DIVERGENCE_BUCKETS.csv,KEPT,selected_origin
C16,reports/cycle3/CYCLE3_COMMON_SAMPLE_HOME_WIN.csv,KEPT,selected_origin
C16,reports/cycle3/CYCLE3_EV_BUCKETS.csv,KEPT,selected_origin
C16,reports/cycle3/CYCLE3_EXPERIMENT_REGISTRY.json,KEPT,selected_origin
C16,reports/cycle3/CYCLE3_WALK_FORWARD_META.json,KEPT,selected_origin
C16,reports/cycle3/CYCLE3_PRICED_OOS_DECISIONS.csv,KEPT,selected_origin
C16,reports/cycle3/CYCLE3_EXECUTIVE_REPORT.md,KEPT,selected_origin
C16,reports/coverage/DATA_COVERAGE_GAPS.md,KEPT,selected_origin
C16,reports/coverage/ACQUISITION_PRIORITY.csv,KEPT,selected_origin
C16,reports/coverage/DATA_COVERAGE_2020_2026.csv,KEPT,selected_origin
C16,reports/post_match_pilot/POST_MATCH_PILOT_REPORT.md,KEPT,selected_origin
C16,reports/post_match_pilot/DATASET_INTEGRITY_BEFORE_AFTER.md,KEPT,selected_origin
C16,reports/free_enrichment_v4/LINEUP_COVERAGE_REPORT.md,KEPT,selected_origin
C16,reports/free_enrichment_v4/TEMPORAL_DATA_QUALITY_REPORT.md,KEPT,selected_origin
C16,reports/free_enrichment_v4/SOFASCORE_ASSESSMENT.md,KEPT,selected_origin
C16,reports/free_enrichment_v4/SECURITY_SCAN.txt,KEPT,selected_origin
C16,reports/free_enrichment_v4/PAID_DATA_GAP_REPORT.md,KEPT,selected_origin
C16,reports/free_enrichment_v4/INJURY_COVERAGE_REPORT.md,KEPT,selected_origin
C16,reports/free_enrichment_v4/ODDS_COVERAGE_REPORT.md,KEPT,selected_origin
C16,reports/free_enrichment_v4/EVENT_COVERAGE_REPORT.md,KEPT,selected_origin
C16,reports/free_enrichment_v4/PLAYER_COVERAGE_REPORT.md,KEPT,selected_origin
C16,reports/free_enrichment_v4/PIT_COVERAGE_REPORT.md,KEPT,selected_origin
C16,reports/free_enrichment_v4/GLOBAL_FREE_DATA_DISCOVERY_REPORT.md,KEPT,selected_origin
C16,reports/free_enrichment_v4/XG_COVERAGE_REPORT.md,KEPT,selected_origin
C16,reports/free_enrichment_v4/ENTITY_RESOLUTION_REPORT.md,KEPT,selected_origin
C16,reports/free_enrichment_v4/SUSPENSION_COVERAGE_REPORT.md,KEPT,selected_origin
C16,reports/free_enrichment_v4/README_V4.md,KEPT,selected_origin
C16,reports/free_enrichment_v4/SOURCE_REGISTRY_V4.csv,KEPT,selected_origin
C16,reports/free_enrichment_v4/ACQUISITION_MANIFEST_V4.csv,KEPT,selected_origin
C16,reports/free_enrichment_v4/API_READINESS_MATRIX_V4.csv,KEPT,selected_origin
C16,reports/free_enrichment_v4/GLOBAL_ENRICHMENT_STATUS_V4.json,KEPT,selected_origin
C16,reports/free_enrichment_v4/DATA_GAP_MASTER.csv,KEPT,selected_origin
C16,reports/cycle15/CYCLE15_SETTLEMENT_REPORT.json,KEPT,selected_origin
C16,reports/cycle15/CYCLE15_EXECUTION_STRESS.json,KEPT,selected_origin
C16,reports/cycle15/CYCLE15_PAPER_BETS.json,KEPT,selected_origin
C16,reports/cycle15/CYCLE15_COMPLETENESS.json,KEPT,selected_origin
C16,reports/cycle15/CYCLE15_HYPOTHESIS_REGISTRY.json,KEPT,selected_origin
C16,reports/cycle15/CYCLE15_ROBUSTNESS_REPORT.json,KEPT,selected_origin
C16,reports/cycle15/CYCLE15_BOOTSTRAP.json,KEPT,selected_origin
C16,reports/cycle15/CYCLE15_PIT_STATUS.json,KEPT,selected_origin
C16,reports/cycle15/CYCLE15_CLV_REPORT.json,KEPT,selected_origin
C16,reports/cycle15/CYCLE15_EXPERIMENT_REGISTRY.json,KEPT,selected_origin
C16,reports/cycle15/CYCLE15_FINAL_DECISION.md,KEPT,selected_origin
C16,reports/cycle15/CYCLE15_SOURCE_REGISTRY.json,KEPT,selected_origin
C16,reports/cycle15/CYCLE15_SIGNAL_LIBRARY.json,KEPT,selected_origin
C16,reports/cycle15/CYCLE15_MULTIPLE_TESTING.json,KEPT,selected_origin
C16,reports/cycle15/CYCLE15_PROMOTION_GATE.json,KEPT,selected_origin
C16,reports/cycle15/CYCLE15_DECISION_AUDIT.csv,KEPT,selected_origin
C16,reports/cycle15/CYCLE15_MANIFEST.json,KEPT,selected_origin
C16,reports/cycle15/CYCLE15_EXECUTION_METADATA.json,KEPT,selected_origin
C16,reports/cycle15/CYCLE15_OOS_REPORT.json,KEPT,selected_origin
C16,reports/cycle15/CYCLE15_RAW_AUDIT.json,KEPT,selected_origin
C16,reports/cycle15/CYCLE15_DATA_QUALITY.json,KEPT,selected_origin
C16,reports/cycle15/CYCLE15_WALK_FORWARD_REPORT.json,KEPT,selected_origin
C16,reports/cycle15/CYCLE15_RISK_REPORT.json,KEPT,selected_origin
C16,reports/cycle15/CYCLE15_EXECUTIVE_REPORT.md,KEPT,selected_origin
C16,reports/context_transfer/SOURCE_CONFLICT_ENGINE.md,KEPT,selected_origin
C16,reports/context_transfer/ACQUISITION_STATUS.md,KEPT,selected_origin
C16,reports/context_transfer/MOTIVATION_CONTEXT_REPORT.md,KEPT,selected_origin
C16,reports/context_transfer/PLAYER_IMPACT_REPORT.md,KEPT,selected_origin
C16,reports/context_transfer/NEGATIVE_FINDINGS.md,KEPT,selected_origin
C16,reports/context_transfer/FINAL_SCIENTIFIC_STATUS.md,KEPT,selected_origin
C16,reports/context_transfer/CONTEXT_TRANSFER_FINAL_REPORT.md,KEPT,selected_origin
C16,reports/context_transfer/MODEL_COMPARISON.md,KEPT,selected_origin
C16,reports/context_transfer/RIVALRY_INTELLIGENCE_REPORT.md,KEPT,selected_origin
C16,reports/context_transfer/FEATURE_ABLATION_REPORT.md,KEPT,selected_origin
C16,reports/context_transfer/CONTEXT_TRANSFER_AUDIT.md,KEPT,selected_origin
C16,reports/v19/V19_SCORELINE_REPORT.md,KEPT,selected_origin
C16,reports/v19/V19_DATA_ACQUISITION_REPORT.md,KEPT,selected_origin
C16,reports/v19/V19_EXPERIMENTS_REPORT.md,KEPT,selected_origin
C16,reports/v19/V19_MARKET_DISLOCATION_REPORT.md,KEPT,selected_origin
C16,reports/v19/V19_PERFORMANCE.json,KEPT,selected_origin
C16,reports/v19/V19_FINAL_REPORT.md,KEPT,selected_origin
C16,reports/v19/V19_MATRIX.md,KEPT,selected_origin
C16,reports/v19/V19_ROBUSTNESS_REPORT.md,KEPT,selected_origin
C16,reports/v19/V19_FULL_SYSTEM_VALIDATION.json,KEPT,selected_origin
C16,reports/v19/V19_FINAL_SYSTEM_AUDIT.md,KEPT,selected_origin
C16,reports/v19/V19_OOS_REPORT.md,KEPT,selected_origin
C16,reports/v19/V19_PRICING_AUDIT.md,KEPT,selected_origin
C16,reports/v19/V19_CALIBRATION_REPORT.md,KEPT,selected_origin
C16,reports/v19/V19_REGRESSION_AUDIT.md,KEPT,selected_origin
C16,reports/v19/V19_SECURITY_SCAN.json,KEPT,selected_origin
C16,reports/v19/V19_BACKTEST_REPORT.md,KEPT,selected_origin
C16,reports/v19/V19_BENCHMARK_REPORT.md,KEPT,selected_origin
C16,reports/v8/V8_PAID_GAP_MATRIX.csv,KEPT,selected_origin
C16,reports/v8/V8_LINEUP_REPORT.md,KEPT,selected_origin
C16,reports/v8/V8_LOCAL_DATA_INVENTORY.csv,KEPT,selected_origin
C16,reports/v8/V8_INJURY_REPORT.md,KEPT,selected_origin
C16,reports/v8/V8_XG_REPORT.md,KEPT,selected_origin
C16,reports/v8/V8_EVENT_REPORT.md,KEPT,selected_origin
C16,reports/v8/V8_ACQUISITION_REPORT.md,KEPT,selected_origin
C16,reports/v8/V8_PUBLIC_DATASET_DISCOVERY.csv,KEPT,selected_origin
C16,reports/v8/V8_MASTER_STAFF_REPORT.md,KEPT,selected_origin
C16,reports/v8/V8_EXECUTION_EVIDENCE.json,KEPT,selected_origin
C16,reports/v8/V8_BEFORE_AFTER_MATRIX.csv,KEPT,selected_origin
C16,reports/v8/V8_ODDS_REPORT.md,KEPT,selected_origin
C16,reports/v8/V8_SUSPENSION_REPORT.md,KEPT,selected_origin
C16,reports/v8/V8_ENRICHMENT_REPORT.md,KEPT,selected_origin
C16,reports/v8/V8_PROVENANCE_REPORT.md,KEPT,selected_origin
C16,reports/v8/V8_DATA_GAP_MATRIX.csv,KEPT,selected_origin
C16,reports/v8/V8_PLAYER_REPORT.md,KEPT,selected_origin
C16,reports/v8/V8_WEATHER_REPORT.md,KEPT,selected_origin
C16,reports/v8/V8_SOURCE_COVERAGE.csv,KEPT,selected_origin
C16,reports/v8/V8_LOCAL_MATERIALIZATION_SUMMARY.json,KEPT,selected_origin
C16,reports/v8/V8_PIT_REPORT.md,KEPT,selected_origin
C16,reports/cycle4/PIT_STATUS.json,KEPT,selected_origin
C16,reports/cycle4/CYCLE4_MANIFEST.json,KEPT,selected_origin
C16,reports/cycle4/CYCLE4_EXECUTIVE_REPORT.md,KEPT,selected_origin
C16,reports/cycle4/SOURCE_AUDIT.json,KEPT,selected_origin
C16,reports/intelligence/GLOBAL_INTELLIGENCE_EXECUTION_MANIFEST.json,KEPT,selected_origin
C16,reports/intelligence/GLOBAL_INTELLIGENCE_EXECUTION_REPORT.md,KEPT,selected_origin
C16,reports/v17/V17_RESEARCH_EXECUTION.json,KEPT,selected_origin
C16,reports/v17/V17_FULL_SYSTEM_VALIDATION.json,KEPT,selected_origin
C16,reports/master_staff/MASTER_STAFF_SCIENTIFIC_STATUS.md,KEPT,selected_origin
C16,reports/master_staff/NEGATIVE_RESULTS.csv,KEPT,selected_origin
C16,reports/master_staff/MASTER_STAFF_VALUE_PRICING_EXECUTION.json,KEPT,selected_origin
C16,reports/master_staff/SCIENTIFIC_STATUS_FINAL.md,KEPT,selected_origin
C16,reports/master_staff/MASTER_STAFF_VALIDATION.json,KEPT,selected_origin
C16,reports/master_staff/EVIDENCE_STATE.json,KEPT,selected_origin
C16,reports/master_staff/FINAL_DELIVERY_SUMMARY.md,KEPT,selected_origin
C16,reports/master_staff/MASTER_STAFF_ROUND_ANALYSIS_REPORT.md,KEPT,selected_origin
C16,reports/master_staff/MASTER_STAFF_FINAL_SUMMARY.json,KEPT,selected_origin
C16,reports/master_staff/MASTER_STAFF_EXECUTION.md,KEPT,selected_origin
C16,reports/master_staff/MASTER_STAFF_H2H_RIVALRY_REPORT.md,KEPT,selected_origin
C16,reports/master_staff/MASTER_STAFF_VALUE_PRICING_REPORT.md,KEPT,selected_origin
C16,reports/master_staff/MASTER_STAFF_MARKET_QUALITY_REPORT.md,KEPT,selected_origin
C16,reports/master_staff/TEST_EXECUTION_FINAL.json,KEPT,selected_origin
C16,reports/master_staff/GLOBAL_PREMATCH_INTELLIGENCE_V2_TEST_REPORT.md,KEPT,selected_origin
C16,reports/master_staff/MASTER_STAFF_CONTEXT_INTELLIGENCE.md,KEPT,selected_origin
C16,reports/master_staff/LOCAL_ACQUISITION_SNAPSHOT_HASH_AUDIT.txt,KEPT,selected_origin
C16,reports/master_staff/MASTER_STAFF_PLAYER_IMPACT_REPORT.md,KEPT,selected_origin
C16,reports/master_staff/MASTER_STAFF_FINAL_REPORT.md,KEPT,selected_origin
C16,reports/free_enrichment_v5/LINEUP_COVERAGE_REPORT.md,KEPT,selected_origin
C16,reports/free_enrichment_v5/TEMPORAL_DATA_QUALITY_REPORT.md,KEPT,selected_origin
C16,reports/free_enrichment_v5/NETWORK_PROBE.json,DISCARDED,conflict_resolved_in_favor_of_C18
C16,reports/free_enrichment_v5/SNAPSHOT_INTEGRITY_V5.txt,KEPT,selected_origin
C16,reports/free_enrichment_v5/SOFASCORE_ASSESSMENT.md,KEPT,selected_origin
C16,reports/free_enrichment_v5/FREE_DATA_COVERAGE_REPORT.md,KEPT,selected_origin
C16,reports/free_enrichment_v5/PAID_DATA_GAP_REPORT.md,KEPT,selected_origin
C16,reports/free_enrichment_v5/INJURY_COVERAGE_REPORT.md,KEPT,selected_origin
C16,reports/free_enrichment_v5/ODDS_COVERAGE_REPORT.md,KEPT,selected_origin
C16,reports/free_enrichment_v5/EVENT_COVERAGE_REPORT.md,KEPT,selected_origin
C16,reports/free_enrichment_v5/PLAYER_COVERAGE_REPORT.md,KEPT,selected_origin
C16,reports/free_enrichment_v5/SECURITY_SCAN_V5.txt,KEPT,selected_origin
C16,reports/free_enrichment_v5/PIT_COVERAGE_REPORT.md,KEPT,selected_origin
C16,reports/free_enrichment_v5/GLOBAL_ENRICHMENT_STATUS_V5.json,DISCARDED,conflict_resolved_in_favor_of_C18
C16,reports/free_enrichment_v5/XG_COVERAGE_REPORT.md,KEPT,selected_origin
C16,reports/free_enrichment_v5/SUSPENSION_COVERAGE_REPORT.md,KEPT,selected_origin
C16,reports/free_enrichment_v5/GLOBAL_DATA_COVERAGE_REPORT.md,KEPT,selected_origin
C16,reports/context_intelligence/CONTEXT_INTELLIGENCE_REPORT.md,KEPT,selected_origin
C16,reports/context_intelligence/INJURY_RETURN_REPORT.md,KEPT,selected_origin
C16,reports/context_intelligence/PLAYER_IMPACT_REPORT.md,KEPT,selected_origin
C16,reports/context_intelligence/COMPETITIVE_MOTIVATION_REPORT.md,KEPT,selected_origin
C16,reports/context_intelligence/PATTERN_DISCOVERY_NEGATIVE_RESULTS.md,KEPT,selected_origin
C16,reports/context_intelligence/PATTERN_DISCOVERY_WALK_FORWARD.md,KEPT,selected_origin
C16,reports/context_intelligence/PATTERN_DISCOVERY_MULTIPLE_TESTING.md,KEPT,selected_origin
C16,reports/context_intelligence/PATTERN_DISCOVERY_OOS.md,KEPT,selected_origin
C16,reports/context_intelligence/FINAL_VALIDATION.json,KEPT,selected_origin
C16,reports/context_intelligence/PATTERN_DISCOVERY_GLOBAL_REPORT.md,KEPT,selected_origin
C16,reports/cycle2/CYCLE2_PRICING_OVER25.csv,KEPT,selected_origin
C16,reports/cycle2/CYCLE2_EXPERIMENT_REGISTRY.jsonl,KEPT,selected_origin
C16,reports/cycle2/CYCLE2_PRICING_HOME.csv,KEPT,selected_origin
C16,reports/cycle2/CYCLE2_FEATURE_COMPARISON_COMMON_SAMPLE.csv,KEPT,selected_origin
C16,reports/cycle2/CYCLE2_SIZING_SIMULATION.csv,KEPT,selected_origin
C16,reports/cycle2/CYCLE2_RESEARCH_FEATURES.csv,KEPT,selected_origin
C16,reports/cycle2/CYCLE2_ABLATION_SUMMARY.csv,KEPT,selected_origin
C16,reports/cycle2/CYCLE2_MARKET_DIVERGENCE_SUMMARY.csv,KEPT,selected_origin
C16,reports/cycle2/CYCLE2_ODDS_BUCKETS.csv,KEPT,selected_origin
C16,reports/cycle2/CYCLE2_MARKET_DIVERGENCE.csv,KEPT,selected_origin
C16,reports/cycle2/CYCLE2_MODEL_RESULTS.csv,KEPT,selected_origin
C16,reports/cycle2/CYCLE2_MARKET_ONLY_RESULTS.csv,KEPT,selected_origin
C16,reports/cycle2/CYCLE2_MODEL_SUMMARY.csv,KEPT,selected_origin
C16,reports/cycle2/market_only_pricing_oos.csv,KEPT,selected_origin
C16,reports/cycle2/CYCLE2_EXECUTIVE_REPORT.md,KEPT,selected_origin
C16,reports/cycle2/CYCLE2_ABLATION_RESULTS.csv,KEPT,selected_origin
C16,reports/cycle2/CYCLE2_MARKET_ONLY_COMMON_SAMPLE.csv,KEPT,selected_origin
C16,reports/cycle2/CYCLE2_BASELINE_CANDIDATE_COMPARISON.csv,KEPT,selected_origin
C16,reports/cycle2/robo_logistic_full_pricing_oos.csv,KEPT,selected_origin
C16,reports/expansion/BLOCKED_SOURCES.md,KEPT,selected_origin
C16,reports/expansion/FINAL_EXPANSION_AUDIT.md,KEPT,selected_origin
C16,reports/expansion/DATA_ACQUISITION_REPORT.md,KEPT,selected_origin
C16,reports/expansion/MATERIALIZED_SOURCES.md,KEPT,selected_origin
C16,reports/expansion/GLOBAL_COMPETITION_PLAN.md,KEPT,selected_origin
C16,reports/expansion/EXPANSION_EXECUTION.json,KEPT,selected_origin
C16,reports/expansion/BEFORE_VS_AFTER.md,KEPT,selected_origin
C16,reports/v18/V18_RESEARCH_EXECUTION.json,KEPT,selected_origin
C16,reports/v18/V18_FULL_SYSTEM_VALIDATION.json,KEPT,selected_origin
C16,reports/cycle16/CYCLE16_ROBUSTNESS_REPORT.json,KEPT,selected_origin
C16,reports/cycle16/CYCLE16_MANIFEST.json,KEPT,selected_origin
C16,reports/cycle16/CYCLE16_DECISION_AUDIT.csv,KEPT,selected_origin
C16,reports/cycle16/CYCLE16_CLV_REPORT.json,KEPT,selected_origin
C16,reports/cycle16/CYCLE16_PAPER_BETS.json,KEPT,selected_origin
C16,reports/cycle16/CYCLE16_HYPOTHESIS_REGISTRY.json,KEPT,selected_origin
C16,reports/cycle16/CYCLE16_RAW_AUDIT.json,KEPT,selected_origin
C16,reports/cycle16/CYCLE16_MULTIPLE_TESTING.json,KEPT,selected_origin
C16,reports/cycle16/CYCLE16_EXECUTION_STRESS.json,KEPT,selected_origin
C16,reports/cycle16/CYCLE16_EXECUTION_METADATA.json,KEPT,selected_origin
C16,reports/cycle16/CYCLE16_DATA_QUALITY.json,KEPT,selected_origin
C16,reports/cycle16/CYCLE16_RISK_REPORT.json,KEPT,selected_origin
C16,reports/cycle16/CYCLE16_BOOTSTRAP.json,KEPT,selected_origin
C16,reports/cycle16/CYCLE16_PROMOTION_GATE.json,KEPT,selected_origin
C16,reports/cycle16/CYCLE16_PIT_DATA.csv,KEPT,selected_origin
C16,reports/cycle16/CYCLE16_SETTLEMENT_REPORT.json,KEPT,selected_origin
C16,reports/cycle16/CYCLE16_FINAL_DECISION.md,KEPT,selected_origin
C16,reports/cycle16/CYCLE16_EXPERIMENT_REGISTRY.json,KEPT,selected_origin
C16,reports/cycle16/CYCLE16_ECONOMIC_SUMMARY.json,KEPT,selected_origin
C16,reports/cycle16/CYCLE16_SOURCE_REGISTRY.json,KEPT,selected_origin
C16,reports/cycle16/CYCLE16_PIT_STATUS.json,KEPT,selected_origin
C16,reports/cycle16/CYCLE16_SIGNAL_LIBRARY.json,KEPT,selected_origin
C16,reports/cycle16/CYCLE16_ACQUISITION_ATTEMPTS.json,KEPT,selected_origin
C16,reports/cycle16/CYCLE16_COMPLETENESS.json,KEPT,selected_origin
C16,reports/cycle16/CYCLE16_OOS_REPORT.json,KEPT,selected_origin
C16,reports/cycle16/CYCLE16_WALK_FORWARD_REPORT.json,KEPT,selected_origin
C16,reports/cycle16/CYCLE16_EXECUTIVE_REPORT.md,KEPT,selected_origin
C16,reports/real_data_pilot/DATA_QUALITY.json,KEPT,selected_origin
C16,reports/real_data_pilot/MARKET_ONLY_1X2.json,KEPT,selected_origin
C16,reports/real_data_pilot/DATASET_MANIFEST.json,KEPT,selected_origin
C16,reports/rounds/2026-08-20/ROUND_2026-08-20_MATCH_REGISTRY.csv,KEPT,selected_origin
C16,reports/rounds/2026-08-20/ROUND_2026-08-20_INTERNAL_MODEL_COVERAGE.csv,KEPT,selected_origin
C16,reports/rounds/2026-08-20/ROUND_2026-08-20_MARKET_REFERENCES.csv,KEPT,selected_origin
C16,reports/rounds/2026-08-20/ROUND_2026-08-20_MASTER_STAFF_REPORT.md,KEPT,selected_origin
C16,reports/rounds/2026-08-20/ROUND_2026-08-20_FINAL_REPORT.md,KEPT,selected_origin
C16,reports/rounds/2026-08-20/ROUND_2026-08-20_ACQUISITION_MANIFEST.csv,KEPT,selected_origin
C16,reports/rounds/2026-08-20/ROUND_2026-08-20_MASTER_STAFF_SUMMARY.json,KEPT,selected_origin
C16,reports/rounds/2026-08-20/ROUND_2026-08-20_SUMMARY.json,KEPT,selected_origin
C16,reports/v18/execution/pytest.txt,KEPT,selected_origin
C16,reports/v18/execution/frontend_npm_test.txt,KEPT,selected_origin
C16,reports/v18/execution/v17_research.txt,KEPT,selected_origin
C16,reports/v18/execution/frontend_build.exit,KEPT,selected_origin
C16,reports/v18/execution/api_routes.txt,KEPT,selected_origin
C16,reports/v18/execution/v17_full_validation.txt,KEPT,selected_origin
C16,reports/v18/execution/frontend_build.txt,KEPT,selected_origin
C16,reports/v18/execution/v18_research.txt,KEPT,selected_origin
C16,reports/v18/execution/self_test.txt,KEPT,selected_origin
C16,reports/v18/execution/environment.txt,KEPT,selected_origin
C16,reports/v18/execution/v17_acquisition.txt,KEPT,selected_origin
C16,reports/v18/execution/compileall.txt,KEPT,selected_origin
C16,reports/v18/execution/v18_acquisition.txt,KEPT,selected_origin
C16,reports/v18/execution/v18_full_validation.txt,KEPT,selected_origin
C16,reports/phase3/global/SOURCE_DISCOVERY_MATRIX.csv,KEPT,selected_origin
C16,tests/v24/test_v24.py,KEPT,selected_origin
C16,tests/round_scan/test_round_20260820.py,KEPT,selected_origin
C16,tests/conmebol/test_pipeline.py,KEPT,selected_origin
C16,tests/v5/test_v5_integrity.py,KEPT,selected_origin
C16,tests/v21/test_notifications.py,KEPT,selected_origin
C16,tests/v21/test_controls.py,KEPT,selected_origin
C16,tests/v21/test_api.py,KEPT,selected_origin
C16,tests/v21/test_live_monitor.py,KEPT,selected_origin
C16,tests/v21/test_service.py,KEPT,selected_origin
C16,tests/v21/test_ledger.py,KEPT,selected_origin
C16,tests/v21/test_quality_controls.py,KEPT,selected_origin
C16,tests/v21/test_realtime.py,KEPT,selected_origin
C16,tests/v16/test_decision_replay.py,KEPT,selected_origin
C16,tests/v16/test_scientific_gates.py,KEPT,selected_origin
C16,tests/free_enrichment_v4/test_state_machine.py,KEPT,selected_origin
C16,tests/v22/test_v22.py,KEPT,selected_origin
C16,tests/v25/test_v25.py,KEPT,selected_origin
C16,tests/v25/test_card_market_integration.py,KEPT,selected_origin
C16,tests/v25/test_cards.py,KEPT,selected_origin
C16,tests/v25/test_market_math.py,KEPT,selected_origin
C16,tests/v25/test_card_provider.py,KEPT,selected_origin
C16,tests/master_staff/test_post_match_coverage.py,KEPT,selected_origin
C16,tests/master_staff/test_master_staff.py,KEPT,selected_origin
C16,tests/master_staff/test_source_conflict_temporal.py,KEPT,selected_origin
C16,tests/master_staff/test_value_pricing_quality.py,KEPT,selected_origin
C16,tests/master_staff/test_master_staff_specialist.py,KEPT,selected_origin
C16,tests/master_staff/test_context_temporal.py,KEPT,selected_origin
C16,tests/master_staff/test_context_transfer.py,KEPT,selected_origin
C16,tests/master_staff/test_round_analyzer.py,KEPT,selected_origin
C16,tests/research/test_cycle4_adapter.py,KEPT,selected_origin
C16,tests/research/test_cycle15_operational.py,KEPT,selected_origin
C16,tests/research/test_cycle15_h005.py,KEPT,selected_origin
C16,tests/research/test_cycle15_pit.py,KEPT,selected_origin
C16,tests/research/test_cycle3_selection.py,KEPT,selected_origin
C16,tests/research/test_cycle4_pit.py,KEPT,selected_origin
C16,tests/research/test_cycle15_sources.py,KEPT,selected_origin
C16,tests/research/test_cycle2.py,KEPT,selected_origin
C16,tests/research/test_cycle3_protocol.py,KEPT,selected_origin
C16,tests/research/test_cycle15_runner.py,KEPT,selected_origin
C16,tests/expansion/test_global_expansion.py,KEPT,selected_origin
C16,tests/v23/test_v23.py,KEPT,selected_origin
C16,tests/cycle16/test_cycle16_runner_e2e.py,KEPT,selected_origin
C16,tests/cycle16/test_acquisition_operations.py,KEPT,selected_origin
C16,tests/cycle16/test_ingest.py,KEPT,selected_origin
C16,tests/cycle16/test_production_e2e.py,KEPT,selected_origin
C16,tests/cycle16/test_statistics.py,KEPT,selected_origin
C16,tests/cycle16/test_economic.py,KEPT,selected_origin
C16,tests/cycle16/test_h005_strict.py,KEPT,selected_origin
C16,tests/cycle16/test_exact_pit_hardening.py,KEPT,selected_origin
C17,SNAPSHOT_HASHES_V6_AFTER.json,DUPLICATE,identical_to_C16
C17,V19_SCORELINE_REPORT.md,DUPLICATE,identical_to_C16
C17,CONTEXT_INTELLIGENCE_REPORT.md,DUPLICATE,identical_to_C16
C17,FREE_GLOBAL_ENRICHMENT_MASTER_V3_FINAL_REPORT.md,DUPLICATE,identical_to_C16
C17,V25_PAPER_SHADOW_REPORT.md,DUPLICATE,identical_to_C16
C17,DATA_QUALITY_REPORT.md,DUPLICATE,identical_to_C16
C17,V8_PAID_GAP_MATRIX.csv,DUPLICATE,identical_to_C16
C17,GLOBAL_ENRICHMENT_STATUS.json,DUPLICATE,identical_to_C16
C17,V22_PAPER_TRADING_REPORT.md,DUPLICATE,identical_to_C16
C17,V24_FRONTEND_AUDIT.md,DUPLICATE,identical_to_C16
C17,V15_SHA256.txt,DUPLICATE,identical_to_C16
C17,V17_CALIBRATION_REPORT.md,DUPLICATE,identical_to_C16
C17,DATA_GAP_MATRIX.csv,DUPLICATE,identical_to_C16
C17,FINAL_INFRASTRUCTURE_REPORT.md,DUPLICATE,identical_to_C16
C17,V18_ROBUSTNESS_REPORT.md,DUPLICATE,identical_to_C16
C17,V22_OBSERVABILITY_AUDIT.md,DUPLICATE,identical_to_C16
C17,V21_DATA_QUALITY_REPORT.md,DUPLICATE,identical_to_C16
C17,V6_IMPLEMENTATION_NOTES.md,DUPLICATE,identical_to_C16
C17,V17_MATRIX.md,DUPLICATE,identical_to_C16
C17,V8_LINEUP_REPORT.md,DUPLICATE,identical_to_C16
C17,V16_SHA256.txt,DUPLICATE,identical_to_C16
C17,V25_FRONTEND_AUDIT.md,DUPLICATE,identical_to_C16
C17,GLOBAL_ACQUISITION_REPORT_V6.md,DUPLICATE,identical_to_C16
C17,V19_DATA_ACQUISITION_REPORT.md,DUPLICATE,identical_to_C16
C17,V16_EXPERIMENTS_REPORT.md,DUPLICATE,identical_to_C16
C17,LINEUP_COVERAGE_REPORT.md,DUPLICATE,identical_to_C16
C17,V25_ARCHITECTURE_AUDIT.md,DUPLICATE,identical_to_C16
C17,V22_ARCHITECTURE_AUDIT.md,DUPLICATE,identical_to_C16
C17,FINAL_REGRESSION_AUDIT.md,DUPLICATE,identical_to_C16
C17,V18_BENCHMARK_REPORT.md,DUPLICATE,identical_to_C16
C17,DATASET_FINAL_COUNTS.json,DUPLICATE,identical_to_C16
C17,DATA_ENRICHMENT_FINAL_REPORT.md,DUPLICATE,identical_to_C16
C17,V19_EXPERIMENTS_REPORT.md,DUPLICATE,identical_to_C16
C17,V23_SECURITY_AUDIT.md,DUPLICATE,identical_to_C16
C17,FREE_DATA_COVERAGE_MATRIX_V4.csv,DUPLICATE,identical_to_C16
C17,V19_MARKET_DISLOCATION_REPORT.md,DUPLICATE,identical_to_C16
C17,FINAL_DATABASE_AUDIT.md,DUPLICATE,identical_to_C16
C17,V20_CLASSIFICATION.md,DUPLICATE,identical_to_C16
C17,V16_OOS_REPORT.md,DUPLICATE,identical_to_C16
C17,PLAYER_COVERAGE_REPORT_V6.md,DUPLICATE,identical_to_C16
C17,ACQUISITION_MANIFEST_FINAL.json,DUPLICATE,identical_to_C16
C17,RUN_FREE_ACQUISITION.sh,DUPLICATE,identical_to_C16
C17,INJURY_RETURN_REPORT.md,DUPLICATE,identical_to_C16
C17,SCIENTIFIC_STATUS_FINAL.md,DUPLICATE,identical_to_C16
C17,V22_E2E_REPORT.md,DUPLICATE,identical_to_C16
C17,CARD_MARKET_REPORT.md,DUPLICATE,identical_to_C16
C17,TEMPORAL_DATA_QUALITY_REPORT.md,DUPLICATE,identical_to_C16
C17,FREE_SOURCE_COVERAGE_MATRIX.csv,DUPLICATE,identical_to_C16
C17,V22_SHADOW_TRADING_REPORT.md,DUPLICATE,identical_to_C16
C17,V8_LOCAL_DATA_INVENTORY.csv,DUPLICATE,identical_to_C16
C17,V16_REGRESSION_AUDIT.md,DUPLICATE,identical_to_C16
C17,FREE_DATA_ENRICHMENT_FINAL_REPORT.md,DUPLICATE,identical_to_C16
C17,V25_SECURITY_AUDIT.md,DUPLICATE,identical_to_C16
C17,FINAL_DATA_AUDIT.md,DUPLICATE,identical_to_C16
C17,V23_REGRESSION_AUDIT.md,DUPLICATE,identical_to_C16
C17,prometheus.yml,DUPLICATE,identical_to_C16
C17,V23_FINAL_REPORT.md,DUPLICATE,identical_to_C16
C17,V8_INJURY_REPORT.md,DUPLICATE,identical_to_C16
C17,V23_QUANT_AUDIT.md,DUPLICATE,identical_to_C16
C17,SOURCE_COVERAGE_MATRIX_V6.csv,DUPLICATE,identical_to_C16
C17,V24_REAL_FEED_REPORT.md,DUPLICATE,identical_to_C16
C17,V18_CALIBRATION_REPORT.md,DUPLICATE,identical_to_C16
C17,LINEUP_COVERAGE_REPORT_V6.md,DUPLICATE,identical_to_C16
C17,V23_DATASET_REPORT.md,DUPLICATE,identical_to_C16
C17,SOFASCORE_ASSESSMENT.md,DUPLICATE,identical_to_C16
C17,V17_FINAL_SYSTEM_AUDIT.md,DUPLICATE,identical_to_C16
C17,V16_BENCHMARK_REPORT.md,DUPLICATE,identical_to_C16
C17,FINAL_ARCHITECTURE_AUDIT.md,DUPLICATE,identical_to_C16
C17,V25_LIVE_AUDIT.md,DUPLICATE,identical_to_C16
C17,CONMEBOL_NEGATIVE_RESULTS.csv,DUPLICATE,identical_to_C16
C17,CONMEBOL_MULTIPLE_TESTING.csv,DUPLICATE,identical_to_C16
C17,V22_DATA_AUDIT.md,DUPLICATE,identical_to_C16
C17,FINAL_MASTER_REPORT.md,DUPLICATE,identical_to_C16
C17,V17_DATA_ACQUISITION_REPORT.md,DUPLICATE,identical_to_C16
C17,FINAL_FILE_HASHES.csv,DUPLICATE,identical_to_C16
C17,V19_FINAL_REPORT.md,DUPLICATE,identical_to_C16
C17,V19_MATRIX.md,DUPLICATE,identical_to_C16
C17,V19_ROBUSTNESS_REPORT.md,DUPLICATE,identical_to_C16
C17,V25_FINAL_REPORT.md,DUPLICATE,identical_to_C16
C17,RUN_FREE_GLOBAL_ENRICHMENT_V4.sh,DUPLICATE,identical_to_C16
C17,V16_CALIBRATION_REPORT.md,DUPLICATE,identical_to_C16
C17,PATTERN_DISCOVERY_NEXT_HYPOTHESES.csv,DUPLICATE,identical_to_C16
C17,V18_PIT_AUDIT.md,DUPLICATE,identical_to_C16
C17,V25_PRODUCTION_READINESS.md,DUPLICATE,identical_to_C16
C17,V14.2_SOURCE_COMPARISON.md,DUPLICATE,identical_to_C16
C17,V17_OOS_REPORT.md,DUPLICATE,identical_to_C16
C17,FINAL_DELIVERY_SUMMARY.md,DUPLICATE,identical_to_C16
C17,V23_DATA_AUDIT.md,DUPLICATE,identical_to_C16
C17,XG_COVERAGE_REPORT_V6.md,DUPLICATE,identical_to_C16
C17,V25_REGRESSION_AUDIT.md,DUPLICATE,identical_to_C16
C17,V22_DATABASE_AUDIT.md,DUPLICATE,identical_to_C16
C17,V23_DATABASE_AUDIT.md,DUPLICATE,identical_to_C16
C17,ACQUISITION_MANIFEST_V5.json,DUPLICATE,identical_to_C16
C17,FINAL_AUDIT_MATRIX.md,DUPLICATE,identical_to_C16
C17,V14_AUDIT_CONFIRMATION.md,DUPLICATE,identical_to_C16
C17,FINAL_MASTER_AUDIT.md,DUPLICATE,identical_to_C16
C17,MARKET_RESEARCH_REPORT.md,DUPLICATE,identical_to_C16
C17,V17_DATA_QUALITY_REPORT.md,DUPLICATE,identical_to_C16
C17,LOCAL_DATA_REDISCOVERY_REPORT_V7.md,DUPLICATE,identical_to_C16
C17,V25_SHA256.txt,DUPLICATE,identical_to_C16
C17,V22_FINAL_REPORT.md,DUPLICATE,identical_to_C16
C17,FINAL_QUANT_AUDIT.md,DUPLICATE,identical_to_C16
C17,V7_DATA_GAP_MATRIX.csv,DUPLICATE,identical_to_C16
C17,V7_BEFORE_AFTER_MATRIX.csv,DUPLICATE,identical_to_C16
C17,V8_XG_REPORT.md,DUPLICATE,identical_to_C16
C17,V23_REAL_DATA_REPORT.md,DUPLICATE,identical_to_C16
C17,V23_PAPER_SHADOW_REPORT.md,DUPLICATE,identical_to_C16
C17,.env.example,DUPLICATE,identical_to_C16
C17,V8_EVENT_REPORT.md,DUPLICATE,identical_to_C16
C17,V14_DATA_SOURCES.md,DUPLICATE,identical_to_C16
C17,V17_BENCHMARK_REPORT.md,DUPLICATE,identical_to_C16
C17,V16_BACKTEST_REPORT.md,DUPLICATE,identical_to_C16
C17,PATTERN_DISCOVERY_STATISTICAL_RESULTS.json,DUPLICATE,identical_to_C16
C17,EVENT_COVERAGE_REPORT_V6.md,DUPLICATE,identical_to_C16
C17,V22_DATASET_REPORT.md,DUPLICATE,identical_to_C16
C17,SUSPENSION_COVERAGE_REPORT_V6.md,DUPLICATE,identical_to_C16
C17,CYCLE17_ARTIFACT_SHA256.txt,KEPT,selected_origin
C17,PATTERN_DISCOVERY_FEATURE_IMPORTANCE.csv,DUPLICATE,identical_to_C16
C17,FINAL_E2E_REPORT.md,DUPLICATE,identical_to_C16
C17,V6_TEST_REPORT.md,DUPLICATE,identical_to_C16
C17,PLAYER_IMPACT_REPORT.md,DUPLICATE,identical_to_C16
C17,V22_REDIS_AUDIT.md,DUPLICATE,identical_to_C16
C17,PAID_DATA_GAP_REPORT.md,DUPLICATE,identical_to_C16
C17,V17_PIT_AUDIT.md,DUPLICATE,identical_to_C16
C17,COMPETITIVE_MOTIVATION_REPORT.md,DUPLICATE,identical_to_C16
C17,V25_PRE_IMPLEMENTATION_AUDIT.md,DUPLICATE,identical_to_C16
C17,PAID_PROVIDER_COST_MATRIX.csv,DUPLICATE,identical_to_C16
C17,INJURY_COVERAGE_REPORT.md,DUPLICATE,identical_to_C16
C17,V19_DATA_QUALITY_REPORT.md,DUPLICATE,identical_to_C16
C17,V24_OBSERVABILITY_AUDIT.md,DUPLICATE,identical_to_C16
C17,V23_LIVE_AUDIT.md,DUPLICATE,identical_to_C16
C17,V22_FRONTEND_AUDIT.md,DUPLICATE,identical_to_C16
C17,V23_OBSERVABILITY_AUDIT.md,DUPLICATE,identical_to_C16
C17,V25_QUANT_AUDIT.md,DUPLICATE,identical_to_C16
C17,README_FREE_DATA_ENRICHMENT.md,DUPLICATE,identical_to_C16
C17,V24_REDIS_AUDIT.md,DUPLICATE,identical_to_C16
C17,V23_ARCHITECTURE_AUDIT.md,DUPLICATE,identical_to_C16
C17,PATTERN_DISCOVERY_NEGATIVE_RESULTS.md,DUPLICATE,identical_to_C16
C17,PATTERN_DISCOVERY_AUDIT.md,DUPLICATE,identical_to_C16
C17,SOFASCORE_ASSESSMENT_V6.md,DUPLICATE,identical_to_C16
C17,MARKET_COMPARISON_REPORT.md,DUPLICATE,identical_to_C16
C17,V16_DATA_QUALITY_REPORT.md,DUPLICATE,identical_to_C16
C17,V8_FINAL_COUNTS.json,DUPLICATE,identical_to_C16
C17,ODDS_COVERAGE_REPORT.md,DUPLICATE,identical_to_C16
C17,V18_EXPERIMENTS_REPORT.md,DUPLICATE,identical_to_C16
C17,V14.2_DATA_ACQUISITION.md,DUPLICATE,identical_to_C16
C17,SOURCE_ARTIFACT_MANIFEST_V6.csv,DUPLICATE,identical_to_C16
C17,V19_FINAL_SYSTEM_AUDIT.md,DUPLICATE,identical_to_C16
C17,EVENT_COVERAGE_REPORT.md,DUPLICATE,identical_to_C16
C17,V8_ACQUISITION_REPORT.md,DUPLICATE,identical_to_C16
C17,V25_MARKET_ENGINE_AUDIT.md,DUPLICATE,identical_to_C16
C17,V23_AI_AUDIT.md,DUPLICATE,identical_to_C16
C17,FREE_SOURCE_COVERAGE_MATRIX_V3.csv,DUPLICATE,identical_to_C16
C17,HOLDOUT_REPORT.md,DUPLICATE,identical_to_C16
C17,V24_REGRESSION_AUDIT.md,DUPLICATE,identical_to_C16
C17,PLAYER_COVERAGE_REPORT.md,DUPLICATE,identical_to_C16
C17,V19_OOS_REPORT.md,DUPLICATE,identical_to_C16
C17,FINAL_FRONTEND_AUDIT.md,DUPLICATE,identical_to_C16
C17,V19_PRICING_AUDIT.md,DUPLICATE,identical_to_C16
C17,V24_DATABASE_AUDIT.md,DUPLICATE,identical_to_C16
C17,CONMEBOL_PATTERN_RESULTS.csv,DUPLICATE,identical_to_C16
C17,WALK_FORWARD_REPORT.md,DUPLICATE,identical_to_C16
C17,PATTERN_DISCOVERY_WALK_FORWARD.md,DUPLICATE,identical_to_C16
C17,PIT_COVERAGE_REPORT.md,DUPLICATE,identical_to_C16
C17,FINAL_SCIENTIFIC_STATUS.md,DUPLICATE,identical_to_C16
C17,GLOBAL_FREE_DATA_DISCOVERY_REPORT.md,DUPLICATE,identical_to_C16
C17,LICENSE,DUPLICATE,identical_to_C16
C17,V21_DASHBOARD_REPORT.md,DUPLICATE,identical_to_C16
C17,ENTITY_RESOLUTION_REPORT_V6.md,DUPLICATE,identical_to_C16
C17,V21_REALTIME_REPORT.md,DUPLICATE,identical_to_C16
C17,README.md,DUPLICATE,identical_to_C16
C17,EMPIRICAL_RESEARCH_REPORT.md,DUPLICATE,identical_to_C16
C17,V8_PUBLIC_DATASET_DISCOVERY.csv,DUPLICATE,identical_to_C16
C17,PATTERN_DISCOVERY_MULTIPLE_TESTING.md,DUPLICATE,identical_to_C16
C17,V25_REDIS_AUDIT.md,DUPLICATE,identical_to_C16
C17,V21_LIVE_ENGINE_REPORT.md,DUPLICATE,identical_to_C16
C17,V20_DATA_ACQUISITION_REPORT.md,DUPLICATE,identical_to_C16
C17,V22_SHA256.txt,DUPLICATE,identical_to_C16
C17,V15_REGRESSION_AUDIT.md,DUPLICATE,identical_to_C16
C17,GLOBAL_DATA_COVERAGE_REPORT_V6.md,DUPLICATE,identical_to_C16
C17,V24_DATASET_REPORT.md,DUPLICATE,identical_to_C16
C17,FINAL_REDIS_AUDIT.md,DUPLICATE,identical_to_C16
C17,V14.2_FINAL_REPORT.md,DUPLICATE,identical_to_C16
C17,V15_QUANTITATIVE_CONTROLS.md,DUPLICATE,identical_to_C16
C17,FEEDBACK_REVIEW.md,DUPLICATE,identical_to_C16
C17,V19_CALIBRATION_REPORT.md,DUPLICATE,identical_to_C16
C17,V18_CLV_REPORT.md,DUPLICATE,identical_to_C16
C17,PATTERN_DISCOVERY_SEGMENTS.csv,DUPLICATE,identical_to_C16
C17,pytest.ini,DUPLICATE,identical_to_C16
C17,CYCLE17.diff,KEPT,selected_origin
C17,V21_PAPER_TRADING_REPORT.md,DUPLICATE,identical_to_C16
C17,V25_DATABASE_AUDIT.md,DUPLICATE,identical_to_C16
C17,V7_MASTER_STAFF_REPORT.md,DUPLICATE,identical_to_C16
C17,CONMEBOL_HYPOTHESES.csv,DUPLICATE,identical_to_C16
C17,V24_FINAL_REPORT.md,DUPLICATE,identical_to_C16
C17,V17_SECURITY_AUDIT.md,DUPLICATE,identical_to_C16
C17,V17_SHA256.txt,DUPLICATE,identical_to_C16
C17,INJURY_COVERAGE_REPORT_V6.md,DUPLICATE,identical_to_C16
C17,V17_DATA_SNOOPING_AUDIT.md,DUPLICATE,identical_to_C16
C17,V22_REALTIME_REPORT.md,DUPLICATE,identical_to_C16
C17,V17_BACKTEST_REPORT.md,DUPLICATE,identical_to_C16
C17,FINAL_DATASET_REPORT.md,DUPLICATE,identical_to_C16
C17,V25_BACKEND_AUDIT.md,DUPLICATE,identical_to_C16
C17,DATA_ACQUISITION_REPORT.md,DUPLICATE,identical_to_C16
C17,V25_AI_AUDIT.md,DUPLICATE,identical_to_C16
C17,FINAL_BACKEND_AUDIT.md,DUPLICATE,identical_to_C16
C17,V18_BACKTEST_REPORT.md,DUPLICATE,identical_to_C16
C17,FINAL_OBSERVABILITY_AUDIT.md,DUPLICATE,identical_to_C16
C17,V25_REAL_DATA_REPORT.md,DUPLICATE,identical_to_C16
C17,V16_FINAL_REPORT.md,DUPLICATE,identical_to_C16
C17,EXACT_PIT_REPORT_V6.md,DUPLICATE,identical_to_C16
C17,DATA_COVERAGE_SCORE_V6.md,DUPLICATE,identical_to_C16
C17,V24_AI_AUDIT.md,DUPLICATE,identical_to_C16
C17,V23_FRONTEND_AUDIT.md,DUPLICATE,identical_to_C16
C17,GLOBAL_DATASET_V6_FINAL_REPORT.md,DUPLICATE,identical_to_C16
C17,V8_MASTER_STAFF_REPORT.md,DUPLICATE,identical_to_C16
C17,API_READINESS_MATRIX_V3.csv,DUPLICATE,identical_to_C16
C17,FINAL_SECURITY_AUDIT.md,DUPLICATE,identical_to_C16
C17,FINAL_REGRESSION_REPORT.md,DUPLICATE,identical_to_C16
C17,V8_EXECUTION_EVIDENCE.json,DUPLICATE,identical_to_C16
C17,CONTEXT_TRANSFER_README.md,DUPLICATE,identical_to_C16
C17,PATTERN_DISCOVERY_NEGATIVE_RESULTS.csv,DUPLICATE,identical_to_C16
C17,V21_QUANTITATIVE_AUDIT.md,DUPLICATE,identical_to_C16
C17,V24_PRODUCTION_READINESS.md,DUPLICATE,identical_to_C16
C17,.gitignore,DUPLICATE,identical_to_C16
C17,V7_EXECUTION_EVIDENCE.json,DUPLICATE,identical_to_C16
C17,LOCAL_DATA_ACQUISITION_FINAL_REPORT.md,DUPLICATE,identical_to_C16
C17,V22_AI_AUDIT.md,DUPLICATE,identical_to_C16
C17,CONMEBOL_DATASET_COVERAGE.csv,DUPLICATE,identical_to_C16
C17,docker-compose.yml,DUPLICATE,identical_to_C16
C17,CARD_MARKET_AUDIT.md,DUPLICATE,identical_to_C16
C17,MARKET_RESEARCH_REPORT.md.tmp,DUPLICATE,identical_to_C16
C17,V21_LEDGER_REPORT.md,DUPLICATE,identical_to_C16
C17,V8_BEFORE_AFTER_MATRIX.csv,DUPLICATE,identical_to_C16
C17,V14_FINAL_REPORT.md,DUPLICATE,identical_to_C16
C17,V24_PAPER_SHADOW_REPORT.md,DUPLICATE,identical_to_C16
C17,V7_PIT_REPORT.md,DUPLICATE,identical_to_C16
C17,FINAL_PRODUCTION_READINESS.md,DUPLICATE,identical_to_C16
C17,ODDS_PIT_REPORT_V6.md,DUPLICATE,identical_to_C16
C17,V19_REGRESSION_AUDIT.md,DUPLICATE,identical_to_C16
C17,V25_OBSERVABILITY_AUDIT.md,DUPLICATE,identical_to_C16
C17,AVAILABILITY_COVERAGE_REPORT.md,DUPLICATE,identical_to_C16
C17,V18_DATA_QUALITY_REPORT.md,DUPLICATE,identical_to_C16
C17,V17_FINAL_REPORT.md,DUPLICATE,identical_to_C16
C17,FREE_DATA_REPORT_V6.md,DUPLICATE,identical_to_C16
C17,V4_FINAL_VERDICT.md,DUPLICATE,identical_to_C16
C17,V24_E2E_REPORT.md,DUPLICATE,identical_to_C16
C17,OOS_HOLDOUT_REPORT.md,DUPLICATE,identical_to_C16
C17,V18_REGRESSION_AUDIT.md,DUPLICATE,identical_to_C16
C17,PREMATCH_DATA_READINESS_REPORT.md,DUPLICATE,identical_to_C16
C17,V22_REGRESSION_AUDIT.md,DUPLICATE,identical_to_C16
C17,V24_QUANT_AUDIT.md,DUPLICATE,identical_to_C16
C17,V25_DATASET_REPORT.md,DUPLICATE,identical_to_C16
C17,V6_ACQUISITION_METRICS.json,DUPLICATE,identical_to_C16
C17,V19_SYSTEM_AUDIT.md,DUPLICATE,identical_to_C16
C17,V19_PRE_IMPLEMENTATION_AUDIT.md,DUPLICATE,identical_to_C16
C17,XG_COVERAGE_REPORT.md,DUPLICATE,identical_to_C16
C17,V8_ODDS_REPORT.md,DUPLICATE,identical_to_C16
C17,V21_PERFORMANCE_REPORT.md,DUPLICATE,identical_to_C16
C17,SNAPSHOT_HASHES_V6_BEFORE.json,DUPLICATE,identical_to_C16
C17,SOURCE_REGISTRY_V4.json,DUPLICATE,identical_to_C16
C17,V19_SHA256.txt,DUPLICATE,identical_to_C16
C17,PATTERN_DISCOVERY_OOS.md,DUPLICATE,identical_to_C16
C17,V24_ARCHITECTURE_AUDIT.md,DUPLICATE,identical_to_C16
C17,V14_IMPROVEMENT_REPORT.md,DUPLICATE,identical_to_C16
C17,MODEL_COMPARISON_REPORT.md,DUPLICATE,identical_to_C16
C17,PATTERN_DISCOVERY_FINAL_REPORT.md,DUPLICATE,identical_to_C16
C17,OOS_REPORT.md,DUPLICATE,identical_to_C16
C17,ENTITY_RESOLUTION_REPORT.md,DUPLICATE,identical_to_C16
C17,FINAL_READINESS_REPORT.md,DUPLICATE,identical_to_C16
C17,ACQUISITION_FAILURE_REPORT.md,DUPLICATE,identical_to_C16
C17,SUSPENSION_COVERAGE_REPORT.md,DUPLICATE,identical_to_C16
C17,V17_REGRESSION_AUDIT.md,DUPLICATE,identical_to_C16
C17,FREE_GLOBAL_ENRICHMENT_MASTER_V5_README.md,DUPLICATE,identical_to_C16
C17,PATTERN_DISCOVERY_HYPOTHESES.csv,DUPLICATE,identical_to_C16
C17,V17_SOURCE_AUDIT.md,DUPLICATE,identical_to_C16
C17,V21_REGRESSION_AUDIT.md,DUPLICATE,identical_to_C16
C17,CONMEBOL_STATISTICAL_RESULTS.json,DUPLICATE,identical_to_C16
C17,RUN_FREE_ACQUISITION.ps1,DUPLICATE,identical_to_C16
C17,CLV_REPORT.md,DUPLICATE,identical_to_C16
C17,V15_FINAL_REPORT.md,DUPLICATE,identical_to_C16
C17,WEB_VERIFIED_DATA_SOURCES.md,DUPLICATE,identical_to_C16
C17,CONMEBOL_AUDIT.md,DUPLICATE,identical_to_C16
C17,V23_E2E_REPORT.md,DUPLICATE,identical_to_C16
C17,V14.2_SHA256.txt,DUPLICATE,identical_to_C16
C17,V17_CLV_REPORT.md,DUPLICATE,identical_to_C16
C17,V21_SHA256.txt,DUPLICATE,identical_to_C16
C17,FINAL_GAPS_REPORT.md,DUPLICATE,identical_to_C16
C17,TEMPORAL_INTEGRITY_REPORT_V6.md,DUPLICATE,identical_to_C16
C17,V18_FINAL_REPORT.md,DUPLICATE,identical_to_C16
C17,V24_SECURITY_AUDIT.md,DUPLICATE,identical_to_C16
C17,data.csv,DUPLICATE,identical_to_C16
C17,FINAL_28_QUESTIONS.md,DUPLICATE,identical_to_C16
C17,MASTER_STAFF_README.md,DUPLICATE,identical_to_C16
C17,V21_SECURITY_AUDIT.md,DUPLICATE,identical_to_C16
C17,EXPANSION_EXECUTION_README.md,DUPLICATE,identical_to_C16
C17,V18_MATRIX.md,DUPLICATE,identical_to_C16
C17,V7_PROVENANCE_REPORT.md,DUPLICATE,identical_to_C16
C17,V7_ENRICHMENT_REPORT.md,DUPLICATE,identical_to_C16
C17,V18_PRODUCTION_READINESS.md,DUPLICATE,identical_to_C16
C17,CONMEBOL_SEGMENTS.csv,DUPLICATE,identical_to_C16
C17,ACQUISITION_MANIFEST_V4.csv,DUPLICATE,identical_to_C16
C17,V6_FINAL_STATUS.json,DUPLICATE,identical_to_C16
C17,V12_MANIFEST.txt,DUPLICATE,identical_to_C16
C17,V22_BACKEND_AUDIT.md,DUPLICATE,identical_to_C16
C17,V8_SUSPENSION_REPORT.md,DUPLICATE,identical_to_C16
C17,EMPIRICAL_SOURCE_MANIFEST.md,DUPLICATE,identical_to_C16
C17,ROBO_EMPIRICAL_STATUS.md,DUPLICATE,identical_to_C16
C17,V17_ROBUSTNESS_REPORT.md,DUPLICATE,identical_to_C16
C17,V18_SOURCE_AUDIT.md,DUPLICATE,identical_to_C16
C17,V17_FILE_INVENTORY.txt,DUPLICATE,identical_to_C16
C17,V23_BACKEND_AUDIT.md,DUPLICATE,identical_to_C16
C17,V8_ENRICHMENT_REPORT.md,DUPLICATE,identical_to_C16
C17,V21_TELEGRAM_REPORT.md,DUPLICATE,identical_to_C16
C17,FINAL_REAL_DATA_REPORT.md,DUPLICATE,identical_to_C16
C17,PAID_API_GAP_REPORT_V6.md,DUPLICATE,identical_to_C16
C17,V25_GAPS_REPORT.md,DUPLICATE,identical_to_C16
C17,API_READINESS_MATRIX_V4.csv,DUPLICATE,identical_to_C16
C17,V8_PROVENANCE_REPORT.md,DUPLICATE,identical_to_C16
C17,V16_ROBUSTNESS_REPORT.md,DUPLICATE,identical_to_C16
C17,DATA_GAP_MATRIX_V6.csv,DUPLICATE,identical_to_C16
C17,V8_DATA_GAP_MATRIX.csv,DUPLICATE,identical_to_C16
C17,V20_IMPLEMENTATION_REPORT.md,DUPLICATE,identical_to_C16
C17,V8_PLAYER_REPORT.md,DUPLICATE,identical_to_C16
C17,V18_FINAL_SYSTEM_AUDIT.md,DUPLICATE,identical_to_C16
C17,GLOBAL_ENRICHMENT_STATUS_V4.json,DUPLICATE,identical_to_C16
C17,V13_AUDIT_CONFIRMATION.md,DUPLICATE,identical_to_C16
C17,V22_REPLAY_REPORT.md,DUPLICATE,identical_to_C16
C17,GLOBAL_DATASET_MISSION_README.md,DUPLICATE,identical_to_C16
C17,V16_SOURCE_AUDIT.md,DUPLICATE,identical_to_C16
C17,GLOBAL_ACQUISITION_LOCAL_README.md,DUPLICATE,identical_to_C16
C17,V20_SHA256.txt,DUPLICATE,identical_to_C16
C17,REAL_OBSERVATION_REPORT.md,DUPLICATE,identical_to_C16
C17,PHASE2_EXECUTION_README.md,DUPLICATE,identical_to_C16
C17,FINAL_AI_AUDIT.md,DUPLICATE,identical_to_C16
C17,V19_BACKTEST_REPORT.md,DUPLICATE,identical_to_C16
C17,CONMEBOL_FEATURE_IMPORTANCE.csv,DUPLICATE,identical_to_C16
C17,FINAL_PAPER_SHADOW_AUDIT.md,DUPLICATE,identical_to_C16
C17,V8_WEATHER_REPORT.md,DUPLICATE,identical_to_C16
C17,V7_ACQUISITION_REPORT.md,DUPLICATE,identical_to_C16
C17,CONMEBOL_DATASET_FINAL_REPORT.md,DUPLICATE,identical_to_C16
C17,V18_OOS_REPORT.md,DUPLICATE,identical_to_C16
C17,V14_REAL_VALIDATION.md,DUPLICATE,identical_to_C16
C17,V24_BACKEND_AUDIT.md,DUPLICATE,identical_to_C16
C17,V19_BENCHMARK_REPORT.md,DUPLICATE,identical_to_C16
C17,V8_SOURCE_COVERAGE.csv,DUPLICATE,identical_to_C16
C17,FINAL_LIVE_AUDIT.md,DUPLICATE,identical_to_C16
C17,ROBO_BEHAVIOR_REPORT.md,DUPLICATE,identical_to_C16
C17,ROBO_DA_BET_MASTER_RESEARCH_REPORT.md,DUPLICATE,identical_to_C16
C17,V18_DATA_ACQUISITION_REPORT.md,DUPLICATE,identical_to_C16
C17,V18_DATA_SNOOPING_AUDIT.md,DUPLICATE,identical_to_C16
C17,PATTERN_DISCOVERY_GLOBAL_REPORT.md,DUPLICATE,identical_to_C16
C17,V25_E2E_REPORT.md,DUPLICATE,identical_to_C16
C17,PATTERN_DISCOVERY_MULTIPLE_TESTING.csv,DUPLICATE,identical_to_C16
C17,CONMEBOL_TOP_TESTED_PATTERNS.csv,DUPLICATE,identical_to_C16
C17,V8_LOCAL_MATERIALIZATION_SUMMARY.json,DUPLICATE,identical_to_C16
C17,V25_DATA_AUDIT.md,DUPLICATE,identical_to_C16
C17,V24_SHA256.txt,DUPLICATE,identical_to_C16
C17,V21_FINAL_REPORT.md,DUPLICATE,identical_to_C16
C17,V7_SOURCE_COVERAGE.csv,DUPLICATE,identical_to_C16
C17,V24_DATA_AUDIT.md,DUPLICATE,identical_to_C16
C17,RUN_FREE_ACQUISITION.bat,DUPLICATE,identical_to_C16
C17,V24_LIVE_AUDIT.md,DUPLICATE,identical_to_C16
C17,DATA_GAP_MASTER.csv,DUPLICATE,identical_to_C16
C17,V20_FINAL_SYSTEM_AUDIT.md,DUPLICATE,identical_to_C16
C17,FEATURE_ABLATION_REPORT.md,DUPLICATE,identical_to_C16
C17,ARTIFACT_INTEGRITY_REPORT.md,DUPLICATE,identical_to_C16
C17,GLOBAL_ENRICHMENT_STATUS_V3.json,DUPLICATE,identical_to_C16
C17,GLOBAL_DATASET_V6_COUNTS.json,DUPLICATE,identical_to_C16
C17,V6_SECURITY_SCAN.txt,DUPLICATE,identical_to_C16
C17,V14_DATA_ACQUISITION.md,DUPLICATE,identical_to_C16
C17,CONMEBOL_DATA_DICTIONARY.md,DUPLICATE,identical_to_C16
C17,V8_PIT_REPORT.md,DUPLICATE,identical_to_C16
C17,V22_SECURITY_AUDIT.md,DUPLICATE,identical_to_C16
C17,V17_EXPERIMENTS_REPORT.md,DUPLICATE,identical_to_C16
C17,API_READINESS_MATRIX.csv,DUPLICATE,identical_to_C16
C17,V23_REDIS_AUDIT.md,DUPLICATE,identical_to_C16
C17,SOURCE_ACQUISITION_REPORT.md,DUPLICATE,identical_to_C16
C17,V20_FINAL_REPORT.md,DUPLICATE,identical_to_C16
C17,V25_RELEASE_NOTES.md,DUPLICATE,identical_to_C16
C17,MASTER_STAFF_FINAL_REPORT.md,DUPLICATE,identical_to_C16
C17,CONMEBOL_INTERNAL_SHA256SUMS.txt,DUPLICATE,identical_to_C16
C17,V22_QUANTITATIVE_AUDIT.md,DUPLICATE,identical_to_C16
C17,V16_MATRIX.md,DUPLICATE,identical_to_C16
C17,tests/test_global_intelligence.py,DUPLICATE,identical_to_C16
C17,tests/test_market_catalog.py,DUPLICATE,identical_to_C16
C17,tests/test_v20_decision.py,DUPLICATE,identical_to_C16
C17,tests/test_v18_hardening.py,DUPLICATE,identical_to_C16
C17,tests/test_v13_quant.py,DUPLICATE,identical_to_C16
C17,tests/test_engine.py,DUPLICATE,identical_to_C16
C17,tests/test_local_acquisition_worker.py,DUPLICATE,identical_to_C16
C17,tests/test_v20_live.py,DUPLICATE,identical_to_C16
C17,tests/test_v16_empirical.py,DUPLICATE,identical_to_C16
C17,tests/test_v14_data.py,DUPLICATE,identical_to_C16
C17,tests/test_v15_hardening.py,DUPLICATE,identical_to_C16
C17,tests/test_free_data_enrichment.py,DUPLICATE,identical_to_C16
C17,tests/test_v11_rules.py,DUPLICATE,identical_to_C16
C17,tests/test_v19_pricing.py,DUPLICATE,identical_to_C16
C17,tests/test_v19_api.py,DUPLICATE,identical_to_C16
C17,tests/test_v20_api.py,DUPLICATE,identical_to_C16
C17,tests/test_quant_v12.py,DUPLICATE,identical_to_C16
C17,tests/test_intelligence_pipeline.py,DUPLICATE,identical_to_C16
C17,tests/test_v20_position.py,DUPLICATE,identical_to_C16
C17,tests/test_v20_ledger.py,DUPLICATE,identical_to_C16
C17,reports/FINAL_DELIVERY_SUMMARY.md,DUPLICATE,identical_to_C16
C17,reports/FINAL_PYTEST.txt,DUPLICATE,identical_to_C16
C17,reports/FINAL_SELF_TEST.txt,DUPLICATE,identical_to_C16
C17,reports/FINAL_SCIENTIFIC_STATUS.md,DUPLICATE,identical_to_C16
C17,reports/EXPANSION_VALIDATION.json,DUPLICATE,identical_to_C16
C17,reports/EXPANSION_REAL_DATA_QUALITY.json,DUPLICATE,identical_to_C16
C17,reports/EXPANSION_SELF_TEST.txt,DUPLICATE,identical_to_C16
C17,reports/EXPANSION_PYTEST.txt,DUPLICATE,identical_to_C16
C17,reports/EXPANSION_FINAL_COUNTS.json,DUPLICATE,identical_to_C16
C17,reports/EXPANSION_EMPIRICAL_DATA_REPORT.md,DUPLICATE,identical_to_C16
C17,frontend/package.json,DUPLICATE,identical_to_C16
C17,frontend/index.html,DUPLICATE,identical_to_C16
C17,frontend/Dockerfile,DUPLICATE,identical_to_C16
C17,manifests/ACQUISITION_MANIFEST_EXPANSION.json,DUPLICATE,identical_to_C16
C17,scripts/run_phase2_empirical.py,DUPLICATE,identical_to_C16
C17,scripts/V8_local_gap_closure.py,DUPLICATE,identical_to_C16
C17,scripts/run_observation.py,DUPLICATE,identical_to_C16
C17,scripts/run_mass_data_expansion.py,DUPLICATE,identical_to_C16
C17,scripts/run_global_research.py,DUPLICATE,identical_to_C16
C17,scripts/finalize_master_staff.py,DUPLICATE,identical_to_C16
C17,scripts/validate_context_intelligence.py,DUPLICATE,identical_to_C16
C17,scripts/run_context_intelligence.py,DUPLICATE,identical_to_C16
C17,scripts/run_master_staff_value_pricing.py,DUPLICATE,identical_to_C16
C17,scripts/research_real_data_pilot.py,DUPLICATE,identical_to_C16
C17,scripts/self_test.py,DUPLICATE,identical_to_C16
C17,scripts/acquire_datahub_epl.py,DUPLICATE,identical_to_C16
C17,scripts/run_global_intelligence.py,DUPLICATE,identical_to_C16
C17,scripts/master_staff_final_audit.py,DUPLICATE,identical_to_C16
C17,scripts/run_context_transfer_research.py,DUPLICATE,identical_to_C16
C17,scripts/run_real_day_prematch_pilot.py,DUPLICATE,identical_to_C16
C17,scripts/run_master_staff.py,DUPLICATE,identical_to_C16
C17,scripts/run_post_match_coverage_audit.py,DUPLICATE,identical_to_C16
C17,scripts/run_context_transfer_specialist.py,DUPLICATE,identical_to_C16
C17,scripts/run_phase3_research.py,DUPLICATE,identical_to_C16
C17,scripts/master_staff_validation.py,DUPLICATE,identical_to_C16
C17,backend/Dockerfile,DUPLICATE,identical_to_C16
C17,backend/pom.xml,DUPLICATE,identical_to_C16
C17,config/data_acquisition_local.json,DUPLICATE,identical_to_C16
C17,config/free_source_registry.json,DUPLICATE,identical_to_C16
C17,config/free_source_registry_v3.json,DUPLICATE,identical_to_C16
C17,config/free_source_registry_v6.json,DUPLICATE,identical_to_C16
C17,config/free_source_registry_v5.json,DUPLICATE,identical_to_C16
C17,config/free_source_registry_v4.json,DUPLICATE,identical_to_C16
C17,config/provider_budget.json,DUPLICATE,identical_to_C16
C17,config/provider_budget_v3.json,DUPLICATE,identical_to_C16
C17,ml/Dockerfile,DUPLICATE,identical_to_C16
C17,ml/requirements.txt,DUPLICATE,identical_to_C16
C17,docs/RELEASE_V25.md,DUPLICATE,identical_to_C16
C17,docs/RELEASE_V16.md,DUPLICATE,identical_to_C16
C17,docs/RELEASE_V20.md,DUPLICATE,identical_to_C16
C17,docs/RELEASE_V19.md,DUPLICATE,identical_to_C16
C17,docs/V13_FINAL_REPORT.md,DUPLICATE,identical_to_C16
C17,docs/V12_TRAINING.md,DUPLICATE,identical_to_C16
C17,docs/RELEASE_V24.md,DUPLICATE,identical_to_C16
C17,docs/RELEASE_V23.md,DUPLICATE,identical_to_C16
C17,docs/V12_QUANT_AUDIT.md,DUPLICATE,identical_to_C16
C17,docs/RELEASE_V22.md,DUPLICATE,identical_to_C16
C17,docs/RELEASE_V18.md,DUPLICATE,identical_to_C16
C17,docs/RELEASE.md,DUPLICATE,identical_to_C16
C17,docs/V13_QUANT_RESEARCH.md,DUPLICATE,identical_to_C16
C17,docs/V10_TO_V11_AUDIT.md,DUPLICATE,identical_to_C16
C17,docs/RELEASE_V15.md,DUPLICATE,identical_to_C16
C17,docs/RELEASE_V17.md,DUPLICATE,identical_to_C16
C17,docs/VALIDATION.md,DUPLICATE,identical_to_C16
C17,docs/RELEASE_V21.md,DUPLICATE,identical_to_C16
C17,artifacts/phase2_real_research_results.xlsx,DUPLICATE,identical_to_C16
C17,artifacts/paper_trading/observation_status.json,DUPLICATE,identical_to_C16
C17,artifacts/paper_trading/v21_research.jsonl,DISCARDED,conflict_resolved_in_favor_of_C18
C17,artifacts/paper_trading/v21_event_ledger.jsonl,DISCARDED,conflict_resolved_in_favor_of_C18
C17,artifacts/v16/odds_gate_audit.json,DUPLICATE,identical_to_C16
C17,artifacts/v16/benchmark.json,DUPLICATE,identical_to_C16
C17,docs/v16/V16_EXECUTION_STATUS.md,DUPLICATE,identical_to_C16
C17,docs/v16/V16_EXECUTIVE_EXECUTION_REPORT.md,DUPLICATE,identical_to_C16
C17,docs/superpowers/specs/2026-08-24-robo-v16-cycle2-intelligence-design.md,DUPLICATE,identical_to_C16
C17,docs/superpowers/plans/2026-08-24-robo-v16-cycle2-intelligence-plan.md,DUPLICATE,identical_to_C16
C17,ml/app/backtest.py,DUPLICATE,identical_to_C16
C17,ml/app/data_quality.py,DUPLICATE,identical_to_C16
C17,ml/app/schemas.py,DUPLICATE,identical_to_C16
C17,ml/app/selection.py,DUPLICATE,identical_to_C16
C17,ml/app/ledger.py,DUPLICATE,identical_to_C16
C17,ml/app/intelligence_evidence.py,DUPLICATE,identical_to_C16
C17,ml/app/leakage.py,DUPLICATE,identical_to_C16
C17,ml/app/holdout_lock.py,DUPLICATE,identical_to_C16
C17,ml/app/backtest_engine.py,DUPLICATE,identical_to_C16
C17,ml/app/market.py,DUPLICATE,identical_to_C16
C17,ml/app/telegram.py,DUPLICATE,identical_to_C16
C17,ml/app/context.py,DUPLICATE,identical_to_C16
C17,ml/app/risk.py,DUPLICATE,identical_to_C16
C17,ml/app/consensus.py,DUPLICATE,identical_to_C16
C17,ml/app/statistical_tests.py,DUPLICATE,identical_to_C16
C17,ml/app/temporal.py,DUPLICATE,identical_to_C16
C17,ml/app/db.py,DUPLICATE,identical_to_C16
C17,ml/app/uncertainty.py,DUPLICATE,identical_to_C16
C17,ml/app/selection_rank.py,DUPLICATE,identical_to_C16
C17,ml/app/league_gate.py,DUPLICATE,identical_to_C16
C17,ml/app/config.py,DUPLICATE,identical_to_C16
C17,ml/app/decision_replay.py,DUPLICATE,identical_to_C16
C17,ml/app/layer_training.py,DUPLICATE,identical_to_C16
C17,ml/app/features.py,DUPLICATE,identical_to_C16
C17,ml/app/main.py,DUPLICATE,identical_to_C16
C17,ml/app/models.py,DUPLICATE,identical_to_C16
C17,ml/app/strategy_discovery.py,DUPLICATE,identical_to_C16
C17,ml/app/math_models.py,DUPLICATE,identical_to_C16
C17,ml/app/live.py,DUPLICATE,identical_to_C16
C17,ml/app/api.py,DUPLICATE,identical_to_C16
C17,ml/app/__init__.py,DUPLICATE,identical_to_C16
C17,ml/app/lineage.py,DUPLICATE,identical_to_C16
C17,ml/scripts/run_cycle2.py,DUPLICATE,identical_to_C16
C17,ml/scripts/train.py,DUPLICATE,identical_to_C16
C17,ml/scripts/run_conmebol_phase.py,DUPLICATE,identical_to_C16
C17,ml/scripts/run_cycle3_walkforward.py,DUPLICATE,identical_to_C16
C17,ml/scripts/research_backtest.py,DUPLICATE,identical_to_C16
C17,ml/scripts/run_v24_observation.py,DUPLICATE,identical_to_C16
C17,ml/scripts/run_self_test.py,DUPLICATE,identical_to_C16
C17,ml/scripts/promote.py,DUPLICATE,identical_to_C16
C17,ml/scripts/acquire_football_data.py,DUPLICATE,identical_to_C16
C17,ml/scripts/decision_replay.py,DUPLICATE,identical_to_C16
C17,ml/scripts/check_leagues.py,DUPLICATE,identical_to_C16
C17,ml/scripts/expand_real_datasets.py,DUPLICATE,identical_to_C16
C17,ml/scripts/run_v25_observation.py,DUPLICATE,identical_to_C16
C17,ml/scripts/run_v16_research.py,DUPLICATE,identical_to_C16
C17,ml/scripts/run_v23_paper.py,DUPLICATE,identical_to_C16
C17,ml/scripts/run_cycle3.py,DUPLICATE,identical_to_C16
C17,ml/app/pit_store/pit.py,DUPLICATE,identical_to_C16
C17,ml/app/pit_store/__init__.py,DUPLICATE,identical_to_C16
C17,ml/app/adapters/global_football.py,DUPLICATE,identical_to_C16
C17,ml/app/adapters/weather.py,DUPLICATE,identical_to_C16
C17,ml/app/adapters/the_stats_api.py,DUPLICATE,identical_to_C16
C17,ml/app/adapters/betfair.py,DUPLICATE,identical_to_C16
C17,ml/app/adapters/statsbomb.py,DUPLICATE,identical_to_C16
C17,ml/app/adapters/odds.py,DUPLICATE,identical_to_C16
C17,ml/app/adapters/espn.py,DUPLICATE,identical_to_C16
C17,ml/app/adapters/card_data.py,DUPLICATE,identical_to_C16
C17,ml/app/adapters/api_football.py,DUPLICATE,identical_to_C16
C17,ml/app/adapters/base.py,DUPLICATE,identical_to_C16
C17,ml/app/adapters/football_data.py,DUPLICATE,identical_to_C16
C17,ml/app/v24/replay.py,DUPLICATE,identical_to_C16
C17,ml/app/v24/baseline.py,DUPLICATE,identical_to_C16
C17,ml/app/v24/quality.py,DUPLICATE,identical_to_C16
C17,ml/app/v24/dataset.py,DUPLICATE,identical_to_C16
C17,ml/app/v24/analytics.py,DUPLICATE,identical_to_C16
C17,ml/app/v24/session.py,DUPLICATE,identical_to_C16
C17,ml/app/v24/hashchain.py,DUPLICATE,identical_to_C16
C17,ml/app/v24/live.py,DUPLICATE,identical_to_C16
C17,ml/app/v24/api.py,DUPLICATE,identical_to_C16
C17,ml/app/v24/__init__.py,DUPLICATE,identical_to_C16
C17,ml/app/conmebol/pipeline.py,DUPLICATE,identical_to_C16
C17,ml/app/conmebol/__init__.py,DUPLICATE,identical_to_C16
C17,ml/app/v20/service.py,DUPLICATE,identical_to_C16
C17,ml/app/v20/selection.py,DUPLICATE,identical_to_C16
C17,ml/app/v20/ledger.py,DUPLICATE,identical_to_C16
C17,ml/app/v20/notifications.py,DUPLICATE,identical_to_C16
C17,ml/app/v20/risk.py,DUPLICATE,identical_to_C16
C17,ml/app/v20/reporting.py,DUPLICATE,identical_to_C16
C17,ml/app/v20/live_engine.py,DUPLICATE,identical_to_C16
C17,ml/app/v20/stake.py,DUPLICATE,identical_to_C16
C17,ml/app/v20/position.py,DUPLICATE,identical_to_C16
C17,ml/app/v20/__init__.py,DUPLICATE,identical_to_C16
C17,ml/app/v21/research.py,DUPLICATE,identical_to_C16
C17,ml/app/v21/service.py,DUPLICATE,identical_to_C16
C17,ml/app/v21/ledger.py,DUPLICATE,identical_to_C16
C17,ml/app/v21/notifications.py,DUPLICATE,identical_to_C16
C17,ml/app/v21/decision_trace.py,DUPLICATE,identical_to_C16
C17,ml/app/v21/realtime.py,DUPLICATE,identical_to_C16
C17,ml/app/v21/quality.py,DUPLICATE,identical_to_C16
C17,ml/app/v21/controls.py,DUPLICATE,identical_to_C16
C17,ml/app/v21/live_monitor.py,DUPLICATE,identical_to_C16
C17,ml/app/v21/__init__.py,DUPLICATE,identical_to_C16
C17,ml/app/v16/decision_dataset.py,DUPLICATE,identical_to_C16
C17,ml/app/v16/decision_replay.py,DUPLICATE,identical_to_C16
C17,ml/app/v16/odds_verification.py,DUPLICATE,identical_to_C16
C17,ml/app/v16/experiment_registry.py,DUPLICATE,identical_to_C16
C17,ml/app/v19/validation.py,DUPLICATE,identical_to_C16
C17,ml/app/v19/settlement.py,DUPLICATE,identical_to_C16
C17,ml/app/v19/pricing.py,DUPLICATE,identical_to_C16
C17,ml/app/v19/market_intelligence.py,DUPLICATE,identical_to_C16
C17,ml/app/v19/price_movement.py,DUPLICATE,identical_to_C16
C17,ml/app/v19/paper.py,DUPLICATE,identical_to_C16
C17,ml/app/v19/confidence.py,DUPLICATE,identical_to_C16
C17,ml/app/v19/__init__.py,DUPLICATE,identical_to_C16
C17,ml/app/v19/engine.py,DUPLICATE,identical_to_C16
C17,ml/app/mlops/drift.py,DUPLICATE,identical_to_C16
C17,ml/app/mlops/champion_challenger.py,DUPLICATE,identical_to_C16
C17,ml/app/mlops/registry.py,DUPLICATE,identical_to_C16
C17,ml/app/v22/replay.py,DUPLICATE,identical_to_C16
C17,ml/app/v22/observability.py,DUPLICATE,identical_to_C16
C17,ml/app/v22/manager.py,DUPLICATE,identical_to_C16
C17,ml/app/v22/position.py,DUPLICATE,identical_to_C16
C17,ml/app/v22/persistence.py,DUPLICATE,identical_to_C16
C17,ml/app/v22/dataset.py,DUPLICATE,identical_to_C16
C17,ml/app/v22/providers.py,DUPLICATE,identical_to_C16
C17,ml/app/v22/__init__.py,DUPLICATE,identical_to_C16
C17,ml/app/v22/api_ext.py,DUPLICATE,identical_to_C16
C17,ml/app/intelligence/pipeline.py,DUPLICATE,identical_to_C16
C17,ml/app/intelligence/market_catalog.py,DUPLICATE,identical_to_C16
C17,ml/app/intelligence/pricing.py,DUPLICATE,identical_to_C16
C17,ml/app/intelligence/coverage.py,DUPLICATE,identical_to_C16
C17,ml/app/intelligence/live.py,DUPLICATE,identical_to_C16
C17,ml/app/intelligence/__init__.py,DUPLICATE,identical_to_C16
C17,ml/app/v17/acquisition.py,DUPLICATE,identical_to_C16
C17,ml/app/v17/system_validation.py,DUPLICATE,identical_to_C16
C17,ml/app/v17/__init__.py,DUPLICATE,identical_to_C16
C17,ml/app/v25/policy.py,DUPLICATE,identical_to_C16
C17,ml/app/v25/cards.py,DUPLICATE,identical_to_C16
C17,ml/app/v25/price_discovery.py,DUPLICATE,identical_to_C16
C17,ml/app/v25/notifications.py,DUPLICATE,identical_to_C16
C17,ml/app/v25/settlement.py,DUPLICATE,identical_to_C16
C17,ml/app/v25/watchlist.py,DUPLICATE,identical_to_C16
C17,ml/app/v25/replay.py,DUPLICATE,identical_to_C16
C17,ml/app/v25/observability.py,DUPLICATE,identical_to_C16
C17,ml/app/v25/market_expression.py,DUPLICATE,identical_to_C16
C17,ml/app/v25/position.py,DUPLICATE,identical_to_C16
C17,ml/app/v25/persistence.py,DUPLICATE,identical_to_C16
C17,ml/app/v25/dataset.py,DUPLICATE,identical_to_C16
C17,ml/app/v25/analytics.py,DUPLICATE,identical_to_C16
C17,ml/app/v25/session.py,DUPLICATE,identical_to_C16
C17,ml/app/v25/live.py,DUPLICATE,identical_to_C16
C17,ml/app/v25/api.py,DUPLICATE,identical_to_C16
C17,ml/app/v25/providers.py,DUPLICATE,identical_to_C16
C17,ml/app/v25/__init__.py,DUPLICATE,identical_to_C16
C17,ml/app/master_staff/round_analyzer.py,DUPLICATE,identical_to_C16
C17,ml/app/master_staff/round_engine.py,DUPLICATE,identical_to_C16
C17,ml/app/master_staff/context_engine.py,DUPLICATE,identical_to_C16
C17,ml/app/master_staff/source_conflict.py,DUPLICATE,identical_to_C16
C17,ml/app/master_staff/context_transfer_spec.md,DUPLICATE,identical_to_C16
C17,ml/app/master_staff/value_pricing.py,DUPLICATE,identical_to_C16
C17,ml/app/master_staff/context_transfer.py,DUPLICATE,identical_to_C16
C17,ml/app/master_staff/__init__.py,DUPLICATE,identical_to_C16
C17,ml/app/master_staff/engine.py,DUPLICATE,identical_to_C16
C17,ml/app/research/data_sources.py,DUPLICATE,identical_to_C16
C17,ml/app/research/data_quality.py,DUPLICATE,identical_to_C16
C17,ml/app/research/cycle3.py,DUPLICATE,identical_to_C16
C17,ml/app/research/validation.py,DUPLICATE,identical_to_C16
C17,ml/app/research/pipeline.py,DUPLICATE,identical_to_C16
C17,ml/app/research/datasets.py,DUPLICATE,identical_to_C16
C17,ml/app/research/paper_trading.py,DUPLICATE,identical_to_C16
C17,ml/app/research/cycle2.py,DUPLICATE,identical_to_C16
C17,ml/app/research/market.py,DUPLICATE,identical_to_C16
C17,ml/app/research/odds.py,DUPLICATE,identical_to_C16
C17,ml/app/research/market_efficiency.py,DUPLICATE,identical_to_C16
C17,ml/app/research/metrics.py,DUPLICATE,identical_to_C16
C17,ml/app/research/reproducibility.py,DUPLICATE,identical_to_C16
C17,ml/app/research/replay.py,DUPLICATE,identical_to_C16
C17,ml/app/research/raw.py,DUPLICATE,identical_to_C16
C17,ml/app/research/robustness_v16.py,DUPLICATE,identical_to_C16
C17,ml/app/research/data_quality_v14.py,DUPLICATE,identical_to_C16
C17,ml/app/research/source_audit_v16.py,DUPLICATE,identical_to_C16
C17,ml/app/research/statistics.py,DUPLICATE,identical_to_C16
C17,ml/app/research/acquisition.py,DUPLICATE,identical_to_C16
C17,ml/app/research/holdout.py,DUPLICATE,identical_to_C16
C17,ml/app/research/empirical.py,DUPLICATE,identical_to_C16
C17,ml/app/research/features.py,DUPLICATE,identical_to_C16
C17,ml/app/research/data_quality_v16.py,DUPLICATE,identical_to_C16
C17,ml/app/research/calibration.py,DUPLICATE,identical_to_C16
C17,ml/app/research/experiment.py,DUPLICATE,identical_to_C16
C17,ml/app/research/baselines.py,DUPLICATE,identical_to_C16
C17,ml/app/research/__init__.py,DUPLICATE,identical_to_C16
C17,ml/app/research/global_expansion.py,DUPLICATE,identical_to_C16
C17,ml/app/v18/acquisition.py,DUPLICATE,identical_to_C16
C17,ml/app/v18/guards.py,DUPLICATE,identical_to_C16
C17,ml/app/v18/system_validation.py,DUPLICATE,identical_to_C16
C17,ml/app/v18/__init__.py,DUPLICATE,identical_to_C16
C17,ml/app/v18/lineage.py,DUPLICATE,identical_to_C16
C17,ml/app/ingestion/raw_store.py,DUPLICATE,identical_to_C16
C17,ml/app/ingestion/schema.py,DUPLICATE,identical_to_C16
C17,ml/app/ingestion/__init__.py,DUPLICATE,identical_to_C16
C17,ml/app/research/cycle4/audit.py,DUPLICATE,identical_to_C16
C17,ml/app/research/cycle4/clv.py,DUPLICATE,identical_to_C16
C17,ml/app/research/cycle4/settlement.py,DUPLICATE,identical_to_C16
C17,ml/app/research/cycle4/run_cycle4.py,DUPLICATE,identical_to_C16
C17,ml/app/research/cycle4/pit.py,DUPLICATE,identical_to_C16
C17,ml/app/research/cycle4/__init__.py,DUPLICATE,identical_to_C16
C17,ml/app/research/cycle17/h005.py,KEPT,selected_origin
C17,ml/app/research/cycle17/exact_pit.py,KEPT,selected_origin
C17,ml/app/research/cycle17/acquisition.py,KEPT,selected_origin
C17,ml/app/research/cycle17/__init__.py,KEPT,selected_origin
C17,ml/reports/cycle4/PIT_STATUS.json,DUPLICATE,identical_to_C16
C17,ml/reports/cycle4/CYCLE4_MANIFEST.json,DUPLICATE,identical_to_C16
C17,ml/reports/cycle4/CYCLE4_EXECUTIVE_REPORT.md,DUPLICATE,identical_to_C16
C17,ml/reports/cycle4/SOURCE_AUDIT.json,DUPLICATE,identical_to_C16
C17,backend/src/main/java/com/robobet/security/ApiKeyFilter.java,DUPLICATE,identical_to_C16
C17,backend/src/main/java/com/robobet/api/ApiController.java,DUPLICATE,identical_to_C16
C17,backend/src/main/java/com/robobet/api/RoboBetApplication.java,DUPLICATE,identical_to_C16
C17,scripts/v5/run_v5_discovery.py,DUPLICATE,identical_to_C16
C17,scripts/global/free_source_audit.py,DUPLICATE,identical_to_C16
C17,scripts/global/validate_global_dataset.py,DUPLICATE,identical_to_C16
C17,scripts/global/run_free_global_enrichment_v4.py,DUPLICATE,identical_to_C16
C17,scripts/global/run_free_data_enrichment.py,DUPLICATE,identical_to_C16
C17,scripts/global/run_free_global_enrichment_v3.py,DUPLICATE,identical_to_C16
C17,scripts/global/verify_snapshot_integrity.py,DUPLICATE,identical_to_C16
C17,scripts/global/run_master_staff_global_enrichment.py,DUPLICATE,identical_to_C16
C17,scripts/global/data_acquisition_worker.py,DUPLICATE,identical_to_C16
C17,scripts/global/run_global_dataset_mission.py,DUPLICATE,identical_to_C16
C17,scripts/global/run_global_dataset_enrichment.py,DUPLICATE,identical_to_C16
C17,scripts/global/local_materializer.py,DUPLICATE,identical_to_C16
C17,scripts/global/source_state.py,DUPLICATE,identical_to_C16
C17,scripts/global/DATA_ACQUISITION_WORKER_README.md,DUPLICATE,identical_to_C16
C17,scripts/global/run_free_global_enrichment_v6.py,DUPLICATE,identical_to_C16
C17,scripts/global/build_global_coverage.py,DUPLICATE,identical_to_C16
C17,scripts/global/finalize_free_data_enrichment_v2.py,DUPLICATE,identical_to_C16
C17,scripts/v19/acquire_real_data.py,DUPLICATE,identical_to_C16
C17,scripts/v19/security_scan.py,DUPLICATE,identical_to_C16
C17,scripts/v19/run_full_validation.py,DUPLICATE,identical_to_C16
C17,scripts/v17/acquire_real_data.py,DUPLICATE,identical_to_C16
C17,scripts/v17/run_research.py,DUPLICATE,identical_to_C16
C17,scripts/v17/run_full_validation.py,DUPLICATE,identical_to_C16
C17,scripts/cycle17/run_cycle17.py,KEPT,selected_origin
C17,scripts/master_staff/run_global_prematch_intelligence_v2.py,DUPLICATE,identical_to_C16
C17,scripts/v18/acquire_real_data.py,DUPLICATE,identical_to_C16
C17,scripts/v18/run_research.py,DUPLICATE,identical_to_C16
C17,scripts/v18/run_full_validation.py,DUPLICATE,identical_to_C16
C17,scripts/global/providers/footballcsv_squads.py,DUPLICATE,identical_to_C16
C17,scripts/global/providers/open_meteo.py,DUPLICATE,identical_to_C16
C17,scripts/global/providers/http_provider.py,DUPLICATE,identical_to_C16
C17,scripts/global/providers/registry.py,DUPLICATE,identical_to_C16
C17,scripts/global/providers/api_football.py,DUPLICATE,identical_to_C16
C17,scripts/global/providers/provider_base.py,DUPLICATE,identical_to_C16
C17,scripts/global/providers/statsbomb_open.py,DUPLICATE,identical_to_C16
C17,scripts/v5/providers/core.py,DUPLICATE,identical_to_C16
C17,scripts/v5/providers/__init__.py,DUPLICATE,identical_to_C16
C17,frontend/test/v25.test.mjs,DUPLICATE,identical_to_C16
C17,frontend/src/main.jsx,DUPLICATE,identical_to_C16
C17,frontend/src/style.css,DUPLICATE,identical_to_C16
C17,db/migrations/004_v14_data_acquisition.sql,DUPLICATE,identical_to_C16
C17,db/migrations/006_v23_empirical.sql,DUPLICATE,identical_to_C16
C17,db/migrations/001_core.sql,DUPLICATE,identical_to_C16
C17,db/migrations/009_v25_dataset_primary.sql,DUPLICATE,identical_to_C16
C17,db/migrations/003_v13_quant_research.sql,DUPLICATE,identical_to_C16
C17,db/migrations/002_quant.sql,DUPLICATE,identical_to_C16
C17,db/migrations/008_v25_consolidation.sql,DUPLICATE,identical_to_C16
C17,db/migrations/005_v22_realtime.sql,DUPLICATE,identical_to_C16
C17,db/migrations/007_v24_production.sql,DUPLICATE,identical_to_C16
C17,db/migrations/011_card_markets.sql,DUPLICATE,identical_to_C16
C17,db/migrations/010_v25_observation_snapshots.sql,DUPLICATE,identical_to_C16
C17,data/canonical/football_historical_real_canonical.csv,DUPLICATE,identical_to_C16
C17,data/canonical/football_historical_real_provenance.csv,DUPLICATE,identical_to_C16
C17,data/canonical/CANONICAL_RESEARCH_SCHEMA.md,DUPLICATE,identical_to_C16
C17,data/canonical/SHA256SUMS.txt,DUPLICATE,identical_to_C16
C17,data/raw/conmebol_sudamericana_2024.txt,DUPLICATE,identical_to_C16
C17,data/raw/football_data_e1_2425.csv,DUPLICATE,identical_to_C16
C17,data/raw/conmebol_sudamericana_2022.txt,DUPLICATE,identical_to_C16
C17,data/raw/openfootball_germany_bundesliga_2526.txt,DUPLICATE,identical_to_C16
C17,data/raw/openfootball_italy_seriea_2526.txt,DUPLICATE,identical_to_C16
C17,data/raw/libertadores_brazilian_soccer_data.csv,DUPLICATE,identical_to_C16
C17,data/raw/epl_2025_2026_web_verified_pilot.csv,DUPLICATE,identical_to_C16
C17,data/raw/conmebol_sudamericana_2025.txt,DUPLICATE,identical_to_C16
C17,data/raw/football_data_e0_2425.csv,DUPLICATE,identical_to_C16
C17,data/raw/epl_2021_2022_football_data_real.csv,DUPLICATE,identical_to_C16
C17,data/raw/bundesliga_2022_2023_football_data_real.csv,DUPLICATE,identical_to_C16
C17,data/raw/conmebol_sudamericana_2020.txt,DUPLICATE,identical_to_C16
C17,data/raw/football_data_e3_2425.csv,DUPLICATE,identical_to_C16
C17,data/raw/epl_2022_2023_football_data_real.csv,DUPLICATE,identical_to_C16
C17,data/raw/bundesliga_2021_2022_football_data_real.csv,DUPLICATE,identical_to_C16
C17,data/raw/epl_2526_github_real.csv,DUPLICATE,identical_to_C16
C17,data/raw/openfootball_england_championship_2526.txt,DUPLICATE,identical_to_C16
C17,data/raw/conmebol_sudamericana_2023.txt,DUPLICATE,identical_to_C16
C17,data/raw/epl_2020_2021_football_data_real.csv,DUPLICATE,identical_to_C16
C17,data/raw/conmebol_sudamericana_2021.txt,DUPLICATE,identical_to_C16
C17,data/raw/round_2026-08-20_web_verified.json,DUPLICATE,identical_to_C16
C17,data/raw/epl_2324_real_pilot.csv,DUPLICATE,identical_to_C16
C17,data/raw/football_data_e2_2425.csv,DUPLICATE,identical_to_C16
C17,data/real_day_prematch/REAL_DAY_FEATURES.csv,DUPLICATE,identical_to_C16
C17,data/real_day_prematch/REAL_DAY_DATA_QUALITY.csv,DUPLICATE,identical_to_C16
C17,data/real_day_prematch/REAL_DAY_MARKET_ANALYSIS.csv,DUPLICATE,identical_to_C16
C17,data/real_day_prematch/REAL_DAY_PREMATCH_SNAPSHOT.json,DUPLICATE,identical_to_C16
C17,data/real_day_prematch/REAL_DAY_PROVENANCE.json,DUPLICATE,identical_to_C16
C17,data/schemas/LIVE_SNAPSHOT_SCHEMA.md,DUPLICATE,identical_to_C16
C17,data/schemas/EXPANSION_SCHEMAS.json,DUPLICATE,identical_to_C16
C17,data/registry/GLOBAL_ROUTE_COVERAGE.csv,DUPLICATE,identical_to_C16
C17,data/model/phase3_temporal_features.csv,DUPLICATE,identical_to_C16
C17,data/model/global_competition_coverage.csv,DUPLICATE,identical_to_C16
C17,data/model/phase3_research_candidates_top20.csv,DUPLICATE,identical_to_C16
C17,data/model/global_football_coverage_matrix.csv,DUPLICATE,identical_to_C16
C17,data/model/phase2_real_features.csv,DUPLICATE,identical_to_C16
C17,data/model/phase3_corner_temporal_features.csv,DUPLICATE,identical_to_C16
C17,data/model/phase3_rejected_signals_top20.csv,DUPLICATE,identical_to_C16
C17,data/model/global_research_candidates.csv,DUPLICATE,identical_to_C16
C17,data/model/phase3_coverage_matrix.csv,DUPLICATE,identical_to_C16
C17,data/model/phase2_card_predictions.csv,DUPLICATE,identical_to_C16
C17,data/model/phase3_data_gaps_top20.csv,DUPLICATE,identical_to_C16
C17,data/model/global_real_materialized_coverage.csv,DUPLICATE,identical_to_C16
C17,data/model/phase3_card_predictions.csv,DUPLICATE,identical_to_C16
C17,data/manifests/MASS_EXPANSION_STATE.json,DUPLICATE,identical_to_C16
C17,data/manifests/V18_ACQUISITION_ATTEMPTS.json,DUPLICATE,identical_to_C16
C17,data/manifests/ACQUISITION_MANIFEST_FINAL.json,DUPLICATE,identical_to_C16
C17,data/manifests/GLOBAL_ACQUISITION_ATTEMPTS.csv,DUPLICATE,identical_to_C16
C17,data/manifests/MASS_EXPANSION_ACQUISITION.csv,DUPLICATE,identical_to_C16
C17,data/manifests/DATAHUB_EPL_ACQUISITION.json,DUPLICATE,identical_to_C16
C17,data/manifests/GLOBAL_INTELLIGENCE_ACQUISITION.json,DUPLICATE,identical_to_C16
C17,data/manifests/REAL_MATERIALIZED_SOURCES.json,DUPLICATE,identical_to_C16
C17,data/manifests/MASTER_STAFF_SOURCE_REGISTRY.csv,DUPLICATE,identical_to_C16
C17,data/manifests/MASTER_STAFF_ACQUISITION.csv,DUPLICATE,identical_to_C16
C17,data/manifests/V19_ACQUISITION_ATTEMPTS.json,DUPLICATE,identical_to_C16
C17,data/manifests/GLOBAL_INTELLIGENCE_ACQUISITION.csv,DUPLICATE,identical_to_C16
C17,data/manifests/V17_ACQUISITION_ATTEMPTS.json,DUPLICATE,identical_to_C16
C17,data/manifests/MASS_EXPANSION_ACQUISITION.json,DUPLICATE,identical_to_C16
C17,data/manifests/MASS_EXPANSION_STATE_UPDATED.json,DUPLICATE,identical_to_C16
C17,data/manifests/GLOBAL_ACQUISITION_ATTEMPTS.json,DUPLICATE,identical_to_C16
C17,data/manifests/CONTEXT_INTELLIGENCE_EXECUTION_MANIFEST.json,DUPLICATE,identical_to_C16
C17,data/coverage/TEAM_COVERAGE_5_PILOT_TEAMS.csv,DUPLICATE,identical_to_C16
C17,data/post_match_pilot/POST_MATCH_FORENSICS_MANIFEST.json,DUPLICATE,identical_to_C16
C17,data/post_match_pilot/POST_MATCH_AUDIT_SUMMARY.json,DUPLICATE,identical_to_C16
C17,data/post_match_pilot/POST_MATCH_PILOT_RESULTS.csv,DUPLICATE,identical_to_C16
C17,data/context_transfer/MOTIVATION_CONTEXT_REPORT.csv,DUPLICATE,identical_to_C16
C17,data/context_transfer/CONTEXT_TRANSFER_RESULTS.json,DUPLICATE,identical_to_C16
C17,data/context_transfer/FEATURE_ABLATION_REPORT.csv,DUPLICATE,identical_to_C16
C17,data/context_transfer/TEAM_COVERAGE_FINAL.csv,DUPLICATE,identical_to_C16
C17,data/context_transfer/TRANSFER_CONFIG.json,DUPLICATE,identical_to_C16
C17,data/context_transfer/FEATURE_TRANSFERABILITY.csv,DUPLICATE,identical_to_C16
C17,data/context_transfer/ACQUISITION_EXECUTION_SUMMARY.json,DUPLICATE,identical_to_C16
C17,data/context_transfer/OPPONENT_STRENGTH_HISTORY.csv,DUPLICATE,identical_to_C16
C17,data/context_transfer/TEAM_CONTEXT_HISTORY.csv,DUPLICATE,identical_to_C16
C17,data/context_transfer/OPPONENT_STRENGTH_REPORT.csv,DUPLICATE,identical_to_C16
C17,data/context_transfer/ACQUISITION_PRIORITY.csv,DUPLICATE,identical_to_C16
C17,data/context_transfer/PLAYER_IMPACT_REPORT.csv,DUPLICATE,identical_to_C16
C17,data/context_transfer/MODEL_COMPARISON.json,DUPLICATE,identical_to_C16
C17,data/context_transfer/MATCH_COVERAGE_FINAL.csv,DUPLICATE,identical_to_C16
C17,data/context_transfer/RIVALRY_INTELLIGENCE_REPORT.csv,DUPLICATE,identical_to_C16
C17,data/context_transfer/MODEL_COMPARISON.csv,DUPLICATE,identical_to_C16
C17,data/context_transfer/ACQUISITION_ATTEMPTS.csv,DUPLICATE,identical_to_C16
C17,data/context_transfer/CONTEXT_TRANSFER_BACKTEST.csv,DUPLICATE,identical_to_C16
C17,data/provenance/MATERIALIZED_SHA256SUMS.txt,DUPLICATE,identical_to_C16
C17,data/provenance/phase2_provenance.csv,DUPLICATE,identical_to_C16
C17,data/provenance/expanded_real_provenance.csv,DUPLICATE,identical_to_C16
C17,data/processed/odds_observations_real_nonpit.csv,DUPLICATE,identical_to_C16
C17,data/processed/expanded_real_matches.csv,DUPLICATE,identical_to_C16
C17,data/entity_registry/ENTITY_REGISTRY_GLOBAL.csv,DUPLICATE,identical_to_C16
C17,data/cycle17/CYCLE17_PIT_DATA.csv,KEPT,selected_origin
C17,data/cycle17/CYCLE17_NONPIT_RESEARCH.csv,KEPT,selected_origin
C17,data/master_staff/SETTLEMENTS.csv,DUPLICATE,identical_to_C16
C17,data/master_staff/SCHEMA_VALIDATION.md,DUPLICATE,identical_to_C16
C17,data/master_staff/LINEUP_RECORDS.csv,DUPLICATE,identical_to_C16
C17,data/master_staff/DATASET_FINAL_COUNTS.json,DUPLICATE,identical_to_C16
C17,data/master_staff/SUSPENSION_ENGINE_RECORDS.csv,DUPLICATE,identical_to_C16
C17,data/master_staff/LOWER_LEVEL_TARGET_REGISTRY.csv,DUPLICATE,identical_to_C16
C17,data/master_staff/PREMATCH_FEATURE_STORE.csv,DUPLICATE,identical_to_C16
C17,data/master_staff/CONTEXT_INTELLIGENCE_FEATURES.csv,DUPLICATE,identical_to_C16
C17,data/master_staff/TARGET_COMPETITION_REGISTRY.csv,DUPLICATE,identical_to_C16
C17,data/master_staff/MODEL_VALIDATION.json,DUPLICATE,identical_to_C16
C17,data/master_staff/INJURY_RECORDS.csv,DUPLICATE,identical_to_C16
C17,data/master_staff/MASTER_HYPOTHESES.csv,DUPLICATE,identical_to_C16
C17,data/master_staff/OPERATIONAL_PILLARS.csv,DUPLICATE,identical_to_C16
C17,data/master_staff/PLAYER_IMPACT_RECORDS.csv,DUPLICATE,identical_to_C16
C17,data/master_staff/LIVE_SNAPSHOTS.csv,DUPLICATE,identical_to_C16
C17,data/master_staff/LINEUP_ENGINE_RECORDS.csv,DUPLICATE,identical_to_C16
C17,data/master_staff/IMPORTANCE_CONTEXT_2026-08-20.csv,DUPLICATE,identical_to_C16
C17,data/master_staff/TARGET_COVERAGE_REGISTRY.csv,DUPLICATE,identical_to_C16
C17,data/master_staff/INJURY_ENGINE_RECORDS.csv,DUPLICATE,identical_to_C16
C17,data/master_staff/MASTER_STAFF_MANIFEST.json,DUPLICATE,identical_to_C16
C17,data/master_staff/MASTER_STAFF_PROVENANCE.csv,DUPLICATE,identical_to_C16
C17,data/master_staff/PIT_AUDIT.md,DUPLICATE,identical_to_C16
C17,data/master_staff/VALUE_CANDIDATES.csv,DUPLICATE,identical_to_C16
C17,data/master_staff/RIVALRY_REGISTRY.csv,DUPLICATE,identical_to_C16
C17,data/master_staff/MASTER_COVERAGE.csv,DUPLICATE,identical_to_C16
C17,data/master_staff/FEATURE_IMPORTANCE_MASTER.csv,DUPLICATE,identical_to_C16
C17,data/master_staff/OPERATIONAL_PILLARS.json,DUPLICATE,identical_to_C16
C17,data/master_staff/H2H_INTELLIGENCE.csv,DUPLICATE,identical_to_C16
C17,data/master_staff/PAPER_DECISIONS.csv,DUPLICATE,identical_to_C16
C17,data/master_staff/LIVE_SNAPSHOT_ENGINE.csv,DUPLICATE,identical_to_C16
C17,data/master_staff/PLAYER_RECORDS.csv,DUPLICATE,identical_to_C16
C17,data/master_staff/LEAKAGE_AUDIT.md,DUPLICATE,identical_to_C16
C17,data/research/COVERAGE_BY_COMPETITION_SEASON.csv,DUPLICATE,identical_to_C16
C17,data/research/PATTERN_DISCOVERY_STABILITY.csv,DUPLICATE,identical_to_C16
C17,data/research/PATTERN_DISCOVERY_WALK_FORWARD.csv,DUPLICATE,identical_to_C16
C17,data/research/PATTERN_DISCOVERY_FEATURE_IMPORTANCE.csv,DUPLICATE,identical_to_C16
C17,data/research/PATTERN_DISCOVERY_AUDIT.json,DUPLICATE,identical_to_C16
C17,data/research/PATTERN_DISCOVERY_OOS.csv,DUPLICATE,identical_to_C16
C17,data/research/PATTERN_DISCOVERY_PATTERN_VALIDATION.csv,DUPLICATE,identical_to_C16
C17,data/research/PATTERN_DISCOVERY_NEGATIVE_RESULTS.csv,DUPLICATE,identical_to_C16
C17,data/research/TOP_DATA_GAPS.csv,DUPLICATE,identical_to_C16
C17,data/research/context_intelligence_segments.csv,DUPLICATE,identical_to_C16
C17,data/research/PATTERN_DISCOVERY_TOP50.csv,DUPLICATE,identical_to_C16
C17,data/research/PATTERN_DISCOVERY_DATA_DICTIONARY.md,DUPLICATE,identical_to_C16
C17,data/research/PATTERN_DISCOVERY_MULTIPLE_TESTING.csv,DUPLICATE,identical_to_C16
C17,data/global_dataset/reports/TEAM_COVERAGE_GLOBAL_2020_2026.csv,DUPLICATE,identical_to_C16
C17,data/global_dataset/reports/GLOBAL_NETWORK_BLOCKS.json,DUPLICATE,identical_to_C16
C17,data/global_dataset/reports/GLOBAL_DATASET_COVERAGE.csv,DUPLICATE,identical_to_C16
C17,data/global_dataset/reports/GLOBAL_COMPETITION_SEASON_MATRIX_2020_2026.csv,DUPLICATE,identical_to_C16
C17,data/global_dataset/reports/DATASET_FINAL_COUNTS.json,DUPLICATE,identical_to_C16
C17,data/global_dataset/reports/DATA_ENRICHMENT_FINAL_REPORT.md,DUPLICATE,identical_to_C16
C17,data/global_dataset/reports/ACQUIRED_SOURCE_SHA256SUMS.txt,DUPLICATE,identical_to_C16
C17,data/global_dataset/reports/GLOBAL_DATASET_TEST_REPORT.json,DUPLICATE,identical_to_C16
C17,data/global_dataset/reports/FREE_ENRICHMENT_SNAPSHOT_INTEGRITY.json,DUPLICATE,identical_to_C16
C17,data/global_dataset/reports/GLOBAL_COVERAGE_REPORT.csv,DUPLICATE,identical_to_C16
C17,data/global_dataset/reports/SOURCE_COVERAGE_MATRIX.csv,DUPLICATE,identical_to_C16
C17,data/global_dataset/reports/SCIENTIFIC_STATUS_FINAL.md,DUPLICATE,identical_to_C16
C17,data/global_dataset/reports/GLOBAL_FIELD_COVERAGE_FREE.csv,DUPLICATE,identical_to_C16
C17,data/global_dataset/reports/FREE_SOURCE_COVERAGE_MATRIX.csv,DUPLICATE,identical_to_C16
C17,data/global_dataset/reports/GLOBAL_COVERAGE_MATRIX_2020_2026.csv,DUPLICATE,identical_to_C16
C17,data/global_dataset/reports/GLOBAL_TEST_RESULTS.json,DUPLICATE,identical_to_C16
C17,data/global_dataset/reports/GLOBAL_COVERAGE_MATRIX.csv,DUPLICATE,identical_to_C16
C17,data/global_dataset/reports/GLOBAL_DATASET_COUNTS.json,DUPLICATE,identical_to_C16
C17,data/global_dataset/reports/LOCAL_FREE_ARTIFACT_MANIFEST.csv,DUPLICATE,identical_to_C16
C17,data/global_dataset/reports/PREMATCH_SNAPSHOT_PROTECTION.json,DUPLICATE,identical_to_C16
C17,data/global_dataset/reports/PREMATCH_READINESS_2026-08-20.csv,DUPLICATE,identical_to_C16
C17,data/global_dataset/reports/GLOBAL_PATTERN_DISCOVERY_READINESS.md,DUPLICATE,identical_to_C16
C17,data/global_dataset/reports/GLOBAL_COVERAGE_REPORT_COMPETITION.csv,DUPLICATE,identical_to_C16
C17,data/global_dataset/reports/FINAL_SCIENTIFIC_STATUS.md,DUPLICATE,identical_to_C16
C17,data/global_dataset/reports/GLOBAL_DATASET_PROVENANCE.csv,DUPLICATE,identical_to_C16
C17,data/global_dataset/reports/MODEL_READINESS_REPORT.md,DUPLICATE,identical_to_C16
C17,data/global_dataset/reports/CROSS_COMPETITION_EVIDENCE.csv,DUPLICATE,identical_to_C16
C17,data/global_dataset/reports/GLOBAL_COVERAGE_REPORT.md,DUPLICATE,identical_to_C16
C17,data/global_dataset/reports/FREE_SOURCE_CONFLICTS.csv,DUPLICATE,identical_to_C16
C17,data/global_dataset/reports/COMPETITIONS_NOT_MATERIALIZED.csv,DUPLICATE,identical_to_C16
C17,data/global_dataset/reports/ACQUISITION_PRIORITY.csv,DUPLICATE,identical_to_C16
C17,data/global_dataset/reports/PREMATCH_DATA_READINESS_REPORT.md,DUPLICATE,identical_to_C16
C17,data/global_dataset/reports/ACQUISITION_FAILURE_REPORT.md,DUPLICATE,identical_to_C16
C17,data/global_dataset/reports/PREMATCH_SNAPSHOT_INTEGRITY.json,DUPLICATE,identical_to_C16
C17,data/global_dataset/reports/NEGATIVE_FINDINGS.csv,DUPLICATE,identical_to_C16
C17,data/global_dataset/reports/TEAM_COVERAGE_REPORT.md,DUPLICATE,identical_to_C16
C17,data/global_dataset/reports/PREMATCH_READINESS_REPORT.md,DUPLICATE,identical_to_C16
C17,data/global_dataset/reports/TEAM_COVERAGE_GLOBAL.csv,DUPLICATE,identical_to_C16
C17,data/global_dataset/reports/GLOBAL_DATASET_FINAL_REPORT.md,DUPLICATE,identical_to_C16
C17,data/global_dataset/reports/GLOBAL_RUN_LEDGER.json,DUPLICATE,identical_to_C16
C17,data/global_dataset/reports/SOURCE_PROVENANCE.csv,DUPLICATE,identical_to_C16
C17,data/global_dataset/reports/GLOBAL_COVERAGE_MATRIX_MATERIALIZED.csv,DUPLICATE,identical_to_C16
C17,data/global_dataset/reports/SOURCE_ACQUISITION_REPORT.md,DUPLICATE,identical_to_C16
C17,data/global_dataset/reports/CROSS_COMPETITION_TRANSFER_REPORT.md,DUPLICATE,identical_to_C16
C17,data/global_dataset/reports/GLOBAL_FIELD_COVERAGE.csv,DUPLICATE,identical_to_C16
C17,data/global_dataset/processed_acquisition/pytest_2122_E0.csv,DUPLICATE,identical_to_C16
C17,data/global_dataset/registry/LOCAL_ACQUISITION_TARGET_REGISTRY.csv,DUPLICATE,identical_to_C16
C17,data/global_dataset/registry/GLOBAL_COMPETITION_TARGET_REGISTRY.csv,DUPLICATE,identical_to_C16
C17,data/global_dataset/registry/LOCAL_ACQUISITION_SOURCE_REGISTRY.csv,DUPLICATE,identical_to_C16
C17,data/global_dataset/registry/GLOBAL_ACQUISITION_MANIFEST.json,DUPLICATE,identical_to_C16
C17,data/global_dataset/registry/DATA_ACQUISITION_MANIFEST.json,DISCARDED,conflict_resolved_in_favor_of_C18
C17,data/global_dataset/registry/ACQUISITION_STATE_SCHEMA.md,DUPLICATE,identical_to_C16
C17,data/global_dataset/registry/GLOBAL_SOURCE_CATALOG.csv,DUPLICATE,identical_to_C16
C17,data/global_dataset/registry/TEAM_REGISTRY_GLOBAL.csv,DUPLICATE,identical_to_C16
C17,data/global_dataset/raw_acquired/2122_E0.csv,DUPLICATE,identical_to_C16
C17,data/global_dataset/raw_acquired/epl_2021_direct.csv,DUPLICATE,identical_to_C16
C17,data/global_dataset/raw_acquired/2122_D1.csv,DUPLICATE,identical_to_C16
C17,data/global_dataset/raw_acquired/2223_E0.csv,DUPLICATE,identical_to_C16
C17,data/global_dataset/raw_acquired/2223_D1.csv,DUPLICATE,identical_to_C16
C17,data/global_dataset/raw_acquired/2324_E0.csv,DUPLICATE,identical_to_C16
C17,data/global_dataset/reports/v3/PAID_API_GAP_ANALYSIS.md,DUPLICATE,identical_to_C16
C17,data/global_dataset/reports/v3/GLOBAL_FREE_SOURCE_DISCOVERY_V3.md,DUPLICATE,identical_to_C16
C17,data/global_dataset/reports/v3/FREE_GLOBAL_COVERAGE_STATUS.md,DUPLICATE,identical_to_C16
C17,data/global_dataset/reports/v3/GLOBAL_FREE_SOURCE_DISCOVERY_V3.json,DUPLICATE,identical_to_C16
C17,data/processed/round_2026-08-20/ROUND_2026-08-20_INTELLIGENCE.csv,DUPLICATE,identical_to_C16
C17,data/provenance/round_2026-08-20/ROUND_2026-08-20_PROVENANCE.csv,DUPLICATE,identical_to_C16
C17,data/coverage/free_enrichment_v4/FREE_DATA_COVERAGE_MATRIX_V4.csv,DUPLICATE,identical_to_C16
C17,data/coverage/free_enrichment_v5/V5_LAYER_COVERAGE.csv,DUPLICATE,identical_to_C16
C17,data/conmebol/raw/conmebol_sudamericana_2024.txt,DUPLICATE,identical_to_C16
C17,data/conmebol/raw/conmebol_sudamericana_2022.txt,DUPLICATE,identical_to_C16
C17,data/conmebol/raw/libertadores_brazilian_soccer_data.csv,DUPLICATE,identical_to_C16
C17,data/conmebol/raw/conmebol_sudamericana_2025.txt,DUPLICATE,identical_to_C16
C17,data/conmebol/raw/conmebol_sudamericana_2020.txt,DUPLICATE,identical_to_C16
C17,data/conmebol/raw/conmebol_sudamericana_2023.txt,DUPLICATE,identical_to_C16
C17,data/conmebol/raw/conmebol_sudamericana_2021.txt,DUPLICATE,identical_to_C16
C17,data/conmebol/schemas/CONMEBOL_SCHEMA.md,DUPLICATE,identical_to_C16
C17,data/conmebol/manifests/CONMEBOL_EXECUTION_MANIFEST.json,DUPLICATE,identical_to_C16
C17,data/conmebol/manifests/CONMEBOL_ACQUISITION_MATRIX.csv,DUPLICATE,identical_to_C16
C17,data/conmebol/provenance/CONMEBOL_PROVENANCE.csv,DUPLICATE,identical_to_C16
C17,data/conmebol/processed/CONMEBOL_MATCHES_REAL.csv,DUPLICATE,identical_to_C16
C17,data/enrichment/free_data/FOOTBALL_CANONICAL_ENRICHED_FREE.csv,DUPLICATE,identical_to_C16
C17,data/enrichment/free_data/MATCH_STATISTICS_FREE.csv,DUPLICATE,identical_to_C16
C17,data/enrichment/free_data/PLAYER_ENTITY_RESOLUTION_V6.csv,DUPLICATE,identical_to_C16
C17,data/enrichment/free_data/PLAYER_MASTER_V6.csv,DUPLICATE,identical_to_C16
C17,data/enrichment/free_data/PLAYER_TEAM_HISTORY_V6.csv,DUPLICATE,identical_to_C16
C17,data/raw/acquisition_worker/footballcsv_2024_br1.csv,DUPLICATE,identical_to_C16
C17,data/raw/acquisition_worker/brazil_squad_2024_flamengo.txt,DUPLICATE,identical_to_C16
C17,data/raw/acquisition_worker/pytest_2122_E0.csv,DUPLICATE,identical_to_C16
C17,data/raw/acquisition_worker/brazil_squad_2024_palmeiras.txt,DUPLICATE,identical_to_C16
C17,data/raw/global_acquisition/football_data/2122_E0.csv,DUPLICATE,identical_to_C16
C17,data/raw/global_acquisition/football_data/epl_2021_direct.csv,DUPLICATE,identical_to_C16
C17,data/raw/global_acquisition/football_data/2122_D1.csv,DUPLICATE,identical_to_C16
C17,data/raw/global_acquisition/football_data/2223_E0.csv,DUPLICATE,identical_to_C16
C17,data/raw/global_acquisition/football_data/2223_D1.csv,DUPLICATE,identical_to_C16
C17,data/raw/global_acquisition/football_data/2324_E0.csv,DUPLICATE,identical_to_C16
C17,reports/v2_master/RUN_TEST_RESULTS.txt,DUPLICATE,identical_to_C16
C17,reports/v2_master/SNAPSHOT_INTEGRITY_V2.json,DUPLICATE,identical_to_C16
C17,reports/phase3/GLOBAL_FOOTBALL_DATA_ACQUISITION_REPORT.md,DUPLICATE,identical_to_C16
C17,reports/phase3/COMPETITION_MARKET_MATRIX.md,DUPLICATE,identical_to_C16
C17,reports/phase3/DATA_QUALITY_REPORT.md,DUPLICATE,identical_to_C16
C17,reports/phase3/DATA_PROVENANCE_REPORT.md,DUPLICATE,identical_to_C16
C17,reports/phase3/FEATURE_RESEARCH.md,DUPLICATE,identical_to_C16
C17,reports/phase3/CARD_MARKET_REPORT.md,DUPLICATE,identical_to_C16
C17,reports/phase3/SOURCE_DISCOVERY_MATRIX.json,DUPLICATE,identical_to_C16
C17,reports/phase3/PHASE3_EXECUTION_README.md,DUPLICATE,identical_to_C16
C17,reports/phase3/CARD_RESEARCH_REPORT.md,DUPLICATE,identical_to_C16
C17,reports/phase3/COMPETITION_RESEARCH_REPORT.md,DUPLICATE,identical_to_C16
C17,reports/phase3/MARKET_RESEARCH_REPORT.md,DUPLICATE,identical_to_C16
C17,reports/phase3/SIGNAL_DISCOVERY_REPORT.md,DUPLICATE,identical_to_C16
C17,reports/phase3/CORNER_MARKET_REPORT.md,DUPLICATE,identical_to_C16
C17,reports/phase3/ODDS_DATA_REPORT.md,DUPLICATE,identical_to_C16
C17,reports/phase3/PIT_REPORT.md,DUPLICATE,identical_to_C16
C17,reports/phase3/EDGE_DISCOVERY_REPORT.md,DUPLICATE,identical_to_C16
C17,reports/phase3/MARKET_MICROSTRUCTURE.md,DUPLICATE,identical_to_C16
C17,reports/phase3/ABLATION_REPORT.md,DUPLICATE,identical_to_C16
C17,reports/phase3/HOLDOUT_REPORT.md,DUPLICATE,identical_to_C16
C17,reports/phase3/EDGE_DISCOVERY.md,DUPLICATE,identical_to_C16
C17,reports/phase3/WEB_SOURCE_VERIFICATION.md,DUPLICATE,identical_to_C16
C17,reports/phase3/LOWER_LEAGUES_RESEARCH.md,DUPLICATE,identical_to_C16
C17,reports/phase3/MARKET_VS_ROBO.md,DUPLICATE,identical_to_C16
C17,reports/phase3/WALK_FORWARD_REPORT.md,DUPLICATE,identical_to_C16
C17,reports/phase3/FINAL_SCIENTIFIC_STATUS.md,DUPLICATE,identical_to_C16
C17,reports/phase3/PRE_MATCH_RESEARCH.md,DUPLICATE,identical_to_C16
C17,reports/phase3/GLOBAL_COMPETITION_COVERAGE.md,DUPLICATE,identical_to_C16
C17,reports/phase3/MODEL_COMPARISON.md,DUPLICATE,identical_to_C16
C17,reports/phase3/DATA_QUALITY.json,DUPLICATE,identical_to_C16
C17,reports/phase3/GLOBAL_DATA_ACQUISITION_REPORT.md,DUPLICATE,identical_to_C16
C17,reports/phase3/LOWER_DIVISION_RESEARCH_REPORT.md,DUPLICATE,identical_to_C16
C17,reports/phase3/DATA_ACQUISITION_REPORT.md,DUPLICATE,identical_to_C16
C17,reports/phase3/MULTIPLE_TESTING_REPORT.md,DUPLICATE,identical_to_C16
C17,reports/phase3/MARKET_COVERAGE_REPORT.md,DUPLICATE,identical_to_C16
C17,reports/phase3/RESEARCH_HYPOTHESES.md,DUPLICATE,identical_to_C16
C17,reports/phase3/LOW_COVERAGE_MARKETS_REPORT.md,DUPLICATE,identical_to_C16
C17,reports/phase3/MODEL_COMPARISON_REPORT.md,DUPLICATE,identical_to_C16
C17,reports/phase3/PIT_DATA_REPORT.md,DUPLICATE,identical_to_C16
C17,reports/phase3/OOS_REPORT.md,DUPLICATE,identical_to_C16
C17,reports/phase3/ODDS_MARKET_MICROSTRUCTURE_REPORT.md,DUPLICATE,identical_to_C16
C17,reports/phase3/LEAGUE_MARKET_ANALYSIS_REPORT.md,DUPLICATE,identical_to_C16
C17,reports/phase3/LIVE_RESEARCH.md,DUPLICATE,identical_to_C16
C17,reports/phase3/FEATURE_RESEARCH_REPORT.md,DUPLICATE,identical_to_C16
C17,reports/phase3/CLV_REPORT.md,DUPLICATE,identical_to_C16
C17,reports/phase3/TOP_20_RESEARCH_CANDIDATES.md,DUPLICATE,identical_to_C16
C17,reports/phase3/OVERFITTING_REPORT.md,DUPLICATE,identical_to_C16
C17,reports/phase3/GLOBAL_RESEARCH_EXECUTION_MANIFEST.json,DUPLICATE,identical_to_C16
C17,reports/phase3/ODDS_RESEARCH.md,DUPLICATE,identical_to_C16
C17,reports/phase3/ANOMALY_RESEARCH_REPORT.md,DUPLICATE,identical_to_C16
C17,reports/phase3/TOP_20_REJECTED_SIGNALS.md,DUPLICATE,identical_to_C16
C17,reports/phase3/TOP_20_DATA_GAPS.md,DUPLICATE,identical_to_C16
C17,reports/phase3/FINAL_RESEARCH_AUDIT.md,DUPLICATE,identical_to_C16
C17,reports/phase3/DATA_COVERAGE_MATRIX.md,DUPLICATE,identical_to_C16
C17,reports/phase3/CORNERS_RESEARCH_REPORT.md,DUPLICATE,identical_to_C16
C17,reports/phase3/BASELINE_COMPARISON_REPORT.md,DUPLICATE,identical_to_C16
C17,reports/phase3/GLOBAL_COMPETITION_COVERAGE_REPORT.md,DUPLICATE,identical_to_C16
C17,reports/phase3/RESEARCH_CANDIDATES.md,DUPLICATE,identical_to_C16
C17,reports/phase3/ROBO_BEHAVIOR_REPORT.md,DUPLICATE,identical_to_C16
C17,reports/phase3/FEATURE_ABLATION_REPORT.md,DUPLICATE,identical_to_C16
C17,reports/phase3/PHASE3_RESULTS.json,DUPLICATE,identical_to_C16
C17,reports/real_day_prematch/REAL_DAY_EXECUTION_SUMMARY.json,DUPLICATE,identical_to_C16
C17,reports/real_day_prematch/REAL_DAY_PREMATCH_REPORT.md,DUPLICATE,identical_to_C16
C17,reports/real_day_prematch/REAL_DAY_TOP_SIGNALS.md,DUPLICATE,identical_to_C16
C17,reports/real_day_prematch/REAL_DAY_LIMITATIONS.md,DUPLICATE,identical_to_C16
C17,reports/phase2/DATA_QUALITY_REPORT.md,DUPLICATE,identical_to_C16
C17,reports/phase2/CARD_MARKET_REPORT.md,DUPLICATE,identical_to_C16
C17,reports/phase2/EMPIRICAL_RESULTS.json,DUPLICATE,identical_to_C16
C17,reports/phase2/MARKET_COMPARISON_REPORT.md,DUPLICATE,identical_to_C16
C17,reports/phase2/HOLDOUT_REPORT.md,DUPLICATE,identical_to_C16
C17,reports/phase2/DATA_ACQUISITION.json,DUPLICATE,identical_to_C16
C17,reports/phase2/WALK_FORWARD_REPORT.md,DUPLICATE,identical_to_C16
C17,reports/phase2/FINAL_SCIENTIFIC_STATUS.md,DUPLICATE,identical_to_C16
C17,reports/phase2/EMPIRICAL_RESEARCH_REPORT.md,DUPLICATE,identical_to_C16
C17,reports/phase2/DATA_QUALITY.json,DUPLICATE,identical_to_C16
C17,reports/phase2/DATA_ACQUISITION_REPORT.md,DUPLICATE,identical_to_C16
C17,reports/phase2/MODEL_COMPARISON_REPORT.md,DUPLICATE,identical_to_C16
C17,reports/phase2/OOS_REPORT.md,DUPLICATE,identical_to_C16
C17,reports/phase2/CLV_REPORT.md,DUPLICATE,identical_to_C16
C17,reports/phase2/ROBO_BEHAVIOR_REPORT.md,DUPLICATE,identical_to_C16
C17,reports/phase2/FEATURE_ABLATION_REPORT.md,DUPLICATE,identical_to_C16
C17,reports/conmebol/CONTEXT_INTELLIGENCE_REPORT.md,DUPLICATE,identical_to_C16
C17,reports/conmebol/INJURY_RETURN_REPORT.md,DUPLICATE,identical_to_C16
C17,reports/conmebol/CONMEBOL_NEGATIVE_RESULTS.csv,DUPLICATE,identical_to_C16
C17,reports/conmebol/PLAYER_IMPACT_REPORT.md,DUPLICATE,identical_to_C16
C17,reports/conmebol/COMPETITIVE_MOTIVATION_REPORT.md,DUPLICATE,identical_to_C16
C17,reports/conmebol/PATTERN_DISCOVERY_NEGATIVE_RESULTS.md,DUPLICATE,identical_to_C16
C17,reports/conmebol/CONMEBOL_PATTERN_RESULTS.csv,DUPLICATE,identical_to_C16
C17,reports/conmebol/PATTERN_DISCOVERY_WALK_FORWARD.md,DUPLICATE,identical_to_C16
C17,reports/conmebol/FINAL_SCIENTIFIC_STATUS.md,DUPLICATE,identical_to_C16
C17,reports/conmebol/PATTERN_DISCOVERY_MULTIPLE_TESTING.md,DUPLICATE,identical_to_C16
C17,reports/conmebol/CONMEBOL_HYPOTHESES.csv,DUPLICATE,identical_to_C16
C17,reports/conmebol/CONMEBOL_DATASET_COVERAGE.csv,DUPLICATE,identical_to_C16
C17,reports/conmebol/CONMEBOL_MODEL_RESULTS.json,DUPLICATE,identical_to_C16
C17,reports/conmebol/PATTERN_DISCOVERY_OOS.md,DUPLICATE,identical_to_C16
C17,reports/conmebol/CONMEBOL_FEATURE_IMPORTANCE.csv,DUPLICATE,identical_to_C16
C17,reports/conmebol/CONMEBOL_DATASET_FINAL_REPORT.md,DUPLICATE,identical_to_C16
C17,reports/conmebol/PATTERN_DISCOVERY_GLOBAL_REPORT.md,DUPLICATE,identical_to_C16
C17,reports/cycle3/CYCLE3_MANIFEST.json,DUPLICATE,identical_to_C16
C17,reports/cycle3/CYCLE3_SELECTION_THRESHOLDS.csv,DUPLICATE,identical_to_C16
C17,reports/cycle3/CYCLE3_PORTFOLIO_MATRIX.csv,DUPLICATE,identical_to_C16
C17,reports/cycle3/CYCLE3_MODEL_DIAGNOSTICS.csv,DUPLICATE,identical_to_C16
C17,reports/cycle3/CYCLE3_OOS_DECISIONS.csv,DUPLICATE,identical_to_C16
C17,reports/cycle3/CYCLE3_WALK_FORWARD_SELECTION.csv,DUPLICATE,identical_to_C16
C17,reports/cycle3/CYCLE3_WALK_FORWARD_SUMMARY.csv,DUPLICATE,identical_to_C16
C17,reports/cycle3/CYCLE3_DIVERGENCE_BUCKETS.csv,DUPLICATE,identical_to_C16
C17,reports/cycle3/CYCLE3_COMMON_SAMPLE_HOME_WIN.csv,DUPLICATE,identical_to_C16
C17,reports/cycle3/CYCLE3_EV_BUCKETS.csv,DUPLICATE,identical_to_C16
C17,reports/cycle3/CYCLE3_EXPERIMENT_REGISTRY.json,DUPLICATE,identical_to_C16
C17,reports/cycle3/CYCLE3_WALK_FORWARD_META.json,DUPLICATE,identical_to_C16
C17,reports/cycle3/CYCLE3_PRICED_OOS_DECISIONS.csv,DUPLICATE,identical_to_C16
C17,reports/cycle3/CYCLE3_EXECUTIVE_REPORT.md,DUPLICATE,identical_to_C16
C17,reports/coverage/DATA_COVERAGE_GAPS.md,DUPLICATE,identical_to_C16
C17,reports/coverage/ACQUISITION_PRIORITY.csv,DUPLICATE,identical_to_C16
C17,reports/coverage/DATA_COVERAGE_2020_2026.csv,DUPLICATE,identical_to_C16
C17,reports/post_match_pilot/POST_MATCH_PILOT_REPORT.md,DUPLICATE,identical_to_C16
C17,reports/post_match_pilot/DATASET_INTEGRITY_BEFORE_AFTER.md,DUPLICATE,identical_to_C16
C17,reports/free_enrichment_v4/LINEUP_COVERAGE_REPORT.md,DUPLICATE,identical_to_C16
C17,reports/free_enrichment_v4/TEMPORAL_DATA_QUALITY_REPORT.md,DUPLICATE,identical_to_C16
C17,reports/free_enrichment_v4/SOFASCORE_ASSESSMENT.md,DUPLICATE,identical_to_C16
C17,reports/free_enrichment_v4/SECURITY_SCAN.txt,DUPLICATE,identical_to_C16
C17,reports/free_enrichment_v4/PAID_DATA_GAP_REPORT.md,DUPLICATE,identical_to_C16
C17,reports/free_enrichment_v4/INJURY_COVERAGE_REPORT.md,DUPLICATE,identical_to_C16
C17,reports/free_enrichment_v4/ODDS_COVERAGE_REPORT.md,DUPLICATE,identical_to_C16
C17,reports/free_enrichment_v4/EVENT_COVERAGE_REPORT.md,DUPLICATE,identical_to_C16
C17,reports/free_enrichment_v4/PLAYER_COVERAGE_REPORT.md,DUPLICATE,identical_to_C16
C17,reports/free_enrichment_v4/PIT_COVERAGE_REPORT.md,DUPLICATE,identical_to_C16
C17,reports/free_enrichment_v4/GLOBAL_FREE_DATA_DISCOVERY_REPORT.md,DUPLICATE,identical_to_C16
C17,reports/free_enrichment_v4/XG_COVERAGE_REPORT.md,DUPLICATE,identical_to_C16
C17,reports/free_enrichment_v4/ENTITY_RESOLUTION_REPORT.md,DUPLICATE,identical_to_C16
C17,reports/free_enrichment_v4/SUSPENSION_COVERAGE_REPORT.md,DUPLICATE,identical_to_C16
C17,reports/free_enrichment_v4/README_V4.md,DUPLICATE,identical_to_C16
C17,reports/free_enrichment_v4/SOURCE_REGISTRY_V4.csv,DUPLICATE,identical_to_C16
C17,reports/free_enrichment_v4/ACQUISITION_MANIFEST_V4.csv,DUPLICATE,identical_to_C16
C17,reports/free_enrichment_v4/API_READINESS_MATRIX_V4.csv,DUPLICATE,identical_to_C16
C17,reports/free_enrichment_v4/GLOBAL_ENRICHMENT_STATUS_V4.json,DUPLICATE,identical_to_C16
C17,reports/free_enrichment_v4/DATA_GAP_MASTER.csv,DUPLICATE,identical_to_C16
C17,reports/context_transfer/SOURCE_CONFLICT_ENGINE.md,DUPLICATE,identical_to_C16
C17,reports/context_transfer/ACQUISITION_STATUS.md,DUPLICATE,identical_to_C16
C17,reports/context_transfer/MOTIVATION_CONTEXT_REPORT.md,DUPLICATE,identical_to_C16
C17,reports/context_transfer/PLAYER_IMPACT_REPORT.md,DUPLICATE,identical_to_C16
C17,reports/context_transfer/NEGATIVE_FINDINGS.md,DUPLICATE,identical_to_C16
C17,reports/context_transfer/FINAL_SCIENTIFIC_STATUS.md,DUPLICATE,identical_to_C16
C17,reports/context_transfer/CONTEXT_TRANSFER_FINAL_REPORT.md,DUPLICATE,identical_to_C16
C17,reports/context_transfer/MODEL_COMPARISON.md,DUPLICATE,identical_to_C16
C17,reports/context_transfer/RIVALRY_INTELLIGENCE_REPORT.md,DUPLICATE,identical_to_C16
C17,reports/context_transfer/FEATURE_ABLATION_REPORT.md,DUPLICATE,identical_to_C16
C17,reports/context_transfer/CONTEXT_TRANSFER_AUDIT.md,DUPLICATE,identical_to_C16
C17,reports/v19/V19_SCORELINE_REPORT.md,DUPLICATE,identical_to_C16
C17,reports/v19/V19_DATA_ACQUISITION_REPORT.md,DUPLICATE,identical_to_C16
C17,reports/v19/V19_EXPERIMENTS_REPORT.md,DUPLICATE,identical_to_C16
C17,reports/v19/V19_MARKET_DISLOCATION_REPORT.md,DUPLICATE,identical_to_C16
C17,reports/v19/V19_PERFORMANCE.json,DUPLICATE,identical_to_C16
C17,reports/v19/V19_FINAL_REPORT.md,DUPLICATE,identical_to_C16
C17,reports/v19/V19_MATRIX.md,DUPLICATE,identical_to_C16
C17,reports/v19/V19_ROBUSTNESS_REPORT.md,DUPLICATE,identical_to_C16
C17,reports/v19/V19_FULL_SYSTEM_VALIDATION.json,DUPLICATE,identical_to_C16
C17,reports/v19/V19_FINAL_SYSTEM_AUDIT.md,DUPLICATE,identical_to_C16
C17,reports/v19/V19_OOS_REPORT.md,DUPLICATE,identical_to_C16
C17,reports/v19/V19_PRICING_AUDIT.md,DUPLICATE,identical_to_C16
C17,reports/v19/V19_CALIBRATION_REPORT.md,DUPLICATE,identical_to_C16
C17,reports/v19/V19_REGRESSION_AUDIT.md,DUPLICATE,identical_to_C16
C17,reports/v19/V19_SECURITY_SCAN.json,DUPLICATE,identical_to_C16
C17,reports/v19/V19_BACKTEST_REPORT.md,DUPLICATE,identical_to_C16
C17,reports/v19/V19_BENCHMARK_REPORT.md,DUPLICATE,identical_to_C16
C17,reports/v8/V8_PAID_GAP_MATRIX.csv,DUPLICATE,identical_to_C16
C17,reports/v8/V8_LINEUP_REPORT.md,DUPLICATE,identical_to_C16
C17,reports/v8/V8_LOCAL_DATA_INVENTORY.csv,DUPLICATE,identical_to_C16
C17,reports/v8/V8_INJURY_REPORT.md,DUPLICATE,identical_to_C16
C17,reports/v8/V8_XG_REPORT.md,DUPLICATE,identical_to_C16
C17,reports/v8/V8_EVENT_REPORT.md,DUPLICATE,identical_to_C16
C17,reports/v8/V8_ACQUISITION_REPORT.md,DUPLICATE,identical_to_C16
C17,reports/v8/V8_PUBLIC_DATASET_DISCOVERY.csv,DUPLICATE,identical_to_C16
C17,reports/v8/V8_MASTER_STAFF_REPORT.md,DUPLICATE,identical_to_C16
C17,reports/v8/V8_EXECUTION_EVIDENCE.json,DUPLICATE,identical_to_C16
C17,reports/v8/V8_BEFORE_AFTER_MATRIX.csv,DUPLICATE,identical_to_C16
C17,reports/v8/V8_ODDS_REPORT.md,DUPLICATE,identical_to_C16
C17,reports/v8/V8_SUSPENSION_REPORT.md,DUPLICATE,identical_to_C16
C17,reports/v8/V8_ENRICHMENT_REPORT.md,DUPLICATE,identical_to_C16
C17,reports/v8/V8_PROVENANCE_REPORT.md,DUPLICATE,identical_to_C16
C17,reports/v8/V8_DATA_GAP_MATRIX.csv,DUPLICATE,identical_to_C16
C17,reports/v8/V8_PLAYER_REPORT.md,DUPLICATE,identical_to_C16
C17,reports/v8/V8_WEATHER_REPORT.md,DUPLICATE,identical_to_C16
C17,reports/v8/V8_SOURCE_COVERAGE.csv,DUPLICATE,identical_to_C16
C17,reports/v8/V8_LOCAL_MATERIALIZATION_SUMMARY.json,DUPLICATE,identical_to_C16
C17,reports/v8/V8_PIT_REPORT.md,DUPLICATE,identical_to_C16
C17,reports/cycle4/PIT_STATUS.json,DUPLICATE,identical_to_C16
C17,reports/cycle4/CYCLE4_MANIFEST.json,DUPLICATE,identical_to_C16
C17,reports/cycle4/CYCLE4_EXECUTIVE_REPORT.md,DUPLICATE,identical_to_C16
C17,reports/cycle4/SOURCE_AUDIT.json,DUPLICATE,identical_to_C16
C17,reports/intelligence/GLOBAL_INTELLIGENCE_EXECUTION_MANIFEST.json,DUPLICATE,identical_to_C16
C17,reports/intelligence/GLOBAL_INTELLIGENCE_EXECUTION_REPORT.md,DUPLICATE,identical_to_C16
C17,reports/v17/V17_RESEARCH_EXECUTION.json,DUPLICATE,identical_to_C16
C17,reports/v17/V17_FULL_SYSTEM_VALIDATION.json,DUPLICATE,identical_to_C16
C17,reports/cycle17/CYCLE17_EXECUTION_STRESS.json,KEPT,selected_origin
C17,reports/cycle17/CYCLE17_EXECUTION_METADATA.json,KEPT,selected_origin
C17,reports/cycle17/CYCLE17_HYPOTHESIS_REGISTRY.json,KEPT,selected_origin
C17,reports/cycle17/CYCLE17_FINAL_DECISION.md,KEPT,selected_origin
C17,reports/cycle17/CYCLE17_SOURCE_REGISTRY.json,KEPT,selected_origin
C17,reports/cycle17/CYCLE17_PROMOTION_GATE.json,KEPT,selected_origin
C17,reports/cycle17/CYCLE17_EXPERIMENT_REGISTRY.json,KEPT,selected_origin
C17,reports/cycle17/CYCLE17_MULTIPLE_TESTING.json,KEPT,selected_origin
C17,reports/cycle17/CYCLE17_MANIFEST.json,KEPT,selected_origin
C17,reports/cycle17/CYCLE17_RAW_AUDIT.json,KEPT,selected_origin
C17,reports/cycle17/CYCLE17_ARTIFACT_SHA256.txt,KEPT,selected_origin
C17,reports/cycle17/CYCLE17_DECISION_AUDIT.csv,KEPT,selected_origin
C17,reports/cycle17/CYCLE17_PAPER_BETS.json,KEPT,selected_origin
C17,reports/cycle17/CYCLE17_EXECUTIVE_REPORT.md,KEPT,selected_origin
C17,reports/cycle17/CYCLE17_CLV_REPORT.json,KEPT,selected_origin
C17,reports/cycle17/CYCLE17_DATA_QUALITY.json,KEPT,selected_origin
C17,reports/cycle17/CYCLE17_ROBUSTNESS_REPORT.json,KEPT,selected_origin
C17,reports/cycle17/CYCLE17_SETTLEMENT_REPORT.json,KEPT,selected_origin
C17,reports/cycle17/CYCLE17_SIGNAL_LIBRARY.json,KEPT,selected_origin
C17,reports/cycle17/CYCLE17_COMPLETENESS.json,KEPT,selected_origin
C17,reports/cycle17/CYCLE17_RISK_REPORT.json,KEPT,selected_origin
C17,reports/cycle17/CYCLE17_PIT_STATUS.json,KEPT,selected_origin
C17,reports/cycle17/CYCLE17_OOS_REPORT.json,KEPT,selected_origin
C17,reports/cycle17/CYCLE17_WALK_FORWARD_REPORT.json,KEPT,selected_origin
C17,reports/cycle17/CYCLE17_BOOTSTRAP.json,KEPT,selected_origin
C17,reports/master_staff/MASTER_STAFF_SCIENTIFIC_STATUS.md,DUPLICATE,identical_to_C16
C17,reports/master_staff/NEGATIVE_RESULTS.csv,DUPLICATE,identical_to_C16
C17,reports/master_staff/MASTER_STAFF_VALUE_PRICING_EXECUTION.json,DUPLICATE,identical_to_C16
C17,reports/master_staff/SCIENTIFIC_STATUS_FINAL.md,DUPLICATE,identical_to_C16
C17,reports/master_staff/MASTER_STAFF_VALIDATION.json,DUPLICATE,identical_to_C16
C17,reports/master_staff/EVIDENCE_STATE.json,DUPLICATE,identical_to_C16
C17,reports/master_staff/FINAL_DELIVERY_SUMMARY.md,DUPLICATE,identical_to_C16
C17,reports/master_staff/MASTER_STAFF_ROUND_ANALYSIS_REPORT.md,DUPLICATE,identical_to_C16
C17,reports/master_staff/MASTER_STAFF_FINAL_SUMMARY.json,DUPLICATE,identical_to_C16
C17,reports/master_staff/MASTER_STAFF_EXECUTION.md,DUPLICATE,identical_to_C16
C17,reports/master_staff/MASTER_STAFF_H2H_RIVALRY_REPORT.md,DUPLICATE,identical_to_C16
C17,reports/master_staff/MASTER_STAFF_VALUE_PRICING_REPORT.md,DUPLICATE,identical_to_C16
C17,reports/master_staff/MASTER_STAFF_MARKET_QUALITY_REPORT.md,DUPLICATE,identical_to_C16
C17,reports/master_staff/TEST_EXECUTION_FINAL.json,DUPLICATE,identical_to_C16
C17,reports/master_staff/GLOBAL_PREMATCH_INTELLIGENCE_V2_TEST_REPORT.md,DUPLICATE,identical_to_C16
C17,reports/master_staff/MASTER_STAFF_CONTEXT_INTELLIGENCE.md,DUPLICATE,identical_to_C16
C17,reports/master_staff/LOCAL_ACQUISITION_SNAPSHOT_HASH_AUDIT.txt,DUPLICATE,identical_to_C16
C17,reports/master_staff/MASTER_STAFF_PLAYER_IMPACT_REPORT.md,DUPLICATE,identical_to_C16
C17,reports/master_staff/MASTER_STAFF_FINAL_REPORT.md,DUPLICATE,identical_to_C16
C17,reports/free_enrichment_v5/LINEUP_COVERAGE_REPORT.md,DUPLICATE,identical_to_C16
C17,reports/free_enrichment_v5/TEMPORAL_DATA_QUALITY_REPORT.md,DUPLICATE,identical_to_C16
C17,reports/free_enrichment_v5/NETWORK_PROBE.json,DISCARDED,conflict_resolved_in_favor_of_C18
C17,reports/free_enrichment_v5/SNAPSHOT_INTEGRITY_V5.txt,DUPLICATE,identical_to_C16
C17,reports/free_enrichment_v5/SOFASCORE_ASSESSMENT.md,DUPLICATE,identical_to_C16
C17,reports/free_enrichment_v5/FREE_DATA_COVERAGE_REPORT.md,DUPLICATE,identical_to_C16
C17,reports/free_enrichment_v5/PAID_DATA_GAP_REPORT.md,DUPLICATE,identical_to_C16
C17,reports/free_enrichment_v5/INJURY_COVERAGE_REPORT.md,DUPLICATE,identical_to_C16
C17,reports/free_enrichment_v5/ODDS_COVERAGE_REPORT.md,DUPLICATE,identical_to_C16
C17,reports/free_enrichment_v5/EVENT_COVERAGE_REPORT.md,DUPLICATE,identical_to_C16
C17,reports/free_enrichment_v5/PLAYER_COVERAGE_REPORT.md,DUPLICATE,identical_to_C16
C17,reports/free_enrichment_v5/SECURITY_SCAN_V5.txt,DUPLICATE,identical_to_C16
C17,reports/free_enrichment_v5/PIT_COVERAGE_REPORT.md,DUPLICATE,identical_to_C16
C17,reports/free_enrichment_v5/GLOBAL_ENRICHMENT_STATUS_V5.json,DISCARDED,conflict_resolved_in_favor_of_C18
C17,reports/free_enrichment_v5/XG_COVERAGE_REPORT.md,DUPLICATE,identical_to_C16
C17,reports/free_enrichment_v5/SUSPENSION_COVERAGE_REPORT.md,DUPLICATE,identical_to_C16
C17,reports/free_enrichment_v5/GLOBAL_DATA_COVERAGE_REPORT.md,DUPLICATE,identical_to_C16
C17,reports/context_intelligence/CONTEXT_INTELLIGENCE_REPORT.md,DUPLICATE,identical_to_C16
C17,reports/context_intelligence/INJURY_RETURN_REPORT.md,DUPLICATE,identical_to_C16
C17,reports/context_intelligence/PLAYER_IMPACT_REPORT.md,DUPLICATE,identical_to_C16
C17,reports/context_intelligence/COMPETITIVE_MOTIVATION_REPORT.md,DUPLICATE,identical_to_C16
C17,reports/context_intelligence/PATTERN_DISCOVERY_NEGATIVE_RESULTS.md,DUPLICATE,identical_to_C16
C17,reports/context_intelligence/PATTERN_DISCOVERY_WALK_FORWARD.md,DUPLICATE,identical_to_C16
C17,reports/context_intelligence/PATTERN_DISCOVERY_MULTIPLE_TESTING.md,DUPLICATE,identical_to_C16
C17,reports/context_intelligence/PATTERN_DISCOVERY_OOS.md,DUPLICATE,identical_to_C16
C17,reports/context_intelligence/FINAL_VALIDATION.json,DUPLICATE,identical_to_C16
C17,reports/context_intelligence/PATTERN_DISCOVERY_GLOBAL_REPORT.md,DUPLICATE,identical_to_C16
C17,reports/cycle2/CYCLE2_PRICING_OVER25.csv,DUPLICATE,identical_to_C16
C17,reports/cycle2/CYCLE2_EXPERIMENT_REGISTRY.jsonl,DUPLICATE,identical_to_C16
C17,reports/cycle2/CYCLE2_PRICING_HOME.csv,DUPLICATE,identical_to_C16
C17,reports/cycle2/CYCLE2_FEATURE_COMPARISON_COMMON_SAMPLE.csv,DUPLICATE,identical_to_C16
C17,reports/cycle2/CYCLE2_SIZING_SIMULATION.csv,DUPLICATE,identical_to_C16
C17,reports/cycle2/CYCLE2_RESEARCH_FEATURES.csv,DUPLICATE,identical_to_C16
C17,reports/cycle2/CYCLE2_ABLATION_SUMMARY.csv,DUPLICATE,identical_to_C16
C17,reports/cycle2/CYCLE2_MARKET_DIVERGENCE_SUMMARY.csv,DUPLICATE,identical_to_C16
C17,reports/cycle2/CYCLE2_ODDS_BUCKETS.csv,DUPLICATE,identical_to_C16
C17,reports/cycle2/CYCLE2_MARKET_DIVERGENCE.csv,DUPLICATE,identical_to_C16
C17,reports/cycle2/CYCLE2_MODEL_RESULTS.csv,DUPLICATE,identical_to_C16
C17,reports/cycle2/CYCLE2_MARKET_ONLY_RESULTS.csv,DUPLICATE,identical_to_C16
C17,reports/cycle2/CYCLE2_MODEL_SUMMARY.csv,DUPLICATE,identical_to_C16
C17,reports/cycle2/market_only_pricing_oos.csv,DUPLICATE,identical_to_C16
C17,reports/cycle2/CYCLE2_EXECUTIVE_REPORT.md,DUPLICATE,identical_to_C16
C17,reports/cycle2/CYCLE2_ABLATION_RESULTS.csv,DUPLICATE,identical_to_C16
C17,reports/cycle2/CYCLE2_MARKET_ONLY_COMMON_SAMPLE.csv,DUPLICATE,identical_to_C16
C17,reports/cycle2/CYCLE2_BASELINE_CANDIDATE_COMPARISON.csv,DUPLICATE,identical_to_C16
C17,reports/cycle2/robo_logistic_full_pricing_oos.csv,DUPLICATE,identical_to_C16
C17,reports/expansion/BLOCKED_SOURCES.md,DUPLICATE,identical_to_C16
C17,reports/expansion/FINAL_EXPANSION_AUDIT.md,DUPLICATE,identical_to_C16
C17,reports/expansion/DATA_ACQUISITION_REPORT.md,DUPLICATE,identical_to_C16
C17,reports/expansion/MATERIALIZED_SOURCES.md,DUPLICATE,identical_to_C16
C17,reports/expansion/GLOBAL_COMPETITION_PLAN.md,DUPLICATE,identical_to_C16
C17,reports/expansion/EXPANSION_EXECUTION.json,DUPLICATE,identical_to_C16
C17,reports/expansion/BEFORE_VS_AFTER.md,DUPLICATE,identical_to_C16
C17,reports/v18/V18_RESEARCH_EXECUTION.json,DUPLICATE,identical_to_C16
C17,reports/v18/V18_FULL_SYSTEM_VALIDATION.json,DUPLICATE,identical_to_C16
C17,reports/real_data_pilot/DATA_QUALITY.json,DUPLICATE,identical_to_C16
C17,reports/real_data_pilot/MARKET_ONLY_1X2.json,DUPLICATE,identical_to_C16
C17,reports/real_data_pilot/DATASET_MANIFEST.json,DUPLICATE,identical_to_C16
C17,reports/rounds/2026-08-20/ROUND_2026-08-20_MATCH_REGISTRY.csv,DUPLICATE,identical_to_C16
C17,reports/rounds/2026-08-20/ROUND_2026-08-20_INTERNAL_MODEL_COVERAGE.csv,DUPLICATE,identical_to_C16
C17,reports/rounds/2026-08-20/ROUND_2026-08-20_MARKET_REFERENCES.csv,DUPLICATE,identical_to_C16
C17,reports/rounds/2026-08-20/ROUND_2026-08-20_MASTER_STAFF_REPORT.md,DUPLICATE,identical_to_C16
C17,reports/rounds/2026-08-20/ROUND_2026-08-20_FINAL_REPORT.md,DUPLICATE,identical_to_C16
C17,reports/rounds/2026-08-20/ROUND_2026-08-20_ACQUISITION_MANIFEST.csv,DUPLICATE,identical_to_C16
C17,reports/rounds/2026-08-20/ROUND_2026-08-20_MASTER_STAFF_SUMMARY.json,DUPLICATE,identical_to_C16
C17,reports/rounds/2026-08-20/ROUND_2026-08-20_SUMMARY.json,DUPLICATE,identical_to_C16
C17,reports/v18/execution/pytest.txt,DUPLICATE,identical_to_C16
C17,reports/v18/execution/frontend_npm_test.txt,DUPLICATE,identical_to_C16
C17,reports/v18/execution/v17_research.txt,DUPLICATE,identical_to_C16
C17,reports/v18/execution/frontend_build.exit,DUPLICATE,identical_to_C16
C17,reports/v18/execution/api_routes.txt,DUPLICATE,identical_to_C16
C17,reports/v18/execution/v17_full_validation.txt,DUPLICATE,identical_to_C16
C17,reports/v18/execution/frontend_build.txt,DUPLICATE,identical_to_C16
C17,reports/v18/execution/v18_research.txt,DUPLICATE,identical_to_C16
C17,reports/v18/execution/self_test.txt,DUPLICATE,identical_to_C16
C17,reports/v18/execution/environment.txt,DUPLICATE,identical_to_C16
C17,reports/v18/execution/v17_acquisition.txt,DUPLICATE,identical_to_C16
C17,reports/v18/execution/compileall.txt,DUPLICATE,identical_to_C16
C17,reports/v18/execution/v18_acquisition.txt,DUPLICATE,identical_to_C16
C17,reports/v18/execution/v18_full_validation.txt,DUPLICATE,identical_to_C16
C17,reports/phase3/global/SOURCE_DISCOVERY_MATRIX.csv,DUPLICATE,identical_to_C16
C17,tests/v24/test_v24.py,DUPLICATE,identical_to_C16
C17,tests/round_scan/test_round_20260820.py,DUPLICATE,identical_to_C16
C17,tests/conmebol/test_pipeline.py,DUPLICATE,identical_to_C16
C17,tests/v5/test_v5_integrity.py,DUPLICATE,identical_to_C16
C17,tests/v21/test_notifications.py,DUPLICATE,identical_to_C16
C17,tests/v21/test_controls.py,DUPLICATE,identical_to_C16
C17,tests/v21/test_api.py,DUPLICATE,identical_to_C16
C17,tests/v21/test_live_monitor.py,DUPLICATE,identical_to_C16
C17,tests/v21/test_service.py,DUPLICATE,identical_to_C16
C17,tests/v21/test_ledger.py,DUPLICATE,identical_to_C16
C17,tests/v21/test_quality_controls.py,DUPLICATE,identical_to_C16
C17,tests/v21/test_realtime.py,DUPLICATE,identical_to_C16
C17,tests/v16/test_decision_replay.py,DUPLICATE,identical_to_C16
C17,tests/v16/test_scientific_gates.py,DUPLICATE,identical_to_C16
C17,tests/free_enrichment_v4/test_state_machine.py,DUPLICATE,identical_to_C16
C17,tests/v22/test_v22.py,DUPLICATE,identical_to_C16
C17,tests/v25/test_v25.py,DUPLICATE,identical_to_C16
C17,tests/v25/test_card_market_integration.py,DUPLICATE,identical_to_C16
C17,tests/v25/test_cards.py,DUPLICATE,identical_to_C16
C17,tests/v25/test_market_math.py,DUPLICATE,identical_to_C16
C17,tests/v25/test_card_provider.py,DUPLICATE,identical_to_C16
C17,tests/master_staff/test_post_match_coverage.py,DUPLICATE,identical_to_C16
C17,tests/master_staff/test_master_staff.py,DUPLICATE,identical_to_C16
C17,tests/master_staff/test_source_conflict_temporal.py,DUPLICATE,identical_to_C16
C17,tests/master_staff/test_value_pricing_quality.py,DUPLICATE,identical_to_C16
C17,tests/master_staff/test_master_staff_specialist.py,DUPLICATE,identical_to_C16
C17,tests/master_staff/test_context_temporal.py,DUPLICATE,identical_to_C16
C17,tests/master_staff/test_context_transfer.py,DUPLICATE,identical_to_C16
C17,tests/master_staff/test_round_analyzer.py,DUPLICATE,identical_to_C16
C17,tests/research/test_cycle4_adapter.py,DUPLICATE,identical_to_C16
C17,tests/research/test_cycle3_selection.py,DUPLICATE,identical_to_C16
C17,tests/research/test_cycle4_pit.py,DUPLICATE,identical_to_C16
C17,tests/research/test_cycle2.py,DUPLICATE,identical_to_C16
C17,tests/research/test_cycle3_protocol.py,DUPLICATE,identical_to_C16
C17,tests/expansion/test_global_expansion.py,DUPLICATE,identical_to_C16
C17,tests/v23/test_v23.py,DUPLICATE,identical_to_C16
C17,tests/research/cycle17/test_exact_pit_v17.py,KEPT,selected_origin
C17,tests/research/cycle17/test_h005_v17.py,KEPT,selected_origin
C18,SNAPSHOT_HASHES_V6_AFTER.json,DUPLICATE,identical_to_C16
C18,V19_SCORELINE_REPORT.md,DUPLICATE,identical_to_C16
C18,CONTEXT_INTELLIGENCE_REPORT.md,DUPLICATE,identical_to_C16
C18,FREE_GLOBAL_ENRICHMENT_MASTER_V3_FINAL_REPORT.md,DUPLICATE,identical_to_C16
C18,V25_PAPER_SHADOW_REPORT.md,DUPLICATE,identical_to_C16
C18,DATA_QUALITY_REPORT.md,DUPLICATE,identical_to_C16
C18,V8_PAID_GAP_MATRIX.csv,DUPLICATE,identical_to_C16
C18,GLOBAL_ENRICHMENT_STATUS.json,DUPLICATE,identical_to_C16
C18,V22_PAPER_TRADING_REPORT.md,DUPLICATE,identical_to_C16
C18,V24_FRONTEND_AUDIT.md,DUPLICATE,identical_to_C16
C18,V15_SHA256.txt,DUPLICATE,identical_to_C16
C18,V17_CALIBRATION_REPORT.md,DUPLICATE,identical_to_C16
C18,DATA_GAP_MATRIX.csv,DUPLICATE,identical_to_C16
C18,FINAL_INFRASTRUCTURE_REPORT.md,DUPLICATE,identical_to_C16
C18,V18_ROBUSTNESS_REPORT.md,DUPLICATE,identical_to_C16
C18,V22_OBSERVABILITY_AUDIT.md,DUPLICATE,identical_to_C16
C18,V21_DATA_QUALITY_REPORT.md,DUPLICATE,identical_to_C16
C18,V6_IMPLEMENTATION_NOTES.md,DUPLICATE,identical_to_C16
C18,V17_MATRIX.md,DUPLICATE,identical_to_C16
C18,V8_LINEUP_REPORT.md,DUPLICATE,identical_to_C16
C18,V16_SHA256.txt,DUPLICATE,identical_to_C16
C18,V25_FRONTEND_AUDIT.md,DUPLICATE,identical_to_C16
C18,GLOBAL_ACQUISITION_REPORT_V6.md,DUPLICATE,identical_to_C16
C18,V19_DATA_ACQUISITION_REPORT.md,DUPLICATE,identical_to_C16
C18,V16_EXPERIMENTS_REPORT.md,DUPLICATE,identical_to_C16
C18,LINEUP_COVERAGE_REPORT.md,DUPLICATE,identical_to_C16
C18,V25_ARCHITECTURE_AUDIT.md,DUPLICATE,identical_to_C16
C18,V22_ARCHITECTURE_AUDIT.md,DUPLICATE,identical_to_C16
C18,FINAL_REGRESSION_AUDIT.md,DUPLICATE,identical_to_C16
C18,V18_BENCHMARK_REPORT.md,DUPLICATE,identical_to_C16
C18,DATASET_FINAL_COUNTS.json,DUPLICATE,identical_to_C16
C18,DATA_ENRICHMENT_FINAL_REPORT.md,DUPLICATE,identical_to_C16
C18,V19_EXPERIMENTS_REPORT.md,DUPLICATE,identical_to_C16
C18,V23_SECURITY_AUDIT.md,DUPLICATE,identical_to_C16
C18,FREE_DATA_COVERAGE_MATRIX_V4.csv,DUPLICATE,identical_to_C16
C18,V19_MARKET_DISLOCATION_REPORT.md,DUPLICATE,identical_to_C16
C18,FINAL_DATABASE_AUDIT.md,DUPLICATE,identical_to_C16
C18,V20_CLASSIFICATION.md,DUPLICATE,identical_to_C16
C18,V16_OOS_REPORT.md,DUPLICATE,identical_to_C16
C18,PLAYER_COVERAGE_REPORT_V6.md,DUPLICATE,identical_to_C16
C18,ACQUISITION_MANIFEST_FINAL.json,DUPLICATE,identical_to_C16
C18,RUN_FREE_ACQUISITION.sh,DUPLICATE,identical_to_C16
C18,INJURY_RETURN_REPORT.md,DUPLICATE,identical_to_C16
C18,SCIENTIFIC_STATUS_FINAL.md,DUPLICATE,identical_to_C16
C18,V22_E2E_REPORT.md,DUPLICATE,identical_to_C16
C18,CARD_MARKET_REPORT.md,DUPLICATE,identical_to_C16
C18,TEMPORAL_DATA_QUALITY_REPORT.md,DUPLICATE,identical_to_C16
C18,FREE_SOURCE_COVERAGE_MATRIX.csv,DUPLICATE,identical_to_C16
C18,V22_SHADOW_TRADING_REPORT.md,DUPLICATE,identical_to_C16
C18,V8_LOCAL_DATA_INVENTORY.csv,DUPLICATE,identical_to_C16
C18,V16_REGRESSION_AUDIT.md,DUPLICATE,identical_to_C16
C18,FREE_DATA_ENRICHMENT_FINAL_REPORT.md,DUPLICATE,identical_to_C16
C18,V25_SECURITY_AUDIT.md,DUPLICATE,identical_to_C16
C18,FINAL_DATA_AUDIT.md,DUPLICATE,identical_to_C16
C18,V23_REGRESSION_AUDIT.md,DUPLICATE,identical_to_C16
C18,prometheus.yml,DUPLICATE,identical_to_C16
C18,V23_FINAL_REPORT.md,DUPLICATE,identical_to_C16
C18,V8_INJURY_REPORT.md,DUPLICATE,identical_to_C16
C18,V23_QUANT_AUDIT.md,DUPLICATE,identical_to_C16
C18,SOURCE_COVERAGE_MATRIX_V6.csv,DUPLICATE,identical_to_C16
C18,V24_REAL_FEED_REPORT.md,DUPLICATE,identical_to_C16
C18,V18_CALIBRATION_REPORT.md,DUPLICATE,identical_to_C16
C18,LINEUP_COVERAGE_REPORT_V6.md,DUPLICATE,identical_to_C16
C18,V23_DATASET_REPORT.md,DUPLICATE,identical_to_C16
C18,SOFASCORE_ASSESSMENT.md,DUPLICATE,identical_to_C16
C18,V17_FINAL_SYSTEM_AUDIT.md,DUPLICATE,identical_to_C16
C18,V16_BENCHMARK_REPORT.md,DUPLICATE,identical_to_C16
C18,CYCLE18.diff,KEPT,selected_origin
C18,FINAL_ARCHITECTURE_AUDIT.md,DUPLICATE,identical_to_C16
C18,V25_LIVE_AUDIT.md,DUPLICATE,identical_to_C16
C18,CONMEBOL_NEGATIVE_RESULTS.csv,DUPLICATE,identical_to_C16
C18,CONMEBOL_MULTIPLE_TESTING.csv,DUPLICATE,identical_to_C16
C18,V22_DATA_AUDIT.md,DUPLICATE,identical_to_C16
C18,FINAL_MASTER_REPORT.md,DUPLICATE,identical_to_C16
C18,V17_DATA_ACQUISITION_REPORT.md,DUPLICATE,identical_to_C16
C18,FINAL_FILE_HASHES.csv,DUPLICATE,identical_to_C16
C18,V19_FINAL_REPORT.md,DUPLICATE,identical_to_C16
C18,V19_MATRIX.md,DUPLICATE,identical_to_C16
C18,V19_ROBUSTNESS_REPORT.md,DUPLICATE,identical_to_C16
C18,V25_FINAL_REPORT.md,DUPLICATE,identical_to_C16
C18,RUN_FREE_GLOBAL_ENRICHMENT_V4.sh,DUPLICATE,identical_to_C16
C18,V16_CALIBRATION_REPORT.md,DUPLICATE,identical_to_C16
C18,PATTERN_DISCOVERY_NEXT_HYPOTHESES.csv,DUPLICATE,identical_to_C16
C18,V18_PIT_AUDIT.md,DUPLICATE,identical_to_C16
C18,V25_PRODUCTION_READINESS.md,DUPLICATE,identical_to_C16
C18,V14.2_SOURCE_COMPARISON.md,DUPLICATE,identical_to_C16
C18,V17_OOS_REPORT.md,DUPLICATE,identical_to_C16
C18,FINAL_DELIVERY_SUMMARY.md,DUPLICATE,identical_to_C16
C18,V23_DATA_AUDIT.md,DUPLICATE,identical_to_C16
C18,XG_COVERAGE_REPORT_V6.md,DUPLICATE,identical_to_C16
C18,V25_REGRESSION_AUDIT.md,DUPLICATE,identical_to_C16
C18,V22_DATABASE_AUDIT.md,DUPLICATE,identical_to_C16
C18,V23_DATABASE_AUDIT.md,DUPLICATE,identical_to_C16
C18,ACQUISITION_MANIFEST_V5.json,DUPLICATE,identical_to_C16
C18,FINAL_AUDIT_MATRIX.md,DUPLICATE,identical_to_C16
C18,V14_AUDIT_CONFIRMATION.md,DUPLICATE,identical_to_C16
C18,FINAL_MASTER_AUDIT.md,DUPLICATE,identical_to_C16
C18,MARKET_RESEARCH_REPORT.md,DUPLICATE,identical_to_C16
C18,V17_DATA_QUALITY_REPORT.md,DUPLICATE,identical_to_C16
C18,LOCAL_DATA_REDISCOVERY_REPORT_V7.md,DUPLICATE,identical_to_C16
C18,V25_SHA256.txt,DUPLICATE,identical_to_C16
C18,V22_FINAL_REPORT.md,DUPLICATE,identical_to_C16
C18,FINAL_QUANT_AUDIT.md,DUPLICATE,identical_to_C16
C18,V7_DATA_GAP_MATRIX.csv,DUPLICATE,identical_to_C16
C18,V7_BEFORE_AFTER_MATRIX.csv,DUPLICATE,identical_to_C16
C18,V8_XG_REPORT.md,DUPLICATE,identical_to_C16
C18,V23_REAL_DATA_REPORT.md,DUPLICATE,identical_to_C16
C18,V23_PAPER_SHADOW_REPORT.md,DUPLICATE,identical_to_C16
C18,.env.example,DUPLICATE,identical_to_C16
C18,V8_EVENT_REPORT.md,DUPLICATE,identical_to_C16
C18,V14_DATA_SOURCES.md,DUPLICATE,identical_to_C16
C18,V17_BENCHMARK_REPORT.md,DUPLICATE,identical_to_C16
C18,V16_BACKTEST_REPORT.md,DUPLICATE,identical_to_C16
C18,PATTERN_DISCOVERY_STATISTICAL_RESULTS.json,DUPLICATE,identical_to_C16
C18,EVENT_COVERAGE_REPORT_V6.md,DUPLICATE,identical_to_C16
C18,V22_DATASET_REPORT.md,DUPLICATE,identical_to_C16
C18,SUSPENSION_COVERAGE_REPORT_V6.md,DUPLICATE,identical_to_C16
C18,CYCLE17_ARTIFACT_SHA256.txt,DUPLICATE,identical_to_C17
C18,PATTERN_DISCOVERY_FEATURE_IMPORTANCE.csv,DUPLICATE,identical_to_C16
C18,FINAL_E2E_REPORT.md,DUPLICATE,identical_to_C16
C18,V6_TEST_REPORT.md,DUPLICATE,identical_to_C16
C18,PLAYER_IMPACT_REPORT.md,DUPLICATE,identical_to_C16
C18,V22_REDIS_AUDIT.md,DUPLICATE,identical_to_C16
C18,PAID_DATA_GAP_REPORT.md,DUPLICATE,identical_to_C16
C18,V17_PIT_AUDIT.md,DUPLICATE,identical_to_C16
C18,COMPETITIVE_MOTIVATION_REPORT.md,DUPLICATE,identical_to_C16
C18,V25_PRE_IMPLEMENTATION_AUDIT.md,DUPLICATE,identical_to_C16
C18,PAID_PROVIDER_COST_MATRIX.csv,DUPLICATE,identical_to_C16
C18,INJURY_COVERAGE_REPORT.md,DUPLICATE,identical_to_C16
C18,V19_DATA_QUALITY_REPORT.md,DUPLICATE,identical_to_C16
C18,V24_OBSERVABILITY_AUDIT.md,DUPLICATE,identical_to_C16
C18,V23_LIVE_AUDIT.md,DUPLICATE,identical_to_C16
C18,V22_FRONTEND_AUDIT.md,DUPLICATE,identical_to_C16
C18,V23_OBSERVABILITY_AUDIT.md,DUPLICATE,identical_to_C16
C18,V25_QUANT_AUDIT.md,DUPLICATE,identical_to_C16
C18,README_FREE_DATA_ENRICHMENT.md,DUPLICATE,identical_to_C16
C18,V24_REDIS_AUDIT.md,DUPLICATE,identical_to_C16
C18,V23_ARCHITECTURE_AUDIT.md,DUPLICATE,identical_to_C16
C18,PATTERN_DISCOVERY_NEGATIVE_RESULTS.md,DUPLICATE,identical_to_C16
C18,PATTERN_DISCOVERY_AUDIT.md,DUPLICATE,identical_to_C16
C18,SOFASCORE_ASSESSMENT_V6.md,DUPLICATE,identical_to_C16
C18,MARKET_COMPARISON_REPORT.md,DUPLICATE,identical_to_C16
C18,V16_DATA_QUALITY_REPORT.md,DUPLICATE,identical_to_C16
C18,V8_FINAL_COUNTS.json,DUPLICATE,identical_to_C16
C18,ODDS_COVERAGE_REPORT.md,DUPLICATE,identical_to_C16
C18,V18_EXPERIMENTS_REPORT.md,DUPLICATE,identical_to_C16
C18,V14.2_DATA_ACQUISITION.md,DUPLICATE,identical_to_C16
C18,SOURCE_ARTIFACT_MANIFEST_V6.csv,DUPLICATE,identical_to_C16
C18,V19_FINAL_SYSTEM_AUDIT.md,DUPLICATE,identical_to_C16
C18,EVENT_COVERAGE_REPORT.md,DUPLICATE,identical_to_C16
C18,V8_ACQUISITION_REPORT.md,DUPLICATE,identical_to_C16
C18,V25_MARKET_ENGINE_AUDIT.md,DUPLICATE,identical_to_C16
C18,V23_AI_AUDIT.md,DUPLICATE,identical_to_C16
C18,FREE_SOURCE_COVERAGE_MATRIX_V3.csv,DUPLICATE,identical_to_C16
C18,HOLDOUT_REPORT.md,DUPLICATE,identical_to_C16
C18,V24_REGRESSION_AUDIT.md,DUPLICATE,identical_to_C16
C18,PLAYER_COVERAGE_REPORT.md,DUPLICATE,identical_to_C16
C18,V19_OOS_REPORT.md,DUPLICATE,identical_to_C16
C18,FINAL_FRONTEND_AUDIT.md,DUPLICATE,identical_to_C16
C18,V19_PRICING_AUDIT.md,DUPLICATE,identical_to_C16
C18,V24_DATABASE_AUDIT.md,DUPLICATE,identical_to_C16
C18,CONMEBOL_PATTERN_RESULTS.csv,DUPLICATE,identical_to_C16
C18,WALK_FORWARD_REPORT.md,DUPLICATE,identical_to_C16
C18,PATTERN_DISCOVERY_WALK_FORWARD.md,DUPLICATE,identical_to_C16
C18,PIT_COVERAGE_REPORT.md,DUPLICATE,identical_to_C16
C18,FINAL_SCIENTIFIC_STATUS.md,DUPLICATE,identical_to_C16
C18,GLOBAL_FREE_DATA_DISCOVERY_REPORT.md,DUPLICATE,identical_to_C16
C18,LICENSE,DUPLICATE,identical_to_C16
C18,V21_DASHBOARD_REPORT.md,DUPLICATE,identical_to_C16
C18,ENTITY_RESOLUTION_REPORT_V6.md,DUPLICATE,identical_to_C16
C18,V21_REALTIME_REPORT.md,DUPLICATE,identical_to_C16
C18,README.md,DUPLICATE,identical_to_C16
C18,EMPIRICAL_RESEARCH_REPORT.md,DUPLICATE,identical_to_C16
C18,V8_PUBLIC_DATASET_DISCOVERY.csv,DUPLICATE,identical_to_C16
C18,PATTERN_DISCOVERY_MULTIPLE_TESTING.md,DUPLICATE,identical_to_C16
C18,V25_REDIS_AUDIT.md,DUPLICATE,identical_to_C16
C18,V21_LIVE_ENGINE_REPORT.md,DUPLICATE,identical_to_C16
C18,V20_DATA_ACQUISITION_REPORT.md,DUPLICATE,identical_to_C16
C18,V22_SHA256.txt,DUPLICATE,identical_to_C16
C18,V15_REGRESSION_AUDIT.md,DUPLICATE,identical_to_C16
C18,GLOBAL_DATA_COVERAGE_REPORT_V6.md,DUPLICATE,identical_to_C16
C18,V24_DATASET_REPORT.md,DUPLICATE,identical_to_C16
C18,FINAL_REDIS_AUDIT.md,DUPLICATE,identical_to_C16
C18,V14.2_FINAL_REPORT.md,DUPLICATE,identical_to_C16
C18,V15_QUANTITATIVE_CONTROLS.md,DUPLICATE,identical_to_C16
C18,FEEDBACK_REVIEW.md,DUPLICATE,identical_to_C16
C18,V19_CALIBRATION_REPORT.md,DUPLICATE,identical_to_C16
C18,V18_CLV_REPORT.md,DUPLICATE,identical_to_C16
C18,PATTERN_DISCOVERY_SEGMENTS.csv,DUPLICATE,identical_to_C16
C18,pytest.ini,DUPLICATE,identical_to_C16
C18,CYCLE17.diff,DUPLICATE,identical_to_C17
C18,V21_PAPER_TRADING_REPORT.md,DUPLICATE,identical_to_C16
C18,V25_DATABASE_AUDIT.md,DUPLICATE,identical_to_C16
C18,V7_MASTER_STAFF_REPORT.md,DUPLICATE,identical_to_C16
C18,CONMEBOL_HYPOTHESES.csv,DUPLICATE,identical_to_C16
C18,V24_FINAL_REPORT.md,DUPLICATE,identical_to_C16
C18,V17_SECURITY_AUDIT.md,DUPLICATE,identical_to_C16
C18,V17_SHA256.txt,DUPLICATE,identical_to_C16
C18,INJURY_COVERAGE_REPORT_V6.md,DUPLICATE,identical_to_C16
C18,V17_DATA_SNOOPING_AUDIT.md,DUPLICATE,identical_to_C16
C18,V22_REALTIME_REPORT.md,DUPLICATE,identical_to_C16
C18,V17_BACKTEST_REPORT.md,DUPLICATE,identical_to_C16
C18,FINAL_DATASET_REPORT.md,DUPLICATE,identical_to_C16
C18,V25_BACKEND_AUDIT.md,DUPLICATE,identical_to_C16
C18,DATA_ACQUISITION_REPORT.md,DUPLICATE,identical_to_C16
C18,V25_AI_AUDIT.md,DUPLICATE,identical_to_C16
C18,FINAL_BACKEND_AUDIT.md,DUPLICATE,identical_to_C16
C18,V18_BACKTEST_REPORT.md,DUPLICATE,identical_to_C16
C18,FINAL_OBSERVABILITY_AUDIT.md,DUPLICATE,identical_to_C16
C18,V25_REAL_DATA_REPORT.md,DUPLICATE,identical_to_C16
C18,V16_FINAL_REPORT.md,DUPLICATE,identical_to_C16
C18,EXACT_PIT_REPORT_V6.md,DUPLICATE,identical_to_C16
C18,DATA_COVERAGE_SCORE_V6.md,DUPLICATE,identical_to_C16
C18,V24_AI_AUDIT.md,DUPLICATE,identical_to_C16
C18,V23_FRONTEND_AUDIT.md,DUPLICATE,identical_to_C16
C18,GLOBAL_DATASET_V6_FINAL_REPORT.md,DUPLICATE,identical_to_C16
C18,V8_MASTER_STAFF_REPORT.md,DUPLICATE,identical_to_C16
C18,API_READINESS_MATRIX_V3.csv,DUPLICATE,identical_to_C16
C18,FINAL_SECURITY_AUDIT.md,DUPLICATE,identical_to_C16
C18,FINAL_REGRESSION_REPORT.md,DUPLICATE,identical_to_C16
C18,V8_EXECUTION_EVIDENCE.json,DUPLICATE,identical_to_C16
C18,CONTEXT_TRANSFER_README.md,DUPLICATE,identical_to_C16
C18,PATTERN_DISCOVERY_NEGATIVE_RESULTS.csv,DUPLICATE,identical_to_C16
C18,V21_QUANTITATIVE_AUDIT.md,DUPLICATE,identical_to_C16
C18,V24_PRODUCTION_READINESS.md,DUPLICATE,identical_to_C16
C18,.gitignore,DUPLICATE,identical_to_C16
C18,V7_EXECUTION_EVIDENCE.json,DUPLICATE,identical_to_C16
C18,LOCAL_DATA_ACQUISITION_FINAL_REPORT.md,DUPLICATE,identical_to_C16
C18,V22_AI_AUDIT.md,DUPLICATE,identical_to_C16
C18,CONMEBOL_DATASET_COVERAGE.csv,DUPLICATE,identical_to_C16
C18,docker-compose.yml,DUPLICATE,identical_to_C16
C18,CARD_MARKET_AUDIT.md,DUPLICATE,identical_to_C16
C18,MARKET_RESEARCH_REPORT.md.tmp,DUPLICATE,identical_to_C16
C18,V21_LEDGER_REPORT.md,DUPLICATE,identical_to_C16
C18,V8_BEFORE_AFTER_MATRIX.csv,DUPLICATE,identical_to_C16
C18,V14_FINAL_REPORT.md,DUPLICATE,identical_to_C16
C18,V24_PAPER_SHADOW_REPORT.md,DUPLICATE,identical_to_C16
C18,V7_PIT_REPORT.md,DUPLICATE,identical_to_C16
C18,FINAL_PRODUCTION_READINESS.md,DUPLICATE,identical_to_C16
C18,ODDS_PIT_REPORT_V6.md,DUPLICATE,identical_to_C16
C18,V19_REGRESSION_AUDIT.md,DUPLICATE,identical_to_C16
C18,V25_OBSERVABILITY_AUDIT.md,DUPLICATE,identical_to_C16
C18,AVAILABILITY_COVERAGE_REPORT.md,DUPLICATE,identical_to_C16
C18,V18_DATA_QUALITY_REPORT.md,DUPLICATE,identical_to_C16
C18,V17_FINAL_REPORT.md,DUPLICATE,identical_to_C16
C18,FREE_DATA_REPORT_V6.md,DUPLICATE,identical_to_C16
C18,V4_FINAL_VERDICT.md,DUPLICATE,identical_to_C16
C18,V24_E2E_REPORT.md,DUPLICATE,identical_to_C16
C18,OOS_HOLDOUT_REPORT.md,DUPLICATE,identical_to_C16
C18,V18_REGRESSION_AUDIT.md,DUPLICATE,identical_to_C16
C18,PREMATCH_DATA_READINESS_REPORT.md,DUPLICATE,identical_to_C16
C18,V22_REGRESSION_AUDIT.md,DUPLICATE,identical_to_C16
C18,V24_QUANT_AUDIT.md,DUPLICATE,identical_to_C16
C18,V25_DATASET_REPORT.md,DUPLICATE,identical_to_C16
C18,V6_ACQUISITION_METRICS.json,DUPLICATE,identical_to_C16
C18,V19_SYSTEM_AUDIT.md,DUPLICATE,identical_to_C16
C18,V19_PRE_IMPLEMENTATION_AUDIT.md,DUPLICATE,identical_to_C16
C18,XG_COVERAGE_REPORT.md,DUPLICATE,identical_to_C16
C18,V8_ODDS_REPORT.md,DUPLICATE,identical_to_C16
C18,V21_PERFORMANCE_REPORT.md,DUPLICATE,identical_to_C16
C18,SNAPSHOT_HASHES_V6_BEFORE.json,DUPLICATE,identical_to_C16
C18,SOURCE_REGISTRY_V4.json,DUPLICATE,identical_to_C16
C18,V19_SHA256.txt,DUPLICATE,identical_to_C16
C18,PATTERN_DISCOVERY_OOS.md,DUPLICATE,identical_to_C16
C18,V24_ARCHITECTURE_AUDIT.md,DUPLICATE,identical_to_C16
C18,V14_IMPROVEMENT_REPORT.md,DUPLICATE,identical_to_C16
C18,MODEL_COMPARISON_REPORT.md,DUPLICATE,identical_to_C16
C18,PATTERN_DISCOVERY_FINAL_REPORT.md,DUPLICATE,identical_to_C16
C18,OOS_REPORT.md,DUPLICATE,identical_to_C16
C18,ENTITY_RESOLUTION_REPORT.md,DUPLICATE,identical_to_C16
C18,FINAL_READINESS_REPORT.md,DUPLICATE,identical_to_C16
C18,ACQUISITION_FAILURE_REPORT.md,DUPLICATE,identical_to_C16
C18,SUSPENSION_COVERAGE_REPORT.md,DUPLICATE,identical_to_C16
C18,V17_REGRESSION_AUDIT.md,DUPLICATE,identical_to_C16
C18,FREE_GLOBAL_ENRICHMENT_MASTER_V5_README.md,DUPLICATE,identical_to_C16
C18,PATTERN_DISCOVERY_HYPOTHESES.csv,DUPLICATE,identical_to_C16
C18,V17_SOURCE_AUDIT.md,DUPLICATE,identical_to_C16
C18,V21_REGRESSION_AUDIT.md,DUPLICATE,identical_to_C16
C18,CONMEBOL_STATISTICAL_RESULTS.json,DUPLICATE,identical_to_C16
C18,RUN_FREE_ACQUISITION.ps1,DUPLICATE,identical_to_C16
C18,CLV_REPORT.md,DUPLICATE,identical_to_C16
C18,V15_FINAL_REPORT.md,DUPLICATE,identical_to_C16
C18,WEB_VERIFIED_DATA_SOURCES.md,DUPLICATE,identical_to_C16
C18,CONMEBOL_AUDIT.md,DUPLICATE,identical_to_C16
C18,V23_E2E_REPORT.md,DUPLICATE,identical_to_C16
C18,V14.2_SHA256.txt,DUPLICATE,identical_to_C16
C18,V17_CLV_REPORT.md,DUPLICATE,identical_to_C16
C18,V21_SHA256.txt,DUPLICATE,identical_to_C16
C18,FINAL_GAPS_REPORT.md,DUPLICATE,identical_to_C16
C18,TEMPORAL_INTEGRITY_REPORT_V6.md,DUPLICATE,identical_to_C16
C18,V18_FINAL_REPORT.md,DUPLICATE,identical_to_C16
C18,V24_SECURITY_AUDIT.md,DUPLICATE,identical_to_C16
C18,data.csv,DUPLICATE,identical_to_C16
C18,FINAL_28_QUESTIONS.md,DUPLICATE,identical_to_C16
C18,MASTER_STAFF_README.md,DUPLICATE,identical_to_C16
C18,V21_SECURITY_AUDIT.md,DUPLICATE,identical_to_C16
C18,EXPANSION_EXECUTION_README.md,DUPLICATE,identical_to_C16
C18,V18_MATRIX.md,DUPLICATE,identical_to_C16
C18,V7_PROVENANCE_REPORT.md,DUPLICATE,identical_to_C16
C18,V7_ENRICHMENT_REPORT.md,DUPLICATE,identical_to_C16
C18,V18_PRODUCTION_READINESS.md,DUPLICATE,identical_to_C16
C18,CONMEBOL_SEGMENTS.csv,DUPLICATE,identical_to_C16
C18,ACQUISITION_MANIFEST_V4.csv,DUPLICATE,identical_to_C16
C18,V6_FINAL_STATUS.json,DUPLICATE,identical_to_C16
C18,V12_MANIFEST.txt,DUPLICATE,identical_to_C16
C18,V22_BACKEND_AUDIT.md,DUPLICATE,identical_to_C16
C18,V8_SUSPENSION_REPORT.md,DUPLICATE,identical_to_C16
C18,EMPIRICAL_SOURCE_MANIFEST.md,DUPLICATE,identical_to_C16
C18,ROBO_EMPIRICAL_STATUS.md,DUPLICATE,identical_to_C16
C18,V17_ROBUSTNESS_REPORT.md,DUPLICATE,identical_to_C16
C18,V18_SOURCE_AUDIT.md,DUPLICATE,identical_to_C16
C18,V17_FILE_INVENTORY.txt,DUPLICATE,identical_to_C16
C18,V23_BACKEND_AUDIT.md,DUPLICATE,identical_to_C16
C18,V8_ENRICHMENT_REPORT.md,DUPLICATE,identical_to_C16
C18,V21_TELEGRAM_REPORT.md,DUPLICATE,identical_to_C16
C18,FINAL_REAL_DATA_REPORT.md,DUPLICATE,identical_to_C16
C18,PAID_API_GAP_REPORT_V6.md,DUPLICATE,identical_to_C16
C18,V25_GAPS_REPORT.md,DUPLICATE,identical_to_C16
C18,API_READINESS_MATRIX_V4.csv,DUPLICATE,identical_to_C16
C18,V8_PROVENANCE_REPORT.md,DUPLICATE,identical_to_C16
C18,V16_ROBUSTNESS_REPORT.md,DUPLICATE,identical_to_C16
C18,DATA_GAP_MATRIX_V6.csv,DUPLICATE,identical_to_C16
C18,V8_DATA_GAP_MATRIX.csv,DUPLICATE,identical_to_C16
C18,V20_IMPLEMENTATION_REPORT.md,DUPLICATE,identical_to_C16
C18,V8_PLAYER_REPORT.md,DUPLICATE,identical_to_C16
C18,V18_FINAL_SYSTEM_AUDIT.md,DUPLICATE,identical_to_C16
C18,GLOBAL_ENRICHMENT_STATUS_V4.json,DUPLICATE,identical_to_C16
C18,V13_AUDIT_CONFIRMATION.md,DUPLICATE,identical_to_C16
C18,V22_REPLAY_REPORT.md,DUPLICATE,identical_to_C16
C18,GLOBAL_DATASET_MISSION_README.md,DUPLICATE,identical_to_C16
C18,V16_SOURCE_AUDIT.md,DUPLICATE,identical_to_C16
C18,GLOBAL_ACQUISITION_LOCAL_README.md,DUPLICATE,identical_to_C16
C18,V20_SHA256.txt,DUPLICATE,identical_to_C16
C18,REAL_OBSERVATION_REPORT.md,DUPLICATE,identical_to_C16
C18,PHASE2_EXECUTION_README.md,DUPLICATE,identical_to_C16
C18,FINAL_AI_AUDIT.md,DUPLICATE,identical_to_C16
C18,V19_BACKTEST_REPORT.md,DUPLICATE,identical_to_C16
C18,CONMEBOL_FEATURE_IMPORTANCE.csv,DUPLICATE,identical_to_C16
C18,FINAL_PAPER_SHADOW_AUDIT.md,DUPLICATE,identical_to_C16
C18,V8_WEATHER_REPORT.md,DUPLICATE,identical_to_C16
C18,V7_ACQUISITION_REPORT.md,DUPLICATE,identical_to_C16
C18,CONMEBOL_DATASET_FINAL_REPORT.md,DUPLICATE,identical_to_C16
C18,V18_OOS_REPORT.md,DUPLICATE,identical_to_C16
C18,V14_REAL_VALIDATION.md,DUPLICATE,identical_to_C16
C18,V24_BACKEND_AUDIT.md,DUPLICATE,identical_to_C16
C18,V19_BENCHMARK_REPORT.md,DUPLICATE,identical_to_C16
C18,V8_SOURCE_COVERAGE.csv,DUPLICATE,identical_to_C16
C18,FINAL_LIVE_AUDIT.md,DUPLICATE,identical_to_C16
C18,ROBO_BEHAVIOR_REPORT.md,DUPLICATE,identical_to_C16
C18,ROBO_DA_BET_MASTER_RESEARCH_REPORT.md,DUPLICATE,identical_to_C16
C18,V18_DATA_ACQUISITION_REPORT.md,DUPLICATE,identical_to_C16
C18,V18_DATA_SNOOPING_AUDIT.md,DUPLICATE,identical_to_C16
C18,PATTERN_DISCOVERY_GLOBAL_REPORT.md,DUPLICATE,identical_to_C16
C18,V25_E2E_REPORT.md,DUPLICATE,identical_to_C16
C18,PATTERN_DISCOVERY_MULTIPLE_TESTING.csv,DUPLICATE,identical_to_C16
C18,CONMEBOL_TOP_TESTED_PATTERNS.csv,DUPLICATE,identical_to_C16
C18,V8_LOCAL_MATERIALIZATION_SUMMARY.json,DUPLICATE,identical_to_C16
C18,V25_DATA_AUDIT.md,DUPLICATE,identical_to_C16
C18,V24_SHA256.txt,DUPLICATE,identical_to_C16
C18,V21_FINAL_REPORT.md,DUPLICATE,identical_to_C16
C18,V7_SOURCE_COVERAGE.csv,DUPLICATE,identical_to_C16
C18,V24_DATA_AUDIT.md,DUPLICATE,identical_to_C16
C18,RUN_FREE_ACQUISITION.bat,DUPLICATE,identical_to_C16
C18,V24_LIVE_AUDIT.md,DUPLICATE,identical_to_C16
C18,DATA_GAP_MASTER.csv,DUPLICATE,identical_to_C16
C18,V20_FINAL_SYSTEM_AUDIT.md,DUPLICATE,identical_to_C16
C18,FEATURE_ABLATION_REPORT.md,DUPLICATE,identical_to_C16
C18,ARTIFACT_INTEGRITY_REPORT.md,DUPLICATE,identical_to_C16
C18,GLOBAL_ENRICHMENT_STATUS_V3.json,DUPLICATE,identical_to_C16
C18,GLOBAL_DATASET_V6_COUNTS.json,DUPLICATE,identical_to_C16
C18,V6_SECURITY_SCAN.txt,DUPLICATE,identical_to_C16
C18,V14_DATA_ACQUISITION.md,DUPLICATE,identical_to_C16
C18,CONMEBOL_DATA_DICTIONARY.md,DUPLICATE,identical_to_C16
C18,V8_PIT_REPORT.md,DUPLICATE,identical_to_C16
C18,V22_SECURITY_AUDIT.md,DUPLICATE,identical_to_C16
C18,V17_EXPERIMENTS_REPORT.md,DUPLICATE,identical_to_C16
C18,API_READINESS_MATRIX.csv,DUPLICATE,identical_to_C16
C18,V23_REDIS_AUDIT.md,DUPLICATE,identical_to_C16
C18,SOURCE_ACQUISITION_REPORT.md,DUPLICATE,identical_to_C16
C18,V20_FINAL_REPORT.md,DUPLICATE,identical_to_C16
C18,V25_RELEASE_NOTES.md,DUPLICATE,identical_to_C16
C18,MASTER_STAFF_FINAL_REPORT.md,DUPLICATE,identical_to_C16
C18,CONMEBOL_INTERNAL_SHA256SUMS.txt,DUPLICATE,identical_to_C16
C18,V22_QUANTITATIVE_AUDIT.md,DUPLICATE,identical_to_C16
C18,V16_MATRIX.md,DUPLICATE,identical_to_C16
C18,tests/test_global_intelligence.py,DUPLICATE,identical_to_C16
C18,tests/test_market_catalog.py,DUPLICATE,identical_to_C16
C18,tests/test_v20_decision.py,DUPLICATE,identical_to_C16
C18,tests/test_v18_hardening.py,DUPLICATE,identical_to_C16
C18,tests/test_v13_quant.py,DUPLICATE,identical_to_C16
C18,tests/test_engine.py,DUPLICATE,identical_to_C16
C18,tests/test_local_acquisition_worker.py,DUPLICATE,identical_to_C16
C18,tests/test_v20_live.py,DUPLICATE,identical_to_C16
C18,tests/test_v16_empirical.py,DUPLICATE,identical_to_C16
C18,tests/test_v14_data.py,DUPLICATE,identical_to_C16
C18,tests/test_v15_hardening.py,DUPLICATE,identical_to_C16
C18,tests/test_free_data_enrichment.py,DUPLICATE,identical_to_C16
C18,tests/test_v11_rules.py,DUPLICATE,identical_to_C16
C18,tests/test_v19_pricing.py,DUPLICATE,identical_to_C16
C18,tests/test_v19_api.py,DUPLICATE,identical_to_C16
C18,tests/test_v20_api.py,DUPLICATE,identical_to_C16
C18,tests/test_quant_v12.py,DUPLICATE,identical_to_C16
C18,tests/test_intelligence_pipeline.py,DUPLICATE,identical_to_C16
C18,tests/test_v20_position.py,DUPLICATE,identical_to_C16
C18,tests/test_v20_ledger.py,DUPLICATE,identical_to_C16
C18,reports/FINAL_DELIVERY_SUMMARY.md,DUPLICATE,identical_to_C16
C18,reports/FINAL_PYTEST.txt,DUPLICATE,identical_to_C16
C18,reports/FINAL_SELF_TEST.txt,DUPLICATE,identical_to_C16
C18,reports/FINAL_SCIENTIFIC_STATUS.md,DUPLICATE,identical_to_C16
C18,reports/EXPANSION_VALIDATION.json,DUPLICATE,identical_to_C16
C18,reports/EXPANSION_REAL_DATA_QUALITY.json,DUPLICATE,identical_to_C16
C18,reports/EXPANSION_SELF_TEST.txt,DUPLICATE,identical_to_C16
C18,reports/EXPANSION_PYTEST.txt,DUPLICATE,identical_to_C16
C18,reports/EXPANSION_FINAL_COUNTS.json,DUPLICATE,identical_to_C16
C18,reports/EXPANSION_EMPIRICAL_DATA_REPORT.md,DUPLICATE,identical_to_C16
C18,frontend/package.json,DUPLICATE,identical_to_C16
C18,frontend/index.html,DUPLICATE,identical_to_C16
C18,frontend/Dockerfile,DUPLICATE,identical_to_C16
C18,manifests/ACQUISITION_MANIFEST_EXPANSION.json,DUPLICATE,identical_to_C16
C18,scripts/run_phase2_empirical.py,DUPLICATE,identical_to_C16
C18,scripts/V8_local_gap_closure.py,DUPLICATE,identical_to_C16
C18,scripts/run_observation.py,DUPLICATE,identical_to_C16
C18,scripts/run_mass_data_expansion.py,DUPLICATE,identical_to_C16
C18,scripts/run_global_research.py,DUPLICATE,identical_to_C16
C18,scripts/finalize_master_staff.py,DUPLICATE,identical_to_C16
C18,scripts/validate_context_intelligence.py,DUPLICATE,identical_to_C16
C18,scripts/run_context_intelligence.py,DUPLICATE,identical_to_C16
C18,scripts/run_master_staff_value_pricing.py,DUPLICATE,identical_to_C16
C18,scripts/research_real_data_pilot.py,DUPLICATE,identical_to_C16
C18,scripts/self_test.py,DUPLICATE,identical_to_C16
C18,scripts/acquire_datahub_epl.py,DUPLICATE,identical_to_C16
C18,scripts/run_global_intelligence.py,DUPLICATE,identical_to_C16
C18,scripts/master_staff_final_audit.py,DUPLICATE,identical_to_C16
C18,scripts/run_context_transfer_research.py,DUPLICATE,identical_to_C16
C18,scripts/run_real_day_prematch_pilot.py,DUPLICATE,identical_to_C16
C18,scripts/run_master_staff.py,DUPLICATE,identical_to_C16
C18,scripts/run_post_match_coverage_audit.py,DUPLICATE,identical_to_C16
C18,scripts/run_context_transfer_specialist.py,DUPLICATE,identical_to_C16
C18,scripts/run_phase3_research.py,DUPLICATE,identical_to_C16
C18,scripts/master_staff_validation.py,DUPLICATE,identical_to_C16
C18,backend/Dockerfile,DUPLICATE,identical_to_C16
C18,backend/pom.xml,DUPLICATE,identical_to_C16
C18,config/data_acquisition_local.json,DUPLICATE,identical_to_C16
C18,config/free_source_registry.json,DUPLICATE,identical_to_C16
C18,config/free_source_registry_v3.json,DUPLICATE,identical_to_C16
C18,config/free_source_registry_v6.json,DUPLICATE,identical_to_C16
C18,config/free_source_registry_v5.json,DUPLICATE,identical_to_C16
C18,config/free_source_registry_v4.json,DUPLICATE,identical_to_C16
C18,config/provider_budget.json,DUPLICATE,identical_to_C16
C18,config/provider_budget_v3.json,DUPLICATE,identical_to_C16
C18,ml/Dockerfile,DUPLICATE,identical_to_C16
C18,ml/requirements.txt,DUPLICATE,identical_to_C16
C18,docs/RELEASE_V25.md,DUPLICATE,identical_to_C16
C18,docs/RELEASE_V16.md,DUPLICATE,identical_to_C16
C18,docs/RELEASE_V20.md,DUPLICATE,identical_to_C16
C18,docs/RELEASE_V19.md,DUPLICATE,identical_to_C16
C18,docs/V13_FINAL_REPORT.md,DUPLICATE,identical_to_C16
C18,docs/V12_TRAINING.md,DUPLICATE,identical_to_C16
C18,docs/RELEASE_V24.md,DUPLICATE,identical_to_C16
C18,docs/RELEASE_V23.md,DUPLICATE,identical_to_C16
C18,docs/V12_QUANT_AUDIT.md,DUPLICATE,identical_to_C16
C18,docs/RELEASE_V22.md,DUPLICATE,identical_to_C16
C18,docs/RELEASE_V18.md,DUPLICATE,identical_to_C16
C18,docs/RELEASE.md,DUPLICATE,identical_to_C16
C18,docs/V13_QUANT_RESEARCH.md,DUPLICATE,identical_to_C16
C18,docs/V10_TO_V11_AUDIT.md,DUPLICATE,identical_to_C16
C18,docs/RELEASE_V15.md,DUPLICATE,identical_to_C16
C18,docs/RELEASE_V17.md,DUPLICATE,identical_to_C16
C18,docs/VALIDATION.md,DUPLICATE,identical_to_C16
C18,docs/RELEASE_V21.md,DUPLICATE,identical_to_C16
C18,artifacts/phase2_real_research_results.xlsx,DUPLICATE,identical_to_C16
C18,artifacts/paper_trading/observation_status.json,DUPLICATE,identical_to_C16
C18,artifacts/paper_trading/v21_research.jsonl,KEPT,conflict_winner_latest_complete_snapshot
C18,artifacts/paper_trading/v21_event_ledger.jsonl,KEPT,conflict_winner_latest_complete_snapshot
C18,artifacts/v16/odds_gate_audit.json,DUPLICATE,identical_to_C16
C18,artifacts/v16/benchmark.json,DUPLICATE,identical_to_C16
C18,docs/v16/V16_EXECUTION_STATUS.md,DUPLICATE,identical_to_C16
C18,docs/v16/V16_EXECUTIVE_EXECUTION_REPORT.md,DUPLICATE,identical_to_C16
C18,docs/superpowers/specs/2026-08-24-robo-v16-cycle2-intelligence-design.md,DUPLICATE,identical_to_C16
C18,docs/superpowers/plans/2026-08-24-robo-v16-cycle2-intelligence-plan.md,DUPLICATE,identical_to_C16
C18,ml/app/backtest.py,DUPLICATE,identical_to_C16
C18,ml/app/data_quality.py,DUPLICATE,identical_to_C16
C18,ml/app/schemas.py,DUPLICATE,identical_to_C16
C18,ml/app/selection.py,DUPLICATE,identical_to_C16
C18,ml/app/ledger.py,DUPLICATE,identical_to_C16
C18,ml/app/intelligence_evidence.py,DUPLICATE,identical_to_C16
C18,ml/app/leakage.py,DUPLICATE,identical_to_C16
C18,ml/app/holdout_lock.py,DUPLICATE,identical_to_C16
C18,ml/app/backtest_engine.py,DUPLICATE,identical_to_C16
C18,ml/app/market.py,DUPLICATE,identical_to_C16
C18,ml/app/telegram.py,DUPLICATE,identical_to_C16
C18,ml/app/context.py,DUPLICATE,identical_to_C16
C18,ml/app/risk.py,DUPLICATE,identical_to_C16
C18,ml/app/consensus.py,DUPLICATE,identical_to_C16
C18,ml/app/statistical_tests.py,DUPLICATE,identical_to_C16
C18,ml/app/temporal.py,DUPLICATE,identical_to_C16
C18,ml/app/db.py,DUPLICATE,identical_to_C16
C18,ml/app/uncertainty.py,DUPLICATE,identical_to_C16
C18,ml/app/selection_rank.py,DUPLICATE,identical_to_C16
C18,ml/app/league_gate.py,DUPLICATE,identical_to_C16
C18,ml/app/config.py,DUPLICATE,identical_to_C16
C18,ml/app/decision_replay.py,DUPLICATE,identical_to_C16
C18,ml/app/layer_training.py,DUPLICATE,identical_to_C16
C18,ml/app/features.py,DUPLICATE,identical_to_C16
C18,ml/app/main.py,DUPLICATE,identical_to_C16
C18,ml/app/models.py,DUPLICATE,identical_to_C16
C18,ml/app/strategy_discovery.py,DUPLICATE,identical_to_C16
C18,ml/app/math_models.py,DUPLICATE,identical_to_C16
C18,ml/app/live.py,DUPLICATE,identical_to_C16
C18,ml/app/api.py,DUPLICATE,identical_to_C16
C18,ml/app/__init__.py,DUPLICATE,identical_to_C16
C18,ml/app/lineage.py,DUPLICATE,identical_to_C16
C18,ml/scripts/run_cycle2.py,DUPLICATE,identical_to_C16
C18,ml/scripts/train.py,DUPLICATE,identical_to_C16
C18,ml/scripts/run_conmebol_phase.py,DUPLICATE,identical_to_C16
C18,ml/scripts/run_cycle3_walkforward.py,DUPLICATE,identical_to_C16
C18,ml/scripts/research_backtest.py,DUPLICATE,identical_to_C16
C18,ml/scripts/run_v24_observation.py,DUPLICATE,identical_to_C16
C18,ml/scripts/run_self_test.py,DUPLICATE,identical_to_C16
C18,ml/scripts/promote.py,DUPLICATE,identical_to_C16
C18,ml/scripts/acquire_football_data.py,DUPLICATE,identical_to_C16
C18,ml/scripts/decision_replay.py,DUPLICATE,identical_to_C16
C18,ml/scripts/check_leagues.py,DUPLICATE,identical_to_C16
C18,ml/scripts/expand_real_datasets.py,DUPLICATE,identical_to_C16
C18,ml/scripts/run_v25_observation.py,DUPLICATE,identical_to_C16
C18,ml/scripts/run_v16_research.py,DUPLICATE,identical_to_C16
C18,ml/scripts/run_v23_paper.py,DUPLICATE,identical_to_C16
C18,ml/scripts/run_cycle3.py,DUPLICATE,identical_to_C16
C18,ml/app/pit_store/pit.py,DUPLICATE,identical_to_C16
C18,ml/app/pit_store/__init__.py,DUPLICATE,identical_to_C16
C18,ml/app/adapters/global_football.py,DUPLICATE,identical_to_C16
C18,ml/app/adapters/weather.py,DUPLICATE,identical_to_C16
C18,ml/app/adapters/the_stats_api.py,DUPLICATE,identical_to_C16
C18,ml/app/adapters/betfair.py,DUPLICATE,identical_to_C16
C18,ml/app/adapters/statsbomb.py,DUPLICATE,identical_to_C16
C18,ml/app/adapters/odds.py,DUPLICATE,identical_to_C16
C18,ml/app/adapters/espn.py,DUPLICATE,identical_to_C16
C18,ml/app/adapters/card_data.py,DUPLICATE,identical_to_C16
C18,ml/app/adapters/api_football.py,DUPLICATE,identical_to_C16
C18,ml/app/adapters/base.py,DUPLICATE,identical_to_C16
C18,ml/app/adapters/football_data.py,DUPLICATE,identical_to_C16
C18,ml/app/v24/replay.py,DUPLICATE,identical_to_C16
C18,ml/app/v24/baseline.py,DUPLICATE,identical_to_C16
C18,ml/app/v24/quality.py,DUPLICATE,identical_to_C16
C18,ml/app/v24/dataset.py,DUPLICATE,identical_to_C16
C18,ml/app/v24/analytics.py,DUPLICATE,identical_to_C16
C18,ml/app/v24/session.py,DUPLICATE,identical_to_C16
C18,ml/app/v24/hashchain.py,DUPLICATE,identical_to_C16
C18,ml/app/v24/live.py,DUPLICATE,identical_to_C16
C18,ml/app/v24/api.py,DUPLICATE,identical_to_C16
C18,ml/app/v24/__init__.py,DUPLICATE,identical_to_C16
C18,ml/app/conmebol/pipeline.py,DUPLICATE,identical_to_C16
C18,ml/app/conmebol/__init__.py,DUPLICATE,identical_to_C16
C18,ml/app/v20/service.py,DUPLICATE,identical_to_C16
C18,ml/app/v20/selection.py,DUPLICATE,identical_to_C16
C18,ml/app/v20/ledger.py,DUPLICATE,identical_to_C16
C18,ml/app/v20/notifications.py,DUPLICATE,identical_to_C16
C18,ml/app/v20/risk.py,DUPLICATE,identical_to_C16
C18,ml/app/v20/reporting.py,DUPLICATE,identical_to_C16
C18,ml/app/v20/live_engine.py,DUPLICATE,identical_to_C16
C18,ml/app/v20/stake.py,DUPLICATE,identical_to_C16
C18,ml/app/v20/position.py,DUPLICATE,identical_to_C16
C18,ml/app/v20/__init__.py,DUPLICATE,identical_to_C16
C18,ml/app/v21/research.py,DUPLICATE,identical_to_C16
C18,ml/app/v21/service.py,DUPLICATE,identical_to_C16
C18,ml/app/v21/ledger.py,DUPLICATE,identical_to_C16
C18,ml/app/v21/notifications.py,DUPLICATE,identical_to_C16
C18,ml/app/v21/decision_trace.py,DUPLICATE,identical_to_C16
C18,ml/app/v21/realtime.py,DUPLICATE,identical_to_C16
C18,ml/app/v21/quality.py,DUPLICATE,identical_to_C16
C18,ml/app/v21/controls.py,DUPLICATE,identical_to_C16
C18,ml/app/v21/live_monitor.py,DUPLICATE,identical_to_C16
C18,ml/app/v21/__init__.py,DUPLICATE,identical_to_C16
C18,ml/app/v16/decision_dataset.py,DUPLICATE,identical_to_C16
C18,ml/app/v16/decision_replay.py,DUPLICATE,identical_to_C16
C18,ml/app/v16/odds_verification.py,DUPLICATE,identical_to_C16
C18,ml/app/v16/experiment_registry.py,DUPLICATE,identical_to_C16
C18,ml/app/v19/validation.py,DUPLICATE,identical_to_C16
C18,ml/app/v19/settlement.py,DUPLICATE,identical_to_C16
C18,ml/app/v19/pricing.py,DUPLICATE,identical_to_C16
C18,ml/app/v19/market_intelligence.py,DUPLICATE,identical_to_C16
C18,ml/app/v19/price_movement.py,DUPLICATE,identical_to_C16
C18,ml/app/v19/paper.py,DUPLICATE,identical_to_C16
C18,ml/app/v19/confidence.py,DUPLICATE,identical_to_C16
C18,ml/app/v19/__init__.py,DUPLICATE,identical_to_C16
C18,ml/app/v19/engine.py,DUPLICATE,identical_to_C16
C18,ml/app/mlops/drift.py,DUPLICATE,identical_to_C16
C18,ml/app/mlops/champion_challenger.py,DUPLICATE,identical_to_C16
C18,ml/app/mlops/registry.py,DUPLICATE,identical_to_C16
C18,ml/app/v22/replay.py,DUPLICATE,identical_to_C16
C18,ml/app/v22/observability.py,DUPLICATE,identical_to_C16
C18,ml/app/v22/manager.py,DUPLICATE,identical_to_C16
C18,ml/app/v22/position.py,DUPLICATE,identical_to_C16
C18,ml/app/v22/persistence.py,DUPLICATE,identical_to_C16
C18,ml/app/v22/dataset.py,DUPLICATE,identical_to_C16
C18,ml/app/v22/providers.py,DUPLICATE,identical_to_C16
C18,ml/app/v22/__init__.py,DUPLICATE,identical_to_C16
C18,ml/app/v22/api_ext.py,DUPLICATE,identical_to_C16
C18,ml/app/intelligence/pipeline.py,DUPLICATE,identical_to_C16
C18,ml/app/intelligence/market_catalog.py,DUPLICATE,identical_to_C16
C18,ml/app/intelligence/pricing.py,DUPLICATE,identical_to_C16
C18,ml/app/intelligence/coverage.py,DUPLICATE,identical_to_C16
C18,ml/app/intelligence/live.py,DUPLICATE,identical_to_C16
C18,ml/app/intelligence/__init__.py,DUPLICATE,identical_to_C16
C18,ml/app/v17/acquisition.py,DUPLICATE,identical_to_C16
C18,ml/app/v17/system_validation.py,DUPLICATE,identical_to_C16
C18,ml/app/v17/__init__.py,DUPLICATE,identical_to_C16
C18,ml/app/v25/policy.py,DUPLICATE,identical_to_C16
C18,ml/app/v25/cards.py,DUPLICATE,identical_to_C16
C18,ml/app/v25/price_discovery.py,DUPLICATE,identical_to_C16
C18,ml/app/v25/notifications.py,DUPLICATE,identical_to_C16
C18,ml/app/v25/settlement.py,DUPLICATE,identical_to_C16
C18,ml/app/v25/watchlist.py,DUPLICATE,identical_to_C16
C18,ml/app/v25/replay.py,DUPLICATE,identical_to_C16
C18,ml/app/v25/observability.py,DUPLICATE,identical_to_C16
C18,ml/app/v25/market_expression.py,DUPLICATE,identical_to_C16
C18,ml/app/v25/position.py,DUPLICATE,identical_to_C16
C18,ml/app/v25/persistence.py,DUPLICATE,identical_to_C16
C18,ml/app/v25/dataset.py,DUPLICATE,identical_to_C16
C18,ml/app/v25/analytics.py,DUPLICATE,identical_to_C16
C18,ml/app/v25/session.py,DUPLICATE,identical_to_C16
C18,ml/app/v25/live.py,DUPLICATE,identical_to_C16
C18,ml/app/v25/api.py,DUPLICATE,identical_to_C16
C18,ml/app/v25/providers.py,DUPLICATE,identical_to_C16
C18,ml/app/v25/__init__.py,DUPLICATE,identical_to_C16
C18,ml/app/master_staff/round_analyzer.py,DUPLICATE,identical_to_C16
C18,ml/app/master_staff/round_engine.py,DUPLICATE,identical_to_C16
C18,ml/app/master_staff/context_engine.py,DUPLICATE,identical_to_C16
C18,ml/app/master_staff/source_conflict.py,DUPLICATE,identical_to_C16
C18,ml/app/master_staff/context_transfer_spec.md,DUPLICATE,identical_to_C16
C18,ml/app/master_staff/value_pricing.py,DUPLICATE,identical_to_C16
C18,ml/app/master_staff/context_transfer.py,DUPLICATE,identical_to_C16
C18,ml/app/master_staff/__init__.py,DUPLICATE,identical_to_C16
C18,ml/app/master_staff/engine.py,DUPLICATE,identical_to_C16
C18,ml/app/research/data_sources.py,DUPLICATE,identical_to_C16
C18,ml/app/research/data_quality.py,DUPLICATE,identical_to_C16
C18,ml/app/research/cycle3.py,DUPLICATE,identical_to_C16
C18,ml/app/research/validation.py,DUPLICATE,identical_to_C16
C18,ml/app/research/pipeline.py,DUPLICATE,identical_to_C16
C18,ml/app/research/datasets.py,DUPLICATE,identical_to_C16
C18,ml/app/research/paper_trading.py,DUPLICATE,identical_to_C16
C18,ml/app/research/cycle2.py,DUPLICATE,identical_to_C16
C18,ml/app/research/market.py,DUPLICATE,identical_to_C16
C18,ml/app/research/odds.py,DUPLICATE,identical_to_C16
C18,ml/app/research/market_efficiency.py,DUPLICATE,identical_to_C16
C18,ml/app/research/metrics.py,DUPLICATE,identical_to_C16
C18,ml/app/research/reproducibility.py,DUPLICATE,identical_to_C16
C18,ml/app/research/replay.py,DUPLICATE,identical_to_C16
C18,ml/app/research/raw.py,DUPLICATE,identical_to_C16
C18,ml/app/research/robustness_v16.py,DUPLICATE,identical_to_C16
C18,ml/app/research/data_quality_v14.py,DUPLICATE,identical_to_C16
C18,ml/app/research/source_audit_v16.py,DUPLICATE,identical_to_C16
C18,ml/app/research/statistics.py,DUPLICATE,identical_to_C16
C18,ml/app/research/acquisition.py,DUPLICATE,identical_to_C16
C18,ml/app/research/holdout.py,DUPLICATE,identical_to_C16
C18,ml/app/research/empirical.py,DUPLICATE,identical_to_C16
C18,ml/app/research/features.py,DUPLICATE,identical_to_C16
C18,ml/app/research/data_quality_v16.py,DUPLICATE,identical_to_C16
C18,ml/app/research/calibration.py,DUPLICATE,identical_to_C16
C18,ml/app/research/experiment.py,DUPLICATE,identical_to_C16
C18,ml/app/research/baselines.py,DUPLICATE,identical_to_C16
C18,ml/app/research/__init__.py,DUPLICATE,identical_to_C16
C18,ml/app/research/global_expansion.py,DUPLICATE,identical_to_C16
C18,ml/app/v18/acquisition.py,DUPLICATE,identical_to_C16
C18,ml/app/v18/guards.py,DUPLICATE,identical_to_C16
C18,ml/app/v18/system_validation.py,DUPLICATE,identical_to_C16
C18,ml/app/v18/__init__.py,DUPLICATE,identical_to_C16
C18,ml/app/v18/lineage.py,DUPLICATE,identical_to_C16
C18,ml/app/ingestion/raw_store.py,DUPLICATE,identical_to_C16
C18,ml/app/ingestion/schema.py,DUPLICATE,identical_to_C16
C18,ml/app/ingestion/__init__.py,DUPLICATE,identical_to_C16
C18,ml/app/research/cycle4/audit.py,DUPLICATE,identical_to_C16
C18,ml/app/research/cycle4/clv.py,DUPLICATE,identical_to_C16
C18,ml/app/research/cycle4/settlement.py,DUPLICATE,identical_to_C16
C18,ml/app/research/cycle4/run_cycle4.py,DUPLICATE,identical_to_C16
C18,ml/app/research/cycle4/pit.py,DUPLICATE,identical_to_C16
C18,ml/app/research/cycle4/__init__.py,DUPLICATE,identical_to_C16
C18,ml/app/research/cycle17/h005.py,DUPLICATE,identical_to_C17
C18,ml/app/research/cycle17/exact_pit.py,DUPLICATE,identical_to_C17
C18,ml/app/research/cycle17/acquisition.py,DUPLICATE,identical_to_C17
C18,ml/app/research/cycle17/__init__.py,DUPLICATE,identical_to_C17
C18,ml/app/research/cycle18/h005.py,KEPT,selected_origin
C18,ml/app/research/cycle18/exact_pit.py,KEPT,selected_origin
C18,ml/app/research/cycle18/acquisition.py,KEPT,selected_origin
C18,ml/app/research/cycle18/__init__.py,KEPT,selected_origin
C18,ml/reports/cycle4/PIT_STATUS.json,DUPLICATE,identical_to_C16
C18,ml/reports/cycle4/CYCLE4_MANIFEST.json,DUPLICATE,identical_to_C16
C18,ml/reports/cycle4/CYCLE4_EXECUTIVE_REPORT.md,DUPLICATE,identical_to_C16
C18,ml/reports/cycle4/SOURCE_AUDIT.json,DUPLICATE,identical_to_C16
C18,backend/src/main/java/com/robobet/security/ApiKeyFilter.java,DUPLICATE,identical_to_C16
C18,backend/src/main/java/com/robobet/api/ApiController.java,DUPLICATE,identical_to_C16
C18,backend/src/main/java/com/robobet/api/RoboBetApplication.java,DUPLICATE,identical_to_C16
C18,scripts/v5/run_v5_discovery.py,DUPLICATE,identical_to_C16
C18,scripts/global/free_source_audit.py,DUPLICATE,identical_to_C16
C18,scripts/global/validate_global_dataset.py,DUPLICATE,identical_to_C16
C18,scripts/global/run_free_global_enrichment_v4.py,DUPLICATE,identical_to_C16
C18,scripts/global/run_free_data_enrichment.py,DUPLICATE,identical_to_C16
C18,scripts/global/run_free_global_enrichment_v3.py,DUPLICATE,identical_to_C16
C18,scripts/global/verify_snapshot_integrity.py,DUPLICATE,identical_to_C16
C18,scripts/global/run_master_staff_global_enrichment.py,DUPLICATE,identical_to_C16
C18,scripts/global/data_acquisition_worker.py,DUPLICATE,identical_to_C16
C18,scripts/global/run_global_dataset_mission.py,DUPLICATE,identical_to_C16
C18,scripts/global/run_global_dataset_enrichment.py,DUPLICATE,identical_to_C16
C18,scripts/global/local_materializer.py,DUPLICATE,identical_to_C16
C18,scripts/global/source_state.py,DUPLICATE,identical_to_C16
C18,scripts/global/DATA_ACQUISITION_WORKER_README.md,DUPLICATE,identical_to_C16
C18,scripts/global/run_free_global_enrichment_v6.py,DUPLICATE,identical_to_C16
C18,scripts/global/build_global_coverage.py,DUPLICATE,identical_to_C16
C18,scripts/global/finalize_free_data_enrichment_v2.py,DUPLICATE,identical_to_C16
C18,scripts/v19/acquire_real_data.py,DUPLICATE,identical_to_C16
C18,scripts/v19/security_scan.py,DUPLICATE,identical_to_C16
C18,scripts/v19/run_full_validation.py,DUPLICATE,identical_to_C16
C18,scripts/v17/acquire_real_data.py,DUPLICATE,identical_to_C16
C18,scripts/v17/run_research.py,DUPLICATE,identical_to_C16
C18,scripts/v17/run_full_validation.py,DUPLICATE,identical_to_C16
C18,scripts/cycle17/run_cycle17.py,DUPLICATE,identical_to_C17
C18,scripts/master_staff/run_global_prematch_intelligence_v2.py,DUPLICATE,identical_to_C16
C18,scripts/v18/acquire_real_data.py,DUPLICATE,identical_to_C16
C18,scripts/v18/run_research.py,DUPLICATE,identical_to_C16
C18,scripts/v18/run_full_validation.py,DUPLICATE,identical_to_C16
C18,scripts/cycle18/run_cycle18.py,KEPT,selected_origin
C18,scripts/global/providers/footballcsv_squads.py,DUPLICATE,identical_to_C16
C18,scripts/global/providers/open_meteo.py,DUPLICATE,identical_to_C16
C18,scripts/global/providers/http_provider.py,DUPLICATE,identical_to_C16
C18,scripts/global/providers/registry.py,DUPLICATE,identical_to_C16
C18,scripts/global/providers/api_football.py,DUPLICATE,identical_to_C16
C18,scripts/global/providers/provider_base.py,DUPLICATE,identical_to_C16
C18,scripts/global/providers/statsbomb_open.py,DUPLICATE,identical_to_C16
C18,scripts/v5/providers/core.py,DUPLICATE,identical_to_C16
C18,scripts/v5/providers/__init__.py,DUPLICATE,identical_to_C16
C18,frontend/test/v25.test.mjs,DUPLICATE,identical_to_C16
C18,frontend/src/main.jsx,DUPLICATE,identical_to_C16
C18,frontend/src/style.css,DUPLICATE,identical_to_C16
C18,db/migrations/004_v14_data_acquisition.sql,DUPLICATE,identical_to_C16
C18,db/migrations/006_v23_empirical.sql,DUPLICATE,identical_to_C16
C18,db/migrations/001_core.sql,DUPLICATE,identical_to_C16
C18,db/migrations/009_v25_dataset_primary.sql,DUPLICATE,identical_to_C16
C18,db/migrations/003_v13_quant_research.sql,DUPLICATE,identical_to_C16
C18,db/migrations/002_quant.sql,DUPLICATE,identical_to_C16
C18,db/migrations/008_v25_consolidation.sql,DUPLICATE,identical_to_C16
C18,db/migrations/005_v22_realtime.sql,DUPLICATE,identical_to_C16
C18,db/migrations/007_v24_production.sql,DUPLICATE,identical_to_C16
C18,db/migrations/011_card_markets.sql,DUPLICATE,identical_to_C16
C18,db/migrations/010_v25_observation_snapshots.sql,DUPLICATE,identical_to_C16
C18,data/canonical/football_historical_real_canonical.csv,DUPLICATE,identical_to_C16
C18,data/canonical/football_historical_real_provenance.csv,DUPLICATE,identical_to_C16
C18,data/canonical/CANONICAL_RESEARCH_SCHEMA.md,DUPLICATE,identical_to_C16
C18,data/canonical/SHA256SUMS.txt,DUPLICATE,identical_to_C16
C18,data/raw/conmebol_sudamericana_2024.txt,DUPLICATE,identical_to_C16
C18,data/raw/football_data_e1_2425.csv,DUPLICATE,identical_to_C16
C18,data/raw/conmebol_sudamericana_2022.txt,DUPLICATE,identical_to_C16
C18,data/raw/openfootball_germany_bundesliga_2526.txt,DUPLICATE,identical_to_C16
C18,data/raw/openfootball_italy_seriea_2526.txt,DUPLICATE,identical_to_C16
C18,data/raw/libertadores_brazilian_soccer_data.csv,DUPLICATE,identical_to_C16
C18,data/raw/epl_2025_2026_web_verified_pilot.csv,DUPLICATE,identical_to_C16
C18,data/raw/conmebol_sudamericana_2025.txt,DUPLICATE,identical_to_C16
C18,data/raw/football_data_e0_2425.csv,DUPLICATE,identical_to_C16
C18,data/raw/epl_2021_2022_football_data_real.csv,DUPLICATE,identical_to_C16
C18,data/raw/bundesliga_2022_2023_football_data_real.csv,DUPLICATE,identical_to_C16
C18,data/raw/conmebol_sudamericana_2020.txt,DUPLICATE,identical_to_C16
C18,data/raw/football_data_e3_2425.csv,DUPLICATE,identical_to_C16
C18,data/raw/epl_2022_2023_football_data_real.csv,DUPLICATE,identical_to_C16
C18,data/raw/bundesliga_2021_2022_football_data_real.csv,DUPLICATE,identical_to_C16
C18,data/raw/epl_2526_github_real.csv,DUPLICATE,identical_to_C16
C18,data/raw/openfootball_england_championship_2526.txt,DUPLICATE,identical_to_C16
C18,data/raw/conmebol_sudamericana_2023.txt,DUPLICATE,identical_to_C16
C18,data/raw/epl_2020_2021_football_data_real.csv,DUPLICATE,identical_to_C16
C18,data/raw/conmebol_sudamericana_2021.txt,DUPLICATE,identical_to_C16
C18,data/raw/round_2026-08-20_web_verified.json,DUPLICATE,identical_to_C16
C18,data/raw/epl_2324_real_pilot.csv,DUPLICATE,identical_to_C16
C18,data/raw/football_data_e2_2425.csv,DUPLICATE,identical_to_C16
C18,data/real_day_prematch/REAL_DAY_FEATURES.csv,DUPLICATE,identical_to_C16
C18,data/real_day_prematch/REAL_DAY_DATA_QUALITY.csv,DUPLICATE,identical_to_C16
C18,data/real_day_prematch/REAL_DAY_MARKET_ANALYSIS.csv,DUPLICATE,identical_to_C16
C18,data/real_day_prematch/REAL_DAY_PREMATCH_SNAPSHOT.json,DUPLICATE,identical_to_C16
C18,data/real_day_prematch/REAL_DAY_PROVENANCE.json,DUPLICATE,identical_to_C16
C18,data/schemas/LIVE_SNAPSHOT_SCHEMA.md,DUPLICATE,identical_to_C16
C18,data/schemas/EXPANSION_SCHEMAS.json,DUPLICATE,identical_to_C16
C18,data/registry/GLOBAL_ROUTE_COVERAGE.csv,DUPLICATE,identical_to_C16
C18,data/model/phase3_temporal_features.csv,DUPLICATE,identical_to_C16
C18,data/model/global_competition_coverage.csv,DUPLICATE,identical_to_C16
C18,data/model/phase3_research_candidates_top20.csv,DUPLICATE,identical_to_C16
C18,data/model/global_football_coverage_matrix.csv,DUPLICATE,identical_to_C16
C18,data/model/phase2_real_features.csv,DUPLICATE,identical_to_C16
C18,data/model/phase3_corner_temporal_features.csv,DUPLICATE,identical_to_C16
C18,data/model/phase3_rejected_signals_top20.csv,DUPLICATE,identical_to_C16
C18,data/model/global_research_candidates.csv,DUPLICATE,identical_to_C16
C18,data/model/phase3_coverage_matrix.csv,DUPLICATE,identical_to_C16
C18,data/model/phase2_card_predictions.csv,DUPLICATE,identical_to_C16
C18,data/model/phase3_data_gaps_top20.csv,DUPLICATE,identical_to_C16
C18,data/model/global_real_materialized_coverage.csv,DUPLICATE,identical_to_C16
C18,data/model/phase3_card_predictions.csv,DUPLICATE,identical_to_C16
C18,data/manifests/MASS_EXPANSION_STATE.json,DUPLICATE,identical_to_C16
C18,data/manifests/V18_ACQUISITION_ATTEMPTS.json,DUPLICATE,identical_to_C16
C18,data/manifests/ACQUISITION_MANIFEST_FINAL.json,DUPLICATE,identical_to_C16
C18,data/manifests/GLOBAL_ACQUISITION_ATTEMPTS.csv,DUPLICATE,identical_to_C16
C18,data/manifests/MASS_EXPANSION_ACQUISITION.csv,DUPLICATE,identical_to_C16
C18,data/manifests/DATAHUB_EPL_ACQUISITION.json,DUPLICATE,identical_to_C16
C18,data/manifests/GLOBAL_INTELLIGENCE_ACQUISITION.json,DUPLICATE,identical_to_C16
C18,data/manifests/REAL_MATERIALIZED_SOURCES.json,DUPLICATE,identical_to_C16
C18,data/manifests/MASTER_STAFF_SOURCE_REGISTRY.csv,DUPLICATE,identical_to_C16
C18,data/manifests/MASTER_STAFF_ACQUISITION.csv,DUPLICATE,identical_to_C16
C18,data/manifests/V19_ACQUISITION_ATTEMPTS.json,DUPLICATE,identical_to_C16
C18,data/manifests/GLOBAL_INTELLIGENCE_ACQUISITION.csv,DUPLICATE,identical_to_C16
C18,data/manifests/V17_ACQUISITION_ATTEMPTS.json,DUPLICATE,identical_to_C16
C18,data/manifests/MASS_EXPANSION_ACQUISITION.json,DUPLICATE,identical_to_C16
C18,data/manifests/MASS_EXPANSION_STATE_UPDATED.json,DUPLICATE,identical_to_C16
C18,data/manifests/GLOBAL_ACQUISITION_ATTEMPTS.json,DUPLICATE,identical_to_C16
C18,data/manifests/CONTEXT_INTELLIGENCE_EXECUTION_MANIFEST.json,DUPLICATE,identical_to_C16
C18,data/coverage/TEAM_COVERAGE_5_PILOT_TEAMS.csv,DUPLICATE,identical_to_C16
C18,data/post_match_pilot/POST_MATCH_FORENSICS_MANIFEST.json,DUPLICATE,identical_to_C16
C18,data/post_match_pilot/POST_MATCH_AUDIT_SUMMARY.json,DUPLICATE,identical_to_C16
C18,data/post_match_pilot/POST_MATCH_PILOT_RESULTS.csv,DUPLICATE,identical_to_C16
C18,data/context_transfer/MOTIVATION_CONTEXT_REPORT.csv,DUPLICATE,identical_to_C16
C18,data/context_transfer/CONTEXT_TRANSFER_RESULTS.json,DUPLICATE,identical_to_C16
C18,data/context_transfer/FEATURE_ABLATION_REPORT.csv,DUPLICATE,identical_to_C16
C18,data/context_transfer/TEAM_COVERAGE_FINAL.csv,DUPLICATE,identical_to_C16
C18,data/context_transfer/TRANSFER_CONFIG.json,DUPLICATE,identical_to_C16
C18,data/context_transfer/FEATURE_TRANSFERABILITY.csv,DUPLICATE,identical_to_C16
C18,data/context_transfer/ACQUISITION_EXECUTION_SUMMARY.json,DUPLICATE,identical_to_C16
C18,data/context_transfer/OPPONENT_STRENGTH_HISTORY.csv,DUPLICATE,identical_to_C16
C18,data/context_transfer/TEAM_CONTEXT_HISTORY.csv,DUPLICATE,identical_to_C16
C18,data/context_transfer/OPPONENT_STRENGTH_REPORT.csv,DUPLICATE,identical_to_C16
C18,data/context_transfer/ACQUISITION_PRIORITY.csv,DUPLICATE,identical_to_C16
C18,data/context_transfer/PLAYER_IMPACT_REPORT.csv,DUPLICATE,identical_to_C16
C18,data/context_transfer/MODEL_COMPARISON.json,DUPLICATE,identical_to_C16
C18,data/context_transfer/MATCH_COVERAGE_FINAL.csv,DUPLICATE,identical_to_C16
C18,data/context_transfer/RIVALRY_INTELLIGENCE_REPORT.csv,DUPLICATE,identical_to_C16
C18,data/context_transfer/MODEL_COMPARISON.csv,DUPLICATE,identical_to_C16
C18,data/context_transfer/ACQUISITION_ATTEMPTS.csv,DUPLICATE,identical_to_C16
C18,data/context_transfer/CONTEXT_TRANSFER_BACKTEST.csv,DUPLICATE,identical_to_C16
C18,data/provenance/MATERIALIZED_SHA256SUMS.txt,DUPLICATE,identical_to_C16
C18,data/provenance/phase2_provenance.csv,DUPLICATE,identical_to_C16
C18,data/provenance/expanded_real_provenance.csv,DUPLICATE,identical_to_C16
C18,data/processed/odds_observations_real_nonpit.csv,DUPLICATE,identical_to_C16
C18,data/processed/expanded_real_matches.csv,DUPLICATE,identical_to_C16
C18,data/entity_registry/ENTITY_REGISTRY_GLOBAL.csv,DUPLICATE,identical_to_C16
C18,data/cycle17/CYCLE17_PIT_DATA.csv,DUPLICATE,identical_to_C17
C18,data/cycle17/CYCLE17_NONPIT_RESEARCH.csv,DUPLICATE,identical_to_C17
C18,data/master_staff/SETTLEMENTS.csv,DUPLICATE,identical_to_C16
C18,data/master_staff/SCHEMA_VALIDATION.md,DUPLICATE,identical_to_C16
C18,data/master_staff/LINEUP_RECORDS.csv,DUPLICATE,identical_to_C16
C18,data/master_staff/DATASET_FINAL_COUNTS.json,DUPLICATE,identical_to_C16
C18,data/master_staff/SUSPENSION_ENGINE_RECORDS.csv,DUPLICATE,identical_to_C16
C18,data/master_staff/LOWER_LEVEL_TARGET_REGISTRY.csv,DUPLICATE,identical_to_C16
C18,data/master_staff/PREMATCH_FEATURE_STORE.csv,DUPLICATE,identical_to_C16
C18,data/master_staff/CONTEXT_INTELLIGENCE_FEATURES.csv,DUPLICATE,identical_to_C16
C18,data/master_staff/TARGET_COMPETITION_REGISTRY.csv,DUPLICATE,identical_to_C16
C18,data/master_staff/MODEL_VALIDATION.json,DUPLICATE,identical_to_C16
C18,data/master_staff/INJURY_RECORDS.csv,DUPLICATE,identical_to_C16
C18,data/master_staff/MASTER_HYPOTHESES.csv,DUPLICATE,identical_to_C16
C18,data/master_staff/OPERATIONAL_PILLARS.csv,DUPLICATE,identical_to_C16
C18,data/master_staff/PLAYER_IMPACT_RECORDS.csv,DUPLICATE,identical_to_C16
C18,data/master_staff/LIVE_SNAPSHOTS.csv,DUPLICATE,identical_to_C16
C18,data/master_staff/LINEUP_ENGINE_RECORDS.csv,DUPLICATE,identical_to_C16
C18,data/master_staff/IMPORTANCE_CONTEXT_2026-08-20.csv,DUPLICATE,identical_to_C16
C18,data/master_staff/TARGET_COVERAGE_REGISTRY.csv,DUPLICATE,identical_to_C16
C18,data/master_staff/INJURY_ENGINE_RECORDS.csv,DUPLICATE,identical_to_C16
C18,data/master_staff/MASTER_STAFF_MANIFEST.json,DUPLICATE,identical_to_C16
C18,data/master_staff/MASTER_STAFF_PROVENANCE.csv,DUPLICATE,identical_to_C16
C18,data/master_staff/PIT_AUDIT.md,DUPLICATE,identical_to_C16
C18,data/master_staff/VALUE_CANDIDATES.csv,DUPLICATE,identical_to_C16
C18,data/master_staff/RIVALRY_REGISTRY.csv,DUPLICATE,identical_to_C16
C18,data/master_staff/MASTER_COVERAGE.csv,DUPLICATE,identical_to_C16
C18,data/master_staff/FEATURE_IMPORTANCE_MASTER.csv,DUPLICATE,identical_to_C16
C18,data/master_staff/OPERATIONAL_PILLARS.json,DUPLICATE,identical_to_C16
C18,data/master_staff/H2H_INTELLIGENCE.csv,DUPLICATE,identical_to_C16
C18,data/master_staff/PAPER_DECISIONS.csv,DUPLICATE,identical_to_C16
C18,data/master_staff/LIVE_SNAPSHOT_ENGINE.csv,DUPLICATE,identical_to_C16
C18,data/master_staff/PLAYER_RECORDS.csv,DUPLICATE,identical_to_C16
C18,data/master_staff/LEAKAGE_AUDIT.md,DUPLICATE,identical_to_C16
C18,data/research/COVERAGE_BY_COMPETITION_SEASON.csv,DUPLICATE,identical_to_C16
C18,data/research/PATTERN_DISCOVERY_STABILITY.csv,DUPLICATE,identical_to_C16
C18,data/research/PATTERN_DISCOVERY_WALK_FORWARD.csv,DUPLICATE,identical_to_C16
C18,data/research/PATTERN_DISCOVERY_FEATURE_IMPORTANCE.csv,DUPLICATE,identical_to_C16
C18,data/research/PATTERN_DISCOVERY_AUDIT.json,DUPLICATE,identical_to_C16
C18,data/research/PATTERN_DISCOVERY_OOS.csv,DUPLICATE,identical_to_C16
C18,data/research/PATTERN_DISCOVERY_PATTERN_VALIDATION.csv,DUPLICATE,identical_to_C16
C18,data/research/PATTERN_DISCOVERY_NEGATIVE_RESULTS.csv,DUPLICATE,identical_to_C16
C18,data/research/TOP_DATA_GAPS.csv,DUPLICATE,identical_to_C16
C18,data/research/context_intelligence_segments.csv,DUPLICATE,identical_to_C16
C18,data/research/PATTERN_DISCOVERY_TOP50.csv,DUPLICATE,identical_to_C16
C18,data/research/PATTERN_DISCOVERY_DATA_DICTIONARY.md,DUPLICATE,identical_to_C16
C18,data/research/PATTERN_DISCOVERY_MULTIPLE_TESTING.csv,DUPLICATE,identical_to_C16
C18,data/cycle18/CYCLE18_PIT_DATA.csv,KEPT,selected_origin
C18,data/cycle18/CYCLE18_NONPIT_RESEARCH.csv,KEPT,selected_origin
C18,data/global_dataset/reports/TEAM_COVERAGE_GLOBAL_2020_2026.csv,DUPLICATE,identical_to_C16
C18,data/global_dataset/reports/GLOBAL_NETWORK_BLOCKS.json,DUPLICATE,identical_to_C16
C18,data/global_dataset/reports/GLOBAL_DATASET_COVERAGE.csv,DUPLICATE,identical_to_C16
C18,data/global_dataset/reports/GLOBAL_COMPETITION_SEASON_MATRIX_2020_2026.csv,DUPLICATE,identical_to_C16
C18,data/global_dataset/reports/DATASET_FINAL_COUNTS.json,DUPLICATE,identical_to_C16
C18,data/global_dataset/reports/DATA_ENRICHMENT_FINAL_REPORT.md,DUPLICATE,identical_to_C16
C18,data/global_dataset/reports/ACQUIRED_SOURCE_SHA256SUMS.txt,DUPLICATE,identical_to_C16
C18,data/global_dataset/reports/GLOBAL_DATASET_TEST_REPORT.json,DUPLICATE,identical_to_C16
C18,data/global_dataset/reports/FREE_ENRICHMENT_SNAPSHOT_INTEGRITY.json,DUPLICATE,identical_to_C16
C18,data/global_dataset/reports/GLOBAL_COVERAGE_REPORT.csv,DUPLICATE,identical_to_C16
C18,data/global_dataset/reports/SOURCE_COVERAGE_MATRIX.csv,DUPLICATE,identical_to_C16
C18,data/global_dataset/reports/SCIENTIFIC_STATUS_FINAL.md,DUPLICATE,identical_to_C16
C18,data/global_dataset/reports/GLOBAL_FIELD_COVERAGE_FREE.csv,DUPLICATE,identical_to_C16
C18,data/global_dataset/reports/FREE_SOURCE_COVERAGE_MATRIX.csv,DUPLICATE,identical_to_C16
C18,data/global_dataset/reports/GLOBAL_COVERAGE_MATRIX_2020_2026.csv,DUPLICATE,identical_to_C16
C18,data/global_dataset/reports/GLOBAL_TEST_RESULTS.json,DUPLICATE,identical_to_C16
C18,data/global_dataset/reports/GLOBAL_COVERAGE_MATRIX.csv,DUPLICATE,identical_to_C16
C18,data/global_dataset/reports/GLOBAL_DATASET_COUNTS.json,DUPLICATE,identical_to_C16
C18,data/global_dataset/reports/LOCAL_FREE_ARTIFACT_MANIFEST.csv,DUPLICATE,identical_to_C16
C18,data/global_dataset/reports/PREMATCH_SNAPSHOT_PROTECTION.json,DUPLICATE,identical_to_C16
C18,data/global_dataset/reports/PREMATCH_READINESS_2026-08-20.csv,DUPLICATE,identical_to_C16
C18,data/global_dataset/reports/GLOBAL_PATTERN_DISCOVERY_READINESS.md,DUPLICATE,identical_to_C16
C18,data/global_dataset/reports/GLOBAL_COVERAGE_REPORT_COMPETITION.csv,DUPLICATE,identical_to_C16
C18,data/global_dataset/reports/FINAL_SCIENTIFIC_STATUS.md,DUPLICATE,identical_to_C16
C18,data/global_dataset/reports/GLOBAL_DATASET_PROVENANCE.csv,DUPLICATE,identical_to_C16
C18,data/global_dataset/reports/MODEL_READINESS_REPORT.md,DUPLICATE,identical_to_C16
C18,data/global_dataset/reports/CROSS_COMPETITION_EVIDENCE.csv,DUPLICATE,identical_to_C16
C18,data/global_dataset/reports/GLOBAL_COVERAGE_REPORT.md,DUPLICATE,identical_to_C16
C18,data/global_dataset/reports/FREE_SOURCE_CONFLICTS.csv,DUPLICATE,identical_to_C16
C18,data/global_dataset/reports/COMPETITIONS_NOT_MATERIALIZED.csv,DUPLICATE,identical_to_C16
C18,data/global_dataset/reports/ACQUISITION_PRIORITY.csv,DUPLICATE,identical_to_C16
C18,data/global_dataset/reports/PREMATCH_DATA_READINESS_REPORT.md,DUPLICATE,identical_to_C16
C18,data/global_dataset/reports/ACQUISITION_FAILURE_REPORT.md,DUPLICATE,identical_to_C16
C18,data/global_dataset/reports/PREMATCH_SNAPSHOT_INTEGRITY.json,DUPLICATE,identical_to_C16
C18,data/global_dataset/reports/NEGATIVE_FINDINGS.csv,DUPLICATE,identical_to_C16
C18,data/global_dataset/reports/TEAM_COVERAGE_REPORT.md,DUPLICATE,identical_to_C16
C18,data/global_dataset/reports/PREMATCH_READINESS_REPORT.md,DUPLICATE,identical_to_C16
C18,data/global_dataset/reports/TEAM_COVERAGE_GLOBAL.csv,DUPLICATE,identical_to_C16
C18,data/global_dataset/reports/GLOBAL_DATASET_FINAL_REPORT.md,DUPLICATE,identical_to_C16
C18,data/global_dataset/reports/GLOBAL_RUN_LEDGER.json,DUPLICATE,identical_to_C16
C18,data/global_dataset/reports/SOURCE_PROVENANCE.csv,DUPLICATE,identical_to_C16
C18,data/global_dataset/reports/GLOBAL_COVERAGE_MATRIX_MATERIALIZED.csv,DUPLICATE,identical_to_C16
C18,data/global_dataset/reports/SOURCE_ACQUISITION_REPORT.md,DUPLICATE,identical_to_C16
C18,data/global_dataset/reports/CROSS_COMPETITION_TRANSFER_REPORT.md,DUPLICATE,identical_to_C16
C18,data/global_dataset/reports/GLOBAL_FIELD_COVERAGE.csv,DUPLICATE,identical_to_C16
C18,data/global_dataset/processed_acquisition/pytest_2122_E0.csv,DUPLICATE,identical_to_C16
C18,data/global_dataset/registry/LOCAL_ACQUISITION_TARGET_REGISTRY.csv,DUPLICATE,identical_to_C16
C18,data/global_dataset/registry/GLOBAL_COMPETITION_TARGET_REGISTRY.csv,DUPLICATE,identical_to_C16
C18,data/global_dataset/registry/LOCAL_ACQUISITION_SOURCE_REGISTRY.csv,DUPLICATE,identical_to_C16
C18,data/global_dataset/registry/GLOBAL_ACQUISITION_MANIFEST.json,DUPLICATE,identical_to_C16
C18,data/global_dataset/registry/DATA_ACQUISITION_MANIFEST.json,KEPT,conflict_winner_latest_complete_snapshot
C18,data/global_dataset/registry/ACQUISITION_STATE_SCHEMA.md,DUPLICATE,identical_to_C16
C18,data/global_dataset/registry/GLOBAL_SOURCE_CATALOG.csv,DUPLICATE,identical_to_C16
C18,data/global_dataset/registry/TEAM_REGISTRY_GLOBAL.csv,DUPLICATE,identical_to_C16
C18,data/global_dataset/raw_acquired/2122_E0.csv,DUPLICATE,identical_to_C16
C18,data/global_dataset/raw_acquired/epl_2021_direct.csv,DUPLICATE,identical_to_C16
C18,data/global_dataset/raw_acquired/2122_D1.csv,DUPLICATE,identical_to_C16
C18,data/global_dataset/raw_acquired/2223_E0.csv,DUPLICATE,identical_to_C16
C18,data/global_dataset/raw_acquired/2223_D1.csv,DUPLICATE,identical_to_C16
C18,data/global_dataset/raw_acquired/2324_E0.csv,DUPLICATE,identical_to_C16
C18,data/global_dataset/reports/v3/PAID_API_GAP_ANALYSIS.md,DUPLICATE,identical_to_C16
C18,data/global_dataset/reports/v3/GLOBAL_FREE_SOURCE_DISCOVERY_V3.md,DUPLICATE,identical_to_C16
C18,data/global_dataset/reports/v3/FREE_GLOBAL_COVERAGE_STATUS.md,DUPLICATE,identical_to_C16
C18,data/global_dataset/reports/v3/GLOBAL_FREE_SOURCE_DISCOVERY_V3.json,DUPLICATE,identical_to_C16
C18,data/processed/round_2026-08-20/ROUND_2026-08-20_INTELLIGENCE.csv,DUPLICATE,identical_to_C16
C18,data/provenance/round_2026-08-20/ROUND_2026-08-20_PROVENANCE.csv,DUPLICATE,identical_to_C16
C18,data/coverage/free_enrichment_v4/FREE_DATA_COVERAGE_MATRIX_V4.csv,DUPLICATE,identical_to_C16
C18,data/coverage/free_enrichment_v5/V5_LAYER_COVERAGE.csv,DUPLICATE,identical_to_C16
C18,data/conmebol/raw/conmebol_sudamericana_2024.txt,DUPLICATE,identical_to_C16
C18,data/conmebol/raw/conmebol_sudamericana_2022.txt,DUPLICATE,identical_to_C16
C18,data/conmebol/raw/libertadores_brazilian_soccer_data.csv,DUPLICATE,identical_to_C16
C18,data/conmebol/raw/conmebol_sudamericana_2025.txt,DUPLICATE,identical_to_C16
C18,data/conmebol/raw/conmebol_sudamericana_2020.txt,DUPLICATE,identical_to_C16
C18,data/conmebol/raw/conmebol_sudamericana_2023.txt,DUPLICATE,identical_to_C16
C18,data/conmebol/raw/conmebol_sudamericana_2021.txt,DUPLICATE,identical_to_C16
C18,data/conmebol/schemas/CONMEBOL_SCHEMA.md,DUPLICATE,identical_to_C16
C18,data/conmebol/manifests/CONMEBOL_EXECUTION_MANIFEST.json,DUPLICATE,identical_to_C16
C18,data/conmebol/manifests/CONMEBOL_ACQUISITION_MATRIX.csv,DUPLICATE,identical_to_C16
C18,data/conmebol/provenance/CONMEBOL_PROVENANCE.csv,DUPLICATE,identical_to_C16
C18,data/conmebol/processed/CONMEBOL_MATCHES_REAL.csv,DUPLICATE,identical_to_C16
C18,data/enrichment/free_data/FOOTBALL_CANONICAL_ENRICHED_FREE.csv,DUPLICATE,identical_to_C16
C18,data/enrichment/free_data/MATCH_STATISTICS_FREE.csv,DUPLICATE,identical_to_C16
C18,data/enrichment/free_data/PLAYER_ENTITY_RESOLUTION_V6.csv,DUPLICATE,identical_to_C16
C18,data/enrichment/free_data/PLAYER_MASTER_V6.csv,DUPLICATE,identical_to_C16
C18,data/enrichment/free_data/PLAYER_TEAM_HISTORY_V6.csv,DUPLICATE,identical_to_C16
C18,data/raw/acquisition_worker/footballcsv_2024_br1.csv,DUPLICATE,identical_to_C16
C18,data/raw/acquisition_worker/brazil_squad_2024_flamengo.txt,DUPLICATE,identical_to_C16
C18,data/raw/acquisition_worker/pytest_2122_E0.csv,DUPLICATE,identical_to_C16
C18,data/raw/acquisition_worker/brazil_squad_2024_palmeiras.txt,DUPLICATE,identical_to_C16
C18,data/raw/global_acquisition/football_data/2122_E0.csv,DUPLICATE,identical_to_C16
C18,data/raw/global_acquisition/football_data/epl_2021_direct.csv,DUPLICATE,identical_to_C16
C18,data/raw/global_acquisition/football_data/2122_D1.csv,DUPLICATE,identical_to_C16
C18,data/raw/global_acquisition/football_data/2223_E0.csv,DUPLICATE,identical_to_C16
C18,data/raw/global_acquisition/football_data/2223_D1.csv,DUPLICATE,identical_to_C16
C18,data/raw/global_acquisition/football_data/2324_E0.csv,DUPLICATE,identical_to_C16
C18,reports/v2_master/RUN_TEST_RESULTS.txt,DUPLICATE,identical_to_C16
C18,reports/v2_master/SNAPSHOT_INTEGRITY_V2.json,DUPLICATE,identical_to_C16
C18,reports/phase3/GLOBAL_FOOTBALL_DATA_ACQUISITION_REPORT.md,DUPLICATE,identical_to_C16
C18,reports/phase3/COMPETITION_MARKET_MATRIX.md,DUPLICATE,identical_to_C16
C18,reports/phase3/DATA_QUALITY_REPORT.md,DUPLICATE,identical_to_C16
C18,reports/phase3/DATA_PROVENANCE_REPORT.md,DUPLICATE,identical_to_C16
C18,reports/phase3/FEATURE_RESEARCH.md,DUPLICATE,identical_to_C16
C18,reports/phase3/CARD_MARKET_REPORT.md,DUPLICATE,identical_to_C16
C18,reports/phase3/SOURCE_DISCOVERY_MATRIX.json,DUPLICATE,identical_to_C16
C18,reports/phase3/PHASE3_EXECUTION_README.md,DUPLICATE,identical_to_C16
C18,reports/phase3/CARD_RESEARCH_REPORT.md,DUPLICATE,identical_to_C16
C18,reports/phase3/COMPETITION_RESEARCH_REPORT.md,DUPLICATE,identical_to_C16
C18,reports/phase3/MARKET_RESEARCH_REPORT.md,DUPLICATE,identical_to_C16
C18,reports/phase3/SIGNAL_DISCOVERY_REPORT.md,DUPLICATE,identical_to_C16
C18,reports/phase3/CORNER_MARKET_REPORT.md,DUPLICATE,identical_to_C16
C18,reports/phase3/ODDS_DATA_REPORT.md,DUPLICATE,identical_to_C16
C18,reports/phase3/PIT_REPORT.md,DUPLICATE,identical_to_C16
C18,reports/phase3/EDGE_DISCOVERY_REPORT.md,DUPLICATE,identical_to_C16
C18,reports/phase3/MARKET_MICROSTRUCTURE.md,DUPLICATE,identical_to_C16
C18,reports/phase3/ABLATION_REPORT.md,DUPLICATE,identical_to_C16
C18,reports/phase3/HOLDOUT_REPORT.md,DUPLICATE,identical_to_C16
C18,reports/phase3/EDGE_DISCOVERY.md,DUPLICATE,identical_to_C16
C18,reports/phase3/WEB_SOURCE_VERIFICATION.md,DUPLICATE,identical_to_C16
C18,reports/phase3/LOWER_LEAGUES_RESEARCH.md,DUPLICATE,identical_to_C16
C18,reports/phase3/MARKET_VS_ROBO.md,DUPLICATE,identical_to_C16
C18,reports/phase3/WALK_FORWARD_REPORT.md,DUPLICATE,identical_to_C16
C18,reports/phase3/FINAL_SCIENTIFIC_STATUS.md,DUPLICATE,identical_to_C16
C18,reports/phase3/PRE_MATCH_RESEARCH.md,DUPLICATE,identical_to_C16
C18,reports/phase3/GLOBAL_COMPETITION_COVERAGE.md,DUPLICATE,identical_to_C16
C18,reports/phase3/MODEL_COMPARISON.md,DUPLICATE,identical_to_C16
C18,reports/phase3/DATA_QUALITY.json,DUPLICATE,identical_to_C16
C18,reports/phase3/GLOBAL_DATA_ACQUISITION_REPORT.md,DUPLICATE,identical_to_C16
C18,reports/phase3/LOWER_DIVISION_RESEARCH_REPORT.md,DUPLICATE,identical_to_C16
C18,reports/phase3/DATA_ACQUISITION_REPORT.md,DUPLICATE,identical_to_C16
C18,reports/phase3/MULTIPLE_TESTING_REPORT.md,DUPLICATE,identical_to_C16
C18,reports/phase3/MARKET_COVERAGE_REPORT.md,DUPLICATE,identical_to_C16
C18,reports/phase3/RESEARCH_HYPOTHESES.md,DUPLICATE,identical_to_C16
C18,reports/phase3/LOW_COVERAGE_MARKETS_REPORT.md,DUPLICATE,identical_to_C16
C18,reports/phase3/MODEL_COMPARISON_REPORT.md,DUPLICATE,identical_to_C16
C18,reports/phase3/PIT_DATA_REPORT.md,DUPLICATE,identical_to_C16
C18,reports/phase3/OOS_REPORT.md,DUPLICATE,identical_to_C16
C18,reports/phase3/ODDS_MARKET_MICROSTRUCTURE_REPORT.md,DUPLICATE,identical_to_C16
C18,reports/phase3/LEAGUE_MARKET_ANALYSIS_REPORT.md,DUPLICATE,identical_to_C16
C18,reports/phase3/LIVE_RESEARCH.md,DUPLICATE,identical_to_C16
C18,reports/phase3/FEATURE_RESEARCH_REPORT.md,DUPLICATE,identical_to_C16
C18,reports/phase3/CLV_REPORT.md,DUPLICATE,identical_to_C16
C18,reports/phase3/TOP_20_RESEARCH_CANDIDATES.md,DUPLICATE,identical_to_C16
C18,reports/phase3/OVERFITTING_REPORT.md,DUPLICATE,identical_to_C16
C18,reports/phase3/GLOBAL_RESEARCH_EXECUTION_MANIFEST.json,DUPLICATE,identical_to_C16
C18,reports/phase3/ODDS_RESEARCH.md,DUPLICATE,identical_to_C16
C18,reports/phase3/ANOMALY_RESEARCH_REPORT.md,DUPLICATE,identical_to_C16
C18,reports/phase3/TOP_20_REJECTED_SIGNALS.md,DUPLICATE,identical_to_C16
C18,reports/phase3/TOP_20_DATA_GAPS.md,DUPLICATE,identical_to_C16
C18,reports/phase3/FINAL_RESEARCH_AUDIT.md,DUPLICATE,identical_to_C16
C18,reports/phase3/DATA_COVERAGE_MATRIX.md,DUPLICATE,identical_to_C16
C18,reports/phase3/CORNERS_RESEARCH_REPORT.md,DUPLICATE,identical_to_C16
C18,reports/phase3/BASELINE_COMPARISON_REPORT.md,DUPLICATE,identical_to_C16
C18,reports/phase3/GLOBAL_COMPETITION_COVERAGE_REPORT.md,DUPLICATE,identical_to_C16
C18,reports/phase3/RESEARCH_CANDIDATES.md,DUPLICATE,identical_to_C16
C18,reports/phase3/ROBO_BEHAVIOR_REPORT.md,DUPLICATE,identical_to_C16
C18,reports/phase3/FEATURE_ABLATION_REPORT.md,DUPLICATE,identical_to_C16
C18,reports/phase3/PHASE3_RESULTS.json,DUPLICATE,identical_to_C16
C18,reports/real_day_prematch/REAL_DAY_EXECUTION_SUMMARY.json,DUPLICATE,identical_to_C16
C18,reports/real_day_prematch/REAL_DAY_PREMATCH_REPORT.md,DUPLICATE,identical_to_C16
C18,reports/real_day_prematch/REAL_DAY_TOP_SIGNALS.md,DUPLICATE,identical_to_C16
C18,reports/real_day_prematch/REAL_DAY_LIMITATIONS.md,DUPLICATE,identical_to_C16
C18,reports/phase2/DATA_QUALITY_REPORT.md,DUPLICATE,identical_to_C16
C18,reports/phase2/CARD_MARKET_REPORT.md,DUPLICATE,identical_to_C16
C18,reports/phase2/EMPIRICAL_RESULTS.json,DUPLICATE,identical_to_C16
C18,reports/phase2/MARKET_COMPARISON_REPORT.md,DUPLICATE,identical_to_C16
C18,reports/phase2/HOLDOUT_REPORT.md,DUPLICATE,identical_to_C16
C18,reports/phase2/DATA_ACQUISITION.json,DUPLICATE,identical_to_C16
C18,reports/phase2/WALK_FORWARD_REPORT.md,DUPLICATE,identical_to_C16
C18,reports/phase2/FINAL_SCIENTIFIC_STATUS.md,DUPLICATE,identical_to_C16
C18,reports/phase2/EMPIRICAL_RESEARCH_REPORT.md,DUPLICATE,identical_to_C16
C18,reports/phase2/DATA_QUALITY.json,DUPLICATE,identical_to_C16
C18,reports/phase2/DATA_ACQUISITION_REPORT.md,DUPLICATE,identical_to_C16
C18,reports/phase2/MODEL_COMPARISON_REPORT.md,DUPLICATE,identical_to_C16
C18,reports/phase2/OOS_REPORT.md,DUPLICATE,identical_to_C16
C18,reports/phase2/CLV_REPORT.md,DUPLICATE,identical_to_C16
C18,reports/phase2/ROBO_BEHAVIOR_REPORT.md,DUPLICATE,identical_to_C16
C18,reports/phase2/FEATURE_ABLATION_REPORT.md,DUPLICATE,identical_to_C16
C18,reports/conmebol/CONTEXT_INTELLIGENCE_REPORT.md,DUPLICATE,identical_to_C16
C18,reports/conmebol/INJURY_RETURN_REPORT.md,DUPLICATE,identical_to_C16
C18,reports/conmebol/CONMEBOL_NEGATIVE_RESULTS.csv,DUPLICATE,identical_to_C16
C18,reports/conmebol/PLAYER_IMPACT_REPORT.md,DUPLICATE,identical_to_C16
C18,reports/conmebol/COMPETITIVE_MOTIVATION_REPORT.md,DUPLICATE,identical_to_C16
C18,reports/conmebol/PATTERN_DISCOVERY_NEGATIVE_RESULTS.md,DUPLICATE,identical_to_C16
C18,reports/conmebol/CONMEBOL_PATTERN_RESULTS.csv,DUPLICATE,identical_to_C16
C18,reports/conmebol/PATTERN_DISCOVERY_WALK_FORWARD.md,DUPLICATE,identical_to_C16
C18,reports/conmebol/FINAL_SCIENTIFIC_STATUS.md,DUPLICATE,identical_to_C16
C18,reports/conmebol/PATTERN_DISCOVERY_MULTIPLE_TESTING.md,DUPLICATE,identical_to_C16
C18,reports/conmebol/CONMEBOL_HYPOTHESES.csv,DUPLICATE,identical_to_C16
C18,reports/conmebol/CONMEBOL_DATASET_COVERAGE.csv,DUPLICATE,identical_to_C16
C18,reports/conmebol/CONMEBOL_MODEL_RESULTS.json,DUPLICATE,identical_to_C16
C18,reports/conmebol/PATTERN_DISCOVERY_OOS.md,DUPLICATE,identical_to_C16
C18,reports/conmebol/CONMEBOL_FEATURE_IMPORTANCE.csv,DUPLICATE,identical_to_C16
C18,reports/conmebol/CONMEBOL_DATASET_FINAL_REPORT.md,DUPLICATE,identical_to_C16
C18,reports/conmebol/PATTERN_DISCOVERY_GLOBAL_REPORT.md,DUPLICATE,identical_to_C16
C18,reports/cycle3/CYCLE3_MANIFEST.json,DUPLICATE,identical_to_C16
C18,reports/cycle3/CYCLE3_SELECTION_THRESHOLDS.csv,DUPLICATE,identical_to_C16
C18,reports/cycle3/CYCLE3_PORTFOLIO_MATRIX.csv,DUPLICATE,identical_to_C16
C18,reports/cycle3/CYCLE3_MODEL_DIAGNOSTICS.csv,DUPLICATE,identical_to_C16
C18,reports/cycle3/CYCLE3_OOS_DECISIONS.csv,DUPLICATE,identical_to_C16
C18,reports/cycle3/CYCLE3_WALK_FORWARD_SELECTION.csv,DUPLICATE,identical_to_C16
C18,reports/cycle3/CYCLE3_WALK_FORWARD_SUMMARY.csv,DUPLICATE,identical_to_C16
C18,reports/cycle3/CYCLE3_DIVERGENCE_BUCKETS.csv,DUPLICATE,identical_to_C16
C18,reports/cycle3/CYCLE3_COMMON_SAMPLE_HOME_WIN.csv,DUPLICATE,identical_to_C16
C18,reports/cycle3/CYCLE3_EV_BUCKETS.csv,DUPLICATE,identical_to_C16
C18,reports/cycle3/CYCLE3_EXPERIMENT_REGISTRY.json,DUPLICATE,identical_to_C16
C18,reports/cycle3/CYCLE3_WALK_FORWARD_META.json,DUPLICATE,identical_to_C16
C18,reports/cycle3/CYCLE3_PRICED_OOS_DECISIONS.csv,DUPLICATE,identical_to_C16
C18,reports/cycle3/CYCLE3_EXECUTIVE_REPORT.md,DUPLICATE,identical_to_C16
C18,reports/coverage/DATA_COVERAGE_GAPS.md,DUPLICATE,identical_to_C16
C18,reports/coverage/ACQUISITION_PRIORITY.csv,DUPLICATE,identical_to_C16
C18,reports/coverage/DATA_COVERAGE_2020_2026.csv,DUPLICATE,identical_to_C16
C18,reports/post_match_pilot/POST_MATCH_PILOT_REPORT.md,DUPLICATE,identical_to_C16
C18,reports/post_match_pilot/DATASET_INTEGRITY_BEFORE_AFTER.md,DUPLICATE,identical_to_C16
C18,reports/free_enrichment_v4/LINEUP_COVERAGE_REPORT.md,DUPLICATE,identical_to_C16
C18,reports/free_enrichment_v4/TEMPORAL_DATA_QUALITY_REPORT.md,DUPLICATE,identical_to_C16
C18,reports/free_enrichment_v4/SOFASCORE_ASSESSMENT.md,DUPLICATE,identical_to_C16
C18,reports/free_enrichment_v4/SECURITY_SCAN.txt,DUPLICATE,identical_to_C16
C18,reports/free_enrichment_v4/PAID_DATA_GAP_REPORT.md,DUPLICATE,identical_to_C16
C18,reports/free_enrichment_v4/INJURY_COVERAGE_REPORT.md,DUPLICATE,identical_to_C16
C18,reports/free_enrichment_v4/ODDS_COVERAGE_REPORT.md,DUPLICATE,identical_to_C16
C18,reports/free_enrichment_v4/EVENT_COVERAGE_REPORT.md,DUPLICATE,identical_to_C16
C18,reports/free_enrichment_v4/PLAYER_COVERAGE_REPORT.md,DUPLICATE,identical_to_C16
C18,reports/free_enrichment_v4/PIT_COVERAGE_REPORT.md,DUPLICATE,identical_to_C16
C18,reports/free_enrichment_v4/GLOBAL_FREE_DATA_DISCOVERY_REPORT.md,DUPLICATE,identical_to_C16
C18,reports/free_enrichment_v4/XG_COVERAGE_REPORT.md,DUPLICATE,identical_to_C16
C18,reports/free_enrichment_v4/ENTITY_RESOLUTION_REPORT.md,DUPLICATE,identical_to_C16
C18,reports/free_enrichment_v4/SUSPENSION_COVERAGE_REPORT.md,DUPLICATE,identical_to_C16
C18,reports/free_enrichment_v4/README_V4.md,DUPLICATE,identical_to_C16
C18,reports/free_enrichment_v4/SOURCE_REGISTRY_V4.csv,DUPLICATE,identical_to_C16
C18,reports/free_enrichment_v4/ACQUISITION_MANIFEST_V4.csv,DUPLICATE,identical_to_C16
C18,reports/free_enrichment_v4/API_READINESS_MATRIX_V4.csv,DUPLICATE,identical_to_C16
C18,reports/free_enrichment_v4/GLOBAL_ENRICHMENT_STATUS_V4.json,DUPLICATE,identical_to_C16
C18,reports/free_enrichment_v4/DATA_GAP_MASTER.csv,DUPLICATE,identical_to_C16
C18,reports/context_transfer/SOURCE_CONFLICT_ENGINE.md,DUPLICATE,identical_to_C16
C18,reports/context_transfer/ACQUISITION_STATUS.md,DUPLICATE,identical_to_C16
C18,reports/context_transfer/MOTIVATION_CONTEXT_REPORT.md,DUPLICATE,identical_to_C16
C18,reports/context_transfer/PLAYER_IMPACT_REPORT.md,DUPLICATE,identical_to_C16
C18,reports/context_transfer/NEGATIVE_FINDINGS.md,DUPLICATE,identical_to_C16
C18,reports/context_transfer/FINAL_SCIENTIFIC_STATUS.md,DUPLICATE,identical_to_C16
C18,reports/context_transfer/CONTEXT_TRANSFER_FINAL_REPORT.md,DUPLICATE,identical_to_C16
C18,reports/context_transfer/MODEL_COMPARISON.md,DUPLICATE,identical_to_C16
C18,reports/context_transfer/RIVALRY_INTELLIGENCE_REPORT.md,DUPLICATE,identical_to_C16
C18,reports/context_transfer/FEATURE_ABLATION_REPORT.md,DUPLICATE,identical_to_C16
C18,reports/context_transfer/CONTEXT_TRANSFER_AUDIT.md,DUPLICATE,identical_to_C16
C18,reports/v19/V19_SCORELINE_REPORT.md,DUPLICATE,identical_to_C16
C18,reports/v19/V19_DATA_ACQUISITION_REPORT.md,DUPLICATE,identical_to_C16
C18,reports/v19/V19_EXPERIMENTS_REPORT.md,DUPLICATE,identical_to_C16
C18,reports/v19/V19_MARKET_DISLOCATION_REPORT.md,DUPLICATE,identical_to_C16
C18,reports/v19/V19_PERFORMANCE.json,DUPLICATE,identical_to_C16
C18,reports/v19/V19_FINAL_REPORT.md,DUPLICATE,identical_to_C16
C18,reports/v19/V19_MATRIX.md,DUPLICATE,identical_to_C16
C18,reports/v19/V19_ROBUSTNESS_REPORT.md,DUPLICATE,identical_to_C16
C18,reports/v19/V19_FULL_SYSTEM_VALIDATION.json,DUPLICATE,identical_to_C16
C18,reports/v19/V19_FINAL_SYSTEM_AUDIT.md,DUPLICATE,identical_to_C16
C18,reports/v19/V19_OOS_REPORT.md,DUPLICATE,identical_to_C16
C18,reports/v19/V19_PRICING_AUDIT.md,DUPLICATE,identical_to_C16
C18,reports/v19/V19_CALIBRATION_REPORT.md,DUPLICATE,identical_to_C16
C18,reports/v19/V19_REGRESSION_AUDIT.md,DUPLICATE,identical_to_C16
C18,reports/v19/V19_SECURITY_SCAN.json,DUPLICATE,identical_to_C16
C18,reports/v19/V19_BACKTEST_REPORT.md,DUPLICATE,identical_to_C16
C18,reports/v19/V19_BENCHMARK_REPORT.md,DUPLICATE,identical_to_C16
C18,reports/v8/V8_PAID_GAP_MATRIX.csv,DUPLICATE,identical_to_C16
C18,reports/v8/V8_LINEUP_REPORT.md,DUPLICATE,identical_to_C16
C18,reports/v8/V8_LOCAL_DATA_INVENTORY.csv,DUPLICATE,identical_to_C16
C18,reports/v8/V8_INJURY_REPORT.md,DUPLICATE,identical_to_C16
C18,reports/v8/V8_XG_REPORT.md,DUPLICATE,identical_to_C16
C18,reports/v8/V8_EVENT_REPORT.md,DUPLICATE,identical_to_C16
C18,reports/v8/V8_ACQUISITION_REPORT.md,DUPLICATE,identical_to_C16
C18,reports/v8/V8_PUBLIC_DATASET_DISCOVERY.csv,DUPLICATE,identical_to_C16
C18,reports/v8/V8_MASTER_STAFF_REPORT.md,DUPLICATE,identical_to_C16
C18,reports/v8/V8_EXECUTION_EVIDENCE.json,DUPLICATE,identical_to_C16
C18,reports/v8/V8_BEFORE_AFTER_MATRIX.csv,DUPLICATE,identical_to_C16
C18,reports/v8/V8_ODDS_REPORT.md,DUPLICATE,identical_to_C16
C18,reports/v8/V8_SUSPENSION_REPORT.md,DUPLICATE,identical_to_C16
C18,reports/v8/V8_ENRICHMENT_REPORT.md,DUPLICATE,identical_to_C16
C18,reports/v8/V8_PROVENANCE_REPORT.md,DUPLICATE,identical_to_C16
C18,reports/v8/V8_DATA_GAP_MATRIX.csv,DUPLICATE,identical_to_C16
C18,reports/v8/V8_PLAYER_REPORT.md,DUPLICATE,identical_to_C16
C18,reports/v8/V8_WEATHER_REPORT.md,DUPLICATE,identical_to_C16
C18,reports/v8/V8_SOURCE_COVERAGE.csv,DUPLICATE,identical_to_C16
C18,reports/v8/V8_LOCAL_MATERIALIZATION_SUMMARY.json,DUPLICATE,identical_to_C16
C18,reports/v8/V8_PIT_REPORT.md,DUPLICATE,identical_to_C16
C18,reports/cycle4/PIT_STATUS.json,DUPLICATE,identical_to_C16
C18,reports/cycle4/CYCLE4_MANIFEST.json,DUPLICATE,identical_to_C16
C18,reports/cycle4/CYCLE4_EXECUTIVE_REPORT.md,DUPLICATE,identical_to_C16
C18,reports/cycle4/SOURCE_AUDIT.json,DUPLICATE,identical_to_C16
C18,reports/intelligence/GLOBAL_INTELLIGENCE_EXECUTION_MANIFEST.json,DUPLICATE,identical_to_C16
C18,reports/intelligence/GLOBAL_INTELLIGENCE_EXECUTION_REPORT.md,DUPLICATE,identical_to_C16
C18,reports/v17/V17_RESEARCH_EXECUTION.json,DUPLICATE,identical_to_C16
C18,reports/v17/V17_FULL_SYSTEM_VALIDATION.json,DUPLICATE,identical_to_C16
C18,reports/cycle17/CYCLE17_EXECUTION_STRESS.json,DUPLICATE,identical_to_C17
C18,reports/cycle17/CYCLE17_EXECUTION_METADATA.json,DUPLICATE,identical_to_C17
C18,reports/cycle17/CYCLE17_HYPOTHESIS_REGISTRY.json,DUPLICATE,identical_to_C17
C18,reports/cycle17/CYCLE17_FINAL_DECISION.md,DUPLICATE,identical_to_C17
C18,reports/cycle17/CYCLE17_SOURCE_REGISTRY.json,DUPLICATE,identical_to_C17
C18,reports/cycle17/CYCLE17_PROMOTION_GATE.json,DUPLICATE,identical_to_C17
C18,reports/cycle17/CYCLE17_EXPERIMENT_REGISTRY.json,DUPLICATE,identical_to_C17
C18,reports/cycle17/CYCLE17_MULTIPLE_TESTING.json,DUPLICATE,identical_to_C17
C18,reports/cycle17/CYCLE17_MANIFEST.json,DUPLICATE,identical_to_C17
C18,reports/cycle17/CYCLE17_RAW_AUDIT.json,DUPLICATE,identical_to_C17
C18,reports/cycle17/CYCLE17_ARTIFACT_SHA256.txt,DUPLICATE,identical_to_C17
C18,reports/cycle17/CYCLE17_DECISION_AUDIT.csv,DUPLICATE,identical_to_C17
C18,reports/cycle17/CYCLE17_PAPER_BETS.json,DUPLICATE,identical_to_C17
C18,reports/cycle17/CYCLE17_EXECUTIVE_REPORT.md,DUPLICATE,identical_to_C17
C18,reports/cycle17/CYCLE17_CLV_REPORT.json,DUPLICATE,identical_to_C17
C18,reports/cycle17/CYCLE17_DATA_QUALITY.json,DUPLICATE,identical_to_C17
C18,reports/cycle17/CYCLE17_ROBUSTNESS_REPORT.json,DUPLICATE,identical_to_C17
C18,reports/cycle17/CYCLE17_SETTLEMENT_REPORT.json,DUPLICATE,identical_to_C17
C18,reports/cycle17/CYCLE17_SIGNAL_LIBRARY.json,DUPLICATE,identical_to_C17
C18,reports/cycle17/CYCLE17_COMPLETENESS.json,DUPLICATE,identical_to_C17
C18,reports/cycle17/CYCLE17_RISK_REPORT.json,DUPLICATE,identical_to_C17
C18,reports/cycle17/CYCLE17_PIT_STATUS.json,DUPLICATE,identical_to_C17
C18,reports/cycle17/CYCLE17_OOS_REPORT.json,DUPLICATE,identical_to_C17
C18,reports/cycle17/CYCLE17_WALK_FORWARD_REPORT.json,DUPLICATE,identical_to_C17
C18,reports/cycle17/CYCLE17_BOOTSTRAP.json,DUPLICATE,identical_to_C17
C18,reports/master_staff/MASTER_STAFF_SCIENTIFIC_STATUS.md,DUPLICATE,identical_to_C16
C18,reports/master_staff/NEGATIVE_RESULTS.csv,DUPLICATE,identical_to_C16
C18,reports/master_staff/MASTER_STAFF_VALUE_PRICING_EXECUTION.json,DUPLICATE,identical_to_C16
C18,reports/master_staff/SCIENTIFIC_STATUS_FINAL.md,DUPLICATE,identical_to_C16
C18,reports/master_staff/MASTER_STAFF_VALIDATION.json,DUPLICATE,identical_to_C16
C18,reports/master_staff/EVIDENCE_STATE.json,DUPLICATE,identical_to_C16
C18,reports/master_staff/FINAL_DELIVERY_SUMMARY.md,DUPLICATE,identical_to_C16
C18,reports/master_staff/MASTER_STAFF_ROUND_ANALYSIS_REPORT.md,DUPLICATE,identical_to_C16
C18,reports/master_staff/MASTER_STAFF_FINAL_SUMMARY.json,DUPLICATE,identical_to_C16
C18,reports/master_staff/MASTER_STAFF_EXECUTION.md,DUPLICATE,identical_to_C16
C18,reports/master_staff/MASTER_STAFF_H2H_RIVALRY_REPORT.md,DUPLICATE,identical_to_C16
C18,reports/master_staff/MASTER_STAFF_VALUE_PRICING_REPORT.md,DUPLICATE,identical_to_C16
C18,reports/master_staff/MASTER_STAFF_MARKET_QUALITY_REPORT.md,DUPLICATE,identical_to_C16
C18,reports/master_staff/TEST_EXECUTION_FINAL.json,DUPLICATE,identical_to_C16
C18,reports/master_staff/GLOBAL_PREMATCH_INTELLIGENCE_V2_TEST_REPORT.md,DUPLICATE,identical_to_C16
C18,reports/master_staff/MASTER_STAFF_CONTEXT_INTELLIGENCE.md,DUPLICATE,identical_to_C16
C18,reports/master_staff/LOCAL_ACQUISITION_SNAPSHOT_HASH_AUDIT.txt,DUPLICATE,identical_to_C16
C18,reports/master_staff/MASTER_STAFF_PLAYER_IMPACT_REPORT.md,DUPLICATE,identical_to_C16
C18,reports/master_staff/MASTER_STAFF_FINAL_REPORT.md,DUPLICATE,identical_to_C16
C18,reports/free_enrichment_v5/LINEUP_COVERAGE_REPORT.md,DUPLICATE,identical_to_C16
C18,reports/free_enrichment_v5/TEMPORAL_DATA_QUALITY_REPORT.md,DUPLICATE,identical_to_C16
C18,reports/free_enrichment_v5/NETWORK_PROBE.json,KEPT,conflict_winner_latest_complete_snapshot
C18,reports/free_enrichment_v5/SNAPSHOT_INTEGRITY_V5.txt,DUPLICATE,identical_to_C16
C18,reports/free_enrichment_v5/SOFASCORE_ASSESSMENT.md,DUPLICATE,identical_to_C16
C18,reports/free_enrichment_v5/FREE_DATA_COVERAGE_REPORT.md,DUPLICATE,identical_to_C16
C18,reports/free_enrichment_v5/PAID_DATA_GAP_REPORT.md,DUPLICATE,identical_to_C16
C18,reports/free_enrichment_v5/INJURY_COVERAGE_REPORT.md,DUPLICATE,identical_to_C16
C18,reports/free_enrichment_v5/ODDS_COVERAGE_REPORT.md,DUPLICATE,identical_to_C16
C18,reports/free_enrichment_v5/EVENT_COVERAGE_REPORT.md,DUPLICATE,identical_to_C16
C18,reports/free_enrichment_v5/PLAYER_COVERAGE_REPORT.md,DUPLICATE,identical_to_C16
C18,reports/free_enrichment_v5/SECURITY_SCAN_V5.txt,DUPLICATE,identical_to_C16
C18,reports/free_enrichment_v5/PIT_COVERAGE_REPORT.md,DUPLICATE,identical_to_C16
C18,reports/free_enrichment_v5/GLOBAL_ENRICHMENT_STATUS_V5.json,KEPT,conflict_winner_latest_complete_snapshot
C18,reports/free_enrichment_v5/XG_COVERAGE_REPORT.md,DUPLICATE,identical_to_C16
C18,reports/free_enrichment_v5/SUSPENSION_COVERAGE_REPORT.md,DUPLICATE,identical_to_C16
C18,reports/free_enrichment_v5/GLOBAL_DATA_COVERAGE_REPORT.md,DUPLICATE,identical_to_C16
C18,reports/context_intelligence/CONTEXT_INTELLIGENCE_REPORT.md,DUPLICATE,identical_to_C16
C18,reports/context_intelligence/INJURY_RETURN_REPORT.md,DUPLICATE,identical_to_C16
C18,reports/context_intelligence/PLAYER_IMPACT_REPORT.md,DUPLICATE,identical_to_C16
C18,reports/context_intelligence/COMPETITIVE_MOTIVATION_REPORT.md,DUPLICATE,identical_to_C16
C18,reports/context_intelligence/PATTERN_DISCOVERY_NEGATIVE_RESULTS.md,DUPLICATE,identical_to_C16
C18,reports/context_intelligence/PATTERN_DISCOVERY_WALK_FORWARD.md,DUPLICATE,identical_to_C16
C18,reports/context_intelligence/PATTERN_DISCOVERY_MULTIPLE_TESTING.md,DUPLICATE,identical_to_C16
C18,reports/context_intelligence/PATTERN_DISCOVERY_OOS.md,DUPLICATE,identical_to_C16
C18,reports/context_intelligence/FINAL_VALIDATION.json,DUPLICATE,identical_to_C16
C18,reports/context_intelligence/PATTERN_DISCOVERY_GLOBAL_REPORT.md,DUPLICATE,identical_to_C16
C18,reports/cycle2/CYCLE2_PRICING_OVER25.csv,DUPLICATE,identical_to_C16
C18,reports/cycle2/CYCLE2_EXPERIMENT_REGISTRY.jsonl,DUPLICATE,identical_to_C16
C18,reports/cycle2/CYCLE2_PRICING_HOME.csv,DUPLICATE,identical_to_C16
C18,reports/cycle2/CYCLE2_FEATURE_COMPARISON_COMMON_SAMPLE.csv,DUPLICATE,identical_to_C16
C18,reports/cycle2/CYCLE2_SIZING_SIMULATION.csv,DUPLICATE,identical_to_C16
C18,reports/cycle2/CYCLE2_RESEARCH_FEATURES.csv,DUPLICATE,identical_to_C16
C18,reports/cycle2/CYCLE2_ABLATION_SUMMARY.csv,DUPLICATE,identical_to_C16
C18,reports/cycle2/CYCLE2_MARKET_DIVERGENCE_SUMMARY.csv,DUPLICATE,identical_to_C16
C18,reports/cycle2/CYCLE2_ODDS_BUCKETS.csv,DUPLICATE,identical_to_C16
C18,reports/cycle2/CYCLE2_MARKET_DIVERGENCE.csv,DUPLICATE,identical_to_C16
C18,reports/cycle2/CYCLE2_MODEL_RESULTS.csv,DUPLICATE,identical_to_C16
C18,reports/cycle2/CYCLE2_MARKET_ONLY_RESULTS.csv,DUPLICATE,identical_to_C16
C18,reports/cycle2/CYCLE2_MODEL_SUMMARY.csv,DUPLICATE,identical_to_C16
C18,reports/cycle2/market_only_pricing_oos.csv,DUPLICATE,identical_to_C16
C18,reports/cycle2/CYCLE2_EXECUTIVE_REPORT.md,DUPLICATE,identical_to_C16
C18,reports/cycle2/CYCLE2_ABLATION_RESULTS.csv,DUPLICATE,identical_to_C16
C18,reports/cycle2/CYCLE2_MARKET_ONLY_COMMON_SAMPLE.csv,DUPLICATE,identical_to_C16
C18,reports/cycle2/CYCLE2_BASELINE_CANDIDATE_COMPARISON.csv,DUPLICATE,identical_to_C16
C18,reports/cycle2/robo_logistic_full_pricing_oos.csv,DUPLICATE,identical_to_C16
C18,reports/expansion/BLOCKED_SOURCES.md,DUPLICATE,identical_to_C16
C18,reports/expansion/FINAL_EXPANSION_AUDIT.md,DUPLICATE,identical_to_C16
C18,reports/expansion/DATA_ACQUISITION_REPORT.md,DUPLICATE,identical_to_C16
C18,reports/expansion/MATERIALIZED_SOURCES.md,DUPLICATE,identical_to_C16
C18,reports/expansion/GLOBAL_COMPETITION_PLAN.md,DUPLICATE,identical_to_C16
C18,reports/expansion/EXPANSION_EXECUTION.json,DUPLICATE,identical_to_C16
C18,reports/expansion/BEFORE_VS_AFTER.md,DUPLICATE,identical_to_C16
C18,reports/v18/V18_RESEARCH_EXECUTION.json,DUPLICATE,identical_to_C16
C18,reports/v18/V18_FULL_SYSTEM_VALIDATION.json,DUPLICATE,identical_to_C16
C18,reports/cycle18/CYCLE18_PIT_STATUS.json,KEPT,selected_origin
C18,reports/cycle18/CYCLE18_RAW_AUDIT.json,KEPT,selected_origin
C18,reports/cycle18/CYCLE18_CLV_REPORT.json,KEPT,selected_origin
C18,reports/cycle18/CYCLE18_ROBUSTNESS_REPORT.json,KEPT,selected_origin
C18,reports/cycle18/CYCLE18_SOURCE_REGISTRY.json,KEPT,selected_origin
C18,reports/cycle18/CYCLE18_RISK_REPORT.json,KEPT,selected_origin
C18,reports/cycle18/CYCLE18_PAPER_BETS.json,KEPT,selected_origin
C18,reports/cycle18/CYCLE18_WALK_FORWARD_REPORT.json,KEPT,selected_origin
C18,reports/cycle18/CYCLE18_MANIFEST.json,KEPT,selected_origin
C18,reports/cycle18/CYCLE18_FINAL_DECISION.md,KEPT,selected_origin
C18,reports/cycle18/CYCLE18_H005_REPORT.json,KEPT,selected_origin
C18,reports/cycle18/CYCLE18_COMPLETENESS.json,KEPT,selected_origin
C18,reports/cycle18/CYCLE18_EXECUTIVE_REPORT.md,KEPT,selected_origin
C18,reports/cycle18/CYCLE18_SIGNAL_LIBRARY.json,KEPT,selected_origin
C18,reports/cycle18/CYCLE18_SETTLEMENT_REPORT.json,KEPT,selected_origin
C18,reports/cycle18/CYCLE18_DIFF_SHA256.txt,KEPT,selected_origin
C18,reports/cycle18/CYCLE18_DECISION_AUDIT.csv,KEPT,selected_origin
C18,reports/cycle18/CYCLE18_ARTIFACT_SHA256.txt,KEPT,selected_origin
C18,reports/cycle18/CYCLE18_OOS_REPORT.json,KEPT,selected_origin
C18,reports/cycle18/CYCLE18_MULTIPLE_TESTING.json,KEPT,selected_origin
C18,reports/cycle18/CYCLE18_EXECUTION_STRESS.json,KEPT,selected_origin
C18,reports/cycle18/CYCLE18_DATA_QUALITY.json,KEPT,selected_origin
C18,reports/cycle18/CYCLE18_GITHUB_STATUS.json,KEPT,selected_origin
C18,reports/cycle18/CYCLE18_EXECUTION_METADATA.json,KEPT,selected_origin
C18,reports/cycle18/CYCLE18_PROMOTION_GATE.json,KEPT,selected_origin
C18,reports/cycle18/CYCLE18_HYPOTHESIS_REGISTRY.json,KEPT,selected_origin
C18,reports/cycle18/CYCLE18_EXPERIMENT_REGISTRY.json,KEPT,selected_origin
C18,reports/cycle18/CYCLE18_BOOTSTRAP.json,KEPT,selected_origin
C18,reports/real_data_pilot/DATA_QUALITY.json,DUPLICATE,identical_to_C16
C18,reports/real_data_pilot/MARKET_ONLY_1X2.json,DUPLICATE,identical_to_C16
C18,reports/real_data_pilot/DATASET_MANIFEST.json,DUPLICATE,identical_to_C16
C18,reports/rounds/2026-08-20/ROUND_2026-08-20_MATCH_REGISTRY.csv,DUPLICATE,identical_to_C16
C18,reports/rounds/2026-08-20/ROUND_2026-08-20_INTERNAL_MODEL_COVERAGE.csv,DUPLICATE,identical_to_C16
C18,reports/rounds/2026-08-20/ROUND_2026-08-20_MARKET_REFERENCES.csv,DUPLICATE,identical_to_C16
C18,reports/rounds/2026-08-20/ROUND_2026-08-20_MASTER_STAFF_REPORT.md,DUPLICATE,identical_to_C16
C18,reports/rounds/2026-08-20/ROUND_2026-08-20_FINAL_REPORT.md,DUPLICATE,identical_to_C16
C18,reports/rounds/2026-08-20/ROUND_2026-08-20_ACQUISITION_MANIFEST.csv,DUPLICATE,identical_to_C16
C18,reports/rounds/2026-08-20/ROUND_2026-08-20_MASTER_STAFF_SUMMARY.json,DUPLICATE,identical_to_C16
C18,reports/rounds/2026-08-20/ROUND_2026-08-20_SUMMARY.json,DUPLICATE,identical_to_C16
C18,reports/v18/execution/pytest.txt,DUPLICATE,identical_to_C16
C18,reports/v18/execution/frontend_npm_test.txt,DUPLICATE,identical_to_C16
C18,reports/v18/execution/v17_research.txt,DUPLICATE,identical_to_C16
C18,reports/v18/execution/frontend_build.exit,DUPLICATE,identical_to_C16
C18,reports/v18/execution/api_routes.txt,DUPLICATE,identical_to_C16
C18,reports/v18/execution/v17_full_validation.txt,DUPLICATE,identical_to_C16
C18,reports/v18/execution/frontend_build.txt,DUPLICATE,identical_to_C16
C18,reports/v18/execution/v18_research.txt,DUPLICATE,identical_to_C16
C18,reports/v18/execution/self_test.txt,DUPLICATE,identical_to_C16
C18,reports/v18/execution/environment.txt,DUPLICATE,identical_to_C16
C18,reports/v18/execution/v17_acquisition.txt,DUPLICATE,identical_to_C16
C18,reports/v18/execution/compileall.txt,DUPLICATE,identical_to_C16
C18,reports/v18/execution/v18_acquisition.txt,DUPLICATE,identical_to_C16
C18,reports/v18/execution/v18_full_validation.txt,DUPLICATE,identical_to_C16
C18,reports/phase3/global/SOURCE_DISCOVERY_MATRIX.csv,DUPLICATE,identical_to_C16
C18,tests/v24/test_v24.py,DUPLICATE,identical_to_C16
C18,tests/round_scan/test_round_20260820.py,DUPLICATE,identical_to_C16
C18,tests/conmebol/test_pipeline.py,DUPLICATE,identical_to_C16
C18,tests/v5/test_v5_integrity.py,DUPLICATE,identical_to_C16
C18,tests/v21/test_notifications.py,DUPLICATE,identical_to_C16
C18,tests/v21/test_controls.py,DUPLICATE,identical_to_C16
C18,tests/v21/test_api.py,DUPLICATE,identical_to_C16
C18,tests/v21/test_live_monitor.py,DUPLICATE,identical_to_C16
C18,tests/v21/test_service.py,DUPLICATE,identical_to_C16
C18,tests/v21/test_ledger.py,DUPLICATE,identical_to_C16
C18,tests/v21/test_quality_controls.py,DUPLICATE,identical_to_C16
C18,tests/v21/test_realtime.py,DUPLICATE,identical_to_C16
C18,tests/v16/test_decision_replay.py,DUPLICATE,identical_to_C16
C18,tests/v16/test_scientific_gates.py,DUPLICATE,identical_to_C16
C18,tests/free_enrichment_v4/test_state_machine.py,DUPLICATE,identical_to_C16
C18,tests/v22/test_v22.py,DUPLICATE,identical_to_C16
C18,tests/v25/test_v25.py,DUPLICATE,identical_to_C16
C18,tests/v25/test_card_market_integration.py,DUPLICATE,identical_to_C16
C18,tests/v25/test_cards.py,DUPLICATE,identical_to_C16
C18,tests/v25/test_market_math.py,DUPLICATE,identical_to_C16
C18,tests/v25/test_card_provider.py,DUPLICATE,identical_to_C16
C18,tests/master_staff/test_post_match_coverage.py,DUPLICATE,identical_to_C16
C18,tests/master_staff/test_master_staff.py,DUPLICATE,identical_to_C16
C18,tests/master_staff/test_source_conflict_temporal.py,DUPLICATE,identical_to_C16
C18,tests/master_staff/test_value_pricing_quality.py,DUPLICATE,identical_to_C16
C18,tests/master_staff/test_master_staff_specialist.py,DUPLICATE,identical_to_C16
C18,tests/master_staff/test_context_temporal.py,DUPLICATE,identical_to_C16
C18,tests/master_staff/test_context_transfer.py,DUPLICATE,identical_to_C16
C18,tests/master_staff/test_round_analyzer.py,DUPLICATE,identical_to_C16
C18,tests/research/test_cycle4_adapter.py,DUPLICATE,identical_to_C16
C18,tests/research/test_cycle3_selection.py,DUPLICATE,identical_to_C16
C18,tests/research/test_cycle4_pit.py,DUPLICATE,identical_to_C16
C18,tests/research/test_cycle2.py,DUPLICATE,identical_to_C16
C18,tests/research/test_cycle3_protocol.py,DUPLICATE,identical_to_C16
C18,tests/expansion/test_global_expansion.py,DUPLICATE,identical_to_C16
C18,tests/v23/test_v23.py,DUPLICATE,identical_to_C16
C18,tests/research/cycle17/test_exact_pit_v17.py,DUPLICATE,identical_to_C17
C18,tests/research/cycle17/test_h005_v17.py,DUPLICATE,identical_to_C17
C18,tests/research/cycle18/test_cycle18.py,KEPT,selected_origin
V16C2,SNAPSHOT_HASHES_V6_AFTER.json,DUPLICATE,identical_to_C16
V16C2,V19_SCORELINE_REPORT.md,DUPLICATE,identical_to_C16
V16C2,CONTEXT_INTELLIGENCE_REPORT.md,DUPLICATE,identical_to_C16
V16C2,FREE_GLOBAL_ENRICHMENT_MASTER_V3_FINAL_REPORT.md,DUPLICATE,identical_to_C16
V16C2,V25_PAPER_SHADOW_REPORT.md,DUPLICATE,identical_to_C16
V16C2,DATA_QUALITY_REPORT.md,DUPLICATE,identical_to_C16
V16C2,V8_PAID_GAP_MATRIX.csv,DUPLICATE,identical_to_C16
V16C2,GLOBAL_ENRICHMENT_STATUS.json,DUPLICATE,identical_to_C16
V16C2,V22_PAPER_TRADING_REPORT.md,DUPLICATE,identical_to_C16
V16C2,V24_FRONTEND_AUDIT.md,DUPLICATE,identical_to_C16
V16C2,V15_SHA256.txt,DUPLICATE,identical_to_C16
V16C2,V17_CALIBRATION_REPORT.md,DUPLICATE,identical_to_C16
V16C2,DATA_GAP_MATRIX.csv,DUPLICATE,identical_to_C16
V16C2,FINAL_INFRASTRUCTURE_REPORT.md,DUPLICATE,identical_to_C16
V16C2,V18_ROBUSTNESS_REPORT.md,DUPLICATE,identical_to_C16
V16C2,V22_OBSERVABILITY_AUDIT.md,DUPLICATE,identical_to_C16
V16C2,V21_DATA_QUALITY_REPORT.md,DUPLICATE,identical_to_C16
V16C2,V6_IMPLEMENTATION_NOTES.md,DUPLICATE,identical_to_C16
V16C2,V17_MATRIX.md,DUPLICATE,identical_to_C16
V16C2,V8_LINEUP_REPORT.md,DUPLICATE,identical_to_C16
V16C2,V16_SHA256.txt,DUPLICATE,identical_to_C16
V16C2,V25_FRONTEND_AUDIT.md,DUPLICATE,identical_to_C16
V16C2,GLOBAL_ACQUISITION_REPORT_V6.md,DUPLICATE,identical_to_C16
V16C2,V19_DATA_ACQUISITION_REPORT.md,DUPLICATE,identical_to_C16
V16C2,V16_EXPERIMENTS_REPORT.md,DUPLICATE,identical_to_C16
V16C2,LINEUP_COVERAGE_REPORT.md,DUPLICATE,identical_to_C16
V16C2,V25_ARCHITECTURE_AUDIT.md,DUPLICATE,identical_to_C16
V16C2,V22_ARCHITECTURE_AUDIT.md,DUPLICATE,identical_to_C16
V16C2,FINAL_REGRESSION_AUDIT.md,DUPLICATE,identical_to_C16
V16C2,V18_BENCHMARK_REPORT.md,DUPLICATE,identical_to_C16
V16C2,DATASET_FINAL_COUNTS.json,DUPLICATE,identical_to_C16
V16C2,DATA_ENRICHMENT_FINAL_REPORT.md,DUPLICATE,identical_to_C16
V16C2,V19_EXPERIMENTS_REPORT.md,DUPLICATE,identical_to_C16
V16C2,V23_SECURITY_AUDIT.md,DUPLICATE,identical_to_C16
V16C2,FREE_DATA_COVERAGE_MATRIX_V4.csv,DUPLICATE,identical_to_C16
V16C2,V19_MARKET_DISLOCATION_REPORT.md,DUPLICATE,identical_to_C16
V16C2,FINAL_DATABASE_AUDIT.md,DUPLICATE,identical_to_C16
V16C2,V20_CLASSIFICATION.md,DUPLICATE,identical_to_C16
V16C2,V16_OOS_REPORT.md,DUPLICATE,identical_to_C16
V16C2,PLAYER_COVERAGE_REPORT_V6.md,DUPLICATE,identical_to_C16
V16C2,ACQUISITION_MANIFEST_FINAL.json,DUPLICATE,identical_to_C16
V16C2,RUN_FREE_ACQUISITION.sh,DUPLICATE,identical_to_C16
V16C2,INJURY_RETURN_REPORT.md,DUPLICATE,identical_to_C16
V16C2,SCIENTIFIC_STATUS_FINAL.md,DUPLICATE,identical_to_C16
V16C2,V22_E2E_REPORT.md,DUPLICATE,identical_to_C16
V16C2,CARD_MARKET_REPORT.md,DUPLICATE,identical_to_C16
V16C2,TEMPORAL_DATA_QUALITY_REPORT.md,DUPLICATE,identical_to_C16
V16C2,FREE_SOURCE_COVERAGE_MATRIX.csv,DUPLICATE,identical_to_C16
V16C2,V22_SHADOW_TRADING_REPORT.md,DUPLICATE,identical_to_C16
V16C2,V8_LOCAL_DATA_INVENTORY.csv,DUPLICATE,identical_to_C16
V16C2,V16_REGRESSION_AUDIT.md,DUPLICATE,identical_to_C16
V16C2,FREE_DATA_ENRICHMENT_FINAL_REPORT.md,DUPLICATE,identical_to_C16
V16C2,V25_SECURITY_AUDIT.md,DUPLICATE,identical_to_C16
V16C2,FINAL_DATA_AUDIT.md,DUPLICATE,identical_to_C16
V16C2,V23_REGRESSION_AUDIT.md,DUPLICATE,identical_to_C16
V16C2,prometheus.yml,DUPLICATE,identical_to_C16
V16C2,V23_FINAL_REPORT.md,DUPLICATE,identical_to_C16
V16C2,V8_INJURY_REPORT.md,DUPLICATE,identical_to_C16
V16C2,V23_QUANT_AUDIT.md,DUPLICATE,identical_to_C16
V16C2,SOURCE_COVERAGE_MATRIX_V6.csv,DUPLICATE,identical_to_C16
V16C2,V24_REAL_FEED_REPORT.md,DUPLICATE,identical_to_C16
V16C2,V18_CALIBRATION_REPORT.md,DUPLICATE,identical_to_C16
V16C2,LINEUP_COVERAGE_REPORT_V6.md,DUPLICATE,identical_to_C16
V16C2,V23_DATASET_REPORT.md,DUPLICATE,identical_to_C16
V16C2,SOFASCORE_ASSESSMENT.md,DUPLICATE,identical_to_C16
V16C2,V17_FINAL_SYSTEM_AUDIT.md,DUPLICATE,identical_to_C16
V16C2,V16_BENCHMARK_REPORT.md,DUPLICATE,identical_to_C16
V16C2,FINAL_ARCHITECTURE_AUDIT.md,DUPLICATE,identical_to_C16
V16C2,V25_LIVE_AUDIT.md,DUPLICATE,identical_to_C16
V16C2,CONMEBOL_NEGATIVE_RESULTS.csv,DUPLICATE,identical_to_C16
V16C2,CONMEBOL_MULTIPLE_TESTING.csv,DUPLICATE,identical_to_C16
V16C2,V22_DATA_AUDIT.md,DUPLICATE,identical_to_C16
V16C2,FINAL_MASTER_REPORT.md,DUPLICATE,identical_to_C16
V16C2,V17_DATA_ACQUISITION_REPORT.md,DUPLICATE,identical_to_C16
V16C2,FINAL_FILE_HASHES.csv,DUPLICATE,identical_to_C16
V16C2,V19_FINAL_REPORT.md,DUPLICATE,identical_to_C16
V16C2,V19_MATRIX.md,DUPLICATE,identical_to_C16
V16C2,V19_ROBUSTNESS_REPORT.md,DUPLICATE,identical_to_C16
V16C2,V25_FINAL_REPORT.md,DUPLICATE,identical_to_C16
V16C2,RUN_FREE_GLOBAL_ENRICHMENT_V4.sh,DUPLICATE,identical_to_C16
V16C2,V16_CALIBRATION_REPORT.md,DUPLICATE,identical_to_C16
V16C2,PATTERN_DISCOVERY_NEXT_HYPOTHESES.csv,DUPLICATE,identical_to_C16
V16C2,V18_PIT_AUDIT.md,DUPLICATE,identical_to_C16
V16C2,V25_PRODUCTION_READINESS.md,DUPLICATE,identical_to_C16
V16C2,V14.2_SOURCE_COMPARISON.md,DUPLICATE,identical_to_C16
V16C2,V17_OOS_REPORT.md,DUPLICATE,identical_to_C16
V16C2,FINAL_DELIVERY_SUMMARY.md,DUPLICATE,identical_to_C16
V16C2,V23_DATA_AUDIT.md,DUPLICATE,identical_to_C16
V16C2,XG_COVERAGE_REPORT_V6.md,DUPLICATE,identical_to_C16
V16C2,V25_REGRESSION_AUDIT.md,DUPLICATE,identical_to_C16
V16C2,V22_DATABASE_AUDIT.md,DUPLICATE,identical_to_C16
V16C2,V23_DATABASE_AUDIT.md,DUPLICATE,identical_to_C16
V16C2,ACQUISITION_MANIFEST_V5.json,DUPLICATE,identical_to_C16
V16C2,FINAL_AUDIT_MATRIX.md,DUPLICATE,identical_to_C16
V16C2,V14_AUDIT_CONFIRMATION.md,DUPLICATE,identical_to_C16
V16C2,FINAL_MASTER_AUDIT.md,DUPLICATE,identical_to_C16
V16C2,MARKET_RESEARCH_REPORT.md,DUPLICATE,identical_to_C16
V16C2,V17_DATA_QUALITY_REPORT.md,DUPLICATE,identical_to_C16
V16C2,LOCAL_DATA_REDISCOVERY_REPORT_V7.md,DUPLICATE,identical_to_C16
V16C2,V25_SHA256.txt,DUPLICATE,identical_to_C16
V16C2,V22_FINAL_REPORT.md,DUPLICATE,identical_to_C16
V16C2,FINAL_QUANT_AUDIT.md,DUPLICATE,identical_to_C16
V16C2,V7_DATA_GAP_MATRIX.csv,DUPLICATE,identical_to_C16
V16C2,V7_BEFORE_AFTER_MATRIX.csv,DUPLICATE,identical_to_C16
V16C2,V8_XG_REPORT.md,DUPLICATE,identical_to_C16
V16C2,V23_REAL_DATA_REPORT.md,DUPLICATE,identical_to_C16
V16C2,V23_PAPER_SHADOW_REPORT.md,DUPLICATE,identical_to_C16
V16C2,.env.example,DUPLICATE,identical_to_C16
V16C2,V8_EVENT_REPORT.md,DUPLICATE,identical_to_C16
V16C2,V14_DATA_SOURCES.md,DUPLICATE,identical_to_C16
V16C2,V17_BENCHMARK_REPORT.md,DUPLICATE,identical_to_C16
V16C2,V16_BACKTEST_REPORT.md,DUPLICATE,identical_to_C16
V16C2,PATTERN_DISCOVERY_STATISTICAL_RESULTS.json,DUPLICATE,identical_to_C16
V16C2,EVENT_COVERAGE_REPORT_V6.md,DUPLICATE,identical_to_C16
V16C2,V22_DATASET_REPORT.md,DUPLICATE,identical_to_C16
V16C2,SUSPENSION_COVERAGE_REPORT_V6.md,DUPLICATE,identical_to_C16
V16C2,PATTERN_DISCOVERY_FEATURE_IMPORTANCE.csv,DUPLICATE,identical_to_C16
V16C2,FINAL_E2E_REPORT.md,DUPLICATE,identical_to_C16
V16C2,V6_TEST_REPORT.md,DUPLICATE,identical_to_C16
V16C2,PLAYER_IMPACT_REPORT.md,DUPLICATE,identical_to_C16
V16C2,V22_REDIS_AUDIT.md,DUPLICATE,identical_to_C16
V16C2,PAID_DATA_GAP_REPORT.md,DUPLICATE,identical_to_C16
V16C2,V17_PIT_AUDIT.md,DUPLICATE,identical_to_C16
V16C2,COMPETITIVE_MOTIVATION_REPORT.md,DUPLICATE,identical_to_C16
V16C2,V25_PRE_IMPLEMENTATION_AUDIT.md,DUPLICATE,identical_to_C16
V16C2,PAID_PROVIDER_COST_MATRIX.csv,DUPLICATE,identical_to_C16
V16C2,INJURY_COVERAGE_REPORT.md,DUPLICATE,identical_to_C16
V16C2,V19_DATA_QUALITY_REPORT.md,DUPLICATE,identical_to_C16
V16C2,V24_OBSERVABILITY_AUDIT.md,DUPLICATE,identical_to_C16
V16C2,V23_LIVE_AUDIT.md,DUPLICATE,identical_to_C16
V16C2,V22_FRONTEND_AUDIT.md,DUPLICATE,identical_to_C16
V16C2,V23_OBSERVABILITY_AUDIT.md,DUPLICATE,identical_to_C16
V16C2,V25_QUANT_AUDIT.md,DUPLICATE,identical_to_C16
V16C2,README_FREE_DATA_ENRICHMENT.md,DUPLICATE,identical_to_C16
V16C2,V24_REDIS_AUDIT.md,DUPLICATE,identical_to_C16
V16C2,V23_ARCHITECTURE_AUDIT.md,DUPLICATE,identical_to_C16
V16C2,PATTERN_DISCOVERY_NEGATIVE_RESULTS.md,DUPLICATE,identical_to_C16
V16C2,PATTERN_DISCOVERY_AUDIT.md,DUPLICATE,identical_to_C16
V16C2,SOFASCORE_ASSESSMENT_V6.md,DUPLICATE,identical_to_C16
V16C2,MARKET_COMPARISON_REPORT.md,DUPLICATE,identical_to_C16
V16C2,V16_DATA_QUALITY_REPORT.md,DUPLICATE,identical_to_C16
V16C2,V8_FINAL_COUNTS.json,DUPLICATE,identical_to_C16
V16C2,ODDS_COVERAGE_REPORT.md,DUPLICATE,identical_to_C16
V16C2,V18_EXPERIMENTS_REPORT.md,DUPLICATE,identical_to_C16
V16C2,V14.2_DATA_ACQUISITION.md,DUPLICATE,identical_to_C16
V16C2,SOURCE_ARTIFACT_MANIFEST_V6.csv,DUPLICATE,identical_to_C16
V16C2,V19_FINAL_SYSTEM_AUDIT.md,DUPLICATE,identical_to_C16
V16C2,EVENT_COVERAGE_REPORT.md,DUPLICATE,identical_to_C16
V16C2,V8_ACQUISITION_REPORT.md,DUPLICATE,identical_to_C16
V16C2,V25_MARKET_ENGINE_AUDIT.md,DUPLICATE,identical_to_C16
V16C2,V23_AI_AUDIT.md,DUPLICATE,identical_to_C16
V16C2,FREE_SOURCE_COVERAGE_MATRIX_V3.csv,DUPLICATE,identical_to_C16
V16C2,HOLDOUT_REPORT.md,DUPLICATE,identical_to_C16
V16C2,V24_REGRESSION_AUDIT.md,DUPLICATE,identical_to_C16
V16C2,PLAYER_COVERAGE_REPORT.md,DUPLICATE,identical_to_C16
V16C2,V19_OOS_REPORT.md,DUPLICATE,identical_to_C16
V16C2,FINAL_FRONTEND_AUDIT.md,DUPLICATE,identical_to_C16
V16C2,V19_PRICING_AUDIT.md,DUPLICATE,identical_to_C16
V16C2,V24_DATABASE_AUDIT.md,DUPLICATE,identical_to_C16
V16C2,CONMEBOL_PATTERN_RESULTS.csv,DUPLICATE,identical_to_C16
V16C2,WALK_FORWARD_REPORT.md,DUPLICATE,identical_to_C16
V16C2,PATTERN_DISCOVERY_WALK_FORWARD.md,DUPLICATE,identical_to_C16
V16C2,PIT_COVERAGE_REPORT.md,DUPLICATE,identical_to_C16
V16C2,FINAL_SCIENTIFIC_STATUS.md,DUPLICATE,identical_to_C16
V16C2,GLOBAL_FREE_DATA_DISCOVERY_REPORT.md,DUPLICATE,identical_to_C16
V16C2,LICENSE,DUPLICATE,identical_to_C16
V16C2,V21_DASHBOARD_REPORT.md,DUPLICATE,identical_to_C16
V16C2,ENTITY_RESOLUTION_REPORT_V6.md,DUPLICATE,identical_to_C16
V16C2,V21_REALTIME_REPORT.md,DUPLICATE,identical_to_C16
V16C2,README.md,DUPLICATE,identical_to_C16
V16C2,EMPIRICAL_RESEARCH_REPORT.md,DUPLICATE,identical_to_C16
V16C2,V8_PUBLIC_DATASET_DISCOVERY.csv,DUPLICATE,identical_to_C16
V16C2,PATTERN_DISCOVERY_MULTIPLE_TESTING.md,DUPLICATE,identical_to_C16
V16C2,V25_REDIS_AUDIT.md,DUPLICATE,identical_to_C16
V16C2,V21_LIVE_ENGINE_REPORT.md,DUPLICATE,identical_to_C16
V16C2,V20_DATA_ACQUISITION_REPORT.md,DUPLICATE,identical_to_C16
V16C2,V22_SHA256.txt,DUPLICATE,identical_to_C16
V16C2,V15_REGRESSION_AUDIT.md,DUPLICATE,identical_to_C16
V16C2,GLOBAL_DATA_COVERAGE_REPORT_V6.md,DUPLICATE,identical_to_C16
V16C2,V24_DATASET_REPORT.md,DUPLICATE,identical_to_C16
V16C2,FINAL_REDIS_AUDIT.md,DUPLICATE,identical_to_C16
V16C2,V14.2_FINAL_REPORT.md,DUPLICATE,identical_to_C16
V16C2,V15_QUANTITATIVE_CONTROLS.md,DUPLICATE,identical_to_C16
V16C2,FEEDBACK_REVIEW.md,DUPLICATE,identical_to_C16
V16C2,V19_CALIBRATION_REPORT.md,DUPLICATE,identical_to_C16
V16C2,V18_CLV_REPORT.md,DUPLICATE,identical_to_C16
V16C2,PATTERN_DISCOVERY_SEGMENTS.csv,DUPLICATE,identical_to_C16
V16C2,pytest.ini,DUPLICATE,identical_to_C16
V16C2,V21_PAPER_TRADING_REPORT.md,DUPLICATE,identical_to_C16
V16C2,V25_DATABASE_AUDIT.md,DUPLICATE,identical_to_C16
V16C2,V7_MASTER_STAFF_REPORT.md,DUPLICATE,identical_to_C16
V16C2,CONMEBOL_HYPOTHESES.csv,DUPLICATE,identical_to_C16
V16C2,V24_FINAL_REPORT.md,DUPLICATE,identical_to_C16
V16C2,V17_SECURITY_AUDIT.md,DUPLICATE,identical_to_C16
V16C2,V17_SHA256.txt,DUPLICATE,identical_to_C16
V16C2,INJURY_COVERAGE_REPORT_V6.md,DUPLICATE,identical_to_C16
V16C2,V17_DATA_SNOOPING_AUDIT.md,DUPLICATE,identical_to_C16
V16C2,V22_REALTIME_REPORT.md,DUPLICATE,identical_to_C16
V16C2,V17_BACKTEST_REPORT.md,DUPLICATE,identical_to_C16
V16C2,FINAL_DATASET_REPORT.md,DUPLICATE,identical_to_C16
V16C2,V25_BACKEND_AUDIT.md,DUPLICATE,identical_to_C16
V16C2,DATA_ACQUISITION_REPORT.md,DUPLICATE,identical_to_C16
V16C2,V25_AI_AUDIT.md,DUPLICATE,identical_to_C16
V16C2,FINAL_BACKEND_AUDIT.md,DUPLICATE,identical_to_C16
V16C2,V18_BACKTEST_REPORT.md,DUPLICATE,identical_to_C16
V16C2,FINAL_OBSERVABILITY_AUDIT.md,DUPLICATE,identical_to_C16
V16C2,V25_REAL_DATA_REPORT.md,DUPLICATE,identical_to_C16
V16C2,V16_FINAL_REPORT.md,DUPLICATE,identical_to_C16
V16C2,EXACT_PIT_REPORT_V6.md,DUPLICATE,identical_to_C16
V16C2,DATA_COVERAGE_SCORE_V6.md,DUPLICATE,identical_to_C16
V16C2,V24_AI_AUDIT.md,DUPLICATE,identical_to_C16
V16C2,V23_FRONTEND_AUDIT.md,DUPLICATE,identical_to_C16
V16C2,GLOBAL_DATASET_V6_FINAL_REPORT.md,DUPLICATE,identical_to_C16
V16C2,V8_MASTER_STAFF_REPORT.md,DUPLICATE,identical_to_C16
V16C2,API_READINESS_MATRIX_V3.csv,DUPLICATE,identical_to_C16
V16C2,FINAL_SECURITY_AUDIT.md,DUPLICATE,identical_to_C16
V16C2,FINAL_REGRESSION_REPORT.md,DUPLICATE,identical_to_C16
V16C2,V8_EXECUTION_EVIDENCE.json,DUPLICATE,identical_to_C16
V16C2,CONTEXT_TRANSFER_README.md,DUPLICATE,identical_to_C16
V16C2,PATTERN_DISCOVERY_NEGATIVE_RESULTS.csv,DUPLICATE,identical_to_C16
V16C2,V21_QUANTITATIVE_AUDIT.md,DUPLICATE,identical_to_C16
V16C2,V24_PRODUCTION_READINESS.md,DUPLICATE,identical_to_C16
V16C2,.gitignore,DUPLICATE,identical_to_C16
V16C2,V7_EXECUTION_EVIDENCE.json,DUPLICATE,identical_to_C16
V16C2,LOCAL_DATA_ACQUISITION_FINAL_REPORT.md,DUPLICATE,identical_to_C16
V16C2,V22_AI_AUDIT.md,DUPLICATE,identical_to_C16
V16C2,CONMEBOL_DATASET_COVERAGE.csv,DUPLICATE,identical_to_C16
V16C2,docker-compose.yml,DUPLICATE,identical_to_C16
V16C2,CARD_MARKET_AUDIT.md,DUPLICATE,identical_to_C16
V16C2,MARKET_RESEARCH_REPORT.md.tmp,DUPLICATE,identical_to_C16
V16C2,V21_LEDGER_REPORT.md,DUPLICATE,identical_to_C16
V16C2,V8_BEFORE_AFTER_MATRIX.csv,DUPLICATE,identical_to_C16
V16C2,V14_FINAL_REPORT.md,DUPLICATE,identical_to_C16
V16C2,V24_PAPER_SHADOW_REPORT.md,DUPLICATE,identical_to_C16
V16C2,V7_PIT_REPORT.md,DUPLICATE,identical_to_C16
V16C2,FINAL_PRODUCTION_READINESS.md,DUPLICATE,identical_to_C16
V16C2,ODDS_PIT_REPORT_V6.md,DUPLICATE,identical_to_C16
V16C2,V19_REGRESSION_AUDIT.md,DUPLICATE,identical_to_C16
V16C2,V25_OBSERVABILITY_AUDIT.md,DUPLICATE,identical_to_C16
V16C2,AVAILABILITY_COVERAGE_REPORT.md,DUPLICATE,identical_to_C16
V16C2,V18_DATA_QUALITY_REPORT.md,DUPLICATE,identical_to_C16
V16C2,V17_FINAL_REPORT.md,DUPLICATE,identical_to_C16
V16C2,FREE_DATA_REPORT_V6.md,DUPLICATE,identical_to_C16
V16C2,V4_FINAL_VERDICT.md,DUPLICATE,identical_to_C16
V16C2,V24_E2E_REPORT.md,DUPLICATE,identical_to_C16
V16C2,OOS_HOLDOUT_REPORT.md,DUPLICATE,identical_to_C16
V16C2,V18_REGRESSION_AUDIT.md,DUPLICATE,identical_to_C16
V16C2,PREMATCH_DATA_READINESS_REPORT.md,DUPLICATE,identical_to_C16
V16C2,V22_REGRESSION_AUDIT.md,DUPLICATE,identical_to_C16
V16C2,V24_QUANT_AUDIT.md,DUPLICATE,identical_to_C16
V16C2,V25_DATASET_REPORT.md,DUPLICATE,identical_to_C16
V16C2,V6_ACQUISITION_METRICS.json,DUPLICATE,identical_to_C16
V16C2,V19_SYSTEM_AUDIT.md,DUPLICATE,identical_to_C16
V16C2,V19_PRE_IMPLEMENTATION_AUDIT.md,DUPLICATE,identical_to_C16
V16C2,XG_COVERAGE_REPORT.md,DUPLICATE,identical_to_C16
V16C2,V8_ODDS_REPORT.md,DUPLICATE,identical_to_C16
V16C2,V21_PERFORMANCE_REPORT.md,DUPLICATE,identical_to_C16
V16C2,SNAPSHOT_HASHES_V6_BEFORE.json,DUPLICATE,identical_to_C16
V16C2,SOURCE_REGISTRY_V4.json,DUPLICATE,identical_to_C16
V16C2,V19_SHA256.txt,DUPLICATE,identical_to_C16
V16C2,PATTERN_DISCOVERY_OOS.md,DUPLICATE,identical_to_C16
V16C2,V24_ARCHITECTURE_AUDIT.md,DUPLICATE,identical_to_C16
V16C2,V14_IMPROVEMENT_REPORT.md,DUPLICATE,identical_to_C16
V16C2,MODEL_COMPARISON_REPORT.md,DUPLICATE,identical_to_C16
V16C2,PATTERN_DISCOVERY_FINAL_REPORT.md,DUPLICATE,identical_to_C16
V16C2,OOS_REPORT.md,DUPLICATE,identical_to_C16
V16C2,ENTITY_RESOLUTION_REPORT.md,DUPLICATE,identical_to_C16
V16C2,FINAL_READINESS_REPORT.md,DUPLICATE,identical_to_C16
V16C2,ACQUISITION_FAILURE_REPORT.md,DUPLICATE,identical_to_C16
V16C2,SUSPENSION_COVERAGE_REPORT.md,DUPLICATE,identical_to_C16
V16C2,V17_REGRESSION_AUDIT.md,DUPLICATE,identical_to_C16
V16C2,FREE_GLOBAL_ENRICHMENT_MASTER_V5_README.md,DUPLICATE,identical_to_C16
V16C2,PATTERN_DISCOVERY_HYPOTHESES.csv,DUPLICATE,identical_to_C16
V16C2,V17_SOURCE_AUDIT.md,DUPLICATE,identical_to_C16
V16C2,V21_REGRESSION_AUDIT.md,DUPLICATE,identical_to_C16
V16C2,CONMEBOL_STATISTICAL_RESULTS.json,DUPLICATE,identical_to_C16
V16C2,RUN_FREE_ACQUISITION.ps1,DUPLICATE,identical_to_C16
V16C2,CLV_REPORT.md,DUPLICATE,identical_to_C16
V16C2,V15_FINAL_REPORT.md,DUPLICATE,identical_to_C16
V16C2,WEB_VERIFIED_DATA_SOURCES.md,DUPLICATE,identical_to_C16
V16C2,CONMEBOL_AUDIT.md,DUPLICATE,identical_to_C16
V16C2,V23_E2E_REPORT.md,DUPLICATE,identical_to_C16
V16C2,V14.2_SHA256.txt,DUPLICATE,identical_to_C16
V16C2,V17_CLV_REPORT.md,DUPLICATE,identical_to_C16
V16C2,V21_SHA256.txt,DUPLICATE,identical_to_C16
V16C2,FINAL_GAPS_REPORT.md,DUPLICATE,identical_to_C16
V16C2,TEMPORAL_INTEGRITY_REPORT_V6.md,DUPLICATE,identical_to_C16
V16C2,V18_FINAL_REPORT.md,DUPLICATE,identical_to_C16
V16C2,V24_SECURITY_AUDIT.md,DUPLICATE,identical_to_C16
V16C2,data.csv,DUPLICATE,identical_to_C16
V16C2,FINAL_28_QUESTIONS.md,DUPLICATE,identical_to_C16
V16C2,MASTER_STAFF_README.md,DUPLICATE,identical_to_C16
V16C2,V21_SECURITY_AUDIT.md,DUPLICATE,identical_to_C16
V16C2,EXPANSION_EXECUTION_README.md,DUPLICATE,identical_to_C16
V16C2,V18_MATRIX.md,DUPLICATE,identical_to_C16
V16C2,V7_PROVENANCE_REPORT.md,DUPLICATE,identical_to_C16
V16C2,V7_ENRICHMENT_REPORT.md,DUPLICATE,identical_to_C16
V16C2,V18_PRODUCTION_READINESS.md,DUPLICATE,identical_to_C16
V16C2,CONMEBOL_SEGMENTS.csv,DUPLICATE,identical_to_C16
V16C2,ACQUISITION_MANIFEST_V4.csv,DUPLICATE,identical_to_C16
V16C2,V6_FINAL_STATUS.json,DUPLICATE,identical_to_C16
V16C2,V12_MANIFEST.txt,DUPLICATE,identical_to_C16
V16C2,V22_BACKEND_AUDIT.md,DUPLICATE,identical_to_C16
V16C2,V8_SUSPENSION_REPORT.md,DUPLICATE,identical_to_C16
V16C2,EMPIRICAL_SOURCE_MANIFEST.md,DUPLICATE,identical_to_C16
V16C2,ROBO_EMPIRICAL_STATUS.md,DUPLICATE,identical_to_C16
V16C2,V17_ROBUSTNESS_REPORT.md,DUPLICATE,identical_to_C16
V16C2,V18_SOURCE_AUDIT.md,DUPLICATE,identical_to_C16
V16C2,V17_FILE_INVENTORY.txt,DUPLICATE,identical_to_C16
V16C2,V23_BACKEND_AUDIT.md,DUPLICATE,identical_to_C16
V16C2,V8_ENRICHMENT_REPORT.md,DUPLICATE,identical_to_C16
V16C2,V21_TELEGRAM_REPORT.md,DUPLICATE,identical_to_C16
V16C2,FINAL_REAL_DATA_REPORT.md,DUPLICATE,identical_to_C16
V16C2,PAID_API_GAP_REPORT_V6.md,DUPLICATE,identical_to_C16
V16C2,V25_GAPS_REPORT.md,DUPLICATE,identical_to_C16
V16C2,API_READINESS_MATRIX_V4.csv,DUPLICATE,identical_to_C16
V16C2,V8_PROVENANCE_REPORT.md,DUPLICATE,identical_to_C16
V16C2,V16_ROBUSTNESS_REPORT.md,DUPLICATE,identical_to_C16
V16C2,DATA_GAP_MATRIX_V6.csv,DUPLICATE,identical_to_C16
V16C2,V8_DATA_GAP_MATRIX.csv,DUPLICATE,identical_to_C16
V16C2,V20_IMPLEMENTATION_REPORT.md,DUPLICATE,identical_to_C16
V16C2,V8_PLAYER_REPORT.md,DUPLICATE,identical_to_C16
V16C2,V18_FINAL_SYSTEM_AUDIT.md,DUPLICATE,identical_to_C16
V16C2,GLOBAL_ENRICHMENT_STATUS_V4.json,DUPLICATE,identical_to_C16
V16C2,V13_AUDIT_CONFIRMATION.md,DUPLICATE,identical_to_C16
V16C2,V22_REPLAY_REPORT.md,DUPLICATE,identical_to_C16
V16C2,GLOBAL_DATASET_MISSION_README.md,DUPLICATE,identical_to_C16
V16C2,V16_SOURCE_AUDIT.md,DUPLICATE,identical_to_C16
V16C2,GLOBAL_ACQUISITION_LOCAL_README.md,DUPLICATE,identical_to_C16
V16C2,V20_SHA256.txt,DUPLICATE,identical_to_C16
V16C2,REAL_OBSERVATION_REPORT.md,DUPLICATE,identical_to_C16
V16C2,PHASE2_EXECUTION_README.md,DUPLICATE,identical_to_C16
V16C2,FINAL_AI_AUDIT.md,DUPLICATE,identical_to_C16
V16C2,V19_BACKTEST_REPORT.md,DUPLICATE,identical_to_C16
V16C2,CONMEBOL_FEATURE_IMPORTANCE.csv,DUPLICATE,identical_to_C16
V16C2,FINAL_PAPER_SHADOW_AUDIT.md,DUPLICATE,identical_to_C16
V16C2,V8_WEATHER_REPORT.md,DUPLICATE,identical_to_C16
V16C2,V7_ACQUISITION_REPORT.md,DUPLICATE,identical_to_C16
V16C2,CONMEBOL_DATASET_FINAL_REPORT.md,DUPLICATE,identical_to_C16
V16C2,V18_OOS_REPORT.md,DUPLICATE,identical_to_C16
V16C2,V14_REAL_VALIDATION.md,DUPLICATE,identical_to_C16
V16C2,V24_BACKEND_AUDIT.md,DUPLICATE,identical_to_C16
V16C2,V19_BENCHMARK_REPORT.md,DUPLICATE,identical_to_C16
V16C2,V8_SOURCE_COVERAGE.csv,DUPLICATE,identical_to_C16
V16C2,FINAL_LIVE_AUDIT.md,DUPLICATE,identical_to_C16
V16C2,ROBO_BEHAVIOR_REPORT.md,DUPLICATE,identical_to_C16
V16C2,ROBO_DA_BET_MASTER_RESEARCH_REPORT.md,DUPLICATE,identical_to_C16
V16C2,V18_DATA_ACQUISITION_REPORT.md,DUPLICATE,identical_to_C16
V16C2,V18_DATA_SNOOPING_AUDIT.md,DUPLICATE,identical_to_C16
V16C2,PATTERN_DISCOVERY_GLOBAL_REPORT.md,DUPLICATE,identical_to_C16
V16C2,V25_E2E_REPORT.md,DUPLICATE,identical_to_C16
V16C2,PATTERN_DISCOVERY_MULTIPLE_TESTING.csv,DUPLICATE,identical_to_C16
V16C2,CONMEBOL_TOP_TESTED_PATTERNS.csv,DUPLICATE,identical_to_C16
V16C2,V8_LOCAL_MATERIALIZATION_SUMMARY.json,DUPLICATE,identical_to_C16
V16C2,V25_DATA_AUDIT.md,DUPLICATE,identical_to_C16
V16C2,V24_SHA256.txt,DUPLICATE,identical_to_C16
V16C2,V21_FINAL_REPORT.md,DUPLICATE,identical_to_C16
V16C2,V7_SOURCE_COVERAGE.csv,DUPLICATE,identical_to_C16
V16C2,V24_DATA_AUDIT.md,DUPLICATE,identical_to_C16
V16C2,RUN_FREE_ACQUISITION.bat,DUPLICATE,identical_to_C16
V16C2,V24_LIVE_AUDIT.md,DUPLICATE,identical_to_C16
V16C2,DATA_GAP_MASTER.csv,DUPLICATE,identical_to_C16
V16C2,V20_FINAL_SYSTEM_AUDIT.md,DUPLICATE,identical_to_C16
V16C2,FEATURE_ABLATION_REPORT.md,DUPLICATE,identical_to_C16
V16C2,ARTIFACT_INTEGRITY_REPORT.md,DUPLICATE,identical_to_C16
V16C2,GLOBAL_ENRICHMENT_STATUS_V3.json,DUPLICATE,identical_to_C16
V16C2,GLOBAL_DATASET_V6_COUNTS.json,DUPLICATE,identical_to_C16
V16C2,V6_SECURITY_SCAN.txt,DUPLICATE,identical_to_C16
V16C2,V14_DATA_ACQUISITION.md,DUPLICATE,identical_to_C16
V16C2,CONMEBOL_DATA_DICTIONARY.md,DUPLICATE,identical_to_C16
V16C2,V8_PIT_REPORT.md,DUPLICATE,identical_to_C16
V16C2,V22_SECURITY_AUDIT.md,DUPLICATE,identical_to_C16
V16C2,V17_EXPERIMENTS_REPORT.md,DUPLICATE,identical_to_C16
V16C2,API_READINESS_MATRIX.csv,DUPLICATE,identical_to_C16
V16C2,V23_REDIS_AUDIT.md,DUPLICATE,identical_to_C16
V16C2,SOURCE_ACQUISITION_REPORT.md,DUPLICATE,identical_to_C16
V16C2,V20_FINAL_REPORT.md,DUPLICATE,identical_to_C16
V16C2,V25_RELEASE_NOTES.md,DUPLICATE,identical_to_C16
V16C2,MASTER_STAFF_FINAL_REPORT.md,DUPLICATE,identical_to_C16
V16C2,CONMEBOL_INTERNAL_SHA256SUMS.txt,DUPLICATE,identical_to_C16
V16C2,V22_QUANTITATIVE_AUDIT.md,DUPLICATE,identical_to_C16
V16C2,V16_MATRIX.md,DUPLICATE,identical_to_C16
V16C2,tests/test_global_intelligence.py,DUPLICATE,identical_to_C16
V16C2,tests/test_market_catalog.py,DUPLICATE,identical_to_C16
V16C2,tests/test_v20_decision.py,DUPLICATE,identical_to_C16
V16C2,tests/test_v18_hardening.py,DUPLICATE,identical_to_C16
V16C2,tests/test_v13_quant.py,DUPLICATE,identical_to_C16
V16C2,tests/test_engine.py,DUPLICATE,identical_to_C16
V16C2,tests/test_local_acquisition_worker.py,DUPLICATE,identical_to_C16
V16C2,tests/test_v20_live.py,DUPLICATE,identical_to_C16
V16C2,tests/test_v16_empirical.py,DUPLICATE,identical_to_C16
V16C2,tests/test_v14_data.py,DUPLICATE,identical_to_C16
V16C2,tests/test_v15_hardening.py,DUPLICATE,identical_to_C16
V16C2,tests/test_free_data_enrichment.py,DUPLICATE,identical_to_C16
V16C2,tests/test_v11_rules.py,DUPLICATE,identical_to_C16
V16C2,tests/test_v19_pricing.py,DUPLICATE,identical_to_C16
V16C2,tests/test_v19_api.py,DUPLICATE,identical_to_C16
V16C2,tests/test_v20_api.py,DUPLICATE,identical_to_C16
V16C2,tests/test_quant_v12.py,DUPLICATE,identical_to_C16
V16C2,tests/test_intelligence_pipeline.py,DUPLICATE,identical_to_C16
V16C2,tests/test_v20_position.py,DUPLICATE,identical_to_C16
V16C2,tests/test_v20_ledger.py,DUPLICATE,identical_to_C16
V16C2,reports/FINAL_DELIVERY_SUMMARY.md,DUPLICATE,identical_to_C16
V16C2,reports/FINAL_PYTEST.txt,DUPLICATE,identical_to_C16
V16C2,reports/FINAL_SELF_TEST.txt,DUPLICATE,identical_to_C16
V16C2,reports/FINAL_SCIENTIFIC_STATUS.md,DUPLICATE,identical_to_C16
V16C2,reports/EXPANSION_VALIDATION.json,DUPLICATE,identical_to_C16
V16C2,reports/EXPANSION_REAL_DATA_QUALITY.json,DUPLICATE,identical_to_C16
V16C2,reports/EXPANSION_SELF_TEST.txt,DUPLICATE,identical_to_C16
V16C2,reports/EXPANSION_PYTEST.txt,DUPLICATE,identical_to_C16
V16C2,reports/EXPANSION_FINAL_COUNTS.json,DUPLICATE,identical_to_C16
V16C2,reports/EXPANSION_EMPIRICAL_DATA_REPORT.md,DUPLICATE,identical_to_C16
V16C2,frontend/package.json,DUPLICATE,identical_to_C16
V16C2,frontend/index.html,DUPLICATE,identical_to_C16
V16C2,frontend/Dockerfile,DUPLICATE,identical_to_C16
V16C2,manifests/ACQUISITION_MANIFEST_EXPANSION.json,DUPLICATE,identical_to_C16
V16C2,scripts/run_phase2_empirical.py,DUPLICATE,identical_to_C16
V16C2,scripts/V8_local_gap_closure.py,DUPLICATE,identical_to_C16
V16C2,scripts/run_observation.py,DUPLICATE,identical_to_C16
V16C2,scripts/run_mass_data_expansion.py,DUPLICATE,identical_to_C16
V16C2,scripts/run_global_research.py,DUPLICATE,identical_to_C16
V16C2,scripts/finalize_master_staff.py,DUPLICATE,identical_to_C16
V16C2,scripts/validate_context_intelligence.py,DUPLICATE,identical_to_C16
V16C2,scripts/run_context_intelligence.py,DUPLICATE,identical_to_C16
V16C2,scripts/run_master_staff_value_pricing.py,DUPLICATE,identical_to_C16
V16C2,scripts/research_real_data_pilot.py,DUPLICATE,identical_to_C16
V16C2,scripts/self_test.py,DUPLICATE,identical_to_C16
V16C2,scripts/acquire_datahub_epl.py,DUPLICATE,identical_to_C16
V16C2,scripts/run_global_intelligence.py,DUPLICATE,identical_to_C16
V16C2,scripts/master_staff_final_audit.py,DUPLICATE,identical_to_C16
V16C2,scripts/run_context_transfer_research.py,DUPLICATE,identical_to_C16
V16C2,scripts/run_real_day_prematch_pilot.py,DUPLICATE,identical_to_C16
V16C2,scripts/run_master_staff.py,DUPLICATE,identical_to_C16
V16C2,scripts/run_post_match_coverage_audit.py,DUPLICATE,identical_to_C16
V16C2,scripts/run_context_transfer_specialist.py,DUPLICATE,identical_to_C16
V16C2,scripts/run_phase3_research.py,DUPLICATE,identical_to_C16
V16C2,scripts/master_staff_validation.py,DUPLICATE,identical_to_C16
V16C2,backend/Dockerfile,DUPLICATE,identical_to_C16
V16C2,backend/pom.xml,DUPLICATE,identical_to_C16
V16C2,config/data_acquisition_local.json,DUPLICATE,identical_to_C16
V16C2,config/free_source_registry.json,DUPLICATE,identical_to_C16
V16C2,config/free_source_registry_v3.json,DUPLICATE,identical_to_C16
V16C2,config/free_source_registry_v6.json,DUPLICATE,identical_to_C16
V16C2,config/free_source_registry_v5.json,DUPLICATE,identical_to_C16
V16C2,config/free_source_registry_v4.json,DUPLICATE,identical_to_C16
V16C2,config/provider_budget.json,DUPLICATE,identical_to_C16
V16C2,config/provider_budget_v3.json,DUPLICATE,identical_to_C16
V16C2,ml/Dockerfile,DUPLICATE,identical_to_C16
V16C2,ml/requirements.txt,DUPLICATE,identical_to_C16
V16C2,docs/RELEASE_V25.md,DUPLICATE,identical_to_C16
V16C2,docs/RELEASE_V16.md,DUPLICATE,identical_to_C16
V16C2,docs/RELEASE_V20.md,DUPLICATE,identical_to_C16
V16C2,docs/RELEASE_V19.md,DUPLICATE,identical_to_C16
V16C2,docs/V13_FINAL_REPORT.md,DUPLICATE,identical_to_C16
V16C2,docs/V12_TRAINING.md,DUPLICATE,identical_to_C16
V16C2,docs/RELEASE_V24.md,DUPLICATE,identical_to_C16
V16C2,docs/RELEASE_V23.md,DUPLICATE,identical_to_C16
V16C2,docs/V12_QUANT_AUDIT.md,DUPLICATE,identical_to_C16
V16C2,docs/RELEASE_V22.md,DUPLICATE,identical_to_C16
V16C2,docs/RELEASE_V18.md,DUPLICATE,identical_to_C16
V16C2,docs/RELEASE.md,DUPLICATE,identical_to_C16
V16C2,docs/V13_QUANT_RESEARCH.md,DUPLICATE,identical_to_C16
V16C2,docs/V10_TO_V11_AUDIT.md,DUPLICATE,identical_to_C16
V16C2,docs/RELEASE_V15.md,DUPLICATE,identical_to_C16
V16C2,docs/RELEASE_V17.md,DUPLICATE,identical_to_C16
V16C2,docs/VALIDATION.md,DUPLICATE,identical_to_C16
V16C2,docs/RELEASE_V21.md,DUPLICATE,identical_to_C16
V16C2,artifacts/phase2_real_research_results.xlsx,DUPLICATE,identical_to_C16
V16C2,artifacts/paper_trading/observation_status.json,DUPLICATE,identical_to_C16
V16C2,artifacts/paper_trading/v21_research.jsonl,DISCARDED,conflict_resolved_in_favor_of_C18
V16C2,artifacts/paper_trading/v21_event_ledger.jsonl,DISCARDED,conflict_resolved_in_favor_of_C18
V16C2,artifacts/v16/odds_gate_audit.json,DUPLICATE,identical_to_C16
V16C2,artifacts/v16/benchmark.json,DUPLICATE,identical_to_C16
V16C2,docs/v16/V16_EXECUTION_STATUS.md,DUPLICATE,identical_to_C16
V16C2,docs/v16/V16_EXECUTIVE_EXECUTION_REPORT.md,DUPLICATE,identical_to_C16
V16C2,docs/superpowers/specs/2026-08-24-robo-v16-cycle2-intelligence-design.md,DUPLICATE,identical_to_C16
V16C2,docs/superpowers/plans/2026-08-24-robo-v16-cycle2-intelligence-plan.md,DUPLICATE,identical_to_C16
V16C2,ml/app/backtest.py,DUPLICATE,identical_to_C16
V16C2,ml/app/data_quality.py,DUPLICATE,identical_to_C16
V16C2,ml/app/schemas.py,DUPLICATE,identical_to_C16
V16C2,ml/app/selection.py,DUPLICATE,identical_to_C16
V16C2,ml/app/ledger.py,DUPLICATE,identical_to_C16
V16C2,ml/app/intelligence_evidence.py,DUPLICATE,identical_to_C16
V16C2,ml/app/leakage.py,DUPLICATE,identical_to_C16
V16C2,ml/app/holdout_lock.py,DUPLICATE,identical_to_C16
V16C2,ml/app/backtest_engine.py,DUPLICATE,identical_to_C16
V16C2,ml/app/market.py,DUPLICATE,identical_to_C16
V16C2,ml/app/telegram.py,DUPLICATE,identical_to_C16
V16C2,ml/app/context.py,DUPLICATE,identical_to_C16
V16C2,ml/app/risk.py,DUPLICATE,identical_to_C16
V16C2,ml/app/consensus.py,DUPLICATE,identical_to_C16
V16C2,ml/app/statistical_tests.py,DUPLICATE,identical_to_C16
V16C2,ml/app/temporal.py,DUPLICATE,identical_to_C16
V16C2,ml/app/db.py,DUPLICATE,identical_to_C16
V16C2,ml/app/uncertainty.py,DUPLICATE,identical_to_C16
V16C2,ml/app/selection_rank.py,DUPLICATE,identical_to_C16
V16C2,ml/app/league_gate.py,DUPLICATE,identical_to_C16
V16C2,ml/app/config.py,DUPLICATE,identical_to_C16
V16C2,ml/app/decision_replay.py,DUPLICATE,identical_to_C16
V16C2,ml/app/layer_training.py,DUPLICATE,identical_to_C16
V16C2,ml/app/features.py,DUPLICATE,identical_to_C16
V16C2,ml/app/main.py,DUPLICATE,identical_to_C16
V16C2,ml/app/models.py,DUPLICATE,identical_to_C16
V16C2,ml/app/strategy_discovery.py,DUPLICATE,identical_to_C16
V16C2,ml/app/math_models.py,DUPLICATE,identical_to_C16
V16C2,ml/app/live.py,DUPLICATE,identical_to_C16
V16C2,ml/app/api.py,DUPLICATE,identical_to_C16
V16C2,ml/app/__init__.py,DUPLICATE,identical_to_C16
V16C2,ml/app/lineage.py,DUPLICATE,identical_to_C16
V16C2,ml/scripts/run_cycle2.py,DUPLICATE,identical_to_C16
V16C2,ml/scripts/train.py,DUPLICATE,identical_to_C16
V16C2,ml/scripts/run_conmebol_phase.py,DUPLICATE,identical_to_C16
V16C2,ml/scripts/research_backtest.py,DUPLICATE,identical_to_C16
V16C2,ml/scripts/run_v24_observation.py,DUPLICATE,identical_to_C16
V16C2,ml/scripts/run_self_test.py,DUPLICATE,identical_to_C16
V16C2,ml/scripts/promote.py,DUPLICATE,identical_to_C16
V16C2,ml/scripts/acquire_football_data.py,DUPLICATE,identical_to_C16
V16C2,ml/scripts/decision_replay.py,DUPLICATE,identical_to_C16
V16C2,ml/scripts/check_leagues.py,DUPLICATE,identical_to_C16
V16C2,ml/scripts/expand_real_datasets.py,DUPLICATE,identical_to_C16
V16C2,ml/scripts/run_v25_observation.py,DUPLICATE,identical_to_C16
V16C2,ml/scripts/run_v16_research.py,DUPLICATE,identical_to_C16
V16C2,ml/scripts/run_v23_paper.py,DUPLICATE,identical_to_C16
V16C2,ml/app/pit_store/pit.py,DUPLICATE,identical_to_C16
V16C2,ml/app/pit_store/__init__.py,DUPLICATE,identical_to_C16
V16C2,ml/app/adapters/global_football.py,DUPLICATE,identical_to_C16
V16C2,ml/app/adapters/weather.py,DUPLICATE,identical_to_C16
V16C2,ml/app/adapters/the_stats_api.py,DUPLICATE,identical_to_C16
V16C2,ml/app/adapters/betfair.py,DUPLICATE,identical_to_C16
V16C2,ml/app/adapters/statsbomb.py,DUPLICATE,identical_to_C16
V16C2,ml/app/adapters/odds.py,DUPLICATE,identical_to_C16
V16C2,ml/app/adapters/espn.py,DUPLICATE,identical_to_C16
V16C2,ml/app/adapters/card_data.py,DUPLICATE,identical_to_C16
V16C2,ml/app/adapters/api_football.py,DUPLICATE,identical_to_C16
V16C2,ml/app/adapters/base.py,DUPLICATE,identical_to_C16
V16C2,ml/app/adapters/football_data.py,DUPLICATE,identical_to_C16
V16C2,ml/app/v24/replay.py,DUPLICATE,identical_to_C16
V16C2,ml/app/v24/baseline.py,DUPLICATE,identical_to_C16
V16C2,ml/app/v24/quality.py,DUPLICATE,identical_to_C16
V16C2,ml/app/v24/dataset.py,DUPLICATE,identical_to_C16
V16C2,ml/app/v24/analytics.py,DUPLICATE,identical_to_C16
V16C2,ml/app/v24/session.py,DUPLICATE,identical_to_C16
V16C2,ml/app/v24/hashchain.py,DUPLICATE,identical_to_C16
V16C2,ml/app/v24/live.py,DUPLICATE,identical_to_C16
V16C2,ml/app/v24/api.py,DUPLICATE,identical_to_C16
V16C2,ml/app/v24/__init__.py,DUPLICATE,identical_to_C16
V16C2,ml/app/conmebol/pipeline.py,DUPLICATE,identical_to_C16
V16C2,ml/app/conmebol/__init__.py,DUPLICATE,identical_to_C16
V16C2,ml/app/v20/service.py,DUPLICATE,identical_to_C16
V16C2,ml/app/v20/selection.py,DUPLICATE,identical_to_C16
V16C2,ml/app/v20/ledger.py,DUPLICATE,identical_to_C16
V16C2,ml/app/v20/notifications.py,DUPLICATE,identical_to_C16
V16C2,ml/app/v20/risk.py,DUPLICATE,identical_to_C16
V16C2,ml/app/v20/reporting.py,DUPLICATE,identical_to_C16
V16C2,ml/app/v20/live_engine.py,DUPLICATE,identical_to_C16
V16C2,ml/app/v20/stake.py,DUPLICATE,identical_to_C16
V16C2,ml/app/v20/position.py,DUPLICATE,identical_to_C16
V16C2,ml/app/v20/__init__.py,DUPLICATE,identical_to_C16
V16C2,ml/app/v21/research.py,DUPLICATE,identical_to_C16
V16C2,ml/app/v21/service.py,DUPLICATE,identical_to_C16
V16C2,ml/app/v21/ledger.py,DUPLICATE,identical_to_C16
V16C2,ml/app/v21/notifications.py,DUPLICATE,identical_to_C16
V16C2,ml/app/v21/decision_trace.py,DUPLICATE,identical_to_C16
V16C2,ml/app/v21/realtime.py,DUPLICATE,identical_to_C16
V16C2,ml/app/v21/quality.py,DUPLICATE,identical_to_C16
V16C2,ml/app/v21/controls.py,DUPLICATE,identical_to_C16
V16C2,ml/app/v21/live_monitor.py,DUPLICATE,identical_to_C16
V16C2,ml/app/v21/__init__.py,DUPLICATE,identical_to_C16
V16C2,ml/app/v16/decision_dataset.py,DUPLICATE,identical_to_C16
V16C2,ml/app/v16/decision_replay.py,DUPLICATE,identical_to_C16
V16C2,ml/app/v16/odds_verification.py,DUPLICATE,identical_to_C16
V16C2,ml/app/v16/experiment_registry.py,DUPLICATE,identical_to_C16
V16C2,ml/app/v19/validation.py,DUPLICATE,identical_to_C16
V16C2,ml/app/v19/settlement.py,DUPLICATE,identical_to_C16
V16C2,ml/app/v19/pricing.py,DUPLICATE,identical_to_C16
V16C2,ml/app/v19/market_intelligence.py,DUPLICATE,identical_to_C16
V16C2,ml/app/v19/price_movement.py,DUPLICATE,identical_to_C16
V16C2,ml/app/v19/paper.py,DUPLICATE,identical_to_C16
V16C2,ml/app/v19/confidence.py,DUPLICATE,identical_to_C16
V16C2,ml/app/v19/__init__.py,DUPLICATE,identical_to_C16
V16C2,ml/app/v19/engine.py,DUPLICATE,identical_to_C16
V16C2,ml/app/mlops/drift.py,DUPLICATE,identical_to_C16
V16C2,ml/app/mlops/champion_challenger.py,DUPLICATE,identical_to_C16
V16C2,ml/app/mlops/registry.py,DUPLICATE,identical_to_C16
V16C2,ml/app/v22/replay.py,DUPLICATE,identical_to_C16
V16C2,ml/app/v22/observability.py,DUPLICATE,identical_to_C16
V16C2,ml/app/v22/manager.py,DUPLICATE,identical_to_C16
V16C2,ml/app/v22/position.py,DUPLICATE,identical_to_C16
V16C2,ml/app/v22/persistence.py,DUPLICATE,identical_to_C16
V16C2,ml/app/v22/dataset.py,DUPLICATE,identical_to_C16
V16C2,ml/app/v22/providers.py,DUPLICATE,identical_to_C16
V16C2,ml/app/v22/__init__.py,DUPLICATE,identical_to_C16
V16C2,ml/app/v22/api_ext.py,DUPLICATE,identical_to_C16
V16C2,ml/app/intelligence/pipeline.py,DUPLICATE,identical_to_C16
V16C2,ml/app/intelligence/market_catalog.py,DUPLICATE,identical_to_C16
V16C2,ml/app/intelligence/pricing.py,DUPLICATE,identical_to_C16
V16C2,ml/app/intelligence/coverage.py,DUPLICATE,identical_to_C16
V16C2,ml/app/intelligence/live.py,DUPLICATE,identical_to_C16
V16C2,ml/app/intelligence/__init__.py,DUPLICATE,identical_to_C16
V16C2,ml/app/v17/acquisition.py,DUPLICATE,identical_to_C16
V16C2,ml/app/v17/system_validation.py,DUPLICATE,identical_to_C16
V16C2,ml/app/v17/__init__.py,DUPLICATE,identical_to_C16
V16C2,ml/app/v25/policy.py,DUPLICATE,identical_to_C16
V16C2,ml/app/v25/cards.py,DUPLICATE,identical_to_C16
V16C2,ml/app/v25/price_discovery.py,DUPLICATE,identical_to_C16
V16C2,ml/app/v25/notifications.py,DUPLICATE,identical_to_C16
V16C2,ml/app/v25/settlement.py,DUPLICATE,identical_to_C16
V16C2,ml/app/v25/watchlist.py,DUPLICATE,identical_to_C16
V16C2,ml/app/v25/replay.py,DUPLICATE,identical_to_C16
V16C2,ml/app/v25/observability.py,DUPLICATE,identical_to_C16
V16C2,ml/app/v25/market_expression.py,DUPLICATE,identical_to_C16
V16C2,ml/app/v25/position.py,DUPLICATE,identical_to_C16
V16C2,ml/app/v25/persistence.py,DUPLICATE,identical_to_C16
V16C2,ml/app/v25/dataset.py,DUPLICATE,identical_to_C16
V16C2,ml/app/v25/analytics.py,DUPLICATE,identical_to_C16
V16C2,ml/app/v25/session.py,DUPLICATE,identical_to_C16
V16C2,ml/app/v25/live.py,DUPLICATE,identical_to_C16
V16C2,ml/app/v25/api.py,DUPLICATE,identical_to_C16
V16C2,ml/app/v25/providers.py,DUPLICATE,identical_to_C16
V16C2,ml/app/v25/__init__.py,DUPLICATE,identical_to_C16
V16C2,ml/app/master_staff/round_analyzer.py,DUPLICATE,identical_to_C16
V16C2,ml/app/master_staff/round_engine.py,DUPLICATE,identical_to_C16
V16C2,ml/app/master_staff/context_engine.py,DUPLICATE,identical_to_C16
V16C2,ml/app/master_staff/source_conflict.py,DUPLICATE,identical_to_C16
V16C2,ml/app/master_staff/context_transfer_spec.md,DUPLICATE,identical_to_C16
V16C2,ml/app/master_staff/value_pricing.py,DUPLICATE,identical_to_C16
V16C2,ml/app/master_staff/context_transfer.py,DUPLICATE,identical_to_C16
V16C2,ml/app/master_staff/__init__.py,DUPLICATE,identical_to_C16
V16C2,ml/app/master_staff/engine.py,DUPLICATE,identical_to_C16
V16C2,ml/app/research/data_sources.py,DUPLICATE,identical_to_C16
V16C2,ml/app/research/data_quality.py,DUPLICATE,identical_to_C16
V16C2,ml/app/research/validation.py,DUPLICATE,identical_to_C16
V16C2,ml/app/research/pipeline.py,DUPLICATE,identical_to_C16
V16C2,ml/app/research/datasets.py,DUPLICATE,identical_to_C16
V16C2,ml/app/research/paper_trading.py,DUPLICATE,identical_to_C16
V16C2,ml/app/research/cycle2.py,DUPLICATE,identical_to_C16
V16C2,ml/app/research/market.py,DUPLICATE,identical_to_C16
V16C2,ml/app/research/odds.py,DUPLICATE,identical_to_C16
V16C2,ml/app/research/market_efficiency.py,DUPLICATE,identical_to_C16
V16C2,ml/app/research/metrics.py,DUPLICATE,identical_to_C16
V16C2,ml/app/research/reproducibility.py,DUPLICATE,identical_to_C16
V16C2,ml/app/research/replay.py,DUPLICATE,identical_to_C16
V16C2,ml/app/research/raw.py,DUPLICATE,identical_to_C16
V16C2,ml/app/research/robustness_v16.py,DUPLICATE,identical_to_C16
V16C2,ml/app/research/data_quality_v14.py,DUPLICATE,identical_to_C16
V16C2,ml/app/research/source_audit_v16.py,DUPLICATE,identical_to_C16
V16C2,ml/app/research/statistics.py,DUPLICATE,identical_to_C16
V16C2,ml/app/research/acquisition.py,DUPLICATE,identical_to_C16
V16C2,ml/app/research/holdout.py,DUPLICATE,identical_to_C16
V16C2,ml/app/research/empirical.py,DUPLICATE,identical_to_C16
V16C2,ml/app/research/features.py,DUPLICATE,identical_to_C16
V16C2,ml/app/research/data_quality_v16.py,DUPLICATE,identical_to_C16
V16C2,ml/app/research/calibration.py,DUPLICATE,identical_to_C16
V16C2,ml/app/research/experiment.py,DUPLICATE,identical_to_C16
V16C2,ml/app/research/baselines.py,DUPLICATE,identical_to_C16
V16C2,ml/app/research/__init__.py,DUPLICATE,identical_to_C16
V16C2,ml/app/research/global_expansion.py,DUPLICATE,identical_to_C16
V16C2,ml/app/v18/acquisition.py,DUPLICATE,identical_to_C16
V16C2,ml/app/v18/guards.py,DUPLICATE,identical_to_C16
V16C2,ml/app/v18/system_validation.py,DUPLICATE,identical_to_C16
V16C2,ml/app/v18/__init__.py,DUPLICATE,identical_to_C16
V16C2,ml/app/v18/lineage.py,DUPLICATE,identical_to_C16
V16C2,ml/app/ingestion/raw_store.py,DUPLICATE,identical_to_C16
V16C2,ml/app/ingestion/schema.py,DUPLICATE,identical_to_C16
V16C2,ml/app/ingestion/__init__.py,DUPLICATE,identical_to_C16
V16C2,backend/src/main/java/com/robobet/security/ApiKeyFilter.java,DUPLICATE,identical_to_C16
V16C2,backend/src/main/java/com/robobet/api/ApiController.java,DUPLICATE,identical_to_C16
V16C2,backend/src/main/java/com/robobet/api/RoboBetApplication.java,DUPLICATE,identical_to_C16
V16C2,scripts/v5/run_v5_discovery.py,DUPLICATE,identical_to_C16
V16C2,scripts/global/free_source_audit.py,DUPLICATE,identical_to_C16
V16C2,scripts/global/validate_global_dataset.py,DUPLICATE,identical_to_C16
V16C2,scripts/global/run_free_global_enrichment_v4.py,DUPLICATE,identical_to_C16
V16C2,scripts/global/run_free_data_enrichment.py,DUPLICATE,identical_to_C16
V16C2,scripts/global/run_free_global_enrichment_v3.py,DUPLICATE,identical_to_C16
V16C2,scripts/global/verify_snapshot_integrity.py,DUPLICATE,identical_to_C16
V16C2,scripts/global/run_master_staff_global_enrichment.py,DUPLICATE,identical_to_C16
V16C2,scripts/global/data_acquisition_worker.py,DUPLICATE,identical_to_C16
V16C2,scripts/global/run_global_dataset_mission.py,DUPLICATE,identical_to_C16
V16C2,scripts/global/run_global_dataset_enrichment.py,DUPLICATE,identical_to_C16
V16C2,scripts/global/local_materializer.py,DUPLICATE,identical_to_C16
V16C2,scripts/global/source_state.py,DUPLICATE,identical_to_C16
V16C2,scripts/global/DATA_ACQUISITION_WORKER_README.md,DUPLICATE,identical_to_C16
V16C2,scripts/global/run_free_global_enrichment_v6.py,DUPLICATE,identical_to_C16
V16C2,scripts/global/build_global_coverage.py,DUPLICATE,identical_to_C16
V16C2,scripts/global/finalize_free_data_enrichment_v2.py,DUPLICATE,identical_to_C16
V16C2,scripts/v19/acquire_real_data.py,DUPLICATE,identical_to_C16
V16C2,scripts/v19/security_scan.py,DUPLICATE,identical_to_C16
V16C2,scripts/v19/run_full_validation.py,DUPLICATE,identical_to_C16
V16C2,scripts/v17/acquire_real_data.py,DUPLICATE,identical_to_C16
V16C2,scripts/v17/run_research.py,DUPLICATE,identical_to_C16
V16C2,scripts/v17/run_full_validation.py,DUPLICATE,identical_to_C16
V16C2,scripts/master_staff/run_global_prematch_intelligence_v2.py,DUPLICATE,identical_to_C16
V16C2,scripts/v18/acquire_real_data.py,DUPLICATE,identical_to_C16
V16C2,scripts/v18/run_research.py,DUPLICATE,identical_to_C16
V16C2,scripts/v18/run_full_validation.py,DUPLICATE,identical_to_C16
V16C2,scripts/global/providers/footballcsv_squads.py,DUPLICATE,identical_to_C16
V16C2,scripts/global/providers/open_meteo.py,DUPLICATE,identical_to_C16
V16C2,scripts/global/providers/http_provider.py,DUPLICATE,identical_to_C16
V16C2,scripts/global/providers/registry.py,DUPLICATE,identical_to_C16
V16C2,scripts/global/providers/api_football.py,DUPLICATE,identical_to_C16
V16C2,scripts/global/providers/provider_base.py,DUPLICATE,identical_to_C16
V16C2,scripts/global/providers/statsbomb_open.py,DUPLICATE,identical_to_C16
V16C2,scripts/v5/providers/core.py,DUPLICATE,identical_to_C16
V16C2,scripts/v5/providers/__init__.py,DUPLICATE,identical_to_C16
V16C2,frontend/test/v25.test.mjs,DUPLICATE,identical_to_C16
V16C2,frontend/src/main.jsx,DUPLICATE,identical_to_C16
V16C2,frontend/src/style.css,DUPLICATE,identical_to_C16
V16C2,db/migrations/004_v14_data_acquisition.sql,DUPLICATE,identical_to_C16
V16C2,db/migrations/006_v23_empirical.sql,DUPLICATE,identical_to_C16
V16C2,db/migrations/001_core.sql,DUPLICATE,identical_to_C16
V16C2,db/migrations/009_v25_dataset_primary.sql,DUPLICATE,identical_to_C16
V16C2,db/migrations/003_v13_quant_research.sql,DUPLICATE,identical_to_C16
V16C2,db/migrations/002_quant.sql,DUPLICATE,identical_to_C16
V16C2,db/migrations/008_v25_consolidation.sql,DUPLICATE,identical_to_C16
V16C2,db/migrations/005_v22_realtime.sql,DUPLICATE,identical_to_C16
V16C2,db/migrations/007_v24_production.sql,DUPLICATE,identical_to_C16
V16C2,db/migrations/011_card_markets.sql,DUPLICATE,identical_to_C16
V16C2,db/migrations/010_v25_observation_snapshots.sql,DUPLICATE,identical_to_C16
V16C2,data/canonical/football_historical_real_canonical.csv,DUPLICATE,identical_to_C16
V16C2,data/canonical/football_historical_real_provenance.csv,DUPLICATE,identical_to_C16
V16C2,data/canonical/CANONICAL_RESEARCH_SCHEMA.md,DUPLICATE,identical_to_C16
V16C2,data/canonical/SHA256SUMS.txt,DUPLICATE,identical_to_C16
V16C2,data/raw/conmebol_sudamericana_2024.txt,DUPLICATE,identical_to_C16
V16C2,data/raw/football_data_e1_2425.csv,DUPLICATE,identical_to_C16
V16C2,data/raw/conmebol_sudamericana_2022.txt,DUPLICATE,identical_to_C16
V16C2,data/raw/openfootball_germany_bundesliga_2526.txt,DUPLICATE,identical_to_C16
V16C2,data/raw/openfootball_italy_seriea_2526.txt,DUPLICATE,identical_to_C16
V16C2,data/raw/libertadores_brazilian_soccer_data.csv,DUPLICATE,identical_to_C16
V16C2,data/raw/epl_2025_2026_web_verified_pilot.csv,DUPLICATE,identical_to_C16
V16C2,data/raw/conmebol_sudamericana_2025.txt,DUPLICATE,identical_to_C16
V16C2,data/raw/football_data_e0_2425.csv,DUPLICATE,identical_to_C16
V16C2,data/raw/epl_2021_2022_football_data_real.csv,DUPLICATE,identical_to_C16
V16C2,data/raw/bundesliga_2022_2023_football_data_real.csv,DUPLICATE,identical_to_C16
V16C2,data/raw/conmebol_sudamericana_2020.txt,DUPLICATE,identical_to_C16
V16C2,data/raw/football_data_e3_2425.csv,DUPLICATE,identical_to_C16
V16C2,data/raw/epl_2022_2023_football_data_real.csv,DUPLICATE,identical_to_C16
V16C2,data/raw/bundesliga_2021_2022_football_data_real.csv,DUPLICATE,identical_to_C16
V16C2,data/raw/epl_2526_github_real.csv,DUPLICATE,identical_to_C16
V16C2,data/raw/openfootball_england_championship_2526.txt,DUPLICATE,identical_to_C16
V16C2,data/raw/conmebol_sudamericana_2023.txt,DUPLICATE,identical_to_C16
V16C2,data/raw/epl_2020_2021_football_data_real.csv,DUPLICATE,identical_to_C16
V16C2,data/raw/conmebol_sudamericana_2021.txt,DUPLICATE,identical_to_C16
V16C2,data/raw/round_2026-08-20_web_verified.json,DUPLICATE,identical_to_C16
V16C2,data/raw/epl_2324_real_pilot.csv,DUPLICATE,identical_to_C16
V16C2,data/raw/football_data_e2_2425.csv,DUPLICATE,identical_to_C16
V16C2,data/real_day_prematch/REAL_DAY_FEATURES.csv,DUPLICATE,identical_to_C16
V16C2,data/real_day_prematch/REAL_DAY_DATA_QUALITY.csv,DUPLICATE,identical_to_C16
V16C2,data/real_day_prematch/REAL_DAY_MARKET_ANALYSIS.csv,DUPLICATE,identical_to_C16
V16C2,data/real_day_prematch/REAL_DAY_PREMATCH_SNAPSHOT.json,DUPLICATE,identical_to_C16
V16C2,data/real_day_prematch/REAL_DAY_PROVENANCE.json,DUPLICATE,identical_to_C16
V16C2,data/schemas/LIVE_SNAPSHOT_SCHEMA.md,DUPLICATE,identical_to_C16
V16C2,data/schemas/EXPANSION_SCHEMAS.json,DUPLICATE,identical_to_C16
V16C2,data/registry/GLOBAL_ROUTE_COVERAGE.csv,DUPLICATE,identical_to_C16
V16C2,data/model/phase3_temporal_features.csv,DUPLICATE,identical_to_C16
V16C2,data/model/global_competition_coverage.csv,DUPLICATE,identical_to_C16
V16C2,data/model/phase3_research_candidates_top20.csv,DUPLICATE,identical_to_C16
V16C2,data/model/global_football_coverage_matrix.csv,DUPLICATE,identical_to_C16
V16C2,data/model/phase2_real_features.csv,DUPLICATE,identical_to_C16
V16C2,data/model/phase3_corner_temporal_features.csv,DUPLICATE,identical_to_C16
V16C2,data/model/phase3_rejected_signals_top20.csv,DUPLICATE,identical_to_C16
V16C2,data/model/global_research_candidates.csv,DUPLICATE,identical_to_C16
V16C2,data/model/phase3_coverage_matrix.csv,DUPLICATE,identical_to_C16
V16C2,data/model/phase2_card_predictions.csv,DUPLICATE,identical_to_C16
V16C2,data/model/phase3_data_gaps_top20.csv,DUPLICATE,identical_to_C16
V16C2,data/model/global_real_materialized_coverage.csv,DUPLICATE,identical_to_C16
V16C2,data/model/phase3_card_predictions.csv,DUPLICATE,identical_to_C16
V16C2,data/manifests/MASS_EXPANSION_STATE.json,DUPLICATE,identical_to_C16
V16C2,data/manifests/V18_ACQUISITION_ATTEMPTS.json,DUPLICATE,identical_to_C16
V16C2,data/manifests/ACQUISITION_MANIFEST_FINAL.json,DUPLICATE,identical_to_C16
V16C2,data/manifests/GLOBAL_ACQUISITION_ATTEMPTS.csv,DUPLICATE,identical_to_C16
V16C2,data/manifests/MASS_EXPANSION_ACQUISITION.csv,DUPLICATE,identical_to_C16
V16C2,data/manifests/DATAHUB_EPL_ACQUISITION.json,DUPLICATE,identical_to_C16
V16C2,data/manifests/GLOBAL_INTELLIGENCE_ACQUISITION.json,DUPLICATE,identical_to_C16
V16C2,data/manifests/REAL_MATERIALIZED_SOURCES.json,DUPLICATE,identical_to_C16
V16C2,data/manifests/MASTER_STAFF_SOURCE_REGISTRY.csv,DUPLICATE,identical_to_C16
V16C2,data/manifests/MASTER_STAFF_ACQUISITION.csv,DUPLICATE,identical_to_C16
V16C2,data/manifests/V19_ACQUISITION_ATTEMPTS.json,DUPLICATE,identical_to_C16
V16C2,data/manifests/GLOBAL_INTELLIGENCE_ACQUISITION.csv,DUPLICATE,identical_to_C16
V16C2,data/manifests/V17_ACQUISITION_ATTEMPTS.json,DUPLICATE,identical_to_C16
V16C2,data/manifests/MASS_EXPANSION_ACQUISITION.json,DUPLICATE,identical_to_C16
V16C2,data/manifests/MASS_EXPANSION_STATE_UPDATED.json,DUPLICATE,identical_to_C16
V16C2,data/manifests/GLOBAL_ACQUISITION_ATTEMPTS.json,DUPLICATE,identical_to_C16
V16C2,data/manifests/CONTEXT_INTELLIGENCE_EXECUTION_MANIFEST.json,DUPLICATE,identical_to_C16
V16C2,data/coverage/TEAM_COVERAGE_5_PILOT_TEAMS.csv,DUPLICATE,identical_to_C16
V16C2,data/post_match_pilot/POST_MATCH_FORENSICS_MANIFEST.json,DUPLICATE,identical_to_C16
V16C2,data/post_match_pilot/POST_MATCH_AUDIT_SUMMARY.json,DUPLICATE,identical_to_C16
V16C2,data/post_match_pilot/POST_MATCH_PILOT_RESULTS.csv,DUPLICATE,identical_to_C16
V16C2,data/context_transfer/MOTIVATION_CONTEXT_REPORT.csv,DUPLICATE,identical_to_C16
V16C2,data/context_transfer/CONTEXT_TRANSFER_RESULTS.json,DUPLICATE,identical_to_C16
V16C2,data/context_transfer/FEATURE_ABLATION_REPORT.csv,DUPLICATE,identical_to_C16
V16C2,data/context_transfer/TEAM_COVERAGE_FINAL.csv,DUPLICATE,identical_to_C16
V16C2,data/context_transfer/TRANSFER_CONFIG.json,DUPLICATE,identical_to_C16
V16C2,data/context_transfer/FEATURE_TRANSFERABILITY.csv,DUPLICATE,identical_to_C16
V16C2,data/context_transfer/ACQUISITION_EXECUTION_SUMMARY.json,DUPLICATE,identical_to_C16
V16C2,data/context_transfer/OPPONENT_STRENGTH_HISTORY.csv,DUPLICATE,identical_to_C16
V16C2,data/context_transfer/TEAM_CONTEXT_HISTORY.csv,DUPLICATE,identical_to_C16
V16C2,data/context_transfer/OPPONENT_STRENGTH_REPORT.csv,DUPLICATE,identical_to_C16
V16C2,data/context_transfer/ACQUISITION_PRIORITY.csv,DUPLICATE,identical_to_C16
V16C2,data/context_transfer/PLAYER_IMPACT_REPORT.csv,DUPLICATE,identical_to_C16
V16C2,data/context_transfer/MODEL_COMPARISON.json,DUPLICATE,identical_to_C16
V16C2,data/context_transfer/MATCH_COVERAGE_FINAL.csv,DUPLICATE,identical_to_C16
V16C2,data/context_transfer/RIVALRY_INTELLIGENCE_REPORT.csv,DUPLICATE,identical_to_C16
V16C2,data/context_transfer/MODEL_COMPARISON.csv,DUPLICATE,identical_to_C16
V16C2,data/context_transfer/ACQUISITION_ATTEMPTS.csv,DUPLICATE,identical_to_C16
V16C2,data/context_transfer/CONTEXT_TRANSFER_BACKTEST.csv,DUPLICATE,identical_to_C16
V16C2,data/provenance/MATERIALIZED_SHA256SUMS.txt,DUPLICATE,identical_to_C16
V16C2,data/provenance/phase2_provenance.csv,DUPLICATE,identical_to_C16
V16C2,data/provenance/expanded_real_provenance.csv,DUPLICATE,identical_to_C16
V16C2,data/processed/odds_observations_real_nonpit.csv,DUPLICATE,identical_to_C16
V16C2,data/processed/expanded_real_matches.csv,DUPLICATE,identical_to_C16
V16C2,data/entity_registry/ENTITY_REGISTRY_GLOBAL.csv,DUPLICATE,identical_to_C16
V16C2,data/master_staff/SETTLEMENTS.csv,DUPLICATE,identical_to_C16
V16C2,data/master_staff/SCHEMA_VALIDATION.md,DUPLICATE,identical_to_C16
V16C2,data/master_staff/LINEUP_RECORDS.csv,DUPLICATE,identical_to_C16
V16C2,data/master_staff/DATASET_FINAL_COUNTS.json,DUPLICATE,identical_to_C16
V16C2,data/master_staff/SUSPENSION_ENGINE_RECORDS.csv,DUPLICATE,identical_to_C16
V16C2,data/master_staff/LOWER_LEVEL_TARGET_REGISTRY.csv,DUPLICATE,identical_to_C16
V16C2,data/master_staff/PREMATCH_FEATURE_STORE.csv,DUPLICATE,identical_to_C16
V16C2,data/master_staff/CONTEXT_INTELLIGENCE_FEATURES.csv,DUPLICATE,identical_to_C16
V16C2,data/master_staff/TARGET_COMPETITION_REGISTRY.csv,DUPLICATE,identical_to_C16
V16C2,data/master_staff/MODEL_VALIDATION.json,DUPLICATE,identical_to_C16
V16C2,data/master_staff/INJURY_RECORDS.csv,DUPLICATE,identical_to_C16
V16C2,data/master_staff/MASTER_HYPOTHESES.csv,DUPLICATE,identical_to_C16
V16C2,data/master_staff/OPERATIONAL_PILLARS.csv,DUPLICATE,identical_to_C16
V16C2,data/master_staff/PLAYER_IMPACT_RECORDS.csv,DUPLICATE,identical_to_C16
V16C2,data/master_staff/LIVE_SNAPSHOTS.csv,DUPLICATE,identical_to_C16
V16C2,data/master_staff/LINEUP_ENGINE_RECORDS.csv,DUPLICATE,identical_to_C16
V16C2,data/master_staff/IMPORTANCE_CONTEXT_2026-08-20.csv,DUPLICATE,identical_to_C16
V16C2,data/master_staff/TARGET_COVERAGE_REGISTRY.csv,DUPLICATE,identical_to_C16
V16C2,data/master_staff/INJURY_ENGINE_RECORDS.csv,DUPLICATE,identical_to_C16
V16C2,data/master_staff/MASTER_STAFF_MANIFEST.json,DUPLICATE,identical_to_C16
V16C2,data/master_staff/MASTER_STAFF_PROVENANCE.csv,DUPLICATE,identical_to_C16
V16C2,data/master_staff/PIT_AUDIT.md,DUPLICATE,identical_to_C16
V16C2,data/master_staff/VALUE_CANDIDATES.csv,DUPLICATE,identical_to_C16
V16C2,data/master_staff/RIVALRY_REGISTRY.csv,DUPLICATE,identical_to_C16
V16C2,data/master_staff/MASTER_COVERAGE.csv,DUPLICATE,identical_to_C16
V16C2,data/master_staff/FEATURE_IMPORTANCE_MASTER.csv,DUPLICATE,identical_to_C16
V16C2,data/master_staff/OPERATIONAL_PILLARS.json,DUPLICATE,identical_to_C16
V16C2,data/master_staff/H2H_INTELLIGENCE.csv,DUPLICATE,identical_to_C16
V16C2,data/master_staff/PAPER_DECISIONS.csv,DUPLICATE,identical_to_C16
V16C2,data/master_staff/LIVE_SNAPSHOT_ENGINE.csv,DUPLICATE,identical_to_C16
V16C2,data/master_staff/PLAYER_RECORDS.csv,DUPLICATE,identical_to_C16
V16C2,data/master_staff/LEAKAGE_AUDIT.md,DUPLICATE,identical_to_C16
V16C2,data/research/COVERAGE_BY_COMPETITION_SEASON.csv,DUPLICATE,identical_to_C16
V16C2,data/research/PATTERN_DISCOVERY_STABILITY.csv,DUPLICATE,identical_to_C16
V16C2,data/research/PATTERN_DISCOVERY_WALK_FORWARD.csv,DUPLICATE,identical_to_C16
V16C2,data/research/PATTERN_DISCOVERY_FEATURE_IMPORTANCE.csv,DUPLICATE,identical_to_C16
V16C2,data/research/PATTERN_DISCOVERY_AUDIT.json,DUPLICATE,identical_to_C16
V16C2,data/research/PATTERN_DISCOVERY_OOS.csv,DUPLICATE,identical_to_C16
V16C2,data/research/PATTERN_DISCOVERY_PATTERN_VALIDATION.csv,DUPLICATE,identical_to_C16
V16C2,data/research/PATTERN_DISCOVERY_NEGATIVE_RESULTS.csv,DUPLICATE,identical_to_C16
V16C2,data/research/TOP_DATA_GAPS.csv,DUPLICATE,identical_to_C16
V16C2,data/research/context_intelligence_segments.csv,DUPLICATE,identical_to_C16
V16C2,data/research/PATTERN_DISCOVERY_TOP50.csv,DUPLICATE,identical_to_C16
V16C2,data/research/PATTERN_DISCOVERY_DATA_DICTIONARY.md,DUPLICATE,identical_to_C16
V16C2,data/research/PATTERN_DISCOVERY_MULTIPLE_TESTING.csv,DUPLICATE,identical_to_C16
V16C2,data/global_dataset/reports/TEAM_COVERAGE_GLOBAL_2020_2026.csv,DUPLICATE,identical_to_C16
V16C2,data/global_dataset/reports/GLOBAL_NETWORK_BLOCKS.json,DUPLICATE,identical_to_C16
V16C2,data/global_dataset/reports/GLOBAL_DATASET_COVERAGE.csv,DUPLICATE,identical_to_C16
V16C2,data/global_dataset/reports/GLOBAL_COMPETITION_SEASON_MATRIX_2020_2026.csv,DUPLICATE,identical_to_C16
V16C2,data/global_dataset/reports/DATASET_FINAL_COUNTS.json,DUPLICATE,identical_to_C16
V16C2,data/global_dataset/reports/DATA_ENRICHMENT_FINAL_REPORT.md,DUPLICATE,identical_to_C16
V16C2,data/global_dataset/reports/ACQUIRED_SOURCE_SHA256SUMS.txt,DUPLICATE,identical_to_C16
V16C2,data/global_dataset/reports/GLOBAL_DATASET_TEST_REPORT.json,DUPLICATE,identical_to_C16
V16C2,data/global_dataset/reports/FREE_ENRICHMENT_SNAPSHOT_INTEGRITY.json,DUPLICATE,identical_to_C16
V16C2,data/global_dataset/reports/GLOBAL_COVERAGE_REPORT.csv,DUPLICATE,identical_to_C16
V16C2,data/global_dataset/reports/SOURCE_COVERAGE_MATRIX.csv,DUPLICATE,identical_to_C16
V16C2,data/global_dataset/reports/SCIENTIFIC_STATUS_FINAL.md,DUPLICATE,identical_to_C16
V16C2,data/global_dataset/reports/GLOBAL_FIELD_COVERAGE_FREE.csv,DUPLICATE,identical_to_C16
V16C2,data/global_dataset/reports/FREE_SOURCE_COVERAGE_MATRIX.csv,DUPLICATE,identical_to_C16
V16C2,data/global_dataset/reports/GLOBAL_COVERAGE_MATRIX_2020_2026.csv,DUPLICATE,identical_to_C16
V16C2,data/global_dataset/reports/GLOBAL_TEST_RESULTS.json,DUPLICATE,identical_to_C16
V16C2,data/global_dataset/reports/GLOBAL_COVERAGE_MATRIX.csv,DUPLICATE,identical_to_C16
V16C2,data/global_dataset/reports/GLOBAL_DATASET_COUNTS.json,DUPLICATE,identical_to_C16
V16C2,data/global_dataset/reports/LOCAL_FREE_ARTIFACT_MANIFEST.csv,DUPLICATE,identical_to_C16
V16C2,data/global_dataset/reports/PREMATCH_SNAPSHOT_PROTECTION.json,DUPLICATE,identical_to_C16
V16C2,data/global_dataset/reports/PREMATCH_READINESS_2026-08-20.csv,DUPLICATE,identical_to_C16
V16C2,data/global_dataset/reports/GLOBAL_PATTERN_DISCOVERY_READINESS.md,DUPLICATE,identical_to_C16
V16C2,data/global_dataset/reports/GLOBAL_COVERAGE_REPORT_COMPETITION.csv,DUPLICATE,identical_to_C16
V16C2,data/global_dataset/reports/FINAL_SCIENTIFIC_STATUS.md,DUPLICATE,identical_to_C16
V16C2,data/global_dataset/reports/GLOBAL_DATASET_PROVENANCE.csv,DUPLICATE,identical_to_C16
V16C2,data/global_dataset/reports/MODEL_READINESS_REPORT.md,DUPLICATE,identical_to_C16
V16C2,data/global_dataset/reports/CROSS_COMPETITION_EVIDENCE.csv,DUPLICATE,identical_to_C16
V16C2,data/global_dataset/reports/GLOBAL_COVERAGE_REPORT.md,DUPLICATE,identical_to_C16
V16C2,data/global_dataset/reports/FREE_SOURCE_CONFLICTS.csv,DUPLICATE,identical_to_C16
V16C2,data/global_dataset/reports/COMPETITIONS_NOT_MATERIALIZED.csv,DUPLICATE,identical_to_C16
V16C2,data/global_dataset/reports/ACQUISITION_PRIORITY.csv,DUPLICATE,identical_to_C16
V16C2,data/global_dataset/reports/PREMATCH_DATA_READINESS_REPORT.md,DUPLICATE,identical_to_C16
V16C2,data/global_dataset/reports/ACQUISITION_FAILURE_REPORT.md,DUPLICATE,identical_to_C16
V16C2,data/global_dataset/reports/PREMATCH_SNAPSHOT_INTEGRITY.json,DUPLICATE,identical_to_C16
V16C2,data/global_dataset/reports/NEGATIVE_FINDINGS.csv,DUPLICATE,identical_to_C16
V16C2,data/global_dataset/reports/TEAM_COVERAGE_REPORT.md,DUPLICATE,identical_to_C16
V16C2,data/global_dataset/reports/PREMATCH_READINESS_REPORT.md,DUPLICATE,identical_to_C16
V16C2,data/global_dataset/reports/TEAM_COVERAGE_GLOBAL.csv,DUPLICATE,identical_to_C16
V16C2,data/global_dataset/reports/GLOBAL_DATASET_FINAL_REPORT.md,DUPLICATE,identical_to_C16
V16C2,data/global_dataset/reports/GLOBAL_RUN_LEDGER.json,DUPLICATE,identical_to_C16
V16C2,data/global_dataset/reports/SOURCE_PROVENANCE.csv,DUPLICATE,identical_to_C16
V16C2,data/global_dataset/reports/GLOBAL_COVERAGE_MATRIX_MATERIALIZED.csv,DUPLICATE,identical_to_C16
V16C2,data/global_dataset/reports/SOURCE_ACQUISITION_REPORT.md,DUPLICATE,identical_to_C16
V16C2,data/global_dataset/reports/CROSS_COMPETITION_TRANSFER_REPORT.md,DUPLICATE,identical_to_C16
V16C2,data/global_dataset/reports/GLOBAL_FIELD_COVERAGE.csv,DUPLICATE,identical_to_C16
V16C2,data/global_dataset/processed_acquisition/pytest_2122_E0.csv,DUPLICATE,identical_to_C16
V16C2,data/global_dataset/registry/LOCAL_ACQUISITION_TARGET_REGISTRY.csv,DUPLICATE,identical_to_C16
V16C2,data/global_dataset/registry/GLOBAL_COMPETITION_TARGET_REGISTRY.csv,DUPLICATE,identical_to_C16
V16C2,data/global_dataset/registry/LOCAL_ACQUISITION_SOURCE_REGISTRY.csv,DUPLICATE,identical_to_C16
V16C2,data/global_dataset/registry/GLOBAL_ACQUISITION_MANIFEST.json,DUPLICATE,identical_to_C16
V16C2,data/global_dataset/registry/DATA_ACQUISITION_MANIFEST.json,DISCARDED,conflict_resolved_in_favor_of_C18
V16C2,data/global_dataset/registry/ACQUISITION_STATE_SCHEMA.md,DUPLICATE,identical_to_C16
V16C2,data/global_dataset/registry/GLOBAL_SOURCE_CATALOG.csv,DUPLICATE,identical_to_C16
V16C2,data/global_dataset/registry/TEAM_REGISTRY_GLOBAL.csv,DUPLICATE,identical_to_C16
V16C2,data/global_dataset/raw_acquired/2122_E0.csv,DUPLICATE,identical_to_C16
V16C2,data/global_dataset/raw_acquired/epl_2021_direct.csv,DUPLICATE,identical_to_C16
V16C2,data/global_dataset/raw_acquired/2122_D1.csv,DUPLICATE,identical_to_C16
V16C2,data/global_dataset/raw_acquired/2223_E0.csv,DUPLICATE,identical_to_C16
V16C2,data/global_dataset/raw_acquired/2223_D1.csv,DUPLICATE,identical_to_C16
V16C2,data/global_dataset/raw_acquired/2324_E0.csv,DUPLICATE,identical_to_C16
V16C2,data/global_dataset/reports/v3/PAID_API_GAP_ANALYSIS.md,DUPLICATE,identical_to_C16
V16C2,data/global_dataset/reports/v3/GLOBAL_FREE_SOURCE_DISCOVERY_V3.md,DUPLICATE,identical_to_C16
V16C2,data/global_dataset/reports/v3/FREE_GLOBAL_COVERAGE_STATUS.md,DUPLICATE,identical_to_C16
V16C2,data/global_dataset/reports/v3/GLOBAL_FREE_SOURCE_DISCOVERY_V3.json,DUPLICATE,identical_to_C16
V16C2,data/processed/round_2026-08-20/ROUND_2026-08-20_INTELLIGENCE.csv,DUPLICATE,identical_to_C16
V16C2,data/provenance/round_2026-08-20/ROUND_2026-08-20_PROVENANCE.csv,DUPLICATE,identical_to_C16
V16C2,data/coverage/free_enrichment_v4/FREE_DATA_COVERAGE_MATRIX_V4.csv,DUPLICATE,identical_to_C16
V16C2,data/coverage/free_enrichment_v5/V5_LAYER_COVERAGE.csv,DUPLICATE,identical_to_C16
V16C2,data/conmebol/raw/conmebol_sudamericana_2024.txt,DUPLICATE,identical_to_C16
V16C2,data/conmebol/raw/conmebol_sudamericana_2022.txt,DUPLICATE,identical_to_C16
V16C2,data/conmebol/raw/libertadores_brazilian_soccer_data.csv,DUPLICATE,identical_to_C16
V16C2,data/conmebol/raw/conmebol_sudamericana_2025.txt,DUPLICATE,identical_to_C16
V16C2,data/conmebol/raw/conmebol_sudamericana_2020.txt,DUPLICATE,identical_to_C16
V16C2,data/conmebol/raw/conmebol_sudamericana_2023.txt,DUPLICATE,identical_to_C16
V16C2,data/conmebol/raw/conmebol_sudamericana_2021.txt,DUPLICATE,identical_to_C16
V16C2,data/conmebol/schemas/CONMEBOL_SCHEMA.md,DUPLICATE,identical_to_C16
V16C2,data/conmebol/manifests/CONMEBOL_EXECUTION_MANIFEST.json,DUPLICATE,identical_to_C16
V16C2,data/conmebol/manifests/CONMEBOL_ACQUISITION_MATRIX.csv,DUPLICATE,identical_to_C16
V16C2,data/conmebol/provenance/CONMEBOL_PROVENANCE.csv,DUPLICATE,identical_to_C16
V16C2,data/conmebol/processed/CONMEBOL_MATCHES_REAL.csv,DUPLICATE,identical_to_C16
V16C2,data/enrichment/free_data/FOOTBALL_CANONICAL_ENRICHED_FREE.csv,DUPLICATE,identical_to_C16
V16C2,data/enrichment/free_data/MATCH_STATISTICS_FREE.csv,DUPLICATE,identical_to_C16
V16C2,data/enrichment/free_data/PLAYER_ENTITY_RESOLUTION_V6.csv,DUPLICATE,identical_to_C16
V16C2,data/enrichment/free_data/PLAYER_MASTER_V6.csv,DUPLICATE,identical_to_C16
V16C2,data/enrichment/free_data/PLAYER_TEAM_HISTORY_V6.csv,DUPLICATE,identical_to_C16
V16C2,data/raw/acquisition_worker/footballcsv_2024_br1.csv,DUPLICATE,identical_to_C16
V16C2,data/raw/acquisition_worker/brazil_squad_2024_flamengo.txt,DUPLICATE,identical_to_C16
V16C2,data/raw/acquisition_worker/pytest_2122_E0.csv,DUPLICATE,identical_to_C16
V16C2,data/raw/acquisition_worker/brazil_squad_2024_palmeiras.txt,DUPLICATE,identical_to_C16
V16C2,data/raw/global_acquisition/football_data/2122_E0.csv,DUPLICATE,identical_to_C16
V16C2,data/raw/global_acquisition/football_data/epl_2021_direct.csv,DUPLICATE,identical_to_C16
V16C2,data/raw/global_acquisition/football_data/2122_D1.csv,DUPLICATE,identical_to_C16
V16C2,data/raw/global_acquisition/football_data/2223_E0.csv,DUPLICATE,identical_to_C16
V16C2,data/raw/global_acquisition/football_data/2223_D1.csv,DUPLICATE,identical_to_C16
V16C2,data/raw/global_acquisition/football_data/2324_E0.csv,DUPLICATE,identical_to_C16
V16C2,reports/v2_master/RUN_TEST_RESULTS.txt,DUPLICATE,identical_to_C16
V16C2,reports/v2_master/SNAPSHOT_INTEGRITY_V2.json,DUPLICATE,identical_to_C16
V16C2,reports/phase3/GLOBAL_FOOTBALL_DATA_ACQUISITION_REPORT.md,DUPLICATE,identical_to_C16
V16C2,reports/phase3/COMPETITION_MARKET_MATRIX.md,DUPLICATE,identical_to_C16
V16C2,reports/phase3/DATA_QUALITY_REPORT.md,DUPLICATE,identical_to_C16
V16C2,reports/phase3/DATA_PROVENANCE_REPORT.md,DUPLICATE,identical_to_C16
V16C2,reports/phase3/FEATURE_RESEARCH.md,DUPLICATE,identical_to_C16
V16C2,reports/phase3/CARD_MARKET_REPORT.md,DUPLICATE,identical_to_C16
V16C2,reports/phase3/SOURCE_DISCOVERY_MATRIX.json,DUPLICATE,identical_to_C16
V16C2,reports/phase3/PHASE3_EXECUTION_README.md,DUPLICATE,identical_to_C16
V16C2,reports/phase3/CARD_RESEARCH_REPORT.md,DUPLICATE,identical_to_C16
V16C2,reports/phase3/COMPETITION_RESEARCH_REPORT.md,DUPLICATE,identical_to_C16
V16C2,reports/phase3/MARKET_RESEARCH_REPORT.md,DUPLICATE,identical_to_C16
V16C2,reports/phase3/SIGNAL_DISCOVERY_REPORT.md,DUPLICATE,identical_to_C16
V16C2,reports/phase3/CORNER_MARKET_REPORT.md,DUPLICATE,identical_to_C16
V16C2,reports/phase3/ODDS_DATA_REPORT.md,DUPLICATE,identical_to_C16
V16C2,reports/phase3/PIT_REPORT.md,DUPLICATE,identical_to_C16
V16C2,reports/phase3/EDGE_DISCOVERY_REPORT.md,DUPLICATE,identical_to_C16
V16C2,reports/phase3/MARKET_MICROSTRUCTURE.md,DUPLICATE,identical_to_C16
V16C2,reports/phase3/ABLATION_REPORT.md,DUPLICATE,identical_to_C16
V16C2,reports/phase3/HOLDOUT_REPORT.md,DUPLICATE,identical_to_C16
V16C2,reports/phase3/EDGE_DISCOVERY.md,DUPLICATE,identical_to_C16
V16C2,reports/phase3/WEB_SOURCE_VERIFICATION.md,DUPLICATE,identical_to_C16
V16C2,reports/phase3/LOWER_LEAGUES_RESEARCH.md,DUPLICATE,identical_to_C16
V16C2,reports/phase3/MARKET_VS_ROBO.md,DUPLICATE,identical_to_C16
V16C2,reports/phase3/WALK_FORWARD_REPORT.md,DUPLICATE,identical_to_C16
V16C2,reports/phase3/FINAL_SCIENTIFIC_STATUS.md,DUPLICATE,identical_to_C16
V16C2,reports/phase3/PRE_MATCH_RESEARCH.md,DUPLICATE,identical_to_C16
V16C2,reports/phase3/GLOBAL_COMPETITION_COVERAGE.md,DUPLICATE,identical_to_C16
V16C2,reports/phase3/MODEL_COMPARISON.md,DUPLICATE,identical_to_C16
V16C2,reports/phase3/DATA_QUALITY.json,DUPLICATE,identical_to_C16
V16C2,reports/phase3/GLOBAL_DATA_ACQUISITION_REPORT.md,DUPLICATE,identical_to_C16
V16C2,reports/phase3/LOWER_DIVISION_RESEARCH_REPORT.md,DUPLICATE,identical_to_C16
V16C2,reports/phase3/DATA_ACQUISITION_REPORT.md,DUPLICATE,identical_to_C16
V16C2,reports/phase3/MULTIPLE_TESTING_REPORT.md,DUPLICATE,identical_to_C16
V16C2,reports/phase3/MARKET_COVERAGE_REPORT.md,DUPLICATE,identical_to_C16
V16C2,reports/phase3/RESEARCH_HYPOTHESES.md,DUPLICATE,identical_to_C16
V16C2,reports/phase3/LOW_COVERAGE_MARKETS_REPORT.md,DUPLICATE,identical_to_C16
V16C2,reports/phase3/MODEL_COMPARISON_REPORT.md,DUPLICATE,identical_to_C16
V16C2,reports/phase3/PIT_DATA_REPORT.md,DUPLICATE,identical_to_C16
V16C2,reports/phase3/OOS_REPORT.md,DUPLICATE,identical_to_C16
V16C2,reports/phase3/ODDS_MARKET_MICROSTRUCTURE_REPORT.md,DUPLICATE,identical_to_C16
V16C2,reports/phase3/LEAGUE_MARKET_ANALYSIS_REPORT.md,DUPLICATE,identical_to_C16
V16C2,reports/phase3/LIVE_RESEARCH.md,DUPLICATE,identical_to_C16
V16C2,reports/phase3/FEATURE_RESEARCH_REPORT.md,DUPLICATE,identical_to_C16
V16C2,reports/phase3/CLV_REPORT.md,DUPLICATE,identical_to_C16
V16C2,reports/phase3/TOP_20_RESEARCH_CANDIDATES.md,DUPLICATE,identical_to_C16
V16C2,reports/phase3/OVERFITTING_REPORT.md,DUPLICATE,identical_to_C16
V16C2,reports/phase3/GLOBAL_RESEARCH_EXECUTION_MANIFEST.json,DUPLICATE,identical_to_C16
V16C2,reports/phase3/ODDS_RESEARCH.md,DUPLICATE,identical_to_C16
V16C2,reports/phase3/ANOMALY_RESEARCH_REPORT.md,DUPLICATE,identical_to_C16
V16C2,reports/phase3/TOP_20_REJECTED_SIGNALS.md,DUPLICATE,identical_to_C16
V16C2,reports/phase3/TOP_20_DATA_GAPS.md,DUPLICATE,identical_to_C16
V16C2,reports/phase3/FINAL_RESEARCH_AUDIT.md,DUPLICATE,identical_to_C16
V16C2,reports/phase3/DATA_COVERAGE_MATRIX.md,DUPLICATE,identical_to_C16
V16C2,reports/phase3/CORNERS_RESEARCH_REPORT.md,DUPLICATE,identical_to_C16
V16C2,reports/phase3/BASELINE_COMPARISON_REPORT.md,DUPLICATE,identical_to_C16
V16C2,reports/phase3/GLOBAL_COMPETITION_COVERAGE_REPORT.md,DUPLICATE,identical_to_C16
V16C2,reports/phase3/RESEARCH_CANDIDATES.md,DUPLICATE,identical_to_C16
V16C2,reports/phase3/ROBO_BEHAVIOR_REPORT.md,DUPLICATE,identical_to_C16
V16C2,reports/phase3/FEATURE_ABLATION_REPORT.md,DUPLICATE,identical_to_C16
V16C2,reports/phase3/PHASE3_RESULTS.json,DUPLICATE,identical_to_C16
V16C2,reports/real_day_prematch/REAL_DAY_EXECUTION_SUMMARY.json,DUPLICATE,identical_to_C16
V16C2,reports/real_day_prematch/REAL_DAY_PREMATCH_REPORT.md,DUPLICATE,identical_to_C16
V16C2,reports/real_day_prematch/REAL_DAY_TOP_SIGNALS.md,DUPLICATE,identical_to_C16
V16C2,reports/real_day_prematch/REAL_DAY_LIMITATIONS.md,DUPLICATE,identical_to_C16
V16C2,reports/phase2/DATA_QUALITY_REPORT.md,DUPLICATE,identical_to_C16
V16C2,reports/phase2/CARD_MARKET_REPORT.md,DUPLICATE,identical_to_C16
V16C2,reports/phase2/EMPIRICAL_RESULTS.json,DUPLICATE,identical_to_C16
V16C2,reports/phase2/MARKET_COMPARISON_REPORT.md,DUPLICATE,identical_to_C16
V16C2,reports/phase2/HOLDOUT_REPORT.md,DUPLICATE,identical_to_C16
V16C2,reports/phase2/DATA_ACQUISITION.json,DUPLICATE,identical_to_C16
V16C2,reports/phase2/WALK_FORWARD_REPORT.md,DUPLICATE,identical_to_C16
V16C2,reports/phase2/FINAL_SCIENTIFIC_STATUS.md,DUPLICATE,identical_to_C16
V16C2,reports/phase2/EMPIRICAL_RESEARCH_REPORT.md,DUPLICATE,identical_to_C16
V16C2,reports/phase2/DATA_QUALITY.json,DUPLICATE,identical_to_C16
V16C2,reports/phase2/DATA_ACQUISITION_REPORT.md,DUPLICATE,identical_to_C16
V16C2,reports/phase2/MODEL_COMPARISON_REPORT.md,DUPLICATE,identical_to_C16
V16C2,reports/phase2/OOS_REPORT.md,DUPLICATE,identical_to_C16
V16C2,reports/phase2/CLV_REPORT.md,DUPLICATE,identical_to_C16
V16C2,reports/phase2/ROBO_BEHAVIOR_REPORT.md,DUPLICATE,identical_to_C16
V16C2,reports/phase2/FEATURE_ABLATION_REPORT.md,DUPLICATE,identical_to_C16
V16C2,reports/conmebol/CONTEXT_INTELLIGENCE_REPORT.md,DUPLICATE,identical_to_C16
V16C2,reports/conmebol/INJURY_RETURN_REPORT.md,DUPLICATE,identical_to_C16
V16C2,reports/conmebol/CONMEBOL_NEGATIVE_RESULTS.csv,DUPLICATE,identical_to_C16
V16C2,reports/conmebol/PLAYER_IMPACT_REPORT.md,DUPLICATE,identical_to_C16
V16C2,reports/conmebol/COMPETITIVE_MOTIVATION_REPORT.md,DUPLICATE,identical_to_C16
V16C2,reports/conmebol/PATTERN_DISCOVERY_NEGATIVE_RESULTS.md,DUPLICATE,identical_to_C16
V16C2,reports/conmebol/CONMEBOL_PATTERN_RESULTS.csv,DUPLICATE,identical_to_C16
V16C2,reports/conmebol/PATTERN_DISCOVERY_WALK_FORWARD.md,DUPLICATE,identical_to_C16
V16C2,reports/conmebol/FINAL_SCIENTIFIC_STATUS.md,DUPLICATE,identical_to_C16
V16C2,reports/conmebol/PATTERN_DISCOVERY_MULTIPLE_TESTING.md,DUPLICATE,identical_to_C16
V16C2,reports/conmebol/CONMEBOL_HYPOTHESES.csv,DUPLICATE,identical_to_C16
V16C2,reports/conmebol/CONMEBOL_DATASET_COVERAGE.csv,DUPLICATE,identical_to_C16
V16C2,reports/conmebol/CONMEBOL_MODEL_RESULTS.json,DUPLICATE,identical_to_C16
V16C2,reports/conmebol/PATTERN_DISCOVERY_OOS.md,DUPLICATE,identical_to_C16
V16C2,reports/conmebol/CONMEBOL_FEATURE_IMPORTANCE.csv,DUPLICATE,identical_to_C16
V16C2,reports/conmebol/CONMEBOL_DATASET_FINAL_REPORT.md,DUPLICATE,identical_to_C16
V16C2,reports/conmebol/PATTERN_DISCOVERY_GLOBAL_REPORT.md,DUPLICATE,identical_to_C16
V16C2,reports/coverage/DATA_COVERAGE_GAPS.md,DUPLICATE,identical_to_C16
V16C2,reports/coverage/ACQUISITION_PRIORITY.csv,DUPLICATE,identical_to_C16
V16C2,reports/coverage/DATA_COVERAGE_2020_2026.csv,DUPLICATE,identical_to_C16
V16C2,reports/post_match_pilot/POST_MATCH_PILOT_REPORT.md,DUPLICATE,identical_to_C16
V16C2,reports/post_match_pilot/DATASET_INTEGRITY_BEFORE_AFTER.md,DUPLICATE,identical_to_C16
V16C2,reports/free_enrichment_v4/LINEUP_COVERAGE_REPORT.md,DUPLICATE,identical_to_C16
V16C2,reports/free_enrichment_v4/TEMPORAL_DATA_QUALITY_REPORT.md,DUPLICATE,identical_to_C16
V16C2,reports/free_enrichment_v4/SOFASCORE_ASSESSMENT.md,DUPLICATE,identical_to_C16
V16C2,reports/free_enrichment_v4/SECURITY_SCAN.txt,DUPLICATE,identical_to_C16
V16C2,reports/free_enrichment_v4/PAID_DATA_GAP_REPORT.md,DUPLICATE,identical_to_C16
V16C2,reports/free_enrichment_v4/INJURY_COVERAGE_REPORT.md,DUPLICATE,identical_to_C16
V16C2,reports/free_enrichment_v4/ODDS_COVERAGE_REPORT.md,DUPLICATE,identical_to_C16
V16C2,reports/free_enrichment_v4/EVENT_COVERAGE_REPORT.md,DUPLICATE,identical_to_C16
V16C2,reports/free_enrichment_v4/PLAYER_COVERAGE_REPORT.md,DUPLICATE,identical_to_C16
V16C2,reports/free_enrichment_v4/PIT_COVERAGE_REPORT.md,DUPLICATE,identical_to_C16
V16C2,reports/free_enrichment_v4/GLOBAL_FREE_DATA_DISCOVERY_REPORT.md,DUPLICATE,identical_to_C16
V16C2,reports/free_enrichment_v4/XG_COVERAGE_REPORT.md,DUPLICATE,identical_to_C16
V16C2,reports/free_enrichment_v4/ENTITY_RESOLUTION_REPORT.md,DUPLICATE,identical_to_C16
V16C2,reports/free_enrichment_v4/SUSPENSION_COVERAGE_REPORT.md,DUPLICATE,identical_to_C16
V16C2,reports/free_enrichment_v4/README_V4.md,DUPLICATE,identical_to_C16
V16C2,reports/free_enrichment_v4/SOURCE_REGISTRY_V4.csv,DUPLICATE,identical_to_C16
V16C2,reports/free_enrichment_v4/ACQUISITION_MANIFEST_V4.csv,DUPLICATE,identical_to_C16
V16C2,reports/free_enrichment_v4/API_READINESS_MATRIX_V4.csv,DUPLICATE,identical_to_C16
V16C2,reports/free_enrichment_v4/GLOBAL_ENRICHMENT_STATUS_V4.json,DUPLICATE,identical_to_C16
V16C2,reports/free_enrichment_v4/DATA_GAP_MASTER.csv,DUPLICATE,identical_to_C16
V16C2,reports/context_transfer/SOURCE_CONFLICT_ENGINE.md,DUPLICATE,identical_to_C16
V16C2,reports/context_transfer/ACQUISITION_STATUS.md,DUPLICATE,identical_to_C16
V16C2,reports/context_transfer/MOTIVATION_CONTEXT_REPORT.md,DUPLICATE,identical_to_C16
V16C2,reports/context_transfer/PLAYER_IMPACT_REPORT.md,DUPLICATE,identical_to_C16
V16C2,reports/context_transfer/NEGATIVE_FINDINGS.md,DUPLICATE,identical_to_C16
V16C2,reports/context_transfer/FINAL_SCIENTIFIC_STATUS.md,DUPLICATE,identical_to_C16
V16C2,reports/context_transfer/CONTEXT_TRANSFER_FINAL_REPORT.md,DUPLICATE,identical_to_C16
V16C2,reports/context_transfer/MODEL_COMPARISON.md,DUPLICATE,identical_to_C16
V16C2,reports/context_transfer/RIVALRY_INTELLIGENCE_REPORT.md,DUPLICATE,identical_to_C16
V16C2,reports/context_transfer/FEATURE_ABLATION_REPORT.md,DUPLICATE,identical_to_C16
V16C2,reports/context_transfer/CONTEXT_TRANSFER_AUDIT.md,DUPLICATE,identical_to_C16
V16C2,reports/v19/V19_SCORELINE_REPORT.md,DUPLICATE,identical_to_C16
V16C2,reports/v19/V19_DATA_ACQUISITION_REPORT.md,DUPLICATE,identical_to_C16
V16C2,reports/v19/V19_EXPERIMENTS_REPORT.md,DUPLICATE,identical_to_C16
V16C2,reports/v19/V19_MARKET_DISLOCATION_REPORT.md,DUPLICATE,identical_to_C16
V16C2,reports/v19/V19_PERFORMANCE.json,DUPLICATE,identical_to_C16
V16C2,reports/v19/V19_FINAL_REPORT.md,DUPLICATE,identical_to_C16
V16C2,reports/v19/V19_MATRIX.md,DUPLICATE,identical_to_C16
V16C2,reports/v19/V19_ROBUSTNESS_REPORT.md,DUPLICATE,identical_to_C16
V16C2,reports/v19/V19_FULL_SYSTEM_VALIDATION.json,DUPLICATE,identical_to_C16
V16C2,reports/v19/V19_FINAL_SYSTEM_AUDIT.md,DUPLICATE,identical_to_C16
V16C2,reports/v19/V19_OOS_REPORT.md,DUPLICATE,identical_to_C16
V16C2,reports/v19/V19_PRICING_AUDIT.md,DUPLICATE,identical_to_C16
V16C2,reports/v19/V19_CALIBRATION_REPORT.md,DUPLICATE,identical_to_C16
V16C2,reports/v19/V19_REGRESSION_AUDIT.md,DUPLICATE,identical_to_C16
V16C2,reports/v19/V19_SECURITY_SCAN.json,DUPLICATE,identical_to_C16
V16C2,reports/v19/V19_BACKTEST_REPORT.md,DUPLICATE,identical_to_C16
V16C2,reports/v19/V19_BENCHMARK_REPORT.md,DUPLICATE,identical_to_C16
V16C2,reports/v8/V8_PAID_GAP_MATRIX.csv,DUPLICATE,identical_to_C16
V16C2,reports/v8/V8_LINEUP_REPORT.md,DUPLICATE,identical_to_C16
V16C2,reports/v8/V8_LOCAL_DATA_INVENTORY.csv,DUPLICATE,identical_to_C16
V16C2,reports/v8/V8_INJURY_REPORT.md,DUPLICATE,identical_to_C16
V16C2,reports/v8/V8_XG_REPORT.md,DUPLICATE,identical_to_C16
V16C2,reports/v8/V8_EVENT_REPORT.md,DUPLICATE,identical_to_C16
V16C2,reports/v8/V8_ACQUISITION_REPORT.md,DUPLICATE,identical_to_C16
V16C2,reports/v8/V8_PUBLIC_DATASET_DISCOVERY.csv,DUPLICATE,identical_to_C16
V16C2,reports/v8/V8_MASTER_STAFF_REPORT.md,DUPLICATE,identical_to_C16
V16C2,reports/v8/V8_EXECUTION_EVIDENCE.json,DUPLICATE,identical_to_C16
V16C2,reports/v8/V8_BEFORE_AFTER_MATRIX.csv,DUPLICATE,identical_to_C16
V16C2,reports/v8/V8_ODDS_REPORT.md,DUPLICATE,identical_to_C16
V16C2,reports/v8/V8_SUSPENSION_REPORT.md,DUPLICATE,identical_to_C16
V16C2,reports/v8/V8_ENRICHMENT_REPORT.md,DUPLICATE,identical_to_C16
V16C2,reports/v8/V8_PROVENANCE_REPORT.md,DUPLICATE,identical_to_C16
V16C2,reports/v8/V8_DATA_GAP_MATRIX.csv,DUPLICATE,identical_to_C16
V16C2,reports/v8/V8_PLAYER_REPORT.md,DUPLICATE,identical_to_C16
V16C2,reports/v8/V8_WEATHER_REPORT.md,DUPLICATE,identical_to_C16
V16C2,reports/v8/V8_SOURCE_COVERAGE.csv,DUPLICATE,identical_to_C16
V16C2,reports/v8/V8_LOCAL_MATERIALIZATION_SUMMARY.json,DUPLICATE,identical_to_C16
V16C2,reports/v8/V8_PIT_REPORT.md,DUPLICATE,identical_to_C16
V16C2,reports/intelligence/GLOBAL_INTELLIGENCE_EXECUTION_MANIFEST.json,DUPLICATE,identical_to_C16
V16C2,reports/intelligence/GLOBAL_INTELLIGENCE_EXECUTION_REPORT.md,DUPLICATE,identical_to_C16
V16C2,reports/v17/V17_RESEARCH_EXECUTION.json,DUPLICATE,identical_to_C16
V16C2,reports/v17/V17_FULL_SYSTEM_VALIDATION.json,DUPLICATE,identical_to_C16
V16C2,reports/master_staff/MASTER_STAFF_SCIENTIFIC_STATUS.md,DUPLICATE,identical_to_C16
V16C2,reports/master_staff/NEGATIVE_RESULTS.csv,DUPLICATE,identical_to_C16
V16C2,reports/master_staff/MASTER_STAFF_VALUE_PRICING_EXECUTION.json,DUPLICATE,identical_to_C16
V16C2,reports/master_staff/SCIENTIFIC_STATUS_FINAL.md,DUPLICATE,identical_to_C16
V16C2,reports/master_staff/MASTER_STAFF_VALIDATION.json,DUPLICATE,identical_to_C16
V16C2,reports/master_staff/EVIDENCE_STATE.json,DUPLICATE,identical_to_C16
V16C2,reports/master_staff/FINAL_DELIVERY_SUMMARY.md,DUPLICATE,identical_to_C16
V16C2,reports/master_staff/MASTER_STAFF_ROUND_ANALYSIS_REPORT.md,DUPLICATE,identical_to_C16
V16C2,reports/master_staff/MASTER_STAFF_FINAL_SUMMARY.json,DUPLICATE,identical_to_C16
V16C2,reports/master_staff/MASTER_STAFF_EXECUTION.md,DUPLICATE,identical_to_C16
V16C2,reports/master_staff/MASTER_STAFF_H2H_RIVALRY_REPORT.md,DUPLICATE,identical_to_C16
V16C2,reports/master_staff/MASTER_STAFF_VALUE_PRICING_REPORT.md,DUPLICATE,identical_to_C16
V16C2,reports/master_staff/MASTER_STAFF_MARKET_QUALITY_REPORT.md,DUPLICATE,identical_to_C16
V16C2,reports/master_staff/TEST_EXECUTION_FINAL.json,DUPLICATE,identical_to_C16
V16C2,reports/master_staff/GLOBAL_PREMATCH_INTELLIGENCE_V2_TEST_REPORT.md,DUPLICATE,identical_to_C16
V16C2,reports/master_staff/MASTER_STAFF_CONTEXT_INTELLIGENCE.md,DUPLICATE,identical_to_C16
V16C2,reports/master_staff/LOCAL_ACQUISITION_SNAPSHOT_HASH_AUDIT.txt,DUPLICATE,identical_to_C16
V16C2,reports/master_staff/MASTER_STAFF_PLAYER_IMPACT_REPORT.md,DUPLICATE,identical_to_C16
V16C2,reports/master_staff/MASTER_STAFF_FINAL_REPORT.md,DUPLICATE,identical_to_C16
V16C2,reports/free_enrichment_v5/LINEUP_COVERAGE_REPORT.md,DUPLICATE,identical_to_C16
V16C2,reports/free_enrichment_v5/TEMPORAL_DATA_QUALITY_REPORT.md,DUPLICATE,identical_to_C16
V16C2,reports/free_enrichment_v5/NETWORK_PROBE.json,DISCARDED,conflict_resolved_in_favor_of_C18
V16C2,reports/free_enrichment_v5/SNAPSHOT_INTEGRITY_V5.txt,DUPLICATE,identical_to_C16
V16C2,reports/free_enrichment_v5/SOFASCORE_ASSESSMENT.md,DUPLICATE,identical_to_C16
V16C2,reports/free_enrichment_v5/FREE_DATA_COVERAGE_REPORT.md,DUPLICATE,identical_to_C16
V16C2,reports/free_enrichment_v5/PAID_DATA_GAP_REPORT.md,DUPLICATE,identical_to_C16
V16C2,reports/free_enrichment_v5/INJURY_COVERAGE_REPORT.md,DUPLICATE,identical_to_C16
V16C2,reports/free_enrichment_v5/ODDS_COVERAGE_REPORT.md,DUPLICATE,identical_to_C16
V16C2,reports/free_enrichment_v5/EVENT_COVERAGE_REPORT.md,DUPLICATE,identical_to_C16
V16C2,reports/free_enrichment_v5/PLAYER_COVERAGE_REPORT.md,DUPLICATE,identical_to_C16
V16C2,reports/free_enrichment_v5/SECURITY_SCAN_V5.txt,DUPLICATE,identical_to_C16
V16C2,reports/free_enrichment_v5/PIT_COVERAGE_REPORT.md,DUPLICATE,identical_to_C16
V16C2,reports/free_enrichment_v5/GLOBAL_ENRICHMENT_STATUS_V5.json,DISCARDED,conflict_resolved_in_favor_of_C18
V16C2,reports/free_enrichment_v5/XG_COVERAGE_REPORT.md,DUPLICATE,identical_to_C16
V16C2,reports/free_enrichment_v5/SUSPENSION_COVERAGE_REPORT.md,DUPLICATE,identical_to_C16
V16C2,reports/free_enrichment_v5/GLOBAL_DATA_COVERAGE_REPORT.md,DUPLICATE,identical_to_C16
V16C2,reports/context_intelligence/CONTEXT_INTELLIGENCE_REPORT.md,DUPLICATE,identical_to_C16
V16C2,reports/context_intelligence/INJURY_RETURN_REPORT.md,DUPLICATE,identical_to_C16
V16C2,reports/context_intelligence/PLAYER_IMPACT_REPORT.md,DUPLICATE,identical_to_C16
V16C2,reports/context_intelligence/COMPETITIVE_MOTIVATION_REPORT.md,DUPLICATE,identical_to_C16
V16C2,reports/context_intelligence/PATTERN_DISCOVERY_NEGATIVE_RESULTS.md,DUPLICATE,identical_to_C16
V16C2,reports/context_intelligence/PATTERN_DISCOVERY_WALK_FORWARD.md,DUPLICATE,identical_to_C16
V16C2,reports/context_intelligence/PATTERN_DISCOVERY_MULTIPLE_TESTING.md,DUPLICATE,identical_to_C16
V16C2,reports/context_intelligence/PATTERN_DISCOVERY_OOS.md,DUPLICATE,identical_to_C16
V16C2,reports/context_intelligence/FINAL_VALIDATION.json,DUPLICATE,identical_to_C16
V16C2,reports/context_intelligence/PATTERN_DISCOVERY_GLOBAL_REPORT.md,DUPLICATE,identical_to_C16
V16C2,reports/cycle2/CYCLE2_PRICING_OVER25.csv,DUPLICATE,identical_to_C16
V16C2,reports/cycle2/CYCLE2_EXPERIMENT_REGISTRY.jsonl,DUPLICATE,identical_to_C16
V16C2,reports/cycle2/CYCLE2_PRICING_HOME.csv,DUPLICATE,identical_to_C16
V16C2,reports/cycle2/CYCLE2_FEATURE_COMPARISON_COMMON_SAMPLE.csv,DUPLICATE,identical_to_C16
V16C2,reports/cycle2/CYCLE2_SIZING_SIMULATION.csv,DUPLICATE,identical_to_C16
V16C2,reports/cycle2/CYCLE2_RESEARCH_FEATURES.csv,DUPLICATE,identical_to_C16
V16C2,reports/cycle2/CYCLE2_ABLATION_SUMMARY.csv,DUPLICATE,identical_to_C16
V16C2,reports/cycle2/CYCLE2_MARKET_DIVERGENCE_SUMMARY.csv,DUPLICATE,identical_to_C16
V16C2,reports/cycle2/CYCLE2_ODDS_BUCKETS.csv,DUPLICATE,identical_to_C16
V16C2,reports/cycle2/CYCLE2_MARKET_DIVERGENCE.csv,DUPLICATE,identical_to_C16
V16C2,reports/cycle2/CYCLE2_MODEL_RESULTS.csv,DUPLICATE,identical_to_C16
V16C2,reports/cycle2/CYCLE2_MARKET_ONLY_RESULTS.csv,DUPLICATE,identical_to_C16
V16C2,reports/cycle2/CYCLE2_MODEL_SUMMARY.csv,DUPLICATE,identical_to_C16
V16C2,reports/cycle2/market_only_pricing_oos.csv,DUPLICATE,identical_to_C16
V16C2,reports/cycle2/CYCLE2_EXECUTIVE_REPORT.md,DUPLICATE,identical_to_C16
V16C2,reports/cycle2/CYCLE2_ABLATION_RESULTS.csv,DUPLICATE,identical_to_C16
V16C2,reports/cycle2/CYCLE2_MARKET_ONLY_COMMON_SAMPLE.csv,DUPLICATE,identical_to_C16
V16C2,reports/cycle2/CYCLE2_BASELINE_CANDIDATE_COMPARISON.csv,DUPLICATE,identical_to_C16
V16C2,reports/cycle2/robo_logistic_full_pricing_oos.csv,DUPLICATE,identical_to_C16
V16C2,reports/expansion/BLOCKED_SOURCES.md,DUPLICATE,identical_to_C16
V16C2,reports/expansion/FINAL_EXPANSION_AUDIT.md,DUPLICATE,identical_to_C16
V16C2,reports/expansion/DATA_ACQUISITION_REPORT.md,DUPLICATE,identical_to_C16
V16C2,reports/expansion/MATERIALIZED_SOURCES.md,DUPLICATE,identical_to_C16
V16C2,reports/expansion/GLOBAL_COMPETITION_PLAN.md,DUPLICATE,identical_to_C16
V16C2,reports/expansion/EXPANSION_EXECUTION.json,DUPLICATE,identical_to_C16
V16C2,reports/expansion/BEFORE_VS_AFTER.md,DUPLICATE,identical_to_C16
V16C2,reports/v18/V18_RESEARCH_EXECUTION.json,DUPLICATE,identical_to_C16
V16C2,reports/v18/V18_FULL_SYSTEM_VALIDATION.json,DUPLICATE,identical_to_C16
V16C2,reports/real_data_pilot/DATA_QUALITY.json,DUPLICATE,identical_to_C16
V16C2,reports/real_data_pilot/MARKET_ONLY_1X2.json,DUPLICATE,identical_to_C16
V16C2,reports/real_data_pilot/DATASET_MANIFEST.json,DUPLICATE,identical_to_C16
V16C2,reports/rounds/2026-08-20/ROUND_2026-08-20_MATCH_REGISTRY.csv,DUPLICATE,identical_to_C16
V16C2,reports/rounds/2026-08-20/ROUND_2026-08-20_INTERNAL_MODEL_COVERAGE.csv,DUPLICATE,identical_to_C16
V16C2,reports/rounds/2026-08-20/ROUND_2026-08-20_MARKET_REFERENCES.csv,DUPLICATE,identical_to_C16
V16C2,reports/rounds/2026-08-20/ROUND_2026-08-20_MASTER_STAFF_REPORT.md,DUPLICATE,identical_to_C16
V16C2,reports/rounds/2026-08-20/ROUND_2026-08-20_FINAL_REPORT.md,DUPLICATE,identical_to_C16
V16C2,reports/rounds/2026-08-20/ROUND_2026-08-20_ACQUISITION_MANIFEST.csv,DUPLICATE,identical_to_C16
V16C2,reports/rounds/2026-08-20/ROUND_2026-08-20_MASTER_STAFF_SUMMARY.json,DUPLICATE,identical_to_C16
V16C2,reports/rounds/2026-08-20/ROUND_2026-08-20_SUMMARY.json,DUPLICATE,identical_to_C16
V16C2,reports/v18/execution/pytest.txt,DUPLICATE,identical_to_C16
V16C2,reports/v18/execution/frontend_npm_test.txt,DUPLICATE,identical_to_C16
V16C2,reports/v18/execution/v17_research.txt,DUPLICATE,identical_to_C16
V16C2,reports/v18/execution/frontend_build.exit,DUPLICATE,identical_to_C16
V16C2,reports/v18/execution/api_routes.txt,DUPLICATE,identical_to_C16
V16C2,reports/v18/execution/v17_full_validation.txt,DUPLICATE,identical_to_C16
V16C2,reports/v18/execution/frontend_build.txt,DUPLICATE,identical_to_C16
V16C2,reports/v18/execution/v18_research.txt,DUPLICATE,identical_to_C16
V16C2,reports/v18/execution/self_test.txt,DUPLICATE,identical_to_C16
V16C2,reports/v18/execution/environment.txt,DUPLICATE,identical_to_C16
V16C2,reports/v18/execution/v17_acquisition.txt,DUPLICATE,identical_to_C16
V16C2,reports/v18/execution/compileall.txt,DUPLICATE,identical_to_C16
V16C2,reports/v18/execution/v18_acquisition.txt,DUPLICATE,identical_to_C16
V16C2,reports/v18/execution/v18_full_validation.txt,DUPLICATE,identical_to_C16
V16C2,reports/phase3/global/SOURCE_DISCOVERY_MATRIX.csv,DUPLICATE,identical_to_C16
V16C2,tests/v24/test_v24.py,DUPLICATE,identical_to_C16
V16C2,tests/round_scan/test_round_20260820.py,DUPLICATE,identical_to_C16
V16C2,tests/conmebol/test_pipeline.py,DUPLICATE,identical_to_C16
V16C2,tests/v5/test_v5_integrity.py,DUPLICATE,identical_to_C16
V16C2,tests/v21/test_notifications.py,DUPLICATE,identical_to_C16
V16C2,tests/v21/test_controls.py,DUPLICATE,identical_to_C16
V16C2,tests/v21/test_api.py,DUPLICATE,identical_to_C16
V16C2,tests/v21/test_live_monitor.py,DUPLICATE,identical_to_C16
V16C2,tests/v21/test_service.py,DUPLICATE,identical_to_C16
V16C2,tests/v21/test_ledger.py,DUPLICATE,identical_to_C16
V16C2,tests/v21/test_quality_controls.py,DUPLICATE,identical_to_C16
V16C2,tests/v21/test_realtime.py,DUPLICATE,identical_to_C16
V16C2,tests/v16/test_decision_replay.py,DUPLICATE,identical_to_C16
V16C2,tests/v16/test_scientific_gates.py,DUPLICATE,identical_to_C16
V16C2,tests/free_enrichment_v4/test_state_machine.py,DUPLICATE,identical_to_C16
V16C2,tests/v22/test_v22.py,DUPLICATE,identical_to_C16
V16C2,tests/v25/test_v25.py,DUPLICATE,identical_to_C16
V16C2,tests/v25/test_card_market_integration.py,DUPLICATE,identical_to_C16
V16C2,tests/v25/test_cards.py,DUPLICATE,identical_to_C16
V16C2,tests/v25/test_market_math.py,DUPLICATE,identical_to_C16
V16C2,tests/v25/test_card_provider.py,DUPLICATE,identical_to_C16
V16C2,tests/master_staff/test_post_match_coverage.py,DUPLICATE,identical_to_C16
V16C2,tests/master_staff/test_master_staff.py,DUPLICATE,identical_to_C16
V16C2,tests/master_staff/test_source_conflict_temporal.py,DUPLICATE,identical_to_C16
V16C2,tests/master_staff/test_value_pricing_quality.py,DUPLICATE,identical_to_C16
V16C2,tests/master_staff/test_master_staff_specialist.py,DUPLICATE,identical_to_C16
V16C2,tests/master_staff/test_context_temporal.py,DUPLICATE,identical_to_C16
V16C2,tests/master_staff/test_context_transfer.py,DUPLICATE,identical_to_C16
V16C2,tests/master_staff/test_round_analyzer.py,DUPLICATE,identical_to_C16
V16C2,tests/research/test_cycle2.py,DUPLICATE,identical_to_C16
V16C2,tests/expansion/test_global_expansion.py,DUPLICATE,identical_to_C16
V16C2,tests/v23/test_v23.py,DUPLICATE,identical_to_C16
V16C3,SNAPSHOT_HASHES_V6_AFTER.json,DUPLICATE,identical_to_C16
V16C3,V19_SCORELINE_REPORT.md,DUPLICATE,identical_to_C16
V16C3,CONTEXT_INTELLIGENCE_REPORT.md,DUPLICATE,identical_to_C16
V16C3,FREE_GLOBAL_ENRICHMENT_MASTER_V3_FINAL_REPORT.md,DUPLICATE,identical_to_C16
V16C3,V25_PAPER_SHADOW_REPORT.md,DUPLICATE,identical_to_C16
V16C3,DATA_QUALITY_REPORT.md,DUPLICATE,identical_to_C16
V16C3,V8_PAID_GAP_MATRIX.csv,DUPLICATE,identical_to_C16
V16C3,GLOBAL_ENRICHMENT_STATUS.json,DUPLICATE,identical_to_C16
V16C3,V22_PAPER_TRADING_REPORT.md,DUPLICATE,identical_to_C16
V16C3,V24_FRONTEND_AUDIT.md,DUPLICATE,identical_to_C16
V16C3,V15_SHA256.txt,DUPLICATE,identical_to_C16
V16C3,V17_CALIBRATION_REPORT.md,DUPLICATE,identical_to_C16
V16C3,DATA_GAP_MATRIX.csv,DUPLICATE,identical_to_C16
V16C3,FINAL_INFRASTRUCTURE_REPORT.md,DUPLICATE,identical_to_C16
V16C3,V18_ROBUSTNESS_REPORT.md,DUPLICATE,identical_to_C16
V16C3,V22_OBSERVABILITY_AUDIT.md,DUPLICATE,identical_to_C16
V16C3,V21_DATA_QUALITY_REPORT.md,DUPLICATE,identical_to_C16
V16C3,V6_IMPLEMENTATION_NOTES.md,DUPLICATE,identical_to_C16
V16C3,V17_MATRIX.md,DUPLICATE,identical_to_C16
V16C3,V8_LINEUP_REPORT.md,DUPLICATE,identical_to_C16
V16C3,V16_SHA256.txt,DUPLICATE,identical_to_C16
V16C3,V25_FRONTEND_AUDIT.md,DUPLICATE,identical_to_C16
V16C3,GLOBAL_ACQUISITION_REPORT_V6.md,DUPLICATE,identical_to_C16
V16C3,V19_DATA_ACQUISITION_REPORT.md,DUPLICATE,identical_to_C16
V16C3,V16_EXPERIMENTS_REPORT.md,DUPLICATE,identical_to_C16
V16C3,LINEUP_COVERAGE_REPORT.md,DUPLICATE,identical_to_C16
V16C3,V25_ARCHITECTURE_AUDIT.md,DUPLICATE,identical_to_C16
V16C3,V22_ARCHITECTURE_AUDIT.md,DUPLICATE,identical_to_C16
V16C3,FINAL_REGRESSION_AUDIT.md,DUPLICATE,identical_to_C16
V16C3,V18_BENCHMARK_REPORT.md,DUPLICATE,identical_to_C16
V16C3,DATASET_FINAL_COUNTS.json,DUPLICATE,identical_to_C16
V16C3,DATA_ENRICHMENT_FINAL_REPORT.md,DUPLICATE,identical_to_C16
V16C3,V19_EXPERIMENTS_REPORT.md,DUPLICATE,identical_to_C16
V16C3,V23_SECURITY_AUDIT.md,DUPLICATE,identical_to_C16
V16C3,FREE_DATA_COVERAGE_MATRIX_V4.csv,DUPLICATE,identical_to_C16
V16C3,V19_MARKET_DISLOCATION_REPORT.md,DUPLICATE,identical_to_C16
V16C3,FINAL_DATABASE_AUDIT.md,DUPLICATE,identical_to_C16
V16C3,V20_CLASSIFICATION.md,DUPLICATE,identical_to_C16
V16C3,V16_OOS_REPORT.md,DUPLICATE,identical_to_C16
V16C3,PLAYER_COVERAGE_REPORT_V6.md,DUPLICATE,identical_to_C16
V16C3,ACQUISITION_MANIFEST_FINAL.json,DUPLICATE,identical_to_C16
V16C3,RUN_FREE_ACQUISITION.sh,DUPLICATE,identical_to_C16
V16C3,INJURY_RETURN_REPORT.md,DUPLICATE,identical_to_C16
V16C3,SCIENTIFIC_STATUS_FINAL.md,DUPLICATE,identical_to_C16
V16C3,V22_E2E_REPORT.md,DUPLICATE,identical_to_C16
V16C3,CARD_MARKET_REPORT.md,DUPLICATE,identical_to_C16
V16C3,TEMPORAL_DATA_QUALITY_REPORT.md,DUPLICATE,identical_to_C16
V16C3,FREE_SOURCE_COVERAGE_MATRIX.csv,DUPLICATE,identical_to_C16
V16C3,V22_SHADOW_TRADING_REPORT.md,DUPLICATE,identical_to_C16
V16C3,V8_LOCAL_DATA_INVENTORY.csv,DUPLICATE,identical_to_C16
V16C3,V16_REGRESSION_AUDIT.md,DUPLICATE,identical_to_C16
V16C3,FREE_DATA_ENRICHMENT_FINAL_REPORT.md,DUPLICATE,identical_to_C16
V16C3,V25_SECURITY_AUDIT.md,DUPLICATE,identical_to_C16
V16C3,FINAL_DATA_AUDIT.md,DUPLICATE,identical_to_C16
V16C3,V23_REGRESSION_AUDIT.md,DUPLICATE,identical_to_C16
V16C3,prometheus.yml,DUPLICATE,identical_to_C16
V16C3,V23_FINAL_REPORT.md,DUPLICATE,identical_to_C16
V16C3,V8_INJURY_REPORT.md,DUPLICATE,identical_to_C16
V16C3,V23_QUANT_AUDIT.md,DUPLICATE,identical_to_C16
V16C3,SOURCE_COVERAGE_MATRIX_V6.csv,DUPLICATE,identical_to_C16
V16C3,V24_REAL_FEED_REPORT.md,DUPLICATE,identical_to_C16
V16C3,V18_CALIBRATION_REPORT.md,DUPLICATE,identical_to_C16
V16C3,LINEUP_COVERAGE_REPORT_V6.md,DUPLICATE,identical_to_C16
V16C3,V23_DATASET_REPORT.md,DUPLICATE,identical_to_C16
V16C3,SOFASCORE_ASSESSMENT.md,DUPLICATE,identical_to_C16
V16C3,V17_FINAL_SYSTEM_AUDIT.md,DUPLICATE,identical_to_C16
V16C3,V16_BENCHMARK_REPORT.md,DUPLICATE,identical_to_C16
V16C3,FINAL_ARCHITECTURE_AUDIT.md,DUPLICATE,identical_to_C16
V16C3,V25_LIVE_AUDIT.md,DUPLICATE,identical_to_C16
V16C3,CONMEBOL_NEGATIVE_RESULTS.csv,DUPLICATE,identical_to_C16
V16C3,CONMEBOL_MULTIPLE_TESTING.csv,DUPLICATE,identical_to_C16
V16C3,V22_DATA_AUDIT.md,DUPLICATE,identical_to_C16
V16C3,FINAL_MASTER_REPORT.md,DUPLICATE,identical_to_C16
V16C3,V17_DATA_ACQUISITION_REPORT.md,DUPLICATE,identical_to_C16
V16C3,FINAL_FILE_HASHES.csv,DUPLICATE,identical_to_C16
V16C3,V19_FINAL_REPORT.md,DUPLICATE,identical_to_C16
V16C3,V19_MATRIX.md,DUPLICATE,identical_to_C16
V16C3,V19_ROBUSTNESS_REPORT.md,DUPLICATE,identical_to_C16
V16C3,V25_FINAL_REPORT.md,DUPLICATE,identical_to_C16
V16C3,RUN_FREE_GLOBAL_ENRICHMENT_V4.sh,DUPLICATE,identical_to_C16
V16C3,V16_CALIBRATION_REPORT.md,DUPLICATE,identical_to_C16
V16C3,PATTERN_DISCOVERY_NEXT_HYPOTHESES.csv,DUPLICATE,identical_to_C16
V16C3,V18_PIT_AUDIT.md,DUPLICATE,identical_to_C16
V16C3,V25_PRODUCTION_READINESS.md,DUPLICATE,identical_to_C16
V16C3,V14.2_SOURCE_COMPARISON.md,DUPLICATE,identical_to_C16
V16C3,V17_OOS_REPORT.md,DUPLICATE,identical_to_C16
V16C3,FINAL_DELIVERY_SUMMARY.md,DUPLICATE,identical_to_C16
V16C3,V23_DATA_AUDIT.md,DUPLICATE,identical_to_C16
V16C3,XG_COVERAGE_REPORT_V6.md,DUPLICATE,identical_to_C16
V16C3,V25_REGRESSION_AUDIT.md,DUPLICATE,identical_to_C16
V16C3,V22_DATABASE_AUDIT.md,DUPLICATE,identical_to_C16
V16C3,V23_DATABASE_AUDIT.md,DUPLICATE,identical_to_C16
V16C3,ACQUISITION_MANIFEST_V5.json,DUPLICATE,identical_to_C16
V16C3,FINAL_AUDIT_MATRIX.md,DUPLICATE,identical_to_C16
V16C3,V14_AUDIT_CONFIRMATION.md,DUPLICATE,identical_to_C16
V16C3,FINAL_MASTER_AUDIT.md,DUPLICATE,identical_to_C16
V16C3,MARKET_RESEARCH_REPORT.md,DUPLICATE,identical_to_C16
V16C3,V17_DATA_QUALITY_REPORT.md,DUPLICATE,identical_to_C16
V16C3,LOCAL_DATA_REDISCOVERY_REPORT_V7.md,DUPLICATE,identical_to_C16
V16C3,V25_SHA256.txt,DUPLICATE,identical_to_C16
V16C3,V22_FINAL_REPORT.md,DUPLICATE,identical_to_C16
V16C3,FINAL_QUANT_AUDIT.md,DUPLICATE,identical_to_C16
V16C3,V7_DATA_GAP_MATRIX.csv,DUPLICATE,identical_to_C16
V16C3,V7_BEFORE_AFTER_MATRIX.csv,DUPLICATE,identical_to_C16
V16C3,V8_XG_REPORT.md,DUPLICATE,identical_to_C16
V16C3,V23_REAL_DATA_REPORT.md,DUPLICATE,identical_to_C16
V16C3,V23_PAPER_SHADOW_REPORT.md,DUPLICATE,identical_to_C16
V16C3,.env.example,DUPLICATE,identical_to_C16
V16C3,V8_EVENT_REPORT.md,DUPLICATE,identical_to_C16
V16C3,V14_DATA_SOURCES.md,DUPLICATE,identical_to_C16
V16C3,V17_BENCHMARK_REPORT.md,DUPLICATE,identical_to_C16
V16C3,V16_BACKTEST_REPORT.md,DUPLICATE,identical_to_C16
V16C3,PATTERN_DISCOVERY_STATISTICAL_RESULTS.json,DUPLICATE,identical_to_C16
V16C3,EVENT_COVERAGE_REPORT_V6.md,DUPLICATE,identical_to_C16
V16C3,V22_DATASET_REPORT.md,DUPLICATE,identical_to_C16
V16C3,SUSPENSION_COVERAGE_REPORT_V6.md,DUPLICATE,identical_to_C16
V16C3,PATTERN_DISCOVERY_FEATURE_IMPORTANCE.csv,DUPLICATE,identical_to_C16
V16C3,FINAL_E2E_REPORT.md,DUPLICATE,identical_to_C16
V16C3,V6_TEST_REPORT.md,DUPLICATE,identical_to_C16
V16C3,PLAYER_IMPACT_REPORT.md,DUPLICATE,identical_to_C16
V16C3,V22_REDIS_AUDIT.md,DUPLICATE,identical_to_C16
V16C3,PAID_DATA_GAP_REPORT.md,DUPLICATE,identical_to_C16
V16C3,V17_PIT_AUDIT.md,DUPLICATE,identical_to_C16
V16C3,COMPETITIVE_MOTIVATION_REPORT.md,DUPLICATE,identical_to_C16
V16C3,V25_PRE_IMPLEMENTATION_AUDIT.md,DUPLICATE,identical_to_C16
V16C3,PAID_PROVIDER_COST_MATRIX.csv,DUPLICATE,identical_to_C16
V16C3,INJURY_COVERAGE_REPORT.md,DUPLICATE,identical_to_C16
V16C3,V19_DATA_QUALITY_REPORT.md,DUPLICATE,identical_to_C16
V16C3,V24_OBSERVABILITY_AUDIT.md,DUPLICATE,identical_to_C16
V16C3,V23_LIVE_AUDIT.md,DUPLICATE,identical_to_C16
V16C3,V22_FRONTEND_AUDIT.md,DUPLICATE,identical_to_C16
V16C3,V23_OBSERVABILITY_AUDIT.md,DUPLICATE,identical_to_C16
V16C3,V25_QUANT_AUDIT.md,DUPLICATE,identical_to_C16
V16C3,README_FREE_DATA_ENRICHMENT.md,DUPLICATE,identical_to_C16
V16C3,V24_REDIS_AUDIT.md,DUPLICATE,identical_to_C16
V16C3,V23_ARCHITECTURE_AUDIT.md,DUPLICATE,identical_to_C16
V16C3,PATTERN_DISCOVERY_NEGATIVE_RESULTS.md,DUPLICATE,identical_to_C16
V16C3,PATTERN_DISCOVERY_AUDIT.md,DUPLICATE,identical_to_C16
V16C3,SOFASCORE_ASSESSMENT_V6.md,DUPLICATE,identical_to_C16
V16C3,MARKET_COMPARISON_REPORT.md,DUPLICATE,identical_to_C16
V16C3,V16_DATA_QUALITY_REPORT.md,DUPLICATE,identical_to_C16
V16C3,V8_FINAL_COUNTS.json,DUPLICATE,identical_to_C16
V16C3,ODDS_COVERAGE_REPORT.md,DUPLICATE,identical_to_C16
V16C3,V18_EXPERIMENTS_REPORT.md,DUPLICATE,identical_to_C16
V16C3,V14.2_DATA_ACQUISITION.md,DUPLICATE,identical_to_C16
V16C3,SOURCE_ARTIFACT_MANIFEST_V6.csv,DUPLICATE,identical_to_C16
V16C3,V19_FINAL_SYSTEM_AUDIT.md,DUPLICATE,identical_to_C16
V16C3,EVENT_COVERAGE_REPORT.md,DUPLICATE,identical_to_C16
V16C3,V8_ACQUISITION_REPORT.md,DUPLICATE,identical_to_C16
V16C3,V25_MARKET_ENGINE_AUDIT.md,DUPLICATE,identical_to_C16
V16C3,V23_AI_AUDIT.md,DUPLICATE,identical_to_C16
V16C3,FREE_SOURCE_COVERAGE_MATRIX_V3.csv,DUPLICATE,identical_to_C16
V16C3,HOLDOUT_REPORT.md,DUPLICATE,identical_to_C16
V16C3,V24_REGRESSION_AUDIT.md,DUPLICATE,identical_to_C16
V16C3,PLAYER_COVERAGE_REPORT.md,DUPLICATE,identical_to_C16
V16C3,V19_OOS_REPORT.md,DUPLICATE,identical_to_C16
V16C3,FINAL_FRONTEND_AUDIT.md,DUPLICATE,identical_to_C16
V16C3,V19_PRICING_AUDIT.md,DUPLICATE,identical_to_C16
V16C3,V24_DATABASE_AUDIT.md,DUPLICATE,identical_to_C16
V16C3,CONMEBOL_PATTERN_RESULTS.csv,DUPLICATE,identical_to_C16
V16C3,WALK_FORWARD_REPORT.md,DUPLICATE,identical_to_C16
V16C3,PATTERN_DISCOVERY_WALK_FORWARD.md,DUPLICATE,identical_to_C16
V16C3,PIT_COVERAGE_REPORT.md,DUPLICATE,identical_to_C16
V16C3,FINAL_SCIENTIFIC_STATUS.md,DUPLICATE,identical_to_C16
V16C3,GLOBAL_FREE_DATA_DISCOVERY_REPORT.md,DUPLICATE,identical_to_C16
V16C3,LICENSE,DUPLICATE,identical_to_C16
V16C3,V21_DASHBOARD_REPORT.md,DUPLICATE,identical_to_C16
V16C3,ENTITY_RESOLUTION_REPORT_V6.md,DUPLICATE,identical_to_C16
V16C3,V21_REALTIME_REPORT.md,DUPLICATE,identical_to_C16
V16C3,README.md,DUPLICATE,identical_to_C16
V16C3,EMPIRICAL_RESEARCH_REPORT.md,DUPLICATE,identical_to_C16
V16C3,V8_PUBLIC_DATASET_DISCOVERY.csv,DUPLICATE,identical_to_C16
V16C3,PATTERN_DISCOVERY_MULTIPLE_TESTING.md,DUPLICATE,identical_to_C16
V16C3,V25_REDIS_AUDIT.md,DUPLICATE,identical_to_C16
V16C3,V21_LIVE_ENGINE_REPORT.md,DUPLICATE,identical_to_C16
V16C3,V20_DATA_ACQUISITION_REPORT.md,DUPLICATE,identical_to_C16
V16C3,V22_SHA256.txt,DUPLICATE,identical_to_C16
V16C3,V15_REGRESSION_AUDIT.md,DUPLICATE,identical_to_C16
V16C3,GLOBAL_DATA_COVERAGE_REPORT_V6.md,DUPLICATE,identical_to_C16
V16C3,V24_DATASET_REPORT.md,DUPLICATE,identical_to_C16
V16C3,FINAL_REDIS_AUDIT.md,DUPLICATE,identical_to_C16
V16C3,V14.2_FINAL_REPORT.md,DUPLICATE,identical_to_C16
V16C3,V15_QUANTITATIVE_CONTROLS.md,DUPLICATE,identical_to_C16
V16C3,FEEDBACK_REVIEW.md,DUPLICATE,identical_to_C16
V16C3,V19_CALIBRATION_REPORT.md,DUPLICATE,identical_to_C16
V16C3,V18_CLV_REPORT.md,DUPLICATE,identical_to_C16
V16C3,PATTERN_DISCOVERY_SEGMENTS.csv,DUPLICATE,identical_to_C16
V16C3,pytest.ini,DUPLICATE,identical_to_C16
V16C3,V21_PAPER_TRADING_REPORT.md,DUPLICATE,identical_to_C16
V16C3,V25_DATABASE_AUDIT.md,DUPLICATE,identical_to_C16
V16C3,V7_MASTER_STAFF_REPORT.md,DUPLICATE,identical_to_C16
V16C3,CONMEBOL_HYPOTHESES.csv,DUPLICATE,identical_to_C16
V16C3,V24_FINAL_REPORT.md,DUPLICATE,identical_to_C16
V16C3,V17_SECURITY_AUDIT.md,DUPLICATE,identical_to_C16
V16C3,V17_SHA256.txt,DUPLICATE,identical_to_C16
V16C3,INJURY_COVERAGE_REPORT_V6.md,DUPLICATE,identical_to_C16
V16C3,V17_DATA_SNOOPING_AUDIT.md,DUPLICATE,identical_to_C16
V16C3,V22_REALTIME_REPORT.md,DUPLICATE,identical_to_C16
V16C3,V17_BACKTEST_REPORT.md,DUPLICATE,identical_to_C16
V16C3,FINAL_DATASET_REPORT.md,DUPLICATE,identical_to_C16
V16C3,V25_BACKEND_AUDIT.md,DUPLICATE,identical_to_C16
V16C3,DATA_ACQUISITION_REPORT.md,DUPLICATE,identical_to_C16
V16C3,V25_AI_AUDIT.md,DUPLICATE,identical_to_C16
V16C3,FINAL_BACKEND_AUDIT.md,DUPLICATE,identical_to_C16
V16C3,V18_BACKTEST_REPORT.md,DUPLICATE,identical_to_C16
V16C3,FINAL_OBSERVABILITY_AUDIT.md,DUPLICATE,identical_to_C16
V16C3,V25_REAL_DATA_REPORT.md,DUPLICATE,identical_to_C16
V16C3,V16_FINAL_REPORT.md,DUPLICATE,identical_to_C16
V16C3,EXACT_PIT_REPORT_V6.md,DUPLICATE,identical_to_C16
V16C3,DATA_COVERAGE_SCORE_V6.md,DUPLICATE,identical_to_C16
V16C3,V24_AI_AUDIT.md,DUPLICATE,identical_to_C16
V16C3,V23_FRONTEND_AUDIT.md,DUPLICATE,identical_to_C16
V16C3,GLOBAL_DATASET_V6_FINAL_REPORT.md,DUPLICATE,identical_to_C16
V16C3,V8_MASTER_STAFF_REPORT.md,DUPLICATE,identical_to_C16
V16C3,API_READINESS_MATRIX_V3.csv,DUPLICATE,identical_to_C16
V16C3,FINAL_SECURITY_AUDIT.md,DUPLICATE,identical_to_C16
V16C3,FINAL_REGRESSION_REPORT.md,DUPLICATE,identical_to_C16
V16C3,V8_EXECUTION_EVIDENCE.json,DUPLICATE,identical_to_C16
V16C3,CONTEXT_TRANSFER_README.md,DUPLICATE,identical_to_C16
V16C3,PATTERN_DISCOVERY_NEGATIVE_RESULTS.csv,DUPLICATE,identical_to_C16
V16C3,V21_QUANTITATIVE_AUDIT.md,DUPLICATE,identical_to_C16
V16C3,V24_PRODUCTION_READINESS.md,DUPLICATE,identical_to_C16
V16C3,.gitignore,DUPLICATE,identical_to_C16
V16C3,V7_EXECUTION_EVIDENCE.json,DUPLICATE,identical_to_C16
V16C3,LOCAL_DATA_ACQUISITION_FINAL_REPORT.md,DUPLICATE,identical_to_C16
V16C3,V22_AI_AUDIT.md,DUPLICATE,identical_to_C16
V16C3,CONMEBOL_DATASET_COVERAGE.csv,DUPLICATE,identical_to_C16
V16C3,docker-compose.yml,DUPLICATE,identical_to_C16
V16C3,CARD_MARKET_AUDIT.md,DUPLICATE,identical_to_C16
V16C3,MARKET_RESEARCH_REPORT.md.tmp,DUPLICATE,identical_to_C16
V16C3,V21_LEDGER_REPORT.md,DUPLICATE,identical_to_C16
V16C3,V8_BEFORE_AFTER_MATRIX.csv,DUPLICATE,identical_to_C16
V16C3,V14_FINAL_REPORT.md,DUPLICATE,identical_to_C16
V16C3,V24_PAPER_SHADOW_REPORT.md,DUPLICATE,identical_to_C16
V16C3,V7_PIT_REPORT.md,DUPLICATE,identical_to_C16
V16C3,FINAL_PRODUCTION_READINESS.md,DUPLICATE,identical_to_C16
V16C3,ODDS_PIT_REPORT_V6.md,DUPLICATE,identical_to_C16
V16C3,V19_REGRESSION_AUDIT.md,DUPLICATE,identical_to_C16
V16C3,V25_OBSERVABILITY_AUDIT.md,DUPLICATE,identical_to_C16
V16C3,AVAILABILITY_COVERAGE_REPORT.md,DUPLICATE,identical_to_C16
V16C3,V18_DATA_QUALITY_REPORT.md,DUPLICATE,identical_to_C16
V16C3,V17_FINAL_REPORT.md,DUPLICATE,identical_to_C16
V16C3,FREE_DATA_REPORT_V6.md,DUPLICATE,identical_to_C16
V16C3,V4_FINAL_VERDICT.md,DUPLICATE,identical_to_C16
V16C3,V24_E2E_REPORT.md,DUPLICATE,identical_to_C16
V16C3,OOS_HOLDOUT_REPORT.md,DUPLICATE,identical_to_C16
V16C3,V18_REGRESSION_AUDIT.md,DUPLICATE,identical_to_C16
V16C3,PREMATCH_DATA_READINESS_REPORT.md,DUPLICATE,identical_to_C16
V16C3,V22_REGRESSION_AUDIT.md,DUPLICATE,identical_to_C16
V16C3,V24_QUANT_AUDIT.md,DUPLICATE,identical_to_C16
V16C3,V25_DATASET_REPORT.md,DUPLICATE,identical_to_C16
V16C3,V6_ACQUISITION_METRICS.json,DUPLICATE,identical_to_C16
V16C3,V19_SYSTEM_AUDIT.md,DUPLICATE,identical_to_C16
V16C3,V19_PRE_IMPLEMENTATION_AUDIT.md,DUPLICATE,identical_to_C16
V16C3,XG_COVERAGE_REPORT.md,DUPLICATE,identical_to_C16
V16C3,V8_ODDS_REPORT.md,DUPLICATE,identical_to_C16
V16C3,V21_PERFORMANCE_REPORT.md,DUPLICATE,identical_to_C16
V16C3,SNAPSHOT_HASHES_V6_BEFORE.json,DUPLICATE,identical_to_C16
V16C3,SOURCE_REGISTRY_V4.json,DUPLICATE,identical_to_C16
V16C3,V19_SHA256.txt,DUPLICATE,identical_to_C16
V16C3,PATTERN_DISCOVERY_OOS.md,DUPLICATE,identical_to_C16
V16C3,V24_ARCHITECTURE_AUDIT.md,DUPLICATE,identical_to_C16
V16C3,V14_IMPROVEMENT_REPORT.md,DUPLICATE,identical_to_C16
V16C3,MODEL_COMPARISON_REPORT.md,DUPLICATE,identical_to_C16
V16C3,PATTERN_DISCOVERY_FINAL_REPORT.md,DUPLICATE,identical_to_C16
V16C3,OOS_REPORT.md,DUPLICATE,identical_to_C16
V16C3,ENTITY_RESOLUTION_REPORT.md,DUPLICATE,identical_to_C16
V16C3,FINAL_READINESS_REPORT.md,DUPLICATE,identical_to_C16
V16C3,ACQUISITION_FAILURE_REPORT.md,DUPLICATE,identical_to_C16
V16C3,SUSPENSION_COVERAGE_REPORT.md,DUPLICATE,identical_to_C16
V16C3,V17_REGRESSION_AUDIT.md,DUPLICATE,identical_to_C16
V16C3,FREE_GLOBAL_ENRICHMENT_MASTER_V5_README.md,DUPLICATE,identical_to_C16
V16C3,PATTERN_DISCOVERY_HYPOTHESES.csv,DUPLICATE,identical_to_C16
V16C3,V17_SOURCE_AUDIT.md,DUPLICATE,identical_to_C16
V16C3,V21_REGRESSION_AUDIT.md,DUPLICATE,identical_to_C16
V16C3,CONMEBOL_STATISTICAL_RESULTS.json,DUPLICATE,identical_to_C16
V16C3,RUN_FREE_ACQUISITION.ps1,DUPLICATE,identical_to_C16
V16C3,CLV_REPORT.md,DUPLICATE,identical_to_C16
V16C3,V15_FINAL_REPORT.md,DUPLICATE,identical_to_C16
V16C3,WEB_VERIFIED_DATA_SOURCES.md,DUPLICATE,identical_to_C16
V16C3,CONMEBOL_AUDIT.md,DUPLICATE,identical_to_C16
V16C3,V23_E2E_REPORT.md,DUPLICATE,identical_to_C16
V16C3,V14.2_SHA256.txt,DUPLICATE,identical_to_C16
V16C3,V17_CLV_REPORT.md,DUPLICATE,identical_to_C16
V16C3,V21_SHA256.txt,DUPLICATE,identical_to_C16
V16C3,FINAL_GAPS_REPORT.md,DUPLICATE,identical_to_C16
V16C3,TEMPORAL_INTEGRITY_REPORT_V6.md,DUPLICATE,identical_to_C16
V16C3,V18_FINAL_REPORT.md,DUPLICATE,identical_to_C16
V16C3,V24_SECURITY_AUDIT.md,DUPLICATE,identical_to_C16
V16C3,data.csv,DUPLICATE,identical_to_C16
V16C3,FINAL_28_QUESTIONS.md,DUPLICATE,identical_to_C16
V16C3,MASTER_STAFF_README.md,DUPLICATE,identical_to_C16
V16C3,V21_SECURITY_AUDIT.md,DUPLICATE,identical_to_C16
V16C3,EXPANSION_EXECUTION_README.md,DUPLICATE,identical_to_C16
V16C3,V18_MATRIX.md,DUPLICATE,identical_to_C16
V16C3,V7_PROVENANCE_REPORT.md,DUPLICATE,identical_to_C16
V16C3,V7_ENRICHMENT_REPORT.md,DUPLICATE,identical_to_C16
V16C3,V18_PRODUCTION_READINESS.md,DUPLICATE,identical_to_C16
V16C3,CONMEBOL_SEGMENTS.csv,DUPLICATE,identical_to_C16
V16C3,ACQUISITION_MANIFEST_V4.csv,DUPLICATE,identical_to_C16
V16C3,V6_FINAL_STATUS.json,DUPLICATE,identical_to_C16
V16C3,V12_MANIFEST.txt,DUPLICATE,identical_to_C16
V16C3,V22_BACKEND_AUDIT.md,DUPLICATE,identical_to_C16
V16C3,V8_SUSPENSION_REPORT.md,DUPLICATE,identical_to_C16
V16C3,EMPIRICAL_SOURCE_MANIFEST.md,DUPLICATE,identical_to_C16
V16C3,ROBO_EMPIRICAL_STATUS.md,DUPLICATE,identical_to_C16
V16C3,V17_ROBUSTNESS_REPORT.md,DUPLICATE,identical_to_C16
V16C3,V18_SOURCE_AUDIT.md,DUPLICATE,identical_to_C16
V16C3,V17_FILE_INVENTORY.txt,DUPLICATE,identical_to_C16
V16C3,V23_BACKEND_AUDIT.md,DUPLICATE,identical_to_C16
V16C3,V8_ENRICHMENT_REPORT.md,DUPLICATE,identical_to_C16
V16C3,V21_TELEGRAM_REPORT.md,DUPLICATE,identical_to_C16
V16C3,FINAL_REAL_DATA_REPORT.md,DUPLICATE,identical_to_C16
V16C3,PAID_API_GAP_REPORT_V6.md,DUPLICATE,identical_to_C16
V16C3,V25_GAPS_REPORT.md,DUPLICATE,identical_to_C16
V16C3,API_READINESS_MATRIX_V4.csv,DUPLICATE,identical_to_C16
V16C3,V8_PROVENANCE_REPORT.md,DUPLICATE,identical_to_C16
V16C3,V16_ROBUSTNESS_REPORT.md,DUPLICATE,identical_to_C16
V16C3,DATA_GAP_MATRIX_V6.csv,DUPLICATE,identical_to_C16
V16C3,V8_DATA_GAP_MATRIX.csv,DUPLICATE,identical_to_C16
V16C3,V20_IMPLEMENTATION_REPORT.md,DUPLICATE,identical_to_C16
V16C3,V8_PLAYER_REPORT.md,DUPLICATE,identical_to_C16
V16C3,V18_FINAL_SYSTEM_AUDIT.md,DUPLICATE,identical_to_C16
V16C3,GLOBAL_ENRICHMENT_STATUS_V4.json,DUPLICATE,identical_to_C16
V16C3,V13_AUDIT_CONFIRMATION.md,DUPLICATE,identical_to_C16
V16C3,V22_REPLAY_REPORT.md,DUPLICATE,identical_to_C16
V16C3,GLOBAL_DATASET_MISSION_README.md,DUPLICATE,identical_to_C16
V16C3,V16_SOURCE_AUDIT.md,DUPLICATE,identical_to_C16
V16C3,GLOBAL_ACQUISITION_LOCAL_README.md,DUPLICATE,identical_to_C16
V16C3,V20_SHA256.txt,DUPLICATE,identical_to_C16
V16C3,REAL_OBSERVATION_REPORT.md,DUPLICATE,identical_to_C16
V16C3,PHASE2_EXECUTION_README.md,DUPLICATE,identical_to_C16
V16C3,FINAL_AI_AUDIT.md,DUPLICATE,identical_to_C16
V16C3,V19_BACKTEST_REPORT.md,DUPLICATE,identical_to_C16
V16C3,CONMEBOL_FEATURE_IMPORTANCE.csv,DUPLICATE,identical_to_C16
V16C3,FINAL_PAPER_SHADOW_AUDIT.md,DUPLICATE,identical_to_C16
V16C3,V8_WEATHER_REPORT.md,DUPLICATE,identical_to_C16
V16C3,V7_ACQUISITION_REPORT.md,DUPLICATE,identical_to_C16
V16C3,CONMEBOL_DATASET_FINAL_REPORT.md,DUPLICATE,identical_to_C16
V16C3,V18_OOS_REPORT.md,DUPLICATE,identical_to_C16
V16C3,V14_REAL_VALIDATION.md,DUPLICATE,identical_to_C16
V16C3,V24_BACKEND_AUDIT.md,DUPLICATE,identical_to_C16
V16C3,V19_BENCHMARK_REPORT.md,DUPLICATE,identical_to_C16
V16C3,V8_SOURCE_COVERAGE.csv,DUPLICATE,identical_to_C16
V16C3,FINAL_LIVE_AUDIT.md,DUPLICATE,identical_to_C16
V16C3,ROBO_BEHAVIOR_REPORT.md,DUPLICATE,identical_to_C16
V16C3,ROBO_DA_BET_MASTER_RESEARCH_REPORT.md,DUPLICATE,identical_to_C16
V16C3,V18_DATA_ACQUISITION_REPORT.md,DUPLICATE,identical_to_C16
V16C3,V18_DATA_SNOOPING_AUDIT.md,DUPLICATE,identical_to_C16
V16C3,PATTERN_DISCOVERY_GLOBAL_REPORT.md,DUPLICATE,identical_to_C16
V16C3,V25_E2E_REPORT.md,DUPLICATE,identical_to_C16
V16C3,PATTERN_DISCOVERY_MULTIPLE_TESTING.csv,DUPLICATE,identical_to_C16
V16C3,CONMEBOL_TOP_TESTED_PATTERNS.csv,DUPLICATE,identical_to_C16
V16C3,V8_LOCAL_MATERIALIZATION_SUMMARY.json,DUPLICATE,identical_to_C16
V16C3,V25_DATA_AUDIT.md,DUPLICATE,identical_to_C16
V16C3,V24_SHA256.txt,DUPLICATE,identical_to_C16
V16C3,V21_FINAL_REPORT.md,DUPLICATE,identical_to_C16
V16C3,V7_SOURCE_COVERAGE.csv,DUPLICATE,identical_to_C16
V16C3,V24_DATA_AUDIT.md,DUPLICATE,identical_to_C16
V16C3,RUN_FREE_ACQUISITION.bat,DUPLICATE,identical_to_C16
V16C3,V24_LIVE_AUDIT.md,DUPLICATE,identical_to_C16
V16C3,DATA_GAP_MASTER.csv,DUPLICATE,identical_to_C16
V16C3,V20_FINAL_SYSTEM_AUDIT.md,DUPLICATE,identical_to_C16
V16C3,FEATURE_ABLATION_REPORT.md,DUPLICATE,identical_to_C16
V16C3,ARTIFACT_INTEGRITY_REPORT.md,DUPLICATE,identical_to_C16
V16C3,GLOBAL_ENRICHMENT_STATUS_V3.json,DUPLICATE,identical_to_C16
V16C3,GLOBAL_DATASET_V6_COUNTS.json,DUPLICATE,identical_to_C16
V16C3,V6_SECURITY_SCAN.txt,DUPLICATE,identical_to_C16
V16C3,V14_DATA_ACQUISITION.md,DUPLICATE,identical_to_C16
V16C3,CONMEBOL_DATA_DICTIONARY.md,DUPLICATE,identical_to_C16
V16C3,V8_PIT_REPORT.md,DUPLICATE,identical_to_C16
V16C3,V22_SECURITY_AUDIT.md,DUPLICATE,identical_to_C16
V16C3,V17_EXPERIMENTS_REPORT.md,DUPLICATE,identical_to_C16
V16C3,API_READINESS_MATRIX.csv,DUPLICATE,identical_to_C16
V16C3,V23_REDIS_AUDIT.md,DUPLICATE,identical_to_C16
V16C3,SOURCE_ACQUISITION_REPORT.md,DUPLICATE,identical_to_C16
V16C3,V20_FINAL_REPORT.md,DUPLICATE,identical_to_C16
V16C3,V25_RELEASE_NOTES.md,DUPLICATE,identical_to_C16
V16C3,MASTER_STAFF_FINAL_REPORT.md,DUPLICATE,identical_to_C16
V16C3,CONMEBOL_INTERNAL_SHA256SUMS.txt,DUPLICATE,identical_to_C16
V16C3,V22_QUANTITATIVE_AUDIT.md,DUPLICATE,identical_to_C16
V16C3,V16_MATRIX.md,DUPLICATE,identical_to_C16
V16C3,tests/test_global_intelligence.py,DUPLICATE,identical_to_C16
V16C3,tests/test_market_catalog.py,DUPLICATE,identical_to_C16
V16C3,tests/test_v20_decision.py,DUPLICATE,identical_to_C16
V16C3,tests/test_v18_hardening.py,DUPLICATE,identical_to_C16
V16C3,tests/test_v13_quant.py,DUPLICATE,identical_to_C16
V16C3,tests/test_engine.py,DUPLICATE,identical_to_C16
V16C3,tests/test_local_acquisition_worker.py,DUPLICATE,identical_to_C16
V16C3,tests/test_v20_live.py,DUPLICATE,identical_to_C16
V16C3,tests/test_v16_empirical.py,DUPLICATE,identical_to_C16
V16C3,tests/test_v14_data.py,DUPLICATE,identical_to_C16
V16C3,tests/test_v15_hardening.py,DUPLICATE,identical_to_C16
V16C3,tests/test_free_data_enrichment.py,DUPLICATE,identical_to_C16
V16C3,tests/test_v11_rules.py,DUPLICATE,identical_to_C16
V16C3,tests/test_v19_pricing.py,DUPLICATE,identical_to_C16
V16C3,tests/test_v19_api.py,DUPLICATE,identical_to_C16
V16C3,tests/test_v20_api.py,DUPLICATE,identical_to_C16
V16C3,tests/test_quant_v12.py,DUPLICATE,identical_to_C16
V16C3,tests/test_intelligence_pipeline.py,DUPLICATE,identical_to_C16
V16C3,tests/test_v20_position.py,DUPLICATE,identical_to_C16
V16C3,tests/test_v20_ledger.py,DUPLICATE,identical_to_C16
V16C3,reports/FINAL_DELIVERY_SUMMARY.md,DUPLICATE,identical_to_C16
V16C3,reports/FINAL_PYTEST.txt,DUPLICATE,identical_to_C16
V16C3,reports/FINAL_SELF_TEST.txt,DUPLICATE,identical_to_C16
V16C3,reports/FINAL_SCIENTIFIC_STATUS.md,DUPLICATE,identical_to_C16
V16C3,reports/EXPANSION_VALIDATION.json,DUPLICATE,identical_to_C16
V16C3,reports/EXPANSION_REAL_DATA_QUALITY.json,DUPLICATE,identical_to_C16
V16C3,reports/EXPANSION_SELF_TEST.txt,DUPLICATE,identical_to_C16
V16C3,reports/EXPANSION_PYTEST.txt,DUPLICATE,identical_to_C16
V16C3,reports/EXPANSION_FINAL_COUNTS.json,DUPLICATE,identical_to_C16
V16C3,reports/EXPANSION_EMPIRICAL_DATA_REPORT.md,DUPLICATE,identical_to_C16
V16C3,frontend/package.json,DUPLICATE,identical_to_C16
V16C3,frontend/index.html,DUPLICATE,identical_to_C16
V16C3,frontend/Dockerfile,DUPLICATE,identical_to_C16
V16C3,manifests/ACQUISITION_MANIFEST_EXPANSION.json,DUPLICATE,identical_to_C16
V16C3,scripts/run_phase2_empirical.py,DUPLICATE,identical_to_C16
V16C3,scripts/V8_local_gap_closure.py,DUPLICATE,identical_to_C16
V16C3,scripts/run_observation.py,DUPLICATE,identical_to_C16
V16C3,scripts/run_mass_data_expansion.py,DUPLICATE,identical_to_C16
V16C3,scripts/run_global_research.py,DUPLICATE,identical_to_C16
V16C3,scripts/finalize_master_staff.py,DUPLICATE,identical_to_C16
V16C3,scripts/validate_context_intelligence.py,DUPLICATE,identical_to_C16
V16C3,scripts/run_context_intelligence.py,DUPLICATE,identical_to_C16
V16C3,scripts/run_master_staff_value_pricing.py,DUPLICATE,identical_to_C16
V16C3,scripts/research_real_data_pilot.py,DUPLICATE,identical_to_C16
V16C3,scripts/self_test.py,DUPLICATE,identical_to_C16
V16C3,scripts/acquire_datahub_epl.py,DUPLICATE,identical_to_C16
V16C3,scripts/run_global_intelligence.py,DUPLICATE,identical_to_C16
V16C3,scripts/master_staff_final_audit.py,DUPLICATE,identical_to_C16
V16C3,scripts/run_context_transfer_research.py,DUPLICATE,identical_to_C16
V16C3,scripts/run_real_day_prematch_pilot.py,DUPLICATE,identical_to_C16
V16C3,scripts/run_master_staff.py,DUPLICATE,identical_to_C16
V16C3,scripts/run_post_match_coverage_audit.py,DUPLICATE,identical_to_C16
V16C3,scripts/run_context_transfer_specialist.py,DUPLICATE,identical_to_C16
V16C3,scripts/run_phase3_research.py,DUPLICATE,identical_to_C16
V16C3,scripts/master_staff_validation.py,DUPLICATE,identical_to_C16
V16C3,backend/Dockerfile,DUPLICATE,identical_to_C16
V16C3,backend/pom.xml,DUPLICATE,identical_to_C16
V16C3,config/data_acquisition_local.json,DUPLICATE,identical_to_C16
V16C3,config/free_source_registry.json,DUPLICATE,identical_to_C16
V16C3,config/free_source_registry_v3.json,DUPLICATE,identical_to_C16
V16C3,config/free_source_registry_v6.json,DUPLICATE,identical_to_C16
V16C3,config/free_source_registry_v5.json,DUPLICATE,identical_to_C16
V16C3,config/free_source_registry_v4.json,DUPLICATE,identical_to_C16
V16C3,config/provider_budget.json,DUPLICATE,identical_to_C16
V16C3,config/provider_budget_v3.json,DUPLICATE,identical_to_C16
V16C3,ml/Dockerfile,DUPLICATE,identical_to_C16
V16C3,ml/requirements.txt,DUPLICATE,identical_to_C16
V16C3,docs/RELEASE_V25.md,DUPLICATE,identical_to_C16
V16C3,docs/RELEASE_V16.md,DUPLICATE,identical_to_C16
V16C3,docs/RELEASE_V20.md,DUPLICATE,identical_to_C16
V16C3,docs/RELEASE_V19.md,DUPLICATE,identical_to_C16
V16C3,docs/V13_FINAL_REPORT.md,DUPLICATE,identical_to_C16
V16C3,docs/V12_TRAINING.md,DUPLICATE,identical_to_C16
V16C3,docs/RELEASE_V24.md,DUPLICATE,identical_to_C16
V16C3,docs/RELEASE_V23.md,DUPLICATE,identical_to_C16
V16C3,docs/V12_QUANT_AUDIT.md,DUPLICATE,identical_to_C16
V16C3,docs/RELEASE_V22.md,DUPLICATE,identical_to_C16
V16C3,docs/RELEASE_V18.md,DUPLICATE,identical_to_C16
V16C3,docs/RELEASE.md,DUPLICATE,identical_to_C16
V16C3,docs/V13_QUANT_RESEARCH.md,DUPLICATE,identical_to_C16
V16C3,docs/V10_TO_V11_AUDIT.md,DUPLICATE,identical_to_C16
V16C3,docs/RELEASE_V15.md,DUPLICATE,identical_to_C16
V16C3,docs/RELEASE_V17.md,DUPLICATE,identical_to_C16
V16C3,docs/VALIDATION.md,DUPLICATE,identical_to_C16
V16C3,docs/RELEASE_V21.md,DUPLICATE,identical_to_C16
V16C3,artifacts/phase2_real_research_results.xlsx,DUPLICATE,identical_to_C16
V16C3,artifacts/paper_trading/observation_status.json,DUPLICATE,identical_to_C16
V16C3,artifacts/paper_trading/v21_research.jsonl,DISCARDED,conflict_resolved_in_favor_of_C18
V16C3,artifacts/paper_trading/v21_event_ledger.jsonl,DISCARDED,conflict_resolved_in_favor_of_C18
V16C3,artifacts/v16/odds_gate_audit.json,DUPLICATE,identical_to_C16
V16C3,artifacts/v16/benchmark.json,DUPLICATE,identical_to_C16
V16C3,docs/v16/V16_EXECUTION_STATUS.md,DUPLICATE,identical_to_C16
V16C3,docs/v16/V16_EXECUTIVE_EXECUTION_REPORT.md,DUPLICATE,identical_to_C16
V16C3,docs/superpowers/specs/2026-08-24-robo-v16-cycle2-intelligence-design.md,DUPLICATE,identical_to_C16
V16C3,docs/superpowers/plans/2026-08-24-robo-v16-cycle2-intelligence-plan.md,DUPLICATE,identical_to_C16
V16C3,ml/app/backtest.py,DUPLICATE,identical_to_C16
V16C3,ml/app/data_quality.py,DUPLICATE,identical_to_C16
V16C3,ml/app/schemas.py,DUPLICATE,identical_to_C16
V16C3,ml/app/selection.py,DUPLICATE,identical_to_C16
V16C3,ml/app/ledger.py,DUPLICATE,identical_to_C16
V16C3,ml/app/intelligence_evidence.py,DUPLICATE,identical_to_C16
V16C3,ml/app/leakage.py,DUPLICATE,identical_to_C16
V16C3,ml/app/holdout_lock.py,DUPLICATE,identical_to_C16
V16C3,ml/app/backtest_engine.py,DUPLICATE,identical_to_C16
V16C3,ml/app/market.py,DUPLICATE,identical_to_C16
V16C3,ml/app/telegram.py,DUPLICATE,identical_to_C16
V16C3,ml/app/context.py,DUPLICATE,identical_to_C16
V16C3,ml/app/risk.py,DUPLICATE,identical_to_C16
V16C3,ml/app/consensus.py,DUPLICATE,identical_to_C16
V16C3,ml/app/statistical_tests.py,DUPLICATE,identical_to_C16
V16C3,ml/app/temporal.py,DUPLICATE,identical_to_C16
V16C3,ml/app/db.py,DUPLICATE,identical_to_C16
V16C3,ml/app/uncertainty.py,DUPLICATE,identical_to_C16
V16C3,ml/app/selection_rank.py,DUPLICATE,identical_to_C16
V16C3,ml/app/league_gate.py,DUPLICATE,identical_to_C16
V16C3,ml/app/config.py,DUPLICATE,identical_to_C16
V16C3,ml/app/decision_replay.py,DUPLICATE,identical_to_C16
V16C3,ml/app/layer_training.py,DUPLICATE,identical_to_C16
V16C3,ml/app/features.py,DUPLICATE,identical_to_C16
V16C3,ml/app/main.py,DUPLICATE,identical_to_C16
V16C3,ml/app/models.py,DUPLICATE,identical_to_C16
V16C3,ml/app/strategy_discovery.py,DUPLICATE,identical_to_C16
V16C3,ml/app/math_models.py,DUPLICATE,identical_to_C16
V16C3,ml/app/live.py,DUPLICATE,identical_to_C16
V16C3,ml/app/api.py,DUPLICATE,identical_to_C16
V16C3,ml/app/__init__.py,DUPLICATE,identical_to_C16
V16C3,ml/app/lineage.py,DUPLICATE,identical_to_C16
V16C3,ml/scripts/run_cycle2.py,DUPLICATE,identical_to_C16
V16C3,ml/scripts/train.py,DUPLICATE,identical_to_C16
V16C3,ml/scripts/run_conmebol_phase.py,DUPLICATE,identical_to_C16
V16C3,ml/scripts/run_cycle3_walkforward.py,DUPLICATE,identical_to_C16
V16C3,ml/scripts/research_backtest.py,DUPLICATE,identical_to_C16
V16C3,ml/scripts/run_v24_observation.py,DUPLICATE,identical_to_C16
V16C3,ml/scripts/run_self_test.py,DUPLICATE,identical_to_C16
V16C3,ml/scripts/promote.py,DUPLICATE,identical_to_C16
V16C3,ml/scripts/acquire_football_data.py,DUPLICATE,identical_to_C16
V16C3,ml/scripts/decision_replay.py,DUPLICATE,identical_to_C16
V16C3,ml/scripts/check_leagues.py,DUPLICATE,identical_to_C16
V16C3,ml/scripts/expand_real_datasets.py,DUPLICATE,identical_to_C16
V16C3,ml/scripts/run_v25_observation.py,DUPLICATE,identical_to_C16
V16C3,ml/scripts/run_v16_research.py,DUPLICATE,identical_to_C16
V16C3,ml/scripts/run_v23_paper.py,DUPLICATE,identical_to_C16
V16C3,ml/scripts/run_cycle3.py,DUPLICATE,identical_to_C16
V16C3,ml/app/pit_store/pit.py,DUPLICATE,identical_to_C16
V16C3,ml/app/pit_store/__init__.py,DUPLICATE,identical_to_C16
V16C3,ml/app/adapters/global_football.py,DUPLICATE,identical_to_C16
V16C3,ml/app/adapters/weather.py,DUPLICATE,identical_to_C16
V16C3,ml/app/adapters/the_stats_api.py,DUPLICATE,identical_to_C16
V16C3,ml/app/adapters/betfair.py,DUPLICATE,identical_to_C16
V16C3,ml/app/adapters/statsbomb.py,DUPLICATE,identical_to_C16
V16C3,ml/app/adapters/odds.py,DUPLICATE,identical_to_C16
V16C3,ml/app/adapters/espn.py,DUPLICATE,identical_to_C16
V16C3,ml/app/adapters/card_data.py,DUPLICATE,identical_to_C16
V16C3,ml/app/adapters/api_football.py,DUPLICATE,identical_to_C16
V16C3,ml/app/adapters/base.py,DUPLICATE,identical_to_C16
V16C3,ml/app/adapters/football_data.py,DUPLICATE,identical_to_C16
V16C3,ml/app/v24/replay.py,DUPLICATE,identical_to_C16
V16C3,ml/app/v24/baseline.py,DUPLICATE,identical_to_C16
V16C3,ml/app/v24/quality.py,DUPLICATE,identical_to_C16
V16C3,ml/app/v24/dataset.py,DUPLICATE,identical_to_C16
V16C3,ml/app/v24/analytics.py,DUPLICATE,identical_to_C16
V16C3,ml/app/v24/session.py,DUPLICATE,identical_to_C16
V16C3,ml/app/v24/hashchain.py,DUPLICATE,identical_to_C16
V16C3,ml/app/v24/live.py,DUPLICATE,identical_to_C16
V16C3,ml/app/v24/api.py,DUPLICATE,identical_to_C16
V16C3,ml/app/v24/__init__.py,DUPLICATE,identical_to_C16
V16C3,ml/app/conmebol/pipeline.py,DUPLICATE,identical_to_C16
V16C3,ml/app/conmebol/__init__.py,DUPLICATE,identical_to_C16
V16C3,ml/app/v20/service.py,DUPLICATE,identical_to_C16
V16C3,ml/app/v20/selection.py,DUPLICATE,identical_to_C16
V16C3,ml/app/v20/ledger.py,DUPLICATE,identical_to_C16
V16C3,ml/app/v20/notifications.py,DUPLICATE,identical_to_C16
V16C3,ml/app/v20/risk.py,DUPLICATE,identical_to_C16
V16C3,ml/app/v20/reporting.py,DUPLICATE,identical_to_C16
V16C3,ml/app/v20/live_engine.py,DUPLICATE,identical_to_C16
V16C3,ml/app/v20/stake.py,DUPLICATE,identical_to_C16
V16C3,ml/app/v20/position.py,DUPLICATE,identical_to_C16
V16C3,ml/app/v20/__init__.py,DUPLICATE,identical_to_C16
V16C3,ml/app/v21/research.py,DUPLICATE,identical_to_C16
V16C3,ml/app/v21/service.py,DUPLICATE,identical_to_C16
V16C3,ml/app/v21/ledger.py,DUPLICATE,identical_to_C16
V16C3,ml/app/v21/notifications.py,DUPLICATE,identical_to_C16
V16C3,ml/app/v21/decision_trace.py,DUPLICATE,identical_to_C16
V16C3,ml/app/v21/realtime.py,DUPLICATE,identical_to_C16
V16C3,ml/app/v21/quality.py,DUPLICATE,identical_to_C16
V16C3,ml/app/v21/controls.py,DUPLICATE,identical_to_C16
V16C3,ml/app/v21/live_monitor.py,DUPLICATE,identical_to_C16
V16C3,ml/app/v21/__init__.py,DUPLICATE,identical_to_C16
V16C3,ml/app/v16/decision_dataset.py,DUPLICATE,identical_to_C16
V16C3,ml/app/v16/decision_replay.py,DUPLICATE,identical_to_C16
V16C3,ml/app/v16/odds_verification.py,DUPLICATE,identical_to_C16
V16C3,ml/app/v16/experiment_registry.py,DUPLICATE,identical_to_C16
V16C3,ml/app/v19/validation.py,DUPLICATE,identical_to_C16
V16C3,ml/app/v19/settlement.py,DUPLICATE,identical_to_C16
V16C3,ml/app/v19/pricing.py,DUPLICATE,identical_to_C16
V16C3,ml/app/v19/market_intelligence.py,DUPLICATE,identical_to_C16
V16C3,ml/app/v19/price_movement.py,DUPLICATE,identical_to_C16
V16C3,ml/app/v19/paper.py,DUPLICATE,identical_to_C16
V16C3,ml/app/v19/confidence.py,DUPLICATE,identical_to_C16
V16C3,ml/app/v19/__init__.py,DUPLICATE,identical_to_C16
V16C3,ml/app/v19/engine.py,DUPLICATE,identical_to_C16
V16C3,ml/app/mlops/drift.py,DUPLICATE,identical_to_C16
V16C3,ml/app/mlops/champion_challenger.py,DUPLICATE,identical_to_C16
V16C3,ml/app/mlops/registry.py,DUPLICATE,identical_to_C16
V16C3,ml/app/v22/replay.py,DUPLICATE,identical_to_C16
V16C3,ml/app/v22/observability.py,DUPLICATE,identical_to_C16
V16C3,ml/app/v22/manager.py,DUPLICATE,identical_to_C16
V16C3,ml/app/v22/position.py,DUPLICATE,identical_to_C16
V16C3,ml/app/v22/persistence.py,DUPLICATE,identical_to_C16
V16C3,ml/app/v22/dataset.py,DUPLICATE,identical_to_C16
V16C3,ml/app/v22/providers.py,DUPLICATE,identical_to_C16
V16C3,ml/app/v22/__init__.py,DUPLICATE,identical_to_C16
V16C3,ml/app/v22/api_ext.py,DUPLICATE,identical_to_C16
V16C3,ml/app/intelligence/pipeline.py,DUPLICATE,identical_to_C16
V16C3,ml/app/intelligence/market_catalog.py,DUPLICATE,identical_to_C16
V16C3,ml/app/intelligence/pricing.py,DUPLICATE,identical_to_C16
V16C3,ml/app/intelligence/coverage.py,DUPLICATE,identical_to_C16
V16C3,ml/app/intelligence/live.py,DUPLICATE,identical_to_C16
V16C3,ml/app/intelligence/__init__.py,DUPLICATE,identical_to_C16
V16C3,ml/app/v17/acquisition.py,DUPLICATE,identical_to_C16
V16C3,ml/app/v17/system_validation.py,DUPLICATE,identical_to_C16
V16C3,ml/app/v17/__init__.py,DUPLICATE,identical_to_C16
V16C3,ml/app/v25/policy.py,DUPLICATE,identical_to_C16
V16C3,ml/app/v25/cards.py,DUPLICATE,identical_to_C16
V16C3,ml/app/v25/price_discovery.py,DUPLICATE,identical_to_C16
V16C3,ml/app/v25/notifications.py,DUPLICATE,identical_to_C16
V16C3,ml/app/v25/settlement.py,DUPLICATE,identical_to_C16
V16C3,ml/app/v25/watchlist.py,DUPLICATE,identical_to_C16
V16C3,ml/app/v25/replay.py,DUPLICATE,identical_to_C16
V16C3,ml/app/v25/observability.py,DUPLICATE,identical_to_C16
V16C3,ml/app/v25/market_expression.py,DUPLICATE,identical_to_C16
V16C3,ml/app/v25/position.py,DUPLICATE,identical_to_C16
V16C3,ml/app/v25/persistence.py,DUPLICATE,identical_to_C16
V16C3,ml/app/v25/dataset.py,DUPLICATE,identical_to_C16
V16C3,ml/app/v25/analytics.py,DUPLICATE,identical_to_C16
V16C3,ml/app/v25/session.py,DUPLICATE,identical_to_C16
V16C3,ml/app/v25/live.py,DUPLICATE,identical_to_C16
V16C3,ml/app/v25/api.py,DUPLICATE,identical_to_C16
V16C3,ml/app/v25/providers.py,DUPLICATE,identical_to_C16
V16C3,ml/app/v25/__init__.py,DUPLICATE,identical_to_C16
V16C3,ml/app/master_staff/round_analyzer.py,DUPLICATE,identical_to_C16
V16C3,ml/app/master_staff/round_engine.py,DUPLICATE,identical_to_C16
V16C3,ml/app/master_staff/context_engine.py,DUPLICATE,identical_to_C16
V16C3,ml/app/master_staff/source_conflict.py,DUPLICATE,identical_to_C16
V16C3,ml/app/master_staff/context_transfer_spec.md,DUPLICATE,identical_to_C16
V16C3,ml/app/master_staff/value_pricing.py,DUPLICATE,identical_to_C16
V16C3,ml/app/master_staff/context_transfer.py,DUPLICATE,identical_to_C16
V16C3,ml/app/master_staff/__init__.py,DUPLICATE,identical_to_C16
V16C3,ml/app/master_staff/engine.py,DUPLICATE,identical_to_C16
V16C3,ml/app/research/data_sources.py,DUPLICATE,identical_to_C16
V16C3,ml/app/research/data_quality.py,DUPLICATE,identical_to_C16
V16C3,ml/app/research/cycle3.py,DUPLICATE,identical_to_C16
V16C3,ml/app/research/validation.py,DUPLICATE,identical_to_C16
V16C3,ml/app/research/pipeline.py,DUPLICATE,identical_to_C16
V16C3,ml/app/research/datasets.py,DUPLICATE,identical_to_C16
V16C3,ml/app/research/paper_trading.py,DUPLICATE,identical_to_C16
V16C3,ml/app/research/cycle2.py,DUPLICATE,identical_to_C16
V16C3,ml/app/research/market.py,DUPLICATE,identical_to_C16
V16C3,ml/app/research/odds.py,DUPLICATE,identical_to_C16
V16C3,ml/app/research/market_efficiency.py,DUPLICATE,identical_to_C16
V16C3,ml/app/research/metrics.py,DUPLICATE,identical_to_C16
V16C3,ml/app/research/reproducibility.py,DUPLICATE,identical_to_C16
V16C3,ml/app/research/replay.py,DUPLICATE,identical_to_C16
V16C3,ml/app/research/raw.py,DUPLICATE,identical_to_C16
V16C3,ml/app/research/robustness_v16.py,DUPLICATE,identical_to_C16
V16C3,ml/app/research/data_quality_v14.py,DUPLICATE,identical_to_C16
V16C3,ml/app/research/source_audit_v16.py,DUPLICATE,identical_to_C16
V16C3,ml/app/research/statistics.py,DUPLICATE,identical_to_C16
V16C3,ml/app/research/acquisition.py,DUPLICATE,identical_to_C16
V16C3,ml/app/research/holdout.py,DUPLICATE,identical_to_C16
V16C3,ml/app/research/empirical.py,DUPLICATE,identical_to_C16
V16C3,ml/app/research/features.py,DUPLICATE,identical_to_C16
V16C3,ml/app/research/data_quality_v16.py,DUPLICATE,identical_to_C16
V16C3,ml/app/research/calibration.py,DUPLICATE,identical_to_C16
V16C3,ml/app/research/experiment.py,DUPLICATE,identical_to_C16
V16C3,ml/app/research/baselines.py,DUPLICATE,identical_to_C16
V16C3,ml/app/research/__init__.py,DUPLICATE,identical_to_C16
V16C3,ml/app/research/global_expansion.py,DUPLICATE,identical_to_C16
V16C3,ml/app/v18/acquisition.py,DUPLICATE,identical_to_C16
V16C3,ml/app/v18/guards.py,DUPLICATE,identical_to_C16
V16C3,ml/app/v18/system_validation.py,DUPLICATE,identical_to_C16
V16C3,ml/app/v18/__init__.py,DUPLICATE,identical_to_C16
V16C3,ml/app/v18/lineage.py,DUPLICATE,identical_to_C16
V16C3,ml/app/ingestion/raw_store.py,DUPLICATE,identical_to_C16
V16C3,ml/app/ingestion/schema.py,DUPLICATE,identical_to_C16
V16C3,ml/app/ingestion/__init__.py,DUPLICATE,identical_to_C16
V16C3,backend/src/main/java/com/robobet/security/ApiKeyFilter.java,DUPLICATE,identical_to_C16
V16C3,backend/src/main/java/com/robobet/api/ApiController.java,DUPLICATE,identical_to_C16
V16C3,backend/src/main/java/com/robobet/api/RoboBetApplication.java,DUPLICATE,identical_to_C16
V16C3,scripts/v5/run_v5_discovery.py,DUPLICATE,identical_to_C16
V16C3,scripts/global/free_source_audit.py,DUPLICATE,identical_to_C16
V16C3,scripts/global/validate_global_dataset.py,DUPLICATE,identical_to_C16
V16C3,scripts/global/run_free_global_enrichment_v4.py,DUPLICATE,identical_to_C16
V16C3,scripts/global/run_free_data_enrichment.py,DUPLICATE,identical_to_C16
V16C3,scripts/global/run_free_global_enrichment_v3.py,DUPLICATE,identical_to_C16
V16C3,scripts/global/verify_snapshot_integrity.py,DUPLICATE,identical_to_C16
V16C3,scripts/global/run_master_staff_global_enrichment.py,DUPLICATE,identical_to_C16
V16C3,scripts/global/data_acquisition_worker.py,DUPLICATE,identical_to_C16
V16C3,scripts/global/run_global_dataset_mission.py,DUPLICATE,identical_to_C16
V16C3,scripts/global/run_global_dataset_enrichment.py,DUPLICATE,identical_to_C16
V16C3,scripts/global/local_materializer.py,DUPLICATE,identical_to_C16
V16C3,scripts/global/source_state.py,DUPLICATE,identical_to_C16
V16C3,scripts/global/DATA_ACQUISITION_WORKER_README.md,DUPLICATE,identical_to_C16
V16C3,scripts/global/run_free_global_enrichment_v6.py,DUPLICATE,identical_to_C16
V16C3,scripts/global/build_global_coverage.py,DUPLICATE,identical_to_C16
V16C3,scripts/global/finalize_free_data_enrichment_v2.py,DUPLICATE,identical_to_C16
V16C3,scripts/v19/acquire_real_data.py,DUPLICATE,identical_to_C16
V16C3,scripts/v19/security_scan.py,DUPLICATE,identical_to_C16
V16C3,scripts/v19/run_full_validation.py,DUPLICATE,identical_to_C16
V16C3,scripts/v17/acquire_real_data.py,DUPLICATE,identical_to_C16
V16C3,scripts/v17/run_research.py,DUPLICATE,identical_to_C16
V16C3,scripts/v17/run_full_validation.py,DUPLICATE,identical_to_C16
V16C3,scripts/master_staff/run_global_prematch_intelligence_v2.py,DUPLICATE,identical_to_C16
V16C3,scripts/v18/acquire_real_data.py,DUPLICATE,identical_to_C16
V16C3,scripts/v18/run_research.py,DUPLICATE,identical_to_C16
V16C3,scripts/v18/run_full_validation.py,DUPLICATE,identical_to_C16
V16C3,scripts/global/providers/footballcsv_squads.py,DUPLICATE,identical_to_C16
V16C3,scripts/global/providers/open_meteo.py,DUPLICATE,identical_to_C16
V16C3,scripts/global/providers/http_provider.py,DUPLICATE,identical_to_C16
V16C3,scripts/global/providers/registry.py,DUPLICATE,identical_to_C16
V16C3,scripts/global/providers/api_football.py,DUPLICATE,identical_to_C16
V16C3,scripts/global/providers/provider_base.py,DUPLICATE,identical_to_C16
V16C3,scripts/global/providers/statsbomb_open.py,DUPLICATE,identical_to_C16
V16C3,scripts/v5/providers/core.py,DUPLICATE,identical_to_C16
V16C3,scripts/v5/providers/__init__.py,DUPLICATE,identical_to_C16
V16C3,frontend/test/v25.test.mjs,DUPLICATE,identical_to_C16
V16C3,frontend/src/main.jsx,DUPLICATE,identical_to_C16
V16C3,frontend/src/style.css,DUPLICATE,identical_to_C16
V16C3,db/migrations/004_v14_data_acquisition.sql,DUPLICATE,identical_to_C16
V16C3,db/migrations/006_v23_empirical.sql,DUPLICATE,identical_to_C16
V16C3,db/migrations/001_core.sql,DUPLICATE,identical_to_C16
V16C3,db/migrations/009_v25_dataset_primary.sql,DUPLICATE,identical_to_C16
V16C3,db/migrations/003_v13_quant_research.sql,DUPLICATE,identical_to_C16
V16C3,db/migrations/002_quant.sql,DUPLICATE,identical_to_C16
V16C3,db/migrations/008_v25_consolidation.sql,DUPLICATE,identical_to_C16
V16C3,db/migrations/005_v22_realtime.sql,DUPLICATE,identical_to_C16
V16C3,db/migrations/007_v24_production.sql,DUPLICATE,identical_to_C16
V16C3,db/migrations/011_card_markets.sql,DUPLICATE,identical_to_C16
V16C3,db/migrations/010_v25_observation_snapshots.sql,DUPLICATE,identical_to_C16
V16C3,data/canonical/football_historical_real_canonical.csv,DUPLICATE,identical_to_C16
V16C3,data/canonical/football_historical_real_provenance.csv,DUPLICATE,identical_to_C16
V16C3,data/canonical/CANONICAL_RESEARCH_SCHEMA.md,DUPLICATE,identical_to_C16
V16C3,data/canonical/SHA256SUMS.txt,DUPLICATE,identical_to_C16
V16C3,data/raw/conmebol_sudamericana_2024.txt,DUPLICATE,identical_to_C16
V16C3,data/raw/football_data_e1_2425.csv,DUPLICATE,identical_to_C16
V16C3,data/raw/conmebol_sudamericana_2022.txt,DUPLICATE,identical_to_C16
V16C3,data/raw/openfootball_germany_bundesliga_2526.txt,DUPLICATE,identical_to_C16
V16C3,data/raw/openfootball_italy_seriea_2526.txt,DUPLICATE,identical_to_C16
V16C3,data/raw/libertadores_brazilian_soccer_data.csv,DUPLICATE,identical_to_C16
V16C3,data/raw/epl_2025_2026_web_verified_pilot.csv,DUPLICATE,identical_to_C16
V16C3,data/raw/conmebol_sudamericana_2025.txt,DUPLICATE,identical_to_C16
V16C3,data/raw/football_data_e0_2425.csv,DUPLICATE,identical_to_C16
V16C3,data/raw/epl_2021_2022_football_data_real.csv,DUPLICATE,identical_to_C16
V16C3,data/raw/bundesliga_2022_2023_football_data_real.csv,DUPLICATE,identical_to_C16
V16C3,data/raw/conmebol_sudamericana_2020.txt,DUPLICATE,identical_to_C16
V16C3,data/raw/football_data_e3_2425.csv,DUPLICATE,identical_to_C16
V16C3,data/raw/epl_2022_2023_football_data_real.csv,DUPLICATE,identical_to_C16
V16C3,data/raw/bundesliga_2021_2022_football_data_real.csv,DUPLICATE,identical_to_C16
V16C3,data/raw/epl_2526_github_real.csv,DUPLICATE,identical_to_C16
V16C3,data/raw/openfootball_england_championship_2526.txt,DUPLICATE,identical_to_C16
V16C3,data/raw/conmebol_sudamericana_2023.txt,DUPLICATE,identical_to_C16
V16C3,data/raw/epl_2020_2021_football_data_real.csv,DUPLICATE,identical_to_C16
V16C3,data/raw/conmebol_sudamericana_2021.txt,DUPLICATE,identical_to_C16
V16C3,data/raw/round_2026-08-20_web_verified.json,DUPLICATE,identical_to_C16
V16C3,data/raw/epl_2324_real_pilot.csv,DUPLICATE,identical_to_C16
V16C3,data/raw/football_data_e2_2425.csv,DUPLICATE,identical_to_C16
V16C3,data/real_day_prematch/REAL_DAY_FEATURES.csv,DUPLICATE,identical_to_C16
V16C3,data/real_day_prematch/REAL_DAY_DATA_QUALITY.csv,DUPLICATE,identical_to_C16
V16C3,data/real_day_prematch/REAL_DAY_MARKET_ANALYSIS.csv,DUPLICATE,identical_to_C16
V16C3,data/real_day_prematch/REAL_DAY_PREMATCH_SNAPSHOT.json,DUPLICATE,identical_to_C16
V16C3,data/real_day_prematch/REAL_DAY_PROVENANCE.json,DUPLICATE,identical_to_C16
V16C3,data/schemas/LIVE_SNAPSHOT_SCHEMA.md,DUPLICATE,identical_to_C16
V16C3,data/schemas/EXPANSION_SCHEMAS.json,DUPLICATE,identical_to_C16
V16C3,data/registry/GLOBAL_ROUTE_COVERAGE.csv,DUPLICATE,identical_to_C16
V16C3,data/model/phase3_temporal_features.csv,DUPLICATE,identical_to_C16
V16C3,data/model/global_competition_coverage.csv,DUPLICATE,identical_to_C16
V16C3,data/model/phase3_research_candidates_top20.csv,DUPLICATE,identical_to_C16
V16C3,data/model/global_football_coverage_matrix.csv,DUPLICATE,identical_to_C16
V16C3,data/model/phase2_real_features.csv,DUPLICATE,identical_to_C16
V16C3,data/model/phase3_corner_temporal_features.csv,DUPLICATE,identical_to_C16
V16C3,data/model/phase3_rejected_signals_top20.csv,DUPLICATE,identical_to_C16
V16C3,data/model/global_research_candidates.csv,DUPLICATE,identical_to_C16
V16C3,data/model/phase3_coverage_matrix.csv,DUPLICATE,identical_to_C16
V16C3,data/model/phase2_card_predictions.csv,DUPLICATE,identical_to_C16
V16C3,data/model/phase3_data_gaps_top20.csv,DUPLICATE,identical_to_C16
V16C3,data/model/global_real_materialized_coverage.csv,DUPLICATE,identical_to_C16
V16C3,data/model/phase3_card_predictions.csv,DUPLICATE,identical_to_C16
V16C3,data/manifests/MASS_EXPANSION_STATE.json,DUPLICATE,identical_to_C16
V16C3,data/manifests/V18_ACQUISITION_ATTEMPTS.json,DUPLICATE,identical_to_C16
V16C3,data/manifests/ACQUISITION_MANIFEST_FINAL.json,DUPLICATE,identical_to_C16
V16C3,data/manifests/GLOBAL_ACQUISITION_ATTEMPTS.csv,DUPLICATE,identical_to_C16
V16C3,data/manifests/MASS_EXPANSION_ACQUISITION.csv,DUPLICATE,identical_to_C16
V16C3,data/manifests/DATAHUB_EPL_ACQUISITION.json,DUPLICATE,identical_to_C16
V16C3,data/manifests/GLOBAL_INTELLIGENCE_ACQUISITION.json,DUPLICATE,identical_to_C16
V16C3,data/manifests/REAL_MATERIALIZED_SOURCES.json,DUPLICATE,identical_to_C16
V16C3,data/manifests/MASTER_STAFF_SOURCE_REGISTRY.csv,DUPLICATE,identical_to_C16
V16C3,data/manifests/MASTER_STAFF_ACQUISITION.csv,DUPLICATE,identical_to_C16
V16C3,data/manifests/V19_ACQUISITION_ATTEMPTS.json,DUPLICATE,identical_to_C16
V16C3,data/manifests/GLOBAL_INTELLIGENCE_ACQUISITION.csv,DUPLICATE,identical_to_C16
V16C3,data/manifests/V17_ACQUISITION_ATTEMPTS.json,DUPLICATE,identical_to_C16
V16C3,data/manifests/MASS_EXPANSION_ACQUISITION.json,DUPLICATE,identical_to_C16
V16C3,data/manifests/MASS_EXPANSION_STATE_UPDATED.json,DUPLICATE,identical_to_C16
V16C3,data/manifests/GLOBAL_ACQUISITION_ATTEMPTS.json,DUPLICATE,identical_to_C16
V16C3,data/manifests/CONTEXT_INTELLIGENCE_EXECUTION_MANIFEST.json,DUPLICATE,identical_to_C16
V16C3,data/coverage/TEAM_COVERAGE_5_PILOT_TEAMS.csv,DUPLICATE,identical_to_C16
V16C3,data/post_match_pilot/POST_MATCH_FORENSICS_MANIFEST.json,DUPLICATE,identical_to_C16
V16C3,data/post_match_pilot/POST_MATCH_AUDIT_SUMMARY.json,DUPLICATE,identical_to_C16
V16C3,data/post_match_pilot/POST_MATCH_PILOT_RESULTS.csv,DUPLICATE,identical_to_C16
V16C3,data/context_transfer/MOTIVATION_CONTEXT_REPORT.csv,DUPLICATE,identical_to_C16
V16C3,data/context_transfer/CONTEXT_TRANSFER_RESULTS.json,DUPLICATE,identical_to_C16
V16C3,data/context_transfer/FEATURE_ABLATION_REPORT.csv,DUPLICATE,identical_to_C16
V16C3,data/context_transfer/TEAM_COVERAGE_FINAL.csv,DUPLICATE,identical_to_C16
V16C3,data/context_transfer/TRANSFER_CONFIG.json,DUPLICATE,identical_to_C16
V16C3,data/context_transfer/FEATURE_TRANSFERABILITY.csv,DUPLICATE,identical_to_C16
V16C3,data/context_transfer/ACQUISITION_EXECUTION_SUMMARY.json,DUPLICATE,identical_to_C16
V16C3,data/context_transfer/OPPONENT_STRENGTH_HISTORY.csv,DUPLICATE,identical_to_C16
V16C3,data/context_transfer/TEAM_CONTEXT_HISTORY.csv,DUPLICATE,identical_to_C16
V16C3,data/context_transfer/OPPONENT_STRENGTH_REPORT.csv,DUPLICATE,identical_to_C16
V16C3,data/context_transfer/ACQUISITION_PRIORITY.csv,DUPLICATE,identical_to_C16
V16C3,data/context_transfer/PLAYER_IMPACT_REPORT.csv,DUPLICATE,identical_to_C16
V16C3,data/context_transfer/MODEL_COMPARISON.json,DUPLICATE,identical_to_C16
V16C3,data/context_transfer/MATCH_COVERAGE_FINAL.csv,DUPLICATE,identical_to_C16
V16C3,data/context_transfer/RIVALRY_INTELLIGENCE_REPORT.csv,DUPLICATE,identical_to_C16
V16C3,data/context_transfer/MODEL_COMPARISON.csv,DUPLICATE,identical_to_C16
V16C3,data/context_transfer/ACQUISITION_ATTEMPTS.csv,DUPLICATE,identical_to_C16
V16C3,data/context_transfer/CONTEXT_TRANSFER_BACKTEST.csv,DUPLICATE,identical_to_C16
V16C3,data/provenance/MATERIALIZED_SHA256SUMS.txt,DUPLICATE,identical_to_C16
V16C3,data/provenance/phase2_provenance.csv,DUPLICATE,identical_to_C16
V16C3,data/provenance/expanded_real_provenance.csv,DUPLICATE,identical_to_C16
V16C3,data/processed/odds_observations_real_nonpit.csv,DUPLICATE,identical_to_C16
V16C3,data/processed/expanded_real_matches.csv,DUPLICATE,identical_to_C16
V16C3,data/entity_registry/ENTITY_REGISTRY_GLOBAL.csv,DUPLICATE,identical_to_C16
V16C3,data/master_staff/SETTLEMENTS.csv,DUPLICATE,identical_to_C16
V16C3,data/master_staff/SCHEMA_VALIDATION.md,DUPLICATE,identical_to_C16
V16C3,data/master_staff/LINEUP_RECORDS.csv,DUPLICATE,identical_to_C16
V16C3,data/master_staff/DATASET_FINAL_COUNTS.json,DUPLICATE,identical_to_C16
V16C3,data/master_staff/SUSPENSION_ENGINE_RECORDS.csv,DUPLICATE,identical_to_C16
V16C3,data/master_staff/LOWER_LEVEL_TARGET_REGISTRY.csv,DUPLICATE,identical_to_C16
V16C3,data/master_staff/PREMATCH_FEATURE_STORE.csv,DUPLICATE,identical_to_C16
V16C3,data/master_staff/CONTEXT_INTELLIGENCE_FEATURES.csv,DUPLICATE,identical_to_C16
V16C3,data/master_staff/TARGET_COMPETITION_REGISTRY.csv,DUPLICATE,identical_to_C16
V16C3,data/master_staff/MODEL_VALIDATION.json,DUPLICATE,identical_to_C16
V16C3,data/master_staff/INJURY_RECORDS.csv,DUPLICATE,identical_to_C16
V16C3,data/master_staff/MASTER_HYPOTHESES.csv,DUPLICATE,identical_to_C16
V16C3,data/master_staff/OPERATIONAL_PILLARS.csv,DUPLICATE,identical_to_C16
V16C3,data/master_staff/PLAYER_IMPACT_RECORDS.csv,DUPLICATE,identical_to_C16
V16C3,data/master_staff/LIVE_SNAPSHOTS.csv,DUPLICATE,identical_to_C16
V16C3,data/master_staff/LINEUP_ENGINE_RECORDS.csv,DUPLICATE,identical_to_C16
V16C3,data/master_staff/IMPORTANCE_CONTEXT_2026-08-20.csv,DUPLICATE,identical_to_C16
V16C3,data/master_staff/TARGET_COVERAGE_REGISTRY.csv,DUPLICATE,identical_to_C16
V16C3,data/master_staff/INJURY_ENGINE_RECORDS.csv,DUPLICATE,identical_to_C16
V16C3,data/master_staff/MASTER_STAFF_MANIFEST.json,DUPLICATE,identical_to_C16
V16C3,data/master_staff/MASTER_STAFF_PROVENANCE.csv,DUPLICATE,identical_to_C16
V16C3,data/master_staff/PIT_AUDIT.md,DUPLICATE,identical_to_C16
V16C3,data/master_staff/VALUE_CANDIDATES.csv,DUPLICATE,identical_to_C16
V16C3,data/master_staff/RIVALRY_REGISTRY.csv,DUPLICATE,identical_to_C16
V16C3,data/master_staff/MASTER_COVERAGE.csv,DUPLICATE,identical_to_C16
V16C3,data/master_staff/FEATURE_IMPORTANCE_MASTER.csv,DUPLICATE,identical_to_C16
V16C3,data/master_staff/OPERATIONAL_PILLARS.json,DUPLICATE,identical_to_C16
V16C3,data/master_staff/H2H_INTELLIGENCE.csv,DUPLICATE,identical_to_C16
V16C3,data/master_staff/PAPER_DECISIONS.csv,DUPLICATE,identical_to_C16
V16C3,data/master_staff/LIVE_SNAPSHOT_ENGINE.csv,DUPLICATE,identical_to_C16
V16C3,data/master_staff/PLAYER_RECORDS.csv,DUPLICATE,identical_to_C16
V16C3,data/master_staff/LEAKAGE_AUDIT.md,DUPLICATE,identical_to_C16
V16C3,data/research/COVERAGE_BY_COMPETITION_SEASON.csv,DUPLICATE,identical_to_C16
V16C3,data/research/PATTERN_DISCOVERY_STABILITY.csv,DUPLICATE,identical_to_C16
V16C3,data/research/PATTERN_DISCOVERY_WALK_FORWARD.csv,DUPLICATE,identical_to_C16
V16C3,data/research/PATTERN_DISCOVERY_FEATURE_IMPORTANCE.csv,DUPLICATE,identical_to_C16
V16C3,data/research/PATTERN_DISCOVERY_AUDIT.json,DUPLICATE,identical_to_C16
V16C3,data/research/PATTERN_DISCOVERY_OOS.csv,DUPLICATE,identical_to_C16
V16C3,data/research/PATTERN_DISCOVERY_PATTERN_VALIDATION.csv,DUPLICATE,identical_to_C16
V16C3,data/research/PATTERN_DISCOVERY_NEGATIVE_RESULTS.csv,DUPLICATE,identical_to_C16
V16C3,data/research/TOP_DATA_GAPS.csv,DUPLICATE,identical_to_C16
V16C3,data/research/context_intelligence_segments.csv,DUPLICATE,identical_to_C16
V16C3,data/research/PATTERN_DISCOVERY_TOP50.csv,DUPLICATE,identical_to_C16
V16C3,data/research/PATTERN_DISCOVERY_DATA_DICTIONARY.md,DUPLICATE,identical_to_C16
V16C3,data/research/PATTERN_DISCOVERY_MULTIPLE_TESTING.csv,DUPLICATE,identical_to_C16
V16C3,data/global_dataset/reports/TEAM_COVERAGE_GLOBAL_2020_2026.csv,DUPLICATE,identical_to_C16
V16C3,data/global_dataset/reports/GLOBAL_NETWORK_BLOCKS.json,DUPLICATE,identical_to_C16
V16C3,data/global_dataset/reports/GLOBAL_DATASET_COVERAGE.csv,DUPLICATE,identical_to_C16
V16C3,data/global_dataset/reports/GLOBAL_COMPETITION_SEASON_MATRIX_2020_2026.csv,DUPLICATE,identical_to_C16
V16C3,data/global_dataset/reports/DATASET_FINAL_COUNTS.json,DUPLICATE,identical_to_C16
V16C3,data/global_dataset/reports/DATA_ENRICHMENT_FINAL_REPORT.md,DUPLICATE,identical_to_C16
V16C3,data/global_dataset/reports/ACQUIRED_SOURCE_SHA256SUMS.txt,DUPLICATE,identical_to_C16
V16C3,data/global_dataset/reports/GLOBAL_DATASET_TEST_REPORT.json,DUPLICATE,identical_to_C16
V16C3,data/global_dataset/reports/FREE_ENRICHMENT_SNAPSHOT_INTEGRITY.json,DUPLICATE,identical_to_C16
V16C3,data/global_dataset/reports/GLOBAL_COVERAGE_REPORT.csv,DUPLICATE,identical_to_C16
V16C3,data/global_dataset/reports/SOURCE_COVERAGE_MATRIX.csv,DUPLICATE,identical_to_C16
V16C3,data/global_dataset/reports/SCIENTIFIC_STATUS_FINAL.md,DUPLICATE,identical_to_C16
V16C3,data/global_dataset/reports/GLOBAL_FIELD_COVERAGE_FREE.csv,DUPLICATE,identical_to_C16
V16C3,data/global_dataset/reports/FREE_SOURCE_COVERAGE_MATRIX.csv,DUPLICATE,identical_to_C16
V16C3,data/global_dataset/reports/GLOBAL_COVERAGE_MATRIX_2020_2026.csv,DUPLICATE,identical_to_C16
V16C3,data/global_dataset/reports/GLOBAL_TEST_RESULTS.json,DUPLICATE,identical_to_C16
V16C3,data/global_dataset/reports/GLOBAL_COVERAGE_MATRIX.csv,DUPLICATE,identical_to_C16
V16C3,data/global_dataset/reports/GLOBAL_DATASET_COUNTS.json,DUPLICATE,identical_to_C16
V16C3,data/global_dataset/reports/LOCAL_FREE_ARTIFACT_MANIFEST.csv,DUPLICATE,identical_to_C16
V16C3,data/global_dataset/reports/PREMATCH_SNAPSHOT_PROTECTION.json,DUPLICATE,identical_to_C16
V16C3,data/global_dataset/reports/PREMATCH_READINESS_2026-08-20.csv,DUPLICATE,identical_to_C16
V16C3,data/global_dataset/reports/GLOBAL_PATTERN_DISCOVERY_READINESS.md,DUPLICATE,identical_to_C16
V16C3,data/global_dataset/reports/GLOBAL_COVERAGE_REPORT_COMPETITION.csv,DUPLICATE,identical_to_C16
V16C3,data/global_dataset/reports/FINAL_SCIENTIFIC_STATUS.md,DUPLICATE,identical_to_C16
V16C3,data/global_dataset/reports/GLOBAL_DATASET_PROVENANCE.csv,DUPLICATE,identical_to_C16
V16C3,data/global_dataset/reports/MODEL_READINESS_REPORT.md,DUPLICATE,identical_to_C16
V16C3,data/global_dataset/reports/CROSS_COMPETITION_EVIDENCE.csv,DUPLICATE,identical_to_C16
V16C3,data/global_dataset/reports/GLOBAL_COVERAGE_REPORT.md,DUPLICATE,identical_to_C16
V16C3,data/global_dataset/reports/FREE_SOURCE_CONFLICTS.csv,DUPLICATE,identical_to_C16
V16C3,data/global_dataset/reports/COMPETITIONS_NOT_MATERIALIZED.csv,DUPLICATE,identical_to_C16
V16C3,data/global_dataset/reports/ACQUISITION_PRIORITY.csv,DUPLICATE,identical_to_C16
V16C3,data/global_dataset/reports/PREMATCH_DATA_READINESS_REPORT.md,DUPLICATE,identical_to_C16
V16C3,data/global_dataset/reports/ACQUISITION_FAILURE_REPORT.md,DUPLICATE,identical_to_C16
V16C3,data/global_dataset/reports/PREMATCH_SNAPSHOT_INTEGRITY.json,DUPLICATE,identical_to_C16
V16C3,data/global_dataset/reports/NEGATIVE_FINDINGS.csv,DUPLICATE,identical_to_C16
V16C3,data/global_dataset/reports/TEAM_COVERAGE_REPORT.md,DUPLICATE,identical_to_C16
V16C3,data/global_dataset/reports/PREMATCH_READINESS_REPORT.md,DUPLICATE,identical_to_C16
V16C3,data/global_dataset/reports/TEAM_COVERAGE_GLOBAL.csv,DUPLICATE,identical_to_C16
V16C3,data/global_dataset/reports/GLOBAL_DATASET_FINAL_REPORT.md,DUPLICATE,identical_to_C16
V16C3,data/global_dataset/reports/GLOBAL_RUN_LEDGER.json,DUPLICATE,identical_to_C16
V16C3,data/global_dataset/reports/SOURCE_PROVENANCE.csv,DUPLICATE,identical_to_C16
V16C3,data/global_dataset/reports/GLOBAL_COVERAGE_MATRIX_MATERIALIZED.csv,DUPLICATE,identical_to_C16
V16C3,data/global_dataset/reports/SOURCE_ACQUISITION_REPORT.md,DUPLICATE,identical_to_C16
V16C3,data/global_dataset/reports/CROSS_COMPETITION_TRANSFER_REPORT.md,DUPLICATE,identical_to_C16
V16C3,data/global_dataset/reports/GLOBAL_FIELD_COVERAGE.csv,DUPLICATE,identical_to_C16
V16C3,data/global_dataset/processed_acquisition/pytest_2122_E0.csv,DUPLICATE,identical_to_C16
V16C3,data/global_dataset/registry/LOCAL_ACQUISITION_TARGET_REGISTRY.csv,DUPLICATE,identical_to_C16
V16C3,data/global_dataset/registry/GLOBAL_COMPETITION_TARGET_REGISTRY.csv,DUPLICATE,identical_to_C16
V16C3,data/global_dataset/registry/LOCAL_ACQUISITION_SOURCE_REGISTRY.csv,DUPLICATE,identical_to_C16
V16C3,data/global_dataset/registry/GLOBAL_ACQUISITION_MANIFEST.json,DUPLICATE,identical_to_C16
V16C3,data/global_dataset/registry/DATA_ACQUISITION_MANIFEST.json,DISCARDED,conflict_resolved_in_favor_of_C18
V16C3,data/global_dataset/registry/ACQUISITION_STATE_SCHEMA.md,DUPLICATE,identical_to_C16
V16C3,data/global_dataset/registry/GLOBAL_SOURCE_CATALOG.csv,DUPLICATE,identical_to_C16
V16C3,data/global_dataset/registry/TEAM_REGISTRY_GLOBAL.csv,DUPLICATE,identical_to_C16
V16C3,data/global_dataset/raw_acquired/2122_E0.csv,DUPLICATE,identical_to_C16
V16C3,data/global_dataset/raw_acquired/epl_2021_direct.csv,DUPLICATE,identical_to_C16
V16C3,data/global_dataset/raw_acquired/2122_D1.csv,DUPLICATE,identical_to_C16
V16C3,data/global_dataset/raw_acquired/2223_E0.csv,DUPLICATE,identical_to_C16
V16C3,data/global_dataset/raw_acquired/2223_D1.csv,DUPLICATE,identical_to_C16
V16C3,data/global_dataset/raw_acquired/2324_E0.csv,DUPLICATE,identical_to_C16
V16C3,data/global_dataset/reports/v3/PAID_API_GAP_ANALYSIS.md,DUPLICATE,identical_to_C16
V16C3,data/global_dataset/reports/v3/GLOBAL_FREE_SOURCE_DISCOVERY_V3.md,DUPLICATE,identical_to_C16
V16C3,data/global_dataset/reports/v3/FREE_GLOBAL_COVERAGE_STATUS.md,DUPLICATE,identical_to_C16
V16C3,data/global_dataset/reports/v3/GLOBAL_FREE_SOURCE_DISCOVERY_V3.json,DUPLICATE,identical_to_C16
V16C3,data/processed/round_2026-08-20/ROUND_2026-08-20_INTELLIGENCE.csv,DUPLICATE,identical_to_C16
V16C3,data/provenance/round_2026-08-20/ROUND_2026-08-20_PROVENANCE.csv,DUPLICATE,identical_to_C16
V16C3,data/coverage/free_enrichment_v4/FREE_DATA_COVERAGE_MATRIX_V4.csv,DUPLICATE,identical_to_C16
V16C3,data/coverage/free_enrichment_v5/V5_LAYER_COVERAGE.csv,DUPLICATE,identical_to_C16
V16C3,data/conmebol/raw/conmebol_sudamericana_2024.txt,DUPLICATE,identical_to_C16
V16C3,data/conmebol/raw/conmebol_sudamericana_2022.txt,DUPLICATE,identical_to_C16
V16C3,data/conmebol/raw/libertadores_brazilian_soccer_data.csv,DUPLICATE,identical_to_C16
V16C3,data/conmebol/raw/conmebol_sudamericana_2025.txt,DUPLICATE,identical_to_C16
V16C3,data/conmebol/raw/conmebol_sudamericana_2020.txt,DUPLICATE,identical_to_C16
V16C3,data/conmebol/raw/conmebol_sudamericana_2023.txt,DUPLICATE,identical_to_C16
V16C3,data/conmebol/raw/conmebol_sudamericana_2021.txt,DUPLICATE,identical_to_C16
V16C3,data/conmebol/schemas/CONMEBOL_SCHEMA.md,DUPLICATE,identical_to_C16
V16C3,data/conmebol/manifests/CONMEBOL_EXECUTION_MANIFEST.json,DUPLICATE,identical_to_C16
V16C3,data/conmebol/manifests/CONMEBOL_ACQUISITION_MATRIX.csv,DUPLICATE,identical_to_C16
V16C3,data/conmebol/provenance/CONMEBOL_PROVENANCE.csv,DUPLICATE,identical_to_C16
V16C3,data/conmebol/processed/CONMEBOL_MATCHES_REAL.csv,DUPLICATE,identical_to_C16
V16C3,data/enrichment/free_data/FOOTBALL_CANONICAL_ENRICHED_FREE.csv,DUPLICATE,identical_to_C16
V16C3,data/enrichment/free_data/MATCH_STATISTICS_FREE.csv,DUPLICATE,identical_to_C16
V16C3,data/enrichment/free_data/PLAYER_ENTITY_RESOLUTION_V6.csv,DUPLICATE,identical_to_C16
V16C3,data/enrichment/free_data/PLAYER_MASTER_V6.csv,DUPLICATE,identical_to_C16
V16C3,data/enrichment/free_data/PLAYER_TEAM_HISTORY_V6.csv,DUPLICATE,identical_to_C16
V16C3,data/raw/acquisition_worker/footballcsv_2024_br1.csv,DUPLICATE,identical_to_C16
V16C3,data/raw/acquisition_worker/brazil_squad_2024_flamengo.txt,DUPLICATE,identical_to_C16
V16C3,data/raw/acquisition_worker/pytest_2122_E0.csv,DUPLICATE,identical_to_C16
V16C3,data/raw/acquisition_worker/brazil_squad_2024_palmeiras.txt,DUPLICATE,identical_to_C16
V16C3,data/raw/global_acquisition/football_data/2122_E0.csv,DUPLICATE,identical_to_C16
V16C3,data/raw/global_acquisition/football_data/epl_2021_direct.csv,DUPLICATE,identical_to_C16
V16C3,data/raw/global_acquisition/football_data/2122_D1.csv,DUPLICATE,identical_to_C16
V16C3,data/raw/global_acquisition/football_data/2223_E0.csv,DUPLICATE,identical_to_C16
V16C3,data/raw/global_acquisition/football_data/2223_D1.csv,DUPLICATE,identical_to_C16
V16C3,data/raw/global_acquisition/football_data/2324_E0.csv,DUPLICATE,identical_to_C16
V16C3,reports/v2_master/RUN_TEST_RESULTS.txt,DUPLICATE,identical_to_C16
V16C3,reports/v2_master/SNAPSHOT_INTEGRITY_V2.json,DUPLICATE,identical_to_C16
V16C3,reports/phase3/GLOBAL_FOOTBALL_DATA_ACQUISITION_REPORT.md,DUPLICATE,identical_to_C16
V16C3,reports/phase3/COMPETITION_MARKET_MATRIX.md,DUPLICATE,identical_to_C16
V16C3,reports/phase3/DATA_QUALITY_REPORT.md,DUPLICATE,identical_to_C16
V16C3,reports/phase3/DATA_PROVENANCE_REPORT.md,DUPLICATE,identical_to_C16
V16C3,reports/phase3/FEATURE_RESEARCH.md,DUPLICATE,identical_to_C16
V16C3,reports/phase3/CARD_MARKET_REPORT.md,DUPLICATE,identical_to_C16
V16C3,reports/phase3/SOURCE_DISCOVERY_MATRIX.json,DUPLICATE,identical_to_C16
V16C3,reports/phase3/PHASE3_EXECUTION_README.md,DUPLICATE,identical_to_C16
V16C3,reports/phase3/CARD_RESEARCH_REPORT.md,DUPLICATE,identical_to_C16
V16C3,reports/phase3/COMPETITION_RESEARCH_REPORT.md,DUPLICATE,identical_to_C16
V16C3,reports/phase3/MARKET_RESEARCH_REPORT.md,DUPLICATE,identical_to_C16
V16C3,reports/phase3/SIGNAL_DISCOVERY_REPORT.md,DUPLICATE,identical_to_C16
V16C3,reports/phase3/CORNER_MARKET_REPORT.md,DUPLICATE,identical_to_C16
V16C3,reports/phase3/ODDS_DATA_REPORT.md,DUPLICATE,identical_to_C16
V16C3,reports/phase3/PIT_REPORT.md,DUPLICATE,identical_to_C16
V16C3,reports/phase3/EDGE_DISCOVERY_REPORT.md,DUPLICATE,identical_to_C16
V16C3,reports/phase3/MARKET_MICROSTRUCTURE.md,DUPLICATE,identical_to_C16
V16C3,reports/phase3/ABLATION_REPORT.md,DUPLICATE,identical_to_C16
V16C3,reports/phase3/HOLDOUT_REPORT.md,DUPLICATE,identical_to_C16
V16C3,reports/phase3/EDGE_DISCOVERY.md,DUPLICATE,identical_to_C16
V16C3,reports/phase3/WEB_SOURCE_VERIFICATION.md,DUPLICATE,identical_to_C16
V16C3,reports/phase3/LOWER_LEAGUES_RESEARCH.md,DUPLICATE,identical_to_C16
V16C3,reports/phase3/MARKET_VS_ROBO.md,DUPLICATE,identical_to_C16
V16C3,reports/phase3/WALK_FORWARD_REPORT.md,DUPLICATE,identical_to_C16
V16C3,reports/phase3/FINAL_SCIENTIFIC_STATUS.md,DUPLICATE,identical_to_C16
V16C3,reports/phase3/PRE_MATCH_RESEARCH.md,DUPLICATE,identical_to_C16
V16C3,reports/phase3/GLOBAL_COMPETITION_COVERAGE.md,DUPLICATE,identical_to_C16
V16C3,reports/phase3/MODEL_COMPARISON.md,DUPLICATE,identical_to_C16
V16C3,reports/phase3/DATA_QUALITY.json,DUPLICATE,identical_to_C16
V16C3,reports/phase3/GLOBAL_DATA_ACQUISITION_REPORT.md,DUPLICATE,identical_to_C16
V16C3,reports/phase3/LOWER_DIVISION_RESEARCH_REPORT.md,DUPLICATE,identical_to_C16
V16C3,reports/phase3/DATA_ACQUISITION_REPORT.md,DUPLICATE,identical_to_C16
V16C3,reports/phase3/MULTIPLE_TESTING_REPORT.md,DUPLICATE,identical_to_C16
V16C3,reports/phase3/MARKET_COVERAGE_REPORT.md,DUPLICATE,identical_to_C16
V16C3,reports/phase3/RESEARCH_HYPOTHESES.md,DUPLICATE,identical_to_C16
V16C3,reports/phase3/LOW_COVERAGE_MARKETS_REPORT.md,DUPLICATE,identical_to_C16
V16C3,reports/phase3/MODEL_COMPARISON_REPORT.md,DUPLICATE,identical_to_C16
V16C3,reports/phase3/PIT_DATA_REPORT.md,DUPLICATE,identical_to_C16
V16C3,reports/phase3/OOS_REPORT.md,DUPLICATE,identical_to_C16
V16C3,reports/phase3/ODDS_MARKET_MICROSTRUCTURE_REPORT.md,DUPLICATE,identical_to_C16
V16C3,reports/phase3/LEAGUE_MARKET_ANALYSIS_REPORT.md,DUPLICATE,identical_to_C16
V16C3,reports/phase3/LIVE_RESEARCH.md,DUPLICATE,identical_to_C16
V16C3,reports/phase3/FEATURE_RESEARCH_REPORT.md,DUPLICATE,identical_to_C16
V16C3,reports/phase3/CLV_REPORT.md,DUPLICATE,identical_to_C16
V16C3,reports/phase3/TOP_20_RESEARCH_CANDIDATES.md,DUPLICATE,identical_to_C16
V16C3,reports/phase3/OVERFITTING_REPORT.md,DUPLICATE,identical_to_C16
V16C3,reports/phase3/GLOBAL_RESEARCH_EXECUTION_MANIFEST.json,DUPLICATE,identical_to_C16
V16C3,reports/phase3/ODDS_RESEARCH.md,DUPLICATE,identical_to_C16
V16C3,reports/phase3/ANOMALY_RESEARCH_REPORT.md,DUPLICATE,identical_to_C16
V16C3,reports/phase3/TOP_20_REJECTED_SIGNALS.md,DUPLICATE,identical_to_C16
V16C3,reports/phase3/TOP_20_DATA_GAPS.md,DUPLICATE,identical_to_C16
V16C3,reports/phase3/FINAL_RESEARCH_AUDIT.md,DUPLICATE,identical_to_C16
V16C3,reports/phase3/DATA_COVERAGE_MATRIX.md,DUPLICATE,identical_to_C16
V16C3,reports/phase3/CORNERS_RESEARCH_REPORT.md,DUPLICATE,identical_to_C16
V16C3,reports/phase3/BASELINE_COMPARISON_REPORT.md,DUPLICATE,identical_to_C16
V16C3,reports/phase3/GLOBAL_COMPETITION_COVERAGE_REPORT.md,DUPLICATE,identical_to_C16
V16C3,reports/phase3/RESEARCH_CANDIDATES.md,DUPLICATE,identical_to_C16
V16C3,reports/phase3/ROBO_BEHAVIOR_REPORT.md,DUPLICATE,identical_to_C16
V16C3,reports/phase3/FEATURE_ABLATION_REPORT.md,DUPLICATE,identical_to_C16
V16C3,reports/phase3/PHASE3_RESULTS.json,DUPLICATE,identical_to_C16
V16C3,reports/real_day_prematch/REAL_DAY_EXECUTION_SUMMARY.json,DUPLICATE,identical_to_C16
V16C3,reports/real_day_prematch/REAL_DAY_PREMATCH_REPORT.md,DUPLICATE,identical_to_C16
V16C3,reports/real_day_prematch/REAL_DAY_TOP_SIGNALS.md,DUPLICATE,identical_to_C16
V16C3,reports/real_day_prematch/REAL_DAY_LIMITATIONS.md,DUPLICATE,identical_to_C16
V16C3,reports/phase2/DATA_QUALITY_REPORT.md,DUPLICATE,identical_to_C16
V16C3,reports/phase2/CARD_MARKET_REPORT.md,DUPLICATE,identical_to_C16
V16C3,reports/phase2/EMPIRICAL_RESULTS.json,DUPLICATE,identical_to_C16
V16C3,reports/phase2/MARKET_COMPARISON_REPORT.md,DUPLICATE,identical_to_C16
V16C3,reports/phase2/HOLDOUT_REPORT.md,DUPLICATE,identical_to_C16
V16C3,reports/phase2/DATA_ACQUISITION.json,DUPLICATE,identical_to_C16
V16C3,reports/phase2/WALK_FORWARD_REPORT.md,DUPLICATE,identical_to_C16
V16C3,reports/phase2/FINAL_SCIENTIFIC_STATUS.md,DUPLICATE,identical_to_C16
V16C3,reports/phase2/EMPIRICAL_RESEARCH_REPORT.md,DUPLICATE,identical_to_C16
V16C3,reports/phase2/DATA_QUALITY.json,DUPLICATE,identical_to_C16
V16C3,reports/phase2/DATA_ACQUISITION_REPORT.md,DUPLICATE,identical_to_C16
V16C3,reports/phase2/MODEL_COMPARISON_REPORT.md,DUPLICATE,identical_to_C16
V16C3,reports/phase2/OOS_REPORT.md,DUPLICATE,identical_to_C16
V16C3,reports/phase2/CLV_REPORT.md,DUPLICATE,identical_to_C16
V16C3,reports/phase2/ROBO_BEHAVIOR_REPORT.md,DUPLICATE,identical_to_C16
V16C3,reports/phase2/FEATURE_ABLATION_REPORT.md,DUPLICATE,identical_to_C16
V16C3,reports/conmebol/CONTEXT_INTELLIGENCE_REPORT.md,DUPLICATE,identical_to_C16
V16C3,reports/conmebol/INJURY_RETURN_REPORT.md,DUPLICATE,identical_to_C16
V16C3,reports/conmebol/CONMEBOL_NEGATIVE_RESULTS.csv,DUPLICATE,identical_to_C16
V16C3,reports/conmebol/PLAYER_IMPACT_REPORT.md,DUPLICATE,identical_to_C16
V16C3,reports/conmebol/COMPETITIVE_MOTIVATION_REPORT.md,DUPLICATE,identical_to_C16
V16C3,reports/conmebol/PATTERN_DISCOVERY_NEGATIVE_RESULTS.md,DUPLICATE,identical_to_C16
V16C3,reports/conmebol/CONMEBOL_PATTERN_RESULTS.csv,DUPLICATE,identical_to_C16
V16C3,reports/conmebol/PATTERN_DISCOVERY_WALK_FORWARD.md,DUPLICATE,identical_to_C16
V16C3,reports/conmebol/FINAL_SCIENTIFIC_STATUS.md,DUPLICATE,identical_to_C16
V16C3,reports/conmebol/PATTERN_DISCOVERY_MULTIPLE_TESTING.md,DUPLICATE,identical_to_C16
V16C3,reports/conmebol/CONMEBOL_HYPOTHESES.csv,DUPLICATE,identical_to_C16
V16C3,reports/conmebol/CONMEBOL_DATASET_COVERAGE.csv,DUPLICATE,identical_to_C16
V16C3,reports/conmebol/CONMEBOL_MODEL_RESULTS.json,DUPLICATE,identical_to_C16
V16C3,reports/conmebol/PATTERN_DISCOVERY_OOS.md,DUPLICATE,identical_to_C16
V16C3,reports/conmebol/CONMEBOL_FEATURE_IMPORTANCE.csv,DUPLICATE,identical_to_C16
V16C3,reports/conmebol/CONMEBOL_DATASET_FINAL_REPORT.md,DUPLICATE,identical_to_C16
V16C3,reports/conmebol/PATTERN_DISCOVERY_GLOBAL_REPORT.md,DUPLICATE,identical_to_C16
V16C3,reports/cycle3/CYCLE3_MANIFEST.json,DUPLICATE,identical_to_C16
V16C3,reports/cycle3/CYCLE3_SELECTION_THRESHOLDS.csv,DUPLICATE,identical_to_C16
V16C3,reports/cycle3/CYCLE3_PORTFOLIO_MATRIX.csv,DUPLICATE,identical_to_C16
V16C3,reports/cycle3/CYCLE3_MODEL_DIAGNOSTICS.csv,DUPLICATE,identical_to_C16
V16C3,reports/cycle3/CYCLE3_OOS_DECISIONS.csv,DUPLICATE,identical_to_C16
V16C3,reports/cycle3/CYCLE3_WALK_FORWARD_SELECTION.csv,DUPLICATE,identical_to_C16
V16C3,reports/cycle3/CYCLE3_WALK_FORWARD_SUMMARY.csv,DUPLICATE,identical_to_C16
V16C3,reports/cycle3/CYCLE3_DIVERGENCE_BUCKETS.csv,DUPLICATE,identical_to_C16
V16C3,reports/cycle3/CYCLE3_COMMON_SAMPLE_HOME_WIN.csv,DUPLICATE,identical_to_C16
V16C3,reports/cycle3/CYCLE3_EV_BUCKETS.csv,DUPLICATE,identical_to_C16
V16C3,reports/cycle3/CYCLE3_EXPERIMENT_REGISTRY.json,DUPLICATE,identical_to_C16
V16C3,reports/cycle3/CYCLE3_WALK_FORWARD_META.json,DUPLICATE,identical_to_C16
V16C3,reports/cycle3/CYCLE3_PRICED_OOS_DECISIONS.csv,DUPLICATE,identical_to_C16
V16C3,reports/cycle3/CYCLE3_EXECUTIVE_REPORT.md,DUPLICATE,identical_to_C16
V16C3,reports/coverage/DATA_COVERAGE_GAPS.md,DUPLICATE,identical_to_C16
V16C3,reports/coverage/ACQUISITION_PRIORITY.csv,DUPLICATE,identical_to_C16
V16C3,reports/coverage/DATA_COVERAGE_2020_2026.csv,DUPLICATE,identical_to_C16
V16C3,reports/post_match_pilot/POST_MATCH_PILOT_REPORT.md,DUPLICATE,identical_to_C16
V16C3,reports/post_match_pilot/DATASET_INTEGRITY_BEFORE_AFTER.md,DUPLICATE,identical_to_C16
V16C3,reports/free_enrichment_v4/LINEUP_COVERAGE_REPORT.md,DUPLICATE,identical_to_C16
V16C3,reports/free_enrichment_v4/TEMPORAL_DATA_QUALITY_REPORT.md,DUPLICATE,identical_to_C16
V16C3,reports/free_enrichment_v4/SOFASCORE_ASSESSMENT.md,DUPLICATE,identical_to_C16
V16C3,reports/free_enrichment_v4/SECURITY_SCAN.txt,DUPLICATE,identical_to_C16
V16C3,reports/free_enrichment_v4/PAID_DATA_GAP_REPORT.md,DUPLICATE,identical_to_C16
V16C3,reports/free_enrichment_v4/INJURY_COVERAGE_REPORT.md,DUPLICATE,identical_to_C16
V16C3,reports/free_enrichment_v4/ODDS_COVERAGE_REPORT.md,DUPLICATE,identical_to_C16
V16C3,reports/free_enrichment_v4/EVENT_COVERAGE_REPORT.md,DUPLICATE,identical_to_C16
V16C3,reports/free_enrichment_v4/PLAYER_COVERAGE_REPORT.md,DUPLICATE,identical_to_C16
V16C3,reports/free_enrichment_v4/PIT_COVERAGE_REPORT.md,DUPLICATE,identical_to_C16
V16C3,reports/free_enrichment_v4/GLOBAL_FREE_DATA_DISCOVERY_REPORT.md,DUPLICATE,identical_to_C16
V16C3,reports/free_enrichment_v4/XG_COVERAGE_REPORT.md,DUPLICATE,identical_to_C16
V16C3,reports/free_enrichment_v4/ENTITY_RESOLUTION_REPORT.md,DUPLICATE,identical_to_C16
V16C3,reports/free_enrichment_v4/SUSPENSION_COVERAGE_REPORT.md,DUPLICATE,identical_to_C16
V16C3,reports/free_enrichment_v4/README_V4.md,DUPLICATE,identical_to_C16
V16C3,reports/free_enrichment_v4/SOURCE_REGISTRY_V4.csv,DUPLICATE,identical_to_C16
V16C3,reports/free_enrichment_v4/ACQUISITION_MANIFEST_V4.csv,DUPLICATE,identical_to_C16
V16C3,reports/free_enrichment_v4/API_READINESS_MATRIX_V4.csv,DUPLICATE,identical_to_C16
V16C3,reports/free_enrichment_v4/GLOBAL_ENRICHMENT_STATUS_V4.json,DUPLICATE,identical_to_C16
V16C3,reports/free_enrichment_v4/DATA_GAP_MASTER.csv,DUPLICATE,identical_to_C16
V16C3,reports/context_transfer/SOURCE_CONFLICT_ENGINE.md,DUPLICATE,identical_to_C16
V16C3,reports/context_transfer/ACQUISITION_STATUS.md,DUPLICATE,identical_to_C16
V16C3,reports/context_transfer/MOTIVATION_CONTEXT_REPORT.md,DUPLICATE,identical_to_C16
V16C3,reports/context_transfer/PLAYER_IMPACT_REPORT.md,DUPLICATE,identical_to_C16
V16C3,reports/context_transfer/NEGATIVE_FINDINGS.md,DUPLICATE,identical_to_C16
V16C3,reports/context_transfer/FINAL_SCIENTIFIC_STATUS.md,DUPLICATE,identical_to_C16
V16C3,reports/context_transfer/CONTEXT_TRANSFER_FINAL_REPORT.md,DUPLICATE,identical_to_C16
V16C3,reports/context_transfer/MODEL_COMPARISON.md,DUPLICATE,identical_to_C16
V16C3,reports/context_transfer/RIVALRY_INTELLIGENCE_REPORT.md,DUPLICATE,identical_to_C16
V16C3,reports/context_transfer/FEATURE_ABLATION_REPORT.md,DUPLICATE,identical_to_C16
V16C3,reports/context_transfer/CONTEXT_TRANSFER_AUDIT.md,DUPLICATE,identical_to_C16
V16C3,reports/v19/V19_SCORELINE_REPORT.md,DUPLICATE,identical_to_C16
V16C3,reports/v19/V19_DATA_ACQUISITION_REPORT.md,DUPLICATE,identical_to_C16
V16C3,reports/v19/V19_EXPERIMENTS_REPORT.md,DUPLICATE,identical_to_C16
V16C3,reports/v19/V19_MARKET_DISLOCATION_REPORT.md,DUPLICATE,identical_to_C16
V16C3,reports/v19/V19_PERFORMANCE.json,DUPLICATE,identical_to_C16
V16C3,reports/v19/V19_FINAL_REPORT.md,DUPLICATE,identical_to_C16
V16C3,reports/v19/V19_MATRIX.md,DUPLICATE,identical_to_C16
V16C3,reports/v19/V19_ROBUSTNESS_REPORT.md,DUPLICATE,identical_to_C16
V16C3,reports/v19/V19_FULL_SYSTEM_VALIDATION.json,DUPLICATE,identical_to_C16
V16C3,reports/v19/V19_FINAL_SYSTEM_AUDIT.md,DUPLICATE,identical_to_C16
V16C3,reports/v19/V19_OOS_REPORT.md,DUPLICATE,identical_to_C16
V16C3,reports/v19/V19_PRICING_AUDIT.md,DUPLICATE,identical_to_C16
V16C3,reports/v19/V19_CALIBRATION_REPORT.md,DUPLICATE,identical_to_C16
V16C3,reports/v19/V19_REGRESSION_AUDIT.md,DUPLICATE,identical_to_C16
V16C3,reports/v19/V19_SECURITY_SCAN.json,DUPLICATE,identical_to_C16
V16C3,reports/v19/V19_BACKTEST_REPORT.md,DUPLICATE,identical_to_C16
V16C3,reports/v19/V19_BENCHMARK_REPORT.md,DUPLICATE,identical_to_C16
V16C3,reports/v8/V8_PAID_GAP_MATRIX.csv,DUPLICATE,identical_to_C16
V16C3,reports/v8/V8_LINEUP_REPORT.md,DUPLICATE,identical_to_C16
V16C3,reports/v8/V8_LOCAL_DATA_INVENTORY.csv,DUPLICATE,identical_to_C16
V16C3,reports/v8/V8_INJURY_REPORT.md,DUPLICATE,identical_to_C16
V16C3,reports/v8/V8_XG_REPORT.md,DUPLICATE,identical_to_C16
V16C3,reports/v8/V8_EVENT_REPORT.md,DUPLICATE,identical_to_C16
V16C3,reports/v8/V8_ACQUISITION_REPORT.md,DUPLICATE,identical_to_C16
V16C3,reports/v8/V8_PUBLIC_DATASET_DISCOVERY.csv,DUPLICATE,identical_to_C16
V16C3,reports/v8/V8_MASTER_STAFF_REPORT.md,DUPLICATE,identical_to_C16
V16C3,reports/v8/V8_EXECUTION_EVIDENCE.json,DUPLICATE,identical_to_C16
V16C3,reports/v8/V8_BEFORE_AFTER_MATRIX.csv,DUPLICATE,identical_to_C16
V16C3,reports/v8/V8_ODDS_REPORT.md,DUPLICATE,identical_to_C16
V16C3,reports/v8/V8_SUSPENSION_REPORT.md,DUPLICATE,identical_to_C16
V16C3,reports/v8/V8_ENRICHMENT_REPORT.md,DUPLICATE,identical_to_C16
V16C3,reports/v8/V8_PROVENANCE_REPORT.md,DUPLICATE,identical_to_C16
V16C3,reports/v8/V8_DATA_GAP_MATRIX.csv,DUPLICATE,identical_to_C16
V16C3,reports/v8/V8_PLAYER_REPORT.md,DUPLICATE,identical_to_C16
V16C3,reports/v8/V8_WEATHER_REPORT.md,DUPLICATE,identical_to_C16
V16C3,reports/v8/V8_SOURCE_COVERAGE.csv,DUPLICATE,identical_to_C16
V16C3,reports/v8/V8_LOCAL_MATERIALIZATION_SUMMARY.json,DUPLICATE,identical_to_C16
V16C3,reports/v8/V8_PIT_REPORT.md,DUPLICATE,identical_to_C16
V16C3,reports/intelligence/GLOBAL_INTELLIGENCE_EXECUTION_MANIFEST.json,DUPLICATE,identical_to_C16
V16C3,reports/intelligence/GLOBAL_INTELLIGENCE_EXECUTION_REPORT.md,DUPLICATE,identical_to_C16
V16C3,reports/v17/V17_RESEARCH_EXECUTION.json,DUPLICATE,identical_to_C16
V16C3,reports/v17/V17_FULL_SYSTEM_VALIDATION.json,DUPLICATE,identical_to_C16
V16C3,reports/master_staff/MASTER_STAFF_SCIENTIFIC_STATUS.md,DUPLICATE,identical_to_C16
V16C3,reports/master_staff/NEGATIVE_RESULTS.csv,DUPLICATE,identical_to_C16
V16C3,reports/master_staff/MASTER_STAFF_VALUE_PRICING_EXECUTION.json,DUPLICATE,identical_to_C16
V16C3,reports/master_staff/SCIENTIFIC_STATUS_FINAL.md,DUPLICATE,identical_to_C16
V16C3,reports/master_staff/MASTER_STAFF_VALIDATION.json,DUPLICATE,identical_to_C16
V16C3,reports/master_staff/EVIDENCE_STATE.json,DUPLICATE,identical_to_C16
V16C3,reports/master_staff/FINAL_DELIVERY_SUMMARY.md,DUPLICATE,identical_to_C16
V16C3,reports/master_staff/MASTER_STAFF_ROUND_ANALYSIS_REPORT.md,DUPLICATE,identical_to_C16
V16C3,reports/master_staff/MASTER_STAFF_FINAL_SUMMARY.json,DUPLICATE,identical_to_C16
V16C3,reports/master_staff/MASTER_STAFF_EXECUTION.md,DUPLICATE,identical_to_C16
V16C3,reports/master_staff/MASTER_STAFF_H2H_RIVALRY_REPORT.md,DUPLICATE,identical_to_C16
V16C3,reports/master_staff/MASTER_STAFF_VALUE_PRICING_REPORT.md,DUPLICATE,identical_to_C16
V16C3,reports/master_staff/MASTER_STAFF_MARKET_QUALITY_REPORT.md,DUPLICATE,identical_to_C16
V16C3,reports/master_staff/TEST_EXECUTION_FINAL.json,DUPLICATE,identical_to_C16
V16C3,reports/master_staff/GLOBAL_PREMATCH_INTELLIGENCE_V2_TEST_REPORT.md,DUPLICATE,identical_to_C16
V16C3,reports/master_staff/MASTER_STAFF_CONTEXT_INTELLIGENCE.md,DUPLICATE,identical_to_C16
V16C3,reports/master_staff/LOCAL_ACQUISITION_SNAPSHOT_HASH_AUDIT.txt,DUPLICATE,identical_to_C16
V16C3,reports/master_staff/MASTER_STAFF_PLAYER_IMPACT_REPORT.md,DUPLICATE,identical_to_C16
V16C3,reports/master_staff/MASTER_STAFF_FINAL_REPORT.md,DUPLICATE,identical_to_C16
V16C3,reports/free_enrichment_v5/LINEUP_COVERAGE_REPORT.md,DUPLICATE,identical_to_C16
V16C3,reports/free_enrichment_v5/TEMPORAL_DATA_QUALITY_REPORT.md,DUPLICATE,identical_to_C16
V16C3,reports/free_enrichment_v5/NETWORK_PROBE.json,DISCARDED,conflict_resolved_in_favor_of_C18
V16C3,reports/free_enrichment_v5/SNAPSHOT_INTEGRITY_V5.txt,DUPLICATE,identical_to_C16
V16C3,reports/free_enrichment_v5/SOFASCORE_ASSESSMENT.md,DUPLICATE,identical_to_C16
V16C3,reports/free_enrichment_v5/FREE_DATA_COVERAGE_REPORT.md,DUPLICATE,identical_to_C16
V16C3,reports/free_enrichment_v5/PAID_DATA_GAP_REPORT.md,DUPLICATE,identical_to_C16
V16C3,reports/free_enrichment_v5/INJURY_COVERAGE_REPORT.md,DUPLICATE,identical_to_C16
V16C3,reports/free_enrichment_v5/ODDS_COVERAGE_REPORT.md,DUPLICATE,identical_to_C16
V16C3,reports/free_enrichment_v5/EVENT_COVERAGE_REPORT.md,DUPLICATE,identical_to_C16
V16C3,reports/free_enrichment_v5/PLAYER_COVERAGE_REPORT.md,DUPLICATE,identical_to_C16
V16C3,reports/free_enrichment_v5/SECURITY_SCAN_V5.txt,DUPLICATE,identical_to_C16
V16C3,reports/free_enrichment_v5/PIT_COVERAGE_REPORT.md,DUPLICATE,identical_to_C16
V16C3,reports/free_enrichment_v5/GLOBAL_ENRICHMENT_STATUS_V5.json,DISCARDED,conflict_resolved_in_favor_of_C18
V16C3,reports/free_enrichment_v5/XG_COVERAGE_REPORT.md,DUPLICATE,identical_to_C16
V16C3,reports/free_enrichment_v5/SUSPENSION_COVERAGE_REPORT.md,DUPLICATE,identical_to_C16
V16C3,reports/free_enrichment_v5/GLOBAL_DATA_COVERAGE_REPORT.md,DUPLICATE,identical_to_C16
V16C3,reports/context_intelligence/CONTEXT_INTELLIGENCE_REPORT.md,DUPLICATE,identical_to_C16
V16C3,reports/context_intelligence/INJURY_RETURN_REPORT.md,DUPLICATE,identical_to_C16
V16C3,reports/context_intelligence/PLAYER_IMPACT_REPORT.md,DUPLICATE,identical_to_C16
V16C3,reports/context_intelligence/COMPETITIVE_MOTIVATION_REPORT.md,DUPLICATE,identical_to_C16
V16C3,reports/context_intelligence/PATTERN_DISCOVERY_NEGATIVE_RESULTS.md,DUPLICATE,identical_to_C16
V16C3,reports/context_intelligence/PATTERN_DISCOVERY_WALK_FORWARD.md,DUPLICATE,identical_to_C16
V16C3,reports/context_intelligence/PATTERN_DISCOVERY_MULTIPLE_TESTING.md,DUPLICATE,identical_to_C16
V16C3,reports/context_intelligence/PATTERN_DISCOVERY_OOS.md,DUPLICATE,identical_to_C16
V16C3,reports/context_intelligence/FINAL_VALIDATION.json,DUPLICATE,identical_to_C16
V16C3,reports/context_intelligence/PATTERN_DISCOVERY_GLOBAL_REPORT.md,DUPLICATE,identical_to_C16
V16C3,reports/cycle2/CYCLE2_PRICING_OVER25.csv,DUPLICATE,identical_to_C16
V16C3,reports/cycle2/CYCLE2_EXPERIMENT_REGISTRY.jsonl,DUPLICATE,identical_to_C16
V16C3,reports/cycle2/CYCLE2_PRICING_HOME.csv,DUPLICATE,identical_to_C16
V16C3,reports/cycle2/CYCLE2_FEATURE_COMPARISON_COMMON_SAMPLE.csv,DUPLICATE,identical_to_C16
V16C3,reports/cycle2/CYCLE2_SIZING_SIMULATION.csv,DUPLICATE,identical_to_C16
V16C3,reports/cycle2/CYCLE2_RESEARCH_FEATURES.csv,DUPLICATE,identical_to_C16
V16C3,reports/cycle2/CYCLE2_ABLATION_SUMMARY.csv,DUPLICATE,identical_to_C16
V16C3,reports/cycle2/CYCLE2_MARKET_DIVERGENCE_SUMMARY.csv,DUPLICATE,identical_to_C16
V16C3,reports/cycle2/CYCLE2_ODDS_BUCKETS.csv,DUPLICATE,identical_to_C16
V16C3,reports/cycle2/CYCLE2_MARKET_DIVERGENCE.csv,DUPLICATE,identical_to_C16
V16C3,reports/cycle2/CYCLE2_MODEL_RESULTS.csv,DUPLICATE,identical_to_C16
V16C3,reports/cycle2/CYCLE2_MARKET_ONLY_RESULTS.csv,DUPLICATE,identical_to_C16
V16C3,reports/cycle2/CYCLE2_MODEL_SUMMARY.csv,DUPLICATE,identical_to_C16
V16C3,reports/cycle2/market_only_pricing_oos.csv,DUPLICATE,identical_to_C16
V16C3,reports/cycle2/CYCLE2_EXECUTIVE_REPORT.md,DUPLICATE,identical_to_C16
V16C3,reports/cycle2/CYCLE2_ABLATION_RESULTS.csv,DUPLICATE,identical_to_C16
V16C3,reports/cycle2/CYCLE2_MARKET_ONLY_COMMON_SAMPLE.csv,DUPLICATE,identical_to_C16
V16C3,reports/cycle2/CYCLE2_BASELINE_CANDIDATE_COMPARISON.csv,DUPLICATE,identical_to_C16
V16C3,reports/cycle2/robo_logistic_full_pricing_oos.csv,DUPLICATE,identical_to_C16
V16C3,reports/expansion/BLOCKED_SOURCES.md,DUPLICATE,identical_to_C16
V16C3,reports/expansion/FINAL_EXPANSION_AUDIT.md,DUPLICATE,identical_to_C16
V16C3,reports/expansion/DATA_ACQUISITION_REPORT.md,DUPLICATE,identical_to_C16
V16C3,reports/expansion/MATERIALIZED_SOURCES.md,DUPLICATE,identical_to_C16
V16C3,reports/expansion/GLOBAL_COMPETITION_PLAN.md,DUPLICATE,identical_to_C16
V16C3,reports/expansion/EXPANSION_EXECUTION.json,DUPLICATE,identical_to_C16
V16C3,reports/expansion/BEFORE_VS_AFTER.md,DUPLICATE,identical_to_C16
V16C3,reports/v18/V18_RESEARCH_EXECUTION.json,DUPLICATE,identical_to_C16
V16C3,reports/v18/V18_FULL_SYSTEM_VALIDATION.json,DUPLICATE,identical_to_C16
V16C3,reports/real_data_pilot/DATA_QUALITY.json,DUPLICATE,identical_to_C16
V16C3,reports/real_data_pilot/MARKET_ONLY_1X2.json,DUPLICATE,identical_to_C16
V16C3,reports/real_data_pilot/DATASET_MANIFEST.json,DUPLICATE,identical_to_C16
V16C3,reports/rounds/2026-08-20/ROUND_2026-08-20_MATCH_REGISTRY.csv,DUPLICATE,identical_to_C16
V16C3,reports/rounds/2026-08-20/ROUND_2026-08-20_INTERNAL_MODEL_COVERAGE.csv,DUPLICATE,identical_to_C16
V16C3,reports/rounds/2026-08-20/ROUND_2026-08-20_MARKET_REFERENCES.csv,DUPLICATE,identical_to_C16
V16C3,reports/rounds/2026-08-20/ROUND_2026-08-20_MASTER_STAFF_REPORT.md,DUPLICATE,identical_to_C16
V16C3,reports/rounds/2026-08-20/ROUND_2026-08-20_FINAL_REPORT.md,DUPLICATE,identical_to_C16
V16C3,reports/rounds/2026-08-20/ROUND_2026-08-20_ACQUISITION_MANIFEST.csv,DUPLICATE,identical_to_C16
V16C3,reports/rounds/2026-08-20/ROUND_2026-08-20_MASTER_STAFF_SUMMARY.json,DUPLICATE,identical_to_C16
V16C3,reports/rounds/2026-08-20/ROUND_2026-08-20_SUMMARY.json,DUPLICATE,identical_to_C16
V16C3,reports/v18/execution/pytest.txt,DUPLICATE,identical_to_C16
V16C3,reports/v18/execution/frontend_npm_test.txt,DUPLICATE,identical_to_C16
V16C3,reports/v18/execution/v17_research.txt,DUPLICATE,identical_to_C16
V16C3,reports/v18/execution/frontend_build.exit,DUPLICATE,identical_to_C16
V16C3,reports/v18/execution/api_routes.txt,DUPLICATE,identical_to_C16
V16C3,reports/v18/execution/v17_full_validation.txt,DUPLICATE,identical_to_C16
V16C3,reports/v18/execution/frontend_build.txt,DUPLICATE,identical_to_C16
V16C3,reports/v18/execution/v18_research.txt,DUPLICATE,identical_to_C16
V16C3,reports/v18/execution/self_test.txt,DUPLICATE,identical_to_C16
V16C3,reports/v18/execution/environment.txt,DUPLICATE,identical_to_C16
V16C3,reports/v18/execution/v17_acquisition.txt,DUPLICATE,identical_to_C16
V16C3,reports/v18/execution/compileall.txt,DUPLICATE,identical_to_C16
V16C3,reports/v18/execution/v18_acquisition.txt,DUPLICATE,identical_to_C16
V16C3,reports/v18/execution/v18_full_validation.txt,DUPLICATE,identical_to_C16
V16C3,reports/phase3/global/SOURCE_DISCOVERY_MATRIX.csv,DUPLICATE,identical_to_C16
V16C3,tests/v24/test_v24.py,DUPLICATE,identical_to_C16
V16C3,tests/round_scan/test_round_20260820.py,DUPLICATE,identical_to_C16
V16C3,tests/conmebol/test_pipeline.py,DUPLICATE,identical_to_C16
V16C3,tests/v5/test_v5_integrity.py,DUPLICATE,identical_to_C16
V16C3,tests/v21/test_notifications.py,DUPLICATE,identical_to_C16
V16C3,tests/v21/test_controls.py,DUPLICATE,identical_to_C16
V16C3,tests/v21/test_api.py,DUPLICATE,identical_to_C16
V16C3,tests/v21/test_live_monitor.py,DUPLICATE,identical_to_C16
V16C3,tests/v21/test_service.py,DUPLICATE,identical_to_C16
V16C3,tests/v21/test_ledger.py,DUPLICATE,identical_to_C16
V16C3,tests/v21/test_quality_controls.py,DUPLICATE,identical_to_C16
V16C3,tests/v21/test_realtime.py,DUPLICATE,identical_to_C16
V16C3,tests/v16/test_decision_replay.py,DUPLICATE,identical_to_C16
V16C3,tests/v16/test_scientific_gates.py,DUPLICATE,identical_to_C16
V16C3,tests/free_enrichment_v4/test_state_machine.py,DUPLICATE,identical_to_C16
V16C3,tests/v22/test_v22.py,DUPLICATE,identical_to_C16
V16C3,tests/v25/test_v25.py,DUPLICATE,identical_to_C16
V16C3,tests/v25/test_card_market_integration.py,DUPLICATE,identical_to_C16
V16C3,tests/v25/test_cards.py,DUPLICATE,identical_to_C16
V16C3,tests/v25/test_market_math.py,DUPLICATE,identical_to_C16
V16C3,tests/v25/test_card_provider.py,DUPLICATE,identical_to_C16
V16C3,tests/master_staff/test_post_match_coverage.py,DUPLICATE,identical_to_C16
V16C3,tests/master_staff/test_master_staff.py,DUPLICATE,identical_to_C16
V16C3,tests/master_staff/test_source_conflict_temporal.py,DUPLICATE,identical_to_C16
V16C3,tests/master_staff/test_value_pricing_quality.py,DUPLICATE,identical_to_C16
V16C3,tests/master_staff/test_master_staff_specialist.py,DUPLICATE,identical_to_C16
V16C3,tests/master_staff/test_context_temporal.py,DUPLICATE,identical_to_C16
V16C3,tests/master_staff/test_context_transfer.py,DUPLICATE,identical_to_C16
V16C3,tests/master_staff/test_round_analyzer.py,DUPLICATE,identical_to_C16
V16C3,tests/research/test_cycle3_selection.py,DUPLICATE,identical_to_C16
V16C3,tests/research/test_cycle2.py,DUPLICATE,identical_to_C16
V16C3,tests/research/test_cycle3_protocol.py,DUPLICATE,identical_to_C16
V16C3,tests/expansion/test_global_expansion.py,DUPLICATE,identical_to_C16
V16C3,tests/v23/test_v23.py,DUPLICATE,identical_to_C16
