match_id,home_opponent_strength,away_opponent_strength,home_team_strength,away_team_strength
1e8382bc0315a97601425a30,,,,
944f52cff6fc2c42e34b0e7f,,,,
755fe32cc77e59f63a38a5ee,-0.75,3.75,3.75,-0.75
b9124fa4aab2030faee2de11,,,,
275dae433ec6d14fe00661e8,1.0,1.0,1.0,1.0
4d20322acf721685e93eb60e,,,,
ca350369458de3f695bc7667,1.0,1.0,1.0,1.0
8f1ba771ef6ed45101dc835c,2.25,3.75,3.75,2.25
577088e0a4f42f534571a1e8,2.375,1.625,1.625,2.375
0cb10cb85cb4ba0d864044e4,,,,
51076782a9d2c7fec820a5e2,,,,
b6b3a5444cc299e3a63f122e,,-0.75,-0.75,
d88b2e29d23229e00b82a6a5,,0.25,0.25,
1bbb5395ca37433f8c3107f8,,,,
46482d265d9e7aa7874dfb44,,,,
5a881176df7e8b27d44cadb7,,,,
66aa447fe4301f54751d2c37,,,,
242477b779de254f60153d8d,,,,
596ddfe08f2f2ec47f86219b,,,,
e3ae55130895356783823c04,,,,
094e0e6dffdaebdf979803f2,,,,
6d7faac10bf81e751f063c2f,,,,
b056d30f27422c7d0ff994b9,,,,
c35a07297001c97f36ee0d22,-0.25,,,-0.25
060ae32a91ecf82cf25058b6,,1.5,1.5,
50cefa98d45372ebe8af0fd6,,,,
ce60ed00b8aa6ec220f2cfe7,,,,
dcce483c14c93c8a7f1ece1a,,,,
51e096ab1a872a293cdf6c26,,,,
9a04b9e4f3e23b0a24ecb55c,,,,
b90094e4c4c9700777ece5ed,,,,
1c06fa7b265bcfdca7fb1503,-0.5,3.5,3.5,-0.5
27fe5d86290b5c2e21d8c996,1.4166666666666663,-0.75,-0.75,1.4166666666666663
d4871c9362e468971c45c4f4,1.25,-0.25,-0.25,1.25
d74cc568e7501327a01d187a,1.0,1.0,1.0,1.0
08f4b791dd7e875ce3f16358,3.25,-0.25,-0.25,3.25
c34d3fe3714a7c8b9f5cc716,3.75,-0.75,-0.75,3.75
ef6d9832cd59b1cd3985e41c,-0.25,3.25,3.25,-0.25
0790599828df13bda2bc2d09,3.75,-0.75,-0.75,3.75
1665ac18a0bac7438987488a,-0.75,3.75,3.75,-0.75
8964d1ea9a8a9fa014f5feb9,3.5,-0.5,-0.5,3.5
e50486d77341709c4a41e206,3.25,-0.25,-0.25,3.25
95763819827966399501a9a0,1.0,1.0,1.0,1.0
9ddd33f10ab0903b153ac310,-0.25,1.5,1.5,-0.25
9e8e781de7ba9bd35eeb4a94,3.25,-0.25,-0.25,3.25
c1362c856d12499c267e877c,3.25,2.083333333333333,2.083333333333333,3.25
144994fb352dcbcd6a4392c0,-0.5,3.5,3.5,-0.5
63e36198466a4a1e3be2f026,3.25,-0.25,-0.25,3.25
bdd041998c598b64eb8fed00,2.25,-0.75,-0.75,2.25
c6432cccfc507b9b39eda410,3.75,-0.75,-0.75,3.75
399528446bf575764cde4162,3.25,-0.25,-0.25,3.25
46a7b67d3221c63cfeb2348e,3.25,-0.25,-0.25,3.25
d3b811bbcec8d5cd3cff17a8,3.5,-0.5,-0.5,3.5
204951c30db5e4a4be953b7f,,,,
3eeef99123130404044b4b98,,,,
490e76775782636ddb970ce4,,,,
835ad198d809c30b756bdaa7,0.125,,,0.125
c5856a0e6a8c13217344e85d,,,,
d971410550e4d9c9f478d5fd,1.5,,,1.5
15ba52269f9c42bd5d924408,,,,
2a078b36652694fbcb50753f,,,,
2dec60b3e3847de01c365762,,,,
3c013875165a01faabfcd2aa,1.375,,,1.375
9d56cbb81f2015cfec08ade9,,,,
aad9aaf9cc5a6f92dc26d9ec,,,,
c231903db2744860a2b184a4,2.1666666666666665,,,2.1666666666666665
1681daa84d733377bfbffc3d,,,,
992ec0d8ee4f4ea7bbda6486,,,,
df8edd8e0006faab19652561,,,,
51668a6bdd0b2fea0fa791a9,1.0,1.9375,1.9375,1.0
73609705339089d5c77a8d94,-0.5,-0.5,-0.5,-0.5
a1924fe2865e40e1e4ecf16f,1.0,3.25,3.25,1.0
c83ff8af19c388a8338ad28e,-0.5,-0.75,-0.75,-0.5
ed73675015ffdaa0ed358485,-0.25,0.4166666666666666,0.4166666666666666,-0.25
ed8cfe5bf9c0f2baf21145a9,3.5,2.5,2.5,3.5
04fcba5e1bad440b2d3b10ab,-0.25,3.75,3.75,-0.25
28220bb947811de221d016e5,3.25,0.6666666666666667,0.6666666666666667,3.25
452cdcff04472b45c090a9fe,3.75,-0.25,-0.25,3.75
88550313443b7f8ad0d9d892,3.5,-0.25,-0.25,3.5
8e2f5e6346c622bad20b7c27,3.25,-0.5,-0.5,3.25
8e45fae3fd2e319a91876baa,-0.75,3.25,3.25,-0.75
f3c1d5f6cdbce02d06ea8855,-0.25,1.0,1.0,-0.25
b28cb235c7667ee5e10f6060,-0.25,3.25,3.25,-0.25
d06e1e9ba7f274806f7ef505,-0.25,3.25,3.25,-0.25
d91a15e73114809112cdec9a,3.75,3.5,3.5,3.75
0261991354b3e3c0670661cb,1.5,1.375,1.375,1.5
555348aa9c40f4f5bb02f828,2.125,2.2,2.2,2.125
80e70919dafa9f7d50092a74,1.5,0.625,0.625,1.5
b167f522a023200368c86c72,1.5,1.625,1.625,1.5
1bbcd3b63d1aec30b729a709,1.375,2.375,2.375,1.375
678e93ff5a8304f5b4b46def,2.25,-0.5,-0.5,2.25
7a3e132fd068e80efa361024,-0.25,-0.25,-0.25,-0.25
c7ff7cf4dddeb6e5c867e509,2.7,1.5,1.5,2.7
eb55772131ece2158bbdab50,0.375,-0.5,-0.5,0.375
49c5d5c4d0415c134deedcf8,1.25,3.25,3.25,1.25
4dff58cd05af9457ff51f7db,0.375,-0.25,-0.25,0.375
53131e57e7704c5fc93404b8,-0.5,-0.75,-0.75,-0.5
7fe8036e952df2ac1147e564,1.75,1.75,1.75,1.75
829e6d131b77dba07fe350ff,3.5,3.75,3.75,3.5
dad5b5ccbdc8dc0a690ba0eb,-0.5,1.5,1.5,-0.5
e327e57c5b1e27db193c7035,3.25,3.25,3.25,3.25
03094565cabb78112950e9f1,0.9166666666666666,-0.5833333333333334,-0.5833333333333334,0.9166666666666666
4b2cbabbe47a7741e8b45ec0,1.6,0.3333333333333333,0.3333333333333333,1.6
79cc7785a89c3f9cc4b60310,1.9166666666666667,-0.5833333333333334,-0.5833333333333334,1.9166666666666667
8022a110e69fcbe9c7392ad8,3.25,0.9166666666666666,0.9166666666666666,3.25
ae10661510bdc2cbb2c2bf2d,1.5,2.083333333333333,2.083333333333333,1.5
ecd28aaa420037cba6e275d9,3.9166666666666665,0.75,0.75,3.9166666666666665
2afe3d5102d728c5a1b38b5f,1.3333333333333333,2.666666666666667,2.666666666666667,1.3333333333333333
52031a5e91a74b7f21c30729,1.75,1.0833333333333333,1.0833333333333333,1.75
6908fa48852acce82533f54c,2.083333333333333,-0.25,-0.25,2.083333333333333
6fe151962ee0dbb6532960f0,0.8333333333333334,0.8333333333333334,0.8333333333333334,0.8333333333333334
76e2c25104e7d002576d1ca5,2.0,2.083333333333333,2.083333333333333,2.0
9469779e139272750b4c6ba2,2.0,1.3333333333333333,1.3333333333333333,2.0
95149fdb05ddb1911905f93c,2.7916666666666665,2.25,2.25,2.7916666666666665
a87ea75ee1cc33dceeae577f,0.9166666666666666,1.0,1.0,0.9166666666666666
c7abf3361b3cf4e6fa8dfb26,2.0,0.0,0.0,2.0
ca4bd90579bb7ebcb5bad994,1.7000000000000002,-0.4166666666666667,-0.4166666666666667,1.7000000000000002
4d3f60eb886383622462bb26,-0.125,2.4375,2.4375,-0.125
64bfc3c1d3a668a702ae247f,1.375,0.5625,0.5625,1.375
67705e5b0c2b5178de3c7060,1.625,2.4375,2.4375,1.625
cdc680c72afd6f912da67099,1.9375,0.875,0.875,1.9375
e6eb619ef66f14ff95b0f344,1.4375,1.9583333333333333,1.9583333333333333,1.4375
e7feb199fc4699f409817bf3,0.875,1.8125,1.8125,0.875
17af4ec30f46543837d07087,-0.5,1.5,1.5,-0.5
180147638b88c18f3342b53c,0.5625,-0.3125,-0.3125,0.5625
48265069075e577fe7127bc2,2.75,2.25,2.25,2.75
496c521f3a634e43edfc56d2,-0.375,1.8125,1.8125,-0.375
4d802c7f41e815459197f81f,1.0,2.083333333333333,2.083333333333333,1.0
71e172e05ea090e598883709,0.9375,2.5357142857142856,2.5357142857142856,0.9375
a1bee58555c452036d63aa6b,2.4375,3.3125,3.3125,2.4375
4947a1f7a289152424dd709c,1.9375,-0.1875,-0.1875,1.9375
4c677ef479c3f7bec57efbb7,2.1785714285714284,1.25,1.25,2.1785714285714284
6a0b7a9bf60a8fe3f16bb86e,1.625,-0.0625,-0.0625,1.625
256475c9b2ff3dd8286f5d0e,1.5,0.95,0.95,1.5
456641ae1ae3d007a42ddd6a,0.7000000000000001,0.95,0.95,0.7000000000000001
832b29018f38775342af5f4b,2.75,2.25,2.25,2.75
af52a8f7223858befbedf937,1.15,2.3125,2.3125,1.15
b61936eca432f9a1e650f3bd,2.15,1.2,1.2,2.15
d89b096608b8c786bc8c9cc2,-0.3,0.75,0.75,-0.3
02b1ada098399b455d062329,-0.25,2.75,2.75,-0.25
07c8f31978c792b54c02e4a9,-0.0499999999999999,2.6,2.6,-0.0499999999999999
3297bdf67b8a21f1b450043f,0.3,2.0,2.0,0.3
5f8fccf5b8e9014183e36f4b,1.1,2.6,2.6,1.1
933e93f6f6aaaac908b217d4,0.65,2.6,2.6,0.65
ccf045c8b26e4d4aef1392f6,2.25,0.5,0.5,2.25
0703241950118a7dbfb0a00d,0.9,2.15,2.15,0.9
334f601858ff1c703debfbf3,0.3999999999999999,1.35,1.35,0.3999999999999999
380f3c43b5fe000c18cb8333,1.35,1.8214285714285716,1.8214285714285716,1.35
9840d5df16de91b99a7afd4b,1.75,0.6000000000000001,0.6000000000000001,1.75
73ecc1f8d71215c41215fabc,,1.625,1.625,
8642078bd90c905de9427352,3.875,1.0,1.0,3.875
ab29d49c7db53168e7cc83e1,,1.0,1.0,
29d61699bdeb2ad9454914ac,2.75,2.125,2.125,2.75
4dfc7ebf0b0328ffb4c41629,,0.75,0.75,
6a3d8158b5a832f11f06ee2f,,2.125,2.125,
8c6c6b325027485028a2b13e,3.375,1.625,1.625,3.375
d7a419758605f9f0d20c6211,,1.5625,1.5625,
de10376fab2a8dd65332426b,1.4375,2.375,2.375,1.4375
f6a3ece70186d863e2b28798,3.25,2.125,2.125,3.25
9a76c660d87c0f5ef87fc688,3.625,1.625,1.625,3.625
a6e311166031fde33303d3ed,,1.0,1.0,
b91b20a2264428b651742a2d,,1.5,1.5,
c0f8151ee53b022819fc1d3f,,3.25,3.25,
e6e830e0c2ca17471016c98b,,1.75,1.75,
f10ef7ea5764f1958b7a7155,3.625,3.375,3.375,3.625
03d97390ba672f465f7d58ca,1.0,1.0,1.0,1.0
8ee3ced45e997fbfdde2ee9a,2.1666666666666665,-0.25,-0.25,2.1666666666666665
a9ad5c41993ea06ddfaefc41,1.0,2.916666666666667,2.916666666666667,1.0
678c7e6314fda8b66d5b8320,0.8125,1.0,1.0,0.8125
a4e7ed2f97a03d3514ac85eb,1.9,-0.25,-0.25,1.9
aa28a39b6445c8bd41d63370,1.3333333333333333,2.875,2.875,1.3333333333333333
b24d9edcf8846a17eb25e419,2.5,-0.25,-0.25,2.5
d5abad38883f2718048ed3df,2.583333333333333,2.0,2.0,2.583333333333333
e792024f6968a4aa0a729095,1.0,3.333333333333333,3.333333333333333,1.0
fd626f12b90b38b7124e792a,1.9166666666666667,1.35,1.35,1.9166666666666667
187aa0b961ae9377e4e61498,2.083333333333333,-0.25,-0.25,2.083333333333333
3cc564556b4bdbb63d4dea98,2.5,1.0,1.0,2.5
655dd8d8ef9e8eba494e0ed4,3.333333333333333,2.333333333333333,2.333333333333333,3.333333333333333
89d4bdd1222c93024c6a81a7,1.0833333333333333,3.25,3.25,1.0833333333333333
cd2d80051062c5c6c52911ec,1.0,3.5,3.5,1.0
fb4a2bdf1973712447faa229,1.5499999999999998,-0.75,-0.75,1.5499999999999998
1ddef24fe247b7778784e2f6,2.75,2.708333333333333,2.708333333333333,2.75
286fd317399181d2eabff1b9,2.4375,1.75,1.75,2.4375
54a8b23b3459d10d533b80b7,3.3125,0.85,0.85,3.3125
571e034673b0b3ed22650511,1.5625,2.75,2.75,1.5625
6e83b1c972d1dfe661806f1f,2.416666666666667,2.1666666666666665,2.1666666666666665,2.416666666666667
06be5a1d57093dfd517dd50e,1.7916666666666667,1.0416666666666667,1.0416666666666667,1.7916666666666667
170d806e27a295016f7b47db,1.8125,2.1875,2.1875,1.8125
3605359abf5b3aada5f968b8,1.5625,1.875,1.875,1.5625
749b75fe3ab542efd85c3f2a,1.5416666666666667,1.75,1.75,1.5416666666666667
b840bf310eaa16746e53b85b,2.75,2.25,2.25,2.75
d35c554e1e75ef09dc375c2a,2.916666666666667,1.125,1.125,2.916666666666667
73dd364eee95b4dce1a28e64,1.0,2.125,2.125,1.0
76aa328f22cac326bea5b98d,2.125,2.5,2.5,2.125
8b0aeea3dd9285588b38152a,2.125,1.7083333333333337,1.7083333333333337,2.125
f640af81c4138626b32ae7d6,1.9583333333333333,2.4166666666666665,2.4166666666666665,1.9583333333333333
2ad3830307628800ef808e4e,1.6428571428571428,2.2777777777777777,2.2777777777777777,1.6428571428571428
5850613fc96d8bdd34d93401,1.2916666666666663,2.55,2.55,1.2916666666666663
898c03ebdc3dfff861f0e650,2.85,1.2,1.2,2.85
9c44b9bc2f3fee8c5caedce0,1.8214285714285716,2.5,2.5,1.8214285714285716
a08469fc4029dd3d375201e8,2.464285714285714,2.5,2.5,2.464285714285714
17164bac3dc74035d6e588a3,1.3928571428571428,1.4642857142857144,1.4642857142857144,1.3928571428571428
2dfa108818384c5f92ef637a,0.8928571428571429,2.975,2.975,0.8928571428571429
31ced6b04f7a3b161615ee9a,2.0625,1.4166666666666663,1.4166666666666663,2.0625
adc2ee54a9a38f75debaeb12,2.25,1.2857142857142858,1.2857142857142858,2.25
b2e9032cb9a2b571839571c5,1.6,2.2,2.2,1.6
dbe7df2111f8b21f05271b7b,2.071428571428572,2.5,2.5,2.071428571428572
fe664cc60894469b21ded94e,1.75,1.45,1.45,1.75
45129bcd4e139110555be6f8,2.5,0.75,0.75,2.5
4f17a22869e42d8394cb622a,2.25,1.9,1.9,2.25
89d040be3df52bde11564ce0,2.0,2.1785714285714284,2.1785714285714284,2.0
d96e92b09325985eea7e1989,1.4285714285714286,2.5,2.5,1.4285714285714286
af27b2c6fae7b1057f14b774,3.090909090909091,1.65625,1.65625,3.090909090909091
b4aa4ac57d3b87692ccfc96d,1.8125,1.6785714285714286,1.6785714285714286,1.8125
02743162d8334b1a79e8a51f,2.392857142857143,2.5416666666666665,2.5416666666666665,2.392857142857143
22b0862ae791896727af0078,2.25,2.34375,2.34375,2.25
90745e83584eec22e2d8442a,1.96875,2.75,2.75,1.96875
ed7296332c26a3b856dac7a2,1.1785714285714286,2.1944444444444446,2.1944444444444446,1.1785714285714286
303ebccc1874c19153edc9d7,2.3125,2.375,2.375,2.3125
3bb9c80d0b6df19d0f796f5a,2.375,1.625,1.625,2.375
47a67af334185df46f4b1bc0,1.5833333333333333,2.9166666666666665,2.9166666666666665,1.5833333333333333
d41509ab35709425a5ba0223,1.4375,2.1,2.1,1.4375
23840ad8d5ae2d93a44bd544,1.95,2.28125,2.28125,1.95
32df8d0b5b5a2f7ee6707049,2.1944444444444446,2.145833333333333,2.145833333333333,2.1944444444444446
9c2b21575231b8c3222ea518,2.142857142857143,2.5,2.5,2.142857142857143
d565e8edf8de42cf6eebda52,2.15,2.111111111111111,2.111111111111111,2.15
6f5d8b9c885ce6a9c05f7849,1.5555555555555556,2.1785714285714284,2.1785714285714284,1.5555555555555556
b9d553ff49085fd27459e239,2.477272727272727,2.0,2.0,2.477272727272727
f4cfb6e664cb80946952eeed,2.388888888888889,1.75,1.75,2.388888888888889
dc97016e0d4a76bd4413cb08,1.75,1.6666666666666667,1.6666666666666667,1.75
06defe40ad38c9d87a422e02,1.75,,,1.75
3b0f197ee12caac4c26217ab,2.5625,,,2.5625
4f1bb45a4545a566a1733867,1.9583333333333333,1.0,1.0,1.9583333333333333
d242b8b7b79c95a4c7ee55e8,-0.625,,,-0.625
0a32f00886e3851cd5fc2dac,0.375,1.25,1.25,0.375
6219e2da85bd375ed39cf5bc,-0.375,,,-0.375
90b047479be3706ba62cbebe,,,,
bc9f8dc502c7abb3b5993499,1.125,,,1.125
38b6fa4eca53b823ee9fd8c0,,,,
69348404d7adc3b379e576b3,,1.5,1.5,
9d09a1b3fde7e0b12f58b93d,2.25,,,2.25
b0253edd66804be8a1f4f4a8,-0.25,,,-0.25
dfef77ea253c80f3433b5ea7,,,,
e150c87a5a0a09f7e4ebc675,,,,
00359fc0adbe0510862c7c26,1.0,-0.0833333333333333,-0.0833333333333333,1.0
14d28da1d719589604d0e736,1.9166666666666667,1.5714285714285714,1.5714285714285714,1.9166666666666667
2d8b8ad690a81a32a7461b80,-0.25,2.05,2.05,-0.25
ceb7556e20600a01a4f650c8,1.0,,,1.0
eed423ed057fbcf5d97080d4,1.0,2.25,2.25,1.0
47e25ff382799a1fd7a8e3e4,3.75,-0.5,-0.5,3.75
7a092cc79882f8046f5642ab,0.75,1.3333333333333333,1.3333333333333333,0.75
7ddadb90299120de16e45723,1.2916666666666663,,,1.2916666666666663
a1eaf2d487d3e266b0e3eb63,3.25,-0.25,-0.25,3.25
a658fefec5f640b18376ef5e,-0.25,1.4285714285714286,1.4285714285714286,-0.25
086314aea4fe7d3c491b1439,-0.25,0.9166666666666666,0.9166666666666666,-0.25
5ac23d4caeb83d8d5afb641f,-0.25,3.25,3.25,-0.25
810211784b869a7051f5d858,-0.25,2.45,2.45,-0.25
b042d3bd8210571afcd20642,3.5,-0.5,-0.5,3.5
b775c9f3658fd72d76f8571e,1.0,1.0,1.0,1.0
d0e3ae2b603428410a752b8b,2.083333333333333,-0.25,-0.25,2.083333333333333
643b1ff8381454b728711111,1.0,1.0,1.0,1.0
0460d403f0057c05bf330c84,1.0,1.25,1.25,1.0
19c5fab58e89ece7f1956831,0.75,,,0.75
1dc34d6bf49fefb2cfee053b,,,,
652d85fc772f8e8e35e1b33e,1.7,,,1.7
6babf8b1643d854382b3fbfd,1.2916666666666667,,,1.2916666666666667
710b11a689dcac4d72bd60e9,2.3125,,,2.3125
71c2bc4899c4ce230ae23352,1.4375,,,1.4375
80f06b74f631c7bc405bfe36,2.583333333333333,3.375,3.375,2.583333333333333
93f109486d80649b2af57e01,,1.0,1.0,
abc8e93bac3247752b942f88,0.1666666666666666,2.2692307692307696,2.2692307692307696,0.1666666666666666
f07c9e59b8bfc6c792979bd5,,2.5,2.5,
346e4f0d78fd6e9988eb199c,2.0,,,2.0
6e49e06cddcc072850cb8abe,3.25,,,3.25
7b30b1d131fe0df04dd74aa4,2.333333333333333,,,2.333333333333333
7e795ebddaca0004087d60aa,,,,
87cc4325d73f07426b5450fd,1.84375,2.25,2.25,1.84375
997d1d68809b9f0ec607f14c,1.84375,3.5,3.5,1.84375
bdcb9c9b7e7430a3caf6d35d,,0.9166666666666666,0.9166666666666666,
c11cc5eab3891bd6ae820894,0.9166666666666666,1.9375,1.9375,0.9166666666666666
e28f3a2322df2b77d524d273,2.1,,,2.1
e8b04b53f4536284f437dc41,2.980769230769231,,,2.980769230769231
fb8f9cd121c045fd6dc55b79,1.8958333333333333,,,1.8958333333333333
47be77e3a901ff1b8a1601ae,1.75,1.6875,1.6875,1.75
4906d21a4fa426f1a8244aee,1.625,,,1.625
52bc5dca850def0cc0050b81,,1.4375,1.4375,
57e7ca2c592b6d083069edc5,1.8863636363636365,1.375,1.375,1.8863636363636365
74b5a6b08ed6a6299838480f,1.0416666666666667,,,1.0416666666666667
94a72a83ef242ac263ccf5d0,,0.8333333333333334,0.8333333333333334,
b2a004bec44ca40985afe8f7,1.6875,,,1.6875
c1e1019e492f6fb4bdfbfb97,,3.375,3.375,
d73080071f94a83a581fe2cf,2.458333333333333,,,2.458333333333333
e61a84e9dbd8239203ea8ca7,2.6041666666666665,,,2.6041666666666665
f9e2874a0e4760b7e576d526,2.125,1.35,1.35,2.125
0c6c47f68d1e6881e4a18d42,-0.25,1.8888888888888888,1.8888888888888888,-0.25
2f139f8b79a973f53a8b7302,1.0,2.416666666666667,2.416666666666667,1.0
43cbc1e4a01be9d8c63f205b,2.071428571428572,2.0,2.0,2.071428571428572
4de8bba244dcfb39822b2f88,3.5,-0.25,-0.25,3.5
532e2915e196ae623619f0d7,2.1666666666666665,1.75,1.75,2.1666666666666665
7da13204f3df1c9ece4ef083,3.25,1.2222222222222223,1.2222222222222223,3.25
90b7638c015d718d0b6be460,0.7142857142857142,1.0,1.0,0.7142857142857142
d284105a4ec242c72a662edc,1.8333333333333333,3.0,3.0,1.8333333333333333
fff595ad7712ec31d067f58f,1.75,2.464285714285714,2.464285714285714,1.75
03432db3bc665786dfa09823,0.8571428571428572,2.480769230769231,2.480769230769231,0.8571428571428572
070ad774cde3983ffe1175d1,2.1666666666666665,3.25,3.25,2.1666666666666665
09c88a2cd34e19a08c0ff497,-0.25,0.6428571428571428,0.6428571428571428,-0.25
45a0d2fee7366ad5dad47c74,-0.25,1.3,1.3,-0.25
5181a1277560d989ab49f581,1.0,3.5,3.5,1.0
6c20dcbfb0dc794758236b13,-0.25,-0.25,-0.25,-0.25
7fede8d9d050600f17566024,-0.25,0.9285714285714286,0.9285714285714286,-0.25
89f17ea5cd542086d9c21728,1.95,2.678571428571429,2.678571428571429,1.95
978cf4de760c0464e1ee26e6,3.25,2.571428571428571,2.571428571428571,3.25
a50ea71646382add76f2e008,1.8333333333333333,2.0277777777777777,2.0277777777777777,1.8333333333333333
b6be99759fee813ee7b30744,3.5,1.5,1.5,3.5
c15d2a73090dd83d4810dada,3.5,0.6071428571428572,0.6071428571428572,3.5
cc732f338a0fbc455d86534d,1.0,1.0,1.0,1.0
08fe729b5c84b60933c3eaa5,1.05,1.0,1.0,1.05
69342b844bf3b3e5ba02351b,2.583333333333333,1.4444444444444444,1.4444444444444444,2.583333333333333
6e8a6e906b70f375b3f413fa,3.25,2.0,2.0,3.25
75aa9ab5f1a6cfd8d94b0791,1.0,1.6428571428571428,1.6428571428571428,1.0
b6a24abc88f3e3f12d83313e,3.5,0.8214285714285714,0.8214285714285714,3.5
c462ba715abf755fd60672be,-0.75,2.0,2.0,-0.75
c4fff3885704da87c2b710b9,2.15,1.0,1.0,2.15
c66a22bfb63e954dc8ecec1d,1.0,1.25,1.25,1.0
ce9b62f4595bf5fc5640531b,1.5454545454545454,1.0,1.0,1.5454545454545454
d2ed1da6836e1788bb14c0f7,1.8,2.0,2.0,1.8
113a6aa05df31569f4d0fd34,2.25,2.125,2.125,2.25
11f4ce96dede1de3e0fe48cc,1.5416666666666667,1.5625,1.5625,1.5416666666666667
25e88838581f21458a86b61a,-0.625,1.9,1.9,-0.625
2b9683305f24ec9f97aeec0f,2.107142857142857,1.0625,1.0625,2.107142857142857
5766f83076e70edaef2f85ee,0.25,0.875,0.875,0.25
81a5ff4f66d0a126f14cae71,2.55,2.05,2.05,2.55
8626387d1a9b9ca45853140a,2.175,2.0,2.0,2.175
c05e98fbf83dc0af655e18d2,3.25,2.78125,2.78125,3.25
c503a2a7dd4db8c6f7434bb3,-0.375,0.125,0.125,-0.375
e849a024db5f4af84b551b6a,3.083333333333333,1.28125,1.28125,3.083333333333333
22a45beb635b072de5a23f0c,0.9375,1.5,1.5,0.9375
347742f768341571aef17e66,1.625,2.28125,2.28125,1.625
59d10227b58e2776c0c3c70c,1.3125,1.25,1.25,1.3125
6f2396df2788ffd5114e79d1,2.25,1.6666666666666667,1.6666666666666667,2.25
7e7004a26a1497c7c18b88c2,1.875,2.1041666666666665,2.1041666666666665,1.875
937f20b49db8032f4a036b33,-0.5,1.525,1.525,-0.5
c8ed7e9cdc23799522c755df,-0.5,0.25,0.25,-0.5
d6ae8f8a585a01ebc77fe6a9,1.4583333333333333,0.65625,0.65625,1.4583333333333333
e874782dda6550cfeb7414e0,0.375,1.25,1.25,0.375
0fb3c9c41a586b14c282af42,1.75,0.375,0.375,1.75
3bd59f609cc5b1d70814d02e,2.75,2.375,2.375,2.75
4cfba8461063d1d1be4d6efc,2.5357142857142856,0.375,0.375,2.5357142857142856
51216284ec5f400b361945b3,1.8269230769230769,1.5625,1.5625,1.8269230769230769
919d7adfe380d81a61a4f27a,0.59375,1.0,1.0,0.59375
92002ed44f0c0f6b63a89672,1.5625,-0.375,-0.375,1.5625
923ed067d5cab24cd994e812,0.8333333333333334,3.25,3.25,0.8333333333333334
a41d795f3ce18cc2e78636ce,0.25,1.275,1.275,0.25
b16faa4dcb3942e855a9f9ed,2.125,1.7083333333333337,1.7083333333333337,2.125
c4c2a84fa534d3bcb3465836,2.125,0.71875,0.71875,2.125
d266e2975efc70168ddd47ab,1.125,1.625,1.625,1.125
d5c7b0e280c4f537c7aae062,3.5,2.25,2.25,3.5
2a03d434212f795cda04e2ee,2.71875,1.25,1.25,2.71875
05401700f0c0a83f6e699903,2.019230769230769,0.0,0.0,2.019230769230769
16519b119ca296ab52cd33c4,1.3055555555555556,-0.8333333333333334,-0.8333333333333334,1.3055555555555556
41a2453aba0c8cbd80ffc91b,2.5277777777777777,0.75,0.75,2.5277777777777777
58c73c60b86144e7d0ccb10f,1.95,2.046875,2.046875,1.95
6a806bb28b59917db8857ab2,2.613636363636364,-0.0833333333333333,-0.0833333333333333,2.613636363636364
7121649471a950d9b7df135d,1.75,0.5833333333333333,0.5833333333333333,1.75
9b2b8bfe7a72b4f2e19666a2,1.2142857142857142,1.3333333333333333,1.3333333333333333,1.2142857142857142
c741d8c6fc99d872b6df32f5,2.083333333333333,1.9,1.9,2.083333333333333
ded16ea02ff28b385ffe7a44,2.0681818181818183,1.8,1.8,2.0681818181818183
e49e86bbd26dc45703a1ba6e,3.09375,1.75,1.75,3.09375
2b0c5ae69af3c4fa25ecca8b,0.5833333333333333,1.75,1.75,0.5833333333333333
2ff306f10dfd6be11e8eefc8,1.25,1.5714285714285714,1.5714285714285714,1.25
5420dff989fa86a9a56f8ec0,1.4166666666666663,0.0833333333333333,0.0833333333333333,1.4166666666666663
593b14c0a090e9461363107d,1.1666666666666663,1.0,1.0,1.1666666666666663
652ca4107ec39ba078e6828d,1.5,1.8333333333333333,1.8333333333333333,1.5
6d3f80dc0d53f78f86b8f6bb,1.1111111111111112,-0.6666666666666666,-0.6666666666666666,1.1111111111111112
7ee016da124d3bd9010a23e0,1.7777777777777777,0.5,0.5,1.7777777777777777
82a01136c45efe27d5187b10,1.3076923076923077,1.3333333333333333,1.3333333333333333,1.3076923076923077
a2453b9ae94f1becf9c674f5,2.4333333333333336,0.75,0.75,2.4333333333333336
b0297a9468be8f567ca90b49,0.9722222222222224,3.5,3.5,0.9722222222222224
c618c6f11964e142e32c74ff,0.65,2.5,2.5,0.65
d91b47a9f7dfa9cd958d2349,2.138888888888889,1.45,1.45,2.138888888888889
11571b675447b74cc9d4f9d2,1.9090909090909087,0.85,0.85,1.9090909090909087
2b7fc6b83bbbd7f220a5b76c,1.090909090909091,2.05,2.05,1.090909090909091
49e9329877f2a5fe1a8f7c64,1.9285714285714288,3.8333333333333335,3.8333333333333335,1.9285714285714288
67a45df76eedfe8346150d6a,1.25,1.5576923076923077,1.5576923076923077,1.25
82ed48d6ddfd40c3a74f9f37,1.4166666666666663,2.571428571428571,2.571428571428571,1.4166666666666663
8cc0cbf8d06ceb81de97c45c,1.2,0.4285714285714285,0.4285714285714285,1.2
d4c8583a0fbd2304097ab990,0.6944444444444444,2.25,2.25,0.6944444444444444
dfb134b2e8f6a952e6a72840,2.833333333333333,1.2857142857142858,1.2857142857142858,2.833333333333333
e09dab0d908d48fb57fd6fe1,1.8409090909090908,0.9166666666666666,0.9166666666666666,1.8409090909090908
f3628c934159b04c2941b926,2.75,0.6388888888888888,0.6388888888888888,2.75
0099418ad17120c06a76801e,0.775,2.125,2.125,0.775
0887b0d9180663e4109bfd3a,2.75,2.25,2.25,2.75
0b7791e5cc9b880689f74cfd,2.125,1.7,1.7,2.125
2a4ae15dc7625c2ca3a7da01,1.5833333333333333,-0.25,-0.25,1.5833333333333333
79776ac525fc59632c0c0bbe,2.020833333333333,1.9791666666666663,1.9791666666666663,2.020833333333333
a36b1eed597f3decf83882b8,1.2,1.2857142857142858,1.2857142857142858,1.2
a447a4e7b42ad7d9be380cc0,1.1,3.1029411764705883,3.1029411764705883,1.1
b209a2a2c792210a7dc723de,1.4375,1.25,1.25,1.4375
cbbad0285e2626769a4dce90,2.117647058823529,0.25,0.25,2.117647058823529
092bd9f59bc53383a3444b57,1.1875,2.225,2.225,1.1875
1e77df36db204013d5331bd0,1.625,1.25,1.25,1.625
25ea087402019eb074da96cd,1.6458333333333333,2.4791666666666665,2.4791666666666665,1.6458333333333333
2db93361345d81db474d7b69,2.25,1.875,1.875,2.25
3d6da2de1f2b710084383d90,1.6785714285714286,2.125,2.125,1.6785714285714286
8b07e491266359585ddd9bfb,0.6875,0.5249999999999999,0.5249999999999999,0.6875
99cf1d1de55c192e9dc0aa56,1.5416666666666667,1.53125,1.53125,1.5416666666666667
aeb2013b22e422ce41492ef8,2.525,2.375,2.375,2.525
b902e612a85988eb8d06f082,0.375,2.34375,2.34375,0.375
c4cf3fca3eccdb880599b4d5,1.375,1.2083333333333333,1.2083333333333333,1.375
df4821322d5618f1a8146583,0.1875,1.5625,1.5625,0.1875
e649cf6af4d0b774c7982fdc,0.625,-0.125,-0.125,0.625
ff5ffe7b2d56c612941cf8dc,2.9375,1.6875,1.6875,2.9375
18b345fd0d57965fa8b2679c,1.5416666666666667,1.7666666666666668,1.7666666666666668,1.5416666666666667
237ee7ef942002805afa9968,1.5833333333333337,0.95,0.95,1.5833333333333337
76cef2a690a268bcd757b909,0.7083333333333334,0.875,0.875,0.7083333333333334
98ebc6becd8ca8976abec8eb,1.5,1.625,1.625,1.5
9aed077cddf09ec57935f63c,1.125,1.8125,1.8125,1.125
c68e5b77a29ec0b1cf7c1560,1.25,2.5625,2.5625,1.25
cdc0a4d160d5288068549252,1.6666666666666667,0.6666666666666667,0.6666666666666667,1.6666666666666667
d6a130ed45ff71e760d3f7a1,0.9791666666666666,0.8125,0.8125,0.9791666666666666
d80ad0f2d56d4199f7a1a12f,0.0,1.1666666666666667,1.1666666666666667,0.0
fd47ba582fadd1bdcd18bfe4,3.75,0.34375,0.34375,3.75
141d71bb111251173b39899c,0.3999999999999999,2.2,2.2,0.3999999999999999
3aac35eb11ad81faca38ca9e,0.95,2.340909090909091,2.340909090909091,0.95
5e5ab7a8afc7f13809bce69f,0.4499999999999999,3.0,3.0,0.4499999999999999
6c2fa937af5a5147ec5a306b,0.7954545454545454,1.2999999999999998,1.2999999999999998,0.7954545454545454
757d3d5497fc773e55b2a566,1.6333333333333335,0.5357142857142857,0.5357142857142857,1.6333333333333335
9bf63f39ccdc0743b1aff879,1.0,0.25,0.25,1.0
9cf84ea4aef206adb023b902,0.6000000000000001,1.5227272727272727,1.5227272727272727,0.6000000000000001
bb378feeefb981572ac443eb,1.9,1.4,1.4,1.9
eeeb9c0c37c430a59fdaa512,1.8,1.0,1.0,1.8
feb3c880bf59ffabc6ad38ce,1.65,2.397058823529412,2.397058823529412,1.65
2155904009dabded2ba99485,2.7,1.4166666666666663,1.4166666666666663,2.7
3643abfac0967a7bda1187ce,2.392857142857143,1.5,1.5,2.392857142857143
428439a3d9210adf1fcfc39c,0.95,1.0681818181818183,1.0681818181818183,0.95
5b8eb4d42745fbdeb51a16cb,0.85,1.7647058823529411,1.7647058823529411,0.85
660b23222e250579e47b44a6,1.05,1.7115384615384617,1.7115384615384617,1.05
71a1664ad2444e85dd22cbdc,2.4166666666666665,0.8076923076923077,0.8076923076923077,2.4166666666666665
8d74f00f31da932b7ee64615,2.0,1.8461538461538465,1.8461538461538465,2.0
902f215ecc50284852ecd392,0.9285714285714286,2.35,2.35,0.9285714285714286
a1d05d36f1667912e665e7a5,1.85,0.8409090909090909,0.8409090909090909,1.85
ac6152a27c6a16bc2318262d,1.9861111111111112,1.1136363636363638,1.1136363636363638,1.9861111111111112
ead78a975158d65f0304aed2,0.7000000000000001,1.9318181818181817,1.9318181818181817,0.7000000000000001
f9602feff7788cc53435b771,0.4285714285714285,2.076923076923077,2.076923076923077,0.4285714285714285
13f133372e6d79094cd8aeda,0.1,1.5961538461538465,1.5961538461538465,0.1
5d3b2d1b85d8ee8c0bbed080,1.9,2.3653846153846154,2.3653846153846154,1.9
5e06a38c8b72e4cf519c15f2,0.45,2.916666666666667,2.916666666666667,0.45
78bf7a952e99e4588ad031d3,1.4423076923076923,1.2954545454545454,1.2954545454545454,1.4423076923076923
a6ef1170fb49e664de3cf61a,2.0,1.0,1.0,2.0
d9e1e4e2e29e31f0b35dbf1b,1.777777777777778,2.55,2.55,1.777777777777778
e604dd02464e0bfed7cca324,1.2142857142857144,2.2727272727272725,2.2727272727272725,1.2142857142857144
ec7f8a61157b0dbf0bc60e0a,3.8,1.2142857142857144,1.2142857142857144,3.8
f6d619b61a83321d381712d3,0.1944444444444444,1.890625,1.890625,0.1944444444444444
fdc125fb63b42b1864fb4d97,1.2777777777777777,1.75,1.75,1.2777777777777777
1ed714f87d9a61f8c7975b42,2.7916666666666665,,,2.7916666666666665
4ea56804c7e73d94ccd7341f,1.9583333333333333,1.625,1.625,1.9583333333333333
871f563d2618733513c37b59,3.333333333333333,,,3.333333333333333
edc3096beb8982c86f5dadc0,2.296875,1.7083333333333333,1.7083333333333333,2.296875
f10ecf1da7b45e8c05be3247,3.1666666666666665,1.875,1.875,3.1666666666666665
37b5c381a08ae2e42798bc6a,2.1666666666666665,2.236111111111111,2.236111111111111,2.1666666666666665
4dd2fb96d01f55d949edb481,2.2678571428571432,1.2708333333333333,1.2708333333333333,2.2678571428571432
a113027965d9cf0fa2a51f48,2.0416666666666665,,,2.0416666666666665
a27d245e2af814b443da0904,1.734375,2.333333333333333,2.333333333333333,1.734375
bb6ce39a513b86c1426513e3,1.3125,1.75,1.75,1.3125
ce4dabdce531ecac645a381d,2.0416666666666665,,,2.0416666666666665
e48860fc19f9ea035ddb2f45,3.0,1.2708333333333333,1.2708333333333333,3.0
0fe4d471e8e68958840a9546,2.275,1.546875,1.546875,2.275
63c361edc0ea51c4e8dae7c9,1.6607142857142858,1.1041666666666667,1.1041666666666667,1.6607142857142858
76a6ebc2e03f5fc90c6382f0,2.1607142857142856,,,2.1607142857142856
b2084d0c97bb27e0adc15f2c,2.125,,,2.125
039631f197ecd377fa281d3e,-0.25,2.857142857142857,2.857142857142857,-0.25
1c4f810483215f9fdd389473,-0.25,3.321428571428572,3.321428571428572,-0.25
db1044278e61af27db77a580,1.6538461538461535,2.2205882352941173,2.2205882352941173,1.6538461538461535
e963a3a9c0e41d42469fd50e,1.8289473684210529,2.8571428571428568,2.8571428571428568,1.8289473684210529
02a7fcfcbbd56d5e8626e6c1,2.171052631578948,2.0,2.0,2.171052631578948
4c86132556a98513b92edbc4,3.25,1.7142857142857142,1.7142857142857142,3.25
6ea4deb1af053bf8d33303a8,1.9642857142857144,1.8235294117647056,1.8235294117647056,1.9642857142857144
77f39ab2e8514277912c9f01,-0.5,2.25,2.25,-0.5
7dff2884845cfe4460f92e39,1.153846153846154,3.0125,3.0125,1.153846153846154
8aa168ca92afb1b8218fa8d0,1.9642857142857144,1.1923076923076923,1.1923076923076923,1.9642857142857144
c175eb5a275bafb705794c87,1.1538461538461535,2.333333333333333,2.333333333333333,1.1538461538461535
8c766297aa3faa476dbeb36a,3.25,2.0,2.0,3.25
ad9bcb1ed99735db15d1654f,1.0,1.9642857142857144,1.9642857142857144,1.0
b5ee461a26285fa5f97e2d5d,1.4411764705882355,2.363636363636364,2.363636363636364,1.4411764705882355
bdb1b8ba2ec852de53f57e2f,1.096153846153846,1.6166666666666665,1.6166666666666665,1.096153846153846
5c05761ee9e325d6cbbe2165,1.3214285714285714,2.1785714285714284,2.1785714285714284,1.3214285714285714
ab93c1c7331f5725fe472f55,2.09375,2.125,2.125,2.09375
f05a718f181759e8079651fd,3.023809523809524,1.7857142857142856,1.7857142857142856,3.023809523809524
0b9e1539bf058036ca6bfee9,2.625,2.2375,2.2375,2.625
26a2eb32a8e503419d10fe64,2.145833333333333,2.125,2.125,2.145833333333333
8acdf85fefeefda4be314623,2.421875,1.0892857142857142,1.0892857142857142,2.421875
2c793aaeb21551b329d15161,1.3571428571428572,2.3125,2.3125,1.3571428571428572
792be189d8ab10e92d6f5fd2,2.96875,1.5,1.5,2.96875
e441dbdc63c94b6550571e5b,1.7083333333333337,2.125,2.125,1.7083333333333337
2dff95677dd1ba486a33f87c,1.8611111111111112,2.2222222222222223,2.2222222222222223,1.8611111111111112
e9d1b59bff77cc24be64fa7c,1.7333333333333334,2.9318181818181817,2.9318181818181817,1.7333333333333334
2182d87285208c1eaa57b27d,1.25,2.25,2.25,1.25
55710f9983a4d755257a0b84,2.119047619047619,2.6944444444444446,2.6944444444444446,2.119047619047619
a0eb27f173f1503c4bb12739,0.9666666666666668,2.5,2.5,0.9666666666666668
007e31715bbd00843e5592cc,2.1666666666666665,1.3333333333333333,1.3333333333333333,2.1666666666666665
1c000bd023a8a83b45a1a807,2.083333333333333,2.611111111111111,2.611111111111111,2.083333333333333
b65714e5338fe9dc21ab7ba1,2.5,1.605263157894737,1.605263157894737,2.5
ce6ea7de8f4a3e1f1d7086fd,2.8,2.967391304347826,2.967391304347826,2.8
45eec2e236669253c0c1faf6,1.6875,2.325,2.325,1.6875
a6bdf7db806f0dee0df128a6,1.3125,2.583333333333333,2.583333333333333,1.3125
29c01a976b6e8c05addb31d9,2.7,2.321428571428572,2.321428571428572,2.7
541c16a9d439b8cb73702f45,2.8854166666666665,2.6363636363636367,2.6363636363636367,2.8854166666666665
05dc6853489994eb556e22f8,2.431818181818182,1.5833333333333333,1.5833333333333333,2.431818181818182
c6d0dde1cb218780cd833f6f,2.631578947368421,1.2058823529411766,1.2058823529411766,2.631578947368421
090d88b36fadffdc528b1a2f,2.15,2.75,2.75,2.15
714be4848a4e4349a8d17479,2.520833333333333,2.8125,2.8125,2.520833333333333
697b48dc10f7aa24bbb60a38,0.5416666666666666,,,0.5416666666666666
7717965b08e0754f300590c9,1.1875,-0.625,-0.625,1.1875
b097a83796d91b8288972c1d,2.166666666666667,,,2.166666666666667
c1d42914f4a73c7486792cac,,1.8125,1.8125,
e50a9c480f4ec5486a113dd4,0.375,,,0.375
64a25b0111f7237f82343930,1.65625,2.125,2.125,1.65625
b936a0478af0306cf386ee90,1.4375,,,1.4375
c037f76bffd9680ffdfda9d9,-0.5,,,-0.5
f63f4e3aa49cddf124e203bb,,,,
30be989ef66330a8916b704b,-0.375,0.1875,0.1875,-0.375
44904f8208102d0f8089acfd,,,,
51bbf11d6142b3dfef079248,0.125,,,0.125
9aaad53148a4d33684e7b0b8,,,,
b7a59f673c1f850db1b89307,-0.5,,,-0.5
cacb749520bf58e8d0777e9a,0.34375,1.28125,1.28125,0.34375
f2d1496036dc6d81e27fc513,2.125,1.1875,1.1875,2.125
02556e990ab447c1928094f8,1.0,0.6071428571428572,0.6071428571428572,1.0
2cb81e4d79d9b15241a0eff3,1.0,2.076923076923077,2.076923076923077,1.0
4d85a277451b13c00b75ebb9,-0.5833333333333334,1.4444444444444444,1.4444444444444444,-0.5833333333333334
5709e13da1133669f0c21edb,1.2999999999999998,3.75,3.75,1.2999999999999998
6e292b17ff669685fd5f1fc5,-0.25,1.3333333333333333,1.3333333333333333,-0.25
3ca1d84a0776f82008f7a9cf,3.5,-0.5,-0.5,3.5
bb3d9bde1d3f9c9cb053ce74,-0.5,1.85,1.85,-0.5
ddc525b94cbf5b03d78ade5e,1.65,1.8333333333333333,1.8333333333333333,1.65
fcad0eefb759b3f2abf2543a,3.25,-0.4166666666666667,-0.4166666666666667,3.25
31f169d699b1433d20e5b2cc,3.25,0.0,0.0,3.25
6169615ec9166ab0eb186adf,-0.25,0.75,0.75,-0.25
65b131b62f2862552d785393,1.1666666666666667,2.0,2.0,1.1666666666666667
69c7d47d1b915acf2c93d2c9,1.5833333333333333,0.1944444444444444,0.1944444444444444,1.5833333333333333
d8bb4c9c9d699f0df12ac536,3.5,-0.5,-0.5,3.5
e149d9804a8ebff51b6fbc19,0.1,0.8333333333333334,0.8333333333333334,0.1
eb5466b25833d85746b044eb,1.0,1.0,1.0,1.0
16991f04e0f7565251f9a1b8,1.5416666666666667,,,1.5416666666666667
16b15817f48f5184d14f445a,1.7875,,,1.7875
1e1feff457be113b6be249a3,1.125,0.84375,0.84375,1.125
4304c6e7da7be22d9bb70208,1.7083333333333337,1.75,1.75,1.7083333333333337
77b417a11ee1a3b033ba7ff2,0.9375,1.375,1.375,0.9375
8c8cc40e5dc0506652a9d93b,1.8125,,,1.8125
be8a7b0790c45f359cd935ac,1.9375,1.625,1.625,1.9375
c2a13e92571505f9f232bfaa,1.35,,,1.35
dcfeef08b1a45a520a201b8e,1.40625,1.0,1.0,1.40625
eac7d6f98aa036d4ffb93ad1,,1.0416666666666667,1.0416666666666667,
fe293827e337bf2f175f0bc6,2.6750000000000003,0.3749999999999999,0.3749999999999999,2.6750000000000003
0d68984c89096a69edfeb0a4,1.4107142857142858,,,1.4107142857142858
0daa9e58326df26c9a651adc,2.583333333333333,1.5,1.5,2.583333333333333
377d674d7ce8a23f988670d2,1.5416666666666667,,,1.5416666666666667
3e158bd6b3033c049d15707d,,2.25,2.25,
5e68ead174708e2925538a73,,,,
6cd4c6e1b22b1ec7f8589580,2.15,1.1666666666666667,1.1666666666666667,2.15
79141f60bc8cdadfd357581d,1.9375,1.0,1.0,1.9375
b9ed1e2afe9534ff7dea1787,1.625,3.5,3.5,1.625
c917e34242f42fa308bd547b,1.0535714285714286,,,1.0535714285714286
cdda971ce9d705a43e5cde53,1.9886363636363635,-0.125,-0.125,1.9886363636363635
cebe6c71102cbb3bdf971b11,2.81,1.375,1.375,2.81
d1bedbcc3ef29941a1dc4bde,2.5,,,2.5
25b1cfcb36031b9cca48dc28,1.65625,,,1.65625
5d8628d3ad253b9f93598033,1.5,1.625,1.625,1.5
62fcd2c068d07abe898b81e1,1.838235294117647,1.7000000000000002,1.7000000000000002,1.838235294117647
885bb168da04e59f05a77696,3.25,,,3.25
9975d86b3de30ad3e871c01a,3.375,0.875,0.875,3.375
ab873aed6e7e9f1dee268917,,2.0,2.0,
c689ceeb7e48ed9b00602df0,2.160714285714286,,,2.160714285714286
d04decdb2bc6e404b695d17d,1.4886363636363635,0.5833333333333333,0.5833333333333333,1.4886363636363635
d9784f7e29e5810fc81e59dc,0.75,,,0.75
0416e01fcf9ba28aca016a1f,1.1,1.3214285714285714,1.3214285714285714,1.1
1315055437732493f8325835,2.071428571428572,2.675,2.675,2.071428571428572
1b4fd0ebec9c3a0cb0a1593a,3.25,2.7142857142857144,2.7142857142857144,3.25
2219fd12076fd58c5515dc86,2.666666666666667,1.8088235294117647,1.8088235294117647,2.666666666666667
338bfca24050dbeb9cfc667c,3.25,1.1111111111111112,1.1111111111111112,3.25
49b42d3fd8af8d701c5dca85,1.1428571428571428,1.4,1.4,1.1428571428571428
6646ae14d4ebf5250c6d2d26,1.3928571428571428,1.6785714285714286,1.6785714285714286,1.3928571428571428
a59ee8640dd6d7fabfb51064,1.857142857142857,1.4166666666666663,1.4166666666666663,1.857142857142857
de8de7c5fe6ad9e6768649ab,1.0,2.855769230769231,2.855769230769231,1.0
e79728277e733e52dbbf8fef,0.8529411764705882,1.2857142857142858,1.2857142857142858,0.8529411764705882
f0c7588cee433a0d1a9cca8b,0.2499999999999999,0.9666666666666668,0.9666666666666668,0.2499999999999999
0ed0edd91df891d30e4cb080,-0.5,1.5499999999999998,1.5499999999999998,-0.5
1ea533375b1c4ef5ae9e1aaa,1.25,1.4,1.4,1.25
3a09a0921465366a4f474151,-0.5,2.576923076923077,2.576923076923077,-0.5
44c598f478bee3ed03012a53,1.7954545454545454,1.9833333333333332,1.9833333333333332,1.7954545454545454
4e1ad8a03011e58b25507593,3.5,3.25,3.25,3.5
61820e52efc740e0f05b71e8,3.75,1.4342105263157894,1.4342105263157894,3.75
8140ec10d8dc1c010ea41235,1.0,1.467391304347826,1.467391304347826,1.0
82a58ad6ec0b1d921eae4919,-0.25,2.043478260869565,2.043478260869565,-0.25
858f7cfe2afbe737a0cdbf27,3.5,-0.5,-0.5,3.5
a3cc8805c97056e99585f09f,1.9166666666666667,2.0454545454545454,2.0454545454545454,1.9166666666666667
c99739c5a4a27aa7a590bcc6,1.0,1.318181818181818,1.318181818181818,1.0
cfd8197a3d6e02bc23baa07b,-0.1428571428571428,1.1071428571428572,1.1071428571428572,-0.1428571428571428
15d8190b22c670bfcede7be4,3.5,1.7916666666666667,1.7916666666666667,3.5
40fc70c9e36c31d96587745f,0.6428571428571428,1.361111111111111,1.361111111111111,0.6428571428571428
44c0fcd769c3139251890e73,0.9,1.0,1.0,0.9
5b71aa5911a3c7ea2e9f271c,1.6363636363636362,2.0,2.0,1.6363636363636362
9d616379305ebd6060b987a1,1.0357142857142858,1.0,1.0,1.0357142857142858
a34614030cc4fcb8a9ef01f3,3.5,1.3888888888888888,1.3888888888888888,3.5
af38b268ee0327112cb4950d,1.8333333333333333,2.583333333333333,2.583333333333333,1.8333333333333333
d3caf3dd07c3c0bbeb7bc9c2,3.25,0.9444444444444444,0.9444444444444444,3.25
d4714dd6a5e3f8c4bc0f2284,1.0,2.083333333333333,2.083333333333333,1.0
0d2d895f470b63b0363027bf,1.55,1.5416666666666667,1.5416666666666667,1.55
330d82c8ef732900933eadf5,1.9027777777777777,0.9375,0.9375,1.9027777777777777
34d43d8f08b21f8c9e83c0ea,2.0625,1.875,1.875,2.0625
3cdb3b311a42493aba301608,2.25,2.375,2.375,2.25
3f306fa1b311adf8c2d49eba,1.7613636363636365,1.375,1.375,1.7613636363636365
5a31a502575f6dc2fce75f76,1.0,2.75,2.75,1.0
7f038fc4d731b6f10efd52ae,1.625,0.25,0.25,1.625
8362ed7d1dd5688ae9fe4ecd,0.1875,1.375,1.375,0.1875
910bd859f0ae64b232e1b263,1.4125,1.35,1.35,1.4125
bb671903c0b03a3796288878,1.4375,1.25,1.25,1.4375
eb44e2b05e385082f86eb8fd,2.4642857142857144,1.515625,1.515625,2.4642857142857144
f3ed94777d61d2d16733a62a,1.03125,-0.375,-0.375,1.03125
1e0cfe4ece266f29d83597c8,1.53125,1.35,1.35,1.53125
40c4974905eabb5c430794bd,1.3125,0.9166666666666666,0.9166666666666666,1.3125
513e3a7d1b977bfcea74f751,3.375,2.078125,2.078125,3.375
8fb841718b654267d290b0ce,2.925925925925926,1.0,1.0,2.925925925925926
b07aeba5db681d66575a0019,1.5,0.875,0.875,1.5
b952440850c82395fe79b09e,2.1041666666666665,1.375,1.375,2.1041666666666665
bb0b34431df3db9739a916e5,0.25,0.25,0.25,0.25
c888217eafeb02668169d487,1.6041666666666663,1.5,1.5,1.6041666666666663
cf30b1a07820d3a747baa610,-0.15625,-0.375,-0.375,-0.15625
d47a34b1b2154c61820e89a5,2.21875,0.75,0.75,2.21875
d52bc74463fcb66f3bb39266,0.84375,0.53125,0.53125,0.84375
553be21474ffc383dc6009ab,2.1875,1.0833333333333337,1.0833333333333337,2.1875
589b0ae0884ffeed41143584,2.4375,1.1666666666666667,1.1666666666666667,2.4375
6fc74a6e3d8b6f06bc81eeb8,1.65625,2.4090909090909087,2.4090909090909087,1.65625
70fb817e884233a2416ade55,1.375,0.7916666666666666,0.7916666666666666,1.375
7327c01b07a6f1cdbd317831,2.75,1.109375,1.109375,2.75
7ab965473d525dac1c838c1b,1.7083333333333337,1.175,1.175,1.7083333333333337
896c6682549b024a6c2a1510,1.625,1.15625,1.15625,1.625
9cd4fc1c37dcf995ecd7cbbf,1.8815789473684208,1.75,1.75,1.8815789473684208
c42758f117b234124043e510,1.5833333333333333,1.5,1.5,1.5833333333333333
0b37305ee983f8bddb85c792,2.083333333333333,0.9166666666666666,0.9166666666666666,2.083333333333333
0ffe9317577faae8c73d695e,0.5,1.2777777777777777,1.2777777777777777,0.5
64b7c6d34a7a00d8249f4590,0.65,2.2222222222222223,2.2222222222222223,0.65
77b626aebc3ee2a94d4e2fba,2.161764705882353,1.7307692307692308,1.7307692307692308,2.161764705882353
789c481f0a80a20af2baef32,2.946428571428571,-0.3333333333333333,-0.3333333333333333,2.946428571428571
8e1e17de4d050bea947f5724,1.986842105263158,1.4,1.4,1.986842105263158
8f802f6f5a2f9d93a3fc3572,2.3666666666666667,0.0833333333333333,0.0833333333333333,2.3666666666666667
9f23ef2d11e40b6b84df5df3,1.5,2.75,2.75,1.5
e313586aa2bb7c5b00c305ee,2.15,1.0,1.0,2.15
f0e54da72c660ed0dbf09d90,1.61,0.8611111111111112,0.8611111111111112,1.61
fb8996fb7380056438be5fca,1.3863636363636362,0.5833333333333333,0.5833333333333333,1.3863636363636362
0c0019ded9ce1084a8ab0a8f,1.4852941176470589,1.25,1.25,1.4852941176470589
2a7738327fa7f38c25e9fb7d,2.2884615384615388,1.2,1.2,2.2884615384615388
4dbfc02a6fa2dd6f98aa0fed,2.7717391304347827,2.0,2.0,2.7717391304347827
6261b3ebeef379c2c7a5a0f8,1.95,2.083333333333333,2.083333333333333,1.95
7b57d2616210da52f76ee73a,1.6630434782608696,1.138888888888889,1.138888888888889,1.6630434782608696
87e4f1c97b563166e0ac49fe,1.3333333333333333,0.8026315789473684,0.8026315789473684,1.3333333333333333
8fbb8356f3ed3eb04ed35a2f,1.35,1.4423076923076923,1.4423076923076923,1.35
a3cfe046650d9c42e8f4f9a2,1.8333333333333333,1.1071428571428572,1.1071428571428572,1.8333333333333333
b13ed6773de6a9b8c0ca58e9,2.1875,1.9444444444444444,1.9444444444444444,2.1875
b90d7afff2fea99997354b1f,2.083333333333333,1.4166666666666663,1.4166666666666663,2.083333333333333
c0471143efd34ab7615ef9f6,1.0294117647058825,0.1388888888888888,0.1388888888888888,1.0294117647058825
c317ab81f0516a228f7d1432,1.5227272727272727,1.25,1.25,1.5227272727272727
4b5e9df518c68aace0422d3b,1.1590909090909092,0.8333333333333334,0.8333333333333334,1.1590909090909092
763a5828cb7a0638454cdf29,1.6071428571428572,1.4,1.4,1.6071428571428572
943d14e70086d2e350714c93,1.0384615384615383,1.25,1.25,1.0384615384615383
96167103ef32ef045b9a9778,2.15,0.8333333333333334,0.8333333333333334,2.15
9fe09a73c691571b44a18eb4,0.8571428571428572,1.3888888888888888,1.3888888888888888,0.8571428571428572
a867080aa1f912110f8e2bda,1.1944444444444444,-0.1666666666666666,-0.1666666666666666,1.1944444444444444
c20608cb1515b3821f428473,1.2045454545454546,1.3333333333333333,1.3333333333333333,1.2045454545454546
c2d1768e29d399d72ccce984,2.65,1.25,1.25,2.65
fe7d26a4fb2c4c3b229a7622,1.75,1.25,1.25,1.75
0d7d0126193be695c469b576,1.0,2.375,2.375,1.0
3341ad464b5e2ec35489d6be,1.027777777777778,2.6979166666666665,2.6979166666666665,1.027777777777778
4e7df2028d5bf190e8709827,1.21875,1.375,1.375,1.21875
598c5c008603e4271cf6ec58,0.6875,2.107142857142857,2.107142857142857,0.6875
6651e5dea85fe402ee8870a4,2.875,1.25,1.25,2.875
76bcb28f7efc94b3915c1470,1.375,1.175,1.175,1.375
7a5ec93bc0add0aaa1d7d9a6,0.9375,2.075,2.075,0.9375
89b4b05cdf2c2203376f0565,1.125,0.5625,0.5625,1.125
c275d44743ca291c0b406fa0,1.8125,1.7291666666666667,1.7291666666666667,1.8125
e1d6add65bb2c9d8c224303e,1.75,0.2249999999999999,0.2249999999999999,1.75
e6002c6ee222db3dad133db2,1.75,1.5625,1.5625,1.75
eca19ec5e7de4e6f14083838,0.95,1.1,1.1,0.95
2cf183abd3ce69cd21fcc843,0.875,-0.0499999999999999,-0.0499999999999999,0.875
5916e6d85557a582a37ec49c,1.3125,2.9913793103448274,2.9913793103448274,1.3125
73f3f8441a981aeb531e09f3,0.925,1.75,1.75,0.925
8a18633dd190320a3c88ae43,0.0,1.75,1.75,0.0
8d1d1ca2ba731c2a8b290058,1.5384615384615383,1.1666666666666667,1.1666666666666667,1.5384615384615383
9936ba17599c240d3e3cc410,-0.5625,1.075,1.075,-0.5625
a3ba12e3a25c4ddd39f7f6d5,2.0,1.975,1.975,2.0
c24618a82a72a44c36936f69,1.1875,1.4204545454545454,1.4204545454545454,1.1875
c89e989230c61f2f718c5a21,2.2222222222222223,2.375,2.375,2.2222222222222223
ccab5c92eb750fcbc0388a5a,0.625,1.5892857142857142,1.5892857142857142,0.625
e255f2bf4cb5137905e55002,1.1875,1.2083333333333337,1.2083333333333337,1.1875
f0c3c948ee6ae9399f17eacb,1.3333333333333333,1.8125,1.8125,1.3333333333333333
071a02dfe39ba3b022d3d62e,1.5416666666666667,1.6,1.6,1.5416666666666667
09538899fbf501fb43e0c855,1.0357142857142856,2.375,2.375,1.0357142857142856
1da1af451fca635d2d02e13b,0.4166666666666666,2.0875,2.0875,0.4166666666666666
4f892492cbc9b134e0a46688,1.0,1.3125,1.3125,1.0
549e337143ca071a7f7eea14,1.8125,1.3214285714285716,1.3214285714285716,1.8125
7468e95a40884b37e7d7ed93,1.6666666666666667,1.9047619047619049,1.9047619047619049,1.6666666666666667
a308745fd3dd66e170632281,1.3888888888888888,2.421875,2.421875,1.3888888888888888
fceeb2e0dbff489b1165d5dc,1.175,2.105769230769231,2.105769230769231,1.175
358a0fd91b6e0c86166dcb65,0.95,1.3478260869565215,1.3478260869565215,0.95
51bb01feda8e2d86b9f43be9,1.3181818181818183,3.0,3.0,1.3181818181818183
549fd22a692570660a61a596,1.107142857142857,1.2115384615384617,1.2115384615384617,1.107142857142857
615ad5aa23186818bc6dfdb1,1.1428571428571428,1.95,1.95,1.1428571428571428
63c2fd7ef3e0454d96bd2540,2.95,1.346153846153846,1.346153846153846,2.95
9cf687b5dc14e6e25d479a44,0.2954545454545454,2.74,2.74,0.2954545454545454
a97e3a1d5783785377bbff38,1.4444444444444444,1.4285714285714286,1.4285714285714286,1.4444444444444444
c1c44a9c1d0b10883b701d97,0.8055555555555556,1.9285714285714288,1.9285714285714288,0.8055555555555556
c4c1b3681aae43cf79a9eb7f,-0.6000000000000001,1.0,1.0,-0.6000000000000001
ca997a69bda8db79b750757e,0.65,1.972222222222222,1.972222222222222,0.65
ee0d3fe803759bc9471bac06,1.6,0.9342105263157894,0.9342105263157894,1.6
ff72ae4eb9151ffef24f6da5,2.1818181818181817,1.886363636363636,1.886363636363636,2.1818181818181817
059554041ab5a22ce4d9bdf3,2.568181818181818,2.1785714285714284,2.1785714285714284,2.568181818181818
0ada3495b9ed0b7c57054d05,1.65,0.9166666666666666,0.9166666666666666,1.65
37b358d070162242483c6c3a,-0.0909090909090908,2.1759259259259256,2.1759259259259256,-0.0909090909090908
4cb02949e2f1d848fce085a3,0.9642857142857144,2.571428571428571,2.571428571428571,0.9642857142857144
6bff31c27c9edceb181aade5,1.6,2.485294117647059,2.485294117647059,1.6
7bbee2b7892b43661919dca3,0.8690476190476191,1.346153846153846,1.346153846153846,0.8690476190476191
86ca747640aedfb0181d7ff6,1.65,1.892857142857143,1.892857142857143,1.65
ba7064c3aa05658d6f13dba4,2.05,1.1590909090909092,1.1590909090909092,2.05
d0ca0d920a14287934b3b3ef,0.2,1.2894736842105263,1.2894736842105263,0.2
df2ee2eade76d2f21a428c1b,0.6428571428571428,0.2142857142857142,0.2142857142857142,0.6428571428571428
f397c4a0396ea68a3f26a040,1.3,1.8068181818181817,1.8068181818181817,1.3
fd5f45fa276cf78ab1c409ff,1.4,0.9772727272727272,0.9772727272727272,1.4
072fbe1815cfa7dea3291f8f,1.8,1.7000000000000002,1.7000000000000002,1.8
1458e4631c99943704f16c25,1.090909090909091,1.346153846153846,1.346153846153846,1.090909090909091
250139d4882a7c8f8eed6b3f,0.9545454545454544,1.4629629629629628,1.4629629629629628,0.9545454545454544
7b5d6b7eb21ea958347c91f7,1.4642857142857144,0.5555555555555556,0.5555555555555556,1.4642857142857144
bbb558c06a68e2b7e2390171,1.5454545454545454,2.2,2.2,1.5454545454545454
c1750b180c6ba9b6cc9e0de2,1.4666666666666666,2.55,2.55,1.4666666666666666
e1201def8d9c25ec852e158e,0.8409090909090909,1.65,1.65,0.8409090909090909
fb907c4ae863fa074a70385a,1.15,2.0921052631578947,2.0921052631578947,1.15
9d2678963e366ccce6126dd7,2.333333333333333,1.625,1.625,2.333333333333333
9f565ae7c1ccd0b8d0617147,1.5446428571428572,1.5357142857142858,1.5357142857142858,1.5446428571428572
a29acc9136bf131281e8b2e4,1.75,1.4479166666666663,1.4479166666666663,1.75
a6b69635f0bcb8a6d277aee7,2.2916666666666665,,,2.2916666666666665
dabcec074665bd90a63b3616,1.7596153846153846,1.5416666666666667,1.5416666666666667,1.7596153846153846
0aa0cabdc19181c4bf1c80c5,1.875,0.375,0.375,1.875
0c2a7a0b252fb7a072cc1386,2.267857142857143,1.5357142857142858,1.5357142857142858,2.267857142857143
574c77cd7411d1617e480486,1.6666666666666667,1.875,1.875,1.6666666666666667
578b8ec579870409b88d771f,2.1625,1.5,1.5,2.1625
5e2003440b230a733782d212,3.024193548387097,1.2321428571428572,1.2321428571428572,3.024193548387097
6afcd8bed1d59a9b03d41184,2.7596153846153846,1.875,1.875,2.7596153846153846
f998346a9172d26b06035812,2.645833333333333,,,2.645833333333333
10fb874c3837a8ae249f5398,2.65625,1.6666666666666667,1.6666666666666667,2.65625
19f2b345befd06d070e8a449,2.083333333333333,,,2.083333333333333
2c7b45e1bf33b6f9b5d0038c,1.869565217391304,0.25,0.25,1.869565217391304
4cf79085ba0ebf7195909b24,2.2916666666666665,1.7083333333333337,1.7083333333333337,2.2916666666666665
1b785e9d800aa7fd4cf7a506,1.53,1.5769230769230769,1.5769230769230769,1.53
55f406014bcc5675046afeb9,1.4642857142857144,1.7314814814814814,1.7314814814814814,1.4642857142857144
56c5fafc4afb0805f4a99838,1.5357142857142858,2.263157894736842,2.263157894736842,1.5357142857142858
d738db3452a195fa32e45e2e,1.65,1.4827586206896552,1.4827586206896552,1.65
f20ff5c5ed08e4762a41a358,3.5,1.8928571428571428,1.8928571428571428,3.5
0888b1ef687d2ad1f27b7271,1.65,2.181034482758621,2.181034482758621,1.65
348c58a9d40307011f086a09,1.5714285714285714,2.777777777777778,2.777777777777778,1.5714285714285714
38dcadb6a7c22be8c14beaf9,1.4444444444444444,2.107142857142857,2.107142857142857,1.4444444444444444
3971abeed67d73c9cfb3277a,-0.25,2.692307692307692,2.692307692307692,-0.25
4a162b6dc7c248b71a813ad1,1.75,1.5714285714285714,1.5714285714285714,1.75
9c054ab46d6288e86cb42b1a,0.5833333333333333,1.7954545454545454,1.7954545454545454,0.5833333333333333
b4a5e858ba1884082b2ecd43,1.1,3.046875,3.046875,1.1
11f64c6606678f5bb87ad1e1,1.3571428571428572,2.75,2.75,1.3571428571428572
9226f8aeadb920cf77598bbc,1.25,1.78125,1.78125,1.25
b494ca5dabc4cd81dc163e23,3.5,1.8846153846153848,1.8846153846153848,3.5
dba8556726a6171e84e39a8d,1.6071428571428572,2.107142857142857,2.107142857142857,1.6071428571428572
33e5e38d8460351a2a3316f0,1.1875,1.3125,1.3125,1.1875
6d20c3fe5bcacb81c53866a4,2.8392857142857144,1.40625,1.40625,2.8392857142857144
ab1b958ae466d1a3b4be5347,2.0,1.596153846153846,1.596153846153846,2.0
7dde1d81bdceeec9441ba928,3.083333333333333,2.3125,2.3125,3.083333333333333
9ee1d6b3b61d06d944655e61,1.96875,1.609375,1.609375,1.96875
ff8569e086dfc82715efb93a,2.767857142857143,2.85,2.85,2.767857142857143
8d4e55e2d57741587a24f07f,2.125,2.159090909090909,2.159090909090909,2.125
c8e062134e680e28a825b933,2.3125,1.609375,1.609375,2.3125
0bd363e304ccc1b4d7e44e73,1.0,1.6,1.6,1.0
455f4dc1dbb264fc44b018a3,1.1944444444444446,2.862068965517241,2.862068965517241,1.1944444444444446
c41141b2d7cf7c90ea7f436f,1.527777777777778,2.083333333333333,2.083333333333333,1.527777777777778
10eb72845dd055290df5206b,1.7058823529411764,1.7222222222222223,1.7222222222222223,1.7058823529411764
3835f5b0c16540c7e5df8c83,2.886363636363636,2.566666666666667,2.566666666666667,2.886363636363636
471af5588c55ddaf1239cde4,2.25,3.022058823529412,3.022058823529412,2.25
673d4432ceb9e4679b829118,1.5735294117647058,2.1666666666666665,2.1666666666666665,1.5735294117647058
7b3a82fc0fb56a6541d60f7d,2.108695652173913,2.0,2.0,2.108695652173913
c1d0fe14a779a2604b7518e9,2.964285714285714,1.6666666666666667,1.6666666666666667,2.964285714285714
996b19315ff6a5cd54563030,2.875,1.7916666666666667,1.7916666666666667,2.875
a7b28942156717c8a4f980b6,2.0625,1.9583333333333333,1.9583333333333333,2.0625
820d6425e57494b916c66306,2.916666666666667,2.1875,2.1875,2.916666666666667
a45549f0a2727163832aa003,1.75,2.875,2.875,1.75
761880b51dc438d3c9c42fa9,2.2142857142857144,1.95,1.95,2.2142857142857144
b3d7de9be6a11b58b21d277e,1.644736842105263,2.911290322580645,2.911290322580645,1.644736842105263
5104c4ed66297f49889bf04b,2.264705882352941,2.6538461538461537,2.6538461538461537,2.264705882352941
9024649da90ba140d9228ba1,2.40625,2.714285714285714,2.714285714285714,2.40625
04ac52d52dc196fc45717481,-0.375,0.375,0.375,-0.375
8d40315fd2e2c2a2053922c9,0.96875,,,0.96875
a0a0c0fc97964002f4b41b60,1.984375,1.578125,1.578125,1.984375
e80341f5070a42cf2aa8f592,0.25,1.8125,1.8125,0.25
f0a640fee4bc048e41b2ce02,1.09375,1.4375,1.4375,1.09375
04a6668087267fda6c0fba58,,,,
0bf70f746aa0a5a7ffd4920d,0.2749999999999999,0.55,0.55,0.2749999999999999
8d5b1310eed6b6b4bea42578,,,,
9cbd338d2086e04ef0f8603b,,1.6875,1.6875,
a6d5c0bbfae0b914d9299b61,0.7083333333333334,-0.6875,-0.6875,0.7083333333333334
fa6792190474b02a6b5cf85f,,,,
2b6e69ecfcaaa1a8871c89d1,2.0,0.875,0.875,2.0
4d086307870231cdd4d07c05,0.375,,,0.375
5e4b3ce1220f6ee35e90be90,-0.25,-0.625,-0.625,-0.25
8d24d3b756a3deb5a44d63a9,,2.083333333333333,2.083333333333333,
cf39f668f7048e0dd4ebfe2c,0.4375,0.375,0.375,0.4375
31a2689a58f2f6911b72bd0a,1.3333333333333333,1.8,1.8,1.3333333333333333
4730c1690f650f70921f3c94,1.2083333333333337,0.1499999999999999,0.1499999999999999,1.2083333333333337
6e22e134b6145028669c807a,1.7666666666666668,0.6875,0.6875,1.7666666666666668
83879a643479fca47a7ec1d9,1.9807692307692308,3.5,3.5,1.9807692307692308
c0bb43a8cbd208468f6f74d7,3.25,-0.25,-0.25,3.25
e579f83d4361b0afe3eeea20,1.6041666666666663,1.0833333333333333,1.0833333333333333,1.6041666666666663
0b53e725b8adc8aa94189332,2.173076923076923,1.0,1.0,2.173076923076923
1c5c479a89f73fe48bab1e73,3.5,,,3.5
20f19e9980137bc5380f4964,2.1029411764705883,,,2.1029411764705883
2ca9198d5e76b598330edab6,0.75,1.5,1.5,0.75
7f09c8118d6b9f0045c07288,,0.5454545454545454,0.5454545454545454,
0ddd833fa9400c3c99fe601b,2.3076923076923075,3.5,3.5,2.3076923076923075
68a26fcd05a737b2e08ca708,1.0909090909090908,0.8333333333333334,0.8333333333333334,1.0909090909090908
718e976d4a7f69c03fc5829d,1.8888888888888888,0.125,0.125,1.8888888888888888
9cf5de7063bed976ff3a5f9a,,,,
aaa7822fca93684140fb8209,2.5,,,2.5
033d1422f6c405b992b95525,-0.25,2.125,2.125,-0.25
0ca49c2edf9f5daae79a3b7f,1.375,3.25,3.25,1.375
386a15414644f23ae8a7b457,0.4791666666666667,2.410714285714286,2.410714285714286,0.4791666666666667
6c9267659a003b4523d781d2,0.75,1.6071428571428572,1.6071428571428572,0.75
873a91d91de44506f588ceb0,0.5,2.5625,2.5625,0.5
ce59c8e82470a1592a555542,0.0833333333333333,0.5750000000000001,0.5750000000000001,0.0833333333333333
15b0735939dd0c092d11deb4,3.75,1.609375,1.609375,3.75
8823968b25c5be87c3c081bd,1.0,2.071428571428572,2.071428571428572,1.0
f080b6e00f5346ea5e16e108,2.25,1.625,1.625,2.25
0b4bff6c9d0fb6e2015c469b,1.3,1.9444444444444449,1.9444444444444449,1.3
60877cb1b7d775b83bc9c847,-0.5,1.2916666666666667,1.2916666666666667,-0.5
62ae74d88778b9372e972d5d,0.1666666666666666,3.375,3.375,0.1666666666666666
6fd144afe86a6bb403ddc1cd,1.4583333333333333,1.7307692307692308,1.7307692307692308,1.4583333333333333
748c10afc0b516bd1f3fab51,1.625,1.0,1.0,1.625
892297e5e4886094a33f1c96,1.3333333333333333,1.9821428571428568,1.9821428571428568,1.3333333333333333
cab717ad0b1cf9c8fcc80252,2.333333333333333,1.5,1.5,2.333333333333333
095721e886420f1a0ff3a2e9,3.625,2.533333333333333,2.533333333333333,3.625
26973c97fd275c791cf11f63,1.4166666666666663,0.9375,0.9375,1.4166666666666663
32a22df5b7368979d68d91b7,0.75,0.0,0.0,0.75
49f56429cc3c686ccfd2ea1b,2.617647058823529,1.173076923076923,1.173076923076923,2.617647058823529
58a888cab9b1fd4e2d33cb8a,1.6785714285714286,1.875,1.875,1.6785714285714286
6c3c61a9ed77d054ccf5c552,0.3461538461538462,0.5833333333333333,0.5833333333333333,0.3461538461538462
2e3edb821ea409b4c678f5a0,1.375,0.3,0.3,1.375
328e8700050d811c7c9f489f,2.066666666666667,1.7727272727272727,1.7727272727272727,2.066666666666667
8ace2cb98d9e1d3613859fe9,1.75,1.6666666666666667,1.6666666666666667,1.75
faee638c1816abb56f076569,1.25,0.8181818181818181,0.8181818181818181,1.25
2dfc75bed26469f142459dd3,2.2,2.5,2.5,2.2
66cbe2cff6fd42741969b3c1,1.8157894736842104,1.7058823529411764,1.7058823529411764,1.8157894736842104
7ee872163630991167d695df,2.5,2.583333333333333,2.583333333333333,2.5
8a1a2744b7794733d4dcaed5,0.4499999999999999,1.3928571428571428,1.3928571428571428,0.4499999999999999
b3c8d4a6187b24744ad1f547,0.375,-0.25,-0.25,0.375
e3d241aaa513b898e2cbe006,0.0357142857142857,2.625,2.625,0.0357142857142857
2d88174c37ed4fd2a18628e9,2.125,0.3333333333333333,0.3333333333333333,2.125
58c7d389bcda7e1781e6373f,1.8194444444444449,1.5,1.5,1.8194444444444449
60a2c6e402cded7e7474c1b6,2.5277777777777777,0.125,0.125,2.5277777777777777
e0386f9875ea2103e3320851,1.6875,1.5714285714285714,1.5714285714285714,1.6875
e2f8b3c628bcf913fdaddd28,2.8125,1.0,1.0,2.8125
ed752d4513dc44ec1c04acab,1.75,-0.3333333333333333,-0.3333333333333333,1.75
05c61c6a0dbf4155b7b6b026,2.0277777777777777,0.2916666666666666,0.2916666666666666,2.0277777777777777
52f150014739aaf03b965b78,1.55,1.65625,1.65625,1.55
7666ff626ecf08d259cf8267,1.2222222222222223,2.95,2.95,1.2222222222222223
e6c8f7b2b9704bb7372f50bd,1.1607142857142856,2.1666666666666665,2.1666666666666665,1.1607142857142856
3067472e01d7514449bdbc98,2.0,0.95,0.95,2.0
652ee40f96449c39585045e2,2.75,1.3125,1.3125,2.75
69f7c8a2c703e15f38e86b0f,0.8333333333333334,-0.125,-0.125,0.8333333333333334
cd1bc1b37f7e286a3de9d155,2.4375,0.2857142857142857,0.2857142857142857,2.4375
d112da5f773e16388b41e809,2.0,0.8125,0.8125,2.0
ee9b1bc559a9921e0684fdf8,1.7083333333333337,1.3125,1.3125,1.7083333333333337
033e00ac6dea5c5ff488d9d5,1.8125,1.0625,1.0625,1.8125
1d5aef5941dda3cea673471e,3.0,-0.2222222222222222,-0.2222222222222222,3.0
3626430358a5ca47b601f634,1.8947368421052635,1.5833333333333337,1.5833333333333337,1.8947368421052635
55cf4fcedce060459851c9f9,0.0357142857142857,1.875,1.875,0.0357142857142857
b780e9a03bd414db8b45b106,2.15,1.4375,1.4375,2.15
d41cddd81fd5426c2c184248,2.3125,2.0588235294117645,2.0588235294117645,2.3125
026122d2dc2f2c2b7d7104b8,1.8333333333333333,0.2142857142857142,0.2142857142857142,1.8333333333333333
4a5bf95fe40913c5513148c9,1.846153846153846,1.9411764705882355,1.9411764705882355,1.846153846153846
ebf054b95bd3e548e98b0e71,2.5294117647058822,3.0625,3.0625,2.5294117647058822
03079917feeaf75febf66545,0.85,0.1999999999999999,0.1999999999999999,0.85
127e3430585a2fba74496d23,2.2,1.35,1.35,2.2
19b5c5bcda2d27eed4c430a7,0.9583333333333334,0.95,0.95,0.9583333333333334
27266c50e9577f635492fed6,0.5625,1.375,1.375,0.5625
5f2a85710c61fec0bae35ba1,1.0769230769230769,1.0750000000000002,1.0750000000000002,1.0769230769230769
ab1bfdb0db7135268bd0cb7f,1.15,2.5789473684210527,2.5789473684210527,1.15
edda2edbdb9819e74303d5ca,0.5,0.6000000000000001,0.6000000000000001,0.5
100d1d27090d21a88f7f2d17,0.125,1.068181818181818,1.068181818181818,0.125
26b455c7dea50046f1d4cb43,2.15,2.6625,2.6625,2.15
b8ed03bb7c4db4feb42457f4,0.0,1.0,1.0,0.0
f2326906022dbbef5a65dd46,2.5357142857142856,1.0714285714285714,1.0714285714285714,2.5357142857142856
0c3f1439d168cad2d94c094f,1.3333333333333333,1.8888888888888888,1.8888888888888888,1.3333333333333333
32389fe74ac5a5c9b29ee49f,0.7857142857142857,1.7857142857142856,1.7857142857142856,0.7857142857142857
6f90997a7f060d29ddefaff1,0.65,1.75,1.75,0.65
99e98a62a9625676ad6a24cd,1.3214285714285716,1.7083333333333337,1.7083333333333337,1.3214285714285716
c072bc70f81ac6554dcee7fe,1.2916666666666667,2.444444444444444,2.444444444444444,1.2916666666666667
d0d9289ad69364e3758cbc13,0.15625,2.6500000000000004,2.6500000000000004,0.15625
23b59b901a8fb84b3879b78a,0.35,2.05,2.05,0.35
74f0bb4fd0a6b83b05d01776,1.975,2.25,2.25,1.975
cb69efd4e2309200992708ef,1.5499999999999998,1.4772727272727273,1.4772727272727273,1.5499999999999998
e62e7f8ea473bf3eb6449575,1.0416666666666667,2.0,2.0,1.0416666666666667
eed379dbc0576393c8a89221,1.5555555555555556,1.9875,1.9875,1.5555555555555556
f0390f3924d0116d7e3d33d2,0.15625,1.3382352941176472,1.3382352941176472,0.15625
71ea5a736dca1e8e5c583cfb,1.9642857142857144,1.9166666666666667,1.9166666666666667,1.9642857142857144
ba826f1cb87ff19af7f1d846,2.875,1.5416666666666667,1.5416666666666667,2.875
f1e12b83918f28d7827bc2e5,1.8333333333333333,1.375,1.375,1.8333333333333333
72453367c1713d4914293ea0,1.875,,,1.875
8398430c35894bebbe0efac1,1.9605263157894737,0.875,0.875,1.9605263157894737
92e38e85f1ffa9d3d06a4391,1.2916666666666667,1.375,1.375,1.2916666666666667
219a29f258b4e04bae546c0f,1.886363636363636,0.375,0.375,1.886363636363636
27a4bf50075ec4c07e0fceb3,1.7083333333333337,1.4666666666666666,1.4666666666666666,1.7083333333333337
473a16adaf57efc7e2ddffd4,2.0,1.5357142857142858,1.5357142857142858,2.0
9ac39fa81eedd807ad44f5fd,1.7857142857142856,2.4285714285714284,2.4285714285714284,1.7857142857142856
a7a1a6ac0c79091d0157b5bb,2.107142857142857,1.6875,1.6875,2.107142857142857
0a3832e41ddc38d1600c668a,-0.5,2.107142857142857,2.107142857142857,-0.5
6b477bb2826de7df4bb37223,1.1944444444444446,1.4423076923076923,1.4423076923076923,1.1944444444444446
c0ff67ae50067c2668aca87d,0.65,2.025,2.025,0.65
f97e4b4652723f7547d3ed59,1.5241935483870968,1.4285714285714286,1.4285714285714286,1.5241935483870968
f380f44e2f182ed14f2b5e68,0.5833333333333333,1.8125,1.8125,0.5833333333333333
2d35266d6391c36d688111f4,2.0595238095238093,1.9761904761904765,1.9761904761904765,2.0595238095238093
9a038770d23bfc9738c3e648,2.625,1.578125,1.578125,2.625
f8861a0e239c7c664f7c1fd7,2.145833333333333,2.25,2.25,2.145833333333333
0a5c41559cc935bc38f5d933,1.9,1.96875,1.96875,1.9
90e4169813d4d8538b02fefe,1.5625,2.625,2.625,1.5625
68b1318050247cf428568b3e,2.702380952380953,1.5892857142857142,1.5892857142857142,2.702380952380953
8535340422f4e01223ec8c18,2.5526315789473686,1.84375,1.84375,2.5526315789473686
f4b7153d09492963744653a1,2.0921052631578947,1.25,1.25,2.0921052631578947
4f45097ac36ac77c8d3fb9e7,1.5227272727272727,2.6944444444444446,2.6944444444444446,1.5227272727272727
6784c9daab8f46f5c7bb9e1c,2.361111111111111,1.9615384615384617,1.9615384615384617,2.361111111111111
b234596a7013166c1e86be93,1.875,2.113636363636364,2.113636363636364,1.875
24f85c65ecac370cd9e59cf7,2.111111111111111,1.765625,1.765625,2.111111111111111
51c673a13ab98a7ca2771d99,2.75,1.3055555555555556,1.3055555555555556,2.75
4e2d86f191c7e040b2929c9c,1.7000000000000002,2.5681818181818183,2.5681818181818183,1.7000000000000002
6fc7124efee7c05b83cc5ec3,1.75,2.475,2.475,1.75
7408f3630f7aaf25291a08fa,0.95,2.15,2.15,0.95
2324-0001,,,,
2324-0002,,,,
2324-0003,,,,
2324-0004,,,,
2324-0005,,,,
2324-0006,,,,
2324-0007,,,,
2324-0008,,,,
2324-0009,,,,
2324-0010,,,,
2324-0011,-0.25,-0.25,-0.25,-0.25
2324-0012,1.0,3.25,3.25,1.0
2324-0013,1.0,1.0,1.0,1.0
2324-0014,3.75,-0.25,-0.25,3.75
2324-0015,3.25,1.0,1.0,3.25
2324-0016,4.0,3.75,3.75,4.0
2324-0017,-0.25,-1.0,-1.0,-0.25
2324-0018,1.0,1.0,1.0,1.0
2324-0019,3.25,3.25,3.25,3.25
fd03246e5495b60a15bda8a6,2.825,2.225,2.225,2.825
f40b59b6fa64e821cf67118d,2.1630434782608696,2.0,2.0,2.1630434782608696
23f3c3f3d4d383a8fb0ca644,2.608695652173913,2.202380952380953,2.202380952380953,2.608695652173913
a590ef56b9e76af14da00d7e,2.5250000000000004,1.9,1.9,2.5250000000000004
2324-0020,-0.75,0.25,0.25,-0.75
2324-0021,2.25,0.25,0.25,2.25
2324-0022,1.25,3.25,3.25,1.25
2324-0023,1.5,2.375,2.375,1.5
2324-0024,-0.5,-0.625,-0.625,-0.5
2324-0025,1.5,1.375,1.375,1.5
2324-0026,2.25,3.75,3.75,2.25
2324-0027,1.5,-0.75,-0.75,1.5
2324-0028,3.5,-0.25,-0.25,3.5
2324-0029,2.25,1.875,1.875,2.25
a43009b0d37483c1f3af3c2c,2.318181818181818,2.5454545454545454,2.5454545454545454,2.318181818181818
d786c98115b245aec6159a22,1.9090909090909087,2.114583333333333,2.114583333333333,1.9090909090909087
557db98eb8645bef531355ca,1.6818181818181817,2.613636363636364,2.613636363636364,1.6818181818181817
56b4d013a0e19852aa04fbf9,2.25,2.489583333333333,2.489583333333333,2.25
2324-0030,2.666666666666667,-0.75,-0.75,2.666666666666667
8bf1464aabd87159b0241665,2.666666666666667,2.395833333333333,2.395833333333333,2.666666666666667
3c590482f3f30a3f3b59d624,2.16,2.293478260869565,2.293478260869565,2.16
d0e987e86cd8d5ca8b73bc1f,2.2884615384615388,2.5384615384615383,2.5384615384615383,2.2884615384615388
3886432787dcf0e12985a58a,2.3541666666666665,2.048076923076924,2.048076923076924,2.3541666666666665
618e4e514ffbf5e0ddebde0b,2.3000000000000003,2.607142857142857,2.607142857142857,2.3000000000000003
0fe3cd44f433b4d912bb70c1,1.875,0.9444444444444444,0.9444444444444444,1.875
147613d3379be435d5f0f064,1.025,1.147058823529412,1.147058823529412,1.025
65839a60549ffacefce4249d,,,,
e0cb2920999538a73e03e763,1.203125,,,1.203125
f0bc60d459d2093fded629b8,0.828125,,,0.828125
097e9c028839e8678e2e8fac,1.3571428571428572,1.9583333333333333,1.9583333333333333,1.3571428571428572
1e110427008fafb0892a2e16,1.107142857142857,1.78125,1.78125,1.107142857142857
81ddc0355b4b7f43606c3b02,-0.1666666666666666,-0.25,-0.25,-0.1666666666666666
9ff542244c42d40e31b93119,1.25,1.7205882352941175,1.7205882352941175,1.25
c87abe2a8b4bb9a24e3c5291,-0.4375,,,-0.4375
f3cde8255eab1b832ffabe1c,-0.4375,,,-0.4375
369daef5ab46fe3273dd3c5f,0.9375,,,0.9375
40852e80ba81173e222daf91,-0.0625,,,-0.0625
6a74678c81270dea76b78634,1.5,-0.5,-0.5,1.5
6cdcd649f55c3c6bfa95305b,0.8214285714285714,0.7857142857142857,0.7857142857142857,0.8214285714285714
954d5f4dd0e47c4e804b37b7,0.15625,,,0.15625
4361a83657a5911f27e73bc2,2.846153846153846,1.5,1.5,2.846153846153846
d88a57eb7bed2b090d86d20b,1.0,0.25,0.25,1.0
da64d09f6d6a8d6b6dffdaa0,1.9,,,1.9
e0aada8cae15cbfdb9c16302,2.009259259259259,1.125,1.125,2.009259259259259
fcd3f56414bfbd7646811999,2.0892857142857144,3.5,3.5,2.0892857142857144
2c8a2dea00742e4858d31329,1.75,0.875,0.875,1.75
3c079d73c9f8f471bacb6462,2.0227272727272725,2.345238095238095,2.345238095238095,2.0227272727272725
5fca34240e25dc3960b2d95b,,0.35,0.35,
60a865370506f3e0887f7c49,2.5,,,2.5
afe8668b2ff3218fa1c6a70d,1.4833333333333332,3.25,3.25,1.4833333333333332
ed6f597bfc3c3b06a4c527d5,1.375,1.0,1.0,1.375
09fdc5c800c07b426c94b1c9,1.3235294117647058,1.0,1.0,1.3235294117647058
40899e34f153461cea8e0cb8,,1.25,1.25,
7718d3a06064ed90d283e02b,1.0227272727272727,1.375,1.375,1.0227272727272727
c150ace4097a96cda4701322,0.8125,1.0,1.0,0.8125
d09e30564527527badc98eb4,2.083333333333333,1.65,1.65,2.083333333333333
089c1a00dcfcff62ae9774d4,0.75,1.6111111111111112,1.6111111111111112,0.75
17a661225ba070e80419c689,0.1785714285714285,2.0166666666666666,2.0166666666666666,0.1785714285714285
1cc0d44d940dbf69df49a93d,2.25,1.75,1.75,2.25
4588a37ae5286df2ee3cf2b9,-0.5,1.0,1.0,-0.5
73828314c6e59a02bd45cd25,0.25,2.910714285714286,2.910714285714286,0.25
0c70d602f1e0b8c0caa98637,2.083333333333333,2.053571428571429,2.053571428571429,2.083333333333333
221ca11eb92fc6ef2213d441,0.4583333333333332,2.5625,2.5625,0.4583333333333332
31d9d619e321d88575fcf397,0.25,1.8181818181818183,1.8181818181818183,0.25
398cbff5581518dff3a0ce55,0.9722222222222224,0.8958333333333334,0.8958333333333334,0.9722222222222224
639eec6110f894e1aa06582a,2.386363636363636,2.2857142857142856,2.2857142857142856,2.386363636363636
d512da8ee499690de8bb3377,1.225,1.59375,1.59375,1.225
21b4ea11285232a306c599de,0.8928571428571429,1.2361111111111112,1.2361111111111112,0.8928571428571429
41861a3c20ed6421ce2d3627,1.2916666666666663,1.8333333333333333,1.8333333333333333,1.2916666666666663
474db4201a2afbcf2171b684,1.0,1.35,1.35,1.0
8715669966e1805df1520afc,1.5,1.0,1.0,1.5
c92b18cef2d949d9b2dc047c,2.125,1.7211538461538465,1.7211538461538465,2.125
64402a7bde3f314d41037b06,2.140625,1.125,1.125,2.140625
6d49e4731baff1caacf5c210,1.0,1.4852941176470589,1.4852941176470589,1.0
7429e2df3dd9eb912c500d88,0.2142857142857142,-0.375,-0.375,0.2142857142857142
e465d70f7b9d5ae9f30aa250,1.21875,1.3333333333333333,1.3333333333333333,1.21875
f61068e2680e8bf58c7eb596,1.409090909090909,1.3333333333333333,1.3333333333333333,1.409090909090909
73b62ee4e7fef8cfdd1a84a8,1.0,0.5,0.5,1.0
8a7b8aefea7741f6234bec92,1.0714285714285714,2.25,2.25,1.0714285714285714
8fe95a54419da65bc03dbe25,0.8125,-0.3333333333333333,-0.3333333333333333,0.8125
b386b75bb9942d531441d811,2.46875,1.9423076923076923,1.9423076923076923,2.46875
d658cd19d4c874766bb8e583,3.0166666666666666,1.55,1.55,3.0166666666666666
15b09ed6b82f08bf07b9a9f1,1.777777777777778,1.1447368421052633,1.1447368421052633,1.777777777777778
29e4584a52f11ae8ecd07adf,0.825,1.8125,1.8125,0.825
372e1d70b603181912effecf,2.75,0.03125,0.03125,2.75
4d0a743d19435286fe4d5dd4,2.0172413793103448,1.096153846153846,1.096153846153846,2.0172413793103448
5a4ab916bd1d6e7b6e53d012,1.75,1.2916666666666663,1.2916666666666663,1.75
fa9e488b6e431f28b54c3c3e,2.125,2.661764705882353,2.661764705882353,2.125
1442fbcba4fc959d5e5d1927,1.0,0.875,0.875,1.0
1a681765cf2c1df7154f7edc,1.3863636363636362,1.45,1.45,1.3863636363636362
1a701ec31d382982a17c595f,2.0,0.1388888888888888,0.1388888888888888,2.0
6131dca440d8dcdec2364d7c,1.9416666666666669,2.15,2.15,1.9416666666666669
b7ab54f916894b6be0cd54e0,1.25,0.7045454545454545,0.7045454545454545,1.25
d1ac5dbdbb989e54b42f7b9b,1.55,2.3125,2.3125,1.55
2ff93d236c389cc89abf00bd,1.0625,1.1944444444444446,1.1944444444444446,1.0625
3cebbf2df3887886ad1eb53c,3.03125,-0.5,-0.5,3.03125
978dbb9f245db303b16770d8,1.25,0.9166666666666666,0.9166666666666666,1.25
af67b9042659104f6cb7ebef,2.708333333333333,0.125,0.125,2.708333333333333
c74df0558cebb6caae73319f,1.7857142857142856,0.90625,0.90625,1.7857142857142856
1ed76648a08b085abf35dff1,1.0714285714285714,1.8333333333333333,1.8333333333333333,1.0714285714285714
6ceaf8974f3b57877084ce20,1.8392857142857144,1.25,1.25,1.8392857142857144
83aee805c2e25c7c9b770030,2.555555555555556,2.2916666666666665,2.2916666666666665,2.555555555555556
aa3a1986b0f004a5ea33f6f8,1.4583333333333333,1.5833333333333333,1.5833333333333333,1.4583333333333333
5f09fa45cd7902d852485fd5,-0.6000000000000001,1.75,1.75,-0.6000000000000001
6d75b78e71a5b28f13520c4d,1.4333333333333331,1.8548387096774197,1.8548387096774197,1.4333333333333331
90fbe5007bf13bd472e59f06,1.25,2.083333333333333,2.083333333333333,1.25
a5a97f2ad76d564724d38dba,0.075,2.5,2.5,0.075
db235ebcf9020aaca5f9eab2,0.625,0.5277777777777778,0.5277777777777778,0.625
38a6bdcd851347217e065275,0.25,1.625,1.625,0.25
697ec17f1d3c75d46b323a49,1.25,3.0882352941176467,3.0882352941176467,1.25
881861c1a7d0ce4d0a2921e7,2.4166666666666665,0.5625,0.5625,2.4166666666666665
ae9bc1f68ccd43738ec80571,0.9761904761904764,1.896551724137931,1.896551724137931,0.9761904761904764
cdcf03d187e611095952e4bb,2.5263157894736845,1.75,1.75,2.5263157894736845
f75b3a5c73543333c294498f,0.9,1.45,1.45,0.9
756f5fe512e941afded41460,0.55,1.7692307692307692,1.7692307692307692,0.55
7f80eca80dd554bb59d80cc9,1.7333333333333334,2.275,2.275,1.7333333333333334
a8e81038f36c57e2a2a8a81a,2.33,0.9166666666666666,0.9166666666666666,2.33
cd8f23e6dae521b26d87cc27,1.3289473684210529,1.6875,1.6875,1.3289473684210529
389748e36c5dffc351f178c4,2.625,2.1842105263157894,2.1842105263157894,2.625
6349f6739094f5c629b7566a,0.0454545454545454,0.9285714285714284,0.9285714285714284,0.0454545454545454
80df5c54316ef08bb69f5167,2.3653846153846154,1.578125,1.578125,2.3653846153846154
9bc1a8979554692f91530b88,0.15,1.0625,1.0625,0.15
b37ea2583791c09ac5f3c1d6,0.8,2.4090909090909087,2.4090909090909087,0.8
d87e10bee5cdc26dc2a788b7,1.95,1.8653846153846156,1.8653846153846156,1.95
00c394aeb15c37665ec3516e,0.4499999999999999,2.45,2.45,0.4499999999999999
029c6d89e0d86ef252716ecd,0.5961538461538461,1.828125,1.828125,0.5961538461538461
09d783bafef604ebd92f4f77,0.9166666666666666,0.875,0.875,0.9166666666666666
1dfe6bf4e74b00a80a2e3343,0.8,1.6,1.6,0.8
7010e70cdb5fa08f335c03ac,2.2142857142857144,1.40625,1.40625,2.2142857142857144
a5e8fe533564723b4af7445d,1.409090909090909,1.975,1.975,1.409090909090909
2549a3e6b75e2c7802ef7799,-0.5416666666666667,1.4038461538461535,1.4038461538461535,-0.5416666666666667
2ab1d6db787f23ed66eda04d,1.7142857142857142,2.0,2.0,1.7142857142857142
8650a42dbedf09ec8fe6aff7,0.625,1.25,1.25,0.625
8e3fc8bc9b9b363379517a97,1.9642857142857144,2.9027777777777777,2.9027777777777777,1.9642857142857144
40c10a56ae6e7ffa8c3fdc45,1.7142857142857142,0.0833333333333333,0.0833333333333333,1.7142857142857142
bb854f99807198edc08fa9a8,1.3055555555555556,1.8333333333333333,1.8333333333333333,1.3055555555555556
4f4f3ec3a5571bc8ad75785c,1.921875,1.65,1.65,1.921875
c57ac469e4dd5e04dfde9c98,2.142857142857143,1.7083333333333333,1.7083333333333333,2.142857142857143
439167ab1313516bc2d8bfa2,2.0,2.5277777777777777,2.5277777777777777,2.0
6644797fcbedd7948e2ec6ae,2.314814814814815,1.4375,1.4375,2.314814814814815
97f235e1e1d1752a9374efa7,1.5833333333333333,1.5073529411764706,1.5073529411764706,1.5833333333333333
50c671766a3ed9d4c10257e5,2.736842105263157,,,2.736842105263157
68f71595f36213a1e5ffbf3f,1.5625,0.9833333333333332,0.9833333333333332,1.5625
c1efcdbd5389b4ff647e5a1d,1.8125,2.25,2.25,1.8125
43717126e3bc8f0e2fa4092d,1.5576923076923077,2.28125,2.28125,1.5576923076923077
8c2a5c06c5cd0b52af2e9a00,1.7954545454545456,1.7941176470588234,1.7941176470588234,1.7954545454545456
37498245ec60c86025606d6f,2.375,1.857142857142857,1.857142857142857,2.375
8bd4e831139e2c0ef834d0e0,1.5642857142857145,1.453125,1.453125,1.5642857142857145
ff82edf65e32cec6d80a0fe4,1.3888888888888888,2.267857142857143,2.267857142857143,1.3888888888888888
67af7e14d6c128eaabfa4987,1.0,2.65,2.65,1.0
912fb8fd0f69cbb55fe669bc,2.305555555555556,1.527777777777778,1.527777777777778,2.305555555555556
a4c095df9d5406a982f49a83,0.984375,1.5192307692307692,1.5192307692307692,0.984375
17af50feec0c081d61f8,,,,
c01efd29c434595ec81b,-0.25,,,-0.25
c650096cbaa3dcc8272a,,,,
f04f59c9148f48a1fcd3,,,,
185fc4ded26c95458439,,,,
38131db729cbf137669e,,,,
60ae8e3a90e8e3f0db52,,,,
642c51a9645a5d74ddd0,,,,
a0a6c923ebca2fd78dfe,,,,
bacc95e502c0e7b27dae,,,,
c8263d306bf8530d1ecc,,,,
db78713290f195a848ff,,,,
00c45bb202f4a4c7f665,,,,
09038916026ebc8902e0,,,,
7ae2d07a5b3bde238fa6,,,,
8d9ac1ff01764450b9f5,,,,
b504dcbdb3e5e69d199d,,,,
b63630e246a87b5f5e2d,,,,
d4c6e0abf49e1fb9c8d1,,,,
df1eb30dad5734f3ab9d,,,,
e169496df66d0f9cacfd,,,,
f195a4229107c4e06102,,,,
f618ba69c72dacc2ca1c,,,,
17d2b91d2010231ee4b0,,,,
2769957f3d9949a298b3,,,,
3290681a71de95c9fa72,,,,
38ecdc079f92010b8b24,,,,
497031d9a6184165242d,,,,
4b92d48199ee43175c0c,,,,
55b015d3a252a0f8539f,,,,
68425257e76c830f9e9a,,,,
8dd4494e77d5fc78c4b3,,,,
ce46fc2ef4fad3204fac,,,,
dbf2d021ea117d05fe9c,,,,
4c9196242a4e49e5a8b9,,,,
0ccae2e5bea05fd4f5aa,-0.625,-0.5833333333333334,-0.5833333333333334,-0.625
5d03b834d04f3a96d23faa9a,2.520833333333333,1.7142857142857142,1.7142857142857142,2.520833333333333
a91fe3e043951820e12a0e01,2.2625,2.3017241379310347,2.3017241379310347,2.2625
44964cc856ad20c09012d043,1.903225806451613,2.205357142857143,2.205357142857143,1.903225806451613
bce0b9b2201a3f59b84daee6,1.5588235294117647,1.1176470588235294,1.1176470588235294,1.5588235294117647
d0539cb011ab224d317592c6,2.488095238095238,1.7291666666666663,1.7291666666666663,2.488095238095238
22ee2a64b0d8df4316de0210,2.125,1.548611111111111,1.548611111111111,2.125
829a4e138fe36e2d258a2251,2.208333333333333,2.03125,2.03125,2.208333333333333
ecb39ef672a0f2b88bc7335e,2.1666666666666665,2.678571428571429,2.678571428571429,2.1666666666666665
0b693ca3e2dc8c6e22bc,1.1666666666666663,2.0,2.0,1.1666666666666663
50a5eabb94237662a8a4,3.5,-0.25,-0.25,3.5
1883c06e527f774995be,2.583333333333333,,,2.583333333333333
1bede352a237d3550a8b,3.25,-0.75,-0.75,3.25
4236ba5781e7b0657a8f,-0.625,1.0,1.0,-0.625
7b96859706620e15083a,3.25,-0.5,-0.5,3.25
8166c25350ab58d48501,3.5,3.5,3.5,3.5
8d2c54a1499f754b713d,-0.25,3.25,3.25,-0.25
8f4b9c08979b4b74800c,1.0,3.5,3.5,1.0
a56b52de60a787e30bec,-0.5,-0.25,-0.25,-0.5
00c7c79a2a64b346dbe4,1.0,-1.0,-1.0,1.0
071da06b7b46c2827546,-0.5,0.8333333333333334,0.8333333333333334,-0.5
08d603f1250815889be8,3.25,3.5,3.5,3.25
0dd5e22a12d95343aac7,-0.5,3.25,3.25,-0.5
1d38661d613c434c405f,0.0,0.9166666666666666,0.9166666666666666,0.0
2395acf814c40e41410b,3.75,-0.25,-0.25,3.75
29296e8f786e118fd658,0.75,2.5,2.5,0.75
2c84cb58d0efbf4e287f,3.25,-0.5,-0.5,3.25
2c9310426d4b483a6024,1.0,-0.25,-0.25,1.0
2ecaaa6141a71cb4c169,1.0,3.5,3.5,1.0
3d552692cf3a71db84f1,-0.5,0.6875,0.6875,-0.5
4060dc1e8c0827698c50,-0.5,-0.25,-0.25,-0.5
42a706935a17a0b93e4c,3.75,-0.25,-0.25,3.75
43f16013ce2e345b3376,-0.25,3.25,3.25,-0.25
4f360542244468aa41a1,2.333333333333333,-0.5,-0.5,2.333333333333333
53002083c5c26e57b55b,3.25,-0.25,-0.25,3.25
6ad9082c91e3a309862b,3.25,-0.25,-0.25,3.25
6d59101fb77d91edabd8,1.0,-0.25,-0.25,1.0
75d70552c43e1748bc1a,3.5,-0.25,-0.25,3.5
7a893f29fd3604869d88,3.5,-0.5,-0.5,3.5
7b3cf39f0bb1938720ea,3.25,1.0,1.0,3.25
8b195f7390091ea93ebf,-0.25,3.25,3.25,-0.25
93a1ff37ba5b5d062687,,1.1666666666666667,1.1666666666666667,
9693c643af1b52312265,-0.5,-0.75,-0.75,-0.5
9fd9d2a044836204cb0a,-0.25,1.0,1.0,-0.25
b6a06a72f714edc8f3ea,3.25,-0.25,-0.25,3.25
c5577d4a30bb6fc87d3a,3.25,3.25,3.25,3.25
c76b7ba4f625cab194c4,-0.25,1.0,1.0,-0.25
ee803a05f1da60a3aee8,-0.25,-0.5,-0.5,-0.25
b743ee8cd174a0107534,2.1666666666666665,2.8125,2.8125,2.1666666666666665
cdf79ba3fbe370a518bd,4.0,3.5,3.5,4.0
148b5b4249a21ed9ebd2,3.25,1.0,1.0,3.25
fe2ed5b74f30c0f9c1ce,1.3333333333333333,1.9166666666666667,1.9166666666666667,1.3333333333333333
632240302179cc73a342,3.25,3.25,3.25,3.25
7782c95ca550032c714e,3.4166666666666665,1.4166666666666663,1.4166666666666663,3.4166666666666665
a026f670968dc2dd70ac,2.666666666666667,,,2.666666666666667
5035a301d04fa36507e363be,2.216666666666667,2.3095238095238093,2.3095238095238093,2.216666666666667
f16e3287dd1cfef303daad9e,1.5666666666666669,2.596153846153846,2.596153846153846,1.5666666666666669
03b68f52773c4572dd8865e0,1.6730769230769231,2.4204545454545454,2.4204545454545454,1.6730769230769231
570b30b17f6bd09282a33351,1.1111111111111112,1.5277777777777777,1.5277777777777777,1.1111111111111112
a3ee626f9eb9c2f5eb0fae71,2.1206896551724137,1.9453125,1.9453125,2.1206896551724137
49869c5ac222a36ca24b7947,1.5337837837837838,2.0,2.0,1.5337837837837838
9262b4fc9fe989692978faec,2.7045454545454546,1.8214285714285716,1.8214285714285716,2.7045454545454546
d40a9a8620655acb52004b80,2.1666666666666665,1.857142857142857,1.857142857142857,2.1666666666666665
35d4ec7b9ceee658d52e,1.5,1.0,1.0,1.5
c04913822a68530760e9,1.0,1.5,1.5,1.0
1f7550bdd84fcf734316,1.5,0.375,0.375,1.5
32e0a36f8797df547cd8,0.0,0.25,0.25,0.0
5243ef67d0f2869d71f9,2.3125,2.6875,2.6875,2.3125
5eb41ed191df45d67c8c,0.0,-0.75,-0.75,0.0
7e7761a860a9b45fd5d1,3.625,1.0,1.0,3.625
920f882f4ef6cf438136,1.5,2.125,2.125,1.5
9b70225b234a0dee4bac,2.125,3.625,3.625,2.125
f68091be313865da89fe,-0.25,1.0,1.0,-0.25
089e283385d6e8438fa5,1.5,1.5,1.5,1.5
0e596f1798613160a89f,1.375,3.5,3.5,1.375
0fda5fcd09ccdf3675a4,1.0,1.5,1.5,1.0
1620e6329e56a52c01a2,1.625,1.5,1.5,1.625
1f2194606fc0c18350ba,-0.3,-0.625,-0.625,-0.3
2172fbb46f787cd7f498,3.5,2.125,2.125,3.5
2aaea143ef5a6fb5c0cb,0.25,2.625,2.625,0.25
3531a1bf5b015abe45df,3.25,-0.375,-0.375,3.25
3e2a43e2fccea9f42eaa,-0.5625,2.25,2.25,-0.5625
4a385c9c6ff5820214ca,1.625,2.25,2.25,1.625
4cd9454b2a5f8be817a1,-0.5,-0.375,-0.375,-0.5
4d17153d96297cd134d7,1.6875,3.75,3.75,1.6875
82084790a8f90e8301d8,2.125,1.5,1.5,2.125
834c14a05b4d50a8d57f,2.125,3.25,3.25,2.125
90f1044e027c8a703c21,-0.5,3.375,3.375,-0.5
91b213747c7b981e3d3e,-0.5,3.4375,3.4375,-0.5
97aa2988d6c5f126eca2,1.5,1.5,1.5,1.5
99dfb388ed757a7843f7,2.25,2.125,2.125,2.25
9ad0aacd027a85c3996e,2.25,1.25,1.25,2.25
a2a0a65bf267ad1a3007,0.125,1.625,1.625,0.125
a45f43552f5cc7fb69f2,0.375,-0.25,-0.25,0.375
a80a1eb4270f49fbf34d,2.125,-0.25,-0.25,2.125
aecb1e2c0adba8e9d8be,2.25,1.5,1.5,2.25
c1ad25e576dba156cf49,0.75,0.25,0.25,0.75
c4c0d4399c511dfcb0f0,0.9375,-0.25,-0.25,0.9375
c71cd3fb9211aedd501d,3.5,2.125,2.125,3.5
cc966d207d8c8ba42c54,0.25,1.5,1.5,0.25
d3bf7493a0408f8d808c,1.0,0.8125,0.8125,1.0
dd4210bc04f6c75c6e05,-0.25,1.625,1.625,-0.25
ecfcbe5739f73eb51ee0,1.25,-0.375,-0.375,1.25
ee40fbcd3fc4ddbc3e56,2.2,0.9375,0.9375,2.2
f9e447ea7fea13c2452c,2.75,2.4375,2.4375,2.75
9974de82fa51c1a858fa,1.6875,0.25,0.25,1.6875
ccf1f1cc9171dae84267,0.9375,0.4375,0.4375,0.9375
4a8913deee45863d0c1b,-0.875,1.75,1.75,-0.875
424c6d608b09ac761042,2.25,2.8125,2.8125,2.25
7d195ad57ea869170a84,0.5,-0.2916666666666666,-0.2916666666666666,0.5
465665a829baf7dffd78,2.8,2.9,2.9,2.8
74785805df69c227fbdf,3.333333333333333,0.0833333333333333,0.0833333333333333,3.333333333333333
8cc925127fd040a69af6,0.5,1.3333333333333333,1.3333333333333333,0.5
a33b1d5e3604b309b8b4,2.1666666666666665,1.1666666666666663,1.1666666666666663,2.1666666666666665
af9bd3ffda91c3b74f2c,2.583333333333333,1.3,1.3,2.583333333333333
c735d42275874874b42e,1.0,0.0,0.0,1.0
d18e8b5b9e64b10bf46d,1.3333333333333333,-0.25,-0.25,1.3333333333333333
ea09889c9e07a168f65c,2.083333333333333,2.666666666666667,2.666666666666667,2.083333333333333
035b29fd6e9878e8460e,1.5,2.583333333333333,2.583333333333333,1.5
1003b12682805a84f57e,0.0833333333333333,1.25,1.25,0.0833333333333333
17300afdda8b5eb62df9,0.8333333333333334,2.5,2.5,0.8333333333333334
17c701391c32396559bc,2.333333333333333,1.25,1.25,2.333333333333333
1962e522ba6d1b786b79,0.3999999999999999,-0.65,-0.65,0.3999999999999999
1b900d9f8fb291980a6d,-0.25,1.7000000000000002,1.7000000000000002,-0.25
291979dc6505a81b959a,2.583333333333333,0.75,0.75,2.583333333333333
2fddce39607f099ec344,0.8333333333333334,0.1666666666666666,0.1666666666666666,0.8333333333333334
3a2bc1d1522aa90254eb,0.9166666666666666,1.25,1.25,0.9166666666666666
3df1a0c19ced9f858e04,0.75,0.3333333333333333,0.3333333333333333,0.75
4cc610f62a5c801d804e,-0.25,-0.4166666666666667,-0.4166666666666667,-0.25
4f79406a0075ca4e11e4,1.2999999999999998,-0.625,-0.625,1.2999999999999998
51e1672e06238b108ee1,2.666666666666667,2.1666666666666665,2.1666666666666665,2.666666666666667
52e92bcaf4d8abb4afe4,1.3333333333333333,2.083333333333333,2.083333333333333,1.3333333333333333
543106bbf2d9c77c3fa0,1.0,1.8333333333333333,1.8333333333333333,1.0
670e34899c70d7d0e929,2.25,-0.25,-0.25,2.25
67e30ba1b95fd0c7c461,0.9166666666666666,-0.0833333333333333,-0.0833333333333333,0.9166666666666666
6fc884f45ce847bcd042,3.583333333333333,1.0,1.0,3.583333333333333
79813e8f4aacb1168fa4,-0.1666666666666666,2.1666666666666665,2.1666666666666665,-0.1666666666666666
8e27776a83844da17562,1.75,0.8333333333333334,0.8333333333333334,1.75
9287c633dbaa09570290,1.85,0.375,0.375,1.85
a596c5828500ea03fe11,1.75,2.083333333333333,2.083333333333333,1.75
af8ca33756bdfe7c3eda,1.75,0.5833333333333333,0.5833333333333333,1.75
b24c0164960351d0a581,2.25,1.3333333333333333,1.3333333333333333,2.25
b3f026705ca33c8acaa7,3.333333333333333,1.25,1.25,3.333333333333333
be67758ea55ac25c670a,0.5833333333333333,1.3333333333333333,1.3333333333333333,0.5833333333333333
c983b33979a1e4ba4aca,3.583333333333333,1.1666666666666663,1.1666666666666663,3.583333333333333
cbd1b70053c611363e07,0.6666666666666667,1.0,1.0,0.6666666666666667
cdd72f4d8b5a982baa6b,0.9166666666666666,2.333333333333333,2.333333333333333,0.9166666666666666
f0bd561d9aa17360daa4,1.9166666666666667,0.3333333333333333,0.3333333333333333,1.9166666666666667
fc6dcaa1efbe24a635fd,0.1499999999999999,1.4,1.4,0.1499999999999999
5050c9f7672092733619,3.5,2.4166666666666665,2.4166666666666665,3.5
bcc34ebafbc5cda8f897,2.6,1.5499999999999998,1.5499999999999998,2.6
dc511ed4c082142f6f7a,0.65,1.5499999999999998,1.5499999999999998,0.65
4408095c82d4d25c9898,3.4166666666666665,0.7916666666666667,0.7916666666666667,3.4166666666666665
2487bde5be2939b1d0b9,2.95,1.8,1.8,2.95
b575be0ad16d2ac11ea8,1.0,0.5,0.5,1.0
1a9095f66f37eab9b0b0,0.625,2.875,2.875,0.625
238db8c61aad904e3048,2.8125,2.4375,2.4375,2.8125
664448e1b6a22e2ee85c,1.375,1.5,1.5,1.375
6bb06714ea391b8817c0,1.5625,0.9375,0.9375,1.5625
6f4200bb93d19ed9ca7c,1.8125,1.9375,1.9375,1.8125
7fd2ea6faad3c0eb8e9c,2.5625,0.6875,0.6875,2.5625
a2ff9849bc288c05b927,0.1875,2.25,2.25,0.1875
ab2d7432bdf1da437b00,0.875,2.375,2.375,0.875
bfdc7094e14eba006141,0.1875,2.5625,2.5625,0.1875
c1b8910358a7c75fd67c,0.8125,2.5,2.5,0.8125
cce8d1e089e017e99585,0.375,1.875,1.875,0.375
f14caa2e22da22226b6b,-0.25,0.6875,0.6875,-0.25
fce891ed79989a48ae6b,0.875,0.625,0.625,0.875
e7493e4473d9a9be0b34,2.6,0.65,0.65,2.6
02fcabd3c2ae89bb9847,1.1428571428571428,0.625,0.625,1.1428571428571428
41f10b5be6126460ee94,1.25,2.25,2.25,1.25
6ddcadeacd2049fb5a4b,1.85,0.35,0.35,1.85
728c42d6dfab2876328d,-0.2857142857142857,1.0625,1.0625,-0.2857142857142857
7a1f218b435e36168a94,-0.0625,1.125,1.125,-0.0625
ad6042cf5dd76f5c373f,1.375,1.625,1.625,1.375
b14d643630dc79e59dd9,1.2,2.375,2.375,1.2
d9b3cf2483a69ddc92b7,1.375,-0.3333333333333333,-0.3333333333333333,1.375
f969b3a6be790a8fc84a,1.0,1.25,1.25,1.0
032ddbef35b420b18c96,1.25,0.25,0.25,1.25
04b199315e53c91db023,2.9375,1.375,1.375,2.9375
08d4d90b396f475cc260,-0.3125,1.5625,1.5625,-0.3125
1760894792a42e2fcb52,2.2,0.9375,0.9375,2.2
263f94f5532613137f62,-0.0833333333333333,2.5,2.5,-0.0833333333333333
325d8f3bfe9a1172435f,0.375,1.875,1.875,0.375
38bd047957c766c86bf4,2.15,2.0,2.0,2.15
3eeb54714a10699dece3,1.85,1.4,1.4,1.85
41ec262983609a80abe0,3.5625,0.1875,0.1875,3.5625
585b2e666fe4aca01a78,-0.375,1.8125,1.8125,-0.375
60ef240420a9a31db84d,2.5,1.5,1.5,2.5
617ed862a2db5854e300,1.1875,1.0625,1.0625,1.1875
7594374e8cc8b7c76141,1.125,2.1875,2.1875,1.125
7be0cc72f443089ed2e4,2.4375,0.8125,0.8125,2.4375
80f911f53a7cc013e0ba,1.15,1.1875,1.1875,1.15
8ef009efde60b65721f7,1.3333333333333333,3.083333333333333,3.083333333333333,1.3333333333333333
9e323810b11de2945b2a,2.125,2.2,2.2,2.125
a6f3083cbee6c5b1959e,2.0,3.5,3.5,2.0
aa95892e7248f283cff5,2.0,1.25,1.25,2.0
ae8026994354e31bb2d2,1.1875,0.4375,0.4375,1.1875
b73f3d3b0c2df5875cad,0.1666666666666666,0.7083333333333334,0.7083333333333334,0.1666666666666666
bbbf914891f09f7da9c2,2.5,1.45,1.45,2.5
bf22e952dfdf4cc91c9d,1.5625,0.25,0.25,1.5625
c6eba77013fd826a56dc,0.5625,1.4,1.4,0.5625
cdccc4ae7f91ceea9881,0.6875,0.9,0.9,0.6875
d7c6587c47fb12fc63c9,0.9375,2.5,2.5,0.9375
d8196bd80cf3d832fb72,2.25,1.05,1.05,2.25
e2465165a7ef8eab6fca,0.95,-0.25,-0.25,0.95
e746fd02757cec1372d5,1.2,0.05,0.05,1.2
f7d6b6d901e5aa16f12b,2.1,0.35,0.35,2.1
e16b3dd8d558e17a4a27,-0.5833333333333334,2.083333333333333,2.083333333333333,-0.5833333333333334
ca3aca65cc636234342b,1.4583333333333333,0.875,0.875,1.4583333333333333
c85add0c1aeee26bc390,2.583333333333333,2.125,2.125,2.583333333333333
b599a19a2a954b5e4e5a,2.75,0.625,0.625,2.75
e2b8192a1f829c144d57,1.8333333333333333,0.2916666666666666,0.2916666666666666,1.8333333333333333
dfcb04d83a1543d6695e,3.0500000000000003,2.6875,2.6875,3.0500000000000003
05773bf9622b60ec8a32b145,2.352272727272727,2.467391304347826,2.467391304347826,2.352272727272727
75ac6d97d521c59f56d29ae6,1.6578947368421053,1.9924242424242424,1.9924242424242424,1.6578947368421053
9804bcda4375ca1f227bf47e,2.7142857142857144,2.7391304347826084,2.7391304347826084,2.7142857142857144
f6b82e37a4708ab9bd3efea8,2.03125,1.519736842105263,1.519736842105263,2.03125
7097fd5f310ebda7c5fd,0.3999999999999999,1.05,1.05,0.3999999999999999
3b8025ae9b635b356ef2,0.9166666666666666,1.5,1.5,0.9166666666666666
5dbd218e0517846161f5,1.25,2.2,2.2,1.25
6913723c38247e76e44e,0.8,1.15,1.15,0.8
a47b51d55bad0082ec7f,1.7142857142857142,1.875,1.875,1.7142857142857142
d92f322e652a43ba6d6a,2.2,0.9,0.9,2.2
e7e2eac2d96b534e7eb6,1.5,1.2,1.2,1.5
f94dc32180896939b3c3,1.7000000000000002,2.8,2.8,1.7000000000000002
fe570c479ba5c0c02f79,1.7083333333333337,0.0,0.0,1.7083333333333337
02e5785d85ac50b19c6b,1.9,1.4375,1.4375,1.9
08a604c3160f755752ff,1.125,1.5416666666666667,1.5416666666666667,1.125
1e303240a305f5b659d7,1.0,1.4,1.4,1.0
2ab44edca611d447bf5e,0.95,2.75,2.75,0.95
3526eb66de41a783d598,0.35,1.5357142857142858,1.5357142857142858,0.35
3a1c39c25976b4bdbae3,1.125,0.8333333333333334,0.8333333333333334,1.125
4dd174911207d3a97336,1.4,0.45,0.45,1.4
64de02827ef279612d00,2.65,1.75,1.75,2.65
67693d09d292a979797a,1.75,-0.3,-0.3,1.75
6ccdbe62387d78ac2072,1.5,0.95,0.95,1.5
6e17431f24dfa386ff5a,2.083333333333333,0.875,0.875,2.083333333333333
70b295f30e8e4af1de2f,1.55,0.9583333333333334,0.9583333333333334,1.55
762a432f7cedfad05825,1.95,0.75,0.75,1.95
7a54ca7836f872f21a80,2.208333333333333,1.6,1.6,2.208333333333333
7c904afcbc35273a2de3,0.55,0.15625,0.15625,0.55
82ed05c7c8e8233cbb90,1.375,2.4166666666666665,2.4166666666666665,1.375
8bff1bd49084d04b44cd,0.25,1.55,1.55,0.25
9d769ace47a8d47f92f0,0.85,2.2916666666666665,2.2916666666666665,0.85
ab9f9a4853f324191e4c,1.2999999999999998,2.458333333333333,2.458333333333333,1.2999999999999998
b4b1b29cffe60085a260,2.85,0.9166666666666666,0.9166666666666666,2.85
b630145c94596a12e1fa,0.35,2.5500000000000003,2.5500000000000003,0.35
babd83f3f7c223095a1b,-0.5357142857142857,0.375,0.375,-0.5357142857142857
c1f391782fbcb110a7a5,-0.0999999999999999,1.45,1.45,-0.0999999999999999
c7ff9cf6350704218238,1.6785714285714286,1.7857142857142856,1.7857142857142856,1.6785714285714286
d2e7ef3b650693062eb1,0.1875,-0.4375,-0.4375,0.1875
e2e61def081056faf187,2.458333333333333,2.666666666666667,2.666666666666667,2.458333333333333
e3fb131ae38d618c59f5,0.2142857142857142,2.25,2.25,0.2142857142857142
edf65787090a7e2cff1e,1.7083333333333337,0.75,0.75,1.7083333333333337
f33292aa0579c2e50351,0.1666666666666666,0.9583333333333334,0.9583333333333334,0.1666666666666666
f5de2f804b4b7d1ea426,0.8,2.95,2.95,0.8
fa78c29c7456447bafbb,2.0357142857142856,1.2142857142857144,1.2142857142857144,2.0357142857142856
fce06a85084a98d83385,0.7142857142857142,2.607142857142857,2.607142857142857,0.7142857142857142
d67cc7e35372b26d2936,1.7142857142857142,0.75,0.75,1.7142857142857142
31bce4f98a25363b84b7,2.5,0.5,0.5,2.5
8aaf2d4996f293f1eca2,1.6071428571428572,2.2857142857142856,2.2857142857142856,1.6071428571428572
7dfb5a1d48c9d81e2c59,2.6785714285714284,3.4642857142857144,3.4642857142857144,2.6785714285714284
b30f217aeb504d39cfa9,-0.0416666666666666,1.65,1.65,-0.0416666666666666
d430540833d89e50993663e6,2.34375,2.4021739130434785,2.4021739130434785,2.34375
121c5adb91c163597227,1.25,2.208333333333333,2.208333333333333,1.25
8cb459478caa5e3868bc,1.1666666666666667,1.2083333333333337,1.2083333333333337,1.1666666666666667
c759ba5d1b1fa0ed775b,1.7083333333333337,0.9166666666666666,0.9166666666666666,1.7083333333333337
6eec9d77a9dfad22ee91c471,1.9632352941176472,1.625,1.625,1.9632352941176472
090919a1dff666a09c3b6da6,2.7604166666666665,2.5166666666666666,2.5166666666666666,2.7604166666666665
b69cdc1a5557a6cde01621c7,1.4679487179487178,2.1944444444444446,2.1944444444444446,1.4679487179487178
2d8e107fc04f3df0bd46,1.25,1.1666666666666663,1.1666666666666663,1.25
8d05f2ae9e16360d5b26,0.5,0.625,0.625,0.5
0ffbb72440b38a9d75bb,1.125,2.25,2.25,1.125
47a597e301c07152f07e,1.8214285714285716,1.0416666666666667,1.0416666666666667,1.8214285714285716
58a592f37f897656efff,3.15625,1.71875,1.71875,3.15625
944329d3dff024c318a8,1.375,1.5416666666666667,1.5416666666666667,1.375
957c1952746b7316c979,1.6428571428571428,0.8571428571428572,0.8571428571428572,1.6428571428571428
97cf58fb12dc72c682e4,3.0,0.4166666666666666,0.4166666666666666,3.0
bc0f8b8ee8818aa360d2,1.0,1.0416666666666667,1.0416666666666667,1.0
e95140ebf16df57645df,1.3571428571428572,2.392857142857143,2.392857142857143,1.3571428571428572
0e6d3aedaceebb44d0bb,2.0,-0.125,-0.125,2.0
1e1c8c0d8ea56aaf55fb,2.571428571428571,0.9285714285714286,0.9285714285714286,2.571428571428571
2109505a6e1e169eea8a,2.875,1.7083333333333337,1.7083333333333337,2.875
2207e4c20d843f8f9d7b,0.7916666666666666,1.375,1.375,0.7916666666666666
2dc0b6907b753d3cc675,0.7142857142857142,0.1785714285714285,0.1785714285714285,0.7142857142857142
30eddc05b3a53897f81b,0.5833333333333333,1.5714285714285714,1.5714285714285714,0.5833333333333333
31f17d9553d3dbb6d80c,0.8928571428571429,0.9285714285714286,0.9285714285714286,0.8928571428571429
349f603c2d7a4cf674a3,1.9285714285714288,1.1428571428571428,1.1428571428571428,1.9285714285714288
35a63732d56252bd4a54,1.5,1.53125,1.53125,1.5
40fb939e6191e38b0e3e,1.6388888888888888,0.25,0.25,1.6388888888888888
427cafed8c560fdcba11,0.5,2.46875,2.46875,0.5
571184ccd599c0327092,2.25,0.1071428571428571,0.1071428571428571,2.25
5d6d38099d9f1e074c4e,1.8571428571428568,1.1071428571428572,1.1071428571428572,1.8571428571428568
66db61d9e7b1a97e2d01,1.4285714285714286,1.9285714285714288,1.9285714285714288,1.4285714285714286
729d7d356a0ec4e39754,1.5833333333333333,1.40625,1.40625,1.5833333333333333
787c86770223a87aa4d4,1.5833333333333333,1.1785714285714286,1.1785714285714286,1.5833333333333333
7f106ad009529677ff67,1.1785714285714286,0.6428571428571428,0.6428571428571428,1.1785714285714286
888d031bb288163331ea,0.75,2.0416666666666665,2.0416666666666665,0.75
8ee3dbbbb8c8d6867c21,2.125,1.96875,1.96875,2.125
97867dcfddeb06cb9066,0.78125,-0.34375,-0.34375,0.78125
b6295bc6608eefb05b7d,0.5833333333333334,0.8333333333333334,0.8333333333333334,0.5833333333333334
ca4557139df8415325de,1.6071428571428572,2.958333333333333,2.958333333333333,1.6071428571428572
caacd5628d4870c34bc3,1.8333333333333333,1.375,1.375,1.8333333333333333
e1875eac1fe1c77a95ee,2.571428571428571,2.571428571428571,2.571428571428571,2.571428571428571
f18d4f47c7fceffce58f,1.75,1.5833333333333333,1.5833333333333333,1.75
f251913d5c1cbee55901,1.75,0.8214285714285714,0.8214285714285714,1.75
f48f6720bb88d1983adc,0.75,1.6071428571428572,1.6071428571428572,0.75
fc6276f96e99bb556fe7,-0.3333333333333333,0.9166666666666666,0.9166666666666666,-0.3333333333333333
ff3232cb95447124c4ab,1.5416666666666667,0.9285714285714286,0.9285714285714286,1.5416666666666667
4af3687d266104d3f6c7,2.75,0.125,0.125,2.75
fb8d873f2c8fa72aa012,2.0,1.9285714285714288,1.9285714285714288,2.0
773f2c0d8c4754f0ac05,2.40625,0.35,0.35,2.40625
c3fa8ced1fcfbfa17fd8,1.1666666666666663,1.7916666666666667,1.7916666666666667,1.1666666666666663
47595c39130c2b967908,2.0,1.625,1.625,2.0
aed5ac78ca6ab5ce047e,-0.1499999999999999,0.53125,0.53125,-0.1499999999999999
06153a533eba535cab32,1.3571428571428572,1.107142857142857,1.107142857142857,1.3571428571428572
080b6585deeedcc4fb09,1.857142857142857,0.28125,0.28125,1.857142857142857
17bb0e3a0da76dac2c6f,1.0625,1.8125,1.8125,1.0625
194fbdb3f3c912dbe598,1.5,0.3999999999999999,0.3999999999999999,1.5
1f246d7899aaee3e2b6c,2.2857142857142856,1.6428571428571428,1.6428571428571428,2.2857142857142856
227b211558fda1b75d02,0.90625,1.15625,1.15625,0.90625
272b876c7409d101942a,2.071428571428572,0.8214285714285714,0.8214285714285714,2.071428571428572
2790bb1fb8f91464df49,1.40625,0.21875,0.21875,1.40625
2cd888674937c94fc665,1.375,1.15625,1.15625,1.375
46c0662e14842c554c80,1.3214285714285716,0.8928571428571429,0.8928571428571429,1.3214285714285716
5226d3696e7df754483f,1.0357142857142856,1.6666666666666667,1.6666666666666667,1.0357142857142856
6994de03ddef8f45d95f,0.1428571428571428,0.75,0.75,0.1428571428571428
69b61dfb09c4dfb2de8a,1.6785714285714286,2.5357142857142856,2.5357142857142856,1.6785714285714286
78e4137137ae37ad1993,2.4285714285714284,0.5357142857142857,0.5357142857142857,2.4285714285714284
791650ef8c4022364125,1.2142857142857142,-0.3928571428571428,-0.3928571428571428,1.2142857142857142
7ab74b58205cfb87fb26,1.2142857142857144,1.375,1.375,1.2142857142857144
7b8495d83c64f8382d2f,1.9642857142857144,1.8125,1.8125,1.9642857142857144
93d05f5afce5b70cb0d6,1.65625,0.6875,0.6875,1.65625
a44b75448f4b05f5498b,0.75,-0.1785714285714286,-0.1785714285714286,0.75
a52c1a4b27b569315873,2.1875,1.59375,1.59375,2.1875
bfbb634de98a57d4e81d,0.625,1.142857142857143,1.142857142857143,0.625
c58977b59cd7ecebf5ef,1.8214285714285716,2.59375,2.59375,1.8214285714285716
cb5129b00d3bc7bdc7db,2.2142857142857144,1.84375,1.84375,2.2142857142857144
dc0150754b82028b9a20,2.375,1.40625,1.40625,2.375
e3e58a33537f16cd28e4,1.5625,3.0,3.0,1.5625
e6845ed8c07a8c3f75ea,1.2857142857142858,2.4285714285714284,2.4285714285714284,1.2857142857142858
e9faf458357148d04489,1.71875,0.9375,0.9375,1.71875
f0ba06f5ecd3b5576c70,1.5,0.9375,0.9375,1.5
f43614d211baf74d60a0,2.09375,0.53125,0.53125,2.09375
fee639f27ce35b11f5e1,1.4375,2.6875,2.6875,1.4375
fe5883933f69c5480300,0.3928571428571428,1.3571428571428572,1.3571428571428572,0.3928571428571428
6b9601ce94415adf54d5,1.9285714285714288,0.4285714285714286,0.4285714285714286,1.9285714285714288
a7f5abc7d7487da0af88,1.6785714285714286,1.575,1.575,1.6785714285714286
d518b88023ae5fab1891,0.3571428571428571,0.6071428571428571,0.6071428571428571,0.3571428571428571
e15e18e135739578dd2d,0.8214285714285714,1.142857142857143,1.142857142857143,0.8214285714285714
e90c2b9684a035982554,2.125,2.5625,2.5625,2.125
0a166f79cb730d0c96be,1.59375,1.5625,1.5625,1.59375
173d9e920545ec3ee46a,0.84375,1.825,1.825,0.84375
22b65dd7d7d880a0cd7c,1.7222222222222223,1.361111111111111,1.361111111111111,1.7222222222222223
3ca8ec5706497507d482,1.7777777777777777,1.638888888888889,1.638888888888889,1.7777777777777777
413ac45aad1523dae6cd,1.4375,0.15625,0.15625,1.4375
6332391013ff867312ab,2.805555555555556,0.6666666666666667,0.6666666666666667,2.805555555555556
7261d61529c8e350707e,0.9444444444444444,2.09375,2.09375,0.9444444444444444
ffb7ba305158cfb4b881,1.6111111111111112,1.138888888888889,1.138888888888889,1.6111111111111112
037c5408eb7489f1af4b,2.03125,0.875,0.875,2.03125
040a8815d7ef27e3bc26,-0.2083333333333333,2.583333333333333,2.583333333333333,-0.2083333333333333
093b5f86448e7198f80a,0.4166666666666666,1.0555555555555556,1.0555555555555556,0.4166666666666666
1a1578784201c74e9a6c,3.03125,1.4444444444444444,1.4444444444444444,3.03125
21de9919f83758dc4a0b,0.1944444444444444,1.625,1.625,0.1944444444444444
24f9319d67046eed4bdb,0.90625,2.083333333333333,2.083333333333333,0.90625
27255e5a5b7f0c5799ee,0.8611111111111112,0.3333333333333333,0.3333333333333333,0.8611111111111112
2bfa87c6d97ca94d6ec2,-0.1875,1.71875,1.71875,-0.1875
3adc30cdd2db8ef074c6,2.1944444444444446,1.6388888888888888,1.6388888888888888,2.1944444444444446
41aacc18ecf2ef8eb930,0.9166666666666669,0.6666666666666667,0.6666666666666667,0.9166666666666669
504e48a07435356fcaab,0.65625,1.84375,1.84375,0.65625
55114d8d78f21a1eebed,0.71875,1.0625,1.0625,0.71875
56f2eef7ee3e87ff3210,0.4583333333333332,1.525,1.525,0.4583333333333332
65ddce5cb23afec54681,1.4444444444444444,2.0625,2.0625,1.4444444444444444
7fc4c892e85f8e7ff15e,1.125,1.25,1.25,1.125
95039035cc2ccae0913d,1.03125,2.1875,2.1875,1.03125
97571bf2c805cd82f1dc,0.84375,0.9375,0.9375,0.84375
a371753568c41dfef9a4,2.375,1.0,1.0,2.375
acb7977cfd724191e6be,1.7222222222222223,2.25,2.25,1.7222222222222223
bfa3c46d13b97c8723d4,0.8055555555555555,2.0625,2.0625,0.8055555555555555
c39aec99769478fda04e,0.0833333333333333,1.361111111111111,1.361111111111111,0.0833333333333333
c61ea9d637a3edbe19f3,1.625,1.027777777777778,1.027777777777778,1.625
c67864750f64b18b012d,0.9722222222222224,0.28125,0.28125,0.9722222222222224
c76fd4a44334375e09f5,1.6944444444444444,2.9166666666666665,2.9166666666666665,1.6944444444444444
c92d2688d23fb1cd9032,1.875,1.59375,1.59375,1.875
cdf3193550f64038d228,2.361111111111111,1.59375,1.59375,2.361111111111111
d73049f0e1b64a4a2862,0.3055555555555555,0.09375,0.09375,0.3055555555555555
d91035d0057e742da4bc,0.4545454545454546,1.7272727272727273,1.7272727272727273,0.4545454545454546
db3450a43f93581b016e,1.0625,1.4375,1.4375,1.0625
fb1ef9c64ebb8fc9cd56,1.027777777777778,1.9166666666666663,1.9166666666666663,1.027777777777778
fcc95718be3771f1c2aa,1.75,2.25,2.25,1.75
2f9fbe6ce55030ff3b97,1.6388888888888888,0.0555555555555555,0.0555555555555555,1.6388888888888888
4268d6cb46024d345b61,1.3611111111111112,2.25,2.25,1.3611111111111112
91b388a7c4c992952675,1.3333333333333333,2.138888888888889,2.138888888888889,1.3333333333333333
3706309f7b6933ae3dee,0.0625,1.125,1.125,0.0625
111815ba996e9cf96ea9,2.1944444444444446,1.8333333333333333,1.8333333333333333,2.1944444444444446
1b20da11245a69a7b6cb,1.6111111111111112,1.361111111111111,1.361111111111111,1.6111111111111112
73fbe28f9698963143d4,2.0,1.575,1.575,2.0
1401568fa40efce38ac4,0.25,2.05,2.05,0.25
2b52a41f9852cefa14b7,1.25,1.35,1.35,1.25
68bcc67219fa36327689,1.4,0.925,0.925,1.4
79004283139448b664da,1.4,1.25,1.25,1.4
87e5fd66bf23d47e0991,1.575,1.1111111111111112,1.1111111111111112,1.575
9e290f020c1e9a511cb2,0.4444444444444444,2.075,2.075,0.4444444444444444
a94d1e335dcaad4a06b8,1.8055555555555556,1.975,1.975,1.8055555555555556
b1d9f69f2fd8922fcd92,0.475,2.0,2.0,0.475
b52e7862dce3b3b2c55d,1.875,1.225,1.225,1.875
cbb01f20ccfd90fcbb0f,0.7000000000000001,0.9,0.9,0.7000000000000001
e889c9b0d94646877153,0.275,0.5555555555555556,0.5555555555555556,0.275
18273daadc36f5c41f5e,1.8888888888888888,0.5681818181818182,0.5681818181818182,1.8888888888888888
49b16d46d6d472fcfd38,1.875,2.0,2.0,1.875
76c8f4647e4ddf8d9ff5,1.5227272727272727,1.25,1.25,1.5227272727272727
3a7715f1c8eb39cebdff,2.055555555555556,1.3888888888888888,1.3888888888888888,2.055555555555556
3d942e2cc9154990de11,1.7272727272727273,1.95,1.95,1.7272727272727273
7c1494d0b9e5827e1457,1.8409090909090908,0.7250000000000001,0.7250000000000001,1.8409090909090908
80cadf6fb20191fcf03b,1.138888888888889,0.1666666666666666,0.1666666666666666,1.138888888888889
9d5234e9284aaf230a61,1.7777777777777777,0.3749999999999999,0.3749999999999999,1.7777777777777777
da64fd23eb1c9c79c0be,1.318181818181818,2.0,2.0,1.318181818181818
e16efaea2e8d4e5f76d0,0.4499999999999999,1.4166666666666667,1.4166666666666667,0.4499999999999999
f27038993ed29a59ac50,0.8055555555555555,0.8611111111111112,0.8611111111111112,0.8055555555555555
0b89741b8226101b7a01,1.975,1.575,1.575,1.975
24a5f519e293651718e2,1.1363636363636362,0.3409090909090909,0.3409090909090909,1.1363636363636362
27657315a559e37528f1,1.75,1.1111111111111112,1.1111111111111112,1.75
2a2ab894fd1238a6c50e,1.9444444444444444,1.625,1.625,1.9444444444444444
340fa89a59c65e9aa1c6,1.4249999999999998,2.388888888888889,2.388888888888889,1.4249999999999998
375656fdfc2765a4112f,2.25,1.2272727272727273,1.2272727272727273,2.25
48b9a163e00b4e08ad8d,1.886363636363636,0.931818181818182,0.931818181818182,1.886363636363636
49ca831a1ea26c8f17e9,2.075,1.5681818181818183,1.5681818181818183,2.075
4c721973986ae8c91fec,0.15,0.2857142857142857,0.2857142857142857,0.15
4f844c95dcb14366a0f0,2.25,1.9090909090909087,1.9090909090909087,2.25
647ce2fdcc7a33df4823,1.3333333333333333,1.0277777777777777,1.0277777777777777,1.3333333333333333
67a498552d22ecb3919a,1.575,1.325,1.325,1.575
6a4193068ad8256a9837,1.225,1.575,1.575,1.225
745f03afe870f58f9018,2.125,1.5,1.5,2.125
804b48576d87ebf3acdb,0.1944444444444444,1.5555555555555556,1.5555555555555556,0.1944444444444444
89ce4019093b84712382,1.972222222222222,2.0,2.0,1.972222222222222
8ce7d3ca50ec85cdcf9b,1.4,-0.1944444444444444,-0.1944444444444444,1.4
9984a78948cdc571085a,0.7000000000000001,0.7222222222222222,0.7222222222222222,0.7000000000000001
a13319eee6f9fd372392,1.5,1.525,1.525,1.5
a4cf7f080f6df5519208,1.3888888888888888,1.777777777777778,1.777777777777778,1.3888888888888888
b3c9a0b51b2fbb2b55b5,1.8333333333333333,1.0555555555555556,1.0555555555555556,1.8333333333333333
b923723113d7ad3c7adf,2.666666666666667,2.1944444444444446,2.1944444444444446,2.666666666666667
bfeb6cd23b1c1b103627,1.1,1.725,1.725,1.1
c557c534de76b48d89a9,0.95,0.95,0.95,0.95
cdb608f72275c69de4e5,1.0909090909090908,0.5227272727272727,0.5227272727272727,1.0909090909090908
d5f1f3a357d391243bb3,0.7954545454545454,1.05,1.05,0.7954545454545454
db26eb732eb7ab10dd7a,1.1111111111111112,1.6388888888888888,1.6388888888888888,1.1111111111111112
e49bc5b98cd6f3c7b4f1,0.25,0.5833333333333334,0.5833333333333334,0.25
f92e30c265672ea93ddc,0.75,-0.25,-0.25,0.75
fb8d8123ff067d9ca0d2,1.863636363636364,1.75,1.75,1.863636363636364
9a83abfbd3c2b7c74151,2.675,0.75,0.75,2.675
66fccdfc2a003623729d,2.95,0.025,0.025,2.95
15d3dcbc2fc940acbdcc,2.388888888888889,1.3055555555555556,1.3055555555555556,2.388888888888889
6a2936d59ad12ae97c04,2.025,2.85,2.85,2.025
33afc678c7e4d8a8163e,0.575,1.3,1.3,0.575
104b59179c6e545381dc,2.125,1.2272727272727273,1.2272727272727273,2.125
1b35bc0d7745df94c6a9,1.875,1.0,1.0,1.875
21847f657140c91d1ebe,1.525,2.15,2.15,1.525
238e7e3dfd34e11b4506,2.15,0.15,0.15,2.15
24437ae9e3df96ce088d,2.020833333333333,1.6666666666666663,1.6666666666666663,2.020833333333333
258895cc4e5c94883997,1.65,2.05,2.05,1.65
327ced85f21ebced9eb4,1.6590909090909092,1.725,1.725,1.6590909090909092
3a410b18e36387fee8f2,1.0833333333333333,1.6875,1.6875,1.0833333333333333
3b1e423d3b8339999fb1,1.725,2.75,2.75,1.725
43b4c823cc2bd77893f8,1.1041666666666667,0.6136363636363636,0.6136363636363636,1.1041666666666667
44a83630b8d03e527809,0.8333333333333333,1.090909090909091,1.090909090909091,0.8333333333333333
499bada6fa8931863ef1,0.931818181818182,1.7083333333333333,1.7083333333333333,0.931818181818182
4fc74688397f178efa3d,0.975,1.85,1.85,0.975
69cd2204f62d7916d3b1,1.3636363636363635,1.1666666666666667,1.1666666666666667,1.3636363636363635
6f999f703ce6d32251e4,0.55,0.5750000000000001,0.5750000000000001,0.55
75edf382ee8fac92281f,1.75,2.340909090909091,2.340909090909091,1.75
8531bc12dc09a6015835,1.75,1.1,1.1,1.75
867b4b33e5b8c9427d38,0.8409090909090908,2.0,2.0,0.8409090909090908
86ad94fe304b40244266,0.175,1.5909090909090908,1.5909090909090908,0.175
8aa58c79fddee965fc9a,2.125,1.125,1.125,2.125
a03fcefabdf73c7ad0dc,1.225,0.95,0.95,1.225
a1720fc3d859352b1f65,0.3958333333333333,2.227272727272727,2.227272727272727,0.3958333333333333
b9b92c5e06e7f43aee86,0.9545454545454544,1.2916666666666667,1.2916666666666667,0.9545454545454544
be54c13a6beefa61d1a3,1.3,1.35,1.35,1.3
c31f26fe4ebf79cc756d,0.4791666666666666,1.0681818181818183,1.0681818181818183,0.4791666666666666
c849fa7994ce25566751,1.925,0.3409090909090909,0.3409090909090909,1.925
e112e7667f527da8a927,1.568181818181818,1.6590909090909092,1.6590909090909092,1.568181818181818
eaa49fa9dfa2947fdb01,0.4375,1.972222222222222,1.972222222222222,0.4375
f2e68f86e105a537f2c3,1.375,1.1590909090909092,1.1590909090909092,1.375
fdc6d22b165f1aa70e62,1.35,1.05,1.05,1.35
a4e5c3aaa969910e057e,0.7000000000000001,0.4999999999999999,0.4999999999999999,0.7000000000000001
d8548351052e4c4f52a983a1,2.0,2.075,2.075,2.0
397811a09422c69c586c,1.8958333333333333,1.15,1.15,1.8958333333333333
b2b4fa688e72f09f7918,0.9000000000000001,1.025,1.025,0.9000000000000001
b803e68b853146528c9a,1.95,1.925,1.925,1.95
e63691a6c0f86daf8a6e,2.475,0.6346153846153846,0.6346153846153846,2.475
f0e67dd649746e78ced9,1.6923076923076923,1.4249999999999998,1.4249999999999998,1.6923076923076923
db8b3c5ed49a5337577f6187,2.59375,2.458333333333333,2.458333333333333,2.59375
77e143dbdaea1423a756,0.9545454545454544,0.4545454545454546,0.4545454545454546,0.9545454545454544
bdcab0d098ff72b35dff,1.4772727272727273,1.0625,1.0625,1.4772727272727273
4beb1bffd0f6d6fa9bac,1.2708333333333333,0.9375,0.9375,1.2708333333333333
5658c2fec06b72ce3ee5,2.25,1.318181818181818,1.318181818181818,2.25
6e158f5c0b5e40686ac6,2.8181818181818183,2.227272727272727,2.227272727272727,2.8181818181818183
83511f41c14d1d5fe9f3,1.8409090909090908,1.3636363636363638,1.3636363636363638,1.8409090909090908
8f8d97972592e52aaa34,0.5714285714285714,0.7272727272727273,0.7272727272727273,0.5714285714285714
ce6649bfd060ad1c7cb6,1.25,1.7954545454545454,1.7954545454545454,1.25
e1d2828e3cdee18e53eb,1.6538461538461535,0.3461538461538461,0.3461538461538461,1.6538461538461535
01e2d459822001cb31e1,1.0,0.326923076923077,0.326923076923077,1.0
0cbd24b07cc330cc5b30,1.6041666666666663,0.4230769230769231,0.4230769230769231,1.6041666666666663
114f03bb8ae76e23540d,0.8409090909090909,1.863636363636364,1.863636363636364,0.8409090909090909
1ecbcd66950f76e50737,1.8269230769230769,1.807692307692308,1.807692307692308,1.8269230769230769
20c71b853a3086f471e3,1.0192307692307692,1.9423076923076923,1.9423076923076923,1.0192307692307692
20d166f83580b1022fa8,1.8409090909090908,1.6875,1.6875,1.8409090909090908
2bcb3741b542601ae1fb,-0.25,2.977272727272727,2.977272727272727,-0.25
2fbf559c9e332d31d53d,1.4423076923076923,1.5192307692307692,1.5192307692307692,1.4423076923076923
34ebb8fc985b3c92797a,2.333333333333333,0.8541666666666666,0.8541666666666666,2.333333333333333
4d7869d55e8d9cdadeaf,1.5454545454545454,1.2692307692307692,1.2692307692307692,1.5454545454545454
55a1abc09d969605782a,0.0,2.090909090909091,2.090909090909091,0.0
6012b7f4826a5027ef50,1.090909090909091,0.7954545454545454,0.7954545454545454,1.090909090909091
60ce02c25a044a32c385,0.625,0.9772727272727272,0.9772727272727272,0.625
63ce0e905ee7ffee1fac,2.15,2.2115384615384617,2.2115384615384617,2.15
66a6f80bb78730bdf347,1.1363636363636365,1.2727272727272727,1.2727272727272727,1.1363636363636365
73d40cc49ef9c7219e8e,1.5192307692307692,0.75,0.75,1.5192307692307692
74602508ad2ac0bec1b7,1.2272727272727273,1.2045454545454546,1.2045454545454546,1.2272727272727273
78f0430f536cc145cd96,0.5454545454545454,1.8269230769230769,1.8269230769230769,0.5454545454545454
7a59478d88acac1ac4bb,1.6153846153846154,1.0416666666666663,1.0416666666666663,1.6153846153846154
7d2d3e927a0ca13d206c,1.0,2.25,2.25,1.0
80bbd515b869e77dbebc,0.8333333333333333,2.25,2.25,0.8333333333333333
82e5f51c02c34a065372,0.1875,1.409090909090909,1.409090909090909,0.1875
82f4bef207fca44aaf32,1.0454545454545454,1.5535714285714286,1.5535714285714286,1.0454545454545454
859609a63217c227e31f,1.772727272727273,1.681818181818182,1.681818181818182,1.772727272727273
b2579b77e8391e57a582,0.1136363636363636,0.4772727272727273,0.4772727272727273,0.1136363636363636
b5c66f383409d5ceb6fc,1.4166666666666667,1.0,1.0,1.4166666666666667
ba92414949638bf756eb,1.318181818181818,2.545454545454546,2.545454545454546,1.318181818181818
c7afe366afe8110ede6e,1.0416666666666667,1.7916666666666667,1.7916666666666667,1.0416666666666667
e53d00d8a011505a23f8,1.3846153846153846,1.5227272727272727,1.5227272727272727,1.3846153846153846
e7f5ac35f25d5dd4d7de,2.2291666666666665,1.5208333333333333,1.5208333333333333,2.2291666666666665
9f021c50aca909b90cff,1.318181818181818,0.4545454545454546,0.4545454545454546,1.318181818181818
663aba0086c9f7c5e5b6,1.409090909090909,1.8181818181818183,1.8181818181818183,1.409090909090909
6dd730030ce7a38b0753,2.113636363636364,0.5,0.5,2.113636363636364
8abd2f56fcad1dea850a,1.5,1.5208333333333333,1.5208333333333333,1.5
4b73b35e621f240f3a72,1.5909090909090908,1.6818181818181817,1.6818181818181817,1.5909090909090908
9b723d90752f74dd1f3e,2.886363636363636,2.386363636363636,2.386363636363636,2.886363636363636
4e84336a0ed04e9aa2d8,1.1041666666666663,1.1666666666666667,1.1666666666666667,1.1041666666666663
7baabc61968c06c89757,1.423076923076923,1.5,1.5,1.423076923076923
a693de9c41beeaecfed4,1.2083333333333333,1.8125,1.8125,1.2083333333333333
c1db97f32dc70d74e8e0,1.9166666666666663,1.6041666666666667,1.6041666666666667,1.9166666666666663
cd0ab77b3477e0fab40d,1.6666666666666667,1.2692307692307692,1.2692307692307692,1.6666666666666667
9a7ee64bd905a52df1fb78df,1.9772727272727275,1.9722222222222223,1.9722222222222223,1.9772727272727275
5bb03da58a7f59a73a16ece7,2.4000000000000004,2.5,2.5,2.4000000000000004
e4656b85fe509801e416,1.7916666666666667,0.5166666666666666,0.5166666666666666,1.7916666666666667
2ce851c6611688443d64,1.6833333333333331,1.6666666666666663,1.6666666666666663,1.6833333333333331
5e89ef5197bb69a1cbec,2.270833333333333,1.2708333333333333,1.2708333333333333,2.270833333333333
68b2a4f2cc0690102cce,1.25,0.9166666666666666,0.9166666666666666,1.25
6a705a083b54408d3b91,1.0833333333333333,1.1666666666666667,1.1666666666666667,1.0833333333333333
1a233c30ac8e0e8b1fe7,1.653846153846154,1.6458333333333333,1.6458333333333333,1.653846153846154
285ec7203452f5410fa6,0.8888888888888888,0.1388888888888888,0.1388888888888888,0.8888888888888888
370c4f7cba4f18d652e7,0.5,-0.25,-0.25,0.5
464ebbf0d12ffe313370,1.5208333333333333,1.1458333333333333,1.1458333333333333,1.5208333333333333
4ec457a58f8a215a6844,3.0,1.0,1.0,3.0
5b5ba8c250b3e6c73057,0.3958333333333333,1.125,1.125,0.3958333333333333
60743b9a58f563e0f418,2.0,2.7291666666666665,2.7291666666666665,2.0
64401f776ca5a68757b8,0.9375,1.5416666666666667,1.5416666666666667,0.9375
9d9f42909cc7c419fd85,2.625,0.5833333333333334,0.5833333333333334,2.625
b7f16bdc12b64aaf566d,1.625,0.8541666666666666,0.8541666666666666,1.625
d545cb30c871ee93740b,1.2916666666666663,1.0833333333333337,1.0833333333333337,1.2916666666666663
e893e04bb709aeabc864,0.8125,2.145833333333333,2.145833333333333,0.8125
41aa6889c5ae3e48ff48,0.7291666666666667,0.0833333333333333,0.0833333333333333,0.7291666666666667
2c44770ca9e23f9d8fc3,2.145833333333333,1.9166666666666667,1.9166666666666667,2.145833333333333
d772b0bfd7a5471d118d,1.7678571428571428,1.3958333333333333,1.3958333333333333,1.7678571428571428
9f2c088f70ac75fb41d6,1.9375,1.3541666666666667,1.3541666666666667,1.9375
327071bffaade1bb33b3,1.5625,1.2916666666666663,1.2916666666666663,1.5625
4193e2865e7e5174175c,1.4807692307692308,0.9807692307692306,0.9807692307692306,1.4807692307692308
6e95d7de821e27923190,1.796875,1.4615384615384617,1.4615384615384617,1.796875
7f0cb8e2eaeb05b552df,1.1153846153846152,1.0576923076923077,1.0576923076923077,1.1153846153846152
94af7630f3d5c7af5dc2,1.3653846153846154,0.6153846153846154,0.6153846153846154,1.3653846153846154
c2db3ace97541d19717e,2.375,1.7692307692307692,1.7692307692307692,2.375
c4f11d3f0b40507567df,0.5192307692307693,0.0833333333333333,0.0833333333333333,0.5192307692307693
3026c5d7f2b134175d49,0.4423076923076923,0.6923076923076923,0.6923076923076923,0.4423076923076923
a588b8dab37294d438b6,1.7115384615384617,1.25,1.25,1.7115384615384617
206836ed8e51dc9aacac,2.269230769230769,1.5384615384615383,1.5384615384615383,2.269230769230769
4abe2125313f47f64864,1.096153846153846,1.5,1.5,1.096153846153846
71f546133624cee79c6d,1.1346153846153846,1.1538461538461535,1.1538461538461535,1.1346153846153846
8678788952f6ec127213,1.0384615384615383,0.546875,0.546875,1.0384615384615383
8adeb9c0b9654434fa0f,2.5,0.9615384615384616,0.9615384615384616,2.5
8e354c2670582fccb391,1.6333333333333335,1.7307692307692308,1.7307692307692308,1.6333333333333335
6fd05c7099ee39f2c52f,1.1785714285714284,1.75,1.75,1.1785714285714284
d7abeb1cbfb1794a75f7,1.2142857142857142,1.5714285714285714,1.5714285714285714,1.2142857142857142
0c0745a003ec1e467287,1.6607142857142856,1.267857142857143,1.267857142857143,1.6607142857142856
19c1146555fc527227e1,0.7058823529411764,1.5357142857142858,1.5357142857142858,0.7058823529411764
4b11f6be2b69f79d814e,2.125,2.1346153846153846,2.1346153846153846,2.125
89d256c82118df221456,0.2857142857142857,1.3928571428571428,1.3928571428571428,0.2857142857142857
b6a09ec9870b0fd9f669,0.3571428571428571,0.1538461538461538,0.1538461538461538,0.3571428571428571
e022b9234e792b9d69d4,0.2678571428571428,0.9285714285714286,0.9285714285714286,0.2678571428571428
ee32f7fdfcbb5ff8c24d,1.3571428571428572,0.9464285714285714,0.9464285714285714,1.3571428571428572
026e9f3d27b75b83eb53,1.9230769230769231,2.230769230769231,2.230769230769231,1.9230769230769231
043dee027285b080a21b,2.519230769230769,1.096153846153846,1.096153846153846,2.519230769230769
069f9161cdd87e202c2c,1.9230769230769231,1.1346153846153846,1.1346153846153846,1.9230769230769231
0bbdf647e2c7893c7ab9,0.875,1.2857142857142858,1.2857142857142858,0.875
0fc7b1bd8f9e43324b03,1.0535714285714286,2.392857142857143,2.392857142857143,1.0535714285714286
1689166f0d39f64ec315,1.8269230769230769,1.5535714285714286,1.5535714285714286,1.8269230769230769
4af4835323204c71ec3f,1.375,1.9318181818181817,1.9318181818181817,1.375
5083724f5ed5a326e52e,0.4423076923076923,1.4821428571428572,1.4821428571428572,0.4423076923076923
59ce7121177d98332300,1.4807692307692306,1.6458333333333333,1.6458333333333333,1.4807692307692306
5a7c38c5805701280373,1.4423076923076923,0.75,0.75,1.4423076923076923
65835a2dd4b15a43f3c9,1.8269230769230769,0.5535714285714286,0.5535714285714286,1.8269230769230769
75ae7ede66aede174ee6,1.3392857142857144,1.3392857142857144,1.3392857142857144,1.3392857142857144
766250cfb089470c1484,0.9642857142857144,0.3928571428571429,0.3928571428571429,0.9642857142857144
7ee6c899ab0bd846f0c2,1.153846153846154,0.7115384615384616,0.7115384615384616,1.153846153846154
9518a14694d066be028a,1.096153846153846,2.6666666666666665,2.6666666666666665,1.096153846153846
a5c02403f3d2b773d906,0.7678571428571428,1.5892857142857142,1.5892857142857142,0.7678571428571428
a6d4050363a45279fddb,0.8653846153846154,1.8035714285714288,1.8035714285714288,0.8653846153846154
b81495943d8f873b1af0,1.0384615384615383,1.1607142857142856,1.1607142857142856,1.0384615384615383
bc16cd29951814ab389d,1.25,0.923076923076923,0.923076923076923,1.25
bca51f6e6c7d571b3240,1.1730769230769231,1.4230769230769231,1.4230769230769231,1.1730769230769231
c17f2203f25e122f7e50,0.7083333333333334,1.267857142857143,1.267857142857143,0.7083333333333334
c3074d71cbbfb0589155,1.7115384615384617,1.125,1.125,1.7115384615384617
c7790bc8149a490de5a0,2.2857142857142856,1.4821428571428572,1.4821428571428572,2.2857142857142856
d2eb6f6cd22ad4401b6a,0.5178571428571429,2.0892857142857144,2.0892857142857144,0.5178571428571429
e0eb82ab9cbe5434b4c2,1.6607142857142856,1.4615384615384617,1.4615384615384617,1.6607142857142856
e4bef25509547a5ebc36,2.0357142857142856,1.9285714285714288,1.9285714285714288,2.0357142857142856
fb4d2ec85449de765e4c,0.8461538461538463,1.5714285714285714,1.5714285714285714,0.8461538461538463
fe10b55fbf0dd4a39376,0.1,0.1538461538461538,0.1538461538461538,0.1
9b40f82c61f08d23d19c,2.75,1.8269230769230769,1.8269230769230769,2.75
0ef13fade2da9365391a,1.9230769230769231,2.769230769230769,2.769230769230769,1.9230769230769231
155cfb52af3b124af043,1.1607142857142858,1.8823529411764703,1.8823529411764703,1.1607142857142858
f80f829aff99b492b065,1.6785714285714286,1.0178571428571428,1.0178571428571428,1.6785714285714286
3e9a3ee5f649f3000382,0.2249999999999999,2.0576923076923075,2.0576923076923075,0.2249999999999999
5208873a4c2417af04f1,0.9,1.3269230769230769,1.3269230769230769,0.9
d2eaa0ddc3808bf8e3aa,1.4230769230769231,1.807692307692308,1.807692307692308,1.4230769230769231
7cb2a73888c410b5530b,1.392857142857143,1.59375,1.59375,1.392857142857143
679e0b7f7880a9a2b1ef,2.076923076923077,1.8653846153846156,1.8653846153846156,2.076923076923077
f0d693bff0936a6b7c44,1.8571428571428568,1.7692307692307692,1.7692307692307692,1.8571428571428568
073b6dfc40e9003a301b,1.5,1.15,1.15,1.5
2786b665975c5f4cc5c0,0.6833333333333333,1.0714285714285714,1.0714285714285714,0.6833333333333333
2eed3c487e75e463eb0b,0.5833333333333334,1.125,1.125,0.5833333333333334
3bb25018408ee86ffcc8,2.1166666666666667,0.4666666666666666,0.4666666666666666,2.1166666666666667
443d1b44bbbc29388583,1.2833333333333332,1.8666666666666667,1.8666666666666667,1.2833333333333332
46705976dfd0666dd801,1.875,0.5576923076923077,0.5576923076923077,1.875
588d64b3cf99655acd0d,1.6333333333333333,0.85,0.85,1.6333333333333333
688f45dad18ca7b89b62,2.2142857142857144,1.7333333333333334,1.7333333333333334,2.2142857142857144
72888b8dbe57d7e5ab38,1.15,1.7166666666666668,1.7166666666666668,1.15
99109387da249c9ba6d9,1.0892857142857142,1.0178571428571428,1.0178571428571428,1.0892857142857142
9e2950149e19990c84cf,1.75,1.5333333333333332,1.5333333333333332,1.75
b4639d28c78bb747b31e,1.5333333333333332,0.8571428571428572,0.8571428571428572,1.5333333333333332
c61d4ba625ad1fc30a84,0.4833333333333333,1.0357142857142856,1.0357142857142856,0.4833333333333333
f89cb433cc33ebb5f9a1,1.9666666666666668,1.8571428571428568,1.8571428571428568,1.9666666666666668
f659a2856ce42679110d,1.0666666666666669,1.8846153846153848,1.8846153846153848,1.0666666666666669
c01911b4ec8650ad6222,1.0892857142857142,1.0625,1.0625,1.0892857142857142
20446e3ad25ebe44768f,1.6833333333333331,0.8833333333333333,0.8833333333333333,1.6833333333333331
8fc320ef9cec1afbdf0c39c9,2.083333333333333,2.541666666666667,2.541666666666667,2.083333333333333
74f04f660454912907d4,2.5384615384615383,0.3,0.3,2.5384615384615383
76d21696ef52fe1b3cac,1.6911764705882353,1.4833333333333332,1.4833333333333332,1.6911764705882353
9cc90be1423ff4704fd3,0.8666666666666667,1.46875,1.46875,0.8666666666666667
a27828121f213cadaf2f,1.9583333333333333,1.05,1.05,1.9583333333333333
bdc79f1cfbe986c315d2,1.140625,1.8125,1.8125,1.140625
c2a526b7f2acb79499be,1.0166666666666666,1.607142857142857,1.607142857142857,1.0166666666666666
d0591d12c2115052f331,0.85,1.0666666666666669,1.0666666666666669,0.85
e4078ee41353fc21656b,1.8035714285714288,0.75,0.75,1.8035714285714288
f5fa84edccfa24d3dd5b,0.9285714285714286,1.1166666666666667,1.1166666666666667,0.9285714285714286
1a4e42a3ccd537b4cacf,1.1166666666666667,1.9423076923076923,1.9423076923076923,1.1166666666666667
229c4c1ae4e72e5bcd48,1.25,0.4499999999999999,0.4499999999999999,1.25
39ee99c8b756c1c0a774,2.142857142857143,1.8214285714285716,1.8214285714285716,2.142857142857143
3e77b8bdcfb2ae887a08,1.8125,0.515625,0.515625,1.8125
3e79d5946b24a4aad347,1.0,1.8166666666666669,1.8166666666666669,1.0
432cf102f6ae774124d2,0.421875,0.703125,0.703125,0.421875
52e06ccc7624cf9eba1c,1.7142857142857142,2.05,2.05,1.7142857142857142
599638abd13adaff388c,1.3571428571428572,1.7678571428571428,1.7678571428571428,1.3571428571428572
622386218e1924b4082d,1.5535714285714286,0.4821428571428571,0.4821428571428571,1.5535714285714286
6408688dc840633a866b,1.40625,1.515625,1.515625,1.40625
65666c34c2742d267925,2.571428571428571,1.8,1.8,2.571428571428571
6a84d8ce5c2efe287bae,0.6607142857142857,1.75,1.75,0.6607142857142857
70b05ccb81ff247bc7e2,1.7000000000000002,1.1166666666666667,1.1166666666666667,1.7000000000000002
7f4cd329dad9cdc64ed6,2.3000000000000003,1.6166666666666667,1.6166666666666667,2.3000000000000003
8dd0385007fcb2321d1e,1.6428571428571428,2.0,2.0,1.6428571428571428
9e36aed184f732fd030d,1.0666666666666669,0.609375,0.609375,1.0666666666666669
a2a2d73a5b4d7b64aa79,1.6607142857142856,1.4666666666666666,1.4666666666666666,1.6607142857142856
b443ed655faa6022a60d,1.828125,0.3928571428571428,0.3928571428571428,1.828125
c10a7b2277f28d2a7f9a,1.2166666666666666,1.7833333333333334,1.7833333333333334,1.2166666666666666
c488f04b9b37fb0f9e64,0.9333333333333332,0.6111111111111112,0.6111111111111112,0.9333333333333332
cb13616da401dcaf136d,1.0,1.6,1.6,1.0
d33702c9f5c71c617b76,0.3928571428571429,1.5892857142857142,1.5892857142857142,0.3928571428571429
d426edd82ff280c6b5ac,1.9285714285714288,1.0714285714285714,1.0714285714285714,1.9285714285714288
e40e90d826000c06dfaa,1.2666666666666666,0.8666666666666667,0.8666666666666667,1.2666666666666666
ff97e75ddb87a27f929f,0.5892857142857143,1.0833333333333333,1.0833333333333333,0.5892857142857143
1daf69e4bfffe6022826,1.8928571428571428,2.5357142857142856,2.5357142857142856,1.8928571428571428
0aee2f29bba190638742,2.821428571428572,0.0454545454545454,0.0454545454545454,2.821428571428572
fc8464bbed1b2db9de4a,2.1833333333333336,1.2833333333333332,1.2833333333333332,2.1833333333333336
be1242a58b89e4d8251d,1.5,0.5,0.5,1.5
317256869296b9085955,1.45,1.5714285714285714,1.5714285714285714,1.45
b45e64ef94653827e2eb,1.9666666666666668,2.1875,2.1875,1.9666666666666668
0318dd986a6163457ace,1.7166666666666668,0.6166666666666667,0.6166666666666667,1.7166666666666668
127faeaa4e84baac253f,0.984375,1.9078947368421053,1.9078947368421053,0.984375
434a9b6b7550632825f2,1.8666666666666667,0.9333333333333332,0.9333333333333332,1.8666666666666667
58e84526f4946190eccf,1.25,0.3166666666666666,0.3166666666666666,1.25
5d3b73645c2e42bf7379,1.7857142857142856,2.6166666666666667,2.6166666666666667,1.7857142857142856
6159dcbdfccc60697fa6,0.875,1.234375,1.234375,0.875
6d0678e15bc3476813e0,1.0625,0.859375,0.859375,1.0625
74faf76d6a9951aa0175,1.0333333333333332,2.216666666666667,2.216666666666667,1.0333333333333332
88cf7f76f4c97beda800,1.375,1.640625,1.640625,1.375
a7df7001c505e4662512,1.078125,1.15,1.15,1.078125
b724dac9b9539d4961e9,2.3392857142857144,1.55,1.55,2.3392857142857144
b7a6e128bdcd4f92d905,1.046875,1.777777777777778,1.777777777777778,1.046875
b869cd4ddc585a1a5bd6,0.890625,1.203125,1.203125,0.890625
c014382a75710b07a64d,0.9375,1.25,1.25,0.9375
cb5116181e7c813a76ab,1.6833333333333331,1.0,1.0,1.6833333333333331
cf6c61f20c27a05f1d24,1.671875,2.15625,2.15625,1.671875
e68b19b155bfb6227030,1.7666666666666668,1.6875,1.6875,1.7666666666666668
18dfacff909026228813,1.734375,2.21875,2.21875,1.734375
052fb9b87294c7ebdfd0,0.484375,0.859375,0.859375,0.484375
564b4873cda109acff6f,1.5,1.84375,1.84375,1.5
a7b930ea1f51cac3417a,0.75,2.25,2.25,0.75
6a5dae3df8b2a35f3f53,1.1875,1.25,1.25,1.1875
1cae074778375a212f80,2.147058823529412,2.0,2.0,2.147058823529412
d0715b08ab378a78f101,0.0208333333333333,2.0166666666666666,2.0166666666666666,0.0208333333333333
121bc2d2fd45ff95cc8b,1.578125,0.8823529411764706,0.8823529411764706,1.578125
3a26dfe619cf3fa216af,1.90625,0.5441176470588235,0.5441176470588235,1.90625
b05f8cea770bc8ffe98a,0.6617647058823529,1.7352941176470589,1.7352941176470589,0.6617647058823529
c0a888843b77769ef9d8,1.015625,1.5892857142857142,1.5892857142857142,1.015625
d8a09d97fc95736bf4c6,0.7794117647058824,1.7205882352941175,1.7205882352941175,0.7794117647058824
25c64637830dec55bc4b,2.3382352941176467,1.609375,1.609375,2.3382352941176467
028ee6d0df101a18c8c1,0.5416666666666666,1.4833333333333332,1.4833333333333332,0.5416666666666666
042e71a95ce16b9841fd,1.6911764705882353,0.8823529411764706,0.8823529411764706,1.6911764705882353
1ef4b63a9034fc64d965,0.675,1.3823529411764706,1.3823529411764706,0.675
2688e0d05f889b50948b,0.7794117647058824,0.9558823529411764,0.9558823529411764,0.7794117647058824
342a93233d4c026dcebc,0.6666666666666667,1.5166666666666666,1.5166666666666666,0.6666666666666667
60a86512aab5977c7eb1,0.9833333333333332,0.6166666666666667,0.6166666666666667,0.9833333333333332
637ffe8c00d4682e7938,0.6000000000000001,1.3088235294117647,1.3088235294117647,0.6000000000000001
7a6a5ff353808cc25208,1.4333333333333331,0.6833333333333333,0.6833333333333333,1.4333333333333331
f60345aeafb7beff066d,1.868421052631579,1.2205882352941178,1.2205882352941178,1.868421052631579
fd07b2b3938212feaa54,0.7647058823529411,1.2794117647058825,1.2794117647058825,0.7647058823529411
c510d3d41eb3f67456eb,2.1166666666666667,1.578125,1.578125,2.1166666666666667
1f765610c2f9961d1c82,1.7000000000000002,1.9,1.9,1.7000000000000002
a41aa0c5ba3afdb30966,0.5166666666666666,1.4666666666666666,1.4666666666666666,0.5166666666666666
b107e3b2d62659334412,1.4333333333333331,2.033333333333333,2.033333333333333,1.4333333333333331
dc3a3bbe8a090237e3d9,1.2058823529411766,1.161764705882353,1.161764705882353,1.2058823529411766
dde8f786171808a67870,2.3,2.85,2.85,2.3
35f5fde36de8c97de616,0.703125,0.4807692307692307,0.4807692307692307,0.703125
1178d95975e1ed64f800,1.6470588235294117,2.2205882352941178,2.2205882352941178,1.6470588235294117
18be1e591fa16cd1d1eb,0.7647058823529411,1.375,1.375,0.7647058823529411
4af53c32a0d63e6af402,2.65625,1.421875,1.421875,2.65625
4f593805b2a7a4cd142a,1.7647058823529411,2.140625,2.140625,1.7647058823529411
528ebdb83081ebc26973,1.3088235294117647,1.5,1.5,1.3088235294117647
5b5abd2b425302b3bd48,1.5588235294117645,0.984375,0.984375,1.5588235294117645
63150714cd9e525489df,1.6176470588235294,1.8125,1.8125,1.6176470588235294
6b8b5be65eb629c52914,1.147058823529412,0.84375,0.84375,1.147058823529412
7a13b0fc3512a944e7b4,0.588235294117647,0.90625,0.90625,0.588235294117647
a066aa831a252e4cbcce,1.1323529411764706,1.796875,1.796875,1.1323529411764706
aec8b5f15b56b7a5b7a8,1.1323529411764706,1.265625,1.265625,1.1323529411764706
c26dba31c5bb69ff0a42,1.65,1.671875,1.671875,1.65
d481abb9dc7ccda4925b,0.6470588235294117,1.0147058823529411,1.0147058823529411,0.6470588235294117
dc275088d23d204fed5a,2.117647058823529,1.1911764705882353,1.1911764705882353,2.117647058823529
f975483393e11646a8b4,1.0,1.109375,1.109375,1.0
fbf929524c11b5a1a7ed,1.0625,1.3676470588235294,1.3676470588235294,1.0625
a5d5bdb16828e2fa751e,1.28125,1.96875,1.96875,1.28125
e07335275705ad46802f,0.640625,1.71875,1.71875,0.640625
b8c86ebd1aa39ca9085f,1.4411764705882355,0.5576923076923077,0.5576923076923077,1.4411764705882355
0187af51b6b2b23cbb33,2.015625,0.0961538461538462,0.0961538461538462,2.015625
5fa00adff8293e22904f,1.59375,2.125,2.125,1.59375
749026c8aa7b66403113,0.546875,0.421875,0.421875,0.546875
a1d027a82a67fcc2e2a3,2.890625,1.40625,1.40625,2.890625
4677857fdc3b29de5b21,1.7647058823529411,1.5499999999999998,1.5499999999999998,1.7647058823529411
4a31242e342c7abdd075,1.0882352941176472,0.484375,0.484375,1.0882352941176472
77c504169df627c663e7,1.9411764705882355,2.416666666666667,2.416666666666667,1.9411764705882355
b780c34b792395105dcf,0.28125,1.359375,1.359375,0.28125
f48e795adfc789c506e3,1.484375,1.03125,1.03125,1.484375
24bd47158a1be1282663,1.625,2.21875,2.21875,1.625
31bf2809881471c94c38,1.65625,1.546875,1.546875,1.65625
9061f608e55dace573dc,1.953125,1.40625,1.40625,1.953125
a78a61b1fca2274794f0,1.96875,1.140625,1.140625,1.96875
345bc491804070766452,1.8194444444444449,1.95,1.95,1.8194444444444449
021f566ac8c2d59144d4,1.0833333333333337,2.1944444444444446,2.1944444444444446,1.0833333333333337
17bc733154093df0e3c9,1.2794117647058825,1.4583333333333333,1.4583333333333333,1.2794117647058825
1f02ca4db0d015cfc521,2.2058823529411766,2.055555555555556,2.055555555555556,2.2058823529411766
22f42a9a38ef368c6fe5,1.0147058823529411,1.1911764705882353,1.1911764705882353,1.0147058823529411
446f304890d46ee4aced,0.8888888888888888,1.3194444444444444,1.3194444444444444,0.8888888888888888
5bf812530aa37a82e357,1.4705882352941178,1.852941176470588,1.852941176470588,1.4705882352941178
f4195018217d63885e70,1.125,2.013888888888889,2.013888888888889,1.125
4442c53d97631bc459f8,1.4305555555555556,0.625,0.625,1.4305555555555556
5ee02987238f7edfab92,1.397058823529412,1.3823529411764706,1.3823529411764706,1.397058823529412
6147ea9ae19d2054c3e1,0.4411764705882353,0.5588235294117647,0.5588235294117647,0.4411764705882353
6aa8c72ce2b209b4d641,2.2777777777777777,0.4558823529411765,0.4558823529411765,2.2777777777777777
87c9caae41bd22b3725d,1.161764705882353,0.9558823529411764,0.9558823529411764,1.161764705882353
ae383f32fdf28c7da2ce,1.7058823529411764,0.7083333333333334,0.7083333333333334,1.7058823529411764
b9d236ea9f3bd8f8e537,1.5,0.6805555555555556,0.6805555555555556,1.5
bad8181bcff28b0a69bd,1.2916666666666663,0.6190476190476191,0.6190476190476191,1.2916666666666663
bf9c2a0738d62b208ce4,1.1805555555555556,1.861111111111111,1.861111111111111,1.1805555555555556
bfacc06b4a097d1c31db,1.397058823529412,1.805555555555556,1.805555555555556,1.397058823529412
c0cf2e0f637e91257f6e,1.838235294117647,2.5588235294117645,2.5588235294117645,1.838235294117647
cc9b3a5384c5ba9df753,1.3823529411764706,1.5294117647058825,1.5294117647058825,1.3823529411764706
d88e808b6b72a3165be3,0.9583333333333334,1.5441176470588236,1.5441176470588236,0.9583333333333334
dd5ef17b0629ffe640f8,2.484375,1.5416666666666667,1.5416666666666667,2.484375
e0fa9eb5acefa046dcac,0.9117647058823528,1.4861111111111112,1.4861111111111112,0.9117647058823528
e44de0474c3be7e97645,1.5,0.6111111111111112,0.6111111111111112,1.5
e5b91beaf6e48102754b,1.421875,0.5555555555555556,0.5555555555555556,1.421875
eff7fe647247324fd98f,1.75,1.0416666666666667,1.0416666666666667,1.75
f705cc3e3be161b7756f,2.2205882352941173,0.8529411764705882,0.8529411764705882,2.2205882352941173
fa16d69179e6adbf866d,0.0178571428571428,1.6617647058823528,1.6617647058823528,0.0178571428571428
fe01b795371cc0631dc8,2.044117647058824,1.515625,1.515625,2.044117647058824
b29b858453dcc547639c,1.4558823529411766,1.5,1.5,1.4558823529411766
561f0f159be541e73c87,2.294117647058824,1.5294117647058822,1.5294117647058822,2.294117647058824
7c7f6b83a602fd89b88a,1.2647058823529411,0.4285714285714286,0.4285714285714286,1.2647058823529411
b55a5ca666977b254bb3,1.8088235294117647,0.7678571428571429,0.7678571428571429,1.8088235294117647
331346f7decd009c6d6c,2.0595238095238093,1.652777777777778,1.652777777777778,2.0595238095238093
9f37a80e96bab2eacedc,2.1323529411764706,1.838235294117647,1.838235294117647,2.1323529411764706
9a97ad4cec8aaca7ab68,1.2647058823529411,0.9166666666666666,0.9166666666666666,1.2647058823529411
bb6dc223eef52abd3c16,0.4558823529411765,1.3333333333333333,1.3333333333333333,0.4558823529411765
0975cf215e25a4ee3c34,1.3815789473684212,0.8088235294117647,0.8088235294117647,1.3815789473684212
3fbd49a3eed9bb76b02e,1.0,1.9047619047619049,1.9047619047619049,1.0
7c47fefb4ff2803f18c0,1.3157894736842106,2.0789473684210527,2.0789473684210527,1.3157894736842106
b0ea5cdcfb1415d87fe8,1.276315789473684,0.6666666666666666,0.6666666666666666,1.276315789473684
ce3f664ef8c4e5d315cb,1.0526315789473686,0.6363636363636364,0.6363636363636364,1.0526315789473686
fae84a7719483671d70d,1.7916666666666667,1.3026315789473684,1.3026315789473684,1.7916666666666667
6be4f9a8290eed09281b,1.776315789473684,2.263157894736842,2.263157894736842,1.776315789473684
371a1d3ac5bfbb3c0926,0.8888888888888888,0.8421052631578947,0.8421052631578947,0.8888888888888888
5806ae9217eeed74e0a1,2.011363636363636,1.4444444444444444,1.4444444444444444,2.011363636363636
a0541028c5e97bdf0ad4,0.8947368421052632,0.7916666666666666,0.7916666666666666,0.8947368421052632
bc1434edfac95bec42f6,1.6944444444444444,0.6578947368421053,0.6578947368421053,1.6944444444444444
6e937a85401f0f354bef,1.0789473684210529,1.618421052631579,1.618421052631579,1.0789473684210529
5f3d30d77cfd5f55e6e1,0.8194444444444444,1.0,1.0,0.8194444444444444
10ad4a39b498a7dc3399,2.325,1.025,1.025,2.325
50b0b69696b7b804845e,1.652777777777778,1.3055555555555556,1.3055555555555556,1.652777777777778
6a3185870b2b61fb3a75,0.975,1.3,1.3,0.975
8bbcfa75a59167bb5289,0.4166666666666667,1.152777777777778,1.152777777777778,0.4166666666666667
9217668d5d47aa2f96bc,1.0972222222222223,1.7794117647058822,1.7794117647058822,1.0972222222222223
a64518a2f52866fffc97,0.9473684210526316,0.8194444444444444,0.8194444444444444,0.9473684210526316
f6eaf8fadc0dc355a1d6,0.675,1.0,1.0,0.675
1633fc095c24e95ee17c,1.5,2.7794117647058822,2.7794117647058822,1.5
17ff22daa1d640178fea,1.4861111111111112,1.9264705882352944,1.9264705882352944,1.4861111111111112
33454eb2a331cedf2d8f,1.8157894736842104,1.8611111111111112,1.8611111111111112,1.8157894736842104
340fcfd05d991d457b6e,1.8947368421052635,1.25,1.25,1.8947368421052635
3ac462bb1efeacd7f3e5,0.7236842105263158,0.9875,0.9875,0.7236842105263158
3bd62c524b30f4c00088,0.618421052631579,2.065217391304348,2.065217391304348,0.618421052631579
3d94e4c8169c4785d7f2,2.4722222222222223,0.375,0.375,2.4722222222222223
429784b84c3f1e2ba952,0.3833333333333333,0.4166666666666666,0.4166666666666666,0.3833333333333333
478ebf804273545e4a7f,0.5394736842105263,1.1710526315789471,1.1710526315789471,0.5394736842105263
50e228773c067c374630,1.2083333333333333,1.7916666666666667,1.7916666666666667,1.2083333333333333
575f00371c75bdfd20f3,0.75,1.868421052631579,1.868421052631579,0.75
5e00bf7886b96273c542,0.6323529411764706,2.2222222222222223,2.2222222222222223,0.6323529411764706
6a5a00945753d07b068b,1.2916666666666663,2.263888888888889,2.263888888888889,1.2916666666666663
6cd81510e84e6cbdc014,1.225,0.8157894736842105,0.8157894736842105,1.225
6dd9f42a324738b8de9a,1.805555555555556,1.618421052631579,1.618421052631579,1.805555555555556
801c7f008916f8dc4835,2.025,1.375,1.375,2.025
93e764cf7a79c671aa9e,1.4342105263157894,2.111111111111111,2.111111111111111,1.4342105263157894
95b7906fcf45e71484f6,1.6052631578947367,0.5694444444444444,0.5694444444444444,1.6052631578947367
a660a207143f67e691dc,0.7833333333333333,1.2777777777777777,1.2777777777777777,0.7833333333333333
a7c1c32fb3c50986cbee,0.7105263157894737,1.4444444444444444,1.4444444444444444,0.7105263157894737
aa9faf8a47ff64df60f0,1.9342105263157892,1.2777777777777777,1.2777777777777777,1.9342105263157892
c8dc15bdb0bb9b779696,0.736111111111111,2.3289473684210527,2.3289473684210527,0.736111111111111
ccaba6d810c1a17e097c,1.125,1.1805555555555556,1.1805555555555556,1.125
ccd4382ce7a1f8be601b,0.9027777777777778,1.1805555555555556,1.1805555555555556,0.9027777777777778
d2422fff0177a8485362,1.4473684210526316,1.2916666666666663,1.2916666666666663,1.4473684210526316
d8792d36a74607162eb6,1.0394736842105263,1.1176470588235294,1.1176470588235294,1.0394736842105263
e73a4e316a5d4e6d3daa,1.355263157894737,1.6625,1.6625,1.355263157894737
fb547d9563b8314d1e93,1.411764705882353,1.2638888888888888,1.2638888888888888,1.411764705882353
fc8c4dc0ec00d626cc23,1.0416666666666667,2.5294117647058822,2.5294117647058822,1.0416666666666667
3372e6c9f6179e8f94f2,1.75,1.5555555555555556,1.5555555555555556,1.75
2ff5b66a8115e1355991,0.861111111111111,1.763888888888889,1.763888888888889,0.861111111111111
a940311451dcea82347f,1.7125,1.6578947368421053,1.6578947368421053,1.7125
8ddee64516773ab707b6,1.863636363636364,1.3625,1.3625,1.863636363636364
1a1748d0d7b8a40c6f67,1.4027777777777777,2.1527777777777777,2.1527777777777777,1.4027777777777777
7d65417b6622e289e4b9,1.6388888888888888,2.1944444444444446,2.1944444444444446,1.6388888888888888
dd167c367296a327e745,1.7222222222222223,0.0,0.0,1.7222222222222223
c3524edb2deb0cfcc83c,0.8888888888888888,1.3088235294117647,1.3088235294117647,0.8888888888888888
e0ab7921c683a58bc253,1.4342105263157894,1.375,1.375,1.4342105263157894
28c5d6cbbc29169ddcc0,1.1710526315789471,1.8947368421052635,1.8947368421052635,1.1710526315789471
2d95990d09dc2e017e22,1.652777777777778,2.539473684210526,2.539473684210526,1.652777777777778
4748cb33cc7e3b900f78,1.2894736842105263,1.7875,1.7875,1.2894736842105263
6de87fdf6a0e230615b2,2.052631578947368,0.75,0.75,2.052631578947368
764b4cd0a6dc68301e81,1.2875,1.5789473684210529,1.5789473684210529,1.2875
d44cb2b18e1e9ceb0db8,1.1428571428571428,0.6979166666666666,0.6979166666666666,1.1428571428571428
1b1687aa9e9d84c2dbef,1.6578947368421053,1.4125,1.4125,1.6578947368421053
34b043fc9fcfc7f5cf05,1.2976190476190477,0.6309523809523809,0.6309523809523809,1.2976190476190477
5b3e44fc5dca4b8af198,1.107142857142857,0.7236842105263158,0.7236842105263158,1.107142857142857
5e2e3525e7ae2a9cf418,0.988095238095238,1.3333333333333333,1.3333333333333333,0.988095238095238
ad7711d2a40152ba51c0,2.2625,0.9605263157894738,0.9605263157894738,2.2625
c58347b57b205d8be1a4,0.9473684210526316,1.7125,1.7125,0.9473684210526316
d2e1d90e259e453526a5,1.2916666666666663,1.2105263157894737,1.2105263157894737,1.2916666666666663
f89d8460b3f7fc32ae55,2.026315789473684,1.644736842105263,1.644736842105263,2.026315789473684
04ff25a62727200227f0,1.7375,1.9239130434782608,1.9239130434782608,1.7375
0b2ce50575e2ce2db7e7,1.5394736842105263,1.526315789473684,1.526315789473684,1.5394736842105263
11fca3ad2840755b1081,0.3157894736842105,1.2236842105263157,1.2236842105263157,0.3157894736842105
17da28805a5e3b17e517,1.263157894736842,0.4874999999999999,0.4874999999999999,1.263157894736842
22f2519b109425e1c659,1.25,0.95,0.95,1.25
29d25f95fec2d96fc585,2.3157894736842106,0.8875000000000001,0.8875000000000001,2.3157894736842106
2aaf3d634aab015519b4,1.1447368421052633,1.5375,1.5375,1.1447368421052633
3abe3f50e1bd8de3c623,1.2105263157894737,0.4473684210526315,0.4473684210526315,1.2105263157894737
45a14f4d6ff492773cd7,1.95,1.275,1.275,1.95
45c0796dbab55cb76430,1.2857142857142858,2.083333333333333,2.083333333333333,1.2857142857142858
4e64ad78c227d6f24b38,1.6447368421052633,1.4125,1.4125,1.6447368421052633
5018f0ff7f6311f917a1,0.75,2.261904761904762,2.261904761904762,0.75
56419065b89c707a641d,1.805555555555556,1.118421052631579,1.118421052631579,1.805555555555556
56d9121f353c92614127,0.513157894736842,1.8875,1.8875,0.513157894736842
76e0438dc5dd6c6bad10,1.4342105263157894,0.8947368421052632,0.8947368421052632,1.4342105263157894
8b917e3dc5e5cafe5539,1.4210526315789471,0.5625,0.5625,1.4210526315789471
a65d523247f1c8538fb0,1.2638888888888888,1.3888888888888888,1.3888888888888888,1.2638888888888888
ba4ec0a6a75d479fdd49,1.9342105263157896,1.7,1.7,1.9342105263157896
cd085d7d4c51895085ce,2.125,0.7375,0.7375,2.125
df58317230b689854d9a,1.023809523809524,0.9761904761904764,0.9761904761904764,1.023809523809524
e1437b8858b1f3ffa907,1.644736842105263,1.5394736842105263,1.5394736842105263,1.644736842105263
e90a3dbb5cfed95ea1bf,1.5125,0.6625000000000001,0.6625000000000001,1.5125
f974d5599df93a3b56d4,1.3611111111111112,1.3421052631578947,1.3421052631578947,1.3611111111111112
ff35410a3ffd60d6f7c4,1.738095238095238,0.5625,0.5625,1.738095238095238
b397ce3078d80d777647,2.1578947368421053,1.0,1.0,2.1578947368421053
3caba1b9376c76ba923d,1.355263157894737,1.5,1.5,1.355263157894737
b3266b8da0b85fb9367a,0.381578947368421,0.671875,0.671875,0.381578947368421
c948fa136a4a5210a5e5,-0.078125,1.4736842105263157,1.4736842105263157,-0.078125
e2e3ca334383701751d8,2.25,0.6527777777777778,0.6527777777777778,2.25
96b7fda81792657d9b2b,1.2857142857142858,1.619047619047619,1.619047619047619,1.2857142857142858
4802d4c58253e396632b,2.680555555555556,1.855263157894737,1.855263157894737,2.680555555555556
1aa9e563e44954c32617,2.583333333333333,0.8421052631578947,0.8421052631578947,2.583333333333333
3bd76e3db01bf4dd4d62,0.6710526315789473,1.9125,1.9125,0.6710526315789473
22ce4512ae0f893d8036,0.7875,1.2875,1.2875,0.7875
0abf43c678c6bb966c5f,0.9,1.475,1.475,0.9
0e1964de55499721c16c,0.875,1.6428571428571428,1.6428571428571428,0.875
18faf5854e69fcb07373,1.725,1.55,1.55,1.725
2ee5e564fcc8068970ab,1.3250000000000002,2.202380952380953,2.202380952380953,1.3250000000000002
31332262859bce8ad338,1.45,2.1875,2.1875,1.45
36f04d03b9eb3a941272,0.75,0.9659090909090908,0.9659090909090908,0.75
3934a1b2250b0a7dfd44,1.55,1.1625,1.1625,1.55
44e422d3ec241fff23f6,0.8452380952380952,1.55,1.55,0.8452380952380952
46b77b6bd90160a62b58,1.0795454545454546,1.2272727272727273,1.2272727272727273,1.0795454545454546
4b219552d54420a8dce3,1.3928571428571428,-0.0147058823529411,-0.0147058823529411,1.3928571428571428
5295734838a8e940e135,0.8214285714285714,1.4166666666666667,1.4166666666666667,0.8214285714285714
5e71638381af643a8a41,1.7976190476190474,2.375,2.375,1.7976190476190474
5f70ba1cf7c996d883e7,0.8,1.2045454545454546,1.2045454545454546,0.8
6265621764c5cdab9665,1.431818181818182,1.7045454545454544,1.7045454545454544,1.431818181818182
6912849fe3755bcd1771,1.85,1.273809523809524,1.273809523809524,1.85
6a27f35c00d5eed2ee05,0.4404761904761904,0.5375,0.5375,0.4404761904761904
6cfd53ff18a079207cb1,1.9791666666666663,2.18,2.18,1.9791666666666663
6e39a525136f1a0b1cb0,1.725,1.7375,1.7375,1.725
8233b804a0ba4f642b25,1.511904761904762,0.35,0.35,1.511904761904762
830091a1468f540a850b,1.325,1.5375,1.5375,1.325
89246ca21a8f93f4dc07,1.2125,1.1842105263157894,1.1842105263157894,1.2125
98395fbf89c18517dedd,1.857142857142857,2.15,2.15,1.857142857142857
9c6a73c4497c665a930b,1.4166666666666667,1.618421052631579,1.618421052631579,1.4166666666666667
9ded14064b7fd29d6cce,1.6375,1.6710526315789471,1.6710526315789471,1.6375
a0aa4415cfdfdbb2cae8,0.6625,1.4,1.4,0.6625
ab7b8efaa7227aed8a00,0.7976190476190477,1.825,1.825,0.7976190476190477
c07f342f63e84989808e,2.136363636363636,1.8452380952380951,1.8452380952380951,2.136363636363636
c0a88b5ad6fcb105aa00,0.9625,1.3125,1.3125,0.9625
c30bd39d13ef65b10e16,1.8452380952380951,1.4249999999999998,1.4249999999999998,1.8452380952380951
c85bc42fb1027ff2d168,2.4625000000000004,1.3421052631578947,1.3421052631578947,2.4625000000000004
cf14d16f796330f1d5fd,0.4125,2.6184210526315788,2.6184210526315788,0.4125
d272ad2f567169850277,1.7738095238095235,1.1973684210526316,1.1973684210526316,1.7738095238095235
dad313a8f57c50ce9d21,1.369047619047619,1.215909090909091,1.215909090909091,1.369047619047619
dad55e83b5eafa0fa678,0.5833333333333333,1.0227272727272727,1.0227272727272727,0.5833333333333333
e7b80246145f44442b61,1.25,1.375,1.375,1.25
f16ecb7127d52456df4b,1.4868421052631575,1.2125,1.2125,1.4868421052631575
fcdfa192572b517593f1,0.6785714285714285,0.6666666666666666,0.6666666666666666,0.6785714285714285
03cbd55057ee10bc3bb4,1.7045454545454544,1.0795454545454544,1.0795454545454544,1.7045454545454544
4c87b79a1bbd3cb7a0d3,1.3875,0.55,0.55,1.3875
2613da9d862b9dbf0bad,0.588235294117647,2.736842105263158,2.736842105263158,0.588235294117647
f2d7a8a64c539fd58467,2.340909090909091,0.9204545454545454,0.9204545454545454,2.340909090909091
b3b761d9c751fb93bca0,1.4375,1.6125,1.6125,1.4375
2d9ca4759d5a3439da3d,0.4705882352941177,2.25,2.25,0.4705882352941177
15578ea0ef051c7ee445,1.4130434782608694,1.0652173913043477,1.0652173913043477,1.4130434782608694
27a4d53d708aaa21513a,0.825,0.5,0.5,0.825
2b3bc44e364d8671002a,0.8068181818181818,1.488095238095238,1.488095238095238,0.8068181818181818
323cf8fa2eb8e0493eed,1.0,1.3043478260869563,1.3043478260869563,1.0
380e84b44eef374bf2c2,2.523809523809524,1.488095238095238,1.488095238095238,2.523809523809524
524c2476bb0784ca469c,1.6195652173913044,2.076923076923077,2.076923076923077,1.6195652173913044
b263fe49817601d4821d,1.7613636363636365,1.1124999999999998,1.1124999999999998,1.7613636363636365
42f5461c66056eae7b04,1.869047619047619,0.5277777777777778,0.5277777777777778,1.869047619047619
01665baaa875a24c3ec3,0.8214285714285714,1.2934782608695652,1.2934782608695652,0.8214285714285714
0777e9d9c7b8c737873b,1.6,1.6547619047619049,1.6547619047619049,1.6
09cf18a01f16b10c6387,2.0869565217391304,0.8586956521739131,0.8586956521739131,2.0869565217391304
1302df00c7515f530067,0.369047619047619,2.202380952380953,2.202380952380953,0.369047619047619
2910afefc8700dfaff7f,0.6904761904761905,1.630952380952381,1.630952380952381,0.6904761904761905
2a8e71ed17864785cecc,0.7727272727272727,1.3125,1.3125,0.7727272727272727
3658ce6285308438a3f5,1.6704545454545454,1.511904761904762,1.511904761904762,1.6704545454545454
3f6780ae0f02ac4be853,1.3095238095238095,2.25,2.25,1.3095238095238095
52569e1786b4f9bc6755,1.431818181818182,1.525,1.525,1.431818181818182
5b466ce002e1940d76bd,1.1547619047619049,2.428571428571429,2.428571428571429,1.1547619047619049
5d6079ac7db416ebd0a9,1.75,1.5625,1.5625,1.75
62acec9081bd573baeb8,1.2954545454545454,1.1521739130434785,1.1521739130434785,1.2954545454545454
62bedc8ce22a67957dfd,0.5113636363636365,0.7840909090909092,0.7840909090909092,0.5113636363636365
789aa247abf9c5f3d5df,0.7596153846153846,1.3369565217391304,1.3369565217391304,0.7596153846153846
85a9a21abd4ed145bd47,0.6190476190476191,1.4047619047619049,1.4047619047619049,0.6190476190476191
8883e89405295c5ff18a,1.2261904761904765,0.875,0.875,1.2261904761904765
9bf834b446b26f456055,0.6363636363636365,1.715909090909091,1.715909090909091,0.6363636363636365
a9b1a80053890c03c67d,0.7142857142857143,1.4166666666666667,1.4166666666666667,0.7142857142857143
b44d9fb20283870d111d,0.5681818181818181,1.6428571428571428,1.6428571428571428,0.5681818181818181
c9511ef558f43249ae17,1.25,2.6625,2.6625,1.25
cbe5feee0587491ed645,1.4523809523809523,1.5357142857142856,1.5357142857142856,1.4523809523809523
d09038116b247c3426d0,1.5,1.119047619047619,1.119047619047619,1.5
d46fdb6a7e18826de644,1.7261904761904765,1.3636363636363635,1.3636363636363635,1.7261904761904765
d4fe980e7171c5f72513,1.809523809523809,0.6875,0.6875,1.809523809523809
d5fe350cc19bad2bf5c1,0.8928571428571429,1.2375,1.2375,0.8928571428571429
ddfb419bf4b365acf2e8,0.7065217391304348,1.8068181818181817,1.8068181818181817,0.7065217391304348
e245be2836fcef45b3fa,1.75,1.5,1.5,1.75
e62f7892da26369077f5,0.7727272727272727,0.4880952380952381,0.4880952380952381,0.7727272727272727
e97d6c9e3f0c4391f5e7,1.6931818181818183,1.273809523809524,1.273809523809524,1.6931818181818183
eaaa9c5c3a6576b9a9ad,-0.0277777777777777,0.9047619047619048,0.9047619047619048,-0.0277777777777777
3b4c0a6df49b429a6057,2.7750000000000004,1.4772727272727273,1.4772727272727273,2.7750000000000004
2e2e92dda175ca4c08c0,2.391304347826087,1.173913043478261,1.173913043478261,2.391304347826087
3f92964234897d6d7753,2.04,1.673913043478261,1.673913043478261,2.04
1a5f263987488196294f,1.5833333333333333,1.6071428571428572,1.6071428571428572,1.5833333333333333
e73c16437a798054e7a6,2.071428571428572,0.4305555555555555,0.4305555555555555,2.071428571428572
316324b4684d2a1a5008,1.6547619047619049,1.2976190476190474,1.2976190476190474,1.6547619047619049
cb6804cb21efb9eadf43,1.4523809523809523,1.7857142857142858,1.7857142857142858,1.4523809523809523
a6e9018fe75429fb14e1,1.3958333333333333,0.4673913043478261,0.4673913043478261,1.3958333333333333
f9dcb93b3a4cd585ea73,1.6304347826086958,1.0,1.0,1.6304347826086958
6142b0f5f93e4fde1658,0.9021739130434784,1.282608695652174,1.282608695652174,0.9021739130434784
0c3861ce261e2ef8a256,1.1458333333333337,0.75,0.75,1.1458333333333337
16e58902c10d12587c81,0.625,1.715909090909091,1.715909090909091,0.625
183314cadeca4a01a15d,1.3571428571428572,0.782608695652174,0.782608695652174,1.3571428571428572
36892b4f27cb241e63da,2.583333333333333,1.7282608695652175,1.7282608695652175,2.583333333333333
3a271a1529b909c2a192,1.7173913043478262,2.427083333333333,2.427083333333333,1.7173913043478262
4575cbe837f41753942b,1.7272727272727273,0.5681818181818181,0.5681818181818181,1.7272727272727273
4d819cce4820a1f442d6,1.1145833333333333,1.3333333333333333,1.3333333333333333,1.1145833333333333
534bd5f1e90da4df4391,1.5978260869565215,0.7738095238095238,0.7738095238095238,1.5978260869565215
55da9edc3b3dd7d1748e,0.880952380952381,0.5326086956521738,0.5326086956521738,0.880952380952381
59c356212b285742017a,1.0454545454545454,0.3977272727272727,0.3977272727272727,1.0454545454545454
5d7eed39588062d8bd08,2.477272727272727,1.8068181818181817,1.8068181818181817,2.477272727272727
5eb20b59e5b54deaf106,1.5357142857142858,1.5869565217391304,1.5869565217391304,1.5357142857142858
5f873d9312f5365e5cee,1.4166666666666667,0.75,0.75,1.4166666666666667
6bafbff40a3cc5d3bba0,1.2613636363636365,0.8152173913043478,0.8152173913043478,1.2613636363636365
7246c9b32ddce3c66223,1.5909090909090908,1.2159090909090908,1.2159090909090908,1.5909090909090908
7d623e120394f11d7732,1.715909090909091,0.782608695652174,0.782608695652174,1.715909090909091
86f095a58f9f1b52a4f5,1.5,0.8181818181818181,0.8181818181818181,1.5
89a3bb053a8a5085c727,2.293478260869565,1.5869565217391306,1.5869565217391306,2.293478260869565
94745d90a68104d4815c,1.107142857142857,1.3369565217391304,1.3369565217391304,1.107142857142857
add2bae75aee9d2202d7,0.5113636363636364,1.2386363636363635,1.2386363636363635,0.5113636363636364
b0219bde307b709a3532,1.2916666666666667,0.7222222222222222,0.7222222222222222,1.2916666666666667
c038f6753ccdfd4d13ae,0.9583333333333334,2.0,2.0,0.9583333333333334
c1a63ba7989453a7e4fb,1.1666666666666663,1.59375,1.59375,1.1666666666666663
c48fba99835e925fce5c,1.3977272727272727,2.3977272727272725,2.3977272727272725,1.3977272727272727
c610c2524298a7af1209,1.2826086956521738,1.641304347826087,1.641304347826087,1.2826086956521738
d9f30e087fddd9a53365,1.2976190476190477,1.6630434782608696,1.6630434782608696,1.2976190476190477
f031ec3cb7e63561cdb6,1.630952380952381,1.511904761904762,1.511904761904762,1.630952380952381
704641ff0a4c51c0d514,2.2976190476190474,1.4166666666666667,1.4166666666666667,2.2976190476190474
c0f3ac0c7a3c569f521a,1.6458333333333337,0.8125,0.8125,1.6458333333333337
f3500334b0ff049d89ca,2.037037037037037,1.9895833333333333,1.9895833333333333,2.037037037037037
29b2bb20f7c9cfa02a4a,1.465909090909091,1.375,1.375,1.465909090909091
79b0d34e6d845eb823e1,1.8522727272727275,1.0795454545454546,1.0795454545454546,1.8522727272727275
38635df1181e1d1b5ea0,1.6700000000000002,1.32,1.32,1.6700000000000002
632b89474b4a66bf8481,1.7386363636363635,1.6022727272727273,1.6022727272727273,1.7386363636363635
6e1cd0026c734c843167,0.7916666666666667,0.4239130434782609,0.4239130434782609,0.7916666666666667
9b146e2ae8183279d2b7,0.7717391304347827,0.5217391304347826,0.5217391304347826,0.7717391304347827
b51d9591993fa583d6f1,1.962962962962963,1.6875,1.6875,1.962962962962963
cbd0cc985dc13ef7f403,0.4895833333333333,0.96,0.96,0.4895833333333333
f8b905a78f3076e351fa,0.9166666666666666,1.7173913043478262,1.7173913043478262,0.9166666666666666
8ce3916abae009a1013f,1.5208333333333337,1.565217391304348,1.565217391304348,1.5208333333333337
099473df946e5c1c4423,1.14,1.37,1.37,1.14
0d0eea47147ac76c7734,0.5326086956521738,1.576086956521739,1.576086956521739,0.5326086956521738
1d094883541014915dc7,0.4736842105263157,1.5795454545454544,1.5795454545454544,0.4736842105263157
38fef076bf1bdfd347d6,0.6309523809523809,1.431818181818182,1.431818181818182,0.6309523809523809
409ce76ac942bdf86dce,2.5113636363636367,1.2386363636363638,1.2386363636363638,2.5113636363636367
554a3fbfa0e3188166a9,1.8043478260869563,1.568181818181818,1.568181818181818,1.8043478260869563
5d7d353cfcbbdd8f051c,1.5909090909090908,1.6979166666666663,1.6979166666666663,1.5909090909090908
5f44d243dfd631be485f,1.7934782608695652,1.6136363636363635,1.6136363636363635,1.7934782608695652
62aad877484030e55e9c,1.05,1.38,1.38,1.05
6a8b1ecca2042ca27de7,0.7272727272727273,1.65625,1.65625,0.7272727272727273
6f5c7fb6dc7faf20a590,1.2045454545454546,2.147727272727273,2.147727272727273,1.2045454545454546
795afe126d9ca4e670a9,1.2282608695652175,2.434782608695652,2.434782608695652,1.2282608695652175
79ab5d1dc4e8a43536cc,1.21875,1.42,1.42,1.21875
7ddb66e09f53febe0583,1.6145833333333333,1.7291666666666667,1.7291666666666667,1.6145833333333333
87832d10aa410db5f3e2,1.0,1.1,1.1,1.0
8797871b303b5c620a76,1.0434782608695652,2.1875,2.1875,1.0434782608695652
8e196d7484bb4ee1c799,0.5869565217391305,0.8181818181818181,0.8181818181818181,0.5869565217391305
9037a3e7290b358b99c6,0.7291666666666666,1.2065217391304348,1.2065217391304348,0.7291666666666666
94ea687fd6cca9704e50,0.7604166666666666,1.7100000000000002,1.7100000000000002,0.7604166666666666
97f7fef11af5b575858b,2.37,0.77,0.77,2.37
ac6e69d972bee10d60fc,1.9553571428571428,1.5416666666666667,1.5416666666666667,1.9553571428571428
cc27ca6cac231758362d,0.8863636363636364,1.1956521739130437,1.1956521739130437,0.8863636363636364
cd1faffda196dc1a3e14,1.9545454545454544,1.0113636363636362,1.0113636363636362,1.9545454545454544
dcc1c6e1be926a5706f5,1.5454545454545454,1.326086956521739,1.326086956521739,1.5454545454545454
ee95f19b59b3150cd96e,1.3295454545454546,-0.0394736842105263,-0.0394736842105263,1.3295454545454546
f409aef6042e0839453f,1.3409090909090908,1.2708333333333337,1.2708333333333337,1.3409090909090908
fd70fa5ff7d2314c4847,1.358695652173913,1.943181818181818,1.943181818181818,1.358695652173913
017bde626c3b174e3c43,2.352272727272727,1.556818181818182,1.556818181818182,2.352272727272727
eb27af0acfd4629c154c,0.5921052631578947,1.5113636363636365,1.5113636363636365,0.5921052631578947
b321a5605c58f7b29521,1.5652173913043477,1.7826086956521738,1.7826086956521738,1.5652173913043477
dbf5f5e36ec443874e70,0.8913043478260869,2.04,2.04,0.8913043478260869
6561136d550dbe976a8b,1.2159090909090908,2.845238095238096,2.845238095238096,1.2159090909090908
068e1c5c99c263fc54c0,0.6875,1.1,1.1,0.6875
111d389fd03ea75cab0a,1.886363636363636,0.7045454545454546,0.7045454545454546,1.886363636363636
3018b5f74ce12816fc8d,2.097826086956522,2.375,2.375,2.097826086956522
2aa87ffd0aa3c9f617d1,0.9239130434782608,2.510869565217391,2.510869565217391,0.9239130434782608
fbb1b185026aab2e2ddc,1.6195652173913044,1.1956521739130437,1.1956521739130437,1.6195652173913044
fdf4789a62b3dd121857,1.8645833333333333,0.86,0.86,1.8645833333333333
2dedcd3ff1312e273e0c,2.0217391304347827,1.4565217391304348,1.4565217391304348,2.0217391304347827
a23141fa8fac5452a334,1.5108695652173911,1.9130434782608696,1.9130434782608696,1.5108695652173911
e4efe03bf33bcba3f037,1.4891304347826086,1.2708333333333333,1.2708333333333333,1.4891304347826086
14aa8d3b11863d770fc6,1.0,0.51,0.51,1.0
5760037b45afc80dbab4,1.47,0.77,0.77,1.47
e91027b02efb28f972a9,2.7613636363636367,1.9673913043478264,1.9673913043478264,2.7613636363636367
16b33f1e6a144da45197,0.6413043478260869,1.8043478260869563,1.8043478260869563,0.6413043478260869
25d03ca464b428d3925d,1.0108695652173911,0.4374999999999999,0.4374999999999999,1.0108695652173911
e6180b5e52a2d2d49a55,1.6521739130434785,0.5909090909090908,0.5909090909090908,1.6521739130434785
30ca867a23454708c47b,0.84375,1.61,1.61,0.84375
b6643f8582b0d0722a7e,1.5217391304347827,2.2934782608695654,2.2934782608695654,1.5217391304347827
51e6516c1197b0f56c23,1.5326086956521738,0.6125,0.6125,1.5326086956521738
a5914fc259b4b456fcdf,2.23,0.5,0.5,2.23
fa9b5db7963a434594b6,-0.1,1.2065217391304348,1.2065217391304348,-0.1
c7e108d0f28eb02662b2,1.2708333333333337,0.84,0.84,1.2708333333333337
2fe79f6e34b5be3fdcb7,2.0865384615384617,2.008928571428572,2.008928571428572,2.0865384615384617
494ad7abcf0a58920479,1.1826923076923077,0.5288461538461539,0.5288461538461539,1.1826923076923077
68f5fa82a9a576f9581a,1.65,1.2826086956521738,1.2826086956521738,1.65
7ae7cfdb7c38023fef5d,1.3076923076923077,0.778846153846154,0.778846153846154,1.3076923076923077
b5d55071893ae779e1e5,0.7788461538461539,1.21,1.21,0.7788461538461539
b7255c4b8c3f58af55ec,1.4895833333333333,1.8854166666666663,1.8854166666666663,1.4895833333333333
bd76a10c67deb44b8c83,1.6458333333333337,0.9895833333333334,0.9895833333333334,1.6458333333333337
db8f85446d93dad7179e,2.145833333333333,1.21875,1.21875,2.145833333333333
e04e22a6abd9b593ab20,1.6458333333333333,0.5520833333333334,0.5520833333333334,1.6458333333333333
81778c4d9a77a5651988,1.26,0.89,0.89,1.26
046723025d859d126ad4,1.6923076923076923,1.0,1.0,1.6923076923076923
07b16207b7c0732ee25f,1.5434782608695652,1.2916666666666667,1.2916666666666667,1.5434782608695652
0bc76ba8e3a017b09947,1.4519230769230769,1.0,1.0,1.4519230769230769
23a011a408b9f188f322,1.1145833333333337,1.35,1.35,1.1145833333333337
277107683ebd9455a7b4,1.6826923076923077,0.78,0.78,1.6826923076923077
32b048bd54c619c4a2bc,0.3958333333333333,0.6630434782608695,0.6630434782608695,0.3958333333333333
3f694d6bad292ca182cc,0.8437500000000001,1.9130434782608696,1.9130434782608696,0.8437500000000001
45fb63850a1b000b44ba,1.1354166666666667,0.8653846153846154,0.8653846153846154,1.1354166666666667
46b97cdc3042886a872b,1.83,0.65625,0.65625,1.83
56275e96d046e4206a8b,2.6847826086956523,1.4375,1.4375,2.6847826086956523
64af208f480fdb3ba7c8,1.74,0.8750000000000001,0.8750000000000001,1.74
737047eebe4b1ce928ec,1.4519230769230769,1.0865384615384617,1.0865384615384617,1.4519230769230769
76b22cdef83768c00e62,1.1521739130434785,1.326086956521739,1.326086956521739,1.1521739130434785
8076964421e187269110,2.27,1.6630434782608696,1.6630434782608696,2.27
8bc1bb528a64be92853a,1.0217391304347825,1.68,1.68,1.0217391304347825
8bc53c048f9fc5a80784,0.4895833333333333,1.53125,1.53125,0.4895833333333333
95b7c7e8b1961dabf81d,1.125,1.46875,1.46875,1.125
9c8fe6d4175cc0a4487b,1.4166666666666667,0.3928571428571428,0.3928571428571428,1.4166666666666667
9f3a88abd1cd2bfe81f9,1.4423076923076923,2.0,2.0,1.4423076923076923
a5ec4f58f1955f9a291f,1.62,1.7708333333333333,1.7708333333333333,1.62
a633c699b6b1c4dc423e,1.5104166666666667,1.44,1.44,1.5104166666666667
a9e0c07d98756cee51ca,1.5326086956521738,2.5729166666666665,2.5729166666666665,1.5326086956521738
aaecc72eb67e0be20c8e,1.2272727272727273,1.8541666666666667,1.8541666666666667,1.2272727272727273
d42647ba85adf540ed65,1.096153846153846,0.6551724137931034,0.6551724137931034,1.096153846153846
e3ef797098a991e96d06,1.7916666666666667,1.0,1.0,1.7916666666666667
f296944f3ab72de85d6b,0.9615384615384616,1.6442307692307694,1.6442307692307694,0.9615384615384616
f79b5c39e7642ed767cc,1.2604166666666667,2.565217391304348,2.565217391304348,1.2604166666666667
35df6b23d999093cb670,1.71875,2.333333333333333,2.333333333333333,1.71875
cf919f43985f2c5bab84,1.403846153846154,2.317307692307692,2.317307692307692,1.403846153846154
e3eef2b02ee98c293828,-0.119047619047619,1.9270833333333333,1.9270833333333333,-0.119047619047619
e945b3a8575140585158,1.4479166666666667,0.5543478260869565,0.5543478260869565,1.4479166666666667
eaf5d46e2749a4a8904b,1.6145833333333337,1.3020833333333333,1.3020833333333333,1.6145833333333337
359d3907bba3968d715d,1.9791666666666663,0.5595238095238095,0.5595238095238095,1.9791666666666663
cbccf586a2c1aecd35ee,0.5833333333333333,1.875,1.875,0.5833333333333333
035d336c88c793529852,2.05,1.2314814814814816,1.2314814814814816,2.05
039f74c97c94e01ba7fd,0.42,1.2395833333333333,1.2395833333333333,0.42
296599df382ab4807169,1.2592592592592593,0.8703703703703703,0.8703703703703703,1.2592592592592593
2d23f84ad4a32a455807,1.21,0.9423076923076924,0.9423076923076924,1.21
2f6f9545e8df848ed675,1.2,0.99,0.99,1.2
39717fc6dd83712b1942,1.4479166666666667,1.3260869565217392,1.3260869565217392,1.4479166666666667
52f0468e80a3518fa5d9,0.6666666666666667,1.0833333333333333,1.0833333333333333,0.6666666666666667
880b84a581ebae995d2e,1.6203703703703705,1.6111111111111112,1.6111111111111112,1.6203703703703705
9f65af6c0d454f3cf625,2.0462962962962963,0.9444444444444444,0.9444444444444444,2.0462962962962963
a2094c0f3d2b18bf770a,1.1666666666666663,1.6203703703703705,1.6203703703703705,1.1666666666666663
a7a6f95b147a7f5ef9e5,1.0925925925925926,1.527777777777778,1.527777777777778,1.0925925925925926
b570feb1158b62024bf1,1.4583333333333337,1.51,1.51,1.4583333333333337
452636e93f318eb9670b,0.8888888888888888,1.1538461538461535,1.1538461538461535,0.8888888888888888
160c6b2d92a6d7f42b1c,0.9629629629629628,0.875,0.875,0.9629629629629628
927193c1765821c33f52,1.388888888888889,1.3240740740740742,1.3240740740740742,1.388888888888889
f53df6e20e3ffc03e7d2,1.3703703703703702,2.3703703703703702,2.3703703703703702,1.3703703703703702
769b66e85591d245e86b,1.9741379310344829,0.5,0.5,1.9741379310344829
8d56b66ddb30c1ed8d62,2.59375,2.1346153846153846,2.1346153846153846,2.59375
cdf3f035a4aca6a3f6e0,0.9629629629629628,0.96875,0.96875,0.9629629629629628
913d4c57d82b39407ab9,0.8303571428571429,2.088709677419355,2.088709677419355,0.8303571428571429
0118274b041ab440ac52,1.1607142857142858,0.9107142857142856,0.9107142857142856,1.1607142857142858
40e4a5bb5219cb79c146,1.4423076923076923,2.1,2.1,1.4423076923076923
61a5461de983bad38841,1.9791666666666667,1.38,1.38,1.9791666666666667
79144e20a7aedaf42d28,1.1785714285714284,1.3035714285714286,1.3035714285714286,1.1785714285714284
df0dcf67a2e69f140069,2.61,1.71,1.71,2.61
e0dcc51c203f249de250,1.148148148148148,0.6370967741935485,0.6370967741935485,1.148148148148148
e69929dacba8cc51997c,1.5833333333333337,0.51,0.51,1.5833333333333337
02c861efadcef212e418,0.9017857142857144,0.8928571428571429,0.8928571428571429,0.9017857142857144
042a80cfd94f3c3b1dda,0.9903846153846154,1.3365384615384617,1.3365384615384617,0.9903846153846154
080e73c874e42e760c9f,0.52,1.40625,1.40625,0.52
09081a968bd3d9d0b177,0.9444444444444444,1.7115384615384617,1.7115384615384617,0.9444444444444444
1df09abc92d3de82c540,0.6666666666666667,1.6900000000000002,1.6900000000000002,0.6666666666666667
2139cf9c55f4fe51f9db,1.98,1.58,1.58,1.98
2e0fe0566af10cb5f045,0.6770833333333334,1.6923076923076923,1.6923076923076923,0.6770833333333334
34f79bdfa882f863727a,1.7799999999999998,-0.125,-0.125,1.7799999999999998
4e977a2beaa5c39c65c8,2.28,0.54,0.54,2.28
4ea74915bed8bd504f79,0.6100000000000001,1.53,1.53,0.6100000000000001
5999ee4068dfea7ff95c,0.9270833333333334,1.8846153846153848,1.8846153846153848,0.9270833333333334
6c848885ee343f8445b8,1.68,1.62,1.62,1.68
74081e4aaf9723dd6c5f,0.4375,2.0892857142857144,2.0892857142857144,0.4375
7c496feadbd2e21c3db1,1.6785714285714286,1.169642857142857,1.169642857142857,1.6785714285714286
7d8e7f3127d8c2f58d73,1.76,1.2,1.2,1.76
851b32554a759bed2f35,1.4,1.87,1.87,1.4
85d57fa17ba931b27249,0.8461538461538461,2.307692307692308,2.307692307692308,0.8461538461538461
887235e7ce78f163822e,0.4659090909090909,2.71875,2.71875,0.4659090909090909
88960f17411743236ec8,1.2604166666666667,1.653846153846154,1.653846153846154,1.2604166666666667
9431f7ed5eff7c51eb1a,1.423076923076923,1.07,1.07,1.423076923076923
9ad8b14c8730c91c18c5,1.21875,0.79,0.79,1.21875
9d8a7caf6cd70485f399,1.5446428571428572,1.375,1.375,1.5446428571428572
9efe629b08c0c9eb50c0,0.98,1.18,1.18,0.98
c14d88a17845672c5bd9,1.7403846153846154,1.49,1.49,1.7403846153846154
cda91fbff788b3c63e77,1.38,0.5288461538461539,0.5288461538461539,1.38
dab0ba389fdc18ddcdcf,1.4642857142857142,1.25,1.25,1.4642857142857142
e357897a3f3ac2a03507,1.21,1.1923076923076923,1.1923076923076923,1.21
ed007b2fbf077ebdb4ad,1.3125,1.330357142857143,1.330357142857143,1.3125
f824399329cd9895a2bc,0.9722222222222224,1.544642857142857,1.544642857142857,0.9722222222222224
fcb7d771e01e2579b5b9,0.6200000000000001,1.2019230769230769,1.2019230769230769,0.6200000000000001
3ceed70c70639da0ea89,1.94,2.08,2.08,1.94
1a3b96e7accd45dad0c5,0.3522727272727272,1.38,1.38,0.3522727272727272
5fc68ea982239627b78b,1.36,1.21,1.21,1.36
fe424dab0700ff51309a,1.2788461538461535,1.69,1.69,1.2788461538461535
b72d3a83eb15a7408967,1.23,1.5,1.5,1.23
63e2db859f781aa53694,2.4107142857142856,2.05,2.05,2.4107142857142856
0c4f05a610a08ab589d4,1.2232142857142856,0.9017857142857144,0.9017857142857144,1.2232142857142856
12bdb1c55f1100815d05,1.6923076923076923,1.1296296296296295,1.1296296296296295,1.6923076923076923
18df911407231f6a0ef2,1.2692307692307692,0.9166666666666666,0.9166666666666666,1.2692307692307692
4c174b8fbd9c992a4bdf,0.92,1.6826923076923077,1.6826923076923077,0.92
4f6b31c1cfc853b064d5,2.480769230769231,1.34,1.34,2.480769230769231
50291002d4541b1772cc,1.21,1.3425925925925926,1.3425925925925926,1.21
5606995a61a4bc980300,0.7980769230769231,1.0446428571428572,1.0446428571428572,0.7980769230769231
5e5c01c79d46a61f7cb6,0.576923076923077,1.759259259259259,1.759259259259259,0.576923076923077
5ec76a7e0b244eb6c182,1.278846153846154,1.02,1.02,1.278846153846154
63202512911cf91ac249,0.923076923076923,1.5961538461538465,1.5961538461538465,0.923076923076923
694f7247d74a5f762809,1.5833333333333333,2.2592592592592595,2.2592592592592595,1.5833333333333333
6b9858a70acf4116261e,0.8518518518518519,1.5092592592592593,1.5092592592592593,0.8518518518518519
82e03725adc90d34a705,1.2980769230769231,1.4351851851851851,1.4351851851851851,1.2980769230769231
9986428fd0be24f61b1f,0.5865384615384616,1.7884615384615383,1.7884615384615383,0.5865384615384616
9a09c31363a22c8c8e6b,0.6153846153846154,1.3076923076923077,1.3076923076923077,0.6153846153846154
9cc76479caf334453036,1.3846153846153848,1.471153846153846,1.471153846153846,1.3846153846153848
c981b77aa14da6e0aa67,1.596153846153846,0.6388888888888888,0.6388888888888888,1.596153846153846
d8502511c82d994d9a3b,0.625,1.8365384615384612,1.8365384615384612,0.625
dea1336d67d1dfefdf39,0.9017857142857144,1.3653846153846154,1.3653846153846154,0.9017857142857144
e87fac93423e92725bfc,1.34,2.092592592592593,2.092592592592593,1.34
ea0b855dcaf9e73c6ec4,0.63,1.51,1.51,0.63
ed9fdde1d2ca1e538554,1.94,1.805555555555556,1.805555555555556,1.94
6238a9707b0f321dd607,2.53,2.0096153846153846,2.0096153846153846,2.53
b61fa3099c75f7125253,1.7685185185185186,1.1730769230769231,1.1730769230769231,1.7685185185185186
ea365b41855083dce285,1.2413793103448276,1.4827586206896552,1.4827586206896552,1.2413793103448276
17ed5acf640cc7469263,1.396551724137931,1.4051724137931034,1.4051724137931034,1.396551724137931
3c28504b8a84deaf31fb,1.5555555555555556,1.2685185185185186,1.2685185185185186,1.5555555555555556
5d2b0d6249f6d81336ad,1.4396551724137931,1.1551724137931034,1.1551724137931034,1.4396551724137931
5fbb12d91f52f9a3a0c2,1.629310344827586,0.4568965517241379,0.4568965517241379,1.629310344827586
9ca20f04acaa13f304da,1.0535714285714286,1.4134615384615383,1.4134615384615383,1.0535714285714286
acb61e8a112acdf4e3cf,0.7321428571428571,1.5178571428571428,1.5178571428571428,0.7321428571428571
b42f4ff79c597195e5d5,1.6153846153846154,1.8557692307692308,1.8557692307692308,1.6153846153846154
c52db2efb60489a879f4,1.8888888888888888,1.201923076923077,1.201923076923077,1.8888888888888888
0173ae0ebab96f0f7c6c,1.4326923076923077,1.8461538461538465,1.8461538461538465,1.4326923076923077
032b40636f354c6cb268,1.1111111111111112,0.9230769230769232,0.9230769230769232,1.1111111111111112
0e26d179270514b15ea3,1.0192307692307692,1.712962962962963,1.712962962962963,1.0192307692307692
0f94c1eaf2f79a4e3eaf,1.6666666666666663,1.3796296296296298,1.3796296296296298,1.6666666666666663
21adbdd60982f7badca8,2.294642857142857,0.5833333333333334,0.5833333333333334,2.294642857142857
3378b06f4679eb93e4e2,1.9259259259259256,0.8035714285714286,0.8035714285714286,1.9259259259259256
34aed6c822d4673cf83b,1.3660714285714286,1.212962962962963,1.212962962962963,1.3660714285714286
3a4bd4b474bae16c36ee,0.9137931034482758,0.9310344827586208,0.9310344827586208,0.9137931034482758
3c9c933cc4a49a31ded4,1.4351851851851851,1.8303571428571428,1.8303571428571428,1.4351851851851851
41fc05f031430bda8482,1.3303571428571428,1.3055555555555556,1.3055555555555556,1.3303571428571428
4d6006763ac37d0e8932,1.129310344827586,0.5925925925925926,0.5925925925925926,1.129310344827586
551f704a86dc7deeb6f8,2.76,1.6826923076923077,1.6826923076923077,2.76
673513f7ff8390f39f58,1.5803571428571428,1.527777777777778,1.527777777777778,1.5803571428571428
6a9a3e5965b65f1101f2,2.0,0.8620689655172413,0.8620689655172413,2.0
81ce0e1ff5b643d85f4a,2.0161290322580645,0.8620689655172413,0.8620689655172413,2.0161290322580645
8357c18ddb64d72c108b,1.4230769230769231,0.5555555555555556,0.5555555555555556,1.4230769230769231
89969465a849df850e1f,-0.1413043478260869,0.4130434782608695,0.4130434782608695,-0.1413043478260869
8aebc45fe9e60bf7570e,2.008928571428572,0.7307692307692308,0.7307692307692308,2.008928571428572
8de714c3045296b353cb,0.9741379310344828,2.362068965517241,2.362068965517241,0.9741379310344828
94329cc31a1fa50dd7b5,1.3189655172413792,1.103448275862069,1.103448275862069,1.3189655172413792
bb6f721ecd9bdcfc3035,1.7767857142857144,0.8620689655172413,0.8620689655172413,1.7767857142857144
c4e82cd59d1e2977eb3d,1.8425925925925928,1.903846153846154,1.903846153846154,1.8425925925925928
c6422f0842fdf23a2879,0.609375,1.3879310344827585,1.3879310344827585,0.609375
c85b72d798b685a4d82c,1.6574074074074074,2.3703703703703707,2.3703703703703707,1.6574074074074074
cb1e01cb4522e73ba3b2,0.4782608695652173,0.77,0.77,0.4782608695652173
e0095939ca8a44a589e8,1.8125,1.7777777777777777,1.7777777777777777,1.8125
e6904465a510967c352c,1.277777777777778,0.75,0.75,1.277777777777778
edae2ed9ac323d83b7f4,1.4423076923076923,0.5462962962962963,0.5462962962962963,1.4423076923076923
edb7d2d9e5739e70c373,1.2672413793103448,1.293103448275862,1.293103448275862,1.2672413793103448
edf0207ac313d40bacfd,1.3796296296296298,2.5576923076923075,2.5576923076923075,1.3796296296296298
fd0254a3021b0c9dab89,1.6634615384615383,0.5096153846153846,0.5096153846153846,1.6634615384615383
a5d07c2e3cbc7797bbff,1.3173076923076923,1.4326923076923077,1.4326923076923077,1.3173076923076923
d7ee4e4c8fcd31e73d74,1.1538461538461535,1.3076923076923077,1.3076923076923077,1.1538461538461535
2396e826592db1ae9436,1.0,0.8703703703703703,0.8703703703703703,1.0
ef0ea214ddd736e44a05,2.1346153846153846,2.3173076923076925,2.3173076923076925,2.1346153846153846
5aab3f639ba3c0669a09,2.0517241379310347,1.612068965517241,1.612068965517241,2.0517241379310347
67b6afc20ff4ed337ef4,1.2685185185185186,1.8461538461538465,1.8461538461538465,1.2685185185185186
4757615d06baec97411c,1.2410714285714286,1.6339285714285714,1.6339285714285714,1.2410714285714286
5f0b4861f323a5743367,0.6607142857142857,1.0092592592592593,1.0092592592592593,0.6607142857142857
7e7c1bd88b3ca58e2b34,1.5416666666666667,1.2166666666666666,1.2166666666666666,1.5416666666666667
bbf3a62013c96e86462d,1.15,1.984375,1.984375,1.15
d31c285c01175392664f,2.441666666666667,1.3916666666666666,1.3916666666666666,2.441666666666667
6c4b807d1dde6f6a46b6,1.8793103448275863,1.4910714285714286,1.4910714285714286,1.8793103448275863
cf8e41360fb918a3a3e6,0.8879310344827587,1.3796296296296298,1.3796296296296298,0.8879310344827587
019297adcb72c6b25375,1.5,1.862068965517241,1.862068965517241,1.5
8998b078a523644ffdac,1.5,1.6428571428571428,1.6428571428571428,1.5
99c699df2e8a3aa17e2f,1.35,2.091666666666667,2.091666666666667,1.35
9f94419477e38b6bfecc,1.375,1.5666666666666669,1.5666666666666669,1.375
dd24d530ea3c9959c6c9,0.8666666666666667,1.7678571428571428,1.7678571428571428,0.8666666666666667
dd751cb7ed3eb0404328,1.7678571428571428,1.225,1.225,1.7678571428571428
1223857b4c670e36bbe9,0.5982142857142857,1.353448275862069,1.353448275862069,0.5982142857142857
1abbdc3ec34c71c433fb,0.8250000000000001,1.4583333333333333,1.4583333333333333,0.8250000000000001
403e0dfe02319a487d4d,0.6428571428571428,1.3214285714285714,1.3214285714285714,0.6428571428571428
43da13ed0f5a08aadafe,0.5357142857142857,1.4051724137931034,1.4051724137931034,0.5357142857142857
45ce57170352ab174ba0,0.7053571428571429,1.612068965517241,1.612068965517241,0.7053571428571429
4c2dc7e8a58c344691f9,1.3660714285714286,0.7413793103448275,0.7413793103448275,1.3660714285714286
54863c5b86db688cc633,0.6944444444444444,1.5172413793103448,1.5172413793103448,0.6944444444444444
59debf91cc6c96822619,1.5892857142857142,1.8482142857142856,1.8482142857142856,1.5892857142857142
82aa9ef68968b093948c,1.0892857142857144,1.75,1.75,1.0892857142857144
87aa671e7f9063119baa,1.2327586206896552,1.375,1.375,1.2327586206896552
b281a7df5d78678f4960,1.953703703703704,0.9722222222222224,0.9722222222222224,1.953703703703704
cb6559120d53e975c4b1,2.321428571428572,1.3571428571428572,1.3571428571428572,2.321428571428572
e291d64d3fc2fddc657b,1.3392857142857144,1.351851851851852,1.351851851851852,1.3392857142857144
ec2a4bb36ea678a3082c,1.148148148148148,1.0625,1.0625,1.148148148148148
ef8e79c44d2b5c5ae5df,0.6293103448275863,1.9375,1.9375,0.6293103448275863
ffa9cfd1671d053b7a5b,0.8666666666666667,2.037878787878788,2.037878787878788,0.8666666666666667
d9839abe57e3a7aac041,1.05,1.4249999999999998,1.4249999999999998,1.05
0e0a52fd10480e38d563,0.6120689655172414,2.583333333333333,2.583333333333333,0.6120689655172414
145543268280f996daa6,1.3214285714285714,1.7053571428571428,1.7053571428571428,1.3214285714285714
1646865737d2d6c35e5a,1.4285714285714286,0.6637931034482759,0.6637931034482759,1.4285714285714286
1bbaa6f11c2595862338,0.9732142857142856,1.8189655172413792,1.8189655172413792,0.9732142857142856
392d18010e0903762813,1.1048387096774197,0.8306451612903225,0.8306451612903225,1.1048387096774197
3a2fc8d4d0ec9b7384f3,0.8833333333333334,0.8306451612903226,0.8306451612903226,0.8833333333333334
3c5e400106dc43d13019,1.282258064516129,1.3306451612903225,1.3306451612903225,1.282258064516129
3c7cadc85e4becc17c23,1.3189655172413792,1.1551724137931034,1.1551724137931034,1.3189655172413792
43afc2458f9447245ccb,1.0803571428571428,2.232758620689655,2.232758620689655,1.0803571428571428
60b02e68047773008b24,1.9083333333333328,0.9642857142857144,0.9642857142857144,1.9083333333333328
63a8fe62728556166a31,2.475806451612903,1.3387096774193548,1.3387096774193548,2.475806451612903
700ca25878ac4cf51c31,1.6666666666666667,1.9196428571428568,1.9196428571428568,1.6666666666666667
7191ebd5d10a71c0d5bd,0.5086206896551724,1.1810344827586208,1.1810344827586208,0.5086206896551724
88a5e2b6f74b437683b8,1.267241379310345,1.353448275862069,1.353448275862069,1.267241379310345
96495a6a4784c9dc9c7e,0.9482758620689656,1.706896551724138,1.706896551724138,0.9482758620689656
f9f3ea5f6d79aee6ca14,1.4285714285714286,0.6607142857142857,0.6607142857142857,1.4285714285714286
6c57115e61d79ef3cbf4,0.7327586206896552,1.5689655172413792,1.5689655172413792,0.7327586206896552
8aaa1619a7147082326c,1.1916666666666669,1.4435483870967742,1.4435483870967742,1.1916666666666669
a33184783ff1626c01ec,2.7884615384615383,0.8942307692307693,0.8942307692307693,2.7884615384615383
063060c5a252095218b5,1.3225806451612905,1.120967741935484,1.120967741935484,1.3225806451612905
643af3d3befc65191859,0.6212121212121213,2.056451612903226,2.056451612903226,0.6212121212121213
b03c6f51fb6475b80992,1.3583333333333332,0.55,0.55,1.3583333333333332
c28843f5c6642fa48b0b,0.8916666666666667,2.0227272727272725,2.0227272727272725,0.8916666666666667
ea2bd049abe175c5d859,0.9916666666666668,1.3709677419354838,1.3709677419354838,0.9916666666666668
0c19a35d3b8422d6bb34,1.4838709677419355,1.6209677419354838,1.6209677419354838,1.4838709677419355
0f7de03c9b8a437264bd,1.5499999999999998,2.073529411764706,2.073529411764706,1.5499999999999998
3002c97802b478186e1c,1.991379310344828,1.7413793103448276,1.7413793103448276,1.991379310344828
5a3f932ee1393b86dd68,1.898148148148148,1.4907407407407407,1.4907407407407407,1.898148148148148
9fb4265317229ad655b3,0.8359375,1.234375,1.234375,0.8359375
02df4a1da018d3dd5764,2.0517241379310347,0.9666666666666668,0.9666666666666668,2.0517241379310347
070d2c0aaf29b17044e4,2.3796296296296298,0.4166666666666667,0.4166666666666667,2.3796296296296298
2102a81bab4ae5b446ad,1.4375,0.8467741935483871,0.8467741935483871,1.4375
23fd8c930c4bca93a5cf,1.675,1.9827586206896552,1.9827586206896552,1.675
484ecfb06312fb9720ba,0.90625,1.1015625,1.1015625,0.90625
53c1bd0257e72311d07b,1.4666666666666666,1.7916666666666667,1.7916666666666667,1.4666666666666666
7216d9358760264e3159,0.9913793103448276,0.5583333333333333,0.5583333333333333,0.9913793103448276
a8adf621ccdca3c606ed,2.0661764705882355,1.2580645161290325,1.2580645161290325,2.0661764705882355
11b32f126b5ebe1e82ff,0.9083333333333332,1.3620689655172415,1.3620689655172415,0.9083333333333332
13a8a336cfdfb5fa3747,1.2583333333333333,1.55,1.55,1.2583333333333333
1eb7f7c1c9a2cb26e346,1.390625,0.846774193548387,0.846774193548387,1.390625
2425b5228eacdcbf9519,0.6612903225806451,1.546875,1.546875,0.6612903225806451
2d4efb3b5524335681b3,0.3854166666666666,1.5833333333333333,1.5833333333333333,0.3854166666666666
2dcc79aa5f482de56f91,2.1142857142857143,0.588235294117647,0.588235294117647,2.1142857142857143
30956d4ce64e57ae620f,1.265625,1.4838709677419355,1.4838709677419355,1.265625
3ecbf0dd9e9b1ff1bb4f,1.3416666666666666,1.7758620689655171,1.7758620689655171,1.3416666666666666
3f048c103733ad70d7d0,1.601851851851852,0.0,0.0,1.601851851851852
43185c5dcc02dda3766e,0.75,0.9655172413793104,0.9655172413793104,0.75
497a1d847c0e39e28390,1.4224137931034484,0.4833333333333333,0.4833333333333333,1.4224137931034484
4b99b4d6e2a5efbef4f3,1.8189655172413797,1.4416666666666669,1.4416666666666669,1.8189655172413797
4e71fe9abeca013bd568,1.078125,0.943548387096774,0.943548387096774,1.078125
5376a218e9609a3f8583,1.225,1.2758620689655171,1.2758620689655171,1.225
62b4bf36b6c21fef34af,1.5887096774193548,1.0775862068965518,1.0775862068965518,1.5887096774193548
66e04e8ee48af26951b0,1.7685185185185184,2.0185185185185186,2.0185185185185186,1.7685185185185184
772ae885c9f2dbbacc1a,1.879032258064516,1.2053571428571428,1.2053571428571428,1.879032258064516
77a30eaef6169ee1c71f,1.2666666666666666,0.675,0.675,1.2666666666666666
8cacbbe5fa80bd47090c,1.962962962962963,1.5,1.5,1.962962962962963
adf9e7c9188c675bcde6,1.25,1.3416666666666666,1.3416666666666666,1.25
b4ff94e6b1ef9b1889d8,1.5546875,1.282258064516129,1.282258064516129,1.5546875
b501ddf73d0be3c83de8,1.390625,1.3828125,1.3828125,1.390625
b704bc44b941697900c2,1.5689655172413792,2.191666666666667,2.191666666666667,1.5689655172413792
c9e5efa0b4afc0f54fff,1.217741935483871,0.8306451612903226,0.8306451612903226,1.217741935483871
d9a5c8c881f77c6a211f,1.413793103448276,1.3,1.3,1.413793103448276
e1a853808067756d7f16,2.25,0.7586206896551724,0.7586206896551724,2.25
e5f5042b1743a4d15e78,0.9310344827586208,0.5916666666666668,0.5916666666666668,0.9310344827586208
e6d7ecd0ec4d76af4cfb,1.575,0.7416666666666667,0.7416666666666667,1.575
eadc6ebedb0003a2e6bd,1.361111111111111,1.2142857142857142,1.2142857142857142,1.361111111111111
eb76aeb579c12435172a,1.7583333333333333,2.633928571428572,2.633928571428572,1.7583333333333333
fd15111696c7ad6f085b,1.8666666666666667,1.25,1.25,1.8666666666666667
7e579ff73afb55d32e6d,0.8981481481481481,1.2407407407407407,1.2407407407407407,0.8981481481481481
83de72bf9d5827a65026,0.6203703703703703,2.7222222222222223,2.7222222222222223,0.6203703703703703
6d6fea6d42b9a22da8de,1.2407407407407407,1.398148148148148,1.398148148148148,1.2407407407407407
a2b17a2095cba6b3f696,2.1015625,2.5234375,2.5234375,2.1015625
3cfdf5f27ea04b313c89,1.2903225806451613,1.2416666666666667,1.2416666666666667,1.2903225806451613
9cca4287bd1142cea4fd,1.05,2.208333333333333,2.208333333333333,1.05
a9466d691db3bdd69c71,1.8666666666666667,0.7096774193548387,0.7096774193548387,1.8666666666666667
ac303e1f903fa42fb93e,2.025,1.3583333333333332,1.3583333333333332,2.025
bf4c78e7e646d45c5288,1.2734375,1.25,1.25,1.2734375
d6a935b67f1f0af3fbc1,1.4083333333333334,1.9166666666666663,1.9166666666666663,1.4083333333333334
d75530628cd9de002697,1.1465517241379308,0.7666666666666667,0.7666666666666667,1.1465517241379308
dfd731bedfe6a3d721e2,0.7096774193548387,1.35,1.35,0.7096774193548387
e945ace28cde43218ffa,1.825,2.1,2.1,1.825
fbe56c022c966f3266ff,1.7258064516129032,0.685483870967742,0.685483870967742,1.7258064516129032
3026add59ba3403f1096,2.7410714285714284,1.5625,1.5625,2.7410714285714284
290d042f166a7cbe36e2,0.625,0.5642857142857143,0.5642857142857143,0.625
33995f78f7151d0366e4,1.4296875,1.4242424242424243,1.4242424242424243,1.4296875
148d31e6f12014c73dbe,1.3333333333333333,2.0357142857142856,2.0357142857142856,1.3333333333333333
1a09c42491503cb5f517,1.4285714285714286,0.38,0.38,1.4285714285714286
29606360d5988cabea36,1.3870967741935485,1.2096774193548387,1.2096774193548387,1.3870967741935485
37a97059ac48ff864e5e,2.2338709677419355,0.65625,0.65625,2.2338709677419355
3f3bd8a17189fa621271,1.2651515151515151,0.7803030303030303,0.7803030303030303,1.2651515151515151
a1a7e4550ced7debc71b,0.8515625,2.0303030303030303,2.0303030303030303,0.8515625
bcd27ae264ec6c892d98,0.8515625,0.6363636363636364,0.6363636363636364,0.8515625
c5a29d914accdb8958ae,1.1774193548387095,1.5703125,1.5703125,1.1774193548387095
e4519d67a33fa652df6b,1.1875,0.9821428571428572,0.9821428571428572,1.1875
e65e230177384d40413e,2.655172413793104,1.6048387096774193,1.6048387096774193,2.655172413793104
01747cdbed646cb2e300,0.90625,1.3629032258064515,1.3629032258064515,0.90625
08fa1eacb5170e9b560c,0.6854838709677419,1.8870967741935485,1.8870967741935485,0.6854838709677419
41cdc066b42154daf4a8,1.870967741935484,1.629032258064516,1.629032258064516,1.870967741935484
43d9e53e89f182fc1b77,0.7890625,1.3671875,1.3671875,0.7890625
530bb2d8989617acc90d,1.3416666666666668,1.2419354838709675,1.2419354838709675,1.3416666666666668
561794179774e0683d13,1.163793103448276,2.419642857142857,2.419642857142857,1.163793103448276
574a38d0a8dc85618b1f,1.4642857142857142,0.41,0.41,1.4642857142857142
592af74601ac5a5498f0,1.6129032258064515,1.7916666666666667,1.7916666666666667,1.6129032258064515
609de6d6ce2dacc3ddee,1.318181818181818,0.9848484848484848,0.9848484848484848,1.318181818181818
661f338f0e08bb1dc95d,1.075,0.5,0.5,1.075
6bd26a867454292096de,1.606060606060606,1.0303030303030305,1.0303030303030305,1.606060606060606
6de151a174354ee7bb3d,0.9112903225806452,1.911290322580645,1.911290322580645,0.9112903225806452
6f787941b6464d8e47a1,1.1875,1.5625,1.5625,1.1875
89989df9408aa4b56125,0.7741935483870968,1.3306451612903225,1.3306451612903225,0.7741935483870968
8e1425953f1137a9638e,1.0,0.9193548387096774,0.9193548387096774,1.0
90e014c03b51a94f0ae5,1.0666666666666669,1.693548387096774,1.693548387096774,1.0666666666666669
92c3079b3457a5084d4b,0.5892857142857143,1.6696428571428572,1.6696428571428572,0.5892857142857143
95d6a669f0680fc54b0d,1.2424242424242424,1.446969696969697,1.446969696969697,1.2424242424242424
961e67a6b57c3cc38e73,1.0530303030303032,1.5378787878787878,1.5378787878787878,1.0530303030303032
a1c6031b1bdd03f7777a,1.2580645161290325,1.8387096774193548,1.8387096774193548,1.2580645161290325
af4b16de282cc21c1850,1.7734375,0.8833333333333333,0.8833333333333333,1.7734375
b4ae95189f170ca54732,1.9296875,0.532258064516129,0.532258064516129,1.9296875
c8e684e1c2211a9cdda1,1.5714285714285716,-0.02,-0.02,1.5714285714285716
ca599b68e85e57d6be76,1.2983870967741935,0.6796875,0.6796875,1.2983870967741935
cc05ad625631bb71a009,1.0234375,1.378787878787879,1.378787878787879,1.0234375
d784b822d6656f0d2925,1.346774193548387,1.5241935483870968,1.5241935483870968,1.346774193548387
e9489b34001fdcc25dcc,1.1416666666666668,2.25,2.25,1.1416666666666668
eba72fef36597954c4ab,1.5,1.171875,1.171875,1.5
faa87b0a72f2be66d947,1.991935483870968,1.3951612903225803,1.3951612903225803,1.991935483870968
2386d3e90af3dee4edd3,1.8035714285714288,1.543103448275862,1.543103448275862,1.8035714285714288
5fa195201f681ab55ce2,0.5763888888888888,1.3257575757575757,1.3257575757575757,0.5763888888888888
ca328275c6cef0cf57f1,1.883928571428572,1.6696428571428572,1.6696428571428572,1.883928571428572
b0fd76674a7407716b21,2.0241935483870965,1.1774193548387095,1.1774193548387095,2.0241935483870965
8b518adf4dc7a04bf039,2.681034482758621,2.0892857142857144,2.0892857142857144,2.681034482758621
a10a6452236b3ce44b95,2.5454545454545454,2.145833333333333,2.145833333333333,2.5454545454545454
84006c86b62a2f4898f9,1.603448275862069,1.6551724137931034,1.6551724137931034,1.603448275862069
d1a9d6fa09bd817209a5,1.4913793103448276,0.6810344827586207,0.6810344827586207,1.4913793103448276
ddf6904eaf65042cfa4a,1.6,1.267241379310345,1.267241379310345,1.6
022ce9f886b831303bf0,1.8046875,2.6,2.6,1.8046875
4ae3b1ee2dbb74e6bb85,0.9242424242424242,0.8560606060606061,0.8560606060606061,0.9242424242424242
4b5d4f9599ed7ec6ce65,1.4453125,0.9921875,0.9921875,1.4453125
4d6279e7463097b6099a,1.378787878787879,0.9772727272727272,0.9772727272727272,1.378787878787879
89e7fee27f0003e2a696,0.8467741935483871,0.65625,0.65625,0.8467741935483871
bcae196d2c251e70b803,1.84375,1.1370967741935485,1.1370967741935485,1.84375
bf70e672a0a3f9b25d83,1.296875,1.0725806451612905,1.0725806451612905,1.296875
dadb493b6fc238d1c35a,1.890625,1.4296875,1.4296875,1.890625
e7414d343d72f1449940,2.2734375,1.4193548387096775,1.4193548387096775,2.2734375
1b5c9d4bf6565b882eab,-0.0576923076923077,1.732758620689655,1.732758620689655,-0.0576923076923077
2fa2d13c669e73ad76d0,0.982758620689655,1.5172413793103448,1.5172413793103448,0.982758620689655
5c859cb836ce40ecb60b,2.0,1.543103448275862,1.543103448275862,2.0
afec4785497c78c49af7,0.3653846153846154,1.1810344827586208,1.1810344827586208,0.3653846153846154
d6ffa33eaaa34c1c72ca,2.327586206896552,1.8103448275862069,1.8103448275862069,2.327586206896552
8b51da20242a58cd2436,1.7241379310344829,2.708333333333333,2.708333333333333,1.7241379310344829
3515da5813aaf8f50cc1,0.3269230769230769,1.2333333333333332,1.2333333333333332,0.3269230769230769
6216419611c9e7590226,0.515625,1.1171875,1.1171875,0.515625
a435ee27029aead24881,1.963235294117647,1.2647058823529411,1.2647058823529411,1.963235294117647
0739c28fcf5d1ecf2929,1.6796875,2.0625,2.0625,1.6796875
1524e56cd8a3808e1be9,2.2109375,2.629032258064516,2.629032258064516,2.2109375
37047522ed4f65b86769,1.9318181818181817,1.5546875,1.5546875,1.9318181818181817
484888f07a4acee942f2,1.4411764705882353,1.536764705882353,1.536764705882353,1.4411764705882353
893a508a23401e185bed,1.5955882352941178,2.573529411764706,2.573529411764706,1.5955882352941178
99f3046d567fbc0b8c5e,1.8387096774193548,0.6287878787878788,0.6287878787878788,1.8387096774193548
cf895debc6368ee2967a,1.5,1.0073529411764706,1.0073529411764706,1.5
008def012a6006338ab6,0.6212121212121212,1.03125,1.03125,0.6212121212121212
0a16d4147892b63816ff,1.7578125,1.7348484848484849,1.7348484848484849,1.7578125
16874ad6ec09f27796b6,1.1640625,0.9609375,0.9609375,1.1640625
29bf4ffb80df340c8924,1.2348484848484849,2.234848484848485,2.234848484848485,1.2348484848484849
40ff5e0b330841eb5fe6,0.9545454545454544,1.0080645161290325,1.0080645161290325,0.9545454545454544
5ac48f74dcc6ee52f958,1.051470588235294,0.5472972972972974,0.5472972972972974,1.051470588235294
62be482c21c1a6bca025,0.921875,0.8636363636363636,0.8636363636363636,0.921875
68305c7f7b52909998ac,1.3828125,1.203125,1.203125,1.3828125
7b58001f1947cd925797,1.6363636363636362,1.443548387096774,1.443548387096774,1.6363636363636362
838d1fea932333578396,1.9296875,1.356060606060606,1.356060606060606,1.9296875
89106af34d23b26aff60,1.378787878787879,1.9609375,1.9609375,1.378787878787879
973f6b9c542d454969e3,1.3984375,1.856060606060606,1.856060606060606,1.3984375
99cb87fe742de9962804,1.5859375,1.203125,1.203125,1.5859375
9e76e889c1bca6fa233d,1.1328125,0.8636363636363636,0.8636363636363636,1.1328125
a91aa64e23a189cac9af,1.318181818181818,1.5,1.5,1.318181818181818
abb17456761ca39796f8,0.625,0.734375,0.734375,0.625
b8e949b4c0d2eff11c5b,1.1796875,1.818181818181818,1.818181818181818,1.1796875
cabed5313afdde929a53,1.3897058823529411,0.9338235294117646,0.9338235294117646,1.3897058823529411
cfe321d10829b7300b0f,1.578125,1.40625,1.40625,1.578125
d56212df82f36fd115b6,0.75,1.4411764705882353,1.4411764705882353,0.75
d6af6ad3e95bf1ee968a,0.6515151515151516,0.984375,0.984375,0.6515151515151516
d994b693a046a80aaddf,2.074324324324325,1.272058823529412,1.272058823529412,2.074324324324325
ef15f42481cc45e0ffa5,1.7803030303030305,1.359375,1.359375,1.7803030303030305
01a2b583eb940ec3e5a52c99,1.0,0.8,0.8,1.0
661518737b06a29837c1012a,0.0833333333333333,1.0,1.0,0.0833333333333333
dad89025d13abacedbc492ca,0.6363636363636364,-0.5,-0.5,0.6363636363636364
e9fe9351469c6a734cba17b5,1.9,0.6590909090909092,0.6590909090909092,1.9
0d3616af284e53ec0706,1.0984848484848486,1.121212121212121,1.121212121212121,1.0984848484848486
194d3cd4368da0e979b9,1.893939393939394,0.5955882352941175,0.5955882352941175,1.893939393939394
21578318bd64683e7d2e,1.6764705882352942,1.2272727272727273,1.2272727272727273,1.6764705882352942
229ab306c0cc4c1831d1,1.1590909090909092,1.128787878787879,1.128787878787879,1.1590909090909092
428774293882b032ee67,2.1617647058823533,0.5984848484848484,0.5984848484848484,2.1617647058823533
44600dc0f65413c8cf34,1.5,1.2941176470588236,1.2941176470588236,1.5
55d28bf5d901b0d5f5bb,1.551470588235294,1.803030303030303,1.803030303030303,1.551470588235294
58ce40afaf8925e9daf8,0.9242424242424242,0.6176470588235293,0.6176470588235293,0.9242424242424242
6f6fa51d04d79ded2169,1.0757575757575757,1.901515151515152,1.901515151515152,1.0757575757575757
79984568310648c1c7e3,2.0303030303030303,1.8235294117647056,1.8235294117647056,2.0303030303030303
81914abe33407a39e810,1.4779411764705883,1.3235294117647058,1.3235294117647058,1.4779411764705883
866cd38ead78616a1e2e,1.393939393939394,1.9705882352941175,1.9705882352941175,1.393939393939394
9b6e37382a88045604e5,1.0606060606060606,1.3484848484848484,1.3484848484848484,1.0606060606060606
a53b5e1f790f612fc419,1.3106060606060606,0.7121212121212122,0.7121212121212122,1.3106060606060606
a6f78ea16296ec69b64a,0.9338235294117648,1.8125,1.8125,0.9338235294117648
bd0e7895e0caa6d53cea,0.6470588235294117,0.8897058823529411,0.8897058823529411,0.6470588235294117
c9c243b4a61a1b89d8e0,1.3455882352941175,1.6911764705882353,1.6911764705882353,1.3455882352941175
ca477b1d32889fc9ed5d,1.897058823529412,0.9558823529411764,0.9558823529411764,1.897058823529412
d6b1bdd5d6c3b73c78c4,0.696969696969697,1.2720588235294117,1.2720588235294117,0.696969696969697
dc61bf37ceb6d240106d,2.0902777777777777,0.9264705882352942,0.9264705882352942,2.0902777777777777
eb798648cf62d8c4f085,1.1590909090909092,0.8863636363636364,0.8863636363636364,1.1590909090909092
ee4aad33dfae01da5520,1.875,1.4338235294117647,1.4338235294117647,1.875
f21338a6d523eb8d90f6,0.6397058823529411,1.5606060606060606,1.5606060606060606,0.6397058823529411
f3678fc53f29642ef27f,1.3828125,1.4393939393939394,1.4393939393939394,1.3828125
fa55c96bf37b92077012,1.1102941176470589,1.1985294117647058,1.1985294117647058,1.1102941176470589
fb69288415e1a59d678d,2.6484375,1.6590909090909092,1.6590909090909092,2.6484375
4fbb97d0203f8e6dc142,1.0078125,1.6363636363636362,1.6363636363636362,1.0078125
cb1d978c2f141af97746,0.8676470588235294,2.136363636363636,2.136363636363636,0.8676470588235294
12ecc40bf1a38b67972c6099,,0.25,0.25,
4223551ea96c467066c4b44d,,,,
459c7342f30bd60eb69d7822,0.8804347826086957,-0.0555555555555555,-0.0555555555555555,0.8804347826086957
81e21ee9b0b5cf9050c3ef0d,1.6428571428571428,-0.5,-0.5,1.6428571428571428
8677ed916b0e740d2c3d577b,1.5555555555555556,1.9444444444444444,1.9444444444444444,1.5555555555555556
b7eb78470f07eacf47208ccf,1.35,,,1.35
18761d2209563ed9e043efa0,-0.4,1.8676470588235292,1.8676470588235292,-0.4
1a72cbedab02b128fe44ed8a,0.1666666666666666,0.25,0.25,0.1666666666666666
63a1f42e16571fb064df0f9d,1.375,-0.25,-0.25,1.375
6575469c85bec6f7516f269a,1.375,-0.1499999999999999,-0.1499999999999999,1.375
665eac14a7ef77f8382b01ad,,1.6111111111111112,1.6111111111111112,
f33bc14001c446ae39d24141,1.5,1.4264705882352942,1.4264705882352942,1.5
2bcf049ea118c35ce9e8,0.9714285714285712,1.4285714285714286,1.4285714285714286,0.9714285714285712
09dec48acfec8dec29e9,1.6176470588235292,0.6544117647058824,0.6544117647058824,1.6176470588235292
1b45f8195539df87d61a,1.2714285714285716,1.3785714285714286,1.3785714285714286,1.2714285714285716
5a382947e1cb07755396,0.9357142857142856,1.55,1.55,0.9357142857142856
61211cc1e6a3eb0d649d,1.8455882352941175,1.8714285714285717,1.8714285714285717,1.8455882352941175
63ace5bbb0accf50b471,1.838235294117647,1.8308823529411768,1.8308823529411768,1.838235294117647
c95088b3c5d3cd80ee50,2.0416666666666665,1.7833333333333332,1.7833333333333332,2.0416666666666665
cff3f57a19019c049395,1.5441176470588236,2.128571428571429,2.128571428571429,1.5441176470588236
03bfa2bbd0653ba1d492,-0.0925925925925926,2.7338709677419355,2.7338709677419355,-0.0925925925925926
069b6b6a283a7787cc6c,0.6714285714285715,1.1102941176470589,1.1102941176470589,0.6714285714285715
13a556d90ed803d134af,1.4926470588235294,1.3308823529411766,1.3308823529411766,1.4926470588235294
152fd084003a64053197,1.338235294117647,1.5,1.5,1.338235294117647
19cc17ffe18fb8ada7c8,0.9642857142857142,1.5357142857142858,1.5357142857142858,0.9642857142857142
2c8ee0a5fb5d36373ba6,1.1928571428571428,2.1052631578947367,2.1052631578947367,1.1928571428571428
3136ed15969690ebe830,2.1764705882352944,1.0588235294117647,1.0588235294117647,2.1764705882352944
34c785797802513b4d47,2.021428571428572,1.0514705882352942,1.0514705882352942,2.021428571428572
470285620211dd770640,0.6102941176470588,0.9357142857142856,0.9357142857142856,0.6102941176470588
47614fdfc75d1249aa9b,0.9632352941176472,1.1397058823529411,1.1397058823529411,0.9632352941176472
4c34b6e08f18a2af08a9,1.4928571428571429,1.1071428571428572,1.1071428571428572,1.4928571428571429
5444d97aa5ddd9d6f964,0.618421052631579,2.121621621621621,2.121621621621621,0.618421052631579
62e9878c1790471b8164,1.3428571428571427,2.553030303030303,2.553030303030303,1.3428571428571427
6a8c8e06176641e58512,1.2857142857142858,1.8142857142857145,1.8142857142857145,1.2857142857142858
6cc35768f0cc0e2295f6,0.6285714285714286,1.0075757575757576,1.0075757575757576,0.6285714285714286
702d1f0efe36db86a8be,0.9571428571428572,1.6214285714285714,1.6214285714285714,0.9571428571428572
767db5eb075363cb5fd4,1.286764705882353,2.0661764705882355,2.0661764705882355,1.286764705882353
7690cd278858877979ad,0.8928571428571428,2.0,2.0,0.8928571428571428
776d3877a1e4e69e1d92,1.4857142857142855,0.6499999999999999,0.6499999999999999,1.4857142857142855
84bf93947cb02f70c923,1.7878787878787878,1.4142857142857144,1.4142857142857144,1.7878787878787878
8ff834e8457101b37fc3,1.7642857142857145,0.9264705882352942,0.9264705882352942,1.7642857142857145
96254f872bc5594e2870,1.2214285714285715,0.6142857142857142,0.6142857142857142,1.2214285714285715
9fb8186704946d7852f0,1.1911764705882353,1.3333333333333333,1.3333333333333333,1.1911764705882353
a3051c065b10c49d66c6,1.2285714285714286,1.5785714285714287,1.5785714285714287,1.2285714285714286
a5acbaba9794da539fed,1.7132352941176472,0.8285714285714285,0.8285714285714285,1.7132352941176472
aaa81b964ca04b3571e9,0.6838235294117647,1.1544117647058825,1.1544117647058825,0.6838235294117647
b7df368d586248981caa,1.6214285714285714,1.4852941176470589,1.4852941176470589,1.6214285714285714
c5f916accdeacfa717e1,1.5214285714285716,0.7214285714285715,0.7214285714285715,1.5214285714285716
dcd4ed29344a95c93242,1.55,1.7083333333333333,1.7083333333333333,1.55
e647800fcd1c0933022b,0.3425925925925926,1.35,1.35,0.3425925925925926
f3567d321557a42afb75,1.125,1.3676470588235294,1.3676470588235294,1.125
480fa3eeee0d2287c9ba,1.5241935483870968,1.5,1.5,1.5241935483870968
ca439ee18634240b7916,0.9833333333333332,0.65,0.65,0.9833333333333332
03ee8227a5fcdfd2e95d,2.5285714285714285,1.0142857142857142,1.0142857142857142,2.5285714285714285
223817564bf73a7cd7dc,1.5416666666666663,1.4833333333333332,1.4833333333333332,1.5416666666666663
27ead8b4594745e97a97,0.2962962962962963,1.8083333333333331,1.8083333333333331,0.2962962962962963
62c4847e6e816ac0fa41,2.283333333333333,1.25,1.25,2.283333333333333
e211502b0180a9af3049,1.65,1.306451612903226,1.306451612903226,1.65
18fb4f61e1c929c15b73,1.2916666666666663,1.4166666666666667,1.4166666666666667,1.2916666666666663
27f536ce7c2ec3aed8c0,1.3897058823529411,1.4714285714285715,1.4714285714285715,1.3897058823529411
2f514bc8082b6331445b,1.1875,1.4444444444444444,1.4444444444444444,1.1875
394a6d874740ae0cf492,1.2857142857142858,1.8785714285714288,1.8785714285714288,1.2857142857142858
4b47b00e6eba03d925c5,1.7714285714285716,1.6,1.6,1.7714285714285716
5a1c17eb3c0787f7c94c,1.625,2.171052631578948,2.171052631578948,1.625
72120303959adeb8c568,1.1214285714285714,1.0808823529411766,1.0808823529411766,1.1214285714285714
7ea901704ea3f460f9fb,0.5769230769230769,0.8611111111111112,0.8611111111111112,0.5769230769230769
80b1c694e869db5a98cd,1.7571428571428571,0.9928571428571428,0.9928571428571428,1.7571428571428571
88d88ec1f0a0e6227a76,1.15,0.9214285714285714,0.9214285714285714,1.15
8bf0317f2351daa2bb14,1.3571428571428572,2.573529411764706,2.573529411764706,1.3571428571428572
adfb03aea438cf47db12,0.6571428571428573,1.4071428571428573,1.4071428571428573,0.6571428571428573
c17354b94bf6dbcb0d64,1.7647058823529411,1.542857142857143,1.542857142857143,1.7647058823529411
c35c2ee93fd0fead7cd5,1.1527777777777777,2.0347222222222223,2.0347222222222223,1.1527777777777777
c790c0eef7fb9f93e405,1.5972222222222223,0.7916666666666666,0.7916666666666666,1.5972222222222223
e1b3111e772ea076ce0f,1.8214285714285716,0.6642857142857143,0.6642857142857143,1.8214285714285716
554e5b3f0347b1b5984d,1.5208333333333337,2.1346153846153846,2.1346153846153846,1.5208333333333337
70f3f5d17d87f8966410,2.1,1.6,1.6,2.1
197d2fcc063d05f0273e,1.1666666666666667,1.3333333333333337,1.3333333333333337,1.1666666666666667
8d2c3ff4d194d3f7cefb,0.576388888888889,1.076388888888889,1.076388888888889,0.576388888888889
d318e9b77ca8bb7642d0,1.3263888888888888,2.451388888888889,2.451388888888889,1.3263888888888888
f7fd4a7d430dc3eac7ef,0.972222222222222,0.9652777777777776,0.9652777777777776,0.972222222222222
25110481665dc416b1d6,1.472222222222222,0.9027777777777778,0.9027777777777778,1.472222222222222
d8172965cd022fd3a602,2.055555555555556,1.4375,1.4375,2.055555555555556
b179dcafe9067c832845,1.3716216216216215,1.5067567567567568,1.5067567567567568,1.3716216216216215
1241386fdf8a95bfa113,1.340277777777778,1.2777777777777777,1.2777777777777777,1.340277777777778
1b4ef0dd82099f4eca1a,1.0571428571428572,0.6319444444444444,0.6319444444444444,1.0571428571428572
4a703044dac987392a09,1.7916666666666667,1.6041666666666667,1.6041666666666667,1.7916666666666667
82e635da08da432b8295,1.8472222222222223,1.701388888888889,1.701388888888889,1.8472222222222223
9a68fca2c582c8bf9746,2.47972972972973,1.148648648648649,1.148648648648649,2.47972972972973
f34077690f6894458739,0.966216216216216,1.2770270270270272,1.2770270270270272,0.966216216216216
00d163b6d198870018bb,1.0405405405405406,1.148648648648649,1.148648648648649,1.0405405405405406
0359997453a34acaa032,1.0270270270270272,1.608108108108108,1.608108108108108,1.0270270270270272
0502528db83d85e6611f,1.0555555555555556,1.298611111111111,1.298611111111111,1.0555555555555556
073859eb03084c166a60,1.7580645161290325,1.967741935483871,1.967741935483871,1.7580645161290325
0bdd0090d9de1ededc0b,1.5694444444444446,1.4583333333333337,1.4583333333333337,1.5694444444444446
0c33dea5a78345e901ef,0.7222222222222222,1.9583333333333333,1.9583333333333333,0.7222222222222222
0cee4ba9dfef5ac85a6f,1.4642857142857144,1.8194444444444444,1.8194444444444444,1.4642857142857144
10c5d35d0c345b9879df,1.4932432432432432,0.64375,0.64375,1.4932432432432432
2e758ec67155d460aa8a,1.1714285714285717,1.7071428571428573,1.7071428571428573,1.1714285714285717
31157bafcd3af0555c6e,0.8310810810810811,1.4256756756756757,1.4256756756756757,0.8310810810810811
3f310fc8108bf3122f05,0.798611111111111,0.5972222222222222,0.5972222222222222,0.798611111111111
401f2a2c2e647c1ca5bd,1.2142857142857144,1.8611111111111112,1.8611111111111112,1.2142857142857144
40c4ad4198a3cd4007e4,1.8306451612903225,0.3214285714285714,0.3214285714285714,1.8306451612903225
426b79fd389da12788de,1.4027777777777777,1.5416666666666667,1.5416666666666667,1.4027777777777777
5086001506274cdf7d64,1.0,1.0833333333333333,1.0833333333333333,1.0
527ae3773ba43e19bdbb,1.1142857142857143,1.0138888888888888,1.0138888888888888,1.1142857142857143
5969c969e8fbbef3d497,1.4375,1.0763888888888888,1.0763888888888888,1.4375
716a1d8d516fcb947d31,1.8194444444444449,0.5857142857142857,0.5857142857142857,1.8194444444444449
7e5bf4ad457427dea33e,1.15,1.2428571428571429,1.2428571428571429,1.15
9a7a343c74729c0c2019,1.402777777777778,1.5902777777777777,1.5902777777777777,1.402777777777778
a18925c3c7c6357d5918,2.006756756756757,1.5405405405405406,1.5405405405405406,2.006756756756757
a1abc4ea709d575530d8,1.2578125,0.9838709677419354,0.9838709677419354,1.2578125
b48c288b7151b3a6bb58,2.0277777777777777,2.142857142857143,2.142857142857143,2.0277777777777777
cbf0c03741f084081514,2.592857142857143,1.0208333333333333,1.0208333333333333,2.592857142857143
d9519b35b1340ed07043,1.3125,1.652777777777778,1.652777777777778,1.3125
dcf547b8b65d19082ad6,1.3851351351351353,0.939189189189189,0.939189189189189,1.3851351351351353
e442c83fdf17d9fe41a8,2.141025641025641,1.1283783783783785,1.1283783783783785,2.141025641025641
ed6c2fb516d47086e259,0.6612903225806452,-0.1071428571428571,-0.1071428571428571,0.6612903225806452
f71bd930f7dca9d497e9,0.638888888888889,1.7083333333333337,1.7083333333333337,0.638888888888889
fde2768fa14b8f797e79,0.8648648648648649,0.6486486486486487,0.6486486486486487,0.8648648648648649
feede7f4e56c8837ab4e,1.2071428571428573,0.6458333333333334,0.6458333333333334,1.2071428571428573
b4496784f5aa5242a680,1.4435483870967742,1.5241935483870968,1.5241935483870968,1.4435483870967742
7952d440a2ef63720638,2.10625,1.3445945945945943,1.3445945945945943,2.10625
604766937ff77421e7e1,1.467741935483871,1.4919354838709675,1.4919354838709675,1.467741935483871
881faf75b89107193e42,1.8548387096774197,2.241935483870968,2.241935483870968,1.8548387096774197
f37c30b427420b7445c9,1.2419354838709675,0.2767857142857142,0.2767857142857142,1.2419354838709675
07f4033d5408a7163365,2.076388888888889,1.2361111111111112,1.2361111111111112,2.076388888888889
5a99c3f2b0f2632f4435,1.587837837837838,1.7635135135135136,1.7635135135135136,1.587837837837838
22246ce451ecb2f1ed88,0.7905405405405406,1.3445945945945943,1.3445945945945943,0.7905405405405406
2486251866de79030d41,1.1458333333333337,1.3783783783783785,1.3783783783783785,1.1458333333333337
26d650d7fafe7c330dbf,2.027027027027027,1.1111111111111112,1.1111111111111112,2.027027027027027
4bf82924b8f953f618b2,0.6554054054054055,1.7638888888888888,1.7638888888888888,0.6554054054054055
607f7edacde7ddb77dcb,1.4256756756756757,0.5625,0.5625,1.4256756756756757
6de540c1a72013d65a8e,1.648648648648649,1.898648648648649,1.898648648648649,1.648648648648649
881c1d2069bd53efbab9,1.201388888888889,1.858108108108108,1.858108108108108,1.201388888888889
8f50b0452762cf6a9f9a,0.6081081081081081,1.391891891891892,1.391891891891892,0.6081081081081081
a9d79a73301cda30b413,1.1180555555555556,1.3310810810810811,1.3310810810810811,1.1180555555555556
b6b1bc8b2d3df9e7d3c1,0.9527027027027029,1.513888888888889,1.513888888888889,0.9527027027027029
c004ea8ff8fc2ecaa1a4,1.898648648648649,1.1180555555555556,1.1180555555555556,1.898648648648649
c47abee18f4f2242676a,1.412162162162162,1.0202702702702702,1.0202702702702702,1.412162162162162
cac64fda63457e38c427,1.0135135135135136,1.2702702702702702,1.2702702702702702,1.0135135135135136
d7ca4b1a2c98307c6846,1.885135135135135,2.0608108108108105,2.0608108108108105,1.885135135135135
f557de524eac1dbbea11,1.1554054054054053,1.4932432432432434,1.4932432432432434,1.1554054054054053
fcb273e3910429767c3f,0.9932432432432432,0.5945945945945946,0.5945945945945946,0.9932432432432432
99bff0e8a1bf4bf5eb69,1.195945945945946,1.8040540540540544,1.8040540540540544,1.195945945945946
bf3c501eade7148f663d,1.1756756756756757,0.6351351351351352,0.6351351351351352,1.1756756756756757
a8544cc577b69e865f81,1.3040540540540542,1.614864864864865,1.614864864864865,1.3040540540540542
8bbc3061af331a31895e,1.2894736842105263,0.7960526315789473,0.7960526315789473,1.2894736842105263
c16ddfa2394140a4e2d5,1.5394736842105263,1.5855263157894737,1.5855263157894737,1.5394736842105263
049563c9de2af3ed54f8,1.5986842105263157,2.1341463414634148,2.1341463414634148,1.5986842105263157
2c9a8ea5859977a9802e,1.947368421052632,1.013157894736842,1.013157894736842,1.947368421052632
46ee8f16c70251f9c2df,1.75,1.5723684210526316,1.5723684210526316,1.75
67a84f6b1ea74f182cac,0.8716216216216217,1.8289473684210529,1.8289473684210529,0.8716216216216217
cc60212de90ee22ee23d,1.7702702702702704,1.8289473684210529,1.8289473684210529,1.7702702702702704
e38ee9757509f685d585,0.625,1.3421052631578947,1.3421052631578947,0.625
e48bfff7bbe516bee685,0.6524390243902438,1.0263157894736843,1.0263157894736843,0.6524390243902438
0313eb141e9275c33c6d,1.5526315789473684,2.175,2.175,1.5526315789473684
0ba521a1d82ae737fc82,1.743421052631579,1.118421052631579,1.118421052631579,1.743421052631579
2c9b6bac49a84109e0fe,1.3289473684210529,1.9342105263157896,1.9342105263157896,1.3289473684210529
35f85210147ec1e4c0fc,1.4527027027027026,1.381578947368421,1.381578947368421,1.4527027027027026
50e8cb3118e2c5950cd0,1.0,1.4802631578947367,1.4802631578947367,1.0
5394172e9dde09f7a6b7,0.980263157894737,0.618421052631579,0.618421052631579,0.980263157894737
58e7a586241f7d4adfbe,0.5675675675675675,2.5486111111111107,2.5486111111111107,0.5675675675675675
5e4fc558083219ebc264,1.0855263157894737,2.4407894736842106,2.4407894736842106,1.0855263157894737
6373dc234617427e0c09,1.263157894736842,0.631578947368421,0.631578947368421,1.263157894736842
71db6218f088fb811a2b,1.368421052631579,2.108108108108108,2.108108108108108,1.368421052631579
7a884dea540ae78ae09e,1.108108108108108,0.9539473684210528,0.9539473684210528,1.108108108108108
86075e4f9bb8160f7739,1.1891891891891893,1.635135135135135,1.635135135135135,1.1891891891891893
8a8aae5ba672915926ee,2.0921052631578947,1.141891891891892,1.141891891891892,2.0921052631578947
94d9cc130c2091a0d77e,1.381578947368421,1.0065789473684212,1.0065789473684212,1.381578947368421
952180f397b1c55fddb8,0.6644736842105263,1.195945945945946,1.195945945945946,0.6644736842105263
9d4de7315a9a1523c491,1.5,1.25,1.25,1.5
a2b4ab60dcc8fec89a06,1.381578947368421,1.1736111111111112,1.1736111111111112,1.381578947368421
a2ccdf03c11e784920e9,1.648648648648649,1.4671052631578947,1.4671052631578947,1.648648648648649
c1a59ca9bf39f26736ae,1.135135135135135,0.9605263157894738,0.9605263157894738,1.135135135135135
c1dde65b4ef022d35881,0.6447368421052632,1.7702702702702702,1.7702702702702702,0.6447368421052632
c786a74c51cbd2e203c7,1.144736842105263,0.9342105263157896,0.9342105263157896,1.144736842105263
d943da442a5979ef5d30,1.3355263157894737,1.1710526315789471,1.1710526315789471,1.3355263157894737
db3b714f4c8e4e9b3ec0,1.8355263157894737,2.0,2.0,1.8355263157894737
f297b2957a9aa2eba04a,1.3026315789473684,0.8947368421052633,0.8947368421052633,1.3026315789473684
f51f4e50f3e540b8f50c,1.5921052631578947,1.3289473684210529,1.3289473684210529,1.5921052631578947
16c5695ef10cd4c95554c6d6,1.9375,3.25,3.25,1.9375
19304eace58a55c8fd94331d,2.0568181818181817,0.8541666666666666,0.8541666666666666,2.0568181818181817
5e817a37801aa128b765b231,1.8846153846153848,1.4464285714285714,1.4464285714285714,1.8846153846153848
977604bb17af87fd1789f950,1.375,0.875,0.875,1.375
9798547e43e103aea6e8b9f5,1.7105263157894737,,,1.7105263157894737
c7e21b352be8b3c821851883,1.0,,,1.0
0def91a7745afe0becbf,1.144736842105263,0.75,0.75,1.144736842105263
106493a5340f8883d2f7,1.0986842105263157,1.3717948717948718,1.3717948717948718,1.0986842105263157
1920033721447c2075e7,1.5833333333333333,1.5256410256410258,1.5256410256410258,1.5833333333333333
1d81c527913cfdf31dc5,1.8846153846153848,1.1907894736842106,1.1907894736842106,1.8846153846153848
2bb7cd317d7af746805b,1.6842105263157894,1.5128205128205128,1.5128205128205128,1.6842105263157894
314b31c81699e2f0bdb7,1.9230769230769231,1.7884615384615383,1.7884615384615383,1.9230769230769231
327f98f68afcca6f4b6d,0.6089743589743589,1.5460526315789471,1.5460526315789471,0.6089743589743589
3c19eff38ed2e7997a83,1.2435897435897436,0.6987179487179487,0.6987179487179487,1.2435897435897436
46cad436b5f2dc98aae0,1.5384615384615383,1.105263157894737,1.105263157894737,1.5384615384615383
5611c781495761225f71,1.814102564102564,1.2243589743589745,1.2243589743589745,1.814102564102564
5c8bd1d5e18fb34cf382,1.138157894736842,0.9807692307692308,0.9807692307692308,1.138157894736842
6b52242a6b7e2f0ea8d5,1.391025641025641,1.0128205128205128,1.0128205128205128,1.391025641025641
6fb3856f792296695667,0.5328947368421052,2.138157894736842,2.138157894736842,0.5328947368421052
75eb0e864823fe17af3f,1.5,1.2115384615384617,1.2115384615384617,1.5
7fd28a94c1dd3ead595d,1.9743589743589745,1.822368421052632,1.822368421052632,1.9743589743589745
86170b9e5bbbed61533f,1.25,0.7421875,0.7421875,1.25
92729145b0f7c6ad3431,1.5546875,2.2734375,2.2734375,1.5546875
a59d1372403ad60dbe97,0.8653846153846153,0.9551282051282052,0.9551282051282052,0.8653846153846153
a9358d2f76fae4bdc6cd,1.3397435897435896,1.0769230769230769,1.0769230769230769,1.3397435897435896
b396882192d312585e37,1.5986842105263157,1.168918918918919,1.168918918918919,1.5986842105263157
b652c7d0f4595739890d,1.6578947368421053,0.8421052631578947,0.8421052631578947,1.6578947368421053
bdbe5e20d07556e098c8,1.6973684210526316,1.326923076923077,1.326923076923077,1.6973684210526316
f00a3f91bd18ffd16f89,1.263157894736842,1.8653846153846156,1.8653846153846156,1.263157894736842
f17473152c82354d9b29,2.128205128205128,0.6282051282051282,0.6282051282051282,2.128205128205128
01696df48e9d913bc4a8,2.5810810810810807,0.9294871794871794,0.9294871794871794,2.5810810810810807
2caae4c427b6f02121ac,1.3203125,1.8828125,1.8828125,1.3203125
5acfb520e71c534040f3b069,0.2083333333333333,1.85,1.85,0.2083333333333333
7d9224ea0836fea95d49b87f,1.4027777777777777,,,1.4027777777777777
9301c75d9cbfaf135b0eeb6f,2.875,0.8958333333333334,0.8958333333333334,2.875
98c4aa456a9c8a8fac3ce2b3,,0.1666666666666666,0.1666666666666666,
bc7ae55835597726c8925ded,0.625,2.298076923076923,2.298076923076923,0.625
ea43f8938fe17ef03328cd13,1.5416666666666667,1.8461538461538465,1.8461538461538465,1.5416666666666667
026f91c5e07a6be6f29f,0.293103448275862,1.46875,1.46875,0.293103448275862
038185aefd6c4caa163d,1.1282051282051282,1.7884615384615383,1.7884615384615383,1.1282051282051282
56fe2c49fe2e3da5da55,1.4112903225806452,-0.1120689655172413,-0.1120689655172413,1.4112903225806452
81af9d3835f009c3eab4,0.2413793103448275,1.9375,1.9375,0.2413793103448275
967103c54c08f29090a5,1.5,1.7016129032258065,1.7016129032258065,1.5
bcdc48b608f1fce5f188,1.578125,1.734375,1.734375,1.578125
bee791a4dbe129adfc2a,1.2039473684210529,0.9276315789473684,0.9276315789473684,1.2039473684210529
5ff191f6d8e63d4e9d8b,0.984375,2.7578125,2.7578125,0.984375
26ef3c619cdfdd61de61c3e2,1.7651515151515151,0.4166666666666666,0.4166666666666666,1.7651515151515151
68a74b401860166226e558e7,1.9121621621621625,0.3249999999999999,0.3249999999999999,1.9121621621621625
98be7624bd6b81511e10442a,0.8333333333333334,3.25,3.25,0.8333333333333334
c1631026a893b58445201d65,1.1125,1.25,1.25,1.1125
b3c4c68c5340b4318002,1.40625,1.7890625,1.7890625,1.40625
5bd83201d8e446392961,1.5256410256410255,1.3397435897435896,1.3397435897435896,1.5256410256410255
2357b0dd14d5e5a47222,1.83125,1.95,1.95,1.83125
379945eb0374bb31a46b,1.967948717948718,1.5448717948717947,1.5448717948717947,1.967948717948718
b6f5b770c2aa92054466,0.903846153846154,2.1,2.1,0.903846153846154
b956b91922c93b119627,2.403846153846154,0.7142857142857143,0.7142857142857143,2.403846153846154
bbb82ec0f9d408c168f3,2.201219512195122,1.5448717948717947,1.5448717948717947,2.201219512195122
de31fd3dc7edcf387f85,2.3030303030303028,0.9469696969696968,0.9469696969696968,2.3030303030303028
e9cdf9ce7edc3fae5ea0,1.801282051282051,1.2,1.2,1.801282051282051
f5c8345f58d5414903a0,2.108974358974359,1.6217948717948718,1.6217948717948718,2.108974358974359
c9722f350a1d0ffd3b58,1.58974358974359,0.8375,0.8375,1.58974358974359
011e1cba55872d27edaf,1.1538461538461535,1.6474358974358974,1.6474358974358974,1.1538461538461535
1718be9b9077b1f18863,0.8181818181818182,0.3916666666666666,0.3916666666666666,0.8181818181818182
192d8442a9d0db3208f5,1.575,1.8625,1.8625,1.575
1d2d8f659e724cb3ee00,0.94375,1.198717948717949,1.198717948717949,0.94375
1ee682b54be3b1877e7e,2.1666666666666665,0.9679487179487178,0.9679487179487178,2.1666666666666665
25b2aa4140e8e2e43274,1.0,1.16025641025641,1.16025641025641,1.0
284edf2aa4a56ddbcd0c,1.075,0.5875,0.5875,1.075
2fe395c7be373b53424b,1.659090909090909,1.3984375,1.3984375,1.659090909090909
304863440340438bdb70,0.9935897435897436,1.2948717948717947,1.2948717948717947,0.9935897435897436
3056c45c4b234df93e34,1.9125,1.153846153846154,1.153846153846154,1.9125
32040e2ca9824fad5022,1.1025641025641024,1.487179487179487,1.487179487179487,1.1025641025641024
3e72c8cd8b82e4fb31d0,1.8375,1.525,1.525,1.8375
4998f77acdb09c14e851,1.4166666666666663,1.2058823529411766,1.2058823529411766,1.4166666666666663
499f344ef970ac8a7126,1.0125,1.7625,1.7625,1.0125
559dd71f71c6c1a18dd0,1.275,1.45,1.45,1.275
59bfdb733af86664827d,1.20625,1.0812499999999998,1.0812499999999998,1.20625
67ff2779cd3bd048c60b,1.56875,1.198717948717949,1.198717948717949,1.56875
72a5866d2a633fc47fdf,1.33125,2.598684210526316,2.598684210526316,1.33125
76b8c110bc9a35207ea3,0.7250000000000001,1.2115384615384617,1.2115384615384617,0.7250000000000001
773eb1e6c6b3fb3d7bd1,1.3333333333333337,1.5064102564102564,1.5064102564102564,1.3333333333333337
8ee1e7aac91ed7919c7a,0.76875,1.53125,1.53125,0.76875
998adfcb23692a076eca,0.9935897435897436,1.0833333333333333,1.0833333333333333,0.9935897435897436
a759d89b3a2e3d74185e,0.6375000000000001,0.5448717948717949,0.5448717948717949,0.6375000000000001
aea652df71724893febc,1.3782051282051282,0.6346153846153846,0.6346153846153846,1.3782051282051282
c9ee7d3b3f7456a3f3a3,1.064102564102564,1.2884615384615383,1.2884615384615383,1.064102564102564
dab11024e81acbf432db,1.131578947368421,1.608974358974359,1.608974358974359,1.131578947368421
de6c09c6d63140b80506,0.8974358974358974,1.1025641025641024,1.1025641025641024,0.8974358974358974
e0d449702d8daa946a6e,0.9,1.641025641025641,1.641025641025641,0.9
eb4bf14a7375b7522946,0.96875,1.33125,1.33125,0.96875
ef6ee184a82cd64a1f70,1.375,1.91875,1.91875,1.375
9d2963e23b7d481243a2,1.924242424242424,1.643939393939394,1.643939393939394,1.924242424242424
507f7dae270d4506d5da,-0.075,1.356060606060606,1.356060606060606,-0.075
8919b5bd199538e813a5,1.8333333333333333,1.446969696969697,1.446969696969697,1.8333333333333333
89819b06d83786b7c9e1,2.772727272727273,1.5,1.5,2.772727272727273
7381f1147482a5ff175c,1.9848484848484849,1.2727272727272727,1.2727272727272727,1.9848484848484849
d5787410a3dece01658c,1.75,0.2166666666666666,0.2166666666666666,1.75
08622a731cc20a33792d2855,0.9,1.45,1.45,0.9
1f7491c434e3dc97ef4d466b,0.8076923076923077,3.5,3.5,0.8076923076923077
46d006795be9d805e8012336,1.0,1.9456521739130437,1.9456521739130437,1.0
5466027c32c10a403145de9e,0.3863636363636363,1.4642857142857144,1.4642857142857144,0.3863636363636363
82722a73d4b5e3441b95040b,0.0,2.916666666666667,2.916666666666667,0.0
b5fcc1f1820d35ed4a740458,2.203703703703704,0.6785714285714285,0.6785714285714285,2.203703703703704
232cde9f65b9ccaee8b7,1.05,1.29375,1.29375,1.05
3773560f0634831e287a,1.3375,2.110465116279069,2.110465116279069,1.3375
40ba8c7435c60803bb16,1.25625,1.29375,1.29375,1.25625
540049f0707aa71494e6,0.7209302325581395,1.0,1.0,0.7209302325581395
55db965e3a8aed3a513d,1.1,1.525,1.525,1.1
6ca1138953959214a3c7,1.5,1.55,1.55,1.5
82d6a36a18d3883d513a,1.59375,1.11875,1.11875,1.59375
8490974118d63a82b864,1.1282051282051282,1.1125,1.1125,1.1282051282051282
97402aa78bbecaf736a4,1.6625,0.5249999999999999,0.5249999999999999,1.6625
98b4eb905a83ac07b8d2,2.6346153846153846,1.14375,1.14375,2.6346153846153846
b3f0a71b73c5adf75763,2.0,1.3375,1.3375,2.0
f010c163c3e46e5a4a9f,2.2261904761904763,0.9625,0.9625,2.2261904761904763
f1cbc30623c1cbad0b87,1.25,1.68125,1.68125,1.25
f277f12ce45fd0570103,2.05,1.6875,1.6875,2.05
f7acc025d189bd58e62a,0.8999999999999999,1.15625,1.15625,0.8999999999999999
a4a366bc701b0a05c8a3,2.36875,1.575,1.575,2.36875
152933b0c4c7ec94adc92ed2,1.75,1.732142857142857,1.732142857142857,1.75
2d6b80985d21442bfefab6bf,1.8148148148148149,1.8881578947368425,1.8881578947368425,1.8148148148148149
2d8c8e3f6277480af4fcaca8,1.5666666666666669,1.0476190476190474,1.0476190476190474,1.5666666666666669
ba886d94cf3c2af9b45a8e92,1.6363636363636365,0.9166666666666666,0.9166666666666666,1.6363636363636365
d985a2a736dfb02daf74d6c8,1.5,0.875,0.875,1.5
89609748f4116da3b8b0,1.1,1.025,1.025,1.1
9395e5ea8326d36a6a4c,0.7000000000000001,1.1375,1.1375,0.7000000000000001
27bc58b753a07e576ee2,1.03125,1.5,1.5,1.03125
2b865e4249936818ac7eb043,2.125,2.083333333333333,2.083333333333333,2.125
51627a22cf12cd19742fda04,-0.25,1.25,1.25,-0.25
5f5b69b17fc9649ff03a9409,0.5,1.3815789473684212,1.3815789473684212,0.5
61663ac595a3cacb07a8bd02,1.0,1.7426470588235294,1.7426470588235294,1.0
eefaebb1416209ae0e175344,1.0576923076923077,1.675,1.675,1.0576923076923077
1da8f5e92f7543085fb1,1.1585365853658536,1.524390243902439,1.524390243902439,1.1585365853658536
cb221f6f091a17a30caa,1.475,1.7865853658536586,1.7865853658536586,1.475
f24c4bac31b0d69d3931,1.329268292682927,2.197674418604651,2.197674418604651,1.329268292682927
6cab1a0b06187ae70275,1.26875,2.0792682926829267,2.0792682926829267,1.26875
742c7048af3be0d7549f,1.798780487804878,1.84375,1.84375,1.798780487804878
abfb0bcddfa26aa3b41e,2.1402439024390243,1.125,1.125,2.1402439024390243
be5cdf03243f1958cd6d,1.4545454545454546,1.9558823529411768,1.9558823529411768,1.4545454545454546
d4fe77c15575eb6bb4b4,2.0568181818181817,0.6646341463414634,0.6646341463414634,2.0568181818181817
daa0aaacedd9f20e1bcb,1.902439024390244,1.3414634146341464,1.3414634146341464,1.902439024390244
f267df2401f74f688949,1.1524390243902438,2.3902439024390243,2.3902439024390243,1.1524390243902438
0d0b9b4fb134c39fa5b3,1.6341463414634148,0.6951219512195121,0.6951219512195121,1.6341463414634148
0e039e95dd8058f6f167,1.1097560975609757,0.8719512195121951,0.8719512195121951,1.1097560975609757
14b593ed3101574d6d27,1.5670731707317074,1.042682926829268,1.042682926829268,1.5670731707317074
1ae6896909003b5207f4,1.5304878048780488,1.3841463414634143,1.3841463414634143,1.5304878048780488
24d77aebc876050d222f,1.3414634146341464,1.4573170731707317,1.4573170731707317,1.3414634146341464
305f789a9ef1c7e0067f,1.0365853658536586,1.097560975609756,1.097560975609756,1.0365853658536586
3418eb39196e054de52b,1.201219512195122,1.975609756097561,1.975609756097561,1.201219512195122
3484dbc8b09e8137ffa9,1.3963414634146345,1.8658536585365852,1.8658536585365852,1.3963414634146345
402e2caea0942a6a1a8e,1.7073170731707317,1.0182926829268293,1.0182926829268293,1.7073170731707317
465057f4f86d339853bd,1.8963414634146345,0.7012195121951219,0.7012195121951219,1.8963414634146345
4720bb8212ecc92fd7e6,1.6341463414634148,1.274390243902439,1.274390243902439,1.6341463414634148
5403ef2d82bcc6ff450a,0.9634146341463414,1.0,1.0,0.9634146341463414
5590eb2f830921ede883,1.298780487804878,1.951219512195122,1.951219512195122,1.298780487804878
55b6f92d01141e5c5119,0.6524390243902438,0.7378048780487805,0.7378048780487805,0.6524390243902438
59efd0b77af0afe830f7,0.9485294117647056,1.8602941176470589,1.8602941176470589,0.9485294117647056
6008bf0358770c25a765,1.3902439024390243,1.5121951219512195,1.5121951219512195,1.3902439024390243
6498e3397d3b30542aa5,1.5914634146341464,1.1585365853658536,1.1585365853658536,1.5914634146341464
66a30fc99accad4bc164,0.9146341463414634,0.9207317073170732,0.9207317073170732,0.9146341463414634
7b7e208a99864176b583,0.9878048780487806,1.25,1.25,0.9878048780487806
80f093ba97c31af9ef16,1.6911764705882353,-0.0887096774193548,-0.0887096774193548,1.6911764705882353
ad4543f6ec793ba7900b,1.0,0.902439024390244,0.902439024390244,1.0
aeae2c1d93423385e6a0,1.579268292682927,0.9817073170731708,0.9817073170731708,1.579268292682927
b11d35467df7784f41de,1.2865853658536586,0.7272727272727273,0.7272727272727273,1.2865853658536586
c2ad088cde1d157406f8,1.8963414634146345,1.2682926829268293,1.2682926829268293,1.8963414634146345
d5b64414081ca1e5b281,0.5,1.3658536585365857,1.3658536585365857,0.5
d87bc982577e155415ae,1.6402439024390243,0.8624999999999999,0.8624999999999999,1.6402439024390243
ff4650b5e9bcbc03149d,0.1854838709677418,1.6029411764705883,1.6029411764705883,0.1854838709677418
6948e912bcbdbfb75a85,1.4338235294117647,2.264705882352941,2.264705882352941,1.4338235294117647
63481ae316e3ffe40fbe,1.4191176470588236,0.8897058823529411,0.8897058823529411,1.4191176470588236
64bb475d86a43114dae6,0.3709677419354839,1.8088235294117647,1.8088235294117647,0.3709677419354839
cef960d42fbd121ef41b,1.2000000000000002,2.683823529411765,2.683823529411765,1.2000000000000002
50fda4403652fc35aa43,1.2647058823529411,1.8106060606060608,1.8106060606060608,1.2647058823529411
4c085a7f791dfe6c3e2f,1.5426829268292683,1.0182926829268293,1.0182926829268293,1.5426829268292683
aca2bf54d7f9a5bf12f4,1.551470588235294,1.4044117647058825,1.4044117647058825,1.551470588235294
7226c6937d05c6b25997,1.8231707317073167,1.524390243902439,1.524390243902439,1.8231707317073167
651d91097fbc72782ad7,1.3897058823529411,1.8676470588235292,1.8676470588235292,1.3897058823529411
bc3a2ed98f78399b7e60,1.7321428571428572,1.8511904761904765,1.8511904761904765,1.7321428571428572
3c160fb33a59882ea1a0,0.7055555555555555,0.9642857142857142,0.9642857142857142,0.7055555555555555
62e5dd689f17139a5e99,0.9329268292682928,1.1607142857142858,1.1607142857142858,0.9329268292682928
02debafb874927f0c5ff,2.107142857142857,1.5773809523809523,1.5773809523809523,2.107142857142857
0a79838fac5171dadb62,1.0178571428571428,1.9285714285714288,1.9285714285714288,1.0178571428571428
148cc13529582f6040f9,1.922619047619048,1.5773809523809523,1.5773809523809523,1.922619047619048
1959941a2d5f6ed58e21,0.7261904761904762,1.488095238095238,1.488095238095238,0.7261904761904762
32347bd2e97cd4557dbb,0.9226190476190476,1.511904761904762,1.511904761904762,0.9226190476190476
36889fdc5b10e2f6ecfb,1.0178571428571428,1.25,1.25,1.0178571428571428
407b75deedb783b7d924,2.221590909090909,1.3035714285714286,1.3035714285714286,2.221590909090909
569286208ac8f1edd350,1.2142857142857142,1.0535714285714286,1.0535714285714286,1.2142857142857142
5f5575b49653f4aee537,1.0853658536585364,1.2559523809523812,1.2559523809523812,1.0853658536585364
5f665c0995fc60d31202,1.4285714285714286,1.3333333333333333,1.3333333333333333,1.4285714285714286
6668c649c8beef5811e8,0.7083333333333333,1.3333333333333333,1.3333333333333333,0.7083333333333333
73ed274871c6bb10d880,1.988095238095238,1.1097560975609757,1.1097560975609757,1.988095238095238
747572661015630a5133,1.0,1.2916666666666663,1.2916666666666663,1.0
7d8024ae215b13bfccad,1.3214285714285714,1.3392857142857142,1.3392857142857142,1.3214285714285714
7dc057a0a3b16f2e601a,1.3571428571428572,1.6904761904761905,1.6904761904761905,1.3571428571428572
900e59e18372da327674,1.1547619047619049,1.119047619047619,1.119047619047619,1.1547619047619049
971a117d65c17e3e21eb,1.3333333333333337,1.6785714285714286,1.6785714285714286,1.3333333333333337
9fda056ba10c3e65116b,1.8035714285714284,0.9166666666666669,0.9166666666666669,1.8035714285714284
9ff35d8b4b60541a2dad,1.482142857142857,1.613095238095238,1.613095238095238,1.482142857142857
ac56bcc80334371201b1,1.5,1.5297619047619049,1.5297619047619049,1.5
b0d94cbb13ee342b70cd,1.524390243902439,1.2317073170731707,1.2317073170731707,1.524390243902439
ccd7f79edefb022bf4c9,1.922619047619048,0.7202380952380952,0.7202380952380952,1.922619047619048
ce5c9ddc5b2363d8fd30,1.1488095238095235,1.2083333333333333,1.2083333333333333,1.1488095238095235
d1353d20d6e9f0bb8778,0.6785714285714286,1.5833333333333333,1.5833333333333333,0.6785714285714286
dd24e962006ce1a611ed,0.6666666666666666,2.65,2.65,0.6666666666666666
e3df2dc07b108cb73f39,0.8452380952380952,2.113095238095238,2.113095238095238,0.8452380952380952
e7992c8c53c7cbe2e284,1.386904761904762,1.5654761904761905,1.5654761904761905,1.386904761904762
e8456e69f5266ab43022,1.121951219512195,0.5119047619047619,0.5119047619047619,1.121951219512195
e8d64757faadaa8e402b,1.005952380952381,1.0059523809523812,1.0059523809523812,1.005952380952381
e8f3d4621a5f9e6e6262,0.9821428571428572,1.8392857142857144,1.8392857142857144,0.9821428571428572
f2f17dac60cbc8a681e5,1.5654761904761905,1.7797619047619049,1.7797619047619049,1.5654761904761905
490ef89e61432c4d9c95,0.875,2.0055555555555555,2.0055555555555555,0.875
64e3aa377b946633c8c0,2.4107142857142856,1.0416666666666663,1.0416666666666663,2.4107142857142856
559e60c979cb766f8693,2.007142857142857,1.0142857142857142,1.0142857142857142,2.007142857142857
894007505a9225632889,1.585714285714286,1.4214285714285717,1.4214285714285717,1.585714285714286
8c59e79771acf8677554,-0.109375,1.1597222222222223,1.1597222222222223,-0.109375
b49c813c92b37df57553,1.457142857142857,1.3142857142857145,1.3142857142857145,1.457142857142857
0a55fc2c1f042c54f238,1.9357142857142855,1.75,1.75,1.9357142857142855
2c40fd7fe999fc400388,1.7857142857142858,1.5,1.5,1.7857142857142858
7282568099179f95feff,2.2285714285714286,0.390625,0.390625,2.2285714285714286
89ec5897a5a3f11e44df,0.9642857142857142,1.207142857142857,1.207142857142857,0.9642857142857142
a8f34b9571e6de6b3bb6,2.7,0.2109375,0.2109375,2.7
a5b6b49b79ac12dddf97,1.819767441860465,1.005813953488372,1.005813953488372,1.819767441860465
04c480e53bfa5085965d,1.5290697674418603,1.1744186046511629,1.1744186046511629,1.5290697674418603
124313167c0de36356f2,0.936046511627907,1.4534883720930234,1.4534883720930234,0.936046511627907
14ad813473af98823624,1.0116279069767442,0.8430232558139534,0.8430232558139534,1.0116279069767442
1c481aecac32e3ac3b82,1.3313953488372092,0.9825581395348836,0.9825581395348836,1.3313953488372092
29079063dd538c642653,0.877906976744186,1.3139534883720931,1.3139534883720931,0.877906976744186
2bbe18b41696108d3cb2,1.5406976744186047,1.9651162790697676,1.9651162790697676,1.5406976744186047
31f1a4a1c907176118cb,1.6453488372093024,1.0833333333333333,1.0833333333333333,1.6453488372093024
374322914bb0c712853b,1.4709302325581397,0.6860465116279071,0.6860465116279071,1.4709302325581397
3ee1c6ffaeda525dbba7,1.9593023255813955,2.13953488372093,2.13953488372093,1.9593023255813955
4236eba660d19f892ea7,1.1071428571428572,1.2965116279069766,1.2965116279069766,1.1071428571428572
4de3a87af120c4264601,1.8313953488372088,1.5523255813953487,1.5523255813953487,1.8313953488372088
67635ba3aed92b52ae65,1.1569767441860466,0.6744186046511628,0.6744186046511628,1.1569767441860466
690712fb549e46f93482,1.5755813953488371,0.7034883720930233,0.7034883720930233,1.5755813953488371
6d9135ccd0ce4fafab2e,1.7616279069767442,1.1453488372093024,1.1453488372093024,1.7616279069767442
82de8cb2db16e762b4e0,1.616279069767442,0.7608695652173914,0.7608695652173914,1.616279069767442
87e71fd0deb0f4acf42c,1.5290697674418603,1.4011627906976745,1.4011627906976745,1.5290697674418603
96c6ab331004de19839b,1.2965116279069766,1.2034883720930232,1.2034883720930232,1.2965116279069766
9a0b82cd68ef57d52b1e,1.005813953488372,1.4709302325581397,1.4709302325581397,1.005813953488372
a0c0a758b9808b04c4a4,1.2674418604651163,1.058139534883721,1.058139534883721,1.2674418604651163
a6b9ced1d4a0a3dcbfe0,1.505813953488372,1.872093023255814,1.872093023255814,1.505813953488372
a936338cb0e932fc8ff5,0.7790697674418605,0.9767441860465116,0.9767441860465116,0.7790697674418605
b55c5bf8f7e1e060be40,2.0872093023255816,1.5714285714285714,1.5714285714285714,2.0872093023255816
bb747299224a3802a3c9,1.25,1.377906976744186,1.377906976744186,1.25
bbbd925393cdd75e42e0,1.5988372093023258,1.848837209302325,1.848837209302325,1.5988372093023258
c33b59c966dddeb901d9,1.7151162790697674,0.7383720930232558,0.7383720930232558,1.7151162790697674
dac88bc15f59d4533f29,1.1904761904761905,0.8488372093023255,0.8488372093023255,1.1904761904761905
dbbf60e5cc12b0cc0d62,2.6097560975609757,0.9345238095238094,0.9345238095238094,2.6097560975609757
de373fb43b2a07bab85e,1.1104651162790695,2.430232558139535,2.430232558139535,1.1104651162790695
e0041b4b31e0fbdf6cf0,1.377906976744186,1.4476744186046513,1.4476744186046513,1.377906976744186
e8e3fabf9d7d6977689d,1.25,1.1726190476190477,1.1726190476190477,1.25
f148b8ea5be025ef71a3,1.087209302325581,0.988372093023256,0.988372093023256,1.087209302325581
f2c7260b87626b47e155,0.4941860465116279,0.9883720930232558,0.9883720930232558,0.4941860465116279
f5febe0461be657b92ce,1.2034883720930232,1.7151162790697674,1.7151162790697674,1.2034883720930232
f7658f4acdffe7fc6573,1.3895348837209305,1.872093023255814,1.872093023255814,1.3895348837209305
58d6e05222d391808931,2.0380434782608696,2.2444444444444445,2.2444444444444445,2.0380434782608696
e90b1467a3dddc22b0df,1.7999999999999998,1.3642857142857143,1.3642857142857143,1.7999999999999998
1bfa1f112544aee0db88a941,0.9464285714285714,0.375,0.375,0.9464285714285714
3108b9bafcf58323af451356,2.1666666666666665,1.0,1.0,2.1666666666666665
47b7c05ce9270bd52641a57f,1.935897435897436,1.6875,1.6875,1.935897435897436
87a7a0f18b29eb25a88be5b4,2.0,1.761904761904762,1.761904761904762,2.0
be4f59c27949f4d556fb538c,0.3333333333333333,1.7232142857142856,1.7232142857142856,0.3333333333333333
12495ca07170cda98874,1.805555555555556,2.048611111111111,2.048611111111111,1.805555555555556
1946feb28da2836e29e326ff,0.7142857142857142,-0.0999999999999999,-0.0999999999999999,0.7142857142857142
33a9c28b2ac092956d642031,0.71875,1.25,1.25,0.71875
718ad29c45975546ff4b78e8,1.4375,2.05,2.05,1.4375
b2e067599ca6fe47289a86fa,1.9375,1.375,1.375,1.9375
df363bb28f3b39e13ca27922,0.375,1.0,1.0,0.375
f2b871d895c5a38e3d8a89de,2.3,0.6000000000000001,0.6000000000000001,2.3
c1585e6c0d29496f826e,1.3055555555555556,2.2777777777777777,2.2777777777777777,1.3055555555555556
28e8149c3e78a948d811576e,1.6,1.1590909090909092,1.1590909090909092,1.6
36871a9d9dc3896aa8fcde10,2.975,3.5,3.5,2.975
7a682beb840ea14117588d8d,1.7214285714285715,1.4874999999999998,1.4874999999999998,1.7214285714285715
8d7e2e6779c3b1e66ac1bca3,0.9166666666666666,-0.625,-0.625,0.9166666666666666
ebd5cdef5e24b3cfdb997d97,1.3958333333333333,2.1607142857142856,2.1607142857142856,1.3958333333333333
220e6ee5a1d3051f24cb,2.625,1.2383720930232558,1.2383720930232558,2.625
2caf00df154df99dd37b,1.98936170212766,1.0511363636363638,1.0511363636363638,1.98936170212766
113514131f3bf39c159a,2.266304347826087,1.1704545454545454,1.1704545454545454,2.266304347826087
27e9d485ffe5b70d65de,1.5284090909090908,0.8191489361702127,0.8191489361702127,1.5284090909090908
3cb1b6f6a1485531799d,2.0681818181818183,1.75,1.75,2.0681818181818183
3f12347fc5697687e530,1.8125,1.8920454545454544,1.8920454545454544,1.8125
b192c6d0afedf1da52b1,1.6988636363636365,0.8238636363636364,0.8238636363636364,1.6988636363636365
c0b8c4ea4f17e85862bc,0.9722222222222222,1.8263888888888888,1.8263888888888888,0.9722222222222222
db36663060a8baf494ec,1.8522727272727275,1.7159090909090908,1.7159090909090908,1.8522727272727275
c8edf4bc180801c7d95a,1.6704545454545454,1.0397727272727273,1.0397727272727273,1.6704545454545454
13b2dd1105a002667800,0.7159090909090909,0.9069767441860466,0.9069767441860466,0.7159090909090909
22de0bb0090ba0d4013f,1.4513888888888888,-0.0757575757575758,-0.0757575757575758,1.4513888888888888
39f60b2a837b763e4d70,0.6590909090909092,1.5397727272727273,1.5397727272727273,0.6590909090909092
3c2a72bbd1e7bf95fad1,1.5,1.119318181818182,1.119318181818182,1.5
3dac19d30cb71844b481,1.5454545454545454,1.5170454545454546,1.5170454545454546,1.5454545454545454
3eb29db49a92971b93c8,0.7840909090909091,1.25,1.25,0.7840909090909091
4939796caa8a75840969,0.9772727272727272,1.8011363636363638,1.8011363636363638,0.9772727272727272
59f2c28dfc8dcc4d1b85,1.431818181818182,0.8806818181818181,0.8806818181818181,1.431818181818182
6157f031b55ed61d115c,0.3484848484848484,1.8611111111111112,1.8611111111111112,0.3484848484848484
6d733d3159a630172466,1.494318181818182,1.056818181818182,1.056818181818182,1.494318181818182
70e3555212047919de16,1.8238636363636365,1.0113636363636362,1.0113636363636362,1.8238636363636365
75ef42af56e8aa8f9a80,1.2102272727272727,1.4886363636363638,1.4886363636363638,1.2102272727272727
8118c472229427a213be,1.5290697674418603,1.2209302325581397,1.2209302325581397,1.5290697674418603
825c272b8e3622c6b01e,1.4204545454545456,1.306818181818182,1.306818181818182,1.4204545454545456
8d5689541025d631d373,0.9943181818181818,1.0397727272727273,1.0397727272727273,0.9943181818181818
93027123b1417877c5a4,1.4488636363636365,1.9943181818181817,1.9943181818181817,1.4488636363636365
9676bc2504984466e080,1.4829545454545454,1.1046511627906976,1.1046511627906976,1.4829545454545454
96e8460dd0a17833fb4d,1.005681818181818,1.2897727272727273,1.2897727272727273,1.005681818181818
9ed4fb96c6d5c499de02,1.2329545454545454,1.431818181818182,1.431818181818182,1.2329545454545454
ab4d2511236c05c017ba,1.3409090909090908,1.4261363636363638,1.4261363636363638,1.3409090909090908
abbd16cdaba86e9bae18,1.1079545454545454,1.2215909090909092,1.2215909090909092,1.1079545454545454
b4af2a695aec1aee637b,1.0511363636363638,0.7386363636363636,0.7386363636363636,1.0511363636363638
bbf5d4bfcd1430680b0f,0.4659090909090908,1.2897727272727273,1.2897727272727273,0.4659090909090908
c0856e9d61027cb3ff93,1.409090909090909,1.193181818181818,1.193181818181818,1.409090909090909
da771d8a394ea7fceb2c,0.1969696969696969,1.0277777777777777,1.0277777777777777,0.1969696969696969
e3d7921f899d5c95e7ad,0.7670454545454546,1.0568181818181817,1.0568181818181817,0.7670454545454546
e4112011ea24d86dcf64,1.409090909090909,0.8465909090909092,0.8465909090909092,1.409090909090909
ea7fb1ff7aa5f09540c4,1.1554054054054053,1.5277777777777777,1.5277777777777777,1.1554054054054053
5365e5f164352e35ed61,2.005681818181818,2.113636363636364,2.113636363636364,2.005681818181818
2c2db278438895ce9f97,1.1666666666666667,1.4444444444444444,1.4444444444444444,1.1666666666666667
a4a26f166fabe2e7f5cf,1.2159090909090908,1.2045454545454546,1.2045454545454546,1.2159090909090908
732c6573ad8276647d5e,1.0348837209302326,2.6395348837209305,2.6395348837209305,1.0348837209302326
f226f526ed81cc2244ac,1.3194444444444446,2.7152777777777777,2.7152777777777777,1.3194444444444446
7716ff8be6fd75f9a7ce,1.568181818181818,2.477272727272727,2.477272727272727,1.568181818181818
442d5df33796daa46ee8,1.2159090909090908,0.9602272727272728,0.9602272727272728,1.2159090909090908
65fdccf1521a743ef7a5,2.6704545454545454,1.5170454545454546,1.5170454545454546,2.6704545454545454
6e547928e0c1dba139c1,1.1022727272727273,0.9886363636363636,0.9886363636363636,1.1022727272727273
0c0c0986688e131c426e,1.4791666666666667,1.8402777777777777,1.8402777777777777,1.4791666666666667
d932a5a62404fc4e47b6,1.101351351351351,2.081081081081081,2.081081081081081,1.101351351351351
05ecc550fd521c8e633b,1.477777777777778,1.4888888888888887,1.4888888888888887,1.477777777777778
2df614cba1f509c1832d,1.011111111111111,1.1055555555555556,1.1055555555555556,1.011111111111111
40bb6e2dc075eb609c27,2.511111111111111,0.8222222222222222,0.8222222222222222,2.511111111111111
5d6fe071a1a25039e762,1.0666666666666669,1.3055555555555556,1.3055555555555556,1.0666666666666669
89382e13bdb795302f83,1.0166666666666666,1.0444444444444445,1.0444444444444445,1.0166666666666666
9b31a715af96d6197e00,1.2166666666666666,1.2,1.2,1.2166666666666666
a5b1c39bd04a433a1e6f,1.5,1.75,1.75,1.5
a9d411f460b21fc69615,0.85,1.2055555555555555,1.2055555555555555,0.85
bf205c3c97bc081d2aaa,1.1166666666666667,1.772222222222222,1.772222222222222,1.1166666666666667
c3a5ef412b6b9133432a,0.8697916666666666,1.4,1.4,0.8697916666666666
e844421a61d853615dfc,1.472222222222222,2.020833333333333,2.020833333333333,1.472222222222222
eb63338cd3c4d0532078,1.4666666666666666,2.3085106382978724,2.3085106382978724,1.4666666666666666
f4af44a69bef44e517b1,1.0277777777777777,1.511111111111111,1.511111111111111,1.0277777777777777
06a1254825e8ccad88c7,1.0666666666666669,1.211111111111111,1.211111111111111,1.0666666666666669
0983968609405dea1f8c,1.9222222222222225,1.7111111111111112,1.7111111111111112,1.9222222222222225
114a990d19c012b65e95,1.0555555555555556,1.4,1.4,1.0555555555555556
1e610bd1d9980983a92b,1.5666666666666669,0.7611111111111111,0.7611111111111111,1.5666666666666669
212219013932732c3a67,1.7833333333333334,1.4555555555555555,1.4555555555555555,1.7833333333333334
2289bc9f81cdc00fe194,1.3388888888888888,1.7666666666666668,1.7666666666666668,1.3388888888888888
22c266d21ae940eed57c,1.1722222222222225,1.0444444444444445,1.0444444444444445,1.1722222222222225
4596f381c5118d0d78c7,2.6888888888888887,0.6944444444444444,0.6944444444444444,2.6888888888888887
6004609447803972057b,1.2944444444444445,1.411111111111111,1.411111111111111,1.2944444444444445
693f24ede36d36075b29,0.9611111111111112,1.9444444444444444,1.9444444444444444,0.9611111111111112
6df6832a948e6ccaeb7c,1.0055555555555555,0.6277777777777778,0.6277777777777778,1.0055555555555555
750caeae83ebdef30319,1.3,1.4944444444444442,1.4944444444444442,1.3
82f73724ac349a3271ac,0.9388888888888888,0.972222222222222,0.972222222222222,0.9388888888888888
843352c6ebdc83d44011,2.022222222222222,2.0166666666666666,2.0166666666666666,2.022222222222222
84f68a13be0a7e4cd5ee,-0.0808823529411764,0.1691176470588235,0.1691176470588235,-0.0808823529411764
9c19e3ea2811f8b78f87,1.1888888888888889,1.8888888888888888,1.8888888888888888,1.1888888888888889
a3866363d640112797b1,0.8055555555555556,0.5277777777777777,0.5277777777777777,0.8055555555555556
a98aa6a095d8aab93abd,1.6666666666666667,1.4833333333333334,1.4833333333333334,1.6666666666666667
aa886ee67d6d4f54c694,0.3161764705882353,0.9391891891891893,0.9391891891891893,0.3161764705882353
bd45496944e8f4658a4f,1.2555555555555555,1.738888888888889,1.738888888888889,1.2555555555555555
c4234beb379ee245539a,2.15,1.4111111111111112,1.4111111111111112,2.15
c8d7cfe2e9baf61fbf25,1.588888888888889,1.027777777777778,1.027777777777778,1.588888888888889
ca5eb8abd23d47a3c11d,1.7555555555555555,1.3888888888888888,1.3888888888888888,1.7555555555555555
daba82a833b3de6dd7c5,1.2,1.4722222222222223,1.4722222222222223,1.2
f651a5300e965fb470b8,1.2111111111111112,1.011111111111111,1.011111111111111,1.2111111111111112
f65d3fdc31a21f57c2c6,0.7944444444444445,1.4722222222222223,1.4722222222222223,0.7944444444444445
ee45c5cfda387a044766,1.4324324324324325,2.2432432432432434,2.2432432432432434,1.4324324324324325
c948e2ccd700c2d5bf81,1.1621621621621625,1.5337837837837838,1.5337837837837838,1.1621621621621625
cbd79f1cfec2fa61ff89,1.2567567567567568,1.118421052631579,1.118421052631579,1.2567567567567568
f5e93b45bac809d183d2,1.9121621621621625,1.5743243243243243,1.5743243243243243,1.9121621621621625
425220fb13b68cde0fbd,2.75,1.864864864864865,1.864864864864865,2.75
a359b14b273ee754275c,1.777027027027027,1.2972972972972974,1.2972972972972974,1.777027027027027
0e9b428f80c5b9d7e94e,2.111842105263158,-0.0928571428571428,-0.0928571428571428,2.111842105263158
0ef044cf874e81489c2b,1.5789473684210529,0.3357142857142857,0.3357142857142857,1.5789473684210529
1a65787befdd8883504f,1.5592105263157896,1.0657894736842106,1.0657894736842106,1.5592105263157896
dfcd16b5bb8624a7cbdc,0.9407894736842106,1.4539473684210529,1.4539473684210529,0.9407894736842106
ccd784fe3e18c4bc50c8,1.7894736842105263,1.4802631578947367,1.4802631578947367,1.7894736842105263
f501cdbe362b6374c194,1.9078947368421053,1.8881578947368425,1.8881578947368425,1.9078947368421053
3d5180a78da36429cf06,1.1153846153846154,1.125,1.125,1.1153846153846154
623324f0c0107931229a,1.2894736842105263,1.25,1.25,1.2894736842105263
b3a148b7a551be646ef5,0.2642857142857143,1.756578947368421,1.756578947368421,0.2642857142857143
c0b9cdcb5a255b930588,2.1776315789473686,2.664473684210526,2.664473684210526,2.1776315789473686
3a1a5d0b2623d0cc6bde,1.205128205128205,1.8269230769230769,1.8269230769230769,1.205128205128205
19338e30ef25af03bb73,1.0833333333333333,1.846153846153846,1.846153846153846,1.0833333333333333
5b833e3fba62bd361a25,-0.0625,1.0064102564102564,1.0064102564102564,-0.0625
b0b4b9d669383df3e385,1.7371794871794872,1.175,1.175,1.7371794871794872
ab5ccd05195b9562a8b8,0.3194444444444445,0.2847222222222222,0.2847222222222222,0.3194444444444445
bf1bc56e0bae7f1a058c,1.403846153846154,1.6217948717948718,1.6217948717948718,1.403846153846154
7e45abaf189a074ac91d,1.9294871794871795,2.1474358974358974,2.1474358974358974,1.9294871794871795
06414b601f83978c29a9,2.621794871794872,1.608974358974359,1.608974358974359,2.621794871794872
a4a0891a2f55c709a1d8,1.435897435897436,2.083333333333333,2.083333333333333,1.435897435897436
e403b16257e3177dc0e8,1.0256410256410255,1.3461538461538465,1.3461538461538465,1.0256410256410255
066dbe37975f89872f83,1.65,1.1625,1.1625,1.65
07f61de792ca63dba31d,2.175,-0.0743243243243242,-0.0743243243243242,2.175
79d1cdc352d0b83e3d0a,1.4,2.55,2.55,1.4
884d9948f1863f94b316,1.575,0.9875,0.9875,1.575
9514c36174eea05237e5,0.3716216216216216,1.3875000000000002,1.3875000000000002,0.3716216216216216
afa69a0b59aaf58a2ba2,1.88125,1.775,1.775,1.88125
c1c526a8b1554f902c83,2.11875,1.45,1.45,2.11875
dd0eebf6f6ad41953650,1.86875,1.05,1.05,1.86875
e170ee66e2c06e707cbe,1.1402439024390243,0.2972972972972973,0.2972972972972973,1.1402439024390243
e32cace15e278e33fd46,1.06875,1.875,1.875,1.06875
1cd318481609a9a31869,,,,
4ff5ffd1432f53bcee84,,,,
7651205f74e71384897b,,,,
9d4ab5b48935d1296712,,,,
a8bc179170ecc1ac7d3d,,,,
d57e88cae8e0471c9943,,,,
da6e0efc35f3425ce58e,,,,
df2c960ed10bdfe6be42,,,,
da9acc0514c91b02d49a,,,,
606dccfdf7d276ed7277,,,,
efb58125822fa1494763,,,,
4b7281cf626080a5c3f2,,,,
5322f07ee47bcfce19b8,1.4390243902439024,2.5121951219512195,2.5121951219512195,1.4390243902439024
1663ca59f51beb36f229,3.5,-0.25,-0.25,3.5
2526-0001,1.392857142857143,2.5357142857142856,2.5357142857142856,1.392857142857143
2526-0002,1.4024390243902438,1.701219512195122,1.701219512195122,1.4024390243902438
2526-0003,2.333333333333333,1.1158536585365857,1.1158536585365857,2.333333333333333
2526-0004,1.1964285714285714,1.7282608695652173,1.7282608695652173,1.1964285714285714
2526-0005,1.8231707317073167,1.8109756097560976,1.8109756097560976,1.8231707317073167
3015e39db301998f52d5,1.0,-0.25,-0.25,1.0
57f4ea032835cc3bf078,3.25,3.75,3.75,3.25
7dd965dbdb795aee5318,3.25,-0.25,-0.25,3.25
85541d55ead6523ffe90,3.25,3.25,3.25,3.25
8f1178183a1c9d9fdf48,2.152439024390244,0.9878048780487806,0.9878048780487806,2.152439024390244
b7b6ef8ac09ebdc415e3,3.25,1.0,1.0,3.25
cce38ba2563fc8c8e273,-0.75,-0.25,-0.25,-0.75
f32a2d7a8cafd91f0b77,-0.25,3.25,3.25,-0.25
71bfddc4c91433079439,1.0,-0.5,-0.5,1.0
96046d3587fa9522bf11,1.0,-0.25,-0.25,1.0
2526-0006,1.3902439024390243,1.9146341463414636,1.9146341463414636,1.3902439024390243
2526-0007,2.201219512195122,,,2.201219512195122
2526-0008,,0.9404761904761904,0.9404761904761904,
2526-0009,1.5609756097560976,,,1.5609756097560976
6bda3ac19f55fa01d667,1.5609756097560976,1.725609756097561,1.725609756097561,1.5609756097560976
a10933e8e4bd24f0f485,2.201219512195122,1.1097560975609757,1.1097560975609757,2.201219512195122
15f112b7778017584a97,3.25,1.0,1.0,3.25
b4c426268a9d30a986fb,-0.25,1.0,1.0,-0.25
e4e91bf75c78ed68a156,1.121951219512195,2.527173913043478,2.527173913043478,1.121951219512195
2526-0010,1.0892857142857142,2.542553191489361,2.542553191489361,1.0892857142857142
f9446e1daa2da57572de,1.9146341463414636,1.1964285714285714,1.1964285714285714,1.9146341463414636
4ee745d3fed1d5c09fb0,2.375,-0.5,-0.5,2.375
cbd9a41ca062abec29bc,,,,
1351a643ef3b9d86bdba,0.375,2.25,2.25,0.375
1b3428f077245fde7b4d,0.9404761904761904,1.392857142857143,1.392857142857143,0.9404761904761904
22d31bc1fb20b16a81fb,1.5,1.5,1.5,1.5
67bf09490e3320e2e2e6,3.625,2.125,2.125,3.625
6d330d33f7283da0a1ac,3.5,1.5,1.5,3.5
718eed205339b94b6389,-0.25,2.125,2.125,-0.25
870daa2a8d53a8a8b974,1.8109756097560976,1.511904761904762,1.511904761904762,1.8109756097560976
a258f2150c8252b80401,1.5,3.25,3.25,1.5
acbd68ce6faf482098ab,2.542553191489361,2.2261904761904763,2.2261904761904763,2.542553191489361
b0af55c21f093720a1e0,1.0,2.125,2.125,1.0
b6e198193ff5dd8cc34e,-0.5,-0.25,-0.25,-0.5
caa92ebcce2755e9c6fb,1.25,-0.5,-0.5,1.25
e040e20d9dce61cfe3c6,1.1158536585365857,2.196428571428572,2.196428571428572,1.1158536585365857
ee0063011bcd27c1caa2,1.7282608695652173,2.333333333333333,2.333333333333333,1.7282608695652173
3893ec24537dd6f9e087,1.5,2.125,2.125,1.5
48feac476b48c48cbb4b,-0.25,2.125,2.125,-0.25
538a739e5c2295db4465,,,,
bfb5c603b811b7027426,,,,
d32f4486035cb773e7db,,,,
d80eb633a5a640bca230,,,,
f23d437a9272e2dcf6b1,,,,
5a6f7fb4a94b592025ec,,,,
05299451142683808908,,,,
131b7bc3709ade288240,,,,
36c20a91b5a29081f9a7,,,,
9a9c47cb64514b388d46,,,,
12587aad8056e7e6c15a,1.0773809523809523,1.4024390243902438,1.4024390243902438,1.0773809523809523
5bf478cb921f3e46f172,1.701219512195122,1.0892857142857142,1.0892857142857142,1.701219512195122
8cf6a5aa41936e7ed721,1.7678571428571428,1.3902439024390243,1.3902439024390243,1.7678571428571428
e970466839a7c2fcfcd3,,,,
ee4da5c462b6c294d70d,,,,
518f9e30a24dda690b34,,,,
d0c7669c5888ad8e3dec,,,,
d32524b1cff15f7975ae,,,,
d9ea012dd794721324bc,,,,
08686ae7b899ac668257,2.5357142857142856,1.8231707317073167,1.8231707317073167,2.5357142857142856
8461e98cd5391ac8e050,,,,
5799fb35967fe3d39846,,,,
6a435a7d23c0764fd268,-0.5,3.25,3.25,-0.5
5f3d9f0bda1ece69c22d,2.5,2.083333333333333,2.083333333333333,2.5
ad65fd1e55fa76e88b51,1.0,1.0,1.0,1.0
c5db8caf0ee05566524a,-0.25,1.0,1.0,-0.25
04e6777fbd726cc84cf4,3.0,-0.25,-0.25,3.0
37e1c5391026f0d04828,1.3333333333333333,1.3333333333333333,1.3333333333333333,1.3333333333333333
46e13aff37633014a865,0.0,0.5833333333333333,0.5833333333333333,0.0
50dc77a460ef74a93488,1.1453488372093024,0.9127906976744188,0.9127906976744188,1.1453488372093024
6673d619d3e58ddb387a,2.5,1.3333333333333333,1.3333333333333333,2.5
6975b2d5d38ef3b86d68,1.7738095238095235,2.463541666666667,2.463541666666667,1.7738095238095235
6afbc4462bbc66a8d81f,2.5,3.5,3.5,2.5
911f4496224e088445f0,1.3928571428571428,1.9642857142857144,1.9642857142857144,1.3928571428571428
91d1ae649b41ff1634fe,1.3333333333333333,0.0,0.0,1.3333333333333333
9520a2767fbdfc8a95bf,1.1666666666666663,1.9166666666666667,1.9166666666666667,1.1666666666666663
ab5df2ed7453a4ea07a5,1.3333333333333333,-0.25,-0.25,1.3333333333333333
ce8717eacb594b25c373,1.552325581395349,1.680851063829787,1.680851063829787,1.552325581395349
df6e079f2cce0d24b5f2,0.1666666666666666,1.9166666666666667,1.9166666666666667,0.1666666666666666
ec231d6556474a10890e,2.357142857142857,1.0755813953488371,1.0755813953488371,2.357142857142857
f6e57e3285081eb69364,1.436046511627907,1.1726190476190474,1.1726190476190474,1.436046511627907
d9088912e34e50e890e9,-0.4166666666666667,3.4166666666666665,3.4166666666666665,-0.4166666666666667
b1b1f0faba2fe759b30a,0.9166666666666666,1.0833333333333333,1.0833333333333333,0.9166666666666666
58a31efdc3e46623265c,-0.5,-1.5,-1.5,-0.5
ca819b1ab1fc9a390cf4,1.0,-0.25,-0.25,1.0
e1a50330b4e7f6b2e269,3.75,3.25,3.25,3.75
eb12a9b6e4cfc19a6fbb,-0.25,-0.75,-0.75,-0.25
21df9533393128354361,3.5,-0.25,-0.25,3.5
ef22d5d494d7c8886c8b,4.5,3.5,3.5,4.5
fe7dc6723f46afe0824c,1.0,-0.5,-0.5,1.0
583302ba4fc9be45bcde,3.25,1.0,1.0,3.25
66c460c4f83999f1a3e3,1.0,3.5,3.5,1.0
51b46041911f609bdd36,1.380952380952381,1.761904761904762,1.761904761904762,1.380952380952381
7e59640232b15c75df56,2.1337209302325584,1.648809523809524,1.648809523809524,2.1337209302325584
a204c7d11cd7464262ce,2.2732558139534884,2.552325581395349,2.552325581395349,2.2732558139534884
e6ad2081c20613fc6e5d,1.1453488372093024,1.75,1.75,1.1453488372093024
dec68af615b10074a365,-0.25,3.5,3.5,-0.25
841ebc5bad91a81ba60b,3.25,1.0,1.0,3.25
5a8b95a7566ae9b5264a,1.0,-1.25,-1.25,1.0
90647de0156a77f31ca8,3.5,1.0,1.0,3.5
77b3b3e2c1e94e087834,-0.5,3.25,3.25,-0.5
3761162ae5a956a8f294,1.0,4.25,4.25,1.0
8754d9769f89eabd4975,1.0,-0.5,-0.5,1.0
299dd3cb4f036234a013,-0.375,0.6875,0.6875,-0.375
f0ef045784fbde2a5599,3.625,0.375,0.375,3.625
093d802cd2f235ac286a,2.4375,0.0625,0.0625,2.4375
0948846c898e2c44332f,0.8863636363636364,1.755813953488372,1.755813953488372,0.8863636363636364
0e0a7d85fb437ecef967,0.6875,1.0,1.0,0.6875
1e9c6568584639a5a425,1.7034883720930234,1.193181818181818,1.193181818181818,1.7034883720930234
2f206d50b3a03ede3dae,1.686046511627907,1.4772727272727273,1.4772727272727273,1.686046511627907
3860921ee44a9f0d60b0,0.6875,1.25,1.25,0.6875
3935ff08ee41a6c686ee,1.1395348837209305,1.2045454545454546,1.2045454545454546,1.1395348837209305
3c22128ea4b021143dc2,1.75,2.5625,2.5625,1.75
50688ece9c853d342fdb,3.375,1.8125,1.8125,3.375
68b975ded0c936c6b79c,2.0,1.5113636363636365,1.5113636363636365,2.0
6954e794a03cd8b4efcc,1.6931818181818183,2.215909090909091,2.215909090909091,1.6931818181818183
6d3ec5e4377cf108ec52,1.7135416666666663,1.436046511627907,1.436046511627907,1.7135416666666663
7ea313c9d726e9a179b8,2.433673469387755,1.3488372093023255,1.3488372093023255,2.433673469387755
8a1fbdd7102059ecd68f,2.3125,-0.125,-0.125,2.3125
9277298b0657bffa7a72,0.75,1.875,1.875,0.75
9c42c63ad3b7c7b00e16,0.25,2.6875,2.6875,0.25
672dc91a60aefb071d65,1.3125,0.875,0.875,1.3125
70626acf3106fc7acedd,1.5625,2.5,2.5,1.5625
e5b9f1d1bb2caa7fb67f,0.25,0.375,0.375,0.25
01974fb66bc23af6bcd7,3.5,2.25,2.25,3.5
19ebc5d5c5223658117a,2.375,-0.5,-0.5,2.375
5ac3fd9e9748141a125d,1.5,-0.625,-0.625,1.5
86ccc39aec8d436556f1,1.0,0.375,0.375,1.0
d3910be99d50e7d8c907,1.375,1.25,1.25,1.375
120b3f72c16393321a25,2.0,3.375,3.375,2.0
82130e74eaf2cf75f257,0.25,3.875,3.875,0.25
20f27704f6e74109a212,3.375,1.0,1.0,3.375
96955662559c58bac8d3,1.125,2.0795454545454546,2.0795454545454546,1.125
deda5c5aba959fdedef9,2.5681818181818183,2.305,2.305,2.5681818181818183
bb45438f282f08056520,1.8125,1.25,1.25,1.8125
6a187147cb3e67f72cd6,-0.125,3.25,3.25,-0.125
654a3a333028d7ad0b78,0.25,1.0,1.0,0.25
82dbe1c11546ee997c83,2.125,0.375,0.375,2.125
23e48384f296a314f68f,1.625,2.25,2.25,1.625
8d62b448567973b5814b,1.75,-0.375,-0.375,1.75
d55add1fc13ad9142b25,0.125,0.375,0.375,0.125
73e720fc135695b7d23a,1.5,1.625,1.625,1.5
3cf5e3ed5ba9e8fc2ad6,3.25,0.0,0.0,3.25
f11543660dea40b595ac,0.375,1.625,1.625,0.375
381db2182ffb0ccd5281,2.1,2.9,2.9,2.1
69915e31825b4ee63062,2.583333333333333,0.8333333333333334,0.8333333333333334,2.583333333333333
76bf27f0e1236475a986,1.4166666666666663,-0.0833333333333333,-0.0833333333333333,1.4166666666666663
09b8e05b8a6926ece6c6,1.5,1.3920454545454546,1.3920454545454546,1.5
1fc63406d636065136aa,0.9,-0.55,-0.55,0.9
254175644b2203a911b7,1.1988636363636365,1.6420454545454544,1.6420454545454544,1.1988636363636365
342d81a477adfd334f87,1.638888888888889,2.2549019607843137,2.2549019607843137,1.638888888888889
346591fea31c183e48d2,0.7000000000000001,1.45,1.45,0.7000000000000001
48770c02b4015cdaa101,1.4261363636363638,1.1611111111111112,1.1611111111111112,1.4261363636363638
51636c6cea8b7783a7e9,1.9772727272727275,1.0833333333333333,1.0833333333333333,1.9772727272727275
6ce0e30859d862a74583,1.2,0.8,0.8,1.2
72b9a65d25728cf48d47,1.1888888888888889,2.583333333333333,2.583333333333333,1.1888888888888889
c8f1aa02158d032e5a2e,2.7,1.25,1.25,2.7
caf9e9166571a8201dd4,2.2,2.15,2.15,2.2
e554684576296994600d,2.38,0.8611111111111112,0.8611111111111112,2.38
eff23e77e92100a450f5,-0.25,1.65,1.65,-0.25
69c3463fef2e4df9593a,1.7000000000000002,1.35,1.35,1.7000000000000002
e5c42cc0298fbbb24457,1.65,0.85,0.85,1.65
e651e21789882cdb2ae4,0.5833333333333333,0.9166666666666666,0.9166666666666666,0.5833333333333333
1edf4e77e320bfa5ae30,0.1666666666666666,1.0,1.0,0.1666666666666666
46fb0ba23c6c5be30098,4.0,2.083333333333333,2.083333333333333,4.0
6215b2ccd23c9382cdba,0.75,1.4166666666666663,1.4166666666666663,0.75
8b6d722c2b6946ab492e,-0.5,-0.25,-0.25,-0.5
a7028ee4bc789f3896c8,3.333333333333333,0.3333333333333333,0.3333333333333333,3.333333333333333
8d00c5d2f4bc552d1683,2.666666666666667,1.75,1.75,2.666666666666667
b9ad53ab4305d92910cf,2.1666666666666665,2.5,2.5,2.1666666666666665
6120f9f5a32abb76ab5c,2.1166666666666667,2.25,2.25,2.1166666666666667
aacac2ba82f3f163ed03,1.7897727272727273,1.5166666666666666,1.5166666666666666,1.7897727272727273
cd23d0a7f40a96f77ec5,1.6875,1.6989795918367347,1.6989795918367347,1.6875
8df20746ea2af2a1aa65,2.083333333333333,1.0833333333333333,1.0833333333333333,2.083333333333333
1190dd1c703b6e2128c9,0.0,2.5,2.5,0.0
4f5d78b21ababbda5dba,1.9166666666666667,1.0,1.0,1.9166666666666667
f54617b9ebc8b89d1513,0.25,2.6,2.6,0.25
76b5b3b883195d4a8358,0.6666666666666667,2.25,2.25,0.6666666666666667
699cd4160966710bc8b9,-0.0833333333333333,1.4166666666666663,1.4166666666666663,-0.0833333333333333
47305e9abe3532ca0858,1.4166666666666663,0.5,0.5,1.4166666666666663
cfd75b47a362c2726126,1.8333333333333333,2.75,2.75,1.8333333333333333
bdb19212493f17f763dc,0.8333333333333334,1.25,1.25,0.8333333333333334
d8d5ced0229bd65bba9a,0.95,1.25,1.25,0.95
8c8bfafe33ea6d9fb3b7,0.1666666666666666,3.4166666666666665,3.4166666666666665,0.1666666666666666
4984d7e8849fdf887a06,1.9583333333333333,1.7083333333333337,1.7083333333333337,1.9583333333333333
71e44e8e566f74be9225,0.875,3.9375,3.9375,0.875
07156992a777ec56b9ec,1.1666666666666667,2.208333333333333,2.208333333333333,1.1666666666666667
0798df07fad4825b3f08,2.230769230769231,2.092391304347826,2.092391304347826,2.230769230769231
0bb8a14ed244cc0f78b4,2.958333333333333,0.9166666666666666,0.9166666666666666,2.958333333333333
216b7e9e84fdd719817c,1.685,1.625,1.625,1.685
220108641b5b135ec8d6,1.5833333333333337,0.3749999999999999,0.3749999999999999,1.5833333333333337
22be2d4c58727f2f7073,1.5833333333333337,1.375,1.375,1.5833333333333337
3fb9f88befb5ec1d7612,1.1304347826086956,1.4565217391304348,1.4565217391304348,1.1304347826086956
45c365d0025b5e6fc77a,1.2916666666666663,1.4,1.4,1.2916666666666663
6fee7d4e822db7e55268,2.083333333333333,1.9166666666666663,1.9166666666666663,2.083333333333333
81b8c85042f1522a372c,0.8315217391304348,1.1944444444444444,1.1944444444444444,0.8315217391304348
83fca17287429bc851ab,1.25,0.75,0.75,1.25
9513d8a1ea986b1e8efa,2.597826086956522,1.4666666666666666,1.4666666666666666,2.597826086956522
a315e6099ac694db5e7c,1.6277777777777778,1.9277777777777776,1.9277777777777776,1.6277777777777778
bea68e28e50a4b60571a,1.5054347826086958,2.4019607843137254,2.4019607843137254,1.5054347826086958
de4bfdc022667052d777,-0.5,0.7916666666666667,0.7916666666666667,-0.5
ec5b6f73f991b5eebd4d,0.6666666666666667,1.125,1.125,0.6666666666666667
44ce45f0ddfdc60e69b3,1.6666666666666667,2.0,2.0,1.6666666666666667
32041fafcf26f27e503c,2.125,1.875,1.875,2.125
83671b1ce0a8e6eab78b,1.2,1.2916666666666663,1.2916666666666663,1.2
15cb204089562b0b50ed,0.5625,-0.4375,-0.4375,0.5625
8ec46bf8d298d1498e31,2.875,1.0625,1.0625,2.875
9687f95ad7e02d5a3d87,2.1875,1.3125,1.3125,2.1875
dd8506d5471c34d1dfda,1.3125,1.8125,1.8125,1.3125
f436b19d3d368601874d,2.375,2.75,2.75,2.375
f7ce0ab4ff45ca2e51cc,1.625,0.1875,0.1875,1.625
350de8470321cce256b1,1.75,1.875,1.875,1.75
9d6c236fdbdfe279f76b,2.222826086956521,1.772222222222222,1.772222222222222,2.222826086956521
ecc4546056de12d7c6c0,1.4388888888888889,1.672222222222222,1.672222222222222,1.4388888888888889
571b78c9326767045b42,1.6875,0.5625,0.5625,1.6875
24f0d2e23ef34505a23e,0.5,2.375,2.375,0.5
9063724524c19057eadf,0.3125,0.0625,0.0625,0.3125
647719a88da28aaffea4,1.375,1.5,1.5,1.375
f654094837875d272122,1.5,1.875,1.875,1.5
a771aca461fe1420ed6c,1.5,-0.125,-0.125,1.5
5a41ceb21735e593fb88,0.625,1.3125,1.3125,0.625
0ce7f56b3be8b2ff4e69,3.375,2.5625,2.5625,3.375
fdfe7c6d451526385dd7,1.1304347826086958,1.1576086956521738,1.1576086956521738,1.1304347826086958
80751ed082cba92a47f5,0.5625,0.25,0.25,0.5625
3fe576d5a3573b99176e,0.75,0.375,0.375,0.75
3f089cb69bf2d2f2d28c,1.7857142857142856,1.0357142857142856,1.0357142857142856,1.7857142857142856
48175c4da45601244d37,0.9285714285714286,0.0357142857142857,0.0357142857142857,0.9285714285714286
5441f0c9a8bfdeac0e3b,1.3214285714285716,0.875,0.875,1.3214285714285716
5622cb397b708b14c416,1.107142857142857,1.8214285714285716,1.8214285714285716,1.107142857142857
ab83ee5808422ad62913,2.0357142857142856,2.6785714285714284,2.6785714285714284,2.0357142857142856
d32753882497a452a155,1.7083333333333333,1.9285714285714284,1.9285714285714284,1.7083333333333333
3db34009a5fc1c7984ca,0.4642857142857143,1.3214285714285714,1.3214285714285714,0.4642857142857143
9271176ced11f3fec43a,1.6428571428571428,0.7142857142857142,0.7142857142857142,1.6428571428571428
52c5d0933729ac6315e6,1.6071428571428572,1.1428571428571428,1.1428571428571428,1.6071428571428572
fb7dcb6a4d9011a20981,1.107142857142857,1.0714285714285714,1.0714285714285714,1.107142857142857
10f805e600e1fedb7712,2.25,1.5,1.5,2.25
882d230c7baa1a0f08b1,0.6428571428571429,1.5,1.5,0.6428571428571429
20b8cadfd3e4f2d54d33,1.3967391304347827,1.49468085106383,1.49468085106383,1.3967391304347827
ffe69d54d3766823b0d2,1.28125,1.09375,1.09375,1.28125
a692fc06ecb0338ffd99,1.45,1.2999999999999998,1.2999999999999998,1.45
f261c01d103638d3d3d5,1.15,0.3,0.3,1.15
0b017b5b830113341efd,1.190217391304348,2.375,2.375,1.190217391304348
1464d6f6459bccbb5a99,1.21875,0.75,0.75,1.21875
1615d8689e3cdd302736,1.71875,1.5625,1.5625,1.71875
310f34a233efb929bd60,2.5372340425531914,1.875,1.875,2.5372340425531914
641d84e726e17d7b4e67,1.7156862745098038,1.0957446808510638,1.0957446808510638,1.7156862745098038
9823904a852f2025f267,0.0,1.03125,1.03125,0.0
ad49201432b097a527ff,1.1276595744680853,2.24468085106383,2.24468085106383,1.1276595744680853
c8736cec5b81d38807c7,1.5625,1.6875,1.6875,1.5625
c969b847fac78edca8a7,2.46875,1.0625,1.0625,2.46875
d0bdc697c9c49b4ee45d,0.6875,1.09375,1.09375,0.6875
dd6371b7612d91447988,1.8125,1.1875,1.1875,1.8125
e0fbb9af178986de7783,2.46875,0.53125,0.53125,2.46875
f30db7cb538009d4f2a2,1.90625,0.7142857142857142,0.7142857142857142,1.90625
125d81f09b2386555714,0.1,0.85,0.85,0.1
5f57d27532d2f145e8ca,1.4375,1.8125,1.8125,1.4375
b2c0ea414dbb52ba8071,0.4,1.35,1.35,0.4
61e1dbef3b9060b6866f,1.0,0.3999999999999999,0.3999999999999999,1.0
82a8faefbcc008d0e0e6,1.25,1.7000000000000002,1.7000000000000002,1.25
ae45b4a4d4987bbb74ea,2.4,3.0,3.0,2.4
e3e9f00c1db5d87b4682,1.4,0.5,0.5,1.4
4ade77d25bbc978c77b4,1.9,2.1,2.1,1.9
908a8aa1a3eb6fe683fc,3.95,2.0,2.0,3.95
3823751986f14e3195e0,1.7000000000000002,2.1,2.1,1.7000000000000002
0064e71ca5ca5e206dbe,1.5054347826086956,1.1542553191489362,1.1542553191489362,1.5054347826086956
432b83a8d063d94731bf,1.5851063829787233,1.7282608695652175,1.7282608695652175,1.5851063829787233
5523a73df9240f29eae0,2.132978723404255,1.5,1.5,2.132978723404255
77750e9ee8cda2d4c2fe,2.169811320754717,1.7119565217391306,1.7119565217391306,2.169811320754717
b5ebfbb92b35471fb81a,1.6684782608695652,0.8351063829787233,0.8351063829787233,1.6684782608695652
d07cc17223589221311f,0.96875,1.6071428571428572,1.6071428571428572,0.96875
fc4d93043b0e0e988a77,1.4,1.25,1.25,1.4
225f972e7db0bdc92593,2.6,0.4499999999999999,0.4499999999999999,2.6
e467a040d4e226573e03,0.25,1.4,1.4,0.25
2bee2d738d91f0bad4e9,0.3,1.85,1.85,0.3
b80fbd233d5535ce0e9c,0.75,0.7,0.7,0.75
eaa02f08b39bc21e8dab,0.15,2.65,2.65,0.15
6c16a9b165915faba17c,1.4,0.05,0.05,1.4
71aaae94412ef3e6dd6a,2.7,2.4000000000000004,2.4000000000000004,2.7
833e981fda67df02618c,1.84375,2.1666666666666665,2.1666666666666665,1.84375
5e50d27241786248d4e6,0.2083333333333333,0.9583333333333334,0.9583333333333334,0.2083333333333333
027b019eef405d654a2f,1.3333333333333333,1.1944444444444446,1.1944444444444446,1.3333333333333333
039d38d2fba62b36a320,1.1979166666666667,2.15625,2.15625,1.1979166666666667
170efbf957d986b4f1a4,0.8385416666666666,1.6730769230769231,1.6730769230769231,0.8385416666666666
18ee0ac2a8fe4d27a672,1.0833333333333337,1.805555555555556,1.805555555555556,1.0833333333333337
228e818ecc1ff106d251,1.4722222222222223,1.638888888888889,1.638888888888889,1.4722222222222223
2e358d64c1e3bb8e04a5,0.3333333333333333,1.3333333333333333,1.3333333333333333,0.3333333333333333
44093bdb954b39bc130d,1.904255319148936,1.5416666666666663,1.5416666666666663,1.904255319148936
7dc291d01af50e4708e9,1.3333333333333333,-0.0277777777777777,-0.0277777777777777,1.3333333333333333
9b2d8d4378ba11547c83,2.3254716981132075,2.125,2.125,2.3254716981132075
a5a083e33d118ee7f033,2.270833333333333,1.3563829787234043,1.3563829787234043,2.270833333333333
cc26e161cea2036d414e,1.5364583333333337,1.4680851063829787,1.4680851063829787,1.5364583333333337
ce1d32463d8607a066c0,1.5833333333333333,0.8055555555555555,0.8055555555555555,1.5833333333333333
d72664aa19a3b013cff6,1.7659574468085106,1.6542553191489362,1.6542553191489362,1.7659574468085106
e21ed2d26626d0c7424d,0.75,2.666666666666667,2.666666666666667,0.75
e89bf4111b7d0c67f5fb,1.8888888888888888,1.527777777777778,1.527777777777778,1.8888888888888888
ed624140039150c331dc,0.7777777777777777,0.5833333333333333,0.5833333333333333,0.7777777777777777
28a9fd58f0b7bb2eb089,0.2083333333333333,0.0416666666666666,0.0416666666666666,0.2083333333333333
4f2ca41cdb02d907b66d,1.5,0.625,0.625,1.5
e18d8d6f8f6616ecd59b,1.2777777777777777,1.25,1.25,1.2777777777777777
39b2a3f8dd2e85dbbd8b,0.9166666666666666,1.75,1.75,0.9166666666666666
724b074b1196c6fc1745,0.9583333333333334,0.2083333333333333,0.2083333333333333,0.9583333333333334
7699bf1e0ced8a5217da,2.083333333333333,0.75,0.75,2.083333333333333
91b98c4c832a5d30bb5c,1.25,2.1666666666666665,2.1666666666666665,1.25
fb2999d5065049a716d8,2.0,0.4583333333333332,0.4583333333333332,2.0
f168923202e86497e1f1,2.75,0.5,0.5,2.75
d1e79004cd3e664ff292,2.666666666666667,3.9166666666666665,3.9166666666666665,2.666666666666667
72e9d1d485f5a80e2572,1.3055555555555556,1.9166666666666663,1.9166666666666663,1.3055555555555556
73171bf04ec967e8673c,2.375,2.708333333333333,2.708333333333333,2.375
0ff5331d94ec631f427c,1.1458333333333333,2.479166666666667,2.479166666666667,1.1458333333333333
f66d0c4d73b769b049b8,1.74468085106383,1.2340425531914894,1.2340425531914894,1.74468085106383
304f0453e305cec5d770,2.1666666666666665,1.5833333333333333,1.5833333333333333,2.1666666666666665
baee869b532163f1923a,0.6666666666666667,0.0833333333333333,0.0833333333333333,0.6666666666666667
f5b83ba54aa9e479d240,1.8333333333333333,1.3333333333333333,1.3333333333333333,1.8333333333333333
f888c7901e6622680184,1.5416666666666667,1.3333333333333333,1.3333333333333333,1.5416666666666667
a4f3ce5ebdf9c3a8ea30,1.0416666666666667,1.125,1.125,1.0416666666666667
278c8198be0e2fe2efff,1.2916666666666667,1.9166666666666667,1.9166666666666667,1.2916666666666667
98a60e4f66f8a318dafa,0.3333333333333333,2.4166666666666665,2.4166666666666665,0.3333333333333333
6b4463018a465bd23f58,1.4635416666666667,1.09375,1.09375,1.4635416666666667
9cb326017d15906ff48a,1.2083333333333333,1.4583333333333333,1.4583333333333333,1.2083333333333333
08c9b3c83c7322a8cc86,1.825,1.475,1.475,1.825
5015cb69d6a048eddcd3,2.75,1.275,1.275,2.75
64cc9e3868d298dcac92,1.95,1.65,1.65,1.95
99f03b3aaee54270f5fb,0.7000000000000001,0.675,0.675,0.7000000000000001
9f111b279d9eb657c722,1.1,1.675,1.675,1.1
ffeb4b441273554702e1,1.525,1.6111111111111112,1.6111111111111112,1.525
13ccde9c4cce9c1ee831,0.3,0.6111111111111112,0.6111111111111112,0.3
50cac40792db99eee428,1.175,1.75,1.75,1.175
02c2b0fb66fe0b25485e,0.85,0.95,0.95,0.85
c5fbde336d4e593c9cc2,1.7,1.175,1.175,1.7
de849e2ffb7f06f5b8a4,1.45,1.3,1.3,1.45
96919bf144187ac95f54,2.275,0.2749999999999999,0.2749999999999999,2.275
2a6d32e0f2aa12d827f7,1.0612244897959182,2.273148148148148,2.273148148148148,1.0612244897959182
4bc251fdbd2af92e4421,0.5909090909090909,1.5,1.5,0.5909090909090909
61de0a6bef35e30772b2,1.3214285714285714,0.9642857142857142,0.9642857142857142,1.3214285714285714
57318cdee6d7ce22ef3d,0.1785714285714285,2.5357142857142856,2.5357142857142856,0.1785714285714285
019c454c4a38751c22aa,1.707547169811321,1.9427083333333333,1.9427083333333333,1.707547169811321
2dba25c8dcaa9b44d5a2,1.6875,1.1887755102040818,1.1887755102040818,1.6875
48cbeef609b60510e260,1.7272727272727273,1.6363636363636365,1.6363636363636365,1.7272727272727273
6db9f8010079d2918c91,1.1590909090909092,2.3636363636363638,2.3636363636363638,1.1590909090909092
71de56f3d1650a9bc46a,1.5227272727272727,1.375,1.375,1.5227272727272727
7c16aee803eb53ba5389,1.2954545454545454,1.9090909090909087,1.9090909090909087,1.2954545454545454
91e29ad08348486bea4a,1.7272727272727273,1.1363636363636365,1.1363636363636365,1.7272727272727273
92096f43510e359cf1d1,1.6136363636363638,0.9090909090909092,0.9090909090909092,1.6136363636363638
af804820120137e861b4,0.6136363636363636,1.1590909090909092,1.1590909090909092,0.6136363636363636
c8800b771f4c813ced05,1.3229166666666667,1.7239583333333337,1.7239583333333337,1.3229166666666667
d00c655b3e4f57e211ef,0.75,0.2272727272727272,0.2272727272727272,0.75
daf330c25bb77541ea6b,1.6363636363636362,1.818181818181818,1.818181818181818,1.6363636363636362
e43c6b375c62c733e2fb,2.423469387755102,1.5051020408163265,1.5051020408163265,2.423469387755102
5e0b9f7e7d55f1393643,1.3636363636363635,2.795454545454546,2.795454545454546,1.3636363636363635
6cae5d80c2ff68079e4b,1.857142857142857,0.7142857142857142,0.7142857142857142,1.857142857142857
e1a95d1ddbd7b0cddb7e,1.0227272727272727,0.4999999999999999,0.4999999999999999,1.0227272727272727
e5841fdd7d6394039cc6,0.6785714285714285,1.1785714285714286,1.1785714285714286,0.6785714285714285
13adb4461963b63a9d37,2.321428571428571,0.9285714285714286,0.9285714285714286,2.321428571428571
44d84c427018374b79ef,0.3214285714285714,1.4285714285714286,1.4285714285714286,0.3214285714285714
70757534cfd1f526f444,0.8571428571428572,1.4642857142857144,1.4642857142857144,0.8571428571428572
a430045cf9ecfa0f5f52,0.5357142857142857,1.0357142857142856,1.0357142857142856,0.5357142857142857
a924f10316ade292c188,3.821428571428571,0.1071428571428571,0.1071428571428571,3.821428571428571
642b3a022568b957f105,2.5,2.321428571428571,2.321428571428571,2.5
23e3057e15f2c3c6e4da,1.6428571428571428,2.25,2.25,1.6428571428571428
865902432194e4f4f4a5,1.7857142857142856,1.3928571428571428,1.3928571428571428,1.7857142857142856
51cec375531fb119a4b0,1.4583333333333333,2.2908163265306123,2.2908163265306123,1.4583333333333333
55758f8a5fce5439506a,1.203125,1.163265306122449,1.163265306122449,1.203125
c68eb2e08830b4135a6c,2.15,0.8112244897959183,0.8112244897959183,2.15
dd954eeb70923971ae1c,2.183673469387755,1.7760416666666667,1.7760416666666667,2.183673469387755
f62e983e98060bbdefe0,1.4948979591836735,1.5255102040816326,1.5255102040816326,1.4948979591836735
d41d0c7f175e18be6c6e,0.2142857142857142,0.8928571428571428,0.8928571428571428,0.2142857142857142
29f3fc6d43023d6188b5,2.2857142857142856,1.4285714285714286,1.4285714285714286,2.2857142857142856
e450390d2b18069fea83,1.0714285714285714,0.3214285714285714,0.3214285714285714,1.0714285714285714
016f0a2a6f4e60c70fd0,1.2857142857142858,2.1785714285714284,2.1785714285714284,1.2857142857142858
96318c19f921f87afcfb,0.3571428571428571,2.321428571428571,2.321428571428571,0.3571428571428571
db57072db168ffb1e435,2.071428571428572,0.2499999999999999,0.2499999999999999,2.071428571428572
f7bcf5cedbf732d708ce,1.7857142857142856,1.25,1.25,1.7857142857142856
878d61fec787c22cdb05,2.46875,0.5625,0.5625,2.46875
7378e83fcded9f9d4401,2.34375,1.6875,1.6875,2.34375
335720a7c81a35bea260,1.4375,1.53125,1.53125,1.4375
506a3a1dd6a2f530c972,0.75,2.40625,2.40625,0.75
56b90d749db28072c8bd,0.40625,1.75,1.75,0.40625
1524941cfd4fbaec4986,1.34375,0.15625,0.15625,1.34375
3589eec57103020c46d4,1.1875,1.9375,1.9375,1.1875
fc4bab0bf27cb8c00a63,0.34375,2.125,2.125,0.34375
cf40e7a617e374dc50d0,1.21875,1.0625,1.0625,1.21875
704dabea227cc0672aad,1.5,0.28125,0.28125,1.5
799e64fc68f55496c461,2.854166666666667,1.1458333333333337,1.1458333333333337,2.854166666666667
6c1b8cf1023074f453aa,2.375,0.625,0.625,2.375
136289877da350ffd072,1.9375,0.9583333333333334,0.9583333333333334,1.9375
1883283c5b844dfaf868,1.5454545454545454,1.4583333333333333,1.4583333333333333,1.5454545454545454
1b0db5e43f71283b6324,1.5833333333333333,0.5416666666666666,0.5416666666666666,1.5833333333333333
1c36633559f51a9da59f,2.290909090909091,1.6428571428571428,1.6428571428571428,2.290909090909091
2963544c194715f5f7f4,2.25,1.2083333333333333,1.2083333333333333,2.25
35eeaf76b4c1f294e562,1.235,1.455,1.455,1.235
3b36d2bee7b8ffbe2947,1.6458333333333333,0.9166666666666666,0.9166666666666666,1.6458333333333333
3c9a0972aaade3631620,1.8979591836734693,1.2551020408163265,1.2551020408163265,1.8979591836734693
3d40953af875f1612d92,1.806122448979592,2.37,2.37,1.806122448979592
3e315e4f1d5ba74ca7a6,2.020833333333333,1.8541666666666667,1.8541666666666667,2.020833333333333
48a8990874268cd335a9,1.1041666666666667,0.5208333333333334,0.5208333333333334,1.1041666666666667
4ef2173cfbe98b35a4c9,2.31,2.169642857142857,2.169642857142857,2.31
55677d6a0082039a0835,1.54,1.423469387755102,1.423469387755102,1.54
bcdda73a89ded885767a,0.1875,1.375,1.375,0.1875
c97621ff33223c66e952,1.3333333333333333,1.6666666666666663,1.6666666666666663,1.3333333333333333
f33b4d09598d4e39da5f,0.7899999999999999,1.290816326530612,1.290816326530612,0.7899999999999999
2ce50b1491a40a28f282,0.75,1.4791666666666667,1.4791666666666667,0.75
6930852fbfe43118c991,1.0208333333333333,1.1666666666666667,1.1666666666666667,1.0208333333333333
89db63be245e9490719b,1.6111111111111112,1.222222222222222,1.222222222222222,1.6111111111111112
3e6cdab6f1de0ead850e,2.4375,2.59375,2.59375,2.4375
45796e294145026ccd1a,1.25,0.28125,0.28125,1.25
4cd330d9cad45246e693,1.0625,1.125,1.125,1.0625
ae743b794c0eb9d22c8d,0.0,0.6875,0.6875,0.0
ea21a487602a25a5613d,1.71875,0.21875,0.21875,1.71875
7e018f188e1545518fdf,1.9444444444444444,2.555555555555556,2.555555555555556,1.9444444444444444
25afd39b600cb3f2abe2,2.34375,3.8125,3.8125,2.34375
c0c559fb08ff1dbda0d4,1.75,1.5833333333333333,1.5833333333333333,1.75
d7c5936b920e1d38d89e,1.565,2.135,2.135,1.565
dc563390afed8496871d,1.7551020408163265,1.035,1.035,1.7551020408163265
47183738693567df39df,2.305555555555556,0.3055555555555556,0.3055555555555556,2.305555555555556
6ff6ac37bdb1da826839,0.4722222222222222,0.2222222222222222,0.2222222222222222,0.4722222222222222
f2f027915d1e043291cd,0.3611111111111111,1.1666666666666663,1.1666666666666663,0.3611111111111111
9e56ac899076e47e483a,0.875,1.40625,1.40625,0.875
6bc84abdb9d7aa8dfa01,1.6875,0.875,0.875,1.6875
5cbb90f380ce92080e73,1.8333333333333333,0.6388888888888888,0.6388888888888888,1.8333333333333333
0fa624d058866d4b6b52,2.5,2.1944444444444446,2.1944444444444446,2.5
9870f0c4cdc1cc8fd8cf,1.125,1.7361111111111112,1.7361111111111112,1.125
4f47b52717cba178d560,0.0833333333333333,1.4444444444444444,1.4444444444444444,0.0833333333333333
8b4dbab6ecae46228c8b,0.9166666666666666,1.4444444444444444,1.4444444444444444,0.9166666666666666
0157fdfbd499f72c15af,2.019230769230769,1.3269230769230769,1.3269230769230769,2.019230769230769
182ec0979143d12e3ba4,1.7307692307692308,1.2884615384615383,1.2884615384615383,1.7307692307692308
37352ba25c62a205e4a3,1.4038461538461535,1.7291666666666663,1.7291666666666663,1.4038461538461535
ba3a35b58ae91edb9c87,0.9791666666666666,1.7884615384615383,1.7884615384615383,0.9791666666666666
c599303ad8e7cbb1f2ba,1.346153846153846,1.6153846153846154,1.6153846153846154,1.346153846153846
d36495606da661baf802,2.019230769230769,0.9615384615384616,0.9615384615384616,2.019230769230769
c47c1ddfdacb7f09fae5,1.8653846153846156,1.3846153846153846,1.3846153846153846,1.8653846153846156
633829dc2920366f3783,0.4423076923076923,2.6153846153846154,2.6153846153846154,0.4423076923076923
70e809f5d0716fb61246,0.8076923076923077,1.2884615384615383,1.2884615384615383,0.8076923076923077
aa5d78832064355a9910,0.4615384615384615,0.25,0.25,0.4615384615384615
1902c6af54f8ff6dfb46,1.3076923076923077,1.7884615384615383,1.7884615384615383,1.3076923076923077
1b0d0fb41787ec253525,1.3076923076923077,0.8653846153846154,0.8653846153846154,1.3076923076923077
9e038b2a95a13545b022,1.6428571428571428,1.375,1.375,1.6428571428571428
75f1ad7f0f19e9c9aa88,0.75,1.222222222222222,1.222222222222222,0.75
ad13ad297438387d0880,1.4,0.425,0.425,1.4
01310f07bcd64184ad08,0.3035714285714285,0.9821428571428572,0.9821428571428572,0.3035714285714285
0feaf279b5d14486161c,1.230392156862745,1.225,1.225,1.230392156862745
158482f519243e97c208,0.7598039215686274,1.925,1.925,0.7598039215686274
393e6b0dcf7dfc2cc9ac,1.732142857142857,1.2857142857142858,1.2857142857142858,1.732142857142857
3f76d13fe0875cacc611,2.333333333333333,1.7227272727272729,1.7227272727272729,2.333333333333333
5dc217867e942afa98a6,1.3035714285714286,0.5,0.5,1.3035714285714286
63509dfead43fdee470e,1.6730769230769231,1.1964285714285714,1.1964285714285714,1.6730769230769231
9180c32a088f3950bfff,2.678571428571429,2.142857142857143,2.142857142857143,2.678571428571429
9c4455c8da0d87a5c08f,0.875,1.5892857142857142,1.5892857142857142,0.875
adbd8aa078207b11a9f0,0.8392857142857143,1.2321428571428572,1.2321428571428572,0.8392857142857143
b4ed909424959c5a3da2,2.12280701754386,1.0833333333333337,1.0833333333333337,2.12280701754386
b4f394927e32221764d6,1.34,1.1225490196078431,1.1225490196078431,1.34
e1824310052593ca2af6,1.1785714285714286,0.375,0.375,1.1785714285714286
fc34fd42dcec18fb8480,1.892857142857143,1.6607142857142856,1.6607142857142856,1.892857142857143
ed9b4893cf768a8defea,1.4285714285714286,1.153846153846154,1.153846153846154,1.4285714285714286
29e2edd16e541903cd5f,0.25,0.75,0.75,0.25
4d4df7552ffdb24003c0,0.775,1.85,1.85,0.775
c12f6091efbba9fb92cf,1.5714285714285714,1.9464285714285716,1.9464285714285716,1.5714285714285714
0809928c997545291aa8,0.3055555555555556,2.0,2.0,0.3055555555555556
6fe25fe009b79d6b324a,2.4722222222222223,0.6944444444444444,0.6944444444444444,2.4722222222222223
b25af877dd8325a79c58,2.6944444444444446,1.861111111111111,1.861111111111111,2.6944444444444446
e96e7f1dfcc743c4e0e6,3.8055555555555554,1.1111111111111112,1.1111111111111112,3.8055555555555554
b3347855797ec7c00ea2,1.15,1.9,1.9,1.15
0d58eafad5b87828b4e6,1.6666666666666667,0.4444444444444444,0.4444444444444444,1.6666666666666667
f40a937f0a509238f8ad,2.3000000000000003,0.5249999999999999,0.5249999999999999,2.3000000000000003
29eaf9b6dd68cf4f0278,1.685,1.465,1.465,1.685
64f8383023703d6305b0,2.236607142857143,1.446078431372549,1.446078431372549,2.236607142857143
896cc39eed96209aa79c,2.392156862745098,2.161764705882353,2.161764705882353,2.392156862745098
949343bfaffd4ab290a0,1.7100000000000002,1.5,1.5,1.7100000000000002
d9dc193ebc00ae081570,1.5245098039215688,1.76,1.76,1.5245098039215688
b7958c52ca1d8c532e54,1.275,1.425,1.425,1.275
531fd1ca53e4866ae744,0.175,0.3999999999999999,0.3999999999999999,0.175
f25a5a7e1791d6933ad6,2.4000000000000004,2.0,2.0,2.4000000000000004
10b159087fbc07645dae,0.5,1.0555555555555556,1.0555555555555556,0.5
7652753175bdde9a232d,0.5277777777777778,2.111111111111111,2.111111111111111,0.5277777777777778
7ff56f069e34a08e931b,1.425,2.225,2.225,1.425
465689ffa121391781d2,0.3611111111111111,1.6388888888888888,1.6388888888888888,0.3611111111111111
6cb6cc1b18a81cf0d722,1.65,2.4,2.4,1.65
bdabe9a257a41fc5fc68,1.0535714285714286,1.8333333333333333,1.8333333333333333,1.0535714285714286
b2be5c36e1e9f20476f8,2.025,0.3,0.3,2.025
08112c6df2fb715bcbc7,1.15,1.6,1.6,1.15
2db24851b4b9c609b355,1.4558823529411764,0.7307692307692308,0.7307692307692308,1.4558823529411764
41d1d8bba327c038a380,1.5384615384615383,1.6715686274509804,1.6715686274509804,1.5384615384615383
5b052551a366f99aa6cf,2.033333333333333,0.7666666666666667,0.7666666666666667,2.033333333333333
639518721363f0430222,1.7098214285714286,1.303921568627451,1.303921568627451,1.7098214285714286
64dfabe4eaae3d6d36e2,1.125,1.4759615384615383,1.4759615384615383,1.125
792b96a2f93d29273c6a,1.7000000000000002,1.1666666666666663,1.1666666666666663,1.7000000000000002
82414dcac27680fed1f6,1.9833333333333332,1.4333333333333331,1.4333333333333331,1.9833333333333332
840c36cc396167965d4c,1.35,1.55,1.55,1.35
8e039a22df5fce897d7b,1.9607843137254903,2.081896551724138,2.081896551724138,1.9607843137254903
9e83828ef383522dc85b,1.4166666666666663,1.8214285714285716,1.8214285714285716,1.4166666666666663
c9c7c2eb1fd1bcff1550,2.192307692307692,1.6666666666666667,1.6666666666666667,2.192307692307692
cd6c396a247f14483012,1.6166666666666667,0.8,0.8,1.6166666666666667
d2c1e02fb40ff573d951,1.3666666666666665,2.716666666666667,2.716666666666667,1.3666666666666665
dcf074b86452c28ce818,1.4855769230769231,2.331730769230769,2.331730769230769,1.4855769230769231
a4a1809229e7434329a6,1.0666666666666669,1.6,1.6,1.0666666666666669
bbbb85e02170acff922c,2.136363636363636,1.25,1.25,2.136363636363636
ef45e6fbc43120c379c5,0.4499999999999999,1.45,1.45,0.4499999999999999
fa72dfd749cea393fb09,0.4545454545454545,0.7954545454545454,0.7954545454545454,0.4545454545454545
2e481ff24e0cdbfffa75,2.25,0.65,0.65,2.25
3dd22f3b4944ca19de59,1.275,3.525,3.525,1.275
7c26bcde6f64c8591d30,0.7250000000000001,0.4499999999999999,0.4499999999999999,0.7250000000000001
8cfc9217b37d1382a3f0,2.225,2.325,2.325,2.225
d906309a9ce8e144c29d,0.75,0.125,0.125,0.75
e35efc56e187ed09c573,1.818181818181818,0.2499999999999999,0.2499999999999999,1.818181818181818
9859edcbc9cefb37d17e,1.8,1.45,1.45,1.8
a8047ebb8cf2df7af6e4,1.2272727272727273,2.136363636363636,2.136363636363636,1.2272727272727273
1e63d82db6ad1e6a0afc,1.803921568627451,2.18859649122807,2.18859649122807,1.803921568627451
5c49145f8e881d32fb79,1.2205882352941178,2.3076923076923075,2.3076923076923075,1.2205882352941178
7506ee175542edbdad43,0.4166666666666666,0.25,0.25,0.4166666666666666
b1f41dc8bf9273cd4339,0.5681818181818182,0.3181818181818181,0.3181818181818181,0.5681818181818182
60c7ba7f74f27a28b3a1,2.340909090909091,1.25,1.25,2.340909090909091
77024e1e83c6c7010739,1.425,2.375,2.375,1.425
09f1435d508a9c2a5d25,1.1,0.4249999999999999,0.4249999999999999,1.1
339fdb67910552e5b2c2,0.7727272727272727,1.4545454545454544,1.4545454545454544,0.7727272727272727
2923783828d932900613,2.1818181818181817,2.5,2.5,2.1818181818181817
a25f4fab820d0bae23b0,1.1682692307692306,1.2259615384615383,1.2259615384615383,1.1682692307692306
5aeca299592c0016a4b8,1.772727272727273,1.1363636363636362,1.1363636363636362,1.772727272727273
327d0da927cf55e03ef9,0.6818181818181819,1.5,1.5,0.6818181818181819
1037d19b63da33fa3feb,1.4375,1.84375,1.84375,1.4375
7249389d292c85274551,1.4375,0.953125,0.953125,1.4375
a0ed4a9fab4352f87ad1,2.75,1.96875,1.96875,2.75
bc765868ffbfc8cd25bd,0.78125,0.375,0.375,0.78125
c7e048b54715a24a17ca,1.703125,1.46875,1.46875,1.703125
5a72fbe80b692d74f648,1.7666666666666668,1.578125,1.578125,1.7666666666666668
b39cfeba49076bcf2970,1.546875,1.328125,1.328125,1.546875
dc2345481d3573fb741f,1.734375,1.390625,1.390625,1.734375
dc93b4a8f432563edc0e,0.96875,0.625,0.625,0.96875
dfcfa62361bfa94337a6,1.296875,1.2,1.2,1.296875
4a051731780579780576,0.1875,1.484375,1.484375,0.1875
fd0685477542492563ae,1.59375,1.265625,1.265625,1.59375
c0d086e8d7ab7f820fab,1.875,0.7941176470588235,0.7941176470588235,1.875
b4d572890d37aa06893b,2.4772727272727275,1.0227272727272727,1.0227272727272727,2.4772727272727275
b1643865aa9e5a77af7a,1.4583333333333337,1.9583333333333333,1.9583333333333333,1.4583333333333337
0384e39718b1ab01aeba,1.4558823529411766,1.9558823529411764,1.9558823529411764,1.4558823529411766
09469001c8b78a0ebf18,1.109375,1.5147058823529411,1.5147058823529411,1.109375
36b1ec1ed78df5af94eb,1.341346153846154,1.1826923076923077,1.1826923076923077,1.341346153846154
58623d87218c1b2ff28b,1.6617647058823528,0.1617647058823529,0.1617647058823529,1.6617647058823528
597ca6321abd884f4729,1.4705882352941178,1.588235294117647,1.588235294117647,1.4705882352941178
60b22b3952359eb6e142,1.411764705882353,0.4117647058823529,0.4117647058823529,1.411764705882353
714433765c9e49bdee9f,1.6971153846153848,1.2075471698113207,1.2075471698113207,1.6971153846153848
7b3a28171301320c8e39,1.602941176470588,0.8676470588235294,0.8676470588235294,1.602941176470588
b1a5c97fe46f75ced644,0.8823529411764706,1.25,1.25,0.8823529411764706
b784f8722924cd917477,1.5441176470588234,1.8235294117647056,1.8235294117647056,1.5441176470588234
bd447ce4ff2c3b437dbe,2.146551724137931,2.14622641509434,2.14622641509434,2.146551724137931
be65655566f0a0197c8c,2.038135593220339,1.5047169811320753,1.5047169811320753,2.038135593220339
e73c7b06c7283ed08700,1.4669811320754715,1.675438596491228,1.675438596491228,1.4669811320754715
05df42529dcb9cd763f4,0.8088235294117647,1.411764705882353,1.411764705882353,0.8088235294117647
1e23bdc7ff7252ac86b0,1.0833333333333333,0.7916666666666666,0.7916666666666666,1.0833333333333333
8d78dfaff47e7dc79116,1.3088235294117647,2.794117647058824,2.794117647058824,1.3088235294117647
dfe43695286840175625,0.2708333333333333,0.5,0.5,0.2708333333333333
11b85144a98d27b85c8e,0.0454545454545454,1.2954545454545454,1.2954545454545454,0.0454545454545454
37904aff2e8d8e911a42,0.7045454545454545,1.9318181818181817,1.9318181818181817,0.7045454545454545
83ae8c93a9ec0fc02330,0.3636363636363636,3.5681818181818183,3.5681818181818183,0.3636363636363636
d331a94a8c34d58a0419,1.2954545454545454,1.25,1.25,1.2954545454545454
379a25852a3128cec459,0.8125,1.75,1.75,0.8125
b85a8516cfc3dc5f44b7,2.2045454545454546,2.3636363636363638,2.3636363636363638,2.2045454545454546
b74df56624562251f86c,1.625,2.270833333333333,2.270833333333333,1.625
0a980f4de951f5ec811d,0.7075471698113208,1.8317307692307687,1.8317307692307687,0.7075471698113208
0e37f0a112644e6af3cc,1.7019230769230769,1.528301886792453,1.528301886792453,1.7019230769230769
2dca4d67f9836e0e2987,2.2735849056603774,1.122641509433962,1.122641509433962,2.2735849056603774
3ef983ca5fc103c6d00d,1.1981132075471697,1.4951923076923077,1.4951923076923077,1.1981132075471697
5b5f1c147b677861b299,2.3349056603773586,1.9903846153846156,1.9903846153846156,2.3349056603773586
5a75e8dcdcd95235a4f6,0.9583333333333334,0.6666666666666667,0.6666666666666667,0.9583333333333334
194fd5f22159d05b6eda,2.270833333333333,0.7083333333333334,0.7083333333333334,2.270833333333333
161706bc9a4adb83cfe5,2.113636363636364,0.6363636363636365,0.6363636363636365,2.113636363636364
4fb08318599f6cf9eda0,0.5454545454545454,1.9318181818181817,1.9318181818181817,0.5454545454545454
a16d2ebfdc8af7122dd4,0.3125,1.0833333333333333,1.0833333333333333,0.3125
24c7350ff4f22025867d,0.3636363636363636,1.0681818181818183,1.0681818181818183,0.3636363636363636
0d2fb7b2fb4d4f0c60ea,2.25,2.4375,2.4375,2.25
66de4b2b585b71c4328c,1.4411764705882353,1.5588235294117647,1.5588235294117647,1.4411764705882353
56ef4ea99ef3b5f71090,1.1041666666666667,2.270833333333333,2.270833333333333,1.1041666666666667
0ecb5b07aeeefd311c75,1.1712962962962965,1.4351851851851851,1.4351851851851851,1.1712962962962965
3efcc903cd982f175b8a,2.1666666666666665,1.3773584905660377,1.3773584905660377,2.1666666666666665
7b841a370e196e97b6fb,1.1556603773584906,1.7358490566037736,1.7358490566037736,1.1556603773584906
2599e351cd2d47f2974d,1.75,1.1029411764705883,1.1029411764705883,1.75
4408f4b42da56b1dfc3b,1.4622641509433962,1.9958333333333331,1.9958333333333331,1.4622641509433962
5bfe91045d60ec3a5fe5,1.4907407407407407,0.6898148148148148,0.6898148148148148,1.4907407407407407
8309d219d4ce49c9a927,1.858490566037736,1.7358490566037736,1.7358490566037736,1.858490566037736
a1566cb6acd05465c79d,1.9716981132075475,2.1059322033898304,2.1059322033898304,1.9716981132075475
a7349823eb13e51c717a,1.7025862068965518,2.2962962962962963,2.2962962962962963,1.7025862068965518
bc8f82aa88014b7959ed,1.5416666666666663,2.310185185185185,2.310185185185185,1.5416666666666663
7f02e4924e7579f140a9,1.0925925925925926,1.236111111111111,1.236111111111111,1.0925925925925926
0d5411f04564a2a9f8ee,1.9027777777777777,1.5555555555555556,1.5555555555555556,1.9027777777777777
4a6fc602d37d664fea49,1.0208333333333333,0.25,0.25,1.0208333333333333
066e39ea73f4efc5dd97,1.690677966101695,2.1863636363636365,2.1863636363636365,1.690677966101695
1a12e36bda8e6ab57bec,0.9305555555555556,0.8194444444444444,0.8194444444444444,0.9305555555555556
1d2c3df0e6083d31bd2f,1.4861111111111112,1.75,1.75,1.4861111111111112
3f092b5fef13c342e4ba,1.8333333333333333,0.9444444444444444,0.9444444444444444,1.8333333333333333
4e4e3c6dc251322089e0,1.5045454545454546,1.1527777777777777,1.1527777777777777,1.5045454545454546
5305ca6899712284caea,1.652777777777778,1.375,1.375,1.652777777777778
555fcedac484e02c9e9c,2.833333333333333,1.7083333333333337,1.7083333333333337,2.833333333333333
5c1a4523e2c191bf807c,2.272727272727273,2.1291666666666664,2.1291666666666664,2.272727272727273
6466b4b08208ae1fc1a5,0.5833333333333333,1.347222222222222,1.347222222222222,0.5833333333333333
763771fe54e2179e75d4,1.5227272727272727,1.2090909090909092,1.2090909090909092,1.5227272727272727
916da3e47d4ab0f1c9b8,1.3611111111111112,1.3055555555555556,1.3055555555555556,1.3611111111111112
da920d077d4e32985a30,1.959016393442623,1.7222222222222223,1.7222222222222223,1.959016393442623
e19e9b35108709deb58b,2.331818181818182,1.8842592592592595,1.8842592592592595,2.331818181818182
e47224b201444453bf44,1.9259259259259256,1.4045454545454543,1.4045454545454543,1.9259259259259256
46ccaab9fa876510f7e2,1.3194444444444444,1.4444444444444444,1.4444444444444444,1.3194444444444444
d428c7ee999461658342,0.25,1.3076923076923077,1.3076923076923077,0.25
1bbf383bdbffb8d418ab,1.6805555555555556,1.6944444444444444,1.6944444444444444,1.6805555555555556
1da2ddedad03ab19951f,1.1666666666666667,0.5833333333333334,0.5833333333333334,1.1666666666666667
b77a139bb20525bc87c0,1.3125,0.3124999999999999,0.3124999999999999,1.3125
ce3910a4ec99113797fc,3.5625,1.9166666666666663,1.9166666666666663,3.5625
fa1ff61c676f10d65919,2.145833333333333,0.5833333333333334,0.5833333333333334,2.145833333333333
fbaffe9b3623a78ae2ea,0.2916666666666667,1.2708333333333333,1.2708333333333333,0.2916666666666667
2840e0b0fb382fe7335e,2.076923076923077,2.3653846153846154,2.3653846153846154,2.076923076923077
7cad2fb6a7168c9a9614,1.8541666666666667,2.3541666666666665,2.3541666666666665,1.8541666666666667
165619cb952787dd07b9,1.2692307692307694,0.2307692307692307,0.2307692307692307,1.2692307692307694
33cf7304f79ce1dc868e,1.090909090909091,1.699074074074074,1.699074074074074,1.090909090909091
76b34634894266545c3c,1.4953703703703705,1.3472222222222223,1.3472222222222223,1.4953703703703705
d0a6a53e437ead35290b,0.8653846153846154,1.2884615384615383,1.2884615384615383,0.8653846153846154
ddcf0a38d7ee7735ae0f,2.230769230769231,0.7307692307692307,0.7307692307692307,2.230769230769231
4d4a41538271b9066070,1.2291666666666663,0.8541666666666666,0.8541666666666666,1.2291666666666663
7c9a5393dd08fe2bfee7,2.083333333333333,2.291666666666667,2.291666666666667,2.083333333333333
0f6ce34ba10503979987,2.057692307692308,1.4807692307692308,1.4807692307692308,2.057692307692308
517dbdcadfddf8778f9a,1.8653846153846156,2.3269230769230766,2.3269230769230766,1.8653846153846156
c048a840caeafb047e14,1.2318181818181817,0.6727272727272726,0.6727272727272726,1.2318181818181817
cd5be305133be68f089a,0.6923076923076923,0.6153846153846154,0.6153846153846154,0.6923076923076923
b91ee03585fed01c22ff,0.7115384615384616,1.2692307692307692,1.2692307692307692,0.7115384615384616
5865ee0bfa973c2339a9,2.3461538461538463,0.8653846153846153,0.8653846153846153,2.3461538461538463
139eb6bc37a72874a6b0,0.5394736842105263,1.105263157894737,1.105263157894737,0.5394736842105263
2924c124d963e696d07b,0.1388888888888888,1.4473684210526316,1.4473684210526316,0.1388888888888888
5d5e1cb54885bfa1555b,1.2631578947368425,1.486842105263158,1.486842105263158,1.2631578947368425
7c8adc3b5f0747478df8,2.0,1.2083333333333333,1.2083333333333333,2.0
96ec9b12d20112259829,0.8055555555555556,0.9605263157894736,0.9605263157894736,0.8055555555555556
a9c6f7ebad2e7b3fd589,2.6447368421052637,1.7105263157894737,1.7105263157894737,2.6447368421052637
4f48cacffcf822d98804,0.8552631578947368,1.0972222222222223,1.0972222222222223,0.8552631578947368
e3ddfe026a4ac40e39e3,1.5394736842105263,1.4210526315789471,1.4210526315789471,1.5394736842105263
1a04b9156ae7f8032f6f,1.6842105263157894,1.8157894736842104,1.8157894736842104,1.6842105263157894
a283320e8f32438379e7,1.763157894736842,1.3421052631578947,1.3421052631578947,1.763157894736842
2c4bd0f394cc45a3667d,1.4342105263157894,1.592105263157895,1.592105263157895,1.4342105263157894
28ef4079c4e36a492ef7,1.4605263157894737,1.4342105263157894,1.4342105263157894,1.4605263157894737
89aee85e0affcb9db718,1.1,1.1875,1.1875,1.1
dc1fcd7e07eb77daa049,2.519230769230769,1.0384615384615383,1.0384615384615383,2.519230769230769
7805940074da6dbdd8f6,0.5535714285714286,0.7678571428571429,0.7678571428571429,0.5535714285714286
0fc8c1fe6410cd805729,1.8875,1.4125,1.4125,1.8875
114d431a2ebb603a4288,1.2544642857142858,1.9090909090909087,1.9090909090909087,1.2544642857142858
2740cfd83cdf47d8f433,1.5125,2.0625,2.0625,1.5125
2b21ad70679e123311fa,1.5375,1.725,1.725,1.5375
770836b5d4f23fcc80d4,1.4249999999999998,1.3625,1.3625,1.4249999999999998
81dd0896d683a99b2ff7,1.5625,2.5625,2.5625,1.5625
8319b59c45d84da5f4e5,1.075,1.5875,1.5875,1.075
8ae92f8eeb414d76d14d,1.318181818181818,1.9233870967741933,1.9233870967741933,1.318181818181818
d52ad8b7408e249173f9,0.6473214285714286,2.2857142857142856,2.2857142857142856,0.6473214285714286
e998fe7dd16c78479699,1.675,0.8624999999999999,0.8624999999999999,1.675
eeab8a05b6f00335f3b4,1.0921052631578947,0.75,0.75,1.0921052631578947
f1fd242ab6c4293dd86f,1.6863636363636365,2.25,2.25,1.6863636363636365
d9d649286dedb4a503aa,1.575,0.5625,0.5625,1.575
6138119e4a473a95e96f,1.4464285714285714,0.7857142857142857,0.7857142857142857,1.4464285714285714
ab287579ddc21ba25d6d,1.131578947368421,1.45,1.45,1.131578947368421
39cad56f22af8563d898,0.8076923076923077,1.5961538461538465,1.5961538461538465,0.8076923076923077
401c18b5b43bd90bd897,0.8076923076923077,1.1923076923076923,1.1923076923076923,0.8076923076923077
9be48355b42078c60ef3,1.0384615384615383,1.8846153846153848,1.8846153846153848,1.0384615384615383
9de6195eebfdc5fdf6dd,0.5384615384615384,0.3461538461538462,0.3461538461538462,0.5384615384615384
5f9431dd8ee72325ef33,1.4464285714285714,0.875,0.875,1.4464285714285714
fa9122c2aa33ffef4c34,1.25,1.9423076923076923,1.9423076923076923,1.25
c6c9bfc3c45d3fb1c94e,0.9107142857142856,1.1428571428571428,1.1428571428571428,0.9107142857142856
2258d6ebf6c9e852d529,1.75,1.65,1.65,1.75
5e2bbb20ba5f265d271c,1.195454545454545,1.4821428571428572,1.4821428571428572,1.195454545454545
6a922ae24ea7adc27252,1.9090909090909087,1.0892857142857144,1.0892857142857144,1.9090909090909087
73bdfa037f516983a61c,2.110655737704918,1.46875,1.46875,2.110655737704918
9b01c93b9d99ff18e3f5,2.2142857142857144,1.5272727272727271,1.5272727272727271,2.2142857142857144
036a609a487ef7a56ffe,1.4642857142857144,2.410714285714286,2.410714285714286,1.4642857142857144
a81d69e3ce5d77b2593c,2.392857142857143,1.1607142857142858,1.1607142857142858,2.392857142857143
fb0aabfec0db3d896ed0,0.4642857142857143,0.1964285714285714,0.1964285714285714,0.4642857142857143
94c0e62dc6f36d13a511,2.3846153846153846,1.1923076923076923,1.1923076923076923,2.3846153846153846
531b41f7a69f7132541c,0.2115384615384615,3.615384615384616,3.615384615384616,0.2115384615384615
99915192aeb1e22b5c0a,2.482142857142857,0.8928571428571429,0.8928571428571429,2.482142857142857
f285678843d25bb7b63e,1.6730769230769231,1.1153846153846154,1.1153846153846154,1.6730769230769231
3eca00aa3953b1be22d5,1.7142857142857142,1.9821428571428568,1.9821428571428568,1.7142857142857142
59a34df41ac320db11e5,1.3973214285714286,1.2767857142857144,1.2767857142857144,1.3973214285714286
1b77e4ff8a93338a032c,1.3250000000000002,0.1842105263157894,0.1842105263157894,1.3250000000000002
08b45a4dfceb69610d87,1.857142857142857,2.053571428571429,2.053571428571429,1.857142857142857
0f9b5222aaac0f0a931c,1.3452380952380951,1.011904761904762,1.011904761904762,1.3452380952380951
89669cb9c07e0da541a4,1.0714285714285714,2.285714285714286,2.285714285714286,1.0714285714285714
31dd4ebaaf43a649a78b,2.595238095238096,1.488095238095238,1.488095238095238,2.595238095238096
394347471ed217467fa2,1.4605263157894737,0.631578947368421,0.631578947368421,1.4605263157894737
3f381476040ae96ecd51,1.6666666666666663,1.4047619047619049,1.4047619047619049,1.6666666666666663
447dc9c8a6d45cd6cdc2,1.6762295081967211,1.6473214285714284,1.6473214285714284,1.6762295081967211
4eb7e199c28df7fada10,1.9375,1.7142857142857144,1.7142857142857144,1.9375
598adcdf86b1912a31df,2.271929824561404,1.1607142857142856,1.1607142857142856,2.271929824561404
718a44d86a4886e1a40c,1.8888888888888888,1.3903508771929824,1.3903508771929824,1.8888888888888888
81526c3efc4935922089,0.6904761904761905,1.75,1.75,0.6904761904761905
853552f30be82fa4da64,1.0657894736842106,2.241228070175439,2.241228070175439,1.0657894736842106
85da44785a24292e8d6e,1.4285714285714286,1.023809523809524,1.023809523809524,1.4285714285714286
90865a1883fd5f853800,0.1375,1.7738095238095235,1.7738095238095235,0.1375
9b34e322c8a0aaa339d8,1.511904761904762,1.4166666666666667,1.4166666666666667,1.511904761904762
aae441cf781df2d4bef3,1.4866071428571428,2.092741935483871,2.092741935483871,1.4866071428571428
d90d33eb40b684dbecfa,1.2976190476190474,1.630952380952381,1.630952380952381,1.2976190476190474
e1e2027665cdf699f125,2.3026315789473686,1.2236842105263157,1.2236842105263157,2.3026315789473686
e23013841a180880485f,0.8095238095238095,1.125,1.125,0.8095238095238095
eec1f81d45f01fccffe3,0.875,1.4404761904761905,1.4404761904761905,0.875
683160c5350a281d4256,1.619047619047619,1.025,1.025,1.619047619047619
01b9d4c2e37d702b1647,2.130952380952381,1.4761904761904765,1.4761904761904765,2.130952380952381
3495109b08ddc38ab6e9,1.7142857142857142,0.9107142857142856,0.9107142857142856,1.7142857142857142
391a7dd29b678f73b4c0,1.1785714285714284,1.0,1.0,1.1785714285714284
916ffd090db1b02eb9ce,2.017857142857143,1.8392857142857144,1.8392857142857144,2.017857142857143
b5bdb513162ccdf71d56,1.2142857142857144,1.125,1.125,1.2142857142857144
f14971ead3766ccd43df,0.9642857142857142,0.7321428571428572,0.7321428571428572,0.9642857142857142
4a96e70518393fcc1cd2,1.3333333333333333,1.5666666666666669,1.5666666666666669,1.3333333333333333
cba13e8173eb07f7f041,2.053571428571429,2.303571428571429,2.303571428571429,2.053571428571429
37c0b4477c8843daf76d,2.1333333333333333,1.8166666666666669,1.8166666666666669,2.1333333333333333
b30006f2504e4d2c89b2,1.2719298245614037,1.9330357142857144,1.9330357142857144,1.2719298245614037
e898d4599fe7b03b68b8,0.5,0.8333333333333334,0.8333333333333334,0.5
8ebcfb4210d183c63220,0.95,1.4333333333333331,1.4333333333333331,0.95
a62b5af80c977083572b,0.5535714285714286,0.2678571428571428,0.2678571428571428,0.5535714285714286
0ca75d71d84a91d860c4,3.428571428571429,0.4821428571428571,0.4821428571428571,3.428571428571429
c8f03e132b378ea03411,1.2999999999999998,0.1666666666666666,0.1666666666666666,1.2999999999999998
70f36867709506b8a2c8,1.2833333333333332,0.8166666666666667,0.8166666666666667,1.2833333333333332
f077aa5deac79d847385,1.5219298245614037,1.3526785714285714,1.3526785714285714,1.5219298245614037
0135f9e721ea118a16b5,1.4886363636363638,1.4090909090909092,1.4090909090909092,1.4886363636363638
3a4986e5a210737ecbcf,1.465909090909091,0.7613636363636364,0.7613636363636364,1.465909090909091
92e6a9f13802cc388dbb,1.2261904761904765,0.7045454545454546,0.7045454545454546,1.2261904761904765
a37c422d40c35b51ec70,1.1428571428571428,2.011363636363636,2.011363636363636,1.1428571428571428
ace660d0f85cc3d2045f,1.5227272727272727,0.8809523809523809,0.8809523809523809,1.5227272727272727
ad33b192a634c91af6fa,1.715909090909091,1.5795454545454546,1.5795454545454546,1.715909090909091
cca3e6d5dbda0b665d59,1.7017543859649122,1.245689655172414,1.245689655172414,1.7017543859649122
d8d0593c4fcf903eccb3,1.7045454545454546,0.1071428571428571,0.1071428571428571,1.7045454545454546
de293a1eaf5a41bb0854,1.568181818181818,1.2272727272727273,1.2272727272727273,1.568181818181818
34fffce6a0e54605f6f5,1.4204545454545456,1.3295454545454546,1.3295454545454546,1.4204545454545456
5a2e2b813bcb949c96b9,1.8522727272727275,1.5227272727272727,1.5227272727272727,1.8522727272727275
99f44a370f2da764ff7e,1.1136363636363638,2.5227272727272725,2.5227272727272725,1.1136363636363638
f830f4d0bfcb210161f4,1.1477272727272727,1.2727272727272727,1.2727272727272727,1.1477272727272727
55328813a18b3cd6a933,1.3859649122807016,1.0344827586206895,1.0344827586206895,1.3859649122807016
846c015c4fae9c979d15,2.2672413793103448,1.4913793103448276,1.4913793103448276,2.2672413793103448
968d74f1d7841988709d,0.6120689655172413,2.288793103448276,2.288793103448276,0.6120689655172413
a3c3de3e99471c000ec3,1.3836206896551724,1.4956896551724137,1.4956896551724137,1.3836206896551724
cdf9e380e117c0866552,1.956140350877193,1.9210526315789476,1.9210526315789476,1.956140350877193
f0d95c52606bbd9010ee,1.6359649122807018,2.3189655172413794,2.3189655172413794,1.6359649122807018
fd8523bd7e6996794800,1.1982758620689655,1.875,1.875,1.1982758620689655
647c51a049cd271da26d,0.40625,0.8,0.8,0.40625
2ac9f9a60c444a170902,1.7166666666666668,0.9333333333333332,0.9333333333333332,1.7166666666666668
8bcc12dd6e1a44b1eefb,0.84375,1.09375,1.09375,0.84375
8373fc7b91c929118467,1.53125,1.15625,1.15625,1.53125
44f77325beadb82d4225,1.90625,0.53125,0.53125,1.90625
a2ace180d94883dffc78,1.1359649122807016,1.4473684210526316,1.4473684210526316,1.1359649122807016
b67b89bddaf8f4426571,2.119047619047619,1.6653225806451613,1.6653225806451613,2.119047619047619
d822f0aa7aefe98ec8f3,0.65,2.3166666666666664,2.3166666666666664,0.65
671fdaf04df36c39d170,2.216666666666667,1.3125,1.3125,2.216666666666667
f095ac391ebc36cdd3cd,1.328125,1.8333333333333333,1.8333333333333333,1.328125
48a73bb06c93c235f056,2.5333333333333337,1.40625,1.40625,2.5333333333333337
0ee1b1bc313545aa03e4,1.6847826086956523,1.3695652173913044,1.3695652173913044,1.6847826086956523
117de46644c948b99a27,1.673913043478261,1.9673913043478264,1.9673913043478264,1.673913043478261
19501bc9f702d58819cb,1.5,1.1630434782608696,1.1630434782608696,1.5
4c0f17355d4a7075e07a,1.565217391304348,0.8152173913043478,0.8152173913043478,1.565217391304348
712a69b82f65805d6be4,1.641304347826087,1.5,1.5,1.641304347826087
76d76b6fe6769efd2211,1.076086956521739,1.5543478260869563,1.5543478260869563,1.076086956521739
91b2c1c0f64632c6f1be,1.1363636363636365,0.1477272727272727,0.1477272727272727,1.1363636363636365
a38005ed28a788da4871,1.0543478260869563,0.8695652173913044,0.8695652173913044,1.0543478260869563
fc6ceba836f2bf79f278,1.1590909090909092,0.8863636363636364,0.8863636363636364,1.1590909090909092
e0d81b46e99917ff733c,1.815217391304348,2.5543478260869565,2.5543478260869565,1.815217391304348
554fa18a538376d09ed4,1.4021739130434785,1.3369565217391304,1.3369565217391304,1.4021739130434785
dee65cb83a21c31624ad,1.391304347826087,1.315217391304348,1.315217391304348,1.391304347826087
23d7a715de081d2837b6,0.75,1.984375,1.984375,0.75
2e01d53f1b8117d3db86,1.978448275862069,2.3347457627118646,2.3347457627118646,1.978448275862069
35dfcf789b418998ce94,1.668103448275862,1.8615384615384616,1.8615384615384616,1.668103448275862
4e7bcc2bb68cba88b05e,1.347457627118644,1.8836206896551724,1.8836206896551724,1.347457627118644
5632c515a8631b965ee7,1.603448275862069,1.0127118644067796,1.0127118644067796,1.603448275862069
83945af483e5e90c913d,1.194915254237288,1.461864406779661,1.461864406779661,1.194915254237288
a4330ca203a61790a680,0.597457627118644,1.279661016949153,1.279661016949153,0.597457627118644
0d7a4d9751594c4aba6c,2.1015625,2.305084745762712,2.305084745762712,2.1015625
22d842d8856cfb54bb9e,2.427083333333333,1.097826086956522,1.097826086956522,2.427083333333333
251658504a5a618a4488,1.5729166666666667,1.375,1.375,1.5729166666666667
25935b0e5ea76d5d6f6d,1.418103448275862,1.418103448275862,1.418103448275862,1.418103448275862
2ffd98651109b722ad7b,0.1847826086956521,1.6041666666666667,1.6041666666666667,0.1847826086956521
35a885324addc0031656,0.8229166666666666,1.8854166666666663,1.8854166666666663,0.8229166666666666
3a613e614add1f8d049e,1.1724137931034482,1.533898305084746,1.533898305084746,1.1724137931034482
5dff0635ca43c3274c60,0.7708333333333334,1.4270833333333333,1.4270833333333333,0.7708333333333334
8c7c87d1326638ba8f29,1.875,1.3333333333333333,1.3333333333333333,1.875
9dc1ba460baa45add1e9,1.4791666666666667,1.7395833333333333,1.7395833333333333,1.4791666666666667
bc01df7ce142b224a40b,2.2838983050847457,1.6547619047619049,1.6547619047619049,2.2838983050847457
cdd85deb5b7c2acc0a4a,1.3020833333333337,1.6354166666666663,1.6354166666666663,1.3020833333333337
fec7127ff47d98ab3b0b,1.25,1.1458333333333333,1.1458333333333333,1.25
90e30122bafb9ffbc6b5,1.4479166666666667,1.1304347826086958,1.1304347826086958,1.4479166666666667
548ac9b8f6de0ce3b7ce,0.9891304347826086,1.5625,1.5625,0.9891304347826086
9708a58ce3c7c4be3052,1.4166666666666667,1.1666666666666663,1.1666666666666663,1.4166666666666667
adcdc436d5816256b383,2.40625,0.9852941176470588,0.9852941176470588,2.40625
0a78e4e3d3841fafd32c,1.825757575757576,1.593220338983051,1.593220338983051,1.825757575757576
594735afea10627d1dce,1.0125,0.6041666666666667,0.6041666666666667,1.0125
5ba729fe36cc37b45d1e,1.4291666666666667,1.9322033898305084,1.9322033898305084,1.4291666666666667
bf7667b41019eb8395c8,2.3583333333333334,1.3416666666666666,1.3416666666666666,2.3583333333333334
d36c49e1c3a43ad7406d,1.147058823529412,1.84375,1.84375,1.147058823529412
4cf2444e551b3468d75d,0.953125,1.3088235294117647,1.3088235294117647,0.953125
213473e82f2ec24f0e3d,0.4705882352941176,0.676470588235294,0.676470588235294,0.4705882352941176
bb61f7d679324a9c6ed3,0.828125,2.0,2.0,0.828125
e9b2d6a867449655a406,2.073529411764706,1.3088235294117647,1.3088235294117647,2.073529411764706
21030772c6e65f23bdda,1.36,1.79,1.79,1.36
28e03bc5b349095f57f5,1.23,1.55,1.55,1.23
35548d011a81e05284ab,1.53,1.41,1.41,1.53
5094c230c7cd854203c6,1.4110169491525424,1.6991525423728813,1.6991525423728813,1.4110169491525424
5baa6f29277dccca407d,0.1458333333333333,1.36,1.36,0.1458333333333333
61ccddd8b14354673537,1.275,2.0846153846153848,2.0846153846153848,1.275
7cba86aa60afe23711bc,1.8686440677966103,2.2625,2.2625,1.8686440677966103
84bbb7fafba8007fb376,1.6900000000000002,1.6700000000000002,1.6700000000000002,1.6900000000000002
92a25135884a21d01150,1.525,1.2333333333333332,1.2333333333333332,1.525
d673742dcaef43892d54,1.55,0.87,0.87,1.55
f9fa32bcc7bfec8a8ab0,1.64453125,1.1694915254237288,1.1694915254237288,1.64453125
fc807e296e0b4a6c892d,2.2833333333333337,1.4110169491525424,1.4110169491525424,2.2833333333333337
e3fe3173a3875ea56c8f,2.37,1.22,1.22,2.37
6ed94e56aae712906cf6,2.296875,1.5,1.5,2.296875
01a09b70cb3e2c5c85e4,1.2058823529411766,0.3676470588235294,0.3676470588235294,1.2058823529411766
bd0b6bd83747fb2432ac,1.09375,1.0625,1.0625,1.09375
4dff5d3493202b70c714,1.0147058823529411,0.5625,0.5625,1.0147058823529411
e88c95a0ced93912ff0f,1.78125,2.578125,2.578125,1.78125
279018714361057c8544,1.19,1.34,1.34,1.19
ce4d406e7489941d81d9,1.397540983606557,0.9836065573770492,0.9836065573770492,1.397540983606557
9bad3b512c267d158a0c,1.9264705882352944,0.5,0.5,1.9264705882352944
eeca770e2392333426b4,1.9444444444444444,0.8382352941176471,0.8382352941176471,1.9444444444444444
367ed4f9b0614b20e766,1.9444444444444444,1.2916666666666663,1.2916666666666663,1.9444444444444444
0c4a730811ba6c8b59a0,1.2704918032786887,1.7910447761194028,1.7910447761194028,1.2704918032786887
47b12c13076dd316e1cd,1.625,2.2418032786885247,2.2418032786885247,1.625
98fe28f93193c26d32fe,1.9583333333333333,1.3791666666666669,1.3791666666666669,1.9583333333333333
9c4cf3f4b385730226f9,1.1666666666666663,1.3155737704918031,1.3155737704918031,1.1666666666666663
ba3326b29e40dfa891c6,2.068181818181818,1.7291666666666667,1.7291666666666667,2.068181818181818
e5a6a4b94e118564efdd,1.8541666666666663,1.4041666666666668,1.4041666666666668,1.8541666666666663
f53c53d5dd0117867b08,1.6346153846153846,1.557377049180328,1.557377049180328,1.6346153846153846
f9c1f45372d97b20d2e2,0.6557377049180328,1.2049180327868854,1.2049180327868854,0.6557377049180328
6d207770b792b0da2a37,0.4852941176470589,2.367647058823529,2.367647058823529,0.4852941176470589
b25a99951a6d61fe8970,1.4166666666666663,1.6470588235294117,1.6470588235294117,1.4166666666666663
176d867fc5f10f9421e1,1.0694444444444446,1.1666666666666663,1.1666666666666663,1.0694444444444446
58d0343b16ed9b1bcad5,0.5277777777777777,1.3888888888888888,1.3888888888888888,0.5277777777777777
849cfd4efdef9b8a4dc9,2.6323529411764706,0.9558823529411764,0.9558823529411764,2.6323529411764706
4daaa0ec10b234d813b4,2.262295081967213,2.372950819672131,2.372950819672131,2.262295081967213
c0563942534b5746303d,0.9166666666666666,1.125,1.125,0.9166666666666666
568b07a025a90f6ddab2,0.6944444444444444,2.4558823529411766,2.4558823529411766,0.6944444444444444
00b6a4b9c9f46d814c97,2.3666666666666667,1.6666666666666667,1.6666666666666667,2.3666666666666667
31b173826e73d5218daa,1.5277777777777777,2.0277777777777777,2.0277777777777777,1.5277777777777777
a37050b0d0154415d9fa,0.4342105263157894,1.1842105263157896,1.1842105263157896,0.4342105263157894
00aa8f9d62b6137d2d84,0.9166666666666666,1.3166666666666669,1.3166666666666669,0.9166666666666666
353ae6eefd7d9ff922e9,1.0333333333333332,0.3833333333333333,0.3833333333333333,1.0333333333333332
8eeed8e628a9cac89458,0.3166666666666666,1.35,1.35,0.3166666666666666
c353b45115041f4489a6,1.1842105263157894,2.026315789473684,2.026315789473684,1.1842105263157894
e04de0ab9009ceebc566,1.7833333333333334,2.15,2.15,1.7833333333333334
85f1c6d208554fbc51c3,1.0921052631578947,1.526315789473684,1.526315789473684,1.0921052631578947
ed70fe33cf9ff291d2c3,0.875,0.7638888888888888,0.7638888888888888,0.875
6688382a11d7748dc6bc,2.375,0.5526315789473685,0.5526315789473685,2.375
aac9a52a2edcd9ddd774,0.75,0.9666666666666668,0.9666666666666668,0.75
9d7f3c986d9e63c23a00,0.9166666666666666,3.466666666666667,3.466666666666667,0.9166666666666666
d497d974f57cf8ef2da5,1.368421052631579,0.5138888888888888,0.5138888888888888,1.368421052631579
deddfcde02844355a316,2.2916666666666665,2.680555555555556,2.680555555555556,2.2916666666666665
645731199408f09b640b,0.9210526315789472,0.7105263157894737,0.7105263157894737,0.9210526315789472
82b4bbbce0ddb943b567,1.118421052631579,2.039473684210526,2.039473684210526,1.118421052631579
98333a7768514a3b3953,1.625,1.90625,1.90625,1.625
4bdb5687fc174fc702c6,0.421875,0.359375,0.359375,0.421875
8902e551f1b9dd96b4e0,0.9666666666666668,2.28125,2.28125,0.9666666666666668
1d3ea416ff97d6fef371,1.0,2.223684210526316,2.223684210526316,1.0
24e88db4e0086fbc937e,0.5833333333333334,0.75,0.75,0.5833333333333334
0239c46845746a9417b3,1.4375,2.1166666666666667,2.1166666666666667,1.4375
3b3e6cf1cb02d138f59e,1.15625,1.95,1.95,1.15625
4f9c59119616a8dc2eab,3.546875,1.03125,1.03125,3.546875
96b7c6ccd14ff8fc0ea7,0.7105263157894737,2.5921052631578947,2.5921052631578947,0.7105263157894737
74a5f8247f328983efc8,1.5,0.4736842105263158,0.4736842105263158,1.5
2e6b9596a7d730a875d2,1.328125,0.640625,0.640625,1.328125
313b1f53b129966aec2e,2.302631578947368,1.973684210526316,1.973684210526316,2.302631578947368
488d3d9177e15f69c6cc,1.875,1.1346153846153846,1.1346153846153846,1.875
ff2dfcc8bee707d53c9d,1.5147058823529411,0.859375,0.859375,1.5147058823529411
8c95010a73882232cab7,1.625,0.4625,0.4625,1.625
015365106a5b3e5bdb32,1.5865384615384617,0.78,0.78,1.5865384615384617
0a85d9af41e3cfcc1ba7,1.6153846153846152,1.72,1.72,1.6153846153846152
1acb1abe243bebb60e4e,1.4344262295081969,2.0335820895522385,2.0335820895522385,1.4344262295081969
36f9ad01834d34d7f1dc,0.8173076923076924,1.5961538461538465,1.5961538461538465,0.8173076923076924
4a37744836fb5eedef36,1.4519230769230769,1.625,1.625,1.4519230769230769
53f8c7d887d70c5fc4b8,1.66,1.2692307692307692,1.2692307692307692,1.66
5d6fb3cd08ac4eedfa00,0.8958333333333334,0.1099999999999999,0.1099999999999999,0.8958333333333334
68e671ea0789e76bf6fb,1.3729508196721312,1.5984848484848484,1.5984848484848484,1.3729508196721312
b0f4ae8bb81b8e8f32e7,2.350806451612903,1.4274193548387095,1.4274193548387095,2.350806451612903
b8c94d818005910ef6b7,0.9637096774193548,1.1434426229508197,1.1434426229508197,0.9637096774193548
c665d401a203c5dd8b7f,1.592741935483871,1.819672131147541,1.819672131147541,1.592741935483871
d7de065b4c5bcc80b79d,1.7794117647058825,2.2419354838709675,2.2419354838709675,1.7794117647058825
d7fd50d6dde9a04abcbc,1.06,1.94,1.94,1.06
e83abc5b516b5e80e55b,2.221774193548387,1.2661290322580645,1.2661290322580645,2.221774193548387
f93e58e2a2a91eada2df,1.3461538461538465,1.7596153846153846,1.7596153846153846,1.3461538461538465
77a6ae982857539ce5a3,1.4134615384615383,2.269230769230769,2.269230769230769,1.4134615384615383
160c5c7aba4af63b9700,2.625,1.175,1.175,2.625
3bb865dc7a53f4bc167d,1.26,1.09,1.09,1.26
44a3c23dfe3755021d1f,1.96875,2.078125,2.078125,1.96875
7262be0d473de913961e,0.5294117647058824,0.9411764705882352,0.9411764705882352,0.5294117647058824
a56deab0976fb21ddf59,0.53125,2.367647058823529,2.367647058823529,0.53125
b5ef885299a990f3026c,0.3823529411764706,0.8970588235294118,0.8970588235294118,0.3823529411764706
f2ec1ab57fb32437cade,1.0294117647058825,0.84375,0.84375,1.0294117647058825
8be1894727021cafab94,1.2980769230769231,1.1730769230769231,1.1730769230769231,1.2980769230769231
b85868e3298aef3700c7,1.1,2.1625,2.1625,1.1
31d4a4f1c415cd881175,3.544117647058824,2.203125,2.203125,3.544117647058824
0d1facda241045936e76,2.15,0.8374999999999999,0.8374999999999999,2.15
2d5011fcac01b00559ee,1.2016129032258065,1.942622950819672,1.942622950819672,1.2016129032258065
bed6ff85a1acac4cc3d0,1.7540983606557377,0.6612903225806452,0.6612903225806452,1.7540983606557377
9d380339eb66bd06b104,0.8624999999999999,1.0,1.0,0.8624999999999999
a742dd35a53cd042a801,0.575,1.5875,1.5875,0.575
518240dcd8a71b013966,1.3088235294117647,1.9852941176470589,1.9852941176470589,1.3088235294117647
d022dcdc696b0a5663ab,1.323529411764706,0.6617647058823529,0.6617647058823529,1.323529411764706
e19942a73e92673c9979,2.1,1.0125,1.0125,2.1
01f74ec04e8611332f87,0.6625,2.3625,2.3625,0.6625
37dfb6f327c6526f24cb,1.346774193548387,1.6147540983606556,1.6147540983606556,1.346774193548387
8e3fd9b3c8a51b723f0e,0.4375,1.0,1.0,0.4375
e3cf73745f3b9977e78b,1.85,1.4625,1.4625,1.85
0c0da5106ac0dbda35a2,1.5648148148148149,2.0096153846153846,2.0096153846153846,1.5648148148148149
7c9e0ba7a0895a7c5b27,1.4166666666666667,1.1730769230769231,1.1730769230769231,1.4166666666666667
9a6d5d6565a1ad15e37e,1.721153846153846,1.6851851851851851,1.6851851851851851,1.721153846153846
9f6e95654925e558a692,1.287037037037037,0.0961538461538461,0.0961538461538461,1.287037037037037
d2fcea9c1c8153a72b18,0.9074074074074074,1.0833333333333333,1.0833333333333333,0.9074074074074074
fd71eed7cf0e38a0f7d6,1.4351851851851851,0.7884615384615384,0.7884615384615384,1.4351851851851851
fe3f52b55acfc5a9a426,0.9903846153846152,1.1666666666666667,1.1666666666666667,0.9903846153846152
59ff55b577c55fb77b5d,1.6851851851851851,2.305555555555556,2.305555555555556,1.6851851851851851
6f7b92d0970763eb9722,1.351851851851852,1.5277777777777777,1.5277777777777777,1.351851851851852
9f13eeaf865d79016927,0.99,1.6346153846153846,1.6346153846153846,0.99
5b15fb2f8905c21836ee,1.201923076923077,1.212962962962963,1.212962962962963,1.201923076923077
5434a1ca291cbe6925aa,1.925925925925926,1.601851851851852,1.601851851851852,1.925925925925926
71674c3d5434d802f1fe,1.0,1.482142857142857,1.482142857142857,1.0
ba13de6af0e97aa2c388,0.8529411764705882,0.4852941176470589,0.4852941176470589,0.8529411764705882
dbedf1684fdc78b14911,0.488095238095238,2.654761904761905,2.654761904761905,0.488095238095238
0b525133789f8e8cd0fb,1.5089285714285714,1.4196428571428572,1.4196428571428572,1.5089285714285714
10544c65773ba1783986,0.7962962962962963,1.3392857142857144,1.3392857142857144,0.7962962962962963
193f7ac19af155112daa,0.074074074074074,1.4910714285714286,1.4910714285714286,0.074074074074074
1e4d44a7b73a50c36d63,1.1209677419354838,1.7681159420289856,1.7681159420289856,1.1209677419354838
737e0b14924a74b02b9e,1.623134328358209,1.0,1.0,1.623134328358209
799ffb829b1a5ef21005,2.064814814814815,1.148148148148148,1.148148148148148,2.064814814814815
95e26cf929862ad14a73,1.1203703703703702,1.6160714285714286,1.6160714285714286,1.1203703703703702
ad01e9fa8a00724d8346,2.2222222222222223,1.3412698412698412,1.3412698412698412,2.2222222222222223
c564d277c755dac730b8,1.25,1.7962962962962965,1.7962962962962965,1.25
d351fbd65b4c006f518e,0.6666666666666667,2.1785714285714284,2.1785714285714284,0.6666666666666667
d4836564b3eb48708d1b,1.6048387096774193,1.407258064516129,1.407258064516129,1.6048387096774193
e810a8e207a0f861c2aa,1.6111111111111112,0.9351851851851852,0.9351851851851852,1.6111111111111112
303c7842ff2c0fbd7dae,1.5982142857142858,1.9732142857142856,1.9732142857142856,1.5982142857142858
abcb05c69c8ac91a65b5,1.5357142857142856,1.3660714285714286,1.3660714285714286,1.5357142857142856
c4fb9a8230fe7645c3de,0.9404761904761906,1.9404761904761905,1.9404761904761905,0.9404761904761906
054226789ec1a80f401d,0.6805555555555555,3.569444444444444,3.569444444444444,0.6805555555555555
1580b5c37305b1826475,0.8676470588235294,1.838235294117647,1.838235294117647,0.8676470588235294
952e47ff56a270b30a15,2.014705882352941,0.4166666666666666,0.4166666666666666,2.014705882352941
c40caae0d520a6555e64,2.147058823529412,1.4861111111111112,1.4861111111111112,2.147058823529412
c8086f2b985a6e4ef00a,0.9027777777777778,0.486111111111111,0.486111111111111,0.9027777777777778
a2f3cc4517a93389ae4a,0.9523809523809524,0.7023809523809524,0.7023809523809524,0.9523809523809524
7afb36ab78f55c855d40,2.4166666666666665,1.2916666666666663,1.2916666666666663,2.4166666666666665
a731aa751a4ed3b656e7,1.357142857142857,0.6190476190476191,0.6190476190476191,1.357142857142857
3a394ae8a1fcf71eadb9,1.4206349206349207,1.5595238095238095,1.5595238095238095,1.4206349206349207
4fd798d4047af313a659,1.907258064516129,1.7419354838709675,1.7419354838709675,1.907258064516129
97be3d62ee00ffabbf7e,1.3015873015873016,2.3293650793650795,2.3293650793650795,1.3015873015873016
a77f878e2e91f2d281c3,1.846774193548387,1.346774193548387,1.346774193548387,1.846774193548387
9e45311e6dc10118c806,1.0,1.0357142857142858,1.0357142857142858,1.0
38f33500b453de6dc1bf,1.2857142857142858,0.9903846153846154,0.9903846153846154,1.2857142857142858
1eee28f3eacca11f0b4d,1.5,0.869047619047619,0.869047619047619,1.5
af5743d863c17e45e4fa,1.0,1.5952380952380951,1.5952380952380951,1.0
fe70eb8278d0c5671dd9,1.930555555555556,1.027777777777778,1.027777777777778,1.930555555555556
9505e9e603aaba557bcc,1.0694444444444444,1.3055555555555556,1.3055555555555556,1.0694444444444444
9f2f6ad720fb62109c22,2.214285714285714,2.0357142857142856,2.0357142857142856,2.214285714285714
17e92a1d525d5bd2cede,2.404761904761905,2.1666666666666665,2.1666666666666665,2.404761904761905
6366f9d992ce7a7766fe,2.051470588235294,1.234126984126984,1.234126984126984,2.051470588235294
e8d955ac1e73865ff665,2.3392857142857144,1.0267857142857142,1.0267857142857142,2.3392857142857144
4b9456229b1d49079a73,1.1071428571428572,0.4642857142857142,0.4642857142857142,1.1071428571428572
081f087f10ee6226732a,2.111111111111111,0.5138888888888888,0.5138888888888888,2.111111111111111
5c6da9c281e4abf8a7eb,2.2222222222222223,0.8055555555555556,0.8055555555555556,2.2222222222222223
18df2fce643d163f85ad,1.4655172413793105,1.560344827586207,1.560344827586207,1.4655172413793105
5459c0ab9b2f7495a425,0.8289473684210527,1.0,1.0,0.8289473684210527
2dd18588f271da07ffa5,0.9772727272727272,1.3409090909090908,1.3409090909090908,0.9772727272727272
06aa422e5eba4506960a,2.25,1.3620689655172415,1.3620689655172415,2.25
0de069d47bfb7ac16d56,1.353448275862069,0.8839285714285714,0.8839285714285714,1.353448275862069
18c824fe814cfc51f5bd,1.37109375,0.6484375,0.6484375,1.37109375
37787c25281a5eee5363,1.2321428571428572,1.6982758620689655,1.6982758620689655,1.2321428571428572
500b0d7c4606b8d6cbc6,1.2758620689655171,1.5172413793103448,1.5172413793103448,1.2758620689655171
5f81be103858e777d66c,1.5689655172413792,0.0535714285714285,0.0535714285714285,1.5689655172413792
8049c9d6297090b48036,2.2890625,2.0362318840579707,2.0362318840579707,2.2890625
8bb5e6c012761e708b63,1.23046875,1.5753968253968254,1.5753968253968254,1.23046875
c63a99296480a898452b,1.0,0.9907407407407408,0.9907407407407408,1.0
d9c986983f4b9169bd82,1.103448275862069,2.043103448275862,2.043103448275862,1.103448275862069
dd5ff976e798e5c76e23,1.7063492063492065,2.18359375,2.18359375,1.7063492063492065
e4ac9b8f3754c21378d8,1.1982758620689655,1.5892857142857144,1.5892857142857144,1.1982758620689655
fa7448b05a074b75fd20,1.5086206896551726,1.9732142857142856,1.9732142857142856,1.5086206896551726
fda5550d3a619c52153e,1.0390625,1.873015873015873,1.873015873015873,1.0390625
a51b4d90b8e672963e8e,1.044642857142857,1.2844827586206895,1.2844827586206895,1.044642857142857
20d9ea9b9dabc878fbd2,1.8482142857142856,0.9375,0.9375,1.8482142857142856
b51b84cbef6540c48eab,1.1363636363636365,0.4204545454545454,0.4204545454545454,1.1363636363636365
1be6a15911c73eaafe25,0.6447368421052632,2.052631578947368,2.052631578947368,0.6447368421052632
319ed91f68261586fc5f,1.9166666666666663,1.381578947368421,1.381578947368421,1.9166666666666663
47d1433867b829253a7f,0.5394736842105263,0.8157894736842105,0.8157894736842105,0.5394736842105263
76d8086ef9b828421690,1.1842105263157894,2.2894736842105265,2.2894736842105265,1.1842105263157894
e820285053dbe19ae0e9,0.9342105263157894,0.7368421052631579,0.7368421052631579,0.9342105263157894
406dc1e8bce5c9b2743a,0.6590909090909091,2.0795454545454546,2.0795454545454546,0.6590909090909091
69fcc3483ee95b5aa0bf,3.368421052631579,0.8611111111111112,0.8611111111111112,3.368421052631579
5de6a36bce0e0dbe369a,0.4204545454545454,1.056818181818182,1.056818181818182,0.4204545454545454
1b0346128dc877b3dc9c,2.19921875,1.119047619047619,1.119047619047619,2.19921875
386314adc36dba8bb8cf,1.52734375,1.9325396825396823,1.9325396825396823,1.52734375
632edde0d5d102ee59ba,1.3174603174603174,1.453125,1.453125,1.3174603174603174
902431afade3c7a50fef,1.4365079365079363,1.33203125,1.33203125,1.4365079365079363
53a5bb36bea1b5894970,0.6363636363636365,0.8295454545454545,0.8295454545454545,0.6363636363636365
1f43da825656f7b3053f,1.7045454545454544,2.0568181818181817,2.0568181818181817,1.7045454545454544
8d11fdce2a09ebf6a85b,1.4078947368421053,2.026315789473684,2.026315789473684,1.4078947368421053
bf7864449f6232acfd0a,0.3552631578947368,2.486842105263158,2.486842105263158,0.3552631578947368
8d8d5cded6df39f0e8f7,2.715909090909091,0.943181818181818,0.943181818181818,2.715909090909091
718c39a26c48c152044b,2.113636363636364,0.9090909090909092,0.9090909090909092,2.113636363636364
0fd221617394acfb7ba2,1.7571428571428571,1.5919117647058825,1.5919117647058825,1.7571428571428571
db9cbce859f6f872e4ef,2.113636363636364,1.2159090909090908,1.2159090909090908,2.113636363636364
c0cce4ace21f4ff1f07e,0.8362068965517241,1.2241379310344829,1.2241379310344829,0.8362068965517241
67102466ff0531662030,0.043103448275862,0.896551724137931,0.896551724137931,0.043103448275862
aaa67cdd00c6348eabe2,1.517241379310345,1.896551724137931,1.896551724137931,1.517241379310345
97f297b80fc3b611d493,2.340909090909091,1.4204545454545454,1.4204545454545454,2.340909090909091
15e314e07d583d4afc73,1.446153846153846,1.9928571428571429,1.9928571428571429,1.446153846153846
066d6bb41b6140d9700a,1.425,1.129310344827586,1.129310344827586,1.425
293bfc38bd5e96330c82,1.2875,1.1,1.1,1.2875
b40d26d6a9217676fc56,0.3804347826086957,0.3586956521739131,0.3586956521739131,0.3804347826086957
3901e69127290140cc66,1.45,0.9416666666666668,0.9416666666666668,1.45
3918281540267e1dd4b2,1.675,1.625,1.625,1.675
3a94a60b95ca0020746b,0.975,1.0583333333333331,1.0583333333333331,0.975
499b860e30187e84c01e,1.623188405797101,2.315384615384615,2.315384615384615,1.623188405797101
54fb99dc2b9136c209fa,1.0892857142857144,1.4916666666666665,1.4916666666666665,1.0892857142857144
56dd1823902e8deeb84f,1.89453125,0.6307692307692307,0.6307692307692307,1.89453125
67e4879f4bfc3eb9c14e,1.5,1.35,1.35,1.5
7804864dac9f715338fc,1.553846153846154,1.66796875,1.66796875,1.553846153846154
a3fcce55ce8755b648d6,1.8984375,1.4038461538461535,1.4038461538461535,1.8984375
bf5d4c03ef6975a15c82,1.1171875,1.3615384615384616,1.3615384615384616,1.1171875
c7da79528682ffe65e2e,1.4666666666666668,1.8666666666666667,1.8666666666666667,1.4666666666666668
da81273e4bcf6f1ee2cb,0.7916666666666667,2.1666666666666665,2.1666666666666665,0.7916666666666667
e7ec5c6c405ad0778d68,1.0192307692307692,1.721830985915493,1.721830985915493,1.0192307692307692
f1469c8c2518a5b05b83,1.2269230769230768,1.41015625,1.41015625,1.2269230769230768
92a4ab96f579c30f0503,1.9396551724137927,1.5583333333333331,1.5583333333333331,1.9396551724137927
42c59ff2622daa59baea,1.225,1.4249999999999998,1.4249999999999998,1.225
19dba840452f78195035,2.525,0.7749999999999999,0.7749999999999999,2.525
441d60870fcec03e9f7b,2.0875,0.4999999999999999,0.4999999999999999,2.0875
674d1312e9a5f5ce950d,0.75,1.3250000000000002,1.3250000000000002,0.75
735a1f0b5d6838463d6c,0.9375,0.775,0.775,0.9375
781783bd9c6a83528e0d,0.868421052631579,0.325,0.325,0.868421052631579
928ac9d7f87ba463eb66,2.130434782608696,0.9239130434782608,0.9239130434782608,2.130434782608696
12c64ed344f4d41ecdbd,2.0,0.9375,0.9375,2.0
2f5374d5434c4389b41b,0.934782608695652,0.6195652173913043,0.6195652173913043,0.934782608695652
2a7e81b4e694bca76cee,2.1807692307692306,2.207692307692308,2.207692307692308,2.1807692307692306
c197ffa4a1aca9899740,1.3125,1.56640625,1.56640625,1.3125
1ccc3da644e8a3ca20aa,0.0333333333333333,1.275,1.275,0.0333333333333333
8e882488dd4765358b6d,0.8369565217391304,1.3260869565217392,1.3260869565217392,0.8369565217391304
098fe971f8dc265c4ae6,1.3043478260869563,0.5978260869565217,0.5978260869565217,1.3043478260869563
57f6a27a67ab9a6dc47e,1.9375,1.1124999999999998,1.1124999999999998,1.9375
22c77d783911b78b36ce,2.75,1.2391304347826086,1.2391304347826086,2.75
aeb80e20f8c41010a10c,2.35,3.25,3.25,2.35
a15bf77bbc7f6ac1f975,1.4239130434782608,2.1847826086956523,2.1847826086956523,1.4239130434782608
6b7f13e9f8ba56bce998,0.8804347826086957,1.673913043478261,1.673913043478261,0.8804347826086957
1941346555746cc0727b,2.083333333333333,1.3,1.3,2.083333333333333
5f12856694cf96ec3f95,1.1847826086956523,2.010869565217392,2.010869565217392,1.1847826086956523
79c0df093f21ed710e5e,2.014084507042253,1.919230769230769,1.919230769230769,2.014084507042253
9e7e9c64a6b7dc09be35,1.6384615384615384,1.0923076923076922,1.0923076923076922,1.6384615384615384
b8066f46aff4c319d711,1.1370967741935485,0.7983870967741935,0.7983870967741935,1.1370967741935485
be7288f5c1f861dc6ae7,1.397727272727273,1.2575757575757576,1.2575757575757576,1.397727272727273
e8bdf6fad9e85296bb3a,1.393939393939394,1.056818181818182,1.056818181818182,1.393939393939394
8e8e3b9f0dc96b8280a0,1.4112903225806452,1.1774193548387095,1.1774193548387095,1.4112903225806452
7c5d3769fd13f92e0060,0.943548387096774,1.4838709677419355,1.4838709677419355,0.943548387096774
46307507a68071abb19d,2.1704545454545454,1.5892857142857144,1.5892857142857144,2.1704545454545454
58b53f56089cc17d22d9,0.6136363636363635,1.4166666666666667,1.4166666666666667,0.6136363636363635
8ddb05e26af31ba0e8a0,1.6909722222222223,1.3423076923076924,1.3423076923076924,1.6909722222222223
a33cac9c79983e2489be,1.3846153846153846,2.196969696969697,2.196969696969697,1.3846153846153846
ad96a4c3ba79db74a151,1.5384615384615383,1.8846153846153848,1.8846153846153848,1.5384615384615383
cf96df7edf7866c09ba2,1.435483870967742,1.125,1.125,1.435483870967742
bf1b0ccc2f25ffb51019,2.337121212121212,1.5795454545454546,1.5795454545454546,2.337121212121212
4fc8c648a1698c78f906,0.9047619047619048,2.5595238095238093,2.5595238095238093,0.9047619047619048
6d73b13af0dafb9fe6c0,2.402173913043478,0.40625,0.40625,2.402173913043478
41765ecca84737127643,1.7338709677419355,0.0,0.0,1.7338709677419355
953be13367f9735acea0,1.4435483870967742,1.5483870967741935,1.5483870967741935,1.4435483870967742
9d17b0715ec66bfd5f20,1.25,1.043103448275862,1.043103448275862,1.25
ed6c15493e72bf464820,0.9274193548387096,1.4112903225806452,1.4112903225806452,0.9274193548387096
9851207a1fbe151f77c0,0.6354166666666666,2.010869565217391,2.010869565217391,0.6354166666666666
a608fbf0bbed9cd790d0,1.3629032258064515,1.5,1.5,1.3629032258064515
33251820b15e1f2489e5,1.4166666666666667,2.1904761904761907,2.1904761904761907,1.4166666666666667
55cf84a94e2372503979,3.285714285714286,0.7023809523809523,0.7023809523809523,3.285714285714286
569b4c8c48f64dfd5cd1,1.0952380952380951,1.0,1.0,1.0952380952380951
d66df65c4d27ec8c449e,0.9404761904761906,1.2738095238095235,1.2738095238095235,0.9404761904761906
e9cb4ab32aa0c6ffd535,0.6309523809523809,1.95,1.95,0.6309523809523809
a7f727ffe050687da83e,1.7395833333333333,1.40625,1.40625,1.7395833333333333
a6042eb998476d2223dc,1.0476190476190477,1.9761904761904765,1.9761904761904765,1.0476190476190477
31673b496906c5e123bf,2.135416666666667,2.8125,2.8125,2.135416666666667
2dea5a3dd4275d05d712,1.1354166666666663,1.2395833333333333,1.2395833333333333,1.1354166666666663
b3273ac8db10842dfd3b,0.875,0.8333333333333334,0.8333333333333334,0.875
bd9ee02a223d4dd9f886,0.3854166666666666,0.9375,0.9375,0.3854166666666666
6d2e1c95b8e843de7c85,0.2857142857142857,0.8690476190476191,0.8690476190476191,0.2857142857142857
fde61c40ea87ac5bd2b4,0.7261904761904762,2.0,2.0,0.7261904761904762
d3130f163ff94b5847b4,1.2604166666666667,0.9375,0.9375,1.2604166666666667
78e5daa00179b82b7477,2.072916666666667,2.177083333333333,2.177083333333333,2.072916666666667
1bde7cb18abf57a7bf3b,2.120967741935484,2.129032258064516,2.129032258064516,2.120967741935484
37963c697a51ed8bdb12,0.7083333333333334,1.1145833333333337,1.1145833333333337,0.7083333333333334
4bc3b2e02f8a09642bf6,1.0,1.1935483870967742,1.1935483870967742,1.0
4f7053f75e7dbddc4aed,1.5564516129032258,1.5241935483870968,1.5241935483870968,1.5564516129032258
1ccd60f7633082e16b85,2.317164179104478,0.6194029850746269,0.6194029850746269,2.317164179104478
9507096100d03a74eb54,1.9166666666666663,2.4375,2.4375,1.9166666666666663
d02b8577b0cc7cb2c202,0.36,1.22,1.22,0.36
254079c46a02223369fb,1.53125,1.0078125,1.0078125,1.53125
506b747dc88b5669a709,1.1071428571428572,0.8181818181818182,0.8181818181818182,1.1071428571428572
00c77199c7f86051fefa,1.6628787878787878,2.220149253731343,2.220149253731343,1.6628787878787878
088b0e216faeb813a63b,1.1328125,1.3828125,1.3828125,1.1328125
199b76f93165f323af20,1.5625,1.4296875,1.4296875,1.5625
232aca6fcb0ee16b44eb,1.0806451612903227,1.78125,1.78125,1.0806451612903227
44b5836c6677ea3dcd54,1.4253731343283582,1.0559701492537312,1.0559701492537312,1.4253731343283582
46a08dc92219b3260b39,1.5113636363636365,1.5708955223880596,1.5708955223880596,1.5113636363636365
525aaa8364bd29aee777,1.46875,1.21875,1.21875,1.46875
59faf361fbf45c5f7b46,2.171875,0.9453125,0.9453125,2.171875
63c8d5bbae80861adebb,1.9833333333333332,1.5390625,1.5390625,1.9833333333333332
93a90b91a20c346b394f,1.5078125,1.3046875,1.3046875,1.5078125
a62feef4f748b7676ab8,2.0,1.9053030303030305,1.9053030303030305,2.0
e026c7fc94a61087a36f,1.140625,1.46875,1.46875,1.140625
f10d41f3ce54445afd35,1.7123287671232876,1.9053030303030305,1.9053030303030305,1.7123287671232876
4eaf496b4937ba101296,1.3515625,1.7983870967741935,1.7983870967741935,1.3515625
2c1104714d7887391097,0.75,2.0390625,2.0390625,0.75
c53a1ee1fa14ad31e4cf,1.88,2.04,2.04,1.88
1d181ede3f4744a2f619,1.3863636363636365,3.3068181818181817,3.3068181818181817,1.3863636363636365
89b1f3aad50ffb341c9f,0.9772727272727274,0.7386363636363636,0.7386363636363636,0.9772727272727274
90a346502b9233da3bdd,2.0476190476190474,1.0340909090909092,1.0340909090909092,2.0476190476190474
968c65627d9df2e13408,2.261363636363636,0.9772727272727272,0.9772727272727272,2.261363636363636
a2ec3ac012ad5b02626e,2.83,0.82,0.82,2.83
372db0383633f80fc62d,2.625,1.9545454545454544,1.9545454545454544,2.625
b2f5fddcf5fd10ba5f09,1.33,1.05,1.05,1.33
0d081ddb5dc308442abf,1.3522727272727273,1.5633802816901408,1.5633802816901408,1.3522727272727273
61e7b1813490b5d47cdb,2.186567164179104,1.41044776119403,1.41044776119403,2.186567164179104
88c250bd50cb3e795d28,2.297794117647059,1.0719696969696968,1.0719696969696968,2.297794117647059
de35e386b2b8ba984653,0.625,1.318181818181818,1.318181818181818,0.625
152fb9c988db4276f11b,-0.0078125,1.3125,1.3125,-0.0078125
10ef962f0e43a4abf820,0.8900000000000001,0.88,0.88,0.8900000000000001
ee222006658c5a34a9f8,2.13,1.81,1.81,2.13
812efd635a251bf8f81a,0.8636363636363636,1.318181818181818,1.318181818181818,0.8636363636363636
43e1db07daf0d79def08,0.6363636363636364,0.5568181818181818,0.5568181818181818,0.6363636363636364
d436021e072092e4255a,1.0299999999999998,2.3800000000000003,2.3800000000000003,1.0299999999999998
3618c2f961f05a4608ce,2.0454545454545454,0.2613636363636364,0.2613636363636364,2.0454545454545454
5398db0ab780e65c8815,0.84,2.03,2.03,0.84
579740ef3dda521635d6,1.388059701492537,1.2350746268656718,1.2350746268656718,1.388059701492537
f83a08e25e6af915c997,0.38,0.74,0.74,0.38
c1610245f46e488ac2d9,1.18,1.34,1.34,1.18
84a3538552962298dac5,1.128787878787879,2.007575757575758,2.007575757575758,1.128787878787879
bd2be6b1eee56dfe70ed,1.1363636363636365,0.9015151515151516,0.9015151515151516,1.1363636363636365
dd172a49c705ed34edb7,1.903225806451613,1.4924242424242424,1.4924242424242424,1.903225806451613
de720328eea3fe9bbf88,1.4545454545454546,1.075757575757576,1.075757575757576,1.4545454545454546
e09aedecabe046dd2d7c,1.4772727272727273,1.3636363636363635,1.3636363636363635,1.4772727272727273
f4a83084b2a2c9bca36b,1.15625,1.5984848484848484,1.5984848484848484,1.15625
6d8927f277552968525e,1.5,1.7265625,1.7265625,1.5
17f396eba0e756e07b07,1.4166666666666667,1.4545454545454546,1.4545454545454546,1.4166666666666667
1aef13c432388cbe5ffe,2.212121212121212,1.371212121212121,1.371212121212121,2.212121212121212
700bcfafb2c91d8c1fd4,-0.0151515151515151,1.1742424242424243,1.1742424242424243,-0.0151515151515151
c039f93fb567e506ef80,1.5227272727272727,1.7121212121212122,1.7121212121212122,1.5227272727272727
c7177fa651c2e3360564,0.7575757575757576,1.371212121212121,1.371212121212121,0.7575757575757576
13e8ea750b77fcb71c31,1.8917910447761197,0.6123188405797102,0.6123188405797102,1.8917910447761197
b26f965b97323cbd16da,1.4338235294117647,1.5073529411764708,1.5073529411764708,1.4338235294117647
9acf3fc6060769d48f3e,0.9782608695652174,1.0760869565217392,1.0760869565217392,0.9782608695652174
689d1b6849eb393cd342,1.0480769230769231,1.1153846153846154,1.1153846153846154,1.0480769230769231
2a42909dc5fdec1afc20,1.0551470588235294,2.202205882352941,2.202205882352941,1.0551470588235294
2d460a4586f6ca395c8c,1.4264705882352942,2.242647058823529,2.242647058823529,1.4264705882352942
3b47511d25c24fe1a600,1.2426470588235294,1.125,1.125,1.2426470588235294
418540cf04c019ec9414,0.9044117647058822,0.7279411764705882,0.7279411764705882,0.9044117647058822
560e06f2ab453c8fa592,1.3529411764705883,1.953125,1.953125,1.3529411764705883
5b4c0f759919ef0824f3,1.3235294117647058,1.338235294117647,1.338235294117647,1.3235294117647058
77057401556c323c6750,1.213235294117647,1.6343283582089552,1.6343283582089552,1.213235294117647
7c7904387a3e0329c351,1.5404411764705883,1.7027027027027026,1.7027027027027026,1.5404411764705883
ae38e3f7641cae51d2e0,1.536764705882353,-0.0294117647058823,-0.0294117647058823,1.536764705882353
b374d9e392b65cf726ac,2.235294117647059,1.9863013698630136,1.9863013698630136,2.235294117647059
cbc3723ea0f487527275,1.772058823529412,1.463235294117647,1.463235294117647,1.772058823529412
e06093ae56c0c20f7d4d,1.7803030303030305,1.1136363636363638,1.1136363636363638,1.7803030303030305
f1d7b9f7932ac49c1718,1.534722222222222,1.4191176470588234,1.4191176470588234,1.534722222222222
10355229053068d884f5,1.036764705882353,1.4411764705882353,1.4411764705882353,1.036764705882353
2ebda15edf00e30c2082,1.6470588235294117,1.1323529411764706,1.1323529411764706,1.6470588235294117
f01c718532896e61f017,0.7692307692307693,1.9423076923076923,1.9423076923076923,0.7692307692307693
031401542ead1e0e36d8,0.8260869565217391,1.943181818181818,1.943181818181818,0.8260869565217391
4496d62f5f2f0b23bc99,0.2934782608695652,0.5978260869565217,0.5978260869565217,0.2934782608695652
8fbdcc6cc3f85cce9234,1.1304347826086958,0.8152173913043479,0.8152173913043479,1.1304347826086958
f85d4793fb17da8ab968,0.6739130434782609,2.2065217391304346,2.2065217391304346,0.6739130434782609
aebb213698cf79843a64,2.0384615384615383,0.3173076923076922,0.3173076923076922,2.0384615384615383
2e1650e8635c503db94d,3.3043478260869565,2.5543478260869565,2.5543478260869565,3.3043478260869565
fb34b16754bf14ef3d99,0.9903846153846154,2.855769230769231,2.855769230769231,0.9903846153846154
19c05eebab3784669e27,1.8917910447761197,2.318840579710145,2.318840579710145,1.8917910447761197
22e9c219b978a20eefae,1.3860294117647058,1.541044776119403,1.541044776119403,1.3860294117647058
889e421ce2bbfc0c2721,1.3470149253731345,1.4154411764705883,1.4154411764705883,1.3470149253731345
a0095fdf7a96fbf76b48,1.044776119402985,1.3843283582089554,1.3843283582089554,1.044776119402985
75a255027b1a5460432d,2.278846153846154,0.778846153846154,0.778846153846154,2.278846153846154
89d6a88e33ff0aaba468,1.8653846153846156,1.3173076923076923,1.3173076923076923,1.8653846153846156
9afb896411bc5b8a3d66,0.6956521739130435,2.0,2.0,0.6956521739130435
9cbcd425fb0a425107b1,1.4021739130434785,1.315217391304348,1.315217391304348,1.4021739130434785
6c313fb5ee0e9925dc69,1.3173076923076923,0.826923076923077,0.826923076923077,1.3173076923076923
5b512dcc1192d99c5197,1.9130434782608692,1.1022727272727273,1.1022727272727273,1.9130434782608692
477b464c19b4955502e7,1.9423076923076923,2.0961538461538463,2.0961538461538463,1.9423076923076923
273f33db0ffb18507693,1.4134615384615383,0.3557692307692307,0.3557692307692307,1.4134615384615383
3dec3fc93ed3cbf041ac,1.9779411764705883,1.4558823529411764,1.4558823529411764,1.9779411764705883
e42bce1645f95e75a3f9,0.8365384615384616,1.125,1.125,0.8365384615384616
19ba105eab72e8041e0a,1.6766666666666667,1.2427536231884058,1.2427536231884058,1.6766666666666667
6c5d98ad13b5d7b99153,1.5273972602739727,1.956081081081081,1.956081081081081,1.5273972602739727
d8b3f8e1d0fb03772629,2.2246376811594204,0.6535714285714287,0.6535714285714287,2.2246376811594204
eaeae15e812560295082,1.565217391304348,1.4130434782608696,1.4130434782608696,1.565217391304348
63b91de03918556880aa,1.8235294117647056,2.0075757575757573,2.0075757575757573,1.8235294117647056
1371bd790a4d03d93269,1.36231884057971,2.25,2.25,1.36231884057971
1498a80c3ae6f4b56652,1.8602941176470589,1.856617647058824,1.856617647058824,1.8602941176470589
275f576aa6dc864f8b74,2.3321428571428573,1.5661764705882353,1.5661764705882353,2.3321428571428573
29915c8a729c86c1573b,1.0289855072463767,1.411764705882353,1.411764705882353,1.0289855072463767
58899c6bab2a418be043,1.4420289855072463,1.6066176470588234,1.6066176470588234,1.4420289855072463
de3dba0bc587ddffaf68,1.9021739130434785,1.0434782608695652,1.0434782608695652,1.9021739130434785
0946faec38edc28a9ddc,1.3235294117647058,1.0257352941176472,1.0257352941176472,1.3235294117647058
72a5ab61e464724d059e,0.7999999999999999,1.407142857142857,1.407142857142857,0.7999999999999999
e71fa16d935b498376ea,0.9166666666666669,3.302083333333333,3.302083333333333,0.9166666666666669
169792b13ef5ec0ff1e8,0.925925925925926,2.083333333333333,2.083333333333333,0.925925925925926
3bd06ea15228a820d2f8,1.3785714285714286,1.292857142857143,1.292857142857143,1.3785714285714286
445a0d4f6a71678336ca,1.4,1.092857142857143,1.092857142857143,1.4
641b2274ab2daab72cb1,1.0785714285714283,2.044117647058824,2.044117647058824,1.0785714285714283
74d31a5ddc219cc3cbcd,0.8714285714285714,1.3857142857142857,1.3857142857142857,0.8714285714285714
cce79dd873cc010fadfb,-0.0428571428571428,1.5,1.5,-0.0428571428571428
ec865038a5ae72f6e54d,1.8214285714285716,1.7642857142857142,1.7642857142857142,1.8214285714285716
97baf58dd104d4013fd8,1.0735294117647058,0.9928571428571428,0.9928571428571428,1.0735294117647058
11f8a493cf148973ca2d,2.0,1.0462962962962965,1.0462962962962965,2.0
19a8f816707a894f8dc4,2.271428571428572,1.457142857142857,1.457142857142857,2.271428571428572
2d1f60f6bb35305cbd6f,2.083333333333333,0.8333333333333334,0.8333333333333334,2.083333333333333
7066a2e963e0f63c0207,2.104166666666667,0.2604166666666667,0.2604166666666667,2.104166666666667
a8a27fbfb8387c0c69ea,1.1770833333333337,1.96875,1.96875,1.1770833333333337
b663077ec2b455f50e06,0.9895833333333331,0.625,0.625,0.9895833333333331
e7b2fd034365125e0709,1.9583333333333333,1.3229166666666667,1.3229166666666667,1.9583333333333333
5a1567fe3dc37e29b9b3,1.2222222222222223,1.7870370370370372,1.7870370370370372,1.2222222222222223
797c3373598a652d9ab0,2.4375,0.9166666666666666,0.9166666666666666,2.4375
9446666920ee40e59f49,0.3333333333333333,1.9074074074074077,1.9074074074074077,0.3333333333333333
ad17d9652d95cb3d6202,0.7314814814814814,0.7222222222222222,0.7222222222222222,0.7314814814814814
99d8b6c5984c7b4555ac,0.2962962962962963,1.4814814814814814,1.4814814814814814,0.2962962962962963
f7b0450efb8b7ec5863a,1.1111111111111112,0.7777777777777777,0.7777777777777777,1.1111111111111112
4d5dabae7d3828caf395,1.40625,0.78125,0.78125,1.40625
a48871c75fbad8f79282,2.021428571428572,1.2857142857142856,1.2857142857142856,2.021428571428572
a5f85819d6c1923303ce,0.71875,1.0729166666666667,1.0729166666666667,0.71875
58440f007a4d076a20a5,2.055555555555556,0.9351851851851852,0.9351851851851852,2.055555555555556
7d4cfbc2021accff199b,2.8796296296296298,2.324074074074074,2.324074074074074,2.8796296296296298
1a0ef532d2ed74719cfd,1.3888888888888888,1.25,1.25,1.3888888888888888
15fc02054769d5723f93,1.3541666666666667,1.0714285714285714,1.0714285714285714,1.3541666666666667
2574bc0742c6f868e94a,1.5486111111111112,1.868055555555556,1.868055555555556,1.5486111111111112
2a1a717e2fcbb49e242f,1.701388888888889,1.6928571428571428,1.6928571428571428,1.701388888888889
431bb72052220e74ec90,1.4857142857142855,-0.0486111111111111,-0.0486111111111111,1.4857142857142855
41759efb57c459f6d1a3,1.4027777777777777,1.0763888888888888,1.0763888888888888,1.4027777777777777
5b0d468a4ed8e55cd702,2.0142857142857142,1.3263888888888888,1.3263888888888888,2.0142857142857142
13e3f38b4110621b56b4,1.152777777777778,2.076388888888889,2.076388888888889,1.152777777777778
45135e2a80064d59e013,0.9930555555555556,0.875,0.875,0.9930555555555556
e3092bca41edcedc7d3d,1.375,1.3071428571428572,1.3071428571428572,1.375
f5e06568cea187f510f4,1.5928571428571427,0.875,0.875,1.5928571428571427
22de458c085306cc3daa,1.2222222222222223,1.3541666666666667,1.3541666666666667,1.2222222222222223
e3b0ea766ed6bb9674c7,1.3541666666666667,2.305555555555556,2.305555555555556,1.3541666666666667
3b80b1075ed2eee9d9d8,1.4054054054054057,1.6388888888888888,1.6388888888888888,1.4054054054054057
80efafcf803d654ecbf3,0.7899999999999999,0.85,0.85,0.7899999999999999
26d2338aa0e54b37e8b1,1.107142857142857,0.8839285714285714,0.8839285714285714,1.107142857142857
155b9495b0c153ecf0fa,1.351351351351351,2.0135135135135136,2.0135135135135136,1.351351351351351
287ec1b1f1e6d439f4f5,2.232142857142857,1.0607142857142855,1.0607142857142855,2.232142857142857
2d080708eb9df1d9b498,1.1824324324324322,1.141891891891892,1.141891891891892,1.1824324324324322
3699b65175cf2441de81,1.472222222222222,1.3175675675675675,1.3175675675675675,1.472222222222222
3ed233e92e1f0ae7bd0a,1.407142857142857,1.648026315789474,1.648026315789474,1.407142857142857
7808a03eb37376ff474d,1.7432432432432432,0.8783783783783784,0.8783783783783784,1.7432432432432432
9a42645ef716af87cee4,1.2972972972972974,1.361111111111111,1.361111111111111,1.2972972972972974
a1e871987cd328c84d4f,1.539855072463768,1.5506756756756757,1.5506756756756757,1.539855072463768
af5266543b836723b11e,1.275,2.345070422535211,2.345070422535211,1.275
b9ad3571a4a5be937a99,1.2094594594594594,0.9391891891891893,0.9391891891891893,1.2094594594594594
cb62e737413df177d59a,0.9594594594594592,1.9054054054054053,1.9054054054054053,0.9594594594594592
e44df6bbd75f7adb027b,1.6304347826086956,1.8876811594202896,1.8876811594202896,1.6304347826086956
fb49203a76a12daa3bdc,1.9861111111111112,-0.0202702702702702,-0.0202702702702702,1.9861111111111112
2cff23aa4c1af6dfbc75,1.5763888888888888,2.3445945945945947,2.3445945945945947,1.5763888888888888
07858ce9ec2cbed31005,1.7589285714285714,2.767857142857143,2.767857142857143,1.7589285714285714
93fd18a1fcdd40b4d9ee,1.3310810810810811,1.4054054054054057,1.4054054054054057,1.3310810810810811
146c5848bfdb18690e12,0.23,1.39,1.39,0.23
5d94c8fd50f00a93b81a,0.5900000000000001,2.16,2.16,0.5900000000000001
6d40952c6f9f36619731,1.12,2.47,2.47,1.12
e05e15b486592c8030e8,3.3200000000000003,1.92,1.92,3.3200000000000003
a1a0aa01a218210320c3,0.8125,2.125,2.125,0.8125
02320eae4c830c973d5f,0.87,1.0799999999999998,1.0799999999999998,0.87
f0bc3c1065799614707b,1.9821428571428568,1.2142857142857144,1.2142857142857144,1.9821428571428568
0014cde464c15ca0754c,1.003623188405797,2.1892857142857145,2.1892857142857145,1.003623188405797
34bd16e86738716f648d,1.818840579710145,1.417857142857143,1.417857142857143,1.818840579710145
44437eb5320a4aa5756d,1.3876811594202898,1.3571428571428572,1.3571428571428572,1.3876811594202898
ffa0ef7ad7c9e6e66dc2,1.9266666666666663,1.355072463768116,1.355072463768116,1.9266666666666663
05b29095ef11cc76b541,1.0178571428571428,0.4017857142857143,0.4017857142857143,1.0178571428571428
a1f58b24c5a0f97ea632,1.419642857142857,1.330357142857143,1.330357142857143,1.419642857142857
7d59c1b85e27d9e0fafd,1.0,0.2857142857142857,0.2857142857142857,1.0
decdf4eab0bb81b3541d,0.84,0.84,0.84,0.84
7c213e0bcf08727abdca,1.0,1.31,1.31,1.0
16ea6a405717aaaf5722,1.9732142857142856,2.044642857142857,2.044642857142857,1.9732142857142856
58edd29ae685c106165c,2.02,2.04,2.04,2.02
94be3aa82d67f0950360,2.357142857142857,1.3214285714285714,1.3214285714285714,2.357142857142857
548e62beec6d960f7d02,0.6901408450704225,1.5571428571428572,1.5571428571428572,0.6901408450704225
05c3b849ae6e35359a01,1.5,1.0347222222222223,1.0347222222222223,1.5
7db86624641577b2e690,0.7857142857142858,0.6964285714285714,0.6964285714285714,0.7857142857142858
b5082af3c22053d16aea,1.6891891891891893,1.418918918918919,1.418918918918919,1.6891891891891893
9392c690b570ed43c623,1.4189189189189189,1.6216216216216215,1.6216216216216215,1.4189189189189189
e840a93a19bf32da8fa4,1.4471830985915497,1.4014084507042253,1.4014084507042253,1.4471830985915497
861520e5c778fc08eb70,2.163793103448276,0.9482758620689656,0.9482758620689656,2.163793103448276
7301e4402c68bbdf0d24,1.375,1.25,1.25,1.375
790d816c7c9426e71462,2.1153846153846154,1.932692307692308,1.932692307692308,2.1153846153846154
ff900a6503cd27691651,1.1637931034482758,1.103448275862069,1.103448275862069,1.1637931034482758
224c368eb17aa2f8a0d2,0.9407894736842106,1.6644736842105263,1.6644736842105263,0.9407894736842106
2de8ad125deccd0fb315,1.6396103896103895,1.3821428571428571,1.3821428571428571,1.6396103896103895
5209c93ec562d991de09,1.098684210526316,1.473684210526316,1.473684210526316,1.098684210526316
6b39b1ffaa12719e6cd4,-0.0328947368421052,1.6776315789473684,1.6776315789473684,-0.0328947368421052
8135641b5b55a007b2b7,1.631578947368421,1.3223684210526316,1.3223684210526316,1.631578947368421
98478f717eb198fb3015,1.857142857142857,1.25,1.25,1.857142857142857
b1c673924b2f3bfc9a0b,1.5492957746478873,1.9144736842105263,1.9144736842105263,1.5492957746478873
b5021b1ccaa616b23633,1.394736842105263,1.5460526315789471,1.5460526315789471,1.394736842105263
be282a0da028c74d0b3b,1.375,1.2039473684210529,1.2039473684210529,1.375
cb25057598fe036a751e,1.848684210526316,2.027027027027027,2.027027027027027,1.848684210526316
d494961a7da9f8606ebd,2.172535211267605,1.5642857142857145,1.5642857142857145,2.172535211267605
fef3a996b67ea43cbccb,1.0,1.243421052631579,1.243421052631579,1.0
99a01a09af44caf363c1,1.986842105263158,1.0197368421052633,1.0197368421052633,1.986842105263158
32c9b1eb75a111341ba1,0.9539473684210524,1.3421052631578947,1.3421052631578947,0.9539473684210524
c2dc5e93007abe7f41fd,0.646551724137931,1.043103448275862,1.043103448275862,0.646551724137931
07454284587f66321186,0.9519230769230768,0.875,0.875,0.9519230769230768
3b8451b002fd0a4d1819,1.8846153846153848,0.2115384615384615,0.2115384615384615,1.8846153846153848
b5ecc8f510282acceba7,0.7884615384615385,0.6057692307692308,0.6057692307692308,0.7884615384615385
bb196789760087f9371e,1.0865384615384617,3.230769230769231,3.230769230769231,1.0865384615384617
4fbe28aafda444b5c781,2.276315789473684,1.355263157894737,1.355263157894737,2.276315789473684
9e67ef02a1c06a0d6a11,0.9827586206896552,2.267241379310345,2.267241379310345,0.9827586206896552
8ea7498607bbc8d2b0b2,1.0769230769230769,2.5096153846153846,2.5096153846153846,1.0769230769230769
bfb0d0073959baa82471,1.2758620689655171,2.0258620689655173,2.0258620689655173,1.2758620689655171
167867c6571271ec1c44,1.352112676056338,1.0035714285714286,1.0035714285714286,1.352112676056338
9953b5d8bd77359dc467,1.5266666666666666,1.6535714285714285,1.6535714285714285,1.5266666666666666
b7a5da63fb11e799081f,1.0598591549295775,1.7857142857142858,1.7857142857142858,1.0598591549295775
364fe284a2236d219739,0.396551724137931,2.086206896551724,2.086206896551724,0.396551724137931
141de7c2e3f5ac4ca089,0.3706896551724138,1.732758620689655,1.732758620689655,0.3706896551724138
6eb766d04481bb46558e,1.387931034482759,1.4827586206896552,1.4827586206896552,1.387931034482759
2f75ae74e332feae8fcc,1.4615384615384617,0.9423076923076924,0.9423076923076924,1.4615384615384617
142c2376aa17d408cab5,1.25,0.7403846153846154,0.7403846153846154,1.25
e4f30dd96f81b5ed645a,0.7758620689655172,1.896551724137931,1.896551724137931,0.7758620689655172
7d454fbafbecadbf8d8c,2.0865384615384617,1.0576923076923077,1.0576923076923077,2.0865384615384617
2ebec8d7c32127e31493,2.706896551724138,0.8879310344827587,0.8879310344827587,2.706896551724138
29f07aae56c0007f0f12,-0.0448717948717948,1.3269230769230769,1.3269230769230769,-0.0448717948717948
3d661ad9b08e0771437b,1.301282051282051,1.1666666666666667,1.1666666666666667,1.301282051282051
4d6f1e6ba86141e3871a,1.3076923076923077,1.096153846153846,1.096153846153846,1.3076923076923077
589d0160f39e7dbb97c0,1.7243589743589745,0.903846153846154,0.903846153846154,1.7243589743589745
afd300daa972795e2bd1,1.6730769230769231,1.012820512820513,1.012820512820513,1.6730769230769231
b6616e790844fae91dae,1.4615384615384617,1.3205128205128205,1.3205128205128205,1.4615384615384617
dc4aed36224f687054c8,1.301282051282051,1.2820512820512822,1.2820512820512822,1.301282051282051
dd80a61b178fc22008f1,1.0192307692307694,1.3525641025641026,1.3525641025641026,1.0192307692307694
a2992bbd91313c7a042d,1.8269230769230769,1.9615384615384612,1.9615384615384612,1.8269230769230769
e0d022dcc08c199d2673,0.9407894736842104,1.4230769230769231,1.4230769230769231,0.9407894736842104
e4db558fa1d25930b636,1.58974358974359,2.314102564102564,2.314102564102564,1.58974358974359
4bc9455eaec9d566121b,0.9083333333333332,1.2666666666666666,1.2666666666666666,0.9083333333333332
2e794214280f16444e83,1.027777777777778,1.9907407407407407,1.9907407407407407,1.027777777777778
6b34ac0d37a76448cdd7,0.5740740740740741,1.851851851851852,1.851851851851852,0.5740740740740741
7bc671b55b77fda32bfa,3.259259259259259,1.3240740740740742,1.3240740740740742,3.259259259259259
ab28b06126071d473032,0.9907407407407408,1.027777777777778,1.027777777777778,0.9907407407407408
ad93d6a17a970ff3bf00,0.2407407407407407,0.9537037037037038,0.9537037037037038,0.2407407407407407
d4337e18082d76a89071,2.0185185185185186,0.8796296296296295,0.8796296296296295,2.0185185185185186
103c4dd39633bd2a5a44,0.8916666666666667,0.35,0.35,0.8916666666666667
5f3b43b0ffd2c29195d9,2.5370370370370368,2.1481481481481484,2.1481481481481484,2.5370370370370368
76c401ad41104b12e2b2,0.9916666666666668,1.4583333333333333,1.4583333333333333,0.9916666666666668
a77e9ad6ea14a2251946,1.4166666666666663,0.7416666666666667,0.7416666666666667,1.4166666666666663
3d9c5442d38884b54e76,0.7037037037037037,1.0092592592592593,1.0092592592592593,0.7037037037037037
f2685096cac167ab6f8e,0.8796296296296295,1.398148148148148,1.398148148148148,0.8796296296296295
6f58c10554b47be66a15,0.9416666666666668,0.3416666666666666,0.3416666666666666,0.9416666666666668
95c6353b373d935bd680,1.9416666666666669,2.65,2.65,1.9416666666666669
73b7b717f0be521f367c,1.09375,-0.05625,-0.05625,1.09375
76ea5dbc843ade72a5e7,1.36875,1.3,1.3,1.36875
aae179fa83eaad80f2bc,1.3125,2.0,2.0,1.3125
bc631c46a65debcc8d6c,1.38125,1.54375,1.54375,1.38125
de5560d45f6223d10148,1.275,1.35,1.35,1.275
e5811c5fae633c3466d1,1.13125,1.41875,1.41875,1.13125
7cf313ecf3641414b507,2.158333333333333,1.2416666666666667,1.2416666666666667,2.158333333333333
cafd20961ab9cca630fe,0.90625,0.9423076923076924,0.9423076923076924,0.90625
8fbb47579e3c54442c7d,1.4125,1.8625,1.8625,1.4125
3dd1114f316b1ba16867,1.7833333333333334,0.7416666666666667,0.7416666666666667,1.7833333333333334
a638f91eb2c6c9d7fe24,1.0125000000000002,1.075,1.075,1.0125000000000002
c1f015dc40caee815892,1.90625,1.29375,1.29375,1.90625
de902fb352e2ad6e0fdc,1.05,1.9916666666666667,1.9916666666666667,1.05
fa950003559498aa5790,2.3375000000000004,1.70625,1.70625,2.3375000000000004
8de4a5f6663f0eabf40e,2.3000000000000003,2.2,2.2,2.3000000000000003
10546953f5eec9dc2f09,1.7115384615384617,1.65625,1.65625,1.7115384615384617
006906ddb940e31da2dd,0.6944444444444445,1.0381944444444444,1.0381944444444444,0.6944444444444445
aee86dc8c59e22ee3a2b,1.8109756097560976,1.0121951219512195,1.0121951219512195,1.8109756097560976
a888ce92ff367df4a4e6,1.9107142857142856,0.9910714285714284,0.9910714285714284,1.9107142857142856
080e8f222a38f3d41841,0.3225806451612903,1.8548387096774197,1.8548387096774197,0.3225806451612903
0219e89b662d1af901de,1.396341463414634,1.3597560975609757,1.3597560975609757,1.396341463414634
4f020a0027300b6409b8,1.4085365853658536,0.9085365853658536,0.9085365853658536,1.4085365853658536
5ee5a87fa172b022bae5,1.2847222222222223,1.5416666666666667,1.5416666666666667,1.2847222222222223
8d8bde772c283040e41b,1.4119718309859155,2.138888888888889,2.138888888888889,1.4119718309859155
8f020e48142aff6eb11d,1.073170731707317,1.3353658536585369,1.3353658536585369,1.073170731707317
bb69a0d49b8d50ae1ca0,1.5914634146341464,1.7687499999999998,1.7687499999999998,1.5914634146341464
c7b67015918d604fb318,1.5880281690140845,1.6121794871794872,1.6121794871794872,1.5880281690140845
cbdcfe0b7293347734ba,1.2865853658536586,1.0914634146341462,1.0914634146341462,1.2865853658536586
ceaf42f976cfb9d5d3ba,0.94375,1.8841463414634148,1.8841463414634148,0.94375
d8c20a5511760318ffa0,1.3958333333333333,2.361111111111111,2.361111111111111,1.3958333333333333
debdc08f2ab9faeaca85,2.032051282051282,1.4573170731707317,1.4573170731707317,2.032051282051282
e0f9160237cccfb8f781,1.6890243902439024,1.2378048780487805,1.2378048780487805,1.6890243902439024
e8185582a9c3bea4df74,-0.0304878048780487,2.304878048780488,2.304878048780488,-0.0304878048780487
27c432eb4d5a9ad85ccb,1.2926829268292683,1.1280487804878048,1.1280487804878048,1.2926829268292683
32d7d6cb7095a4a3ad80,0.7096774193548387,0.8709677419354839,0.8709677419354839,0.7096774193548387
f26d64ea0635dfa672a7,0.3306451612903226,1.0161290322580645,1.0161290322580645,0.3306451612903226
4c4b43f36e395c821bdd,0.9553571428571428,2.0625,2.0625,0.9553571428571428
70a7c0996e7f0d81090f,1.9196428571428568,2.571428571428571,2.571428571428571,1.9196428571428568
c4f3e42cdb7b2f379491,1.3839285714285714,0.5267857142857143,0.5267857142857143,1.3839285714285714
e40b318910265d7de6a4,1.0089285714285714,0.2678571428571428,0.2678571428571428,1.0089285714285714
674abe61685f421026fb,1.2338709677419355,2.217741935483871,2.217741935483871,1.2338709677419355
d34735da025b9ae76a16,3.258928571428572,0.7142857142857143,0.7142857142857143,3.258928571428572
c925621c22479ad2d2a2,2.040322580645161,1.846774193548387,1.846774193548387,2.040322580645161
4625cf13106bb26d2d5b,0.9788732394366196,1.549342105263158,1.549342105263158,0.9788732394366196
5f0a1ccef3fd196271ad,1.6267605633802815,1.35,1.35,1.6267605633802815
72dfba5d5c0284166b71,2.214788732394366,1.8204225352112675,1.8204225352112675,2.214788732394366
f07c32f09d6e49b445f6,1.8098591549295773,1.3854166666666663,1.3854166666666663,1.8098591549295773
c21491edcdd3aaf8829c,1.5914634146341464,1.274390243902439,1.274390243902439,1.5914634146341464
7fac38d6e08d04783587,1.3306451612903225,1.0,1.0,1.3306451612903225
815a40f473c76351f8b1,2.2338709677419355,0.991935483870968,0.991935483870968,2.2338709677419355
60a3826b98eb99ae9355,0.8392857142857143,0.8839285714285714,0.8839285714285714,0.8392857142857143
570e99fe087243041a8a,1.0267857142857144,2.0535714285714284,2.0535714285714284,1.0267857142857144
79dc9ed94b4862c28281,0.6935483870967742,1.4758064516129032,1.4758064516129032,0.6935483870967742
aec08a012ee87edadc3e,1.2678571428571428,1.1071428571428572,1.1071428571428572,1.2678571428571428
a627683720ec9bb6c8c6,2.685483870967742,2.120967741935484,2.120967741935484,2.685483870967742
762350aec32236e22450,1.9025974025974024,1.4409722222222223,1.4409722222222223,1.9025974025974024
9edea1a3df76777f9803,1.4435483870967742,0.967741935483871,0.967741935483871,1.4435483870967742
01f726f1a61313eb2fe2,2.06875,1.0,1.0,2.06875
9ccc2c238d10e0c72fc7,1.0714285714285714,1.804878048780488,1.804878048780488,1.0714285714285714
00d69148f141084ebe45,2.046875,1.28125,1.28125,2.046875
1a60fd3584c3275bec91,2.273809523809524,1.0290697674418603,1.0290697674418603,2.273809523809524
5148f58990614b49a6fb,0.9741379310344828,0.646551724137931,0.646551724137931,0.9741379310344828
c4dc282e25d812aa874d,0.9453125,2.703125,2.703125,0.9453125
005a82aaac8dcb68c299,1.2857142857142858,1.363095238095238,1.363095238095238,1.2857142857142858
1b7f34d712f7e02386cc,1.0952380952380951,-0.0059523809523809,-0.0059523809523809,1.0952380952380951
224737c2f94c37b25970,1.3273809523809523,1.5416666666666663,1.5416666666666663,1.3273809523809523
3841f03e9dbb0a60808d,1.4178082191780823,1.7847222222222223,1.7847222222222223,1.4178082191780823
4ad8532905b4a80c05ee,1.6145833333333333,0.9618055555555556,0.9618055555555556,1.6145833333333333
4cab12ea18960c6238f7,1.4212328767123288,1.6006944444444444,1.6006944444444444,1.4212328767123288
6b17b37ccc78ded3c3bc,1.851190476190476,1.3333333333333337,1.3333333333333337,1.851190476190476
7635e3d045e960452b6e,1.0595238095238095,1.0595238095238095,1.0595238095238095,1.0595238095238095
88106035f99592fcdde0,0.6712328767123288,1.919871794871795,1.919871794871795,0.6712328767123288
a1490cc3b774910d65e6,1.3511904761904765,1.7916666666666667,1.7916666666666667,1.3511904761904765
c8dee0974b05f40132eb,1.011904761904762,1.3392857142857144,1.3392857142857144,1.011904761904762
dade6d9f03347c845a81,1.3854166666666663,1.5342465753424657,1.5342465753424657,1.3854166666666663
f09a7c285287a1618ea4,1.3273809523809523,1.6428571428571428,1.6428571428571428,1.3273809523809523
8bf2c02035cf21786e63,0.9702380952380952,1.5476190476190477,1.5476190476190477,0.9702380952380952
512754736066150ab936,1.4107142857142856,1.386904761904762,1.386904761904762,1.4107142857142856
f07ddfb20ec2b2628b32,0.9921875,1.3125,1.3125,0.9921875
704ea25b148547ac678b,0.956896551724138,0.7931034482758621,0.7931034482758621,0.956896551724138
88da6aeffea8384a2a84,0.9913793103448276,1.9655172413793105,1.9655172413793105,0.9913793103448276
90cd49d2956e26b975d2,0.5,0.956896551724138,0.956896551724138,0.5
ba193f3236c743dbb914,2.4741379310344827,1.879310344827586,1.879310344827586,2.4741379310344827
36122d019621b02b2b12,1.390625,2.1953125,2.1953125,1.390625
388ddb1bdcacb42bc847,2.103448275862069,1.4482758620689655,1.4482758620689655,2.103448275862069
72b4fb9f87b475f7f644,1.78125,1.9140625,1.9140625,1.78125
1a6a91cc16778f8704d3,2.3253424657534243,2.236111111111111,2.236111111111111,2.3253424657534243
211c8bb907b72134529b,1.5854430379746836,1.38013698630137,1.38013698630137,1.5854430379746836
762d148605a6be4927a5,2.1575342465753424,1.2808219178082192,1.2808219178082192,2.1575342465753424
d130e6472bbe958130e8,1.5714285714285714,1.7986111111111112,1.7986111111111112,1.5714285714285714
7ae8847ea58e20e9cc41,1.8333333333333333,2.00609756097561,2.00609756097561,1.8333333333333333
3d55f70f642933adf5fb,1.0859375,0.6796875,0.6796875,1.0859375
4730c8199e49b9f3931d,2.125,0.3125,0.3125,2.125
ea397ab4473b3a24b946,0.3793103448275862,1.3362068965517242,1.3362068965517242,0.3793103448275862
fdd8043942cdc0a0f9fd,2.1206896551724137,3.293103448275862,3.293103448275862,2.1206896551724137
709f2eb12c97b38ee0ed,1.0703125,0.2890625,0.2890625,1.0703125
8311b0237f56703cb3c0,1.0603448275862069,0.913793103448276,0.913793103448276,1.0603448275862069
5f2c6c48600cabbb1d62,1.5390625,2.078125,2.078125,1.5390625
ce89f0c8b183c8c1d007,1.0787671232876712,1.3767605633802815,1.3767605633802815,1.0787671232876712
86b64988f336a2b37338,1.0390625,0.65625,0.65625,1.0390625
121f821934701ce9f19a,1.319767441860465,1.0697674418604652,1.0697674418604652,1.319767441860465
1310530afa889099ac53,1.5872093023255816,1.4593023255813955,1.4593023255813955,1.5872093023255816
35393b83b75fe8eb7df8,1.627906976744186,1.0290697674418603,1.0290697674418603,1.627906976744186
61167328131a15f960cb,1.3430232558139534,1.8837209302325584,1.8837209302325584,1.3430232558139534
713c8e61149744e854d0,1.2965116279069766,1.3081395348837208,1.3081395348837208,1.2965116279069766
ca876e99917b2f3b2e4d,1.8313953488372092,1.2848837209302326,1.2848837209302326,1.8313953488372092
dd0101a614c367da2d90,1.756849315068493,1.6061643835616437,1.6061643835616437,1.756849315068493
f481b249ce5be706b271,1.5872093023255816,0.9418604651162792,0.9418604651162792,1.5872093023255816
224abcee77283070af0a,1.11046511627907,2.244186046511628,2.244186046511628,1.11046511627907
58ebe5b3af66b29020e5,1.9430379746835444,1.4459459459459458,1.4459459459459458,1.9430379746835444
82bf1182c946b7d7884c,2.25,1.55625,1.55625,2.25
b0406d3ffd366fb31fec,1.0284090909090908,1.337209302325581,1.337209302325581,1.0284090909090908
dcbcb934ce932c40d7de,1.9821428571428568,1.0930232558139537,1.0930232558139537,1.9821428571428568
f08fe02dac0542ca722e,1.2965116279069766,1.319767441860465,1.319767441860465,1.2965116279069766
5cfaac0067e37877a62d,0.0174418604651163,1.813953488372093,1.813953488372093,0.0174418604651163
158f0ac051c7bbebd51e,1.4121621621621625,1.548076923076923,1.548076923076923,1.4121621621621625
bffc4f83f87dea625529,1.8693181818181817,1.0284090909090908,1.0284090909090908,1.8693181818181817
4fa53f0e58fabf4599d6,0.9166666666666666,2.15,2.15,0.9166666666666666
cdf27f3dc268a9efcaed,0.6893939393939394,2.113636363636364,2.113636363636364,0.6893939393939394
0372928cabf2854aead3,1.2727272727272727,1.8465909090909087,1.8465909090909087,1.2727272727272727
2a6482ba91cb719bc48f,1.5753424657534247,2.2905405405405403,2.2905405405405403,1.5753424657534247
4122f090a9dd7e276a59,1.2613636363636362,1.2954545454545454,1.2954545454545454,1.2613636363636362
5268b5be7cb5ce432f66,1.5454545454545454,1.2727272727272727,1.2727272727272727,1.5454545454545454
534002ea774b9b871d68,2.011627906976744,1.1306818181818183,1.1306818181818183,2.011627906976744
5fe54506869fc3f2fed3,1.0625,1.244318181818182,1.244318181818182,1.0625
6acd1be2bb56b530d895,1.818493150684932,1.38013698630137,1.38013698630137,1.818493150684932
884fac0d7bc10e59f8c3,0.0113636363636363,0.9147727272727272,0.9147727272727272,0.0113636363636363
b5e406001be138f41829,1.3409090909090908,1.5,1.5,1.3409090909090908
bb460f700215bd4a463b,1.3715277777777777,2.1722972972972974,2.1722972972972974,1.3715277777777777
c5c01bf18307bf25699d,1.260135135135135,1.0777027027027026,1.0777027027027026,1.260135135135135
d02a07faaaf417acde71,0.9623287671232876,0.652027027027027,0.652027027027027,0.9623287671232876
8c8332b29a76534dc4e3,1.6136363636363635,1.0625,1.0625,1.6136363636363635
3bb147ae124eb645c38c,0.2727272727272727,1.0606060606060606,1.0606060606060606,0.2727272727272727
4cd23f1b0420f54f7e5e,1.3352272727272727,1.3636363636363635,1.3636363636363635,1.3352272727272727
12b8d6f2d20dc615e8e5,3.3,1.0583333333333331,1.0583333333333331,3.3
79f04cc56898104f7f9c,1.8916666666666664,0.975,0.975,1.8916666666666664
99f6f01c77d9a53d9b95,0.6583333333333333,0.3583333333333333,0.3583333333333333,0.6583333333333333
bdf583645c8c7dc7fc11,1.3833333333333333,1.0666666666666669,1.0666666666666669,1.3833333333333333
fe836e4a037a463b0793,0.9166666666666669,0.5916666666666667,0.5916666666666667,0.9166666666666669
27a7b6b77509b28abd32,1.886363636363636,1.4772727272727273,1.4772727272727273,1.886363636363636
11fcedf2ed82617d29e6,1.925,0.9083333333333334,0.9083333333333334,1.925
1425ef63ee8ada04e0cb,0.6666666666666667,0.2954545454545454,0.2954545454545454,0.6666666666666667
53da3653c57a6d3e2794,1.625,2.284090909090909,2.284090909090909,1.625
a13a7c9b8dce92a1ddd0,1.3409090909090908,1.0378787878787878,1.0378787878787878,1.3409090909090908
79526b5cb0967405af33,1.9772727272727275,1.1363636363636365,1.1363636363636365,1.9772727272727275
941a59e7b74939e2b514,0.8833333333333334,2.033333333333333,2.033333333333333,0.8833333333333334
0b0e9b696c1fae8ae02a,1.4,2.3833333333333333,2.3833333333333333,1.4
b5557e9263630a5a142e,2.734848484848485,1.0833333333333337,1.0833333333333337,2.734848484848485
1e01759f0d9898cb0316,2.121212121212121,2.159090909090909,2.159090909090909,2.121212121212121
d4688d371f7060653f30,1.5270270270270272,1.4425675675675675,1.4425675675675675,1.5270270270270272
8c62ba7ed1db1441bdaa,1.7575757575757578,0.8939393939393939,0.8939393939393939,1.7575757575757578
3f5716da8f3c9607cb92,1.2651515151515151,1.4545454545454546,1.4545454545454546,1.2651515151515151
24655ebe736744ffe0d2,1.9886363636363635,1.863636363636364,1.863636363636364,1.9886363636363635
dfa62dac36a04d1720b0,1.5339506172839503,1.93125,1.93125,1.5339506172839503
eb9e7fc8ea71ca4ebf6d,0.676470588235294,0.2573529411764706,0.2573529411764706,0.676470588235294
04885428a2d87cc46910,1.238888888888889,1.9666666666666668,1.9666666666666668,1.238888888888889
0d1bd98858a2904fb8a3,1.106666666666667,1.5033333333333334,1.5033333333333334,1.106666666666667
0f976908b08c877230cc,1.261111111111111,1.5833333333333337,1.5833333333333337,1.261111111111111
23627c5e79406b5e2c91,1.488888888888889,1.5722222222222222,1.5722222222222222,1.488888888888889
367eba522475dc209e41,1.2055555555555555,1.3,1.3,1.2055555555555555
46f2beb8ec2827e91d6d,1.1111111111111112,1.3333333333333337,1.3333333333333337,1.1111111111111112
614958f83f04a71c42c0,1.4055555555555554,1.1166666666666667,1.1166666666666667,1.4055555555555554
881e50111bdd685a01af,1.635135135135135,1.5506756756756757,1.5506756756756757,1.635135135135135
973694e106f9736ad24c,1.8444444444444443,1.3055555555555556,1.3055555555555556,1.8444444444444443
9e462065238a3330a547,1.1277777777777778,-0.0055555555555555,-0.0055555555555555,1.1277777777777778
aa24a8178d3df2077a32,0.977777777777778,1.85,1.85,0.977777777777778
b9ffe4b755e7ba051ca1,1.5126582278481011,0.64,0.64,1.5126582278481011
cb9a407ae979c013ab36,1.8944444444444444,1.5777777777777775,1.5777777777777775,1.8944444444444444
d1f2791637939caadeb8,2.311111111111111,1.222222222222222,1.222222222222222,2.311111111111111
f814f442e24d69c74e5e,1.4054054054054053,2.303333333333333,2.303333333333333,1.4054054054054053
8c46c26b04da22e3c214,1.0277777777777777,1.0833333333333333,1.0833333333333333,1.0277777777777777
6a9bae6a267a452e1c49,1.0808823529411764,1.2573529411764706,1.2573529411764706,1.0808823529411764
0993b1990395c483067f,0.4596774193548387,3.298387096774193,3.298387096774193,0.4596774193548387
1c272226529df4316c2b,1.064516129032258,0.8870967741935484,0.8870967741935484,1.064516129032258
23ab8fb3141a83b5ea4c,0.8709677419354839,1.370967741935484,1.370967741935484,0.8709677419354839
490306f0340283c04ff6,2.0,1.967741935483871,1.967741935483871,2.0
fa7f52e730f020b279f0,0.935483870967742,0.8709677419354839,0.8709677419354839,0.935483870967742
947371d49a0b69ee8b5b,2.169117647058824,2.022058823529412,2.022058823529412,2.169117647058824
4c7d8c2a26399c00c9fa,2.193548387096774,1.935483870967742,1.935483870967742,2.193548387096774
44869da3e786b7ff4b70,1.088235294117647,1.6985294117647058,1.6985294117647058,1.088235294117647
0616ade105a84ea40f71,2.19,1.4666666666666668,1.4666666666666668,2.19
21f56a3900d91571c34d,0.9932432432432432,1.7905405405405406,1.7905405405405406,0.9932432432432432
2eb25c95598dc45b28c2,1.3458904109589045,1.44,1.44,1.3458904109589045
3a60c5bfcb3f96c7813f,0.9632352941176472,1.4191176470588236,1.4191176470588236,0.9632352941176472
24beae2e66a6054bb768,2.125,1.3308823529411766,1.3308823529411766,2.125
355650cfdc0ae6143bb8,1.0161290322580645,0.6209677419354839,0.6209677419354839,1.0161290322580645
e8c9bb29f0c9bfa17013,2.435483870967742,0.9193548387096774,0.9193548387096774,2.435483870967742
04f32e81596e9f5d454e,0.3161764705882353,2.088235294117647,2.088235294117647,0.3161764705882353
f75a9cdff38c4b52364e,0.6048387096774193,1.3225806451612905,1.3225806451612905,0.6048387096774193
c15acbd906c1156a4899,1.125,2.683823529411765,2.683823529411765,1.125
55ea9d16047b14352041,2.2635135135135136,1.24,1.24,2.2635135135135136
eb451be89a1f03283f2e,1.4500000000000002,1.722972972972973,1.722972972972973,1.4500000000000002
d79d1aaf416267c7d771,1.4411764705882353,0.6397058823529411,0.6397058823529411,1.4411764705882353
c90627e1ac4b3de2cc3a,1.0367647058823528,1.9338235294117647,1.9338235294117647,1.0367647058823528
33eb46defd8d0ba713de,1.8858695652173916,1.608695652173913,1.608695652173913,1.8858695652173916
31f810ada6221bad2985,1.3203125,2.3515625,2.3515625,1.3203125
02da77cc847999ac27d1,1.3928571428571428,1.0357142857142858,1.0357142857142858,1.3928571428571428
63374d613b14d11c87cb,1.470394736842105,1.3766666666666665,1.3766666666666665,1.470394736842105
90b9fb2823edf688a73d,1.6933333333333334,2.1578947368421053,2.1578947368421053,1.6933333333333334
b81de21ce053cc27d96d,1.4901315789473684,1.50625,1.50625,1.4901315789473684
cc54428fc988f7ed3e5e,1.532894736842105,2.2466666666666666,2.2466666666666666,1.532894736842105
db2a8b8dbb402dfcd6ac,0.6447368421052632,1.606666666666667,1.606666666666667,0.6447368421052632
111bdb0095287b5acff9,1.880434782608696,1.875,1.875,1.880434782608696
53222187e2a88cce90de,1.3214285714285714,0.9642857142857144,0.9642857142857144,1.3214285714285714
062533bd10abbd0d32c1,0.84375,1.9375,1.9375,0.84375
6eabe82748907b43af12,0.9921875,1.140625,1.140625,0.9921875
e86255d5e2f3e7e9e8c6,1.9921875,1.96875,1.96875,1.9921875
f9747da391bc86ff1876,0.59375,2.1015625,2.1015625,0.59375
fd460b04adbe17e33e1a,2.7071428571428573,1.4928571428571429,1.4928571428571429,2.7071428571428573
b8d0287397bcf0253bab,3.2265625,0.6171875,0.6171875,3.2265625
4818440bfdd95db63878,2.0571428571428574,0.75,0.75,2.0571428571428574
89a3558aba5cb91a58ab,2.322368421052632,1.082236842105263,1.082236842105263,2.322368421052632
a4f0bfc33b5daee9f945,1.7633333333333332,1.5091463414634143,1.5091463414634143,1.7633333333333332
a716c158dcebb7633e66,1.5766666666666669,1.4769736842105263,1.4769736842105263,1.5766666666666669
c97980d3a0e14292f02c,1.2368421052631575,1.3175675675675678,1.3175675675675678,1.2368421052631575
4e3627629a39b71763aa,1.9928571428571429,0.3357142857142857,0.3357142857142857,1.9928571428571429
5baf60c8fe2af9153d49,1.0857142857142856,0.9785714285714286,0.9785714285714286,1.0857142857142856
9ecb72f076ff058f8ee7,0.2428571428571428,0.6142857142857143,0.6142857142857143,0.2428571428571428
dad63cef3c9300864097,1.3125,0.9453125,0.9453125,1.3125
0a65fd8723389274bcb3,0.4765625,0.9375,0.9375,0.4765625
6fd2a034a3f2c4866e33,1.9928571428571429,1.0785714285714283,1.0785714285714283,1.9928571428571429
55c26e7c8ba07b321b5e,0.875,1.0859375,1.0859375,0.875
5a663da8286916545bb8,1.6785714285714286,2.0500000000000003,2.0500000000000003,1.6785714285714286
7fcf55c2341ed5bda222,1.9506172839506173,1.0233333333333332,1.0233333333333332,1.9506172839506173
1e8010fc4268bac75292,1.5957446808510638,1.8670212765957448,1.8670212765957448,1.5957446808510638
60188843201f9f3646fa,1.407142857142857,2.1357142857142857,2.1357142857142857,1.407142857142857
71048aea68db95ffb3da,,,,
e8b2ab5f3868170570ce,1.3133333333333332,2.2664473684210527,2.2664473684210527,1.3133333333333332
40a65dfa49a57c8393f9,2.142857142857143,1.7532894736842106,1.7532894736842106,2.142857142857143
2fde70672d843dfa1d05,0.5909090909090908,0.5681818181818181,0.5681818181818181,0.5909090909090908
3eed6d9252559a689de0,0.8939393939393939,3.227272727272727,3.227272727272727,0.8939393939393939
6e12d1aab4b011372b9a,2.136363636363636,1.2651515151515151,1.2651515151515151,2.136363636363636
8ec33aae48affe414bf5,1.977272727272727,0.9469696969696968,0.9469696969696968,1.977272727272727
927c1457778c033d19e4,2.015151515151515,1.2727272727272727,1.2727272727272727,2.015151515151515
bee1bf537ab0639a01d2,2.378787878787879,0.8106060606060607,0.8106060606060607,2.378787878787879
d0b58909493cf7d44fe4,1.0378787878787878,0.5681818181818181,0.5681818181818181,1.0378787878787878
e045a148d0c23880be29,1.2121212121212122,0.9545454545454544,0.9545454545454544,1.2121212121212122
eab91ca6cdf9c2706185,1.0151515151515151,1.9166666666666667,1.9166666666666667,1.0151515151515151
37857ae4c741dc2829c6,1.064935064935065,1.569078947368421,1.569078947368421,1.064935064935065
519019494fa030cdbe5a,1.4707792207792207,1.4837662337662336,1.4837662337662336,1.4707792207792207
6b093aaa04fa67da5a4e,1.286184210526316,1.5032467532467533,1.5032467532467533,1.286184210526316
7ab21f4acf3750b6dda8,1.5,1.2337662337662338,1.2337662337662338,1.5
9d14f1a571cad192d45f,1.3552631578947367,0.6266233766233766,0.6266233766233766,1.3552631578947367
c293818285fd58257aed,1.6348684210526316,1.9390243902439024,1.9390243902439024,1.6348684210526316
593b6e42b8079d2035a1,2.0694444444444446,0.2152777777777778,0.2152777777777778,2.0694444444444446
5a451f3a4928cdb241c8,1.9861111111111112,1.0833333333333333,1.0833333333333333,1.9861111111111112
7a0a98c1168218e5a84b,1.0416666666666667,2.0277777777777777,2.0277777777777777,1.0416666666666667
7ef2b39aec542c58e633,0.9791666666666669,2.0902777777777777,2.0902777777777777,0.9791666666666669
7f6c941165c30894e49a,1.4305555555555556,2.0277777777777777,2.0277777777777777,1.4305555555555556
9585594f7276c0eb9fbb,0.3194444444444445,2.736111111111111,2.736111111111111,0.3194444444444445
2a620f2daa8fe0bdccc4,1.4583333333333333,1.7222222222222223,1.7222222222222223,1.4583333333333333
de226a5e806a3d336fe3,0.7222222222222222,1.3472222222222223,1.3472222222222223,0.7222222222222222
301ff7b3cb5b919c62c2,0.701388888888889,1.3819444444444444,1.3819444444444444,0.701388888888889
954be3e6fec948591205,1.0972222222222223,0.923611111111111,0.923611111111111,1.0972222222222223
5697ff58bbfaa05168d4,1.503012048192771,2.3344155844155843,2.3344155844155843,1.503012048192771
2b4e9ea7b73aae57f50c,2.2857142857142856,1.4935064935064934,1.4935064935064934,2.2857142857142856
580661c0d4bedd00d60f,1.0230263157894737,1.6842105263157894,1.6842105263157894,1.0230263157894737
13ac93f8d8caae399dca,1.6689189189189189,1.0472972972972974,1.0472972972972974,1.6689189189189189
2ead8b9c9e7188c18342,1.856382978723404,1.6354166666666667,1.6354166666666667,1.856382978723404
bb56fe5c771032d7c8fd,2.689189189189189,1.5067567567567566,1.5067567567567566,2.689189189189189
6678d647e50663384497,0.1891891891891892,1.3783783783783785,1.3783783783783785,0.1891891891891892
0dd69b763ef4d998baa8,1.4967948717948718,2.108974358974359,2.108974358974359,1.4967948717948718
1f4dc4ee536e2d1e1fa8,1.594155844155844,1.3506493506493509,1.3506493506493509,1.594155844155844
26c0472f64af747db69a,1.5064102564102564,1.6103896103896105,1.6103896103896105,1.5064102564102564
3017fb911c3b08f156e3,1.9548192771084336,1.0448717948717947,1.0448717948717947,1.9548192771084336
79e3479f3819df2b3c79,1.775974025974026,2.269230769230769,2.269230769230769,1.775974025974026
a35db947e6dd55316b18,1.4871794871794872,1.448717948717949,1.448717948717949,1.4871794871794872
b325c4ce4d9c5b374c82,2.3461538461538463,1.2824675324675323,1.2824675324675323,2.3461538461538463
c54283cf60af1ef550b8,1.2115384615384617,1.0064935064935063,1.0064935064935063,1.2115384615384617
e6b60d9d5bd3e93891c0,1.7045454545454546,1.524390243902439,1.524390243902439,1.7045454545454546
fd7e7ece854a603ccac1,0.6314102564102564,1.4821428571428572,1.4821428571428572,0.6314102564102564
684768818bc823db0754,1.3040540540540542,1.0067567567567568,1.0067567567567568,1.3040540540540542
5fa6f11c664ed2940db8,1.3378378378378375,2.114864864864865,2.114864864864865,1.3378378378378375
3db384477c5bb34f8128,1.0472972972972974,0.7905405405405406,0.7905405405405406,1.0472972972972974
9278210c2ea6f91ef607,2.060810810810811,0.7702702702702703,0.7702702702702703,2.060810810810811
9f75488865bf8764e7ed,2.0675675675675675,0.3378378378378378,0.3378378378378378,2.0675675675675675
d106c9f9a56997df295f,0.9864864864864864,2.02027027027027,2.02027027027027,0.9864864864864864
db2455984cb2b012be6a,2.02027027027027,1.060810810810811,1.060810810810811,2.02027027027027
