match_id,home_opponent_strength,away_opponent_strength,home_team_strength,away_team_strength
1e8382bc0315a97601425a30,,,,
944f52cff6fc2c42e34b0e7f,,,,
755fe32cc77e59f63a38a5ee,-0.75,3.75,3.75,-0.75
b9124fa4aab2030faee2de11,,,,
275dae433ec6d14fe00661e8,1.0,1.0,1.0,1.0
4d20322acf721685e93eb60e,,,,
ca350369458de3f695bc7667,1.0,1.0,1.0,1.0
8f1ba771ef6ed45101dc835c,2.25,3.75,3.75,2.25
577088e0a4f42f534571a1e8,2.375,1.625,1.625,2.375
0cb10cb85cb4ba0d864044e4,,,,
51076782a9d2c7fec820a5e2,,,,
b6b3a5444cc299e3a63f122e,,-0.75,-0.75,
d88b2e29d23229e00b82a6a5,,0.25,0.25,
1bbb5395ca37433f8c3107f8,,,,
46482d265d9e7aa7874dfb44,,,,
5a881176df7e8b27d44cadb7,,,,
66aa447fe4301f54751d2c37,,,,
242477b779de254f60153d8d,,,,
596ddfe08f2f2ec47f86219b,,,,
e3ae55130895356783823c04,,,,
094e0e6dffdaebdf979803f2,,,,
6d7faac10bf81e751f063c2f,,,,
b056d30f27422c7d0ff994b9,,,,
c35a07297001c97f36ee0d22,-0.25,,,-0.25
060ae32a91ecf82cf25058b6,,1.5,1.5,
50cefa98d45372ebe8af0fd6,,,,
ce60ed00b8aa6ec220f2cfe7,,,,
dcce483c14c93c8a7f1ece1a,,,,
51e096ab1a872a293cdf6c26,,,,
9a04b9e4f3e23b0a24ecb55c,,,,
b90094e4c4c9700777ece5ed,,,,
1c06fa7b265bcfdca7fb1503,-0.5,3.5,3.5,-0.5
27fe5d86290b5c2e21d8c996,1.4166666666666665,-0.75,-0.75,1.4166666666666665
d4871c9362e468971c45c4f4,1.25,-0.25,-0.25,1.25
d74cc568e7501327a01d187a,1.0,1.0,1.0,1.0
08f4b791dd7e875ce3f16358,3.25,-0.25,-0.25,3.25
c34d3fe3714a7c8b9f5cc716,3.75,-0.75,-0.75,3.75
ef6d9832cd59b1cd3985e41c,-0.25,3.25,3.25,-0.25
0790599828df13bda2bc2d09,3.75,-0.75,-0.75,3.75
1665ac18a0bac7438987488a,-0.75,3.75,3.75,-0.75
8964d1ea9a8a9fa014f5feb9,3.5,-0.5,-0.5,3.5
e50486d77341709c4a41e206,3.25,-0.25,-0.25,3.25
95763819827966399501a9a0,1.0,1.0,1.0,1.0
9ddd33f10ab0903b153ac310,-0.25,1.5,1.5,-0.25
9e8e781de7ba9bd35eeb4a94,3.25,-0.25,-0.25,3.25
c1362c856d12499c267e877c,3.25,2.0833333333333335,2.0833333333333335,3.25
144994fb352dcbcd6a4392c0,-0.5,3.5,3.5,-0.5
63e36198466a4a1e3be2f026,3.25,-0.25,-0.25,3.25
bdd041998c598b64eb8fed00,2.25,-0.75,-0.75,2.25
c6432cccfc507b9b39eda410,3.75,-0.75,-0.75,3.75
399528446bf575764cde4162,3.25,-0.25,-0.25,3.25
46a7b67d3221c63cfeb2348e,3.25,-0.25,-0.25,3.25
d3b811bbcec8d5cd3cff17a8,3.5,-0.5,-0.5,3.5
204951c30db5e4a4be953b7f,,,,
3eeef99123130404044b4b98,,,,
490e76775782636ddb970ce4,,,,
835ad198d809c30b756bdaa7,0.125,,,0.125
c5856a0e6a8c13217344e85d,,,,
d971410550e4d9c9f478d5fd,1.5,,,1.5
15ba52269f9c42bd5d924408,,,,
2a078b36652694fbcb50753f,,,,
2dec60b3e3847de01c365762,,,,
3c013875165a01faabfcd2aa,1.375,,,1.375
9d56cbb81f2015cfec08ade9,,,,
aad9aaf9cc5a6f92dc26d9ec,,,,
c231903db2744860a2b184a4,2.1666666666666665,,,2.1666666666666665
1681daa84d733377bfbffc3d,,,,
992ec0d8ee4f4ea7bbda6486,,,,
df8edd8e0006faab19652561,,,,
51668a6bdd0b2fea0fa791a9,1.0,1.9375,1.9375,1.0
73609705339089d5c77a8d94,-0.5,-0.5,-0.5,-0.5
a1924fe2865e40e1e4ecf16f,1.0,3.25,3.25,1.0
c83ff8af19c388a8338ad28e,-0.5,-0.75,-0.75,-0.5
ed73675015ffdaa0ed358485,-0.25,0.41666666666666663,0.41666666666666663,-0.25
ed8cfe5bf9c0f2baf21145a9,3.5,2.5,2.5,3.5
04fcba5e1bad440b2d3b10ab,-0.25,3.75,3.75,-0.25
28220bb947811de221d016e5,3.25,0.6666666666666667,0.6666666666666667,3.25
452cdcff04472b45c090a9fe,3.75,-0.25,-0.25,3.75
88550313443b7f8ad0d9d892,3.5,-0.25,-0.25,3.5
8e2f5e6346c622bad20b7c27,3.25,-0.5,-0.5,3.25
8e45fae3fd2e319a91876baa,-0.75,3.25,3.25,-0.75
f3c1d5f6cdbce02d06ea8855,-0.25,1.0,1.0,-0.25
b28cb235c7667ee5e10f6060,-0.25,3.25,3.25,-0.25
d06e1e9ba7f274806f7ef505,-0.25,3.25,3.25,-0.25
d91a15e73114809112cdec9a,3.75,3.5,3.5,3.75
global-efd30652bd9cb979482eeb2a,,,,
global-180de100316a79d3f845c54b,,,,
global-9058467b60d807701cf91e98,,,,
global-026c2c5fa9e7328a3aae1e3e,,,,
global-bac4ab8d5c6cc0e761e9dd69,,,,
global-f9ee734802a30a533d4d6141,,,,
global-9ebe0dd2914a32be65a5deec,,,,
global-90b1caa99df08b2d2d5331f1,,,,
0261991354b3e3c0670661cb,1.5,1.375,1.375,1.5
555348aa9c40f4f5bb02f828,2.125,2.2,2.2,2.125
80e70919dafa9f7d50092a74,1.5,0.625,0.625,1.5
b167f522a023200368c86c72,1.5,1.625,1.625,1.5
1bbcd3b63d1aec30b729a709,1.375,2.375,2.375,1.375
678e93ff5a8304f5b4b46def,2.25,-0.5,-0.5,2.25
7a3e132fd068e80efa361024,-0.25,-0.25,-0.25,-0.25
c7ff7cf4dddeb6e5c867e509,2.6999999999999997,1.5,1.5,2.6999999999999997
eb55772131ece2158bbdab50,0.375,-0.5,-0.5,0.375
49c5d5c4d0415c134deedcf8,1.25,3.25,3.25,1.25
4dff58cd05af9457ff51f7db,0.375,-0.25,-0.25,0.375
53131e57e7704c5fc93404b8,-0.5,-0.75,-0.75,-0.5
7fe8036e952df2ac1147e564,1.75,1.75,1.75,1.75
829e6d131b77dba07fe350ff,3.5,3.75,3.75,3.5
dad5b5ccbdc8dc0a690ba0eb,-0.5,1.5,1.5,-0.5
e327e57c5b1e27db193c7035,3.25,3.25,3.25,3.25
global-507b644e71bbc4dbe8f20843,-0.75,3.25,3.25,-0.75
global-6aeab18e8733e73799ffd66c,-0.75,-0.25,-0.25,-0.75
global-1c7a13f26a4647e0c5d495b2,3.25,,,3.25
global-e7b3f1772aee02d4fec17a8f,-0.5,3.75,3.75,-0.5
global-710ac7c61c28327e9763b3e0,-0.25,-0.25,-0.25,-0.25
global-56981731de20166c0f1d06d9,-0.5,3.5,3.5,-0.5
global-bdf066f03c4f9c215a0aee03,3.25,3.5,3.5,3.25
global-65332ae04c34cb302863dd1c,,3.75,3.75,
global-f80ef1029b976fe3b8f3891d,-0.5,,,-0.5
global-621de97677c3606089f52b50,,3.5,3.5,
03094565cabb78112950e9f1,0.9166666666666666,-0.5833333333333334,-0.5833333333333334,0.9166666666666666
4b2cbabbe47a7741e8b45ec0,1.5999999999999999,0.33333333333333337,0.33333333333333337,1.5999999999999999
79cc7785a89c3f9cc4b60310,1.9166666666666667,-0.5833333333333334,-0.5833333333333334,1.9166666666666667
8022a110e69fcbe9c7392ad8,3.25,0.9166666666666666,0.9166666666666666,3.25
ae10661510bdc2cbb2c2bf2d,1.5,2.0833333333333335,2.0833333333333335,1.5
ecd28aaa420037cba6e275d9,3.9166666666666665,0.75,0.75,3.9166666666666665
2afe3d5102d728c5a1b38b5f,1.3333333333333333,2.666666666666667,2.666666666666667,1.3333333333333333
52031a5e91a74b7f21c30729,1.75,1.0833333333333333,1.0833333333333333,1.75
6908fa48852acce82533f54c,2.0833333333333335,-0.25,-0.25,2.0833333333333335
6fe151962ee0dbb6532960f0,0.8333333333333334,0.8333333333333334,0.8333333333333334,0.8333333333333334
76e2c25104e7d002576d1ca5,2.0,2.0833333333333335,2.0833333333333335,2.0
9469779e139272750b4c6ba2,2.0,1.3333333333333333,1.3333333333333333,2.0
95149fdb05ddb1911905f93c,2.7916666666666665,2.25,2.25,2.7916666666666665
a87ea75ee1cc33dceeae577f,0.9166666666666666,1.0,1.0,0.9166666666666666
c7abf3361b3cf4e6fa8dfb26,2.0,0.0,0.0,2.0
ca4bd90579bb7ebcb5bad994,1.7000000000000002,-0.4166666666666667,-0.4166666666666667,1.7000000000000002
global-ea08bacef7fdc881bf6aef12,-0.5,1.625,1.625,-0.5
global-253b2f793d43509b84c84891,3.5,3.375,3.375,3.5
global-52cdb9baaf45a520a5987537,1.5,-0.75,-0.75,1.5
global-34600b67d61f06592750d3f7,-0.5,-0.5,-0.5,-0.5
global-7f25cc04090b29a2a65049dd,1.5,-0.375,-0.375,1.5
global-6899872f7bd4198a2ecdce90,1.375,1.75,1.75,1.375
global-2edd30ee49f9daa2796457f6,3.625,3.5,3.5,3.625
global-4721bb9f764bf2ee2a0eafcb,1.5,-0.375,-0.375,1.5
global-f4ed05d9b84ea253befff4b4,3.25,-0.5,-0.5,3.25
global-9b9b1280614046cf39531e03,3.5,3.375,3.375,3.5
4d3f60eb886383622462bb26,-0.125,2.4375,2.4375,-0.125
64bfc3c1d3a668a702ae247f,1.375,0.5625,0.5625,1.375
67705e5b0c2b5178de3c7060,1.625,2.4375,2.4375,1.625
cdc680c72afd6f912da67099,1.9375,0.875,0.875,1.9375
e6eb619ef66f14ff95b0f344,1.4375,1.9583333333333333,1.9583333333333333,1.4375
e7feb199fc4699f409817bf3,0.875,1.8125,1.8125,0.875
17af4ec30f46543837d07087,-0.5,1.5,1.5,-0.5
180147638b88c18f3342b53c,0.5625,-0.3125,-0.3125,0.5625
48265069075e577fe7127bc2,2.75,2.25,2.25,2.75
496c521f3a634e43edfc56d2,-0.375,1.8125,1.8125,-0.375
4d802c7f41e815459197f81f,1.0,2.0833333333333335,2.0833333333333335,1.0
71e172e05ea090e598883709,0.9375,2.5357142857142856,2.5357142857142856,0.9375
a1bee58555c452036d63aa6b,2.4375,3.3125,3.3125,2.4375
4947a1f7a289152424dd709c,1.9375,-0.1875,-0.1875,1.9375
4c677ef479c3f7bec57efbb7,2.1785714285714284,1.25,1.25,2.1785714285714284
6a0b7a9bf60a8fe3f16bb86e,1.625,-0.0625,-0.0625,1.625
global-9e042c52c52e4425b1e121b3,2.1666666666666665,1.3333333333333333,1.3333333333333333,2.1666666666666665
global-2a350cd54d04444567df56b5,1.0,3.4166666666666665,3.4166666666666665,1.0
global-e962852d1d006f40f13d5501,1.375,2.0833333333333335,2.0833333333333335,1.375
global-74394bfd6237df62e2da5340,-0.375,1.25,1.25,-0.375
global-5726d6a1b2280b2f70a5e43f,1.0833333333333333,3.6666666666666665,3.6666666666666665,1.0833333333333333
global-9d5141f5f7003017cc5d3681,-0.16666666666666669,0.75,0.75,-0.16666666666666669
global-2fd27af85d64ca77be460774,-0.3333333333333333,2.1666666666666665,2.1666666666666665,-0.3333333333333333
global-c6d98b830ce360fdbba6e9e2,-0.5833333333333334,0.6666666666666667,0.6666666666666667,-0.5833333333333334
global-d740009bff82305b4326c5f1,1.5,1.375,1.375,1.5
global-038784ef46a49a0d38a70041,3.4166666666666665,3.5,3.5,3.4166666666666665
global-db4807a7efad16f2111c86ff,2.25,3.4375,3.4375,2.25
global-f59c35e6513713f83a8cf86d,1.4375,2.0,2.0,1.4375
global-8804e45a12717025d1879755,2.4375,1.25,1.25,2.4375
global-c3b73ee787d81e607004d6b1,0.5,1.8125,1.8125,0.5
global-26d10cbf04886e8de5af77b9,-0.5,-0.3125,-0.3125,-0.5
global-b250862a10cabbea53f0b379,0.625,1.375,1.375,0.625
global-fa930954288223cd65166f1a,1.75,2.1875,2.1875,1.75
global-a23923491069944c87855443,3.75,2.5625,2.5625,3.75
global-aa90eaf5192685a0779d2e66,-0.4166666666666667,-0.25,-0.25,-0.4166666666666667
global-479012d50e9a1271f367124e,1.3125,1.8125,1.8125,1.3125
256475c9b2ff3dd8286f5d0e,1.5,0.95,0.95,1.5
456641ae1ae3d007a42ddd6a,0.7000000000000001,0.95,0.95,0.7000000000000001
832b29018f38775342af5f4b,2.75,2.25,2.25,2.75
af52a8f7223858befbedf937,1.15,2.3125,2.3125,1.15
b61936eca432f9a1e650f3bd,2.15,1.2,1.2,2.15
d89b096608b8c786bc8c9cc2,-0.30000000000000004,0.75,0.75,-0.30000000000000004
02b1ada098399b455d062329,-0.25,2.75,2.75,-0.25
07c8f31978c792b54c02e4a9,-0.04999999999999999,2.6,2.6,-0.04999999999999999
3297bdf67b8a21f1b450043f,0.3,2.0,2.0,0.3
5f8fccf5b8e9014183e36f4b,1.0999999999999999,2.6,2.6,1.0999999999999999
933e93f6f6aaaac908b217d4,0.65,2.6,2.6,0.65
ccf045c8b26e4d4aef1392f6,2.25,0.5,0.5,2.25
0703241950118a7dbfb0a00d,0.9,2.15,2.15,0.9
334f601858ff1c703debfbf3,0.39999999999999997,1.3499999999999999,1.3499999999999999,0.39999999999999997
380f3c43b5fe000c18cb8333,1.3499999999999999,1.8214285714285714,1.8214285714285714,1.3499999999999999
9840d5df16de91b99a7afd4b,1.75,0.6000000000000001,0.6000000000000001,1.75
global-c06669f9d7aaa8be3e0980c0,1.4,3.625,3.625,1.4
global-fc541a9d9b39fa851787917d,1.75,1.5999999999999999,1.5999999999999999,1.75
global-fee3ea9e9f4d1cb14db5e159,1.2999999999999998,-0.2,-0.2,1.2999999999999998
global-01bf9711b30944ed6510e91e,1.8,1.3125,1.3125,1.8
global-9c6fd68197914f394360e1a3,-0.04999999999999999,2.0,2.0,-0.04999999999999999
global-7180d5140a489bd9abf0dff6,2.95,1.3499999999999999,1.3499999999999999,2.95
global-b52244617b717ce25cc6c7cf,1.2999999999999998,1.7,1.7,1.2999999999999998
global-fb6fa76785480ca2e5c11d0a,2.0,1.9000000000000001,1.9000000000000001,2.0
global-b1b607d79e5b79cacff1fe3e,0.0,0.7000000000000001,0.7000000000000001,0.0
global-520f385a44aa976a5f91a8d2,1.9500000000000002,-0.0625,-0.0625,1.9500000000000002
73ecc1f8d71215c41215fabc,,1.625,1.625,
8642078bd90c905de9427352,3.875,1.0,1.0,3.875
ab29d49c7db53168e7cc83e1,,1.0,1.0,
29d61699bdeb2ad9454914ac,2.75,2.125,2.125,2.75
4dfc7ebf0b0328ffb4c41629,,0.75,0.75,
6a3d8158b5a832f11f06ee2f,,2.125,2.125,
8c6c6b325027485028a2b13e,3.375,1.625,1.625,3.375
d7a419758605f9f0d20c6211,,1.5625,1.5625,
de10376fab2a8dd65332426b,1.4375,2.375,2.375,1.4375
f6a3ece70186d863e2b28798,3.25,2.125,2.125,3.25
9a76c660d87c0f5ef87fc688,3.625,1.625,1.625,3.625
a6e311166031fde33303d3ed,,1.0,1.0,
b91b20a2264428b651742a2d,,1.5,1.5,
c0f8151ee53b022819fc1d3f,,3.25,3.25,
e6e830e0c2ca17471016c98b,,1.75,1.75,
f10ef7ea5764f1958b7a7155,3.625,3.375,3.375,3.625
global-dece312477f2ddc09165b560,1.625,1.5833333333333335,1.5833333333333335,1.625
global-a7cbceaf8bcb1e4bee68c5e0,1.6,-0.08333333333333334,-0.08333333333333334,1.6
global-66176cfbfd0120f4e4fd2160,1.6666666666666667,-0.09999999999999998,-0.09999999999999998,1.6666666666666667
global-45812beab87e3e89a85769f0,1.5,2.208333333333333,2.208333333333333,1.5
global-4f4e17c6edf1ca3b54bcccc4,1.7083333333333335,2.75,2.75,1.7083333333333335
global-0ae11eb2e6597e00c6122aee,2.375,1.25,1.25,2.375
global-fecd866f29809da340811cf5,1.5416666666666667,1.25,1.25,1.5416666666666667
global-8cac8e7eb3c5616f7bb4451b,0.75,2.1666666666666665,2.1666666666666665,0.75
global-c32e8375afbe8c40c3ad9112,0.16666666666666669,-0.20833333333333334,-0.20833333333333334,0.16666666666666669
global-26639ddc7467ffb1b153ae34,2.2083333333333335,1.7916666666666667,1.7916666666666667,2.2083333333333335
03d97390ba672f465f7d58ca,1.0,1.0,1.0,1.0
8ee3ced45e997fbfdde2ee9a,2.1666666666666665,-0.25,-0.25,2.1666666666666665
a9ad5c41993ea06ddfaefc41,1.0,2.916666666666667,2.916666666666667,1.0
678c7e6314fda8b66d5b8320,0.8125,1.0,1.0,0.8125
a4e7ed2f97a03d3514ac85eb,1.9000000000000001,-0.25,-0.25,1.9000000000000001
aa28a39b6445c8bd41d63370,1.3333333333333333,2.875,2.875,1.3333333333333333
b24d9edcf8846a17eb25e419,2.5,-0.25,-0.25,2.5
d5abad38883f2718048ed3df,2.5833333333333335,2.0,2.0,2.5833333333333335
e792024f6968a4aa0a729095,1.0,3.3333333333333335,3.3333333333333335,1.0
fd626f12b90b38b7124e792a,1.9166666666666667,1.3499999999999999,1.3499999999999999,1.9166666666666667
187aa0b961ae9377e4e61498,2.0833333333333335,-0.25,-0.25,2.0833333333333335
3cc564556b4bdbb63d4dea98,2.5,1.0,1.0,2.5
655dd8d8ef9e8eba494e0ed4,3.3333333333333335,2.3333333333333335,2.3333333333333335,3.3333333333333335
89d4bdd1222c93024c6a81a7,1.0833333333333333,3.25,3.25,1.0833333333333333
cd2d80051062c5c6c52911ec,1.0,3.5,3.5,1.0
fb4a2bdf1973712447faa229,1.5499999999999998,-0.75,-0.75,1.5499999999999998
global-675223ac8f517228e6ac585d,-0.20833333333333334,0.6071428571428572,0.6071428571428572,-0.20833333333333334
global-015163102fe8a0cf41876d50,1.5357142857142856,1.9285714285714286,1.9285714285714286,1.5357142857142856
global-864b17f406e12b2698b5b403,1.0,2.0,2.0,1.0
global-856d2e0f005609cc0ffca473,1.4285714285714286,1.3214285714285714,1.3214285714285714,1.4285714285714286
global-527aaf463c47934c1cfc44a2,-0.10714285714285715,1.9642857142857142,1.9642857142857142,-0.10714285714285715
global-7b3209a2738817c98bc1dc2e,0.3214285714285714,1.25,1.25,0.3214285714285714
global-86fa9db8ecf3ddd06b8b9081,2.3214285714285716,0.0714285714285714,0.0714285714285714,2.3214285714285716
global-6c4fd1b7b810a6b55d56f864,1.8571428571428572,2.4285714285714284,2.4285714285714284,1.8571428571428572
global-5d6473d2554142cd8406efd5,2.357142857142857,1.875,1.875,2.357142857142857
global-fd8105d0556ac0aefb950b40,2.25,1.7857142857142856,1.7857142857142856,2.25
global-a923372eb18e3610bda8dbb0,2.1875,1.28125,1.28125,2.1875
global-dee0c035aca9d4ff57f89841,0.65625,2.4642857142857144,2.4642857142857144,0.65625
global-c1958398cf9c0449b8165a9f,1.75,2.4375,2.4375,1.75
global-c8abc5491c246f35278ff1e9,0.03125,1.3571428571428572,1.3571428571428572,0.03125
global-b20f3208c4ec3ee7bcce0310,1.6875,0.25,0.25,1.6875
global-539e3bec37cdf1fba5693316,1.5,-0.1875,-0.1875,1.5
global-f7b6b0108394fe41b0e489c0,1.46875,1.15625,1.15625,1.46875
global-3a76279fbcdc5a0cf2a479cb,2.53125,2.1875,2.1875,2.53125
global-a6e70ddeada4955ca0672c20,1.625,-0.035714285714285754,-0.035714285714285754,1.625
global-d83fe6475157b83c21ff1aa3,2.125,1.59375,1.59375,2.125
1ddef24fe247b7778784e2f6,2.75,2.7083333333333335,2.7083333333333335,2.75
286fd317399181d2eabff1b9,2.4375,1.75,1.75,2.4375
54a8b23b3459d10d533b80b7,3.3125,0.85,0.85,3.3125
571e034673b0b3ed22650511,1.5625,2.75,2.75,1.5625
6e83b1c972d1dfe661806f1f,2.416666666666667,2.1666666666666665,2.1666666666666665,2.416666666666667
06be5a1d57093dfd517dd50e,1.7916666666666667,1.0416666666666667,1.0416666666666667,1.7916666666666667
170d806e27a295016f7b47db,1.8125,2.1875,2.1875,1.8125
3605359abf5b3aada5f968b8,1.5625,1.875,1.875,1.5625
749b75fe3ab542efd85c3f2a,1.5416666666666667,1.75,1.75,1.5416666666666667
b840bf310eaa16746e53b85b,2.75,2.25,2.25,2.75
d35c554e1e75ef09dc375c2a,2.916666666666667,1.125,1.125,2.916666666666667
73dd364eee95b4dce1a28e64,1.0,2.125,2.125,1.0
76aa328f22cac326bea5b98d,2.125,2.5,2.5,2.125
8b0aeea3dd9285588b38152a,2.125,1.7083333333333335,1.7083333333333335,2.125
f640af81c4138626b32ae7d6,1.9583333333333333,2.4166666666666665,2.4166666666666665,1.9583333333333333
global-dc3e46f0f22f2d7cbac5c931,1.0833333333333335,1.4166666666666667,1.4166666666666667,1.0833333333333335
global-ea77cb6368d9682bf8ad15ab,2.361111111111111,0.9444444444444444,0.9444444444444444,2.361111111111111
global-3e2a2696ea99ed43d8801451,0.375,1.46875,1.46875,0.375
global-94e3bff8d54bc27fe919e724,1.138888888888889,1.861111111111111,1.861111111111111,1.138888888888889
global-f244d443e87d784d43bf7f3a,-0.19444444444444448,0.0,0.0,-0.19444444444444448
global-c0d314aca383d674a00d1eda,1.59375,2.0,2.0,1.59375
global-cb45145f200eac500a06228b,2.555555555555556,2.3333333333333335,2.3333333333333335,2.555555555555556
global-e5d075fda01f892abdbdac4b,1.527777777777778,1.4166666666666667,1.4166666666666667,1.527777777777778
global-b1ce26c7fbcac1639abcc561,0.19444444444444442,2.1666666666666665,2.1666666666666665,0.19444444444444442
global-612dd23971d2f202cc7dbf30,2.125,1.6944444444444444,1.6944444444444444,2.125
2ad3830307628800ef808e4e,1.6428571428571428,2.2777777777777777,2.2777777777777777,1.6428571428571428
5850613fc96d8bdd34d93401,1.2916666666666665,2.55,2.55,1.2916666666666665
898c03ebdc3dfff861f0e650,2.85,1.2,1.2,2.85
9c44b9bc2f3fee8c5caedce0,1.8214285714285714,2.5,2.5,1.8214285714285714
a08469fc4029dd3d375201e8,2.464285714285714,2.5,2.5,2.464285714285714
17164bac3dc74035d6e588a3,1.3928571428571428,1.4642857142857144,1.4642857142857144,1.3928571428571428
2dfa108818384c5f92ef637a,0.8928571428571429,2.975,2.975,0.8928571428571429
31ced6b04f7a3b161615ee9a,2.0625,1.4166666666666665,1.4166666666666665,2.0625
adc2ee54a9a38f75debaeb12,2.25,1.2857142857142858,1.2857142857142858,2.25
b2e9032cb9a2b571839571c5,1.6,2.2,2.2,1.6
dbe7df2111f8b21f05271b7b,2.0714285714285716,2.5,2.5,2.0714285714285716
fe664cc60894469b21ded94e,1.75,1.45,1.45,1.75
45129bcd4e139110555be6f8,2.5,0.75,0.75,2.5
4f17a22869e42d8394cb622a,2.25,1.9000000000000001,1.9000000000000001,2.25
89d040be3df52bde11564ce0,2.0,2.1785714285714284,2.1785714285714284,2.0
d96e92b09325985eea7e1989,1.4285714285714286,2.5,2.5,1.4285714285714286
global-532c19ab04aff44bf68358e8,1.6500000000000001,0.19444444444444448,0.19444444444444448,1.6500000000000001
global-3b401fb9a1e398eb0a55657c,0.49999999999999994,1.777777777777778,1.777777777777778,0.49999999999999994
global-ff0cc6b25e302880f7066f95,1.7777777777777777,1.8499999999999999,1.8499999999999999,1.7777777777777777
global-9b06b6c71b55c03360236459,1.3499999999999999,2.1999999999999997,2.1999999999999997,1.3499999999999999
global-62f27673cdd81f3136550180,1.225,0.32499999999999996,0.32499999999999996,1.225
global-c4d0c514a33332a9cd07e202,1.925,-0.19999999999999998,-0.19999999999999998,1.925
global-4308aeb11c7847223a339d2e,1.25,2.4,2.4,1.25
global-b86c08f33555fd81b645bb33,1.7,2.225,2.225,1.7
global-e5ffe46fd8b9b7374166bf25,1.775,0.95,0.95,1.775
af27b2c6fae7b1057f14b774,3.090909090909091,1.65625,1.65625,3.090909090909091
b4aa4ac57d3b87692ccfc96d,1.8125,1.6785714285714286,1.6785714285714286,1.8125
02743162d8334b1a79e8a51f,2.392857142857143,2.5416666666666665,2.5416666666666665,2.392857142857143
22b0862ae791896727af0078,2.25,2.34375,2.34375,2.25
90745e83584eec22e2d8442a,1.96875,2.75,2.75,1.96875
ed7296332c26a3b856dac7a2,1.1785714285714286,2.1944444444444446,2.1944444444444446,1.1785714285714286
303ebccc1874c19153edc9d7,2.3125,2.375,2.375,2.3125
3bb9c80d0b6df19d0f796f5a,2.375,1.625,1.625,2.375
global-6ea78ce1841319c04e309ed6,1.6363636363636362,1.1818181818181819,1.1818181818181819,1.6363636363636362
global-f8ff49bb1a7eb254ea011a1c,1.8611111111111112,1.4545454545454546,1.4545454545454546,1.8611111111111112
global-d31c909f40eddd54406b7e67,0.20454545454545453,1.325,1.325,0.20454545454545453
global-c79422670e21ac7e3a3c678a,1.95,1.95,1.95,1.95
global-5bcdd58925421e7325005c69,2.3181818181818183,1.5909090909090908,1.5909090909090908,2.3181818181818183
global-102275fd53f9a3683484b800,-0.20454545454545456,1.909090909090909,1.909090909090909,-0.20454545454545456
global-2937d9f0825856a1cf8cae35,2.5,1.4772727272727273,1.4772727272727273,2.5
global-170041e26aee0197cccf4ea5,2.3863636363636362,0.40909090909090906,0.40909090909090906,2.3863636363636362
global-bd145ec763f0ae448495b483,0.8409090909090908,2.0454545454545454,2.0454545454545454,0.8409090909090908
global-bef0e548f6c758beca38fbb1,0.27499999999999997,1.090909090909091,1.090909090909091,0.27499999999999997
47a67af334185df46f4b1bc0,1.5833333333333333,2.9166666666666665,2.9166666666666665,1.5833333333333333
d41509ab35709425a5ba0223,1.4375,2.1,2.1,1.4375
global-2be5e1a02fca1d10941158b7,2.1041666666666665,1.3125,1.3125,2.1041666666666665
global-0e992cade85d94aa162fdaee,0.16666666666666669,1.8636363636363638,1.8636363636363638,0.16666666666666669
23840ad8d5ae2d93a44bd544,1.95,2.28125,2.28125,1.95
32df8d0b5b5a2f7ee6707049,2.1944444444444446,2.1458333333333335,2.1458333333333335,2.1944444444444446
9c2b21575231b8c3222ea518,2.142857142857143,2.5,2.5,2.142857142857143
d565e8edf8de42cf6eebda52,2.15,2.111111111111111,2.111111111111111,2.15
global-0aae7375517c9729c0785eb6,2.0625,0.9791666666666666,0.9791666666666666,2.0625
global-9367299f5f4e11446d69a902,1.5,1.0625,1.0625,1.5
global-f5c62db2f756267b304edfce,1.7291666666666667,2.1875,2.1875,1.7291666666666667
global-312657e905efaff74fd53e6c,2.375,2.2708333333333335,2.2708333333333335,2.375
global-9554e685ce16e0a1c57ec395,0.7083333333333334,0.45833333333333326,0.45833333333333326,0.7083333333333334
global-aec2f49f4f54bca16780ae38,1.4375,1.7708333333333335,1.7708333333333335,1.4375
6f5d8b9c885ce6a9c05f7849,1.5555555555555556,2.1785714285714284,2.1785714285714284,1.5555555555555556
b9d553ff49085fd27459e239,2.477272727272727,2.0,2.0,2.477272727272727
global-1f315d5042f79eafe9c002be,0.5454545454545455,2.0,2.0,0.5454545454545455
global-37c9bffd1acf31b59a172422,1.8636363636363635,-0.25,-0.25,1.8636363636363635
global-f719faa1dc2c570d321e6f84,2.3461538461538463,1.4038461538461537,1.4038461538461537,2.3461538461538463
global-e33715b5b274db0784247b86,1.7916666666666667,1.9807692307692308,1.9807692307692308,1.7916666666666667
global-9ad59b634a7a7bec7f615b10,0.9807692307692307,1.8653846153846154,1.8653846153846154,0.9807692307692307
global-c204ad22f02396c99b76a792,0.5,1.3125,1.3125,0.5
global-0f180a1a474ba29b476c1f36,-0.25,0.7307692307692307,0.7307692307692307,-0.25
global-42cf9352759e8f1001e215b7,1.9807692307692308,2.1730769230769234,2.1730769230769234,1.9807692307692308
global-a95363a627dee22ed4a5af07,1.2692307692307692,1.9791666666666667,1.9791666666666667,1.2692307692307692
global-83b14881852c8505a3c955d7,1.9090909090909092,0.23076923076923073,0.23076923076923073,1.9090909090909092
global-c905676e2960fa3ba80a8982,1.4615384615384617,0.5833333333333334,0.5833333333333334,1.4615384615384617
global-9dc43facff8b6b57d2fb1387,1.7115384615384617,1.9230769230769231,1.9230769230769231,1.7115384615384617
f4cfb6e664cb80946952eeed,2.388888888888889,1.75,1.75,2.388888888888889
global-52d613befd8a4f3453f9cae0,2.1346153846153846,2.0892857142857144,2.0892857142857144,2.1346153846153846
global-05cb761dc6b7e10f2a076083,1.8214285714285714,0.5357142857142857,0.5357142857142857,1.8214285714285714
global-362068bb436ea218e6748819,1.1785714285714286,2.0625,2.0625,1.1785714285714286
global-d4226c41e2ecfa5a9a914ab3,2.053571428571429,0.8928571428571429,0.8928571428571429,2.053571428571429
global-0163e763b1d7d68511ebdd71,1.9642857142857144,-0.1607142857142857,-0.1607142857142857,1.9642857142857144
global-bf9989372dcb5b9d63f07520,1.2884615384615383,1.9038461538461537,1.9038461538461537,1.2884615384615383
global-2ac15a7fe7dee929bbb6910f,0.7884615384615384,1.107142857142857,1.107142857142857,0.7884615384615384
global-47e78887b3507fda21b0e64c,0.75,1.5357142857142858,1.5357142857142858,0.75
global-ce04821c057a3c06d232475f,0.1607142857142857,2.517857142857143,2.517857142857143,0.1607142857142857
global-d79da86ddfd19a37ffa2f935,1.9821428571428572,1.3392857142857144,1.3392857142857144,1.9821428571428572
global-b7a69883748dbc5d6c7c2390,2.0166666666666666,1.05,1.05,2.0166666666666666
global-1f0276c7311d3366e9a8e3df,2.1923076923076925,1.8833333333333333,1.8833333333333333,2.1923076923076925
global-595cb82a694a2ab7fd78af38,1.0666666666666667,0.7666666666666667,0.7666666666666667,1.0666666666666667
global-6f0f1ddded84c2eb7f0606c4,-0.16666666666666666,0.7142857142857143,0.7142857142857143,-0.16666666666666666
global-c55cc7c539d35ba80e7be038,1.25,0.21666666666666667,0.21666666666666667,1.25
global-e44d0ee060435ec5c4b86356,1.5,1.7666666666666668,1.7666666666666668,1.5
global-bf09d795208e266f41e82249,1.3166666666666667,2.053571428571429,2.053571428571429,1.3166666666666667
global-f00286104e7850e89d7798f5,2.4166666666666665,1.1607142857142858,1.1607142857142858,2.4166666666666665
global-ed01c48024d70e9a31baacca,1.46875,2.05,2.05,1.46875
global-be3ffe029a7afdcd91a818a8,2.107142857142857,2.1333333333333333,2.1333333333333333,2.107142857142857
global-bad652a76b9f5e195b187bd3,1.4375,1.9166666666666667,1.9166666666666667,1.4375
global-4efb40a0ae37db7ccdca160b,-0.171875,1.046875,1.046875,-0.171875
global-71828ad142249e5668f637c6,1.21875,0.703125,0.703125,1.21875
global-17cb0978703cae11ea4b603e,1.203125,0.125,0.125,1.203125
global-6f15cdd5c8523e6801e260c3,1.953125,1.15,1.15,1.953125
global-12c4ea737663aed6dfb04941,2.017857142857143,1.828125,1.828125,2.017857142857143
global-a011cc2de2292da998ae9207,2.328125,1.71875,1.71875,2.328125
dc97016e0d4a76bd4413cb08,1.75,1.6666666666666667,1.6666666666666667,1.75
global-5593f80962025ead7583414a,1.0625,-0.1911764705882353,-0.1911764705882353,1.0625
global-33fc24c79be8e3d33e8bf659,1.90625,1.2058823529411766,1.2058823529411766,1.90625
global-c9c629a84cff0b4f137828f0,2.203125,0.8833333333333333,0.8833333333333333,2.203125
global-527e774f493855061d092c10,0.7205882352941176,2.1166666666666667,2.1166666666666667,0.7205882352941176
global-f9c99f946f104116cff0ecc0,0.5666666666666667,2.03125,2.03125,0.5666666666666667
global-c1272c0637038a54940bef3d,1.1911764705882353,1.3676470588235294,1.3676470588235294,1.1911764705882353
global-59826dd8ba89a64302bf2761,0.05882352941176472,1.125,1.125,0.05882352941176472
global-0439fc1ccd1795ea332808b4,0.8125,1.5735294117647058,1.5735294117647058,0.8125
global-54f0cd820a8a00f118927f55,0.6666666666666667,1.3088235294117647,1.3088235294117647,0.6666666666666667
global-eb22e5e00abec5e8678a54c5,1.6911764705882353,0.59375,0.59375,1.6911764705882353
global-afd07d6014c6f0cc5c21f3d2,1.8088235294117647,2.0294117647058822,2.0294117647058822,1.8088235294117647
global-087e12e637c70af06384eed2,1.9705882352941175,0.0,0.0,1.9705882352941175
global-e297ca9cb852880d2d69ad2d,2.264705882352941,2.176470588235294,2.176470588235294,2.264705882352941
global-ee6e1aadd3d0933706048a3a,1.1805555555555554,2.1875,2.1875,1.1805555555555554
global-aff1cc75bf1c2c6640a50800,0.9852941176470589,1.347222222222222,1.347222222222222,0.9852941176470589
global-f000980992610ab396656f17,0.23611111111111116,1.6666666666666667,1.6666666666666667,0.23611111111111116
global-c0e89952f2a68317cd5738a6,1.777777777777778,2.111111111111111,2.111111111111111,1.777777777777778
global-8c8b481054714bbfcb5d3c7c,1.9500000000000002,2.2941176470588234,2.2941176470588234,1.9500000000000002
global-35306cec168578abedb4548d,2.194444444444444,0.5441176470588236,0.5441176470588236,2.194444444444444
global-4d8a2f105416129fd97596e9,0.75,2.111111111111111,2.111111111111111,0.75
global-844e3022d657ec0d8c1ec4c6,0.888888888888889,1.796875,1.796875,0.888888888888889
global-2c3c37352e4d37bc3d47634b,1.222222222222222,0.8157894736842105,0.8157894736842105,1.222222222222222
global-6db63d9685612efb3499cee6,1.75,1.0657894736842106,1.0657894736842106,1.75
global-9549ba9bdcd246ea5ba2d0bb,1.4736842105263157,1.6805555555555556,1.6805555555555556,1.4736842105263157
global-c0008a4970294ea39ce75b8a,2.361111111111111,0.21052631578947373,0.21052631578947373,2.361111111111111
global-940d67a648920ebbab12d5f5,1.8970588235294117,0.888888888888889,0.888888888888889,1.8970588235294117
global-95564d14efb1c17a701a98e8,1.0526315789473686,1.6578947368421053,1.6578947368421053,1.0526315789473686
global-dd5d227084c33cd06c3445aa,0.5,0.8026315789473685,0.8026315789473685,0.5
global-13ad94db263a51453fdbc968,2.1842105263157894,1.9852941176470589,1.9852941176470589,2.1842105263157894
global-edb4b139898285998b8b14a0,-0.026315789473684237,2.25,2.25,-0.026315789473684237
global-af0f1e13db07f869bdcddc87,1.986842105263158,2.0555555555555554,2.0555555555555554,1.986842105263158
global-6d9d79983a50e5f272339598,0.7625,1.9305555555555556,1.9305555555555556,0.7625
global-5248ba4f0d4aaca63b809703,1.0499999999999998,0.9999999999999999,0.9999999999999999,1.0499999999999998
global-889795a36634f8c62556c2ca,0.5263157894736843,0.13750000000000007,0.13750000000000007,0.5263157894736843
global-a05148c47eeb23369529f169,0.1375,2.460526315789474,2.460526315789474,0.1375
global-6c88feb98e25fb9200a44701,2.125,1.575,1.575,2.125
global-73dd80b46331d832a3fba094,1.777777777777778,1.5657894736842106,1.5657894736842106,1.777777777777778
global-fc140e8952ac1d459fad915f,1.013157894736842,1.625,1.625,1.013157894736842
global-135f856e8047921dd13d220d,1.3289473684210527,2.125,2.125,1.3289473684210527
global-6c8cfd81250fe37c61691d62,2.0625,1.825,1.825,2.0625
global-1e4901d1cfdb4791394cb248,1.9210526315789473,0.8125,0.8125,1.9210526315789473
global-20c1b9107af3afdecd8e5380,0.17857142857142855,0.11904761904761901,0.11904761904761901,0.17857142857142855
global-41bc9a72d10db276ebc2c812,1.5476190476190477,0.9880952380952382,0.9880952380952382,1.5476190476190477
global-9d4ba73cf7057026b926b86f,1.1071428571428572,0.8928571428571429,0.8928571428571429,1.1071428571428572
global-e1c3361e466b88be8785ced5,1.4749999999999999,2.071428571428571,2.071428571428571,1.4749999999999999
global-1479b20282ac1259ac37f058,2.5,0.9375000000000001,0.9375000000000001,2.5
global-b3b385d87016dcc6e2ef9645,2.0,0.5499999999999999,0.5499999999999999,2.0
global-95e356e772f14c5ed7731169,1.8026315789473686,1.4375,1.4375,1.8026315789473686
global-02efad1542ddec5d96ab649f,0.9285714285714286,2.130952380952381,2.130952380952381,0.9285714285714286
global-cc97c58ef84eb8c93d15d992,1.7142857142857144,1.8552631578947367,1.8552631578947367,1.7142857142857144
global-94bd3dd2afe4578271f1f114,1.7142857142857142,1.8125,1.8125,1.7142857142857142
global-93d149aefe56070bfe07d099,1.465909090909091,1.7375,1.7375,1.465909090909091
global-0f26e829253c5fe4a1301c8c,1.2976190476190477,0.8409090909090909,0.8409090909090909,1.2976190476190477
global-e859955bf6beab6fe9c04d3c,1.034090909090909,0.8690476190476191,0.8690476190476191,1.034090909090909
global-b205b23031f75b6c3871c72f,1.7954545454545454,0.5,0.5,1.7954545454545454
global-41b0445998bc5fdcca91e741,1.875,2.215909090909091,2.215909090909091,1.875
global-2b6f31fe391727c6d397324f,0.15909090909090906,1.7142857142857142,1.7142857142857142,0.15909090909090906
global-a48c07099467b4176ef03eff,2.0681818181818183,1.090909090909091,1.090909090909091,2.0681818181818183
global-2ed99f1737fd43bb2b2a0d8a,2.5476190476190474,2.0227272727272725,2.0227272727272725,2.5476190476190474
global-d82f26bdc600bd34373c30b6,1.7840909090909092,0.26136363636363635,0.26136363636363635,1.7840909090909092
global-6ed7b13aa73aaa498da1e238,1.2045454545454546,1.3571428571428572,1.3571428571428572,1.2045454545454546
global-ed91c81291494bc1f269f9fd,1.9021739130434783,2.0217391304347827,2.0217391304347827,1.9021739130434783
global-dec2d495a31b8a8d62656b60,0.875,1.1304347826086958,1.1304347826086958,0.875
global-27dfdfe67684c9d2e660d1b5,1.7954545454545456,2.6022727272727275,2.6022727272727275,1.7954545454545456
global-4993fc203fcf845b5d2fccfe,1.8095238095238095,1.0326086956521738,1.0326086956521738,1.8095238095238095
global-03c77cf12775945ddc490176,1.0869565217391306,1.2272727272727273,1.2272727272727273,1.0869565217391306
global-9a07f77050d2e91de456c110,2.1630434782608696,0.13043478260869562,0.13043478260869562,2.1630434782608696
global-075726165329ab184cfe60af,1.4545454545454546,1.391304347826087,1.391304347826087,1.4545454545454546
global-e04ad48fec1b7b2891ecd3e7,0.5227272727272727,1.8333333333333333,1.8333333333333333,0.5227272727272727
global-f28dbcdb1c3e50c0af6fa227,0.2391304347826087,1.7608695652173914,1.7608695652173914,0.2391304347826087
global-10dff4fab3523a9989010652,0.9456521739130435,1.8478260869565217,1.8478260869565217,0.9456521739130435
global-1a8230f302535d303198cc1b,0.6521739130434783,0.9999999999999999,0.9999999999999999,0.6521739130434783
global-fca74b40ef5824f5fcb9d120,2.6521739130434785,1.7272727272727273,1.7272727272727273,2.6521739130434785
global-690e0a0a443f02068e4c584f,1.3695652173913042,1.1770833333333333,1.1770833333333333,1.3695652173913042
global-3c47721e20ed9905658090b0,1.9166666666666667,1.1630434782608696,1.1630434782608696,1.9166666666666667
global-16843a1e492fb4f6006be5f7,0.16666666666666663,1.0,1.0,0.16666666666666663
global-16f810ab159fb689719fc6fe,1.6304347826086958,1.8020833333333335,1.8020833333333335,1.6304347826086958
global-b36b0eaf54ed8bbebfd4b187,0.19791666666666663,0.6666666666666666,0.6666666666666666,0.19791666666666663
global-17257124cb548a9f205ae2af,1.6847826086956523,1.84375,1.84375,1.6847826086956523
global-4b1155b34aec2468def9cc8a,2.0833333333333335,1.772727272727273,1.772727272727273,2.0833333333333335
global-bf1253716fdd2c3130f4e3ec,2.6875,1.4791666666666667,1.4791666666666667,2.6875
global-5a4554f3af097bd40e851b36,0.8854166666666667,2.1145833333333335,2.1145833333333335,0.8854166666666667
global-fe7ad51fc40beeea79a073b4,1.0520833333333333,1.03125,1.03125,1.0520833333333333
global-299b3f4c83cd1c771994c986,1.15625,1.3020833333333333,1.3020833333333333,1.15625
global-91295da0ceba7e62b9ed2524,1.9000000000000001,2.71,2.71,1.9000000000000001
global-d4f996affb5e3304ddfcbc7d,0.98,0.20000000000000007,0.20000000000000007,0.98
global-f92c422423d8e193628df157,1.6847826086956523,1.4,1.4,1.6847826086956523
global-9bf67e530c9a64793a18ab04,1.26,0.83,0.83,1.26
global-113ac5ff38caa115aa09e32f,1.4100000000000001,2.13,2.13,1.4100000000000001
global-cc2f820b33935c9aaea85184,0.77,1.1400000000000001,1.1400000000000001,0.77
global-67f779d8973c796bbcd9acab,1.0,1.6041666666666667,1.6041666666666667,1.0
global-0173624452509c2fc0b0b9de,2.17,1.88,1.88,2.17
global-38e886f7a4560c08ed2956f9,1.7100000000000002,0.18,0.18,1.7100000000000002
global-e9a2bc616d751dae1fc0f10d,1.08,1.7083333333333335,1.7083333333333335,1.08
global-71c7ddc8a99d2f4e4cc78097,1.25,2.730769230769231,2.730769230769231,1.25
global-3bd1126004461061b35d29e1,1.75,0.15384615384615385,0.15384615384615385,1.75
global-e8dc88dce014791348feac6f,2.0288461538461537,0.923076923076923,0.923076923076923,2.0288461538461537
global-ef62eb8caaf60aa395ef05bb,2.125,1.1346153846153846,1.1346153846153846,2.125
global-25642fc29a909e12daeae163,1.7000000000000002,0.7788461538461539,0.7788461538461539,1.7000000000000002
global-86c263ccebcab73f463f84b3,1.77,0.3173076923076923,0.3173076923076923,1.77
global-aa14afe72b2d6dd414a23c02,1.8461538461538463,1.7788461538461537,1.7788461538461537,1.8461538461538463
global-8b64d4cb46d07d0ff8beaafb,1.4903846153846154,0.925925925925926,0.925925925925926,1.4903846153846154
global-750c229fd93bbbec39798ad0,1.0288461538461537,0.2685185185185185,0.2685185185185185,1.0288461538461537
global-91857f593a07062be648e6f1,1.175925925925926,1.6700000000000002,1.6700000000000002,1.175925925925926
global-48f6724df438f90e5a497af3,1.9907407407407407,0.9326923076923077,0.9326923076923077,1.9907407407407407
global-6473d5ed91ac669ca4636a14,0.8365384615384616,0.29629629629629634,0.29629629629629634,0.8365384615384616
global-1ad226baa65456a9fdc0f8b3,0.7407407407407407,1.7037037037037037,1.7037037037037037,0.7407407407407407
global-7d54f5fa6e12dd40d4a18891,2.0833333333333335,2.7685185185185186,2.7685185185185186,2.0833333333333335
global-1df7d7da564986e7b84ba030,1.1296296296296298,1.7596153846153846,1.7596153846153846,1.1296296296296298
global-017175983bab49640dcc9cf7,1.8269230769230769,1.8981481481481481,1.8981481481481481,1.8269230769230769
global-39d3f46466eb9b4528d7308b,1.3365384615384617,1.8173076923076923,1.8173076923076923,1.3365384615384617
global-beabf8b3d26c7afc81e2d25a,1.1203703703703705,2.6517857142857144,2.6517857142857144,1.1203703703703705
global-68d3b5612734a452eb6e1eda,1.6442307692307694,0.8425925925925926,0.8425925925925926,1.6442307692307694
global-e981d401bb0b26e0dc4a81a8,1.955357142857143,1.2685185185185186,1.2685185185185186,1.955357142857143
global-934c723fb3dcb5e2fa461f5c,0.32142857142857145,1.0625,1.0625,0.32142857142857145
global-28f876d9d1457aef42ebeb88,0.9285714285714286,1.7407407407407407,1.7407407407407407,0.9285714285714286
global-c9dfc9bcfdf959a721c9f1fc,2.6896551724137927,0.8303571428571429,0.8303571428571429,2.6896551724137927
global-0f83c7130452eec6031234bf,0.8888888888888888,1.0535714285714286,1.0535714285714286,0.8888888888888888
global-db0f154b3e185a2a0c05d49e,0.24107142857142855,2.0357142857142856,2.0357142857142856,0.24107142857142855
global-335f3b7302dd9a3a3dce4f2f,1.8333333333333335,1.4722222222222223,1.4722222222222223,1.8333333333333335
global-1bddc5d1f64052584b9d6f31,1.8796296296296295,2.1339285714285716,2.1339285714285716,1.8796296296296295
global-cad8d6ca7224cdeacca2734d,1.6339285714285716,1.1696428571428572,1.1696428571428572,1.6339285714285716
06defe40ad38c9d87a422e02,1.75,,,1.75
3b0f197ee12caac4c26217ab,2.5625,,,2.5625
4f1bb45a4545a566a1733867,1.9583333333333333,1.0,1.0,1.9583333333333333
d242b8b7b79c95a4c7ee55e8,-0.625,,,-0.625
0a32f00886e3851cd5fc2dac,0.375,1.25,1.25,0.375
6219e2da85bd375ed39cf5bc,-0.375,,,-0.375
90b047479be3706ba62cbebe,,,,
bc9f8dc502c7abb3b5993499,1.125,,,1.125
38b6fa4eca53b823ee9fd8c0,,,,
69348404d7adc3b379e576b3,,1.5,1.5,
9d09a1b3fde7e0b12f58b93d,2.25,,,2.25
b0253edd66804be8a1f4f4a8,-0.25,,,-0.25
dfef77ea253c80f3433b5ea7,,,,
e150c87a5a0a09f7e4ebc675,,,,
global-05c6d9cc7049acb93bfa0db4,1.2589285714285716,0.7758620689655172,0.7758620689655172,1.2589285714285716
global-411fe7c1fb38f12e25484de8,0.8482142857142857,0.9732142857142858,0.9732142857142858,0.8482142857142857
global-a2cbf8ba949b5b8edc39ac25,1.5357142857142856,1.8035714285714284,1.8035714285714284,1.5357142857142856
global-e516698398dd0acddf727caa,1.7589285714285714,1.6203703703703705,1.6203703703703705,1.7589285714285714
global-54a725a1bd0693e4bbcda5ef,0.3017241379310345,1.9224137931034482,1.9224137931034482,0.3017241379310345
global-bc9b17e4019ead52970dcdff,0.18965517241379315,1.3275862068965518,1.3275862068965518,0.18965517241379315
global-787e2b505afb677d1402a61b,2.725,2.1120689655172415,2.1120689655172415,2.725
global-64a8eaba4e2245973c15a44a,1.6896551724137931,1.5172413793103448,1.5172413793103448,1.6896551724137931
global-6c664c90f133692c5cbfedf3,1.0086206896551724,1.0086206896551724,1.0086206896551724,1.0086206896551724
global-6b095fb6d0c4b56eb0e8cbe0,1.8189655172413792,0.7931034482758621,0.7931034482758621,1.8189655172413792
global-83cc0406f3c329ddcd012a43,0.7416666666666667,1.544642857142857,1.544642857142857,0.7416666666666667
global-1d23e49a78e50ba7705badba,1.0689655172413792,2.1724137931034484,2.1724137931034484,1.0689655172413792
global-1812bb1f8e28f636ee7543a2,1.1379310344827587,1.669642857142857,1.669642857142857,1.1379310344827587
global-ef72344e23eb3b003abcaea0,1.7758620689655173,1.1206896551724137,1.1206896551724137,1.7758620689655173
00359fc0adbe0510862c7c26,1.0,-0.08333333333333337,-0.08333333333333337,1.0
14d28da1d719589604d0e736,1.9166666666666667,1.5714285714285714,1.5714285714285714,1.9166666666666667
2d8b8ad690a81a32a7461b80,-0.25,2.05,2.05,-0.25
ceb7556e20600a01a4f650c8,1.0,,,1.0
eed423ed057fbcf5d97080d4,1.0,2.25,2.25,1.0
47e25ff382799a1fd7a8e3e4,3.75,-0.5,-0.5,3.75
7a092cc79882f8046f5642ab,0.75,1.3333333333333333,1.3333333333333333,0.75
7ddadb90299120de16e45723,1.2916666666666665,,,1.2916666666666665
a1eaf2d487d3e266b0e3eb63,3.25,-0.25,-0.25,3.25
a658fefec5f640b18376ef5e,-0.25,1.4285714285714286,1.4285714285714286,-0.25
086314aea4fe7d3c491b1439,-0.25,0.9166666666666666,0.9166666666666666,-0.25
5ac23d4caeb83d8d5afb641f,-0.25,3.25,3.25,-0.25
810211784b869a7051f5d858,-0.25,2.4499999999999997,2.4499999999999997,-0.25
b042d3bd8210571afcd20642,3.5,-0.5,-0.5,3.5
b775c9f3658fd72d76f8571e,1.0,1.0,1.0,1.0
d0e3ae2b603428410a752b8b,2.0833333333333335,-0.25,-0.25,2.0833333333333335
global-90d19fd09100d9d1365f24e8,1.0750000000000002,0.7016129032258065,0.7016129032258065,1.0750000000000002
global-bdebfb5a80503d79a74c3f83,1.3916666666666666,2.75,2.75,1.3916666666666666
global-15d56751905237b95e35b80a,1.6120689655172413,1.7583333333333333,1.7583333333333333,1.6120689655172413
global-3c51ff562bcf0c709e3fa54c,1.8333333333333333,1.1333333333333333,1.1333333333333333,1.8333333333333333
global-1e4d6c8b9c1706b4287ffe79,0.8,0.9666666666666668,0.9666666666666668,0.8
global-c9c1f3b142738245fdc44069,2.025,1.825,1.825,2.025
global-4c213f74010b128e0b42779f,2.2083333333333335,1.7916666666666665,1.7916666666666665,2.2083333333333335
global-49dd116df89ab3f07b174b8d,1.4416666666666667,0.175,0.175,1.4416666666666667
global-b2378c6467959c39bd99279d,1.0833333333333333,0.41666666666666663,0.41666666666666663,1.0833333333333333
global-ca7d7a4c1e338ada51ccac9b,1.646551724137931,1.025,1.025,1.646551724137931
643b1ff8381454b728711111,1.0,1.0,1.0,1.0
0460d403f0057c05bf330c84,1.0,1.25,1.25,1.0
global-5ab4d00122eee45ad2de65fc,1.717741935483871,1.625,1.625,1.717741935483871
global-907d02765aad2102433a7ba4,1.8709677419354838,0.8790322580645161,0.8790322580645161,1.8709677419354838
global-7554319b5faa28b51c982666,0.14516129032258063,1.1451612903225807,1.1451612903225807,0.14516129032258063
global-8e96a2ecede4687482dfad29,0.671875,1.5161290322580645,1.5161290322580645,0.671875
global-62cd23550f39e21f20268f66,0.9274193548387096,2.25,2.25,0.9274193548387096
global-7ab512f2ae443376d30386b8,1.806451612903226,1.4516129032258065,1.4516129032258065,1.806451612903226
19c5fab58e89ece7f1956831,0.75,,,0.75
1dc34d6bf49fefb2cfee053b,,,,
652d85fc772f8e8e35e1b33e,1.7,,,1.7
6babf8b1643d854382b3fbfd,1.2916666666666667,,,1.2916666666666667
710b11a689dcac4d72bd60e9,2.3125,,,2.3125
71c2bc4899c4ce230ae23352,1.4375,,,1.4375
80f06b74f631c7bc405bfe36,2.5833333333333335,3.375,3.375,2.5833333333333335
93f109486d80649b2af57e01,,1.0,1.0,
abc8e93bac3247752b942f88,0.16666666666666669,2.2692307692307696,2.2692307692307696,0.16666666666666669
f07c9e59b8bfc6c792979bd5,,2.5,2.5,
global-020861a0dc3d6d4ba484011f,1.0241935483870968,1.8951612903225807,1.8951612903225807,1.0241935483870968
346e4f0d78fd6e9988eb199c,2.0,,,2.0
6e49e06cddcc072850cb8abe,3.25,,,3.25
7b30b1d131fe0df04dd74aa4,2.333333333333333,,,2.333333333333333
7e795ebddaca0004087d60aa,,,,
87cc4325d73f07426b5450fd,1.84375,2.25,2.25,1.84375
997d1d68809b9f0ec607f14c,1.84375,3.5,3.5,1.84375
bdcb9c9b7e7430a3caf6d35d,,0.9166666666666666,0.9166666666666666,
c11cc5eab3891bd6ae820894,0.9166666666666666,1.9375,1.9375,0.9166666666666666
e28f3a2322df2b77d524d273,2.1,,,2.1
e8b04b53f4536284f437dc41,2.980769230769231,,,2.980769230769231
fb8f9cd121c045fd6dc55b79,1.8958333333333333,,,1.8958333333333333
global-ae096dc483995241555daaff,1.024193548387097,1.6953125,1.6953125,1.024193548387097
global-8cf898060fb87c212a90da1e,2.65625,1.5499999999999998,1.5499999999999998,2.65625
47be77e3a901ff1b8a1601ae,1.75,1.6875,1.6875,1.75
4906d21a4fa426f1a8244aee,1.625,,,1.625
52bc5dca850def0cc0050b81,,1.4375,1.4375,
57e7ca2c592b6d083069edc5,1.8863636363636365,1.375,1.375,1.8863636363636365
74b5a6b08ed6a6299838480f,1.0416666666666667,,,1.0416666666666667
94a72a83ef242ac263ccf5d0,,0.8333333333333334,0.8333333333333334,
b2a004bec44ca40985afe8f7,1.6875,,,1.6875
c1e1019e492f6fb4bdfbfb97,,3.375,3.375,
d73080071f94a83a581fe2cf,2.458333333333333,,,2.458333333333333
e61a84e9dbd8239203ea8ca7,2.6041666666666665,,,2.6041666666666665
f9e2874a0e4760b7e576d526,2.125,1.3499999999999999,1.3499999999999999,2.125
global-edeb3b6eb1fc55a7c81e281c,0.5241935483870968,1.9516129032258065,1.9516129032258065,0.5241935483870968
global-fd67f0e40438ddf944630eb3,1.6048387096774193,1.5,1.5,1.6048387096774193
global-e16ef9b19d3527942d7726f7,0.953125,1.78125,1.78125,0.953125
global-b600f9a02ff0b8f4d3a577ea,1.8671875,1.8046875,1.8046875,1.8671875
global-c2f42b90040f853aeef083af,1.0234375,0.1328125,0.1328125,1.0234375
global-b53934af3748f2dd6eabddf6,0.8828125,1.2109375,1.2109375,0.8828125
global-3bf6005ed8132b93d1ba80f0,2.2890625,1.4375,1.4375,2.2890625
global-c0a5d5a9e3e7d26014d0a12f,0.484375,1.4919354838709677,1.4919354838709677,0.484375
global-3c469a5cc8532927468074e7,1.0725806451612903,2.0078125,2.0078125,1.0725806451612903
0c6c47f68d1e6881e4a18d42,-0.25,1.8888888888888888,1.8888888888888888,-0.25
2f139f8b79a973f53a8b7302,1.0,2.416666666666667,2.416666666666667,1.0
43cbc1e4a01be9d8c63f205b,2.0714285714285716,2.0,2.0,2.0714285714285716
4de8bba244dcfb39822b2f88,3.5,-0.25,-0.25,3.5
532e2915e196ae623619f0d7,2.1666666666666665,1.75,1.75,2.1666666666666665
7da13204f3df1c9ece4ef083,3.25,1.2222222222222223,1.2222222222222223,3.25
90b7638c015d718d0b6be460,0.7142857142857142,1.0,1.0,0.7142857142857142
d284105a4ec242c72a662edc,1.8333333333333335,3.0,3.0,1.8333333333333335
fff595ad7712ec31d067f58f,1.75,2.464285714285714,2.464285714285714,1.75
03432db3bc665786dfa09823,0.8571428571428572,2.480769230769231,2.480769230769231,0.8571428571428572
070ad774cde3983ffe1175d1,2.1666666666666665,3.25,3.25,2.1666666666666665
09c88a2cd34e19a08c0ff497,-0.25,0.6428571428571428,0.6428571428571428,-0.25
45a0d2fee7366ad5dad47c74,-0.25,1.3,1.3,-0.25
5181a1277560d989ab49f581,1.0,3.5,3.5,1.0
6c20dcbfb0dc794758236b13,-0.25,-0.25,-0.25,-0.25
7fede8d9d050600f17566024,-0.25,0.9285714285714286,0.9285714285714286,-0.25
89f17ea5cd542086d9c21728,1.95,2.678571428571429,2.678571428571429,1.95
978cf4de760c0464e1ee26e6,3.25,2.571428571428571,2.571428571428571,3.25
a50ea71646382add76f2e008,1.8333333333333335,2.0277777777777777,2.0277777777777777,1.8333333333333335
b6be99759fee813ee7b30744,3.5,1.5,1.5,3.5
c15d2a73090dd83d4810dada,3.5,0.6071428571428572,0.6071428571428572,3.5
cc732f338a0fbc455d86534d,1.0,1.0,1.0,1.0
08fe729b5c84b60933c3eaa5,1.05,1.0,1.0,1.05
69342b844bf3b3e5ba02351b,2.5833333333333335,1.4444444444444444,1.4444444444444444,2.5833333333333335
6e8a6e906b70f375b3f413fa,3.25,2.0,2.0,3.25
75aa9ab5f1a6cfd8d94b0791,1.0,1.6428571428571428,1.6428571428571428,1.0
b6a24abc88f3e3f12d83313e,3.5,0.8214285714285714,0.8214285714285714,3.5
c462ba715abf755fd60672be,-0.75,2.0,2.0,-0.75
c4fff3885704da87c2b710b9,2.15,1.0,1.0,2.15
c66a22bfb63e954dc8ecec1d,1.0,1.25,1.25,1.0
ce9b62f4595bf5fc5640531b,1.5454545454545454,1.0,1.0,1.5454545454545454
d2ed1da6836e1788bb14c0f7,1.8,2.0,2.0,1.8
global-cfc1b287e0c7e8a9488d89d3,2.0454545454545454,0.984375,0.984375,2.0454545454545454
global-82d52ef05bbeb3f4e807f3c2,2.6742424242424243,1.03125,1.03125,2.6742424242424243
global-8442b7ffe46bbd1082437cc3,1.4242424242424243,0.9848484848484849,0.9848484848484849,1.4242424242424243
global-9a652afff9e5fd85e15d9f35,0.6818181818181819,1.9090909090909092,1.9090909090909092,0.6818181818181819
global-adaec000e8f907bedd40bc20,1.4765625,1.65625,1.65625,1.4765625
global-ae315650daebe80dd0fc3513,1.446969696969697,0.9545454545454545,0.9545454545454545,1.446969696969697
global-4b043e4bd21dcc859d668985,0.22727272727272724,1.7424242424242422,1.7424242424242422,0.22727272727272724
global-b363a3bad2876c86f05e355c,1.143939393939394,0.5,0.5,1.143939393939394
global-872952be660025b37365e44f,1.7424242424242424,0.9772727272727272,0.9772727272727272,1.7424242424242424
113a6aa05df31569f4d0fd34,2.25,2.125,2.125,2.25
11f4ce96dede1de3e0fe48cc,1.5416666666666667,1.5625,1.5625,1.5416666666666667
25e88838581f21458a86b61a,-0.625,1.9000000000000001,1.9000000000000001,-0.625
2b9683305f24ec9f97aeec0f,2.107142857142857,1.0625,1.0625,2.107142857142857
5766f83076e70edaef2f85ee,0.25,0.875,0.875,0.25
81a5ff4f66d0a126f14cae71,2.55,2.05,2.05,2.55
8626387d1a9b9ca45853140a,2.175,2.0,2.0,2.175
c05e98fbf83dc0af655e18d2,3.25,2.78125,2.78125,3.25
c503a2a7dd4db8c6f7434bb3,-0.375,0.125,0.125,-0.375
e849a024db5f4af84b551b6a,3.083333333333333,1.28125,1.28125,3.083333333333333
22a45beb635b072de5a23f0c,0.9375,1.5,1.5,0.9375
347742f768341571aef17e66,1.625,2.28125,2.28125,1.625
59d10227b58e2776c0c3c70c,1.3125,1.25,1.25,1.3125
6f2396df2788ffd5114e79d1,2.25,1.6666666666666667,1.6666666666666667,2.25
7e7004a26a1497c7c18b88c2,1.875,2.1041666666666665,2.1041666666666665,1.875
937f20b49db8032f4a036b33,-0.5,1.525,1.525,-0.5
c8ed7e9cdc23799522c755df,-0.5,0.25,0.25,-0.5
d6ae8f8a585a01ebc77fe6a9,1.4583333333333333,0.65625,0.65625,1.4583333333333333
e874782dda6550cfeb7414e0,0.375,1.25,1.25,0.375
0fb3c9c41a586b14c282af42,1.75,0.375,0.375,1.75
3bd59f609cc5b1d70814d02e,2.75,2.375,2.375,2.75
4cfba8461063d1d1be4d6efc,2.5357142857142856,0.375,0.375,2.5357142857142856
51216284ec5f400b361945b3,1.8269230769230769,1.5625,1.5625,1.8269230769230769
919d7adfe380d81a61a4f27a,0.59375,1.0,1.0,0.59375
92002ed44f0c0f6b63a89672,1.5625,-0.375,-0.375,1.5625
923ed067d5cab24cd994e812,0.8333333333333334,3.25,3.25,0.8333333333333334
a41d795f3ce18cc2e78636ce,0.25,1.2750000000000001,1.2750000000000001,0.25
b16faa4dcb3942e855a9f9ed,2.125,1.7083333333333335,1.7083333333333335,2.125
c4c2a84fa534d3bcb3465836,2.125,0.71875,0.71875,2.125
d266e2975efc70168ddd47ab,1.125,1.625,1.625,1.125
d5c7b0e280c4f537c7aae062,3.5,2.25,2.25,3.5
2a03d434212f795cda04e2ee,2.71875,1.25,1.25,2.71875
global-76470eb344a39682c65e9d79,0.9117647058823529,2.014705882352941,2.014705882352941,0.9117647058823529
global-5c3ce099860f7cc6bfb25fd5,1.8088235294117647,1.3676470588235294,1.3676470588235294,1.8088235294117647
global-71e744b9c11c7d1ece3b637b,0.984848484848485,0.19117647058823528,0.19117647058823528,0.984848484848485
global-2e0d51edb094be5ce228e0d4,1.9558823529411766,2.698529411764706,2.698529411764706,1.9558823529411766
global-deef766f072271003d85ae25,0.9848484848484848,1.7575757575757578,1.7575757575757578,0.9848484848484848
global-ac9034f4434bff19987db271,1.0588235294117647,1.1397058823529411,1.1397058823529411,1.0588235294117647
global-a707e89729b502281278a09f,2.25,1.5303030303030303,1.5303030303030303,2.25
global-01a91b3b7b5a2afae3617563,1.5984848484848484,1.7867647058823528,1.7867647058823528,1.5984848484848484
global-87006da3994da5b8107d26cc,0.5147058823529411,1.5073529411764706,1.5073529411764706,0.5147058823529411
global-39249b9bb536c537f50f5290,0.9411764705882353,0.6470588235294117,0.6470588235294117,0.9411764705882353
05401700f0c0a83f6e699903,2.019230769230769,0.0,0.0,2.019230769230769
16519b119ca296ab52cd33c4,1.3055555555555556,-0.8333333333333334,-0.8333333333333334,1.3055555555555556
41a2453aba0c8cbd80ffc91b,2.5277777777777777,0.75,0.75,2.5277777777777777
58c73c60b86144e7d0ccb10f,1.95,2.046875,2.046875,1.95
6a806bb28b59917db8857ab2,2.6136363636363638,-0.08333333333333337,-0.08333333333333337,2.6136363636363638
7121649471a950d9b7df135d,1.75,0.5833333333333333,0.5833333333333333,1.75
9b2b8bfe7a72b4f2e19666a2,1.2142857142857142,1.3333333333333333,1.3333333333333333,1.2142857142857142
c741d8c6fc99d872b6df32f5,2.0833333333333335,1.9000000000000001,1.9000000000000001,2.0833333333333335
ded16ea02ff28b385ffe7a44,2.0681818181818183,1.8,1.8,2.0681818181818183
e49e86bbd26dc45703a1ba6e,3.09375,1.75,1.75,3.09375
global-cf4111a08e9054b8e167c42a,1.9428571428571428,2.286764705882353,2.286764705882353,1.9428571428571428
global-7922157f020545c2ae1537e2,1.0588235294117647,0.9411764705882352,0.9411764705882352,1.0588235294117647
2b0c5ae69af3c4fa25ecca8b,0.5833333333333333,1.75,1.75,0.5833333333333333
2ff306f10dfd6be11e8eefc8,1.25,1.5714285714285714,1.5714285714285714,1.25
5420dff989fa86a9a56f8ec0,1.4166666666666665,0.08333333333333331,0.08333333333333331,1.4166666666666665
593b14c0a090e9461363107d,1.1666666666666665,1.0,1.0,1.1666666666666665
652ca4107ec39ba078e6828d,1.5,1.8333333333333335,1.8333333333333335,1.5
6d3f80dc0d53f78f86b8f6bb,1.1111111111111112,-0.6666666666666666,-0.6666666666666666,1.1111111111111112
7ee016da124d3bd9010a23e0,1.7777777777777777,0.5,0.5,1.7777777777777777
82a01136c45efe27d5187b10,1.3076923076923077,1.3333333333333333,1.3333333333333333,1.3076923076923077
a2453b9ae94f1becf9c674f5,2.4333333333333336,0.75,0.75,2.4333333333333336
b0297a9468be8f567ca90b49,0.9722222222222223,3.5,3.5,0.9722222222222223
c618c6f11964e142e32c74ff,0.65,2.5,2.5,0.65
d91b47a9f7dfa9cd958d2349,2.138888888888889,1.45,1.45,2.138888888888889
global-e4dff99adb29673c551dd50c,1.5642857142857143,1.9928571428571429,1.9928571428571429,1.5642857142857143
11571b675447b74cc9d4f9d2,1.9090909090909092,0.85,0.85,1.9090909090909092
2b7fc6b83bbbd7f220a5b76c,1.090909090909091,2.05,2.05,1.090909090909091
49e9329877f2a5fe1a8f7c64,1.9285714285714286,3.8333333333333335,3.8333333333333335,1.9285714285714286
67a45df76eedfe8346150d6a,1.25,1.5576923076923077,1.5576923076923077,1.25
82ed48d6ddfd40c3a74f9f37,1.4166666666666665,2.571428571428571,2.571428571428571,1.4166666666666665
8cc0cbf8d06ceb81de97c45c,1.2,0.42857142857142855,0.42857142857142855,1.2
d4c8583a0fbd2304097ab990,0.6944444444444444,2.25,2.25,0.6944444444444444
dfb134b2e8f6a952e6a72840,2.833333333333333,1.2857142857142858,1.2857142857142858,2.833333333333333
e09dab0d908d48fb57fd6fe1,1.8409090909090908,0.9166666666666666,0.9166666666666666,1.8409090909090908
f3628c934159b04c2941b926,2.75,0.6388888888888888,0.6388888888888888,2.75
global-9c51bc22a7640127913fbd38,1.6470588235294117,1.4705882352941178,1.4705882352941178,1.6470588235294117
global-078ef27fd56dfd835e4b8081,1.8088235294117647,2.2142857142857144,2.2142857142857144,1.8088235294117647
global-d86d70e89bf000a93507b520,2.6142857142857143,0.9857142857142858,0.9857142857142858,2.6142857142857143
global-51218e078b1003be5e20c0a3,1.4285714285714286,1.0142857142857142,1.0142857142857142,1.4285714285714286
global-b506ed0ccf28601fde5df920,0.6142857142857143,1.0142857142857142,1.0142857142857142,0.6142857142857143
global-4ee37de157880d2360fbcd5f,1.7285714285714286,1.0214285714285714,1.0214285714285714,1.7285714285714286
global-b94d6c4c09c47b771797fd16,1.457142857142857,1.0142857142857142,1.0142857142857142,1.457142857142857
global-42b2d6bf0e9bb720903ef001,1.2000000000000002,1.7428571428571429,1.7428571428571429,1.2000000000000002
global-0bbfe2abb2111638601b23d9,1.857142857142857,0.48571428571428577,0.48571428571428577,1.857142857142857
global-09b769ef9bdf8ac79b866791,0.17142857142857143,1.6285714285714286,1.6285714285714286,0.17142857142857143
0099418ad17120c06a76801e,0.775,2.125,2.125,0.775
0887b0d9180663e4109bfd3a,2.75,2.25,2.25,2.75
0b7791e5cc9b880689f74cfd,2.125,1.7,1.7,2.125
2a4ae15dc7625c2ca3a7da01,1.5833333333333333,-0.25,-0.25,1.5833333333333333
79776ac525fc59632c0c0bbe,2.0208333333333335,1.9791666666666665,1.9791666666666665,2.0208333333333335
a36b1eed597f3decf83882b8,1.2,1.2857142857142858,1.2857142857142858,1.2
a447a4e7b42ad7d9be380cc0,1.1,3.1029411764705883,3.1029411764705883,1.1
b209a2a2c792210a7dc723de,1.4375,1.25,1.25,1.4375
cbbad0285e2626769a4dce90,2.1176470588235294,0.25,0.25,2.1176470588235294
global-19eb69eb7d1ad25ddce1426a,0.5833333333333334,2.138888888888889,2.138888888888889,0.5833333333333334
global-1ea27f93dc35221cbf3faae6,1.5,1.0833333333333333,1.0833333333333333,1.5
global-4244b19afbc339a78d350a7f,2.631944444444444,1.0208333333333333,1.0208333333333333,2.631944444444444
global-479ca73f329613e0057cc25f,1.9791666666666665,1.9305555555555554,1.9305555555555554,1.9791666666666665
092bd9f59bc53383a3444b57,1.1875,2.225,2.225,1.1875
1e77df36db204013d5331bd0,1.625,1.25,1.25,1.625
25ea087402019eb074da96cd,1.6458333333333333,2.4791666666666665,2.4791666666666665,1.6458333333333333
2db93361345d81db474d7b69,2.25,1.875,1.875,2.25
3d6da2de1f2b710084383d90,1.6785714285714286,2.125,2.125,1.6785714285714286
8b07e491266359585ddd9bfb,0.6875,0.5249999999999999,0.5249999999999999,0.6875
99cf1d1de55c192e9dc0aa56,1.5416666666666667,1.53125,1.53125,1.5416666666666667
aeb2013b22e422ce41492ef8,2.525,2.375,2.375,2.525
b902e612a85988eb8d06f082,0.375,2.34375,2.34375,0.375
c4cf3fca3eccdb880599b4d5,1.375,1.2083333333333333,1.2083333333333333,1.375
df4821322d5618f1a8146583,0.1875,1.5625,1.5625,0.1875
e649cf6af4d0b774c7982fdc,0.625,-0.125,-0.125,0.625
ff5ffe7b2d56c612941cf8dc,2.9375,1.6875,1.6875,2.9375
global-18a4151725e52d46d6282e01,0.2569444444444445,0.9513888888888888,0.9513888888888888,0.2569444444444445
global-1eb78788f001b0f3de4c5b68,1.4097222222222223,1.7916666666666665,1.7916666666666665,1.4097222222222223
global-2641e22f773ca661160f3b12,1.1527777777777777,1.5763888888888888,1.5763888888888888,1.1527777777777777
global-7593dd01c40535ea3648e937,1.611111111111111,1.076388888888889,1.076388888888889,1.611111111111111
global-407341d9c2d39c5fc7d50b2f,1.7083333333333333,0.4652777777777778,0.4652777777777778,1.7083333333333333
global-dcdaf66aab0ab40bb30b2cee,1.8958333333333333,0.9583333333333333,0.9583333333333333,1.8958333333333333
18b345fd0d57965fa8b2679c,1.5416666666666667,1.7666666666666668,1.7666666666666668,1.5416666666666667
237ee7ef942002805afa9968,1.5833333333333335,0.9500000000000001,0.9500000000000001,1.5833333333333335
76cef2a690a268bcd757b909,0.7083333333333334,0.875,0.875,0.7083333333333334
98ebc6becd8ca8976abec8eb,1.5,1.625,1.625,1.5
9aed077cddf09ec57935f63c,1.125,1.8125,1.8125,1.125
c68e5b77a29ec0b1cf7c1560,1.25,2.5625,2.5625,1.25
cdc0a4d160d5288068549252,1.6666666666666667,0.6666666666666667,0.6666666666666667,1.6666666666666667
d6a130ed45ff71e760d3f7a1,0.9791666666666666,0.8125,0.8125,0.9791666666666666
d80ad0f2d56d4199f7a1a12f,0.0,1.1666666666666667,1.1666666666666667,0.0
fd47ba582fadd1bdcd18bfe4,3.75,0.34375,0.34375,3.75
global-11181e77b5692cbe153840a8,0.9121621621621621,0.24324324324324326,0.24324324324324326,0.9121621621621621
global-1850982109877aa98ec08db0,1.7364864864864864,1.9189189189189189,1.9189189189189189,1.7364864864864864
global-21038ddde2e9bf87f62a7554,1.9662162162162162,1.4594594594594597,1.4594594594594597,1.9662162162162162
global-25ffa3b9ccacea193d273c68,1.0135135135135134,0.5945945945945946,0.5945945945945946,1.0135135135135134
global-2ad77d1563d1f7c658dde408,1.0337837837837838,1.945945945945946,1.945945945945946,1.0337837837837838
global-320bf2c762a1cc6c5d823b05,1.0405405405405403,1.7567567567567568,1.7567567567567568,1.0405405405405403
global-33349843c5be788798081297,2.108108108108108,1.114864864864865,1.114864864864865,2.108108108108108
global-9b24a56487eb78fe8704f7fb,1.0810810810810811,1.662162162162162,1.662162162162162,1.0810810810810811
global-b29b883f87696afb7b132e87,1.6216216216216215,2.5540540540540544,2.5540540540540544,1.6216216216216215
global-b6e045f7469ec49ff97a1be3,0.43918918918918926,1.5540540540540542,1.5540540540540542,0.43918918918918926
141d71bb111251173b39899c,0.39999999999999997,2.2,2.2,0.39999999999999997
3aac35eb11ad81faca38ca9e,0.95,2.340909090909091,2.340909090909091,0.95
5e5ab7a8afc7f13809bce69f,0.44999999999999996,3.0,3.0,0.44999999999999996
6c2fa937af5a5147ec5a306b,0.7954545454545454,1.2999999999999998,1.2999999999999998,0.7954545454545454
757d3d5497fc773e55b2a566,1.6333333333333335,0.5357142857142857,0.5357142857142857,1.6333333333333335
9bf63f39ccdc0743b1aff879,0.9999999999999999,0.25,0.25,0.9999999999999999
9cf84ea4aef206adb023b902,0.6000000000000001,1.5227272727272727,1.5227272727272727,0.6000000000000001
bb378feeefb981572ac443eb,1.9000000000000001,1.4,1.4,1.9000000000000001
eeeb9c0c37c430a59fdaa512,1.8,1.0,1.0,1.8
feb3c880bf59ffabc6ad38ce,1.6500000000000001,2.3970588235294117,2.3970588235294117,1.6500000000000001
2155904009dabded2ba99485,2.6999999999999997,1.4166666666666665,1.4166666666666665,2.6999999999999997
3643abfac0967a7bda1187ce,2.392857142857143,1.5,1.5,2.392857142857143
428439a3d9210adf1fcfc39c,0.95,1.0681818181818183,1.0681818181818183,0.95
5b8eb4d42745fbdeb51a16cb,0.85,1.7647058823529411,1.7647058823529411,0.85
660b23222e250579e47b44a6,1.05,1.7115384615384617,1.7115384615384617,1.05
71a1664ad2444e85dd22cbdc,2.4166666666666665,0.8076923076923077,0.8076923076923077,2.4166666666666665
8d74f00f31da932b7ee64615,2.0,1.8461538461538463,1.8461538461538463,2.0
902f215ecc50284852ecd392,0.9285714285714286,2.35,2.35,0.9285714285714286
a1d05d36f1667912e665e7a5,1.85,0.8409090909090909,0.8409090909090909,1.85
ac6152a27c6a16bc2318262d,1.9861111111111112,1.1136363636363638,1.1136363636363638,1.9861111111111112
ead78a975158d65f0304aed2,0.7000000000000001,1.9318181818181819,1.9318181818181819,0.7000000000000001
f9602feff7788cc53435b771,0.42857142857142855,2.076923076923077,2.076923076923077,0.42857142857142855
13f133372e6d79094cd8aeda,0.10000000000000003,1.5961538461538463,1.5961538461538463,0.10000000000000003
5d3b2d1b85d8ee8c0bbed080,1.9000000000000001,2.3653846153846154,2.3653846153846154,1.9000000000000001
5e06a38c8b72e4cf519c15f2,0.45000000000000007,2.916666666666667,2.916666666666667,0.45000000000000007
78bf7a952e99e4588ad031d3,1.4423076923076923,1.2954545454545454,1.2954545454545454,1.4423076923076923
a6ef1170fb49e664de3cf61a,2.0,1.0,1.0,2.0
d9e1e4e2e29e31f0b35dbf1b,1.777777777777778,2.55,2.55,1.777777777777778
e604dd02464e0bfed7cca324,1.2142857142857144,2.2727272727272725,2.2727272727272725,1.2142857142857144
ec7f8a61157b0dbf0bc60e0a,3.8,1.2142857142857144,1.2142857142857144,3.8
f6d619b61a83321d381712d3,0.19444444444444442,1.890625,1.890625,0.19444444444444442
fdc125fb63b42b1864fb4d97,1.2777777777777777,1.75,1.75,1.2777777777777777
1ed714f87d9a61f8c7975b42,2.7916666666666665,,,2.7916666666666665
4ea56804c7e73d94ccd7341f,1.9583333333333333,1.625,1.625,1.9583333333333333
871f563d2618733513c37b59,3.333333333333333,,,3.333333333333333
f10ecf1da7b45e8c05be3247,3.1666666666666665,1.875,1.875,3.1666666666666665
37b5c381a08ae2e42798bc6a,2.1666666666666665,2.236111111111111,2.236111111111111,2.1666666666666665
4dd2fb96d01f55d949edb481,2.2678571428571432,1.2708333333333333,1.2708333333333333,2.2678571428571432
a113027965d9cf0fa2a51f48,2.0416666666666665,,,2.0416666666666665
a27d245e2af814b443da0904,1.734375,2.333333333333333,2.333333333333333,1.734375
bb6ce39a513b86c1426513e3,1.3125,1.75,1.75,1.3125
ce4dabdce531ecac645a381d,2.0416666666666665,,,2.0416666666666665
e48860fc19f9ea035ddb2f45,3.0,1.2708333333333333,1.2708333333333333,3.0
0fe4d471e8e68958840a9546,2.275,1.546875,1.546875,2.275
76a6ebc2e03f5fc90c6382f0,2.1607142857142856,,,2.1607142857142856
b2084d0c97bb27e0adc15f2c,2.125,,,2.125
039631f197ecd377fa281d3e,-0.25,2.857142857142857,2.857142857142857,-0.25
1c4f810483215f9fdd389473,-0.25,3.3214285714285716,3.3214285714285716,-0.25
e963a3a9c0e41d42469fd50e,1.8289473684210527,2.8571428571428568,2.8571428571428568,1.8289473684210527
02a7fcfcbbd56d5e8626e6c1,2.1710526315789473,2.0,2.0,2.1710526315789473
4c86132556a98513b92edbc4,3.25,1.7142857142857142,1.7142857142857142,3.25
6ea4deb1af053bf8d33303a8,1.9642857142857144,1.8235294117647058,1.8235294117647058,1.9642857142857144
77f39ab2e8514277912c9f01,-0.5,2.25,2.25,-0.5
7dff2884845cfe4460f92e39,1.153846153846154,3.0125,3.0125,1.153846153846154
8aa168ca92afb1b8218fa8d0,1.9642857142857144,1.1923076923076923,1.1923076923076923,1.9642857142857144
c175eb5a275bafb705794c87,1.1538461538461537,2.3333333333333335,2.3333333333333335,1.1538461538461537
8c766297aa3faa476dbeb36a,3.25,2.0,2.0,3.25
ad9bcb1ed99735db15d1654f,1.0,1.9642857142857142,1.9642857142857142,1.0
b5ee461a26285fa5f97e2d5d,1.4411764705882355,2.3636363636363638,2.3636363636363638,1.4411764705882355
5c05761ee9e325d6cbbe2165,1.3214285714285714,2.1785714285714284,2.1785714285714284,1.3214285714285714
ab93c1c7331f5725fe472f55,2.09375,2.125,2.125,2.09375
f05a718f181759e8079651fd,3.0238095238095237,1.7083333333333333,1.7083333333333333,3.0238095238095237
0b9e1539bf058036ca6bfee9,2.625,2.2375,2.2375,2.625
26a2eb32a8e503419d10fe64,2.145833333333333,2.125,2.125,2.145833333333333
8acdf85fefeefda4be314623,2.421875,1.1041666666666667,1.1041666666666667,2.421875
2c793aaeb21551b329d15161,1.3571428571428572,2.3125,2.3125,1.3571428571428572
792be189d8ab10e92d6f5fd2,2.96875,1.5,1.5,2.96875
e441dbdc63c94b6550571e5b,1.7083333333333335,2.125,2.125,1.7083333333333335
FD:2021-22:D1:20210813:M'gladbach:Bayern Munich,,,,
global-a2cc96c6d66a3e96064ae015,1.0,1.0,1.0,1.0
global-ebe738be51a81525bbafa0f1,1.710526315789474,,,1.710526315789474
FD:2021-22:D1:20210814:Augsburg:Hoffenheim,,,,
FD:2021-22:D1:20210814:Bielefeld:Freiburg,,,,
FD:2021-22:D1:20210814:Dortmund:Ein Frankfurt,,,,
FD:2021-22:D1:20210814:Stuttgart:Greuther Furth,,,,
FD:2021-22:D1:20210814:Union Berlin:Leverkusen,,,,
FD:2021-22:D1:20210814:Wolfsburg:Bochum,,,,
global-33b777b937d940835e1eb66c,1.6052631578947367,2.138157894736842,2.138157894736842,1.6052631578947367
global-18b3bf2744d2d7cf34b758a1,-0.25,3.25,3.25,-0.25
global-75873ea04b6becba4ef8f030,1.0,1.0,1.0,1.0
global-a6e5dd2ab6d75b518836aa97,-1.0,4.0,4.0,-1.0
global-bbcccf076c9421472666ccfd,1.0,1.0,1.0,1.0
global-fa8f19dc5a71f2205dd6aeaf,4.0,-1.0,-1.0,4.0
global-00df031aaf7e228141ad08b2,0.993421052631579,1.9078947368421053,1.9078947368421053,0.993421052631579
global-0adaa71a08018c1c006029ea,1.0394736842105263,0.8815789473684211,0.8815789473684211,1.0394736842105263
global-6c06fc59a56baed97c191bb9,1.506578947368421,,,1.506578947368421
global-77bc87612164ee9a428555e3,0.9934210526315789,1.5460526315789473,1.5460526315789473,0.9934210526315789
global-e09b69cf478de3a00bc1bbd5,1.0789473684210527,1.855263157894737,1.855263157894737,1.0789473684210527
global-438ed2b641daa1a5061125af,1.986842105263158,,,1.986842105263158
global-b96a1919019933c6febd3934,-0.75,3.75,3.75,-0.75
FD:2021-22:D1:20210815:FC Koln:Hertha,,,,
FD:2021-22:D1:20210815:Mainz:RB Leipzig,,,,
global-ab84b0cc6b8875fe663bef1a,1.8092105263157894,1.0789473684210527,1.0789473684210527,1.8092105263157894
global-529e16d70f8725479449f4df,-0.25,3.25,3.25,-0.25
global-20f851c82ef5672ff35516e2,2.598684210526316,1.7828947368421053,1.7828947368421053,2.598684210526316
global-aeee8a6f89aece1c1afdd00e,-0.5,3.5,3.5,-0.5
2dff95677dd1ba486a33f87c,1.8611111111111112,2.2222222222222223,2.2222222222222223,1.8611111111111112
e9d1b59bff77cc24be64fa7c,1.6538461538461537,2.9318181818181817,2.9318181818181817,1.6538461538461537
2182d87285208c1eaa57b27d,1.25,2.25,2.25,1.25
55710f9983a4d755257a0b84,2.119047619047619,2.6944444444444446,2.6944444444444446,2.119047619047619
a0eb27f173f1503c4bb12739,0.9615384615384615,2.5,2.5,0.9615384615384615
007e31715bbd00843e5592cc,2.1666666666666665,1.3333333333333333,1.3333333333333333,2.1666666666666665
1c000bd023a8a83b45a1a807,2.0833333333333335,2.611111111111111,2.611111111111111,2.0833333333333335
b65714e5338fe9dc21ab7ba1,2.5,1.605263157894737,1.605263157894737,2.5
FD:2021-22:D1:20210820:RB Leipzig:Stuttgart,4.0,-0.25,-0.25,4.0
global-08c9a3f819c4d5d137533818,2.3333333333333335,1.1666666666666667,1.1666666666666667,2.3333333333333335
FD:2021-22:D1:20210821:Bochum:Mainz,3.25,-0.25,-0.25,3.25
FD:2021-22:D1:20210821:Ein Frankfurt:Augsburg,-1.0,-0.75,-0.75,-1.0
FD:2021-22:D1:20210821:Freiburg:Dortmund,3.75,1.0,1.0,3.75
FD:2021-22:D1:20210821:Greuther Furth:Bielefeld,1.0,-1.0,-1.0,1.0
FD:2021-22:D1:20210821:Hertha:Wolfsburg,3.25,-0.5,-0.5,3.25
FD:2021-22:D1:20210821:Leverkusen:M'gladbach,1.0,1.0,1.0,1.0
global-6f484bb9857c753b0e5f76cc,0.8525641025641025,2.032051282051282,2.032051282051282,0.8525641025641025
global-44cc5c55fc3a84e29d23a81f,3.25,-0.4166666666666667,-0.4166666666666667,3.25
global-8bf3d657cee15736291aba42,-0.3333333333333333,-0.16666666666666669,-0.16666666666666669,-0.3333333333333333
global-c9f8decf67f7c19c1becc58d,1.0,-0.3333333333333333,-0.3333333333333333,1.0
global-f0e36fa3752742a401eb53e2,2.4166666666666665,1.75,1.75,2.4166666666666665
global-f238d1d0e56e92f3089e2c57,2.0,1.0,1.0,2.0
global-7362cc40a37233856a1bd222,1.596153846153846,1.5384615384615383,1.5384615384615383,1.596153846153846
global-ae7051e61d7acda1a0432431,1.0384615384615383,1.4615384615384617,1.4615384615384617,1.0384615384615383
global-d0c399954dabf419cad281d7,-0.75,2.525641025641026,2.525641025641026,-0.75
global-eeb5e13d088c2f966acfc05b,3.5,0.9487179487179487,0.9487179487179487,3.5
global-765d5cd651c98d3de0e612b9,3.25,1.0961538461538463,1.0961538461538463,3.25
global-a95b09b779139a8cd4d24275,0.3333333333333333,2.0,2.0,0.3333333333333333
FD:2021-22:D1:20210822:Bayern Munich:FC Koln,3.5,1.0,1.0,3.5
FD:2021-22:D1:20210822:Hoffenheim:Union Berlin,1.0,4.0,4.0,1.0
global-7c26b5ccef1127a940a3d5b9,2.185897435897436,0.9551282051282052,0.9551282051282052,2.185897435897436
global-a4a1945e0e077de2c48309c1,1.8205128205128207,1.0448717948717947,1.0448717948717947,1.8205128205128207
global-c81908ca8b3fabf8c5d77cca,1.0,3.0,3.0,1.0
global-4a135bdc51e4fb8ca610a8ca,2.25,1.75,1.75,2.25
global-b00963f7b0227acce31283e0,1.9551282051282053,1.6538461538461537,1.6538461538461537,1.9551282051282053
global-869aec4630a8e4117570c001,1.891025641025641,1.8525641025641026,1.8525641025641026,1.891025641025641
FD:2021-22:D1:20210827:Dortmund:Hoffenheim,2.5,1.75,1.75,2.5
global-6609a4a0eacdaec54d9aae4e,1.9500000000000002,2.05,2.05,1.9500000000000002
FD:2021-22:D1:20210828:Augsburg:Leverkusen,2.5,0.0,0.0,2.5
FD:2021-22:D1:20210828:Bayern Munich:Hertha,-0.375,2.125,2.125,-0.375
FD:2021-22:D1:20210828:Bielefeld:Ein Frankfurt,0.125,1.0,1.0,0.125
FD:2021-22:D1:20210828:FC Koln:Bochum,1.625,1.625,1.625,1.625
FD:2021-22:D1:20210828:Mainz:Greuther Furth,0.0,1.375,1.375,0.0
FD:2021-22:D1:20210828:Stuttgart:Freiburg,2.125,1.5,1.5,2.125
global-7709ff27b3e47c4ebda6d2d3,1.5999999999999999,2.56875,2.56875,1.5999999999999999
global-05381e9b775eb1bf5e8f19df,2.75,-0.15000000000000002,-0.15000000000000002,2.75
global-28acd13a667408182db2c1e4,-0.15000000000000002,1.85,1.85,-0.15000000000000002
global-2ef1d06e45da613f53c7bd3a,2.35,1.15,1.15,2.35
global-6a8e2f6a47ae0a0b26bbe904,0.3,1.0,1.0,0.3
global-6ca7cf3f2428c3481fb66818,1.25,1.95,1.95,1.25
global-1432bf8813d22df0cca73b19,0.95,1.9,1.9,0.95
global-38face8ecbea8b941afe0255,1.8250000000000002,-1.0,-1.0,1.8250000000000002
global-582b427082589f2ee8052214,2.25,1.5125,1.5125,2.25
global-aa04d50deeda5603e447f753,1.58125,1.15625,1.15625,1.58125
global-e9d288eaea80c9be8ef799e7,0.95625,1.0,1.0,0.95625
global-4bb7bfd460e5a06305fecb6f,1.99375,2.06875,2.06875,1.99375
global-5c9ce5322a7d1de4861cf3f9,-0.55,2.5500000000000003,2.5500000000000003,-0.55
FD:2021-22:D1:20210829:Union Berlin:M'gladbach,0.0,1.0,1.0,0.0
FD:2021-22:D1:20210829:Wolfsburg:RB Leipzig,1.875,3.25,3.25,1.875
global-345fc001c7ccfa9eb65789af,1.525,0.81875,0.81875,1.525
global-92a5116c410811fe35beb0de,1.375,1.85625,1.85625,1.375
global-af2609865ec992cfdb2d29a9,-0.04999999999999999,1.45,1.45,-0.04999999999999999
global-58bd254b5694282967c49bda,2.15625,1.0125,1.0125,2.15625
global-7c36965c07c6c8a639d34cbb,1.45,3.25,3.25,1.45
FD:2021-22:D1:20210911:Freiburg:FC Koln,2.1666666666666665,2.5,2.5,2.1666666666666665
FD:2021-22:D1:20210911:Greuther Furth:Wolfsburg,3.25,-0.25000000000000006,-0.25000000000000006,3.25
FD:2021-22:D1:20210911:Hoffenheim:Mainz,2.1666666666666665,1.5833333333333333,1.5833333333333333,2.1666666666666665
FD:2021-22:D1:20210911:Leverkusen:Dortmund,2.25,2.916666666666667,2.916666666666667,2.25
FD:2021-22:D1:20210911:RB Leipzig:Bayern Munich,2.8333333333333335,1.1666666666666667,1.1666666666666667,2.8333333333333335
FD:2021-22:D1:20210911:Union Berlin:Augsburg,-0.25000000000000006,1.75,1.75,-0.25000000000000006
global-65a85ee9eac1b4bb12dfcba6,1.8902439024390243,0.951219512195122,0.951219512195122,1.8902439024390243
global-1d518b1d74d932cd8f854f99,2.357142857142857,1.2857142857142856,1.2857142857142856,2.357142857142857
global-cb555ba5f51ad2ca724411f2,-0.07142857142857145,1.6428571428571428,1.6428571428571428,-0.07142857142857145
global-ccbcd69da007b992eade1373,2.0,2.2857142857142856,2.2857142857142856,2.0
global-d0d8bf86ba62c1a56beeffd4,2.392857142857143,2.4642857142857144,2.4642857142857144,2.392857142857143
global-d45b7d24ab6c085a56da0ab2,3.2857142857142856,-0.2857142857142857,-0.2857142857142857,3.2857142857142856
global-464e105c0b98ab34dc0c0cd7,1.1158536585365852,1.8333333333333335,1.8333333333333335,1.1158536585365852
global-6d233cef1a4f6ffdf9c2aa58,-0.75,1.5304878048780488,1.5304878048780488,-0.75
global-73b9ad08a7d7d70b2b80c9d4,0.9817073170731708,0.8333333333333334,0.8333333333333334,0.9817073170731708
global-8e2b79ad423a5ffdcbb17439,2.6097560975609757,1.8597560975609757,1.8597560975609757,2.6097560975609757
global-a26a17aad27954ae653b3b99,1.0,2.182926829268293,2.182926829268293,1.0
global-d7750ad7b95383d92bf7ef8c,1.8780487804878048,0.9573170731707318,0.9573170731707318,1.8780487804878048
global-38fbc11dcfa5d2cb3e6e0c67,1.5,1.9695121951219512,1.9695121951219512,1.5
global-d787fae0c40fe462620b9c94,2.964285714285714,0.8928571428571428,0.8928571428571428,2.964285714285714
FD:2021-22:D1:20210912:Bochum:Hertha,-0.6666666666666666,1.0,1.0,-0.6666666666666666
FD:2021-22:D1:20210912:Ein Frankfurt:Stuttgart,0.9166666666666666,0.41666666666666663,0.41666666666666663,0.9166666666666666
FD:2021-22:D1:20210912:M'gladbach:Bielefeld,1.0,-0.08333333333333337,-0.08333333333333337,1.0
global-5827a6b38f4af47dd5b3c2b7,0.9285714285714286,0.5,0.5,0.9285714285714286
global-8ccc734bcbe7eefee11a4286,2.0426829268292686,1.5121951219512195,1.5121951219512195,2.0426829268292686
global-eefde5cfd145651d6f503793,-0.07142857142857145,0.7857142857142857,0.7857142857142857,-0.07142857142857145
global-cf8b14298ed52692222c8bed,0.7857142857142857,0.4285714285714286,0.4285714285714286,0.7857142857142857
global-5bd6f30ddbafadbe0161cfe0,0.823170731707317,1.628048780487805,1.628048780487805,0.823170731707317
FD:2021-22:D1:20210917:Hertha:Greuther Furth,-0.3125,0.375,0.375,-0.3125
global-dfce9896265187124f22458c,-0.3055555555555556,0.6944444444444444,0.6944444444444444,-0.3055555555555556
global-2708f3e252cf93614d684c8d,1.4583333333333333,0.9583333333333335,0.9583333333333335,1.4583333333333333
FD:2021-22:D1:20210918:Augsburg:M'gladbach,0.8125,0.0625,0.0625,0.8125
FD:2021-22:D1:20210918:Bayern Munich:Bochum,0.625,3.0625,3.0625,0.625
FD:2021-22:D1:20210918:Bielefeld:Hoffenheim,1.0625,0.625,0.625,1.0625
FD:2021-22:D1:20210918:FC Koln:RB Leipzig,0.6875,1.875,1.875,0.6875
FD:2021-22:D1:20210918:Mainz:Freiburg,2.125,2.5,2.5,2.125
global-f31d1ac638b315861888e7d6,1.3125,1.0416666666666665,1.0416666666666665,1.3125
global-2c543bfbef0eecdd1afeb10a,0.36111111111111105,3.25,3.25,0.36111111111111105
global-4f42868409e32e8172a47d5b,2.0,2.3333333333333335,2.3333333333333335,2.0
global-a69925accd349b968f37c8bb,1.0555555555555556,0.6666666666666667,0.6666666666666667,1.0555555555555556
global-f5a1e35d2e3699f89feea242,0.6944444444444444,0.4166666666666667,0.4166666666666667,0.6944444444444444
global-14d460bc19c4f5efa66a0ee6,0.9583333333333335,2.625,2.625,0.9583333333333335
global-177453a53e3daeb329e7838f,0.5,-0.625,-0.625,0.5
global-7b789faa7e2a1dc7c5940e66,1.017857142857143,2.0833333333333335,2.0833333333333335,1.017857142857143
global-f592883660d5e4e89409983b,1.5714285714285714,0.7916666666666666,0.7916666666666666,1.5714285714285714
global-1a0b908ef0630e1c6c2a393b,1.6726190476190474,1.4464285714285714,1.4464285714285714,1.6726190476190474
global-d8aea9e8630b11ab34172784,0.7222222222222222,1.777777777777778,1.777777777777778,0.7222222222222222
FD:2021-22:D1:20210919:Dortmund:Union Berlin,1.5625,2.5,2.5,1.5625
FD:2021-22:D1:20210919:Stuttgart:Leverkusen,2.125,0.9375,0.9375,2.125
FD:2021-22:D1:20210919:Wolfsburg:Ein Frankfurt,0.5625,3.3125,3.3125,0.5625
global-6b6572091d1afcc10d036811,2.2202380952380953,1.8571428571428572,1.8571428571428572,2.2202380952380953
global-d6f31f2155275f80502e2c3a,1.8095238095238093,1.1666666666666667,1.1666666666666667,1.8095238095238093
global-46a93404c3653cc1ad8fe044,2.2777777777777777,0.7777777777777777,0.7777777777777777,2.2777777777777777
global-acb92d7bb53a46deae8be21a,1.3333333333333333,2.611111111111111,2.611111111111111,1.3333333333333333
global-ef58dbab9d3ee842e5228d9f,2.011904761904762,1.8273809523809523,1.8273809523809523,2.011904761904762
global-b0c9d02e5679a097466386be,0.6111111111111112,3.0555555555555554,3.0555555555555554,0.6111111111111112
ce6ea7de8f4a3e1f1d7086fd,2.8,2.967391304347826,2.967391304347826,2.8
45eec2e236669253c0c1faf6,1.6875,2.325,2.325,1.6875
a6bdf7db806f0dee0df128a6,1.3125,2.583333333333333,2.583333333333333,1.3125
29c01a976b6e8c05addb31d9,2.6999999999999997,2.3214285714285716,2.3214285714285716,2.6999999999999997
FD:2021-22:D1:20210924:Greuther Furth:Bayern Munich,3.4000000000000004,-0.3,-0.3,3.4000000000000004
global-debadc12cc908c21f05342ad,3.409090909090909,-0.3181818181818182,-0.3181818181818182,3.409090909090909
FD:2021-22:D1:20210925:Ein Frankfurt:FC Koln,1.7000000000000002,0.65,0.65,1.7000000000000002
FD:2021-22:D1:20210925:Hoffenheim:Wolfsburg,2.85,1.05,1.05,2.85
FD:2021-22:D1:20210925:Leverkusen:Mainz,2.2,2.4,2.4,2.2
FD:2021-22:D1:20210925:M'gladbach:Dortmund,2.6999999999999997,0.6000000000000001,0.6000000000000001,2.6999999999999997
FD:2021-22:D1:20210925:RB Leipzig:Hertha,0.95,0.75,0.75,0.95
FD:2021-22:D1:20210925:Union Berlin:Bielefeld,0.7000000000000001,1.15,1.15,0.7000000000000001
global-002b416209c7240afaa84069,2.5872093023255816,2.052325581395349,2.052325581395349,2.5872093023255816
global-cdc85b1e797cffdbd606e2d7,1.5,2.244186046511628,2.244186046511628,1.5
global-200fb931fc1262af40e8b337,1.9772727272727273,2.477272727272727,2.477272727272727,1.9772727272727273
global-2c5007f1b7a5934cdf335743,0.7272727272727272,1.0909090909090908,1.0909090909090908,0.7272727272727272
global-4ab272fe9fef378b3c6e97df,1.6363636363636362,0.6818181818181819,0.6818181818181819,1.6363636363636362
global-62f057375d5f714a76181a59,0.6136363636363636,1.3409090909090908,1.3409090909090908,0.6136363636363636
global-b8a7907ff00de597a4262f66,2.5454545454545454,1.2727272727272727,1.2727272727272727,2.5454545454545454
global-c469338ca04bfb7c49c8c136,0.9593023255813953,1.0999999999999999,1.0999999999999999,0.9593023255813953
global-cad98b972d7be8c05e805bbd,1.8081395348837208,1.447674418604651,1.447674418604651,1.8081395348837208
global-dbb1ad4354619f33983e60bc,0.7674418604651163,1.7616279069767442,1.7616279069767442,0.7674418604651163
global-e0d2e48d567ef93a79ac213b,-0.6,1.6162790697674418,1.6162790697674418,-0.6
global-209954f9cb3f1c35a7accec1,2.122093023255814,1.75,1.75,2.122093023255814
global-488221b861d82ceacac91996,2.4318181818181817,0.8409090909090909,0.8409090909090909,2.4318181818181817
FD:2021-22:D1:20210926:Bochum:Stuttgart,0.65,0.14999999999999997,0.14999999999999997,0.65
FD:2021-22:D1:20210926:Freiburg:Augsburg,0.7,1.9000000000000001,1.9000000000000001,0.7
global-83bf8c12683b373ec76217fa,1.005813953488372,0.9593023255813953,0.9593023255813953,1.005813953488372
global-b16bae07b25f4b893957943b,0.6818181818181819,0.22727272727272724,0.22727272727272724,0.6818181818181819
global-221337059e4ed9ab67820b2b,0.5681818181818181,2.0681818181818183,2.0681818181818183,0.5681818181818181
global-bd1e9ccccc76d392185124cb,1.7674418604651163,1.61046511627907,1.61046511627907,1.7674418604651163
global-93634fc90942c1f982b3b4d7,1.2151162790697674,0.9767441860465116,0.9767441860465116,1.2151162790697674
541c16a9d439b8cb73702f45,2.8854166666666665,2.6363636363636367,2.6363636363636367,2.8854166666666665
05dc6853489994eb556e22f8,2.431818181818182,1.5833333333333333,1.5833333333333333,2.431818181818182
c6d0dde1cb218780cd833f6f,2.6315789473684212,1.2058823529411766,1.2058823529411766,2.6315789473684212
090d88b36fadffdc528b1a2f,2.15,2.75,2.75,2.15
FD:2021-22:D1:20211001:FC Koln:Greuther Furth,-0.33333333333333337,1.5833333333333333,1.5833333333333333,-0.33333333333333337
global-e9f8e598ddf855c593885f0a,-0.34615384615384615,1.7307692307692308,1.7307692307692308,-0.34615384615384615
FD:2021-22:D1:20211002:Dortmund:Augsburg,0.45833333333333337,2.2083333333333335,2.2083333333333335,0.45833333333333337
FD:2021-22:D1:20211002:Hertha:Freiburg,2.2083333333333335,0.5416666666666667,0.5416666666666667,2.2083333333333335
FD:2021-22:D1:20211002:RB Leipzig:Bochum,0.29166666666666663,1.375,1.375,0.29166666666666663
FD:2021-22:D1:20211002:Stuttgart:Hoffenheim,1.4583333333333333,0.7083333333333334,0.7083333333333334,1.4583333333333333
FD:2021-22:D1:20211002:Wolfsburg:M'gladbach,1.0416666666666667,2.2916666666666665,2.2916666666666665,1.0416666666666667
global-20beafc5d3ae138016693878,1.6590909090909092,2.1875,2.1875,1.6590909090909092
global-394c8c9a94667c4037e9df13,1.3076923076923077,0.9230769230769231,0.9230769230769231,1.3076923076923077
global-458bc83ba0b53f3016c3781f,0.4038461538461539,2.2884615384615388,2.2884615384615388,0.4038461538461539
global-b6df955b4b979b3525244124,1.2307692307692308,2.076923076923077,2.076923076923077,1.2307692307692308
global-f05afd5158e381f73cc0e2ea,2.2884615384615388,0.48076923076923084,0.48076923076923084,2.2884615384615388
global-3badf3903479888d6c9ce8c4,1.0833333333333335,1.4090909090909092,1.4090909090909092,1.0833333333333335
global-3d9e3c027c70851266008e31,0.9318181818181818,2.0,2.0,0.9318181818181818
global-3f9ea6f2c4aafa044db74f76,-0.5833333333333334,0.7727272727272727,0.7727272727272727,-0.5833333333333334
global-65b61effcb6032faf5ebaba4,0.9602272727272727,1.0568181818181819,1.0568181818181819,0.9602272727272727
global-8873d5f750a1516b7f497d23,1.6534090909090908,1.2102272727272727,1.2102272727272727,1.6534090909090908
global-bc2bad385597fa501eee2234,0.21153846153846156,1.5576923076923077,1.5576923076923077,0.21153846153846156
FD:2021-22:D1:20211003:Bayern Munich:Ein Frankfurt,0.7083333333333334,3.4166666666666665,3.4166666666666665,0.7083333333333334
FD:2021-22:D1:20211003:Bielefeld:Leverkusen,2.5416666666666665,0.5416666666666666,0.5416666666666666,2.5416666666666665
FD:2021-22:D1:20211003:Mainz:Union Berlin,1.5,1.7916666666666667,1.7916666666666667,1.5
global-06a2819b907b7dc054feb2c6,1.625,1.8409090909090908,1.8409090909090908,1.625
global-3279a566f054eee051f48b8c,1.7443181818181819,0.9772727272727274,0.9772727272727274,1.7443181818181819
global-e62337471f0f00356d3e3174,1.5397727272727273,1.7159090909090908,1.7159090909090908,1.5397727272727273
global-9bf4ed8311d389c3f14ec902,1.6346153846153846,1.6346153846153848,1.6346153846153848,1.6346153846153846
global-97fef17ddde58cf4677042ae,0.9038461538461539,3.134615384615385,3.134615384615385,0.9038461538461539
global-bb5b22d04dab075b8dd83069,2.6022727272727275,2.096590909090909,2.096590909090909,2.6022727272727275
global-46225c56d4de0ea21cdc2e97,2.6538461538461537,0.42307692307692313,0.42307692307692313,2.6538461538461537
FD:2021-22:D1:20211015:Hoffenheim:FC Koln,1.857142857142857,1.1785714285714286,1.1785714285714286,1.857142857142857
global-266069d1aa01e6737edb5039,1.6500000000000001,1.3833333333333333,1.3833333333333333,1.6500000000000001
FD:2021-22:D1:20211016:Dortmund:Mainz,1.5,2.357142857142857,2.357142857142857,1.5
FD:2021-22:D1:20211016:Ein Frankfurt:Hertha,0.42857142857142855,1.0714285714285714,1.0714285714285714,0.42857142857142855
FD:2021-22:D1:20211016:Freiburg:RB Leipzig,1.7142857142857144,2.357142857142857,2.357142857142857,1.7142857142857144
FD:2021-22:D1:20211016:Greuther Furth:Bochum,0.14285714285714285,-0.35714285714285715,-0.35714285714285715,0.14285714285714285
FD:2021-22:D1:20211016:M'gladbach:Stuttgart,1.107142857142857,1.3928571428571428,1.3928571428571428,1.107142857142857
FD:2021-22:D1:20211016:Union Berlin:Wolfsburg,1.892857142857143,1.75,1.75,1.892857142857143
global-a3286169bf830e85ae2e7ccb,2.0722222222222224,0.8928571428571429,0.8928571428571429,2.0722222222222224
global-099408b53913cf282c4af7df,0.3499999999999999,-0.35,-0.35,0.3499999999999999
global-6626364b4dd5afa3223d029a,0.6166666666666667,0.9833333333333333,0.9833333333333333,0.6166666666666667
global-796ebc0267aa0cdcc761a5df,1.3666666666666667,2.4333333333333336,2.4333333333333336,1.3666666666666667
global-a7f9682e9b470dbfc860a306,1.6666666666666665,2.266666666666667,2.266666666666667,1.6666666666666665
global-cc843e92be9523e7eaf6c1cf,1.7333333333333334,1.8666666666666667,1.8666666666666667,1.7333333333333334
global-2d0515bbea9dd822719055dc,2.161111111111111,1.7277777777777776,1.7277777777777776,2.161111111111111
global-2d278e06cec59d04098cabcf,1.2055555555555557,-0.35714285714285715,-0.35714285714285715,1.2055555555555557
global-a188be0393ab0db00f5b00ff,0.7777777777777778,2.566666666666667,2.566666666666667,0.7777777777777778
global-be053ff43330f0a4d2df0cbb,1.1055555555555556,1.5,1.5,1.1055555555555556
global-dbcd3f9dc1773002565c99ed,1.45,0.9000000000000001,0.9000000000000001,1.45
global-07cb9ea45dde9a47f4a2342f,1.0999999999999999,1.3666666666666665,1.3666666666666665,1.0999999999999999
global-cd5c051317ba67b14a1abc24,2.033333333333333,1.857142857142857,1.857142857142857,2.033333333333333
FD:2021-22:D1:20211017:Augsburg:Bielefeld,0.3214285714285714,0.35714285714285715,0.35714285714285715,0.3214285714285714
FD:2021-22:D1:20211017:Leverkusen:Bayern Munich,2.892857142857143,2.75,2.75,2.892857142857143
global-c764678426d6a012b9e306f1,1.7944444444444445,1.6444444444444444,1.6444444444444444,1.7944444444444445
global-c2d1a976be4d420410459a69,2.966666666666667,2.5,2.5,2.966666666666667
global-88316ed91ec41814fd426b67,1.75,0.9333333333333333,0.9333333333333333,1.75
global-ba8ee681491b683a39623c65,0.36666666666666664,0.39999999999999997,0.39999999999999997,0.36666666666666664
global-0a42adcbeae291b8f767faec,0.9777777777777777,1.6388888888888888,1.6388888888888888,0.9777777777777777
FD:2021-22:D1:20211022:Mainz:Augsburg,0.4375,1.25,1.25,0.4375
global-73d919b19a9e15ad35238afe,0.36764705882352944,1.397058823529412,1.397058823529412,0.36764705882352944
global-bd6b8b5fae58d723d154ac09,1.4619565217391306,1.625,1.625,1.4619565217391306
FD:2021-22:D1:20211023:Bayern Munich:Hoffenheim,1.5625,3.03125,3.03125,1.5625
FD:2021-22:D1:20211023:Bielefeld:Dortmund,2.5,0.40625,0.40625,2.5
FD:2021-22:D1:20211023:Hertha:M'gladbach,1.34375,0.78125,0.78125,1.34375
FD:2021-22:D1:20211023:RB Leipzig:Greuther Furth,-0.34375,1.625,1.625,-0.34375
FD:2021-22:D1:20211023:Wolfsburg:Freiburg,2.1875,1.59375,1.59375,2.1875
global-af1d02f06b41def15773659a,-0.1875,2.0597826086956523,2.0597826086956523,-0.1875
global-0fad2b4cc93e8585c7586298,1.411764705882353,3.0882352941176467,3.0882352941176467,1.411764705882353
global-17c66c6196602af1333c4cde,2.5588235294117645,0.35294117647058826,0.35294117647058826,2.5588235294117645
global-8e5848fd06020f5bafc62cbd,-0.36764705882352944,1.75,1.75,-0.36764705882352944
global-a403d3047aa5814f67cccea4,2.264705882352941,1.4705882352941175,1.4705882352941175,2.264705882352941
global-0e73e97fd401330fca3d4384,0.9076086956521738,0.9782608695652173,0.9782608695652173,0.9076086956521738
global-d1c1fd5942a774ce9e134d96,0.625,1.6032608695652173,1.6032608695652173,0.625
global-e82620bcdcbbfa816c1b3bd2,1.1521739130434783,1.4130434782608696,1.4130434782608696,1.1521739130434783
global-ee00837e2b91e944d283f415,0.75,0.951086956521739,0.951086956521739,0.75
global-16ac756582d7132202cf0196,1.25,0.9264705882352942,0.9264705882352942,1.25
global-80afd8e803bb9ee4f9f8ea85,2.586956521739131,1.2010869565217392,1.2010869565217392,2.586956521739131
FD:2021-22:D1:20211024:Bochum:Ein Frankfurt,0.90625,0.53125,0.53125,0.90625
FD:2021-22:D1:20211024:FC Koln:Leverkusen,2.28125,1.46875,1.46875,2.28125
FD:2021-22:D1:20211024:Stuttgart:Union Berlin,1.96875,1.09375,1.09375,1.96875
global-851123d7ac76910106e3c55f,1.7663043478260871,1.59375,1.59375,1.7663043478260871
global-d791cbe955c9c9fd3aeab85c,1.782608695652174,1.8260869565217392,1.8260869565217392,1.782608695652174
global-ce38c99c47ab866125539a80,2.2058823529411766,1.4411764705882355,1.4411764705882355,2.2058823529411766
global-097fb676fcdd737523ae95d6,1.9117647058823528,1.0882352941176472,1.0882352941176472,1.9117647058823528
global-58b68746d852587762727200,2.119565217391304,2.1032608695652173,2.1032608695652173,2.119565217391304
global-c3351b8efce1aea7d07c7636,0.8235294117647058,0.7058823529411764,0.7058823529411764,0.8235294117647058
FD:2021-22:D1:20211029:Hoffenheim:Hertha,1.0555555555555554,1.277777777777778,1.277777777777778,1.0555555555555554
global-11d9e1691e6067112b50755f,0.9736842105263157,1.3947368421052633,1.3947368421052633,0.9736842105263157
FD:2021-22:D1:20211030:Bielefeld:Mainz,1.5277777777777777,0.3055555555555556,0.3055555555555556,1.5277777777777777
FD:2021-22:D1:20211030:Dortmund:FC Koln,1.4166666666666667,2.611111111111111,2.611111111111111,1.4166666666666667
FD:2021-22:D1:20211030:Ein Frankfurt:RB Leipzig,1.8611111111111112,0.75,0.75,1.8611111111111112
FD:2021-22:D1:20211030:Freiburg:Greuther Furth,-0.3888888888888889,2.3333333333333335,2.3333333333333335,-0.3888888888888889
FD:2021-22:D1:20211030:Leverkusen:Wolfsburg,1.3611111111111112,2.138888888888889,2.138888888888889,1.3611111111111112
FD:2021-22:D1:20211030:Union Berlin:Bayern Munich,3.1388888888888893,1.861111111111111,1.861111111111111,3.1388888888888893
global-f8236071705736480b6986a0,1.6648936170212765,1.797872340425532,1.797872340425532,1.6648936170212765
global-2f2c66515b7b7607cd19efce,3.1710526315789473,1.7236842105263157,1.7236842105263157,3.1710526315789473
global-3315abf63f2f19e45cfa878e,1.618421052631579,0.2763157894736842,0.2763157894736842,1.618421052631579
global-63ac6850c5fb88e337b1505a,1.3157894736842106,2.6578947368421053,2.6578947368421053,1.3157894736842106
global-8a380fd284b61320c9018c72,-0.39473684210526316,2.3947368421052633,2.3947368421052633,-0.39473684210526316
global-efc6356cc12057ab3c880ec4,1.473684210526316,2.0,2.0,1.473684210526316
global-3c6d6175cda47541fc919594,0.9787234042553191,2.611702127659574,2.611702127659574,0.9787234042553191
global-70923a509e76450302bc754a,2.117021276595745,0.9095744680851064,0.9095744680851064,2.117021276595745
global-94b16252e878fbb8b30271fd,1.3888888888888888,0.7553191489361701,0.7553191489361701,1.3888888888888888
global-98844b871ec82d9fdca9550b,0.952127659574468,0.9722222222222223,0.9722222222222223,0.952127659574468
global-d1a1d2ba8413524df3024058,1.1595744680851063,2.164893617021277,2.164893617021277,1.1595744680851063
global-0b6ff21961afddd2a6e8374d,2.0319148936170213,1.7393617021276595,1.7393617021276595,2.0319148936170213
global-8a0cd2c9ed2df700ceed2a0f,1.8157894736842106,0.7631578947368421,0.7631578947368421,1.8157894736842106
FD:2021-22:D1:20211031:Augsburg:Stuttgart,1.0833333333333335,0.3055555555555555,0.3055555555555555,1.0833333333333335
FD:2021-22:D1:20211031:M'gladbach:Bochum,0.8611111111111112,1.1666666666666667,1.1666666666666667,0.8611111111111112
global-8b55c3b67f545c979f5a109a,1.4042553191489362,-0.36111111111111116,-0.36111111111111116,1.4042553191489362
global-38f076b13ee39be5fb2ddb9b,0.9868421052631579,0.4868421052631579,0.4868421052631579,0.9868421052631579
global-362c0f0f7aa6b2d85f66daad,1.8563829787234043,1.4202127659574468,1.4202127659574468,1.8563829787234043
global-a5ec4b36001442c273f23e84,0.8026315789473684,1.2763157894736843,1.2763157894736843,0.8026315789473684
global-95aabf6b79d80b6271d3222d,1.553191489361702,1.148936170212766,1.148936170212766,1.553191489361702
FD:2021-22:D1:20211105:Mainz:M'gladbach,1.375,1.7000000000000002,1.7000000000000002,1.375
global-91771c53c03a7ba3dd01ef41,1.3571428571428572,1.6666666666666665,1.6666666666666665,1.3571428571428572
global-ae4e429001641eb41a9b5d4b,1.375,1.0,1.0,1.375
FD:2021-22:D1:20211106:Bayern Munich:Freiburg,2.45,3.2,3.2,2.45
FD:2021-22:D1:20211106:Bochum:Hoffenheim,1.5,0.75,0.75,1.5
FD:2021-22:D1:20211106:RB Leipzig:Dortmund,2.6999999999999997,1.775,1.775,2.6999999999999997
FD:2021-22:D1:20211106:Stuttgart:Bielefeld,0.25,0.9,0.9,0.25
FD:2021-22:D1:20211106:Wolfsburg:Augsburg,0.65,1.5750000000000002,1.5750000000000002,0.65
global-88b815229a1698d754357bf3,2.546875,2.067708333333333,2.067708333333333,2.546875
global-0d50a2a88eac8976a2d8ac44,0.3928571428571429,0.8452380952380952,0.8452380952380952,0.3928571428571429
global-50c6aa1ac95031e517e3353a,2.3214285714285716,3.2023809523809526,3.2023809523809526,2.3214285714285716
global-d5563c70fcc5ad30f26d1851,0.6071428571428571,1.6547619047619049,1.6547619047619049,0.6071428571428571
global-ffe2679edfc58521f63198d7,1.4047619047619047,0.880952380952381,0.880952380952381,1.4047619047619047
global-5ac9ccb5e42533373674c951,-0.35000000000000003,1.2,1.2,-0.35000000000000003
global-713db92ab3e19fd1d0d79f27,0.8125,2.151041666666667,2.151041666666667,0.8125
global-cbdf96218679631ca3e1775c,1.1927083333333333,1.03125,1.03125,1.1927083333333333
global-174ea04e9dc572a9fd375992,0.8749999999999999,1.15625,1.15625,0.8749999999999999
global-f7bcdcd2169816da67386031,2.5595238095238093,1.8452380952380953,1.8452380952380953,2.5595238095238093
FD:2021-22:D1:20211107:FC Koln:Union Berlin,1.6,1.225,1.225,1.6
FD:2021-22:D1:20211107:Greuther Furth:Ein Frankfurt,0.775,-0.4,-0.4,0.775
FD:2021-22:D1:20211107:Hertha:Leverkusen,1.875,0.8999999999999999,0.8999999999999999,1.875
global-1aa74b49565827e478e5ee9c,1.6875,1.515625,1.515625,1.6875
global-56a58be21703460ce6b04605,0.85,1.703125,1.703125,0.85
global-649ec0402d404f71a37d59f4,1.75,1.4427083333333333,1.4427083333333333,1.75
global-a285fcef04adfe6981496f73,1.8333333333333335,0.9047619047619048,0.9047619047619048,1.8333333333333335
global-3a292d2d716b80f970066dae,1.5714285714285714,1.2142857142857144,1.2142857142857144,1.5714285714285714
global-eda74931cb1c22dc524eb305,2.140625,1.8958333333333333,1.8958333333333333,2.140625
global-5addd137fcba2f7e944acca7,0.8928571428571429,-0.39285714285714285,-0.39285714285714285,0.8928571428571429
FD:2021-22:D1:20211119:Augsburg:Bayern Munich,3.2045454545454546,0.5681818181818182,0.5681818181818182,3.2045454545454546
global-8233eaea802a4ad46492072a,3.0543478260869565,0.6847826086956521,0.6847826086956521,3.0543478260869565
714be4848a4e4349a8d17479,2.5208333333333335,2.8125,2.8125,2.5208333333333335
FD:2021-22:D1:20211120:Bielefeld:Wolfsburg,1.7272727272727273,0.5227272727272727,0.5227272727272727,1.7272727272727273
FD:2021-22:D1:20211120:Dortmund:Stuttgart,0.7954545454545454,2.4318181818181817,2.4318181818181817,0.7954545454545454
FD:2021-22:D1:20211120:Hoffenheim:RB Leipzig,1.9090909090909092,1.3181818181818181,1.3181818181818181,1.9090909090909092
FD:2021-22:D1:20211120:Leverkusen:Bochum,1.0,1.7954545454545456,1.7954545454545456,1.0
FD:2021-22:D1:20211120:M'gladbach:Greuther Furth,-0.38636363636363635,1.3409090909090908,1.3409090909090908,-0.38636363636363635
FD:2021-22:D1:20211120:Union Berlin:Hertha,0.9090909090909092,1.5454545454545454,1.5454545454545454,0.9090909090909092
global-fa8173983c400a845f9e8d10,2.1275510204081636,1.7346938775510206,1.7346938775510206,2.1275510204081636
global-0de51ecab83e2aa580afd1dd,1.8043478260869565,1.4130434782608696,1.4130434782608696,1.8043478260869565
global-3375b3e9907a3518ece2a33b,1.6956521739130435,0.5434782608695652,0.5434782608695652,1.6956521739130435
global-852183f4d21c0b4da068ec4d,-0.41304347826086957,1.4565217391304348,1.4565217391304348,-0.41304347826086957
global-d28e73b6fec085d5096370f5,0.9456521739130435,1.858695652173913,1.858695652173913,0.9456521739130435
global-e4f281eece1e598a7692ca7c,0.75,2.467391304347826,2.467391304347826,0.75
global-3e249f0c7a1c748099152773,1.0816326530612246,0.8163265306122449,0.8163265306122449,1.0816326530612246
global-3e25979164896c5b109fc128,1.153061224489796,1.3418367346938775,1.3418367346938775,1.153061224489796
global-437eace5383a9859dfb20954,1.0681818181818181,0.8775510204081634,0.8775510204081634,1.0681818181818181
global-d4b5bf5b45bdb51c0255009d,2.0153061224489797,0.75,0.75,2.0153061224489797
global-f3e29bceb678b2b594a93f88,1.9234693877551021,1.1581632653061225,1.1581632653061225,1.9234693877551021
global-ff73a7c1520b0798b8dd18fc,1.0459183673469388,-0.022727272727272763,-0.022727272727272763,1.0459183673469388
global-ab024595a53f6cf0922b30ed,0.8478260869565217,1.6304347826086958,1.6304347826086958,0.8478260869565217
global-dabbf2d589c7cb88189bcf06,1.7346938775510206,2.0918367346938775,2.0918367346938775,1.7346938775510206
FD:2021-22:D1:20211121:Freiburg:Ein Frankfurt,0.9999999999999999,2.2045454545454546,2.2045454545454546,0.9999999999999999
FD:2021-22:D1:20211121:Mainz:FC Koln,1.2045454545454546,1.6363636363636362,1.6363636363636362,1.2045454545454546
global-5659cb41e92064d78031b738,1.5051020408163265,2.566326530612245,2.566326530612245,1.5051020408163265
global-6e646e665cc822d69584c48d,1.108695652173913,2.0869565217391304,2.0869565217391304,1.108695652173913
global-2e79ab3b333d1d8c829ec025,1.1956521739130435,1.608695652173913,1.608695652173913,1.1956521739130435
global-327128245a6b6d967ad8d18b,1.433673469387755,1.6734693877551021,1.6734693877551021,1.433673469387755
FD:2021-22:D1:20211126:Stuttgart:Mainz,1.5833333333333333,0.7083333333333334,0.7083333333333334,1.5833333333333333
global-b893e6d6de245846b2e3dcec,1.51,0.81,0.81,1.51
FD:2021-22:D1:20211127:Bayern Munich:Bielefeld,0.5625,2.916666666666667,2.916666666666667,0.5625
FD:2021-22:D1:20211127:Bochum:Freiburg,1.9791666666666665,0.8958333333333333,0.8958333333333333,1.9791666666666665
FD:2021-22:D1:20211127:FC Koln:M'gladbach,1.5625,1.1875,1.1875,1.5625
FD:2021-22:D1:20211127:Greuther Furth:Hoffenheim,1.5,-0.43750000000000006,-0.43750000000000006,1.5
FD:2021-22:D1:20211127:Hertha:Augsburg,0.7916666666666666,0.7916666666666665,0.7916666666666665,0.7916666666666666
FD:2021-22:D1:20211127:Wolfsburg:Dortmund,2.5,1.6666666666666667,1.6666666666666667,2.5
global-92850f7bfa82b2fe85516ebe,0.88,1.6800000000000002,1.6800000000000002,0.88
global-5385e2ee6e752a96498926ad,1.47,1.29,1.29,1.47
global-7ea0f06ef8ca39f4b8f134e7,1.59,-0.45,-0.45,1.59
global-b0a46738a6aa78d9f1f6cd20,0.8,0.8,0.8,0.8
global-cdd6a2f4bd1961d234a14547,1.8900000000000001,0.9899999999999999,0.9899999999999999,1.8900000000000001
global-ec522227e1bd8d3c21aa8938,2.54,1.58,1.58,2.54
global-58c9a17057b3e5894ed3e395,1.02,2.13,2.13,1.02
global-c6900714e666eebbb94cbd75,1.385,1.08,1.08,1.385
global-d5a108680d7793beb0648ae9,1.2,0.24999999999999994,0.24999999999999994,1.2
global-948b35a450c7170f6de668c4,1.4,1.1199999999999999,1.1199999999999999,1.4
global-ff1060e65686f40a2e21c418,0.53,2.9299999999999997,2.9299999999999997,0.53
FD:2021-22:D1:20211128:Ein Frankfurt:Union Berlin,1.7083333333333335,1.2083333333333333,1.2083333333333333,1.7083333333333335
FD:2021-22:D1:20211128:RB Leipzig:Leverkusen,1.9166666666666667,1.7083333333333333,1.7083333333333333,1.9166666666666667
global-88e67e06348354c18416f7dc,1.46,1.0625,1.0625,1.46
global-b510af06c0f74d8d5f742711,0.9999999999999999,1.685,1.685,0.9999999999999999
global-dd542445e1f2bf876db3043e,1.88,2.5900000000000003,2.5900000000000003,1.88
global-b5adcbe53ec5b807cac33606,1.6300000000000001,1.29,1.29,1.6300000000000001
global-98d6cb71a5b3ee7d66031f8d,1.96,2.16,2.16,1.96
global-baeb391ebce8b8de9a2a33a2,1.98,1.6199999999999999,1.6199999999999999,1.98
global-115d8d39fc83b780c3ff9659,0.30769230769230765,0.8529411764705882,0.8529411764705882,0.30769230769230765
global-1d78b44c72b5ac94856d8202,1.053921568627451,1.392156862745098,1.392156862745098,1.053921568627451
global-054ba8e26378f2029723ba84,0.82,1.196078431372549,1.196078431372549,0.82
global-29501995abadaa37d98e5b62,1.1176470588235294,1.8382352941176472,1.8382352941176472,1.1176470588235294
global-2e76787f9012480a632bde80,2.1372549019607843,0.8846153846153846,0.8846153846153846,2.1372549019607843
global-c20d18748361c0e8a8dca91c,1.7205882352941175,0.9803921568627452,0.9803921568627452,1.7205882352941175
global-17f57e677107201d8aa0e780,2.1666666666666665,1.4264705882352942,1.4264705882352942,2.1666666666666665
global-cf21e95d867cf87575953ab9,2.6029411764705883,1.4215686274509802,1.4215686274509802,2.6029411764705883
global-bb264aa7d006151b9945079c,1.2307692307692308,1.705,1.705,1.2307692307692308
global-75c548bd22f243cb49bae262,1.7156862745098038,1.9411764705882353,1.9411764705882353,1.7156862745098038
FD:2021-22:D1:20211203:Union Berlin:RB Leipzig,1.5384615384615383,1.5576923076923077,1.5576923076923077,1.5384615384615383
global-b3504948f61729329ba0f960,1.472222222222222,1.6203703703703702,1.6203703703703702,1.472222222222222
FD:2021-22:D1:20211204:Augsburg:Bochum,1.076923076923077,0.8076923076923077,0.8076923076923077,1.076923076923077
FD:2021-22:D1:20211204:Bielefeld:FC Koln,1.3846153846153846,0.5,0.5,1.3846153846153846
FD:2021-22:D1:20211204:Dortmund:Bayern Munich,2.9423076923076925,2.5769230769230766,2.5769230769230766,2.9423076923076925
FD:2021-22:D1:20211204:Hoffenheim:Ein Frankfurt,1.3653846153846154,1.6730769230769231,1.6730769230769231,1.3653846153846154
FD:2021-22:D1:20211204:Leverkusen:Greuther Furth,-0.4615384615384615,2.0384615384615388,2.0384615384615388,-0.4615384615384615
FD:2021-22:D1:20211204:Mainz:Wolfsburg,1.5,1.4423076923076923,1.4423076923076923,1.5
global-89ada02a0c2d3474acacebe3,2.1586538461538463,1.8221153846153846,1.8221153846153846,2.1586538461538463
global-0cdbd033d18300cb77c09448,1.3703703703703705,0.5185185185185186,0.5185185185185186,1.3703703703703705
global-217132c9b9ed256b142d5300,-0.5,2.1296296296296298,2.1296296296296298,-0.5
global-73f22bdfb78d7163e38c7d1e,1.1574074074074074,0.7685185185185185,0.7685185185185185,1.1574074074074074
global-988da0cdd505599bc9bfaf6b,1.3055555555555556,1.7314814814814814,1.7314814814814814,1.3055555555555556
global-d0a514234f3dcf75f56e193a,1.4166666666666665,1.5277777777777777,1.5277777777777777,1.4166666666666665
global-3951fd213673b08397a4c773,0.8235294117647058,0.8557692307692308,0.8557692307692308,0.8235294117647058
global-a8dae4e29cc9e7b94dc243dd,2.1971153846153846,1.1923076923076923,1.1923076923076923,2.1971153846153846
global-dbd9f2c9d43711ca9b32fc71,1.1153846153846152,0.9807692307692308,0.9807692307692308,1.1153846153846152
global-38c8463732c863a2629feeb6,2.6153846153846154,0.8035714285714286,0.8035714285714286,2.6153846153846154
global-e9ea12370ec27255002e25b9,2.9537037037037037,2.4722222222222223,2.4722222222222223,2.9537037037037037
FD:2021-22:D1:20211205:M'gladbach:Freiburg,1.8076923076923077,1.3846153846153846,1.3846153846153846,1.8076923076923077
FD:2021-22:D1:20211205:Stuttgart:Hertha,0.8076923076923077,0.9038461538461539,0.9038461538461539,0.8076923076923077
global-1d80ca237d5fadd49b87c2e4,1.107142857142857,1.4278846153846154,1.4278846153846154,1.107142857142857
global-646f48815b3ce0a0d9e2fe60,1.0288461538461537,1.9663461538461537,1.9663461538461537,1.0288461538461537
global-fc65a87c084ad30030686581,0.35714285714285715,1.7401960784313726,1.7401960784313726,0.35714285714285715
global-5c0c5bacaa101b7bac582a79,0.8148148148148149,0.9074074074074074,0.9074074074074074,0.8148148148148149
global-0d6ede9572eb0bf935aafbf4,1.7067307692307692,1.3894230769230769,1.3894230769230769,1.7067307692307692
global-c9bfbdd063c8b9e2ecda21fe,1.9074074074074074,1.2777777777777777,1.2777777777777777,1.9074074074074074
global-e3739f021802007f46c6659a,1.6778846153846154,1.3846153846153846,1.3846153846153846,1.6778846153846154
FD:2021-22:D1:20211210:FC Koln:Augsburg,0.7321428571428572,1.3571428571428572,1.3571428571428572,0.7321428571428572
global-9b461874ccafa035d200c4a1,0.8275862068965517,1.293103448275862,1.293103448275862,0.8275862068965517
global-203d2b906f44d0a2c47ee65a,0.7166666666666667,1.0999999999999999,1.0999999999999999,0.7166666666666667
FD:2021-22:D1:20211211:Bayern Munich:Mainz,1.6071428571428572,2.964285714285714,2.964285714285714,1.6071428571428572
FD:2021-22:D1:20211211:Bochum:Dortmund,2.375,1.2321428571428572,1.2321428571428572,2.375
FD:2021-22:D1:20211211:Freiburg:Hoffenheim,1.7857142857142856,2.0,2.0,1.7857142857142856
FD:2021-22:D1:20211211:Hertha:Bielefeld,0.5357142857142857,0.8214285714285714,0.8214285714285714,0.5357142857142857
FD:2021-22:D1:20211211:RB Leipzig:M'gladbach,1.1785714285714286,1.4107142857142858,1.4107142857142858,1.1785714285714286
FD:2021-22:D1:20211211:Wolfsburg:Stuttgart,0.9107142857142857,1.3392857142857144,1.3392857142857144,0.9107142857142857
global-6fac53462c3375f6a26515db,1.1650943396226414,2.6320754716981134,2.6320754716981134,1.1650943396226414
global-34afd6e1d1d103f1fd5eb186,0.5,0.9137931034482759,0.9137931034482759,0.5
global-573d5619900e9a406c84160c,1.543103448275862,2.9741379310344827,2.9741379310344827,1.543103448275862
global-5dcf4cf1b1d04cd4e39a0e39,2.3275862068965516,1.2241379310344829,1.2241379310344829,2.3275862068965516
global-79413a661d61a7ce2f126ab7,1.8362068965517242,1.9224137931034482,1.9224137931034482,1.8362068965517242
global-968a771193f0d58e137956e4,1.1120689655172413,1.4913793103448276,1.4913793103448276,1.1120689655172413
global-12625d297556dd8c7a6c1ec3,1.4245283018867925,2.2169811320754715,2.2169811320754715,1.4245283018867925
global-56e4b047586ff7fe1504c82b,1.419811320754717,2.1132075471698113,2.1132075471698113,1.419811320754717
global-6c6584f8f75b56964f16ca0c,0.9811320754716981,1.6415094339622642,1.6415094339622642,0.9811320754716981
global-39c0b8b9917262c25ec45efd,1.9905660377358492,0.28333333333333327,0.28333333333333327,1.9905660377358492
global-494775139bdaa5846f78a6f3,0.9999999999999999,1.2758620689655173,1.2758620689655173,0.9999999999999999
FD:2021-22:D1:20211212:Ein Frankfurt:Leverkusen,2.2142857142857144,1.25,1.25,2.2142857142857144
FD:2021-22:D1:20211212:Greuther Furth:Union Berlin,1.6785714285714286,-0.5357142857142857,-0.5357142857142857,1.6785714285714286
global-74be5b79a1883eabe155f2f9,0.9009433962264151,1.6698113207547172,1.6698113207547172,0.9009433962264151
global-b7e72bff9c524812bc784e34,1.849056603773585,0.8028846153846154,0.8028846153846154,1.849056603773585
global-362f28dfa1057eb8603e3677,1.6120689655172415,-0.4051724137931034,-0.4051724137931034,1.6120689655172415
global-414982d9126c3c19991015aa,2.112068965517241,1.3362068965517242,1.3362068965517242,2.112068965517241
global-afc4c9c160f0d218f0dc2ac6,1.419811320754717,1.0047169811320755,1.0047169811320755,1.419811320754717
FD:2021-22:D1:20211214:Bielefeld:Bochum,1.2166666666666666,0.4666666666666666,0.4666666666666666,1.2166666666666666
FD:2021-22:D1:20211214:Mainz:Hertha,1.0,1.4833333333333332,1.4833333333333332,1.0
FD:2021-22:D1:20211214:Stuttgart:Bayern Munich,2.9833333333333334,1.0833333333333333,1.0833333333333333,2.9833333333333334
FD:2021-22:D1:20211214:Wolfsburg:FC Koln,1.2333333333333332,1.2166666666666666,1.2166666666666666,1.2333333333333332
global-8dcf5cf0d90d222e3ea7119a,3.024193548387097,1.0080645161290323,1.0080645161290323,3.024193548387097
global-0e0e017f94148ddaca156637,0.935483870967742,1.564516129032258,1.564516129032258,0.935483870967742
global-312552f27ec3ad768b61e3f2,1.2983870967741935,1.1693548387096775,1.1693548387096775,1.2983870967741935
global-fe207c89a7beb646a85fa270,1.161290322580645,0.564516129032258,0.564516129032258,1.161290322580645
global-091f1cb33de97c0b46eabf49,1.3935185185185186,0.25,0.25,1.3935185185185186
global-1a02be7d48be61ae2b147278,1.3888888888888888,2.6435185185185186,2.6435185185185186,1.3888888888888888
FD:2021-22:D1:20211215:Augsburg:RB Leipzig,1.5666666666666667,0.9166666666666666,0.9166666666666666,1.5666666666666667
FD:2021-22:D1:20211215:Dortmund:Greuther Furth,-0.2833333333333334,2.2833333333333337,2.2833333333333337,-0.2833333333333334
FD:2021-22:D1:20211215:Leverkusen:Hoffenheim,1.8833333333333333,2.0166666666666666,2.0166666666666666,1.8833333333333333
FD:2021-22:D1:20211215:M'gladbach:Ein Frankfurt,1.4166666666666665,1.05,1.05,1.4166666666666665
FD:2021-22:D1:20211215:Union Berlin:Freiburg,1.85,1.55,1.55,1.85
global-792480a50956d7c8b7ad5553,1.4758064516129032,1.0080645161290323,1.0080645161290323,1.4758064516129032
global-080c96ebc179c3fe5e038b6e,-0.2983870967741935,2.3306451612903225,2.3306451612903225,-0.2983870967741935
global-12c35315ac074ce10647fd3d,1.5483870967741937,0.9193548387096774,0.9193548387096774,1.5483870967741937
global-33e5978eff3fd113b688f730,1.8548387096774195,1.9838709677419355,1.9838709677419355,1.8548387096774195
global-83d1c417b3eb97614fe801aa,1.138888888888889,1.1132075471698113,1.1132075471698113,1.138888888888889
global-983024367be27f8f3eb5cf47,1.8225806451612905,1.532258064516129,1.532258064516129,1.8225806451612905
global-f13f7e7953bcc79dbe899a10,0.9490740740740741,1.050925925925926,1.050925925925926,0.9490740740740741
global-753aa34c139795a9d6b5d3bd,1.8333333333333335,1.6805555555555556,1.6805555555555556,1.8333333333333335
global-df8729fd9ee208e9ee6c15d3,1.384259259259259,2.1342592592592595,2.1342592592592595,1.384259259259259
global-2589885c7bbc8a00402ed893,0.8657407407407408,2.236111111111111,2.236111111111111,0.8657407407407408
FD:2021-22:D1:20211217:Bayern Munich:Wolfsburg,1.125,3.0625,3.0625,1.125
global-8a742b081d5758a8054db767,1.0606060606060606,3.090909090909091,3.090909090909091,1.0606060606060606
FD:2021-22:D1:20211218:Bochum:Union Berlin,1.515625,1.109375,1.109375,1.515625
FD:2021-22:D1:20211218:Ein Frankfurt:Mainz,1.640625,1.53125,1.53125,1.640625
FD:2021-22:D1:20211218:Greuther Furth:Augsburg,0.921875,-0.3125,-0.3125,0.921875
FD:2021-22:D1:20211218:Hertha:Dortmund,2.375,0.875,0.875,2.375
FD:2021-22:D1:20211218:Hoffenheim:M'gladbach,0.96875,1.828125,1.828125,0.96875
FD:2021-22:D1:20211218:RB Leipzig:Bielefeld,0.65625,1.53125,1.53125,0.65625
global-33f8e9cf89ab99f807d765a6,1.5833333333333335,1.5833333333333333,1.5833333333333333,1.5833333333333335
global-434f9dee35d95f47b95d057b,0.7424242424242424,1.4696969696969697,1.4696969696969697,0.7424242424242424
global-59be7153b580e6467acf2f34,1.5681818181818181,1.0681818181818181,1.0681818181818181,1.5681818181818181
global-b2f569c7b099ba38d49358eb,0.9242424242424242,-0.2727272727272727,-0.2727272727272727,0.9242424242424242
global-f7badf0372055485a45fc110,0.9696969696969696,1.8030303030303032,1.8030303030303032,0.9696969696969696
global-1279bc3a9cbe436b94515a05,2.2954545454545454,0.946969696969697,0.946969696969697,2.2954545454545454
global-8a9c942dc2b304b62b55b8b8,1.7136363636363638,1.3318181818181818,1.3318181818181818,1.7136363636363638
FD:2021-22:D1:20211219:FC Koln:Stuttgart,0.9375,1.359375,1.359375,0.9375
FD:2021-22:D1:20211219:Freiburg:Leverkusen,1.953125,1.796875,1.796875,1.953125
global-965a75b515c5082c0966a2fa,2.6818181818181817,0.8409090909090909,0.8409090909090909,2.6818181818181817
global-c0bfcad239e53c614084a0a3,2.1136363636363638,1.1772727272727272,1.1772727272727272,2.1136363636363638
global-c1cc45491a11661c0ee43086,1.8863636363636365,1.840909090909091,1.840909090909091,1.8863636363636365
global-b468d5765f277c10295cbcec,2.2590909090909093,1.778846153846154,1.778846153846154,2.2590909090909093
global-ec4cadb93c94b73551aacf56,0.9015151515151515,1.4166666666666667,1.4166666666666667,0.9015151515151515
global-653f31150371f331f840f98a,1.05,1.7641509433962266,1.7641509433962266,1.05
global-b6b795c9aaa370dfec805bcc,0.95,1.790909090909091,1.790909090909091,0.95
global-e6070b299fe1281ca0df0285,1.75,0.20588235294117652,0.20588235294117652,1.75
global-ef0c938655b26e977dd3ac9c,1.7129629629629628,2.7053571428571432,2.7053571428571432,1.7129629629629628
global-4e66f6b6ec4640479ce89472,2.09375,1.4318181818181817,1.4318181818181817,2.09375
global-845773aafbc3562cb18eaf48,1.234375,1.0879629629629628,1.0879629629629628,1.234375
global-39d7be5e2837b028daea4f53,2.013888888888889,0.8080357142857142,0.8080357142857142,2.013888888888889
global-9d5dd14b4bb81be16ed57f14,1.8009259259259258,0.9910714285714286,0.9910714285714286,1.8009259259259258
global-d80e07cfbfbada9d7975b036,1.7544642857142858,0.65625,0.65625,1.7544642857142858
global-fd1402abcd1c972087e26072,0.125,1.0178571428571428,1.0178571428571428,0.125
global-341b933d4ecd16fc7fd82e6f,2.236607142857143,1.6681818181818182,1.6681818181818182,2.236607142857143
global-2e2a6ecc632ed648a884cace,1.1318181818181818,2.1184210526315788,2.1184210526315788,1.1318181818181818
global-7da44c0128d77bbcfd20f127,2.723684210526316,1.1323529411764706,1.1323529411764706,2.723684210526316
global-23e85acd23f3d23ebf31ce83,0.8066037735849056,1.9954545454545454,1.9954545454545454,0.8066037735849056
global-4dd1f6540457fe119921b4ee,2.732758620689655,1.793859649122807,1.793859649122807,2.732758620689655
global-a9d3c1d1c5f1b834b81c0d69,1.7863636363636362,0.5735294117647058,0.5735294117647058,1.7863636363636362
global-f5c9cce781684257a95e3820,1.789473684210526,1.0657894736842106,1.0657894736842106,1.789473684210526
global-0a77246fa867454c548cf212,1.3973214285714286,1.0555555555555556,1.0555555555555556,1.3973214285714286
global-45a61ad12b534cc6133a4732,1.1294642857142858,1.3772727272727272,1.3772727272727272,1.1294642857142858
global-49dfd7874b689f5de7376ce1,0.7824074074074074,1.294642857142857,1.294642857142857,0.7824074074074074
global-1578d8c2ff213478c54023c4,2.192982456140351,2.0991379310344827,2.0991379310344827,2.192982456140351
global-d3dbf0357066609140b1a370,1.1741071428571428,2.0223214285714284,2.0223214285714284,1.1741071428571428
FD:2021-22:D1:20220107:Bayern Munich:M'gladbach,0.9705882352941176,3.1176470588235294,3.1176470588235294,0.9705882352941176
global-da1f7c0f828159540450ebdd,1.0357142857142858,3.0214285714285714,3.0214285714285714,1.0357142857142858
FD:2021-22:D1:20220108:Ein Frankfurt:Dortmund,2.2205882352941178,1.6323529411764706,1.6323529411764706,2.2205882352941178
FD:2021-22:D1:20220108:Freiburg:Bielefeld,0.8235294117647058,1.8823529411764706,1.8823529411764706,0.8235294117647058
FD:2021-22:D1:20220108:Greuther Furth:Stuttgart,0.8676470588235294,-0.23529411764705882,-0.23529411764705882,0.8676470588235294
FD:2021-22:D1:20220108:Hoffenheim:Augsburg,0.9264705882352942,1.7794117647058822,1.7794117647058822,0.9264705882352942
FD:2021-22:D1:20220108:Leverkusen:Union Berlin,1.6176470588235292,1.8235294117647058,1.8235294117647058,1.6176470588235292
FD:2021-22:D1:20220108:RB Leipzig:Mainz,1.5294117647058825,1.411764705882353,1.411764705882353,1.5294117647058825
global-58b8f7820c359a68538520cc,0.8857142857142857,1.8285714285714285,1.8285714285714285,0.8857142857142857
global-9f715f73c2703650f28507e0,1.4642857142857144,1.4785714285714284,1.4785714285714284,1.4642857142857144
global-a0a59d25e9d00429d6c644e4,0.8285714285714285,1.8571428571428572,1.8571428571428572,0.8285714285714285
global-e2b418da6b0913f8e92ccbed,1.5999999999999999,1.8,1.8,1.5999999999999999
global-f272625d722f8780c4747ca9,0.8714285714285714,-0.19999999999999996,-0.19999999999999996,0.8714285714285714
global-10658b7ac64c8832beb9b343,2.25,1.5785714285714287,1.5785714285714287,2.25
FD:2021-22:D1:20220109:Bochum:Wolfsburg,1.0,1.0294117647058825,1.0294117647058825,1.0
FD:2021-22:D1:20220109:Hertha:FC Koln,1.4705882352941178,1.0147058823529411,1.0147058823529411,1.4705882352941178
global-9b737eefd6441de80374d59a,1.5285714285714285,0.9714285714285714,0.9714285714285714,1.5285714285714285
global-4309030b4972f8160f107414,0.9642857142857142,1.092857142857143,1.092857142857143,0.9642857142857142
global-9e1fc0ec65c836f77f410926,1.1710526315789473,0.9912280701754386,0.9912280701754386,1.1710526315789473
global-b0f8a207fb0001b724f6071a,0.0789473684210526,1.8146551724137931,1.8146551724137931,0.0789473684210526
FD:2021-22:D1:20220114:Dortmund:Freiburg,1.8333333333333335,2.2777777777777777,2.2777777777777777,1.8333333333333335
global-8b446f5fdfc6a2e92a1e439f,1.7567567567567568,2.3243243243243246,2.3243243243243246,1.7567567567567568
global-a045530c4904e84c50b2acd8,1.043103448275862,1.1666666666666665,1.1666666666666665,1.043103448275862
FD:2021-22:D1:20220115:FC Koln:Bayern Munich,2.9305555555555554,1.5833333333333333,1.5833333333333333,2.9305555555555554
FD:2021-22:D1:20220115:M'gladbach:Leverkusen,1.777777777777778,1.0972222222222223,1.0972222222222223,1.777777777777778
FD:2021-22:D1:20220115:Mainz:Bochum,1.1527777777777777,1.4027777777777777,1.4027777777777777,1.1527777777777777
FD:2021-22:D1:20220115:Stuttgart:RB Leipzig,1.5416666666666665,0.875,0.875,1.5416666666666665
FD:2021-22:D1:20220115:Union Berlin:Hoffenheim,1.875,1.5833333333333333,1.5833333333333333,1.875
FD:2021-22:D1:20220115:Wolfsburg:Hertha,0.9305555555555556,0.9305555555555556,0.9305555555555556,0.9305555555555556
global-5c9f90437a610c1ab83a5723,2.080508474576271,2.7415254237288136,2.7415254237288136,2.080508474576271
global-15bda75990acde7b6af3228c,1.8175675675675675,1.6283783783783783,1.6283783783783783,1.8175675675675675
global-501b8f51a82e61f895114153,0.9324324324324323,0.9324324324324325,0.9324324324324325,0.9324324324324323
global-60bb71974e620435c7c7df98,1.114864864864865,1.4527027027027026,1.4527027027027026,1.114864864864865
global-93792583d9c6ec1a1b9975a6,1.5945945945945947,0.8378378378378379,0.8378378378378379,1.5945945945945947
global-ff4a2da196aef8d5a2309966,2.959459459459459,1.5135135135135136,1.5135135135135136,2.959459459459459
global-26aca9e9078d9a5501346e0d,1.0387931034482758,1.2105263157894737,1.2105263157894737,1.0387931034482758
global-5a555721b224090d4b8cc2f1,0.5277777777777778,0.8114035087719298,0.8114035087719298,0.5277777777777778
global-a3ef27791a96abc011e88bbb,1.3482142857142856,0.04999999999999999,0.04999999999999999,1.3482142857142856
global-533e722d058030d0eccd00bd,1.9824561403508771,1.368421052631579,1.368421052631579,1.9824561403508771
global-642fa19cc72d4e6f3d3aec8f,1.8175675675675675,1.060810810810811,1.060810810810811,1.8175675675675675
FD:2021-22:D1:20220116:Augsburg:Ein Frankfurt,1.5277777777777777,0.8472222222222222,0.8472222222222222,1.5277777777777777
FD:2021-22:D1:20220116:Bielefeld:Greuther Furth,-0.16666666666666669,0.8333333333333333,0.8333333333333333,-0.16666666666666669
global-96a573090c3975892c15e7c4,1.3333333333333335,1.8432203389830508,1.8432203389830508,1.3333333333333335
global-cf3eff0e387cf78679ba46c1,1.075,2.1724137931034484,2.1724137931034484,1.075
global-df5a266edabc210bc9610fa4,1.5135135135135134,0.8513513513513513,0.8513513513513513,1.5135135135135134
global-798ee90ea88305cd30638834,-0.13513513513513514,0.8378378378378378,0.8378378378378378,-0.13513513513513514
global-44fa9f23044b5c4f20119538,2.0416666666666665,1.1637931034482758,1.1637931034482758,2.0416666666666665
global-71fde1c8e1f369d47e977be4,1.8125,1.6964285714285714,1.6964285714285714,1.8125
global-814f71fef4a8fdcdef9f2026,1.9655172413793105,0.9880952380952382,0.9880952380952382,1.9655172413793105
FD:2021-22:D1:20220121:Ein Frankfurt:Bielefeld,0.8421052631578947,1.5,1.5,0.8421052631578947
global-56b3f9f385cb4709566bca08,0.9102564102564102,1.4487179487179487,1.4487179487179487,0.9102564102564102
global-c12b514f411f9f4cde061c9e,0.20238095238095238,0.5526315789473684,0.5526315789473684,0.20238095238095238
FD:2021-22:D1:20220122:Bochum:FC Koln,1.4473684210526314,1.0789473684210527,1.0789473684210527,1.4473684210526314
FD:2021-22:D1:20220122:Freiburg:Stuttgart,0.8026315789473684,1.6842105263157894,1.6842105263157894,0.8026315789473684
FD:2021-22:D1:20220122:Greuther Furth:Mainz,1.5,-0.10526315789473684,-0.10526315789473684,1.5
FD:2021-22:D1:20220122:Hoffenheim:Dortmund,2.3684210526315788,1.763157894736842,1.763157894736842,2.3684210526315788
FD:2021-22:D1:20220122:Leverkusen:Augsburg,0.8552631578947368,1.8552631578947367,1.8552631578947367,0.8552631578947368
FD:2021-22:D1:20220122:M'gladbach:Union Berlin,1.6710526315789473,1.0263157894736843,1.0263157894736843,1.6710526315789473
global-c878b1f5bd94dbf87a74a775,1.3620689655172413,1.3201754385964912,1.3201754385964912,1.3620689655172413
global-295d07c95e83e640d4dd2467,1.455128205128205,-0.019230769230769218,-0.019230769230769218,1.455128205128205
global-89ce7aa98267ddfd32f81ca5,2.391025641025641,1.7115384615384615,1.7115384615384615,2.391025641025641
global-904ddc5943c2d29a5545910d,0.8076923076923077,1.9102564102564101,1.9102564102564101,0.8076923076923077
global-9aff0677005d86d11666917f,0.7692307692307693,1.7307692307692308,1.7307692307692308,0.7692307692307693
global-f3395338ab0494940accfb0d,1.7115384615384617,0.9935897435897436,0.9935897435897436,1.7115384615384617
global-224b96e76d756883839f4aaa,1.8083333333333333,1.9915254237288136,1.9915254237288136,1.8083333333333333
global-801737dbb47d28bc1f1c18ba,1.25,0.9204545454545454,0.9204545454545454,1.25
global-d5b0d671046985374a76b52e,0.814655172413793,1.3663793103448276,1.3663793103448276,0.814655172413793
global-287930ccb6f22225c0335248,2.75,1.0127118644067798,1.0127118644067798,2.75
global-88231288dfbb2784244bbdab,1.435897435897436,1.0769230769230769,1.0769230769230769,1.435897435897436
FD:2021-22:D1:20220123:Hertha:Bayern Munich,2.986842105263158,0.9342105263157895,0.9342105263157895,2.986842105263158
FD:2021-22:D1:20220123:RB Leipzig:Wolfsburg,0.9342105263157896,1.644736842105263,1.644736842105263,0.9342105263157896
global-31f7e300f949962104c0c0d6,2.1991525423728815,1.0423728813559323,1.0423728813559323,2.1991525423728815
global-6508390352242385a70a6259,1.1610169491525424,1.6622807017543861,1.6622807017543861,1.1610169491525424
global-de5ced0fc501b0bd22b418d5,0.759090909090909,1.7586206896551724,1.7586206896551724,0.759090909090909
global-7b9a40130be475c57b8dbbc0,0.8974358974358974,1.6923076923076923,1.6923076923076923,0.8974358974358974
global-94e17117ccc4c728f80229da,3.0064102564102564,0.891025641025641,0.891025641025641,3.0064102564102564
global-acbc193a10a043ed4ced4c5d,1.837719298245614,2.0245901639344264,2.0245901639344264,1.837719298245614
FD:2021-22:D1:20220204:Hertha:Bochum,1.075,0.8500000000000001,0.8500000000000001,1.075
global-d161614f47ec2c119966f345,1.0731707317073171,0.853658536585366,0.853658536585366,1.0731707317073171
FD:2021-22:D1:20220205:Augsburg:Union Berlin,1.75,0.7625,0.7625,1.75
FD:2021-22:D1:20220205:Bayern Munich:RB Leipzig,1.7375,3.0250000000000004,3.0250000000000004,1.7375
FD:2021-22:D1:20220205:Bielefeld:M'gladbach,0.9625000000000001,0.9750000000000001,0.9750000000000001,0.9625000000000001
FD:2021-22:D1:20220205:FC Koln:Freiburg,1.775,1.425,1.425,1.775
FD:2021-22:D1:20220205:Mainz:Hoffenheim,1.6625,1.4125,1.4125,1.6625
FD:2021-22:D1:20220205:Stuttgart:Ein Frankfurt,1.4,0.7375,0.7375,1.4
global-666962545aafcaca07f80073,1.6097560975609757,1.4634146341463414,1.4634146341463414,1.6097560975609757
global-787a1318c6e747cdc136c078,1.4451219512195121,0.7134146341463414,0.7134146341463414,1.4451219512195121
global-86caeef21f61b393f5bf5bf0,1.7256097560975612,1.4695121951219512,1.4695121951219512,1.7256097560975612
global-da10da11c71edaae5976551b,1.6951219512195121,0.8292682926829268,0.8292682926829268,1.6951219512195121
global-e27207362217e5c541b32b5e,0.9634146341463415,0.9756097560975611,0.9756097560975611,0.9634146341463415
global-f1bae434895bf4f1cfa15bbc,1.6890243902439024,3.0304878048780486,3.0304878048780486,1.6890243902439024
global-2e8137876aaa44b6730003f6,0.48749999999999993,0.7633928571428571,0.7633928571428571,0.48749999999999993
FD:2021-22:D1:20220206:Dortmund:Leverkusen,1.9625,2.4125,2.4125,1.9625
FD:2021-22:D1:20220206:Wolfsburg:Greuther Furth,0.0625,0.8625,0.8625,0.0625
global-2d63453c3a72b889a99b2068,2.00609756097561,2.3353658536585367,2.3353658536585367,2.00609756097561
global-efa3eb70241ac144170ea700,0.042682926829268275,0.9329268292682927,0.9329268292682927,0.042682926829268275
global-11a90d9fa3879f44abe022db,0.5119047619047619,1.7745901639344264,1.7745901639344264,0.5119047619047619
global-58ff577c538e5d7e5082bf00,1.293103448275862,0.8559322033898304,0.8559322033898304,1.293103448275862
global-3baf284701bce353a00f2ab9,2.0125,0.7675438596491228,0.7675438596491228,2.0125
global-00f719406ddc29a0e127628c,0.8695652173913043,2.721311475409836,2.721311475409836,0.8695652173913043
global-7de9646deccc02dc16a36b47,1.0166666666666666,0.36363636363636365,0.36363636363636365,1.0166666666666666
global-7f84585f5962fe181ad3b159,1.0125,1.7974137931034484,1.7974137931034484,1.0125
global-87fa2e6ea10c6b221e5f8fef,1.3389830508474576,1.3940677966101693,1.3940677966101693,1.3389830508474576
global-15cbf57926a328a694a4ffc4,1.7457627118644068,1.2838983050847457,1.2838983050847457,1.7457627118644068
global-ee8c7b16259911f188cd600a,1.6508620689655173,2.220833333333333,2.220833333333333,1.6508620689655173
FD:2021-22:D1:20220211:RB Leipzig:FC Koln,1.5119047619047619,1.642857142857143,1.642857142857143,1.5119047619047619
global-b5b72828ba23171acf2f02f8,1.4651162790697674,1.686046511627907,1.686046511627907,1.4651162790697674
FD:2021-22:D1:20220212:Bochum:Bayern Munich,3.0357142857142856,1.0714285714285714,1.0714285714285714,3.0357142857142856
FD:2021-22:D1:20220212:Ein Frankfurt:Wolfsburg,1.0,1.4880952380952381,1.4880952380952381,1.0
FD:2021-22:D1:20220212:Freiburg:Mainz,1.5119047619047619,1.6785714285714286,1.6785714285714286,1.5119047619047619
FD:2021-22:D1:20220212:Greuther Furth:Hertha,0.8571428571428572,0.02380952380952378,0.02380952380952378,0.8571428571428572
FD:2021-22:D1:20220212:Leverkusen:Stuttgart,0.6904761904761905,2.0476190476190474,2.0476190476190474,0.6904761904761905
FD:2021-22:D1:20220212:M'gladbach:Augsburg,0.8928571428571429,0.9642857142857144,0.9642857142857144,0.8928571428571429
global-228dd0a0867a84244d0ced26,1.0491803278688525,1.9959016393442623,1.9959016393442623,1.0491803278688525
global-2347e7017a60c9f3d96330db,0.8662790697674418,1.0174418604651163,1.0174418604651163,0.8662790697674418
global-32e95075bb1bc8f12f9b4e47,2.953488372093023,1.127906976744186,1.127906976744186,2.953488372093023
global-75fe04ed1c97e6a300dd6f63,1.058139534883721,1.441860465116279,1.441860465116279,1.058139534883721
global-794cb4608b6e7e8955ae02e6,0.8313953488372092,0.09883720930232553,0.09883720930232553,0.8313953488372092
global-e4260b6e7450a5fd330fc4ed,1.5,1.6627906976744187,1.6627906976744187,1.5
global-064cb14a2e9442d5560f691c,1.0163934426229508,0.8125,0.8125,1.0163934426229508
global-388e9661c8b5c9d733a467f1,1.3333333333333333,1.2627118644067796,1.2627118644067796,1.3333333333333333
global-90bb0231b4b31d0e202e2ba9,1.1583333333333334,0.4772727272727272,0.4772727272727272,1.1583333333333334
global-78da934a848a5682f119f87d,0.6627906976744187,2.0813953488372094,2.0813953488372094,0.6627906976744187
global-9b2cda9a4234cf489ccc0860,2.7338709677419355,0.3913043478260869,0.3913043478260869,2.7338709677419355
FD:2021-22:D1:20220213:Hoffenheim:Bielefeld,0.9761904761904763,1.5595238095238095,1.5595238095238095,0.9761904761904763
FD:2021-22:D1:20220213:Union Berlin:Dortmund,2.261904761904762,1.6428571428571428,1.6428571428571428,2.261904761904762
global-4105e31475de0018a4e21d18,1.3875,0.9,0.9,1.3875
global-7fb31276e58286cc0ec04b23,1.2583333333333333,1.7627118644067796,1.7627118644067796,1.2583333333333333
global-dbaf54a1075d8a9c3ed1470c,2.2418032786885247,0.771551724137931,0.771551724137931,2.2418032786885247
global-1c3ad5c943a96f37c8e39348,2.296511627906977,1.5872093023255813,1.5872093023255813,2.296511627906977
global-4c5c64f9ffb9c746f276b657,0.9418604651162791,1.6046511627906976,1.6046511627906976,0.9418604651162791
global-df7a64971518b4e2406291de,1.7983870967741935,1.614406779661017,1.614406779661017,1.7983870967741935
global-ed131666a69f694ad194eb12,1.1967213114754098,1.9798387096774193,1.9798387096774193,1.1967213114754098
FD:2021-22:D1:20220218:Mainz:Leverkusen,2.1136363636363633,1.4886363636363638,1.4886363636363638,2.1136363636363633
global-6ebf187618ab399a2a7a03f6,2.061111111111111,1.5277777777777777,1.5277777777777777,2.061111111111111
FD:2021-22:D1:20220219:Augsburg:Freiburg,1.6477272727272727,0.8409090909090909,0.8409090909090909,1.6477272727272727
FD:2021-22:D1:20220219:Bielefeld:Union Berlin,1.534090909090909,0.9090909090909091,0.9090909090909091,1.534090909090909
FD:2021-22:D1:20220219:FC Koln:Ein Frankfurt,1.3977272727272727,1.4204545454545454,1.4204545454545454,1.3977272727272727
FD:2021-22:D1:20220219:Stuttgart:Bochum,1.1818181818181819,0.6363636363636365,0.6363636363636365,1.1818181818181819
FD:2021-22:D1:20220219:Wolfsburg:Hoffenheim,1.6477272727272727,1.1136363636363638,1.1136363636363638,1.6477272727272727
global-476704a8f42edc077e2860bd,0.9385245901639345,1.7857142857142858,1.7857142857142858,0.9385245901639345
global-2f13b2619f73cb080d40ce95,1.6833333333333333,0.8166666666666667,0.8166666666666667,1.6833333333333333
global-d9811cbf9b75688d654f997c,1.1777777777777778,0.6444444444444444,0.6444444444444444,1.1777777777777778
global-e4e4b07eb56bd0e466e880d6,1.6833333333333333,1.0833333333333333,1.0833333333333333,1.6833333333333333
global-e9c68a7e0c5f074d64c56e02,1.4944444444444445,0.9611111111111111,0.9611111111111111,1.4944444444444445
global-125b9ce66553abe21c34c761,0.82,1.7708333333333335,1.7708333333333335,0.82
global-57c754a6ff3726df4853d74c,0.7542372881355932,1.1693548387096775,1.1693548387096775,0.7542372881355932
global-6366fb693d57ef654343e2ec,2.0483870967741935,1.0161290322580647,1.0161290322580647,2.0483870967741935
global-b3f146a3e3f3c276b31d4685,0.4347826086956522,1.360655737704918,1.360655737704918,0.4347826086956522
global-e7f33d61235c03f233198ba2,0.33333333333333337,2.258064516129032,2.258064516129032,0.33333333333333337
global-f47ab43aea400b56c3f99134,1.3041666666666667,1.0483870967741937,1.0483870967741937,1.3041666666666667
global-c3f8a3de47e8daffb93aa183,1.3611111111111112,1.4611111111111112,1.4611111111111112,1.3611111111111112
global-ec6158ce176a1a8fd6cec8cf,1.7249999999999999,2.753968253968254,2.753968253968254,1.7249999999999999
FD:2021-22:D1:20220220:Bayern Munich:Greuther Furth,0.17045454545454547,2.875,2.875,0.17045454545454547
FD:2021-22:D1:20220220:Dortmund:M'gladbach,1.0681818181818183,2.3295454545454546,2.3295454545454546,1.0681818181818183
FD:2021-22:D1:20220220:Hertha:RB Leipzig,1.7272727272727273,0.8068181818181818,0.8068181818181818,1.7272727272727273
global-4dfa23fe019c8cbe4a7c7fa3,2.003968253968254,1.2991803278688523,1.2991803278688523,2.003968253968254
global-3d1911b574fb7b1f6244a6e5,0.14999999999999997,2.8944444444444444,2.8944444444444444,0.14999999999999997
global-448fea1dfe7c3b7be06aee97,1.6041666666666667,1.2950819672131146,1.2950819672131146,1.6041666666666667
global-70c557ade16be9233aa9f3c8,1.011111111111111,2.3777777777777778,2.3777777777777778,1.011111111111111
global-6536c2f100fe998de15ea48c,1.7833333333333332,0.7611111111111111,0.7611111111111111,1.7833333333333332
global-82b84330b586256577faa342,0.996031746031746,0.5520833333333334,0.5520833333333334,0.996031746031746
global-b89ca73ac74195fefb83eaed,1.75,0.8041666666666667,0.8041666666666667,1.75
global-6118b51a18fcf23ed45c43d0,1.2701612903225805,2.2777777777777777,2.2777777777777777,1.2701612903225805
global-120221c567120bf13627d958,1.3266129032258063,1.7950819672131149,1.7950819672131149,1.3266129032258063
FD:2021-22:D1:20220225:Hoffenheim:Stuttgart,0.6521739130434783,1.7173913043478262,1.7173913043478262,0.6521739130434783
global-5ff832e181f36c5e3667775c,0.6329787234042552,1.75,1.75,0.6329787234042552
global-9641371abf34946432379bdb,0.30000000000000004,1.0873015873015872,1.0873015873015872,0.30000000000000004
FD:2021-22:D1:20220226:Ein Frankfurt:Bayern Munich,2.9130434782608696,1.326086956521739,1.326086956521739,2.9130434782608696
FD:2021-22:D1:20220226:Freiburg:Hertha,0.7173913043478262,1.7173913043478262,1.7173913043478262,0.7173913043478262
FD:2021-22:D1:20220226:Greuther Furth:FC Koln,1.5,0.13043478260869562,0.13043478260869562,1.5
FD:2021-22:D1:20220226:Leverkusen:Bielefeld,1.0108695652173911,2.010869565217391,2.010869565217391,1.0108695652173911
FD:2021-22:D1:20220226:M'gladbach:Wolfsburg,1.0543478260869565,0.9565217391304347,0.9565217391304347,1.0543478260869565
FD:2021-22:D1:20220226:Union Berlin:Mainz,1.5652173913043477,1.4565217391304346,1.4565217391304346,1.5652173913043477
global-17f26a63e68a823519239a31,1.717741935483871,1.2261904761904763,1.2261904761904763,1.717741935483871
global-43cde468483c21afd8725775,1.521276595744681,1.5,1.5,1.521276595744681
global-74be55ef073a9260acdec1bd,0.6861702127659575,1.7606382978723405,1.7606382978723405,0.6861702127659575
global-a7d97cbf1bb5cdf509304c77,0.9734042553191489,2.047872340425532,2.047872340425532,0.9734042553191489
global-c466b529bc0694c14d408f3d,1.4893617021276597,0.148936170212766,0.148936170212766,1.4893617021276597
global-d47c2d1b58dca1403f2f7a56,1.0531914893617023,0.9574468085106382,0.9574468085106382,1.0531914893617023
global-88d23ef4919e77f27a2ee67a,0.8442622950819672,1.0390625,1.0390625,0.8442622950819672
global-9fc1fb116d9365c1f0fdac9b,0.939516129032258,0.778846153846154,0.778846153846154,0.939516129032258
global-e1a02d3cdbb554f1a180fff1,0.5,2.02734375,2.02734375,0.5
global-91de0cf44f0c88470c1c7926,1.3346774193548387,1.1388888888888888,1.1388888888888888,1.3346774193548387
global-0e5f17a739aae45ebcfe2ef6,2.920212765957447,1.2925531914893615,1.2925531914893615,2.920212765957447
global-19433c2f20cfadc909eb68c4,2.70703125,1.2745901639344261,1.2745901639344261,2.70703125
FD:2021-22:D1:20220227:Augsburg:Dortmund,2.423913043478261,0.7934782608695652,0.7934782608695652,2.423913043478261
FD:2021-22:D1:20220227:Bochum:RB Leipzig,1.8369565217391304,1.173913043478261,1.173913043478261,1.8369565217391304
global-82b0978c3cb216184c7ed24a,1.3015873015873016,1.7734375,1.7734375,1.3015873015873016
global-4bb65b66630c83b4054329cc,1.8670212765957448,1.1436170212765957,1.1436170212765957,1.8670212765957448
global-c1908305101130525c1de202,2.3936170212765955,0.7978723404255319,0.7978723404255319,2.3936170212765955
global-a9b859046b1516e1f55932c8,1.5737704918032787,0.8467741935483871,0.8467741935483871,1.5737704918032787
FD:2021-22:D1:20220304:Bielefeld:Augsburg,0.8020833333333334,0.9375000000000001,0.9375000000000001,0.8020833333333334
global-8bed6102b9fe4f9a9517a982,0.8520408163265306,0.913265306122449,0.913265306122449,0.8520408163265306
FD:2021-22:D1:20220305:Bayern Munich:Leverkusen,2.083333333333333,2.927083333333333,2.927083333333333,2.083333333333333
FD:2021-22:D1:20220305:Bochum:Greuther Furth,0.16666666666666669,1.1145833333333333,1.1145833333333333,0.16666666666666669
FD:2021-22:D1:20220305:Hertha:Ein Frankfurt,1.2604166666666667,0.65625,0.65625,1.2604166666666667
FD:2021-22:D1:20220305:RB Leipzig:Freiburg,1.8020833333333335,1.8958333333333335,1.8958333333333335,1.8020833333333335
FD:2021-22:D1:20220305:Stuttgart:M'gladbach,0.9583333333333334,0.6145833333333333,0.6145833333333333,0.9583333333333334
FD:2021-22:D1:20220305:Wolfsburg:Union Berlin,1.5416666666666667,1.0520833333333335,1.0520833333333335,1.5416666666666667
global-03276eee7e92b4e6b63dc230,1.19140625,1.6048387096774193,1.6048387096774193,1.19140625
global-45ac07c25f1767642abd292c,1.7857142857142858,1.8775510204081634,1.8775510204081634,1.7857142857142858
global-6eb001537238bee5d64c6e77,1.3112244897959182,0.6275510204081634,0.6275510204081634,1.3112244897959182
global-899123975327556681dbf697,2.061224489795918,2.8877551020408165,2.8877551020408165,2.061224489795918
global-8d3fd563164f259f926e87b3,0.1581632653061224,1.1581632653061225,1.1581632653061225,0.1581632653061224
global-b7d81d2f713d1a15c8c9b1f5,1.5051020408163265,1.096938775510204,1.096938775510204,1.5051020408163265
global-0507a6782fe3f9284b26a34f,1.0384615384615383,1.27734375,1.27734375,1.0384615384615383
global-1561165cc30b262f0b80967c,0.7314814814814814,0.2692307692307692,0.2692307692307692,0.7314814814814814
global-36de6cabbe2193f0ed522d1b,1.125,1.369047619047619,1.369047619047619,1.125
global-ae5969f56e1997a9be85cb6e,2.0674603174603177,0.8253968253968254,0.8253968253968254,2.0674603174603177
global-de7f7b2fa5e374906668e491,1.11328125,0.9801587301587302,0.9801587301587302,1.11328125
global-497e69a1a9a4bee9fe3a3554,1.7961538461538462,2.3125,2.3125,1.7961538461538462
global-f208c5b3018078485ae4e731,0.933673469387755,0.6683673469387755,0.6683673469387755,0.933673469387755
FD:2021-22:D1:20220306:FC Koln:Hoffenheim,1.78125,1.4791666666666667,1.4791666666666667,1.78125
global-4682ab521fe5bef1a54c3388,1.8185483870967742,0.5192307692307692,0.5192307692307692,1.8185483870967742
global-0ce0ece6d5903f3e10475926,1.8112244897959184,1.4438775510204083,1.4438775510204083,1.8112244897959184
global-fba41c8baf63553e4540b96f,2.0115384615384615,2.7153846153846155,2.7153846153846155,2.0115384615384615
global-47b5621cf38c227ccd0eeae7,1.25,1.753968253968254,1.753968253968254,1.25
697b48dc10f7aa24bbb60a38,0.5416666666666666,,,0.5416666666666666
7717965b08e0754f300590c9,1.1875,-0.625,-0.625,1.1875
b097a83796d91b8288972c1d,2.166666666666667,,,2.166666666666667
c1d42914f4a73c7486792cac,,1.8125,1.8125,
e50a9c480f4ec5486a113dd4,0.375,,,0.375
64a25b0111f7237f82343930,1.65625,2.125,2.125,1.65625
b936a0478af0306cf386ee90,1.4375,,,1.4375
c037f76bffd9680ffdfda9d9,-0.5,,,-0.5
f63f4e3aa49cddf124e203bb,,,,
30be989ef66330a8916b704b,-0.375,0.1875,0.1875,-0.375
44904f8208102d0f8089acfd,,,,
51bbf11d6142b3dfef079248,0.125,,,0.125
9aaad53148a4d33684e7b0b8,,,,
b7a59f673c1f850db1b89307,-0.5,,,-0.5
cacb749520bf58e8d0777e9a,0.34375,1.28125,1.28125,0.34375
f2d1496036dc6d81e27fc513,2.125,1.1875,1.1875,2.125
global-6d2ca95d67caacdab8cc78ee,0.49074074074074076,1.25,1.25,0.49074074074074076
global-7539c8731345d59c769e329f,2.09765625,0.24074074074074076,0.24074074074074076,2.09765625
global-83bcfded98060a7c2aca8e80,1.015625,1.0923076923076922,1.0923076923076922,1.015625
global-05d0b1a5e49179a568536ec4,1.41015625,1.169230769230769,1.169230769230769,1.41015625
FD:2021-22:D1:20220312:Freiburg:Wolfsburg,1.14,1.77,1.77,1.14
FD:2021-22:D1:20220312:Hoffenheim:Bayern Munich,2.8499999999999996,1.8399999999999999,1.8399999999999999,2.8499999999999996
FD:2021-22:D1:20220312:M'gladbach:Hertha,0.6000000000000001,0.91,0.91,0.6000000000000001
FD:2021-22:D1:20220312:Union Berlin:Stuttgart,0.72,1.47,1.47,0.72
global-7780e68521477788d1758849,2.3269230769230766,1.0923076923076922,1.0923076923076922,2.3269230769230766
global-50a7704f35dc06b1399a40e2,0.7254901960784313,1.4607843137254903,1.4607843137254903,0.7254901960784313
global-51b7c9da7c401a2bdebebbe8,1.1127450980392155,1.7990196078431373,1.7990196078431373,1.1127450980392155
global-d7f6f31e162af247e9458776,2.8137254901960786,1.8235294117647058,1.8235294117647058,2.8137254901960786
global-58ad9bbb014348f44f5c3eaa,0.796875,0.8303571428571429,0.8303571428571429,0.796875
global-75b7338af2841beeda0d14f6,1.79296875,1.9696969696969697,1.9696969696969697,1.79296875
global-918a24d63a4ee095a071b6b4,0.5784313725490196,0.9607843137254902,0.9607843137254902,0.5784313725490196
FD:2021-22:D1:20220313:Dortmund:Bielefeld,0.89,2.3645833333333335,2.3645833333333335,0.89
FD:2021-22:D1:20220313:Ein Frankfurt:Bochum,1.2,1.36,1.36,1.2
FD:2021-22:D1:20220313:Greuther Furth:RB Leipzig,1.8599999999999999,0.15000000000000008,0.15000000000000008,1.8599999999999999
FD:2021-22:D1:20220313:Leverkusen:FC Koln,1.41,2.04,2.04,1.41
global-3e5529b74e5d6f61bb1a1d18,1.2916666666666665,1.2103174603174605,1.2103174603174605,1.2916666666666665
global-822320bed748419385519b27,0.4375,1.071969696969697,1.071969696969697,0.4375
global-9d9e620a950f43c7171785e7,0.21428571428571425,1.1401515151515151,1.1401515151515151,0.21428571428571425
global-9dba0a55ecf884dd3176c2fd,1.4461538461538461,1.7651515151515151,1.7651515151515151,1.4461538461538461
global-c044e0441a0fac52a15c6e11,1.05,2.1192307692307693,2.1192307692307693,1.05
global-1d4de6beb0eef8f7b95bd33e,1.4460784313725492,1.9950980392156863,1.9950980392156863,1.4460784313725492
global-a692075570a36ab0e02dee53,1.1715686274509804,1.3970588235294117,1.3970588235294117,1.1715686274509804
global-b8fd91cd72ba0db2dfdeee9c,1.630952380952381,1.8412698412698414,1.8412698412698414,1.630952380952381
global-d170cdbb42ed7a03841346d7,0.8676470588235293,2.38265306122449,2.38265306122449,0.8676470588235293
global-d641bdecd33e7238ace5c0d8,1.9068627450980393,0.1225490196078432,0.1225490196078432,1.9068627450980393
global-018b9275500d87183f3d1f7c,2.7310606060606064,1.075757575757576,1.075757575757576,2.7310606060606064
02556e990ab447c1928094f8,1.0,0.6071428571428572,0.6071428571428572,1.0
2cb81e4d79d9b15241a0eff3,1.0,2.076923076923077,2.076923076923077,1.0
4d85a277451b13c00b75ebb9,-0.5833333333333334,1.4444444444444444,1.4444444444444444,-0.5833333333333334
5709e13da1133669f0c21edb,1.2999999999999998,3.75,3.75,1.2999999999999998
6e292b17ff669685fd5f1fc5,-0.25,1.3333333333333333,1.3333333333333333,-0.25
3ca1d84a0776f82008f7a9cf,3.5,-0.5,-0.5,3.5
FD:2021-22:D1:20220316:Mainz:Dortmund,2.4000000000000004,1.4791666666666667,1.4791666666666667,2.4000000000000004
bb3d9bde1d3f9c9cb053ce74,-0.5,1.85,1.85,-0.5
ddc525b94cbf5b03d78ade5e,1.65,1.8333333333333333,1.8333333333333333,1.65
fcad0eefb759b3f2abf2543a,3.25,-0.4166666666666667,-0.4166666666666667,3.25
global-a1361446e52b018b9fbf0946,2.4166666666666665,1.443877551020408,1.443877551020408,2.4166666666666665
global-f3e1d12415badb03cd62797c,1.7615384615384615,1.0681818181818181,1.0681818181818181,1.7615384615384615
global-dedb4be8115b57bf931fd441,2.3446969696969697,1.8671875,1.8671875,2.3446969696969697
31f169d699b1433d20e5b2cc,3.25,0.0,0.0,3.25
6169615ec9166ab0eb186adf,-0.25,0.75,0.75,-0.25
65b131b62f2862552d785393,1.1666666666666667,2.0,2.0,1.1666666666666667
69c7d47d1b915acf2c93d2c9,1.5833333333333333,0.19444444444444442,0.19444444444444442,1.5833333333333333
d8bb4c9c9d699f0df12ac536,3.5,-0.5,-0.5,3.5
e149d9804a8ebff51b6fbc19,0.10000000000000003,0.8333333333333334,0.8333333333333334,0.10000000000000003
eb5466b25833d85746b044eb,1.0,1.0,1.0,1.0
global-80f1eb1e241518742e16518b,1.0303030303030303,1.1875,1.1875,1.0303030303030303
FD:2021-22:D1:20220318:Bochum:M'gladbach,1.0096153846153846,1.1442307692307694,1.1442307692307694,1.0096153846153846
global-d4184be45004d4a648e98bf1,1.0566037735849056,1.1132075471698113,1.1132075471698113,1.0566037735849056
global-b7347bfd8c1567b8270aea0d,1.1716417910447763,1.3208955223880596,1.3208955223880596,1.1716417910447763
FD:2021-22:D1:20220319:Bayern Munich:Union Berlin,1.4519230769230769,2.7788461538461537,2.7788461538461537,1.4519230769230769
FD:2021-22:D1:20220319:Greuther Furth:Freiburg,1.8269230769230769,0.09615384615384615,0.09615384615384615,1.8269230769230769
FD:2021-22:D1:20220319:Hertha:Hoffenheim,1.8076923076923077,0.5576923076923077,0.5576923076923077,1.8076923076923077
FD:2021-22:D1:20220319:Mainz:Bielefeld,0.8461538461538461,1.4100000000000001,1.4100000000000001,0.8461538461538461
FD:2021-22:D1:20220319:Stuttgart:Augsburg,0.9,0.7307692307692307,0.7307692307692307,0.9
global-71c5f22daa22d615ff96909c,1.830769230769231,1.4204545454545456,1.4204545454545456,1.830769230769231
global-0715d134a0b247d8cfc84702,1.759433962264151,0.6179245283018868,0.6179245283018868,1.759433962264151
global-1c975fc790cc0d9dabd621d8,0.8113207547169812,1.4607843137254901,1.4607843137254901,0.8113207547169812
global-78a8222ab8b407492a7160b7,1.8113207547169812,0.1132075471698113,0.1132075471698113,1.8113207547169812
global-db3b36017970e027c8b44795,0.8774509803921569,0.7783018867924528,0.7783018867924528,0.8774509803921569
global-799f7b7ad251d38785bfde6a,1.4056603773584904,2.80188679245283,2.80188679245283,1.4056603773584904
FD:2021-22:D1:20220320:FC Koln:Dortmund,2.4326923076923075,1.4807692307692308,1.4807692307692308,2.4326923076923075
FD:2021-22:D1:20220320:RB Leipzig:Ein Frankfurt,1.4326923076923077,1.9519230769230769,1.9519230769230769,1.4326923076923077
FD:2021-22:D1:20220320:Wolfsburg:Leverkusen,1.951923076923077,1.0865384615384615,1.0865384615384615,1.951923076923077
global-bb30bccfded7682eb005aea7,0.9224137931034484,1.59765625,1.59765625,0.9224137931034484
global-dd021d803c4c3a8b89566513,1.4245283018867925,1.9339622641509435,1.9339622641509435,1.4245283018867925
global-432ad73d728fdbae566196b3,1.787313432835821,1.787878787878788,1.787878787878788,1.787313432835821
global-fec6a54723d644f45266b4b1,1.9811320754716981,1.0566037735849056,1.0566037735849056,1.9811320754716981
global-62dff267652900394a036247,2.405660377358491,1.471698113207547,1.471698113207547,2.405660377358491
FD:2021-22:D1:20220401:Union Berlin:FC Koln,1.4629629629629628,1.3611111111111112,1.3611111111111112,1.4629629629629628
global-1ce14fd2cfde1c481a0c8de3,1.4318181818181819,1.3954545454545453,1.3954545454545453,1.4318181818181819
FD:2021-22:D1:20220402:Bielefeld:Stuttgart,0.824074074074074,0.7777777777777778,0.7777777777777778,0.824074074074074
FD:2021-22:D1:20220402:Dortmund:RB Leipzig,1.9166666666666667,2.3796296296296298,2.3796296296296298,1.9166666666666667
FD:2021-22:D1:20220402:Ein Frankfurt:Greuther Furth,0.12962962962962965,1.4166666666666667,1.4166666666666667,0.12962962962962965
FD:2021-22:D1:20220402:Freiburg:Bayern Munich,2.8240740740740744,1.7962962962962963,1.7962962962962963,2.8240740740740744
FD:2021-22:D1:20220402:Hoffenheim:Bochum,1.0833333333333333,1.7129629629629628,1.7129629629629628,1.0833333333333333
FD:2021-22:D1:20220402:Leverkusen:Hertha,0.6759259259259258,2.009259259259259,2.009259259259259,0.6759259259259258
global-d5dec858f5dea0602be1e634,0.5344827586206896,2.361940298507463,2.361940298507463,0.5344827586206896
global-185dd0288ce3e682cf8e774b,0.6590909090909091,2.0318181818181817,2.0318181818181817,0.6590909090909091
global-9191244461f124b89180f529,0.14545454545454545,1.409090909090909,1.409090909090909,0.14545454545454545
global-9243d7f4e6444a561dd7f730,1.1227272727272728,1.6772727272727272,1.6772727272727272,1.1227272727272728
global-b0b13e098af42b51b10e0264,0.8272727272727273,0.7818181818181817,0.7818181818181817,0.8272727272727273
global-d24e8d03819e5c497579e1e8,2.840909090909091,1.75,1.75,2.840909090909091
global-10780f75145259070caa7d65,0.8833333333333333,2.1363636363636362,2.1363636363636362,0.8833333333333333
global-3bdcb8f29a3310fe9abc5385,1.3955223880597014,1.2977941176470587,1.2977941176470587,1.3955223880597014
global-57801f74981f430362b31ea7,1.0522388059701493,1.2022058823529411,1.2022058823529411,1.0522388059701493
global-d47682243547358cf9d12631,2.705223880597015,0.7769230769230769,0.7769230769230769,2.705223880597015
global-d7fe77f8264bac30fafb3375,0.19827586206896547,1.0447761194029852,1.0447761194029852,0.19827586206896547
global-0616b2550a336b8c416884ec,1.95,2.3227272727272728,2.3227272727272728,1.95
global-6bb0e8e36f41d85698bf825c,1.623076923076923,1.9888059701492538,1.9888059701492538,1.623076923076923
FD:2021-22:D1:20220403:Augsburg:Wolfsburg,1.0277777777777777,0.8557692307692308,0.8557692307692308,1.0277777777777777
FD:2021-22:D1:20220403:M'gladbach:Mainz,1.5096153846153846,1.1018518518518519,1.1018518518518519,1.5096153846153846
global-d6c89f8ae15f55e02d543d69,1.2192307692307693,1.7536764705882355,1.7536764705882355,1.2192307692307693
global-872cec068c0ffe7d63b1f798,0.9954545454545454,0.910377358490566,0.910377358490566,0.9954545454545454
global-569f6e6b3c9f98525f559381,1.0111940298507462,1.8134328358208955,1.8134328358208955,1.0111940298507462
global-f727392abfe6c8196d37b8bc,1.5,1.1,1.1,1.5
global-feb5a53a12355df58b6932c0,1.8522727272727273,1.0746268656716418,1.0746268656716418,1.8522727272727273
16991f04e0f7565251f9a1b8,1.5416666666666667,,,1.5416666666666667
16b15817f48f5184d14f445a,1.7874999999999999,,,1.7874999999999999
1e1feff457be113b6be249a3,1.125,0.8214285714285714,0.8214285714285714,1.125
4304c6e7da7be22d9bb70208,1.7083333333333335,1.75,1.75,1.7083333333333335
77b417a11ee1a3b033ba7ff2,0.9375,1.375,1.375,0.9375
8c8cc40e5dc0506652a9d93b,1.8125,,,1.8125
be8a7b0790c45f359cd935ac,1.9375,1.625,1.625,1.9375
c2a13e92571505f9f232bfaa,1.3499999999999999,,,1.3499999999999999
dcfeef08b1a45a520a201b8e,1.40625,1.0,1.0,1.40625
eac7d6f98aa036d4ffb93ad1,,1.0416666666666667,1.0416666666666667,
fe293827e337bf2f175f0bc6,2.6750000000000003,0.37499999999999994,0.37499999999999994,2.6750000000000003
0d68984c89096a69edfeb0a4,1.4107142857142858,,,1.4107142857142858
0daa9e58326df26c9a651adc,2.5833333333333335,1.5,1.5,2.5833333333333335
377d674d7ce8a23f988670d2,1.5416666666666667,,,1.5416666666666667
3e158bd6b3033c049d15707d,,2.25,2.25,
5e68ead174708e2925538a73,,,,
6cd4c6e1b22b1ec7f8589580,2.15,1.1666666666666667,1.1666666666666667,2.15
79141f60bc8cdadfd357581d,1.9375,1.0,1.0,1.9375
FD:2021-22:D1:20220406:Augsburg:Mainz,1.4907407407407407,0.962962962962963,0.962962962962963,1.4907407407407407
b9ed1e2afe9534ff7dea1787,1.625,3.5,3.5,1.625
c917e34242f42fa308bd547b,1.0535714285714286,,,1.0535714285714286
cdda971ce9d705a43e5cde53,1.9886363636363635,-0.12500000000000003,-0.12500000000000003,1.9886363636363635
cebe6c71102cbb3bdf971b11,2.81,1.375,1.375,2.81
d1bedbcc3ef29941a1dc4bde,2.5,,,2.5
global-6364367e636725b77f4d2725,1.459090909090909,1.0045454545454546,1.0045454545454546,1.459090909090909
global-1aab7cd508b2601532b6b90c,1.196969696969697,0.7575757575757576,0.7575757575757576,1.196969696969697
25b1cfcb36031b9cca48dc28,1.65625,,,1.65625
5d8628d3ad253b9f93598033,1.5,1.625,1.625,1.5
62fcd2c068d07abe898b81e1,1.838235294117647,1.7000000000000002,1.7000000000000002,1.838235294117647
885bb168da04e59f05a77696,3.25,,,3.25
9975d86b3de30ad3e871c01a,3.375,0.875,0.875,3.375
ab873aed6e7e9f1dee268917,,2.0,2.0,
c689ceeb7e48ed9b00602df0,2.160714285714286,,,2.160714285714286
d04decdb2bc6e404b695d17d,1.4886363636363635,0.5833333333333333,0.5833333333333333,1.4886363636363635
d9784f7e29e5810fc81e59dc,0.75,,,0.75
FD:2021-22:D1:20220408:Stuttgart:Dortmund,2.267857142857143,0.8303571428571429,0.8303571428571429,2.267857142857143
global-2ffd7e7404d7bf0e52902d0f,2.2894736842105265,0.8070175438596491,0.8070175438596491,2.2894736842105265
global-6fdd95edefd655ca9a043423,1.3260869565217392,0.9816176470588236,0.9816176470588236,1.3260869565217392
FD:2021-22:D1:20220409:Bayern Munich:Augsburg,1.044642857142857,2.857142857142857,2.857142857142857,1.044642857142857
FD:2021-22:D1:20220409:FC Koln:Mainz,1.4285714285714286,1.4017857142857144,1.4017857142857144,1.4285714285714286
FD:2021-22:D1:20220409:Greuther Furth:M'gladbach,1.0982142857142856,0.1607142857142857,0.1607142857142857,1.0982142857142856
FD:2021-22:D1:20220409:Hertha:Union Berlin,1.4285714285714284,0.6428571428571429,0.6428571428571429,1.4285714285714284
FD:2021-22:D1:20220409:Wolfsburg:Bielefeld,0.7857142857142858,0.9642857142857144,0.9642857142857144,0.7857142857142858
global-496f482a751032413f4fa7cc,1.9742647058823528,1.1753731343283582,1.1753731343283582,1.9742647058823528
global-9dc38536cbd32a4b89fc0f29,0.7543859649122806,1.0175438596491229,1.0175438596491229,0.7543859649122806
global-e19ef3063016becac5a27779,1.0219298245614035,2.864035087719298,2.864035087719298,1.0219298245614035
global-f5917f1b31b773bb486c2fbf,1.3991228070175439,1.4342105263157896,1.4342105263157896,1.3991228070175439
global-ff97febf6fc5384617087a3d,1.1403508771929824,0.14912280701754382,0.14912280701754382,1.1403508771929824
global-74d91e2e332606895bad5a93,2.093283582089552,1.0514705882352942,1.0514705882352942,2.093283582089552
global-bb5f4d38d7fef7107643d9dc,1.0441176470588236,1.8134328358208955,1.8134328358208955,1.0441176470588236
global-ea4a0990512ae67da93585ff,1.1992753623188406,0.49999999999999994,0.49999999999999994,1.1992753623188406
global-910232809662dfad007cad1a,1.8455882352941175,1.3713235294117647,1.3713235294117647,1.8455882352941175
global-bea604b79352f731c84bae3d,1.469298245614035,0.6184210526315789,0.6184210526315789,1.469298245614035
FD:2021-22:D1:20220410:Bochum:Leverkusen,2.0535714285714284,1.1607142857142858,1.1607142857142858,2.0535714285714284
FD:2021-22:D1:20220410:Ein Frankfurt:Freiburg,1.705357142857143,1.4017857142857142,1.4017857142857142,1.705357142857143
FD:2021-22:D1:20220410:RB Leipzig:Hoffenheim,1.6428571428571428,1.982142857142857,1.982142857142857,1.6428571428571428
global-4b6ec41087b1d3c752c92c48,1.7753623188405796,0.9758064516129031,0.9758064516129031,1.7753623188405796
global-4b9db9175b306f72e6497fb6,1.1139705882352942,1.6136363636363635,1.6136363636363635,1.1139705882352942
global-ab22c281cdf9f17720f60a18,0.7947761194029851,0.22499999999999998,0.22499999999999998,0.7947761194029851
global-1662be2dbf877ed2084ea875,2.0350877192982457,1.1578947368421053,1.1578947368421053,2.0350877192982457
global-c4f2d05a6338fd770396c067,2.3786764705882355,2.7169117647058822,2.7169117647058822,2.3786764705882355
global-c7584efbe8f29a61a66c5eac,1.7324561403508771,1.3728070175438596,1.3728070175438596,1.7324561403508771
global-661e42317693669514de9d7e,1.6008771929824561,2.013157894736842,2.013157894736842,1.6008771929824561
0416e01fcf9ba28aca016a1f,1.0999999999999999,1.3214285714285714,1.3214285714285714,1.0999999999999999
1315055437732493f8325835,2.0714285714285716,2.675,2.675,2.0714285714285716
1b4fd0ebec9c3a0cb0a1593a,3.25,2.7142857142857144,2.7142857142857144,3.25
2219fd12076fd58c5515dc86,2.666666666666667,1.8088235294117647,1.8088235294117647,2.666666666666667
338bfca24050dbeb9cfc667c,3.25,1.1111111111111112,1.1111111111111112,3.25
49b42d3fd8af8d701c5dca85,1.1428571428571428,1.4,1.4,1.1428571428571428
6646ae14d4ebf5250c6d2d26,1.3928571428571428,1.6785714285714286,1.6785714285714286,1.3928571428571428
a59ee8640dd6d7fabfb51064,1.857142857142857,1.4166666666666665,1.4166666666666665,1.857142857142857
de8de7c5fe6ad9e6768649ab,1.0,2.855769230769231,2.855769230769231,1.0
e79728277e733e52dbbf8fef,0.8333333333333334,1.2857142857142858,1.2857142857142858,0.8333333333333334
f0c7588cee433a0d1a9cca8b,0.24999999999999994,0.9666666666666667,0.9666666666666667,0.24999999999999994
0ed0edd91df891d30e4cb080,-0.5,1.5499999999999998,1.5499999999999998,-0.5
1ea533375b1c4ef5ae9e1aaa,1.25,1.4,1.4,1.25
3a09a0921465366a4f474151,-0.5,2.576923076923077,2.576923076923077,-0.5
44c598f478bee3ed03012a53,1.7954545454545454,1.9833333333333334,1.9833333333333334,1.7954545454545454
4e1ad8a03011e58b25507593,3.5,3.25,3.25,3.5
61820e52efc740e0f05b71e8,3.75,1.4342105263157894,1.4342105263157894,3.75
8140ec10d8dc1c010ea41235,1.0,1.467391304347826,1.467391304347826,1.0
82a58ad6ec0b1d921eae4919,-0.25,2.043478260869565,2.043478260869565,-0.25
858f7cfe2afbe737a0cdbf27,3.5,-0.5,-0.5,3.5
a3cc8805c97056e99585f09f,1.9166666666666667,2.0454545454545454,2.0454545454545454,1.9166666666666667
c99739c5a4a27aa7a590bcc6,1.0,1.3181818181818181,1.3181818181818181,1.0
cfd8197a3d6e02bc23baa07b,-0.14285714285714285,1.1071428571428572,1.1071428571428572,-0.14285714285714285
15d8190b22c670bfcede7be4,3.5,1.7916666666666667,1.7916666666666667,3.5
40fc70c9e36c31d96587745f,0.6428571428571428,1.361111111111111,1.361111111111111,0.6428571428571428
44c0fcd769c3139251890e73,0.9,1.0,1.0,0.9
5b71aa5911a3c7ea2e9f271c,1.6363636363636362,2.0,2.0,1.6363636363636362
9d616379305ebd6060b987a1,1.0357142857142858,1.0,1.0,1.0357142857142858
a34614030cc4fcb8a9ef01f3,3.5,1.3888888888888888,1.3888888888888888,3.5
af38b268ee0327112cb4950d,1.8333333333333335,2.5833333333333335,2.5833333333333335,1.8333333333333335
d3caf3dd07c3c0bbeb7bc9c2,3.25,0.9444444444444444,0.9444444444444444,3.25
d4714dd6a5e3f8c4bc0f2284,1.0,2.0833333333333335,2.0833333333333335,1.0
FD:2021-22:D1:20220416:Augsburg:Hertha,0.5948275862068966,1.0,1.0,0.5948275862068966
FD:2021-22:D1:20220416:Dortmund:Wolfsburg,1.0689655172413792,2.310344827586207,2.310344827586207,1.0689655172413792
FD:2021-22:D1:20220416:Freiburg:Bochum,1.1551724137931034,1.7586206896551724,1.7586206896551724,1.1551724137931034
FD:2021-22:D1:20220416:M'gladbach:FC Koln,1.4655172413793105,1.1810344827586208,1.1810344827586208,1.4655172413793105
FD:2021-22:D1:20220416:Mainz:Stuttgart,0.7844827586206896,1.3706896551724137,1.3706896551724137,0.7844827586206896
global-7d9522875c1f03a60fce6953,1.076086956521739,1.8768115942028987,1.8768115942028987,1.076086956521739
global-0002e1f3e5bcc8a943cf7935,1.0296610169491527,2.343220338983051,2.343220338983051,1.0296610169491527
global-60bb8f92dc004fbc47167327,0.7881355932203389,1.364406779661017,1.364406779661017,0.7881355932203389
global-67af5ad1327eae5f5d5d0d54,1.1228813559322035,1.792372881355932,1.792372881355932,1.1228813559322035
global-ba396fa9a009193835e75b7c,0.6398305084745762,0.978813559322034,0.978813559322034,0.6398305084745762
global-17f95f3e59df1a7787a95f6b,1.7830882352941178,1.0144927536231885,1.0144927536231885,1.7830882352941178
global-61216ff2048c8174e0d1562f,0.3306451612903225,1.9420289855072463,1.9420289855072463,0.3306451612903225
global-f0d63c8068b0ebadf046afd3,1.0546875,0.45967741935483875,0.45967741935483875,1.0546875
global-c617f22d5f73c0d9822a059b,1.5,1.152542372881356,1.152542372881356,1.5
FD:2021-22:D1:20220417:Bielefeld:Bayern Munich,2.8706896551724137,0.7241379310344828,0.7241379310344828,2.8706896551724137
FD:2021-22:D1:20220417:Hoffenheim:Greuther Furth,0.13793103448275862,1.5603448275862069,1.5603448275862069,0.13793103448275862
FD:2021-22:D1:20220417:Leverkusen:RB Leipzig,2.043103448275862,2.0172413793103448,2.0172413793103448,2.043103448275862
FD:2021-22:D1:20220417:Union Berlin:Ein Frankfurt,1.3448275862068966,1.5086206896551724,1.5086206896551724,1.3448275862068966
global-bc28609e02824d579e2b89f3,1.6380597014925373,1.0144927536231885,1.0144927536231885,1.6380597014925373
global-d1063b0ccd968acc16634df8,0.7757352941176471,1.7428571428571429,1.7428571428571429,0.7757352941176471
global-7fe78b5af5deda6332214c80,2.8855932203389827,0.6991525423728814,0.6991525423728814,2.8855932203389827
global-2260c17ab9dc92e0ae1e73b2,1.3135593220338984,1.5423728813559323,1.5423728813559323,1.3135593220338984
global-28026a03b4402a545b889890,0.15254237288135586,1.5508474576271185,1.5508474576271185,0.15254237288135586
global-0ebad74a48715ea8d95c9c9b,2.0635593220338984,1.978813559322034,1.978813559322034,2.0635593220338984
global-3b5c8b3cfdac0463149a3f9c,1.9607142857142856,2.358695652173913,2.358695652173913,1.9607142857142856
global-07805c84493b12609cd91d1f,1.7536231884057971,2.128676470588235,2.128676470588235,1.7536231884057971
global-5688e80933f3ff23052ef063,1.6102941176470589,1.2058823529411764,1.2058823529411764,1.6102941176470589
global-f436e8024fe60576a813acba,1.0942028985507248,1.0464285714285715,1.0464285714285715,1.0942028985507248
global-b93dd58d054c4a3f9157c3c3,1.1071428571428572,2.6920289855072466,2.6920289855072466,1.1071428571428572
global-2af396cbaf6cd011b5f9ed0c,1.0464285714285715,0.7789855072463768,0.7789855072463768,1.0464285714285715
FD:2021-22:D1:20220422:Wolfsburg:Mainz,1.3583333333333334,0.9916666666666667,0.9916666666666667,1.3583333333333334
global-e9a06715f6564b09a452c3de,1.3155737704918034,1.0450819672131146,1.0450819672131146,1.3155737704918034
FD:2021-22:D1:20220423:Bayern Munich:Dortmund,2.375,2.9,2.9,2.375
FD:2021-22:D1:20220423:Ein Frankfurt:Hoffenheim,1.5416666666666667,1.2833333333333334,1.2833333333333334,1.5416666666666667
FD:2021-22:D1:20220423:FC Koln:Bielefeld,0.675,1.5333333333333334,1.5333333333333334,0.675
FD:2021-22:D1:20220423:Freiburg:M'gladbach,1.125,1.825,1.825,1.125
FD:2021-22:D1:20220423:Greuther Furth:Leverkusen,1.9416666666666667,0.16666666666666663,0.16666666666666663,1.9416666666666667
FD:2021-22:D1:20220423:RB Leipzig:Union Berlin,1.575,2.0833333333333335,2.0833333333333335,1.575
global-fd5b5de57bd42fcb4653edc0,1.9190140845070423,1.7785714285714285,1.7785714285714285,1.9190140845070423
global-091125621276581e9b420396,1.1229508196721312,1.8114754098360657,1.8114754098360657,1.1229508196721312
global-6b32dd6cf7f8b742e3e8d71e,1.5327868852459017,1.278688524590164,1.278688524590164,1.5327868852459017
global-784d118f6a5539ee737463b9,1.6024590163934427,2.0450819672131146,2.0450819672131146,1.6024590163934427
global-eb6c5980a760972d46c4b03f,0.6557377049180327,1.5655737704918031,1.5655737704918031,0.6557377049180327
global-fbd1e75c4ed95f72e55a6833,1.971311475409836,0.15163934426229503,0.15163934426229503,1.971311475409836
global-04975c54bf1425226e109722,1.3369565217391306,1.6014492753623188,1.6014492753623188,1.3369565217391306
global-2658f0840feb12cbab004681,0.4375,2.7071428571428573,2.7071428571428573,0.4375
global-b1f294bdd8765bfa5f8ba7bd,1.0774647887323943,0.3125,0.3125,1.0774647887323943
global-e077ddad549fd25d8526a6b3,2.3278688524590163,2.9098360655737703,2.9098360655737703,2.3278688524590163
global-e4f8beaf637cf48b45391892,1.8464285714285713,1.1212121212121213,1.1212121212121213,1.8464285714285713
FD:2021-22:D1:20220424:Bochum:Augsburg,0.9583333333333333,1.0916666666666666,1.0916666666666666,0.9583333333333333
FD:2021-22:D1:20220424:Hertha:Stuttgart,0.7916666666666667,0.6833333333333333,0.6833333333333333,0.7916666666666667
global-28f7c6ac3e0afad507866d05,1.3035714285714284,0.8178571428571428,0.8178571428571428,1.3035714285714284
global-a3861771a314a0fc007bd70c,1.0246478873239437,1.0809859154929577,1.0809859154929577,1.0246478873239437
global-e0a8c3ad3e6f4d66833ffe7b,1.732394366197183,2.0905797101449277,2.0905797101449277,1.732394366197183
global-5f8022be9ad9c4f6e248ae1c,1.0,1.0655737704918034,1.0655737704918034,1.0
global-2de3512abe6c1936fbdc7af9,1.2028985507246375,2.382142857142857,2.382142857142857,1.2028985507246375
global-c9bddae27111b2e36b364fef,0.7704918032786885,0.7295081967213115,0.7295081967213115,0.7704918032786885
global-740a68ed6c1fed003d727535,1.2357142857142858,1.0750000000000002,1.0750000000000002,1.2357142857142858
0d2d895f470b63b0363027bf,1.55,1.5416666666666667,1.5416666666666667,1.55
330d82c8ef732900933eadf5,1.9027777777777777,0.9375,0.9375,1.9027777777777777
34d43d8f08b21f8c9e83c0ea,2.0625,1.875,1.875,2.0625
3cdb3b311a42493aba301608,2.25,2.375,2.375,2.25
3f306fa1b311adf8c2d49eba,1.7613636363636365,1.375,1.375,1.7613636363636365
5a31a502575f6dc2fce75f76,1.0,2.75,2.75,1.0
7f038fc4d731b6f10efd52ae,1.625,0.25,0.25,1.625
8362ed7d1dd5688ae9fe4ecd,0.1875,1.375,1.375,0.1875
910bd859f0ae64b232e1b263,1.4124999999999999,1.3499999999999999,1.3499999999999999,1.4124999999999999
bb671903c0b03a3796288878,1.4375,1.25,1.25,1.4375
eb44e2b05e385082f86eb8fd,2.4642857142857144,1.515625,1.515625,2.4642857142857144
f3ed94777d61d2d16733a62a,1.03125,-0.375,-0.375,1.03125
1e0cfe4ece266f29d83597c8,1.53125,1.3499999999999999,1.3499999999999999,1.53125
40c4974905eabb5c430794bd,1.3125,0.9166666666666666,0.9166666666666666,1.3125
513e3a7d1b977bfcea74f751,3.375,2.078125,2.078125,3.375
8fb841718b654267d290b0ce,2.925925925925926,1.0,1.0,2.925925925925926
b07aeba5db681d66575a0019,1.5,0.875,0.875,1.5
b952440850c82395fe79b09e,2.1041666666666665,1.375,1.375,2.1041666666666665
bb0b34431df3db9739a916e5,0.25,0.25,0.25,0.25
c888217eafeb02668169d487,1.6041666666666665,1.5,1.5,1.6041666666666665
cf30b1a07820d3a747baa610,-0.15625,-0.375,-0.375,-0.15625
d47a34b1b2154c61820e89a5,2.21875,0.75,0.75,2.21875
d52bc74463fcb66f3bb39266,0.84375,0.53125,0.53125,0.84375
553be21474ffc383dc6009ab,2.1875,1.0833333333333335,1.0833333333333335,2.1875
589b0ae0884ffeed41143584,2.4375,1.1666666666666667,1.1666666666666667,2.4375
6fc74a6e3d8b6f06bc81eeb8,1.65625,2.4090909090909087,2.4090909090909087,1.65625
70fb817e884233a2416ade55,1.375,0.765625,0.765625,1.375
7327c01b07a6f1cdbd317831,2.75,1.109375,1.109375,2.75
7ab965473d525dac1c838c1b,1.7083333333333335,1.175,1.175,1.7083333333333335
896c6682549b024a6c2a1510,1.625,1.15625,1.15625,1.625
9cd4fc1c37dcf995ecd7cbbf,1.8815789473684212,1.75,1.75,1.8815789473684212
c42758f117b234124043e510,1.5833333333333333,1.5,1.5,1.5833333333333333
global-eb50e23a6a0edcc2a26170ea,2.107142857142857,1.8854166666666665,1.8854166666666665,2.107142857142857
FD:2021-22:D1:20220429:Union Berlin:Greuther Furth,0.13709677419354832,1.629032258064516,1.629032258064516,0.13709677419354832
global-8b94d3a08e728f4d4ea26443,0.1507936507936508,1.619047619047619,1.619047619047619,0.1507936507936508
FD:2021-22:D1:20220430:Augsburg:FC Koln,1.596774193548387,1.0403225806451615,1.0403225806451615,1.596774193548387
FD:2021-22:D1:20220430:Bielefeld:Hertha,0.7741935483870968,0.6370967741935485,0.6370967741935485,0.7741935483870968
FD:2021-22:D1:20220430:Dortmund:Bochum,1.0403225806451615,2.282258064516129,2.282258064516129,1.0403225806451615
FD:2021-22:D1:20220430:Hoffenheim:Freiburg,1.7983870967741935,1.5241935483870968,1.5241935483870968,1.7983870967741935
FD:2021-22:D1:20220430:Mainz:Bayern Munich,2.9193548387096775,1.2741935483870968,1.2741935483870968,2.9193548387096775
FD:2021-22:D1:20220430:Stuttgart:Wolfsburg,1.0967741935483872,0.75,0.75,1.0967741935483872
global-04167c3ab42c4e56952b6ec4,2.397887323943662,1.1145833333333335,1.1145833333333335,2.397887323943662
global-4409b4bf79717e6209170ca3,2.865079365079365,1.3095238095238095,1.3095238095238095,2.865079365079365
global-5587704a6517ae92bc220829,1.630952380952381,1.0119047619047619,1.0119047619047619,1.630952380952381
global-75822f9043ed4aa39a94532b,0.7777777777777779,0.6428571428571429,0.6428571428571429,0.7777777777777779
global-b5f23b17a6bcefffe86e74e5,1.0952380952380953,0.753968253968254,0.753968253968254,1.0952380952380953
global-c0d1f9ed4c4a0e3ed2ef5e52,1.0753968253968254,2.242063492063492,2.242063492063492,1.0753968253968254
global-707841703ece421bd54b2231,0.852112676056338,0.3939393939393939,0.3939393939393939,0.852112676056338
global-71254da679f1e6134b03ec24,1.0798611111111112,1.2816901408450705,1.2816901408450705,1.0798611111111112
global-b14e38bf267d5801834ecfc9,0.2803030303030303,1.332142857142857,1.332142857142857,0.2803030303030303
global-bcc32ce0b23401236ec389b3,1.073943661971831,1.0243055555555554,1.0243055555555554,1.073943661971831
global-f2cd6786363c402e98f2c2d4,1.8214285714285714,1.496031746031746,1.496031746031746,1.8214285714285714
global-f8ae3da2ec717fdb2716cdc7,2.7253521126760565,1.2323943661971832,1.2323943661971832,2.7253521126760565
global-9d3c64897f8082bda3159839,1.592857142857143,1.834507042253521,1.834507042253521,1.592857142857143
global-c8179867ae86ad3dfd871aae,2.091549295774648,1.1785714285714286,1.1785714285714286,2.091549295774648
global-d3984f4b8031c8933ac47c85,1.8028169014084507,1.7048611111111112,1.7048611111111112,1.8028169014084507
FD:2021-22:D1:20220502:Leverkusen:Ein Frankfurt,1.2741935483870968,2.0,2.0,1.2741935483870968
FD:2021-22:D1:20220502:M'gladbach:RB Leipzig,2.008064516129032,1.120967741935484,1.120967741935484,2.008064516129032
global-09e6660a80c2a952368611df,1.246031746031746,2.0238095238095237,2.0238095238095237,1.246031746031746
global-1ea1e748ff06d10861d26f99,1.9682539682539681,1.1587301587301586,1.1587301587301586,1.9682539682539681
global-d0415a0a72a601ac0f2f92d0,1.1176470588235294,1.8732876712328768,1.8732876712328768,1.1176470588235294
0b37305ee983f8bddb85c792,2.0833333333333335,0.9166666666666666,0.9166666666666666,2.0833333333333335
0ffe9317577faae8c73d695e,0.5,1.2777777777777777,1.2777777777777777,0.5
64b7c6d34a7a00d8249f4590,0.65,2.2222222222222223,2.2222222222222223,0.65
77b626aebc3ee2a94d4e2fba,2.161764705882353,1.7307692307692308,1.7307692307692308,2.161764705882353
789c481f0a80a20af2baef32,2.946428571428571,-0.3333333333333333,-0.3333333333333333,2.946428571428571
8e1e17de4d050bea947f5724,1.986842105263158,1.4,1.4,1.986842105263158
8f802f6f5a2f9d93a3fc3572,2.3666666666666667,0.08333333333333331,0.08333333333333331,2.3666666666666667
9f23ef2d11e40b6b84df5df3,1.5,2.75,2.75,1.5
e313586aa2bb7c5b00c305ee,2.15,1.0,1.0,2.15
f0e54da72c660ed0dbf09d90,1.61,0.8611111111111112,0.8611111111111112,1.61
fb8996fb7380056438be5fca,1.3863636363636362,0.5833333333333333,0.5833333333333333,1.3863636363636362
0c0019ded9ce1084a8ab0a8f,1.4852941176470589,1.25,1.25,1.4852941176470589
2a7738327fa7f38c25e9fb7d,2.2884615384615388,1.2,1.2,2.2884615384615388
4dbfc02a6fa2dd6f98aa0fed,2.7717391304347827,2.0,2.0,2.7717391304347827
6261b3ebeef379c2c7a5a0f8,1.95,2.0833333333333335,2.0833333333333335,1.95
7b57d2616210da52f76ee73a,1.6630434782608696,1.138888888888889,1.138888888888889,1.6630434782608696
87e4f1c97b563166e0ac49fe,1.3333333333333333,0.7794117647058824,0.7794117647058824,1.3333333333333333
8fbb8356f3ed3eb04ed35a2f,1.3499999999999999,1.4423076923076923,1.4423076923076923,1.3499999999999999
a3cfe046650d9c42e8f4f9a2,1.8333333333333333,1.1071428571428572,1.1071428571428572,1.8333333333333333
b13ed6773de6a9b8c0ca58e9,2.1875,1.9444444444444444,1.9444444444444444,2.1875
b90d7afff2fea99997354b1f,2.0833333333333335,1.4166666666666665,1.4166666666666665,2.0833333333333335
c0471143efd34ab7615ef9f6,1.0294117647058825,0.13888888888888884,0.13888888888888884,1.0294117647058825
c317ab81f0516a228f7d1432,1.5227272727272727,1.25,1.25,1.5227272727272727
4b5e9df518c68aace0422d3b,1.1590909090909092,0.8333333333333334,0.8333333333333334,1.1590909090909092
763a5828cb7a0638454cdf29,1.6071428571428572,1.4,1.4,1.6071428571428572
943d14e70086d2e350714c93,1.0384615384615383,1.25,1.25,1.0384615384615383
96167103ef32ef045b9a9778,2.15,0.8333333333333334,0.8333333333333334,2.15
9fe09a73c691571b44a18eb4,0.8571428571428572,1.3888888888888888,1.3888888888888888,0.8571428571428572
a867080aa1f912110f8e2bda,1.1944444444444444,-0.16666666666666669,-0.16666666666666669,1.1944444444444444
c20608cb1515b3821f428473,1.2045454545454546,1.3333333333333333,1.3333333333333333,1.2045454545454546
c2d1768e29d399d72ccce984,2.65,1.25,1.25,2.65
fe7d26a4fb2c4c3b229a7622,1.75,1.25,1.25,1.75
FD:2021-22:D1:20220506:Bochum:Bielefeld,0.6484375,1.109375,1.109375,0.6484375
global-fd99eb170944ca073ea05509,0.6346153846153847,1.1423076923076922,1.1423076923076922,0.6346153846153847
FD:2021-22:D1:20220507:FC Koln:Wolfsburg,1.09375,1.6640625,1.6640625,1.09375
FD:2021-22:D1:20220507:Freiburg:Union Berlin,1.609375,1.84375,1.84375,1.609375
FD:2021-22:D1:20220507:Greuther Furth:Dortmund,2.203125,0.1640625,0.1640625,2.203125
FD:2021-22:D1:20220507:Hertha:Mainz,1.34375,0.78125,0.78125,1.34375
FD:2021-22:D1:20220507:Hoffenheim:Leverkusen,2.046875,1.46875,1.46875,2.046875
global-0677d211e221bb73f5873e66,2.069230769230769,1.4384615384615385,1.4384615384615385,2.069230769230769
global-167cfce1cb00412e5956ac09,1.6423076923076922,1.8038461538461539,1.8038461538461539,1.6423076923076922
global-5e3bf34f725235ae175b3417,2.223076923076923,0.15384615384615385,0.15384615384615385,2.223076923076923
global-90310193a2c9189959ef6e76,1.126923076923077,1.6346153846153848,1.6346153846153848,1.126923076923077
global-1cd79c4d5e8d7168a7c92e0e,1.0068493150684932,1.0642857142857143,1.0642857142857143,1.0068493150684932
global-227e3443b469890e2d81350b,1.3626760563380282,0.8854166666666666,0.8854166666666666,1.3626760563380282
global-4590e583177edf6a7f305ef9,0.37500000000000006,1.1041666666666667,1.1041666666666667,0.37500000000000006
global-9c15137d7ce8b80f981fb66b,1.2534722222222223,2.0590277777777777,2.0590277777777777,1.2534722222222223
global-0a5e2394f4f214c74edada4a,1.8986486486486487,1.1164383561643836,1.1164383561643836,1.8986486486486487
global-c67f7dedd850a82f19146375,1.373076923076923,0.7653846153846153,0.7653846153846153,1.373076923076923
global-a86179ab2c8ab49efe695211,1.8576388888888888,2.4097222222222223,2.4097222222222223,1.8576388888888888
FD:2021-22:D1:20220508:Bayern Munich:Stuttgart,0.7578125,2.8125,2.8125,0.7578125
FD:2021-22:D1:20220508:Ein Frankfurt:M'gladbach,1.1953125,1.21875,1.21875,1.1953125
FD:2021-22:D1:20220508:RB Leipzig:Augsburg,0.984375,1.9296875,1.9296875,0.984375
global-1251264e12028df42c128610,1.2077464788732395,1.5633802816901408,1.5633802816901408,1.2077464788732395
global-2b764f7f1be26d7a507a0619,1.201388888888889,1.8229166666666667,1.8229166666666667,1.201388888888889
global-f6b29fbc8b6b4d2502d12b2f,1.678082191780822,0.2573529411764706,0.2573529411764706,1.678082191780822
global-7ed515c28acc12230f158746,1.1923076923076923,1.2153846153846155,1.2153846153846155,1.1923076923076923
global-aa8583bdd682580e2f12feeb,0.7615384615384615,2.784615384615385,2.784615384615385,0.7615384615384615
global-ea0f618ae2e565456ddaf050,1.095890410958904,2.743055555555556,2.743055555555556,1.095890410958904
global-0ca0760e05a566e562729606,0.9538461538461538,1.9615384615384615,1.9615384615384615,0.9538461538461538
global-3ab00b883ecf806e1f3a4e85,2.3904109589041096,1.3923611111111112,1.3923611111111112,2.3904109589041096
global-b0f471f92268f865a40e4ab8,2.0445205479452055,1.1815068493150684,1.1815068493150684,2.0445205479452055
global-51027373fc735c70471d9ec5,0.22142857142857142,1.5381944444444444,1.5381944444444444,0.22142857142857142
global-badce88f4598a3e021c2fc0a,1.2361111111111112,0.35714285714285715,0.35714285714285715,1.2361111111111112
global-1adb671c348b6265f77fd929,2.7636986301369864,1.25,1.25,2.7636986301369864
global-a2572c8f80d172836119c496,1.8424657534246576,1.845890410958904,1.845890410958904,1.8424657534246576
FD:2021-22:D1:20220514:Augsburg:Greuther Furth,0.14393939393939392,0.9242424242424242,0.9242424242424242,0.14393939393939392
FD:2021-22:D1:20220514:Bielefeld:RB Leipzig,1.9924242424242424,0.6212121212121213,0.6212121212121213,1.9924242424242424
FD:2021-22:D1:20220514:Dortmund:Hertha,0.75,2.242424242424242,2.242424242424242,0.75
FD:2021-22:D1:20220514:Leverkusen:Freiburg,1.7651515151515151,2.090909090909091,2.090909090909091,1.7651515151515151
FD:2021-22:D1:20220514:M'gladbach:Hoffenheim,1.4090909090909092,1.1893939393939394,1.1893939393939394,1.4090909090909092
FD:2021-22:D1:20220514:Mainz:Ein Frankfurt,1.2121212121212122,1.4015151515151514,1.4015151515151514,1.2121212121212122
FD:2021-22:D1:20220514:Stuttgart:FC Koln,1.606060606060606,0.7651515151515151,0.7651515151515151,1.606060606060606
FD:2021-22:D1:20220514:Union Berlin:Bochum,1.1742424242424243,1.6742424242424243,1.6742424242424243,1.1742424242424243
FD:2021-22:D1:20220514:Wolfsburg:Bayern Munich,2.757575757575758,1.1590909090909092,1.1590909090909092,2.757575757575758
global-00d7c9246f426d23617f382c,1.373134328358209,1.2313432835820894,1.2313432835820894,1.373134328358209
global-27c7ed19c8b8be44a5a1ac11,1.578358208955224,0.8022388059701493,0.8022388059701493,1.578358208955224
global-5df09e9809cd3838a252f3a6,0.7350746268656716,2.257462686567164,2.257462686567164,0.7350746268656716
global-6772c3db93d5e0af9598fa2d,1.7350746268656718,2.1082089552238807,2.1082089552238807,1.7350746268656718
global-77323e9e3de138c8af611f95,2.7313432835820897,1.1567164179104479,1.1567164179104479,2.7313432835820897
global-7ff9547d969c986f949d41fc,0.13805970149253732,0.9589552238805971,0.9589552238805971,0.13805970149253732
global-828ac125601f6e62db879f8e,1.9776119402985075,0.6268656716417911,0.6268656716417911,1.9776119402985075
global-98a891ac314ca6eb9d339bf5,1.1529850746268657,1.6977611940298507,1.6977611940298507,1.1529850746268657
global-bab42165f0d280a6594a1640,1.208955223880597,1.3955223880597014,1.3955223880597014,1.208955223880597
global-58b0244b4548a1eff0b464d2,0.8664383561643836,1.8716216216216217,1.8716216216216217,0.8664383561643836
global-163754308357ccf5e3bd47e4,1.5684931506849316,0.37499999999999994,0.37499999999999994,1.5684931506849316
global-6b15a0e8f12321179b410199,0.19444444444444448,1.2195945945945945,1.2195945945945945,0.19444444444444448
global-94477331dd7842eeddb5afdf,2.7804054054054053,1.7094594594594597,1.7094594594594597,2.7804054054054053
global-ce5941bf1c9b7e32d5431f6f,1.1335616438356164,1.3698630136986303,1.3698630136986303,1.1335616438356164
global-d20fe147c4db6df8629d1790,1.1554054054054055,1.1554054054054055,1.1554054054054055,1.1554054054054055
global-b8f46d71b34fb9f1e92510e0,1.1388888888888888,1.2328767123287672,1.2328767123287672,1.1388888888888888
global-e42734cf60a0e64fa579a3da,1.8074324324324325,1.0641891891891893,1.0641891891891893,1.8074324324324325
0d7d0126193be695c469b576,1.0,2.375,2.375,1.0
3341ad464b5e2ec35489d6be,1.027777777777778,2.6979166666666665,2.6979166666666665,1.027777777777778
4e7df2028d5bf190e8709827,1.21875,1.375,1.375,1.21875
598c5c008603e4271cf6ec58,0.6875,2.107142857142857,2.107142857142857,0.6875
6651e5dea85fe402ee8870a4,2.875,1.25,1.25,2.875
76bcb28f7efc94b3915c1470,1.375,1.175,1.175,1.375
7a5ec93bc0add0aaa1d7d9a6,0.9375,2.0749999999999997,2.0749999999999997,0.9375
89b4b05cdf2c2203376f0565,1.125,0.5625,0.5625,1.125
c275d44743ca291c0b406fa0,1.8125,1.7291666666666667,1.7291666666666667,1.8125
e1d6add65bb2c9d8c224303e,1.75,0.22499999999999998,0.22499999999999998,1.75
e6002c6ee222db3dad133db2,1.75,1.5625,1.5625,1.75
eca19ec5e7de4e6f14083838,0.9500000000000001,1.0999999999999999,1.0999999999999999,0.9500000000000001
global-9f7b678ef9cf7f3a733e6410,2.402027027027027,0.9831081081081082,0.9831081081081082,2.402027027027027
2cf183abd3ce69cd21fcc843,0.875,-0.04999999999999999,-0.04999999999999999,0.875
5916e6d85557a582a37ec49c,1.3125,2.9913793103448274,2.9913793103448274,1.3125
73f3f8441a981aeb531e09f3,0.9166666666666667,1.75,1.75,0.9166666666666667
8a18633dd190320a3c88ae43,0.0,1.75,1.75,0.0
8d1d1ca2ba731c2a8b290058,1.5384615384615385,1.1666666666666667,1.1666666666666667,1.5384615384615385
9936ba17599c240d3e3cc410,-0.5625,1.075,1.075,-0.5625
a3ba12e3a25c4ddd39f7f6d5,2.0,1.9749999999999999,1.9749999999999999,2.0
c24618a82a72a44c36936f69,1.1875,1.4204545454545454,1.4204545454545454,1.1875
c89e989230c61f2f718c5a21,2.2222222222222223,2.375,2.375,2.2222222222222223
ccab5c92eb750fcbc0388a5a,0.625,1.5892857142857142,1.5892857142857142,0.625
e255f2bf4cb5137905e55002,1.1875,1.2083333333333335,1.2083333333333335,1.1875
f0c3c948ee6ae9399f17eacb,1.3333333333333333,1.8125,1.8125,1.3333333333333333
071a02dfe39ba3b022d3d62e,1.5416666666666667,1.6,1.6,1.5416666666666667
09538899fbf501fb43e0c855,1.0357142857142856,2.375,2.375,1.0357142857142856
1da1af451fca635d2d02e13b,0.41666666666666663,2.0875,2.0875,0.41666666666666663
4f892492cbc9b134e0a46688,1.0,1.3125,1.3125,1.0
549e337143ca071a7f7eea14,1.8125,1.3214285714285716,1.3214285714285716,1.8125
7468e95a40884b37e7d7ed93,1.6666666666666667,1.9047619047619047,1.9047619047619047,1.6666666666666667
a308745fd3dd66e170632281,1.3888888888888888,2.421875,2.421875,1.3888888888888888
fceeb2e0dbff489b1165d5dc,1.175,2.105769230769231,2.105769230769231,1.175
global-1c9dda90f89c95c159e08af9,1.1317567567567566,1.2128378378378377,1.2128378378378377,1.1317567567567566
global-7dc05cec4457ac9a932caf23,0.8513513513513513,1.364864864864865,1.364864864864865,0.8513513513513513
global-9db63480720b0c8583a2dfc6,1.6013513513513513,2.0675675675675675,2.0675675675675675,1.6013513513513513
global-24c3359c5bd40a438f885ea5,1.0966666666666667,0.8533333333333334,0.8533333333333334,1.0966666666666667
global-4b91aa1b34ee844a5f98d25d,1.3599999999999999,2.756666666666667,2.756666666666667,1.3599999999999999
global-58905856041f85452e3c3d08,1.1533333333333333,1.1959459459459458,1.1959459459459458,1.1533333333333333
global-5ef6f49009fc41a7349f98cb,1.86,1.1133333333333335,1.1133333333333335,1.86
global-9f5f6c160b961aea52aed2d5,1.24,1.7766666666666666,1.7766666666666666,1.24
global-af8f979309cb3cba120b5751,1.8900000000000001,0.21621621621621623,0.21621621621621623,1.8900000000000001
global-d427c762b2e25ee9f6c527bf,1.7,1.1533333333333333,1.1533333333333333,1.7
global-dbe35a848c12447262dc4db7,0.33783783783783783,2.0533333333333332,2.0533333333333332,0.33783783783783783
global-e5b90f89fe40fabd3aa2b6ae,1.2166666666666668,2.413333333333333,2.413333333333333,1.2166666666666668
global-efa73cb229ab87c99e9135a8,0.9666666666666667,1.5933333333333335,1.5933333333333335,0.9666666666666667
358a0fd91b6e0c86166dcb65,0.95,1.3478260869565217,1.3478260869565217,0.95
51bb01feda8e2d86b9f43be9,1.3181818181818183,3.0,3.0,1.3181818181818183
549fd22a692570660a61a596,1.107142857142857,1.2115384615384617,1.2115384615384617,1.107142857142857
615ad5aa23186818bc6dfdb1,1.1428571428571428,1.95,1.95,1.1428571428571428
63c2fd7ef3e0454d96bd2540,2.95,1.346153846153846,1.346153846153846,2.95
9cf687b5dc14e6e25d479a44,0.2954545454545454,2.7399999999999998,2.7399999999999998,0.2954545454545454
a97e3a1d5783785377bbff38,1.4444444444444444,1.4285714285714286,1.4285714285714286,1.4444444444444444
c1c44a9c1d0b10883b701d97,0.8055555555555556,1.9285714285714286,1.9285714285714286,0.8055555555555556
c4c1b3681aae43cf79a9eb7f,-0.6000000000000001,1.0,1.0,-0.6000000000000001
ca997a69bda8db79b750757e,0.65,1.972222222222222,1.972222222222222,0.65
ee0d3fe803759bc9471bac06,1.6,0.9342105263157894,0.9342105263157894,1.6
ff72ae4eb9151ffef24f6da5,2.1818181818181817,1.8863636363636362,1.8863636363636362,2.1818181818181817
059554041ab5a22ce4d9bdf3,2.568181818181818,2.1785714285714284,2.1785714285714284,2.568181818181818
0ada3495b9ed0b7c57054d05,1.6500000000000001,0.9166666666666666,0.9166666666666666,1.6500000000000001
37b358d070162242483c6c3a,-0.09090909090909088,2.1759259259259256,2.1759259259259256,-0.09090909090909088
4cb02949e2f1d848fce085a3,0.9642857142857143,2.571428571428571,2.571428571428571,0.9642857142857143
6bff31c27c9edceb181aade5,1.6,2.485294117647059,2.485294117647059,1.6
7bbee2b7892b43661919dca3,0.8552631578947368,1.346153846153846,1.346153846153846,0.8552631578947368
86ca747640aedfb0181d7ff6,1.6500000000000001,1.892857142857143,1.892857142857143,1.6500000000000001
ba7064c3aa05658d6f13dba4,2.05,1.1590909090909092,1.1590909090909092,2.05
d0ca0d920a14287934b3b3ef,0.2,1.2894736842105263,1.2894736842105263,0.2
df2ee2eade76d2f21a428c1b,0.6428571428571428,0.21428571428571425,0.21428571428571425,0.6428571428571428
f397c4a0396ea68a3f26a040,1.3,1.8068181818181819,1.8068181818181819,1.3
fd5f45fa276cf78ab1c409ff,1.4,0.9772727272727273,0.9772727272727273,1.4
072fbe1815cfa7dea3291f8f,1.8,1.7000000000000002,1.7000000000000002,1.8
1458e4631c99943704f16c25,1.090909090909091,1.346153846153846,1.346153846153846,1.090909090909091
250139d4882a7c8f8eed6b3f,0.9545454545454545,1.4629629629629628,1.4629629629629628,0.9545454545454545
7b5d6b7eb21ea958347c91f7,1.4642857142857144,0.5555555555555556,0.5555555555555556,1.4642857142857144
bbb558c06a68e2b7e2390171,1.5454545454545454,2.2,2.2,1.5454545454545454
c1750b180c6ba9b6cc9e0de2,1.4666666666666666,2.55,2.55,1.4666666666666666
e1201def8d9c25ec852e158e,0.8409090909090909,1.6500000000000001,1.6500000000000001,0.8409090909090909
fb907c4ae863fa074a70385a,1.15,2.0921052631578947,2.0921052631578947,1.15
9d2678963e366ccce6126dd7,2.333333333333333,1.625,1.625,2.333333333333333
a29acc9136bf131281e8b2e4,1.75,1.4479166666666665,1.4479166666666665,1.75
a6b69635f0bcb8a6d277aee7,2.2916666666666665,,,2.2916666666666665
0aa0cabdc19181c4bf1c80c5,1.875,0.375,0.375,1.875
0c2a7a0b252fb7a072cc1386,2.267857142857143,1.5357142857142858,1.5357142857142858,2.267857142857143
574c77cd7411d1617e480486,1.6666666666666667,1.875,1.875,1.6666666666666667
578b8ec579870409b88d771f,2.1624999999999996,1.5,1.5,2.1624999999999996
5e2003440b230a733782d212,3.024193548387097,1.2321428571428572,1.2321428571428572,3.024193548387097
6afcd8bed1d59a9b03d41184,2.7596153846153846,1.875,1.875,2.7596153846153846
f998346a9172d26b06035812,2.6458333333333335,,,2.6458333333333335
10fb874c3837a8ae249f5398,2.65625,1.6666666666666667,1.6666666666666667,2.65625
19f2b345befd06d070e8a449,2.0833333333333335,,,2.0833333333333335
2c7b45e1bf33b6f9b5d0038c,1.8695652173913042,0.25,0.25,1.8695652173913042
4cf79085ba0ebf7195909b24,2.2916666666666665,1.7083333333333335,1.7083333333333335,2.2916666666666665
1b785e9d800aa7fd4cf7a506,1.53,1.5769230769230769,1.5769230769230769,1.53
56c5fafc4afb0805f4a99838,1.5357142857142858,2.263157894736842,2.263157894736842,1.5357142857142858
f20ff5c5ed08e4762a41a358,3.5,1.8928571428571428,1.8928571428571428,3.5
0888b1ef687d2ad1f27b7271,1.6500000000000001,2.1810344827586206,2.1810344827586206,1.6500000000000001
348c58a9d40307011f086a09,1.5714285714285714,2.777777777777778,2.777777777777778,1.5714285714285714
38dcadb6a7c22be8c14beaf9,1.4444444444444444,2.107142857142857,2.107142857142857,1.4444444444444444
3971abeed67d73c9cfb3277a,-0.25,2.692307692307692,2.692307692307692,-0.25
4a162b6dc7c248b71a813ad1,1.75,1.5714285714285714,1.5714285714285714,1.75
9c054ab46d6288e86cb42b1a,0.5833333333333333,1.7954545454545454,1.7954545454545454,0.5833333333333333
b4a5e858ba1884082b2ecd43,1.0999999999999999,3.046875,3.046875,1.0999999999999999
11f64c6606678f5bb87ad1e1,1.3571428571428572,2.75,2.75,1.3571428571428572
9226f8aeadb920cf77598bbc,1.25,1.78125,1.78125,1.25
b494ca5dabc4cd81dc163e23,3.5,1.8846153846153846,1.8846153846153846,3.5
dba8556726a6171e84e39a8d,1.6071428571428572,2.107142857142857,2.107142857142857,1.6071428571428572
33e5e38d8460351a2a3316f0,1.1875,1.3125,1.3125,1.1875
6d20c3fe5bcacb81c53866a4,2.8392857142857144,1.5416666666666667,1.5416666666666667,2.8392857142857144
ab1b958ae466d1a3b4be5347,2.0,1.596153846153846,1.596153846153846,2.0
7dde1d81bdceeec9441ba928,3.0833333333333335,2.3125,2.3125,3.0833333333333335
9ee1d6b3b61d06d944655e61,1.96875,1.609375,1.609375,1.96875
ff8569e086dfc82715efb93a,2.767857142857143,2.85,2.85,2.767857142857143
8d4e55e2d57741587a24f07f,2.125,2.159090909090909,2.159090909090909,2.125
c8e062134e680e28a825b933,2.3125,1.5357142857142858,1.5357142857142858,2.3125
FD:2022-23:D1:20220805:Ein Frankfurt:Bayern Munich,2.7058823529411766,1.2058823529411766,1.2058823529411766,2.7058823529411766
global-afc1eeda35f771c347eb6ca7,2.7282608695652173,1.1702898550724639,1.1702898550724639,2.7282608695652173
global-09f2733329f73b0f3616c26d,1.805921052631579,1.1414473684210527,1.1414473684210527,1.805921052631579
FD:2022-23:D1:20220806:Augsburg:Freiburg,1.7058823529411764,0.9926470588235294,0.9926470588235294,1.7058823529411764
FD:2022-23:D1:20220806:Bochum:Mainz,1.3897058823529413,1.1323529411764706,1.1323529411764706,1.3897058823529413
FD:2022-23:D1:20220806:Dortmund:Leverkusen,2.125,2.2720588235294117,2.2720588235294117,2.125
FD:2022-23:D1:20220806:M'gladbach:Hoffenheim,1.3382352941176472,1.2720588235294117,1.2720588235294117,1.3382352941176472
FD:2022-23:D1:20220806:Union Berlin:Hertha,0.7205882352941176,1.7205882352941178,1.7205882352941178,0.7205882352941176
FD:2022-23:D1:20220806:Wolfsburg:Werder Bremen,,1.1544117647058825,1.1544117647058825,
global-48e976df5a9efbd4cc13eed3,2.427631578947368,0.5657894736842105,0.5657894736842105,2.427631578947368
global-5d40cc48d827a7390ff1be06,1.0,1.1521739130434783,1.1521739130434783,1.0
global-957db5f11e9a4aef1edc6e48,1.4166666666666665,1.1123188405797102,1.1123188405797102,1.4166666666666665
global-b4656d5fd7af813d305c02aa,1.3115942028985506,1.3043478260869565,1.3043478260869565,1.3115942028985506
global-e29bf18602b1d73a6ab57491,1.7391304347826086,0.963768115942029,0.963768115942029,1.7391304347826086
global-ec83f299af13386d2166caa4,0.7028985507246377,1.7463768115942029,1.7463768115942029,0.7028985507246377
global-ae07edfed90f472640d63450,,1.125,1.125,
global-edcfe3fa8b9d553676b1e809,1.194078947368421,1.180921052631579,1.180921052631579,1.194078947368421
global-f0f3abbc3b16917d9f2ad942,0.944078947368421,1.9210526315789473,1.9210526315789473,0.944078947368421
global-f51fc3c2e8f7550965c0e81e,1.3388157894736843,,,1.3388157894736843
global-84ff229fcff1cbb1293f7351,2.0690789473684212,1.2105263157894737,1.2105263157894737,2.0690789473684212
global-bc2185046091f7be7a145881,2.0905797101449277,2.286231884057971,2.286231884057971,2.0905797101449277
FD:2022-23:D1:20220807:FC Koln:Schalke 04,,1.551470588235294,1.551470588235294,
FD:2022-23:D1:20220807:Stuttgart:RB Leipzig,1.963235294117647,0.8382352941176471,0.8382352941176471,1.963235294117647
global-0c4122a4cc390444dd886678,1.1842105263157894,1.8322368421052633,1.8322368421052633,1.1842105263157894
global-bbdee350b6f3b6f8b8b72d4e,1.1578947368421053,1.6217105263157894,1.6217105263157894,1.1578947368421053
global-f0689abd9d5714d13ac63cd9,1.9492753623188406,0.8405797101449275,0.8405797101449275,1.9492753623188406
global-621cdfed9e8e8b0294b57299,2.763157894736842,1.6710526315789473,1.6710526315789473,2.763157894736842
global-70d8770c830a2417157d3164,-0.5,1.5797101449275361,1.5797101449275361,-0.5
0bd363e304ccc1b4d7e44e73,1.0,1.6,1.6,1.0
455f4dc1dbb264fc44b018a3,1.25,2.8620689655172415,2.8620689655172415,1.25
c41141b2d7cf7c90ea7f436f,1.527777777777778,2.0833333333333335,2.0833333333333335,1.527777777777778
10eb72845dd055290df5206b,1.7058823529411764,1.7222222222222223,1.7222222222222223,1.7058823529411764
3835f5b0c16540c7e5df8c83,2.8863636363636362,2.566666666666667,2.566666666666667,2.8863636363636362
471af5588c55ddaf1239cde4,2.25,3.022058823529412,3.022058823529412,2.25
673d4432ceb9e4679b829118,1.5,2.1666666666666665,2.1666666666666665,1.5
7b3a82fc0fb56a6541d60f7d,2.108695652173913,2.0,2.0,2.108695652173913
FD:2022-23:D1:20220812:Freiburg:Dortmund,2.3,1.7714285714285716,1.7714285714285716,2.3
global-6aea9864d414b58d074477c0,2.316901408450704,1.73943661971831,1.73943661971831,2.316901408450704
FD:2022-23:D1:20220813:Hertha:Ein Frankfurt,1.1357142857142857,0.6857142857142857,0.6857142857142857,1.1357142857142857
FD:2022-23:D1:20220813:Hoffenheim:Bochum,1.0928571428571427,1.2857142857142858,1.2857142857142858,1.0928571428571427
FD:2022-23:D1:20220813:Leverkusen:Augsburg,0.9357142857142856,2.057142857142857,2.057142857142857,0.9357142857142856
FD:2022-23:D1:20220813:RB Leipzig:FC Koln,1.6071428571428572,1.9357142857142857,1.9357142857142857,1.6071428571428572
FD:2022-23:D1:20220813:Schalke 04:M'gladbach,1.3357142857142856,-0.5,-0.5,1.3357142857142856
FD:2022-23:D1:20220813:Werder Bremen:Stuttgart,0.8428571428571429,1.0,1.0,0.8428571428571429
global-2fb33b87e44c70d82e80c0d7,1.1915584415584415,1.3149350649350648,1.3149350649350648,1.1915584415584415
global-00bb360da5a5bbc9cf0e34d9,1.5985915492957745,1.9225352112676055,1.9225352112676055,1.5985915492957745
global-3600203e5f4cfabc71fb4f4e,1.1338028169014085,0.6901408450704225,0.6901408450704225,1.1338028169014085
global-423aee5fe28ca4ebd25cdf97,0.9683098591549296,2.0246478873239435,2.0246478873239435,0.9683098591549296
global-a9a8e2ae94282b694a40a697,1.073943661971831,1.3133802816901408,1.3133802816901408,1.073943661971831
global-dbd46499e10a5415cc680c05,0.8450704225352113,1.0,1.0,0.8450704225352113
global-0bbea84238c5f44eb41b44fd,1.6136363636363635,1.827922077922078,1.827922077922078,1.6136363636363635
global-1a0b2f30d55df1014c9faa4f,1.2077922077922079,0.922077922077922,0.922077922077922,1.2077922077922079
global-1b660267b045be215f0aac2d,1.155844155844156,1.2110389610389611,1.2110389610389611,1.155844155844156
global-8c0e187b05dc8400e05a82b8,3.5,2.772727272727273,2.772727272727273,3.5
global-db74a11e0fc5689c64ed4ae0,0.576923076923077,1.1753246753246753,1.1753246753246753,0.576923076923077
global-6dcf64592d4703aee74a7f86,1.3309859154929577,0.0,0.0,1.3309859154929577
global-de8ae9e7da2048fa3c68d852,1.805194805194805,1.1538461538461537,1.1538461538461537,1.805194805194805
FD:2022-23:D1:20220814:Bayern Munich:Wolfsburg,1.1500000000000001,2.75,2.75,1.1500000000000001
FD:2022-23:D1:20220814:Mainz:Union Berlin,1.7714285714285714,1.4428571428571428,1.4428571428571428,1.7714285714285714
global-77d24e3a51c46d7a60c17236,1.6428571428571428,-0.5,-0.5,1.6428571428571428
global-80f952c6a4a43165d06e921f,1.76056338028169,1.436619718309859,1.436619718309859,1.76056338028169
global-530492f03a4c61a5c12becfb,1.9448051948051948,2.0844155844155843,2.0844155844155843,1.9448051948051948
global-7c59e2842127b5ec5b2711e7,1.1267605633802815,2.76056338028169,2.76056338028169,1.1267605633802815
global-11ebe7b6a19f53ef2ea32beb,1.12012987012987,2.409090909090909,2.409090909090909,1.12012987012987
FD:2022-23:D1:20220819:M'gladbach:Hertha,0.6944444444444444,1.3263888888888888,1.3263888888888888,0.6944444444444444
global-2628041947647cbc7443103d,0.6815068493150684,1.3527397260273972,1.3527397260273972,0.6815068493150684
FD:2022-23:D1:20220820:Augsburg:Mainz,1.4305555555555556,1.0,1.0,1.4305555555555556
FD:2022-23:D1:20220820:Dortmund:Werder Bremen,1.0,2.3333333333333335,2.3333333333333335,1.0
FD:2022-23:D1:20220820:Leverkusen:Hoffenheim,1.340277777777778,1.9930555555555554,1.9930555555555554,1.340277777777778
FD:2022-23:D1:20220820:Stuttgart:Freiburg,1.7083333333333335,0.8472222222222222,0.8472222222222222,1.7083333333333335
FD:2022-23:D1:20220820:Union Berlin:RB Leipzig,1.9097222222222223,1.75,1.75,1.9097222222222223
FD:2022-23:D1:20220820:Wolfsburg:Schalke 04,0.25,1.1041666666666667,1.1041666666666667,0.25
global-c855e44b45350dd447ca13ce,1.1730769230769231,1.9326923076923077,1.9326923076923077,1.1730769230769231
global-21ae42b82b501a1d6103a00e,1.7294520547945207,0.8321917808219177,0.8321917808219177,1.7294520547945207
global-62076c19483794bf2ab66b1f,0.39999999999999997,1.1027397260273974,1.1027397260273974,0.39999999999999997
global-98d54a42af259159e0ccdef4,1.3732876712328768,1.9554794520547945,1.9554794520547945,1.3732876712328768
global-b40d5a703e34a580a38d25bc,1.45,2.2979452054794525,2.2979452054794525,1.45
global-f483b92f706817c2348fdf23,1.4554794520547947,0.9828767123287672,0.9828767123287672,1.4554794520547947
global-4c9618e318a443c84b4fa824,0.923076923076923,1.5865384615384615,1.5865384615384615,0.923076923076923
global-6e6b9b048ecb93081429c216,1.3397435897435896,1.1185897435897436,1.1185897435897436,1.3397435897435896
global-a2c2da0e34c3bebe97e7b1c9,1.375,1.1730769230769231,1.1730769230769231,1.375
global-d881fe225c7d00c8f8672621,1.225,0.5875,0.5875,1.225
global-180faff787c4196381bab97f,1.8801369863013697,1.7705479452054793,1.7705479452054793,1.8801369863013697
global-f85f45ee1cfe38e212b7dbcb,1.8493589743589745,1.25,1.25,1.8493589743589745
FD:2022-23:D1:20220821:Bochum:Bayern Munich,2.770833333333333,1.0555555555555556,1.0555555555555556,2.770833333333333
FD:2022-23:D1:20220821:Ein Frankfurt:FC Koln,1.590277777777778,1.1319444444444444,1.1319444444444444,1.590277777777778
global-181847faf947e9b2d50ee648,1.2083333333333335,1.6185897435897436,1.6185897435897436,1.2083333333333335
global-fe3b07c3a49b48fa6ef18772,2.0705128205128207,1.2051282051282053,1.2051282051282053,2.0705128205128207
global-5499ecbda1ce90aa4fe17136,1.5821917808219177,1.13013698630137,1.13013698630137,1.5821917808219177
global-be0e39bba6f1d72b797b3ed4,2.7884615384615383,1.1538461538461537,1.1538461538461537,2.7884615384615383
global-c0a8b154061f4cfba545b099,2.797945205479452,1.0171232876712328,1.0171232876712328,2.797945205479452
global-47ff3bd982d5416fa683b271,2.391025641025641,1.7692307692307692,1.7692307692307692,2.391025641025641
FD:2022-23:D1:20220826:Freiburg:Bochum,0.9797297297297297,1.75,1.75,0.9797297297297297
global-25ba0f22dd96ad9eee8536b4,0.9633333333333334,1.77,1.77,0.9633333333333334
FD:2022-23:D1:20220827:Bayern Munich:M'gladbach,1.3783783783783785,2.824324324324324,2.824324324324324,1.3783783783783785
FD:2022-23:D1:20220827:Hertha:Dortmund,2.2635135135135136,0.668918918918919,0.668918918918919,2.2635135135135136
FD:2022-23:D1:20220827:Hoffenheim:Augsburg,0.9662162162162162,1.4054054054054055,1.4054054054054055,0.9662162162162162
FD:2022-23:D1:20220827:Mainz:Leverkusen,1.918918918918919,1.4797297297297298,1.4797297297297298,1.918918918918919
FD:2022-23:D1:20220827:RB Leipzig:Wolfsburg,1.1013513513513513,1.8513513513513515,1.8513513513513515,1.1013513513513513
FD:2022-23:D1:20220827:Schalke 04:Union Berlin,1.7905405405405406,0.5,0.5,1.7905405405405406
global-74e6cab2ec46c126b2d0ba11,1.7879746835443038,0.9525316455696203,0.9525316455696203,1.7879746835443038
global-30bc90a7fc9ecf928baab5e0,1.08,1.8733333333333333,1.8733333333333333,1.08
global-3995f2859b665cc34ac024b3,1.9433333333333334,1.45,1.45,1.9433333333333334
global-82b8604b771d32ce2ad39536,0.95,1.4300000000000002,1.4300000000000002,0.95
global-abc18a6a12d7a4f456d37103,1.8233333333333333,0.24999999999999994,0.24999999999999994,1.8233333333333333
global-cdd0f68f8ec992fedf61f247,2.276666666666667,0.6566666666666666,0.6566666666666666,2.276666666666667
global-9874196c3b1205ee81e19c0a,1.1708860759493671,1.1890243902439024,1.1890243902439024,1.1708860759493671
global-d4a58d9d86d2eec22fa90c62,1.14873417721519,2.7658227848101267,2.7658227848101267,1.14873417721519
global-deb7ad8932f7b4ff24efc3c5,1.5632911392405064,2.0348101265822787,2.0348101265822787,1.5632911392405064
global-df913940223402bf70ff6d8e,0.5833333333333333,2.3575949367088604,2.3575949367088604,0.5833333333333333
global-ed28b74c3d3adee4cff0312a,1.2373417721518987,1.2373417721518987,1.2373417721518987,1.2373417721518987
global-3775cde05ff055001aba01dd,1.3733333333333333,2.8,2.8,1.3733333333333333
global-b53ff13eaff9095c974eb83e,0.6524390243902439,1.8734177215189873,1.8734177215189873,0.6524390243902439
FD:2022-23:D1:20220828:FC Koln:Stuttgart,0.8175675675675675,1.5743243243243243,1.5743243243243243,0.8175675675675675
FD:2022-23:D1:20220828:Werder Bremen:Ein Frankfurt,1.1283783783783785,1.75,1.75,1.1283783783783785
global-9c2face4219c4c429dd8d839,1.5917721518987342,1.3164556962025318,1.3164556962025318,1.5917721518987342
global-b315b9d148ee535bfca7b7b3,1.1518987341772151,1.1550632911392407,1.1550632911392407,1.1518987341772151
global-5fb1c4a0da63abead7eede7d,0.82,1.5666666666666669,1.5666666666666669,0.82
global-47e3a3a0e41ff839d57abfc7,1.1566666666666667,1.4642857142857144,1.4642857142857144,1.1566666666666667
global-dd87edbd483efcc3fc80dd04,1.9493670886075949,1.25,1.25,1.9493670886075949
c1d0fe14a779a2604b7518e9,2.964285714285714,1.609375,1.609375,2.964285714285714
global-532ee72f4a1c7472537d3955,1.1845238095238095,1.128125,1.128125,1.1845238095238095
global-d14e5994fa836c8a7ee2156d,1.2625,0.6309523809523809,0.6309523809523809,1.2625
global-e547304a87d877c7a6fe45f5,2.0500000000000003,0.9374999999999999,0.9374999999999999,2.0500000000000003
global-c857cf363abfd49e3a84c327,1.16875,1.21875,1.21875,1.16875
996b19315ff6a5cd54563030,2.875,1.7916666666666667,1.7916666666666667,2.875
a7b28942156717c8a4f980b6,2.0625,1.9583333333333333,1.9583333333333333,2.0625
global-2228781b36a4fc43d809e567,1.296875,1.890625,1.890625,1.296875
global-ebf81b9e695f6c4a0f4985b2,1.1531250000000002,-0.125,-0.125,1.1531250000000002
global-f9505523303b7c5e08b0ebee,0.8125,2.775,2.775,0.8125
global-43a07d88e985ce873d949fef,1.96875,1.6125,1.6125,1.96875
global-0a900f73cf6a36bff416e1f2,1.15,2.3937500000000003,2.3937500000000003,1.15
820d6425e57494b916c66306,2.916666666666667,2.1875,2.1875,2.916666666666667
global-6a474375a0210cd356d6a38a,1.8062500000000001,1.5406250000000001,1.5406250000000001,1.8062500000000001
FD:2022-23:D1:20220902:Dortmund:Hoffenheim,1.4539473684210527,2.2894736842105265,2.2894736842105265,1.4539473684210527
global-9b8dfee8e8cead7a973767a5,1.4318181818181819,2.301948051948052,2.301948051948052,1.4318181818181819
FD:2022-23:D1:20220903:Bochum:Werder Bremen,1.25,0.9473684210526316,0.9473684210526316,1.25
FD:2022-23:D1:20220903:Ein Frankfurt:RB Leipzig,1.8947368421052633,1.1842105263157896,1.1842105263157896,1.8947368421052633
FD:2022-23:D1:20220903:Leverkusen:Freiburg,1.789473684210526,1.9671052631578947,1.9671052631578947,1.789473684210526
FD:2022-23:D1:20220903:Stuttgart:Schalke 04,0.0625,0.8223684210526315,0.8223684210526315,0.0625
FD:2022-23:D1:20220903:Union Berlin:Bayern Munich,2.776315789473684,1.8552631578947367,1.8552631578947367,2.776315789473684
FD:2022-23:D1:20220903:Wolfsburg:FC Koln,1.5592105263157896,1.0592105263157896,1.0592105263157896,1.5592105263157896
global-6bb4c0f1413cc77cfb2db1b2,2.404320987654321,1.1666666666666667,1.1666666666666667,2.404320987654321
global-014c1d4be96070630178f40d,1.5,0.9285714285714285,0.9285714285714285,1.5
global-0309880e866af3e94b8d4799,2.7532467532467533,1.844155844155844,1.844155844155844,2.7532467532467533
global-4e89c6b672fe22d6526a67b5,1.8084415584415585,1.9383116883116882,1.9383116883116882,1.8084415584415585
global-996246c520ac65d29052ebe7,1.5844155844155843,1.0389610389610389,1.0389610389610389,1.5844155844155843
global-fababa3cba196a1c5e5efb2d,0.16666666666666669,0.8246753246753247,0.8246753246753247,0.16666666666666669
global-0421d76b70d66d25a82f1948,0.10000000000000009,0.35000000000000003,0.35000000000000003,0.10000000000000009
global-49114a284164cb543f78c3c9,1.6049382716049383,2.021604938271605,2.021604938271605,1.6049382716049383
global-4bcfbee5c146e492a4bae43e,0.9660493827160495,1.1512345679012346,1.1512345679012346,0.9660493827160495
global-51373566831ff83e25905974,1.2160493827160495,1.1802325581395348,1.1802325581395348,1.2160493827160495
global-ab9d5dc37e62a77efd82bf05,0.6918604651162791,1.95679012345679,1.95679012345679,0.6918604651162791
global-d73c7cfbfc7285a49201a7b6,1.126543209876543,1.132716049382716,1.132716049382716,1.126543209876543
global-531401a8ced1af9083c3bf7b,2.7962962962962963,1.277777777777778,1.277777777777778,2.7962962962962963
global-790bc17ade091d710af8e8b3,1.8571428571428572,1.220779220779221,1.220779220779221,1.8571428571428572
FD:2022-23:D1:20220904:Augsburg:Hertha,0.6447368421052632,0.9342105263157895,0.9342105263157895,0.6447368421052632
FD:2022-23:D1:20220904:M'gladbach:Mainz,1.4210526315789473,1.3684210526315788,1.3684210526315788,1.4210526315789473
global-f27fec1e9941a5df355490f3,1.5185185185185186,1.2438271604938271,1.2438271604938271,1.5185185185185186
global-2b1e68661c87614acdb75d5b,0.6818181818181818,0.9155844155844155,0.9155844155844155,0.6818181818181818
global-174e2e3a7dd3188ee752835b,1.9074074074074074,1.824074074074074,1.824074074074074,1.9074074074074074
global-646cdd8eb3755bb2f9acb419,1.4448051948051948,1.3474025974025974,1.3474025974025974,1.4448051948051948
a45549f0a2727163832aa003,1.7058823529411764,2.875,2.875,1.7058823529411764
761880b51dc438d3c9c42fa9,2.2142857142857144,1.95,1.95,2.2142857142857144
b3d7de9be6a11b58b21d277e,1.644736842105263,2.911290322580645,2.911290322580645,1.644736842105263
5104c4ed66297f49889bf04b,2.264705882352941,2.6538461538461537,2.6538461538461537,2.264705882352941
FD:2022-23:D1:20220909:Werder Bremen:Augsburg,0.8974358974358975,1.7000000000000002,1.7000000000000002,0.8974358974358975
global-58526c14a2cb4110a9f03eaa,0.9272151898734177,1.5227272727272727,1.5227272727272727,0.9272151898734177
FD:2022-23:D1:20220910:Bayern Munich:Stuttgart,0.8269230769230769,2.730769230769231,2.730769230769231,0.8269230769230769
FD:2022-23:D1:20220910:Ein Frankfurt:Wolfsburg,1.0192307692307692,1.2564102564102566,1.2564102564102566,1.0192307692307692
FD:2022-23:D1:20220910:Hertha:Leverkusen,1.9102564102564101,0.7179487179487178,0.7179487179487178,1.9102564102564101
FD:2022-23:D1:20220910:Hoffenheim:Mainz,1.467948717948718,1.4102564102564104,1.4102564102564104,1.467948717948718
FD:2022-23:D1:20220910:RB Leipzig:Dortmund,2.3141025641025643,1.8205128205128205,1.8205128205128205,2.3141025641025643
FD:2022-23:D1:20220910:Schalke 04:Bochum,0.9102564102564102,0.25,0.25,0.9102564102564102
global-2268bb02544c722b959377ec,1.0474683544303796,1.2373417721518989,1.2373417721518989,1.0474683544303796
global-8085999b519a5d32471e9014,1.4398734177215189,1.439873417721519,1.439873417721519,1.4398734177215189
global-974b48d2e4044ad528279ebe,2.2753164556962022,1.8449367088607596,1.8449367088607596,2.2753164556962022
global-c225ba9c7109f7db6ee66430,1.8987341772151898,0.7215189873417721,0.7215189873417721,1.8987341772151898
global-d4c1f43f0d61e72eecf257d6,0.8291139240506329,2.7088607594936707,2.7088607594936707,0.8291139240506329
global-d35e23ffe0a5ffb8551a5a8b,0.8924050632911391,0.5454545454545455,0.5454545454545455,0.8924050632911391
FD:2022-23:D1:20220911:FC Koln:Union Berlin,1.8333333333333333,1.608974358974359,1.608974358974359,1.8333333333333333
FD:2022-23:D1:20220911:Freiburg:M'gladbach,1.326923076923077,1.8269230769230769,1.8269230769230769,1.326923076923077
global-e0fb00a0c79288c2476a8b77,1.8512658227848102,1.5854430379746836,1.5854430379746836,1.8512658227848102
global-3e23905820eebfb535a6f42b,1.3227848101265822,1.8164556962025316,1.8164556962025316,1.3227848101265822
FD:2022-23:D1:20220916:Mainz:Hertha,0.725,1.4124999999999999,1.4124999999999999,0.725
global-7458ee00d079aa4972600c99,0.7283950617283951,1.4074074074074074,1.4074074074074074,0.7283950617283951
global-5902e4e4c3e81c849e3f4267,0.951219512195122,1.274390243902439,1.274390243902439,0.951219512195122
global-e3daf3cb2f8a5425e1a61b66,0.6704545454545455,0.24999999999999994,0.24999999999999994,0.6704545454545455
FD:2022-23:D1:20220917:Augsburg:Bayern Munich,2.6875,0.95625,0.95625,2.6875
FD:2022-23:D1:20220917:Dortmund:Schalke 04,0.7916666666666666,2.2375,2.2375,0.7916666666666666
FD:2022-23:D1:20220917:Leverkusen:Werder Bremen,1.375,1.8875,1.8875,1.375
FD:2022-23:D1:20220917:M'gladbach:RB Leipzig,1.86875,1.31875,1.31875,1.86875
FD:2022-23:D1:20220917:Stuttgart:Ein Frankfurt,1.21875,0.8312499999999999,0.8312499999999999,1.21875
global-bd201ed3c2acc0afd3dd6052,2.774390243902439,1.1768292682926829,1.1768292682926829,2.774390243902439
global-0d63e17cbb6a50e3403075ce,2.6512345679012346,0.984567901234568,0.984567901234568,2.6512345679012346
global-901963032f3afa1d2dfeb73d,1.3461538461538463,1.876543209876543,1.876543209876543,1.3461538461538463
global-b7db1410df6947bf85c8cc59,1.2469135802469138,0.8148148148148148,0.8148148148148148,1.2469135802469138
global-deb05e666d2f5728b7bdda3a,0.7115384615384616,2.25,2.25,0.7115384615384616
global-9d9a739b5f2a56d34aa375ff,0.6250000000000001,1.1310975609756098,1.1310975609756098,0.6250000000000001
global-3589e991f5adba86bcf945ea,1.8364197530864197,1.3487654320987654,1.3487654320987654,1.8364197530864197
global-c81781628c42b9ed7bd9922e,1.4908536585365852,1.9725609756097562,1.9725609756097562,1.4908536585365852
FD:2022-23:D1:20220918:Bochum:FC Koln,1.5625,0.875,0.875,1.5625
FD:2022-23:D1:20220918:Hoffenheim:Freiburg,1.80625,1.46875,1.46875,1.80625
FD:2022-23:D1:20220918:Union Berlin:Wolfsburg,1.075,1.86875,1.86875,1.075
global-f7ed9f7f3aa721081d280155,1.878048780487805,1.2386363636363635,1.2386363636363635,1.878048780487805
global-9b610182fdf4f87c025de2ca,1.5823170731707317,1.1646341463414633,1.1646341463414633,1.5823170731707317
global-174c473140db20e2128dfd76,1.0555555555555556,1.8888888888888888,1.8888888888888888,1.0555555555555556
global-a63beaa626234c5ca20efb65,1.5555555555555556,0.8765432098765432,0.8765432098765432,1.5555555555555556
global-b030274ed0596799ab7f515b,1.7962962962962963,1.462962962962963,1.462962962962963,1.7962962962962963
FD:2022-23:D1:20220930:Bayern Munich:Leverkusen,1.8658536585365852,2.6158536585365857,2.6158536585365857,1.8658536585365852
global-616a59de8a2349b80f2fab19,1.8313253012048194,2.6325301204819276,2.6325301204819276,1.8313253012048194
9024649da90ba140d9228ba1,2.40625,2.714285714285714,2.714285714285714,2.40625
FD:2022-23:D1:20221001:Ein Frankfurt:Union Berlin,1.9085365853658538,1.274390243902439,1.274390243902439,1.9085365853658538
FD:2022-23:D1:20221001:FC Koln:Dortmund,2.2621951219512195,1.548780487804878,1.548780487804878,2.2621951219512195
FD:2022-23:D1:20221001:Freiburg:Mainz,1.4024390243902438,1.7865853658536586,1.7865853658536586,1.4024390243902438
FD:2022-23:D1:20221001:RB Leipzig:Bochum,0.8780487804878049,1.8048780487804879,1.8048780487804879,0.8780487804878049
FD:2022-23:D1:20221001:Werder Bremen:M'gladbach,1.3780487804878048,1.3214285714285716,1.3214285714285716,1.3780487804878048
FD:2022-23:D1:20221001:Wolfsburg:Stuttgart,0.7987804878048781,1.0365853658536583,1.0365853658536583,0.7987804878048781
global-9c579d3dd17f518eaa93cab6,1.9969879518072289,1.900602409638554,1.900602409638554,1.9969879518072289
global-589e65daee94f7c96795eb3f,0.786144578313253,1.063253012048193,1.063253012048193,0.786144578313253
global-694a670e8bee1705fa8652c3,1.8795180722891567,1.3012048192771084,1.3012048192771084,1.8795180722891567
global-8ac7dee9aa85242c4c3171b5,2.2319277108433733,1.569277108433735,1.569277108433735,2.2319277108433733
global-9df042a5ede77e997c1dbb2e,1.3825301204819276,1.8042168674698795,1.8042168674698795,1.3825301204819276
global-c7469bc7dd25965c69434564,0.8554216867469879,1.8313253012048194,1.8313253012048194,0.8554216867469879
global-773f50587a2bf6822b33471b,2.0365853658536586,1.125,1.125,2.0365853658536586
global-9293ebf18bd3f5c7e9654659,1.1295180722891567,0.7277777777777779,0.7277777777777779,1.1295180722891567
global-aee30d33990e7903790ceb79,1.1897590361445782,0.9367469879518071,0.9367469879518071,1.1897590361445782
global-d176b10ea1f7539be80c5f9b,1.274390243902439,2.3871951219512195,2.3871951219512195,1.274390243902439
global-d4ea3c1b954d95b1b34ee9f6,1.1944444444444446,0.6785714285714285,0.6785714285714285,1.1944444444444446
global-08c70a27de27853c7e84b5c4,1.3493975903614457,1.5,1.5,1.3493975903614457
global-0d1f5fd764d7d871f170c30e,1.1536144578313252,1.5602409638554218,1.5602409638554218,1.1536144578313252
FD:2022-23:D1:20221002:Hertha:Hoffenheim,1.4573170731707317,0.7317073170731707,0.7317073170731707,1.4573170731707317
FD:2022-23:D1:20221002:Schalke 04:Augsburg,1.0121951219512195,0.6428571428571428,0.6428571428571428,1.0121951219512195
global-ada916f3e46ba067652dd10c,1.8445121951219512,2.786144578313253,2.786144578313253,1.8445121951219512
global-9dbbe4a8c732f244234c7936,1.4518072289156627,0.7349397590361445,0.7349397590361445,1.4518072289156627
global-b787d1f324076e88b9a6406c,1.0391566265060241,0.5833333333333334,0.5833333333333334,1.0391566265060241
global-edd79210be2bf5acf26c1c88,1.2981927710843373,1.1920731707317074,1.1920731707317074,1.2981927710843373
global-62d66ca4c307f8c5e683f7ef,0.17857142857142855,1.4608433734939759,1.4608433734939759,0.17857142857142855
FD:2022-23:D1:20221007:Hoffenheim:Werder Bremen,1.65625,1.4464285714285714,1.4464285714285714,1.65625
global-0dcdf63b02adc90604685f0a,1.75,1.4264705882352942,1.4264705882352942,1.75
FD:2022-23:D1:20221008:Augsburg:Wolfsburg,1.0892857142857142,1.0654761904761905,1.0654761904761905,1.0892857142857142
FD:2022-23:D1:20221008:Bochum:Ein Frankfurt,1.3273809523809523,0.8333333333333333,0.8333333333333333,1.3273809523809523
FD:2022-23:D1:20221008:Dortmund:Bayern Munich,2.648809523809524,2.2023809523809526,2.2023809523809526,2.648809523809524
FD:2022-23:D1:20221008:Leverkusen:Schalke 04,0.53125,1.7976190476190474,1.7976190476190474,0.53125
FD:2022-23:D1:20221008:Mainz:RB Leipzig,1.857142857142857,1.3630952380952381,1.3630952380952381,1.857142857142857
global-3d875dc3e6b72fa8899c0ad3,1.8470588235294116,1.3588235294117648,1.3588235294117648,1.8470588235294116
global-4615d94e043d76b0fac36e04,0.44117647058823534,1.823529411764706,1.823529411764706,0.44117647058823534
global-9739819be68839d5147a0fef,1.088235294117647,1.0647058823529412,1.0647058823529412,1.088235294117647
global-e27a8e67f8acc00eb289befb,1.3029411764705883,0.8676470588235294,0.8676470588235294,1.3029411764705883
global-22265f4c0d46b4b2cfbbb159,1.1339285714285714,2.0512048192771086,2.0512048192771086,1.1339285714285714
global-2674c214bc9acb4b05e8fad6,0.9226190476190476,2.7976190476190474,2.7976190476190474,0.9226190476190476
global-71e6ba2a978ed97a60121f37,1.4910714285714286,0.71875,0.71875,1.4910714285714286
global-a2aec3b70726c2707ef8fd5d,1.190217391304348,1.1607142857142858,1.1607142857142858,1.190217391304348
global-2f4593819f9f310df6b5dc90,2.6294117647058823,2.1882352941176473,2.1882352941176473,2.6294117647058823
global-eefd3e344f78e1d90543c20b,1.9672619047619049,1.2710843373493974,1.2710843373493974,1.9672619047619049
FD:2022-23:D1:20221009:Hertha:Freiburg,1.8214285714285714,0.738095238095238,0.738095238095238,1.8214285714285714
FD:2022-23:D1:20221009:M'gladbach:FC Koln,1.5892857142857144,1.3214285714285714,1.3214285714285714,1.5892857142857144
FD:2022-23:D1:20221009:Stuttgart:Union Berlin,1.851190476190476,0.7738095238095238,0.7738095238095238,1.851190476190476
global-2818c041e8b9ed9ef54e0f62,1.1897590361445782,1.108433734939759,1.108433734939759,1.1897590361445782
global-ceb8a14b7c99c3cbad1c8ffc,0.6956521739130435,1.5833333333333333,1.5833333333333333,0.6956521739130435
global-bf99b660715a5da6027920cf,1.561764705882353,1.35,1.35,1.561764705882353
global-0a2cdc15f38101d8a8520577,1.811764705882353,0.7411764705882352,0.7411764705882352,1.811764705882353
global-7b4d2300b179a0d1dadeb24e,2.370481927710843,1.9196428571428572,1.9196428571428572,2.370481927710843
global-fde8467542bada116562165f,1.8676470588235292,0.761764705882353,0.761764705882353,1.8676470588235292
global-25e4699f780a862093f05225,1.813253012048193,1.2142857142857144,1.2142857142857144,1.813253012048193
global-17f12f8cabbb050ce0064257,1.2946428571428572,0.03125,0.03125,1.2946428571428572
FD:2022-23:D1:20221014:Schalke 04:Hoffenheim,1.4069767441860466,0.36111111111111105,0.36111111111111105,1.4069767441860466
global-84d038a3f02b8c2380b87b65,1.4339080459770115,0.30263157894736836,0.30263157894736836,1.4339080459770115
global-7d654cfe29d9299370ba29d3,1.2529761904761905,1.1436170212765957,1.1436170212765957,1.2529761904761905
FD:2022-23:D1:20221015:Ein Frankfurt:Leverkusen,1.8488372093023258,1.2790697674418605,1.2790697674418605,1.8488372093023258
FD:2022-23:D1:20221015:RB Leipzig:Hertha,0.7441860465116279,1.8372093023255813,1.8372093023255813,0.7441860465116279
FD:2022-23:D1:20221015:Stuttgart:Bochum,0.9011627906976744,0.75,0.75,0.9011627906976744
FD:2022-23:D1:20221015:Werder Bremen:Mainz,1.3546511627906976,1.8333333333333335,1.8333333333333335,1.3546511627906976
FD:2022-23:D1:20221015:Wolfsburg:M'gladbach,1.377906976744186,1.0872093023255816,1.0872093023255816,1.377906976744186
global-df1fd9dc547d017dbb8983f1,1.1339285714285714,1.4705882352941178,1.4705882352941178,1.1339285714285714
global-716db3ca0d92a978f4af7ad8,0.882183908045977,0.7844827586206896,0.7844827586206896,0.882183908045977
global-8ec128bc261aca4170b0c6bc,1.8160919540229885,1.3103448275862069,1.3103448275862069,1.8160919540229885
global-9f16bbfef2b78e7667d01d74,1.3735632183908046,1.0862068965517242,1.0862068965517242,1.3735632183908046
global-d41976b63f68cf18d423ef58,1.3793103448275863,1.7105263157894737,1.7105263157894737,1.3793103448275863
global-62c78a5a7381213f5cc12ef9,0.1388888888888889,1.111764705882353,1.111764705882353,0.1388888888888889
global-fbca51156431d0dea655b2ae,1.0,0.6702127659574468,0.6702127659574468,1.0
global-4ef48e57d662499bed7fa0cf,0.7327586206896551,1.853448275862069,1.853448275862069,0.7327586206896551
global-c7b450462915629831b82593,1.1970588235294117,1.9823529411764707,1.9823529411764707,1.1970588235294117
FD:2022-23:D1:20221016:Bayern Munich:Freiburg,1.8023255813953487,2.6104651162790695,2.6104651162790695,1.8023255813953487
FD:2022-23:D1:20221016:FC Koln:Augsburg,1.0639534883720931,1.5348837209302326,1.5348837209302326,1.0639534883720931
FD:2022-23:D1:20221016:Union Berlin:Dortmund,2.1744186046511627,1.8837209302325582,1.8837209302325582,2.1744186046511627
global-01a5fd3131f8b0ede7a1457e,1.6058823529411765,0.9,0.9,1.6058823529411765
global-1f56cff652472fca4f4b2735,2.0714285714285716,1.2911764705882354,1.2911764705882354,2.0714285714285716
global-7ef80c8d84dde9d6b7c65472,1.9352941176470588,1.1726190476190477,1.1726190476190477,1.9352941176470588
global-aefc3edd0de22bb91e5d95ed,1.1941176470588235,1.8303571428571428,1.8303571428571428,1.1941176470588235
global-ff383c019735690fcd7bd3c7,1.0488505747126435,1.5545977011494254,1.5545977011494254,1.0488505747126435
global-20dc025d6c0fbb59a1858935,2.1436781609195403,1.9022988505747125,1.9022988505747125,2.1436781609195403
global-8a7086840b569f6c0ca5305d,2.8117647058823527,2.339285714285714,2.339285714285714,2.8117647058823527
global-dffef014736d7d7ae10b1bac,1.7672413793103448,2.6293103448275863,2.6293103448275863,1.7672413793103448
global-495800a6a1390f5f388603c7,0.09999999999999998,1.2323529411764707,1.2323529411764707,0.09999999999999998
global-08743edc0a0b57508abaf22f,1.1366279069767442,1.1323529411764706,1.1323529411764706,1.1366279069767442
global-0e5d257fc5b563ca200135f9,1.177325581395349,1.1918604651162792,1.1918604651162792,1.177325581395349
global-d145b44935f06aa0e05d3e87,0.9011627906976745,1.0,1.0,0.9011627906976745
global-ee3c68d08259cf4f09604a47,2.088235294117647,1.1927083333333335,1.1927083333333335,2.088235294117647
global-f132515e17474f0f2c8c5366,1.5988372093023258,2.3499999999999996,2.3499999999999996,1.5988372093023258
global-d52010f9e14223520053d334,2.0,1.8205882352941176,1.8205882352941176,2.0
global-388bae9ddde783a4e43c5b0d,1.2703488372093024,0.6770833333333334,0.6770833333333334,1.2703488372093024
global-aa51927f5ee7557463a2127d,1.1558823529411766,1.4651162790697676,1.4651162790697676,1.1558823529411766
FD:2022-23:D1:20221021:Mainz:FC Koln,1.5738636363636362,1.403409090909091,1.403409090909091,1.5738636363636362
global-aed0d570caf94477b6773725,1.5421348314606742,1.4353932584269664,1.4353932584269664,1.5421348314606742
FD:2022-23:D1:20221022:Augsburg:RB Leipzig,1.8693181818181819,1.0340909090909092,1.0340909090909092,1.8693181818181819
FD:2022-23:D1:20221022:Dortmund:Stuttgart,0.8181818181818181,2.1136363636363638,2.1136363636363638,0.8181818181818181
FD:2022-23:D1:20221022:Freiburg:Werder Bremen,1.6,1.7329545454545456,1.7329545454545456,1.6
FD:2022-23:D1:20221022:Hoffenheim:Bayern Munich,2.6477272727272725,1.4602272727272727,1.4602272727272727,2.6477272727272725
FD:2022-23:D1:20221022:Leverkusen:Wolfsburg,1.0852272727272727,1.7840909090909092,1.7840909090909092,1.0852272727272727
FD:2022-23:D1:20221022:M'gladbach:Ein Frankfurt,1.3409090909090908,1.3693181818181819,1.3693181818181819,1.3409090909090908
global-97955cb2c24e8994f47a6a74,2.36046511627907,0.18181818181818177,0.18181818181818177,2.36046511627907
global-47512f1ce0d0f798e3784604,1.8595505617977528,1.0337078651685392,1.0337078651685392,1.8595505617977528
global-818f1455b072f2f97b07cbc4,0.7949438202247191,2.1376404494382024,2.1376404494382024,0.7949438202247191
global-ca23e34e70cee2bf8128212a,2.657303370786517,1.4382022471910112,1.4382022471910112,2.657303370786517
global-f034e81c85a6a2c7dead6bff,1.0842696629213484,1.7752808988764044,1.7752808988764044,1.0842696629213484
global-f5cce209d77191bf52d01859,1.5,1.752808988764045,1.752808988764045,1.5
global-0fd5c3f599cef0fc0883d096,1.1569767441860463,1.160919540229885,1.160919540229885,1.1569767441860463
global-530576c5db246bd9e01653a7,1.2296511627906976,2.7761627906976747,2.7761627906976747,1.2296511627906976
global-5fba1cfd821e47c970b1e12d,1.3651685393258426,1.348314606741573,1.348314606741573,1.3651685393258426
global-8353b511800051c7c347a537,1.8401162790697674,2.0755813953488373,2.0755813953488373,1.8401162790697674
FD:2022-23:D1:20221023:Bochum:Union Berlin,1.9204545454545454,0.8636363636363635,0.8636363636363635,1.9204545454545454
FD:2022-23:D1:20221023:Hertha:Schalke 04,0.25,0.7215909090909091,0.7215909090909091,0.25
global-26d7e23542946e60a3f2bac7,1.4885057471264367,1.1206896551724137,1.1206896551724137,1.4885057471264367
global-776affa60448e8c8b72de19f,0.7397959183673469,1.1366279069767442,1.1366279069767442,0.7397959183673469
global-a1e1426e588a02798cb8da6b,1.1887755102040816,1.247126436781609,1.247126436781609,1.1887755102040816
global-f13ade0adfe5c629c4732b3b,1.9505813953488371,0.9281609195402298,0.9281609195402298,1.9505813953488371
global-bc40b750139ba1d5cccac68e,1.896067415730337,0.8904494382022472,0.8904494382022472,1.896067415730337
global-60744d8c7b45967763f68a2d,0.22619047619047616,0.75,0.75,0.22619047619047616
global-bd8a2bdd87545ec8ce961930,1.2155172413793103,1.971264367816092,1.971264367816092,1.2155172413793103
global-c7b8fd0c9e37acc4d5fb6832,0.8863636363636365,1.5775862068965516,1.5775862068965516,0.8863636363636365
FD:2022-23:D1:20221028:Werder Bremen:Hertha,0.7777777777777777,1.409090909090909,1.409090909090909,0.7777777777777777
global-88463d705721cc0bbb0c1f7c,0.7664835164835164,1.4891304347826086,1.4891304347826086,0.7664835164835164
FD:2022-23:D1:20221029:Bayern Munich:Mainz,1.4666666666666668,2.666666666666667,2.666666666666667,1.4666666666666668
FD:2022-23:D1:20221029:Ein Frankfurt:Dortmund,2.161111111111111,1.3888888888888888,1.3888888888888888,2.161111111111111
FD:2022-23:D1:20221029:RB Leipzig:Leverkusen,1.7666666666666666,1.8499999999999999,1.8499999999999999,1.7666666666666666
FD:2022-23:D1:20221029:Stuttgart:Augsburg,1.0333333333333332,0.7722222222222221,0.7722222222222221,1.0333333333333332
FD:2022-23:D1:20221029:Wolfsburg:Bochum,0.9166666666666665,1.0833333333333335,1.0833333333333335,0.9166666666666665
global-f266e7f8956527c8ed048ee0,2.7844827586206895,1.5170454545454544,1.5170454545454544,2.7844827586206895
global-1b7d0f698b80f0dc52648d3c,0.8956043956043955,1.1153846153846154,1.1153846153846154,0.8956043956043955
global-2db3cf1cacbab85718c43984,1.7417582417582418,1.8681318681318682,1.8681318681318682,1.7417582417582418
global-694be0b75d33d1c691919752,1.0192307692307692,0.7994505494505495,0.7994505494505495,1.0192307692307692
global-ab73f5db8c58bd1a949139a0,1.4395604395604398,2.6813186813186816,2.6813186813186816,1.4395604395604398
global-19bc0012f1f46c2ed29b9697,0.9289772727272727,1.1350574712643677,1.1350574712643677,0.9289772727272727
global-22af221aff4c13f37462deb1,1.9460227272727273,0.7708333333333333,0.7708333333333333,1.9460227272727273
global-78e45485274b01e0e317391a,2.0632183908045976,1.2097701149425286,1.2097701149425286,2.0632183908045976
global-e801a52a15ef39b9ef2bd0ab,1.2784090909090908,1.2386363636363638,1.2386363636363638,1.2784090909090908
global-ff14e65b560c2660e0f9dfd4,1.096590909090909,1.145,1.145,1.096590909090909
global-0f365ba393cd574b8cb9d820,2.173076923076923,1.370879120879121,1.370879120879121,2.173076923076923
global-b99e2834eb9ac42ece255e88,1.1903409090909092,0.79,0.79,1.1903409090909092
global-0212cedb4115ee1bd8bb1e90,1.120689655172414,2.3304597701149423,2.3304597701149423,1.120689655172414
FD:2022-23:D1:20221030:FC Koln:Hoffenheim,1.4166666666666665,1.511111111111111,1.511111111111111,1.4166666666666665
FD:2022-23:D1:20221030:Schalke 04:Freiburg,1.7722222222222221,0.20454545454545453,0.20454545454545453,1.7722222222222221
FD:2022-23:D1:20221030:Union Berlin:M'gladbach,1.327777777777778,1.8722222222222222,1.8722222222222222,1.327777777777778
global-0d5f4d1f42fc37a13fe3b87a,0.4375,1.9396551724137931,1.9396551724137931,0.4375
global-13ab289c5e46c4d72f358409,1.3104395604395604,1.8873626373626375,1.8873626373626375,1.3104395604395604
global-19f1b4e30a180636dea5442c,1.5994318181818183,1.8304597701149425,1.8304597701149425,1.5994318181818183
global-e090b2a9fc911a4ad1c7fa02,1.791208791208791,0.17391304347826086,0.17391304347826086,1.791208791208791
global-190b39f0281a92b3876fb1e9,1.412087912087912,1.5054945054945055,1.5054945054945055,1.412087912087912
FD:2022-23:D1:20221104:M'gladbach:Stuttgart,0.8260869565217391,1.2934782608695652,1.2934782608695652,0.8260869565217391
global-2444b4eab95edcc74dbc2d3b,0.8118279569892474,1.3172043010752688,1.3172043010752688,0.8118279569892474
FD:2022-23:D1:20221105:Augsburg:Ein Frankfurt,1.3532608695652173,1.0054347826086956,1.0054347826086956,1.3532608695652173
FD:2022-23:D1:20221105:Dortmund:Bochum,0.875,2.184782608695652,2.184782608695652,0.875
FD:2022-23:D1:20221105:Hertha:Bayern Munich,2.6956521739130435,0.7554347826086957,0.7554347826086957,2.6956521739130435
FD:2022-23:D1:20221105:Hoffenheim:RB Leipzig,1.8858695652173914,1.4076086956521738,1.4076086956521738,1.8858695652173914
FD:2022-23:D1:20221105:Mainz:Wolfsburg,1.1467391304347827,1.4130434782608696,1.4130434782608696,1.1467391304347827
FD:2022-23:D1:20221105:Werder Bremen:Schalke 04,0.14583333333333331,1.5625,1.5625,0.14583333333333331
global-05382e0995f605c20d8f62be,1.903225806451613,1.3870967741935485,1.3870967741935485,1.903225806451613
global-288506671fc2fd3663851d6f,1.174731182795699,1.3897849462365592,1.3897849462365592,1.174731182795699
global-52acd6e69fe600d738dc1ca6,0.85752688172043,2.2016129032258065,2.2016129032258065,0.85752688172043
global-5d894280eeb55b23901a0f25,1.3736559139784945,0.9919354838709676,0.9919354838709676,1.3736559139784945
global-de5a73b717459374cc9bcb05,2.701612903225806,0.7446236559139785,0.7446236559139785,2.701612903225806
global-17ab508800dd18fd7ce2a8b4,1.142156862745098,0.30769230769230765,0.30769230769230765,1.142156862745098
global-3595922095a6f190219310c1,0.7941176470588235,2.7897727272727275,2.7897727272727275,0.7941176470588235
global-4e6e980fa86cf64190d46911,1.2386363636363635,1.0955056179775282,1.0955056179775282,1.2386363636363635
global-527e297fd5a72247eae910db,0.6923076923076923,1.1448863636363635,1.1448863636363635,0.6923076923076923
global-0eaa85323e3f78f1f1c1f717,1.497191011235955,1.1882022471910112,1.1882022471910112,1.497191011235955
global-d88a00bf2e1a9840d010c165,0.13,1.6300000000000001,1.6300000000000001,0.13
FD:2022-23:D1:20221106:Freiburg:FC Koln,1.5,1.8097826086956523,1.8097826086956523,1.5
FD:2022-23:D1:20221106:Leverkusen:Union Berlin,1.9021739130434783,1.717391304347826,1.717391304347826,1.9021739130434783
global-e274e59f39dd4d59c9426c81,1.9659090909090908,2.03125,2.03125,1.9659090909090908
global-100160fadfb617ef0a9f92bf,1.2696629213483146,0.9157303370786516,0.9157303370786516,1.2696629213483146
global-5726c365fea99a6b40f5aab9,1.1590909090909092,1.5786516853932584,1.5786516853932584,1.1590909090909092
global-ecaceac5c81fde8fc9fcf1c7,1.8465909090909092,1.252808988764045,1.252808988764045,1.8465909090909092
global-7eed37cbe0897714e93a29f6,1.868279569892473,1.7446236559139785,1.7446236559139785,1.868279569892473
global-d33ab97a3291a3dfa8d206a1,2.3011363636363633,1.9606741573033708,1.9606741573033708,2.3011363636363633
global-f316f2ca2d719370e6f4ba72,1.478494623655914,1.8279569892473118,1.8279569892473118,1.478494623655914
FD:2022-23:D1:20221108:Bayern Munich:Werder Bremen,1.6923076923076923,2.707446808510638,2.707446808510638,1.6923076923076923
FD:2022-23:D1:20221108:Bochum:M'gladbach,1.3404255319148937,0.8404255319148937,0.8404255319148937,1.3404255319148937
FD:2022-23:D1:20221108:Stuttgart:Hertha,0.7340425531914894,0.7978723404255319,0.7978723404255319,0.7340425531914894
FD:2022-23:D1:20221108:Wolfsburg:Dortmund,2.2180851063829787,1.202127659574468,1.202127659574468,2.2180851063829787
global-6fdf69640e21c506214a6f25,2.189473684210526,1.2263157894736842,1.2263157894736842,2.189473684210526
global-5cd19d6b9725c789cf56870b,0.7236842105263158,0.8236842105263158,0.8236842105263158,0.7236842105263158
global-648678a8465aaf0d35c079a6,1.3236842105263158,0.8657894736842104,0.8657894736842104,1.3236842105263158
global-88a7cbb340095effb60a8673,1.5833333333333333,2.7236842105263155,2.7236842105263155,1.5833333333333333
FD:2022-23:D1:20221109:Ein Frankfurt:Hoffenheim,1.3670212765957446,1.393617021276596,1.393617021276596,1.3670212765957446
FD:2022-23:D1:20221109:FC Koln:Leverkusen,1.7712765957446808,1.4574468085106382,1.4574468085106382,1.7712765957446808
FD:2022-23:D1:20221109:RB Leipzig:Freiburg,1.8457446808510638,1.9202127659574468,1.9202127659574468,1.8457446808510638
FD:2022-23:D1:20221109:Schalke 04:Mainz,1.3670212765957446,0.11538461538461542,0.11538461538461542,1.3670212765957446
FD:2022-23:D1:20221109:Union Berlin:Augsburg,0.9787234042553192,1.8351063829787233,1.8351063829787233,0.9787234042553192
global-7f22eec4c22dc53dd4d0a45c,1.7868421052631578,1.4394736842105265,1.4394736842105265,1.7868421052631578
global-0ed5b6ffdbfa30c44dd7dcbd,1.3473684210526315,1.4157894736842105,1.4157894736842105,1.3473684210526315
global-78ac36bafe8e99e7db9cd7be,0.9789473684210528,1.8263157894736841,1.8263157894736841,0.9789473684210528
global-9e0ffc1bf7c4c0eee4a6ba52,1.8210526315789475,1.936842105263158,1.936842105263158,1.8210526315789475
global-b64ba07bd5172c24ac935511,1.3499999999999999,0.2314814814814815,0.2314814814814815,1.3499999999999999
FD:2022-23:D1:20221111:M'gladbach:Dortmund,2.161458333333333,1.3072916666666665,1.3072916666666665,2.161458333333333
global-be2cac43fdc735c451adcf18,2.134020618556701,1.329896907216495,1.329896907216495,2.134020618556701
FD:2022-23:D1:20221112:Augsburg:Bochum,0.8906249999999999,0.9791666666666667,0.9791666666666667,0.8906249999999999
FD:2022-23:D1:20221112:Hertha:FC Koln,1.421875,0.7135416666666666,0.7135416666666666,1.421875
FD:2022-23:D1:20221112:Hoffenheim:Wolfsburg,1.25,1.328125,1.328125,1.25
FD:2022-23:D1:20221112:Leverkusen:Stuttgart,0.8489583333333333,1.8020833333333333,1.8020833333333333,0.8489583333333333
FD:2022-23:D1:20221112:Schalke 04:Bayern Munich,2.7395833333333335,0.33928571428571436,0.33928571428571436,2.7395833333333335
FD:2022-23:D1:20221112:Werder Bremen:RB Leipzig,1.953125,1.4821428571428572,1.4821428571428572,1.953125
global-1af038dfb8755a68780bdd49,1.1394230769230769,2.7949438202247188,2.7949438202247188,1.1394230769230769
global-13b3ba41ac30fe8282b8eb46,1.2706185567010309,1.3118556701030928,1.3118556701030928,1.2706185567010309
global-34099e4d8a2db088f4bd83b4,1.4020618556701032,0.7422680412371134,0.7422680412371134,1.4020618556701032
global-bafaa0de1f11354419621dde,1.9664948453608249,1.4224137931034482,1.4224137931034482,1.9664948453608249
global-d1f82c6d7b468dddd448703d,0.9149484536082475,0.9664948453608246,0.9664948453608246,0.9149484536082475
global-df1444357f420c7c211c0746,0.8350515463917526,1.8195876288659796,1.8195876288659796,0.8350515463917526
global-05eab3555605ed82681a3439,1.1694444444444445,0.625,0.625,1.1694444444444445
global-97cbc2debc3b7e7a8ed8193c,1.1825842696629212,0.35714285714285715,0.35714285714285715,1.1825842696629212
global-9cc3ee2d8a7be89c9bad598a,0.8972222222222223,2.311797752808989,2.311797752808989,0.8972222222222223
global-b86c4c55e4c22ccf2bb5af31,1.1685393258426966,1.9361111111111111,1.9361111111111111,1.1685393258426966
global-d4a24679e3ba91401cef8a2e,1.5194444444444444,1.5583333333333333,1.5583333333333333,1.5194444444444444
global-8d4bd58e48bf99a0b5ee8dd0,2.747422680412371,0.3103448275862069,0.3103448275862069,2.747422680412371
global-8d8446d2869473692db91f82,2.00561797752809,1.2972222222222223,1.2972222222222223,2.00561797752809
global-97f0d0cab97c3678c3226cf4,1.9803370786516854,1.0805555555555555,1.0805555555555555,1.9803370786516854
FD:2022-23:D1:20221113:Freiburg:Union Berlin,1.8177083333333333,1.796875,1.796875,1.8177083333333333
FD:2022-23:D1:20221113:Mainz:Ein Frankfurt,1.4375,1.3333333333333333,1.3333333333333333,1.4375
global-cce75a1db95253df10dde4a7,1.2777777777777777,1.2612359550561798,1.2612359550561798,1.2777777777777777
global-d77ffaffa0bed4f63cdb091f,1.4329896907216495,1.3298969072164948,1.3298969072164948,1.4329896907216495
global-694ddc336d671bb5c763622d,1.8202247191011236,0.7740384615384616,0.7740384615384616,1.8202247191011236
global-cd449d158afc4e88d12a3c5f,1.791237113402062,1.8170103092783507,1.8170103092783507,1.791237113402062
global-e2c289b5c590b9a7cb309c67,1.9505494505494505,1.1792452830188678,1.1792452830188678,1.9505494505494505
global-268b1d80117f5e8c21316c8f,1.3186813186813187,1.5412087912087913,1.5412087912087913,1.3186813186813187
global-3d913c87b04b824be116d5e9,1.2444444444444445,0.881868131868132,0.881868131868132,1.2444444444444445
global-53633f1c4d5e20fa87b71871,1.0631868131868132,1.1483516483516485,1.1483516483516485,1.0631868131868132
global-c59c267548600e2ddc7a8c62,0.7547169811320755,1.1666666666666667,1.1666666666666667,0.7547169811320755
global-8caa24868afea18d00f98589,2.3249999999999997,1.2994505494505495,1.2994505494505495,2.3249999999999997
global-f22ef7bf926184cf796f80e1,1.5357142857142858,1.9972222222222222,1.9972222222222222,1.5357142857142858
global-fb65cb0703b6f70dfbb66229,0.8333333333333333,1.9805555555555556,1.9805555555555556,0.8333333333333333
global-14b0d93802ec4cb1baf86c6a,0.55,1.836111111111111,1.836111111111111,0.55
global-4caf4c52b3aecf8a4da536c6,2.761111111111111,1.152777777777778,1.152777777777778,2.761111111111111
global-f5ad1f4302e0a7bac08b1143,1.175925925925926,1.5135869565217392,1.5135869565217392,1.175925925925926
global-d1fd6618093c28266f183141,1.5163043478260871,2.3379120879120876,2.3379120879120876,1.5163043478260871
global-be66dc6bc3c4aabdd109ae1f,1.857142857142857,1.0869565217391304,1.0869565217391304,1.857142857142857
global-247a5a43638c2685b5266cbe,1.1331521739130435,2.769230769230769,2.769230769230769,1.1331521739130435
global-8b0f939099766fb1df1afda8,0.8668478260869564,0.8101851851851852,0.8101851851851852,0.8668478260869564
global-d66d918a7ace4c617165b20a,1.1456043956043958,0.75,0.75,1.1456043956043958
global-d7e417af77a80dff4e5e4afe,1.1346153846153846,1.3451086956521738,1.3451086956521738,1.1346153846153846
global-6f4f6d5b087bcc5b52354f4e,2.0137362637362637,1.2692307692307692,1.2692307692307692,2.0137362637362637
global-01d412f5cf3616d2418ebeb9,1.279891304347826,1.940217391304348,1.940217391304348,1.279891304347826
global-15424f54b396cb719d5c8c1f,1.9972527472527473,0.46875,0.46875,1.9972527472527473
global-af48fb65b48bba35a4dac7cc,2.347826086956522,1.2181818181818183,1.2181818181818183,2.347826086956522
global-91e068751e98a057881dbf25,1.3413978494623657,2.029891304347826,2.029891304347826,1.3413978494623657
global-9bd777eaee87c83464774937,0.8545454545454545,1.4973118279569892,1.4973118279569892,0.8545454545454545
global-b1734d3134bfc39546be6382,1.25,1.131720430107527,1.131720430107527,1.25
global-8311767d367e0a13085138e0,0.6764705882352942,1.872282608695652,1.872282608695652,0.6764705882352942
global-7bf6f0d6436918a2c90e0031,0.49999999999999994,0.8548387096774194,0.8548387096774194,0.49999999999999994
global-33925aee7de3acb78474c3c6,1.4919354838709677,1.1331521739130435,1.1331521739130435,1.4919354838709677
global-28e21a4f687407ad9761fec6,1.0725806451612905,1.303763440860215,1.303763440860215,1.0725806451612905
global-eea3a87c803411cd2a876411,1.913978494623656,1.171195652173913,1.171195652173913,1.913978494623656
global-1441dc4dc8ec69ea9df5c447,2.75,1.986413043478261,1.986413043478261,2.75
global-a47b6435b35336b59fc4c372,1.9623655913978495,0.8973214285714286,0.8973214285714286,1.9623655913978495
global-1f88c08e62fd3a90800eda03,1.131720430107527,1.300531914893617,1.300531914893617,1.131720430107527
global-1aba8106a72711d804d537b9,2.7553763440860215,1.8924731182795698,1.8924731182795698,2.7553763440860215
global-17829b40b798bbfe4ed7529a,1.4787234042553192,0.6527777777777777,0.6527777777777777,1.4787234042553192
global-485862a1adc33b5bf327f5a2,2.317204301075269,1.2768817204301075,1.2768817204301075,2.317204301075269
global-ec466ffa222c2be36f89b412,0.8430851063829787,1.1117021276595744,1.1117021276595744,0.8430851063829787
global-fd335f90b1d5a0d40886d890,1.4867021276595747,1.071808510638298,1.071808510638298,1.4867021276595747
global-9f9b66f5d01622ef5a6c266d,0.5972222222222221,1.2589285714285716,1.2589285714285716,0.5972222222222221
global-76cffd0a67669e6c98c72a76,1.1478494623655915,1.9388297872340425,1.9388297872340425,1.1478494623655915
global-d3e7e1b3d486730e2dc64202,0.9385964912280703,1.3377659574468086,1.3377659574468086,0.9385964912280703
global-1746680b777b7baf5ebc62e6,2.018817204301075,1.9361702127659575,1.9361702127659575,2.018817204301075
global-45273ee1848a16ff54c1de86,1.9069148936170213,1.1329787234042554,1.1329787234042554,1.9069148936170213
global-c6cf1797924f2db1ccb2e747,1.9105263157894739,2.723404255319149,2.723404255319149,1.9105263157894739
FD:2022-23:D1:20230120:RB Leipzig:Bayern Munich,2.7551020408163267,1.9795918367346939,1.9795918367346939,2.7551020408163267
global-807256bd714e543f6876aa98,2.7373737373737375,1.9696969696969697,1.9696969696969697,2.7373737373737375
FD:2022-23:D1:20230121:Bochum:Hertha,0.7704081632653061,0.9387755102040816,0.9387755102040816,0.7704081632653061
FD:2022-23:D1:20230121:Ein Frankfurt:Schalke 04,0.2833333333333333,1.4285714285714286,1.4285714285714286,0.2833333333333333
FD:2022-23:D1:20230121:FC Koln:Werder Bremen,1.3666666666666665,1.3826530612244898,1.3826530612244898,1.3666666666666665
FD:2022-23:D1:20230121:Stuttgart:Mainz,1.3265306122448979,0.8214285714285714,0.8214285714285714,1.3265306122448979
FD:2022-23:D1:20230121:Union Berlin:Hoffenheim,1.2959183673469388,1.7653061224489794,1.7653061224489794,1.2959183673469388
FD:2022-23:D1:20230121:Wolfsburg:Freiburg,1.8367346938775508,1.290816326530612,1.290816326530612,1.8367346938775508
global-5b154aaa8807f8857ee386a5,1.9526315789473685,2.2845744680851063,2.2845744680851063,1.9526315789473685
global-48612f62384caab3987760fd,0.7575757575757576,0.9646464646464646,0.9646464646464646,0.7575757575757576
global-5bf8f2f5fe36c2f91f786f83,1.277777777777778,1.7828282828282829,1.7828282828282829,1.277777777777778
global-63a22ac12a6ff5e873fcd282,1.803030303030303,1.3232323232323233,1.3232323232323233,1.803030303030303
global-6dfc14bc73ca86bfb7124e26,1.3232323232323233,0.8232323232323232,0.8232323232323232,1.3232323232323233
global-e559fadff57ca7ec2edab42f,0.25000000000000006,1.452020202020202,1.452020202020202,0.25000000000000006
global-90bfe2a04aa994516c5f4588,1.3210526315789475,0.868421052631579,0.868421052631579,1.3210526315789475
global-9e1c9292dee0f942a232f8a1,0.8026315789473684,0.5394736842105263,0.5394736842105263,0.8026315789473684
global-c11db810adcdda6ab9543c22,1.303191489361702,1.4578947368421051,1.4578947368421051,1.303191489361702
global-e2c2cd608110fb9f3ea25489,1.0973684210526315,1.4684210526315788,1.4684210526315788,1.0973684210526315
global-31d438e92754ba6117a9d660,1.2741935483870968,1.4141414141414141,1.4141414141414141,1.2741935483870968
global-8fbb68cdfdd7c90dc2f55060,1.3578947368421053,1.131578947368421,1.131578947368421,1.3578947368421053
FD:2022-23:D1:20230122:Dortmund:Augsburg,0.9540816326530613,2.107142857142857,2.107142857142857,0.9540816326530613
FD:2022-23:D1:20230122:M'gladbach:Leverkusen,1.836734693877551,1.3520408163265305,1.3520408163265305,1.836734693877551
global-ca49ef58d1a6276d128fb337,1.094736842105263,2.7315789473684213,2.7315789473684213,1.094736842105263
global-cc505f43bf1ae0ba5e76c8eb,1.2982456140350878,1.1170212765957448,1.1170212765957448,1.2982456140350878
global-ba4df9dcb8c1e47d725a23a2,0.9419191919191919,2.1186868686868685,2.1186868686868685,0.9419191919191919
global-4a56a1aa29985639dc35e390,1.851010101010101,1.3358585858585859,1.3358585858585859,1.851010101010101
global-738d834fc31669989c328e2b,1.8973684210526316,2.0345744680851063,2.0345744680851063,1.8973684210526316
global-7a2166ee089442f6291a51b3,1.8854166666666667,0.918103448275862,0.918103448275862,1.8854166666666667
FD:2022-23:D1:20230124:Bayern Munich:FC Koln,1.4449999999999998,2.72,2.72,1.4449999999999998
FD:2022-23:D1:20230124:Hertha:Wolfsburg,1.3550000000000002,0.7449999999999999,0.7449999999999999,1.3550000000000002
FD:2022-23:D1:20230124:Hoffenheim:Stuttgart,0.825,1.26,1.26,0.825
FD:2022-23:D1:20230124:Schalke 04:RB Leipzig,1.96,0.21875,0.21875,1.96
global-eef81a7250893e2f7949a4f5,1.9826732673267327,0.1742424242424242,0.1742424242424242,1.9826732673267327
global-69a2ed8f8e9c4fa87e1d15d1,1.3836633663366336,0.7252475247524753,0.7252475247524753,1.3836633663366336
global-7d4b66bf60d89f3cd1d9f5f5,0.8267326732673267,1.2574257425742574,1.2574257425742574,0.8267326732673267
global-a793b60a532438a264b92f65,1.4405940594059405,2.702970297029703,2.702970297029703,1.4405940594059405
FD:2022-23:D1:20230125:Augsburg:M'gladbach,1.32,0.93,0.93,1.32
FD:2022-23:D1:20230125:Freiburg:Ein Frankfurt,1.4749999999999999,1.77,1.77,1.4749999999999999
FD:2022-23:D1:20230125:Leverkusen:Bochum,0.9899999999999999,1.865,1.865,0.9899999999999999
FD:2022-23:D1:20230125:Mainz:Dortmund,2.13,1.32,1.32,2.13
FD:2022-23:D1:20230125:Werder Bremen:Union Berlin,1.8,1.1875,1.1875,1.8
global-648f967f70a5d931e822a0b9,2.141089108910891,1.3044554455445545,1.3044554455445545,2.141089108910891
global-2c2dd5b83ef9af2cd5aa7ded,1.3044554455445545,0.952970297029703,0.952970297029703,1.3044554455445545
global-5ab55e4c298ac10e7110f14a,1.8143564356435644,1.143939393939394,1.143939393939394,1.8143564356435644
global-648b48bb64da0673f22dfb4c,0.9752475247524752,1.881188118811881,1.881188118811881,0.9752475247524752
global-780fa7fb6717e8458be5fb41,1.4702970297029703,1.7623762376237624,1.7623762376237624,1.4702970297029703
FD:2022-23:D1:20230127:RB Leipzig:Stuttgart,0.8284313725490197,2.0049019607843137,2.0049019607843137,0.8284313725490197
global-489cb7f8477a190792633a01,0.8179611650485437,2.016990291262136,2.016990291262136,0.8179611650485437
FD:2022-23:D1:20230128:Bayern Munich:Ein Frankfurt,1.465686274509804,2.686274509803922,2.686274509803922,1.465686274509804
FD:2022-23:D1:20230128:Freiburg:Augsburg,0.9754901960784315,1.7549019607843137,1.7549019607843137,0.9754901960784315
FD:2022-23:D1:20230128:Hertha:Union Berlin,1.8284313725490196,0.7058823529411764,0.7058823529411764,1.8284313725490196
FD:2022-23:D1:20230128:Hoffenheim:M'gladbach,1.2892156862745099,1.2549019607843137,1.2549019607843137,1.2892156862745099
FD:2022-23:D1:20230128:Mainz:Bochum,0.9607843137254901,1.2892156862745099,1.2892156862745099,0.9607843137254901
FD:2022-23:D1:20230128:Werder Bremen:Wolfsburg,1.4117647058823528,1.1029411764705883,1.1029411764705883,1.4117647058823528
global-3094548343f6ebbf628f94b5,1.3956310679611652,1.1642857142857144,1.1642857142857144,1.3956310679611652
global-547e1eb98844c8793dfd09b6,1.8446601941747574,0.6941747572815534,0.6941747572815534,1.8446601941747574
global-b09956c7166619d5c7986549,0.9611650485436893,1.7718446601941746,1.7718446601941746,0.9611650485436893
global-bafa3f1d074054a1ba34115a,0.9441747572815533,1.313106796116505,1.313106796116505,0.9441747572815533
global-ef3a39fc2b90f4ddf7b91f34,1.3131067961165048,1.2354368932038835,1.2354368932038835,1.3131067961165048
global-f1fd298cfb2ac1516d3a4343,1.4611650485436893,2.6699029126213594,2.6699029126213594,1.4611650485436893
FD:2022-23:D1:20230129:Leverkusen:Dortmund,2.1519607843137254,1.897058823529412,1.897058823529412,2.1519607843137254
FD:2022-23:D1:20230129:Schalke 04:FC Koln,1.4362745098039216,0.13235294117647062,0.13235294117647062,1.4362745098039216
global-11fec42e1af2e54de741e918,1.4320388349514563,0.15714285714285708,0.15714285714285708,1.4320388349514563
global-8685aee3ec8f7572b0e616e9,2.1650485436893203,1.8737864077669901,1.8737864077669901,2.1650485436893203
FD:2022-23:D1:20230203:Augsburg:Leverkusen,1.8509615384615383,0.9471153846153846,0.9471153846153846,1.8509615384615383
global-7945e865a5875d5228f3657e,1.830952380952381,0.9690476190476192,0.9690476190476192,1.830952380952381
global-88fce4cb254ec1ff7b839e0f,0.8983050847457628,1.9427083333333333,1.9427083333333333,0.8983050847457628
FD:2022-23:D1:20230204:Bochum:Hoffenheim,1.2163461538461537,0.9278846153846154,0.9278846153846154,1.2163461538461537
FD:2022-23:D1:20230204:Dortmund:Freiburg,1.7884615384615383,2.1778846153846154,2.1778846153846154,1.7884615384615383
FD:2022-23:D1:20230204:Ein Frankfurt:Hertha,0.6826923076923077,1.4567307692307694,1.4567307692307694,0.6826923076923077
FD:2022-23:D1:20230204:FC Koln:RB Leipzig,2.0288461538461537,1.4278846153846154,1.4278846153846154,2.0288461538461537
FD:2022-23:D1:20230204:M'gladbach:Schalke 04,0.18055555555555558,1.3365384615384617,1.3365384615384617,0.18055555555555558
FD:2022-23:D1:20230204:Union Berlin:Mainz,1.3365384615384615,1.8605769230769231,1.8605769230769231,1.3365384615384615
global-0f526ad81f9022788394624d,2.0473684210526315,1.0807291666666665,1.0807291666666665,2.0473684210526315
global-0a35c60b666bab292b922c45,1.3214285714285714,1.8738095238095238,1.8738095238095238,1.3214285714285714
global-769b66242fca124b26b6cf0e,2.019047619047619,1.4238095238095239,1.4238095238095239,2.019047619047619
global-87460c0ef01d87e59f5f28c4,0.6690476190476191,1.4785714285714286,1.4785714285714286,0.6690476190476191
global-bfb5bdcdcffd254ea9c7becb,1.1976190476190476,0.9547619047619047,0.9547619047619047,1.1976190476190476
global-ea8d0743a99037790f55b171,1.7619047619047619,2.1952380952380954,2.1952380952380954,1.7619047619047619
global-1316dfce22511336013b7e4b,2.2710526315789474,1.0755208333333333,1.0755208333333333,2.2710526315789474
global-462ef0880af0f83f7a951788,0.8567708333333333,1.293103448275862,1.293103448275862,0.8567708333333333
global-4f7b6db5f6f4b316c8ffd109,1.453125,1.3411458333333333,1.3411458333333333,1.453125
global-9bd50363d2e1c4858b0ca1ac,1.1302083333333333,1.875,1.875,1.1302083333333333
global-9c7653ab2ff368be944fea97,0.5625,1.3,1.3,0.5625
global-9974255b4232b6850830fe18,1.4895833333333335,1.3541666666666667,1.3541666666666667,1.4895833333333335
global-fa29790e7199d80a36ae71cd,0.2027027027027027,1.3333333333333333,1.3333333333333333,0.2027027027027027
FD:2022-23:D1:20230205:Stuttgart:Werder Bremen,1.222222222222222,0.8076923076923077,0.8076923076923077,1.222222222222222
FD:2022-23:D1:20230205:Wolfsburg:Bayern Munich,2.653846153846154,1.3798076923076923,1.3798076923076923,2.653846153846154
global-66b8bc7b4031541e99f799f9,1.1157894736842104,0.8125,0.8125,1.1157894736842104
global-c63603921af11cc59454aedc,1.2837837837837838,0.7952380952380953,0.7952380952380953,1.2837837837837838
global-82569483fb1ff0f74e9d95be,2.7421875,1.8994845360824741,1.8994845360824741,2.7421875
global-ece19980795ee9d080850b8c,2.661904761904762,1.361904761904762,1.361904761904762,2.661904761904762
global-a8a9ea37cff34e7001fa065b,1.1015625,1.8891752577319587,1.8891752577319587,1.1015625
FD:2022-23:D1:20230210:Schalke 04:Wolfsburg,1.3443396226415094,0.22368421052631582,0.22368421052631582,1.3443396226415094
global-c20ac6ac57b71fff394bb259,1.341121495327103,0.2435897435897436,0.2435897435897436,1.341121495327103
FD:2022-23:D1:20230211:Bayern Munich:Bochum,0.9811320754716981,2.669811320754717,2.669811320754717,0.9811320754716981
FD:2022-23:D1:20230211:Freiburg:Stuttgart,0.7830188679245284,1.7358490566037736,1.7358490566037736,0.7830188679245284
FD:2022-23:D1:20230211:Hoffenheim:Leverkusen,1.8113207547169812,1.1792452830188678,1.1792452830188678,1.8113207547169812
FD:2022-23:D1:20230211:Mainz:Augsburg,0.9905660377358491,1.3066037735849056,1.3066037735849056,0.9905660377358491
FD:2022-23:D1:20230211:RB Leipzig:Union Berlin,1.8867924528301887,2.009433962264151,2.009433962264151,1.8867924528301887
FD:2022-23:D1:20230211:Werder Bremen:Dortmund,2.2122641509433962,1.3421052631578947,1.3421052631578947,2.2122641509433962
global-5c9b53fa3f0ff30de3e2ffe3,1.9329896907216495,1.4845360824742269,1.4845360824742269,1.9329896907216495
global-78c37dc3557e089c0eee259b,0.9766355140186915,1.3271028037383177,1.3271028037383177,0.9766355140186915
global-82134ff66b2841971c5de4e4,2.2242990654205608,1.294871794871795,1.294871794871795,2.2242990654205608
global-88eb06790adb4a494602a6f9,0.7733644859813085,1.75,1.75,0.7733644859813085
global-af51cf6a81dce54dc1bfad05,0.9649532710280373,2.6799065420560746,2.6799065420560746,0.9649532710280373
global-e909243e1b4a61fb3ce7aa11,1.827102803738318,1.1635514018691588,1.1635514018691588,1.827102803738318
global-399a0a9bf0331cd7f282836a,1.1030927835051547,0.8402061855670102,0.8402061855670102,1.1030927835051547
global-4148ba23d9dc2006294bb887,1.913265306122449,1.4742268041237114,1.4742268041237114,1.913265306122449
global-722c066ef9fe2f5162bb53e6,0.9285714285714285,0.9,0.9,0.9285714285714285
global-a534ce23e9149928a0d8a36d,1.3203125,1.115979381443299,1.115979381443299,1.3203125
global-fd2210cb7ce894295d089030,1.3347457627118644,2.0234375,2.0234375,1.3347457627118644
global-43c21ec38f7c7cdbdfbc7d29,1.3505154639175259,0.5238095238095238,0.5238095238095238,1.3505154639175259
global-918fd61d187ef99b9db7a902,1.8995327102803738,1.9883177570093458,1.9883177570093458,1.8995327102803738
FD:2022-23:D1:20230212:FC Koln:Ein Frankfurt,1.5,1.419811320754717,1.419811320754717,1.5
FD:2022-23:D1:20230212:Hertha:M'gladbach,1.3301886792452828,0.6556603773584906,0.6556603773584906,1.3301886792452828
global-9e5b60ae95577f9980ed37f0,1.8801020408163267,1.1005154639175259,1.1005154639175259,1.8801020408163267
global-5120ceb4b751930240692e1e,1.3107476635514017,0.6845794392523364,0.6845794392523364,1.3107476635514017
global-92f84e442e71bf506735bde7,1.3221649484536082,2.7113402061855667,2.7113402061855667,1.3221649484536082
global-cbf974d6d1211e3a2a192c2b,1.4789719626168223,1.441588785046729,1.441588785046729,1.4789719626168223
global-3d0d7d121dfb67c55ac66452,1.1030927835051547,2.2395833333333335,2.2395833333333335,1.1030927835051547
global-f497392d6fb5f45e5f6db189,2.7193877551020407,2.0128865979381443,2.0128865979381443,2.7193877551020407
FD:2022-23:D1:20230217:Augsburg:Hoffenheim,1.1481481481481481,0.9629629629629629,0.9629629629629629,1.1481481481481481
global-7be4c47a55b317049df7d8ea,1.135321100917431,0.9839449541284404,0.9839449541284404,1.135321100917431
FD:2022-23:D1:20230218:Bochum:Freiburg,1.7638888888888888,0.949074074074074,0.949074074074074,1.7638888888888888
FD:2022-23:D1:20230218:Ein Frankfurt:Werder Bremen,1.25,1.4583333333333333,1.4583333333333333,1.25
FD:2022-23:D1:20230218:M'gladbach:Bayern Munich,2.689814814814815,1.2916666666666667,1.2916666666666667,2.689814814814815
FD:2022-23:D1:20230218:Stuttgart:FC Koln,1.462962962962963,0.763888888888889,0.763888888888889,1.462962962962963
FD:2022-23:D1:20230218:Wolfsburg:RB Leipzig,1.9675925925925926,1.3379629629629628,1.3379629629629628,1.9675925925925926
global-f567f44960ef3dea8e46c157,1.9872448979591837,1.3035714285714284,1.3035714285714284,1.9872448979591837
global-0662a3fe27335aba3aab8c8f,1.7798165137614679,0.9357798165137614,0.9357798165137614,1.7798165137614679
global-5eae9d90ab8d20841c147f16,2.6628440366972477,1.3096330275229358,1.3096330275229358,2.6628440366972477
global-8b4d7a5ef30da14fb1fbb1b2,1.4426605504587158,0.7912844036697247,0.7912844036697247,1.4426605504587158
global-f3e3497e76c14c89c0159be9,1.9839449541284404,1.3188073394495414,1.3188073394495414,1.9839449541284404
global-687574e4581a5786acbd9a8c,0.5454545454545455,1.125,1.125,0.5454545454545455
global-7dc9119a3b64cde4275f73a1,1.114795918367347,1.3291666666666666,1.3291666666666666,1.114795918367347
global-a3f7ae336c17f2ffb1b41939,2.727272727272727,0.8636363636363635,0.8636363636363635,2.727272727272727
global-a56ffd5ca3bf0edc9e22cde7,0.9426229508196722,1.3170103092783505,1.3170103092783505,0.9426229508196722
global-d31814e22dc2a650466fb06b,0.8290816326530612,1.923469387755102,1.923469387755102,0.8290816326530612
global-f37a1b58fed48943e4a1f473,1.0841836734693877,1.086734693877551,1.086734693877551,1.0841836734693877
global-35ac4416419409b8fb8d138c,2.252577319587629,1.3469387755102042,1.3469387755102042,2.252577319587629
global-5e23c4fc2bb83fb8ee20396a,1.2073170731707317,1.4770642201834863,1.4770642201834863,1.2073170731707317
FD:2022-23:D1:20230219:Dortmund:Hertha,0.712962962962963,2.236111111111111,2.236111111111111,0.712962962962963
FD:2022-23:D1:20230219:Leverkusen:Mainz,1.347222222222222,1.8425925925925926,1.8425925925925926,1.347222222222222
FD:2022-23:D1:20230219:Union Berlin:Schalke 04,0.26249999999999996,1.912037037037037,1.912037037037037,0.26249999999999996
global-f6cf0631f8104b12dc84afc0,1.4974489795918369,1.8964646464646464,1.8964646464646464,1.4974489795918369
global-6455212578c4fb3530fb3764,0.28048780487804875,1.9036697247706422,1.9036697247706422,0.28048780487804875
global-5a46078fc82d1ec5ab253b71,1.4795918367346939,1.8863636363636365,1.8863636363636365,1.4795918367346939
global-6f96eed4de60fbe663de90e9,0.6995412844036698,2.25,2.25,0.6995412844036698
global-c1812c33e5bd8d18c263fa79,1.3646788990825687,1.823394495412844,1.823394495412844,1.3646788990825687
FD:2022-23:D1:20230224:Mainz:M'gladbach,1.3272727272727274,1.3818181818181816,1.3818181818181816,1.3272727272727274
global-8ee4eaecaaececd75443107c,1.3063063063063063,1.4054054054054053,1.4054054054054053,1.3063063063063063
global-ef95a9ee01c30b3a59669b18,1.1111111111111112,0.9798387096774193,0.9798387096774193,1.1111111111111112
FD:2022-23:D1:20230225:FC Koln:Wolfsburg,1.3,1.4227272727272728,1.4227272727272728,1.3
FD:2022-23:D1:20230225:Hertha:Augsburg,1.0045454545454544,0.6863636363636363,0.6863636363636363,1.0045454545454544
FD:2022-23:D1:20230225:Hoffenheim:Dortmund,2.2636363636363632,1.1227272727272728,1.1227272727272728,2.2636363636363632
FD:2022-23:D1:20230225:RB Leipzig:Ein Frankfurt,1.4954545454545456,2.0,2.0,1.4954545454545456
FD:2022-23:D1:20230225:Schalke 04:Stuttgart,0.8181818181818181,0.2976190476190476,0.2976190476190476,0.8181818181818181
FD:2022-23:D1:20230225:Werder Bremen:Bochum,0.9227272727272727,1.1666666666666667,1.1666666666666667,0.9227272727272727
global-159ed358cbbdb549195aabdf,1.3198198198198199,1.4054054054054055,1.4054054054054055,1.3198198198198199
global-2a95de2988a51dc075b32def,2.2725225225225225,1.1103603603603605,1.1103603603603605,2.2725225225225225
global-6315b6c70ce9ee4026a8f535,0.9076576576576578,1.2267441860465116,1.2267441860465116,0.9076576576576578
global-868817488adce1734053149b,0.9909909909909909,0.7117117117117117,0.7117117117117117,0.9909909909909909
global-936e59c70409ff43eccbaaca,1.4797297297297296,2.0112612612612613,2.0112612612612613,1.4797297297297296
global-060f9b434718e07b74273b22,1.2853535353535355,1.1085858585858586,1.1085858585858586,1.2853535353535355
global-0e90c78d33d4fd36df9ae04c,0.8695652173913043,1.4595959595959596,1.4595959595959596,0.8695652173913043
global-8bbef004ce5c9ce6529f25cd,2.0025252525252526,1.4747474747474747,1.4747474747474747,2.0025252525252526
global-9628e7636d811f2eed516713,0.8535353535353535,1.0707070707070707,1.0707070707070707,0.8535353535353535
global-d246e88a7b58ae35ee53a711,2.71,0.6630434782608695,0.6630434782608695,2.71
global-e9539c2056dea7945cb8b4cc,0.8085585585585585,0.36627906976744184,0.36627906976744184,0.8085585585585585
global-d742d3605aa3f1a94dfe0497,2.2653061224489797,1.1136363636363635,1.1136363636363635,2.2653061224489797
FD:2022-23:D1:20230226:Bayern Munich:Union Berlin,1.8954545454545455,2.6363636363636362,2.6363636363636362,1.8954545454545455
FD:2022-23:D1:20230226:Freiburg:Leverkusen,1.8045454545454545,1.7954545454545454,1.7954545454545454,1.8045454545454545
global-f8b17579e8a16bd50b1e370c,1.9015151515151516,1.9025,1.9025,1.9015151515151516
global-2de9bbe7b189420c6deb6c4b,1.7972972972972974,1.7882882882882882,1.7882882882882882,1.7972972972972974
global-154ac032a3846608355716c1,1.8716216216216217,2.6463963963963963,2.6463963963963963,1.8716216216216217
global-63abfc221c45c9b2510d7ff8,1.0925,2.015,2.015,1.0925
global-3c3b2d6e2a2bd23ee5c0df97,1.1099999999999999,2.2525252525252526,2.2525252525252526,1.1099999999999999
FD:2022-23:D1:20230303:Dortmund:RB Leipzig,2.022321428571429,2.28125,2.28125,2.022321428571429
global-7be3583da279342026ce10ff,2.002212389380531,2.2898230088495573,2.2898230088495573,2.002212389380531
FD:2022-23:D1:20230304:Augsburg:Werder Bremen,1.284090909090909,0.9776785714285715,0.9776785714285715,1.284090909090909
FD:2022-23:D1:20230304:Bochum:Schalke 04,0.4318181818181818,0.8928571428571428,0.8928571428571428,0.4318181818181818
FD:2022-23:D1:20230304:M'gladbach:Freiburg,1.78125,1.2857142857142856,1.2857142857142856,1.78125
FD:2022-23:D1:20230304:Mainz:Hoffenheim,1.0982142857142858,1.4285714285714286,1.4285714285714286,1.0982142857142858
FD:2022-23:D1:20230304:Stuttgart:Bayern Munich,2.65625,0.7991071428571429,0.7991071428571429,2.65625
FD:2022-23:D1:20230304:Union Berlin:FC Koln,1.388392857142857,1.8482142857142858,1.8482142857142858,1.388392857142857
global-0700cbe6c56b66dbf6a7e818,1.3282828282828283,2.7202970297029703,2.7202970297029703,1.3282828282828283
global-0e80dfb12de8fccaa6ef1ef2,1.25,0.997787610619469,0.997787610619469,1.25
global-41c9d0be971fd0c78e05b66e,1.3849557522123894,1.84070796460177,1.84070796460177,1.3849557522123894
global-47587ce31709c711208fabcb,1.086283185840708,1.4446902654867255,1.4446902654867255,1.086283185840708
global-68c33170c78eea237e4bfd50,0.5,0.8805309734513274,0.8805309734513274,0.5
global-d9e0630ce33849ad93c350e3,1.7743362831858407,1.2831858407079646,1.2831858407079646,1.7743362831858407
global-2ce586ca82562428e661b26b,1.4849999999999999,1.3010204081632653,1.3010204081632653,1.4849999999999999
global-472d7202306abc53fb7fdf63,1.0925,1.8775,1.8775,1.0925
global-5535bfa60f9e440c384822e8,1.9183168316831682,1.094059405940594,1.094059405940594,1.9183168316831682
global-59675e67cd044b2131f6e44f,1.1125,1.3075,1.3075,1.1125
global-95b201884b9af606d421c155,0.6041666666666667,2.0346534653465347,2.0346534653465347,0.6041666666666667
global-839e12e15b532984a371f695,1.4575,0.8425,0.8425,1.4575
global-ca7ccedceb5fff739200a21a,2.6615044247787614,0.7898230088495575,0.7898230088495575,2.6615044247787614
FD:2022-23:D1:20230305:Leverkusen:Hertha,0.7366071428571428,1.7901785714285714,1.7901785714285714,0.7366071428571428
FD:2022-23:D1:20230305:Wolfsburg:Ein Frankfurt,1.4642857142857144,1.3392857142857142,1.3392857142857142,1.4642857142857144
global-5be6b772a24b7c0e1adc03cb,1.0717821782178216,0.7916666666666667,0.7916666666666667,1.0717821782178216
global-dfa06a9c78e3fb56f386d919,0.7234513274336283,1.8075221238938053,1.8075221238938053,0.7234513274336283
global-86ab1018442011c90f53acfa,1.915,2.265,2.265,1.915
global-a3a8b2264ce96c7b01bcb9a7,1.4601769911504425,1.336283185840708,1.336283185840708,1.4601769911504425
global-fc391668c427d52619ed97b1,0.9801587301587301,1.3237704918032787,1.3237704918032787,0.9801587301587301
04ac52d52dc196fc45717481,-0.375,0.375,0.375,-0.375
8d40315fd2e2c2a2053922c9,0.96875,,,0.96875
a0a0c0fc97964002f4b41b60,1.984375,1.578125,1.578125,1.984375
e80341f5070a42cf2aa8f592,0.25,1.8125,1.8125,0.25
f0a640fee4bc048e41b2ce02,1.09375,1.4375,1.4375,1.09375
04a6668087267fda6c0fba58,,,,
0bf70f746aa0a5a7ffd4920d,0.27499999999999997,0.55,0.55,0.27499999999999997
8d5b1310eed6b6b4bea42578,,,,
9cbd338d2086e04ef0f8603b,,1.6875,1.6875,
a6d5c0bbfae0b914d9299b61,0.7083333333333334,-0.6875,-0.6875,0.7083333333333334
fa6792190474b02a6b5cf85f,,,,
2b6e69ecfcaaa1a8871c89d1,2.0,0.875,0.875,2.0
4d086307870231cdd4d07c05,0.375,,,0.375
5e4b3ce1220f6ee35e90be90,-0.25,-0.625,-0.625,-0.25
8d24d3b756a3deb5a44d63a9,,2.0833333333333335,2.0833333333333335,
cf39f668f7048e0dd4ebfe2c,0.4375,0.375,0.375,0.4375
FD:2022-23:D1:20230310:FC Koln:Bochum,0.868421052631579,1.3815789473684212,1.3815789473684212,0.868421052631579
global-e356fc601bf897a431319924,0.8913043478260869,1.365217391304348,1.365217391304348,0.8913043478260869
FD:2022-23:D1:20230311:Bayern Munich:Augsburg,1.0175438596491229,2.666666666666667,2.666666666666667,1.0175438596491229
FD:2022-23:D1:20230311:Ein Frankfurt:Stuttgart,0.7807017543859649,1.456140350877193,1.456140350877193,0.7807017543859649
FD:2022-23:D1:20230311:Hertha:Mainz,1.4605263157894737,0.7105263157894737,0.7105263157894737,1.4605263157894737
FD:2022-23:D1:20230311:RB Leipzig:M'gladbach,1.280701754385965,1.9824561403508771,1.9824561403508771,1.280701754385965
FD:2022-23:D1:20230311:Schalke 04:Dortmund,2.2982456140350878,0.5652173913043479,0.5652173913043479,2.2982456140350878
global-ebc90c25181bc03b5f408bfa,2.2896039603960396,0.57,0.57,2.2896039603960396
global-0f715e311b243a65aeac83fc,1.4565217391304348,0.7130434782608696,0.7130434782608696,1.4565217391304348
global-80b40ac3c4e8e393dd84207d,1.0043478260869565,2.6739130434782608,2.6739130434782608,1.0043478260869565
global-b0afa3286478cb603909c03c,1.2630434782608695,1.9978260869565219,1.9978260869565219,1.2630434782608695
global-b748ca797b19a059d246e416,0.7826086956521738,1.4521739130434783,1.4521739130434783,0.7826086956521738
global-35d3891ca5c1b1edc6fe7271,0.8,1.8970588235294117,1.8970588235294117,0.8
global-7fd60aec63f1d4d60988acd6,1.3282828282828283,1.079207920792079,1.079207920792079,1.3282828282828283
global-95a6a8d0899a8a588c160b0b,1.3548387096774193,1.071078431372549,1.071078431372549,1.3548387096774193
global-bd765b10699d1066953083ae,1.891089108910891,1.4405940594059405,1.4405940594059405,1.891089108910891
global-4739b841d351e1118db7db42,2.7279411764705883,1.0990099009900989,1.0990099009900989,2.7279411764705883
global-e4d26d5607e615c72e7bd6a2,2.2869565217391306,0.574468085106383,0.574468085106383,2.2869565217391306
FD:2022-23:D1:20230312:Freiburg:Hoffenheim,1.0745614035087718,1.7675438596491229,1.7675438596491229,1.0745614035087718
FD:2022-23:D1:20230312:Werder Bremen:Leverkusen,1.824561403508772,1.2173913043478262,1.2173913043478262,1.824561403508772
FD:2022-23:D1:20230312:Wolfsburg:Union Berlin,1.8333333333333333,1.3333333333333333,1.3333333333333333,1.8333333333333333
global-7980fc4f04d43fc0d1b77e34,2.0465686274509802,0.9609375,0.9609375,2.0465686274509802
global-c8377e5900c5833427f8282b,1.3267326732673268,1.4603960396039604,1.4603960396039604,1.3267326732673268
global-f945b0a743ef4eb9a0fe9618,0.8663366336633663,1.8787128712871288,1.8787128712871288,0.8663366336633663
global-9f6a90b86f01ad5481ce52d9,1.0630434782608695,1.7804347826086957,1.7804347826086957,1.0630434782608695
global-7e7eeb97d3365d0f1b30a988,1.8369565217391306,1.1861702127659575,1.1861702127659575,1.8369565217391306
global-c1b27a1ca557f939f0d66680,1.1151960784313726,1.31,1.31,1.1151960784313726
global-cc4e940676f665b73f9b3ffc,1.8260869565217392,1.3304347826086957,1.3304347826086957,1.8260869565217392
global-5b1d5482da6aa611074bce4c,1.0857843137254903,1.325,1.325,1.0857843137254903
global-dc53a2dae14e8111232968e4,1.3293650793650793,0.8676470588235293,0.8676470588235293,1.3293650793650793
FD:2022-23:D1:20230317:M'gladbach:Werder Bremen,1.15625,1.245689655172414,1.245689655172414,1.15625
global-3d0b0e5fcc6c56dff38453a0,1.153061224489796,1.2435897435897436,1.2435897435897436,1.153061224489796
global-f7552f4ffea586e59fd1a716,1.3292079207920793,0.75,0.75,1.3292079207920793
FD:2022-23:D1:20230318:Augsburg:Schalke 04,0.5833333333333334,0.9913793103448275,0.9913793103448275,0.5833333333333334
FD:2022-23:D1:20230318:Bochum:RB Leipzig,2.012931034482759,0.9137931034482758,0.9137931034482758,2.012931034482759
FD:2022-23:D1:20230318:Dortmund:FC Koln,1.3491379310344827,2.2758620689655173,2.2758620689655173,1.3491379310344827
FD:2022-23:D1:20230318:Hoffenheim:Hertha,0.7155172413793103,1.0517241379310345,1.0517241379310345,0.7155172413793103
FD:2022-23:D1:20230318:Stuttgart:Wolfsburg,1.3275862068965518,0.7844827586206897,0.7844827586206897,1.3275862068965518
global-180b4a6e10597bac205cdf75,0.7051282051282052,1.0726495726495726,1.0726495726495726,0.7051282051282052
global-2ec69139abf3c5f7041d6267,0.5918367346938775,0.9914529914529915,0.9914529914529915,0.5918367346938775
global-694cd34f1546ea2deecfd266,1.344017094017094,0.7756410256410257,0.7756410256410257,1.344017094017094
global-ff8dab5bbe98bb0557b7697b,1.9935897435897436,0.9337606837606838,0.9337606837606838,1.9935897435897436
global-78c6235f3e45acefbc5b386d,1.912621359223301,0.8543689320388349,0.8543689320388349,1.912621359223301
global-9cce4b4c9c24d8ab2a90dd04,1.0784313725490196,1.1019417475728155,1.1019417475728155,1.0784313725490196
global-d2497ae037ea27ecc9480e12,1.4215686274509802,1.36328125,1.36328125,1.4215686274509802
global-f7879fd5a35bed5aaf232142,0.6730769230769231,1.3235294117647058,1.3235294117647058,0.6730769230769231
global-1e986e9ab1aa0ca28a6abd3a,1.326923076923077,2.2927350427350426,2.2927350427350426,1.326923076923077
global-8b0d9d4e2c0333b6c69f4bb2,1.0922330097087378,1.9068627450980393,1.9068627450980393,1.0922330097087378
FD:2022-23:D1:20230319:Leverkusen:Bayern Munich,2.6810344827586206,1.8491379310344829,1.8491379310344829,2.6810344827586206
FD:2022-23:D1:20230319:Mainz:Freiburg,1.7931034482758619,1.4525862068965516,1.4525862068965516,1.7931034482758619
FD:2022-23:D1:20230319:Union Berlin:Ein Frankfurt,1.4482758620689655,1.8189655172413792,1.8189655172413792,1.4482758620689655
global-1953069dde07a6f3e6ccff0e,1.0728155339805825,2.063106796116505,2.063106796116505,1.0728155339805825
global-22f2f8ab158ead6a03188f99,1.4316239316239314,1.8333333333333333,1.8333333333333333,1.4316239316239314
global-213b327388ec88572b8f044b,2.6559829059829063,1.8611111111111112,1.8611111111111112,2.6559829059829063
global-5d08102e839d20e550afd08a,1.7863247863247862,1.448717948717949,1.448717948717949,1.7863247863247862
FD:2022-23:D1:20230331:Ein Frankfurt:Bochum,0.9533898305084747,1.4152542372881356,1.4152542372881356,0.9533898305084747
global-72a86f0dce1055b307f5c26e,0.953781512605042,1.4117647058823528,1.4117647058823528,0.953781512605042
FD:2022-23:D1:20230401:Bayern Munich:Dortmund,2.309322033898305,2.6313559322033897,2.6313559322033897,2.309322033898305
FD:2022-23:D1:20230401:Freiburg:Hertha,0.6949152542372882,1.7796610169491527,1.7796610169491527,0.6949152542372882
FD:2022-23:D1:20230401:RB Leipzig:Mainz,1.444915254237288,1.9745762711864407,1.9745762711864407,1.444915254237288
FD:2022-23:D1:20230401:Schalke 04:Leverkusen,1.8728813559322035,0.6,0.6,1.8728813559322035
FD:2022-23:D1:20230401:Union Berlin:Stuttgart,0.766949152542373,1.847457627118644,1.847457627118644,0.766949152542373
FD:2022-23:D1:20230401:Wolfsburg:Augsburg,0.9915254237288135,1.3601694915254237,1.3601694915254237,0.9915254237288135
global-23f98db7069855dcdf4d5dd3,2.264705882352941,2.733009708737864,2.733009708737864,2.264705882352941
global-368e175a0d0ec8cf06202b02,0.754201680672269,1.8634453781512605,1.8634453781512605,0.754201680672269
global-3cda9ba7a92dc8679b8bb97d,1.4642857142857144,1.9516806722689077,1.9516806722689077,1.4642857142857144
global-7767d324a14d0ee3852abfd3,0.6974789915966386,1.773109243697479,1.773109243697479,0.6974789915966386
global-806fdcf81d38830744219bd3,0.9915966386554622,1.3571428571428572,1.3571428571428572,0.9915966386554622
global-c58ccf3685fa2e58a2d36734,1.8886554621848741,0.5735294117647058,0.5735294117647058,1.8886554621848741
global-0f2edb469ce3600552627aa0,1.3576923076923078,1.3440594059405941,1.3440594059405941,1.3576923076923078
global-12348e019275cee1db7a2c2d,1.1019417475728155,2.0793269230769234,2.0793269230769234,1.1019417475728155
global-310483469ab99f8d58fd6aea,0.9346153846153845,0.6203703703703702,0.6203703703703702,0.9346153846153845
global-7b6877da1da1e00eb94a9282,1.0865384615384615,0.7129629629629629,0.7129629629629629,1.0865384615384615
global-e596a8a648a66a2b5881b5df,1.4174757281553398,1.0552884615384615,1.0552884615384615,1.4174757281553398
global-1cb402ddfef344ac7d28cedc,2.2857142857142856,2.6386554621848743,2.6386554621848743,2.2857142857142856
global-e08cf7260d90ba85ce3ab0d8,1.3470873786407769,1.8980582524271843,1.8980582524271843,1.3470873786407769
FD:2022-23:D1:20230402:FC Koln:M'gladbach,1.2415254237288134,1.305084745762712,1.305084745762712,1.2415254237288134
FD:2022-23:D1:20230402:Werder Bremen:Hoffenheim,1.0932203389830508,1.15,1.15,1.0932203389830508
global-6af033bd38d0c86ec0694cb1,0.8557692307692307,1.4558823529411766,1.4558823529411766,0.8557692307692307
global-15443de7e514f8572bbab043,1.2394957983193278,1.3025210084033612,1.3025210084033612,1.2394957983193278
global-aa4b59dbf3802fc5e16e52f6,1.111344537815126,1.1225490196078431,1.1225490196078431,1.111344537815126
global-f9b4fd3107194fa7778f9ddf,1.8700980392156863,1.3480392156862744,1.3480392156862744,1.8700980392156863
global-7bbaa7e374493438fd30d4ac,1.9038461538461537,1.0913461538461537,1.0913461538461537,1.9038461538461537
31a2689a58f2f6911b72bd0a,1.3333333333333333,1.8,1.8,1.3333333333333333
4730c1690f650f70921f3c94,1.2083333333333335,0.14999999999999997,0.14999999999999997,1.2083333333333335
6e22e134b6145028669c807a,1.7666666666666668,0.6875,0.6875,1.7666666666666668
83879a643479fca47a7ec1d9,1.9807692307692308,3.5,3.5,1.9807692307692308
c0bb43a8cbd208468f6f74d7,3.25,-0.25,-0.25,3.25
e579f83d4361b0afe3eeea20,1.6041666666666665,1.0833333333333333,1.0833333333333333,1.6041666666666665
global-c9cce4993fb9b59fb4343d7a,0.7232142857142857,1.0841346153846154,1.0841346153846154,0.7232142857142857
global-ddedabc55af631fbc0b303a2,1.3406862745098038,0.7142857142857143,0.7142857142857143,1.3406862745098038
global-ed8825cd9fc40031619e4b63,1.3677884615384617,1.4014423076923077,1.4014423076923077,1.3677884615384617
global-47084c7e797b911187870db7,2.2354368932038833,1.875,1.875,2.2354368932038833
0b53e725b8adc8aa94189332,2.173076923076923,1.0,1.0,2.173076923076923
1c5c479a89f73fe48bab1e73,3.5,,,3.5
20f19e9980137bc5380f4964,2.1029411764705883,,,2.1029411764705883
2ca9198d5e76b598330edab6,0.75,1.5,1.5,0.75
7f09c8118d6b9f0045c07288,,0.5454545454545454,0.5454545454545454,
global-83079a3974de40612ed31b80,1.3522727272727273,1.8470873786407769,1.8470873786407769,1.3522727272727273
global-a0a83bf1816f2b2641cbddab,1.3689320388349515,1.4733009708737865,1.4733009708737865,1.3689320388349515
0ddd833fa9400c3c99fe601b,2.3076923076923075,3.5,3.5,2.3076923076923075
68a26fcd05a737b2e08ca708,1.0909090909090908,0.8333333333333334,0.8333333333333334,1.0909090909090908
718e976d4a7f69c03fc5829d,1.8888888888888888,0.125,0.125,1.8888888888888888
9cf5de7063bed976ff3a5f9a,,,,
aaa7822fca93684140fb8209,2.5,,,2.5
FD:2022-23:D1:20230408:Augsburg:FC Koln,1.2999999999999998,0.9916666666666667,0.9916666666666667,1.2999999999999998
FD:2022-23:D1:20230408:Dortmund:Union Berlin,1.8791666666666667,2.2624999999999997,2.2624999999999997,1.8791666666666667
FD:2022-23:D1:20230408:Freiburg:Bayern Munich,2.6458333333333335,1.7666666666666666,1.7666666666666666,2.6458333333333335
FD:2022-23:D1:20230408:Hertha:RB Leipzig,1.9291666666666665,0.7,0.7,1.9291666666666665
FD:2022-23:D1:20230408:Leverkusen:Ein Frankfurt,1.4083333333333332,1.9041666666666668,1.9041666666666668,1.4083333333333332
FD:2022-23:D1:20230408:Mainz:Werder Bremen,1.096153846153846,1.4833333333333334,1.4833333333333334,1.096153846153846
global-fd7adedfe2e7b5612ccbfa1c,1.0904761904761904,1.860576923076923,1.860576923076923,1.0904761904761904
global-4d0a580ecc81133f44e4bb99,1.3181818181818181,0.9793388429752067,0.9793388429752067,1.3181818181818181
global-6caa33a321c28666492a20be,1.8615702479338843,2.2706611570247937,2.2706611570247937,1.8615702479338843
global-825b73db72cdd69362c14258,1.3925619834710745,1.9173553719008265,1.9173553719008265,1.3925619834710745
global-830a2db3874ee6f6400791c6,2.6508264462809916,1.75,1.75,2.6508264462809916
global-c84536a78de9effcb5fd02d5,1.0943396226415094,1.4793388429752066,1.4793388429752066,1.0943396226415094
global-1e0d136eee6d9d5b7d91e83f,1.3616504854368934,1.8952380952380952,1.8952380952380952,1.3616504854368934
global-4a6b6ee83e8df6eb2db484be,1.8666666666666667,1.0857142857142859,1.0857142857142859,1.8666666666666667
global-5e460ba2dc5d7501618e6507,1.3942307692307694,1.328358208955224,1.328358208955224,1.3942307692307694
global-9a554581f02c9cc5926bf22c,1.4495192307692308,0.9166666666666666,0.9166666666666666,1.4495192307692308
global-a67a1a2b8adfb1f715d67dcb,0.689655172413793,1.3857142857142857,1.3857142857142857,0.689655172413793
global-d16a25d4d285532763c05763,0.6724137931034482,1.3857142857142857,1.3857142857142857,0.6724137931034482
global-2073b855009073580d478586,2.7427884615384617,0.8452380952380952,0.8452380952380952,2.7427884615384617
global-a01a49e1d123cac7a5605fe1,1.9400826446280992,0.6921487603305785,0.6921487603305785,1.9400826446280992
FD:2022-23:D1:20230409:Bochum:Stuttgart,0.7416666666666667,0.9541666666666666,0.9541666666666666,0.7416666666666667
FD:2022-23:D1:20230409:Hoffenheim:Schalke 04,0.5480769230769231,1.1291666666666667,1.1291666666666667,0.5480769230769231
FD:2022-23:D1:20230409:M'gladbach:Wolfsburg,1.3541666666666667,1.2375,1.2375,1.3541666666666667
global-02446bd0965c806a84c5bd93,1.0761904761904764,1.1047619047619048,1.1047619047619048,1.0761904761904764
global-c657008c9b789146f3f7682c,1.3388429752066116,1.2561983471074378,1.2561983471074378,1.3388429752066116
global-54bfe84bd9ba874746c8a08d,0.762396694214876,0.9442148760330579,0.9442148760330579,0.762396694214876
global-989388d85d20b491cd12aa1f,2.0952380952380953,2.223557692307692,2.223557692307692,2.0952380952380953
global-ae887348ecdd59172d8f1f06,0.5283018867924529,1.1487603305785123,1.1487603305785123,0.5283018867924529
FD:2022-23:D1:20230414:Schalke 04:Hertha,0.6844262295081968,0.5092592592592593,0.5092592592592593,0.6844262295081968
global-1ca3ea864efd8a1c478ee786,0.6727642276422764,0.5681818181818182,0.5681818181818182,0.6727642276422764
FD:2022-23:D1:20230415:Bayern Munich:Hoffenheim,1.1680327868852458,2.6557377049180326,2.6557377049180326,1.1680327868852458
FD:2022-23:D1:20230415:Ein Frankfurt:M'gladbach,1.2745901639344261,1.3770491803278688,1.3770491803278688,1.2745901639344261
FD:2022-23:D1:20230415:FC Koln:Mainz,1.4754098360655739,1.3360655737704918,1.3360655737704918,1.4754098360655739
FD:2022-23:D1:20230415:RB Leipzig:Augsburg,0.9672131147540984,1.9508196721311475,1.9508196721311475,0.9672131147540984
FD:2022-23:D1:20230415:Stuttgart:Dortmund,2.2786885245901636,0.7827868852459017,0.7827868852459017,2.2786885245901636
global-6aabf46ec23b723f2468a6b3,1.411904761904762,1.4056603773584906,1.4056603773584906,1.411904761904762
global-060b9c7aca10db65beb51d46,1.1666666666666667,2.6422764227642275,2.6422764227642275,1.1666666666666667
global-416423f1b04a43be23535455,2.268292682926829,0.7845528455284553,0.7845528455284553,2.268292682926829
global-44d18ad82b359919d5e9a080,0.9573170731707317,1.9613821138211383,1.9613821138211383,0.9573170731707317
global-fbe1e950423c042b414cc13d,1.4715447154471546,1.3333333333333333,1.3333333333333333,1.4715447154471546
global-0dd3ff62fe84034568cff960,1.3051470588235294,1.1061320754716981,1.1061320754716981,1.3051470588235294
global-13243053b71ed3c410df6d07,1.1037735849056605,0.8301886792452831,0.8301886792452831,1.1037735849056605
global-2344a9e0bdf28cec258a5123,1.346153846153846,1.8466981132075473,1.8466981132075473,1.346153846153846
global-a40d6859a14448dd9d70c4aa,0.8992537313432836,1.0754716981132075,1.0754716981132075,0.8992537313432836
global-d45a7f045ac6c6484f13c48a,0.7583333333333333,1.9080188679245285,1.9080188679245285,0.7583333333333333
global-99835f08d8957ccea7dac405,1.3702830188679245,2.7523809523809524,2.7523809523809524,1.3702830188679245
global-e0ca6667f5c94f60d83917d9,1.2723577235772356,1.3739837398373984,1.3739837398373984,1.2723577235772356
FD:2022-23:D1:20230416:Union Berlin:Bochum,0.9344262295081966,1.8442622950819672,1.8442622950819672,0.9344262295081966
FD:2022-23:D1:20230416:Werder Bremen:Freiburg,1.7336065573770492,1.0925925925925926,1.0925925925925926,1.7336065573770492
FD:2022-23:D1:20230416:Wolfsburg:Leverkusen,1.930327868852459,1.3237704918032787,1.3237704918032787,1.930327868852459
global-1044cb69f0eb4c31298ba2d5,2.0849056603773586,1.4666666666666666,1.4666666666666666,2.0849056603773586
global-9b5eb3482d6f0034905c6666,1.7459349593495934,1.0681818181818181,1.0681818181818181,1.7459349593495934
global-73138a4bd575dd58e6c92ae9,0.9349593495934959,1.8373983739837398,1.8373983739837398,0.9349593495934959
global-cc24dce2bc0525aa7a905611,1.8761904761904762,0.65,0.65,1.8761904761904762
global-4f9f5dc7732cef04fc7d3fdf,1.9227642276422765,1.3211382113821137,1.3211382113821137,1.9227642276422765
global-eb523ec488519d517ed79af4,2.211904761904762,1.0849056603773584,1.0849056603773584,2.211904761904762
033d1422f6c405b992b95525,-0.25,2.125,2.125,-0.25
0ca49c2edf9f5daae79a3b7f,1.375,3.25,3.25,1.375
386a15414644f23ae8a7b457,0.4791666666666667,2.410714285714286,2.410714285714286,0.4791666666666667
6c9267659a003b4523d781d2,0.75,1.6071428571428572,1.6071428571428572,0.75
873a91d91de44506f588ceb0,0.5,2.5625,2.5625,0.5
ce59c8e82470a1592a555542,0.08333333333333331,0.5750000000000001,0.5750000000000001,0.08333333333333331
15b0735939dd0c092d11deb4,3.75,1.609375,1.609375,3.75
8823968b25c5be87c3c081bd,1.0,2.0714285714285716,2.0714285714285716,1.0
f080b6e00f5346ea5e16e108,2.25,1.625,1.625,2.25
0b4bff6c9d0fb6e2015c469b,1.3,1.9444444444444446,1.9444444444444446,1.3
60877cb1b7d775b83bc9c847,-0.5,1.2916666666666667,1.2916666666666667,-0.5
62ae74d88778b9372e972d5d,0.16666666666666666,3.375,3.375,0.16666666666666666
6fd144afe86a6bb403ddc1cd,1.4583333333333333,1.7307692307692308,1.7307692307692308,1.4583333333333333
748c10afc0b516bd1f3fab51,1.625,1.0,1.0,1.625
892297e5e4886094a33f1c96,1.3333333333333333,1.9821428571428572,1.9821428571428572,1.3333333333333333
cab717ad0b1cf9c8fcc80252,2.3333333333333335,1.5,1.5,2.3333333333333335
FD:2022-23:D1:20230421:Augsburg:Stuttgart,0.7862903225806451,0.9475806451612903,0.9475806451612903,0.7862903225806451
global-b2a62fcc0df5a95ea60f332d,0.788,0.9480000000000001,0.9480000000000001,0.788
global-e1b90f71b8ab2a3cb82c67ee,0.8177570093457944,2.074766355140187,2.074766355140187,0.8177570093457944
FD:2022-23:D1:20230422:Bochum:Wolfsburg,1.318548387096774,0.9354838709677418,0.9354838709677418,1.318548387096774
FD:2022-23:D1:20230422:Dortmund:Ein Frankfurt,1.3709677419354838,2.258064516129032,2.258064516129032,1.3709677419354838
FD:2022-23:D1:20230422:Hertha:Werder Bremen,1.044642857142857,0.6612903225806451,0.6612903225806451,1.044642857142857
FD:2022-23:D1:20230422:Hoffenheim:FC Koln,1.3306451612903225,1.1653225806451613,1.1653225806451613,1.3306451612903225
FD:2022-23:D1:20230422:Mainz:Bayern Munich,2.629032258064516,1.467741935483871,1.467741935483871,2.629032258064516
global-2cd6c7741f7762c21e377ebb,1.0630841121495327,0.9374999999999999,0.9374999999999999,1.0630841121495327
global-4ebc61902872cdb05acaf3ec,1.087719298245614,0.652,0.652,1.087719298245614
global-574976124ca17ade5654bf04,1.348,1.152,1.152,1.348
global-9c49dd6cd71f0f0a71b9c9c0,2.604,1.484,1.484,2.604
global-e7e6293622c36b39c7a94b29,1.34,0.9200000000000002,0.9200000000000002,1.34
global-3fef6393f5e5a217031ef7a8,0.6129032258064516,2.231132075471698,2.231132075471698,0.6129032258064516
global-d2e2678efd22f91e3c7bf3f0,1.4275700934579438,1.2789855072463767,1.2789855072463767,1.4275700934579438
global-d38269a732562407d462cf79,1.1285046728971961,1.3528037383177571,1.3528037383177571,1.1285046728971961
global-eb9e578d7702314004ff5550,1.060747663551402,1.1261682242990654,1.1261682242990654,1.060747663551402
global-ebb506ac137dc9ac8b04324f,1.352,2.2720000000000002,2.2720000000000002,1.352
FD:2022-23:D1:20230423:Freiburg:Schalke 04,0.625,1.7580645161290323,1.7580645161290323,0.625
FD:2022-23:D1:20230423:Leverkusen:RB Leipzig,1.971774193548387,1.9153225806451613,1.9153225806451613,1.971774193548387
FD:2022-23:D1:20230423:M'gladbach:Union Berlin,1.8306451612903225,1.2701612903225805,1.2701612903225805,1.8306451612903225
global-494bd0ab420598c8213041bd,1.4622641509433962,0.8387096774193548,0.8387096774193548,1.4622641509433962
global-f02c97c9a525a61d3ab801bb,1.8878504672897196,1.391509433962264,1.391509433962264,1.8878504672897196
global-8923cde9a5068a8dea14cc82,0.5964912280701754,1.776,1.776,0.5964912280701754
global-54c539a050a56cfa38c9f4ec,1.952,1.928,1.928,1.952
global-f0a589804ebc0711fc3612a5,1.842,1.258,1.258,1.842
global-fd359fd6c67bc3fee69239c8,1.125,1.1157407407407407,1.1157407407407407,1.125
global-433f81caba5ed47b4b585fae,0.9710144927536233,1.4236111111111112,1.4236111111111112,0.9710144927536233
global-7cadf273c696caf298998889,1.3703703703703705,1.050925925925926,1.050925925925926,1.3703703703703705
global-6bff857ee52dbf524b9d25cc,1.364285714285714,0.5859375,0.5859375,1.364285714285714
global-cc36eb5f6afc4eb682b4f7f3,2.240654205607477,1.485981308411215,1.485981308411215,2.240654205607477
global-f90c7d7adf5495c8ca91bd29,1.2750000000000001,1.8271028037383177,1.8271028037383177,1.2750000000000001
global-88747834a9a5582463027681,2.064814814814815,2.759433962264151,2.759433962264151,2.064814814814815
global-5a206126db639fca68bc79c9,0.78125,0.8194444444444444,0.8194444444444444,0.78125
global-785cfeb59c31509e5ebcd013,1.4182242990654206,1.0601851851851853,1.0601851851851853,1.4182242990654206
global-addce9b1cea73d6c57b6b847,1.891509433962264,1.8587962962962963,1.8587962962962963,1.891509433962264
FD:2022-23:D1:20230428:Bochum:Dortmund,2.2857142857142856,0.9047619047619049,0.9047619047619049,2.2857142857142856
global-2b06cbe0edcc45e117bb382e,2.2755905511811023,0.9055118110236221,0.9055118110236221,2.2755905511811023
FD:2022-23:D1:20230429:Ein Frankfurt:Augsburg,0.9484126984126984,1.3333333333333333,1.3333333333333333,0.9484126984126984
FD:2022-23:D1:20230429:FC Koln:Freiburg,1.7936507936507935,1.3650793650793651,1.3650793650793651,1.7936507936507935
FD:2022-23:D1:20230429:RB Leipzig:Hoffenheim,1.1388888888888888,1.9325396825396826,1.9325396825396826,1.1388888888888888
FD:2022-23:D1:20230429:Schalke 04:Werder Bremen,1.129310344827586,0.5689655172413792,0.5689655172413792,1.129310344827586
FD:2022-23:D1:20230429:Stuttgart:M'gladbach,1.246031746031746,0.7896825396825397,0.7896825396825397,1.246031746031746
FD:2022-23:D1:20230429:Union Berlin:Leverkusen,1.9404761904761905,1.853174603174603,1.853174603174603,1.9404761904761905
global-e744fae2804794ee826ffba8,1.4699074074074074,1.110091743119266,1.110091743119266,1.4699074074074074
global-4cfc4587c8767aebd73130e0,0.9488188976377954,1.330708661417323,1.330708661417323,0.9488188976377954
global-5c6040e302bfbbb76c3aaeda,1.234251968503937,0.8090551181102362,0.8090551181102362,1.234251968503937
global-a2d77581ae2c0c344d336ab1,1.9330708661417322,1.8464566929133859,1.8464566929133859,1.9330708661417322
global-ebbafbf9c7a45b821309e3ca,1.1279527559055118,1.9429133858267718,1.9429133858267718,1.1279527559055118
global-efb2c09632c61ffd36f1780a,1.8051181102362206,1.3523622047244095,1.3523622047244095,1.8051181102362206
global-3db94f71fac8743aba074483,1.1376146788990826,1.3466981132075473,1.3466981132075473,1.1376146788990826
global-d8a9d7edc954e43172b8a3ef,0.6742424242424242,1.306338028169014,1.306338028169014,0.6742424242424242
global-faa49fca393f0134b2ea075a,1.1059322033898304,0.614406779661017,0.614406779661017,1.1059322033898304
FD:2022-23:D1:20230430:Bayern Munich:Hertha,0.6428571428571429,2.579365079365079,2.579365079365079,0.6428571428571429
FD:2022-23:D1:20230430:Wolfsburg:Mainz,1.5,1.3611111111111112,1.3611111111111112,1.5
global-49e1b914c1dbba8075ca1a4a,1.05045871559633,0.856060606060606,0.856060606060606,1.05045871559633
global-5b1da289edb697bcb39bcfac,2.7686915887850465,0.9535714285714286,0.9535714285714286,2.7686915887850465
global-7a8f44a0b0dff880685bfe50,1.4403669724770642,1.8831775700934579,1.8831775700934579,1.4403669724770642
global-d543f0db51b43b79c65f2271,0.8096330275229358,1.4398148148148149,1.4398148148148149,0.8096330275229358
global-969a275fedc3f6fdf8ab7f83,0.6338582677165354,2.5866141732283467,2.5866141732283467,0.6338582677165354
global-61049586d0f312d8bbf1514c,1.8509174311926604,2.25,2.25,1.8509174311926604
global-e9e6aa8fcabc5ecf49911284,1.482283464566929,1.3799212598425197,1.3799212598425197,1.482283464566929
global-b7e8daef5f55b100d0388edd,1.0435779816513762,1.3669724770642202,1.3669724770642202,1.0435779816513762
095721e886420f1a0ff3a2e9,3.625,2.533333333333333,2.533333333333333,3.625
26973c97fd275c791cf11f63,1.4166666666666665,0.9375,0.9375,1.4166666666666665
32a22df5b7368979d68d91b7,0.75,0.0,0.0,0.75
49f56429cc3c686ccfd2ea1b,2.6176470588235294,1.173076923076923,1.173076923076923,2.6176470588235294
58a888cab9b1fd4e2d33cb8a,1.6785714285714286,1.875,1.875,1.6785714285714286
6c3c61a9ed77d054ccf5c552,0.3461538461538462,0.5833333333333333,0.5833333333333333,0.3461538461538462
global-f8c1b6afe8bd4b05f12803d6,1.8055555555555556,2.0389908256880735,2.0389908256880735,1.8055555555555556
2e3edb821ea409b4c678f5a0,1.375,0.3,0.3,1.375
328e8700050d811c7c9f489f,2.066666666666667,1.7727272727272727,1.7727272727272727,2.066666666666667
8ace2cb98d9e1d3613859fe9,1.75,1.6666666666666667,1.6666666666666667,1.75
faee638c1816abb56f076569,1.25,0.8181818181818181,0.8181818181818181,1.25
global-d47086ec801ff8acd9b86ab1,0.9366197183098591,2.2591743119266057,2.2591743119266057,0.9366197183098591
global-ef7ec8a2198dfad3471f0234,1.4541284403669723,2.7731481481481484,2.7731481481481484,1.4541284403669723
2dfc75bed26469f142459dd3,2.2,2.5,2.5,2.2
66cbe2cff6fd42741969b3c1,1.8157894736842104,1.7058823529411764,1.7058823529411764,1.8157894736842104
7ee872163630991167d695df,2.5,2.5833333333333335,2.5833333333333335,2.5
8a1a2744b7794733d4dcaed5,0.44999999999999996,1.3928571428571428,1.3928571428571428,0.44999999999999996
b3c8d4a6187b24744ad1f547,0.375,-0.25,-0.25,0.375
e3d241aaa513b898e2cbe006,0.0357142857142857,2.625,2.625,0.0357142857142857
global-c575d0cf54054af4430e0d7d,1.8958333333333333,1.3761682242990654,1.3761682242990654,1.8958333333333333
FD:2022-23:D1:20230505:Leverkusen:FC Koln,1.33984375,1.92578125,1.92578125,1.33984375
FD:2022-23:D1:20230505:Mainz:Schalke 04,0.6583333333333333,1.46484375,1.46484375,0.6583333333333333
global-6ca55d368612a2dde51c3654,0.7008196721311476,1.4515503875968994,1.4515503875968994,0.7008196721311476
global-ec5b4ce9711bc682fedd9a1a,1.3546511627906976,1.9089147286821706,1.9089147286821706,1.3546511627906976
FD:2022-23:D1:20230506:Augsburg:Union Berlin,1.83984375,0.94921875,0.94921875,1.83984375
FD:2022-23:D1:20230506:Freiburg:RB Leipzig,1.953125,1.81640625,1.81640625,1.953125
FD:2022-23:D1:20230506:Hertha:Stuttgart,0.828125,0.625,0.625,0.828125
FD:2022-23:D1:20230506:Hoffenheim:Ein Frankfurt,1.328125,1.1171875,1.1171875,1.328125
FD:2022-23:D1:20230506:M'gladbach:Bochum,0.90625,1.22265625,1.22265625,0.90625
FD:2022-23:D1:20230506:Werder Bremen:Bayern Munich,2.59375,1.0833333333333335,1.0833333333333335,2.59375
global-0f38ee82ad05c3a6173c1dd7,0.8197674418604651,0.6453488372093024,0.6453488372093024,0.8197674418604651
global-1387ad61ff1ac9f09c5a7ff0,0.8953488372093023,1.2403100775193798,1.2403100775193798,0.8953488372093023
global-adb1c2e2a7e1244ae60ff789,1.823643410852713,0.9670542635658914,0.9670542635658914,1.823643410852713
global-b091b70a389f4c338b79b5de,1.9631782945736433,1.8003875968992247,1.8003875968992247,1.9631782945736433
global-f9ffaddad1da345e62762b7e,1.313953488372093,1.1356589147286822,1.1356589147286822,1.313953488372093
global-2021e99313a67f2d3420d9b9,1.7844036697247707,0.9411764705882353,0.9411764705882353,1.7844036697247707
global-3a593b25f24f2904ff402778,1.1295454545454544,1.8318181818181818,1.8318181818181818,1.1295454545454544
global-e3b29b5cf325ce9ffa140e99,1.0340909090909092,2.782110091743119,2.782110091743119,1.0340909090909092
global-e5ddbe07450bada19ea206a4,1.4249999999999998,1.1136363636363635,1.1136363636363635,1.4249999999999998
global-2deb104f5d33902270a96357,2.5988372093023253,1.0614754098360655,1.0614754098360655,2.5988372093023253
global-4484e6a05583aabf2d1e6e6b,1.3333333333333333,2.268181818181818,2.268181818181818,1.3333333333333333
FD:2022-23:D1:20230507:Dortmund:Wolfsburg,1.3984375,2.265625,2.265625,1.3984375
global-59f65c4f4d8ce845d76c9d79,1.375968992248062,2.2829457364341086,2.2829457364341086,1.375968992248062
global-f975eb348f457f3b704bd4bc,2.0522727272727272,1.4587155963302751,1.4587155963302751,2.0522727272727272
global-94266dc50502fc5519caebe6,1.8761467889908257,1.434090909090909,1.434090909090909,1.8761467889908257
global-e8635d75c60782118b3a350f,1.3636363636363635,0.9201388888888888,0.9201388888888888,1.3636363636363635
global-3650ab66d9fabeefc1f6ee2e,1.0431818181818182,1.3935185185185186,1.3935185185185186,1.0431818181818182
global-aa85e5cbca58b2864fc54a2c,0.7977272727272728,0.6470588235294117,0.6470588235294117,0.7977272727272728
FD:2022-23:D1:20230512:FC Koln:Hertha,0.6653846153846155,1.3692307692307693,1.3692307692307693,0.6653846153846155
global-3324891fe7fb415894e73f0c,0.6545801526717557,1.3874045801526718,1.3874045801526718,0.6545801526717557
FD:2022-23:D1:20230513:Bayern Munich:Schalke 04,0.7419354838709677,2.6038461538461535,2.6038461538461535,0.7419354838709677
FD:2022-23:D1:20230513:Bochum:Augsburg,0.9846153846153847,0.8846153846153846,0.8846153846153846,0.9846153846153847
FD:2022-23:D1:20230513:Dortmund:M'gladbach,1.2576923076923077,2.3,2.3,1.2576923076923077
FD:2022-23:D1:20230513:Ein Frankfurt:Mainz,1.4384615384615385,1.3,1.3,1.4384615384615385
FD:2022-23:D1:20230513:Union Berlin:Freiburg,1.7846153846153845,1.8076923076923077,1.8076923076923077,1.7846153846153845
FD:2022-23:D1:20230513:Wolfsburg:Hoffenheim,1.1538461538461537,1.353846153846154,1.353846153846154,1.1538461538461537
global-2ca4a692a44a6c7d44afc154,1.440909090909091,1.0225225225225225,1.0225225225225225,1.440909090909091
global-20a7536b0402dfae12321da9,1.7671755725190839,1.8206106870229006,1.8206106870229006,1.7671755725190839
global-359ea97fd62b236a47d184f0,0.9751908396946566,0.9026717557251908,0.9026717557251908,0.9751908396946566
global-a31c38a97a5554060effb397,0.7063492063492063,2.618320610687023,2.618320610687023,0.7063492063492063
global-b16648c516caa96e8badb7cc,1.4217557251908397,1.3187022900763359,1.3187022900763359,1.4217557251908397
global-f1d61a46d94e037ccec8e62d,1.1431297709923665,1.368320610687023,1.368320610687023,1.1431297709923665
global-3a12ca220e06252933b739f7,0.9554794520547945,0.7882882882882883,0.7882882882882883,0.9554794520547945
global-4a9739a9bfa51f9f40b4c8b9,1.1328828828828827,1.8568181818181817,1.8568181818181817,1.1328828828828827
global-7431fcb98776475c02fe966c,0.7214285714285714,1.7999999999999998,1.7999999999999998,0.7214285714285714
global-9460c6956abc9a6599ade98c,0.9,1.1171171171171173,1.1171171171171173,0.9
global-fc85d3b5e78696c68912acb7,1.8445945945945947,1.40990990990991,1.40990990990991,1.8445945945945947
global-aa17ef692b0ac82a7ef2d94c,1.2423664122137403,2.3110687022900764,2.3110687022900764,1.2423664122137403
FD:2022-23:D1:20230514:RB Leipzig:Werder Bremen,1.0403225806451615,1.973076923076923,1.973076923076923,1.0403225806451615
FD:2022-23:D1:20230514:Stuttgart:Leverkusen,1.8923076923076925,0.8115384615384615,0.8115384615384615,1.8923076923076925
global-50a91b460890a5a5cf0dca94,2.786363636363636,1.0698198198198199,1.0698198198198199,2.786363636363636
global-961f977009531353193564c2,1.4504504504504503,1.3116438356164384,1.3116438356164384,1.4504504504504503
global-2d86e6412918603f574f7030,1.885496183206107,0.8129770992366412,0.8129770992366412,1.885496183206107
global-01053a7cb1e8cb2a2c0db55d,1.01984126984127,1.982824427480916,1.982824427480916,1.01984126984127
global-5c92b3cdee5514bf343a2fad,1.3715596330275228,2.065315315315315,2.065315315315315,1.3715596330275228
global-762878de5fe3f51ec457188b,2.2770270270270268,1.3468468468468469,1.3468468468468469,2.2770270270270268
global-bf7b271a8c2f0cd63c06a58f,1.393181818181818,1.436936936936937,1.436936936936937,1.393181818181818
FD:2022-23:D1:20230519:Freiburg:Wolfsburg,1.3825757575757578,1.75,1.75,1.3825757575757578
global-d4988aea6ad433cceed4ae8c,1.368421052631579,1.763157894736842,1.763157894736842,1.368421052631579
FD:2022-23:D1:20230520:Bayern Munich:RB Leipzig,1.9924242424242424,2.6325757575757573,2.6325757575757573,1.9924242424242424
FD:2022-23:D1:20230520:Hertha:Bochum,0.9204545454545454,0.6439393939393939,0.6439393939393939,0.9204545454545454
FD:2022-23:D1:20230520:Hoffenheim:Union Berlin,1.8333333333333333,1.1325757575757576,1.1325757575757576,1.8333333333333333
FD:2022-23:D1:20230520:Schalke 04:Ein Frankfurt,1.3371212121212122,0.671875,0.671875,1.3371212121212122
FD:2022-23:D1:20230520:Werder Bremen:FC Koln,1.4053030303030303,1.0,1.0,1.4053030303030303
global-6238c1a42a2645cf6e3a900f,1.3412162162162162,1.8258928571428572,1.8258928571428572,1.3412162162162162
global-52b910cc56eb6fe460a690a5,0.9210526315789475,0.6466165413533835,0.6466165413533835,0.9210526315789475
global-99d198ac685e69fa07f06a5e,1.4022556390977445,0.9999999999999999,0.9999999999999999,1.4022556390977445
global-ca8028c3f579d2ec74598d0a,1.3345864661654134,0.676923076923077,0.676923076923077,1.3345864661654134
global-cc8d3b9414a73a87a04d9a32,1.8157894736842104,1.1503759398496243,1.1503759398496243,1.8157894736842104
global-4af4cb7936142c49229b2a97,1.8716216216216217,0.861111111111111,0.861111111111111,1.8716216216216217
global-b5cfabb461ffe1bdfefbbd6b,1.0535714285714286,1.1183035714285714,1.1183035714285714,1.0535714285714286
global-e3f94ca5c618a01d9d0f6ea6,1.4263392857142856,2.290178571428571,2.290178571428571,1.4263392857142856
global-e6e0549dc85b39fb9c9264cc,1.138392857142857,0.9898648648648648,0.9898648648648648,1.138392857142857
global-30577c0929ccae06deb3a5fc,2.0037593984962405,2.6090225563909772,2.6090225563909772,2.0037593984962405
global-824ae815517b8afea34a37e7,2.040178571428571,0.7291666666666666,0.7291666666666666,2.040178571428571
FD:2022-23:D1:20230521:Augsburg:Dortmund,2.321969696969697,0.9659090909090908,0.9659090909090908,2.321969696969697
FD:2022-23:D1:20230521:Leverkusen:M'gladbach,1.2272727272727273,1.878787878787879,1.878787878787879,1.2272727272727273
FD:2022-23:D1:20230521:Mainz:Stuttgart,0.8143939393939394,1.4053030303030305,1.4053030303030305,0.8143939393939394
global-e343a5d67870ccbdd4cf4a53,1.0223214285714286,1.4330357142857144,1.4330357142857144,1.0223214285714286
global-a3b15699b312755decce2be2,0.7767857142857143,1.3738738738738738,1.3738738738738738,0.7767857142857143
global-f04941ecc9ff9deb6c5a76e1,0.8364661654135338,1.3890977443609023,1.3890977443609023,0.8364661654135338
global-19df86f18ecfea16ee7981fd,1.7927927927927927,2.795045045045045,2.795045045045045,1.7927927927927927
global-17458349c70b68c2dcab5f34,2.332706766917293,0.9530075187969924,0.9530075187969924,2.332706766917293
global-eebd9c67a01ebc7324b0fc16,1.225563909774436,1.8721804511278197,1.8721804511278197,1.225563909774436
global-135b6fbc0914c38aade14b9f,1.328125,1.4575892857142856,1.4575892857142856,1.328125
2d88174c37ed4fd2a18628e9,2.125,0.3333333333333333,0.3333333333333333,2.125
58c7d389bcda7e1781e6373f,1.8194444444444446,1.5,1.5,1.8194444444444446
60a2c6e402cded7e7474c1b6,2.5277777777777777,0.125,0.125,2.5277777777777777
e0386f9875ea2103e3320851,1.6875,1.5714285714285714,1.5714285714285714,1.6875
e2f8b3c628bcf913fdaddd28,2.8125,1.0,1.0,2.8125
ed752d4513dc44ec1c04acab,1.75,-0.3333333333333333,-0.3333333333333333,1.75
05c61c6a0dbf4155b7b6b026,2.0277777777777777,0.29166666666666663,0.29166666666666663,2.0277777777777777
52f150014739aaf03b965b78,1.55,1.65625,1.65625,1.55
7666ff626ecf08d259cf8267,1.2222222222222223,2.95,2.95,1.2222222222222223
e6c8f7b2b9704bb7372f50bd,1.1607142857142856,2.1666666666666665,2.1666666666666665,1.1607142857142856
global-c11a727debb62c9b1e8c4c55,2.7991071428571432,1.3928571428571428,1.3928571428571428,2.7991071428571432
3067472e01d7514449bdbc98,2.0,0.95,0.95,2.0
652ee40f96449c39585045e2,2.75,1.3125,1.3125,2.75
69f7c8a2c703e15f38e86b0f,0.8333333333333334,-0.125,-0.125,0.8333333333333334
cd1bc1b37f7e286a3de9d155,2.4375,0.28571428571428575,0.28571428571428575,2.4375
d112da5f773e16388b41e809,2.0,0.8125,0.8125,2.0
ee9b1bc559a9921e0684fdf8,1.7083333333333335,1.3125,1.3125,1.7083333333333335
global-7e7314e6bdcb7b15f486f536,1.7745535714285714,1.8839285714285714,1.8839285714285714,1.7745535714285714
FD:2022-23:D1:20230527:Bochum:Leverkusen,1.8656716417910448,0.9216417910447762,0.9216417910447762,1.8656716417910448
FD:2022-23:D1:20230527:Dortmund:Mainz,1.373134328358209,2.343283582089552,2.343283582089552,1.373134328358209
FD:2022-23:D1:20230527:Ein Frankfurt:Freiburg,1.7761194029850746,1.332089552238806,1.332089552238806,1.7761194029850746
FD:2022-23:D1:20230527:FC Koln:Bayern Munich,2.585820895522388,1.3992537313432836,1.3992537313432836,2.585820895522388
FD:2022-23:D1:20230527:M'gladbach:Augsburg,0.9402985074626866,1.2238805970149256,1.2238805970149256,0.9402985074626866
FD:2022-23:D1:20230527:RB Leipzig:Schalke 04,0.6818181818181819,2.0149253731343286,2.0149253731343286,0.6818181818181819
FD:2022-23:D1:20230527:Stuttgart:Hoffenheim,1.167910447761194,0.8582089552238806,0.8582089552238806,1.167910447761194
FD:2022-23:D1:20230527:Union Berlin:Werder Bremen,0.9999999999999999,1.7985074626865671,1.7985074626865671,0.9999999999999999
FD:2022-23:D1:20230527:Wolfsburg:Hertha,0.6492537313432836,1.3544776119402984,1.3544776119402984,0.6492537313432836
global-1b88d4373b53cbd5476c48bc,1.1666666666666667,0.8592592592592592,0.8592592592592592,1.1666666666666667
global-406e3358bb4a458464ddf4f9,2.590740740740741,1.387037037037037,1.387037037037037,2.590740740740741
global-481d7d3e39c35caae48324e8,0.664179104477612,2.025925925925926,2.025925925925926,0.664179104477612
global-61ec5bc3fb1c3989c10ba433,0.9296296296296296,1.2407407407407407,1.2407407407407407,0.9296296296296296
global-7e3b9f2199bb7280da8e04ee,1.761111111111111,1.3462962962962963,1.3462962962962963,1.761111111111111
global-899cc2e118498c7dd926a077,0.6685185185185185,1.3425925925925926,1.3425925925925926,0.6685185185185185
global-dae6d029bf1e2defe22fc228,1.3703703703703705,2.3333333333333335,2.3333333333333335,1.3703703703703705
global-dea5ce842865d978c0052c85,0.9813432835820896,1.8092592592592591,1.8092592592592591,0.9813432835820896
global-f7c7ea44cde484e7d93fb23e,1.8462962962962963,0.9425925925925925,0.9425925925925925,1.8462962962962963
global-0a29a9bfe7d1f6107800d51b,1.1172566371681416,2.019911504424779,2.019911504424779,1.1172566371681416
global-241a22b8d3e2d160c1a3f0e1,1.3893805309734513,1.4225663716814159,1.4225663716814159,1.3893805309734513
global-3ed79657cd3b567ef26305e0,2.2787610619469025,0.7654867256637168,0.7654867256637168,2.2787610619469025
global-6cd3cf5d693a66189641114a,2.7831858407079646,1.37,1.37,2.7831858407079646
global-88a5c21b84a5ab8723bd26c5,1.4535398230088497,1.752212389380531,1.752212389380531,1.4535398230088497
global-8cd80af7a4fa463f6d06adfa,0.8310810810810809,1.0530973451327434,1.0530973451327434,0.8310810810810809
global-bf60ecbc56df9a5107f9d421,1.8053097345132743,1.008849557522124,1.008849557522124,1.8053097345132743
global-d65bed1052e7ade40e1a968e,1.4513274336283186,1.325221238938053,1.325221238938053,1.4513274336283186
global-e347425894dd5c7c0275d319,0.99,1.9004424778761062,1.9004424778761062,0.99
global-e7f138f6f6076ba439290128,0.7972972972972973,1.1371681415929205,1.1371681415929205,0.7972972972972973
033e00ac6dea5c5ff488d9d5,1.8125,1.0625,1.0625,1.8125
1d5aef5941dda3cea673471e,3.0,-0.22222222222222227,-0.22222222222222227,3.0
3626430358a5ca47b601f634,1.8947368421052633,1.5833333333333335,1.5833333333333335,1.8947368421052633
55cf4fcedce060459851c9f9,0.0357142857142857,1.875,1.875,0.0357142857142857
b780e9a03bd414db8b45b106,2.15,1.4375,1.4375,2.15
d41cddd81fd5426c2c184248,2.3125,2.0588235294117645,2.0588235294117645,2.3125
026122d2dc2f2c2b7d7104b8,1.8333333333333333,0.21428571428571427,0.21428571428571427,1.8333333333333333
4a5bf95fe40913c5513148c9,1.846153846153846,1.9411764705882353,1.9411764705882353,1.846153846153846
ebf054b95bd3e548e98b0e71,2.5294117647058822,3.0625,3.0625,2.5294117647058822
03079917feeaf75febf66545,0.85,0.19999999999999996,0.19999999999999996,0.85
127e3430585a2fba74496d23,2.2,1.3499999999999999,1.3499999999999999,2.2
19b5c5bcda2d27eed4c430a7,0.9583333333333334,0.95,0.95,0.9583333333333334
27266c50e9577f635492fed6,0.5625,1.375,1.375,0.5625
5f2a85710c61fec0bae35ba1,1.0769230769230769,1.0750000000000002,1.0750000000000002,1.0769230769230769
ab1bfdb0db7135268bd0cb7f,1.15,2.5789473684210527,2.5789473684210527,1.15
edda2edbdb9819e74303d5ca,0.5,0.6000000000000001,0.6000000000000001,0.5
100d1d27090d21a88f7f2d17,0.125,1.0681818181818181,1.0681818181818181,0.125
26b455c7dea50046f1d4cb43,2.15,2.6625,2.6625,2.15
b8ed03bb7c4db4feb42457f4,0.0,1.0,1.0,0.0
f2326906022dbbef5a65dd46,2.5357142857142856,1.0714285714285714,1.0714285714285714,2.5357142857142856
0c3f1439d168cad2d94c094f,1.3333333333333333,1.8888888888888888,1.8888888888888888,1.3333333333333333
32389fe74ac5a5c9b29ee49f,0.7857142857142857,1.7857142857142856,1.7857142857142856,0.7857142857142857
6f90997a7f060d29ddefaff1,0.65,1.75,1.75,0.65
99e98a62a9625676ad6a24cd,1.3214285714285716,1.7083333333333335,1.7083333333333335,1.3214285714285716
c072bc70f81ac6554dcee7fe,1.2916666666666667,2.444444444444444,2.444444444444444,1.2916666666666667
d0d9289ad69364e3758cbc13,0.15625,2.6500000000000004,2.6500000000000004,0.15625
23b59b901a8fb84b3879b78a,0.35,2.05,2.05,0.35
74f0bb4fd0a6b83b05d01776,1.9749999999999999,2.25,2.25,1.9749999999999999
cb69efd4e2309200992708ef,1.5499999999999998,1.4772727272727273,1.4772727272727273,1.5499999999999998
e62e7f8ea473bf3eb6449575,1.0416666666666667,2.0,2.0,1.0416666666666667
eed379dbc0576393c8a89221,1.5555555555555556,1.9875,1.9875,1.5555555555555556
f0390f3924d0116d7e3d33d2,0.15625,1.3382352941176472,1.3382352941176472,0.15625
71ea5a736dca1e8e5c583cfb,1.9642857142857144,1.9166666666666667,1.9166666666666667,1.9642857142857144
ba826f1cb87ff19af7f1d846,2.875,1.5416666666666667,1.5416666666666667,2.875
f1e12b83918f28d7827bc2e5,1.8333333333333335,1.375,1.375,1.8333333333333335
72453367c1713d4914293ea0,1.875,,,1.875
8398430c35894bebbe0efac1,1.9605263157894737,0.875,0.875,1.9605263157894737
92e38e85f1ffa9d3d06a4391,1.2916666666666667,1.375,1.375,1.2916666666666667
219a29f258b4e04bae546c0f,1.8863636363636362,0.375,0.375,1.8863636363636362
27a4bf50075ec4c07e0fceb3,1.7083333333333335,1.5446428571428572,1.5446428571428572,1.7083333333333335
473a16adaf57efc7e2ddffd4,2.0,1.5357142857142858,1.5357142857142858,2.0
9ac39fa81eedd807ad44f5fd,1.7857142857142856,2.4285714285714284,2.4285714285714284,1.7857142857142856
a7a1a6ac0c79091d0157b5bb,2.107142857142857,1.6875,1.6875,2.107142857142857
0a3832e41ddc38d1600c668a,-0.5,2.107142857142857,2.107142857142857,-0.5
6b477bb2826de7df4bb37223,1.1944444444444446,1.4423076923076923,1.4423076923076923,1.1944444444444446
c0ff67ae50067c2668aca87d,0.65,2.025,2.025,0.65
f97e4b4652723f7547d3ed59,1.603448275862069,1.4285714285714286,1.4285714285714286,1.603448275862069
f380f44e2f182ed14f2b5e68,0.5833333333333333,1.8125,1.8125,0.5833333333333333
2d35266d6391c36d688111f4,2.0595238095238093,1.9761904761904763,1.9761904761904763,2.0595238095238093
9a038770d23bfc9738c3e648,2.625,1.6583333333333332,1.6583333333333332,2.625
f8861a0e239c7c664f7c1fd7,2.1458333333333335,2.25,2.25,2.1458333333333335
0a5c41559cc935bc38f5d933,1.9000000000000001,1.96875,1.96875,1.9000000000000001
90e4169813d4d8538b02fefe,1.5625,2.625,2.625,1.5625
68b1318050247cf428568b3e,2.7023809523809526,1.5892857142857142,1.5892857142857142,2.7023809523809526
8535340422f4e01223ec8c18,2.5526315789473686,1.84375,1.84375,2.5526315789473686
f4b7153d09492963744653a1,2.0921052631578947,1.25,1.25,2.0921052631578947
4f45097ac36ac77c8d3fb9e7,1.596774193548387,2.6944444444444446,2.6944444444444446,1.596774193548387
6784c9daab8f46f5c7bb9e1c,2.361111111111111,1.9615384615384617,1.9615384615384617,2.361111111111111
b234596a7013166c1e86be93,1.875,2.1136363636363638,2.1136363636363638,1.875
24f85c65ecac370cd9e59cf7,2.111111111111111,1.765625,1.765625,2.111111111111111
51c673a13ab98a7ca2771d99,2.75,1.3055555555555556,1.3055555555555556,2.75
4e2d86f191c7e040b2929c9c,1.7000000000000002,2.5681818181818183,2.5681818181818183,1.7000000000000002
6fc7124efee7c05b83cc5ec3,1.75,2.475,2.475,1.75
7408f3630f7aaf25291a08fa,0.95,2.15,2.15,0.95
2324-0001,2.7565789473684212,0.8388157894736843,0.8388157894736843,2.7565789473684212
2324-0002,0.8026315789473684,2.0394736842105265,2.0394736842105265,0.8026315789473684
2324-0003,1.4364035087719298,0.8026315789473685,0.8026315789473685,1.4364035087719298
2324-0004,,1.375,1.375,
2324-0005,0.9736842105263157,1.0723684210526316,1.0723684210526316,0.9736842105263157
2324-0006,1.1359649122807016,0.3223684210526316,0.3223684210526316,1.1359649122807016
2324-0007,1.4385964912280702,1.449561403508772,1.449561403508772,1.4385964912280702
2324-0008,1.8223684210526314,1.394736842105263,1.394736842105263,1.8223684210526314
2324-0009,2.267543859649123,1.7456140350877192,1.7456140350877192,2.267543859649123
2324-0010,1.0964912280701755,1.9122807017543861,1.9122807017543861,1.0964912280701755
2324-0011,0.3076923076923077,0.7756410256410257,0.7756410256410257,0.3076923076923077
2324-0012,1.3896103896103895,1.0032467532467533,1.0032467532467533,1.3896103896103895
2324-0013,0.8076923076923076,2.256521739130435,2.256521739130435,0.8076923076923076
2324-0014,1.3956521739130434,1.0847826086956522,1.0847826086956522,1.3956521739130434
2324-0015,1.9239130434782608,1.815217391304348,1.815217391304348,1.9239130434782608
2324-0016,1.4717391304347827,2.765217391304348,2.765217391304348,1.4717391304347827
2324-0017,1.0608695652173912,1.417391304347826,1.417391304347826,1.0608695652173912
2324-0018,1.7391304347826086,1.432608695652174,1.432608695652174,1.7391304347826086
2324-0019,2.05,1.1543478260869566,1.1543478260869566,2.05
fd03246e5495b60a15bda8a6,2.8249999999999997,2.225,2.225,2.8249999999999997
f40b59b6fa64e821cf67118d,2.1630434782608696,2.0,2.0,2.1630434782608696
23f3c3f3d4d383a8fb0ca644,2.608695652173913,2.2023809523809526,2.2023809523809526,2.608695652173913
a590ef56b9e76af14da00d7e,2.5250000000000004,1.9,1.9,2.5250000000000004
2324-0020,-0.75,1.7198275862068966,1.7198275862068966,-0.75
2324-0021,1.8297413793103448,0.775,0.775,1.8297413793103448
2324-0022,0.9807692307692307,2.060344827586207,2.060344827586207,0.9807692307692307
2324-0023,1.1422413793103448,1.4198717948717947,1.4198717948717947,1.1422413793103448
2324-0024,1.0689655172413794,1.043103448275862,1.043103448275862,1.0689655172413794
2324-0025,0.8374999999999999,1.9030172413793103,1.9030172413793103,0.8374999999999999
2324-0026,1.4504310344827585,1.415948275862069,1.415948275862069,1.4504310344827585
2324-0027,1.4396551724137931,0.8181818181818181,0.8181818181818181,1.4396551724137931
2324-0028,2.769396551724138,0.29374999999999996,0.29374999999999996,2.769396551724138
2324-0029,2.2672413793103448,1.456896551724138,1.456896551724138,2.2672413793103448
a43009b0d37483c1f3af3c2c,2.318181818181818,2.5454545454545454,2.5454545454545454,2.318181818181818
d786c98115b245aec6159a22,1.9090909090909092,2.114583333333333,2.114583333333333,1.9090909090909092
557db98eb8645bef531355ca,1.6818181818181817,2.6136363636363638,2.6136363636363638,1.6818181818181817
56b4d013a0e19852aa04fbf9,2.25,2.4895833333333335,2.4895833333333335,2.25
2324-0030,1.467948717948718,-0.75,-0.75,1.467948717948718
FD:2023-24:E0:20230902:Brentford:Bournemouth,0.7439024390243902,1.4145569620253164,1.4145569620253164,0.7439024390243902
FD:2023-24:E0:20230902:Brighton:Newcastle,1.4423076923076923,1.3995726495726495,1.3995726495726495,1.4423076923076923
FD:2023-24:E0:20230902:Burnley:Tottenham,1.844017094017094,0.8012820512820512,0.8012820512820512,1.844017094017094
FD:2023-24:E0:20230902:Chelsea:Nott'm Forest,0.8109756097560976,1.7371794871794872,1.7371794871794872,0.8109756097560976
FD:2023-24:E0:20230902:Man City:Fulham,0.981012658227848,2.7735042735042734,2.7735042735042734,0.981012658227848
FD:2023-24:E0:20230902:Sheffield United:Everton,1.032051282051282,0.2804878048780488,0.2804878048780488,1.032051282051282
FD:2023-24:E0:20230903:Arsenal:Man United,1.9145299145299144,2.051282051282051,2.051282051282051,1.9145299145299144
FD:2023-24:E0:20230903:Crystal Palace:Wolves,1.0876068376068375,1.141025641025641,1.141025641025641,1.0876068376068375
FD:2023-24:E0:20230903:Liverpool:Aston Villa,1.4572649572649572,2.2756410256410255,2.2756410256410255,1.4572649572649572
FD:2023-24:E0:20230916:Aston Villa:Crystal Palace,1.158898305084746,1.4385593220338984,1.4385593220338984,1.158898305084746
FD:2023-24:E0:20230916:Fulham:Luton,-0.5833333333333334,0.95625,0.95625,-0.5833333333333334
FD:2023-24:E0:20230916:Man United:Brighton,1.4173728813559323,1.8940677966101696,1.8940677966101696,1.4173728813559323
FD:2023-24:E0:20230916:Newcastle:Brentford,1.409375,1.4258474576271187,1.4258474576271187,1.409375
FD:2023-24:E0:20230916:Tottenham:Sheffield United,0.29761904761904756,1.8601694915254239,1.8601694915254239,0.29761904761904756
FD:2023-24:E0:20230916:West Ham:Man City,2.7838983050847457,1.483050847457627,1.483050847457627,2.7838983050847457
FD:2023-24:E0:20230916:Wolves:Liverpool,2.288135593220339,1.076271186440678,1.076271186440678,2.288135593220339
FD:2023-24:E0:20230917:Bournemouth:Chelsea,1.7203389830508473,0.75,0.75,1.7203389830508473
FD:2023-24:E0:20230917:Everton:Arsenal,2.0635593220338984,1.0317796610169492,1.0317796610169492,2.0635593220338984
FD:2023-24:E0:20230918:Nott'm Forest:Burnley,0.7816455696202531,0.8690476190476191,0.8690476190476191,0.7816455696202531
FD:2023-24:E0:20230923:Brentford:Everton,1.0210084033613445,1.388888888888889,1.388888888888889,1.0210084033613445
FD:2023-24:E0:20230923:Burnley:Man United,1.8739495798319328,0.784375,0.784375,1.8739495798319328
FD:2023-24:E0:20230923:Crystal Palace:Fulham,0.984567901234568,1.1449579831932772,1.1449579831932772,0.984567901234568
FD:2023-24:E0:20230923:Luton:Wolves,1.0630252100840336,-0.5,-0.5,1.0630252100840336
FD:2023-24:E0:20230923:Man City:Nott'm Forest,0.8720930232558141,2.7899159663865545,2.7899159663865545,0.8720930232558141
FD:2023-24:E0:20230924:Arsenal:Tottenham,1.8718487394957983,2.073529411764706,2.073529411764706,1.8718487394957983
FD:2023-24:E0:20230924:Brighton:Bournemouth,0.7558139534883721,1.434873949579832,1.434873949579832,0.7558139534883721
FD:2023-24:E0:20230924:Chelsea:Aston Villa,1.4558823529411764,1.7142857142857144,1.7142857142857144,1.4558823529411764
FD:2023-24:E0:20230924:Liverpool:West Ham,1.4663865546218486,2.2983193277310923,2.2983193277310923,1.4663865546218486
FD:2023-24:E0:20230924:Sheffield United:Newcastle,1.4411764705882353,0.28488372093023256,0.28488372093023256,1.4411764705882353
8bf1464aabd87159b0241665,2.666666666666667,2.395833333333333,2.395833333333333,2.666666666666667
3c590482f3f30a3f3b59d624,2.16,2.293478260869565,2.293478260869565,2.16
FD:2023-24:E0:20230930:Aston Villa:Brighton,1.4520833333333334,1.4708333333333332,1.4708333333333332,1.4520833333333334
FD:2023-24:E0:20230930:Bournemouth:Arsenal,2.064583333333333,0.7272727272727273,0.7272727272727273,2.064583333333333
FD:2023-24:E0:20230930:Everton:Luton,-0.2,1.0416666666666665,1.0416666666666665,-0.2
FD:2023-24:E0:20230930:Man United:Crystal Palace,1.1437499999999998,1.8854166666666667,1.8854166666666667,1.1437499999999998
FD:2023-24:E0:20230930:Newcastle:Burnley,0.7716049382716049,1.4708333333333332,1.4708333333333332,0.7716049382716049
FD:2023-24:E0:20230930:Tottenham:Liverpool,2.308333333333333,1.8645833333333335,1.8645833333333335,2.308333333333333
FD:2023-24:E0:20230930:West Ham:Sheffield United,0.23295454545454541,1.45,1.45,0.23295454545454541
FD:2023-24:E0:20230930:Wolves:Man City,2.7958333333333334,1.0625,1.0625,2.7958333333333334
FD:2023-24:E0:20231001:Nott'm Forest:Brentford,1.3658536585365855,0.8409090909090908,0.8409090909090908,1.3658536585365855
FD:2023-24:E0:20231002:Fulham:Chelsea,1.6979166666666665,0.9847560975609757,0.9847560975609757,1.6979166666666665
FD:2023-24:E0:20231003:Luton:Burnley,0.7560975609756098,0.37499999999999994,0.37499999999999994,0.7560975609756098
d0e987e86cd8d5ca8b73bc1f,2.2884615384615388,2.5384615384615383,2.5384615384615383,2.2884615384615388
3886432787dcf0e12985a58a,2.3541666666666665,2.0480769230769234,2.0480769230769234,2.3541666666666665
FD:2023-24:E0:20231007:Burnley:Chelsea,1.712809917355372,0.786144578313253,0.786144578313253,1.712809917355372
FD:2023-24:E0:20231007:Crystal Palace:Nott'm Forest,0.8444444444444443,1.1611570247933884,1.1611570247933884,0.8444444444444443
FD:2023-24:E0:20231007:Everton:Bournemouth,0.6888888888888889,1.03099173553719,1.03099173553719,0.6888888888888889
FD:2023-24:E0:20231007:Fulham:Sheffield United,0.21666666666666667,0.9668674698795181,0.9668674698795181,0.21666666666666667
FD:2023-24:E0:20231007:Luton:Tottenham,1.8760330578512396,0.2857142857142857,0.2857142857142857,1.8760330578512396
FD:2023-24:E0:20231007:Man United:Brentford,1.36144578313253,1.8677685950413223,1.8677685950413223,1.36144578313253
FD:2023-24:E0:20231008:Arsenal:Man City,2.7706611570247937,2.0805785123966944,2.0805785123966944,2.7706611570247937
FD:2023-24:E0:20231008:Brighton:Liverpool,2.287190082644628,1.4297520661157024,1.4297520661157024,2.287190082644628
FD:2023-24:E0:20231008:West Ham:Newcastle,1.487603305785124,1.4669421487603307,1.4669421487603307,1.487603305785124
FD:2023-24:E0:20231008:Wolves:Aston Villa,1.493801652892562,1.0805785123966942,1.0805785123966942,1.493801652892562
FD:2023-24:E0:20231021:Bournemouth:Wolves,1.0799180327868854,0.6576086956521738,0.6576086956521738,1.0799180327868854
FD:2023-24:E0:20231021:Brentford:Burnley,0.7678571428571429,1.3422619047619047,1.3422619047619047,0.7678571428571429
FD:2023-24:E0:20231021:Chelsea:Arsenal,2.0901639344262293,1.7295081967213115,1.7295081967213115,2.0901639344262293
FD:2023-24:E0:20231021:Liverpool:Everton,1.0532786885245902,2.276639344262295,2.276639344262295,1.0532786885245902
FD:2023-24:E0:20231021:Man City:Brighton,1.4262295081967213,2.7459016393442623,2.7459016393442623,1.4262295081967213
FD:2023-24:E0:20231021:Newcastle:Crystal Palace,1.1598360655737705,1.4836065573770492,1.4836065573770492,1.1598360655737705
FD:2023-24:E0:20231021:Nott'm Forest:Luton,0.21875,0.8478260869565218,0.8478260869565218,0.21875
FD:2023-24:E0:20231021:Sheffield United:Man United,1.8790983606557379,0.20108695652173914,0.20108695652173914,1.8790983606557379
FD:2023-24:E0:20231022:Aston Villa:West Ham,1.4631147540983607,1.4897540983606556,1.4897540983606556,1.4631147540983607
FD:2023-24:E0:20231023:Tottenham:Fulham,0.9970238095238094,1.8872950819672132,1.8872950819672132,0.9970238095238094
FD:2023-24:E0:20231027:Crystal Palace:Tottenham,1.9004065040650406,1.1422764227642277,1.1422764227642277,1.9004065040650406
618e4e514ffbf5e0ddebde0b,2.3000000000000003,2.607142857142857,2.607142857142857,2.3000000000000003
FD:2023-24:E0:20231028:Arsenal:Sheffield United,0.1914893617021276,2.0813008130081303,2.0813008130081303,0.1914893617021276
FD:2023-24:E0:20231028:Bournemouth:Burnley,0.75,0.6382978723404256,0.6382978723404256,0.75
FD:2023-24:E0:20231028:Chelsea:Brentford,1.3705882352941177,1.7235772357723578,1.7235772357723578,1.3705882352941177
FD:2023-24:E0:20231028:Wolves:Newcastle,1.5040650406504064,1.0975609756097562,1.0975609756097562,1.5040650406504064
FD:2023-24:E0:20231029:Aston Villa:Luton,0.3055555555555556,1.508130081300813,1.508130081300813,0.3055555555555556
FD:2023-24:E0:20231029:Brighton:Fulham,0.9794117647058823,1.4126016260162602,1.4126016260162602,0.9794117647058823
FD:2023-24:E0:20231029:Liverpool:Nott'm Forest,0.8510638297872339,2.2865853658536586,2.2865853658536586,0.8510638297872339
FD:2023-24:E0:20231029:Man United:Man City,2.75,1.8902439024390245,1.8902439024390245,2.75
FD:2023-24:E0:20231029:West Ham:Everton,1.040650406504065,1.4451219512195124,1.4451219512195124,1.040650406504065
FD:2023-24:E0:20231104:Brentford:West Ham,1.431451612903226,1.3953488372093024,1.3953488372093024,1.431451612903226
FD:2023-24:E0:20231104:Burnley:Crystal Palace,1.1310483870967742,0.7383720930232558,0.7383720930232558,1.1310483870967742
FD:2023-24:E0:20231104:Everton:Brighton,1.4092741935483872,1.058467741935484,1.058467741935484,1.4092741935483872
FD:2023-24:E0:20231104:Fulham:Man United,1.8689516129032258,0.9796511627906976,0.9796511627906976,1.8689516129032258
FD:2023-24:E0:20231104:Man City:Bournemouth,0.6927083333333334,2.7580645161290325,2.7580645161290325,0.6927083333333334
FD:2023-24:E0:20231104:Newcastle:Arsenal,2.098790322580645,1.5,1.5,2.098790322580645
FD:2023-24:E0:20231104:Sheffield United:Wolves,1.0967741935483872,0.16145833333333331,0.16145833333333331,1.0967741935483872
FD:2023-24:E0:20231105:Luton:Liverpool,2.298387096774194,0.22499999999999998,0.22499999999999998,2.298387096774194
FD:2023-24:E0:20231105:Nott'm Forest:Aston Villa,1.5241935483870968,0.8177083333333334,0.8177083333333334,1.5241935483870968
FD:2023-24:E0:20231106:Tottenham:Chelsea,1.7056451612903225,1.9112903225806452,1.9112903225806452,1.7056451612903225
FD:2023-24:E0:20231111:Arsenal:Burnley,0.7241379310344828,2.08,2.08,0.7241379310344828
FD:2023-24:E0:20231111:Bournemouth:Newcastle,1.514,0.653061224489796,0.653061224489796,1.514
FD:2023-24:E0:20231111:Crystal Palace:Everton,1.0579999999999998,1.15,1.15,1.0579999999999998
FD:2023-24:E0:20231111:Man United:Luton,0.2954545454545454,1.8800000000000001,1.8800000000000001,0.2954545454545454
FD:2023-24:E0:20231111:Wolves:Tottenham,1.8900000000000001,1.0859999999999999,1.0859999999999999,1.8900000000000001
FD:2023-24:E0:20231112:Aston Villa:Fulham,0.9655172413793104,1.508,1.508,0.9655172413793104
FD:2023-24:E0:20231112:Brighton:Sheffield United,0.22448979591836732,1.406,1.406,0.22448979591836732
FD:2023-24:E0:20231112:Chelsea:Man City,2.77,1.722,1.722,2.77
FD:2023-24:E0:20231112:Liverpool:Brentford,1.4166666666666667,2.2880000000000003,2.2880000000000003,1.4166666666666667
FD:2023-24:E0:20231112:West Ham:Nott'm Forest,0.8724489795918368,1.418,1.418,0.8724489795918368
FD:2023-24:E0:20231125:Brentford:Arsenal,2.0912698412698414,1.3920454545454546,1.3920454545454546,2.0912698412698414
FD:2023-24:E0:20231125:Burnley:West Ham,1.4325396825396826,0.7102272727272727,0.7102272727272727,1.4325396825396826
FD:2023-24:E0:20231125:Luton:Crystal Palace,1.1388888888888888,0.25,0.25,1.1388888888888888
FD:2023-24:E0:20231125:Man City:Liverpool,2.2996031746031744,2.755952380952381,2.755952380952381,2.2996031746031744
FD:2023-24:E0:20231125:Newcastle:Chelsea,1.7162698412698414,1.4980158730158728,1.4980158730158728,1.7162698412698414
FD:2023-24:E0:20231125:Nott'm Forest:Brighton,1.4027777777777777,0.85,0.85,1.4027777777777777
FD:2023-24:E0:20231125:Sheffield United:Bournemouth,0.71,0.24000000000000005,0.24000000000000005,0.71
FD:2023-24:E0:20231126:Everton:Man United,1.8908730158730158,1.0753968253968254,1.0753968253968254,1.8908730158730158
FD:2023-24:E0:20231126:Tottenham:Aston Villa,1.523809523809524,1.873015873015873,1.873015873015873,1.523809523809524
FD:2023-24:E0:20231127:Fulham:Wolves,1.103174603174603,0.9488636363636364,0.9488636363636364,1.103174603174603
FD:2023-24:E0:20231202:Arsenal:Wolves,1.0925196850393701,2.1003937007874014,2.1003937007874014,1.0925196850393701
FD:2023-24:E0:20231202:Brentford:Luton,0.4807692307692307,1.3735955056179776,1.3735955056179776,0.4807692307692307
FD:2023-24:E0:20231202:Burnley:Sheffield United,0.2254901960784314,0.699438202247191,0.699438202247191,0.2254901960784314
FD:2023-24:E0:20231202:Newcastle:Man United,1.9055118110236222,1.515748031496063,1.515748031496063,1.9055118110236222
FD:2023-24:E0:20231202:Nott'm Forest:Everton,1.061023622047244,0.8284313725490196,0.8284313725490196,1.061023622047244
FD:2023-24:E0:20231203:Bournemouth:Aston Villa,1.5374015748031495,0.7647058823529411,0.7647058823529411,1.5374015748031495
FD:2023-24:E0:20231203:Chelsea:Brighton,1.4173228346456692,1.6968503937007875,1.6968503937007875,1.4173228346456692
FD:2023-24:E0:20231203:Liverpool:Fulham,0.9747191011235954,2.2893700787401574,2.2893700787401574,0.9747191011235954
FD:2023-24:E0:20231203:Man City:Tottenham,1.8562992125984252,2.7421259842519685,2.7421259842519685,1.8562992125984252
FD:2023-24:E0:20231203:West Ham:Crystal Palace,1.1279527559055118,1.4468503937007873,1.4468503937007873,1.1279527559055118
FD:2023-24:E0:20231205:Luton:Arsenal,2.109375,0.41071428571428575,0.41071428571428575,2.109375
FD:2023-24:E0:20231205:Wolves:Burnley,0.7388888888888889,1.08203125,1.08203125,0.7388888888888889
FD:2023-24:E0:20231206:Aston Villa:Man City,2.728515625,1.533203125,1.533203125,2.728515625
FD:2023-24:E0:20231206:Brighton:Brentford,1.3972222222222221,1.404296875,1.404296875,1.3972222222222221
FD:2023-24:E0:20231206:Crystal Palace:Bournemouth,0.7692307692307692,1.126953125,1.126953125,0.7692307692307692
FD:2023-24:E0:20231206:Fulham:Nott'm Forest,0.8076923076923077,0.9611111111111111,0.9611111111111111,0.8076923076923077
FD:2023-24:E0:20231206:Man United:Chelsea,1.708984375,1.888671875,1.888671875,1.708984375
FD:2023-24:E0:20231206:Sheffield United:Liverpool,2.296875,0.19711538461538458,0.19711538461538458,2.296875
FD:2023-24:E0:20231207:Everton:Newcastle,1.529296875,1.078125,1.078125,1.529296875
FD:2023-24:E0:20231207:Tottenham:West Ham,1.443359375,1.849609375,1.849609375,1.443359375
FD:2023-24:E0:20231209:Aston Villa:Arsenal,2.1182170542635657,1.5465116279069768,1.5465116279069768,2.1182170542635657
FD:2023-24:E0:20231209:Brighton:Burnley,0.728021978021978,1.4186046511627908,1.4186046511627908,0.728021978021978
FD:2023-24:E0:20231209:Crystal Palace:Liverpool,2.306201550387597,1.114341085271318,1.114341085271318,2.306201550387597
FD:2023-24:E0:20231209:Man United:Bournemouth,0.820754716981132,1.8992248062015502,1.8992248062015502,0.820754716981132
FD:2023-24:E0:20231209:Sheffield United:Brentford,1.379120879120879,0.1839622641509434,0.1839622641509434,1.379120879120879
FD:2023-24:E0:20231209:Wolves:Nott'm Forest,0.7688679245283019,1.0988372093023255,1.0988372093023255,0.7688679245283019
FD:2023-24:E0:20231210:Everton:Chelsea,1.693798449612403,1.0988372093023255,1.0988372093023255,1.693798449612403
FD:2023-24:E0:20231210:Fulham:West Ham,1.4573643410852715,0.9972527472527473,0.9972527472527473,1.4573643410852715
FD:2023-24:E0:20231210:Luton:Man City,2.705426356589147,0.36666666666666664,0.36666666666666664,2.705426356589147
FD:2023-24:E0:20231210:Tottenham:Newcastle,1.5116279069767442,1.8333333333333333,1.8333333333333333,1.5116279069767442
FD:2023-24:E0:20231215:Nott'm Forest:Tottenham,1.848076923076923,0.7731481481481481,0.7731481481481481,1.848076923076923
FD:2023-24:E0:20231216:Burnley:Everton,1.1173076923076923,0.7309782608695652,0.7309782608695652,1.1173076923076923
FD:2023-24:E0:20231216:Chelsea:Sheffield United,0.24074074074074076,1.676923076923077,1.676923076923077,0.24074074074074076
FD:2023-24:E0:20231216:Man City:Crystal Palace,1.103846153846154,2.7096153846153848,2.7096153846153848,1.103846153846154
FD:2023-24:E0:20231216:Newcastle:Fulham,1.0326086956521738,1.4942307692307693,1.4942307692307693,1.0326086956521738
FD:2023-24:E0:20231217:Arsenal:Brighton,1.4153846153846152,2.1,2.1,1.4153846153846152
FD:2023-24:E0:20231217:Brentford:Aston Villa,1.5596153846153846,1.3614130434782608,1.3614130434782608,1.5596153846153846
FD:2023-24:E0:20231217:Liverpool:Man United,1.8788461538461538,2.3134615384615382,2.3134615384615382,1.8788461538461538
FD:2023-24:E0:20231217:West Ham:Wolves,1.098076923076923,1.4365384615384615,1.4365384615384615,1.098076923076923
FD:2023-24:E0:20231221:Crystal Palace:Brighton,1.4007633587786261,1.1030534351145038,1.1030534351145038,1.4007633587786261
FD:2023-24:E0:20231222:Aston Villa:Sheffield United,0.22727272727272724,1.5725190839694656,1.5725190839694656,0.22727272727272724
FD:2023-24:E0:20231223:Fulham:Burnley,0.717741935483871,1.0134408602150538,1.0134408602150538,0.717741935483871
FD:2023-24:E0:20231223:Liverpool:Arsenal,2.1106870229007635,2.303435114503817,2.303435114503817,2.1106870229007635
FD:2023-24:E0:20231223:Luton:Newcastle,1.5114503816793894,0.328125,0.328125,1.5114503816793894
FD:2023-24:E0:20231223:Nott'm Forest:Bournemouth,0.8750000000000001,0.75,0.75,0.8750000000000001
FD:2023-24:E0:20231223:Tottenham:Everton,1.135496183206107,1.8606870229007633,1.8606870229007633,1.135496183206107
FD:2023-24:E0:20231223:West Ham:Man United,1.8721374045801527,1.4541984732824427,1.4541984732824427,1.8721374045801527
FD:2023-24:E0:20231224:Wolves:Chelsea,1.6908396946564885,1.083969465648855,1.083969465648855,1.6908396946564885
FD:2023-24:E0:20231226:Bournemouth:Fulham,0.9973404255319149,0.9181818181818182,0.9181818181818182,0.9973404255319149
FD:2023-24:E0:20231226:Burnley:Liverpool,2.2935606060606064,0.7473404255319149,0.7473404255319149,2.2935606060606064
FD:2023-24:E0:20231226:Man United:Aston Villa,1.5681818181818181,1.8541666666666667,1.8541666666666667,1.5681818181818181
FD:2023-24:E0:20231226:Newcastle:Nott'm Forest,0.7321428571428572,1.4981060606060606,1.4981060606060606,0.7321428571428572
FD:2023-24:E0:20231226:Sheffield United:Luton,0.5,0.24107142857142855,0.24107142857142855,0.5
FD:2023-24:E0:20231227:Brentford:Wolves,1.1003787878787878,1.3440860215053763,1.3440860215053763,1.1003787878787878
FD:2023-24:E0:20231227:Chelsea:Crystal Palace,1.1022727272727273,1.6761363636363635,1.6761363636363635,1.1022727272727273
FD:2023-24:E0:20231227:Everton:Man City,2.6965648854961835,1.125,1.125,2.6965648854961835
FD:2023-24:E0:20231228:Arsenal:West Ham,1.4696969696969697,2.1022727272727275,2.1022727272727275,1.4696969696969697
FD:2023-24:E0:20231228:Brighton:Tottenham,1.871212121212121,1.3977272727272727,1.3977272727272727,1.871212121212121
FD:2023-24:E0:20231230:Aston Villa:Burnley,0.7342105263157894,1.5545112781954886,1.5545112781954886,0.7342105263157894
FD:2023-24:E0:20231230:Crystal Palace:Brentford,1.3218085106382977,1.092105263157895,1.092105263157895,1.3218085106382977
FD:2023-24:E0:20231230:Luton:Chelsea,1.6879699248120301,0.6527777777777778,0.6527777777777778,1.6879699248120301
FD:2023-24:E0:20231230:Man City:Sheffield United,0.23245614035087714,2.702651515151515,2.702651515151515,0.23245614035087714
FD:2023-24:E0:20231230:Nott'm Forest:Man United,1.8646616541353382,0.7807017543859649,0.7807017543859649,1.8646616541353382
FD:2023-24:E0:20231230:Wolves:Everton,1.112781954887218,1.1203007518796992,1.1203007518796992,1.112781954887218
FD:2023-24:E0:20231231:Fulham:Arsenal,2.082706766917293,0.9789473684210526,0.9789473684210526,2.082706766917293
FD:2023-24:E0:20231231:Tottenham:Bournemouth,0.96875,1.8533834586466165,1.8533834586466165,0.96875
FD:2023-24:E0:20240101:Liverpool:Newcastle,1.4830827067669172,2.3026315789473686,2.3026315789473686,1.4830827067669172
FD:2023-24:E0:20240102:West Ham:Brighton,1.413533834586466,1.4849624060150377,1.4849624060150377,1.413533834586466
FD:2023-24:E0:20240112:Burnley:Luton,0.6052631578947368,0.7239583333333333,0.7239583333333333,0.6052631578947368
FD:2023-24:E0:20240113:Chelsea:Fulham,1.0026041666666665,1.6996268656716418,1.6996268656716418,1.0026041666666665
FD:2023-24:E0:20240113:Newcastle:Man City,2.7086466165413534,1.4682835820895521,1.4682835820895521,2.7086466165413534
FD:2023-24:E0:20240114:Everton:Aston Villa,1.5671641791044777,1.0988805970149254,1.0988805970149254,1.5671641791044777
FD:2023-24:E0:20240114:Man United:Tottenham,1.8656716417910446,1.8488805970149254,1.8488805970149254,1.8656716417910446
FD:2023-24:E0:20240120:Arsenal:Crystal Palace,1.1100746268656718,2.0652985074626864,2.0652985074626864,1.1100746268656718
FD:2023-24:E0:20240120:Brentford:Nott'm Forest,0.8232758620689655,1.3026315789473686,1.3026315789473686,0.8232758620689655
FD:2023-24:E0:20240121:Bournemouth:Liverpool,2.3115671641791047,0.9429824561403508,0.9429824561403508,2.3115671641791047
FD:2023-24:E0:20240121:Sheffield United:West Ham,1.4813432835820897,0.21982758620689652,0.21982758620689652,1.4813432835820897
FD:2023-24:E0:20240122:Brighton:Wolves,1.1399253731343282,1.41044776119403,1.41044776119403,1.1399253731343282
FD:2023-24:E0:20240130:Aston Villa:Newcastle,1.4555555555555557,1.5629629629629629,1.5629629629629629,1.4555555555555557
FD:2023-24:E0:20240130:Crystal Palace:Sheffield United,0.23305084745762705,1.0925925925925926,1.0925925925925926,0.23305084745762705
FD:2023-24:E0:20240130:Fulham:Everton,1.098148148148148,0.9896907216494845,0.9896907216494845,1.098148148148148
FD:2023-24:E0:20240130:Luton:Brighton,1.4074074074074074,0.625,0.625,1.4074074074074074
FD:2023-24:E0:20240130:Nott'm Forest:Arsenal,2.0814814814814815,0.8050847457627119,0.8050847457627119,2.0814814814814815
FD:2023-24:E0:20240131:Liverpool:Chelsea,1.7111111111111112,2.324074074074074,2.324074074074074,1.7111111111111112
FD:2023-24:E0:20240131:Man City:Burnley,0.7268041237113402,2.712686567164179,2.712686567164179,0.7268041237113402
FD:2023-24:E0:20240131:Tottenham:Brentford,1.3229166666666667,1.8592592592592592,1.8592592592592592,1.3229166666666667
FD:2023-24:E0:20240201:West Ham:Bournemouth,0.9094827586206896,1.4777777777777779,1.4777777777777779,0.9094827586206896
FD:2023-24:E0:20240201:Wolves:Man United,1.8425925925925926,1.1388888888888888,1.1388888888888888,1.8425925925925926
FD:2023-24:E0:20240203:Brighton:Crystal Palace,1.1084558823529411,1.3897058823529411,1.3897058823529411,1.1084558823529411
FD:2023-24:E0:20240203:Burnley:Fulham,0.9897959183673469,0.7142857142857143,0.7142857142857143,0.9897959183673469
FD:2023-24:E0:20240203:Everton:Tottenham,1.8694852941176472,1.0974264705882353,1.0974264705882353,1.8694852941176472
FD:2023-24:E0:20240203:Newcastle:Luton,0.7857142857142857,1.4705882352941175,1.4705882352941175,0.7857142857142857
FD:2023-24:E0:20240203:Sheffield United:Aston Villa,1.5477941176470589,0.22500000000000003,0.22500000000000003,1.5477941176470589
FD:2023-24:E0:20240204:Arsenal:Liverpool,2.3345588235294117,2.090073529411765,2.090073529411765,2.3345588235294117
FD:2023-24:E0:20240204:Bournemouth:Nott'm Forest,0.7875,0.9110169491525424,0.9110169491525424,0.7875
FD:2023-24:E0:20240204:Chelsea:Wolves,1.1286764705882355,1.6930147058823528,1.6930147058823528,1.1286764705882355
FD:2023-24:E0:20240204:Man United:West Ham,1.4742647058823528,1.852941176470588,1.852941176470588,1.4742647058823528
FD:2023-24:E0:20240205:Brentford:Man City,2.7185185185185183,1.306701030927835,1.306701030927835,2.7185185185185183
FD:2023-24:E0:20240210:Fulham:Bournemouth,0.9125000000000001,0.98989898989899,0.98989898989899,0.9125000000000001
FD:2023-24:E0:20240210:Liverpool:Burnley,0.7171717171717171,2.313868613138686,2.313868613138686,0.7171717171717171
FD:2023-24:E0:20240210:Luton:Sheffield United,0.2008196721311476,0.7954545454545454,0.7954545454545454,0.2008196721311476
FD:2023-24:E0:20240210:Man City:Everton,1.0967153284671534,2.7242647058823533,2.7242647058823533,1.0967153284671534
FD:2023-24:E0:20240210:Nott'm Forest:Newcastle,1.467153284671533,0.790983606557377,0.790983606557377,1.467153284671533
FD:2023-24:E0:20240210:Tottenham:Brighton,1.4069343065693432,1.8631386861313868,1.8631386861313868,1.4069343065693432
FD:2023-24:E0:20240210:Wolves:Brentford,1.288265306122449,1.1459854014598538,1.1459854014598538,1.288265306122449
FD:2023-24:E0:20240211:Aston Villa:Man United,1.866788321167883,1.5675182481751826,1.5675182481751826,1.866788321167883
FD:2023-24:E0:20240211:West Ham:Arsenal,2.1003649635036497,1.4580291970802919,1.4580291970802919,2.1003649635036497
FD:2023-24:E0:20240212:Crystal Palace:Chelsea,1.677007299270073,1.094890510948905,1.094890510948905,1.677007299270073
FD:2023-24:E0:20240217:Brentford:Liverpool,2.3224637681159424,1.3106060606060606,1.3106060606060606,2.3224637681159424
FD:2023-24:E0:20240217:Burnley:Arsenal,2.1177536231884058,0.705,0.705,2.1177536231884058
FD:2023-24:E0:20240217:Fulham:Aston Villa,1.5543478260869565,1.0150000000000001,1.0150000000000001,1.5543478260869565
FD:2023-24:E0:20240217:Man City:Chelsea,1.6902173913043477,2.72992700729927,2.72992700729927,1.6902173913043477
FD:2023-24:E0:20240217:Newcastle:Bournemouth,0.889344262295082,1.480072463768116,1.480072463768116,0.889344262295082
FD:2023-24:E0:20240217:Nott'm Forest:West Ham,1.4365942028985506,0.7741935483870968,0.7741935483870968,1.4365942028985506
FD:2023-24:E0:20240217:Tottenham:Wolves,1.134057971014493,1.8731884057971013,1.8731884057971013,1.134057971014493
FD:2023-24:E0:20240218:Luton:Man United,1.8768115942028984,0.7391304347826086,0.7391304347826086,1.8768115942028984
FD:2023-24:E0:20240218:Sheffield United:Brighton,1.3949275362318843,0.2540322580645162,0.2540322580645162,1.3949275362318843
FD:2023-24:E0:20240219:Everton:Crystal Palace,1.0833333333333335,1.0851449275362317,1.0851449275362317,1.0833333333333335
FD:2023-24:E0:20240220:Man City:Brentford,1.29,2.717391304347826,2.717391304347826,1.29
FD:2023-24:E0:20240221:Liverpool:Luton,0.6979166666666667,2.33273381294964,2.33273381294964,0.6979166666666667
FD:2023-24:E0:20240224:Arsenal:Newcastle,1.4766187050359714,2.133093525179856,2.133093525179856,1.4766187050359714
FD:2023-24:E0:20240224:Aston Villa:Nott'm Forest,0.8174603174603174,1.566546762589928,1.566546762589928,0.8174603174603174
FD:2023-24:E0:20240224:Bournemouth:Man City,2.721223021582734,0.8911290322580645,0.8911290322580645,2.721223021582734
FD:2023-24:E0:20240224:Brighton:Everton,1.0845323741007193,1.4154676258992807,1.4154676258992807,1.0845323741007193
FD:2023-24:E0:20240224:Crystal Palace:Burnley,0.6856435643564356,1.0827338129496404,1.0827338129496404,0.6856435643564356
FD:2023-24:E0:20240224:Man United:Fulham,1.0024752475247525,1.8866906474820144,1.8866906474820144,1.0024752475247525
FD:2023-24:E0:20240225:Wolves:Sheffield United,0.23015873015873012,1.1492805755395685,1.1492805755395685,0.23015873015873012
FD:2023-24:E0:20240226:West Ham:Brentford,1.2747524752475248,1.4226618705035972,1.4226618705035972,1.2747524752475248
FD:2023-24:E0:20240302:Brentford:Chelsea,1.685251798561151,1.2573529411764706,1.2573529411764706,1.685251798561151
FD:2023-24:E0:20240302:Everton:West Ham,1.4375,1.0839285714285714,1.0839285714285714,1.4375
FD:2023-24:E0:20240302:Fulham:Brighton,1.4125,1.0245098039215688,1.0245098039215688,1.4125
FD:2023-24:E0:20240302:Luton:Aston Villa,1.5803571428571428,0.64,0.64,1.5803571428571428
FD:2023-24:E0:20240302:Newcastle:Wolves,1.1642857142857144,1.4607142857142856,1.4607142857142856,1.1642857142857144
FD:2023-24:E0:20240302:Nott'm Forest:Liverpool,2.3428571428571425,0.796875,0.796875,2.3428571428571425
FD:2023-24:E0:20240302:Tottenham:Crystal Palace,1.1017857142857144,1.8579136690647482,1.8579136690647482,1.1017857142857144
FD:2023-24:E0:20240303:Burnley:Bournemouth,0.873015873015873,0.6715686274509803,0.6715686274509803,0.873015873015873
FD:2023-24:E0:20240303:Man City:Man United,1.8714285714285714,2.725,2.725,1.8714285714285714
FD:2023-24:E0:20240304:Sheffield United:Arsenal,2.1446428571428573,0.22265625,0.22265625,2.1446428571428573
0fe3cd44f433b4d912bb70c1,1.875,0.9444444444444445,0.9444444444444445,1.875
147613d3379be435d5f0f064,1.0250000000000001,1.147058823529412,1.147058823529412,1.0250000000000001
65839a60549ffacefce4249d,,,,
e0cb2920999538a73e03e763,1.203125,,,1.203125
f0bc60d459d2093fded629b8,0.828125,,,0.828125
097e9c028839e8678e2e8fac,1.3571428571428572,1.9583333333333333,1.9583333333333333,1.3571428571428572
1e110427008fafb0892a2e16,1.107142857142857,1.78125,1.78125,1.107142857142857
81ddc0355b4b7f43606c3b02,-0.16666666666666669,-0.25,-0.25,-0.16666666666666669
9ff542244c42d40e31b93119,1.25,1.7205882352941175,1.7205882352941175,1.25
c87abe2a8b4bb9a24e3c5291,-0.4375,,,-0.4375
f3cde8255eab1b832ffabe1c,-0.4375,,,-0.4375
369daef5ab46fe3273dd3c5f,0.9375,,,0.9375
40852e80ba81173e222daf91,-0.0625,,,-0.0625
6a74678c81270dea76b78634,1.5,-0.5,-0.5,1.5
6cdcd649f55c3c6bfa95305b,0.8214285714285714,0.7857142857142857,0.7857142857142857,0.8214285714285714
954d5f4dd0e47c4e804b37b7,0.15625,,,0.15625
FD:2023-24:E0:20240309:Arsenal:Brentford,1.2548543689320388,2.1613475177304964,2.1613475177304964,1.2548543689320388
FD:2023-24:E0:20240309:Bournemouth:Sheffield United,0.19615384615384618,0.9140625,0.9140625,0.19615384615384618
FD:2023-24:E0:20240309:Crystal Palace:Luton,0.6057692307692308,1.0904255319148937,1.0904255319148937,0.6057692307692308
FD:2023-24:E0:20240309:Man United:Everton,1.072695035460993,1.8546099290780143,1.8546099290780143,1.072695035460993
FD:2023-24:E0:20240309:Wolves:Fulham,1.0509708737864076,1.1507092198581559,1.1507092198581559,1.0509708737864076
FD:2023-24:E0:20240310:Aston Villa:Tottenham,1.8696428571428572,1.5921985815602837,1.5921985815602837,1.8696428571428572
FD:2023-24:E0:20240310:Brighton:Nott'm Forest,0.7807692307692309,1.397163120567376,1.397163120567376,0.7807692307692309
FD:2023-24:E0:20240310:Liverpool:Man City,2.7304964539007095,2.349290780141844,2.349290780141844,2.7304964539007095
FD:2023-24:E0:20240310:West Ham:Burnley,0.6601941747572815,1.452127659574468,1.452127659574468,0.6601941747572815
FD:2023-24:E0:20240311:Chelsea:Newcastle,1.476950354609929,1.6803571428571429,1.6803571428571429,1.476950354609929
FD:2023-24:E0:20240313:Bournemouth:Luton,0.6203703703703703,0.9153846153846152,0.9153846153846152,0.6203703703703703
FD:2023-24:E0:20240316:Burnley:Brentford,1.2403846153846154,0.6634615384615384,0.6634615384615384,1.2403846153846154
FD:2023-24:E0:20240316:Fulham:Tottenham,1.8847517730496455,1.0384615384615385,1.0384615384615385,1.8847517730496455
FD:2023-24:E0:20240316:Luton:Nott'm Forest,0.7651515151515151,0.5892857142857143,0.5892857142857143,0.7651515151515151
FD:2023-24:E0:20240317:West Ham:Aston Villa,1.573943661971831,1.448943661971831,1.448943661971831,1.573943661971831
FD:2023-24:E0:20240330:Aston Villa:Wolves,1.165492957746479,1.56993006993007,1.56993006993007,1.165492957746479
FD:2023-24:E0:20240330:Bournemouth:Everton,1.0616197183098592,0.9507575757575757,0.9507575757575757,1.0616197183098592
FD:2023-24:E0:20240330:Brentford:Man United,1.8661971830985915,1.2261904761904763,1.2261904761904763,1.8661971830985915
FD:2023-24:E0:20240330:Chelsea:Burnley,0.6880952380952381,1.6914893617021278,1.6914893617021278,0.6880952380952381
FD:2023-24:E0:20240330:Newcastle:West Ham,1.4458041958041958,1.4647887323943662,1.4647887323943662,1.4458041958041958
FD:2023-24:E0:20240330:Nott'm Forest:Crystal Palace,1.0897887323943662,0.7686567164179106,0.7686567164179106,1.0897887323943662
FD:2023-24:E0:20240330:Sheffield United:Fulham,1.0642857142857143,0.20833333333333326,0.20833333333333326,1.0642857142857143
FD:2023-24:E0:20240330:Tottenham:Luton,0.603448275862069,1.8661971830985915,1.8661971830985915,0.603448275862069
FD:2023-24:E0:20240331:Liverpool:Brighton,1.4102112676056338,2.339788732394366,2.339788732394366,1.4102112676056338
FD:2023-24:E0:20240331:Man City:Arsenal,2.1690140845070425,2.7183098591549295,2.7183098591549295,2.1690140845070425
4361a83657a5911f27e73bc2,2.846153846153846,1.5,1.5,2.846153846153846
FD:2023-24:E0:20240402:Bournemouth:Crystal Palace,1.0891608391608392,0.9850746268656716,0.9850746268656716,1.0891608391608392
FD:2023-24:E0:20240402:Burnley:Wolves,1.153846153846154,0.6910377358490567,0.6910377358490567,1.153846153846154
FD:2023-24:E0:20240402:Newcastle:Everton,1.0524475524475523,1.4772727272727273,1.4772727272727273,1.0524475524475523
FD:2023-24:E0:20240402:Nott'm Forest:Fulham,1.063679245283019,0.7720588235294117,0.7720588235294117,1.063679245283019
FD:2023-24:E0:20240402:West Ham:Tottenham,1.8758741258741258,1.434027777777778,1.434027777777778,1.8758741258741258
d88a57eb7bed2b090d86d20b,1.0,0.25,0.25,1.0
da64d09f6d6a8d6b6dffdaa0,1.9,,,1.9
e0aada8cae15cbfdb9c16302,2.009259259259259,1.125,1.125,2.009259259259259
fcd3f56414bfbd7646811999,2.0892857142857144,3.5,3.5,2.0892857142857144
2c8a2dea00742e4858d31329,1.75,0.875,0.875,1.75
3c079d73c9f8f471bacb6462,2.0227272727272725,2.345238095238095,2.345238095238095,2.0227272727272725
5fca34240e25dc3960b2d95b,,0.35,0.35,
60a865370506f3e0887f7c49,2.5,,,2.5
FD:2023-24:E0:20240403:Arsenal:Luton,0.575,2.160839160839161,2.160839160839161,0.575
FD:2023-24:E0:20240403:Brentford:Brighton,1.3986013986013985,1.224056603773585,1.224056603773585,1.3986013986013985
FD:2023-24:E0:20240403:Man City:Aston Villa,1.5833333333333333,2.7062937062937062,2.7062937062937062,1.5833333333333333
afe8668b2ff3218fa1c6a70d,1.4833333333333332,3.25,3.25,1.4833333333333332
ed6f597bfc3c3b06a4c527d5,1.375,1.0,1.0,1.375
09fdc5c800c07b426c94b1c9,1.3235294117647058,1.0,1.0,1.3235294117647058
40899e34f153461cea8e0cb8,,1.25,1.25,
7718d3a06064ed90d283e02b,1.0227272727272727,1.375,1.375,1.0227272727272727
FD:2023-24:E0:20240404:Chelsea:Man United,1.86013986013986,1.6866197183098592,1.6866197183098592,1.86013986013986
FD:2023-24:E0:20240404:Liverpool:Sheffield United,0.22014925373134325,2.3461538461538463,2.3461538461538463,0.22014925373134325
c150ace4097a96cda4701322,0.8125,1.0,1.0,0.8125
d09e30564527527badc98eb4,2.0833333333333335,1.6500000000000001,1.6500000000000001,2.0833333333333335
FD:2023-24:E0:20240406:Aston Villa:Brentford,1.22196261682243,1.5672413793103448,1.5672413793103448,1.22196261682243
FD:2023-24:E0:20240406:Brighton:Arsenal,2.170138888888889,1.3958333333333333,1.3958333333333333,2.170138888888889
FD:2023-24:E0:20240406:Crystal Palace:Man City,2.7135416666666665,1.0798611111111112,1.0798611111111112,2.7135416666666665
FD:2023-24:E0:20240406:Everton:Burnley,0.6939252336448598,1.0520833333333333,1.0520833333333333,0.6939252336448598
FD:2023-24:E0:20240406:Fulham:Newcastle,1.4739583333333333,1.0490654205607477,1.0490654205607477,1.4739583333333333
FD:2023-24:E0:20240406:Luton:Bournemouth,1.0183823529411766,0.5403225806451614,0.5403225806451614,1.0183823529411766
FD:2023-24:E0:20240406:Wolves:West Ham,1.4310344827586206,1.152777777777778,1.152777777777778,1.4310344827586206
FD:2023-24:E0:20240407:Man United:Liverpool,2.354166666666667,1.845486111111111,1.845486111111111,2.354166666666667
FD:2023-24:E0:20240407:Sheffield United:Chelsea,1.6975524475524475,0.2095588235294118,0.2095588235294118,1.6975524475524475
FD:2023-24:E0:20240407:Tottenham:Nott'm Forest,0.8115942028985508,1.8697916666666667,1.8697916666666667,0.8115942028985508
089c1a00dcfcff62ae9774d4,0.75,1.6111111111111112,1.6111111111111112,0.75
17a661225ba070e80419c689,0.17857142857142855,2.0166666666666666,2.0166666666666666,0.17857142857142855
1cc0d44d940dbf69df49a93d,2.25,1.75,1.75,2.25
4588a37ae5286df2ee3cf2b9,-0.5,1.0,1.0,-0.5
73828314c6e59a02bd45cd25,0.25,2.910714285714286,2.910714285714286,0.25
0c70d602f1e0b8c0caa98637,2.0833333333333335,2.053571428571429,2.053571428571429,2.0833333333333335
221ca11eb92fc6ef2213d441,0.45833333333333326,2.5625,2.5625,0.45833333333333326
31d9d619e321d88575fcf397,0.25,1.8181818181818183,1.8181818181818183,0.25
398cbff5581518dff3a0ce55,0.9722222222222223,0.8958333333333334,0.8958333333333334,0.9722222222222223
639eec6110f894e1aa06582a,2.3863636363636362,2.2857142857142856,2.2857142857142856,2.3863636363636362
d512da8ee499690de8bb3377,1.2249999999999999,1.59375,1.59375,1.2249999999999999
21b4ea11285232a306c599de,0.8928571428571429,1.2361111111111112,1.2361111111111112,0.8928571428571429
41861a3c20ed6421ce2d3627,1.2916666666666665,1.8333333333333335,1.8333333333333335,1.2916666666666665
474db4201a2afbcf2171b684,1.0,1.3499999999999999,1.3499999999999999,1.0
8715669966e1805df1520afc,1.5,1.0,1.0,1.5
c92b18cef2d949d9b2dc047c,2.125,1.7211538461538463,1.7211538461538463,2.125
FD:2023-24:E0:20240413:Bournemouth:Man United,1.839655172413793,1.0,1.0,1.839655172413793
FD:2023-24:E0:20240413:Brentford:Sheffield United,0.22101449275362317,1.2199074074074074,1.2199074074074074,0.22101449275362317
FD:2023-24:E0:20240413:Burnley:Brighton,1.3810344827586207,0.6851851851851852,0.6851851851851852,1.3810344827586207
FD:2023-24:E0:20240413:Man City:Luton,0.625,2.7189655172413794,2.7189655172413794,0.625
FD:2023-24:E0:20240413:Newcastle:Tottenham,1.8810344827586207,1.486206896551724,1.486206896551724,1.8810344827586207
FD:2023-24:E0:20240413:Nott'm Forest:Wolves,1.1431034482758622,0.7928571428571429,0.7928571428571429,1.1431034482758622
FD:2023-24:E0:20240414:Arsenal:Aston Villa,1.5633561643835616,2.1810344827586206,2.1810344827586206,1.5633561643835616
FD:2023-24:E0:20240414:Liverpool:Crystal Palace,1.0689655172413794,2.3448275862068964,2.3448275862068964,1.0689655172413794
FD:2023-24:E0:20240414:West Ham:Fulham,1.037037037037037,1.4434931506849316,1.4434931506849316,1.037037037037037
FD:2023-24:E0:20240415:Chelsea:Everton,1.067241379310345,1.6927083333333333,1.6927083333333333,1.067241379310345
FD:2023-24:E0:20240420:Luton:Brentford,1.2408256880733946,0.5757575757575757,0.5757575757575757,1.2408256880733946
FD:2023-24:E0:20240420:Sheffield United:Burnley,0.6880733944954129,0.21071428571428574,0.21071428571428574,0.6880733944954129
FD:2023-24:E0:20240420:Wolves:Arsenal,2.162671232876712,1.1421232876712328,1.1421232876712328,2.162671232876712
FD:2023-24:E0:20240421:Aston Villa:Bournemouth,1.0,1.5765306122448979,1.5765306122448979,1.0
FD:2023-24:E0:20240421:Crystal Palace:West Ham,1.4302721088435375,1.0839041095890412,1.0839041095890412,1.4302721088435375
FD:2023-24:E0:20240421:Everton:Nott'm Forest,0.7957746478873239,1.0496575342465753,1.0496575342465753,0.7957746478873239
FD:2023-24:E0:20240421:Fulham:Liverpool,2.327054794520548,1.0596330275229358,1.0596330275229358,2.327054794520548
64402a7bde3f314d41037b06,2.140625,1.125,1.125,2.140625
6d49e4731baff1caacf5c210,1.0,1.4852941176470589,1.4852941176470589,1.0
7429e2df3dd9eb912c500d88,0.21428571428571425,-0.375,-0.375,0.21428571428571425
FD:2023-24:E0:20240423:Arsenal:Chelsea,1.7120689655172414,2.171768707482993,2.171768707482993,1.7120689655172414
e465d70f7b9d5ae9f30aa250,1.21875,1.3333333333333333,1.3333333333333333,1.21875
f61068e2680e8bf58c7eb596,1.409090909090909,1.3333333333333333,1.3333333333333333,1.409090909090909
73b62ee4e7fef8cfdd1a84a8,1.0,0.5,0.5,1.0
8a7b8aefea7741f6234bec92,1.0714285714285714,2.25,2.25,1.0714285714285714
8fe95a54419da65bc03dbe25,0.8125,-0.3333333333333333,-0.3333333333333333,0.8125
FD:2023-24:E0:20240424:Crystal Palace:Newcastle,1.5034246575342465,1.1020408163265305,1.1020408163265305,1.5034246575342465
FD:2023-24:E0:20240424:Everton:Liverpool,2.3350340136054424,1.066326530612245,1.066326530612245,2.3350340136054424
FD:2023-24:E0:20240424:Man United:Sheffield United,0.19718309859154937,1.833904109589041,1.833904109589041,0.19718309859154937
FD:2023-24:E0:20240424:Wolves:Bournemouth,0.9788732394366197,1.130952380952381,1.130952380952381,0.9788732394366197
b386b75bb9942d531441d811,2.46875,1.9423076923076923,1.9423076923076923,2.46875
d658cd19d4c874766bb8e583,3.0166666666666666,1.55,1.55,3.0166666666666666
15b09ed6b82f08bf07b9a9f1,1.777777777777778,1.1447368421052633,1.1447368421052633,1.777777777777778
29e4584a52f11ae8ecd07adf,0.825,1.8125,1.8125,0.825
372e1d70b603181912effecf,2.75,0.03125,0.03125,2.75
4d0a743d19435286fe4d5dd4,2.0172413793103448,1.096153846153846,1.096153846153846,2.0172413793103448
5a4ab916bd1d6e7b6e53d012,1.75,1.2916666666666665,1.2916666666666665,1.75
FD:2023-24:E0:20240425:Brighton:Man City,2.727739726027397,1.3784246575342467,1.3784246575342467,2.727739726027397
fa9e488b6e431f28b54c3c3e,2.125,2.661764705882353,2.661764705882353,2.125
FD:2023-24:E0:20240427:Aston Villa:Chelsea,1.691780821917808,1.589527027027027,1.589527027027027,1.691780821917808
FD:2023-24:E0:20240427:Everton:Brentford,1.2659090909090909,1.0827702702702704,1.0827702702702704,1.2659090909090909
FD:2023-24:E0:20240427:Fulham:Crystal Palace,1.1182432432432434,1.0454545454545454,1.0454545454545454,1.1182432432432434
FD:2023-24:E0:20240427:Man United:Burnley,0.7159090909090909,1.8452380952380951,1.8452380952380951,0.7159090909090909
FD:2023-24:E0:20240427:Newcastle:Sheffield United,0.18749999999999994,1.489795918367347,1.489795918367347,0.18749999999999994
FD:2023-24:E0:20240427:West Ham:Liverpool,2.315878378378378,1.4155405405405403,1.4155405405405403,2.315878378378378
FD:2023-24:E0:20240427:Wolves:Luton,0.5294117647058825,1.1216216216216217,1.1216216216216217,0.5294117647058825
FD:2023-24:E0:20240428:Bournemouth:Brighton,1.3622448979591837,1.0104166666666667,1.0104166666666667,1.3622448979591837
FD:2023-24:E0:20240428:Nott'm Forest:Man City,2.7363945578231292,0.7777777777777778,0.7777777777777778,2.7363945578231292
FD:2023-24:E0:20240428:Tottenham:Arsenal,2.185810810810811,1.8613013698630136,1.8613013698630136,2.185810810810811
FD:2023-24:E0:20240502:Chelsea:Tottenham,1.846938775510204,1.6870748299319729,1.6870748299319729,1.846938775510204
FD:2023-24:E0:20240503:Luton:Everton,1.0973154362416109,0.5071428571428571,0.5071428571428571,1.0973154362416109
FD:2023-24:E0:20240504:Arsenal:Bournemouth,1.0479452054794522,2.192953020134228,2.192953020134228,1.0479452054794522
FD:2023-24:E0:20240504:Brentford:Fulham,1.045045045045045,1.2522522522522523,1.2522522522522523,1.045045045045045
FD:2023-24:E0:20240504:Burnley:Newcastle,1.5067567567567568,0.7184684684684685,0.7184684684684685,1.5067567567567568
FD:2023-24:E0:20240504:Man City:Wolves,1.1359060402684562,2.7415540540540544,2.7415540540540544,1.1359060402684562
FD:2023-24:E0:20240504:Sheffield United:Nott'm Forest,0.7602739726027397,0.17123287671232879,0.17123287671232879,0.7602739726027397
FD:2023-24:E0:20240505:Brighton:Aston Villa,1.5855704697986577,1.347972972972973,1.347972972972973,1.5855704697986577
FD:2023-24:E0:20240505:Chelsea:West Ham,1.412751677852349,1.6993243243243243,1.6993243243243243,1.412751677852349
FD:2023-24:E0:20240505:Liverpool:Tottenham,1.8310810810810811,2.307046979865772,2.307046979865772,1.8310810810810811
FD:2023-24:E0:20240506:Crystal Palace:Man United,1.8395270270270272,1.1174496644295302,1.1174496644295302,1.8395270270270272
1442fbcba4fc959d5e5d1927,1.0,0.875,0.875,1.0
1a681765cf2c1df7154f7edc,1.3863636363636362,1.45,1.45,1.3863636363636362
1a701ec31d382982a17c595f,2.0,0.13888888888888884,0.13888888888888884,2.0
6131dca440d8dcdec2364d7c,1.9416666666666667,2.15,2.15,1.9416666666666667
b7ab54f916894b6be0cd54e0,1.25,0.7045454545454545,0.7045454545454545,1.25
d1ac5dbdbb989e54b42f7b9b,1.55,2.3125,2.3125,1.55
2ff93d236c389cc89abf00bd,1.0625,1.1944444444444446,1.1944444444444446,1.0625
3cebbf2df3887886ad1eb53c,3.03125,-0.5,-0.5,3.03125
978dbb9f245db303b16770d8,1.25,0.9166666666666666,0.9166666666666666,1.25
af67b9042659104f6cb7ebef,2.7083333333333335,0.125,0.125,2.7083333333333335
c74df0558cebb6caae73319f,1.7857142857142856,0.90625,0.90625,1.7857142857142856
1ed76648a08b085abf35dff1,1.0714285714285714,1.8333333333333335,1.8333333333333335,1.0714285714285714
6ceaf8974f3b57877084ce20,1.8392857142857142,1.25,1.25,1.8392857142857142
83aee805c2e25c7c9b770030,2.555555555555556,2.2916666666666665,2.2916666666666665,2.555555555555556
aa3a1986b0f004a5ea33f6f8,1.4583333333333333,1.5833333333333333,1.5833333333333333,1.4583333333333333
FD:2023-24:E0:20240511:Bournemouth:Brentford,1.25,1.0236486486486487,1.0236486486486487,1.25
FD:2023-24:E0:20240511:Everton:Sheffield United,0.16216216216216212,1.0966666666666667,1.0966666666666667,0.16216216216216212
FD:2023-24:E0:20240511:Fulham:Man City,2.75,1.0446428571428572,1.0446428571428572,2.75
FD:2023-24:E0:20240511:Newcastle:Brighton,1.360738255033557,1.5218120805369126,1.5218120805369126,1.360738255033557
FD:2023-24:E0:20240511:Nott'm Forest:Chelsea,1.7164429530201342,0.7972972972972973,0.7972972972972973,1.7164429530201342
FD:2023-24:E0:20240511:Tottenham:Burnley,0.7053571428571428,1.8154362416107384,1.8154362416107384,0.7053571428571428
FD:2023-24:E0:20240511:West Ham:Luton,0.5208333333333333,1.395,1.395,0.5208333333333333
FD:2023-24:E0:20240511:Wolves:Crystal Palace,1.1366666666666667,1.1216666666666666,1.1216666666666666,1.1366666666666667
FD:2023-24:E0:20240512:Man United:Arsenal,2.203333333333333,1.820469798657718,1.820469798657718,2.203333333333333
FD:2023-24:E0:20240513:Aston Villa:Liverpool,2.315,1.5733333333333333,1.5733333333333333,2.315
5f09fa45cd7902d852485fd5,-0.6000000000000001,1.75,1.75,-0.6000000000000001
6d75b78e71a5b28f13520c4d,1.4333333333333333,1.8548387096774193,1.8548387096774193,1.4333333333333333
90fbe5007bf13bd472e59f06,1.25,2.0833333333333335,2.0833333333333335,1.25
FD:2023-24:E0:20240514:Tottenham:Man City,2.7583333333333337,1.8250000000000002,1.8250000000000002,2.7583333333333337
a5a97f2ad76d564724d38dba,0.07500000000000001,2.5,2.5,0.07500000000000001
db235ebcf9020aaca5f9eab2,0.625,0.5277777777777778,0.5277777777777778,0.625
38a6bdcd851347217e065275,0.25,1.625,1.625,0.25
697ec17f1d3c75d46b323a49,1.25,3.0882352941176467,3.0882352941176467,1.25
881861c1a7d0ce4d0a2921e7,2.4166666666666665,0.5625,0.5625,2.4166666666666665
FD:2023-24:E0:20240515:Brighton:Chelsea,1.7266666666666666,1.3583333333333334,1.3583333333333334,1.7266666666666666
FD:2023-24:E0:20240515:Man United:Newcastle,1.5183333333333333,1.8066666666666666,1.8066666666666666,1.5183333333333333
ae9bc1f68ccd43738ec80571,0.9761904761904763,1.896551724137931,1.896551724137931,0.9761904761904763
cdcf03d187e611095952e4bb,2.5263157894736845,1.75,1.75,2.5263157894736845
f75b3a5c73543333c294498f,0.9,1.45,1.45,0.9
756f5fe512e941afded41460,0.55,1.7692307692307692,1.7692307692307692,0.55
7f80eca80dd554bb59d80cc9,1.7333333333333334,2.275,2.275,1.7333333333333334
a8e81038f36c57e2a2a8a81a,2.33,0.9166666666666666,0.9166666666666666,2.33
cd8f23e6dae521b26d87cc27,1.3289473684210527,1.6875,1.6875,1.3289473684210527
FD:2023-24:E0:20240519:Arsenal:Everton,1.1109271523178808,2.2102649006622515,2.2102649006622515,1.1109271523178808
FD:2023-24:E0:20240519:Brentford:Newcastle,1.5066225165562914,1.2676991150442478,1.2676991150442478,1.5066225165562914
FD:2023-24:E0:20240519:Brighton:Man United,1.816225165562914,1.347682119205298,1.347682119205298,1.816225165562914
FD:2023-24:E0:20240519:Burnley:Nott'm Forest,0.7833333333333333,0.6969026548672567,0.6969026548672567,0.7833333333333333
FD:2023-24:E0:20240519:Chelsea:Bournemouth,1.0066666666666666,1.7367549668874174,1.7367549668874174,1.0066666666666666
FD:2023-24:E0:20240519:Crystal Palace:Aston Villa,1.5695364238410596,1.1523178807947019,1.1523178807947019,1.5695364238410596
FD:2023-24:E0:20240519:Liverpool:Wolves,1.1109271523178808,2.306291390728477,2.306291390728477,1.1109271523178808
FD:2023-24:E0:20240519:Luton:Fulham,1.0265486725663715,0.4932432432432433,0.4932432432432433,1.0265486725663715
FD:2023-24:E0:20240519:Man City:West Ham,1.4089403973509935,2.763245033112583,2.763245033112583,1.4089403973509935
FD:2023-24:E0:20240519:Sheffield United:Tottenham,1.8096026490066226,0.15666666666666668,0.15666666666666668,1.8096026490066226
389748e36c5dffc351f178c4,2.625,2.1842105263157894,2.1842105263157894,2.625
6349f6739094f5c629b7566a,0.04545454545454547,0.9285714285714285,0.9285714285714285,0.04545454545454547
80df5c54316ef08bb69f5167,2.3653846153846154,1.578125,1.578125,2.3653846153846154
9bc1a8979554692f91530b88,0.15000000000000002,1.0625,1.0625,0.15000000000000002
b37ea2583791c09ac5f3c1d6,0.8,2.4090909090909087,2.4090909090909087,0.8
d87e10bee5cdc26dc2a788b7,1.95,1.8653846153846154,1.8653846153846154,1.95
00c394aeb15c37665ec3516e,0.44999999999999996,2.4499999999999997,2.4499999999999997,0.44999999999999996
029c6d89e0d86ef252716ecd,0.5961538461538461,1.828125,1.828125,0.5961538461538461
09d783bafef604ebd92f4f77,0.9166666666666666,0.875,0.875,0.9166666666666666
1dfe6bf4e74b00a80a2e3343,0.8,1.6,1.6,0.8
7010e70cdb5fa08f335c03ac,2.2142857142857144,1.40625,1.40625,2.2142857142857144
a5e8fe533564723b4af7445d,1.409090909090909,1.975,1.975,1.409090909090909
2549a3e6b75e2c7802ef7799,-0.5416666666666667,1.4038461538461537,1.4038461538461537,-0.5416666666666667
2ab1d6db787f23ed66eda04d,1.7142857142857142,2.0,2.0,1.7142857142857142
8650a42dbedf09ec8fe6aff7,0.625,1.25,1.25,0.625
8e3fc8bc9b9b363379517a97,1.9642857142857144,2.9027777777777777,2.9027777777777777,1.9642857142857144
40c10a56ae6e7ffa8c3fdc45,1.7142857142857142,0.08333333333333331,0.08333333333333331,1.7142857142857142
bb854f99807198edc08fa9a8,1.3055555555555556,1.8333333333333335,1.8333333333333335,1.3055555555555556
4f4f3ec3a5571bc8ad75785c,1.921875,1.65,1.65,1.921875
c57ac469e4dd5e04dfde9c98,2.142857142857143,1.7083333333333333,1.7083333333333333,2.142857142857143
439167ab1313516bc2d8bfa2,2.0,2.5277777777777777,2.5277777777777777,2.0
6644797fcbedd7948e2ec6ae,2.314814814814815,1.4375,1.4375,2.314814814814815
97f235e1e1d1752a9374efa7,1.5833333333333333,1.578125,1.578125,1.5833333333333333
50c671766a3ed9d4c10257e5,2.7368421052631575,,,2.7368421052631575
68f71595f36213a1e5ffbf3f,1.5625,0.9833333333333333,0.9833333333333333,1.5625
c1efcdbd5389b4ff647e5a1d,1.8125,2.25,2.25,1.8125
43717126e3bc8f0e2fa4092d,1.5576923076923077,2.28125,2.28125,1.5576923076923077
8c2a5c06c5cd0b52af2e9a00,1.7954545454545456,1.7941176470588234,1.7941176470588234,1.7954545454545456
37498245ec60c86025606d6f,2.375,1.857142857142857,1.857142857142857,2.375
8bd4e831139e2c0ef834d0e0,1.6363636363636362,1.453125,1.453125,1.6363636363636362
ff82edf65e32cec6d80a0fe4,1.3888888888888888,2.267857142857143,2.267857142857143,1.3888888888888888
67af7e14d6c128eaabfa4987,1.0,2.65,2.65,1.0
912fb8fd0f69cbb55fe669bc,2.3055555555555554,1.527777777777778,1.527777777777778,2.3055555555555554
a4c095df9d5406a982f49a83,0.984375,1.5192307692307692,1.5192307692307692,0.984375
17af50feec0c081d61f8,,,,
c01efd29c434595ec81b,0.14473684210526322,,,0.14473684210526322
c650096cbaa3dcc8272a,,,,
f04f59c9148f48a1fcd3,,,,
185fc4ded26c95458439,,,,
38131db729cbf137669e,0.17763157894736842,,,0.17763157894736842
60ae8e3a90e8e3f0db52,0.4144736842105263,,,0.4144736842105263
642c51a9645a5d74ddd0,,,,
a0a6c923ebca2fd78dfe,,,,
bacc95e502c0e7b27dae,0.3223684210526316,,,0.3223684210526316
c8263d306bf8530d1ecc,,,,
db78713290f195a848ff,,0.9934210526315789,0.9934210526315789,
00c45bb202f4a4c7f665,,,,
09038916026ebc8902e0,,,,
7ae2d07a5b3bde238fa6,,,,
8d9ac1ff01764450b9f5,,,,
b504dcbdb3e5e69d199d,,,,
b63630e246a87b5f5e2d,,,,
d4c6e0abf49e1fb9c8d1,,,,
df1eb30dad5734f3ab9d,,,,
e169496df66d0f9cacfd,,,,
f195a4229107c4e06102,,,,
f618ba69c72dacc2ca1c,,,,
17d2b91d2010231ee4b0,,,,
2769957f3d9949a298b3,,,,
3290681a71de95c9fa72,,,,
38ecdc079f92010b8b24,,,,
497031d9a6184165242d,,,,
4b92d48199ee43175c0c,,,,
55b015d3a252a0f8539f,,,,
68425257e76c830f9e9a,,,,
8dd4494e77d5fc78c4b3,,,,
ce46fc2ef4fad3204fac,,,,
dbf2d021ea117d05fe9c,,,,
4c9196242a4e49e5a8b9,,,,
0ccae2e5bea05fd4f5aa,0.6885964912280702,0.46710526315789475,0.46710526315789475,0.6885964912280702
5d03b834d04f3a96d23faa9a,2.5208333333333335,1.7142857142857142,1.7142857142857142,2.5208333333333335
a91fe3e043951820e12a0e01,2.2625,2.3017241379310347,2.3017241379310347,2.2625
44964cc856ad20c09012d043,1.903225806451613,2.205357142857143,2.205357142857143,1.903225806451613
bce0b9b2201a3f59b84daee6,1.5588235294117647,1.1176470588235294,1.1176470588235294,1.5588235294117647
d0539cb011ab224d317592c6,2.488095238095238,1.7291666666666665,1.7291666666666665,2.488095238095238
22ee2a64b0d8df4316de0210,2.125,1.6176470588235292,1.6176470588235292,2.125
829a4e138fe36e2d258a2251,2.2083333333333335,2.03125,2.03125,2.2083333333333335
ecb39ef672a0f2b88bc7335e,2.1666666666666665,2.678571428571429,2.678571428571429,2.1666666666666665
0b693ca3e2dc8c6e22bc,1.0482456140350875,1.8273026315789473,1.8273026315789473,1.0482456140350875
50a5eabb94237662a8a4,3.5,-0.25,-0.25,3.5
1883c06e527f774995be,2.314144736842105,,,2.314144736842105
1bede352a237d3550a8b,3.25,-0.75,-0.75,3.25
4236ba5781e7b0657a8f,0.43589743589743585,1.0,1.0,0.43589743589743585
7b96859706620e15083a,3.25,-0.5,-0.5,3.25
8166c25350ab58d48501,3.5,3.5,3.5,3.5
8d2c54a1499f754b713d,-0.25,3.25,3.25,-0.25
8f4b9c08979b4b74800c,0.9934782608695651,0.4935897435897436,0.4935897435897436,0.9934782608695651
a56b52de60a787e30bec,-0.5,-0.25,-0.25,-0.5
00c7c79a2a64b346dbe4,1.0,-1.0,-1.0,1.0
071da06b7b46c2827546,-0.5,0.7152173913043478,0.7152173913043478,-0.5
08d603f1250815889be8,3.25,3.5,3.5,3.25
0dd5e22a12d95343aac7,-0.5,3.25,3.25,-0.5
1d38661d613c434c405f,0.9901315789473684,0.8157894736842106,0.8157894736842106,0.9901315789473684
2395acf814c40e41410b,3.75,-0.25,-0.25,3.75
29296e8f786e118fd658,1.100328947368421,2.2171052631578947,2.2171052631578947,1.100328947368421
2c84cb58d0efbf4e287f,3.25,-0.5,-0.5,3.25
2c9310426d4b483a6024,1.0,-0.25,-0.25,1.0
2ecaaa6141a71cb4c169,1.0,3.5,3.5,1.0
3d552692cf3a71db84f1,-0.5,0.18831168831168826,0.18831168831168826,-0.5
4060dc1e8c0827698c50,-0.5,-0.25,-0.25,-0.5
42a706935a17a0b93e4c,3.75,-0.25,-0.25,3.75
43f16013ce2e345b3376,-0.25,3.25,3.25,-0.25
4f360542244468aa41a1,1.3355263157894737,1.1019736842105263,1.1019736842105263,1.3355263157894737
53002083c5c26e57b55b,3.25,-0.25,-0.25,3.25
6ad9082c91e3a309862b,3.25,-0.25,-0.25,3.25
6d59101fb77d91edabd8,1.0,-0.25,-0.25,1.0
75d70552c43e1748bc1a,3.5,-0.25,-0.25,3.5
7a893f29fd3604869d88,3.5,0.16025641025641024,0.16025641025641024,3.5
7b3cf39f0bb1938720ea,3.25,1.0,1.0,3.25
8b195f7390091ea93ebf,-0.25,3.25,3.25,-0.25
93a1ff37ba5b5d062687,0.7675438596491228,1.5197368421052633,1.5197368421052633,0.7675438596491228
9693c643af1b52312265,-0.5,-0.75,-0.75,-0.5
9fd9d2a044836204cb0a,-0.25,1.0,1.0,-0.25
b6a06a72f714edc8f3ea,3.25,-0.25,-0.25,3.25
c5577d4a30bb6fc87d3a,3.25,0.3974358974358974,0.3974358974358974,3.25
c76b7ba4f625cab194c4,-0.25,1.0,1.0,-0.25
ee803a05f1da60a3aee8,-0.25,-0.5,-0.5,-0.25
b743ee8cd174a0107534,1.550986842105263,1.3963815789473686,1.3963815789473686,1.550986842105263
cdf79ba3fbe370a518bd,4.0,3.5,3.5,4.0
148b5b4249a21ed9ebd2,3.25,1.0,1.0,3.25
fe2ed5b74f30c0f9c1ce,1.1726973684210527,1.2521929824561402,1.2521929824561402,1.1726973684210527
632240302179cc73a342,3.25,3.25,3.25,3.25
7782c95ca550032c714e,2.768092105263158,1.7467105263157894,1.7467105263157894,2.768092105263158
a026f670968dc2dd70ac,1.8223684210526316,1.3421052631578947,1.3421052631578947,1.8223684210526316
5035a301d04fa36507e363be,2.216666666666667,2.3095238095238093,2.3095238095238093,2.216666666666667
f16e3287dd1cfef303daad9e,1.5666666666666667,2.596153846153846,2.596153846153846,1.5666666666666667
03b68f52773c4572dd8865e0,1.6730769230769231,2.4204545454545454,2.4204545454545454,1.6730769230769231
570b30b17f6bd09282a33351,1.1111111111111112,1.5277777777777777,1.5277777777777777,1.1111111111111112
a3ee626f9eb9c2f5eb0fae71,2.1206896551724137,1.9453125,1.9453125,2.1206896551724137
49869c5ac222a36ca24b7947,1.5999999999999999,2.0,2.0,1.5999999999999999
9262b4fc9fe989692978faec,2.7045454545454546,1.8214285714285714,1.8214285714285714,2.7045454545454546
d40a9a8620655acb52004b80,2.1666666666666665,1.857142857142857,1.857142857142857,2.1666666666666665
35d4ec7b9ceee658d52e,1.5,1.0,1.0,1.5
c04913822a68530760e9,0.9935344827586206,1.5,1.5,0.9935344827586206
1f7550bdd84fcf734316,1.5,0.375,0.375,1.5
32e0a36f8797df547cd8,0.0,0.25,0.25,0.0
5243ef67d0f2869d71f9,1.8366013071895424,1.3513071895424835,1.3513071895424835,1.8366013071895424
5eb41ed191df45d67c8c,0.0,-0.75,-0.75,0.0
7e7761a860a9b45fd5d1,3.625,1.0,1.0,3.625
920f882f4ef6cf438136,1.5,2.125,2.125,1.5
9b70225b234a0dee4bac,2.125,3.625,3.625,2.125
f68091be313865da89fe,-0.25,1.0,1.0,-0.25
089e283385d6e8438fa5,1.5,1.5,1.5,1.5
0e596f1798613160a89f,1.375,0.48124999999999996,0.48124999999999996,1.375
0fda5fcd09ccdf3675a4,1.0,1.5,1.5,1.0
1620e6329e56a52c01a2,1.625,1.5,1.5,1.625
1f2194606fc0c18350ba,0.45000000000000007,-0.625,-0.625,0.45000000000000007
2172fbb46f787cd7f498,3.5,2.125,2.125,3.5
2aaea143ef5a6fb5c0cb,0.25,2.625,2.625,0.25
3531a1bf5b015abe45df,3.25,-0.375,-0.375,3.25
3e2a43e2fccea9f42eaa,1.0898692810457515,1.8169934640522876,1.8169934640522876,1.0898692810457515
4a385c9c6ff5820214ca,1.625,2.25,2.25,1.625
4cd9454b2a5f8be817a1,-0.5,-0.375,-0.375,-0.5
4d17153d96297cd134d7,0.7456896551724138,3.75,3.75,0.7456896551724138
82084790a8f90e8301d8,2.125,1.5,1.5,2.125
834c14a05b4d50a8d57f,2.125,3.25,3.25,2.125
90f1044e027c8a703c21,-0.5,3.375,3.375,-0.5
91b213747c7b981e3d3e,-0.5,2.772875816993464,2.772875816993464,-0.5
97aa2988d6c5f126eca2,1.5,1.5,1.5,1.5
99dfb388ed757a7843f7,2.25,2.125,2.125,2.25
9ad0aacd027a85c3996e,0.50625,1.25,1.25,0.50625
a2a0a65bf267ad1a3007,0.125,1.625,1.625,0.125
a45f43552f5cc7fb69f2,0.375,-0.25,-0.25,0.375
a80a1eb4270f49fbf34d,2.125,-0.25,-0.25,2.125
aecb1e2c0adba8e9d8be,2.25,1.5,1.5,2.25
c1ad25e576dba156cf49,0.19871794871794873,0.18124999999999997,0.18124999999999997,0.19871794871794873
c4c0d4399c511dfcb0f0,0.8181818181818181,0.758695652173913,0.758695652173913,0.8181818181818181
c71cd3fb9211aedd501d,3.5,2.125,2.125,3.5
cc966d207d8c8ba42c54,0.25,1.5,1.5,0.25
d3bf7493a0408f8d808c,1.3391304347826087,1.0369565217391306,1.0369565217391306,1.3391304347826087
dd4210bc04f6c75c6e05,-0.25,1.625,1.625,-0.25
ecfcbe5739f73eb51ee0,1.25,-0.375,-0.375,1.25
ee40fbcd3fc4ddbc3e56,1.3856209150326797,1.1633986928104574,1.1633986928104574,1.3856209150326797
f9e447ea7fea13c2452c,2.2254901960784315,1.5620915032679739,1.5620915032679739,2.2254901960784315
9974de82fa51c1a858fa,1.531045751633987,0.9902597402597402,0.9902597402597402,1.531045751633987
ccf1f1cc9171dae84267,1.7320261437908497,1.0898692810457515,1.0898692810457515,1.7320261437908497
4a8913deee45863d0c1b,-0.875,1.75,1.75,-0.875
424c6d608b09ac761042,1.2695652173913043,2.321895424836601,2.321895424836601,1.2695652173913043
7d195ad57ea869170a84,0.5,0.43292682926829273,0.43292682926829273,0.5
465665a829baf7dffd78,1.3636363636363635,2.2337662337662336,2.2337662337662336,1.3636363636363635
74785805df69c227fbdf,3.3333333333333335,0.08333333333333331,0.08333333333333331,3.3333333333333335
8cc925127fd040a69af6,0.2012195121951219,1.3333333333333333,1.3333333333333333,0.2012195121951219
a33b1d5e3604b309b8b4,2.1666666666666665,1.1666666666666665,1.1666666666666665,2.1666666666666665
af9bd3ffda91c3b74f2c,2.5833333333333335,0.7371794871794871,0.7371794871794871,2.5833333333333335
c735d42275874874b42e,1.0,0.0,0.0,1.0
d18e8b5b9e64b10bf46d,1.3333333333333333,-0.25000000000000006,-0.25000000000000006,1.3333333333333333
ea09889c9e07a168f65c,2.0833333333333335,2.666666666666667,2.666666666666667,2.0833333333333335
035b29fd6e9878e8460e,1.5,0.5731707317073171,0.5731707317073171,1.5
1003b12682805a84f57e,0.08333333333333331,1.25,1.25,0.08333333333333331
17300afdda8b5eb62df9,0.8333333333333334,2.5,2.5,0.8333333333333334
17c701391c32396559bc,2.3333333333333335,1.25,1.25,2.3333333333333335
1962e522ba6d1b786b79,0.9903846153846153,1.0762987012987013,1.0762987012987013,0.9903846153846153
1b900d9f8fb291980a6d,0.75,1.254310344827586,1.254310344827586,0.75
291979dc6505a81b959a,2.5833333333333335,0.75,0.75,2.5833333333333335
2fddce39607f099ec344,0.8333333333333334,0.16666666666666666,0.16666666666666666,0.8333333333333334
3a2bc1d1522aa90254eb,0.9166666666666666,1.25,1.25,0.9166666666666666
3df1a0c19ced9f858e04,0.75,0.3333333333333333,0.3333333333333333,0.75
4cc610f62a5c801d804e,-0.25,-0.4166666666666667,-0.4166666666666667,-0.25
4f79406a0075ca4e11e4,1.0560344827586206,-0.625,-0.625,1.0560344827586206
51e1672e06238b108ee1,2.666666666666667,2.1666666666666665,2.1666666666666665,2.666666666666667
52e92bcaf4d8abb4afe4,1.3333333333333333,2.0833333333333335,2.0833333333333335,1.3333333333333333
543106bbf2d9c77c3fa0,1.0,1.014957264957265,1.014957264957265,1.0
670e34899c70d7d0e929,2.25,-0.25,-0.25,2.25
67e30ba1b95fd0c7c461,0.9166666666666666,-0.08333333333333337,-0.08333333333333337,0.9166666666666666
6fc884f45ce847bcd042,3.5833333333333335,1.0,1.0,3.5833333333333335
79813e8f4aacb1168fa4,-0.16666666666666669,2.1666666666666665,2.1666666666666665,-0.16666666666666669
8e27776a83844da17562,1.75,0.8333333333333334,0.8333333333333334,1.75
9287c633dbaa09570290,1.5487012987012987,1.3254310344827585,1.3254310344827585,1.5487012987012987
a596c5828500ea03fe11,1.75,2.0833333333333335,2.0833333333333335,1.75
af8ca33756bdfe7c3eda,1.75,0.5833333333333333,0.5833333333333333,1.75
b24c0164960351d0a581,2.25,1.3333333333333333,1.3333333333333333,2.25
b3f026705ca33c8acaa7,3.3333333333333335,1.25,1.25,3.3333333333333335
be67758ea55ac25c670a,0.5833333333333333,1.3333333333333333,1.3333333333333333,0.5833333333333333
c983b33979a1e4ba4aca,3.5833333333333335,1.1666666666666665,1.1666666666666665,3.5833333333333335
cbd1b70053c611363e07,0.6666666666666667,1.0,1.0,0.6666666666666667
cdd72f4d8b5a982baa6b,0.9166666666666666,2.3333333333333335,2.3333333333333335,0.9166666666666666
f0bd561d9aa17360daa4,1.9166666666666667,0.3333333333333333,0.3333333333333333,1.9166666666666667
fc6dcaa1efbe24a635fd,1.0762987012987013,0.8493589743589743,0.8493589743589743,1.0762987012987013
5050c9f7672092733619,2.7792207792207795,1.3993506493506493,1.3993506493506493,2.7792207792207795
bcc34ebafbc5cda8f897,1.8311688311688312,1.5275974025974026,1.5275974025974026,1.8311688311688312
dc511ed4c082142f6f7a,1.1525974025974026,1.7467532467532467,1.7467532467532467,1.1525974025974026
4408095c82d4d25c9898,0.5487804878048781,0.20886075949367083,0.20886075949367083,0.5487804878048781
2487bde5be2939b1d0b9,2.3295454545454546,1.823051948051948,1.823051948051948,2.3295454545454546
b575be0ad16d2ac11ea8,1.0,0.5,0.5,1.0
1a9095f66f37eab9b0b0,0.625,2.875,2.875,0.625
238db8c61aad904e3048,2.8125,2.4375,2.4375,2.8125
664448e1b6a22e2ee85c,1.375,1.5,1.5,1.375
6bb06714ea391b8817c0,1.5625,0.9375,0.9375,1.5625
6f4200bb93d19ed9ca7c,1.8125,1.9375,1.9375,1.8125
7fd2ea6faad3c0eb8e9c,2.5625,0.6875,0.6875,2.5625
a2ff9849bc288c05b927,0.1875,2.25,2.25,0.1875
ab2d7432bdf1da437b00,0.875,2.375,2.375,0.875
bfdc7094e14eba006141,0.1875,2.5625,2.5625,0.1875
c1b8910358a7c75fd67c,0.8125,2.5,2.5,0.8125
cce8d1e089e017e99585,0.375,1.875,1.875,0.375
f14caa2e22da22226b6b,-0.25,0.6875,0.6875,-0.25
fce891ed79989a48ae6b,0.875,0.625,0.625,0.875
e7493e4473d9a9be0b34,2.6,0.65,0.65,2.6
02fcabd3c2ae89bb9847,0.246875,0.625,0.625,0.246875
41f10b5be6126460ee94,0.7394067796610169,1.0360169491525424,1.0360169491525424,0.7394067796610169
6ddcadeacd2049fb5a4b,1.85,0.35,0.35,1.85
728c42d6dfab2876328d,0.41666666666666674,1.0625,1.0625,0.41666666666666674
7a1f218b435e36168a94,-0.0625,1.125,1.125,-0.0625
ad6042cf5dd76f5c373f,1.375,1.625,1.625,1.375
b14d643630dc79e59dd9,1.2,2.375,2.375,1.2
d9b3cf2483a69ddc92b7,1.8064516129032258,0.7393162393162394,0.7393162393162394,1.8064516129032258
f969b3a6be790a8fc84a,1.0,1.25,1.25,1.0
032ddbef35b420b18c96,1.25,0.25,0.25,1.25
04b199315e53c91db023,2.9375,1.375,1.375,2.9375
08d4d90b396f475cc260,-0.3125,1.5625,1.5625,-0.3125
1760894792a42e2fcb52,2.2,0.9375,0.9375,2.2
263f94f5532613137f62,-0.08333333333333337,1.3612903225806452,1.3612903225806452,-0.08333333333333337
325d8f3bfe9a1172435f,0.375,1.875,1.875,0.375
38bd047957c766c86bf4,2.15,2.0,2.0,2.15
3eeb54714a10699dece3,1.85,1.4,1.4,1.85
41ec262983609a80abe0,3.5625,0.1875,0.1875,3.5625
585b2e666fe4aca01a78,-0.375,1.8125,1.8125,-0.375
60ef240420a9a31db84d,2.5,1.5,1.5,2.5
617ed862a2db5854e300,0.27380952380952384,1.0625,1.0625,0.27380952380952384
7594374e8cc8b7c76141,1.125,2.1875,2.1875,1.125
7be0cc72f443089ed2e4,2.4375,0.8125,0.8125,2.4375
80f911f53a7cc013e0ba,1.15,1.1875,1.1875,1.15
8ef009efde60b65721f7,0.8512658227848101,2.338709677419355,2.338709677419355,0.8512658227848101
9e323810b11de2945b2a,2.125,2.2,2.2,2.125
a6f3083cbee6c5b1959e,1.2735042735042736,2.7838709677419353,2.7838709677419353,1.2735042735042736
aa95892e7248f283cff5,1.3870967741935485,1.0555555555555556,1.0555555555555556,1.3870967741935485
ae8026994354e31bb2d2,1.1875,0.4375,0.4375,1.1875
b73f3d3b0c2df5875cad,1.311965811965812,1.1516129032258065,1.1516129032258065,1.311965811965812
bbbf914891f09f7da9c2,2.5,1.45,1.45,2.5
bf22e952dfdf4cc91c9d,1.5625,0.25,0.25,1.5625
c6eba77013fd826a56dc,0.5625,1.4,1.4,0.5625
cdccc4ae7f91ceea9881,0.6875,0.9,0.9,0.6875
d7c6587c47fb12fc63c9,0.9375,0.5297619047619047,0.5297619047619047,0.9375
d8196bd80cf3d832fb72,2.25,1.05,1.05,2.25
e2465165a7ef8eab6fca,0.95,-0.25,-0.25,0.95
e746fd02757cec1372d5,1.2,0.050000000000000044,0.050000000000000044,1.2
f7d6b6d901e5aa16f12b,2.1,0.35,0.35,2.1
e16b3dd8d558e17a4a27,1.0677419354838709,1.5596774193548386,1.5596774193548386,1.0677419354838709
ca3aca65cc636234342b,1.7419354838709677,1.018987341772152,1.018987341772152,1.7419354838709677
c85add0c1aeee26bc390,2.225806451612903,1.817741935483871,1.817741935483871,2.225806451612903
b599a19a2a954b5e4e5a,0.6369047619047619,0.625,0.625,0.6369047619047619
e2b8192a1f829c144d57,1.538709677419355,1.0758064516129031,1.0758064516129031,1.538709677419355
dfcb04d83a1543d6695e,3.0500000000000003,2.6875,2.6875,3.0500000000000003
05773bf9622b60ec8a32b145,2.352272727272727,2.467391304347826,2.467391304347826,2.352272727272727
75ac6d97d521c59f56d29ae6,1.6578947368421053,1.9924242424242424,1.9924242424242424,1.6578947368421053
9804bcda4375ca1f227bf47e,2.7142857142857144,2.7391304347826084,2.7391304347826084,2.7142857142857144
f6b82e37a4708ab9bd3efea8,2.03125,1.5833333333333333,1.5833333333333333,2.03125
7097fd5f310ebda7c5fd,0.39999999999999997,1.05,1.05,0.39999999999999997
3b8025ae9b635b356ef2,0.9166666666666666,1.5,1.5,0.9166666666666666
5dbd218e0517846161f5,1.25,2.2,2.2,1.25
6913723c38247e76e44e,0.8,1.15,1.15,0.8
a47b51d55bad0082ec7f,1.751602564102564,1.3846153846153846,1.3846153846153846,1.751602564102564
d92f322e652a43ba6d6a,0.5406976744186047,0.2616279069767442,0.2616279069767442,0.5406976744186047
e7e2eac2d96b534e7eb6,1.5,1.2,1.2,1.5
f94dc32180896939b3c3,1.7000000000000002,2.8,2.8,1.7000000000000002
fe570c479ba5c0c02f79,1.7083333333333335,0.0,0.0,1.7083333333333335
02e5785d85ac50b19c6b,1.9000000000000001,0.287037037037037,0.287037037037037,1.9000000000000001
08a604c3160f755752ff,1.125,1.5416666666666667,1.5416666666666667,1.125
1e303240a305f5b659d7,1.0,1.4,1.4,1.0
2ab44edca611d447bf5e,0.95,2.75,2.75,0.95
3526eb66de41a783d598,0.35,0.7605042016806722,0.7605042016806722,0.35
3a1c39c25976b4bdbae3,1.125,0.8333333333333334,0.8333333333333334,1.125
4dd174911207d3a97336,1.4,0.45000000000000007,0.45000000000000007,1.4
64de02827ef279612d00,2.65,1.75,1.75,2.65
67693d09d292a979797a,1.0252100840336134,-0.3,-0.3,1.0252100840336134
6ccdbe62387d78ac2072,1.5,0.95,0.95,1.5
6e17431f24dfa386ff5a,2.0833333333333335,0.875,0.875,2.0833333333333335
70b295f30e8e4af1de2f,1.55,0.9583333333333334,0.9583333333333334,1.55
762a432f7cedfad05825,1.95,0.75,0.75,1.95
7a54ca7836f872f21a80,2.2083333333333335,1.6,1.6,2.2083333333333335
7c904afcbc35273a2de3,0.55,0.48255813953488375,0.48255813953488375,0.55
82ed05c7c8e8233cbb90,1.375,2.4166666666666665,2.4166666666666665,1.375
8bff1bd49084d04b44cd,0.25,1.55,1.55,0.25
9d769ace47a8d47f92f0,0.85,2.2916666666666665,2.2916666666666665,0.85
ab9f9a4853f324191e4c,1.2999999999999998,2.458333333333333,2.458333333333333,1.2999999999999998
b4b1b29cffe60085a260,2.85,0.9166666666666666,0.9166666666666666,2.85
b630145c94596a12e1fa,0.35,2.5500000000000003,2.5500000000000003,0.35
babd83f3f7c223095a1b,1.0592948717948718,1.3093220338983051,1.3093220338983051,1.0592948717948718
c1f391782fbcb110a7a5,-0.09999999999999998,1.45,1.45,-0.09999999999999998
c7ff9cf6350704218238,1.260593220338983,1.8044871794871795,1.8044871794871795,1.260593220338983
d2e7ef3b650693062eb1,0.1875,0.7266949152542372,0.7266949152542372,0.1875
e2e61def081056faf187,2.458333333333333,2.666666666666667,2.666666666666667,2.458333333333333
e3fb131ae38d618c59f5,1.0673076923076923,1.5705128205128205,1.5705128205128205,1.0673076923076923
edf65787090a7e2cff1e,1.7083333333333335,0.75,0.75,1.7083333333333335
f33292aa0579c2e50351,0.16666666666666669,0.9583333333333334,0.9583333333333334,0.16666666666666669
f5de2f804b4b7d1ea426,0.8,0.7093023255813953,0.7093023255813953,0.8
fa78c29c7456447bafbb,1.5496794871794872,1.0550847457627117,1.0550847457627117,1.5496794871794872
fce06a85084a98d83385,1.0031249999999998,2.3221153846153846,2.3221153846153846,1.0031249999999998
d67cc7e35372b26d2936,1.8189102564102564,1.1506410256410255,1.1506410256410255,1.8189102564102564
31bce4f98a25363b84b7,2.5,0.5,0.5,2.5
8aaf2d4996f293f1eca2,0.8812499999999999,1.358974358974359,1.358974358974359,0.8812499999999999
7dfb5a1d48c9d81e2c59,2.2323717948717947,2.7868589743589745,2.7868589743589745,2.2323717948717947
b30f217aeb504d39cfa9,-0.041666666666666685,1.6500000000000001,1.6500000000000001,-0.041666666666666685
d430540833d89e50993663e6,2.34375,2.4021739130434785,2.4021739130434785,2.34375
121c5adb91c163597227,1.25,2.2083333333333335,2.2083333333333335,1.25
8cb459478caa5e3868bc,1.1666666666666667,1.2083333333333335,1.2083333333333335,1.1666666666666667
c759ba5d1b1fa0ed775b,1.7083333333333335,0.9166666666666666,0.9166666666666666,1.7083333333333335
6eec9d77a9dfad22ee91c471,1.9632352941176472,1.625,1.625,1.9632352941176472
090919a1dff666a09c3b6da6,2.7604166666666665,2.5166666666666666,2.5166666666666666,2.7604166666666665
b69cdc1a5557a6cde01621c7,1.5270270270270272,2.1944444444444446,2.1944444444444446,1.5270270270270272
2d8e107fc04f3df0bd46,1.25,1.1666666666666665,1.1666666666666665,1.25
8d05f2ae9e16360d5b26,0.5454545454545454,0.625,0.625,0.5454545454545454
0ffbb72440b38a9d75bb,1.125,2.25,2.25,1.125
47a597e301c07152f07e,1.8214285714285714,1.0416666666666667,1.0416666666666667,1.8214285714285714
58a592f37f897656efff,2.7754777070063694,1.536624203821656,1.536624203821656,2.7754777070063694
944329d3dff024c318a8,0.3409090909090909,1.5416666666666667,1.5416666666666667,0.3409090909090909
957c1952746b7316c979,1.6428571428571428,0.8571428571428572,0.8571428571428572,1.6428571428571428
97cf58fb12dc72c682e4,0.7670454545454546,0.41666666666666663,0.41666666666666663,0.7670454545454546
bc0f8b8ee8818aa360d2,1.0,1.0416666666666667,1.0416666666666667,1.0
e95140ebf16df57645df,1.3571428571428572,2.392857142857143,2.392857142857143,1.3571428571428572
0e6d3aedaceebb44d0bb,2.0,-0.12500000000000003,-0.12500000000000003,2.0
1e1c8c0d8ea56aaf55fb,2.571428571428571,0.9285714285714286,0.9285714285714286,2.571428571428571
2109505a6e1e169eea8a,2.875,0.5113636363636364,0.5113636363636364,2.875
2207e4c20d843f8f9d7b,0.7916666666666666,1.375,1.375,0.7916666666666666
2dc0b6907b753d3cc675,0.7142857142857142,0.17857142857142855,0.17857142857142855,0.7142857142857142
30eddc05b3a53897f81b,0.5833333333333333,1.5714285714285714,1.5714285714285714,0.5833333333333333
31f17d9553d3dbb6d80c,0.8928571428571429,0.9285714285714286,0.9285714285714286,0.8928571428571429
349f603c2d7a4cf674a3,1.9285714285714286,1.1428571428571428,1.1428571428571428,1.9285714285714286
35a63732d56252bd4a54,1.0756302521008403,0.8827160493827162,0.8827160493827162,1.0756302521008403
40fb939e6191e38b0e3e,0.3231707317073171,0.25,0.25,0.3231707317073171
427cafed8c560fdcba11,1.3067226890756303,2.2245222929936306,2.2245222929936306,1.3067226890756303
571184ccd599c0327092,2.25,0.10714285714285712,0.10714285714285712,2.25
5d6d38099d9f1e074c4e,1.8571428571428572,1.1071428571428572,1.1071428571428572,1.8571428571428572
66db61d9e7b1a97e2d01,1.4285714285714286,1.9285714285714286,1.9285714285714286,1.4285714285714286
729d7d356a0ec4e39754,1.3710191082802548,1.245798319327731,1.245798319327731,1.3710191082802548
787c86770223a87aa4d4,1.5833333333333333,1.1785714285714286,1.1785714285714286,1.5833333333333333
7f106ad009529677ff67,1.1785714285714286,0.6428571428571428,0.6428571428571428,1.1785714285714286
888d031bb288163331ea,0.75,1.0458333333333334,1.0458333333333334,0.75
8ee3dbbbb8c8d6867c21,1.356687898089172,1.7643312101910829,1.7643312101910829,1.356687898089172
97867dcfddeb06cb9066,1.1496815286624202,1.0589171974522293,1.0589171974522293,1.1496815286624202
b6295bc6608eefb05b7d,0.5833333333333334,0.8333333333333334,0.8333333333333334,0.5833333333333334
ca4557139df8415325de,1.6071428571428572,2.958333333333333,2.958333333333333,1.6071428571428572
caacd5628d4870c34bc3,1.8333333333333333,1.375,1.375,1.8333333333333333
e1875eac1fe1c77a95ee,2.571428571428571,2.571428571428571,2.571428571428571,2.571428571428571
f18d4f47c7fceffce58f,0.78125,1.5833333333333333,1.5833333333333333,0.78125
f251913d5c1cbee55901,1.75,0.8214285714285714,0.8214285714285714,1.75
f48f6720bb88d1983adc,0.75,1.6071428571428572,1.6071428571428572,0.75
fc6276f96e99bb556fe7,-0.33333333333333337,0.9166666666666666,0.9166666666666666,-0.33333333333333337
ff3232cb95447124c4ab,1.5416666666666667,0.9285714285714286,0.9285714285714286,1.5416666666666667
4af3687d266104d3f6c7,2.3312101910828025,1.0573248407643312,1.0573248407643312,2.3312101910828025
fb8d873f2c8fa72aa012,2.0,1.9285714285714286,1.9285714285714286,2.0
773f2c0d8c4754f0ac05,1.5828025477707008,0.35,0.35,1.5828025477707008
c3fa8ced1fcfbfa17fd8,1.1666666666666665,1.7916666666666667,1.7916666666666667,1.1666666666666665
47595c39130c2b967908,1.8152866242038217,1.8136942675159236,1.8136942675159236,1.8152866242038217
aed5ac78ca6ab5ce047e,0.7289915966386554,0.9814814814814814,0.9814814814814814,0.7289915966386554
06153a533eba535cab32,1.3571428571428572,1.107142857142857,1.107142857142857,1.3571428571428572
080b6585deeedcc4fb09,1.857142857142857,0.28125,0.28125,1.857142857142857
17bb0e3a0da76dac2c6f,1.0625,1.8125,1.8125,1.0625
194fbdb3f3c912dbe598,1.5,0.5222222222222221,0.5222222222222221,1.5
1f246d7899aaee3e2b6c,1.0681818181818183,0.4055555555555555,0.4055555555555555,1.0681818181818183
227b211558fda1b75d02,0.90625,1.15625,1.15625,0.90625
272b876c7409d101942a,2.0714285714285716,0.8214285714285714,0.8214285714285714,2.0714285714285716
2790bb1fb8f91464df49,1.40625,0.21875,0.21875,1.40625
2cd888674937c94fc665,1.375,1.15625,1.15625,1.375
46c0662e14842c554c80,1.3214285714285716,0.8928571428571429,0.8928571428571429,1.3214285714285716
5226d3696e7df754483f,1.0357142857142856,0.7830578512396694,0.7830578512396694,1.0357142857142856
6994de03ddef8f45d95f,0.14285714285714285,0.75,0.75,0.14285714285714285
69b61dfb09c4dfb2de8a,1.6785714285714286,0.7444444444444445,0.7444444444444445,1.6785714285714286
78e4137137ae37ad1993,2.4285714285714284,0.5357142857142857,0.5357142857142857,2.4285714285714284
791650ef8c4022364125,1.2142857142857142,-0.39285714285714285,-0.39285714285714285,1.2142857142857142
7ab74b58205cfb87fb26,1.2142857142857144,1.375,1.375,1.2142857142857144
7b8495d83c64f8382d2f,1.9642857142857144,1.8125,1.8125,1.9642857142857144
93d05f5afce5b70cb0d6,1.65625,0.6875,0.6875,1.65625
a44b75448f4b05f5498b,0.75,-0.1785714285714286,-0.1785714285714286,0.75
a52c1a4b27b569315873,2.1875,1.59375,1.59375,2.1875
bfbb634de98a57d4e81d,0.625,1.142857142857143,1.142857142857143,0.625
c58977b59cd7ecebf5ef,1.8214285714285714,2.59375,2.59375,1.8214285714285714
cb5129b00d3bc7bdc7db,2.2142857142857144,1.84375,1.84375,2.2142857142857144
dc0150754b82028b9a20,2.375,1.40625,1.40625,2.375
e3e58a33537f16cd28e4,1.5625,3.0,3.0,1.5625
e6845ed8c07a8c3f75ea,1.2857142857142858,2.4285714285714284,2.4285714285714284,1.2857142857142858
e9faf458357148d04489,1.71875,0.9375,0.9375,1.71875
f0ba06f5ecd3b5576c70,1.5,0.9375,0.9375,1.5
f43614d211baf74d60a0,2.09375,0.53125,0.53125,2.09375
fee639f27ce35b11f5e1,1.4375,2.6875,2.6875,1.4375
fe5883933f69c5480300,0.3928571428571428,1.3571428571428572,1.3571428571428572,0.3928571428571428
6b9601ce94415adf54d5,0.5722222222222223,0.4285714285714286,0.4285714285714286,0.5722222222222223
a7f5abc7d7487da0af88,1.6785714285714286,0.3313253012048193,0.3313253012048193,1.6785714285714286
d518b88023ae5fab1891,0.3571428571428571,0.6071428571428571,0.6071428571428571,0.3571428571428571
e15e18e135739578dd2d,0.8214285714285714,1.142857142857143,1.142857142857143,0.8214285714285714
e90c2b9684a035982554,1.0676229508196722,2.5625,2.5625,1.0676229508196722
0a166f79cb730d0c96be,1.59375,0.4184782608695652,0.4184782608695652,1.59375
173d9e920545ec3ee46a,0.84375,0.8032786885245902,0.8032786885245902,0.84375
22b65dd7d7d880a0cd7c,1.7222222222222223,1.361111111111111,1.361111111111111,1.7222222222222223
3ca8ec5706497507d482,1.7777777777777777,1.638888888888889,1.638888888888889,1.7777777777777777
413ac45aad1523dae6cd,1.4375,0.15625,0.15625,1.4375
6332391013ff867312ab,2.337025316455696,1.1408227848101264,1.1408227848101264,2.337025316455696
7261d61529c8e350707e,0.9444444444444444,2.09375,2.09375,0.9444444444444444
ffb7ba305158cfb4b881,1.6111111111111112,1.138888888888889,1.138888888888889,1.6111111111111112
037c5408eb7489f1af4b,2.03125,0.875,0.875,2.03125
040a8815d7ef27e3bc26,0.71875,2.232594936708861,2.232594936708861,0.71875
093b5f86448e7198f80a,0.41666666666666663,1.0555555555555556,1.0555555555555556,0.41666666666666663
1a1578784201c74e9a6c,3.03125,1.4444444444444444,1.4444444444444444,3.03125
21de9919f83758dc4a0b,0.19444444444444442,1.625,1.625,0.19444444444444442
24f9319d67046eed4bdb,0.90625,2.0833333333333335,2.0833333333333335,0.90625
27255e5a5b7f0c5799ee,1.0121951219512195,1.2916666666666667,1.2916666666666667,1.0121951219512195
2bfa87c6d97ca94d6ec2,-0.1875,1.71875,1.71875,-0.1875
3adc30cdd2db8ef074c6,2.1944444444444446,1.6388888888888888,1.6388888888888888,2.1944444444444446
41aacc18ecf2ef8eb930,0.9166666666666667,0.6666666666666667,0.6666666666666667,0.9166666666666667
504e48a07435356fcaab,0.65625,1.84375,1.84375,0.65625
55114d8d78f21a1eebed,0.71875,1.0625,1.0625,0.71875
56f2eef7ee3e87ff3210,0.45833333333333326,1.3686708860759493,1.3686708860759493,0.45833333333333326
65ddce5cb23afec54681,1.4444444444444444,2.0625,2.0625,1.4444444444444444
7fc4c892e85f8e7ff15e,1.125,1.25,1.25,1.125
95039035cc2ccae0913d,1.03125,0.7228260869565217,0.7228260869565217,1.03125
97571bf2c805cd82f1dc,0.84375,0.9375,0.9375,0.84375
a371753568c41dfef9a4,2.375,1.0,1.0,2.375
acb7977cfd724191e6be,1.7222222222222223,2.25,2.25,1.7222222222222223
bfa3c46d13b97c8723d4,0.8055555555555555,2.0625,2.0625,0.8055555555555555
c39aec99769478fda04e,1.0490506329113924,1.24375,1.24375,1.0490506329113924
c61ea9d637a3edbe19f3,1.625,1.027777777777778,1.027777777777778,1.625
c67864750f64b18b012d,0.9722222222222223,0.28125,0.28125,0.9722222222222223
c76fd4a44334375e09f5,1.09375,2.764240506329114,2.764240506329114,1.09375
c92d2688d23fb1cd9032,1.875,0.5434782608695652,0.5434782608695652,1.875
cdf3193550f64038d228,2.361111111111111,1.59375,1.59375,2.361111111111111
d73049f0e1b64a4a2862,0.3055555555555555,0.09375,0.09375,0.3055555555555555
d91035d0057e742da4bc,0.5326086956521738,0.3660714285714286,0.3660714285714286,0.5326086956521738
db3450a43f93581b016e,1.0625,1.4375,1.4375,1.0625
fb1ef9c64ebb8fc9cd56,1.027777777777778,1.9166666666666665,1.9166666666666665,1.027777777777778
fcc95718be3771f1c2aa,1.75,2.25,2.25,1.75
2f9fbe6ce55030ff3b97,1.5332278481012658,1.0727848101265822,1.0727848101265822,1.5332278481012658
4268d6cb46024d345b61,1.7974683544303796,1.5791139240506329,1.5791139240506329,1.7974683544303796
91b388a7c4c992952675,0.8689024390243902,1.7753164556962024,1.7753164556962024,0.8689024390243902
3706309f7b6933ae3dee,0.0625,1.125,1.125,0.0625
111815ba996e9cf96ea9,1.8275316455696202,1.3449367088607596,1.3449367088607596,1.8275316455696202
1b20da11245a69a7b6cb,1.6111111111111112,1.361111111111111,1.361111111111111,1.6111111111111112
73fbe28f9698963143d4,2.0,1.575,1.575,2.0
1401568fa40efce38ac4,0.25,2.05,2.05,0.25
2b52a41f9852cefa14b7,1.25,1.3499999999999999,1.3499999999999999,1.25
68bcc67219fa36327689,1.4,0.925,0.925,1.4
79004283139448b664da,1.4,1.25,1.25,1.4
87e5fd66bf23d47e0991,1.575,1.1111111111111112,1.1111111111111112,1.575
9e290f020c1e9a511cb2,0.4444444444444444,2.0749999999999997,2.0749999999999997,0.4444444444444444
a94d1e335dcaad4a06b8,1.8055555555555554,1.9749999999999999,1.9749999999999999,1.8055555555555554
b1d9f69f2fd8922fcd92,0.475,2.0,2.0,0.475
b52e7862dce3b3b2c55d,1.875,1.2249999999999999,1.2249999999999999,1.875
cbb01f20ccfd90fcbb0f,0.7000000000000001,0.9,0.9,0.7000000000000001
e889c9b0d94646877153,0.275,0.5555555555555556,0.5555555555555556,0.275
18273daadc36f5c41f5e,1.8888888888888888,0.5681818181818182,0.5681818181818182,1.8888888888888888
49b16d46d6d472fcfd38,0.4029411764705883,1.0670731707317072,1.0670731707317072,0.4029411764705883
76c8f4647e4ddf8d9ff5,1.5227272727272727,1.25,1.25,1.5227272727272727
3a7715f1c8eb39cebdff,0.7287234042553191,1.3888888888888888,1.3888888888888888,0.7287234042553191
3d942e2cc9154990de11,1.3836477987421383,1.8144654088050316,1.8144654088050316,1.3836477987421383
7c1494d0b9e5827e1457,1.8409090909090908,0.7250000000000001,0.7250000000000001,1.8409090909090908
80cadf6fb20191fcf03b,1.138888888888889,0.16666666666666669,0.16666666666666669,1.138888888888889
9d5234e9284aaf230a61,0.601063829787234,0.5106382978723405,0.5106382978723405,0.601063829787234
da64fd23eb1c9c79c0be,1.3181818181818181,2.0,2.0,1.3181818181818181
e16efaea2e8d4e5f76d0,0.44999999999999996,1.4166666666666667,1.4166666666666667,0.44999999999999996
f27038993ed29a59ac50,0.8055555555555555,0.8611111111111112,0.8611111111111112,0.8055555555555555
0b89741b8226101b7a01,1.3569182389937107,1.5298742138364778,1.5298742138364778,1.3569182389937107
24a5f519e293651718e2,1.1363636363636362,0.3409090909090909,0.3409090909090909,1.1363636363636362
27657315a559e37528f1,0.8048780487804879,1.1111111111111112,1.1111111111111112,0.8048780487804879
2a2ab894fd1238a6c50e,1.9444444444444444,1.625,1.625,1.9444444444444444
340fa89a59c65e9aa1c6,1.4249999999999998,2.388888888888889,2.388888888888889,1.4249999999999998
375656fdfc2765a4112f,2.25,1.2272727272727273,1.2272727272727273,2.25
48b9a163e00b4e08ad8d,1.8863636363636362,0.9318181818181819,0.9318181818181819,1.8863636363636362
49ca831a1ea26c8f17e9,2.0749999999999997,1.5681818181818183,1.5681818181818183,2.0749999999999997
4c721973986ae8c91fec,1.072327044025157,0.2857142857142857,0.2857142857142857,1.072327044025157
4f844c95dcb14366a0f0,2.25,1.9090909090909092,1.9090909090909092,2.25
647ce2fdcc7a33df4823,1.3333333333333333,1.0277777777777777,1.0277777777777777,1.3333333333333333
67a498552d22ecb3919a,1.262396694214876,1.7924528301886793,1.7924528301886793,1.262396694214876
6a4193068ad8256a9837,1.225,1.575,1.575,1.225
745f03afe870f58f9018,1.5754716981132078,1.0826446280991735,1.0826446280991735,1.5754716981132078
804b48576d87ebf3acdb,0.19444444444444442,1.5555555555555556,1.5555555555555556,0.19444444444444442
89ce4019093b84712382,1.972222222222222,2.0,2.0,1.972222222222222
8ce7d3ca50ec85cdcf9b,1.4000000000000001,-0.19444444444444448,-0.19444444444444448,1.4000000000000001
9984a78948cdc571085a,0.7000000000000001,0.7222222222222222,0.7222222222222222,0.7000000000000001
a13319eee6f9fd372392,1.5,1.525,1.525,1.5
a4cf7f080f6df5519208,1.3888888888888888,1.777777777777778,1.777777777777778,1.3888888888888888
b3c9a0b51b2fbb2b55b5,0.4946808510638298,1.0555555555555556,1.0555555555555556,0.4946808510638298
b923723113d7ad3c7adf,2.666666666666667,2.1944444444444446,2.1944444444444446,2.666666666666667
bfeb6cd23b1c1b103627,1.0999999999999999,1.7249999999999999,1.7249999999999999,1.0999999999999999
c557c534de76b48d89a9,0.9500000000000001,0.95,0.95,0.9500000000000001
cdb608f72275c69de4e5,1.0909090909090908,0.5227272727272727,0.5227272727272727,1.0909090909090908
d5f1f3a357d391243bb3,0.7954545454545454,1.05,1.05,0.7954545454545454
db26eb732eb7ab10dd7a,1.1111111111111112,1.6388888888888888,1.6388888888888888,1.1111111111111112
e49bc5b98cd6f3c7b4f1,0.25,0.5833333333333334,0.5833333333333334,0.25
f92e30c265672ea93ddc,1.3078512396694215,0.7086776859504132,0.7086776859504132,1.3078512396694215
fb8d8123ff067d9ca0d2,1.8636363636363638,1.75,1.75,1.8636363636363638
9a83abfbd3c2b7c74151,2.240566037735849,0.9969879518072289,0.9969879518072289,2.240566037735849
66fccdfc2a003623729d,2.7672955974842766,1.0393081761006289,1.0393081761006289,2.7672955974842766
15d3dcbc2fc940acbdcc,2.388888888888889,1.3055555555555556,1.3055555555555556,2.388888888888889
6a2936d59ad12ae97c04,1.7704402515723272,2.342767295597484,2.342767295597484,1.7704402515723272
33afc678c7e4d8a8163e,1.1320754716981132,0.8704819277108433,0.8704819277108433,1.1320754716981132
104b59179c6e545381dc,2.125,1.2272727272727273,1.2272727272727273,2.125
1b35bc0d7745df94c6a9,1.875,0.9999999999999999,0.9999999999999999,1.875
21847f657140c91d1ebe,0.5729166666666666,1.0866935483870968,1.0866935483870968,0.5729166666666666
238e7e3dfd34e11b4506,2.15,0.15000000000000002,0.15000000000000002,2.15
24437ae9e3df96ce088d,2.020833333333333,1.6666666666666665,1.6666666666666665,2.020833333333333
258895cc4e5c94883997,1.6500000000000001,2.05,2.05,1.6500000000000001
327ced85f21ebced9eb4,1.6590909090909092,1.725,1.725,1.6590909090909092
3a410b18e36387fee8f2,1.0833333333333333,1.6875,1.6875,1.0833333333333333
3b1e423d3b8339999fb1,1.7249999999999999,2.75,2.75,1.7249999999999999
43b4c823cc2bd77893f8,1.1041666666666667,0.6136363636363636,0.6136363636363636,1.1041666666666667
44a83630b8d03e527809,0.8333333333333333,1.090909090909091,1.090909090909091,0.8333333333333333
499bada6fa8931863ef1,0.9318181818181819,1.7083333333333333,1.7083333333333333,0.9318181818181819
4fc74688397f178efa3d,0.9750000000000001,1.8499999999999999,1.8499999999999999,0.9750000000000001
69cd2204f62d7916d3b1,1.3636363636363635,1.1666666666666667,1.1666666666666667,1.3636363636363635
6f999f703ce6d32251e4,0.55,0.5750000000000001,0.5750000000000001,0.55
75edf382ee8fac92281f,1.75,2.340909090909091,2.340909090909091,1.75
8531bc12dc09a6015835,0.5052083333333333,1.0999999999999999,1.0999999999999999,0.5052083333333333
867b4b33e5b8c9427d38,0.8409090909090908,2.0,2.0,0.8409090909090908
86ad94fe304b40244266,0.17500000000000002,1.5909090909090908,1.5909090909090908,0.17500000000000002
8aa58c79fddee965fc9a,2.125,1.125,1.125,2.125
a03fcefabdf73c7ad0dc,1.2249999999999999,0.9500000000000001,0.9500000000000001,1.2249999999999999
a1720fc3d859352b1f65,0.3958333333333333,2.227272727272727,2.227272727272727,0.3958333333333333
b9b92c5e06e7f43aee86,0.9545454545454545,1.2916666666666667,1.2916666666666667,0.9545454545454545
be54c13a6beefa61d1a3,1.3,1.35,1.35,1.3
c31f26fe4ebf79cc756d,0.47916666666666663,1.0681818181818183,1.0681818181818183,0.47916666666666663
c849fa7994ce25566751,1.925,0.3409090909090909,0.3409090909090909,1.925
e112e7667f527da8a927,1.5681818181818181,1.6590909090909092,1.6590909090909092,1.5681818181818181
eaa49fa9dfa2947fdb01,0.4375,1.972222222222222,1.972222222222222,0.4375
f2e68f86e105a537f2c3,1.375,1.1590909090909092,1.1590909090909092,1.375
fdc6d22b165f1aa70e62,1.3499999999999999,1.05,1.05,1.3499999999999999
a4e5c3aaa969910e057e,0.7000000000000001,0.49999999999999994,0.49999999999999994,0.7000000000000001
d8548351052e4c4f52a983a1,2.0,2.0749999999999997,2.0749999999999997,2.0
397811a09422c69c586c,0.8266129032258065,1.15,1.15,0.8266129032258065
b2b4fa688e72f09f7918,0.9000000000000001,1.025,1.025,0.9000000000000001
b803e68b853146528c9a,0.734375,1.925,1.925,0.734375
e63691a6c0f86daf8a6e,2.475,0.578125,0.578125,2.475
f0e67dd649746e78ced9,0.3924418604651163,1.4249999999999998,1.4249999999999998,0.3924418604651163
db8b3c5ed49a5337577f6187,2.59375,2.458333333333333,2.458333333333333,2.59375
77e143dbdaea1423a756,0.9545454545454545,0.4545454545454546,0.4545454545454546,0.9545454545454545
bdcab0d098ff72b35dff,0.898809523809524,1.3237704918032787,1.3237704918032787,0.898809523809524
4beb1bffd0f6d6fa9bac,1.2708333333333333,0.9375,0.9375,1.2708333333333333
5658c2fec06b72ce3ee5,1.1039999999999999,1.3181818181818181,1.3181818181818181,1.1039999999999999
6e158f5c0b5e40686ac6,2.8181818181818183,2.227272727272727,2.227272727272727,2.8181818181818183
83511f41c14d1d5fe9f3,1.8409090909090908,0.5561224489795918,0.5561224489795918,1.8409090909090908
8f8d97972592e52aaa34,0.5612244897959183,0.7272727272727273,0.7272727272727273,0.5612244897959183
ce6649bfd060ad1c7cb6,1.25,1.7954545454545454,1.7954545454545454,1.25
e1d2828e3cdee18e53eb,1.6538461538461537,0.34615384615384615,0.34615384615384615,1.6538461538461537
01e2d459822001cb31e1,1.0,0.326923076923077,0.326923076923077,1.0
0cbd24b07cc330cc5b30,1.6041666666666665,0.42307692307692313,0.42307692307692313,1.6041666666666665
114f03bb8ae76e23540d,0.8409090909090909,0.7397959183673469,0.7397959183673469,0.8409090909090909
1ecbcd66950f76e50737,1.8269230769230769,1.8076923076923077,1.8076923076923077,1.8269230769230769
20c71b853a3086f471e3,1.0192307692307692,1.9423076923076923,1.9423076923076923,1.0192307692307692
20d166f83580b1022fa8,1.8409090909090908,1.6875,1.6875,1.8409090909090908
2bcb3741b542601ae1fb,0.7008196721311475,2.7703124999999997,2.7703124999999997,0.7008196721311475
2fbf559c9e332d31d53d,1.4423076923076923,1.5192307692307692,1.5192307692307692,1.4423076923076923
34ebb8fc985b3c92797a,2.3333333333333335,0.8541666666666666,0.8541666666666666,2.3333333333333335
4d7869d55e8d9cdadeaf,1.5454545454545454,1.2692307692307692,1.2692307692307692,1.5454545454545454
55a1abc09d969605782a,1.03125,1.36875,1.36875,1.03125
6012b7f4826a5027ef50,1.090909090909091,0.7954545454545454,0.7954545454545454,1.090909090909091
60ce02c25a044a32c385,0.625,0.9772727272727272,0.9772727272727272,0.625
63ce0e905ee7ffee1fac,2.15,2.2115384615384617,2.2115384615384617,2.15
66a6f80bb78730bdf347,1.1363636363636365,1.2727272727272727,1.2727272727272727,1.1363636363636365
73d40cc49ef9c7219e8e,1.5192307692307692,0.75,0.75,1.5192307692307692
74602508ad2ac0bec1b7,1.2272727272727273,1.2045454545454546,1.2045454545454546,1.2272727272727273
78f0430f536cc145cd96,0.5454545454545454,0.828,0.828,0.5454545454545454
7a59478d88acac1ac4bb,1.6153846153846154,1.0416666666666665,1.0416666666666665,1.6153846153846154
7d2d3e927a0ca13d206c,1.0267857142857144,1.5875000000000001,1.5875000000000001,1.0267857142857144
80bbd515b869e77dbebc,0.8333333333333333,2.25,2.25,0.8333333333333333
82e5f51c02c34a065372,0.1875,1.25,1.25,0.1875
82f4bef207fca44aaf32,1.0454545454545454,0.38505747126436785,0.38505747126436785,1.0454545454545454
859609a63217c227e31f,1.772727272727273,1.6818181818181819,1.6818181818181819,1.772727272727273
b2579b77e8391e57a582,0.11363636363636365,0.4772727272727273,0.4772727272727273,0.11363636363636365
b5c66f383409d5ceb6fc,1.4166666666666667,1.0,1.0,1.4166666666666667
ba92414949638bf756eb,1.3181818181818181,2.545454545454546,2.545454545454546,1.3181818181818181
c7afe366afe8110ede6e,1.0416666666666667,1.7916666666666667,1.7916666666666667,1.0416666666666667
e53d00d8a011505a23f8,1.3846153846153846,1.5227272727272727,1.5227272727272727,1.3846153846153846
e7f5ac35f25d5dd4d7de,2.2291666666666665,1.5208333333333333,1.5208333333333333,2.2291666666666665
9f021c50aca909b90cff,1.069672131147541,1.0875,1.0875,1.069672131147541
663aba0086c9f7c5e5b6,1.51875,1.7578125,1.7578125,1.51875
6dd730030ce7a38b0753,1.8265624999999999,1.1234374999999999,1.1234374999999999,1.8265624999999999
8abd2f56fcad1dea850a,1.8015625,1.3703125,1.3703125,1.8015625
4b73b35e621f240f3a72,1.5909090909090908,0.5153061224489797,0.5153061224489797,1.5909090909090908
9b723d90752f74dd1f3e,2.3484375,2.2234375,2.2234375,2.3484375
4e84336a0ed04e9aa2d8,1.1041666666666665,1.1666666666666667,1.1666666666666667,1.1041666666666665
7baabc61968c06c89757,1.423076923076923,1.5,1.5,1.423076923076923
a693de9c41beeaecfed4,1.2083333333333333,1.8125,1.8125,1.2083333333333333
c1db97f32dc70d74e8e0,1.9166666666666665,1.6041666666666667,1.6041666666666667,1.9166666666666665
cd0ab77b3477e0fab40d,1.6666666666666667,1.2692307692307692,1.2692307692307692,1.6666666666666667
9a7ee64bd905a52df1fb78df,1.9772727272727273,1.9722222222222223,1.9722222222222223,1.9772727272727273
5bb03da58a7f59a73a16ece7,2.4000000000000004,2.5,2.5,2.4000000000000004
e4656b85fe509801e416,0.7450000000000001,0.5449999999999999,0.5449999999999999,0.7450000000000001
2ce851c6611688443d64,0.42045454545454547,1.6666666666666665,1.6666666666666665,0.42045454545454547
5e89ef5197bb69a1cbec,2.2158385093167703,1.5077639751552796,1.5077639751552796,2.2158385093167703
68b2a4f2cc0690102cce,1.25,0.9166666666666666,0.9166666666666666,1.25
6a705a083b54408d3b91,1.0833333333333333,1.1666666666666667,1.1666666666666667,1.0833333333333333
1a233c30ac8e0e8b1fe7,1.3819875776397514,0.9294117647058824,0.9294117647058824,1.3819875776397514
285ec7203452f5410fa6,1.3089430894308942,0.13888888888888884,0.13888888888888884,1.3089430894308942
370c4f7cba4f18d652e7,1.0869565217391304,0.693089430894309,0.693089430894309,1.0869565217391304
464ebbf0d12ffe313370,0.61,1.1458333333333333,1.1458333333333333,0.61
4ec457a58f8a215a6844,2.773291925465838,1.0264705882352942,1.0264705882352942,2.773291925465838
5b5ba8c250b3e6c73057,0.3958333333333333,1.125,1.125,0.3958333333333333
60743b9a58f563e0f418,1.3664596273291925,2.340062111801242,2.340062111801242,1.3664596273291925
64401f776ca5a68757b8,0.9375,1.5416666666666667,1.5416666666666667,0.9375
9d9f42909cc7c419fd85,2.625,0.5833333333333334,0.5833333333333334,2.625
b7f16bdc12b64aaf566d,0.525,0.8541666666666666,0.8541666666666666,0.525
d545cb30c871ee93740b,1.2916666666666665,1.0833333333333335,1.0833333333333335,1.2916666666666665
e893e04bb709aeabc864,0.8125,1.1031746031746033,1.1031746031746033,0.8125
41aa6889c5ae3e48ff48,1.1366459627329193,1.031055900621118,1.031055900621118,1.1366459627329193
2c44770ca9e23f9d8fc3,1.5838509316770186,1.813664596273292,1.813664596273292,1.5838509316770186
d772b0bfd7a5471d118d,0.8293650793650794,1.3958333333333333,1.3958333333333333,0.8293650793650794
9f2c088f70ac75fb41d6,1.767080745341615,1.7888198757763973,1.7888198757763973,1.767080745341615
327071bffaade1bb33b3,1.2662601626016259,1.0691056910569106,1.0691056910569106,1.2662601626016259
4193e2865e7e5174175c,0.5098039215686274,0.9807692307692306,0.9807692307692306,0.5098039215686274
6e95d7de821e27923190,0.45505617977528096,1.4615384615384615,1.4615384615384615,0.45505617977528096
7f0cb8e2eaeb05b552df,1.1153846153846152,1.0576923076923077,1.0576923076923077,1.1153846153846152
94af7630f3d5c7af5dc2,1.3653846153846154,0.6153846153846154,0.6153846153846154,1.3653846153846154
c2db3ace97541d19717e,2.375,1.7692307692307692,1.7692307692307692,2.375
c4f11d3f0b40507567df,0.5192307692307693,0.08333333333333331,0.08333333333333331,0.5192307692307693
3026c5d7f2b134175d49,0.4423076923076923,0.6923076923076923,0.6923076923076923,0.4423076923076923
a588b8dab37294d438b6,0.6764705882352942,1.25,1.25,0.6764705882352942
206836ed8e51dc9aacac,1.124015748031496,1.5384615384615383,1.5384615384615383,1.124015748031496
4abe2125313f47f64864,1.096153846153846,1.5,1.5,1.096153846153846
71f546133624cee79c6d,1.1346153846153846,1.1538461538461537,1.1538461538461537,1.1346153846153846
8678788952f6ec127213,1.0384615384615383,0.553921568627451,0.553921568627451,1.0384615384615383
8adeb9c0b9654434fa0f,2.5,0.9615384615384615,0.9615384615384615,2.5
8e354c2670582fccb391,0.8208661417322834,0.75,0.75,0.8208661417322834
6fd05c7099ee39f2c52f,1.1785714285714284,1.75,1.75,1.1785714285714284
d7abeb1cbfb1794a75f7,1.2142857142857142,0.6586538461538463,0.6586538461538463,1.2142857142857142
0c0745a003ec1e467287,1.6607142857142856,1.267857142857143,1.267857142857143,1.6607142857142856
19c1146555fc527227e1,0.6057692307692307,1.5357142857142858,1.5357142857142858,0.6057692307692307
4b11f6be2b69f79d814e,2.125,2.1346153846153846,2.1346153846153846,2.125
89d256c82118df221456,0.2857142857142857,1.3928571428571428,1.3928571428571428,0.2857142857142857
b6a09ec9870b0fd9f669,0.3571428571428571,0.15384615384615385,0.15384615384615385,0.3571428571428571
e022b9234e792b9d69d4,0.26785714285714285,0.9285714285714286,0.9285714285714286,0.26785714285714285
ee32f7fdfcbb5ff8c24d,1.3571428571428572,0.9464285714285714,0.9464285714285714,1.3571428571428572
026e9f3d27b75b83eb53,1.9230769230769231,2.230769230769231,2.230769230769231,1.9230769230769231
043dee027285b080a21b,2.519230769230769,1.096153846153846,1.096153846153846,2.519230769230769
069f9161cdd87e202c2c,1.9230769230769231,1.1346153846153846,1.1346153846153846,1.9230769230769231
0bbdf647e2c7893c7ab9,0.875,1.2857142857142858,1.2857142857142858,0.875
0fc7b1bd8f9e43324b03,1.0535714285714286,2.392857142857143,2.392857142857143,1.0535714285714286
1689166f0d39f64ec315,1.8269230769230769,1.5535714285714286,1.5535714285714286,1.8269230769230769
4af4835323204c71ec3f,1.375,1.9318181818181819,1.9318181818181819,1.375
5083724f5ed5a326e52e,1.0787037037037037,1.3688271604938271,1.3688271604938271,1.0787037037037037
59ce7121177d98332300,1.4807692307692306,1.6458333333333333,1.6458333333333333,1.4807692307692306
5a7c38c5805701280373,1.086693548387097,1.1358024691358024,1.1358024691358024,1.086693548387097
65835a2dd4b15a43f3c9,1.8269230769230769,0.5535714285714286,0.5535714285714286,1.8269230769230769
75ae7ede66aede174ee6,1.3392857142857144,0.4903846153846154,0.4903846153846154,1.3392857142857144
766250cfb089470c1484,0.9642857142857143,0.3928571428571429,0.3928571428571429,0.9642857142857143
7ee6c899ab0bd846f0c2,1.153846153846154,0.7115384615384616,0.7115384615384616,1.153846153846154
9518a14694d066be028a,1.096153846153846,2.6666666666666665,2.6666666666666665,1.096153846153846
a5c02403f3d2b773d906,0.7678571428571428,1.5892857142857142,1.5892857142857142,0.7678571428571428
a6d4050363a45279fddb,0.8653846153846154,1.8035714285714286,1.8035714285714286,0.8653846153846154
b81495943d8f873b1af0,1.0384615384615383,1.1607142857142856,1.1607142857142856,1.0384615384615383
bc16cd29951814ab389d,1.25,0.923076923076923,0.923076923076923,1.25
bca51f6e6c7d571b3240,1.052325581395349,1.254032258064516,1.254032258064516,1.052325581395349
c17f2203f25e122f7e50,0.7083333333333334,1.267857142857143,1.267857142857143,0.7083333333333334
c3074d71cbbfb0589155,1.7115384615384615,1.125,1.125,1.7115384615384615
c7790bc8149a490de5a0,2.2857142857142856,1.4821428571428572,1.4821428571428572,2.2857142857142856
d2eb6f6cd22ad4401b6a,0.5178571428571429,1.11328125,1.11328125,0.5178571428571429
e0eb82ab9cbe5434b4c2,1.6607142857142856,1.4615384615384615,1.4615384615384615,1.6607142857142856
e4bef25509547a5ebc36,2.0357142857142856,1.9285714285714286,1.9285714285714286,2.0357142857142856
fb4d2ec85449de765e4c,0.8461538461538463,1.5714285714285714,1.5714285714285714,0.8461538461538463
fe10b55fbf0dd4a39376,0.7137096774193548,1.0308641975308641,1.0308641975308641,0.7137096774193548
9b40f82c61f08d23d19c,2.7546296296296293,1.3564814814814814,1.3564814814814814,2.7546296296296293
0ef13fade2da9365391a,1.5694444444444446,2.3456790123456788,2.3456790123456788,1.5694444444444446
155cfb52af3b124af043,1.1607142857142858,0.48611111111111116,0.48611111111111116,1.1607142857142858
f80f829aff99b492b065,0.7548076923076923,1.0178571428571428,1.0178571428571428,0.7548076923076923
3e9a3ee5f649f3000382,0.22499999999999998,1.8256172839506173,1.8256172839506173,0.22499999999999998
5208873a4c2417af04f1,1.3064516129032258,1.7839506172839508,1.7839506172839508,1.3064516129032258
d2eaa0ddc3808bf8e3aa,1.5185185185185184,0.9622093023255813,0.9622093023255813,1.5185185185185184
7cb2a73888c410b5530b,1.392857142857143,0.822265625,0.822265625,1.392857142857143
679e0b7f7880a9a2b1ef,2.200617283950617,1.7623456790123457,1.7623456790123457,2.200617283950617
f0d693bff0936a6b7c44,1.8571428571428572,1.7692307692307692,1.7692307692307692,1.8571428571428572
073b6dfc40e9003a301b,1.5,1.15,1.15,1.5
2786b665975c5f4cc5c0,0.6833333333333333,1.0714285714285714,1.0714285714285714,0.6833333333333333
2eed3c487e75e463eb0b,0.5833333333333334,1.125,1.125,0.5833333333333334
3bb25018408ee86ffcc8,2.1166666666666667,0.4666666666666666,0.4666666666666666,2.1166666666666667
443d1b44bbbc29388583,1.2833333333333332,1.8666666666666667,1.8666666666666667,1.2833333333333332
46705976dfd0666dd801,1.875,0.5576923076923077,0.5576923076923077,1.875
588d64b3cf99655acd0d,1.6333333333333333,0.85,0.85,1.6333333333333333
688f45dad18ca7b89b62,2.2142857142857144,1.7333333333333334,1.7333333333333334,2.2142857142857144
72888b8dbe57d7e5ab38,1.15,1.7166666666666668,1.7166666666666668,1.15
99109387da249c9ba6d9,1.0892857142857142,1.0178571428571428,1.0178571428571428,1.0892857142857142
9e2950149e19990c84cf,1.75,1.5333333333333332,1.5333333333333332,1.75
b4639d28c78bb747b31e,1.5333333333333332,0.8571428571428572,0.8571428571428572,1.5333333333333332
c61d4ba625ad1fc30a84,0.4833333333333333,1.0357142857142856,1.0357142857142856,0.4833333333333333
f89cb433cc33ebb5f9a1,1.9666666666666668,1.8571428571428572,1.8571428571428572,1.9666666666666668
f659a2856ce42679110d,1.0666666666666667,1.8846153846153846,1.8846153846153846,1.0666666666666667
c01911b4ec8650ad6222,1.0892857142857142,1.0625,1.0625,1.0892857142857142
20446e3ad25ebe44768f,0.7075471698113207,0.8833333333333333,0.8833333333333333,0.7075471698113207
8fc320ef9cec1afbdf0c39c9,2.0833333333333335,2.541666666666667,2.541666666666667,2.0833333333333335
74f04f660454912907d4,2.5384615384615383,0.3,0.3,2.5384615384615383
76d21696ef52fe1b3cac,0.8410852713178294,1.4833333333333332,1.4833333333333332,0.8410852713178294
9cc90be1423ff4704fd3,0.8666666666666667,1.46875,1.46875,0.8666666666666667
a27828121f213cadaf2f,0.5164835164835164,1.05,1.05,0.5164835164835164
bdc79f1cfbe986c315d2,1.140625,1.8125,1.8125,1.140625
c2a526b7f2acb79499be,1.0166666666666666,1.607142857142857,1.607142857142857,1.0166666666666666
d0591d12c2115052f331,0.85,1.0666666666666667,1.0666666666666667,0.85
e4078ee41353fc21656b,1.7576687116564418,1.29,1.29,1.7576687116564418
f5fa84edccfa24d3dd5b,0.9285714285714286,1.1166666666666667,1.1166666666666667,0.9285714285714286
1a4e42a3ccd537b4cacf,1.1166666666666667,1.9423076923076925,1.9423076923076925,1.1166666666666667
229c4c1ae4e72e5bcd48,1.25,0.44999999999999996,0.44999999999999996,1.25
39ee99c8b756c1c0a774,2.142857142857143,1.8214285714285714,1.8214285714285714,2.142857142857143
3e77b8bdcfb2ae887a08,1.8125,0.515625,0.515625,1.8125
3e79d5946b24a4aad347,1.0,1.8166666666666667,1.8166666666666667,1.0
432cf102f6ae774124d2,0.421875,0.703125,0.703125,0.421875
52e06ccc7624cf9eba1c,1.7142857142857142,2.05,2.05,1.7142857142857142
599638abd13adaff388c,1.3571428571428572,1.7678571428571428,1.7678571428571428,1.3571428571428572
622386218e1924b4082d,1.27,1.0782208588957056,1.0782208588957056,1.27
6408688dc840633a866b,1.40625,1.515625,1.515625,1.40625
65666c34c2742d267925,2.571428571428571,1.8,1.8,2.571428571428571
6a84d8ce5c2efe287bae,1.1257668711656441,1.5567484662576687,1.5567484662576687,1.1257668711656441
70b05ccb81ff247bc7e2,1.7000000000000002,1.1166666666666667,1.1166666666666667,1.7000000000000002
7f4cd329dad9cdc64ed6,2.3000000000000003,1.6166666666666667,1.6166666666666667,2.3000000000000003
8dd0385007fcb2321d1e,0.9454022988505746,2.1932515337423313,2.1932515337423313,0.9454022988505746
9e36aed184f732fd030d,1.0666666666666667,0.609375,0.609375,1.0666666666666667
a2a2d73a5b4d7b64aa79,1.6607142857142856,1.4666666666666666,1.4666666666666666,1.6607142857142856
b443ed655faa6022a60d,1.828125,0.3928571428571428,0.3928571428571428,1.828125
c10a7b2277f28d2a7f9a,0.47169811320754723,0.8018867924528302,0.8018867924528302,0.47169811320754723
c488f04b9b37fb0f9e64,0.9333333333333333,0.5754716981132075,0.5754716981132075,0.9333333333333333
cb13616da401dcaf136d,1.0,1.6,1.6,1.0
d33702c9f5c71c617b76,1.0460122699386503,1.1059999999999999,1.1059999999999999,1.0460122699386503
d426edd82ff280c6b5ac,1.3680981595092023,1.0373563218390804,1.0373563218390804,1.3680981595092023
e40e90d826000c06dfaa,1.2666666666666666,0.8666666666666667,0.8666666666666667,1.2666666666666666
ff97e75ddb87a27f929f,0.5892857142857143,1.0833333333333333,1.0833333333333333,0.5892857142857143
1daf69e4bfffe6022826,1.812883435582822,2.7361963190184047,2.7361963190184047,1.812883435582822
0aee2f29bba190638742,2.352760736196319,0.704,0.704,2.352760736196319
fc8464bbed1b2db9de4a,1.1317829457364341,1.2833333333333332,1.2833333333333332,1.1317829457364341
be1242a58b89e4d8251d,1.7960122699386503,0.5,0.5,1.7960122699386503
317256869296b9085955,1.366564417177914,1.530674846625767,1.530674846625767,1.366564417177914
b45e64ef94653827e2eb,1.9666666666666668,2.1875,2.1875,1.9666666666666668
0318dd986a6163457ace,1.7166666666666668,0.6166666666666667,0.6166666666666667,1.7166666666666668
127faeaa4e84baac253f,0.984375,0.5217391304347826,0.5217391304347826,0.984375
434a9b6b7550632825f2,1.8666666666666667,0.9333333333333333,0.9333333333333333,1.8666666666666667
58e84526f4946190eccf,1.25,0.31666666666666665,0.31666666666666665,1.25
5d3b73645c2e42bf7379,1.7857142857142856,2.6166666666666667,2.6166666666666667,1.7857142857142856
6159dcbdfccc60697fa6,0.875,1.234375,1.234375,0.875
6d0678e15bc3476813e0,1.0625,0.859375,0.859375,1.0625
74faf76d6a9951aa0175,1.0333333333333332,2.216666666666667,2.216666666666667,1.0333333333333332
88cf7f76f4c97beda800,1.375,0.712962962962963,0.712962962962963,1.375
a7df7001c505e4662512,1.078125,1.15,1.15,1.078125
b724dac9b9539d4961e9,2.3392857142857144,1.55,1.55,2.3392857142857144
b7a6e128bdcd4f92d905,1.046875,0.8596153846153847,0.8596153846153847,1.046875
b869cd4ddc585a1a5bd6,0.890625,0.4814814814814815,0.4814814814814815,0.890625
c014382a75710b07a64d,0.9375,1.25,1.25,0.9375
cb5116181e7c813a76ab,1.6833333333333333,1.0,1.0,1.6833333333333333
cf6c61f20c27a05f1d24,1.671875,2.15625,2.15625,1.671875
e68b19b155bfb6227030,1.7666666666666668,1.6875,1.6875,1.7666666666666668
18dfacff909026228813,0.8055555555555555,2.21875,2.21875,0.8055555555555555
052fb9b87294c7ebdfd0,0.484375,0.859375,0.859375,0.484375
564b4873cda109acff6f,1.5,1.84375,1.84375,1.5
a7b930ea1f51cac3417a,0.625,1.1480769230769232,1.1480769230769232,0.625
6a5dae3df8b2a35f3f53,1.1875,1.25,1.25,1.1875
1cae074778375a212f80,2.1470588235294117,0.5564516129032259,0.5564516129032259,2.1470588235294117
d0715b08ab378a78f101,0.6964285714285714,1.3795731707317074,1.3795731707317074,0.6964285714285714
121bc2d2fd45ff95cc8b,1.578125,0.8823529411764706,0.8823529411764706,1.578125
3a26dfe619cf3fa216af,1.90625,0.5441176470588235,0.5441176470588235,1.90625
b05f8cea770bc8ffe98a,0.6617647058823529,0.759090909090909,0.759090909090909,0.6617647058823529
c0a888843b77769ef9d8,1.015625,1.5892857142857142,1.5892857142857142,1.015625
d8a09d97fc95736bf4c6,0.7794117647058824,1.7205882352941175,1.7205882352941175,0.7794117647058824
25c64637830dec55bc4b,1.16793893129771,1.609375,1.609375,1.16793893129771
028ee6d0df101a18c8c1,0.5416666666666666,0.9261363636363638,0.9261363636363638,0.5416666666666666
042e71a95ce16b9841fd,0.8090909090909091,0.8823529411764706,0.8823529411764706,0.8090909090909091
1ef4b63a9034fc64d965,0.6000000000000001,0.55,0.55,0.6000000000000001
2688e0d05f889b50948b,0.7794117647058824,0.9558823529411765,0.9558823529411765,0.7794117647058824
342a93233d4c026dcebc,1.277777777777778,1.2678571428571428,1.2678571428571428,1.277777777777778
60a86512aab5977c7eb1,1.022727272727273,1.0625,1.0625,1.022727272727273
637ffe8c00d4682e7938,0.6000000000000001,1.3088235294117647,1.3088235294117647,0.6000000000000001
7a6a5ff353808cc25208,1.5182926829268293,1.125,1.125,1.5182926829268293
f60345aeafb7beff066d,0.8797709923664122,1.2205882352941178,1.2205882352941178,0.8797709923664122
fd07b2b3938212feaa54,0.7647058823529411,1.2794117647058825,1.2794117647058825,0.7647058823529411
c510d3d41eb3f67456eb,2.2027439024390243,1.3795731707317072,1.3795731707317072,2.2027439024390243
1f765610c2f9961d1c82,1.5533536585365855,1.7667682926829267,1.7667682926829267,1.5533536585365855
a41aa0c5ba3afdb30966,1.0777439024390243,1.7911585365853657,1.7911585365853657,1.0777439024390243
b107e3b2d62659334412,1.0912698412698412,1.826219512195122,1.826219512195122,1.0912698412698412
dc3a3bbe8a090237e3d9,1.2058823529411766,1.161764705882353,1.161764705882353,1.2058823529411766
dde8f786171808a67870,2.7134146341463414,2.358231707317073,2.358231707317073,2.7134146341463414
35f5fde36de8c97de616,1.1242424242424243,0.4807692307692307,0.4807692307692307,1.1242424242424243
1178d95975e1ed64f800,1.6470588235294117,2.2205882352941178,2.2205882352941178,1.6470588235294117
18be1e591fa16cd1d1eb,0.7647058823529411,1.375,1.375,0.7647058823529411
4af53c32a0d63e6af402,2.65625,1.421875,1.421875,2.65625
4f593805b2a7a4cd142a,1.7647058823529411,2.140625,2.140625,1.7647058823529411
528ebdb83081ebc26973,1.3088235294117647,1.5,1.5,1.3088235294117647
5b5abd2b425302b3bd48,1.5588235294117645,0.984375,0.984375,1.5588235294117645
63150714cd9e525489df,1.6176470588235294,1.8125,1.8125,1.6176470588235294
6b8b5be65eb629c52914,1.147058823529412,0.84375,0.84375,1.147058823529412
7a13b0fc3512a944e7b4,0.588235294117647,0.90625,0.90625,0.588235294117647
a066aa831a252e4cbcce,1.1323529411764706,1.796875,1.796875,1.1323529411764706
aec8b5f15b56b7a5b7a8,1.1323529411764706,1.265625,1.265625,1.1323529411764706
c26dba31c5bb69ff0a42,1.6500000000000001,1.671875,1.671875,1.6500000000000001
d481abb9dc7ccda4925b,0.6470588235294117,1.0147058823529411,1.0147058823529411,0.6470588235294117
dc275088d23d204fed5a,2.1176470588235294,1.1911764705882353,1.1911764705882353,2.1176470588235294
f975483393e11646a8b4,1.0,1.109375,1.109375,1.0
fbf929524c11b5a1a7ed,1.0625,1.3676470588235294,1.3676470588235294,1.0625
a5d5bdb16828e2fa751e,1.28125,1.96875,1.96875,1.28125
e07335275705ad46802f,0.640625,1.71875,1.71875,0.640625
b8c86ebd1aa39ca9085f,1.3666666666666667,1.2618110236220472,1.2618110236220472,1.3666666666666667
0187af51b6b2b23cbb33,1.7787878787878788,0.6988188976377953,0.6988188976377953,1.7787878787878788
5fa00adff8293e22904f,0.9522471910112359,2.693939393939394,2.693939393939394,0.9522471910112359
749026c8aa7b66403113,1.053030303030303,1.0651515151515152,1.0651515151515152,1.053030303030303
a1d027a82a67fcc2e2a3,2.3651515151515152,1.5151515151515151,1.5151515151515151,2.3651515151515152
4677857fdc3b29de5b21,1.7647058823529411,1.5499999999999998,1.5499999999999998,1.7647058823529411
4a31242e342c7abdd075,1.0882352941176472,0.484375,0.484375,1.0882352941176472
77c504169df627c663e7,1.9411764705882353,2.416666666666667,2.416666666666667,1.9411764705882353
b780c34b792395105dcf,0.28125,1.359375,1.359375,0.28125
f48e795adfc789c506e3,1.484375,1.03125,1.03125,1.484375
24bd47158a1be1282663,1.8045454545454547,2.212121212121212,2.212121212121212,1.8045454545454547
31bf2809881471c94c38,1.2874015748031495,1.5393939393939393,1.5393939393939393,1.2874015748031495
9061f608e55dace573dc,1.3772727272727272,1.0905511811023623,1.0905511811023623,1.3772727272727272
a78a61b1fca2274794f0,1.8212121212121213,1.050561797752809,1.050561797752809,1.8212121212121213
345bc491804070766452,1.8194444444444446,0.8996212121212122,0.8996212121212122,1.8194444444444446
021f566ac8c2d59144d4,1.0833333333333335,1.1571969696969697,1.1571969696969697,1.0833333333333335
17bc733154093df0e3c9,1.2794117647058825,1.4583333333333333,1.4583333333333333,1.2794117647058825
1f02ca4db0d015cfc521,2.2058823529411766,2.0555555555555554,2.0555555555555554,2.2058823529411766
22f42a9a38ef368c6fe5,1.0147058823529411,1.1911764705882353,1.1911764705882353,1.0147058823529411
446f304890d46ee4aced,0.8888888888888888,1.3194444444444444,1.3194444444444444,0.8888888888888888
5bf812530aa37a82e357,1.4705882352941178,1.852941176470588,1.852941176470588,1.4705882352941178
f4195018217d63885e70,1.125,2.013888888888889,2.013888888888889,1.125
4442c53d97631bc459f8,1.4305555555555556,0.625,0.625,1.4305555555555556
5ee02987238f7edfab92,1.397058823529412,1.3823529411764706,1.3823529411764706,1.397058823529412
6147ea9ae19d2054c3e1,0.44117647058823534,0.5588235294117647,0.5588235294117647,0.44117647058823534
6aa8c72ce2b209b4d641,2.2777777777777777,0.4558823529411765,0.4558823529411765,2.2777777777777777
87c9caae41bd22b3725d,1.161764705882353,0.9558823529411765,0.9558823529411765,1.161764705882353
ae383f32fdf28c7da2ce,1.7058823529411764,0.7083333333333334,0.7083333333333334,1.7058823529411764
b9d236ea9f3bd8f8e537,0.6026785714285714,0.6805555555555556,0.6805555555555556,0.6026785714285714
bad8181bcff28b0a69bd,1.2916666666666665,0.5803571428571428,0.5803571428571428,1.2916666666666665
bf9c2a0738d62b208ce4,1.1805555555555556,1.861111111111111,1.861111111111111,1.1805555555555556
bfacc06b4a097d1c31db,1.397058823529412,1.8055555555555556,1.8055555555555556,1.397058823529412
c0cf2e0f637e91257f6e,1.838235294117647,2.5588235294117645,2.5588235294117645,1.838235294117647
cc9b3a5384c5ba9df753,1.5120481927710843,1.2734375,1.2734375,1.5120481927710843
d88e808b6b72a3165be3,0.9583333333333334,1.5441176470588236,1.5441176470588236,0.9583333333333334
dd5ef17b0629ffe640f8,2.484375,1.5416666666666667,1.5416666666666667,2.484375
e0fa9eb5acefa046dcac,0.9117647058823529,1.4861111111111112,1.4861111111111112,0.9117647058823529
e44de0474c3be7e97645,1.5,0.6111111111111112,0.6111111111111112,1.5
e5b91beaf6e48102754b,1.421875,0.5555555555555556,0.5555555555555556,1.421875
eff7fe647247324fd98f,1.75,1.0416666666666667,1.0416666666666667,1.75
f705cc3e3be161b7756f,2.700301204819277,1.1370481927710843,1.1370481927710843,2.700301204819277
fa16d69179e6adbf866d,0.685546875,1.5512048192771084,1.5512048192771084,0.685546875
fe01b795371cc0631dc8,2.0441176470588234,1.515625,1.515625,2.0441176470588234
b29b858453dcc547639c,0.9333333333333333,1.7906626506024097,1.7906626506024097,0.9333333333333333
561f0f159be541e73c87,2.2198795180722892,1.109375,1.109375,2.2198795180722892
7c7f6b83a602fd89b88a,1.075,0.4285714285714286,0.4285714285714286,1.075
b55a5ca666977b254bb3,1.3659638554216866,1.279296875,1.279296875,1.3659638554216866
331346f7decd009c6d6c,0.5851063829787235,0.8125,0.8125,0.5851063829787235
9f37a80e96bab2eacedc,1.7921686746987953,1.8087349397590362,1.8087349397590362,1.7921686746987953
9a97ad4cec8aaca7ab68,1.2647058823529411,0.9166666666666666,0.9166666666666666,1.2647058823529411
bb6dc223eef52abd3c16,1.0406626506024095,1.355421686746988,1.355421686746988,1.0406626506024095
0975cf215e25a4ee3c34,0.5789473684210527,0.8088235294117647,0.8088235294117647,0.5789473684210527
3fbd49a3eed9bb76b02e,1.0,0.9003759398496242,0.9003759398496242,1.0
7c47fefb4ff2803f18c0,1.3157894736842106,2.0789473684210527,2.0789473684210527,1.3157894736842106
b0ea5cdcfb1415d87fe8,1.276315789473684,0.6666666666666666,0.6666666666666666,1.276315789473684
ce3f664ef8c4e5d315cb,1.0526315789473686,0.5877192982456141,0.5877192982456141,1.0526315789473686
fae84a7719483671d70d,1.7916666666666667,1.3026315789473684,1.3026315789473684,1.7916666666666667
6be4f9a8290eed09281b,1.776315789473684,1.174812030075188,1.174812030075188,1.776315789473684
371a1d3ac5bfbb3c0926,0.8888888888888888,0.8421052631578947,0.8421052631578947,0.8888888888888888
5806ae9217eeed74e0a1,0.5894736842105263,1.4444444444444444,1.4444444444444444,0.5894736842105263
a0541028c5e97bdf0ad4,0.8947368421052632,0.7916666666666666,0.7916666666666666,0.8947368421052632
bc1434edfac95bec42f6,0.7633928571428571,0.6578947368421053,0.6578947368421053,0.7633928571428571
6e937a85401f0f354bef,1.0789473684210527,0.8157894736842105,0.8157894736842105,1.0789473684210527
5f3d30d77cfd5f55e6e1,0.8194444444444444,1.0,1.0,0.8194444444444444
10ad4a39b498a7dc3399,1.1921641791044775,1.0250000000000001,1.0250000000000001,1.1921641791044775
50b0b69696b7b804845e,1.652777777777778,1.3055555555555556,1.3055555555555556,1.652777777777778
6a3185870b2b61fb3a75,0.9750000000000001,1.3,1.3,0.9750000000000001
8bbcfa75a59167bb5289,0.41666666666666674,1.152777777777778,1.152777777777778,0.41666666666666674
9217668d5d47aa2f96bc,1.0972222222222223,1.7794117647058822,1.7794117647058822,1.0972222222222223
a64518a2f52866fffc97,0.9473684210526316,0.8194444444444444,0.8194444444444444,0.9473684210526316
f6eaf8fadc0dc355a1d6,0.675,1.0,1.0,0.675
1633fc095c24e95ee17c,1.1085271317829457,2.3569277108433737,2.3569277108433737,1.1085271317829457
17ff22daa1d640178fea,1.4861111111111112,1.9264705882352942,1.9264705882352942,1.4861111111111112
33454eb2a331cedf2d8f,1.8157894736842106,1.8611111111111112,1.8611111111111112,1.8157894736842106
340fcfd05d991d457b6e,1.8947368421052633,1.25,1.25,1.8947368421052633
3ac462bb1efeacd7f3e5,0.7236842105263158,0.9875,0.9875,0.7236842105263158
3bd62c524b30f4c00088,0.618421052631579,0.6171875,0.6171875,0.618421052631579
3d94e4c8169c4785d7f2,2.4722222222222223,0.37500000000000006,0.37500000000000006,2.4722222222222223
429784b84c3f1e2ba952,0.3833333333333333,1.0329341317365268,1.0329341317365268,0.3833333333333333
478ebf804273545e4a7f,0.5394736842105263,1.1710526315789473,1.1710526315789473,0.5394736842105263
50e228773c067c374630,1.2083333333333333,1.7916666666666667,1.7916666666666667,1.2083333333333333
575f00371c75bdfd20f3,0.6336206896551724,1.868421052631579,1.868421052631579,0.6336206896551724
5e00bf7886b96273c542,1.0828313253012047,2.212574850299401,2.212574850299401,1.0828313253012047
6a5a00945753d07b068b,1.2916666666666665,2.263888888888889,2.263888888888889,1.2916666666666665
6cd81510e84e6cbdc014,1.225,0.8157894736842105,0.8157894736842105,1.225
6dd9f42a324738b8de9a,1.8055555555555556,1.618421052631579,1.618421052631579,1.8055555555555556
801c7f008916f8dc4835,2.025,1.375,1.375,2.025
93e764cf7a79c671aa9e,1.4342105263157894,2.111111111111111,2.111111111111111,1.4342105263157894
95b7906fcf45e71484f6,1.6052631578947367,0.5694444444444444,0.5694444444444444,1.6052631578947367
a660a207143f67e691dc,1.2771317829457365,1.5,1.5,1.2771317829457365
a7c1c32fb3c50986cbee,0.7105263157894737,1.4444444444444444,1.4444444444444444,0.7105263157894737
aa9faf8a47ff64df60f0,1.9342105263157894,1.2777777777777777,1.2777777777777777,1.9342105263157894
c8dc15bdb0bb9b779696,0.736111111111111,2.3289473684210527,2.3289473684210527,0.736111111111111
ccaba6d810c1a17e097c,1.125,1.1805555555555556,1.1805555555555556,1.125
ccd4382ce7a1f8be601b,0.9027777777777778,1.1805555555555556,1.1805555555555556,0.9027777777777778
d2422fff0177a8485362,1.4473684210526316,1.2916666666666665,1.2916666666666665,1.4473684210526316
d8792d36a74607162eb6,1.0394736842105263,1.1176470588235294,1.1176470588235294,1.0394736842105263
e73a4e316a5d4e6d3daa,1.355263157894737,1.6625,1.6625,1.355263157894737
fb547d9563b8314d1e93,1.411764705882353,1.2638888888888888,1.2638888888888888,1.411764705882353
fc8c4dc0ec00d626cc23,1.0416666666666667,2.5294117647058822,2.5294117647058822,1.0416666666666667
3372e6c9f6179e8f94f2,1.561377245508982,0.9587912087912087,0.9587912087912087,1.561377245508982
2ff5b66a8115e1355991,1.1362275449101795,1.3637724550898205,1.3637724550898205,1.1362275449101795
a940311451dcea82347f,0.8620689655172413,0.7675438596491228,0.7675438596491228,0.8620689655172413
8ddee64516773ab707b6,0.9011194029850746,0.5862068965517241,0.5862068965517241,0.9011194029850746
1a1748d0d7b8a40c6f67,1.778443113772455,2.6901197604790417,2.6901197604790417,1.778443113772455
7d65417b6622e289e4b9,1.2906976744186047,1.8008982035928143,1.8008982035928143,1.2906976744186047
dd167c367296a327e745,1.7964071856287425,0.6782945736434108,0.6782945736434108,1.7964071856287425
c3524edb2deb0cfcc83c,0.8888888888888888,1.3088235294117647,1.3088235294117647,0.8888888888888888
e0ab7921c683a58bc253,1.3667664670658681,1.098901098901099,1.098901098901099,1.3667664670658681
28c5d6cbbc29169ddcc0,1.1710526315789473,1.8947368421052633,1.8947368421052633,1.1710526315789473
2d95990d09dc2e017e22,1.652777777777778,2.539473684210526,2.539473684210526,1.652777777777778
4748cb33cc7e3b900f78,1.2894736842105263,1.7874999999999999,1.7874999999999999,1.2894736842105263
6de87fdf6a0e230615b2,2.052631578947368,0.75,0.75,2.052631578947368
764b4cd0a6dc68301e81,1.2875,1.5789473684210527,1.5789473684210527,1.2875
d44cb2b18e1e9ceb0db8,1.1428571428571428,0.614406779661017,0.614406779661017,1.1428571428571428
1b1687aa9e9d84c2dbef,1.6578947368421053,1.4124999999999999,1.4124999999999999,1.6578947368421053
34b043fc9fcfc7f5cf05,1.2976190476190477,0.6309523809523809,0.6309523809523809,1.2976190476190477
5b3e44fc5dca4b8af198,1.107142857142857,0.7236842105263158,0.7236842105263158,1.107142857142857
5e2e3525e7ae2a9cf418,0.9880952380952381,1.3333333333333333,1.3333333333333333,0.9880952380952381
ad7711d2a40152ba51c0,2.2624999999999997,0.9605263157894738,0.9605263157894738,2.2624999999999997
c58347b57b205d8be1a4,0.9473684210526316,1.7125,1.7125,0.9473684210526316
d2e1d90e259e453526a5,1.2916666666666665,1.2105263157894737,1.2105263157894737,1.2916666666666665
f89d8460b3f7fc32ae55,2.6726190476190474,1.5505952380952381,1.5505952380952381,2.6726190476190474
04ff25a62727200227f0,0.8103448275862069,0.9185185185185185,0.9185185185185185,0.8103448275862069
0b2ce50575e2ce2db7e7,1.5394736842105263,1.526315789473684,1.526315789473684,1.5394736842105263
11fca3ad2840755b1081,0.31578947368421056,1.2236842105263157,1.2236842105263157,0.31578947368421056
17da28805a5e3b17e517,1.263157894736842,0.48749999999999993,0.48749999999999993,1.263157894736842
22f2519b109425e1c659,1.25,0.9500000000000001,0.9500000000000001,1.25
29d25f95fec2d96fc585,2.3157894736842106,0.8875000000000001,0.8875000000000001,2.3157894736842106
2aaf3d634aab015519b4,1.1447368421052633,1.5375,1.5375,1.1447368421052633
3abe3f50e1bd8de3c623,1.2105263157894737,0.4473684210526315,0.4473684210526315,1.2105263157894737
45a14f4d6ff492773cd7,1.9500000000000002,1.275,1.275,1.9500000000000002
45c0796dbab55cb76430,0.5720338983050848,2.083333333333333,2.083333333333333,0.5720338983050848
4e64ad78c227d6f24b38,1.3526785714285716,1.3645833333333333,1.3645833333333333,1.3526785714285716
5018f0ff7f6311f917a1,0.75,1.1907407407407409,1.1907407407407409,0.75
56419065b89c707a641d,1.8055555555555556,1.118421052631579,1.118421052631579,1.8055555555555556
56d9121f353c92614127,0.513157894736842,1.8875,1.8875,0.513157894736842
76e0438dc5dd6c6bad10,1.4342105263157894,0.8947368421052632,0.8947368421052632,1.4342105263157894
8b917e3dc5e5cafe5539,1.5148809523809526,0.5625,0.5625,1.5148809523809526
a65d523247f1c8538fb0,1.2638888888888888,1.3888888888888888,1.3888888888888888,1.2638888888888888
ba4ec0a6a75d479fdd49,1.9342105263157896,1.7,1.7,1.9342105263157896
cd085d7d4c51895085ce,0.6469072164948453,0.7375,0.7375,0.6469072164948453
df58317230b689854d9a,1.023809523809524,0.9761904761904763,0.9761904761904763,1.023809523809524
e1437b8858b1f3ffa907,0.9836956521739131,1.278846153846154,1.278846153846154,0.9836956521739131
e90a3dbb5cfed95ea1bf,1.5125,0.6625000000000001,0.6625000000000001,1.5125
f974d5599df93a3b56d4,1.3611111111111112,1.3421052631578947,1.3421052631578947,1.3611111111111112
ff35410a3ffd60d6f7c4,1.7380952380952381,0.5625,0.5625,1.7380952380952381
b397ce3078d80d777647,2.205357142857143,1.150297619047619,1.150297619047619,2.205357142857143
3caba1b9376c76ba923d,1.0978260869565217,1.7872023809523812,1.7872023809523812,1.0978260869565217
b3266b8da0b85fb9367a,1.025297619047619,1.2596153846153846,1.2596153846153846,1.025297619047619
c948fa136a4a5210a5e5,0.6634615384615385,1.1076923076923078,1.1076923076923078,0.6634615384615385
e2e3ca334383701751d8,1.8095238095238095,1.0823353293413174,1.0823353293413174,1.8095238095238095
96b7fda81792657d9b2b,1.2857142857142858,0.8432203389830509,0.8432203389830509,1.2857142857142858
4802d4c58253e396632b,2.348802395209581,1.8110119047619049,1.8110119047619049,2.348802395209581
1aa9e563e44954c32617,2.5833333333333335,0.8421052631578947,0.8421052631578947,2.5833333333333335
3bd76e3db01bf4dd4d62,1.0818452380952381,2.655325443786982,2.655325443786982,1.0818452380952381
22ce4512ae0f893d8036,0.7875,1.2875,1.2875,0.7875
0abf43c678c6bb966c5f,1.1375739644970415,1.1263440860215055,1.1263440860215055,1.1375739644970415
0e1964de55499721c16c,0.875,0.7923728813559322,0.7923728813559322,0.875
18faf5854e69fcb07373,1.5606508875739644,1.529585798816568,1.529585798816568,1.5606508875739644
2ee5e564fcc8068970ab,1.3250000000000002,2.2023809523809526,2.2023809523809526,1.3250000000000002
31332262859bce8ad338,1.1068702290076335,1.8047337278106508,1.8047337278106508,1.1068702290076335
36f04d03b9eb3a941272,0.75,0.9659090909090908,0.9659090909090908,0.75
3934a1b2250b0a7dfd44,1.55,1.1624999999999999,1.1624999999999999,1.55
44e422d3ec241fff23f6,0.8452380952380952,1.55,1.55,0.8452380952380952
46b77b6bd90160a62b58,1.0795454545454546,1.2272727272727273,1.2272727272727273,1.0795454545454546
4b219552d54420a8dce3,1.3624260355029585,0.666030534351145,0.666030534351145,1.3624260355029585
5295734838a8e940e135,0.8214285714285714,1.4166666666666667,1.4166666666666667,0.8214285714285714
5e71638381af643a8a41,1.7976190476190474,2.375,2.375,1.7976190476190474
5f70ba1cf7c996d883e7,0.6583333333333333,1.2045454545454546,1.2045454545454546,0.6583333333333333
6265621764c5cdab9665,1.4318181818181819,1.7045454545454544,1.7045454545454544,1.4318181818181819
6912849fe3755bcd1771,1.85,1.273809523809524,1.273809523809524,1.85
6a27f35c00d5eed2ee05,0.44047619047619047,0.5375,0.5375,0.44047619047619047
6cfd53ff18a079207cb1,0.9356617647058825,0.6760204081632653,0.6760204081632653,0.9356617647058825
6e39a525136f1a0b1cb0,1.7958579881656807,1.010752688172043,1.010752688172043,1.7958579881656807
8233b804a0ba4f642b25,1.511904761904762,0.35,0.35,1.511904761904762
830091a1468f540a850b,1.325,1.5375,1.5375,1.325
89246ca21a8f93f4dc07,1.2125,1.1842105263157894,1.1842105263157894,1.2125
98395fbf89c18517dedd,1.857142857142857,2.15,2.15,1.857142857142857
9c6a73c4497c665a930b,1.4166666666666667,1.618421052631579,1.618421052631579,1.4166666666666667
9ded14064b7fd29d6cce,1.6375,1.6710526315789473,1.6710526315789473,1.6375
a0aa4415cfdfdbb2cae8,0.6625,1.4000000000000001,1.4000000000000001,0.6625
ab7b8efaa7227aed8a00,0.7976190476190477,1.825,1.825,0.7976190476190477
c07f342f63e84989808e,2.1363636363636362,1.8452380952380951,1.8452380952380951,2.1363636363636362
c0a88b5ad6fcb105aa00,0.9625000000000001,1.3125,1.3125,0.9625000000000001
c30bd39d13ef65b10e16,1.8452380952380951,1.4249999999999998,1.4249999999999998,1.8452380952380951
c85bc42fb1027ff2d168,2.4625000000000004,1.3421052631578947,1.3421052631578947,2.4625000000000004
cf14d16f796330f1d5fd,0.4125,2.6184210526315788,2.6184210526315788,0.4125
d272ad2f567169850277,1.7738095238095237,1.1973684210526316,1.1973684210526316,1.7738095238095237
dad313a8f57c50ce9d21,1.369047619047619,0.5583333333333333,0.5583333333333333,1.369047619047619
dad55e83b5eafa0fa678,0.5833333333333333,1.0227272727272727,1.0227272727272727,0.5833333333333333
e7b80246145f44442b61,1.25,1.375,1.375,1.25
f16ecb7127d52456df4b,1.4868421052631577,1.2125,1.2125,1.4868421052631577
fcdfa192572b517593f1,0.6785714285714285,0.6666666666666666,0.6666666666666666,0.6785714285714285
03cbd55057ee10bc3bb4,0.8875,1.0795454545454544,1.0795454545454544,0.8875
4c87b79a1bbd3cb7a0d3,1.772189349112426,1.0414201183431953,1.0414201183431953,1.772189349112426
2613da9d862b9dbf0bad,1.2442748091603053,2.357142857142857,2.357142857142857,1.2442748091603053
f2d7a8a64c539fd58467,1.2113970588235294,0.9204545454545454,0.9204545454545454,1.2113970588235294
b3b761d9c751fb93bca0,1.265267175572519,1.3505917159763314,1.3505917159763314,1.265267175572519
2d9ca4759d5a3439da3d,0.4705882352941177,2.2159763313609466,2.2159763313609466,0.4705882352941177
15578ea0ef051c7ee445,1.4130434782608694,1.0652173913043477,1.0652173913043477,1.4130434782608694
27a4d53d708aaa21513a,0.825,0.5,0.5,0.825
2b3bc44e364d8671002a,0.8068181818181818,1.4880952380952381,1.4880952380952381,0.8068181818181818
323cf8fa2eb8e0493eed,1.0,0.6024590163934427,0.6024590163934427,1.0
380e84b44eef374bf2c2,2.5238095238095237,1.4880952380952381,1.4880952380952381,2.5238095238095237
524c2476bb0784ca469c,0.8688524590163934,0.6641414141414141,0.6641414141414141,0.8688524590163934
b263fe49817601d4821d,1.7613636363636365,1.1124999999999998,1.1124999999999998,1.7613636363636365
42f5461c66056eae7b04,2.6455882352941176,1.231060606060606,1.231060606060606,2.6455882352941176
01665baaa875a24c3ec3,0.8214285714285714,1.2934782608695652,1.2934782608695652,0.8214285714285714
0777e9d9c7b8c737873b,1.6,1.6547619047619049,1.6547619047619049,1.6
09cf18a01f16b10c6387,2.0869565217391304,0.8586956521739131,0.8586956521739131,2.0869565217391304
1302df00c7515f530067,0.369047619047619,2.2023809523809526,2.2023809523809526,0.369047619047619
2910afefc8700dfaff7f,1.0558823529411765,1.7838235294117648,1.7838235294117648,1.0558823529411765
2a8e71ed17864785cecc,0.7727272727272727,1.3125,1.3125,0.7727272727272727
3658ce6285308438a3f5,1.6704545454545454,1.511904761904762,1.511904761904762,1.6704545454545454
3f6780ae0f02ac4be853,1.3095238095238095,2.25,2.25,1.3095238095238095
52569e1786b4f9bc6755,1.4318181818181819,1.5250000000000001,1.5250000000000001,1.4318181818181819
5b466ce002e1940d76bd,1.1547619047619049,2.428571428571429,2.428571428571429,1.1547619047619049
5d6079ac7db416ebd0a9,1.75,1.5625,1.5625,1.75
62acec9081bd573baeb8,1.2954545454545454,1.1521739130434783,1.1521739130434783,1.2954545454545454
62bedc8ce22a67957dfd,0.5113636363636365,0.7840909090909092,0.7840909090909092,0.5113636363636365
789aa247abf9c5f3d5df,0.6434426229508197,1.3369565217391304,1.3369565217391304,0.6434426229508197
85a9a21abd4ed145bd47,0.6190476190476191,1.4047619047619047,1.4047619047619047,0.6190476190476191
8883e89405295c5ff18a,1.2261904761904763,0.875,0.875,1.2261904761904763
9bf834b446b26f456055,0.6363636363636365,0.8333333333333334,0.8333333333333334,0.6363636363636365
a9b1a80053890c03c67d,0.7142857142857143,1.4166666666666667,1.4166666666666667,0.7142857142857143
b44d9fb20283870d111d,0.5681818181818181,1.6428571428571428,1.6428571428571428,0.5681818181818181
c9511ef558f43249ae17,1.25,2.6625,2.6625,1.25
cbe5feee0587491ed645,1.125,1.1231060606060608,1.1231060606060608,1.125
d09038116b247c3426d0,1.5,1.119047619047619,1.119047619047619,1.5
d46fdb6a7e18826de644,1.7261904761904763,1.3636363636363635,1.3636363636363635,1.7261904761904763
d4fe980e7171c5f72513,1.0345744680851066,1.081360946745562,1.081360946745562,1.0345744680851066
d5fe350cc19bad2bf5c1,0.8928571428571429,1.2375,1.2375,0.8928571428571429
ddfb419bf4b365acf2e8,0.7065217391304348,1.8068181818181819,1.8068181818181819,0.7065217391304348
e245be2836fcef45b3fa,1.75,1.5,1.5,1.75
e62f7892da26369077f5,0.7727272727272727,0.48809523809523814,0.48809523809523814,0.7727272727272727
e97d6c9e3f0c4391f5e7,1.6931818181818183,1.273809523809524,1.273809523809524,1.6931818181818183
eaaa9c5c3a6576b9a9ad,0.6590909090909091,1.136764705882353,1.136764705882353,0.6590909090909091
3b4c0a6df49b429a6057,2.363905325443787,1.3735294117647059,1.3735294117647059,2.363905325443787
2e2e92dda175ca4c08c0,1.2281021897810218,1.173913043478261,1.173913043478261,1.2281021897810218
3f92964234897d6d7753,0.9543795620437956,1.673913043478261,1.673913043478261,0.9543795620437956
1a5f263987488196294f,1.3485294117647058,1.5470588235294118,1.5470588235294118,1.3485294117647058
e73c16437a798054e7a6,1.7926470588235295,0.4305555555555555,0.4305555555555555,1.7926470588235295
316324b4684d2a1a5008,1.5426470588235295,1.7588235294117647,1.7588235294117647,1.5426470588235295
cb6804cb21efb9eadf43,1.4523809523809523,1.7857142857142858,1.7857142857142858,1.4523809523809523
a6e9018fe75429fb14e1,1.3958333333333333,0.4673913043478261,0.4673913043478261,1.3958333333333333
f9dcb93b3a4cd585ea73,0.8155737704918032,0.9999999999999999,0.9999999999999999,0.8155737704918032
6142b0f5f93e4fde1658,0.9021739130434783,1.282608695652174,1.282608695652174,0.9021739130434783
0c3861ce261e2ef8a256,1.1458333333333335,0.75,0.75,1.1458333333333335
16e58902c10d12587c81,0.625,1.715909090909091,1.715909090909091,0.625
183314cadeca4a01a15d,1.3571428571428572,0.782608695652174,0.782608695652174,1.3571428571428572
36892b4f27cb241e63da,2.5833333333333335,1.7282608695652175,1.7282608695652175,2.5833333333333335
3a271a1529b909c2a192,1.7173913043478262,1.2427536231884058,1.2427536231884058,1.7173913043478262
4575cbe837f41753942b,1.7272727272727273,0.5681818181818181,0.5681818181818181,1.7272727272727273
4d819cce4820a1f442d6,1.1145833333333333,1.3333333333333333,1.3333333333333333,1.1145833333333333
534bd5f1e90da4df4391,1.5978260869565217,0.7738095238095238,0.7738095238095238,1.5978260869565217
55da9edc3b3dd7d1748e,0.880952380952381,0.5326086956521738,0.5326086956521738,0.880952380952381
59c356212b285742017a,1.0454545454545454,0.39772727272727276,0.39772727272727276,1.0454545454545454
5d7eed39588062d8bd08,2.477272727272727,1.8068181818181819,1.8068181818181819,2.477272727272727
5eb20b59e5b54deaf106,1.5357142857142858,1.5869565217391304,1.5869565217391304,1.5357142857142858
5f873d9312f5365e5cee,1.4166666666666667,0.75,0.75,1.4166666666666667
6bafbff40a3cc5d3bba0,1.2613636363636365,0.8152173913043478,0.8152173913043478,1.2613636363636365
7246c9b32ddce3c66223,1.5909090909090908,1.2159090909090908,1.2159090909090908,1.5909090909090908
7d623e120394f11d7732,1.715909090909091,0.782608695652174,0.782608695652174,1.715909090909091
86f095a58f9f1b52a4f5,1.5,0.8181818181818181,0.8181818181818181,1.5
89a3bb053a8a5085c727,2.293478260869565,1.5869565217391306,1.5869565217391306,2.293478260869565
94745d90a68104d4815c,1.107142857142857,1.3369565217391304,1.3369565217391304,1.107142857142857
add2bae75aee9d2202d7,0.5113636363636364,1.2386363636363635,1.2386363636363635,0.5113636363636364
b0219bde307b709a3532,0.6088709677419355,0.6290322580645162,0.6290322580645162,0.6088709677419355
c038f6753ccdfd4d13ae,0.9583333333333334,0.9547101449275363,0.9547101449275363,0.9583333333333334
c1a63ba7989453a7e4fb,1.1666666666666665,0.8709677419354839,0.8709677419354839,1.1666666666666665
c48fba99835e925fce5c,1.3977272727272727,2.3977272727272725,2.3977272727272725,1.3977272727272727
c610c2524298a7af1209,1.2826086956521738,1.641304347826087,1.641304347826087,1.2826086956521738
d9f30e087fddd9a53365,1.2976190476190477,1.6630434782608696,1.6630434782608696,1.2976190476190477
f031ec3cb7e63561cdb6,1.630952380952381,1.511904761904762,1.511904761904762,1.630952380952381
704641ff0a4c51c0d514,2.222058823529412,1.2632575757575757,1.2632575757575757,2.222058823529412
c0f3ac0c7a3c569f521a,1.6458333333333335,0.8125,0.8125,1.6458333333333335
f3500334b0ff049d89ca,0.6675,1.9895833333333333,1.9895833333333333,0.6675
29b2bb20f7c9cfa02a4a,1.465909090909091,1.375,1.375,1.465909090909091
79b0d34e6d845eb823e1,1.8522727272727273,1.0795454545454546,1.0795454545454546,1.8522727272727273
38635df1181e1d1b5ea0,0.9126984126984128,1.32,1.32,0.9126984126984128
632b89474b4a66bf8481,1.554093567251462,1.7792397660818713,1.7792397660818713,1.554093567251462
6e1cd0026c734c843167,0.7916666666666667,0.4239130434782609,0.4239130434782609,0.7916666666666667
9b146e2ae8183279d2b7,0.7717391304347827,0.5217391304347826,0.5217391304347826,0.7717391304347827
b51d9591993fa583d6f1,0.9550359712230216,1.6875,1.6875,0.9550359712230216
cbd0cc985dc13ef7f403,0.4895833333333333,0.9600000000000001,0.9600000000000001,0.4895833333333333
f8b905a78f3076e351fa,0.9166666666666666,1.7173913043478262,1.7173913043478262,0.9166666666666666
8ce3916abae009a1013f,1.5208333333333335,1.565217391304348,1.565217391304348,1.5208333333333335
099473df946e5c1c4423,1.14,0.6507936507936508,0.6507936507936508,1.14
0d0eea47147ac76c7734,0.5326086956521738,1.576086956521739,1.576086956521739,0.5326086956521738
1d094883541014915dc7,1.218045112781955,1.543859649122807,1.543859649122807,1.218045112781955
38fef076bf1bdfd347d6,1.0720588235294117,1.1236842105263158,1.1236842105263158,1.0720588235294117
409ce76ac942bdf86dce,2.5113636363636367,1.2386363636363638,1.2386363636363638,2.5113636363636367
554a3fbfa0e3188166a9,1.8043478260869565,1.5681818181818181,1.5681818181818181,1.8043478260869565
5d7d353cfcbbdd8f051c,1.5909090909090908,1.6979166666666665,1.6979166666666665,1.5909090909090908
5f44d243dfd631be485f,1.7934782608695652,1.6136363636363635,1.6136363636363635,1.7934782608695652
62aad877484030e55e9c,1.05,1.3800000000000001,1.3800000000000001,1.05
6a8b1ecca2042ca27de7,0.7272727272727273,1.65625,1.65625,0.7272727272727273
6f5c7fb6dc7faf20a590,1.2045454545454546,2.147727272727273,2.147727272727273,1.2045454545454546
795afe126d9ca4e670a9,1.2282608695652175,2.434782608695652,2.434782608695652,1.2282608695652175
79ab5d1dc4e8a43536cc,1.21875,1.42,1.42,1.21875
7ddb66e09f53febe0583,1.6145833333333333,1.7291666666666667,1.7291666666666667,1.6145833333333333
87832d10aa410db5f3e2,1.0,1.0999999999999999,1.0999999999999999,1.0
8797871b303b5c620a76,1.0434782608695652,2.1875,2.1875,1.0434782608695652
8e196d7484bb4ee1c799,0.5869565217391305,0.8181818181818181,0.8181818181818181,0.5869565217391305
9037a3e7290b358b99c6,0.7291666666666666,1.2065217391304348,1.2065217391304348,0.7291666666666666
94ea687fd6cca9704e50,0.7604166666666666,1.7100000000000002,1.7100000000000002,0.7604166666666666
97f7fef11af5b575858b,1.2410071942446042,0.77,0.77,1.2410071942446042
ac6e69d972bee10d60fc,0.6584158415841584,0.7943548387096775,0.7943548387096775,0.6584158415841584
cc27ca6cac231758362d,0.8863636363636364,1.1956521739130437,1.1956521739130437,0.8863636363636364
cd1faffda196dc1a3e14,1.7792397660818713,1.1491228070175439,1.1491228070175439,1.7792397660818713
dcc1c6e1be926a5706f5,1.5454545454545454,1.326086956521739,1.326086956521739,1.5454545454545454
ee95f19b59b3150cd96e,1.25,0.6522556390977443,0.6522556390977443,1.25
f409aef6042e0839453f,1.3409090909090908,1.2708333333333335,1.2708333333333335,1.3409090909090908
fd70fa5ff7d2314c4847,1.358187134502924,2.6505847953216373,2.6505847953216373,1.358187134502924
017bde626c3b174e3c43,2.22953216374269,1.3464912280701755,1.3464912280701755,2.22953216374269
eb27af0acfd4629c154c,0.5921052631578947,1.1221804511278195,1.1221804511278195,0.5921052631578947
b321a5605c58f7b29521,1.5652173913043477,1.7826086956521738,1.7826086956521738,1.5652173913043477
dbf5f5e36ec443874e70,0.8913043478260869,2.04,2.04,0.8913043478260869
6561136d550dbe976a8b,1.7456140350877194,2.375,2.375,1.7456140350877194
068e1c5c99c263fc54c0,0.6150793650793651,1.0999999999999999,1.0999999999999999,0.6150793650793651
111d389fd03ea75cab0a,1.0605263157894738,1.0555555555555556,1.0555555555555556,1.0605263157894738
3018b5f74ce12816fc8d,2.097826086956522,2.375,2.375,2.097826086956522
2aa87ffd0aa3c9f617d1,0.9239130434782608,2.510869565217391,2.510869565217391,0.9239130434782608
fbb1b185026aab2e2ddc,1.6195652173913044,1.1956521739130435,1.1956521739130435,1.6195652173913044
fdf4789a62b3dd121857,1.8645833333333333,0.86,0.86,1.8645833333333333
2dedcd3ff1312e273e0c,2.6569767441860463,1.2723880597014925,1.2723880597014925,2.6569767441860463
a23141fa8fac5452a334,1.1458333333333333,1.7747093023255816,1.7747093023255816,1.1458333333333333
e4efe03bf33bcba3f037,1.1212686567164178,1.3459302325581395,1.3459302325581395,1.1212686567164178
14aa8d3b11863d770fc6,1.0,0.51,0.51,1.0
5760037b45afc80dbab4,0.7777777777777777,0.77,0.77,0.7777777777777777
e91027b02efb28f972a9,2.3669590643274856,1.0885416666666667,1.0885416666666667,2.3669590643274856
16b33f1e6a144da45197,1.0450581395348837,1.5639534883720931,1.5639534883720931,1.0450581395348837
25d03ca464b428d3925d,1.1482558139534882,1.207089552238806,1.207089552238806,1.1482558139534882
e6180b5e52a2d2d49a55,1.5537790697674418,1.064327485380117,1.064327485380117,1.5537790697674418
30ca867a23454708c47b,0.84375,1.61,1.61,0.84375
b6643f8582b0d0722a7e,1.7674418604651163,2.2223837209302326,2.2223837209302326,1.7674418604651163
51e6516c1197b0f56c23,1.3444767441860463,0.6125,0.6125,1.3444767441860463
a5914fc259b4b456fcdf,2.23,0.5,0.5,2.23
fa9b5db7963a434594b6,0.6380597014925373,1.741279069767442,1.741279069767442,0.6380597014925373
c7e108d0f28eb02662b2,1.2708333333333335,0.84,0.84,1.2708333333333335
2fe79f6e34b5be3fdcb7,2.0865384615384617,0.9714285714285714,0.9714285714285714,2.0865384615384617
494ad7abcf0a58920479,1.1826923076923077,0.5288461538461539,0.5288461538461539,1.1826923076923077
68f5fa82a9a576f9581a,1.6500000000000001,1.2826086956521738,1.2826086956521738,1.6500000000000001
7ae7cfdb7c38023fef5d,1.3076923076923077,0.778846153846154,0.778846153846154,1.3076923076923077
b5d55071893ae779e1e5,0.7788461538461539,1.21,1.21,0.7788461538461539
b7255c4b8c3f58af55ec,1.1443298969072164,1.5765895953757225,1.5765895953757225,1.1443298969072164
bd76a10c67deb44b8c83,1.6458333333333335,0.9895833333333334,0.9895833333333334,1.6458333333333335
db8f85446d93dad7179e,2.145833333333333,1.21875,1.21875,2.145833333333333
e04e22a6abd9b593ab20,1.6458333333333333,0.5520833333333334,0.5520833333333334,1.6458333333333333
81778c4d9a77a5651988,1.26,0.89,0.89,1.26
046723025d859d126ad4,1.6923076923076923,1.0,1.0,1.6923076923076923
07b16207b7c0732ee25f,1.5434782608695652,1.2916666666666667,1.2916666666666667,1.5434782608695652
0bc76ba8e3a017b09947,0.78125,1.0,1.0,0.78125
23a011a408b9f188f322,1.1618497109826589,1.356936416184971,1.356936416184971,1.1618497109826589
277107683ebd9455a7b4,1.6826923076923077,0.78,0.78,1.6826923076923077
32b048bd54c619c4a2bc,0.39583333333333337,0.6630434782608695,0.6630434782608695,0.39583333333333337
3f694d6bad292ca182cc,0.8437500000000001,1.9130434782608696,1.9130434782608696,0.8437500000000001
45fb63850a1b000b44ba,1.1354166666666667,0.8653846153846154,0.8653846153846154,1.1354166666666667
46b97cdc3042886a872b,1.83,0.65625,0.65625,1.83
56275e96d046e4206a8b,2.359011627906977,1.2703703703703704,1.2703703703703704,2.359011627906977
64af208f480fdb3ba7c8,1.74,0.8750000000000001,0.8750000000000001,1.74
737047eebe4b1ce928ec,1.4519230769230769,1.0865384615384617,1.0865384615384617,1.4519230769230769
76b22cdef83768c00e62,1.1521739130434783,1.326086956521739,1.326086956521739,1.1521739130434783
8076964421e187269110,2.27,1.6630434782608696,1.6630434782608696,2.27
8bc1bb528a64be92853a,1.0217391304347825,1.68,1.68,1.0217391304347825
8bc53c048f9fc5a80784,0.48958333333333337,1.53125,1.53125,0.48958333333333337
95b7c7e8b1961dabf81d,1.125,1.46875,1.46875,1.125
9c8fe6d4175cc0a4487b,1.1111111111111112,1.1944444444444444,1.1944444444444444,1.1111111111111112
9f3a88abd1cd2bfe81f9,0.69140625,0.6838235294117647,0.6838235294117647,0.69140625
a5ec4f58f1955f9a291f,1.62,1.7708333333333333,1.7708333333333333,1.62
a633c699b6b1c4dc423e,1.5104166666666667,1.44,1.44,1.5104166666666667
a9e0c07d98756cee51ca,1.5326086956521738,2.5729166666666665,2.5729166666666665,1.5326086956521738
aaecc72eb67e0be20c8e,1.2272727272727273,1.8541666666666667,1.8541666666666667,1.2272727272727273
d42647ba85adf540ed65,1.096153846153846,0.6015625,0.6015625,1.096153846153846
e3ef797098a991e96d06,1.7916666666666667,1.0,1.0,1.7916666666666667
f296944f3ab72de85d6b,0.9615384615384617,0.9140625,0.9140625,0.9615384615384617
f79b5c39e7642ed767cc,1.2604166666666667,2.5652173913043477,2.5652173913043477,1.2604166666666667
35df6b23d999093cb670,1.5635838150289016,2.2283236994219653,2.2283236994219653,1.5635838150289016
cf919f43985f2c5bab84,1.403846153846154,1.2392857142857143,1.2392857142857143,1.403846153846154
e3eef2b02ee98c293828,0.6296296296296297,1.0876288659793814,1.0876288659793814,0.6296296296296297
e945b3a8575140585158,1.7557803468208093,1.056686046511628,1.056686046511628,1.7557803468208093
eaf5d46e2749a4a8904b,1.356936416184971,1.7514450867052025,1.7514450867052025,1.356936416184971
359d3907bba3968d715d,2.6473988439306355,0.5595238095238095,0.5595238095238095,2.6473988439306355
cbccf586a2c1aecd35ee,1.0346820809248556,1.7702312138728322,1.7702312138728322,1.0346820809248556
035d336c88c793529852,0.7111650485436893,1.2314814814814816,1.2314814814814816,0.7111650485436893
039f74c97c94e01ba7fd,0.42,1.2395833333333333,1.2395833333333333,0.42
296599df382ab4807169,1.2592592592592593,0.8703703703703703,0.8703703703703703,1.2592592592592593
2d23f84ad4a32a455807,1.21,0.9423076923076923,0.9423076923076923,1.21
2f6f9545e8df848ed675,1.2,0.99,0.99,1.2
39717fc6dd83712b1942,1.4479166666666667,1.3260869565217392,1.3260869565217392,1.4479166666666667
52f0468e80a3518fa5d9,0.6076923076923078,1.0833333333333333,1.0833333333333333,0.6076923076923078
880b84a581ebae995d2e,0.9153846153846152,1.6111111111111112,1.6111111111111112,0.9153846153846152
9f65af6c0d454f3cf625,2.0462962962962963,0.9444444444444444,0.9444444444444444,2.0462962962962963
a2094c0f3d2b18bf770a,1.1666666666666665,1.6203703703703705,1.6203703703703705,1.1666666666666665
a7a6f95b147a7f5ef9e5,1.0925925925925926,0.8230769230769232,0.8230769230769232,1.0925925925925926
b570feb1158b62024bf1,1.4583333333333335,1.51,1.51,1.4583333333333335
452636e93f318eb9670b,0.8888888888888888,1.1538461538461537,1.1538461538461537,0.8888888888888888
160c6b2d92a6d7f42b1c,0.9629629629629629,0.875,0.875,0.9629629629629629
927193c1765821c33f52,1.388888888888889,1.3240740740740742,1.3240740740740742,1.388888888888889
f53df6e20e3ffc03e7d2,0.6730769230769231,1.2570921985815604,1.2570921985815604,0.6730769230769231
769b66e85591d245e86b,0.9716312056737589,0.5,0.5,0.9716312056737589
8d56b66ddb30c1ed8d62,2.59375,2.1346153846153846,2.1346153846153846,2.59375
cdf3f035a4aca6a3f6e0,0.9629629629629629,0.9687499999999999,0.9687499999999999,0.9629629629629629
913d4c57d82b39407ab9,0.8303571428571429,0.735576923076923,0.735576923076923,0.8303571428571429
0118274b041ab440ac52,1.1607142857142858,0.9107142857142857,0.9107142857142857,1.1607142857142858
40e4a5bb5219cb79c146,1.4423076923076923,2.1,2.1,1.4423076923076923
61a5461de983bad38841,1.9791666666666667,1.3800000000000001,1.3800000000000001,1.9791666666666667
79144e20a7aedaf42d28,1.1785714285714284,0.6553030303030303,0.6553030303030303,1.1785714285714284
df0dcf67a2e69f140069,2.61,1.71,1.71,2.61
e0dcc51c203f249de250,1.1481481481481481,0.5946969696969697,0.5946969696969697,1.1481481481481481
e69929dacba8cc51997c,1.5833333333333335,0.51,0.51,1.5833333333333335
02c861efadcef212e418,0.9017857142857143,0.8928571428571429,0.8928571428571429,0.9017857142857143
042a80cfd94f3c3b1dda,0.9903846153846154,1.3365384615384617,1.3365384615384617,0.9903846153846154
080e73c874e42e760c9f,0.52,1.40625,1.40625,0.52
09081a968bd3d9d0b177,0.9444444444444445,1.7115384615384615,1.7115384615384615,0.9444444444444445
1df09abc92d3de82c540,1.069364161849711,1.3692528735632183,1.3692528735632183,1.069364161849711
2139cf9c55f4fe51f9db,1.1096938775510203,1.1709183673469388,1.1709183673469388,1.1096938775510203
2e0fe0566af10cb5f045,0.6770833333333334,1.6923076923076923,1.6923076923076923,0.6770833333333334
34f79bdfa882f863727a,1.5632183908045978,0.6231617647058824,0.6231617647058824,1.5632183908045978
4e977a2beaa5c39c65c8,2.221264367816092,1.0258620689655173,1.0258620689655173,2.221264367816092
4ea74915bed8bd504f79,0.6100000000000001,1.53,1.53,0.6100000000000001
5999ee4068dfea7ff95c,0.9270833333333334,1.8846153846153846,1.8846153846153846,0.9270833333333334
6c848885ee343f8445b8,1.68,1.62,1.62,1.68
74081e4aaf9723dd6c5f,0.4375,2.0892857142857144,2.0892857142857144,0.4375
7c496feadbd2e21c3db1,1.6785714285714286,1.169642857142857,1.169642857142857,1.6785714285714286
7d8e7f3127d8c2f58d73,1.76,1.2,1.2,1.76
851b32554a759bed2f35,1.4000000000000001,1.8699999999999999,1.8699999999999999,1.4000000000000001
85d57fa17ba931b27249,0.8461538461538461,2.307692307692308,2.307692307692308,0.8461538461538461
887235e7ce78f163822e,0.46590909090909094,2.3656069364161847,2.3656069364161847,0.46590909090909094
88960f17411743236ec8,1.2604166666666667,1.653846153846154,1.653846153846154,1.2604166666666667
9431f7ed5eff7c51eb1a,1.423076923076923,1.07,1.07,1.423076923076923
9ad8b14c8730c91c18c5,1.21875,0.79,0.79,1.21875
9d8a7caf6cd70485f399,1.5446428571428572,1.375,1.375,1.5446428571428572
9efe629b08c0c9eb50c0,0.9800000000000001,1.18,1.18,0.9800000000000001
c14d88a17845672c5bd9,1.7403846153846154,1.49,1.49,1.7403846153846154
cda91fbff788b3c63e77,1.3800000000000001,0.5288461538461539,0.5288461538461539,1.3800000000000001
dab0ba389fdc18ddcdcf,0.8068181818181819,1.25,1.25,0.8068181818181819
e357897a3f3ac2a03507,1.21,1.1923076923076923,1.1923076923076923,1.21
ed007b2fbf077ebdb4ad,1.3125,1.330357142857143,1.330357142857143,1.3125
f824399329cd9895a2bc,0.9722222222222223,0.8939393939393939,0.8939393939393939,0.9722222222222223
fcb7d771e01e2579b5b9,0.6200000000000001,1.2019230769230769,1.2019230769230769,0.6200000000000001
3ceed70c70639da0ea89,1.7801724137931034,2.6580459770114944,2.6580459770114944,1.7801724137931034
1a3b96e7accd45dad0c5,1.1819852941176472,1.7442528735632183,1.7442528735632183,1.1819852941176472
5fc68ea982239627b78b,1.2573529411764706,1.175287356321839,1.175287356321839,1.2573529411764706
fe424dab0700ff51309a,1.346264367816092,1.5603448275862069,1.5603448275862069,1.346264367816092
b72d3a83eb15a7408967,1.7385057471264367,1.1286764705882353,1.1286764705882353,1.7385057471264367
63e2db859f781aa53694,1.272887323943662,0.994718309859155,0.994718309859155,1.272887323943662
0c4f05a610a08ab589d4,1.2232142857142856,0.9017857142857144,0.9017857142857144,1.2232142857142856
12bdb1c55f1100815d05,1.6923076923076923,1.1296296296296295,1.1296296296296295,1.6923076923076923
18df911407231f6a0ef2,1.2692307692307692,0.9166666666666666,0.9166666666666666,1.2692307692307692
4c174b8fbd9c992a4bdf,0.92,1.6826923076923077,1.6826923076923077,0.92
4f6b31c1cfc853b064d5,2.480769230769231,1.34,1.34,2.480769230769231
50291002d4541b1772cc,1.21,1.3425925925925926,1.3425925925925926,1.21
5606995a61a4bc980300,0.7980769230769231,1.0446428571428572,1.0446428571428572,0.7980769230769231
5e5c01c79d46a61f7cb6,0.576923076923077,1.759259259259259,1.759259259259259,0.576923076923077
5ec76a7e0b244eb6c182,1.278846153846154,1.02,1.02,1.278846153846154
63202512911cf91ac249,0.923076923076923,1.5961538461538463,1.5961538461538463,0.923076923076923
694f7247d74a5f762809,1.5833333333333333,2.2592592592592595,2.2592592592592595,1.5833333333333333
6b9858a70acf4116261e,0.8518518518518519,1.5092592592592593,1.5092592592592593,0.8518518518518519
82e03725adc90d34a705,1.2980769230769231,1.4351851851851851,1.4351851851851851,1.2980769230769231
9986428fd0be24f61b1f,0.5865384615384616,1.7884615384615385,1.7884615384615385,0.5865384615384616
9a09c31363a22c8c8e6b,0.6153846153846154,1.3076923076923077,1.3076923076923077,0.6153846153846154
9cc76479caf334453036,1.3846153846153848,1.471153846153846,1.471153846153846,1.3846153846153848
c981b77aa14da6e0aa67,1.596153846153846,0.6388888888888888,0.6388888888888888,1.596153846153846
d8502511c82d994d9a3b,0.625,1.8365384615384615,1.8365384615384615,0.625
dea1336d67d1dfefdf39,0.9017857142857144,1.3653846153846154,1.3653846153846154,0.9017857142857144
e87fac93423e92725bfc,1.34,2.0925925925925926,2.0925925925925926,1.34
ea0b855dcaf9e73c6ec4,0.63,1.51,1.51,0.63
ed9fdde1d2ca1e538554,1.94,1.8055555555555556,1.8055555555555556,1.94
6238a9707b0f321dd607,2.53,2.0096153846153846,2.0096153846153846,2.53
b61fa3099c75f7125253,1.7685185185185186,1.1730769230769231,1.1730769230769231,1.7685185185185186
ea365b41855083dce285,1.2413793103448276,1.4827586206896552,1.4827586206896552,1.2413793103448276
17ed5acf640cc7469263,0.7052238805970149,0.7910447761194029,0.7910447761194029,0.7052238805970149
3c28504b8a84deaf31fb,1.5555555555555556,1.2685185185185186,1.2685185185185186,1.5555555555555556
5d2b0d6249f6d81336ad,1.4396551724137931,1.1551724137931034,1.1551724137931034,1.4396551724137931
5fbb12d91f52f9a3a0c2,0.9402985074626865,0.4568965517241379,0.4568965517241379,0.9402985074626865
9ca20f04acaa13f304da,1.0535714285714286,1.4134615384615385,1.4134615384615385,1.0535714285714286
acb61e8a112acdf4e3cf,0.7321428571428571,1.5178571428571428,1.5178571428571428,0.7321428571428571
b42f4ff79c597195e5d5,1.3599999999999999,1.0858585858585859,1.0858585858585859,1.3599999999999999
c52db2efb60489a879f4,1.8888888888888888,1.201923076923077,1.201923076923077,1.8888888888888888
0173ae0ebab96f0f7c6c,1.1186131386861313,1.5742857142857143,1.5742857142857143,1.1186131386861313
032b40636f354c6cb268,1.1111111111111112,0.9230769230769231,0.9230769230769231,1.1111111111111112
0e26d179270514b15ea3,1.0192307692307692,1.712962962962963,1.712962962962963,1.0192307692307692
0f94c1eaf2f79a4e3eaf,1.6666666666666665,1.3796296296296298,1.3796296296296298,1.6666666666666665
21adbdd60982f7badca8,2.294642857142857,0.5833333333333334,0.5833333333333334,2.294642857142857
3378b06f4679eb93e4e2,1.9259259259259258,0.8035714285714286,0.8035714285714286,1.9259259259259258
34aed6c822d4673cf83b,1.3660714285714286,1.212962962962963,1.212962962962963,1.3660714285714286
3a4bd4b474bae16c36ee,0.9137931034482758,0.9310344827586207,0.9310344827586207,0.9137931034482758
3c9c933cc4a49a31ded4,1.4351851851851851,1.8303571428571428,1.8303571428571428,1.4351851851851851
41fc05f031430bda8482,1.3303571428571428,1.3055555555555556,1.3055555555555556,1.3303571428571428
4d6006763ac37d0e8932,1.129310344827586,0.5925925925925926,0.5925925925925926,1.129310344827586
551f704a86dc7deeb6f8,2.373563218390805,1.202020202020202,1.202020202020202,2.373563218390805
673513f7ff8390f39f58,1.5803571428571428,1.527777777777778,1.527777777777778,1.5803571428571428
6a9a3e5965b65f1101f2,0.7214285714285714,0.8620689655172413,0.8620689655172413,0.7214285714285714
81ce0e1ff5b643d85f4a,0.9947552447552448,0.8620689655172413,0.8620689655172413,0.9947552447552448
8357c18ddb64d72c108b,1.4230769230769231,0.5555555555555556,0.5555555555555556,1.4230769230769231
89969465a849df850e1f,0.614963503649635,0.41304347826086957,0.41304347826086957,0.614963503649635
8aebc45fe9e60bf7570e,2.0089285714285716,0.7307692307692308,0.7307692307692308,2.0089285714285716
8de714c3045296b353cb,0.9741379310344827,1.2709790209790208,1.2709790209790208,0.9741379310344827
94329cc31a1fa50dd7b5,1.3189655172413792,1.103448275862069,1.103448275862069,1.3189655172413792
bb6f721ecd9bdcfc3035,1.7767857142857144,0.8620689655172413,0.8620689655172413,1.7767857142857144
c4e82cd59d1e2977eb3d,1.8425925925925926,1.903846153846154,1.903846153846154,1.8425925925925926
c6422f0842fdf23a2879,0.582089552238806,1.3879310344827585,1.3879310344827585,0.582089552238806
c85b72d798b685a4d82c,1.6574074074074074,2.3703703703703707,2.3703703703703707,1.6574074074074074
cb1e01cb4522e73ba3b2,1.1970802919708028,1.081896551724138,1.081896551724138,1.1970802919708028
e0095939ca8a44a589e8,1.8125,1.7777777777777777,1.7777777777777777,1.8125
e6904465a510967c352c,1.277777777777778,0.75,0.75,1.277777777777778
edae2ed9ac323d83b7f4,1.4423076923076923,0.5462962962962963,0.5462962962962963,1.4423076923076923
edb7d2d9e5739e70c373,1.2672413793103448,1.293103448275862,1.293103448275862,1.2672413793103448
edf0207ac313d40bacfd,1.3796296296296298,2.5576923076923075,2.5576923076923075,1.3796296296296298
fd0254a3021b0c9dab89,1.5571428571428572,1.0185714285714287,1.0185714285714287,1.5571428571428572
a5d07c2e3cbc7797bbff,1.7328571428571429,1.2718978102189782,1.2718978102189782,1.7328571428571429
d7ee4e4c8fcd31e73d74,1.167142857142857,1.7471428571428573,1.7471428571428573,1.167142857142857
2396e826592db1ae9436,1.0,0.8703703703703703,0.8703703703703703,1.0
ef0ea214ddd736e44a05,2.662857142857143,2.2271428571428573,2.2271428571428573,2.662857142857143
5aab3f639ba3c0669a09,2.0517241379310347,1.6120689655172413,1.6120689655172413,2.0517241379310347
67b6afc20ff4ed337ef4,1.3442857142857143,1.7671428571428571,1.7671428571428571,1.3442857142857143
4757615d06baec97411c,1.2410714285714286,1.6339285714285714,1.6339285714285714,1.2410714285714286
5f0b4861f323a5743367,0.6607142857142857,1.0092592592592593,1.0092592592592593,0.6607142857142857
7e7c1bd88b3ca58e2b34,1.5416666666666667,1.2166666666666666,1.2166666666666666,1.5416666666666667
bbf3a62013c96e86462d,1.1500000000000001,0.9947916666666666,0.9947916666666666,1.1500000000000001
d31c285c01175392664f,1.2951388888888888,1.3916666666666666,1.3916666666666666,1.2951388888888888
6c4b807d1dde6f6a46b6,1.8793103448275863,1.4910714285714286,1.4910714285714286,1.8793103448275863
cf8e41360fb918a3a3e6,0.8879310344827587,1.3796296296296298,1.3796296296296298,0.8879310344827587
019297adcb72c6b25375,1.5,1.8620689655172413,1.8620689655172413,1.5
8998b078a523644ffdac,1.5,1.6428571428571428,1.6428571428571428,1.5
99c699df2e8a3aa17e2f,0.7757352941176471,2.091666666666667,2.091666666666667,0.7757352941176471
9f94419477e38b6bfecc,1.375,0.9227941176470588,0.9227941176470588,1.375
dd24d530ea3c9959c6c9,0.8666666666666667,1.7678571428571428,1.7678571428571428,0.8666666666666667
dd751cb7ed3eb0404328,1.7678571428571428,1.225,1.225,1.7678571428571428
1223857b4c670e36bbe9,0.5982142857142857,1.353448275862069,1.353448275862069,0.5982142857142857
1abbdc3ec34c71c433fb,0.8250000000000001,0.7426470588235294,0.7426470588235294,0.8250000000000001
403e0dfe02319a487d4d,0.6428571428571428,1.3214285714285714,1.3214285714285714,0.6428571428571428
43da13ed0f5a08aadafe,0.5357142857142857,1.4051724137931034,1.4051724137931034,0.5357142857142857
45ce57170352ab174ba0,0.7053571428571429,1.6120689655172413,1.6120689655172413,0.7053571428571429
4c2dc7e8a58c344691f9,1.3660714285714286,0.7413793103448275,0.7413793103448275,1.3660714285714286
54863c5b86db688cc633,0.6944444444444444,1.5172413793103448,1.5172413793103448,0.6944444444444444
59debf91cc6c96822619,1.5892857142857142,1.8482142857142856,1.8482142857142856,1.5892857142857142
82aa9ef68968b093948c,1.0892857142857144,1.75,1.75,1.0892857142857144
87aa671e7f9063119baa,1.2327586206896552,1.375,1.375,1.2327586206896552
b281a7df5d78678f4960,1.9537037037037037,0.9722222222222223,0.9722222222222223,1.9537037037037037
cb6559120d53e975c4b1,2.3214285714285716,1.3571428571428572,1.3571428571428572,2.3214285714285716
e291d64d3fc2fddc657b,1.3392857142857144,1.3518518518518519,1.3518518518518519,1.3392857142857144
ec2a4bb36ea678a3082c,1.1481481481481481,1.0625,1.0625,1.1481481481481481
ef8e79c44d2b5c5ae5df,0.6293103448275863,1.9375,1.9375,0.6293103448275863
ffa9cfd1671d053b7a5b,0.8666666666666667,0.7452830188679245,0.7452830188679245,0.8666666666666667
d9839abe57e3a7aac041,1.05,1.4249999999999998,1.4249999999999998,1.05
0e0a52fd10480e38d563,0.6120689655172414,2.5833333333333335,2.5833333333333335,0.6120689655172414
145543268280f996daa6,1.3214285714285714,1.7053571428571428,1.7053571428571428,1.3214285714285714
1646865737d2d6c35e5a,1.4285714285714286,0.6637931034482759,0.6637931034482759,1.4285714285714286
1bbaa6f11c2595862338,0.9732142857142857,1.8189655172413792,1.8189655172413792,0.9732142857142857
392d18010e0903762813,1.1048387096774195,0.8306451612903225,0.8306451612903225,1.1048387096774195
3a2fc8d4d0ec9b7384f3,0.8833333333333334,0.8306451612903226,0.8306451612903226,0.8833333333333334
3c5e400106dc43d13019,1.282258064516129,1.3306451612903225,1.3306451612903225,1.282258064516129
3c7cadc85e4becc17c23,1.3189655172413792,1.1551724137931034,1.1551724137931034,1.3189655172413792
43afc2458f9447245ccb,1.0803571428571428,2.232758620689655,2.232758620689655,1.0803571428571428
60b02e68047773008b24,1.9083333333333332,0.9642857142857144,0.9642857142857144,1.9083333333333332
63a8fe62728556166a31,1.3103448275862069,0.7789855072463767,0.7789855072463767,1.3103448275862069
700ca25878ac4cf51c31,1.6666666666666667,1.9196428571428572,1.9196428571428572,1.6666666666666667
7191ebd5d10a71c0d5bd,0.5086206896551724,1.1810344827586208,1.1810344827586208,0.5086206896551724
88a5e2b6f74b437683b8,1.267241379310345,1.353448275862069,1.353448275862069,1.267241379310345
96495a6a4784c9dc9c7e,0.9482758620689655,1.706896551724138,1.706896551724138,0.9482758620689655
f9f3ea5f6d79aee6ca14,1.4285714285714286,0.6607142857142857,0.6607142857142857,1.4285714285714286
6c57115e61d79ef3cbf4,0.7327586206896552,1.5689655172413792,1.5689655172413792,0.7327586206896552
8aaa1619a7147082326c,1.1916666666666667,0.7463768115942029,0.7463768115942029,1.1916666666666667
a33184783ff1626c01ec,2.3800000000000003,1.0985714285714285,1.0985714285714285,2.3800000000000003
063060c5a252095218b5,1.3225806451612903,1.120967741935484,1.120967741935484,1.3225806451612903
643af3d3befc65191859,0.5882352941176471,2.056451612903226,2.056451612903226,0.5882352941176471
b03c6f51fb6475b80992,1.3583333333333332,0.55,0.55,1.3583333333333332
c28843f5c6642fa48b0b,0.8916666666666667,1.0103448275862068,1.0103448275862068,0.8916666666666667
ea2bd049abe175c5d859,0.9916666666666667,1.3709677419354838,1.3709677419354838,0.9916666666666667
0c19a35d3b8422d6bb34,1.4838709677419355,0.9565217391304348,0.9565217391304348,1.4838709677419355
0f7de03c9b8a437264bd,1.5499999999999998,0.7686915887850467,0.7686915887850467,1.5499999999999998
3002c97802b478186e1c,1.9913793103448276,1.7413793103448276,1.7413793103448276,1.9913793103448276
5a3f932ee1393b86dd68,1.7755681818181817,1.3423295454545454,1.3423295454545454,1.7755681818181817
9fb4265317229ad655b3,0.8359375,1.234375,1.234375,0.8359375
02df4a1da018d3dd5764,2.0517241379310347,0.9666666666666668,0.9666666666666668,2.0517241379310347
070d2c0aaf29b17044e4,2.237215909090909,1.1811594202898552,1.1811594202898552,2.237215909090909
2102a81bab4ae5b446ad,1.4375,0.8467741935483871,0.8467741935483871,1.4375
23fd8c930c4bca93a5cf,1.675,1.9827586206896552,1.9827586206896552,1.675
484ecfb06312fb9720ba,0.90625,1.1015625,1.1015625,0.90625
53c1bd0257e72311d07b,1.4666666666666666,1.7916666666666667,1.7916666666666667,1.4666666666666666
7216d9358760264e3159,0.9913793103448276,0.5583333333333333,0.5583333333333333,0.9913793103448276
a8adf621ccdca3c606ed,1.0273972602739727,1.2580645161290323,1.2580645161290323,1.0273972602739727
11b32f126b5ebe1e82ff,0.9083333333333333,1.3620689655172415,1.3620689655172415,0.9083333333333333
13a8a336cfdfb5fa3747,1.2583333333333333,1.55,1.55,1.2583333333333333
1eb7f7c1c9a2cb26e346,0.7321428571428572,0.846774193548387,0.846774193548387,0.7321428571428572
2425b5228eacdcbf9519,0.6612903225806451,1.546875,1.546875,0.6612903225806451
2d4efb3b5524335681b3,0.38541666666666663,1.5454545454545456,1.5454545454545456,0.38541666666666663
2dcc79aa5f482de56f91,0.7939814814814815,0.572463768115942,0.572463768115942,0.7939814814814815
30956d4ce64e57ae620f,0.7535714285714286,1.4838709677419355,1.4838709677419355,0.7535714285714286
3ecbf0dd9e9b1ff1bb4f,1.3416666666666666,1.7758620689655171,1.7758620689655171,1.3416666666666666
3f048c103733ad70d7d0,1.185,0.6340579710144927,0.6340579710144927,1.185
43185c5dcc02dda3766e,0.75,0.9655172413793103,0.9655172413793103,0.75
497a1d847c0e39e28390,1.4224137931034484,0.4833333333333333,0.4833333333333333,1.4224137931034484
4b99b4d6e2a5efbef4f3,1.8189655172413794,1.4416666666666667,1.4416666666666667,1.8189655172413794
4e71fe9abeca013bd568,1.078125,0.9435483870967741,0.9435483870967741,1.078125
5376a218e9609a3f8583,1.225,1.2758620689655171,1.2758620689655171,1.225
62b4bf36b6c21fef34af,1.5887096774193548,1.0775862068965518,1.0775862068965518,1.5887096774193548
66e04e8ee48af26951b0,1.5639204545454546,2.6420454545454546,2.6420454545454546,1.5639204545454546
772ae885c9f2dbbacc1a,1.879032258064516,1.2053571428571428,1.2053571428571428,1.879032258064516
77a30eaef6169ee1c71f,1.2666666666666666,0.675,0.675,1.2666666666666666
8cacbbe5fa80bd47090c,1.1225,1.1340579710144927,1.1340579710144927,1.1225
adf9e7c9188c675bcde6,1.25,1.3416666666666666,1.3416666666666666,1.25
b4ff94e6b1ef9b1889d8,0.9357142857142858,1.282258064516129,1.282258064516129,0.9357142857142858
b501ddf73d0be3c83de8,1.390625,1.3828125,1.3828125,1.390625
b704bc44b941697900c2,1.5689655172413792,2.191666666666667,2.191666666666667,1.5689655172413792
c9e5efa0b4afc0f54fff,1.217741935483871,0.8306451612903226,0.8306451612903226,1.217741935483871
d9a5c8c881f77c6a211f,1.413793103448276,1.3,1.3,1.413793103448276
e1a853808067756d7f16,2.25,0.7586206896551724,0.7586206896551724,2.25
e5f5042b1743a4d15e78,0.9310344827586208,0.5916666666666668,0.5916666666666668,0.9310344827586208
e6d7ecd0ec4d76af4cfb,1.575,0.7416666666666667,0.7416666666666667,1.575
eadc6ebedb0003a2e6bd,1.259057971014493,1.3352272727272727,1.3352272727272727,1.259057971014493
eb76aeb579c12435172a,1.7583333333333333,2.6339285714285716,2.6339285714285716,1.7583333333333333
fd15111696c7ad6f085b,1.8666666666666667,1.25,1.25,1.8666666666666667
7e579ff73afb55d32e6d,1.0980113636363635,1.1803977272727273,1.1803977272727273,1.0980113636363635
83de72bf9d5827a65026,1.0326704545454546,2.3721590909090913,2.3721590909090913,1.0326704545454546
6d6fea6d42b9a22da8de,1.734375,1.7428977272727273,1.7428977272727273,1.734375
a2b17a2095cba6b3f696,2.1015625,1.3287671232876712,1.3287671232876712,2.1015625
3cfdf5f27ea04b313c89,1.2903225806451613,1.2416666666666667,1.2416666666666667,1.2903225806451613
9cca4287bd1142cea4fd,1.05,2.2083333333333335,2.2083333333333335,1.05
a9466d691db3bdd69c71,1.8666666666666667,0.7096774193548387,0.7096774193548387,1.8666666666666667
ac303e1f903fa42fb93e,2.025,1.3583333333333332,1.3583333333333332,2.025
bf4c78e7e646d45c5288,1.2734375,1.25,1.25,1.2734375
d6a935b67f1f0af3fbc1,1.4083333333333334,1.9166666666666665,1.9166666666666665,1.4083333333333334
d75530628cd9de002697,1.1465517241379308,0.7666666666666667,0.7666666666666667,1.1465517241379308
dfd731bedfe6a3d721e2,0.7096774193548387,1.35,1.35,0.7096774193548387
e945ace28cde43218ffa,1.8250000000000002,2.1,2.1,1.8250000000000002
fbe56c022c966f3266ff,1.7258064516129032,0.685483870967742,0.685483870967742,1.7258064516129032
3026add59ba3403f1096,2.3771186440677967,1.542372881355932,1.542372881355932,2.3771186440677967
290d042f166a7cbe36e2,0.625,0.5607142857142857,0.5607142857142857,0.625
33995f78f7151d0366e4,1.4296875,1.4242424242424243,1.4242424242424243,1.4296875
148d31e6f12014c73dbe,1.3333333333333333,1.0272108843537413,1.0272108843537413,1.3333333333333333
1a09c42491503cb5f517,1.2733812949640289,1.169064748201439,1.169064748201439,1.2733812949640289
29606360d5988cabea36,1.3870967741935485,1.2096774193548387,1.2096774193548387,1.3870967741935485
37a97059ac48ff864e5e,2.2338709677419355,0.65625,0.65625,2.2338709677419355
3f3bd8a17189fa621271,1.2651515151515151,0.7803030303030303,0.7803030303030303,1.2651515151515151
a1a7e4550ced7debc71b,0.8515625,2.0303030303030303,2.0303030303030303,0.8515625
bcd27ae264ec6c892d98,0.8515625,0.6363636363636364,0.6363636363636364,0.8515625
c5a29d914accdb8958ae,1.1774193548387097,1.5703125,1.5703125,1.1774193548387097
e4519d67a33fa652df6b,1.7231638418079096,1.1101694915254239,1.1101694915254239,1.7231638418079096
e65e230177384d40413e,2.6551724137931036,1.6048387096774193,1.6048387096774193,2.6551724137931036
01747cdbed646cb2e300,0.90625,1.3629032258064515,1.3629032258064515,0.90625
08fa1eacb5170e9b560c,0.6854838709677419,1.8870967741935485,1.8870967741935485,0.6854838709677419
41cdc066b42154daf4a8,1.870967741935484,1.629032258064516,1.629032258064516,1.870967741935484
43d9e53e89f182fc1b77,0.7890625,1.3671875,1.3671875,0.7890625
530bb2d8989617acc90d,1.3416666666666668,1.2419354838709677,1.2419354838709677,1.3416666666666668
561794179774e0683d13,1.326271186440678,2.244350282485876,2.244350282485876,1.326271186440678
574a38d0a8dc85618b1f,1.751412429378531,0.41000000000000003,0.41000000000000003,1.751412429378531
592af74601ac5a5498f0,1.6129032258064515,1.7916666666666667,1.7916666666666667,1.6129032258064515
609de6d6ce2dacc3ddee,1.3181818181818181,0.9848484848484848,0.9848484848484848,1.3181818181818181
661f338f0e08bb1dc95d,1.075,0.5,0.5,1.075
6bd26a867454292096de,1.606060606060606,1.0303030303030303,1.0303030303030303,1.606060606060606
6de151a174354ee7bb3d,0.9112903225806451,1.911290322580645,1.911290322580645,0.9112903225806451
6f787941b6464d8e47a1,1.172316384180791,1.1492805755395683,1.1492805755395683,1.172316384180791
89989df9408aa4b56125,0.7741935483870968,1.3306451612903225,1.3306451612903225,0.7741935483870968
8e1425953f1137a9638e,1.0,0.9193548387096774,0.9193548387096774,1.0
90e014c03b51a94f0ae5,1.0666666666666667,1.693548387096774,1.693548387096774,1.0666666666666667
92c3079b3457a5084d4b,1.0254237288135593,1.2079207920792079,1.2079207920792079,1.0254237288135593
95d6a669f0680fc54b0d,1.2424242424242424,1.446969696969697,1.446969696969697,1.2424242424242424
961e67a6b57c3cc38e73,1.0530303030303032,0.9366197183098591,0.9366197183098591,1.0530303030303032
a1c6031b1bdd03f7777a,1.2580645161290323,1.8387096774193548,1.8387096774193548,1.2580645161290323
af4b16de282cc21c1850,1.7734375,0.8833333333333333,0.8833333333333333,1.7734375
b4ae95189f170ca54732,1.9296875,0.532258064516129,0.532258064516129,1.9296875
c8e684e1c2211a9cdda1,1.3559322033898307,0.6258992805755396,0.6258992805755396,1.3559322033898307
ca599b68e85e57d6be76,1.2983870967741935,0.6796875,0.6796875,1.2983870967741935
cc05ad625631bb71a009,1.0234375,0.7359154929577465,0.7359154929577465,1.0234375
d784b822d6656f0d2925,1.346774193548387,1.5241935483870968,1.5241935483870968,1.346774193548387
e9489b34001fdcc25dcc,1.1416666666666668,2.25,2.25,1.1416666666666668
eba72fef36597954c4ab,1.5,1.171875,1.171875,1.5
faa87b0a72f2be66d947,1.9919354838709677,1.3951612903225805,1.3951612903225805,1.9919354838709677
2386d3e90af3dee4edd3,1.7612994350282487,1.5393258426966292,1.5393258426966292,1.7612994350282487
5fa195201f681ab55ce2,0.5669014084507042,0.7887323943661971,0.7887323943661971,0.5669014084507042
ca328275c6cef0cf57f1,1.1089108910891088,1.5494350282485876,1.5494350282485876,1.1089108910891088
b0fd76674a7407716b21,2.0241935483870965,1.1774193548387097,1.1774193548387097,2.0241935483870965
8b518adf4dc7a04bf039,2.3693820224719104,2.6497175141242937,2.6497175141242937,2.3693820224719104
a10a6452236b3ce44b95,1.3418367346938775,0.8165137614678898,0.8165137614678898,1.3418367346938775
84006c86b62a2f4898f9,1.1936274509803921,1.3707865168539326,1.3707865168539326,1.1936274509803921
d1a9d6fa09bd817209a5,1.1375,1.0379213483146068,1.0379213483146068,1.1375
ddf6904eaf65042cfa4a,1.5488826815642458,1.1853932584269664,1.1853932584269664,1.5488826815642458
022ce9f886b831303bf0,1.8046875,2.6,2.6,1.8046875
4ae3b1ee2dbb74e6bb85,0.9242424242424242,0.8560606060606061,0.8560606060606061,0.9242424242424242
4b5d4f9599ed7ec6ce65,1.4453125,0.9921875,0.9921875,1.4453125
4d6279e7463097b6099a,1.3787878787878787,0.9772727272727272,0.9772727272727272,1.3787878787878787
89e7fee27f0003e2a696,0.8467741935483871,0.65625,0.65625,0.8467741935483871
bcae196d2c251e70b803,1.84375,1.1370967741935485,1.1370967741935485,1.84375
bf70e672a0a3f9b25d83,1.296875,1.0725806451612905,1.0725806451612905,1.296875
dadb493b6fc238d1c35a,1.890625,1.4296875,1.4296875,1.890625
e7414d343d72f1449940,2.2734375,1.4193548387096775,1.4193548387096775,2.2734375
1b5c9d4bf6565b882eab,0.6142857142857143,1.75,1.75,0.6142857142857143
2fa2d13c669e73ad76d0,1.1095505617977528,1.292857142857143,1.292857142857143,1.1095505617977528
5c859cb836ce40ecb60b,2.6320224719101124,1.7626404494382022,1.7626404494382022,2.6320224719101124
afec4785497c78c49af7,0.3653846153846154,1.7191011235955056,1.7191011235955056,0.3653846153846154
d6ffa33eaaa34c1c72ca,2.2303370786516856,1.0955882352941178,1.0955882352941178,2.2303370786516856
8b51da20242a58cd2436,1.5589887640449438,2.375698324022346,2.375698324022346,1.5589887640449438
3515da5813aaf8f50cc1,1.1535714285714285,1.3370786516853932,1.3370786516853932,1.1535714285714285
6216419611c9e7590226,0.515625,1.1171875,1.1171875,0.515625
a435ee27029aead24881,1.963235294117647,1.2647058823529411,1.2647058823529411,1.963235294117647
0739c28fcf5d1ecf2929,1.6796875,2.0625,2.0625,1.6796875
1524e56cd8a3808e1be9,2.2109375,2.629032258064516,2.629032258064516,2.2109375
37047522ed4f65b86769,1.9318181818181817,1.5546875,1.5546875,1.9318181818181817
484888f07a4acee942f2,0.7743055555555556,1.536764705882353,1.536764705882353,0.7743055555555556
893a508a23401e185bed,0.9722222222222222,1.356418918918919,1.356418918918919,0.9722222222222222
99f3046d567fbc0b8c5e,1.8387096774193548,0.6287878787878788,0.6287878787878788,1.8387096774193548
cf895debc6368ee2967a,1.5,1.0073529411764706,1.0073529411764706,1.5
008def012a6006338ab6,0.6212121212121212,1.03125,1.03125,0.6212121212121212
0a16d4147892b63816ff,1.7578125,1.7348484848484849,1.7348484848484849,1.7578125
16874ad6ec09f27796b6,1.1640625,0.9609375,0.9609375,1.1640625
29bf4ffb80df340c8924,1.2348484848484849,2.234848484848485,2.234848484848485,1.2348484848484849
40ff5e0b330841eb5fe6,0.9545454545454545,1.0080645161290325,1.0080645161290325,0.9545454545454545
5ac48f74dcc6ee52f958,1.051470588235294,0.5520833333333334,0.5520833333333334,1.051470588235294
62be482c21c1a6bca025,0.921875,0.8636363636363636,0.8636363636363636,0.921875
68305c7f7b52909998ac,1.3828125,1.203125,1.203125,1.3828125
7b58001f1947cd925797,1.6363636363636362,1.443548387096774,1.443548387096774,1.6363636363636362
838d1fea932333578396,1.9296875,1.356060606060606,1.356060606060606,1.9296875
89106af34d23b26aff60,1.3787878787878787,1.9609375,1.9609375,1.3787878787878787
973f6b9c542d454969e3,1.3984375,1.856060606060606,1.856060606060606,1.3984375
99cb87fe742de9962804,1.5859375,1.203125,1.203125,1.5859375
9e76e889c1bca6fa233d,1.1328125,0.8636363636363636,0.8636363636363636,1.1328125
a91aa64e23a189cac9af,1.3181818181818181,1.5,1.5,1.3181818181818181
abb17456761ca39796f8,0.625,0.734375,0.734375,0.625
b8e949b4c0d2eff11c5b,1.1796875,1.8181818181818181,1.8181818181818181,1.1796875
cabed5313afdde929a53,0.826388888888889,0.9338235294117646,0.9338235294117646,0.826388888888889
cfe321d10829b7300b0f,1.578125,1.40625,1.40625,1.578125
d56212df82f36fd115b6,0.75,1.4411764705882353,1.4411764705882353,0.75
d6af6ad3e95bf1ee968a,0.6515151515151516,0.984375,0.984375,0.6515151515151516
d994b693a046a80aaddf,0.8045454545454545,1.272058823529412,1.272058823529412,0.8045454545454545
ef15f42481cc45e0ffa5,1.7803030303030303,1.359375,1.359375,1.7803030303030303
01a2b583eb940ec3e5a52c99,1.0,0.8,0.8,1.0
661518737b06a29837c1012a,0.08333333333333331,1.0,1.0,0.08333333333333331
dad89025d13abacedbc492ca,0.6363636363636364,-0.5,-0.5,0.6363636363636364
e9fe9351469c6a734cba17b5,1.9000000000000001,0.6590909090909092,0.6590909090909092,1.9000000000000001
0d3616af284e53ec0706,1.0984848484848486,1.1212121212121213,1.1212121212121213,1.0984848484848486
194d3cd4368da0e979b9,1.893939393939394,0.5955882352941175,0.5955882352941175,1.893939393939394
21578318bd64683e7d2e,1.6764705882352942,1.2272727272727273,1.2272727272727273,1.6764705882352942
229ab306c0cc4c1831d1,1.1590909090909092,1.128787878787879,1.128787878787879,1.1590909090909092
428774293882b032ee67,2.1617647058823533,0.5984848484848484,0.5984848484848484,2.1617647058823533
44600dc0f65413c8cf34,1.5,1.2941176470588236,1.2941176470588236,1.5
55d28bf5d901b0d5f5bb,1.551470588235294,1.803030303030303,1.803030303030303,1.551470588235294
58ce40afaf8925e9daf8,0.9242424242424242,0.6176470588235293,0.6176470588235293,0.9242424242424242
6f6fa51d04d79ded2169,1.0757575757575757,1.9015151515151516,1.9015151515151516,1.0757575757575757
79984568310648c1c7e3,2.0303030303030303,1.8235294117647058,1.8235294117647058,2.0303030303030303
81914abe33407a39e810,1.4779411764705883,1.3235294117647058,1.3235294117647058,1.4779411764705883
866cd38ead78616a1e2e,1.393939393939394,1.9705882352941178,1.9705882352941178,1.393939393939394
9b6e37382a88045604e5,1.0606060606060606,1.3484848484848484,1.3484848484848484,1.0606060606060606
a53b5e1f790f612fc419,1.3106060606060606,0.7121212121212122,0.7121212121212122,1.3106060606060606
a6f78ea16296ec69b64a,0.9338235294117647,1.8125,1.8125,0.9338235294117647
bd0e7895e0caa6d53cea,0.6470588235294117,0.8897058823529411,0.8897058823529411,0.6470588235294117
c9c243b4a61a1b89d8e0,1.3455882352941175,1.6911764705882353,1.6911764705882353,1.3455882352941175
ca477b1d32889fc9ed5d,1.8970588235294117,0.9558823529411764,0.9558823529411764,1.8970588235294117
d6b1bdd5d6c3b73c78c4,0.696969696969697,1.2720588235294117,1.2720588235294117,0.696969696969697
dc61bf37ceb6d240106d,1.0472972972972974,0.9264705882352942,0.9264705882352942,1.0472972972972974
eb798648cf62d8c4f085,1.1590909090909092,0.8863636363636364,0.8863636363636364,1.1590909090909092
ee4aad33dfae01da5520,1.875,1.4338235294117647,1.4338235294117647,1.875
f21338a6d523eb8d90f6,0.6397058823529411,1.5606060606060606,1.5606060606060606,0.6397058823529411
f3678fc53f29642ef27f,1.3828125,1.4393939393939394,1.4393939393939394,1.3828125
fa55c96bf37b92077012,1.1102941176470589,1.1985294117647058,1.1985294117647058,1.1102941176470589
fb69288415e1a59d678d,2.6484375,1.6590909090909092,1.6590909090909092,2.6484375
4fbb97d0203f8e6dc142,1.0078125,1.6363636363636362,1.6363636363636362,1.0078125
cb1d978c2f141af97746,0.8676470588235294,2.1363636363636362,2.1363636363636362,0.8676470588235294
12ecc40bf1a38b67972c6099,,0.25,0.25,
4223551ea96c467066c4b44d,,,,
459c7342f30bd60eb69d7822,0.8804347826086957,-0.05555555555555558,-0.05555555555555558,0.8804347826086957
81e21ee9b0b5cf9050c3ef0d,1.6428571428571428,-0.5,-0.5,1.6428571428571428
8677ed916b0e740d2c3d577b,1.5555555555555556,1.9444444444444444,1.9444444444444444,1.5555555555555556
b7eb78470f07eacf47208ccf,1.35,,,1.35
18761d2209563ed9e043efa0,-0.4,1.8676470588235294,1.8676470588235294,-0.4
1a72cbedab02b128fe44ed8a,0.16666666666666666,0.25,0.25,0.16666666666666666
63a1f42e16571fb064df0f9d,1.375,-0.25,-0.25,1.375
6575469c85bec6f7516f269a,1.375,-0.14999999999999997,-0.14999999999999997,1.375
665eac14a7ef77f8382b01ad,,1.6111111111111112,1.6111111111111112,
f33bc14001c446ae39d24141,1.5,1.4264705882352942,1.4264705882352942,1.5
2bcf049ea118c35ce9e8,0.9714285714285713,0.7773972602739725,0.7773972602739725,0.9714285714285713
09dec48acfec8dec29e9,1.6176470588235292,0.6544117647058824,0.6544117647058824,1.6176470588235292
1b45f8195539df87d61a,1.2714285714285716,0.8287671232876712,0.8287671232876712,1.2714285714285716
5a382947e1cb07755396,0.9357142857142856,1.55,1.55,0.9357142857142856
61211cc1e6a3eb0d649d,1.8455882352941178,1.8714285714285714,1.8714285714285714,1.8455882352941178
63ace5bbb0accf50b471,1.838235294117647,1.8308823529411766,1.8308823529411766,1.838235294117647
c95088b3c5d3cd80ee50,2.635474860335196,1.0946601941747571,1.0946601941747571,2.635474860335196
cff3f57a19019c049395,1.5441176470588236,2.1285714285714286,2.1285714285714286,1.5441176470588236
03bfa2bbd0653ba1d492,0.6028368794326241,2.3819444444444446,2.3819444444444446,0.6028368794326241
069b6b6a283a7787cc6c,0.6714285714285715,1.1102941176470587,1.1102941176470587,0.6714285714285715
13a556d90ed803d134af,1.4926470588235294,1.3308823529411766,1.3308823529411766,1.4926470588235294
152fd084003a64053197,1.338235294117647,1.5,1.5,1.338235294117647
19cc17ffe18fb8ada7c8,0.9642857142857142,1.5357142857142858,1.5357142857142858,0.9642857142857142
2c8ee0a5fb5d36373ba6,1.1928571428571428,0.8265765765765765,0.8265765765765765,1.1928571428571428
3136ed15969690ebe830,2.1764705882352944,1.0588235294117647,1.0588235294117647,2.1764705882352944
34c785797802513b4d47,2.0214285714285714,1.0514705882352942,1.0514705882352942,2.0214285714285714
470285620211dd770640,0.6102941176470588,0.9357142857142857,0.9357142857142857,0.6102941176470588
47614fdfc75d1249aa9b,0.9632352941176471,1.1397058823529411,1.1397058823529411,0.9632352941176471
4c34b6e08f18a2af08a9,1.4928571428571429,1.1071428571428572,1.1071428571428572,1.4928571428571429
5444d97aa5ddd9d6f964,0.589041095890411,1.0620805369127517,1.0620805369127517,0.589041095890411
62e9878c1790471b8164,1.3428571428571427,2.553030303030303,2.553030303030303,1.3428571428571427
6a8c8e06176641e58512,1.2857142857142858,1.8142857142857143,1.8142857142857143,1.2857142857142858
6cc35768f0cc0e2295f6,0.6285714285714286,1.0075757575757576,1.0075757575757576,0.6285714285714286
702d1f0efe36db86a8be,0.9571428571428571,1.6214285714285714,1.6214285714285714,0.9571428571428571
767db5eb075363cb5fd4,1.286764705882353,2.0661764705882355,2.0661764705882355,1.286764705882353
7690cd278858877979ad,0.8928571428571428,2.0,2.0,0.8928571428571428
776d3877a1e4e69e1d92,1.4857142857142855,0.6499999999999999,0.6499999999999999,1.4857142857142855
84bf93947cb02f70c923,1.7878787878787878,1.4142857142857144,1.4142857142857144,1.7878787878787878
8ff834e8457101b37fc3,1.7642857142857145,0.9264705882352942,0.9264705882352942,1.7642857142857145
96254f872bc5594e2870,1.2214285714285715,0.6142857142857142,0.6142857142857142,1.2214285714285715
9fb8186704946d7852f0,1.1911764705882353,1.3333333333333333,1.3333333333333333,1.1911764705882353
a3051c065b10c49d66c6,1.2285714285714286,0.9726027397260275,0.9726027397260275,1.2285714285714286
a5acbaba9794da539fed,1.7132352941176472,0.8285714285714285,0.8285714285714285,1.7132352941176472
aaa81b964ca04b3571e9,0.6838235294117647,1.1544117647058825,1.1544117647058825,0.6838235294117647
b7df368d586248981caa,1.6214285714285714,1.4852941176470589,1.4852941176470589,1.6214285714285714
c5f916accdeacfa717e1,1.5214285714285716,0.7214285714285715,0.7214285714285715,1.5214285714285716
dcd4ed29344a95c93242,1.1524822695035462,1.3812849162011172,1.3812849162011172,1.1524822695035462
e647800fcd1c0933022b,0.3425925925925926,1.1997206703910615,1.1997206703910615,0.3425925925925926
f3567d321557a42afb75,1.125,1.3676470588235294,1.3676470588235294,1.125
480fa3eeee0d2287c9ba,1.536111111111111,1.2907801418439717,1.2907801418439717,1.536111111111111
ca439ee18634240b7916,1.1089385474860334,1.0307262569832403,1.0307262569832403,1.1089385474860334
03ee8227a5fcdfd2e95d,1.354026845637584,1.0142857142857142,1.0142857142857142,1.354026845637584
223817564bf73a7cd7dc,1.179611650485437,1.7513966480446927,1.7513966480446927,1.179611650485437
27ead8b4594745e97a97,1.1418439716312057,1.7625698324022345,1.7625698324022345,1.1418439716312057
62c4847e6e816ac0fa41,2.2234636871508378,1.7276536312849162,1.7276536312849162,2.2234636871508378
e211502b0180a9af3049,1.547486033519553,1.3491620111731844,1.3491620111731844,1.547486033519553
18fb4f61e1c929c15b73,1.2916666666666665,0.7804054054054054,0.7804054054054054,1.2916666666666665
27f536ce7c2ec3aed8c0,1.3897058823529411,1.4714285714285715,1.4714285714285715,1.3897058823529411
2f514bc8082b6331445b,1.1875,1.4444444444444444,1.4444444444444444,1.1875
394a6d874740ae0cf492,1.2857142857142858,1.8785714285714286,1.8785714285714286,1.2857142857142858
4b47b00e6eba03d925c5,1.7714285714285716,1.6,1.6,1.7714285714285716
5a1c17eb3c0787f7c94c,1.0033783783783783,1.0816666666666668,1.0816666666666668,1.0033783783783783
72120303959adeb8c568,1.1214285714285714,1.0808823529411766,1.0808823529411766,1.1214285714285714
7ea901704ea3f460f9fb,0.5675675675675675,0.8611111111111112,0.8611111111111112,0.5675675675675675
80b1c694e869db5a98cd,1.7571428571428571,0.9928571428571429,0.9928571428571429,1.7571428571428571
88d88ec1f0a0e6227a76,1.1500000000000001,0.9214285714285714,0.9214285714285714,1.1500000000000001
8bf0317f2351daa2bb14,1.3571428571428572,2.573529411764706,2.573529411764706,1.3571428571428572
adfb03aea438cf47db12,0.6571428571428573,1.4071428571428573,1.4071428571428573,0.6571428571428573
c17354b94bf6dbcb0d64,1.7647058823529411,1.542857142857143,1.542857142857143,1.7647058823529411
c35c2ee93fd0fead7cd5,1.1527777777777777,2.0347222222222223,2.0347222222222223,1.1527777777777777
c790c0eef7fb9f93e405,1.5972222222222223,0.7916666666666666,0.7916666666666666,1.5972222222222223
e1b3111e772ea076ce0f,1.8214285714285714,0.6642857142857143,0.6642857142857143,1.8214285714285714
554e5b3f0347b1b5984d,1.5208333333333335,0.8482142857142858,0.8482142857142858,1.5208333333333335
70f3f5d17d87f8966410,2.1,1.5999999999999999,1.5999999999999999,2.1
197d2fcc063d05f0273e,1.1666666666666667,0.8141891891891893,0.8141891891891893,1.1666666666666667
8d2c3ff4d194d3f7cefb,0.576388888888889,1.076388888888889,1.076388888888889,0.576388888888889
d318e9b77ca8bb7642d0,1.3263888888888888,1.3433333333333335,1.3433333333333335,1.3263888888888888
f7fd4a7d430dc3eac7ef,0.9722222222222221,0.9652777777777777,0.9652777777777777,0.9722222222222221
25110481665dc416b1d6,1.472222222222222,0.9027777777777778,0.9027777777777778,1.472222222222222
d8172965cd022fd3a602,2.0555555555555554,1.4375,1.4375,2.0555555555555554
b179dcafe9067c832845,0.7666666666666666,1.5067567567567568,1.5067567567567568,0.7666666666666666
1241386fdf8a95bfa113,1.340277777777778,1.2777777777777777,1.2777777777777777,1.340277777777778
1b4ef0dd82099f4eca1a,1.0571428571428572,0.6319444444444444,0.6319444444444444,1.0571428571428572
4a703044dac987392a09,1.7916666666666667,1.6041666666666667,1.6041666666666667,1.7916666666666667
82e635da08da432b8295,1.8472222222222223,1.701388888888889,1.701388888888889,1.8472222222222223
9a68fca2c582c8bf9746,1.357615894039735,1.1486486486486487,1.1486486486486487,1.357615894039735
f34077690f6894458739,0.9662162162162161,1.2770270270270272,1.2770270270270272,0.9662162162162161
00d163b6d198870018bb,1.0405405405405406,1.1486486486486487,1.1486486486486487,1.0405405405405406
0359997453a34acaa032,1.0270270270270272,1.0033333333333332,1.0033333333333332,1.0270270270270272
0502528db83d85e6611f,1.0555555555555556,1.298611111111111,1.298611111111111,1.0555555555555556
073859eb03084c166a60,1.3916666666666666,2.6194444444444445,2.6194444444444445,1.3916666666666666
0bdd0090d9de1ededc0b,1.5694444444444446,1.4583333333333335,1.4583333333333335,1.5694444444444446
0c33dea5a78345e901ef,0.7222222222222222,1.9583333333333333,1.9583333333333333,0.7222222222222222
0cee4ba9dfef5ac85a6f,1.4642857142857144,1.8194444444444444,1.8194444444444444,1.4642857142857144
10c5d35d0c345b9879df,1.4932432432432432,0.6033333333333334,0.6033333333333334,1.4932432432432432
2e758ec67155d460aa8a,1.1714285714285715,1.7071428571428573,1.7071428571428573,1.1714285714285715
31157bafcd3af0555c6e,0.8310810810810811,1.4256756756756757,1.4256756756756757,0.8310810810810811
3f310fc8108bf3122f05,0.798611111111111,0.5972222222222222,0.5972222222222222,0.798611111111111
401f2a2c2e647c1ca5bd,1.2142857142857144,1.8611111111111112,1.8611111111111112,1.2142857142857144
40c4ad4198a3cd4007e4,1.1153846153846154,0.3214285714285714,0.3214285714285714,1.1153846153846154
426b79fd389da12788de,1.4027777777777777,1.5416666666666667,1.5416666666666667,1.4027777777777777
5086001506274cdf7d64,1.0,1.0833333333333333,1.0833333333333333,1.0
527ae3773ba43e19bdbb,1.1142857142857143,1.0138888888888888,1.0138888888888888,1.1142857142857143
5969c969e8fbbef3d497,1.4375,1.0763888888888888,1.0763888888888888,1.4375
716a1d8d516fcb947d31,1.8194444444444446,0.5857142857142857,0.5857142857142857,1.8194444444444446
7e5bf4ad457427dea33e,1.1500000000000001,1.2428571428571429,1.2428571428571429,1.1500000000000001
9a7a343c74729c0c2019,1.402777777777778,1.5902777777777777,1.5902777777777777,1.402777777777778
a18925c3c7c6357d5918,2.006756756756757,1.5405405405405406,1.5405405405405406,2.006756756756757
a1abc4ea709d575530d8,1.340277777777778,1.1083333333333334,1.1083333333333334,1.340277777777778
b48c288b7151b3a6bb58,2.0277777777777777,2.142857142857143,2.142857142857143,2.0277777777777777
cbf0c03741f084081514,2.592857142857143,1.0208333333333333,1.0208333333333333,2.592857142857143
d9519b35b1340ed07043,1.3125,1.652777777777778,1.652777777777778,1.3125
dcf547b8b65d19082ad6,0.8466666666666667,0.939189189189189,0.939189189189189,0.8466666666666667
e442c83fdf17d9fe41a8,1.0811258278145697,1.1283783783783785,1.1283783783783785,1.0811258278145697
ed6c2fb516d47086e259,1.0305555555555554,0.5950704225352113,0.5950704225352113,1.0305555555555554
f71bd930f7dca9d497e9,0.638888888888889,1.7083333333333335,1.7083333333333335,0.638888888888889
fde2768fa14b8f797e79,0.8648648648648649,0.6486486486486487,0.6486486486486487,0.8648648648648649
feede7f4e56c8837ab4e,1.2071428571428573,0.6458333333333334,0.6458333333333334,1.2071428571428573
b4496784f5aa5242a680,1.2799295774647887,1.1778846153846154,1.1778846153846154,1.2799295774647887
7952d440a2ef63720638,0.8495575221238939,1.3445945945945945,1.3445945945945945,0.8495575221238939
604766937ff77421e7e1,1.7472222222222222,1.1426056338028168,1.1426056338028168,1.7472222222222222
881faf75b89107193e42,1.7708333333333333,2.216666666666667,2.216666666666667,1.7708333333333333
f37c30b427420b7445c9,1.7236111111111112,1.1320422535211268,1.1320422535211268,1.7236111111111112
07f4033d5408a7163365,2.076388888888889,1.2361111111111112,1.2361111111111112,2.076388888888889
5a99c3f2b0f2632f4435,1.587837837837838,1.7635135135135136,1.7635135135135136,1.587837837837838
22246ce451ecb2f1ed88,0.7905405405405406,1.3445945945945945,1.3445945945945945,0.7905405405405406
2486251866de79030d41,1.1458333333333335,1.3783783783783785,1.3783783783783785,1.1458333333333335
26d650d7fafe7c330dbf,2.027027027027027,1.1111111111111112,1.1111111111111112,2.027027027027027
4bf82924b8f953f618b2,0.6554054054054055,1.7638888888888888,1.7638888888888888,0.6554054054054055
607f7edacde7ddb77dcb,1.4256756756756757,0.5625,0.5625,1.4256756756756757
6de540c1a72013d65a8e,1.6486486486486487,1.8986486486486487,1.8986486486486487,1.6486486486486487
881c1d2069bd53efbab9,1.201388888888889,1.8581081081081081,1.8581081081081081,1.201388888888889
8f50b0452762cf6a9f9a,0.6081081081081081,1.3918918918918919,1.3918918918918919,0.6081081081081081
a9d79a73301cda30b413,1.1180555555555556,1.3310810810810811,1.3310810810810811,1.1180555555555556
b6b1bc8b2d3df9e7d3c1,0.9527027027027027,1.513888888888889,1.513888888888889,0.9527027027027027
c004ea8ff8fc2ecaa1a4,1.8986486486486487,1.1180555555555556,1.1180555555555556,1.8986486486486487
c47abee18f4f2242676a,1.412162162162162,1.0202702702702702,1.0202702702702702,1.412162162162162
cac64fda63457e38c427,1.0135135135135136,1.2702702702702702,1.2702702702702702,1.0135135135135136
d7ca4b1a2c98307c6846,1.885135135135135,2.0608108108108105,2.0608108108108105,1.885135135135135
f557de524eac1dbbea11,1.1554054054054053,1.4932432432432434,1.4932432432432434,1.1554054054054053
fcb273e3910429767c3f,0.9932432432432432,0.5945945945945946,0.5945945945945946,0.9932432432432432
99bff0e8a1bf4bf5eb69,1.195945945945946,1.8040540540540542,1.8040540540540542,1.195945945945946
bf3c501eade7148f663d,1.1756756756756757,0.6351351351351352,0.6351351351351352,1.1756756756756757
a8544cc577b69e865f81,1.3040540540540542,1.614864864864865,1.614864864864865,1.3040540540540542
8bbc3061af331a31895e,1.2894736842105263,0.7960526315789473,0.7960526315789473,1.2894736842105263
c16ddfa2394140a4e2d5,1.5394736842105263,1.5855263157894737,1.5855263157894737,1.5394736842105263
049563c9de2af3ed54f8,1.5986842105263157,0.8706140350877193,0.8706140350877193,1.5986842105263157
2c9a8ea5859977a9802e,1.9473684210526316,1.013157894736842,1.013157894736842,1.9473684210526316
46ee8f16c70251f9c2df,1.75,1.5723684210526316,1.5723684210526316,1.75
67a84f6b1ea74f182cac,0.8716216216216217,1.8289473684210527,1.8289473684210527,0.8716216216216217
cc60212de90ee22ee23d,1.7702702702702704,1.8289473684210527,1.8289473684210527,1.7702702702702704
e38ee9757509f685d585,0.625,0.832236842105263,0.832236842105263,0.625
e48bfff7bbe516bee685,0.6085526315789475,1.0263157894736843,1.0263157894736843,0.6085526315789475
0313eb141e9275c33c6d,1.5526315789473684,1.0970394736842106,1.0970394736842106,1.5526315789473684
0ba521a1d82ae737fc82,1.743421052631579,1.118421052631579,1.118421052631579,1.743421052631579
2c9b6bac49a84109e0fe,1.3289473684210527,1.9342105263157896,1.9342105263157896,1.3289473684210527
35f85210147ec1e4c0fc,1.4527027027027026,1.381578947368421,1.381578947368421,1.4527027027027026
50e8cb3118e2c5950cd0,1.0,1.4802631578947367,1.4802631578947367,1.0
5394172e9dde09f7a6b7,0.980263157894737,0.618421052631579,0.618421052631579,0.980263157894737
58e7a586241f7d4adfbe,0.5675675675675675,2.5486111111111107,2.5486111111111107,0.5675675675675675
5e4fc558083219ebc264,1.0855263157894737,1.355263157894737,1.355263157894737,1.0855263157894737
6373dc234617427e0c09,1.263157894736842,0.631578947368421,0.631578947368421,1.263157894736842
71db6218f088fb811a2b,1.368421052631579,2.108108108108108,2.108108108108108,1.368421052631579
7a884dea540ae78ae09e,1.108108108108108,0.9539473684210527,0.9539473684210527,1.108108108108108
86075e4f9bb8160f7739,1.1891891891891893,1.635135135135135,1.635135135135135,1.1891891891891893
8a8aae5ba672915926ee,2.0921052631578947,1.1418918918918919,1.1418918918918919,2.0921052631578947
94d9cc130c2091a0d77e,1.381578947368421,1.0065789473684212,1.0065789473684212,1.381578947368421
952180f397b1c55fddb8,0.6644736842105263,1.195945945945946,1.195945945945946,0.6644736842105263
9d4de7315a9a1523c491,1.5,1.25,1.25,1.5
a2b4ab60dcc8fec89a06,1.381578947368421,1.1736111111111112,1.1736111111111112,1.381578947368421
a2ccdf03c11e784920e9,1.6486486486486487,1.4671052631578947,1.4671052631578947,1.6486486486486487
c1a59ca9bf39f26736ae,1.135135135135135,0.9605263157894738,0.9605263157894738,1.135135135135135
c1dde65b4ef022d35881,0.6447368421052632,1.7702702702702702,1.7702702702702702,0.6447368421052632
c786a74c51cbd2e203c7,1.144736842105263,0.9342105263157896,0.9342105263157896,1.144736842105263
d943da442a5979ef5d30,1.3355263157894737,1.1710526315789473,1.1710526315789473,1.3355263157894737
db3b714f4c8e4e9b3ec0,1.8355263157894737,2.0,2.0,1.8355263157894737
f297b2957a9aa2eba04a,1.3026315789473684,0.8947368421052633,0.8947368421052633,1.3026315789473684
f51f4e50f3e540b8f50c,1.0032894736842104,0.7532894736842105,0.7532894736842105,1.0032894736842104
16c5695ef10cd4c95554c6d6,1.9375,3.25,3.25,1.9375
19304eace58a55c8fd94331d,2.0568181818181817,0.8541666666666666,0.8541666666666666,2.0568181818181817
5e817a37801aa128b765b231,1.8846153846153846,1.4464285714285714,1.4464285714285714,1.8846153846153846
977604bb17af87fd1789f950,1.375,0.875,0.875,1.375
9798547e43e103aea6e8b9f5,1.7105263157894737,,,1.7105263157894737
c7e21b352be8b3c821851883,1.0,,,1.0
0def91a7745afe0becbf,1.144736842105263,0.75,0.75,1.144736842105263
106493a5340f8883d2f7,1.0986842105263157,1.3717948717948718,1.3717948717948718,1.0986842105263157
1920033721447c2075e7,1.5833333333333333,1.5256410256410258,1.5256410256410258,1.5833333333333333
1d81c527913cfdf31dc5,1.8846153846153846,1.1907894736842106,1.1907894736842106,1.8846153846153846
2bb7cd317d7af746805b,1.6842105263157894,1.5128205128205128,1.5128205128205128,1.6842105263157894
314b31c81699e2f0bdb7,1.9230769230769231,1.7884615384615383,1.7884615384615383,1.9230769230769231
327f98f68afcca6f4b6d,0.6089743589743589,1.5460526315789473,1.5460526315789473,0.6089743589743589
3c19eff38ed2e7997a83,1.2435897435897436,0.6987179487179487,0.6987179487179487,1.2435897435897436
46cad436b5f2dc98aae0,1.5384615384615385,1.105263157894737,1.105263157894737,1.5384615384615385
5611c781495761225f71,1.814102564102564,1.2243589743589745,1.2243589743589745,1.814102564102564
5c8bd1d5e18fb34cf382,1.138157894736842,0.9807692307692308,0.9807692307692308,1.138157894736842
6b52242a6b7e2f0ea8d5,1.391025641025641,1.0128205128205128,1.0128205128205128,1.391025641025641
6fb3856f792296695667,0.5328947368421052,2.138157894736842,2.138157894736842,0.5328947368421052
75eb0e864823fe17af3f,1.5,1.2115384615384617,1.2115384615384617,1.5
7fd28a94c1dd3ead595d,1.9743589743589745,1.8223684210526316,1.8223684210526316,1.9743589743589745
86170b9e5bbbed61533f,1.3383977900552486,1.042817679558011,1.042817679558011,1.3383977900552486
92729145b0f7c6ad3431,1.159090909090909,2.2223756906077345,2.2223756906077345,1.159090909090909
a59d1372403ad60dbe97,0.8653846153846153,0.9551282051282051,0.9551282051282051,0.8653846153846153
a9358d2f76fae4bdc6cd,1.3397435897435896,1.0769230769230769,1.0769230769230769,1.3397435897435896
b396882192d312585e37,1.5986842105263157,1.168918918918919,1.168918918918919,1.5986842105263157
b652c7d0f4595739890d,1.6578947368421053,0.8421052631578947,0.8421052631578947,1.6578947368421053
bdbe5e20d07556e098c8,1.6973684210526316,1.326923076923077,1.326923076923077,1.6973684210526316
f00a3f91bd18ffd16f89,1.263157894736842,1.8653846153846154,1.8653846153846154,1.263157894736842
f17473152c82354d9b29,2.128205128205128,0.6282051282051282,0.6282051282051282,2.128205128205128
01696df48e9d913bc4a8,2.5810810810810807,0.9294871794871794,0.9294871794871794,2.5810810810810807
2caae4c427b6f02121ac,1.7348066298342542,1.1380952380952383,1.1380952380952383,1.7348066298342542
5acfb520e71c534040f3b069,0.20833333333333331,1.85,1.85,0.20833333333333331
7d9224ea0836fea95d49b87f,1.4027777777777777,,,1.4027777777777777
9301c75d9cbfaf135b0eeb6f,2.875,0.8958333333333334,0.8958333333333334,2.875
98c4aa456a9c8a8fac3ce2b3,,0.16666666666666666,0.16666666666666666,
bc7ae55835597726c8925ded,0.625,2.298076923076923,2.298076923076923,0.625
ea43f8938fe17ef03328cd13,1.5416666666666667,1.8461538461538463,1.8461538461538463,1.5416666666666667
026f91c5e07a6be6f29f,0.29310344827586204,1.1642857142857144,1.1642857142857144,0.29310344827586204
038185aefd6c4caa163d,1.1282051282051282,1.7884615384615385,1.7884615384615385,1.1282051282051282
56fe2c49fe2e3da5da55,1.211111111111111,0.5891608391608392,0.5891608391608392,1.211111111111111
81af9d3835f009c3eab4,1.118881118881119,2.610497237569061,2.610497237569061,1.118881118881119
967103c54c08f29090a5,1.2937062937062938,1.5569444444444445,1.5569444444444445,1.2937062937062938
bcdc48b608f1fce5f188,1.5455801104972375,1.389502762430939,1.389502762430939,1.5455801104972375
bee791a4dbe129adfc2a,1.2039473684210527,0.9276315789473684,0.9276315789473684,1.2039473684210527
5ff191f6d8e63d4e9d8b,1.1077348066298343,2.388121546961326,2.388121546961326,1.1077348066298343
26ef3c619cdfdd61de61c3e2,1.7651515151515151,0.41666666666666663,0.41666666666666663,1.7651515151515151
68a74b401860166226e558e7,1.9121621621621623,0.32499999999999996,0.32499999999999996,1.9121621621621623
98be7624bd6b81511e10442a,0.8333333333333334,3.25,3.25,0.8333333333333334
c1631026a893b58445201d65,1.1125,1.25,1.25,1.1125
b3c4c68c5340b4318002,1.7348066298342542,1.7596685082872927,1.7596685082872927,1.7348066298342542
5bd83201d8e446392961,1.5256410256410255,1.3397435897435896,1.3397435897435896,1.5256410256410255
2357b0dd14d5e5a47222,1.83125,1.95,1.95,1.83125
379945eb0374bb31a46b,1.967948717948718,0.987012987012987,0.987012987012987,1.967948717948718
b6f5b770c2aa92054466,0.9038461538461539,2.1,2.1,0.9038461538461539
b956b91922c93b119627,1.3529411764705883,0.6428571428571429,0.6428571428571429,1.3529411764705883
bbb82ec0f9d408c168f3,1.1111111111111112,1.5448717948717947,1.5448717948717947,1.1111111111111112
de31fd3dc7edcf387f85,2.228021978021978,1.1002747252747254,1.1002747252747254,2.228021978021978
e9cdf9ce7edc3fae5ea0,1.801282051282051,1.2,1.2,1.801282051282051
f5c8345f58d5414903a0,2.108974358974359,1.6217948717948718,1.6217948717948718,2.108974358974359
c9722f350a1d0ffd3b58,1.5897435897435899,0.8375,0.8375,1.5897435897435899
011e1cba55872d27edaf,1.1538461538461537,1.6474358974358974,1.6474358974358974,1.1538461538461537
1718be9b9077b1f18863,1.054945054945055,0.3916666666666666,0.3916666666666666,1.054945054945055
192d8442a9d0db3208f5,1.575,1.8625,1.8625,1.575
1d2d8f659e724cb3ee00,0.94375,1.198717948717949,1.198717948717949,0.94375
1ee682b54be3b1877e7e,0.8934782608695653,0.9679487179487178,0.9679487179487178,0.8934782608695653
25b2aa4140e8e2e43274,1.0,1.1602564102564101,1.1602564102564101,1.0
284edf2aa4a56ddbcd0c,1.075,0.5875,0.5875,1.075
2fe395c7be373b53424b,1.3777472527472527,1.2099447513812154,1.2099447513812154,1.3777472527472527
304863440340438bdb70,0.9935897435897436,1.2948717948717947,1.2948717948717947,0.9935897435897436
3056c45c4b234df93e34,1.9124999999999999,1.153846153846154,1.153846153846154,1.9124999999999999
32040e2ca9824fad5022,1.1025641025641024,1.487179487179487,1.487179487179487,1.1025641025641024
3e72c8cd8b82e4fb31d0,1.8375,1.5250000000000001,1.5250000000000001,1.8375
4998f77acdb09c14e851,1.150943396226415,1.3296703296703298,1.3296703296703298,1.150943396226415
499f344ef970ac8a7126,1.0125,1.7625,1.7625,1.0125
559dd71f71c6c1a18dd0,1.275,1.45,1.45,1.275
59bfdb733af86664827d,1.20625,1.0812499999999998,1.0812499999999998,1.20625
67ff2779cd3bd048c60b,1.56875,1.198717948717949,1.198717948717949,1.56875
72a5866d2a633fc47fdf,1.33125,2.598684210526316,2.598684210526316,1.33125
76b8c110bc9a35207ea3,0.7250000000000001,1.2115384615384615,1.2115384615384615,0.7250000000000001
773eb1e6c6b3fb3d7bd1,0.8344155844155844,1.5064102564102564,1.5064102564102564,0.8344155844155844
8ee1e7aac91ed7919c7a,0.76875,1.53125,1.53125,0.76875
998adfcb23692a076eca,0.9935897435897436,1.0833333333333333,1.0833333333333333,0.9935897435897436
a759d89b3a2e3d74185e,0.6375000000000001,0.5448717948717949,0.5448717948717949,0.6375000000000001
aea652df71724893febc,0.7857142857142857,0.6346153846153846,0.6346153846153846,0.7857142857142857
c9ee7d3b3f7456a3f3a3,1.064102564102564,1.2884615384615385,1.2884615384615385,1.064102564102564
dab11024e81acbf432db,1.131578947368421,1.608974358974359,1.608974358974359,1.131578947368421
de6c09c6d63140b80506,0.8974358974358974,1.1025641025641024,1.1025641025641024,0.8974358974358974
e0d449702d8daa946a6e,0.9,1.641025641025641,1.641025641025641,0.9
eb4bf14a7375b7522946,0.96875,1.33125,1.33125,0.96875
ef6ee184a82cd64a1f70,1.375,1.91875,1.91875,1.375
9d2963e23b7d481243a2,1.1580188679245285,1.5576923076923077,1.5576923076923077,1.1580188679245285
507f7dae270d4506d5da,0.5920138888888888,1.723901098901099,1.723901098901099,0.5920138888888888
8919b5bd199538e813a5,1.7678571428571428,1.2829861111111112,1.2829861111111112,1.7678571428571428
89819b06d83786b7c9e1,2.392857142857143,1.1493055555555556,1.1493055555555556,2.392857142857143
7381f1147482a5ff175c,2.6153846153846154,1.723901098901099,1.723901098901099,2.6153846153846154
d5787410a3dece01658c,1.5662983425414365,1.1076388888888888,1.1076388888888888,1.5662983425414365
08622a731cc20a33792d2855,0.9,1.45,1.45,0.9
1f7491c434e3dc97ef4d466b,0.8076923076923077,3.5,3.5,0.8076923076923077
46d006795be9d805e8012336,1.0,1.9456521739130435,1.9456521739130435,1.0
5466027c32c10a403145de9e,0.38636363636363635,1.4642857142857144,1.4642857142857144,0.38636363636363635
82722a73d4b5e3441b95040b,0.0,2.916666666666667,2.916666666666667,0.0
b5fcc1f1820d35ed4a740458,2.2037037037037037,0.6785714285714285,0.6785714285714285,2.2037037037037037
232cde9f65b9ccaee8b7,1.05,0.8205128205128205,0.8205128205128205,1.05
3773560f0634831e287a,1.3375000000000001,0.8836206896551724,0.8836206896551724,1.3375000000000001
40ba8c7435c60803bb16,1.25625,1.29375,1.29375,1.25625
540049f0707aa71494e6,0.6474358974358975,1.0,1.0,0.6474358974358975
55db965e3a8aed3a513d,1.0999999999999999,1.525,1.525,1.0999999999999999
6ca1138953959214a3c7,0.9711538461538461,1.55,1.55,0.9711538461538461
82d6a36a18d3883d513a,1.59375,1.1187500000000001,1.1187500000000001,1.59375
8490974118d63a82b864,1.1282051282051282,1.1125,1.1125,1.1282051282051282
97402aa78bbecaf736a4,1.6625,0.5249999999999999,0.5249999999999999,1.6625
98b4eb905a83ac07b8d2,2.6346153846153846,1.14375,1.14375,2.6346153846153846
b3f0a71b73c5adf75763,2.0,0.7724358974358974,0.7724358974358974,2.0
f010c163c3e46e5a4a9f,1.125,0.9624999999999999,0.9624999999999999,1.125
f1cbc30623c1cbad0b87,1.25,1.68125,1.68125,1.25
f277f12ce45fd0570103,2.05,1.6875,1.6875,2.05
f7acc025d189bd58e62a,0.8999999999999999,1.15625,1.15625,0.8999999999999999
a4a366bc701b0a05c8a3,1.3506493506493507,1.575,1.575,1.3506493506493507
152933b0c4c7ec94adc92ed2,1.75,1.732142857142857,1.732142857142857,1.75
2d6b80985d21442bfefab6bf,1.8148148148148147,1.8881578947368423,1.8881578947368423,1.8148148148148147
2d8c8e3f6277480af4fcaca8,1.5666666666666667,1.0476190476190474,1.0476190476190474,1.5666666666666667
ba886d94cf3c2af9b45a8e92,1.6363636363636365,0.9166666666666666,0.9166666666666666,1.6363636363636365
d985a2a736dfb02daf74d6c8,1.5,0.875,0.875,1.5
89609748f4116da3b8b0,1.0999999999999999,1.025,1.025,1.0999999999999999
9395e5ea8326d36a6a4c,0.7000000000000001,1.1375,1.1375,0.7000000000000001
27bc58b753a07e576ee2,1.03125,1.5,1.5,1.03125
2b865e4249936818ac7eb043,2.125,2.083333333333333,2.083333333333333,2.125
51627a22cf12cd19742fda04,-0.25,1.25,1.25,-0.25
5f5b69b17fc9649ff03a9409,0.5,1.3815789473684212,1.3815789473684212,0.5
61663ac595a3cacb07a8bd02,1.0,1.7426470588235294,1.7426470588235294,1.0
eefaebb1416209ae0e175344,1.0576923076923077,1.675,1.675,1.0576923076923077
1da8f5e92f7543085fb1,1.1585365853658536,1.524390243902439,1.524390243902439,1.1585365853658536
cb221f6f091a17a30caa,1.4749999999999999,1.7865853658536586,1.7865853658536586,1.4749999999999999
f24c4bac31b0d69d3931,0.7753164556962024,1.1241935483870968,1.1241935483870968,0.7753164556962024
6cab1a0b06187ae70275,1.26875,2.0792682926829267,2.0792682926829267,1.26875
742c7048af3be0d7549f,1.798780487804878,1.84375,1.84375,1.798780487804878
abfb0bcddfa26aa3b41e,2.1402439024390243,1.125,1.125,2.1402439024390243
be5cdf03243f1958cd6d,1.221153846153846,2.6065573770491803,2.6065573770491803,1.221153846153846
d4fe77c15575eb6bb4b4,0.8739316239316239,0.6646341463414634,0.6646341463414634,0.8739316239316239
daa0aaacedd9f20e1bcb,1.9024390243902438,1.3414634146341464,1.3414634146341464,1.9024390243902438
f267df2401f74f688949,1.1524390243902438,1.3629032258064517,1.3629032258064517,1.1524390243902438
0d0b9b4fb134c39fa5b3,1.6341463414634148,0.6951219512195121,0.6951219512195121,1.6341463414634148
0e039e95dd8058f6f167,1.1097560975609755,0.8719512195121951,0.8719512195121951,1.1097560975609755
14b593ed3101574d6d27,1.5670731707317074,1.042682926829268,1.042682926829268,1.5670731707317074
1ae6896909003b5207f4,1.5304878048780488,1.3841463414634145,1.3841463414634145,1.5304878048780488
24d77aebc876050d222f,0.8512658227848101,0.9556962025316456,0.9556962025316456,0.8512658227848101
305f789a9ef1c7e0067f,1.0365853658536586,1.097560975609756,1.097560975609756,1.0365853658536586
3418eb39196e054de52b,1.201219512195122,1.975609756097561,1.975609756097561,1.201219512195122
3484dbc8b09e8137ffa9,1.3963414634146343,1.8658536585365855,1.8658536585365855,1.3963414634146343
402e2caea0942a6a1a8e,1.7073170731707317,1.0182926829268293,1.0182926829268293,1.7073170731707317
465057f4f86d339853bd,1.8963414634146343,0.7012195121951219,0.7012195121951219,1.8963414634146343
4720bb8212ecc92fd7e6,1.6341463414634148,1.274390243902439,1.274390243902439,1.6341463414634148
5403ef2d82bcc6ff450a,0.9634146341463414,1.0,1.0,0.9634146341463414
5590eb2f830921ede883,1.298780487804878,1.951219512195122,1.951219512195122,1.298780487804878
55b6f92d01141e5c5119,0.6524390243902438,0.7378048780487805,0.7378048780487805,0.6524390243902438
59efd0b77af0afe830f7,1.099726775956284,1.144859813084112,1.144859813084112,1.099726775956284
6008bf0358770c25a765,1.3902439024390245,1.5121951219512195,1.5121951219512195,1.3902439024390245
6498e3397d3b30542aa5,1.5914634146341464,1.1585365853658536,1.1585365853658536,1.5914634146341464
66a30fc99accad4bc164,0.9146341463414634,0.9207317073170732,0.9207317073170732,0.9146341463414634
7b7e208a99864176b583,0.9878048780487806,1.25,1.25,0.9878048780487806
80f093ba97c31af9ef16,1.5669398907103824,0.5844827586206897,0.5844827586206897,1.5669398907103824
ad4543f6ec793ba7900b,1.0,0.9024390243902439,0.9024390243902439,1.0
aeae2c1d93423385e6a0,1.579268292682927,0.9817073170731708,0.9817073170731708,1.579268292682927
b11d35467df7784f41de,1.2865853658536586,0.6518987341772152,0.6518987341772152,1.2865853658536586
c2ad088cde1d157406f8,1.8963414634146343,1.2682926829268293,1.2682926829268293,1.8963414634146343
d5b64414081ca1e5b281,0.5,1.3658536585365855,1.3658536585365855,0.5
d87bc982577e155415ae,1.6402439024390245,0.8624999999999999,0.8624999999999999,1.6402439024390245
ff4650b5e9bcbc03149d,1.0948275862068966,1.3688524590163933,1.3688524590163933,1.0948275862068966
6948e912bcbdbfb75a85,1.2810344827586206,2.221311475409836,2.221311475409836,1.2810344827586206
63481ae316e3ffe40fbe,1.7336065573770492,1.0669398907103824,1.0669398907103824,1.7336065573770492
64bb475d86a43114dae6,0.3709677419354839,1.7636612021857925,1.7636612021857925,0.3709677419354839
cef960d42fbd121ef41b,1.3278688524590163,2.378415300546448,2.378415300546448,1.3278688524590163
50fda4403652fc35aa43,1.719945355191257,1.5782967032967032,1.5782967032967032,1.719945355191257
4c085a7f791dfe6c3e2f,1.5426829268292683,1.0182926829268293,1.0182926829268293,1.5426829268292683
aca2bf54d7f9a5bf12f4,1.1637931034482758,1.1495327102803738,1.1495327102803738,1.1637931034482758
7226c6937d05c6b25997,1.8231707317073171,1.524390243902439,1.524390243902439,1.8231707317073171
651d91097fbc72782ad7,1.2103825136612023,1.5901639344262295,1.5901639344262295,1.2103825136612023
bc3a2ed98f78399b7e60,1.7321428571428572,1.8511904761904763,1.8511904761904763,1.7321428571428572
3c160fb33a59882ea1a0,0.640625,0.9642857142857142,0.9642857142857142,0.640625
62e5dd689f17139a5e99,0.9329268292682927,1.1607142857142858,1.1607142857142858,0.9329268292682927
02debafb874927f0c5ff,2.107142857142857,1.5773809523809523,1.5773809523809523,2.107142857142857
0a79838fac5171dadb62,1.0178571428571428,1.9285714285714286,1.9285714285714286,1.0178571428571428
148cc13529582f6040f9,1.9226190476190477,1.5773809523809523,1.5773809523809523,1.9226190476190477
1959941a2d5f6ed58e21,0.7261904761904762,1.4880952380952381,1.4880952380952381,0.7261904761904762
32347bd2e97cd4557dbb,0.9226190476190476,1.511904761904762,1.511904761904762,0.9226190476190476
36889fdc5b10e2f6ecfb,1.0178571428571428,1.25,1.25,1.0178571428571428
407b75deedb783b7d924,1.1378205128205128,0.8375,0.8375,1.1378205128205128
569286208ac8f1edd350,1.2142857142857142,1.0535714285714286,1.0535714285714286,1.2142857142857142
5f5575b49653f4aee537,1.0853658536585364,1.2559523809523812,1.2559523809523812,1.0853658536585364
5f665c0995fc60d31202,1.4285714285714286,1.3333333333333333,1.3333333333333333,1.4285714285714286
6668c649c8beef5811e8,0.7083333333333333,1.3333333333333333,1.3333333333333333,0.7083333333333333
73ed274871c6bb10d880,1.9880952380952381,1.1097560975609755,1.1097560975609755,1.9880952380952381
747572661015630a5133,1.0,0.7625,0.7625,1.0
7d8024ae215b13bfccad,1.3214285714285714,1.3392857142857142,1.3392857142857142,1.3214285714285714
7dc057a0a3b16f2e601a,1.3571428571428572,1.6904761904761905,1.6904761904761905,1.3571428571428572
900e59e18372da327674,1.1547619047619047,1.119047619047619,1.119047619047619,1.1547619047619047
971a117d65c17e3e21eb,1.3333333333333335,1.6785714285714286,1.6785714285714286,1.3333333333333335
9fda056ba10c3e65116b,1.8035714285714284,0.9166666666666667,0.9166666666666667,1.8035714285714284
9ff35d8b4b60541a2dad,1.482142857142857,1.6130952380952381,1.6130952380952381,1.482142857142857
ac56bcc80334371201b1,0.984375,1.5297619047619047,1.5297619047619047,0.984375
b0d94cbb13ee342b70cd,1.524390243902439,1.2317073170731707,1.2317073170731707,1.524390243902439
ccd7f79edefb022bf4c9,1.9226190476190477,0.7202380952380952,0.7202380952380952,1.9226190476190477
ce5c9ddc5b2363d8fd30,1.1488095238095237,1.2083333333333333,1.2083333333333333,1.1488095238095237
d1353d20d6e9f0bb8778,0.6785714285714286,1.5833333333333333,1.5833333333333333,0.6785714285714286
dd24e962006ce1a611ed,0.6666666666666666,2.65,2.65,0.6666666666666666
e3df2dc07b108cb73f39,0.8452380952380952,2.113095238095238,2.113095238095238,0.8452380952380952
e7992c8c53c7cbe2e284,1.3869047619047619,1.5654761904761905,1.5654761904761905,1.3869047619047619
e8456e69f5266ab43022,1.121951219512195,0.5119047619047619,0.5119047619047619,1.121951219512195
e8d64757faadaa8e402b,1.005952380952381,1.0059523809523812,1.0059523809523812,1.005952380952381
e8f3d4621a5f9e6e6262,0.9821428571428572,1.8392857142857142,1.8392857142857142,0.9821428571428572
f2f17dac60cbc8a681e5,1.5654761904761905,1.7797619047619047,1.7797619047619047,1.5654761904761905
490ef89e61432c4d9c95,0.875,0.8644067796610171,0.8644067796610171,0.875
64e3aa377b946633c8c0,1.375,1.0416666666666665,1.0416666666666665,1.375
559e60c979cb766f8693,2.6127717391304346,1.1114130434782608,1.1114130434782608,2.6127717391304346
894007505a9225632889,1.3668478260869565,1.279109589041096,1.279109589041096,1.3668478260869565
8c59e79771acf8677554,0.5753424657534247,1.3192934782608696,1.3192934782608696,0.5753424657534247
b49c813c92b37df57553,1.1689814814814814,1.1970108695652175,1.1970108695652175,1.1689814814814814
0a55fc2c1f042c54f238,1.6046195652173914,1.578804347826087,1.578804347826087,1.6046195652173914
2c40fd7fe999fc400388,1.7595108695652173,1.1541095890410957,1.1541095890410957,1.7595108695652173
7282568099179f95feff,2.214673913043478,0.390625,0.390625,2.214673913043478
89ec5897a5a3f11e44df,1.0801630434782608,1.7065217391304348,1.7065217391304348,1.0801630434782608
a8f34b9571e6de6b3bb6,2.383152173913044,1.0941780821917808,1.0941780821917808,2.383152173913044
a5b6b49b79ac12dddf97,1.819767441860465,1.005813953488372,1.005813953488372,1.819767441860465
04c480e53bfa5085965d,1.5290697674418605,1.1744186046511627,1.1744186046511627,1.5290697674418605
124313167c0de36356f2,0.936046511627907,0.9660493827160495,0.9660493827160495,0.936046511627907
14ad813473af98823624,1.0116279069767442,0.8430232558139534,0.8430232558139534,1.0116279069767442
1c481aecac32e3ac3b82,1.3313953488372092,0.9825581395348837,0.9825581395348837,1.3313953488372092
29079063dd538c642653,0.877906976744186,1.3139534883720931,1.3139534883720931,0.877906976744186
2bbe18b41696108d3cb2,1.5406976744186047,1.9651162790697674,1.9651162790697674,1.5406976744186047
31f1a4a1c907176118cb,1.6453488372093024,1.0833333333333333,1.0833333333333333,1.6453488372093024
374322914bb0c712853b,1.4709302325581395,0.6860465116279071,0.6860465116279071,1.4709302325581395
3ee1c6ffaeda525dbba7,1.9593023255813953,2.13953488372093,2.13953488372093,1.9593023255813953
4236eba660d19f892ea7,1.1071428571428572,1.2965116279069766,1.2965116279069766,1.1071428571428572
4de3a87af120c4264601,1.8313953488372092,1.5523255813953487,1.5523255813953487,1.8313953488372092
67635ba3aed92b52ae65,1.1569767441860466,0.6744186046511628,0.6744186046511628,1.1569767441860466
690712fb549e46f93482,1.5755813953488373,0.7034883720930233,0.7034883720930233,1.5755813953488373
6d9135ccd0ce4fafab2e,1.7616279069767442,1.1453488372093024,1.1453488372093024,1.7616279069767442
82de8cb2db16e762b4e0,1.616279069767442,0.6728395061728395,0.6728395061728395,1.616279069767442
87e71fd0deb0f4acf42c,1.5290697674418605,1.4011627906976745,1.4011627906976745,1.5290697674418605
96c6ab331004de19839b,1.2965116279069766,1.2034883720930232,1.2034883720930232,1.2965116279069766
9a0b82cd68ef57d52b1e,1.005813953488372,1.4709302325581395,1.4709302325581395,1.005813953488372
a0c0a758b9808b04c4a4,0.8240740740740741,1.058139534883721,1.058139534883721,0.8240740740740741
a6b9ced1d4a0a3dcbfe0,1.505813953488372,1.872093023255814,1.872093023255814,1.505813953488372
a936338cb0e932fc8ff5,0.7790697674418605,0.9767441860465116,0.9767441860465116,0.7790697674418605
b55c5bf8f7e1e060be40,2.0872093023255816,1.5714285714285714,1.5714285714285714,2.0872093023255816
bb747299224a3802a3c9,0.7469135802469136,1.377906976744186,1.377906976744186,0.7469135802469136
bbbd925393cdd75e42e0,1.5988372093023258,1.8488372093023255,1.8488372093023255,1.5988372093023258
c33b59c966dddeb901d9,1.7151162790697674,0.7383720930232558,0.7383720930232558,1.7151162790697674
dac88bc15f59d4533f29,1.1904761904761905,0.8488372093023255,0.8488372093023255,1.1904761904761905
dbbf60e5cc12b0cc0d62,2.6097560975609753,0.9345238095238094,0.9345238095238094,2.6097560975609753
de373fb43b2a07bab85e,1.1104651162790697,1.3869426751592355,1.3869426751592355,1.1104651162790697
e0041b4b31e0fbdf6cf0,1.377906976744186,1.4476744186046513,1.4476744186046513,1.377906976744186
e8e3fabf9d7d6977689d,1.25,1.1726190476190477,1.1726190476190477,1.25
f148b8ea5be025ef71a3,1.0872093023255813,0.9883720930232559,0.9883720930232559,1.0872093023255813
f2c7260b87626b47e155,0.4941860465116279,0.9883720930232558,0.9883720930232558,0.4941860465116279
f5febe0461be657b92ce,1.2034883720930232,1.7151162790697674,1.7151162790697674,1.2034883720930232
f7658f4acdffe7fc6573,1.3895348837209303,1.872093023255814,1.872093023255814,1.3895348837209303
58d6e05222d391808931,0.8865546218487395,1.1512738853503184,1.1512738853503184,0.8865546218487395
e90b1467a3dddc22b0df,1.1319444444444444,1.721467391304348,1.721467391304348,1.1319444444444444
1bfa1f112544aee0db88a941,0.9464285714285714,0.375,0.375,0.9464285714285714
3108b9bafcf58323af451356,2.1666666666666665,1.0,1.0,2.1666666666666665
47b7c05ce9270bd52641a57f,1.935897435897436,1.6875,1.6875,1.935897435897436
87a7a0f18b29eb25a88be5b4,2.0,1.7619047619047619,1.7619047619047619,2.0
be4f59c27949f4d556fb538c,0.33333333333333337,1.7232142857142856,1.7232142857142856,0.33333333333333337
12495ca07170cda98874,1.5905405405405406,2.617567567567568,2.617567567567568,1.5905405405405406
1946feb28da2836e29e326ff,0.7142857142857142,-0.09999999999999998,-0.09999999999999998,0.7142857142857142
33a9c28b2ac092956d642031,0.71875,1.25,1.25,0.71875
718ad29c45975546ff4b78e8,1.4375,2.05,2.05,1.4375
b2e067599ca6fe47289a86fa,1.9375,1.375,1.375,1.9375
df363bb28f3b39e13ca27922,0.375,1.0,1.0,0.375
f2b871d895c5a38e3d8a89de,2.3,0.6000000000000001,0.6000000000000001,2.3
c1585e6c0d29496f826e,1.1959459459459458,2.2243243243243245,2.2243243243243245,1.1959459459459458
28e8149c3e78a948d811576e,1.6,1.1590909090909092,1.1590909090909092,1.6
36871a9d9dc3896aa8fcde10,2.975,3.5,3.5,2.975
7a682beb840ea14117588d8d,1.7214285714285715,1.4874999999999998,1.4874999999999998,1.7214285714285715
8d7e2e6779c3b1e66ac1bca3,0.9166666666666666,-0.625,-0.625,0.9166666666666666
ebd5cdef5e24b3cfdb997d97,1.3958333333333333,2.1607142857142856,2.1607142857142856,1.3958333333333333
220e6ee5a1d3051f24cb,2.625,1.2383720930232558,1.2383720930232558,2.625
2caf00df154df99dd37b,0.8770833333333333,1.0511363636363638,1.0511363636363638,0.8770833333333333
113514131f3bf39c159a,1.1645569620253164,1.1704545454545454,1.1704545454545454,1.1645569620253164
27e9d485ffe5b70d65de,1.5284090909090908,0.7073170731707317,0.7073170731707317,1.5284090909090908
3cb1b6f6a1485531799d,2.0681818181818183,1.75,1.75,2.0681818181818183
3f12347fc5697687e530,1.8125,1.8920454545454546,1.8920454545454546,1.8125
b192c6d0afedf1da52b1,1.6988636363636365,0.8238636363636364,0.8238636363636364,1.6988636363636365
c0b8c4ea4f17e85862bc,1.1027027027027028,1.7675675675675677,1.7675675675675677,1.1027027027027028
db36663060a8baf494ec,1.8522727272727273,1.7159090909090908,1.7159090909090908,1.8522727272727273
c8edf4bc180801c7d95a,1.6704545454545454,1.0397727272727273,1.0397727272727273,1.6704545454545454
13b2dd1105a002667800,0.7159090909090909,0.9069767441860466,0.9069767441860466,0.7159090909090909
22de0bb0090ba0d4013f,1.1445578231292517,0.5782312925170068,0.5782312925170068,1.1445578231292517
39f60b2a837b763e4d70,0.6590909090909092,1.5397727272727273,1.5397727272727273,0.6590909090909092
3c2a72bbd1e7bf95fad1,1.5,1.1193181818181819,1.1193181818181819,1.5
3dac19d30cb71844b481,1.5454545454545454,1.5170454545454546,1.5170454545454546,1.5454545454545454
3eb29db49a92971b93c8,0.7840909090909091,1.25,1.25,0.7840909090909091
4939796caa8a75840969,0.9772727272727272,1.8011363636363638,1.8011363636363638,0.9772727272727272
59f2c28dfc8dcc4d1b85,1.4318181818181819,0.8806818181818181,0.8806818181818181,1.4318181818181819
6157f031b55ed61d115c,0.34848484848484845,1.591891891891892,1.591891891891892,0.34848484848484845
6d733d3159a630172466,1.4943181818181819,1.0568181818181819,1.0568181818181819,1.4943181818181819
70e3555212047919de16,1.8238636363636365,1.0113636363636362,1.0113636363636362,1.8238636363636365
75ef42af56e8aa8f9a80,0.7317073170731707,1.4886363636363638,1.4886363636363638,0.7317073170731707
8118c472229427a213be,1.5290697674418605,1.2209302325581395,1.2209302325581395,1.5290697674418605
825c272b8e3622c6b01e,1.4204545454545456,1.3068181818181819,1.3068181818181819,1.4204545454545456
8d5689541025d631d373,0.9943181818181818,1.0397727272727273,1.0397727272727273,0.9943181818181818
93027123b1417877c5a4,1.4488636363636365,1.9943181818181817,1.9943181818181817,1.4488636363636365
9676bc2504984466e080,1.4829545454545454,1.1046511627906976,1.1046511627906976,1.4829545454545454
96e8460dd0a17833fb4d,1.0056818181818181,1.2897727272727273,1.2897727272727273,1.0056818181818181
9ed4fb96c6d5c499de02,0.8109756097560975,1.4318181818181819,1.4318181818181819,0.8109756097560975
ab4d2511236c05c017ba,1.3409090909090908,1.4261363636363638,1.4261363636363638,1.3409090909090908
abbd16cdaba86e9bae18,1.1079545454545454,1.2215909090909092,1.2215909090909092,1.1079545454545454
b4af2a695aec1aee637b,1.0511363636363638,0.7386363636363636,0.7386363636363636,1.0511363636363638
bbf5d4bfcd1430680b0f,0.46590909090909083,1.2897727272727273,1.2897727272727273,0.46590909090909083
c0856e9d61027cb3ff93,1.409090909090909,1.1931818181818181,1.1931818181818181,1.409090909090909
da771d8a394ea7fceb2c,1.0850340136054422,1.0918918918918918,1.0918918918918918,1.0850340136054422
e3d7921f899d5c95e7ad,0.7670454545454546,1.0568181818181817,1.0568181818181817,0.7670454545454546
e4112011ea24d86dcf64,0.9481707317073171,0.8465909090909092,0.8465909090909092,0.9481707317073171
ea7fb1ff7aa5f09540c4,1.3175675675675675,1.3567567567567567,1.3567567567567567,1.3175675675675675
5365e5f164352e35ed61,2.005681818181818,2.1136363636363638,2.1136363636363638,2.005681818181818
2c2db278438895ce9f97,1.695945945945946,1.1674311926605505,1.1674311926605505,1.695945945945946
a4a26f166fabe2e7f5cf,1.2159090909090908,1.2045454545454546,1.2045454545454546,1.2159090909090908
732c6573ad8276647d5e,1.0348837209302326,2.6395348837209305,2.6395348837209305,1.0348837209302326
f226f526ed81cc2244ac,1.7108108108108109,2.3878378378378375,2.3878378378378375,1.7108108108108109
7716ff8be6fd75f9a7ce,1.5681818181818181,1.4066455696202531,1.4066455696202531,1.5681818181818181
442d5df33796daa46ee8,1.2159090909090908,0.9602272727272727,0.9602272727272727,1.2159090909090908
65fdccf1521a743ef7a5,2.6704545454545454,1.5170454545454546,1.5170454545454546,2.6704545454545454
6e547928e0c1dba139c1,1.1022727272727273,0.9886363636363635,0.9886363636363635,1.1022727272727273
0c0c0986688e131c426e,1.29421768707483,1.1513761467889907,1.1513761467889907,1.29421768707483
d932a5a62404fc4e47b6,1.1061827956989247,2.620967741935484,2.620967741935484,1.1061827956989247
05ecc550fd521c8e633b,1.4777777777777779,1.4888888888888887,1.4888888888888887,1.4777777777777779
2df614cba1f509c1832d,1.011111111111111,1.1055555555555556,1.1055555555555556,1.011111111111111
40bb6e2dc075eb609c27,1.4229559748427671,0.8222222222222222,0.8222222222222222,1.4229559748427671
5d6fe071a1a25039e762,1.0666666666666667,1.3055555555555556,1.3055555555555556,1.0666666666666667
89382e13bdb795302f83,1.0166666666666666,1.0444444444444443,1.0444444444444443,1.0166666666666666
9b31a715af96d6197e00,1.2166666666666666,0.7981927710843373,0.7981927710843373,1.2166666666666666
a5b1c39bd04a433a1e6f,1.1587837837837838,1.5806451612903225,1.5806451612903225,1.1587837837837838
a9d411f460b21fc69615,0.85,0.7349397590361445,0.7349397590361445,0.85
bf205c3c97bc081d2aaa,1.1166666666666667,1.7722222222222221,1.7722222222222221,1.1166666666666667
c3a5ef412b6b9133432a,0.7379518072289157,0.9487951807228915,0.9487951807228915,0.7379518072289157
e844421a61d853615dfc,1.472222222222222,0.8987603305785123,0.8987603305785123,1.472222222222222
eb63338cd3c4d0532078,1.4666666666666666,1.1839622641509433,1.1839622641509433,1.4666666666666666
f4af44a69bef44e517b1,1.0277777777777777,1.511111111111111,1.511111111111111,1.0277777777777777
06a1254825e8ccad88c7,1.0666666666666667,1.211111111111111,1.211111111111111,1.0666666666666667
0983968609405dea1f8c,1.9222222222222223,1.7111111111111112,1.7111111111111112,1.9222222222222223
114a990d19c012b65e95,1.0555555555555556,1.4000000000000001,1.4000000000000001,1.0555555555555556
1e610bd1d9980983a92b,1.5666666666666667,0.7611111111111111,0.7611111111111111,1.5666666666666667
212219013932732c3a67,1.7833333333333334,1.4555555555555557,1.4555555555555557,1.7833333333333334
2289bc9f81cdc00fe194,1.3388888888888888,1.7666666666666668,1.7666666666666668,1.3388888888888888
22c266d21ae940eed57c,1.1722222222222223,1.0444444444444445,1.0444444444444445,1.1722222222222223
4596f381c5118d0d78c7,2.6888888888888887,0.6944444444444444,0.6944444444444444,2.6888888888888887
6004609447803972057b,1.2944444444444443,1.411111111111111,1.411111111111111,1.2944444444444443
693f24ede36d36075b29,0.9611111111111111,1.9444444444444444,1.9444444444444444,0.9611111111111111
6df6832a948e6ccaeb7c,1.0055555555555555,0.6277777777777778,0.6277777777777778,1.0055555555555555
750caeae83ebdef30319,1.3,1.4944444444444442,1.4944444444444442,1.3
82f73724ac349a3271ac,0.9388888888888889,0.9722222222222221,0.9722222222222221,0.9388888888888889
843352c6ebdc83d44011,2.022222222222222,2.0166666666666666,2.0166666666666666,2.022222222222222
84f68a13be0a7e4cd5ee,0.5726351351351351,1.072635135135135,1.072635135135135,0.5726351351351351
9c19e3ea2811f8b78f87,1.1888888888888889,1.8888888888888888,1.8888888888888888,1.1888888888888889
a3866363d640112797b1,0.8055555555555556,0.5277777777777777,0.5277777777777777,0.8055555555555556
a98aa6a095d8aab93abd,1.6666666666666667,1.4833333333333334,1.4833333333333334,1.6666666666666667
aa886ee67d6d4f54c694,0.31617647058823534,1.0954301075268817,1.0954301075268817,0.31617647058823534
bd45496944e8f4658a4f,1.2555555555555555,1.738888888888889,1.738888888888889,1.2555555555555555
c4234beb379ee245539a,2.15,1.4111111111111112,1.4111111111111112,2.15
c8d7cfe2e9baf61fbf25,1.588888888888889,1.027777777777778,1.027777777777778,1.588888888888889
ca5eb8abd23d47a3c11d,1.7555555555555555,1.3888888888888888,1.3888888888888888,1.7555555555555555
daba82a833b3de6dd7c5,1.2,1.4722222222222223,1.4722222222222223,1.2
f651a5300e965fb470b8,1.2111111111111112,1.011111111111111,1.011111111111111,1.2111111111111112
f65d3fdc31a21f57c2c6,0.7944444444444445,1.4722222222222223,1.4722222222222223,0.7944444444444445
ee45c5cfda387a044766,1.1659090909090908,2.217741935483871,2.217741935483871,1.1659090909090908
c948e2ccd700c2d5bf81,1.692204301075269,1.3091216216216215,1.3091216216216215,1.692204301075269
cbd79f1cfec2fa61ff89,1.6962365591397848,1.3091397849462365,1.3091397849462365,1.6962365591397848
f5e93b45bac809d183d2,1.603494623655914,1.3669354838709677,1.3669354838709677,1.603494623655914
425220fb13b68cde0fbd,2.396505376344086,1.7755376344086022,1.7755376344086022,2.396505376344086
a359b14b273ee754275c,1.1363636363636365,1.1948924731182795,1.1948924731182795,1.1363636363636365
0e9b428f80c5b9d7e94e,2.624331550802139,0.5654362416107382,0.5654362416107382,2.624331550802139
0ef044cf874e81489c2b,1.3221476510067116,0.3357142857142857,0.3357142857142857,1.3221476510067116
1a65787befdd8883504f,1.3649732620320856,1.0989304812834224,1.0989304812834224,1.3649732620320856
dfcd16b5bb8624a7cbdc,1.0949197860962567,1.1493288590604027,1.1493288590604027,1.0949197860962567
ccd784fe3e18c4bc50c8,1.589572192513369,1.1846846846846848,1.1846846846846848,1.589572192513369
f501cdbe362b6374c194,1.78475935828877,1.6002673796791442,1.6002673796791442,1.78475935828877
3d5180a78da36429cf06,1.307486631016043,1.6818181818181819,1.6818181818181819,1.307486631016043
623324f0c0107931229a,1.1938502673796791,1.692513368983957,1.692513368983957,1.1938502673796791
b3a148b7a551be646ef5,1.0889261744966443,1.135135135135135,1.135135135135135,1.0889261744966443
c0b9cdcb5a255b930588,2.2045454545454546,2.3810160427807485,2.3810160427807485,2.2045454545454546
3a1a5d0b2623d0cc6bde,1.680851063829787,1.5984042553191489,1.5984042553191489,1.680851063829787
19338e30ef25af03bb73,1.6702127659574468,1.7726063829787235,1.7726063829787235,1.6702127659574468
5b833e3fba62bd361a25,0.5683333333333334,1.1077127659574468,1.1077127659574468,0.5683333333333334
b0b4b9d669383df3e385,1.1339285714285714,1.3191489361702127,1.3191489361702127,1.1339285714285714
ab5ccd05195b9562a8b8,0.3194444444444445,1.0883333333333332,1.0883333333333332,0.3194444444444445
bf1bc56e0bae7f1a058c,1.1383333333333334,1.335,1.335,1.1383333333333334
7e45abaf189a074ac91d,1.610372340425532,2.1981382978723403,2.1981382978723403,1.610372340425532
06414b601f83978c29a9,2.3736702127659575,1.3763297872340425,1.3763297872340425,2.3736702127659575
a4a0891a2f55c709a1d8,1.171875,2.6156914893617023,2.6156914893617023,1.171875
e403b16257e3177dc0e8,1.0904255319148937,1.2061170212765957,1.2061170212765957,1.0904255319148937
066dbe37975f89872f83,1.386243386243386,1.6693121693121693,1.6693121693121693,1.386243386243386
07f61de792ca63dba31d,2.2037037037037037,0.5612582781456953,0.5612582781456953,2.2037037037037037
79d1cdc352d0b83e3d0a,1.2182539682539684,2.35978835978836,2.35978835978836,1.2182539682539684
884d9948f1863f94b316,1.3245033112582782,1.0820105820105819,1.0820105820105819,1.3245033112582782
9514c36174eea05237e5,1.1043046357615893,1.157079646017699,1.157079646017699,1.1043046357615893
afa69a0b59aaf58a2ba2,1.7804232804232805,1.152654867256637,1.152654867256637,1.7804232804232805
c1c526a8b1554f902c83,2.6203703703703702,1.1523178807947019,1.1523178807947019,2.6203703703703702
dd0eebf6f6ad41953650,1.6084656084656086,1.66005291005291,1.66005291005291,1.6084656084656086
e170ee66e2c06e707cbe,1.310846560846561,0.2972972972972973,0.2972972972972973,1.310846560846561
e32cace15e278e33fd46,1.1203703703703705,1.6005291005291007,1.6005291005291007,1.1203703703703705
1cd318481609a9a31869,,,,
4ff5ffd1432f53bcee84,,,,
7651205f74e71384897b,,,,
9d4ab5b48935d1296712,,,,
a8bc179170ecc1ac7d3d,,,,
d57e88cae8e0471c9943,,,,
da6e0efc35f3425ce58e,,,,
df2c960ed10bdfe6be42,,,,
da9acc0514c91b02d49a,,,,
606dccfdf7d276ed7277,,,,
efb58125822fa1494763,,,,
4b7281cf626080a5c3f2,,,,
5322f07ee47bcfce19b8,1.1776315789473684,2.352631578947368,2.352631578947368,1.1776315789473684
1663ca59f51beb36f229,3.5,-0.25,-0.25,3.5
2526-0001,1.1630434782608694,2.358638743455497,2.358638743455497,1.1630434782608694
2526-0002,1.1414473684210527,1.398684210526316,1.398684210526316,1.1414473684210527
2526-0003,1.1984375,1.656578947368421,1.656578947368421,1.1984375
2526-0004,1.3223684210526316,1.7282608695652173,1.7282608695652173,1.3223684210526316
2526-0005,1.5907894736842105,1.5973684210526315,1.5973684210526315,1.5907894736842105
3015e39db301998f52d5,1.0,-0.25,-0.25,1.0
57f4ea032835cc3bf078,3.25,3.75,3.75,3.25
7dd965dbdb795aee5318,3.25,-0.25,-0.25,3.25
85541d55ead6523ffe90,3.25,3.25,3.25,3.25
8f1178183a1c9d9fdf48,2.625,1.081578947368421,1.081578947368421,2.625
b7b6ef8ac09ebdc415e3,3.25,1.0,1.0,3.25
cce38ba2563fc8c8e273,-0.75,-0.25,-0.25,-0.75
f32a2d7a8cafd91f0b77,-0.25,3.25,3.25,-0.25
71bfddc4c91433079439,1.0,-0.5,-0.5,1.0
96046d3587fa9522bf11,1.0,-0.25,-0.25,1.0
2526-0006,1.2171052631578947,1.7881578947368422,1.7881578947368422,1.2171052631578947
2526-0007,2.2092105263157893,,,2.2092105263157893
2526-0008,,1.0706806282722514,1.0706806282722514,
2526-0009,1.3223684210526316,,,1.3223684210526316
6bda3ac19f55fa01d667,1.3223684210526316,1.1403508771929824,1.1403508771929824,1.3223684210526316
a10933e8e4bd24f0f485,2.2092105263157893,1.6697368421052632,1.6697368421052632,2.2092105263157893
15f112b7778017584a97,3.25,1.0,1.0,3.25
b4c426268a9d30a986fb,-0.25,1.0,1.0,-0.25
e4e91bf75c78ed68a156,1.131578947368421,1.434375,1.434375,1.131578947368421
2526-0010,1.12434554973822,1.4456521739130435,1.4456521739130435,1.12434554973822
f9446e1daa2da57572de,1.7881578947368422,1.3223684210526316,1.3223684210526316,1.7881578947368422
4ee745d3fed1d5c09fb0,2.375,-0.5,-0.5,2.375
cbd9a41ca062abec29bc,2.036764705882353,,,2.036764705882353
1351a643ef3b9d86bdba,0.375,2.25,2.25,0.375
1b3428f077245fde7b4d,1.0706806282722514,1.1630434782608694,1.1630434782608694,1.0706806282722514
22d31bc1fb20b16a81fb,1.5,1.5,1.5,1.5
67bf09490e3320e2e2e6,3.625,2.125,2.125,3.625
6d330d33f7283da0a1ac,3.5,1.5,1.5,3.5
718eed205339b94b6389,-0.25,2.125,2.125,-0.25
870daa2a8d53a8a8b974,1.5973684210526315,1.3104575163398693,1.3104575163398693,1.5973684210526315
a258f2150c8252b80401,1.5,3.25,3.25,1.5
acbd68ce6faf482098ab,1.4456521739130435,2.2146596858638743,2.2146596858638743,1.4456521739130435
b0af55c21f093720a1e0,1.0,2.125,2.125,1.0
b6e198193ff5dd8cc34e,-0.5,-0.25,-0.25,-0.5
caa92ebcce2755e9c6fb,1.25,-0.5,-0.5,1.25
e040e20d9dce61cfe3c6,1.656578947368421,2.6321989528795813,2.6321989528795813,1.656578947368421
ee0063011bcd27c1caa2,1.7282608695652173,1.1984375,1.1984375,1.7282608695652173
3893ec24537dd6f9e087,1.5,2.125,2.125,1.5
48feac476b48c48cbb4b,-0.25,2.125,2.125,-0.25
538a739e5c2295db4465,,1.8198529411764706,1.8198529411764706,
bfb5c603b811b7027426,0.9632352941176471,,,0.9632352941176471
d32f4486035cb773e7db,,,,
d80eb633a5a640bca230,,,,
f23d437a9272e2dcf6b1,1.3308823529411764,,,1.3308823529411764
5a6f7fb4a94b592025ec,,,,
05299451142683808908,,,,
131b7bc3709ade288240,,,,
36c20a91b5a29081f9a7,,,,
9a9c47cb64514b388d46,,,,
12587aad8056e7e6c15a,1.6596858638743457,1.1414473684210527,1.1414473684210527,1.6596858638743457
5bf478cb921f3e46f172,1.398684210526316,1.12434554973822,1.12434554973822,1.398684210526316
8cf6a5aa41936e7ed721,1.1608695652173913,1.2171052631578947,1.2171052631578947,1.1608695652173913
e970466839a7c2fcfcd3,,,,
ee4da5c462b6c294d70d,,,,
518f9e30a24dda690b34,,,,
d0c7669c5888ad8e3dec,,,,
d32524b1cff15f7975ae,,,,
d9ea012dd794721324bc,,,,
08686ae7b899ac668257,2.358638743455497,1.5907894736842105,1.5907894736842105,2.358638743455497
8461e98cd5391ac8e050,,,,
5799fb35967fe3d39846,,,,
6a435a7d23c0764fd268,-0.5,3.25,3.25,-0.5
5f3d9f0bda1ece69c22d,2.5,2.0833333333333335,2.0833333333333335,2.5
ad65fd1e55fa76e88b51,1.0,1.0,1.0,1.0
c5db8caf0ee05566524a,-0.25,1.0,1.0,-0.25
04e6777fbd726cc84cf4,3.0,-0.25,-0.25,3.0
37e1c5391026f0d04828,1.3333333333333333,1.3333333333333333,1.3333333333333333,1.3333333333333333
46e13aff37633014a865,0.0,0.5833333333333333,0.5833333333333333,0.0
50dc77a460ef74a93488,1.13671875,1.0638020833333333,1.0638020833333333,1.13671875
6673d619d3e58ddb387a,2.5,1.3333333333333333,1.3333333333333333,2.5
6975b2d5d38ef3b86d68,1.581151832460733,1.4290123456790123,1.4290123456790123,1.581151832460733
6afbc4462bbc66a8d81f,2.5,3.5,3.5,2.5
911f4496224e088445f0,1.1405228758169934,1.799738219895288,1.799738219895288,1.1405228758169934
91d1ae649b41ff1634fe,1.3333333333333333,0.0,0.0,1.3333333333333333
9520a2767fbdfc8a95bf,1.1666666666666665,1.9166666666666667,1.9166666666666667,1.1666666666666665
ab5df2ed7453a4ea07a5,1.3333333333333333,-0.25000000000000006,-0.25000000000000006,1.3333333333333333
ce8717eacb594b25c373,1.323051948051948,1.680851063829787,1.680851063829787,1.323051948051948
df6e079f2cce0d24b5f2,0.16666666666666666,1.9166666666666667,1.9166666666666667,0.16666666666666666
ec231d6556474a10890e,1.2127329192546583,1.65625,1.65625,1.2127329192546583
f6e57e3285081eb69364,1.1810344827586206,1.6662303664921467,1.6662303664921467,1.1810344827586206
d9088912e34e50e890e9,-0.4166666666666667,3.4166666666666665,3.4166666666666665,-0.4166666666666667
b1b1f0faba2fe759b30a,0.9166666666666666,1.0833333333333333,1.0833333333333333,0.9166666666666666
58a31efdc3e46623265c,-0.5,2.010948905109489,2.010948905109489,-0.5
ca819b1ab1fc9a390cf4,1.0,-0.25,-0.25,1.0
e1a50330b4e7f6b2e269,3.75,3.25,3.25,3.75
eb12a9b6e4cfc19a6fbb,-0.25,0.9384057971014492,0.9384057971014492,-0.25
21df9533393128354361,3.5,-0.25,-0.25,3.5
ef22d5d494d7c8886c8b,4.5,3.5,3.5,4.5
fe7dc6723f46afe0824c,1.0,-0.5,-0.5,1.0
583302ba4fc9be45bcde,3.25,1.0,1.0,3.25
66c460c4f83999f1a3e3,1.0,3.5,3.5,1.0
51b46041911f609bdd36,1.2159685863874345,1.587696335078534,1.587696335078534,1.2159685863874345
7e59640232b15c75df56,2.615885416666667,1.388743455497382,1.388743455497382,2.615885416666667
a204c7d11cd7464262ce,2.225260416666667,2.36328125,2.36328125,2.225260416666667
e6ad2081c20613fc6e5d,1.3102094240837696,1.1594827586206897,1.1594827586206897,1.3102094240837696
dec68af615b10074a365,-0.25,1.3467153284671534,1.3467153284671534,-0.25
841ebc5bad91a81ba60b,1.8302919708029197,1.0,1.0,1.8302919708029197
5a8b95a7566ae9b5264a,1.0,-1.25,-1.25,1.0
90647de0156a77f31ca8,3.5,1.0,1.0,3.5
77b3b3e2c1e94e087834,-0.5,3.25,3.25,-0.5
3761162ae5a956a8f294,1.0,4.25,4.25,1.0
8754d9769f89eabd4975,1.0,-0.5,-0.5,1.0
299dd3cb4f036234a013,-0.375,0.6875,0.6875,-0.375
f0ef045784fbde2a5599,3.625,0.375,0.375,3.625
093d802cd2f235ac286a,2.4375,0.0625,0.0625,2.4375
0948846c898e2c44332f,1.0569948186528497,1.578125,1.578125,1.0569948186528497
0e0a7d85fb437ecef967,0.6875,1.0,1.0,0.6875
1e9c6568584639a5a425,1.5755208333333333,1.1476683937823833,1.1476683937823833,1.5755208333333333
2f206d50b3a03ede3dae,1.3984375,1.1987179487179487,1.1987179487179487,1.3984375
3860921ee44a9f0d60b0,0.6875,1.25,1.25,0.6875
3935ff08ee41a6c686ee,1.65625,1.3229166666666665,1.3229166666666665,1.65625
3c22128ea4b021143dc2,1.75,2.5625,2.5625,1.75
50688ece9c853d342fdb,3.375,1.8125,1.8125,3.375
68b975ded0c936c6b79c,1.80859375,1.3129032258064515,1.3129032258064515,1.80859375
6954e794a03cd8b4efcc,1.1431623931623933,2.2124352331606216,2.2124352331606216,1.1431623931623933
6d3ec5e4377cf108ec52,1.7135416666666665,1.2291666666666667,1.2291666666666667,1.7135416666666665
7ea313c9d726e9a179b8,1.4263803680981595,1.12987012987013,1.12987012987013,1.4263803680981595
8a1fbdd7102059ecd68f,2.3125,-0.125,-0.125,2.3125
9277298b0657bffa7a72,0.75,1.875,1.875,0.75
9c42c63ad3b7c7b00e16,0.25,2.6875,2.6875,0.25
672dc91a60aefb071d65,1.3125,0.875,0.875,1.3125
70626acf3106fc7acedd,1.5625,2.5,2.5,1.5625
e5b9f1d1bb2caa7fb67f,0.25,0.375,0.375,0.25
01974fb66bc23af6bcd7,3.5,1.3442028985507246,1.3442028985507246,3.5
19ebc5d5c5223658117a,2.375,-0.5,-0.5,2.375
5ac3fd9e9748141a125d,1.5,-0.625,-0.625,1.5
86ccc39aec8d436556f1,2.0217391304347827,0.375,0.375,2.0217391304347827
d3910be99d50e7d8c907,1.375,1.8115942028985508,1.8115942028985508,1.375
120b3f72c16393321a25,2.0,3.375,3.375,2.0
82130e74eaf2cf75f257,0.25,3.875,3.875,0.25
20f27704f6e74109a212,3.375,1.0,1.0,3.375
96955662559c58bac8d3,1.6645077720207253,2.6010362694300517,2.6010362694300517,1.6645077720207253
deda5c5aba959fdedef9,2.3678756476683938,1.2037037037037037,1.2037037037037037,2.3678756476683938
bb45438f282f08056520,1.8125,1.25,1.25,1.8125
6a187147cb3e67f72cd6,-0.125,3.25,3.25,-0.125
654a3a333028d7ad0b78,0.25,1.0,1.0,0.25
82dbe1c11546ee997c83,2.125,0.375,0.375,2.125
23e48384f296a314f68f,1.625,2.25,2.25,1.625
8d62b448567973b5814b,1.75,-0.375,-0.375,1.75
d55add1fc13ad9142b25,0.9392857142857144,0.375,0.375,0.9392857142857144
73e720fc135695b7d23a,1.5,1.625,1.625,1.5
3cf5e3ed5ba9e8fc2ad6,3.25,0.0,0.0,3.25
f11543660dea40b595ac,0.375,1.625,1.625,0.375
381db2182ffb0ccd5281,2.1,2.9,2.9,2.1
69915e31825b4ee63062,2.5833333333333335,0.8333333333333334,0.8333333333333334,2.5833333333333335
76bf27f0e1236475a986,1.4166666666666665,-0.08333333333333337,-0.08333333333333337,1.4166666666666665
09b8e05b8a6926ece6c6,1.310897435897436,1.1435483870967742,1.1435483870967742,1.310897435897436
1fc63406d636065136aa,0.9,-0.55,-0.55,0.9
254175644b2203a911b7,1.6670984455958548,1.3898963730569949,1.3898963730569949,1.6670984455958548
342d81a477adfd334f87,1.1271186440677967,1.1947852760736195,1.1947852760736195,1.1271186440677967
346591fea31c183e48d2,0.7000000000000001,1.45,1.45,0.7000000000000001
48770c02b4015cdaa101,1.227979274611399,1.3121761658031088,1.3121761658031088,1.227979274611399
51636c6cea8b7783a7e9,1.8044041450777202,1.6520618556701032,1.6520618556701032,1.8044041450777202
6ce0e30859d862a74583,1.2,0.8,0.8,1.2
72b9a65d25728cf48d47,1.1469072164948455,2.372422680412371,2.372422680412371,1.1469072164948455
c8f1aa02158d032e5a2e,2.6999999999999997,1.25,1.25,2.6999999999999997
caf9e9166571a8201dd4,2.2,2.15,2.15,2.2
e554684576296994600d,1.4161585365853657,1.050257731958763,1.050257731958763,1.4161585365853657
eff23e77e92100a450f5,-0.25,1.6500000000000001,1.6500000000000001,-0.25
69c3463fef2e4df9593a,1.7000000000000002,1.3499999999999999,1.3499999999999999,1.7000000000000002
e5c42cc0298fbbb24457,1.6500000000000001,0.85,0.85,1.6500000000000001
e651e21789882cdb2ae4,0.5833333333333333,0.9166666666666666,0.9166666666666666,0.5833333333333333
1edf4e77e320bfa5ae30,0.16666666666666666,1.0,1.0,0.16666666666666666
46fb0ba23c6c5be30098,4.0,2.0833333333333335,2.0833333333333335,4.0
6215b2ccd23c9382cdba,0.75,0.982394366197183,0.982394366197183,0.75
8b6d722c2b6946ab492e,-0.5,-0.25000000000000006,-0.25000000000000006,-0.5
a7028ee4bc789f3896c8,3.3333333333333335,0.3333333333333333,0.3333333333333333,3.3333333333333335
8d00c5d2f4bc552d1683,2.666666666666667,2.0305755395683454,2.0305755395683454,2.666666666666667
b9ad53ab4305d92910cf,2.1666666666666665,2.5,2.5,2.1666666666666665
6120f9f5a32abb76ab5c,2.606958762886598,2.220360824742268,2.220360824742268,2.606958762886598
aacac2ba82f3f163ed03,1.5867875647668395,1.216101694915254,1.216101694915254,1.5867875647668395
cd23d0a7f40a96f77ec5,1.5725388601036268,1.6989795918367347,1.6989795918367347,1.5725388601036268
8df20746ea2af2a1aa65,2.0833333333333335,1.0833333333333333,1.0833333333333333,2.0833333333333335
1190dd1c703b6e2128c9,0.0,2.5,2.5,0.0
4f5d78b21ababbda5dba,1.9166666666666667,1.0,1.0,1.9166666666666667
f54617b9ebc8b89d1513,0.25,2.6,2.6,0.25
76b5b3b883195d4a8358,1.7949640287769786,2.25,2.25,1.7949640287769786
699cd4160966710bc8b9,-0.08333333333333337,1.4166666666666665,1.4166666666666665,-0.08333333333333337
47305e9abe3532ca0858,1.4166666666666665,0.5,0.5,1.4166666666666665
cfd75b47a362c2726126,1.341726618705036,2.75,2.75,1.341726618705036
bdb19212493f17f763dc,0.8333333333333334,1.25,1.25,0.8333333333333334
d8d5ced0229bd65bba9a,0.95,1.25,1.25,0.95
8c8bfafe33ea6d9fb3b7,0.16666666666666666,3.4166666666666665,3.4166666666666665,0.16666666666666666
4984d7e8849fdf887a06,1.9583333333333333,1.7083333333333335,1.7083333333333335,1.9583333333333333
71e44e8e566f74be9225,0.9583333333333334,3.9375,3.9375,0.9583333333333334
07156992a777ec56b9ec,1.1666666666666667,2.2083333333333335,2.2083333333333335,1.1666666666666667
0798df07fad4825b3f08,1.1935975609756098,2.598717948717949,2.598717948717949,1.1935975609756098
0bb8a14ed244cc0f78b4,2.958333333333333,0.9166666666666666,0.9166666666666666,2.958333333333333
216b7e9e84fdd719817c,1.685,1.1260504201680672,1.1260504201680672,1.685
220108641b5b135ec8d6,1.5833333333333335,0.37499999999999994,0.37499999999999994,1.5833333333333335
22be2d4c58727f2f7073,1.5833333333333335,1.375,1.375,1.5833333333333335
3fb9f88befb5ec1d7612,1.6602564102564104,1.2993630573248407,1.2993630573248407,1.6602564102564104
45c365d0025b5e6fc77a,1.2916666666666665,1.4,1.4,1.2916666666666665
6fee7d4e822db7e55268,2.083333333333333,1.9166666666666665,1.9166666666666665,2.083333333333333
81b8c85042f1522a372c,1.0423076923076922,1.663659793814433,1.663659793814433,1.0423076923076922
83fca17287429bc851ab,1.25,0.75,0.75,1.25
9513d8a1ea986b1e8efa,2.376923076923077,1.23840206185567,1.23840206185567,2.376923076923077
a315e6099ac694db5e7c,1.3878865979381443,1.7938144329896908,1.7938144329896908,1.3878865979381443
bea68e28e50a4b60571a,1.2142857142857144,1.428787878787879,1.428787878787879,1.2142857142857144
de4bfdc022667052d777,-0.5,0.7916666666666667,0.7916666666666667,-0.5
ec5b6f73f991b5eebd4d,0.6666666666666667,1.125,1.125,0.6666666666666667
44ce45f0ddfdc60e69b3,1.6666666666666667,2.0,2.0,1.6666666666666667
32041fafcf26f27e503c,2.125,1.875,1.875,2.125
83671b1ce0a8e6eab78b,1.2,1.2916666666666665,1.2916666666666665,1.2
15cb204089562b0b50ed,0.5625,-0.4375,-0.4375,0.5625
8ec46bf8d298d1498e31,2.875,1.0625,1.0625,2.875
9687f95ad7e02d5a3d87,2.0410714285714286,1.3303571428571428,1.3303571428571428,2.0410714285714286
dd8506d5471c34d1dfda,1.3125,1.8125,1.8125,1.3125
f436b19d3d368601874d,2.375,2.75,2.75,2.375
f7ce0ab4ff45ca2e51cc,1.625,0.1875,0.1875,1.625
350de8470321cce256b1,1.75,1.875,1.875,1.75
9d6c236fdbdfe279f76b,2.2141025641025642,1.583762886597938,1.583762886597938,2.2141025641025642
ecc4546056de12d7c6c0,1.158653846153846,1.5695876288659794,1.5695876288659794,1.158653846153846
571b78c9326767045b42,1.6875,0.5625,0.5625,1.6875
24f0d2e23ef34505a23e,0.5,2.375,2.375,0.5
9063724524c19057eadf,0.3125,0.0625,0.0625,0.3125
647719a88da28aaffea4,1.375,1.5,1.5,1.375
f654094837875d272122,1.5,1.875,1.875,1.5
a771aca461fe1420ed6c,1.5,-0.125,-0.125,1.5
5a41ceb21735e593fb88,0.625,1.8053571428571429,1.8053571428571429,0.625
0ce7f56b3be8b2ff4e69,3.375,2.5625,2.5625,3.375
fdfe7c6d451526385dd7,1.304123711340206,1.1397435897435897,1.1397435897435897,1.304123711340206
80751ed082cba92a47f5,0.5625,0.25,0.25,0.5625
3fe576d5a3573b99176e,0.75,0.375,0.375,0.75
3f089cb69bf2d2f2d28c,1.7857142857142856,1.0357142857142856,1.0357142857142856,1.7857142857142856
48175c4da45601244d37,0.9285714285714286,0.0357142857142857,0.0357142857142857,0.9285714285714286
5441f0c9a8bfdeac0e3b,1.3214285714285716,0.875,0.875,1.3214285714285716
5622cb397b708b14c416,1.107142857142857,1.8214285714285714,1.8214285714285714,1.107142857142857
ab83ee5808422ad62913,2.0357142857142856,2.6785714285714284,2.6785714285714284,2.0357142857142856
d32753882497a452a155,1.7083333333333333,1.9285714285714284,1.9285714285714284,1.7083333333333333
3db34009a5fc1c7984ca,0.4642857142857143,1.3214285714285714,1.3214285714285714,0.4642857142857143
9271176ced11f3fec43a,1.6428571428571428,0.7142857142857142,0.7142857142857142,1.6428571428571428
52c5d0933729ac6315e6,1.6071428571428572,1.1428571428571428,1.1428571428571428,1.6071428571428572
fb7dcb6a4d9011a20981,1.107142857142857,1.0714285714285714,1.0714285714285714,1.107142857142857
10f805e600e1fedb7712,2.25,1.5,1.5,2.25
882d230c7baa1a0f08b1,0.6428571428571429,1.5,1.5,0.6428571428571429
20b8cadfd3e4f2d54d33,1.1480891719745223,1.2125000000000001,1.2125000000000001,1.1480891719745223
ffe69d54d3766823b0d2,1.28125,1.09375,1.09375,1.28125
a692fc06ecb0338ffd99,1.45,1.2999999999999998,1.2999999999999998,1.45
f261c01d103638d3d3d5,1.15,0.3,0.3,1.15
0b017b5b830113341efd,1.6602564102564104,1.4262048192771084,1.4262048192771084,1.6602564102564104
1464d6f6459bccbb5a99,1.21875,0.75,0.75,1.21875
1615d8689e3cdd302736,1.71875,1.5625,1.5625,1.71875
310f34a233efb929bd60,2.3635204081632653,1.7820512820512822,1.7820512820512822,2.3635204081632653
641d84e726e17d7b4e67,1.7156862745098038,1.649234693877551,1.649234693877551,1.7156862745098038
9823904a852f2025f267,0.0,1.03125,1.03125,0.0
ad49201432b097a527ff,1.3025641025641024,2.219387755102041,2.219387755102041,1.3025641025641024
c8736cec5b81d38807c7,1.5625,1.6875,1.6875,1.5625
c969b847fac78edca8a7,2.46875,1.0625,1.0625,2.46875
d0bdc697c9c49b4ee45d,0.6875,1.09375,1.09375,0.6875
dd6371b7612d91447988,1.8125,1.1875,1.1875,1.8125
e0fbb9af178986de7783,2.46875,0.53125,0.53125,2.46875
f30db7cb538009d4f2a2,1.90625,0.7142857142857142,0.7142857142857142,1.90625
125d81f09b2386555714,0.10000000000000003,0.85,0.85,0.10000000000000003
5f57d27532d2f145e8ca,1.4375,1.8125,1.8125,1.4375
b2c0ea414dbb52ba8071,0.4,1.3499999999999999,1.3499999999999999,0.4
61e1dbef3b9060b6866f,1.319148936170213,0.39999999999999997,0.39999999999999997,1.319148936170213
82a8faefbcc008d0e0e6,1.799645390070922,1.7000000000000002,1.7000000000000002,1.799645390070922
ae45b4a4d4987bbb74ea,2.049645390070922,3.0,3.0,2.049645390070922
e3e9f00c1db5d87b4682,1.4,0.9315068493150684,0.9315068493150684,1.4
4ade77d25bbc978c77b4,1.9000000000000001,2.1,2.1,1.9000000000000001
908a8aa1a3eb6fe683fc,3.95,2.0,2.0,3.95
3823751986f14e3195e0,1.7000000000000002,2.1,2.1,1.7000000000000002
0064e71ca5ca5e206dbe,1.2487179487179487,1.1390306122448979,1.1390306122448979,1.2487179487179487
432b83a8d063d94731bf,1.1145833333333333,1.5743589743589743,1.5743589743589743,1.1145833333333333
5523a73df9240f29eae0,2.6058673469387754,1.3132911392405064,1.3132911392405064,2.6058673469387754
77750e9ee8cda2d4c2fe,1.1803030303030302,1.5794871794871796,1.5794871794871796,1.1803030303030302
b5ebfbb92b35471fb81a,1.3987179487179486,1.0420918367346939,1.0420918367346939,1.3987179487179486
d07cc17223589221311f,0.96875,1.6071428571428572,1.6071428571428572,0.96875
fc4d93043b0e0e988a77,1.4,1.25,1.25,1.4
225f972e7db0bdc92593,2.6,0.44999999999999996,0.44999999999999996,2.6
e467a040d4e226573e03,0.25,1.4,1.4,0.25
2bee2d738d91f0bad4e9,0.3,1.85,1.85,0.3
b80fbd233d5535ce0e9c,0.75,0.7,0.7,0.75
eaa02f08b39bc21e8dab,0.15000000000000002,2.65,2.65,0.15000000000000002
6c16a9b165915faba17c,1.4,0.050000000000000044,0.050000000000000044,1.4
71aaae94412ef3e6dd6a,2.6999999999999997,2.4000000000000004,2.4000000000000004,2.6999999999999997
833e981fda67df02618c,1.84375,2.1666666666666665,2.1666666666666665,1.84375
5e50d27241786248d4e6,0.20833333333333331,1.783450704225352,1.783450704225352,0.20833333333333331
027b019eef405d654a2f,1.3333333333333333,1.1944444444444446,1.1944444444444446,1.3333333333333333
039d38d2fba62b36a320,1.149746192893401,2.6091370558375635,2.6091370558375635,1.149746192893401
170efbf957d986b4f1a4,1.0418781725888324,1.6730769230769231,1.6730769230769231,1.0418781725888324
18ee0ac2a8fe4d27a672,1.0833333333333335,1.8055555555555556,1.8055555555555556,1.0833333333333335
228e818ecc1ff106d251,1.4722222222222223,1.638888888888889,1.638888888888889,1.4722222222222223
2e358d64c1e3bb8e04a5,0.3333333333333333,1.3333333333333333,1.3333333333333333,0.3333333333333333
44093bdb954b39bc130d,1.7895408163265305,1.1012396694214877,1.1012396694214877,1.7895408163265305
7dc291d01af50e4708e9,1.3333333333333333,-0.02777777777777779,-0.02777777777777779,1.3333333333333333
9b2d8d4378ba11547c83,1.4161676646706587,1.171686746987952,1.171686746987952,1.4161676646706587
a5a083e33d118ee7f033,2.2258883248730967,1.1376582278481011,1.1376582278481011,2.2258883248730967
cc26e161cea2036d414e,1.2314049586776858,1.2410714285714286,1.2410714285714286,1.2314049586776858
ce1d32463d8607a066c0,1.5833333333333333,0.8055555555555555,0.8055555555555555,1.5833333333333333
d72664aa19a3b013cff6,1.5841836734693877,1.3966836734693877,1.3966836734693877,1.5841836734693877
e21ed2d26626d0c7424d,0.75,2.666666666666667,2.666666666666667,0.75
e89bf4111b7d0c67f5fb,1.8888888888888888,1.527777777777778,1.527777777777778,1.8888888888888888
ed624140039150c331dc,0.7777777777777777,0.5833333333333333,0.5833333333333333,0.7777777777777777
28a9fd58f0b7bb2eb089,0.20833333333333331,0.04166666666666663,0.04166666666666663,0.20833333333333331
4f2ca41cdb02d907b66d,1.5,0.625,0.625,1.5
e18d8d6f8f6616ecd59b,1.2777777777777777,1.25,1.25,1.2777777777777777
39b2a3f8dd2e85dbbd8b,0.9166666666666666,1.75,1.75,0.9166666666666666
724b074b1196c6fc1745,0.9628378378378378,0.20833333333333331,0.20833333333333331,0.9628378378378378
7699bf1e0ced8a5217da,2.0833333333333335,1.306338028169014,1.306338028169014,2.0833333333333335
91b98c4c832a5d30bb5c,1.25,2.0422535211267605,2.0422535211267605,1.25
fb2999d5065049a716d8,2.0,0.45833333333333326,0.45833333333333326,2.0
f168923202e86497e1f1,2.75,0.5,0.5,2.75
d1e79004cd3e664ff292,2.666666666666667,3.9166666666666665,3.9166666666666665,2.666666666666667
72e9d1d485f5a80e2572,1.3055555555555556,1.9166666666666665,1.9166666666666665,1.3055555555555556
73171bf04ec967e8673c,2.375,2.7083333333333335,2.7083333333333335,2.375
0ff5331d94ec631f427c,1.6586294416243657,2.3502538071065993,2.3502538071065993,1.6586294416243657
f66d0c4d73b769b049b8,1.5880102040816326,1.6683673469387754,1.6683673469387754,1.5880102040816326
304f0453e305cec5d770,2.1666666666666665,1.5833333333333333,1.5833333333333333,2.1666666666666665
baee869b532163f1923a,0.6666666666666667,0.08333333333333331,0.08333333333333331,0.6666666666666667
f5b83ba54aa9e479d240,1.8333333333333335,1.3333333333333333,1.3333333333333333,1.8333333333333335
f888c7901e6622680184,1.5416666666666667,1.3333333333333333,1.3333333333333333,1.5416666666666667
a4f3ce5ebdf9c3a8ea30,1.0416666666666667,1.125,1.125,1.0416666666666667
278c8198be0e2fe2efff,1.2916666666666667,1.9166666666666667,1.9166666666666667,1.2916666666666667
98a60e4f66f8a318dafa,0.33333333333333337,2.4166666666666665,2.4166666666666665,0.33333333333333337
6b4463018a465bd23f58,1.3034591194968552,1.2933673469387754,1.2933673469387754,1.3034591194968552
9cb326017d15906ff48a,1.2083333333333333,1.4583333333333333,1.4583333333333333,1.2083333333333333
08c9b3c83c7322a8cc86,1.825,1.475,1.475,1.825
5015cb69d6a048eddcd3,2.75,1.2750000000000001,1.2750000000000001,2.75
64cc9e3868d298dcac92,1.95,1.65,1.65,1.95
99f03b3aaee54270f5fb,0.7000000000000001,0.675,0.675,0.7000000000000001
9f111b279d9eb657c722,1.0999999999999999,1.675,1.675,1.0999999999999999
ffeb4b441273554702e1,1.525,1.6111111111111112,1.6111111111111112,1.525
13ccde9c4cce9c1ee831,0.3,0.6111111111111112,0.6111111111111112,0.3
50cac40792db99eee428,1.175,1.75,1.75,1.175
02c2b0fb66fe0b25485e,0.85,0.95,0.95,0.85
c5fbde336d4e593c9cc2,1.7,1.175,1.175,1.7
de849e2ffb7f06f5b8a4,1.45,1.3,1.3,1.45
96919bf144187ac95f54,2.275,0.27499999999999997,0.27499999999999997,2.275
2a6d32e0f2aa12d827f7,1.284263959390863,1.4047619047619047,1.4047619047619047,1.284263959390863
4bc251fdbd2af92e4421,0.5909090909090909,1.5,1.5,0.5909090909090909
61de0a6bef35e30772b2,1.7954545454545454,0.9633333333333334,0.9633333333333334,1.7954545454545454
57318cdee6d7ce22ef3d,0.17857142857142855,2.5357142857142856,2.5357142857142856,0.17857142857142855
019c454c4a38751c22aa,1.707547169811321,1.799492385786802,1.799492385786802,1.707547169811321
2dba25c8dcaa9b44d5a2,1.4060913705583755,1.6666666666666667,1.6666666666666667,1.4060913705583755
48cbeef609b60510e260,1.7272727272727273,1.6363636363636365,1.6363636363636365,1.7272727272727273
6db9f8010079d2918c91,1.1590909090909092,2.3636363636363633,2.3636363636363633,1.1590909090909092
71de56f3d1650a9bc46a,1.5227272727272727,1.375,1.375,1.5227272727272727
7c16aee803eb53ba5389,1.2954545454545454,1.9090909090909092,1.9090909090909092,1.2954545454545454
91e29ad08348486bea4a,1.7272727272727273,1.1363636363636365,1.1363636363636365,1.7272727272727273
92096f43510e359cf1d1,1.6136363636363638,0.9090909090909091,0.9090909090909091,1.6136363636363638
af804820120137e861b4,0.6136363636363636,1.1590909090909092,1.1590909090909092,0.6136363636363636
c8800b771f4c813ced05,1.1289308176100628,1.5748730964467006,1.5748730964467006,1.1289308176100628
d00c655b3e4f57e211ef,0.75,0.22727272727272724,0.22727272727272724,0.75
daf330c25bb77541ea6b,1.6363636363636362,1.8181818181818181,1.8181818181818181,1.6363636363636362
e43c6b375c62c733e2fb,2.3371212121212124,1.3171875,1.3171875,2.3371212121212124
5e0b9f7e7d55f1393643,1.3636363636363635,2.795454545454546,2.795454545454546,1.3636363636363635
6cae5d80c2ff68079e4b,1.857142857142857,0.7142857142857142,0.7142857142857142,1.857142857142857
e1a95d1ddbd7b0cddb7e,1.0227272727272727,0.49999999999999994,0.49999999999999994,1.0227272727272727
e5841fdd7d6394039cc6,0.6785714285714285,1.1785714285714286,1.1785714285714286,0.6785714285714285
13adb4461963b63a9d37,2.050699300699301,0.9285714285714286,0.9285714285714286,2.050699300699301
44d84c427018374b79ef,0.3214285714285714,1.4285714285714286,1.4285714285714286,0.3214285714285714
70757534cfd1f526f444,0.8571428571428572,1.4642857142857144,1.4642857142857144,0.8571428571428572
a430045cf9ecfa0f5f52,1.2919580419580419,1.0357142857142856,1.0357142857142856,1.2919580419580419
a924f10316ade292c188,3.821428571428571,0.1071428571428571,0.1071428571428571,3.821428571428571
642b3a022568b957f105,2.5,2.321428571428571,2.321428571428571,2.5
23e3057e15f2c3c6e4da,1.6428571428571428,2.25,2.25,1.6428571428571428
865902432194e4f4f4a5,1.7857142857142856,1.3928571428571428,1.3928571428571428,1.7857142857142856
51cec375531fb119a4b0,1.2398477157360406,2.231060606060606,2.231060606060606,1.2398477157360406
55758f8a5fce5439506a,1.6586294416243654,1.1414141414141414,1.1414141414141414,1.6586294416243654
c68eb2e08830b4135a6c,1.18562874251497,1.034090909090909,1.034090909090909,1.18562874251497
dd954eeb70923971ae1c,2.6136363636363638,1.5964467005076142,1.5964467005076142,2.6136363636363638
f62e983e98060bbdefe0,1.0860655737704918,1.2295081967213115,1.2295081967213115,1.0860655737704918
d41d0c7f175e18be6c6e,0.21428571428571427,0.8928571428571428,0.8928571428571428,0.21428571428571427
29f3fc6d43023d6188b5,2.2857142857142856,1.4285714285714286,1.4285714285714286,2.2857142857142856
e450390d2b18069fea83,1.0714285714285714,0.3214285714285714,0.3214285714285714,1.0714285714285714
016f0a2a6f4e60c70fd0,1.2857142857142858,2.1785714285714284,2.1785714285714284,1.2857142857142858
96318c19f921f87afcfb,0.3571428571428571,2.321428571428571,2.321428571428571,0.3571428571428571
db57072db168ffb1e435,2.0714285714285716,0.24999999999999997,0.24999999999999997,2.0714285714285716
f7bcf5cedbf732d708ce,1.7857142857142856,1.25,1.25,1.7857142857142856
878d61fec787c22cdb05,2.46875,0.5625,0.5625,2.46875
7378e83fcded9f9d4401,2.34375,1.6875,1.6875,2.34375
335720a7c81a35bea260,1.4375,1.53125,1.53125,1.4375
506a3a1dd6a2f530c972,0.75,2.40625,2.40625,0.75
56b90d749db28072c8bd,0.40625,1.75,1.75,0.40625
1524941cfd4fbaec4986,1.34375,0.15625,0.15625,1.34375
3589eec57103020c46d4,1.1875,1.9375,1.9375,1.1875
fc4bab0bf27cb8c00a63,0.34375,2.125,2.125,0.34375
cf40e7a617e374dc50d0,1.21875,1.0625,1.0625,1.21875
704dabea227cc0672aad,1.5,0.28125,0.28125,1.5
799e64fc68f55496c461,2.854166666666667,1.1458333333333335,1.1458333333333335,2.854166666666667
6c1b8cf1023074f453aa,2.375,0.625,0.625,2.375
136289877da350ffd072,1.9375,0.9583333333333334,0.9583333333333334,1.9375
1883283c5b844dfaf868,1.5454545454545454,1.4583333333333333,1.4583333333333333,1.5454545454545454
1b0db5e43f71283b6324,1.5833333333333333,0.5416666666666666,0.5416666666666666,1.5833333333333333
1c36633559f51a9da59f,1.415680473372781,1.3964646464646464,1.3964646464646464,1.415680473372781
2963544c194715f5f7f4,2.25,1.2083333333333333,1.2083333333333333,2.25
35eeaf76b4c1f294e562,1.6758793969849246,1.073170731707317,1.073170731707317,1.6758793969849246
3b36d2bee7b8ffbe2947,1.6458333333333333,0.9166666666666666,0.9166666666666666,1.6458333333333333
3c9a0972aaade3631620,1.7891414141414141,1.6691919191919191,1.6691919191919191,1.7891414141414141
3d40953af875f1612d92,1.6047979797979797,2.3241206030150754,2.3241206030150754,1.6047979797979797
3e315e4f1d5ba74ca7a6,2.020833333333333,1.8541666666666667,1.8541666666666667,2.020833333333333
48a8990874268cd335a9,1.1041666666666667,0.5208333333333334,0.5208333333333334,1.1041666666666667
4ef2173cfbe98b35a4c9,2.236180904522613,1.1979166666666667,1.1979166666666667,2.236180904522613
55677d6a0082039a0835,1.3291925465838508,1.2323232323232325,1.2323232323232325,1.3291925465838508
bcdda73a89ded885767a,0.1875,1.375,1.375,0.1875
c97621ff33223c66e952,1.3333333333333333,1.6666666666666665,1.6666666666666665,1.3333333333333333
f33b4d09598d4e39da5f,1.0276381909547738,1.1203125,1.1203125,1.0276381909547738
2ce50b1491a40a28f282,0.75,1.4791666666666667,1.4791666666666667,0.75
6930852fbfe43118c991,1.0208333333333333,1.1666666666666667,1.1666666666666667,1.0208333333333333
89db63be245e9490719b,1.6111111111111112,1.222222222222222,1.222222222222222,1.6111111111111112
3e6cdab6f1de0ead850e,2.4375,2.0677083333333335,2.0677083333333335,2.4375
45796e294145026ccd1a,0.9934210526315789,0.28125,0.28125,0.9934210526315789
4cd330d9cad45246e693,1.0625,1.78125,1.78125,1.0625
ae743b794c0eb9d22c8d,0.0,0.6875,0.6875,0.0
ea21a487602a25a5613d,1.71875,0.21875,0.21875,1.71875
7e018f188e1545518fdf,1.9444444444444444,2.555555555555556,2.555555555555556,1.9444444444444444
25afd39b600cb3f2abe2,2.34375,3.8125,3.8125,2.34375
c0c559fb08ff1dbda0d4,1.75,1.5833333333333333,1.5833333333333333,1.75
d7c5936b920e1d38d89e,1.2479674796747966,2.599246231155779,2.599246231155779,1.2479674796747966
dc563390afed8496871d,1.5833333333333335,1.2765151515151516,1.2765151515151516,1.5833333333333335
47183738693567df39df,2.3055555555555554,0.3055555555555556,0.3055555555555556,2.3055555555555554
6ff6ac37bdb1da826839,0.4722222222222222,0.2222222222222222,0.2222222222222222,0.4722222222222222
f2f027915d1e043291cd,0.36111111111111116,1.1666666666666665,1.1666666666666665,0.36111111111111116
9e56ac899076e47e483a,0.875,1.40625,1.40625,0.875
6bc84abdb9d7aa8dfa01,1.6875,1.3055555555555556,1.3055555555555556,1.6875
5cbb90f380ce92080e73,1.8333333333333335,0.6388888888888888,0.6388888888888888,1.8333333333333335
0fa624d058866d4b6b52,2.5,2.1944444444444446,2.1944444444444446,2.5
9870f0c4cdc1cc8fd8cf,1.1319095477386936,1.7361111111111112,1.7361111111111112,1.1319095477386936
4f47b52717cba178d560,0.08333333333333331,1.4444444444444444,1.4444444444444444,0.08333333333333331
8b4dbab6ecae46228c8b,0.9166666666666666,1.4444444444444444,1.4444444444444444,0.9166666666666666
0157fdfbd499f72c15af,2.019230769230769,1.3269230769230769,1.3269230769230769,2.019230769230769
182ec0979143d12e3ba4,1.7307692307692308,1.2884615384615385,1.2884615384615385,1.7307692307692308
37352ba25c62a205e4a3,1.4038461538461537,1.7291666666666665,1.7291666666666665,1.4038461538461537
ba3a35b58ae91edb9c87,0.9791666666666666,1.7884615384615385,1.7884615384615385,0.9791666666666666
c599303ad8e7cbb1f2ba,1.346153846153846,1.6153846153846154,1.6153846153846154,1.346153846153846
d36495606da661baf802,2.019230769230769,0.9615384615384616,0.9615384615384616,2.019230769230769
c47c1ddfdacb7f09fae5,1.8653846153846154,1.3846153846153846,1.3846153846153846,1.8653846153846154
633829dc2920366f3783,0.4423076923076923,2.6153846153846154,2.6153846153846154,0.4423076923076923
70e809f5d0716fb61246,0.8076923076923077,1.2884615384615383,1.2884615384615383,0.8076923076923077
aa5d78832064355a9910,0.46153846153846156,0.25,0.25,0.46153846153846156
1902c6af54f8ff6dfb46,1.3076923076923077,1.7884615384615385,1.7884615384615385,1.3076923076923077
1b0d0fb41787ec253525,1.3076923076923077,0.8653846153846154,0.8653846153846154,1.3076923076923077
9e038b2a95a13545b022,1.6428571428571428,1.375,1.375,1.6428571428571428
75f1ad7f0f19e9c9aa88,1.2948275862068965,0.9935064935064934,0.9935064935064934,1.2948275862068965
ad13ad297438387d0880,1.4,0.425,0.425,1.4
01310f07bcd64184ad08,0.30357142857142855,0.9821428571428571,0.9821428571428571,0.30357142857142855
0feaf279b5d14486161c,1.6724999999999999,1.6595477386934674,1.6595477386934674,1.6724999999999999
158482f519243e97c208,1.01875,1.7964824120603016,1.7964824120603016,1.01875
393e6b0dcf7dfc2cc9ac,1.732142857142857,1.2857142857142858,1.2857142857142858,1.732142857142857
3f76d13fe0875cacc611,2.2424999999999997,1.7227272727272727,1.7227272727272727,2.2424999999999997
5dc217867e942afa98a6,1.3035714285714286,0.5,0.5,1.3035714285714286
63509dfead43fdee470e,1.6730769230769231,1.1964285714285714,1.1964285714285714,1.6730769230769231
9180c32a088f3950bfff,2.678571428571429,2.142857142857143,2.142857142857143,2.678571428571429
9c4455c8da0d87a5c08f,0.875,1.5892857142857142,1.5892857142857142,0.875
adbd8aa078207b11a9f0,0.8392857142857143,1.2321428571428572,1.2321428571428572,0.8392857142857143
b4ed909424959c5a3da2,1.1878698224852071,1.2876884422110553,1.2876884422110553,1.1878698224852071
b4f394927e32221764d6,1.136645962732919,1.1312499999999999,1.1312499999999999,1.136645962732919
e1824310052593ca2af6,1.1785714285714286,0.37500000000000006,0.37500000000000006,1.1785714285714286
fc34fd42dcec18fb8480,1.892857142857143,1.6607142857142856,1.6607142857142856,1.892857142857143
ed9b4893cf768a8defea,1.4285714285714286,1.153846153846154,1.153846153846154,1.4285714285714286
29e2edd16e541903cd5f,0.25,0.75,0.75,0.25
4d4df7552ffdb24003c0,0.775,1.8499999999999999,1.8499999999999999,0.775
c12f6091efbba9fb92cf,1.5714285714285714,1.9464285714285714,1.9464285714285714,1.5714285714285714
0809928c997545291aa8,0.3055555555555556,2.0,2.0,0.3055555555555556
6fe25fe009b79d6b324a,2.4722222222222223,0.6944444444444444,0.6944444444444444,2.4722222222222223
b25af877dd8325a79c58,2.0775862068965516,1.861111111111111,1.861111111111111,2.0775862068965516
e96e7f1dfcc743c4e0e6,3.8055555555555554,1.7758620689655173,1.7758620689655173,3.8055555555555554
b3347855797ec7c00ea2,1.1500000000000001,1.9000000000000001,1.9000000000000001,1.1500000000000001
0d58eafad5b87828b4e6,1.6666666666666667,0.4444444444444444,0.4444444444444444,1.6666666666666667
f40a937f0a509238f8ad,2.3000000000000003,0.5249999999999999,0.5249999999999999,2.3000000000000003
29eaf9b6dd68cf4f0278,1.408291457286432,1.243718592964824,1.243718592964824,1.408291457286432
64f8383023703d6305b0,1.4029411764705881,1.0725806451612905,1.0725806451612905,1.4029411764705881
896cc39eed96209aa79c,2.33,2.6037500000000002,2.6037500000000002,2.33
949343bfaffd4ab290a0,1.57286432160804,1.3179012345679013,1.3179012345679013,1.57286432160804
d9dc193ebc00ae081570,1.2338709677419355,1.594221105527638,1.594221105527638,1.2338709677419355
b7958c52ca1d8c532e54,1.2750000000000001,1.425,1.425,1.2750000000000001
531fd1ca53e4866ae744,0.17500000000000002,0.39999999999999997,0.39999999999999997,0.17500000000000002
f25a5a7e1791d6933ad6,2.4000000000000004,2.0,2.0,2.4000000000000004
10b159087fbc07645dae,0.5,1.0555555555555556,1.0555555555555556,0.5
7652753175bdde9a232d,0.5277777777777778,2.111111111111111,2.111111111111111,0.5277777777777778
7ff56f069e34a08e931b,1.425,2.225,2.225,1.425
465689ffa121391781d2,0.36111111111111116,1.6388888888888888,1.6388888888888888,0.36111111111111116
6cb6cc1b18a81cf0d722,1.65,2.4,2.4,1.65
bdabe9a257a41fc5fc68,1.0535714285714286,1.8333333333333335,1.8333333333333335,1.0535714285714286
b2be5c36e1e9f20476f8,2.025,0.3,0.3,2.025
08112c6df2fb715bcbc7,1.15,1.6,1.6,1.15
2db24851b4b9c609b355,1.2425,1.009950248756219,1.009950248756219,1.2425
41d1d8bba327c038a380,1.331288343558282,1.40625,1.40625,1.331288343558282
5b052551a366f99aa6cf,2.033333333333333,0.7666666666666667,0.7666666666666667,2.033333333333333
639518721363f0430222,1.7098214285714286,1.126543209876543,1.126543209876543,1.7098214285714286
64dfabe4eaae3d6d36e2,1.2975,1.216,1.216,1.2975
792b96a2f93d29273c6a,1.7000000000000002,1.1666666666666665,1.1666666666666665,1.7000000000000002
82414dcac27680fed1f6,1.9833333333333334,1.4333333333333333,1.4333333333333333,1.9833333333333334
840c36cc396167965d4c,1.3499999999999999,1.55,1.55,1.3499999999999999
8e039a22df5fce897d7b,1.80625,1.1794117647058824,1.1794117647058824,1.80625
9e83828ef383522dc85b,1.4166666666666665,1.8214285714285714,1.8214285714285714,1.4166666666666665
c9c7c2eb1fd1bcff1550,2.609452736318408,1.5625,1.5625,2.609452736318408
cd6c396a247f14483012,1.6166666666666667,0.8,0.8,1.6166666666666667
d2c1e02fb40ff573d951,1.3666666666666665,2.716666666666667,2.716666666666667,1.3666666666666665
dcf074b86452c28ce818,1.0919999999999999,2.3146766169154227,2.3146766169154227,1.0919999999999999
a4a1809229e7434329a6,1.0666666666666667,1.6,1.6,1.0666666666666667
bbbb85e02170acff922c,2.1363636363636362,1.25,1.25,2.1363636363636362
ef45e6fbc43120c379c5,0.44999999999999996,1.45,1.45,0.44999999999999996
fa72dfd749cea393fb09,0.45454545454545453,0.7954545454545454,0.7954545454545454,0.45454545454545453
2e481ff24e0cdbfffa75,2.25,1.284246575342466,1.284246575342466,2.25
3dd22f3b4944ca19de59,1.2750000000000001,3.525,3.525,1.2750000000000001
7c26bcde6f64c8591d30,0.7250000000000001,0.44999999999999996,0.44999999999999996,0.7250000000000001
8cfc9217b37d1382a3f0,2.225,2.325,2.325,2.225
d906309a9ce8e144c29d,0.75,0.125,0.125,0.75
e35efc56e187ed09c573,1.8181818181818181,0.24999999999999997,0.24999999999999997,1.8181818181818181
9859edcbc9cefb37d17e,1.8,1.45,1.45,1.8
a8047ebb8cf2df7af6e4,1.2272727272727273,2.1363636363636362,2.1363636363636362,1.2272727272727273
1e63d82db6ad1e6a0afc,1.60625,1.391812865497076,1.391812865497076,1.60625
5c49145f8e881d32fb79,1.65625,2.236318407960199,2.236318407960199,1.65625
7506ee175542edbdad43,0.41666666666666663,0.25,0.25,0.41666666666666663
b1f41dc8bf9273cd4339,0.5681818181818182,0.3181818181818181,0.3181818181818181,0.5681818181818182
60c7ba7f74f27a28b3a1,2.340909090909091,1.25,1.25,2.340909090909091
77024e1e83c6c7010739,1.0224358974358974,2.059931506849315,2.059931506849315,1.0224358974358974
09f1435d508a9c2a5d25,1.7705479452054793,0.42499999999999993,0.42499999999999993,1.7705479452054793
339fdb67910552e5b2c2,0.7727272727272727,1.4545454545454544,1.4545454545454544,0.7727272727272727
2923783828d932900613,2.1818181818181817,2.5,2.5,2.1818181818181817
a25f4fab820d0bae23b0,1.1430348258706466,1.6691542288557215,1.6691542288557215,1.1430348258706466
5aeca299592c0016a4b8,1.772727272727273,1.1363636363636362,1.1363636363636362,1.772727272727273
327d0da927cf55e03ef9,0.6818181818181819,1.5,1.5,0.6818181818181819
1037d19b63da33fa3feb,1.4375,1.84375,1.84375,1.4375
7249389d292c85274551,1.4375,0.953125,0.953125,1.4375
a0ed4a9fab4352f87ad1,2.75,1.96875,1.96875,2.75
bc765868ffbfc8cd25bd,0.78125,0.375,0.375,0.78125
c7e048b54715a24a17ca,1.703125,1.46875,1.46875,1.703125
5a72fbe80b692d74f648,1.7666666666666668,1.578125,1.578125,1.7666666666666668
b39cfeba49076bcf2970,1.546875,1.328125,1.328125,1.546875
dc2345481d3573fb741f,1.734375,1.390625,1.390625,1.734375
dc93b4a8f432563edc0e,0.96875,0.625,0.625,0.96875
dfcfa62361bfa94337a6,1.296875,1.2,1.2,1.296875
4a051731780579780576,0.1875,1.484375,1.484375,0.1875
fd0685477542492563ae,1.59375,1.265625,1.265625,1.59375
c0d086e8d7ab7f820fab,1.875,0.7941176470588235,0.7941176470588235,1.875
b4d572890d37aa06893b,2.0697278911564627,1.0227272727272727,1.0227272727272727,2.0697278911564627
b1643865aa9e5a77af7a,1.4583333333333335,1.9583333333333333,1.9583333333333333,1.4583333333333335
0384e39718b1ab01aeba,1.4558823529411766,1.9558823529411764,1.9558823529411764,1.4558823529411766
09469001c8b78a0ebf18,1.109375,1.5147058823529413,1.5147058823529413,1.109375
36b1ec1ed78df5af94eb,1.1395705521472392,1.6442786069651742,1.6442786069651742,1.1395705521472392
58623d87218c1b2ff28b,1.6617647058823528,0.16176470588235292,0.16176470588235292,1.6617647058823528
597ca6321abd884f4729,1.4705882352941178,1.588235294117647,1.588235294117647,1.4705882352941178
60b22b3952359eb6e142,1.411764705882353,0.4117647058823529,0.4117647058823529,1.411764705882353
714433765c9e49bdee9f,1.5708955223880599,1.1534653465346534,1.1534653465346534,1.5708955223880599
7b3a28171301320c8e39,1.602941176470588,0.8676470588235294,0.8676470588235294,1.602941176470588
b1a5c97fe46f75ced644,0.8823529411764706,1.25,1.25,0.8823529411764706
b784f8722924cd917477,1.5441176470588234,1.8235294117647058,1.8235294117647058,1.5441176470588234
bd447ce4ff2c3b437dbe,1.3822674418604652,2.5952970297029703,2.5952970297029703,1.3822674418604652
be65655566f0a0197c8c,1.1695906432748537,1.3216463414634148,1.3216463414634148,1.1695906432748537
e73c7b06c7283ed08700,1.2142857142857144,1.675438596491228,1.675438596491228,1.2142857142857144
05df42529dcb9cd763f4,0.8088235294117647,1.411764705882353,1.411764705882353,0.8088235294117647
1e23bdc7ff7252ac86b0,1.0833333333333333,0.7916666666666666,0.7916666666666666,1.0833333333333333
8d78dfaff47e7dc79116,1.3088235294117647,2.7941176470588234,2.7941176470588234,1.3088235294117647
dfe43695286840175625,0.27083333333333337,0.5,0.5,0.27083333333333337
11b85144a98d27b85c8e,0.045454545454545414,1.780612244897959,1.780612244897959,0.045454545454545414
37904aff2e8d8e911a42,0.7045454545454545,1.9318181818181817,1.9318181818181817,0.7045454545454545
83ae8c93a9ec0fc02330,0.36363636363636365,3.5681818181818183,3.5681818181818183,0.36363636363636365
d331a94a8c34d58a0419,1.2954545454545454,1.0031645569620253,1.0031645569620253,1.2954545454545454
379a25852a3128cec459,0.8125,1.75,1.75,0.8125
b85a8516cfc3dc5f44b7,2.2045454545454546,2.3636363636363633,2.3636363636363633,2.2045454545454546
b74df56624562251f86c,1.625,2.2708333333333335,2.2708333333333335,1.625
0a980f4de951f5ec811d,1.0024752475247527,1.6144278606965174,1.6144278606965174,1.0024752475247527
0e37f0a112644e6af3cc,1.4154228855721394,1.1130952380952381,1.1130952380952381,1.4154228855721394
2dca4d67f9836e0e2987,2.2995049504950495,1.2960199004975126,1.2960199004975126,2.2995049504950495
3ef983ca5fc103c6d00d,1.6596534653465347,1.253731343283582,1.253731343283582,1.6596534653465347
5b5f1c147b677861b299,2.243811881188119,1.814676616915423,1.814676616915423,2.243811881188119
5a75e8dcdcd95235a4f6,0.9583333333333334,0.6666666666666667,0.6666666666666667,0.9583333333333334
194fd5f22159d05b6eda,2.2708333333333335,0.7083333333333334,0.7083333333333334,2.2708333333333335
161706bc9a4adb83cfe5,2.1136363636363638,0.6363636363636365,0.6363636363636365,2.1136363636363638
4fb08318599f6cf9eda0,1.272108843537415,1.9318181818181817,1.9318181818181817,1.272108843537415
a16d2ebfdc8af7122dd4,0.3125,1.0833333333333333,1.0833333333333333,0.3125
24c7350ff4f22025867d,0.3636363636363636,1.0681818181818183,1.0681818181818183,0.3636363636363636
0d2fb7b2fb4d4f0c60ea,2.25,2.4375,2.4375,2.25
66de4b2b585b71c4328c,1.4411764705882353,1.5588235294117647,1.5588235294117647,1.4411764705882353
56ef4ea99ef3b5f71090,1.1041666666666667,2.2708333333333335,2.2708333333333335,1.1041666666666667
0ecb5b07aeeefd311c75,1.1440886699507389,1.2027559055118109,1.2027559055118109,1.1440886699507389
3efcc903cd982f175b8a,2.5985221674876846,1.1524390243902438,1.1524390243902438,2.5985221674876846
7b841a370e196e97b6fb,1.63490099009901,1.5816831683168318,1.5816831683168318,1.63490099009901
2599e351cd2d47f2974d,1.75,1.1029411764705883,1.1029411764705883,1.75
4408f4b42da56b1dfc3b,1.2462871287128714,1.1598837209302324,1.1598837209302324,1.2462871287128714
5bfe91045d60ec3a5fe5,1.1003937007874016,0.9963054187192119,0.9963054187192119,1.1003937007874016
8309d219d4ce49c9a927,1.6225247524752475,1.4257425742574257,1.4257425742574257,1.6225247524752475
a1566cb6acd05465c79d,1.8106435643564356,1.3728323699421965,1.3728323699421965,1.8106435643564356
a7349823eb13e51c717a,1.7025862068965518,2.305418719211823,2.305418719211823,1.7025862068965518
bc8f82aa88014b7959ed,1.334848484848485,2.2376847290640396,2.2376847290640396,1.334848484848485
7f02e4924e7579f140a9,1.2871287128712872,1.667487684729064,1.667487684729064,1.2871287128712872
0d5411f04564a2a9f8ee,1.9027777777777777,1.5555555555555556,1.5555555555555556,1.9027777777777777
4a6fc602d37d664fea49,1.0208333333333333,0.25,0.25,1.0208333333333333
066e39ea73f4efc5dd97,1.690677966101695,2.6017156862745097,2.6017156862745097,1.690677966101695
1a12e36bda8e6ab57bec,0.9305555555555556,0.8194444444444444,0.8194444444444444,0.9305555555555556
1d2c3df0e6083d31bd2f,1.4861111111111112,1.75,1.75,1.4861111111111112
3f092b5fef13c342e4ba,1.8333333333333335,0.9444444444444444,0.9444444444444444,1.8333333333333335
4e4e3c6dc251322089e0,1.3237951807228916,1.6317733990147782,1.6317733990147782,1.3237951807228916
5305ca6899712284caea,1.652777777777778,1.375,1.375,1.652777777777778
555fcedac484e02c9e9c,2.833333333333333,1.7083333333333335,1.7083333333333335,2.833333333333333
5c1a4523e2c191bf807c,2.299019607843137,1.3850574712643677,1.3850574712643677,2.299019607843137
6466b4b08208ae1fc1a5,0.5833333333333333,1.347222222222222,1.347222222222222,0.5833333333333333
763771fe54e2179e75d4,1.1171875,1.1544117647058825,1.1544117647058825,1.1171875
916da3e47d4ab0f1c9b8,1.3611111111111112,1.3055555555555556,1.3055555555555556,1.3611111111111112
da920d077d4e32985a30,1.1517341040462428,1.578817733990148,1.578817733990148,1.1517341040462428
e19e9b35108709deb58b,2.2438725490196076,1.6305418719211822,1.6305418719211822,2.2438725490196076
e47224b201444453bf44,1.7992610837438423,1.19140625,1.19140625,1.7992610837438423
46ccaab9fa876510f7e2,1.3194444444444444,1.4444444444444444,1.4444444444444444,1.3194444444444444
d428c7ee999461658342,0.25,1.3076923076923077,1.3076923076923077,0.25
1bbf383bdbffb8d418ab,1.6805555555555556,1.6944444444444444,1.6944444444444444,1.6805555555555556
1da2ddedad03ab19951f,1.7668918918918919,1.2702702702702704,1.2702702702702704,1.7668918918918919
b77a139bb20525bc87c0,1.3125,0.31249999999999994,0.31249999999999994,1.3125
ce3910a4ec99113797fc,3.5625,1.9166666666666665,1.9166666666666665,3.5625
fa1ff61c676f10d65919,2.1458333333333335,0.5833333333333334,0.5833333333333334,2.1458333333333335
fbaffe9b3623a78ae2ea,0.2916666666666667,1.2708333333333333,1.2708333333333333,0.2916666666666667
2840e0b0fb382fe7335e,2.076923076923077,2.3653846153846154,2.3653846153846154,2.076923076923077
7cad2fb6a7168c9a9614,1.8541666666666667,2.0625,2.0625,1.8541666666666667
165619cb952787dd07b9,1.2692307692307694,0.23076923076923078,0.23076923076923078,1.2692307692307694
33cf7304f79ce1dc868e,1.2857142857142856,1.417487684729064,1.417487684729064,1.2857142857142856
76b34634894266545c3c,1.2561576354679804,1.1439393939393938,1.1439393939393938,1.2561576354679804
d0a6a53e437ead35290b,0.8653846153846154,1.2884615384615385,1.2884615384615385,0.8653846153846154
ddcf0a38d7ee7735ae0f,2.230769230769231,0.7307692307692307,0.7307692307692307,2.230769230769231
4d4a41538271b9066070,1.003125,0.8541666666666666,0.8541666666666666,1.003125
7c9a5393dd08fe2bfee7,2.0833333333333335,2.291666666666667,2.291666666666667,2.0833333333333335
0f6ce34ba10503979987,2.057692307692308,1.4807692307692308,1.4807692307692308,2.057692307692308
517dbdcadfddf8778f9a,1.8653846153846154,2.3269230769230766,2.3269230769230766,1.8653846153846154
c048a840caeafb047e14,1.6642156862745099,0.9901960784313726,0.9901960784313726,1.6642156862745099
cd5be305133be68f089a,0.6923076923076923,0.6153846153846154,0.6153846153846154,0.6923076923076923
b91ee03585fed01c22ff,0.7115384615384616,1.2692307692307692,1.2692307692307692,0.7115384615384616
5865ee0bfa973c2339a9,2.3461538461538463,0.8653846153846153,0.8653846153846153,2.3461538461538463
139eb6bc37a72874a6b0,0.5394736842105263,1.105263157894737,1.105263157894737,0.5394736842105263
2924c124d963e696d07b,0.13888888888888884,1.4473684210526316,1.4473684210526316,0.13888888888888884
5d5e1cb54885bfa1555b,1.2631578947368423,1.486842105263158,1.486842105263158,1.2631578947368423
7c8adc3b5f0747478df8,2.0,1.2083333333333333,1.2083333333333333,2.0
96ec9b12d20112259829,0.8055555555555556,0.9605263157894737,0.9605263157894737,0.8055555555555556
a9c6f7ebad2e7b3fd589,2.6447368421052633,1.7105263157894737,1.7105263157894737,2.6447368421052633
4f48cacffcf822d98804,0.8552631578947368,1.0972222222222223,1.0972222222222223,0.8552631578947368
e3ddfe026a4ac40e39e3,1.5394736842105263,1.4210526315789473,1.4210526315789473,1.5394736842105263
1a04b9156ae7f8032f6f,1.6842105263157894,1.8157894736842104,1.8157894736842104,1.6842105263157894
a283320e8f32438379e7,1.763157894736842,1.3421052631578947,1.3421052631578947,1.763157894736842
2c4bd0f394cc45a3667d,1.4342105263157894,1.592105263157895,1.592105263157895,1.4342105263157894
28ef4079c4e36a492ef7,1.4605263157894737,1.4342105263157894,1.4342105263157894,1.4605263157894737
89aee85e0affcb9db718,1.0999999999999999,1.1875,1.1875,1.0999999999999999
dc1fcd7e07eb77daa049,2.0788590604026846,1.7516778523489933,1.7516778523489933,2.0788590604026846
7805940074da6dbdd8f6,0.5535714285714286,0.7678571428571429,0.7678571428571429,0.5535714285714286
0fc8c1fe6410cd805729,1.8875,1.4124999999999999,1.4124999999999999,1.8875
114d431a2ebb603a4288,1.1670731707317072,1.795343137254902,1.795343137254902,1.1670731707317072
2740cfd83cdf47d8f433,1.5125,2.0625,2.0625,1.5125
2b21ad70679e123311fa,1.5375,1.725,1.725,1.5375
770836b5d4f23fcc80d4,1.4249999999999998,1.3625,1.3625,1.4249999999999998
81dd0896d683a99b2ff7,1.5625,2.5625,2.5625,1.5625
8319b59c45d84da5f4e5,1.075,1.5875,1.5875,1.075
8ae92f8eeb414d76d14d,1.135542168674699,1.1436781609195403,1.1436781609195403,1.135542168674699
d52ad8b7408e249173f9,0.9817073170731708,2.231707317073171,2.231707317073171,0.9817073170731708
e998fe7dd16c78479699,1.675,0.8624999999999999,0.8624999999999999,1.675
eeab8a05b6f00335f3b4,1.0921052631578947,0.75,0.75,1.0921052631578947
f1fd242ab6c4293dd86f,1.415441176470588,2.2926829268292686,2.2926829268292686,1.415441176470588
d9d649286dedb4a503aa,1.575,0.5625,0.5625,1.575
6138119e4a473a95e96f,1.4464285714285714,0.7857142857142857,0.7857142857142857,1.4464285714285714
ab287579ddc21ba25d6d,1.131578947368421,1.45,1.45,1.131578947368421
39cad56f22af8563d898,0.8076923076923077,1.5961538461538463,1.5961538461538463,0.8076923076923077
401c18b5b43bd90bd897,1.285234899328859,1.1923076923076923,1.1923076923076923,1.285234899328859
9be48355b42078c60ef3,1.0384615384615383,1.8846153846153846,1.8846153846153846,1.0384615384615383
9de6195eebfdc5fdf6dd,0.5384615384615384,0.3461538461538462,0.3461538461538462,0.5384615384615384
5f9431dd8ee72325ef33,1.4464285714285714,0.875,0.875,1.4464285714285714
fa9122c2aa33ffef4c34,1.25,1.9423076923076923,1.9423076923076923,1.25
c6c9bfc3c45d3fb1c94e,0.9107142857142857,1.1428571428571428,1.1428571428571428,0.9107142857142857
2258d6ebf6c9e852d529,1.5870098039215685,1.6500000000000001,1.6500000000000001,1.5870098039215685
5e2bbb20ba5f265d271c,1.6409313725490198,1.1027131782945736,1.1027131782945736,1.6409313725490198
6a922ae24ea7adc27252,1.6384803921568627,1.284313725490196,1.284313725490196,1.6384803921568627
73bdfa037f516983a61c,1.3828571428571428,1.312874251497006,1.312874251497006,1.3828571428571428
9b01c93b9d99ff18e3f5,2.607317073170732,1.2659313725490198,1.2659313725490198,2.607317073170732
036a609a487ef7a56ffe,1.4642857142857144,2.410714285714286,2.410714285714286,1.4642857142857144
a81d69e3ce5d77b2593c,2.392857142857143,1.1607142857142858,1.1607142857142858,2.392857142857143
fb0aabfec0db3d896ed0,0.4642857142857143,0.1964285714285714,0.1964285714285714,0.4642857142857143
94c0e62dc6f36d13a511,2.3846153846153846,1.1923076923076923,1.1923076923076923,2.3846153846153846
531b41f7a69f7132541c,0.21153846153846156,3.6153846153846154,3.6153846153846154,0.21153846153846156
99915192aeb1e22b5c0a,2.482142857142857,0.8928571428571429,0.8928571428571429,2.482142857142857
f285678843d25bb7b63e,1.6730769230769231,0.9876543209876543,0.9876543209876543,1.6730769230769231
3eca00aa3953b1be22d5,1.7142857142857142,1.9821428571428572,1.9821428571428572,1.7142857142857142
59a34df41ac320db11e5,1.1899224806201552,1.674390243902439,1.674390243902439,1.1899224806201552
1b77e4ff8a93338a032c,1.3250000000000002,0.18421052631578944,0.18421052631578944,1.3250000000000002
08b45a4dfceb69610d87,1.857142857142857,2.053571428571429,2.053571428571429,1.857142857142857
0f9b5222aaac0f0a931c,1.3452380952380951,1.011904761904762,1.011904761904762,1.3452380952380951
89669cb9c07e0da541a4,1.0714285714285714,2.285714285714286,2.285714285714286,1.0714285714285714
31dd4ebaaf43a649a78b,2.5952380952380953,1.4880952380952381,1.4880952380952381,2.5952380952380953
394347471ed217467fa2,1.3110119047619049,0.9757281553398058,0.9757281553398058,1.3110119047619049
3f381476040ae96ecd51,1.6666666666666665,1.4047619047619047,1.4047619047619047,1.6666666666666665
447dc9c8a6d45cd6cdc2,1.6762295081967213,1.4060975609756097,1.4060975609756097,1.6762295081967213
4eb7e199c28df7fada10,1.803658536585366,1.578048780487805,1.578048780487805,1.803658536585366
598adcdf86b1912a31df,2.2985436893203883,1.629268292682927,1.629268292682927,2.2985436893203883
718a44d86a4886e1a40c,1.1357142857142857,1.1884615384615385,1.1884615384615385,1.1357142857142857
81526c3efc4935922089,0.6904761904761905,1.75,1.75,0.6904761904761905
853552f30be82fa4da64,1.276829268292683,2.6128640776699026,2.6128640776699026,1.276829268292683
85da44785a24292e8d6e,1.4285714285714286,1.023809523809524,1.023809523809524,1.4285714285714286
90865a1883fd5f853800,0.1375,1.7738095238095237,1.7738095238095237,0.1375
9b34e322c8a0aaa339d8,1.511904761904762,1.4166666666666667,1.4166666666666667,1.511904761904762
aae441cf781df2d4bef3,1.2560975609756098,1.3806818181818183,1.3806818181818183,1.2560975609756098
d90d33eb40b684dbecfa,1.2976190476190474,1.630952380952381,1.630952380952381,1.2976190476190474
e1e2027665cdf699f125,2.2366504854368934,1.1589805825242718,1.1589805825242718,2.2366504854368934
e23013841a180880485f,0.8095238095238095,1.125,1.125,0.8095238095238095
eec1f81d45f01fccffe3,0.875,1.4404761904761905,1.4404761904761905,0.875
683160c5350a281d4256,1.619047619047619,1.0250000000000001,1.0250000000000001,1.619047619047619
01b9d4c2e37d702b1647,2.130952380952381,1.4761904761904763,1.4761904761904763,2.130952380952381
3495109b08ddc38ab6e9,1.7142857142857142,0.9107142857142857,0.9107142857142857,1.7142857142857142
391a7dd29b678f73b4c0,1.1785714285714284,1.2999999999999998,1.2999999999999998,1.1785714285714284
916ffd090db1b02eb9ce,2.017857142857143,1.8392857142857144,1.8392857142857144,2.017857142857143
b5bdb513162ccdf71d56,1.7633333333333334,1.125,1.125,1.7633333333333334
f14971ead3766ccd43df,0.9634146341463415,0.7321428571428572,0.7321428571428572,0.9634146341463415
4a96e70518393fcc1cd2,1.3333333333333333,1.5666666666666667,1.5666666666666667,1.3333333333333333
cba13e8173eb07f7f041,2.053571428571429,2.0616666666666665,2.0616666666666665,2.053571428571429
37c0b4477c8843daf76d,2.1333333333333333,1.8166666666666667,1.8166666666666667,2.1333333333333333
b30006f2504e4d2c89b2,1.6711165048543688,1.6463414634146343,1.6463414634146343,1.6711165048543688
e898d4599fe7b03b68b8,0.5,0.8333333333333334,0.8333333333333334,0.5
8ebcfb4210d183c63220,0.95,1.4333333333333333,1.4333333333333333,0.95
a62b5af80c977083572b,0.5535714285714286,0.26785714285714285,0.26785714285714285,0.5535714285714286
0ca75d71d84a91d860c4,3.428571428571429,0.48214285714285715,0.48214285714285715,3.428571428571429
c8f03e132b378ea03411,1.2999999999999998,0.16666666666666669,0.16666666666666669,1.2999999999999998
70f36867709506b8a2c8,1.2833333333333332,0.8166666666666667,0.8166666666666667,1.2833333333333332
f077aa5deac79d847385,1.123076923076923,1.1482035928143712,1.1482035928143712,1.123076923076923
0135f9e721ea118a16b5,1.4886363636363638,1.4090909090909092,1.4090909090909092,1.4886363636363638
3a4986e5a210737ecbcf,1.465909090909091,0.7613636363636364,0.7613636363636364,1.465909090909091
92e6a9f13802cc388dbb,1.2261904761904763,0.7045454545454546,0.7045454545454546,1.2261904761904763
a37c422d40c35b51ec70,1.1428571428571428,2.0113636363636362,2.0113636363636362,1.1428571428571428
ace660d0f85cc3d2045f,1.5227272727272727,0.8809523809523809,0.8809523809523809,1.5227272727272727
ad33b192a634c91af6fa,1.715909090909091,1.5795454545454546,1.5795454545454546,1.715909090909091
cca3e6d5dbda0b665d59,1.575242718446602,1.6618357487922706,1.6618357487922706,1.575242718446602
d8d0593c4fcf903eccb3,1.7045454545454546,0.1071428571428571,0.1071428571428571,1.7045454545454546
de293a1eaf5a41bb0854,1.5681818181818181,1.2272727272727273,1.2272727272727273,1.5681818181818181
34fffce6a0e54605f6f5,1.4204545454545456,1.3295454545454546,1.3295454545454546,1.4204545454545456
5a2e2b813bcb949c96b9,1.8522727272727273,1.5227272727272727,1.5227272727272727,1.8522727272727273
99f44a370f2da764ff7e,1.1136363636363638,2.5227272727272725,2.5227272727272725,1.1136363636363638
f830f4d0bfcb210161f4,1.1477272727272727,1.2727272727272727,1.2727272727272727,1.1477272727272727
55328813a18b3cd6a933,1.1607142857142856,1.266990291262136,1.266990291262136,1.1607142857142856
846c015c4fae9c979d15,2.618357487922705,1.1125954198473282,1.1125954198473282,2.618357487922705
968d74f1d7841988709d,0.9685990338164251,2.3031400966183577,2.3031400966183577,0.9685990338164251
a3c3de3e99471c000ec3,1.1870229007633588,1.3239644970414202,1.3239644970414202,1.1870229007633588
cdf9e380e117c0866552,1.654126213592233,1.799757281553398,1.799757281553398,1.654126213592233
f0d95c52606bbd9010ee,1.404126213592233,2.241545893719807,2.241545893719807,1.404126213592233
fd8523bd7e6996794800,1.152173913043478,1.1349431818181819,1.1349431818181819,1.152173913043478
647c51a049cd271da26d,0.40625,0.8,0.8,0.40625
2ac9f9a60c444a170902,1.7166666666666668,0.9333333333333333,0.9333333333333333,1.7166666666666668
8bcc12dd6e1a44b1eefb,0.84375,1.09375,1.09375,0.84375
8373fc7b91c929118467,1.53125,1.15625,1.15625,1.53125
44f77325beadb82d4225,1.90625,0.53125,0.53125,1.90625
a2ace180d94883dffc78,1.6201456310679612,1.246359223300971,1.246359223300971,1.6201456310679612
b67b89bddaf8f4426571,1.3940677966101693,1.6653225806451613,1.6653225806451613,1.3940677966101693
d822f0aa7aefe98ec8f3,0.65,2.3166666666666664,2.3166666666666664,0.65
671fdaf04df36c39d170,2.216666666666667,1.3125,1.3125,2.216666666666667
f095ac391ebc36cdd3cd,1.328125,1.8333333333333335,1.8333333333333335,1.328125
48a73bb06c93c235f056,2.5333333333333337,1.40625,1.40625,2.5333333333333337
0ee1b1bc313545aa03e4,1.6847826086956523,1.3695652173913044,1.3695652173913044,1.6847826086956523
117de46644c948b99a27,1.673913043478261,1.9673913043478262,1.9673913043478262,1.673913043478261
19501bc9f702d58819cb,1.5,1.1630434782608696,1.1630434782608696,1.5
4c0f17355d4a7075e07a,1.565217391304348,0.8152173913043478,0.8152173913043478,1.565217391304348
712a69b82f65805d6be4,1.641304347826087,1.5,1.5,1.641304347826087
76d76b6fe6769efd2211,1.076086956521739,1.5543478260869565,1.5543478260869565,1.076086956521739
91b2c1c0f64632c6f1be,1.1363636363636365,0.1477272727272727,0.1477272727272727,1.1363636363636365
a38005ed28a788da4871,1.0543478260869565,0.8695652173913044,0.8695652173913044,1.0543478260869565
fc6ceba836f2bf79f278,1.1590909090909092,0.8863636363636364,0.8863636363636364,1.1590909090909092
e0d81b46e99917ff733c,1.815217391304348,2.5543478260869565,2.5543478260869565,1.815217391304348
554fa18a538376d09ed4,1.4021739130434783,1.3369565217391304,1.3369565217391304,1.4021739130434783
dee65cb83a21c31624ad,1.391304347826087,1.315217391304348,1.315217391304348,1.391304347826087
23d7a715de081d2837b6,0.75,1.984375,1.984375,0.75
2e01d53f1b8117d3db86,1.6618357487922706,2.246394230769231,2.246394230769231,1.6618357487922706
35dfcf789b418998ce94,1.566425120772947,1.134180790960452,1.134180790960452,1.566425120772947
4e7bcc2bb68cba88b05e,1.1723484848484849,1.7898550724637683,1.7898550724637683,1.1723484848484849
5632c515a8631b965ee7,1.396135265700483,1.2596618357487923,1.2596618357487923,1.396135265700483
83945af483e5e90c913d,1.1514423076923077,1.1022727272727273,1.1022727272727273,1.1514423076923077
a4330ca203a61790a680,0.9627403846153846,1.6694711538461537,1.6694711538461537,0.9627403846153846
0d7a4d9751594c4aba6c,1.3918539325842698,2.3076923076923075,2.3076923076923075,1.3918539325842698
22d842d8856cfb54bb9e,2.4270833333333335,1.097826086956522,1.097826086956522,2.4270833333333335
251658504a5a618a4488,1.5729166666666667,1.375,1.375,1.5729166666666667
25935b0e5ea76d5d6f6d,1.1730769230769231,1.2391304347826086,1.2391304347826086,1.1730769230769231
2ffd98651109b722ad7b,0.18478260869565216,1.6041666666666667,1.6041666666666667,0.18478260869565216
35a885324addc0031656,0.8229166666666666,1.8854166666666665,1.8854166666666665,0.8229166666666666
3a613e614add1f8d049e,1.6280193236714975,1.338235294117647,1.338235294117647,1.6280193236714975
5dff0635ca43c3274c60,0.7708333333333334,1.4270833333333333,1.4270833333333333,0.7708333333333334
8c7c87d1326638ba8f29,1.875,1.3333333333333333,1.3333333333333333,1.875
9dc1ba460baa45add1e9,1.4791666666666667,1.7395833333333333,1.7395833333333333,1.4791666666666667
bc01df7ce142b224a40b,2.621394230769231,1.6547619047619049,1.6547619047619049,2.621394230769231
cdd85deb5b7c2acc0a4a,1.3020833333333335,1.6354166666666665,1.6354166666666665,1.3020833333333335
fec7127ff47d98ab3b0b,1.25,1.1458333333333333,1.1458333333333333,1.25
90e30122bafb9ffbc6b5,1.4479166666666667,1.1304347826086958,1.1304347826086958,1.4479166666666667
548ac9b8f6de0ce3b7ce,0.9891304347826086,1.5625,1.5625,0.9891304347826086
9708a58ce3c7c4be3052,1.4166666666666667,1.1666666666666665,1.1666666666666665,1.4166666666666667
adcdc436d5816256b383,2.40625,0.9852941176470589,0.9852941176470589,2.40625
0a78e4e3d3841fafd32c,1.125,1.3942307692307692,1.3942307692307692,1.125
594735afea10627d1dce,1.2584134615384617,0.9629186602870813,0.9629186602870813,1.2584134615384617
5ba729fe36cc37b45d1e,1.0902255639097744,1.6502403846153848,1.6502403846153848,1.0902255639097744
bf7667b41019eb8395c8,2.2535885167464116,1.1710526315789473,1.1710526315789473,2.2535885167464116
d36c49e1c3a43ad7406d,1.147058823529412,1.84375,1.84375,1.147058823529412
4cf2444e551b3468d75d,0.953125,1.3088235294117647,1.3088235294117647,0.953125
213473e82f2ec24f0e3d,0.47058823529411764,0.676470588235294,0.676470588235294,0.47058823529411764
bb61f7d679324a9c6ed3,0.828125,2.0,2.0,0.828125
e9b2d6a867449655a406,2.073529411764706,1.3088235294117647,1.3088235294117647,2.073529411764706
21030772c6e65f23bdda,1.36,1.79,1.79,1.36
28e03bc5b349095f57f5,1.23,1.55,1.55,1.23
35548d011a81e05284ab,1.53,1.41,1.41,1.53
5094c230c7cd854203c6,1.2379807692307692,1.5757211538461537,1.5757211538461537,1.2379807692307692
5baa6f29277dccca407d,0.14583333333333331,1.3599999999999999,1.3599999999999999,0.14583333333333331
61ccddd8b14354673537,1.666267942583732,1.3896648044692737,1.3896648044692737,1.666267942583732
7cba86aa60afe23711bc,1.7860576923076923,2.6136363636363638,2.6136363636363638,1.7860576923076923
84bbb7fafba8007fb376,1.6900000000000002,1.6700000000000002,1.6700000000000002,1.6900000000000002
92a25135884a21d01150,1.3362573099415205,1.1626794258373205,1.1626794258373205,1.3362573099415205
d673742dcaef43892d54,1.55,0.87,0.87,1.55
f9fa32bcc7bfec8a8ab0,1.64453125,1.625,1.625,1.64453125
fc807e296e0b4a6c892d,2.3014354066985643,1.1720588235294116,1.1720588235294116,2.3014354066985643
e3fe3173a3875ea56c8f,2.37,1.22,1.22,2.37
6ed94e56aae712906cf6,2.296875,1.5,1.5,2.296875
01a09b70cb3e2c5c85e4,1.2058823529411766,0.36764705882352944,0.36764705882352944,1.2058823529411766
bd0b6bd83747fb2432ac,1.09375,1.0625,1.0625,1.09375
4dff5d3493202b70c714,1.0147058823529411,0.5625,0.5625,1.0147058823529411
e88c95a0ced93912ff0f,1.78125,2.578125,2.578125,1.78125
279018714361057c8544,1.19,1.34,1.34,1.19
ce4d406e7489941d81d9,1.0783582089552237,1.2488038277511961,1.2488038277511961,1.0783582089552237
9bad3b512c267d158a0c,1.9264705882352942,0.5,0.5,1.9264705882352942
eeca770e2392333426b4,1.9444444444444444,0.8382352941176471,0.8382352941176471,1.9444444444444444
367ed4f9b0614b20e766,1.9444444444444444,1.2916666666666665,1.2916666666666665,1.9444444444444444
0c4a730811ba6c8b59a0,1.6630952380952382,1.1159217877094971,1.1159217877094971,1.6630952380952382
47b12c13076dd316e1cd,1.4043062200956937,2.605952380952381,2.605952380952381,1.4043062200956937
98fe28f93193c26d32fe,1.659090909090909,1.229665071770335,1.229665071770335,1.659090909090909
9c4cf3f4b385730226f9,1.6220095693779903,1.1604477611940298,1.1604477611940298,1.6220095693779903
ba3326b29e40dfa891c6,1.3875,1.584928229665072,1.584928229665072,1.3875
e5a6a4b94e118564efdd,1.7822966507177032,1.1710526315789473,1.1710526315789473,1.7822966507177032
f53c53d5dd0117867b08,1.6346153846153846,1.3488372093023255,1.3488372093023255,1.6346153846153846
f9c1f45372d97b20d2e2,0.9761904761904763,1.1547619047619049,1.1547619047619049,0.9761904761904763
6d207770b792b0da2a37,0.4852941176470589,2.367647058823529,2.367647058823529,0.4852941176470589
b25a99951a6d61fe8970,1.4166666666666665,1.6470588235294117,1.6470588235294117,1.4166666666666665
176d867fc5f10f9421e1,1.0694444444444446,1.1666666666666665,1.1666666666666665,1.0694444444444446
58d0343b16ed9b1bcad5,0.5277777777777777,1.3888888888888888,1.3888888888888888,0.5277777777777777
849cfd4efdef9b8a4dc9,2.6323529411764706,0.9558823529411765,0.9558823529411765,2.6323529411764706
4daaa0ec10b234d813b4,2.295238095238095,2.2583333333333333,2.2583333333333333,2.295238095238095
c0563942534b5746303d,0.9166666666666666,1.125,1.125,0.9166666666666666
568b07a025a90f6ddab2,0.6944444444444444,2.4558823529411766,2.4558823529411766,0.6944444444444444
00b6a4b9c9f46d814c97,2.3666666666666667,1.6666666666666667,1.6666666666666667,2.3666666666666667
31b173826e73d5218daa,1.5277777777777777,2.0277777777777777,2.0277777777777777,1.5277777777777777
a37050b0d0154415d9fa,0.43421052631578944,1.1842105263157896,1.1842105263157896,0.43421052631578944
00aa8f9d62b6137d2d84,0.9166666666666666,1.3166666666666667,1.3166666666666667,0.9166666666666666
353ae6eefd7d9ff922e9,1.0333333333333332,0.3833333333333333,0.3833333333333333,1.0333333333333332
8eeed8e628a9cac89458,0.31666666666666665,1.7731788079470199,1.7731788079470199,0.31666666666666665
c353b45115041f4489a6,1.1842105263157894,2.026315789473684,2.026315789473684,1.1842105263157894
e04de0ab9009ceebc566,1.7833333333333334,2.15,2.15,1.7833333333333334
85f1c6d208554fbc51c3,1.0921052631578947,1.526315789473684,1.526315789473684,1.0921052631578947
ed70fe33cf9ff291d2c3,0.875,0.7638888888888888,0.7638888888888888,0.875
6688382a11d7748dc6bc,2.375,0.5526315789473685,0.5526315789473685,2.375
aac9a52a2edcd9ddd774,0.75,0.9666666666666667,0.9666666666666667,0.75
9d7f3c986d9e63c23a00,1.2897350993377483,3.466666666666667,3.466666666666667,1.2897350993377483
d497d974f57cf8ef2da5,1.368421052631579,0.5138888888888888,0.5138888888888888,1.368421052631579
deddfcde02844355a316,2.2916666666666665,2.680555555555556,2.680555555555556,2.2916666666666665
645731199408f09b640b,0.9210526315789473,0.7105263157894737,0.7105263157894737,0.9210526315789473
82b4bbbce0ddb943b567,1.118421052631579,2.039473684210526,2.039473684210526,1.118421052631579
98333a7768514a3b3953,1.625,1.90625,1.90625,1.625
4bdb5687fc174fc702c6,0.421875,0.359375,0.359375,0.421875
8902e551f1b9dd96b4e0,0.963855421686747,2.28125,2.28125,0.963855421686747
1d3ea416ff97d6fef371,1.0,2.223684210526316,2.223684210526316,1.0
24e88db4e0086fbc937e,0.5833333333333334,1.269736842105263,1.269736842105263,0.5833333333333334
0239c46845746a9417b3,1.4375,2.044701986754967,2.044701986754967,1.4375
3b3e6cf1cb02d138f59e,1.15625,1.95,1.95,1.15625
4f9c59119616a8dc2eab,3.546875,1.03125,1.03125,3.546875
96b7c6ccd14ff8fc0ea7,0.7105263157894737,2.5921052631578947,2.5921052631578947,0.7105263157894737
74a5f8247f328983efc8,1.5,0.4736842105263158,0.4736842105263158,1.5
2e6b9596a7d730a875d2,1.768092105263158,0.640625,0.640625,1.768092105263158
313b1f53b129966aec2e,2.302631578947368,1.9736842105263157,1.9736842105263157,2.302631578947368
488d3d9177e15f69c6cc,1.875,1.1346153846153846,1.1346153846153846,1.875
ff2dfcc8bee707d53c9d,1.5147058823529411,0.9434523809523809,0.9434523809523809,1.5147058823529411
8c95010a73882232cab7,1.625,0.4625,0.4625,1.625
015365106a5b3e5bdb32,1.5865384615384615,0.78,0.78,1.5865384615384615
0a85d9af41e3cfcc1ba7,1.6153846153846152,1.72,1.72,1.6153846153846152
1acb1abe243bebb60e4e,1.1831395348837208,1.3784530386740332,1.3784530386740332,1.1831395348837208
36f9ad01834d34d7f1dc,0.8173076923076924,1.5961538461538463,1.5961538461538463,0.8173076923076924
4a37744836fb5eedef36,1.4519230769230769,1.625,1.625,1.4519230769230769
53f8c7d887d70c5fc4b8,1.66,1.2692307692307692,1.2692307692307692,1.66
5d6fb3cd08ac4eedfa00,0.8958333333333334,0.10999999999999999,0.10999999999999999,0.8958333333333334
68e671ea0789e76bf6fb,1.2285714285714284,1.5984848484848484,1.5984848484848484,1.2285714285714284
b0f4ae8bb81b8e8f32e7,2.2523696682464456,1.0944444444444443,1.0944444444444443,2.2523696682464456
b8c94d818005910ef6b7,1.2416666666666667,1.613095238095238,1.613095238095238,1.2416666666666667
c665d401a203c5dd8b7f,1.3627167630057804,1.7726190476190475,1.7726190476190475,1.3627167630057804
d7de065b4c5bcc80b79d,1.1152777777777778,2.2890995260663507,2.2890995260663507,1.1152777777777778
d7fd50d6dde9a04abcbc,1.06,1.94,1.94,1.06
e83abc5b516b5e80e55b,2.5983412322274884,1.659952606635071,1.659952606635071,2.5983412322274884
f93e58e2a2a91eada2df,1.3461538461538463,1.7596153846153846,1.7596153846153846,1.3461538461538463
77a6ae982857539ce5a3,1.4134615384615385,2.269230769230769,2.269230769230769,1.4134615384615385
160c5c7aba4af63b9700,2.625,1.175,1.175,2.625
3bb865dc7a53f4bc167d,1.26,1.0899999999999999,1.0899999999999999,1.26
44a3c23dfe3755021d1f,1.96875,2.078125,2.078125,1.96875
7262be0d473de913961e,0.5294117647058824,0.9411764705882353,0.9411764705882353,0.5294117647058824
a56deab0976fb21ddf59,0.53125,2.3676470588235294,2.3676470588235294,0.53125
b5ef885299a990f3026c,0.3823529411764706,1.2826797385620916,1.2826797385620916,0.3823529411764706
f2ec1ab57fb32437cade,1.0294117647058825,0.84375,0.84375,1.0294117647058825
8be1894727021cafab94,1.2980769230769231,1.1730769230769231,1.1730769230769231,1.2980769230769231
b85868e3298aef3700c7,1.0999999999999999,2.1625,2.1625,1.0999999999999999
31d4a4f1c415cd881175,3.5441176470588234,2.0542763157894735,2.0542763157894735,3.5441176470588234
0d1facda241045936e76,2.15,0.8374999999999999,0.8374999999999999,2.15
2d5011fcac01b00559ee,1.1540284360189572,1.655952380952381,1.655952380952381,1.1540284360189572
bed6ff85a1acac4cc3d0,1.592857142857143,0.9763033175355451,0.9763033175355451,1.592857142857143
9d380339eb66bd06b104,0.8624999999999999,1.0,1.0,0.8624999999999999
a742dd35a53cd042a801,0.575,1.5875,1.5875,0.575
518240dcd8a71b013966,1.7630718954248366,1.9852941176470589,1.9852941176470589,1.7630718954248366
d022dcdc696b0a5663ab,1.323529411764706,0.6617647058823529,0.6617647058823529,1.323529411764706
e19942a73e92673c9979,2.1,1.0125,1.0125,2.1
01f74ec04e8611332f87,0.6625,2.3625,2.3625,0.6625
37dfb6f327c6526f24cb,1.1759259259259258,1.4023809523809523,1.4023809523809523,1.1759259259259258
8e3fd9b3c8a51b723f0e,0.4375,1.0,1.0,0.4375
e3cf73745f3b9977e78b,1.8499999999999999,1.4625,1.4625,1.8499999999999999
0c0da5106ac0dbda35a2,1.5648148148148147,2.0096153846153846,2.0096153846153846,1.5648148148148147
7c9e0ba7a0895a7c5b27,1.4166666666666667,1.1730769230769231,1.1730769230769231,1.4166666666666667
9a6d5d6565a1ad15e37e,1.721153846153846,1.6851851851851851,1.6851851851851851,1.721153846153846
9f6e95654925e558a692,1.287037037037037,0.09615384615384615,0.09615384615384615,1.287037037037037
d2fcea9c1c8153a72b18,0.9074074074074074,1.0833333333333333,1.0833333333333333,0.9074074074074074
fd71eed7cf0e38a0f7d6,1.4351851851851851,0.7884615384615384,0.7884615384615384,1.4351851851851851
fe3f52b55acfc5a9a426,0.9903846153846153,1.1666666666666667,1.1666666666666667,0.9903846153846153
59ff55b577c55fb77b5d,1.6851851851851851,2.305555555555556,2.305555555555556,1.6851851851851851
6f7b92d0970763eb9722,1.3518518518518519,1.5277777777777777,1.5277777777777777,1.3518518518518519
9f13eeaf865d79016927,0.9900000000000001,1.6346153846153846,1.6346153846153846,0.9900000000000001
5b15fb2f8905c21836ee,1.201923076923077,1.212962962962963,1.212962962962963,1.201923076923077
5434a1ca291cbe6925aa,1.925925925925926,1.6018518518518519,1.6018518518518519,1.925925925925926
71674c3d5434d802f1fe,1.0,1.482142857142857,1.482142857142857,1.0
ba13de6af0e97aa2c388,0.8529411764705882,0.4852941176470589,0.4852941176470589,0.8529411764705882
dbedf1684fdc78b14911,0.488095238095238,2.654761904761905,2.654761904761905,0.488095238095238
0b525133789f8e8cd0fb,1.5089285714285714,1.4196428571428572,1.4196428571428572,1.5089285714285714
10544c65773ba1783986,0.7962962962962963,1.3392857142857144,1.3392857142857144,0.7962962962962963
193f7ac19af155112daa,0.07407407407407407,1.4910714285714286,1.4910714285714286,0.07407407407407407
1e4d44a7b73a50c36d63,1.6042654028436019,1.1146408839779005,1.1146408839779005,1.6042654028436019
737e0b14924a74b02b9e,1.623134328358209,1.2511848341232226,1.2511848341232226,1.623134328358209
799ffb829b1a5ef21005,2.064814814814815,1.1481481481481481,1.1481481481481481,2.064814814814815
95e26cf929862ad14a73,1.1203703703703702,1.6160714285714286,1.6160714285714286,1.1203703703703702
ad01e9fa8a00724d8346,2.283018867924528,1.1746323529411764,1.1746323529411764,2.283018867924528
c564d277c755dac730b8,1.25,1.7962962962962963,1.7962962962962963,1.25
d351fbd65b4c006f518e,0.9764150943396227,2.5837264150943393,2.5837264150943393,0.9764150943396227
d4836564b3eb48708d1b,1.400473933649289,1.1748554913294798,1.1748554913294798,1.400473933649289
e810a8e207a0f861c2aa,1.6111111111111112,0.9351851851851851,0.9351851851851851,1.6111111111111112
303c7842ff2c0fbd7dae,1.5982142857142858,1.9732142857142858,1.9732142857142858,1.5982142857142858
abcb05c69c8ac91a65b5,1.5357142857142856,1.3660714285714286,1.3660714285714286,1.5357142857142856
c4fb9a8230fe7645c3de,0.9404761904761906,1.9404761904761905,1.9404761904761905,0.9404761904761906
054226789ec1a80f401d,0.6805555555555555,3.569444444444444,3.569444444444444,0.6805555555555555
1580b5c37305b1826475,0.9441176470588235,1.838235294117647,1.838235294117647,0.9441176470588235
952e47ff56a270b30a15,2.034313725490196,0.41666666666666663,0.41666666666666663,2.034313725490196
c40caae0d520a6555e64,2.1470588235294117,1.4861111111111112,1.4861111111111112,2.1470588235294117
c8086f2b985a6e4ef00a,1.280844155844156,0.48611111111111105,0.48611111111111105,1.280844155844156
a2f3cc4517a93389ae4a,0.9523809523809524,0.7023809523809524,0.7023809523809524,0.9523809523809524
7afb36ab78f55c855d40,2.4166666666666665,1.7581168831168832,1.7581168831168832,2.4166666666666665
a731aa751a4ed3b656e7,1.357142857142857,0.6190476190476191,0.6190476190476191,1.357142857142857
3a394ae8a1fcf71eadb9,1.09375,1.3520114942528736,1.3520114942528736,1.09375
4fd798d4047af313a659,1.6469194312796207,1.5900473933649288,1.5900473933649288,1.6469194312796207
97be3d62ee00ffabbf7e,1.6686320754716981,2.2464622641509435,2.2464622641509435,1.6686320754716981
a77f878e2e91f2d281c3,1.7808056872037914,1.221563981042654,1.221563981042654,1.7808056872037914
9e45311e6dc10118c806,1.0,1.0357142857142858,1.0357142857142858,1.0
38f33500b453de6dc1bf,1.2857142857142858,0.9903846153846154,0.9903846153846154,1.2857142857142858
1eee28f3eacca11f0b4d,1.5,0.869047619047619,0.869047619047619,1.5
af5743d863c17e45e4fa,1.0,1.5952380952380951,1.5952380952380951,1.0
fe70eb8278d0c5671dd9,1.9305555555555556,1.027777777777778,1.027777777777778,1.9305555555555556
9505e9e603aaba557bcc,1.0694444444444444,1.3055555555555556,1.3055555555555556,1.0694444444444444
9f2f6ad720fb62109c22,2.214285714285714,2.0357142857142856,2.0357142857142856,2.214285714285714
17e92a1d525d5bd2cede,2.404761904761905,2.1666666666666665,2.1666666666666665,2.404761904761905
6366f9d992ce7a7766fe,1.3887362637362637,1.1639150943396226,1.1639150943396226,1.3887362637362637
e8d955ac1e73865ff665,2.3392857142857144,1.0267857142857142,1.0267857142857142,2.3392857142857144
4b9456229b1d49079a73,1.1071428571428572,0.46428571428571425,0.46428571428571425,1.1071428571428572
081f087f10ee6226732a,2.0454545454545454,0.5138888888888888,0.5138888888888888,2.0454545454545454
5c6da9c281e4abf8a7eb,2.2222222222222223,0.930232558139535,0.930232558139535,2.2222222222222223
18df2fce643d163f85ad,1.4655172413793103,1.560344827586207,1.560344827586207,1.4655172413793103
5459c0ab9b2f7495a425,1.2693548387096776,1.0,1.0,1.2693548387096776
2dd18588f271da07ffa5,0.9772727272727273,1.3409090909090908,1.3409090909090908,0.9772727272727273
06aa422e5eba4506960a,2.25,1.3620689655172415,1.3620689655172415,2.25
0de069d47bfb7ac16d56,1.353448275862069,0.8839285714285714,0.8839285714285714,1.353448275862069
18c824fe814cfc51f5bd,1.1897810218978102,0.9694835680751174,0.9694835680751174,1.1897810218978102
37787c25281a5eee5363,1.2321428571428572,1.6982758620689655,1.6982758620689655,1.2321428571428572
500b0d7c4606b8d6cbc6,1.2758620689655173,1.5172413793103448,1.5172413793103448,1.2758620689655173
5f81be103858e777d66c,1.5689655172413792,0.05357142857142855,0.05357142857142855,1.5689655172413792
8049c9d6297090b48036,2.2347417840375585,1.3866120218579234,1.3866120218579234,2.2347417840375585
8bb5e6c012761e708b63,1.1631455399061033,1.3926886792452828,1.3926886792452828,1.1631455399061033
c63a99296480a898452b,1.0,0.9907407407407408,0.9907407407407408,1.0
d9c986983f4b9169bd82,1.103448275862069,2.043103448275862,2.043103448275862,1.103448275862069
dd5ff976e798e5c76e23,1.580188679245283,2.27112676056338,2.27112676056338,1.580188679245283
e4ac9b8f3754c21378d8,1.1982758620689655,1.5892857142857144,1.5892857142857144,1.1982758620689655
fa7448b05a074b75fd20,1.5086206896551726,1.9732142857142858,1.9732142857142858,1.5086206896551726
fda5550d3a619c52153e,1.2617924528301887,1.7889150943396226,1.7889150943396226,1.2617924528301887
a51b4d90b8e672963e8e,1.044642857142857,1.2844827586206895,1.2844827586206895,1.044642857142857
20d9ea9b9dabc878fbd2,1.8482142857142858,0.9375000000000001,0.9375000000000001,1.8482142857142858
b51b84cbef6540c48eab,1.1363636363636365,0.4204545454545454,0.4204545454545454,1.1363636363636365
1be6a15911c73eaafe25,0.6447368421052632,2.0387096774193547,2.0387096774193547,0.6447368421052632
319ed91f68261586fc5f,1.9166666666666665,1.381578947368421,1.381578947368421,1.9166666666666665
47d1433867b829253a7f,0.5394736842105263,0.8157894736842105,0.8157894736842105,0.5394736842105263
76d8086ef9b828421690,1.7419354838709677,2.2894736842105265,2.2894736842105265,1.7419354838709677
e820285053dbe19ae0e9,0.9342105263157894,0.9137931034482759,0.9137931034482759,0.9342105263157894
406dc1e8bce5c9b2743a,0.6590909090909091,2.0795454545454546,2.0795454545454546,0.6590909090909091
69fcc3483ee95b5aa0bf,3.368421052631579,0.8611111111111112,0.8611111111111112,3.368421052631579
5de6a36bce0e0dbe369a,0.4204545454545454,1.0568181818181819,1.0568181818181819,0.4204545454545454
1b0346128dc877b3dc9c,2.5880281690140845,1.6014150943396226,1.6014150943396226,2.5880281690140845
386314adc36dba8bb8cf,1.3414285714285714,1.6556603773584906,1.6556603773584906,1.3414285714285714
632edde0d5d102ee59ba,1.213443396226415,1.1113138686131387,1.1113138686131387,1.213443396226415
902431afade3c7a50fef,1.1867816091954022,1.676056338028169,1.676056338028169,1.1867816091954022
53a5bb36bea1b5894970,0.6363636363636365,0.8295454545454545,0.8295454545454545,0.6363636363636365
1f43da825656f7b3053f,1.7045454545454544,2.0568181818181817,2.0568181818181817,1.7045454545454544
8d11fdce2a09ebf6a85b,1.4078947368421053,2.026315789473684,2.026315789473684,1.4078947368421053
bf7864449f6232acfd0a,0.35526315789473684,2.486842105263158,2.486842105263158,0.35526315789473684
8d8d5cded6df39f0e8f7,2.715909090909091,0.9431818181818181,0.9431818181818181,2.715909090909091
718c39a26c48c152044b,2.1136363636363638,0.9090909090909091,0.9090909090909091,2.1136363636363638
0fd221617394acfb7ba2,1.114010989010989,1.5919117647058825,1.5919117647058825,1.114010989010989
db9cbce859f6f872e4ef,2.1136363636363638,1.2159090909090908,1.2159090909090908,2.1136363636363638
c0cce4ace21f4ff1f07e,0.8362068965517241,1.2241379310344829,1.2241379310344829,0.8362068965517241
67102466ff0531662030,0.043103448275862044,0.896551724137931,0.896551724137931,0.043103448275862044
aaa67cdd00c6348eabe2,1.517241379310345,1.896551724137931,1.896551724137931,1.517241379310345
97f297b80fc3b611d493,2.340909090909091,1.4204545454545454,1.4204545454545454,2.340909090909091
15e314e07d583d4afc73,1.1105072463768115,1.373641304347826,1.373641304347826,1.1105072463768115
066d6bb41b6140d9700a,1.425,1.129310344827586,1.129310344827586,1.425
293bfc38bd5e96330c82,1.2875,1.7275641025641026,1.7275641025641026,1.2875
b40d26d6a9217676fc56,0.3804347826086957,0.3586956521739131,0.3586956521739131,0.3804347826086957
3901e69127290140cc66,1.45,0.9416666666666667,0.9416666666666667,1.45
3918281540267e1dd4b2,1.675,1.625,1.625,1.675
3a94a60b95ca0020746b,0.975,1.0583333333333333,1.0583333333333333,0.975
499b860e30187e84c01e,1.6231884057971013,2.2429906542056077,2.2429906542056077,1.6231884057971013
54fb99dc2b9136c209fa,1.0892857142857144,1.4916666666666665,1.4916666666666665,1.0892857142857144
56dd1823902e8deeb84f,1.7957746478873238,0.9626168224299065,0.9626168224299065,1.7957746478873238
67e4879f4bfc3eb9c14e,1.5,1.3499999999999999,1.3499999999999999,1.5
7804864dac9f715338fc,1.3522727272727273,1.5692488262910798,1.5692488262910798,1.3522727272727273
a3fcce55ce8755b648d6,1.646713615023474,1.2065217391304346,1.2065217391304346,1.646713615023474
bf5d4c03ef6975a15c82,1.5985915492957745,1.6834112149532712,1.6834112149532712,1.5985915492957745
c7da79528682ffe65e2e,1.4666666666666668,1.8666666666666667,1.8666666666666667,1.4666666666666668
da81273e4bcf6f1ee2cb,0.7916666666666667,2.1666666666666665,2.1666666666666665,0.7916666666666667
e7ec5c6c405ad0778d68,1.2546948356807512,1.1038251366120218,1.1038251366120218,1.2546948356807512
f1469c8c2518a5b05b83,1.1623831775700935,1.1785714285714286,1.1785714285714286,1.1623831775700935
92a4ab96f579c30f0503,1.9396551724137931,1.5583333333333333,1.5583333333333333,1.9396551724137931
42c59ff2622daa59baea,1.2249999999999999,1.4249999999999998,1.4249999999999998,1.2249999999999999
19dba840452f78195035,2.525,1.2596153846153848,1.2596153846153848,2.525
441d60870fcec03e9f7b,2.0875,0.49999999999999994,0.49999999999999994,2.0875
674d1312e9a5f5ce950d,0.9147727272727273,1.3250000000000002,1.3250000000000002,0.9147727272727273
735a1f0b5d6838463d6c,0.9375000000000001,0.775,0.775,0.9375000000000001
781783bd9c6a83528e0d,0.868421052631579,0.325,0.325,0.868421052631579
928ac9d7f87ba463eb66,2.130434782608696,0.9239130434782609,0.9239130434782609,2.130434782608696
12c64ed344f4d41ecdbd,2.0,0.9375,0.9375,2.0
2f5374d5434c4389b41b,0.9347826086956521,0.6195652173913043,0.6195652173913043,0.9347826086956521
2a7e81b4e694bca76cee,2.580607476635514,2.27803738317757,2.27803738317757,2.580607476635514
c197ffa4a1aca9899740,1.2124413145539907,1.3908450704225352,1.3908450704225352,1.2124413145539907
1ccc3da644e8a3ca20aa,0.033333333333333326,1.2750000000000001,1.2750000000000001,0.033333333333333326
8e882488dd4765358b6d,0.8369565217391304,1.3260869565217392,1.3260869565217392,0.8369565217391304
098fe971f8dc265c4ae6,1.3043478260869565,0.5978260869565217,0.5978260869565217,1.3043478260869565
57f6a27a67ab9a6dc47e,2.0240384615384617,1.1124999999999998,1.1124999999999998,2.0240384615384617
22c77d783911b78b36ce,2.75,1.2391304347826086,1.2391304347826086,2.75
aeb80e20f8c41010a10c,2.35,3.25,3.25,2.35
a15bf77bbc7f6ac1f975,1.4239130434782608,2.1847826086956523,2.1847826086956523,1.4239130434782608
6b7f13e9f8ba56bce998,0.8804347826086957,1.673913043478261,1.673913043478261,0.8804347826086957
1941346555746cc0727b,2.0833333333333335,1.3,1.3,2.0833333333333335
5f12856694cf96ec3f95,1.1847826086956523,2.0108695652173916,2.0108695652173916,1.1847826086956523
79c0df093f21ed710e5e,1.385135135135135,1.8037383177570092,1.8037383177570092,1.385135135135135
9e7e9c64a6b7dc09be35,1.5607476635514017,1.588785046728972,1.588785046728972,1.5607476635514017
b8066f46aff4c319d711,1.1370967741935485,0.7983870967741935,0.7983870967741935,1.1370967741935485
be7288f5c1f861dc6ae7,1.2050359712230216,1.172093023255814,1.172093023255814,1.2050359712230216
e8bdf6fad9e85296bb3a,1.6918604651162792,1.2651869158878506,1.2651869158878506,1.6918604651162792
8e8e3b9f0dc96b8280a0,1.4112903225806452,1.1774193548387097,1.1774193548387097,1.4112903225806452
7c5d3769fd13f92e0060,0.9435483870967741,1.4838709677419355,1.4838709677419355,0.9435483870967741
46307507a68071abb19d,2.2662790697674415,1.5892857142857144,1.5892857142857144,2.2662790697674415
58b53f56089cc17d22d9,0.9558139534883721,1.0989208633093526,1.0989208633093526,0.9558139534883721
8ddb05e26af31ba0e8a0,1.0951086956521738,1.22196261682243,1.22196261682243,1.0951086956521738
a33cac9c79983e2489be,1.1704545454545454,2.583720930232558,2.583720930232558,1.1704545454545454
ad96a4c3ba79db74a151,1.3831775700934579,1.6436915887850467,1.6436915887850467,1.3831775700934579
cf96df7edf7866c09ba2,1.435483870967742,1.125,1.125,1.435483870967742
bf1b0ccc2f25ffb51019,2.25,1.362994350282486,1.362994350282486,2.25
4fc8c648a1698c78f906,0.9047619047619048,2.5595238095238093,2.5595238095238093,0.9047619047619048
6d73b13af0dafb9fe6c0,2.402173913043478,0.40625,0.40625,2.402173913043478
41765ecca84737127643,1.7338709677419355,0.0,0.0,1.7338709677419355
953be13367f9735acea0,1.4435483870967742,1.5483870967741935,1.5483870967741935,1.4435483870967742
9d17b0715ec66bfd5f20,1.25,1.043103448275862,1.043103448275862,1.25
ed6c15493e72bf464820,0.9274193548387096,1.4112903225806452,1.4112903225806452,0.9274193548387096
9851207a1fbe151f77c0,0.6354166666666666,2.010869565217391,2.010869565217391,0.6354166666666666
a608fbf0bbed9cd790d0,1.3629032258064515,1.5,1.5,1.3629032258064515
33251820b15e1f2489e5,1.4166666666666667,2.1904761904761907,2.1904761904761907,1.4166666666666667
55cf84a94e2372503979,3.285714285714286,0.901685393258427,0.901685393258427,3.285714285714286
569b4c8c48f64dfd5cd1,1.7229299363057327,1.0,1.0,1.7229299363057327
d66df65c4d27ec8c449e,0.9404761904761906,1.2738095238095237,1.2738095238095237,0.9404761904761906
e9cb4ab32aa0c6ffd535,0.6309523809523809,1.95,1.95,0.6309523809523809
a7f727ffe050687da83e,1.7395833333333333,1.40625,1.40625,1.7395833333333333
a6042eb998476d2223dc,1.0476190476190477,1.9761904761904763,1.9761904761904763,1.0476190476190477
31673b496906c5e123bf,2.135416666666667,2.8125,2.8125,2.135416666666667
2dea5a3dd4275d05d712,1.1354166666666665,1.2395833333333333,1.2395833333333333,1.1354166666666665
b3273ac8db10842dfd3b,0.875,0.8333333333333334,0.8333333333333334,0.875
bd9ee02a223d4dd9f886,0.38541666666666663,0.9374999999999999,0.9374999999999999,0.38541666666666663
6d2e1c95b8e843de7c85,0.28571428571428575,0.8690476190476191,0.8690476190476191,0.28571428571428575
fde61c40ea87ac5bd2b4,1.25,2.031847133757962,2.031847133757962,1.25
d3130f163ff94b5847b4,1.2604166666666667,0.9375,0.9375,1.2604166666666667
78e5daa00179b82b7477,2.072916666666667,2.177083333333333,2.177083333333333,2.072916666666667
1bde7cb18abf57a7bf3b,2.120967741935484,2.129032258064516,2.129032258064516,2.120967741935484
37963c697a51ed8bdb12,0.7083333333333334,1.1145833333333335,1.1145833333333335,0.7083333333333334
4bc3b2e02f8a09642bf6,1.0,1.1935483870967742,1.1935483870967742,1.0
4f7053f75e7dbddc4aed,1.5564516129032258,1.5241935483870968,1.5241935483870968,1.5564516129032258
1ccd60f7633082e16b85,2.244212962962963,0.9560185185185184,0.9560185185185184,2.244212962962963
9507096100d03a74eb54,1.9166666666666665,2.4375,2.4375,1.9166666666666665
d02b8577b0cc7cb2c202,0.36,1.22,1.22,0.36
254079c46a02223369fb,1.53125,1.0078125,1.0078125,1.53125
506b747dc88b5669a709,1.1071428571428572,0.8181818181818182,0.8181818181818182,1.1071428571428572
00c77199c7f86051fefa,1.5686046511627907,2.5891203703703702,2.5891203703703702,1.5686046511627907
088b0e216faeb813a63b,1.1328125,1.3828125,1.3828125,1.1328125
199b76f93165f323af20,1.5625,1.4296875,1.4296875,1.5625
232aca6fcb0ee16b44eb,1.0806451612903227,1.78125,1.78125,1.0806451612903227
44b5836c6677ea3dcd54,1.2196428571428573,1.263953488372093,1.263953488372093,1.2196428571428573
46a08dc92219b3260b39,1.3755813953488372,1.3609550561797752,1.3609550561797752,1.3755813953488372
525aaa8364bd29aee777,1.46875,1.21875,1.21875,1.46875
59faf361fbf45c5f7b46,2.171875,0.9453125,0.9453125,2.171875
63c8d5bbae80861adebb,1.9833333333333334,1.5390625,1.5390625,1.9833333333333334
93a90b91a20c346b394f,1.5078125,1.3046875,1.3046875,1.5078125
a62feef4f748b7676ab8,1.3830645161290323,1.6511627906976745,1.6511627906976745,1.3830645161290323
e026c7fc94a61087a36f,1.140625,1.46875,1.46875,1.140625
f10d41f3ce54445afd35,1.1067567567567569,1.8,1.8,1.1067567567567569
4eaf496b4937ba101296,1.3515625,1.7983870967741935,1.7983870967741935,1.3515625
2c1104714d7887391097,0.75,2.0390625,2.0390625,0.75
c53a1ee1fa14ad31e4cf,1.88,2.04,2.04,1.88
1d181ede3f4744a2f619,1.3863636363636365,3.3068181818181817,3.3068181818181817,1.3863636363636365
89b1f3aad50ffb341c9f,0.9772727272727274,1.2484177215189873,1.2484177215189873,0.9772727272727274
90a346502b9233da3bdd,2.0476190476190474,1.7104430379746836,1.7104430379746836,2.0476190476190474
968c65627d9df2e13408,2.2613636363636362,0.9772727272727273,0.9772727272727273,2.2613636363636362
a2ec3ac012ad5b02626e,2.83,0.82,0.82,2.83
372db0383633f80fc62d,2.625,2.0253164556962027,2.0253164556962027,2.625
b2f5fddcf5fd10ba5f09,1.33,1.05,1.05,1.33
0d081ddb5dc308442abf,1.1596045197740112,1.5633802816901408,1.5633802816901408,1.1596045197740112
61e7b1813490b5d47cdb,2.2708333333333335,1.0982142857142858,1.0982142857142858,2.2708333333333335
88c250bd50cb3e795d28,2.238479262672811,1.580232558139535,1.580232558139535,2.238479262672811
de35e386b2b8ba984653,0.9562211981566822,1.2151162790697674,1.2151162790697674,0.9562211981566822
152fb9c988db4276f11b,-0.0078125,1.3125,1.3125,-0.0078125
10ef962f0e43a4abf820,0.8900000000000001,0.88,0.88,0.8900000000000001
ee222006658c5a34a9f8,2.13,1.81,1.81,2.13
812efd635a251bf8f81a,0.8636363636363636,1.3181818181818181,1.3181818181818181,0.8636363636363636
43e1db07daf0d79def08,0.8833333333333333,0.5568181818181818,0.5568181818181818,0.8833333333333333
d436021e072092e4255a,1.0299999999999998,2.3800000000000003,2.3800000000000003,1.0299999999999998
3618c2f961f05a4608ce,2.0454545454545454,0.2613636363636364,0.2613636363636364,2.0454545454545454
5398db0ab780e65c8815,0.84,2.03,2.03,0.84
579740ef3dda521635d6,1.6886574074074074,1.1655092592592593,1.1655092592592593,1.6886574074074074
f83a08e25e6af915c997,0.38,0.74,0.74,0.38
c1610245f46e488ac2d9,1.18,1.34,1.34,1.18
84a3538552962298dac5,1.128787878787879,2.007575757575758,2.007575757575758,1.128787878787879
bd2be6b1eee56dfe70ed,1.1363636363636365,0.9015151515151515,0.9015151515151515,1.1363636363636365
dd172a49c705ed34edb7,1.903225806451613,1.4924242424242424,1.4924242424242424,1.903225806451613
de720328eea3fe9bbf88,1.4545454545454546,1.075757575757576,1.075757575757576,1.4545454545454546
e09aedecabe046dd2d7c,1.4772727272727273,1.3636363636363635,1.3636363636363635,1.4772727272727273
f4a83084b2a2c9bca36b,1.15625,1.5984848484848484,1.5984848484848484,1.15625
6d8927f277552968525e,1.5,1.7265625,1.7265625,1.5
17f396eba0e756e07b07,1.4166666666666667,1.4545454545454546,1.4545454545454546,1.4166666666666667
1aef13c432388cbe5ffe,2.212121212121212,1.371212121212121,1.371212121212121,2.212121212121212
700bcfafb2c91d8c1fd4,-0.015151515151515194,1.1742424242424243,1.1742424242424243,-0.015151515151515194
c039f93fb567e506ef80,1.5227272727272727,1.7121212121212122,1.7121212121212122,1.5227272727272727
c7177fa651c2e3360564,0.7575757575757576,1.371212121212121,1.371212121212121,0.7575757575757576
13e8ea750b77fcb71c31,1.6481481481481481,0.9506880733944956,0.9506880733944956,1.6481481481481481
b26f965b97323cbd16da,1.4338235294117647,1.5073529411764708,1.5073529411764708,1.4338235294117647
9acf3fc6060769d48f3e,0.9782608695652174,1.0760869565217392,1.0760869565217392,0.9782608695652174
689d1b6849eb393cd342,1.0480769230769231,1.1153846153846154,1.1153846153846154,1.0480769230769231
2a42909dc5fdec1afc20,1.2627314814814814,2.2753456221198154,2.2753456221198154,1.2627314814814814
2d460a4586f6ca395c8c,1.4264705882352942,2.2426470588235294,2.2426470588235294,1.4264705882352942
3b47511d25c24fe1a600,1.2426470588235294,1.125,1.125,1.2426470588235294
418540cf04c019ec9414,0.9044117647058822,0.7279411764705882,0.7279411764705882,0.9044117647058822
560e06f2ab453c8fa592,1.3529411764705883,1.953125,1.953125,1.3529411764705883
5b4c0f759919ef0824f3,1.3235294117647058,1.338235294117647,1.338235294117647,1.3235294117647058
77057401556c323c6750,1.1589861751152073,1.5601851851851851,1.5601851851851851,1.1589861751152073
7c7904387a3e0329c351,1.350558659217877,1.1061827956989247,1.1061827956989247,1.350558659217877
ae38e3f7641cae51d2e0,1.536764705882353,-0.02941176470588236,-0.02941176470588236,1.536764705882353
b374d9e392b65cf726ac,2.5921658986175116,1.3810160427807487,1.3810160427807487,2.5921658986175116
cbc3723ea0f487527275,1.772058823529412,1.463235294117647,1.463235294117647,1.772058823529412
e06093ae56c0c20f7d4d,1.7803030303030303,1.1136363636363638,1.1136363636363638,1.7803030303030303
f1d7b9f7932ac49c1718,1.534722222222222,1.2180851063829787,1.2180851063829787,1.534722222222222
10355229053068d884f5,1.036764705882353,1.4411764705882353,1.4411764705882353,1.036764705882353
2ebda15edf00e30c2082,1.6470588235294117,1.1323529411764706,1.1323529411764706,1.6470588235294117
f01c718532896e61f017,0.7692307692307693,1.9423076923076923,1.9423076923076923,0.7692307692307693
031401542ead1e0e36d8,0.8260869565217391,1.9431818181818181,1.9431818181818181,0.8260869565217391
4496d62f5f2f0b23bc99,0.29347826086956524,0.8708791208791209,0.8708791208791209,0.29347826086956524
8fbdcc6cc3f85cce9234,1.7201257861635222,0.8152173913043479,0.8152173913043479,1.7201257861635222
f85d4793fb17da8ab968,0.6739130434782609,2.2065217391304346,2.2065217391304346,0.6739130434782609
aebb213698cf79843a64,2.0384615384615383,0.31730769230769224,0.31730769230769224,2.0384615384615383
2e1650e8635c503db94d,3.3043478260869565,2.5543478260869565,2.5543478260869565,3.3043478260869565
fb34b16754bf14ef3d99,0.9903846153846154,2.855769230769231,2.855769230769231,0.9903846153846154
19c05eebab3784669e27,1.7962962962962963,2.2454128440366974,2.2454128440366974,1.7962962962962963
22e9c219b978a20eefae,1.0886524822695034,1.3854166666666667,1.3854166666666667,1.0886524822695034
889e421ce2bbfc0c2721,1.224537037037037,1.6958525345622122,1.6958525345622122,1.224537037037037
a0095fdf7a96fbf76b48,1.5694444444444446,1.172752808988764,1.172752808988764,1.5694444444444446
75a255027b1a5460432d,2.278846153846154,0.778846153846154,0.778846153846154,2.278846153846154
89d6a88e33ff0aaba468,1.8653846153846154,1.3173076923076925,1.3173076923076925,1.8653846153846154
9afb896411bc5b8a3d66,1.2389937106918238,2.0,2.0,1.2389937106918238
9cbcd425fb0a425107b1,1.4021739130434783,1.315217391304348,1.315217391304348,1.4021739130434783
6c313fb5ee0e9925dc69,1.3173076923076923,0.826923076923077,0.826923076923077,1.3173076923076923
5b512dcc1192d99c5197,2.018867924528302,1.1022727272727273,1.1022727272727273,2.018867924528302
477b464c19b4955502e7,1.9423076923076923,2.0961538461538463,2.0961538461538463,1.9423076923076923
273f33db0ffb18507693,1.4134615384615383,0.3557692307692307,0.3557692307692307,1.4134615384615383
3dec3fc93ed3cbf041ac,1.9779411764705883,1.4558823529411764,1.4558823529411764,1.9779411764705883
e42bce1645f95e75a3f9,0.8365384615384616,1.125,1.125,0.8365384615384616
19ba105eab72e8041e0a,1.0989304812834224,1.1685779816513762,1.1685779816513762,1.0989304812834224
6c5d98ad13b5d7b99153,1.5273972602739727,1.372340425531915,1.372340425531915,1.5273972602739727
d8b3f8e1d0fb03772629,2.282110091743119,0.9623287671232877,0.9623287671232877,2.282110091743119
eaeae15e812560295082,1.3611111111111112,1.216549295774648,1.216549295774648,1.3611111111111112
63b91de03918556880aa,1.8235294117647058,2.0075757575757573,2.0075757575757573,1.8235294117647058
1371bd790a4d03d93269,1.079225352112676,2.5951834862385326,2.5951834862385326,1.079225352112676
1498a80c3ae6f4b56652,1.7868663594470047,1.6382488479262673,1.6382488479262673,1.7868663594470047
275f576aa6dc864f8b74,2.25,1.3940092165898617,1.3940092165898617,2.25
29915c8a729c86c1573b,1.2534562211981568,1.1843575418994414,1.1843575418994414,1.2534562211981568
58899c6bab2a418be043,1.7029816513761469,1.55184331797235,1.55184331797235,1.7029816513761469
de3dba0bc587ddffaf68,1.9021739130434783,1.0434782608695652,1.0434782608695652,1.9021739130434783
0946faec38edc28a9ddc,1.217741935483871,1.5610599078341014,1.5610599078341014,1.217741935483871
72a5ab61e464724d059e,0.7999999999999999,1.407142857142857,1.407142857142857,0.7999999999999999
e71fa16d935b498376ea,0.9166666666666667,3.3020833333333335,3.3020833333333335,0.9166666666666667
169792b13ef5ec0ff1e8,0.925925925925926,2.0833333333333335,2.0833333333333335,0.925925925925926
3bd06ea15228a820d2f8,1.3785714285714286,1.292857142857143,1.292857142857143,1.3785714285714286
445a0d4f6a71678336ca,1.4,1.092857142857143,1.092857142857143,1.4
641b2274ab2daab72cb1,1.0785714285714285,2.0441176470588234,2.0441176470588234,1.0785714285714285
74d31a5ddc219cc3cbcd,0.8714285714285714,1.3857142857142857,1.3857142857142857,0.8714285714285714
cce79dd873cc010fadfb,-0.04285714285714287,1.5,1.5,-0.04285714285714287
ec865038a5ae72f6e54d,1.8214285714285714,1.7642857142857142,1.7642857142857142,1.8214285714285714
97baf58dd104d4013fd8,1.0735294117647058,0.9928571428571428,0.9928571428571428,1.0735294117647058
11f8a493cf148973ca2d,2.0,1.0462962962962963,1.0462962962962963,2.0
19a8f816707a894f8dc4,2.2714285714285714,1.457142857142857,1.457142857142857,2.2714285714285714
2d1f60f6bb35305cbd6f,2.0833333333333335,0.8333333333333334,0.8333333333333334,2.0833333333333335
7066a2e963e0f63c0207,2.104166666666667,0.2604166666666667,0.2604166666666667,2.104166666666667
a8a27fbfb8387c0c69ea,1.1770833333333335,2.0265625,2.0265625,1.1770833333333335
b663077ec2b455f50e06,0.9895833333333333,1.2249999999999999,1.2249999999999999,0.9895833333333333
e7b2fd034365125e0709,1.9583333333333335,1.3229166666666667,1.3229166666666667,1.9583333333333335
5a1567fe3dc37e29b9b3,1.2222222222222223,1.7870370370370372,1.7870370370370372,1.2222222222222223
797c3373598a652d9ab0,2.4375,0.9166666666666666,0.9166666666666666,2.4375
9446666920ee40e59f49,0.33333333333333337,1.9074074074074074,1.9074074074074074,0.33333333333333337
ad17d9652d95cb3d6202,0.7314814814814814,0.7222222222222222,0.7222222222222222,0.7314814814814814
99d8b6c5984c7b4555ac,0.29629629629629634,1.4814814814814814,1.4814814814814814,0.29629629629629634
f7b0450efb8b7ec5863a,1.1111111111111112,0.7777777777777777,0.7777777777777777,1.1111111111111112
4d5dabae7d3828caf395,1.40625,0.78125,0.78125,1.40625
a48871c75fbad8f79282,2.0214285714285714,1.2857142857142856,1.2857142857142856,2.0214285714285714
a5f85819d6c1923303ce,0.8994565217391305,1.7078125000000002,1.7078125000000002,0.8994565217391305
58440f007a4d076a20a5,2.0555555555555554,0.9351851851851852,0.9351851851851852,2.0555555555555554
7d4cfbc2021accff199b,2.8796296296296298,2.324074074074074,2.324074074074074,2.8796296296296298
1a0ef532d2ed74719cfd,1.3888888888888888,1.25,1.25,1.3888888888888888
15fc02054769d5723f93,1.3541666666666667,1.0714285714285714,1.0714285714285714,1.3541666666666667
2574bc0742c6f868e94a,1.5486111111111112,1.8680555555555556,1.8680555555555556,1.5486111111111112
2a1a717e2fcbb49e242f,1.701388888888889,1.6928571428571428,1.6928571428571428,1.701388888888889
431bb72052220e74ec90,1.4857142857142855,-0.048611111111111105,-0.048611111111111105,1.4857142857142855
41759efb57c459f6d1a3,1.4027777777777777,1.0763888888888888,1.0763888888888888,1.4027777777777777
5b0d468a4ed8e55cd702,2.0142857142857142,1.3263888888888888,1.3263888888888888,2.0142857142857142
13e3f38b4110621b56b4,1.152777777777778,2.076388888888889,2.076388888888889,1.152777777777778
45135e2a80064d59e013,0.9930555555555555,0.875,0.875,0.9930555555555555
e3092bca41edcedc7d3d,1.375,1.3071428571428572,1.3071428571428572,1.375
f5e06568cea187f510f4,1.5928571428571427,0.875,0.875,1.5928571428571427
22de458c085306cc3daa,1.2222222222222223,1.3541666666666667,1.3541666666666667,1.2222222222222223
e3b0ea766ed6bb9674c7,1.3541666666666667,2.3055555555555554,2.3055555555555554,1.3541666666666667
3b80b1075ed2eee9d9d8,1.4054054054054055,1.6388888888888888,1.6388888888888888,1.4054054054054055
80efafcf803d654ecbf3,0.7899999999999999,0.85,0.85,0.7899999999999999
26d2338aa0e54b37e8b1,1.107142857142857,0.8839285714285714,0.8839285714285714,1.107142857142857
155b9495b0c153ecf0fa,1.3513513513513513,2.0135135135135136,2.0135135135135136,1.3513513513513513
287ec1b1f1e6d439f4f5,2.5878995433789957,1.2626146788990826,1.2626146788990826,2.5878995433789957
2d080708eb9df1d9b498,1.1824324324324322,1.1418918918918919,1.1418918918918919,1.1824324324324322
3699b65175cf2441de81,1.472222222222222,1.3175675675675675,1.3175675675675675,1.472222222222222
3ed233e92e1f0ae7bd0a,1.215034965034965,1.0904255319148937,1.0904255319148937,1.215034965034965
7808a03eb37376ff474d,1.7432432432432432,0.8783783783783784,0.8783783783783784,1.7432432432432432
9a42645ef716af87cee4,1.2972972972972974,1.361111111111111,1.361111111111111,1.2972972972972974
a1e871987cd328c84d4f,1.386467889908257,1.5506756756756757,1.5506756756756757,1.386467889908257
af5266543b836723b11e,1.1792237442922375,2.2545454545454544,2.2545454545454544,1.1792237442922375
b9ad3571a4a5be937a99,1.2094594594594594,0.9391891891891891,0.9391891891891891,1.2094594594594594
cb62e737413df177d59a,0.9594594594594593,1.9054054054054055,1.9054054054054055,0.9594594594594593
e44df6bbd75f7adb027b,1.5596330275229358,1.7958715596330275,1.7958715596330275,1.5596330275229358
fb49203a76a12daa3bdc,1.9861111111111112,-0.02027027027027023,-0.02027027027027023,1.9861111111111112
2cff23aa4c1af6dfbc75,1.5763888888888888,2.3445945945945947,2.3445945945945947,1.5763888888888888
07858ce9ec2cbed31005,1.7589285714285714,2.767857142857143,2.767857142857143,1.7589285714285714
93fd18a1fcdd40b4d9ee,1.3310810810810811,1.4054054054054055,1.4054054054054055,1.3310810810810811
146c5848bfdb18690e12,0.23000000000000004,1.39,1.39,0.23000000000000004
5d94c8fd50f00a93b81a,1.21583850931677,2.16,2.16,1.21583850931677
6d40952c6f9f36619731,1.12,2.47,2.47,1.12
e05e15b486592c8030e8,3.3200000000000003,1.92,1.92,3.3200000000000003
a1a0aa01a218210320c3,0.8125,2.125,2.125,0.8125
02320eae4c830c973d5f,0.87,1.0799999999999998,1.0799999999999998,0.87
f0bc3c1065799614707b,1.9821428571428572,1.2142857142857144,1.2142857142857144,1.9821428571428572
0014cde464c15ca0754c,1.551605504587156,2.2705479452054798,2.2705479452054798,1.551605504587156
34bd16e86738716f648d,1.6272935779816513,1.6940639269406392,1.6940639269406392,1.6272935779816513
44437eb5320a4aa5756d,1.176388888888889,1.0786713286713288,1.0786713286713288,1.176388888888889
ffa0ef7ad7c9e6e66dc2,1.363756613756614,1.228211009174312,1.228211009174312,1.363756613756614
05b29095ef11cc76b541,1.0178571428571428,0.4017857142857143,0.4017857142857143,1.0178571428571428
a1f58b24c5a0f97ea632,1.419642857142857,1.330357142857143,1.330357142857143,1.419642857142857
7d59c1b85e27d9e0fafd,1.0,0.2857142857142857,0.2857142857142857,1.0
decdf4eab0bb81b3541d,0.84,0.9301075268817204,0.9301075268817204,0.84
7c213e0bcf08727abdca,1.6925465838509317,1.31,1.31,1.6925465838509317
16ea6a405717aaaf5722,1.9732142857142856,2.044642857142857,2.044642857142857,1.9732142857142856
58edd29ae685c106165c,2.0341614906832297,2.04,2.04,2.0341614906832297
94be3aa82d67f0950360,2.357142857142857,1.3214285714285714,1.3214285714285714,2.357142857142857
548e62beec6d960f7d02,0.9727272727272728,1.3591160220994476,1.3591160220994476,0.9727272727272728
05c3b849ae6e35359a01,1.5,1.0347222222222223,1.0347222222222223,1.5
7db86624641577b2e690,0.7857142857142858,0.6964285714285714,0.6964285714285714,0.7857142857142858
b5082af3c22053d16aea,1.6891891891891893,1.418918918918919,1.418918918918919,1.6891891891891893
9392c690b570ed43c623,1.4189189189189189,1.6216216216216217,1.6216216216216217,1.4189189189189189
e840a93a19bf32da8fa4,1.7022727272727272,1.2135416666666665,1.2135416666666665,1.7022727272727272
861520e5c778fc08eb70,2.163793103448276,0.9482758620689655,0.9482758620689655,2.163793103448276
7301e4402c68bbdf0d24,1.375,1.25,1.25,1.375
790d816c7c9426e71462,2.1153846153846154,2.0200617283950617,2.0200617283950617,2.1153846153846154
ff900a6503cd27691651,1.1637931034482758,1.103448275862069,1.103448275862069,1.1637931034482758
224c368eb17aa2f8a0d2,0.9407894736842106,1.6644736842105263,1.6644736842105263,0.9407894736842106
2de8ad125deccd0fb315,1.08994708994709,1.1754143646408841,1.1754143646408841,1.08994708994709
5209c93ec562d991de09,1.098684210526316,1.473684210526316,1.473684210526316,1.098684210526316
6b39b1ffaa12719e6cd4,-0.032894736842105254,1.6776315789473684,1.6776315789473684,-0.032894736842105254
8135641b5b55a007b2b7,1.631578947368421,1.3223684210526316,1.3223684210526316,1.631578947368421
98478f717eb198fb3015,1.7865296803652968,1.1715909090909091,1.1715909090909091,1.7865296803652968
b1c673924b2f3bfc9a0b,1.3571428571428572,1.361842105263158,1.361842105263158,1.3571428571428572
b5021b1ccaa616b23633,1.394736842105263,1.5460526315789473,1.5460526315789473,1.394736842105263
be282a0da028c74d0b3b,1.375,1.2039473684210527,1.2039473684210527,1.375
cb25057598fe036a751e,1.8486842105263157,2.027027027027027,2.027027027027027,1.8486842105263157
d494961a7da9f8606ebd,2.264772727272727,1.3949771689497716,1.3949771689497716,2.264772727272727
fef3a996b67ea43cbccb,1.0,1.243421052631579,1.243421052631579,1.0
99a01a09af44caf363c1,1.986842105263158,1.0197368421052633,1.0197368421052633,1.986842105263158
32c9b1eb75a111341ba1,0.9539473684210525,1.3421052631578947,1.3421052631578947,0.9539473684210525
c2dc5e93007abe7f41fd,0.646551724137931,1.0431034482758619,1.0431034482758619,0.646551724137931
07454284587f66321186,0.9519230769230769,0.875,0.875,0.9519230769230769
3b8451b002fd0a4d1819,1.8846153846153846,0.2115384615384615,0.2115384615384615,1.8846153846153846
b5ecc8f510282acceba7,0.9148936170212766,1.2145061728395061,1.2145061728395061,0.9148936170212766
bb196789760087f9371e,1.7021604938271606,3.230769230769231,3.230769230769231,1.7021604938271606
4fbe28aafda444b5c781,2.276315789473684,1.355263157894737,1.355263157894737,2.276315789473684
9e67ef02a1c06a0d6a11,0.9827586206896552,2.267241379310345,2.267241379310345,0.9827586206896552
8ea7498607bbc8d2b0b2,1.0769230769230769,2.5096153846153846,2.5096153846153846,1.0769230769230769
bfb0d0073959baa82471,1.2758620689655171,2.0258620689655173,2.0258620689655173,1.2758620689655171
167867c6571271ec1c44,1.078125,1.5490867579908676,1.5490867579908676,1.078125
9953b5d8bd77359dc467,1.5266666666666666,1.567351598173516,1.567351598173516,1.5266666666666666
b7a5da63fb11e799081f,1.2614155251141554,1.6175799086757991,1.6175799086757991,1.2614155251141554
364fe284a2236d219739,0.39655172413793105,2.086206896551724,2.086206896551724,0.39655172413793105
141de7c2e3f5ac4ca089,0.3706896551724138,1.732758620689655,1.732758620689655,0.3706896551724138
6eb766d04481bb46558e,1.3879310344827587,1.4827586206896552,1.4827586206896552,1.3879310344827587
2f75ae74e332feae8fcc,1.4615384615384615,0.9423076923076924,0.9423076923076924,1.4615384615384615
142c2376aa17d408cab5,1.25,0.7403846153846154,0.7403846153846154,1.25
e4f30dd96f81b5ed645a,0.7758620689655172,1.896551724137931,1.896551724137931,0.7758620689655172
7d454fbafbecadbf8d8c,2.0865384615384617,1.0576923076923077,1.0576923076923077,2.0865384615384617
2ebec8d7c32127e31493,2.706896551724138,0.8879310344827587,0.8879310344827587,2.706896551724138
29f07aae56c0007f0f12,-0.04487179487179488,1.3269230769230769,1.3269230769230769,-0.04487179487179488
3d661ad9b08e0771437b,1.3012820512820513,1.1666666666666667,1.1666666666666667,1.3012820512820513
4d6f1e6ba86141e3871a,1.3076923076923077,1.096153846153846,1.096153846153846,1.3076923076923077
589d0160f39e7dbb97c0,1.7243589743589745,0.9038461538461539,0.9038461538461539,1.7243589743589745
afd300daa972795e2bd1,1.6730769230769231,1.012820512820513,1.012820512820513,1.6730769230769231
b6616e790844fae91dae,1.4615384615384615,1.3205128205128205,1.3205128205128205,1.4615384615384615
dc4aed36224f687054c8,1.301282051282051,1.2820512820512822,1.2820512820512822,1.301282051282051
dd80a61b178fc22008f1,1.0192307692307694,1.3525641025641026,1.3525641025641026,1.0192307692307694
a2992bbd91313c7a042d,1.8269230769230769,1.9615384615384615,1.9615384615384615,1.8269230769230769
e0d022dcc08c199d2673,0.9407894736842105,1.4230769230769231,1.4230769230769231,0.9407894736842105
e4db558fa1d25930b636,1.5897435897435899,2.314102564102564,2.314102564102564,1.5897435897435899
4bc9455eaec9d566121b,0.9083333333333333,1.2666666666666666,1.2666666666666666,0.9083333333333333
2e794214280f16444e83,1.027777777777778,1.9907407407407407,1.9907407407407407,1.027777777777778
6b34ac0d37a76448cdd7,1.205521472392638,1.8518518518518519,1.8518518518518519,1.205521472392638
7bc671b55b77fda32bfa,3.259259259259259,1.3240740740740742,1.3240740740740742,3.259259259259259
ab28b06126071d473032,0.9907407407407407,1.027777777777778,1.027777777777778,0.9907407407407407
ad93d6a17a970ff3bf00,0.24074074074074076,0.9537037037037038,0.9537037037037038,0.24074074074074076
d4337e18082d76a89071,2.0337423312883436,0.9394736842105262,0.9394736842105262,2.0337423312883436
103c4dd39633bd2a5a44,0.8916666666666667,0.35,0.35,0.8916666666666667
5f3b43b0ffd2c29195d9,2.5370370370370368,2.1481481481481484,2.1481481481481484,2.5370370370370368
76c401ad41104b12e2b2,0.9916666666666667,1.4583333333333333,1.4583333333333333,0.9916666666666667
a77e9ad6ea14a2251946,1.4166666666666665,0.7416666666666667,0.7416666666666667,1.4166666666666665
3d9c5442d38884b54e76,0.7037037037037037,1.6855828220858895,1.6855828220858895,0.7037037037037037
f2685096cac167ab6f8e,0.8796296296296295,1.3981481481481481,1.3981481481481481,0.8796296296296295
6f58c10554b47be66a15,0.9416666666666668,0.3416666666666666,0.3416666666666666,0.9416666666666668
95c6353b373d935bd680,1.9416666666666667,2.65,2.65,1.9416666666666667
73b7b717f0be521f367c,1.09375,-0.05625000000000002,-0.05625000000000002,1.09375
76ea5dbc843ade72a5e7,1.36875,1.3,1.3,1.36875
aae179fa83eaad80f2bc,1.3125,2.0,2.0,1.3125
bc631c46a65debcc8d6c,1.38125,1.54375,1.54375,1.38125
de5560d45f6223d10148,1.275,1.35,1.35,1.275
e5811c5fae633c3466d1,1.1312499999999999,1.41875,1.41875,1.1312499999999999
7cf313ecf3641414b507,2.158333333333333,1.2416666666666667,1.2416666666666667,2.158333333333333
cafd20961ab9cca630fe,0.90625,0.9423076923076923,0.9423076923076923,0.90625
8fbb47579e3c54442c7d,1.4125,1.8625,1.8625,1.4125
3dd1114f316b1ba16867,1.7833333333333334,0.7416666666666667,0.7416666666666667,1.7833333333333334
a638f91eb2c6c9d7fe24,1.0125000000000002,1.075,1.075,1.0125000000000002
c1f015dc40caee815892,1.90625,1.29375,1.29375,1.90625
de902fb352e2ad6e0fdc,1.05,1.9916666666666667,1.9916666666666667,1.05
fa950003559498aa5790,2.3375000000000004,1.70625,1.70625,2.3375000000000004
8de4a5f6663f0eabf40e,2.3000000000000003,2.2,2.2,2.3000000000000003
10546953f5eec9dc2f09,1.7115384615384617,1.65625,1.65625,1.7115384615384617
006906ddb940e31da2dd,0.9728506787330318,1.253409090909091,1.253409090909091,0.9728506787330318
aee86dc8c59e22ee3a2b,1.8109756097560976,1.0121951219512195,1.0121951219512195,1.8109756097560976
a888ce92ff367df4a4e6,1.9107142857142858,0.9910714285714285,0.9910714285714285,1.9107142857142858
080e8f222a38f3d41841,0.32258064516129037,1.8548387096774193,1.8548387096774193,0.32258064516129037
0219e89b662d1af901de,1.396341463414634,1.3597560975609755,1.3597560975609755,1.396341463414634
4f020a0027300b6409b8,1.4085365853658536,0.9085365853658537,0.9085365853658537,1.4085365853658536
5ee5a87fa172b022bae5,1.1832579185520362,1.355191256830601,1.355191256830601,1.1832579185520362
8d8bde772c283040e41b,1.1881868131868132,2.253393665158371,2.253393665158371,1.1881868131868132
8f020e48142aff6eb11d,1.073170731707317,1.3353658536585367,1.3353658536585367,1.073170731707317
bb69a0d49b8d50ae1ca0,1.5914634146341464,1.7687499999999998,1.7687499999999998,1.5914634146341464
c7b67015918d604fb318,1.403409090909091,1.081578947368421,1.081578947368421,1.403409090909091
cbdcfe0b7293347734ba,1.2865853658536586,1.0914634146341462,1.0914634146341462,1.2865853658536586
ceaf42f976cfb9d5d3ba,0.9437500000000001,1.8841463414634148,1.8841463414634148,0.9437500000000001
d8c20a5511760318ffa0,1.2120689655172414,2.260180995475113,2.260180995475113,1.2120689655172414
debdc08f2ab9faeaca85,2.032051282051282,1.4573170731707317,1.4573170731707317,2.032051282051282
e0f9160237cccfb8f781,1.6890243902439024,1.2378048780487805,1.2378048780487805,1.6890243902439024
e8185582a9c3bea4df74,-0.030487804878048752,2.3048780487804876,2.3048780487804876,-0.030487804878048752
27c432eb4d5a9ad85ccb,1.2926829268292683,1.1280487804878048,1.1280487804878048,1.2926829268292683
32d7d6cb7095a4a3ad80,0.7096774193548387,0.8709677419354839,0.8709677419354839,0.7096774193548387
f26d64ea0635dfa672a7,0.3306451612903226,1.0161290322580645,1.0161290322580645,0.3306451612903226
4c4b43f36e395c821bdd,0.9553571428571428,2.0411585365853657,2.0411585365853657,0.9553571428571428
70a7c0996e7f0d81090f,1.9196428571428572,2.571428571428571,2.571428571428571,1.9196428571428572
c4f3e42cdb7b2f379491,1.3839285714285714,1.1935975609756098,1.1935975609756098,1.3839285714285714
e40b318910265d7de6a4,1.6814024390243902,0.26785714285714285,0.26785714285714285,1.6814024390243902
674abe61685f421026fb,1.2338709677419355,2.217741935483871,2.217741935483871,1.2338709677419355
d34735da025b9ae76a16,3.2589285714285716,0.7142857142857143,0.7142857142857143,3.2589285714285716
c925621c22479ad2d2a2,2.040322580645161,1.846774193548387,1.846774193548387,2.040322580645161
4625cf13106bb26d2d5b,1.5386363636363636,1.549342105263158,1.549342105263158,1.5386363636363636
5f0a1ccef3fd196271ad,1.559090909090909,1.2271689497716896,1.2271689497716896,1.559090909090909
72dfba5d5c0284166b71,2.5806818181818185,1.775,1.775,2.5806818181818185
f07c32f09d6e49b445f6,1.6261363636363637,1.096551724137931,1.096551724137931,1.6261363636363637
c21491edcdd3aaf8829c,1.5914634146341464,1.274390243902439,1.274390243902439,1.5914634146341464
7fac38d6e08d04783587,1.3306451612903225,1.0,1.0,1.3306451612903225
815a40f473c76351f8b1,2.2338709677419355,0.9919354838709679,0.9919354838709679,2.2338709677419355
60a3826b98eb99ae9355,0.9270833333333334,0.8839285714285714,0.8839285714285714,0.9270833333333334
570e99fe087243041a8a,1.0267857142857144,2.0535714285714284,2.0535714285714284,1.0267857142857144
79dc9ed94b4862c28281,0.6935483870967742,1.4758064516129032,1.4758064516129032,0.6935483870967742
aec08a012ee87edadc3e,1.2678571428571428,1.1071428571428572,1.1071428571428572,1.2678571428571428
a627683720ec9bb6c8c6,2.685483870967742,2.120967741935484,2.120967741935484,2.685483870967742
762350aec32236e22450,1.3599476439790577,1.6990950226244343,1.6990950226244343,1.3599476439790577
9edea1a3df76777f9803,1.4435483870967742,0.967741935483871,0.967741935483871,1.4435483870967742
01f726f1a61313eb2fe2,2.06875,1.0,1.0,2.06875
9ccc2c238d10e0c72fc7,1.0714285714285714,1.8048780487804876,1.8048780487804876,1.0714285714285714
00d69148f141084ebe45,2.046875,1.28125,1.28125,2.046875
1a60fd3584c3275bec91,2.2738095238095237,1.0290697674418605,1.0290697674418605,2.2738095238095237
5148f58990614b49a6fb,0.9741379310344829,0.646551724137931,0.646551724137931,0.9741379310344829
c4dc282e25d812aa874d,0.9453125,2.703125,2.703125,0.9453125
005a82aaac8dcb68c299,1.2857142857142858,1.3630952380952381,1.3630952380952381,1.2857142857142858
1b7f34d712f7e02386cc,1.0952380952380953,-0.005952380952380987,-0.005952380952380987,1.0952380952380953
224737c2f94c37b25970,1.3273809523809523,1.5416666666666665,1.5416666666666665,1.3273809523809523
3841f03e9dbb0a60808d,1.6903153153153152,1.7635746606334841,1.7635746606334841,1.6903153153153152
4ad8532905b4a80c05ee,1.4128959276018098,1.5305429864253393,1.5305429864253393,1.4128959276018098
4cab12ea18960c6238f7,1.226027397260274,1.5509049773755657,1.5509049773755657,1.226027397260274
6b17b37ccc78ded3c3bc,1.851190476190476,1.3333333333333335,1.3333333333333335,1.851190476190476
7635e3d045e960452b6e,1.0595238095238095,1.0595238095238095,1.0595238095238095,1.0595238095238095
88106035f99592fcdde0,0.9639639639639639,1.3697916666666667,1.3697916666666667,0.9639639639639639
a1490cc3b774910d65e6,1.3511904761904763,1.7916666666666667,1.7916666666666667,1.3511904761904763
c8dee0974b05f40132eb,1.011904761904762,1.3392857142857144,1.3392857142857144,1.011904761904762
dade6d9f03347c845a81,1.1789617486338797,1.3532608695652175,1.3532608695652175,1.1789617486338797
f09a7c285287a1618ea4,1.3273809523809523,1.6428571428571428,1.6428571428571428,1.3273809523809523
8bf2c02035cf21786e63,0.9702380952380953,1.5476190476190477,1.5476190476190477,0.9702380952380953
512754736066150ab936,1.4107142857142856,1.3869047619047619,1.3869047619047619,1.4107142857142856
f07ddfb20ec2b2628b32,0.9921875,1.3125,1.3125,0.9921875
704ea25b148547ac678b,0.9568965517241379,0.9123711340206184,0.9123711340206184,0.9568965517241379
88da6aeffea8384a2a84,0.9913793103448276,1.9655172413793105,1.9655172413793105,0.9913793103448276
90cd49d2956e26b975d2,1.1848484848484848,1.6681818181818182,1.6681818181818182,1.1848484848484848
ba193f3236c743dbb914,2.4741379310344827,1.879310344827586,1.879310344827586,2.4741379310344827
36122d019621b02b2b12,1.390625,2.1953125,2.1953125,1.390625
388ddb1bdcacb42bc847,2.048484848484849,1.4482758620689655,1.4482758620689655,2.048484848484849
72b4fb9f87b475f7f644,1.78125,1.9140625,1.9140625,1.78125
1a6a91cc16778f8704d3,2.248873873873874,2.585972850678733,2.585972850678733,2.248873873873874
211c8bb907b72134529b,1.0732984293193717,1.095890410958904,1.095890410958904,1.0732984293193717
762d148605a6be4927a5,2.259009009009009,1.1824324324324325,1.1824324324324325,2.259009009009009
d130e6472bbe958130e8,1.5714285714285714,1.6233031674208145,1.6233031674208145,1.5714285714285714
7ae8847ea58e20e9cc41,1.8333333333333333,2.00609756097561,2.00609756097561,1.8333333333333333
3d55f70f642933adf5fb,1.0859375,0.6796875,0.6796875,1.0859375
4730c8199e49b9f3931d,2.125,0.3125,0.3125,2.125
ea397ab4473b3a24b946,0.3793103448275862,1.3362068965517242,1.3362068965517242,0.3793103448275862
fdd8043942cdc0a0f9fd,2.1206896551724137,3.293103448275862,3.293103448275862,2.1206896551724137
709f2eb12c97b38ee0ed,1.0703125,0.2890625,0.2890625,1.0703125
8311b0237f56703cb3c0,1.0603448275862069,0.9137931034482759,0.9137931034482759,1.0603448275862069
5f2c6c48600cabbb1d62,1.5390625,2.078125,2.078125,1.5390625
ce89f0c8b183c8c1d007,1.2658371040723981,1.2363636363636363,1.2363636363636363,1.2658371040723981
86b64988f336a2b37338,1.0390625,0.65625,0.65625,1.0390625
121f821934701ce9f19a,1.319767441860465,1.0697674418604652,1.0697674418604652,1.319767441860465
1310530afa889099ac53,1.5872093023255816,1.4593023255813955,1.4593023255813955,1.5872093023255816
35393b83b75fe8eb7df8,1.627906976744186,1.0290697674418605,1.0290697674418605,1.627906976744186
61167328131a15f960cb,1.3430232558139534,1.8837209302325582,1.8837209302325582,1.3430232558139534
713c8e61149744e854d0,1.2965116279069766,1.3081395348837208,1.3081395348837208,1.2965116279069766
ca876e99917b2f3b2e4d,1.8313953488372094,1.2848837209302326,1.2848837209302326,1.8313953488372094
dd0101a614c367da2d90,1.7545045045045045,1.4110360360360361,1.4110360360360361,1.7545045045045045
f481b249ce5be706b271,1.5872093023255816,0.9418604651162791,0.9418604651162791,1.5872093023255816
224abcee77283070af0a,1.11046511627907,2.244186046511628,2.244186046511628,1.11046511627907
58ebe5b3af66b29020e5,1.3821243523316062,1.239795918367347,1.239795918367347,1.3821243523316062
82bf1182c946b7d7884c,2.588963963963964,1.0638020833333335,1.0638020833333335,2.588963963963964
b0406d3ffd366fb31fec,1.0284090909090908,1.3372093023255813,1.3372093023255813,1.0284090909090908
dcbcb934ce932c40d7de,1.9821428571428572,1.0930232558139537,1.0930232558139537,1.9821428571428572
f08fe02dac0542ca722e,1.2965116279069766,1.319767441860465,1.319767441860465,1.2965116279069766
5cfaac0067e37877a62d,0.01744186046511631,1.813953488372093,1.813953488372093,0.01744186046511631
158f0ac051c7bbebd51e,1.1139455782312926,1.548076923076923,1.548076923076923,1.1139455782312926
bffc4f83f87dea625529,1.8693181818181819,1.0284090909090908,1.0284090909090908,1.8693181818181819
4fa53f0e58fabf4599d6,1.6566265060240963,2.0572289156626504,2.0572289156626504,1.6566265060240963
cdf27f3dc268a9efcaed,0.6893939393939394,2.1136363636363638,2.1136363636363638,0.6893939393939394
0372928cabf2854aead3,1.2727272727272727,1.8465909090909092,1.8465909090909092,1.2727272727272727
2a6482ba91cb719bc48f,1.542792792792793,2.2376681614349776,2.2376681614349776,1.542792792792793
4122f090a9dd7e276a59,1.2613636363636362,1.2954545454545454,1.2954545454545454,1.2613636363636362
5268b5be7cb5ce432f66,1.5454545454545454,1.2727272727272727,1.2727272727272727,1.5454545454545454
534002ea774b9b871d68,2.011627906976744,1.1306818181818183,1.1306818181818183,2.011627906976744
5fe54506869fc3f2fed3,1.0625,1.2443181818181819,1.2443181818181819,1.0625
6acd1be2bb56b530d895,1.6306306306306306,1.1779891304347827,1.1779891304347827,1.6306306306306306
884fac0d7bc10e59f8c3,0.011363636363636354,0.9147727272727273,0.9147727272727273,0.011363636363636354
b5e406001be138f41829,1.3409090909090908,1.5,1.5,1.3409090909090908
bb460f700215bd4a463b,1.2352941176470587,2.263452914798206,2.263452914798206,1.2352941176470587
c5c01bf18307bf25699d,1.1760089686098656,1.2646396396396398,1.2646396396396398,1.1760089686098656
d02a07faaaf417acde71,1.5281531531531531,0.9562780269058296,0.9562780269058296,1.5281531531531531
8c8332b29a76534dc4e3,1.6136363636363635,1.0625,1.0625,1.6136363636363635
3bb147ae124eb645c38c,0.2727272727272727,1.0606060606060606,1.0606060606060606,0.2727272727272727
4cd23f1b0420f54f7e5e,1.3352272727272727,1.3636363636363635,1.3636363636363635,1.3352272727272727
12b8d6f2d20dc615e8e5,3.3,1.0583333333333333,1.0583333333333333,3.3
79f04cc56898104f7f9c,1.8916666666666666,0.9750000000000001,0.9750000000000001,1.8916666666666666
99f6f01c77d9a53d9b95,0.6583333333333333,0.3583333333333333,0.3583333333333333,0.6583333333333333
bdf583645c8c7dc7fc11,1.3833333333333333,1.0666666666666667,1.0666666666666667,1.3833333333333333
fe836e4a037a463b0793,0.9166666666666667,1.197289156626506,1.197289156626506,0.9166666666666667
27a7b6b77509b28abd32,1.8863636363636362,1.4772727272727273,1.4772727272727273,1.8863636363636362
11fcedf2ed82617d29e6,1.925,0.9083333333333334,0.9083333333333334,1.925
1425ef63ee8ada04e0cb,0.6666666666666667,0.2954545454545454,0.2954545454545454,0.6666666666666667
53da3653c57a6d3e2794,1.625,2.284090909090909,2.284090909090909,1.625
a13a7c9b8dce92a1ddd0,1.3409090909090908,1.0378787878787878,1.0378787878787878,1.3409090909090908
79526b5cb0967405af33,1.9772727272727273,1.1363636363636365,1.1363636363636365,1.9772727272727273
941a59e7b74939e2b514,0.9387755102040816,2.033333333333333,2.033333333333333,0.9387755102040816
0b0e9b696c1fae8ae02a,1.4,2.3833333333333333,2.3833333333333333,1.4
b5557e9263630a5a142e,2.734848484848485,1.0833333333333335,1.0833333333333335,2.734848484848485
1e01759f0d9898cb0316,2.121212121212121,2.159090909090909,2.159090909090909,2.121212121212121
d4688d371f7060653f30,1.3513513513513513,1.6973094170403589,1.6973094170403589,1.3513513513513513
8c62ba7ed1db1441bdaa,1.7575757575757578,0.8939393939393939,0.8939393939393939,1.7575757575757578
3f5716da8f3c9607cb92,1.2651515151515151,1.4545454545454546,1.4545454545454546,1.2651515151515151
24655ebe736744ffe0d2,1.9886363636363635,1.8636363636363638,1.8636363636363638,1.9886363636363635
dfa62dac36a04d1720b0,1.0569948186528497,1.3801546391752577,1.3801546391752577,1.0569948186528497
eb9e7fc8ea71ca4ebf6d,0.676470588235294,0.2573529411764706,0.2573529411764706,0.676470588235294
04885428a2d87cc46910,1.238888888888889,1.9666666666666668,1.9666666666666668,1.238888888888889
0d1bd98858a2904fb8a3,1.2735426008968609,1.342741935483871,1.342741935483871,1.2735426008968609
0f976908b08c877230cc,1.261111111111111,1.5833333333333335,1.5833333333333335,1.261111111111111
23627c5e79406b5e2c91,1.488888888888889,1.5722222222222222,1.5722222222222222,1.488888888888889
367eba522475dc209e41,1.2055555555555557,1.3,1.3,1.2055555555555557
46f2beb8ec2827e91d6d,1.1111111111111112,1.3333333333333335,1.3333333333333335,1.1111111111111112
614958f83f04a71c42c0,1.4055555555555554,1.1166666666666667,1.1166666666666667,1.4055555555555554
881e50111bdd685a01af,1.4215246636771302,1.5347533632286996,1.5347533632286996,1.4215246636771302
973694e106f9736ad24c,1.8444444444444443,1.3055555555555556,1.3055555555555556,1.8444444444444443
9e462065238a3330a547,1.1277777777777778,-0.005555555555555591,-0.005555555555555591,1.1277777777777778
aa24a8178d3df2077a32,0.9777777777777779,1.8499999999999999,1.8499999999999999,0.9777777777777779
b9ffe4b755e7ba051ca1,1.5126582278481013,0.9508928571428571,0.9508928571428571,1.5126582278481013
cb9a407ae979c013ab36,1.8944444444444444,1.5777777777777777,1.5777777777777777,1.8944444444444444
d1f2791637939caadeb8,2.311111111111111,1.222222222222222,1.222222222222222,2.311111111111111
f814f442e24d69c74e5e,1.1891891891891893,2.2421875,2.2421875,1.1891891891891893
8c46c26b04da22e3c214,1.0277777777777777,1.0833333333333333,1.0833333333333333,1.0277777777777777
6a9bae6a267a452e1c49,1.0808823529411764,1.2573529411764706,1.2573529411764706,1.0808823529411764
0993b1990395c483067f,0.45967741935483875,3.2983870967741935,3.2983870967741935,0.45967741935483875
1c272226529df4316c2b,1.064516129032258,0.9393939393939394,0.9393939393939394,1.064516129032258
23ab8fb3141a83b5ea4c,0.8709677419354839,1.370967741935484,1.370967741935484,0.8709677419354839
490306f0340283c04ff6,2.0,1.967741935483871,1.967741935483871,2.0
fa7f52e730f020b279f0,0.935483870967742,1.6437125748502994,1.6437125748502994,0.935483870967742
947371d49a0b69ee8b5b,2.1691176470588234,2.0220588235294117,2.0220588235294117,2.1691176470588234
4c7d8c2a26399c00c9fa,2.065868263473054,1.935483870967742,1.935483870967742,2.065868263473054
44869da3e786b7ff4b70,1.088235294117647,1.6985294117647058,1.6985294117647058,1.088235294117647
0616ade105a84ea40f71,2.2689732142857144,1.7042410714285714,1.7042410714285714,2.2689732142857144
21f56a3900d91571c34d,1.5358744394618835,1.6221973094170403,1.6221973094170403,1.5358744394618835
2eb25c95598dc45b28c2,1.2274774774774775,1.2381756756756757,1.2381756756756757,1.2274774774774775
3a60c5bfcb3f96c7813f,0.9632352941176471,1.4191176470588236,1.4191176470588236,0.9632352941176471
24beae2e66a6054bb768,2.125,1.3308823529411766,1.3308823529411766,2.125
355650cfdc0ae6143bb8,1.0161290322580645,0.6209677419354839,0.6209677419354839,1.0161290322580645
e8c9bb29f0c9bfa17013,2.435483870967742,0.9193548387096774,0.9193548387096774,2.435483870967742
04f32e81596e9f5d454e,0.3161764705882353,2.088235294117647,2.088235294117647,0.3161764705882353
f75a9cdff38c4b52364e,1.1961077844311376,1.3225806451612905,1.3225806451612905,1.1961077844311376
c15acbd906c1156a4899,1.125,2.683823529411765,2.683823529411765,1.125
55ea9d16047b14352041,2.591928251121076,1.169642857142857,1.169642857142857,2.591928251121076
eb451be89a1f03283f2e,1.135135135135135,1.743273542600897,1.743273542600897,1.135135135135135
d79d1aaf416267c7d771,1.4411764705882353,0.6397058823529411,0.6397058823529411,1.4411764705882353
c90627e1ac4b3de2cc3a,1.0367647058823528,1.9338235294117647,1.9338235294117647,1.0367647058823528
33eb46defd8d0ba713de,1.8858695652173914,1.608695652173913,1.608695652173913,1.8858695652173914
31f810ada6221bad2985,1.3203125,2.3515625,2.3515625,1.3203125
02da77cc847999ac27d1,1.3928571428571428,1.0357142857142858,1.0357142857142858,1.3928571428571428
63374d613b14d11c87cb,1.25503355704698,1.178763440860215,1.178763440860215,1.25503355704698
90b9fb2823edf688a73d,1.7332589285714286,2.2577777777777777,2.2577777777777777,1.7332589285714286
b81de21ce053cc27d96d,1.711111111111111,1.50625,1.50625,1.711111111111111
cc54428fc988f7ed3e5e,1.3556149732620322,2.5848214285714284,2.5848214285714284,1.3556149732620322
db2a8b8dbb402dfcd6ac,0.9511111111111112,1.4129464285714286,1.4129464285714286,0.9511111111111112
111bdb0095287b5acff9,1.8804347826086956,1.875,1.875,1.8804347826086956
53222187e2a88cce90de,1.3214285714285714,0.9642857142857143,0.9642857142857143,1.3214285714285714
062533bd10abbd0d32c1,0.925,1.9375,1.9375,0.925
6eabe82748907b43af12,0.9921875,1.140625,1.140625,0.9921875
e86255d5e2f3e7e9e8c6,1.9921875,1.96875,1.96875,1.9921875
f9747da391bc86ff1876,0.59375,2.049107142857143,2.049107142857143,0.59375
fd460b04adbe17e33e1a,2.7071428571428573,1.4928571428571429,1.4928571428571429,2.7071428571428573
b8d0287397bcf0253bab,3.2265625,1.1949404761904763,1.1949404761904763,3.2265625
4818440bfdd95db63878,2.0571428571428574,0.75,0.75,2.0571428571428574
89a3558aba5cb91a58ab,2.2488888888888887,1.2645089285714286,1.2645089285714286,2.2488888888888887
a4f0bfc33b5daee9f945,1.6138392857142856,1.0489690721649485,1.0489690721649485,1.6138392857142856
a716c158dcebb7633e66,1.5435267857142856,1.1510067114093958,1.1510067114093958,1.5435267857142856
c97980d3a0e14292f02c,1.1688888888888889,1.2186098654708521,1.2186098654708521,1.1688888888888889
4e3627629a39b71763aa,1.9928571428571429,0.3357142857142857,0.3357142857142857,1.9928571428571429
5baf60c8fe2af9153d49,1.0857142857142856,0.9785714285714286,0.9785714285714286,1.0857142857142856
9ecb72f076ff058f8ee7,0.24285714285714283,0.6142857142857143,0.6142857142857143,0.24285714285714283
dad63cef3c9300864097,1.3125,0.9453125,0.9453125,1.3125
0a65fd8723389274bcb3,0.4765625,0.9375,0.9375,0.4765625
6fd2a034a3f2c4866e33,1.9928571428571429,1.0785714285714285,1.0785714285714285,1.9928571428571429
55c26e7c8ba07b321b5e,1.6398809523809523,1.0859375,1.0859375,1.6398809523809523
5a663da8286916545bb8,1.6785714285714286,2.0500000000000003,2.0500000000000003,1.6785714285714286
7fcf55c2341ed5bda222,1.391025641025641,1.5435267857142856,1.5435267857142856,1.391025641025641
1e8010fc4268bac75292,1.5957446808510638,1.8670212765957446,1.8670212765957446,1.5957446808510638
60188843201f9f3646fa,1.407142857142857,2.1357142857142857,2.1357142857142857,1.407142857142857
71048aea68db95ffb3da,,,,
e8b2ab5f3868170570ce,1.2176339285714286,2.5900000000000003,2.5900000000000003,1.2176339285714286
40a65dfa49a57c8393f9,2.252212389380531,1.6111111111111112,1.6111111111111112,2.252212389380531
2fde70672d843dfa1d05,1.1863905325443789,0.5681818181818181,0.5681818181818181,1.1863905325443789
3eed6d9252559a689de0,0.8939393939393939,3.227272727272727,3.227272727272727,0.8939393939393939
6e12d1aab4b011372b9a,2.056213017751479,1.2651515151515151,1.2651515151515151,2.056213017751479
8ec33aae48affe414bf5,1.977272727272727,0.9469696969696969,0.9469696969696969,1.977272727272727
927c1457778c033d19e4,2.015151515151515,1.2727272727272727,1.2727272727272727,2.015151515151515
bee1bf537ab0639a01d2,2.378787878787879,0.9133663366336634,0.9133663366336634,2.378787878787879
d0b58909493cf7d44fe4,1.0378787878787878,0.5681818181818181,0.5681818181818181,1.0378787878787878
e045a148d0c23880be29,1.2121212121212122,1.650887573964497,1.650887573964497,1.2121212121212122
eab91ca6cdf9c2706185,1.0151515151515151,1.9166666666666667,1.9166666666666667,1.0151515151515151
37857ae4c741dc2829c6,1.2577777777777777,1.541111111111111,1.541111111111111,1.2577777777777777
519019494fa030cdbe5a,1.1500000000000001,1.7079646017699115,1.7079646017699115,1.1500000000000001
6b093aaa04fa67da5a4e,1.208888888888889,1.3444148936170213,1.3444148936170213,1.208888888888889
7ab21f4acf3750b6dda8,1.5,1.168141592920354,1.168141592920354,1.5
9d14f1a571cad192d45f,1.1711229946524064,0.9435840707964602,0.9435840707964602,1.1711229946524064
c293818285fd58257aed,1.4233333333333333,1.3890306122448979,1.3890306122448979,1.4233333333333333
593b6e42b8079d2035a1,2.0694444444444446,0.2152777777777778,0.2152777777777778,2.0694444444444446
5a451f3a4928cdb241c8,1.9861111111111112,1.0833333333333333,1.0833333333333333,1.9861111111111112
7a0a98c1168218e5a84b,1.0416666666666667,2.0277777777777777,2.0277777777777777,1.0416666666666667
7ef2b39aec542c58e633,0.9791666666666667,2.0902777777777777,2.0902777777777777,0.9791666666666667
7f6c941165c30894e49a,1.4305555555555556,2.0277777777777777,2.0277777777777777,1.4305555555555556
9585594f7276c0eb9fbb,0.3194444444444445,2.736111111111111,2.736111111111111,0.3194444444444445
2a620f2daa8fe0bdccc4,1.4583333333333333,1.7222222222222223,1.7222222222222223,1.4583333333333333
de226a5e806a3d336fe3,0.7222222222222222,1.3472222222222223,1.3472222222222223,0.7222222222222222
301ff7b3cb5b919c62c2,0.701388888888889,1.3819444444444444,1.3819444444444444,0.701388888888889
954be3e6fec948591205,1.0972222222222223,0.923611111111111,0.923611111111111,1.0972222222222223
5697ff58bbfaa05168d4,1.0487179487179488,2.2533185840707963,2.2533185840707963,1.0487179487179488
2b4e9ea7b73aae57f50c,2.5951327433628317,1.2683333333333333,1.2683333333333333,2.5951327433628317
580661c0d4bedd00d60f,1.541111111111111,1.73,1.73,1.541111111111111
13ac93f8d8caae399dca,1.6689189189189189,1.0472972972972974,1.0472972972972974,1.6689189189189189
2ead8b9c9e7188c18342,1.856382978723404,1.6354166666666667,1.6354166666666667,1.856382978723404
bb56fe5c771032d7c8fd,2.689189189189189,1.5067567567567566,1.5067567567567566,2.689189189189189
6678d647e50663384497,0.1891891891891892,1.3783783783783783,1.3783783783783783,0.1891891891891892
0dd69b763ef4d998baa8,1.3425925925925926,2.2400881057268722,2.2400881057268722,1.3425925925925926
1f4dc4ee536e2d1e1fa8,1.549778761061947,1.1702127659574468,1.1702127659574468,1.549778761061947
26c0472f64af747db69a,1.7147577092511013,1.415929203539823,1.415929203539823,1.7147577092511013
3017fb911c3b08f156e3,1.3984771573604062,1.25,1.25,1.3984771573604062
79e3479f3819df2b3c79,1.6194690265486726,2.588105726872247,2.588105726872247,1.6194690265486726
a35db947e6dd55316b18,1.2665562913907285,1.140728476821192,1.140728476821192,1.2665562913907285
b325c4ce4d9c5b374c82,2.2577092511013217,1.2079646017699115,1.2079646017699115,2.2577092511013217
c54283cf60af1ef550b8,1.1607929515418502,1.5331858407079646,1.5331858407079646,1.1607929515418502
e6b60d9d5bd3e93891c0,1.7367256637168142,1.524390243902439,1.524390243902439,1.7367256637168142
fd7e7ece854a603ccac1,0.9438325991189427,1.0420918367346939,1.0420918367346939,0.9438325991189427
684768818bc823db0754,1.3040540540540542,1.0067567567567568,1.0067567567567568,1.3040540540540542
5fa6f11c664ed2940db8,1.3378378378378377,2.114864864864865,2.114864864864865,1.3378378378378377
3db384477c5bb34f8128,1.0472972972972974,0.7905405405405406,0.7905405405405406,1.0472972972972974
9278210c2ea6f91ef607,2.060810810810811,0.7702702702702703,0.7702702702702703,2.060810810810811
9f75488865bf8764e7ed,2.0675675675675675,0.33783783783783783,0.33783783783783783,2.0675675675675675
d106c9f9a56997df295f,0.9864864864864865,2.02027027027027,2.02027027027027,0.9864864864864865
db2455984cb2b012be6a,2.02027027027027,1.060810810810811,1.060810810810811,2.02027027027027
