date,hk,ak,rows,sources
2020-09-12,crystalpalace,southampton,2,data/raw/epl_2020_2021_football_data_real.csv|data/raw/global_acquisition/football_data/epl_2021_direct.csv
2020-09-12,fulham,arsenal,2,data/raw/epl_2020_2021_football_data_real.csv|data/raw/global_acquisition/football_data/epl_2021_direct.csv
2020-09-12,liverpool,leeds,2,data/raw/epl_2020_2021_football_data_real.csv|data/raw/global_acquisition/football_data/epl_2021_direct.csv
2020-09-12,westham,newcastle,2,data/raw/epl_2020_2021_football_data_real.csv|data/raw/global_acquisition/football_data/epl_2021_direct.csv
2020-09-13,tottenham,everton,2,data/raw/epl_2020_2021_football_data_real.csv|data/raw/global_acquisition/football_data/epl_2021_direct.csv
2020-09-13,westbrom,leicester,2,data/raw/epl_2020_2021_football_data_real.csv|data/raw/global_acquisition/football_data/epl_2021_direct.csv
2020-09-14,brighton,chelsea,2,data/raw/epl_2020_2021_football_data_real.csv|data/raw/global_acquisition/football_data/epl_2021_direct.csv
2020-09-14,sheffieldunited,wolves,2,data/raw/epl_2020_2021_football_data_real.csv|data/raw/global_acquisition/football_data/epl_2021_direct.csv
2020-09-19,arsenal,westham,2,data/raw/epl_2020_2021_football_data_real.csv|data/raw/global_acquisition/football_data/epl_2021_direct.csv
2020-09-19,everton,westbrom,2,data/raw/epl_2020_2021_football_data_real.csv|data/raw/global_acquisition/football_data/epl_2021_direct.csv
2020-09-19,leeds,fulham,2,data/raw/epl_2020_2021_football_data_real.csv|data/raw/global_acquisition/football_data/epl_2021_direct.csv
2020-09-19,manunited,crystalpalace,2,data/raw/epl_2020_2021_football_data_real.csv|data/raw/global_acquisition/football_data/epl_2021_direct.csv
2020-09-20,chelsea,liverpool,2,data/raw/epl_2020_2021_football_data_real.csv|data/raw/global_acquisition/football_data/epl_2021_direct.csv
2020-09-20,leicester,burnley,2,data/raw/epl_2020_2021_football_data_real.csv|data/raw/global_acquisition/football_data/epl_2021_direct.csv
2020-09-20,newcastle,brighton,2,data/raw/epl_2020_2021_football_data_real.csv|data/raw/global_acquisition/football_data/epl_2021_direct.csv
2020-09-20,southampton,tottenham,2,data/raw/epl_2020_2021_football_data_real.csv|data/raw/global_acquisition/football_data/epl_2021_direct.csv
2020-09-21,astonvilla,sheffieldunited,2,data/raw/epl_2020_2021_football_data_real.csv|data/raw/global_acquisition/football_data/epl_2021_direct.csv
2020-09-21,wolves,mancity,2,data/raw/epl_2020_2021_football_data_real.csv|data/raw/global_acquisition/football_data/epl_2021_direct.csv
2020-09-26,brighton,manunited,2,data/raw/epl_2020_2021_football_data_real.csv|data/raw/global_acquisition/football_data/epl_2021_direct.csv
2020-09-26,burnley,southampton,2,data/raw/epl_2020_2021_football_data_real.csv|data/raw/global_acquisition/football_data/epl_2021_direct.csv
2020-09-26,crystalpalace,everton,2,data/raw/epl_2020_2021_football_data_real.csv|data/raw/global_acquisition/football_data/epl_2021_direct.csv
2020-09-26,westbrom,chelsea,2,data/raw/epl_2020_2021_football_data_real.csv|data/raw/global_acquisition/football_data/epl_2021_direct.csv
2020-09-27,mancity,leicester,2,data/raw/epl_2020_2021_football_data_real.csv|data/raw/global_acquisition/football_data/epl_2021_direct.csv
2020-09-27,sheffieldunited,leeds,2,data/raw/epl_2020_2021_football_data_real.csv|data/raw/global_acquisition/football_data/epl_2021_direct.csv
2020-09-27,tottenham,newcastle,2,data/raw/epl_2020_2021_football_data_real.csv|data/raw/global_acquisition/football_data/epl_2021_direct.csv
2020-09-27,westham,wolves,2,data/raw/epl_2020_2021_football_data_real.csv|data/raw/global_acquisition/football_data/epl_2021_direct.csv
2020-09-28,fulham,astonvilla,2,data/raw/epl_2020_2021_football_data_real.csv|data/raw/global_acquisition/football_data/epl_2021_direct.csv
2020-09-28,liverpool,arsenal,2,data/raw/epl_2020_2021_football_data_real.csv|data/raw/global_acquisition/football_data/epl_2021_direct.csv
2020-10-03,chelsea,crystalpalace,2,data/raw/epl_2020_2021_football_data_real.csv|data/raw/global_acquisition/football_data/epl_2021_direct.csv
2020-10-03,everton,brighton,2,data/raw/epl_2020_2021_football_data_real.csv|data/raw/global_acquisition/football_data/epl_2021_direct.csv
2020-10-03,leeds,mancity,2,data/raw/epl_2020_2021_football_data_real.csv|data/raw/global_acquisition/football_data/epl_2021_direct.csv
2020-10-03,newcastle,burnley,2,data/raw/epl_2020_2021_football_data_real.csv|data/raw/global_acquisition/football_data/epl_2021_direct.csv
2020-10-04,arsenal,sheffieldunited,2,data/raw/epl_2020_2021_football_data_real.csv|data/raw/global_acquisition/football_data/epl_2021_direct.csv
2020-10-04,astonvilla,liverpool,2,data/raw/epl_2020_2021_football_data_real.csv|data/raw/global_acquisition/football_data/epl_2021_direct.csv
2020-10-04,leicester,westham,2,data/raw/epl_2020_2021_football_data_real.csv|data/raw/global_acquisition/football_data/epl_2021_direct.csv
2020-10-04,manunited,tottenham,2,data/raw/epl_2020_2021_football_data_real.csv|data/raw/global_acquisition/football_data/epl_2021_direct.csv
2020-10-04,southampton,westbrom,2,data/raw/epl_2020_2021_football_data_real.csv|data/raw/global_acquisition/football_data/epl_2021_direct.csv
2020-10-04,wolves,fulham,2,data/raw/epl_2020_2021_football_data_real.csv|data/raw/global_acquisition/football_data/epl_2021_direct.csv
2020-10-17,chelsea,southampton,2,data/raw/epl_2020_2021_football_data_real.csv|data/raw/global_acquisition/football_data/epl_2021_direct.csv
2020-10-17,everton,liverpool,2,data/raw/epl_2020_2021_football_data_real.csv|data/raw/global_acquisition/football_data/epl_2021_direct.csv
2020-10-17,mancity,arsenal,2,data/raw/epl_2020_2021_football_data_real.csv|data/raw/global_acquisition/football_data/epl_2021_direct.csv
2020-10-17,newcastle,manunited,2,data/raw/epl_2020_2021_football_data_real.csv|data/raw/global_acquisition/football_data/epl_2021_direct.csv
2020-10-18,crystalpalace,brighton,2,data/raw/epl_2020_2021_football_data_real.csv|data/raw/global_acquisition/football_data/epl_2021_direct.csv
2020-10-18,leicester,astonvilla,2,data/raw/epl_2020_2021_football_data_real.csv|data/raw/global_acquisition/football_data/epl_2021_direct.csv
2020-10-18,sheffieldunited,fulham,2,data/raw/epl_2020_2021_football_data_real.csv|data/raw/global_acquisition/football_data/epl_2021_direct.csv
2020-10-18,tottenham,westham,2,data/raw/epl_2020_2021_football_data_real.csv|data/raw/global_acquisition/football_data/epl_2021_direct.csv
2020-10-19,leeds,wolves,2,data/raw/epl_2020_2021_football_data_real.csv|data/raw/global_acquisition/football_data/epl_2021_direct.csv
2020-10-19,westbrom,burnley,2,data/raw/epl_2020_2021_football_data_real.csv|data/raw/global_acquisition/football_data/epl_2021_direct.csv
2020-10-23,astonvilla,leeds,2,data/raw/epl_2020_2021_football_data_real.csv|data/raw/global_acquisition/football_data/epl_2021_direct.csv
2020-10-24,fulham,crystalpalace,2,data/raw/epl_2020_2021_football_data_real.csv|data/raw/global_acquisition/football_data/epl_2021_direct.csv
2020-10-24,liverpool,sheffieldunited,2,data/raw/epl_2020_2021_football_data_real.csv|data/raw/global_acquisition/football_data/epl_2021_direct.csv
2020-10-24,manunited,chelsea,2,data/raw/epl_2020_2021_football_data_real.csv|data/raw/global_acquisition/football_data/epl_2021_direct.csv
2020-10-24,westham,mancity,2,data/raw/epl_2020_2021_football_data_real.csv|data/raw/global_acquisition/football_data/epl_2021_direct.csv
2020-10-25,arsenal,leicester,2,data/raw/epl_2020_2021_football_data_real.csv|data/raw/global_acquisition/football_data/epl_2021_direct.csv
2020-10-25,southampton,everton,2,data/raw/epl_2020_2021_football_data_real.csv|data/raw/global_acquisition/football_data/epl_2021_direct.csv
2020-10-25,wolves,newcastle,2,data/raw/epl_2020_2021_football_data_real.csv|data/raw/global_acquisition/football_data/epl_2021_direct.csv
2020-10-26,brighton,westbrom,2,data/raw/epl_2020_2021_football_data_real.csv|data/raw/global_acquisition/football_data/epl_2021_direct.csv
2020-10-26,burnley,tottenham,2,data/raw/epl_2020_2021_football_data_real.csv|data/raw/global_acquisition/football_data/epl_2021_direct.csv
2020-10-30,wolves,crystalpalace,2,data/raw/epl_2020_2021_football_data_real.csv|data/raw/global_acquisition/football_data/epl_2021_direct.csv
2020-10-31,burnley,chelsea,2,data/raw/epl_2020_2021_football_data_real.csv|data/raw/global_acquisition/football_data/epl_2021_direct.csv
2020-10-31,liverpool,westham,2,data/raw/epl_2020_2021_football_data_real.csv|data/raw/global_acquisition/football_data/epl_2021_direct.csv
2020-10-31,sheffieldunited,mancity,2,data/raw/epl_2020_2021_football_data_real.csv|data/raw/global_acquisition/football_data/epl_2021_direct.csv
2020-11-01,astonvilla,southampton,2,data/raw/epl_2020_2021_football_data_real.csv|data/raw/global_acquisition/football_data/epl_2021_direct.csv
2020-11-01,manunited,arsenal,2,data/raw/epl_2020_2021_football_data_real.csv|data/raw/global_acquisition/football_data/epl_2021_direct.csv
2020-11-01,newcastle,everton,2,data/raw/epl_2020_2021_football_data_real.csv|data/raw/global_acquisition/football_data/epl_2021_direct.csv
2020-11-01,tottenham,brighton,2,data/raw/epl_2020_2021_football_data_real.csv|data/raw/global_acquisition/football_data/epl_2021_direct.csv
2020-11-02,fulham,westbrom,2,data/raw/epl_2020_2021_football_data_real.csv|data/raw/global_acquisition/football_data/epl_2021_direct.csv
2020-11-02,leeds,leicester,2,data/raw/epl_2020_2021_football_data_real.csv|data/raw/global_acquisition/football_data/epl_2021_direct.csv
2020-11-06,brighton,burnley,2,data/raw/epl_2020_2021_football_data_real.csv|data/raw/global_acquisition/football_data/epl_2021_direct.csv
2020-11-06,southampton,newcastle,2,data/raw/epl_2020_2021_football_data_real.csv|data/raw/global_acquisition/football_data/epl_2021_direct.csv
2020-11-07,chelsea,sheffieldunited,2,data/raw/epl_2020_2021_football_data_real.csv|data/raw/global_acquisition/football_data/epl_2021_direct.csv
2020-11-07,crystalpalace,leeds,2,data/raw/epl_2020_2021_football_data_real.csv|data/raw/global_acquisition/football_data/epl_2021_direct.csv
2020-11-07,everton,manunited,2,data/raw/epl_2020_2021_football_data_real.csv|data/raw/global_acquisition/football_data/epl_2021_direct.csv
2020-11-07,westham,fulham,2,data/raw/epl_2020_2021_football_data_real.csv|data/raw/global_acquisition/football_data/epl_2021_direct.csv
2020-11-08,arsenal,astonvilla,2,data/raw/epl_2020_2021_football_data_real.csv|data/raw/global_acquisition/football_data/epl_2021_direct.csv
2020-11-08,leicester,wolves,2,data/raw/epl_2020_2021_football_data_real.csv|data/raw/global_acquisition/football_data/epl_2021_direct.csv
2020-11-08,mancity,liverpool,2,data/raw/epl_2020_2021_football_data_real.csv|data/raw/global_acquisition/football_data/epl_2021_direct.csv
2020-11-08,westbrom,tottenham,2,data/raw/epl_2020_2021_football_data_real.csv|data/raw/global_acquisition/football_data/epl_2021_direct.csv
2020-11-21,astonvilla,brighton,2,data/raw/epl_2020_2021_football_data_real.csv|data/raw/global_acquisition/football_data/epl_2021_direct.csv
2020-11-21,manunited,westbrom,2,data/raw/epl_2020_2021_football_data_real.csv|data/raw/global_acquisition/football_data/epl_2021_direct.csv
2020-11-21,newcastle,chelsea,2,data/raw/epl_2020_2021_football_data_real.csv|data/raw/global_acquisition/football_data/epl_2021_direct.csv
2020-11-21,tottenham,mancity,2,data/raw/epl_2020_2021_football_data_real.csv|data/raw/global_acquisition/football_data/epl_2021_direct.csv
2020-11-22,fulham,everton,2,data/raw/epl_2020_2021_football_data_real.csv|data/raw/global_acquisition/football_data/epl_2021_direct.csv
2020-11-22,leeds,arsenal,2,data/raw/epl_2020_2021_football_data_real.csv|data/raw/global_acquisition/football_data/epl_2021_direct.csv
2020-11-22,liverpool,leicester,2,data/raw/epl_2020_2021_football_data_real.csv|data/raw/global_acquisition/football_data/epl_2021_direct.csv
2020-11-22,sheffieldunited,westham,2,data/raw/epl_2020_2021_football_data_real.csv|data/raw/global_acquisition/football_data/epl_2021_direct.csv
2020-11-23,burnley,crystalpalace,2,data/raw/epl_2020_2021_football_data_real.csv|data/raw/global_acquisition/football_data/epl_2021_direct.csv
2020-11-23,wolves,southampton,2,data/raw/epl_2020_2021_football_data_real.csv|data/raw/global_acquisition/football_data/epl_2021_direct.csv
2020-11-27,crystalpalace,newcastle,2,data/raw/epl_2020_2021_football_data_real.csv|data/raw/global_acquisition/football_data/epl_2021_direct.csv
2020-11-28,brighton,liverpool,2,data/raw/epl_2020_2021_football_data_real.csv|data/raw/global_acquisition/football_data/epl_2021_direct.csv
2020-11-28,everton,leeds,2,data/raw/epl_2020_2021_football_data_real.csv|data/raw/global_acquisition/football_data/epl_2021_direct.csv
2020-11-28,mancity,burnley,2,data/raw/epl_2020_2021_football_data_real.csv|data/raw/global_acquisition/football_data/epl_2021_direct.csv
2020-11-28,westbrom,sheffieldunited,2,data/raw/epl_2020_2021_football_data_real.csv|data/raw/global_acquisition/football_data/epl_2021_direct.csv
2020-11-29,arsenal,wolves,2,data/raw/epl_2020_2021_football_data_real.csv|data/raw/global_acquisition/football_data/epl_2021_direct.csv
2020-11-29,chelsea,tottenham,2,data/raw/epl_2020_2021_football_data_real.csv|data/raw/global_acquisition/football_data/epl_2021_direct.csv
2020-11-29,southampton,manunited,2,data/raw/epl_2020_2021_football_data_real.csv|data/raw/global_acquisition/football_data/epl_2021_direct.csv
2020-11-30,leicester,fulham,2,data/raw/epl_2020_2021_football_data_real.csv|data/raw/global_acquisition/football_data/epl_2021_direct.csv
2020-11-30,westham,astonvilla,2,data/raw/epl_2020_2021_football_data_real.csv|data/raw/global_acquisition/football_data/epl_2021_direct.csv
2020-12-05,burnley,everton,2,data/raw/epl_2020_2021_football_data_real.csv|data/raw/global_acquisition/football_data/epl_2021_direct.csv
2020-12-05,chelsea,leeds,2,data/raw/epl_2020_2021_football_data_real.csv|data/raw/global_acquisition/football_data/epl_2021_direct.csv
2020-12-05,mancity,fulham,2,data/raw/epl_2020_2021_football_data_real.csv|data/raw/global_acquisition/football_data/epl_2021_direct.csv
2020-12-05,westham,manunited,2,data/raw/epl_2020_2021_football_data_real.csv|data/raw/global_acquisition/football_data/epl_2021_direct.csv
2020-12-06,liverpool,wolves,2,data/raw/epl_2020_2021_football_data_real.csv|data/raw/global_acquisition/football_data/epl_2021_direct.csv
2020-12-06,sheffieldunited,leicester,2,data/raw/epl_2020_2021_football_data_real.csv|data/raw/global_acquisition/football_data/epl_2021_direct.csv
2020-12-06,tottenham,arsenal,2,data/raw/epl_2020_2021_football_data_real.csv|data/raw/global_acquisition/football_data/epl_2021_direct.csv
2020-12-06,westbrom,crystalpalace,2,data/raw/epl_2020_2021_football_data_real.csv|data/raw/global_acquisition/football_data/epl_2021_direct.csv
2020-12-07,brighton,southampton,2,data/raw/epl_2020_2021_football_data_real.csv|data/raw/global_acquisition/football_data/epl_2021_direct.csv
2020-12-11,leeds,westham,2,data/raw/epl_2020_2021_football_data_real.csv|data/raw/global_acquisition/football_data/epl_2021_direct.csv
2020-12-12,everton,chelsea,2,data/raw/epl_2020_2021_football_data_real.csv|data/raw/global_acquisition/football_data/epl_2021_direct.csv
2020-12-12,manunited,mancity,2,data/raw/epl_2020_2021_football_data_real.csv|data/raw/global_acquisition/football_data/epl_2021_direct.csv
2020-12-12,newcastle,westbrom,2,data/raw/epl_2020_2021_football_data_real.csv|data/raw/global_acquisition/football_data/epl_2021_direct.csv
2020-12-12,wolves,astonvilla,2,data/raw/epl_2020_2021_football_data_real.csv|data/raw/global_acquisition/football_data/epl_2021_direct.csv
2020-12-13,arsenal,burnley,2,data/raw/epl_2020_2021_football_data_real.csv|data/raw/global_acquisition/football_data/epl_2021_direct.csv
2020-12-13,crystalpalace,tottenham,2,data/raw/epl_2020_2021_football_data_real.csv|data/raw/global_acquisition/football_data/epl_2021_direct.csv
2020-12-13,fulham,liverpool,2,data/raw/epl_2020_2021_football_data_real.csv|data/raw/global_acquisition/football_data/epl_2021_direct.csv
2020-12-13,leicester,brighton,2,data/raw/epl_2020_2021_football_data_real.csv|data/raw/global_acquisition/football_data/epl_2021_direct.csv
2020-12-13,southampton,sheffieldunited,2,data/raw/epl_2020_2021_football_data_real.csv|data/raw/global_acquisition/football_data/epl_2021_direct.csv
2020-12-15,mancity,westbrom,2,data/raw/epl_2020_2021_football_data_real.csv|data/raw/global_acquisition/football_data/epl_2021_direct.csv
2020-12-15,wolves,chelsea,2,data/raw/epl_2020_2021_football_data_real.csv|data/raw/global_acquisition/football_data/epl_2021_direct.csv
2020-12-16,arsenal,southampton,2,data/raw/epl_2020_2021_football_data_real.csv|data/raw/global_acquisition/football_data/epl_2021_direct.csv
2020-12-16,fulham,brighton,2,data/raw/epl_2020_2021_football_data_real.csv|data/raw/global_acquisition/football_data/epl_2021_direct.csv
2020-12-16,leeds,newcastle,2,data/raw/epl_2020_2021_football_data_real.csv|data/raw/global_acquisition/football_data/epl_2021_direct.csv
2020-12-16,leicester,everton,2,data/raw/epl_2020_2021_football_data_real.csv|data/raw/global_acquisition/football_data/epl_2021_direct.csv
2020-12-16,liverpool,tottenham,2,data/raw/epl_2020_2021_football_data_real.csv|data/raw/global_acquisition/football_data/epl_2021_direct.csv
2020-12-16,westham,crystalpalace,2,data/raw/epl_2020_2021_football_data_real.csv|data/raw/global_acquisition/football_data/epl_2021_direct.csv
2020-12-17,astonvilla,burnley,2,data/raw/epl_2020_2021_football_data_real.csv|data/raw/global_acquisition/football_data/epl_2021_direct.csv
2020-12-17,sheffieldunited,manunited,2,data/raw/epl_2020_2021_football_data_real.csv|data/raw/global_acquisition/football_data/epl_2021_direct.csv
2020-12-19,crystalpalace,liverpool,2,data/raw/epl_2020_2021_football_data_real.csv|data/raw/global_acquisition/football_data/epl_2021_direct.csv
2020-12-19,everton,arsenal,2,data/raw/epl_2020_2021_football_data_real.csv|data/raw/global_acquisition/football_data/epl_2021_direct.csv
2020-12-19,newcastle,fulham,2,data/raw/epl_2020_2021_football_data_real.csv|data/raw/global_acquisition/football_data/epl_2021_direct.csv
2020-12-19,southampton,mancity,2,data/raw/epl_2020_2021_football_data_real.csv|data/raw/global_acquisition/football_data/epl_2021_direct.csv
2020-12-20,brighton,sheffieldunited,2,data/raw/epl_2020_2021_football_data_real.csv|data/raw/global_acquisition/football_data/epl_2021_direct.csv
2020-12-20,manunited,leeds,2,data/raw/epl_2020_2021_football_data_real.csv|data/raw/global_acquisition/football_data/epl_2021_direct.csv
2020-12-20,tottenham,leicester,2,data/raw/epl_2020_2021_football_data_real.csv|data/raw/global_acquisition/football_data/epl_2021_direct.csv
2020-12-20,westbrom,astonvilla,2,data/raw/epl_2020_2021_football_data_real.csv|data/raw/global_acquisition/football_data/epl_2021_direct.csv
2020-12-21,burnley,wolves,2,data/raw/epl_2020_2021_football_data_real.csv|data/raw/global_acquisition/football_data/epl_2021_direct.csv
2020-12-21,chelsea,westham,2,data/raw/epl_2020_2021_football_data_real.csv|data/raw/global_acquisition/football_data/epl_2021_direct.csv
2020-12-26,arsenal,chelsea,2,data/raw/epl_2020_2021_football_data_real.csv|data/raw/global_acquisition/football_data/epl_2021_direct.csv
2020-12-26,astonvilla,crystalpalace,2,data/raw/epl_2020_2021_football_data_real.csv|data/raw/global_acquisition/football_data/epl_2021_direct.csv
2020-12-26,fulham,southampton,2,data/raw/epl_2020_2021_football_data_real.csv|data/raw/global_acquisition/football_data/epl_2021_direct.csv
2020-12-26,leicester,manunited,2,data/raw/epl_2020_2021_football_data_real.csv|data/raw/global_acquisition/football_data/epl_2021_direct.csv
2020-12-26,mancity,newcastle,2,data/raw/epl_2020_2021_football_data_real.csv|data/raw/global_acquisition/football_data/epl_2021_direct.csv
2020-12-26,sheffieldunited,everton,2,data/raw/epl_2020_2021_football_data_real.csv|data/raw/global_acquisition/football_data/epl_2021_direct.csv
2020-12-27,leeds,burnley,2,data/raw/epl_2020_2021_football_data_real.csv|data/raw/global_acquisition/football_data/epl_2021_direct.csv
2020-12-27,liverpool,westbrom,2,data/raw/epl_2020_2021_football_data_real.csv|data/raw/global_acquisition/football_data/epl_2021_direct.csv
2020-12-27,westham,brighton,2,data/raw/epl_2020_2021_football_data_real.csv|data/raw/global_acquisition/football_data/epl_2021_direct.csv
2020-12-27,wolves,tottenham,2,data/raw/epl_2020_2021_football_data_real.csv|data/raw/global_acquisition/football_data/epl_2021_direct.csv
2020-12-28,chelsea,astonvilla,2,data/raw/epl_2020_2021_football_data_real.csv|data/raw/global_acquisition/football_data/epl_2021_direct.csv
2020-12-28,crystalpalace,leicester,2,data/raw/epl_2020_2021_football_data_real.csv|data/raw/global_acquisition/football_data/epl_2021_direct.csv
2020-12-29,brighton,arsenal,2,data/raw/epl_2020_2021_football_data_real.csv|data/raw/global_acquisition/football_data/epl_2021_direct.csv
2020-12-29,burnley,sheffieldunited,2,data/raw/epl_2020_2021_football_data_real.csv|data/raw/global_acquisition/football_data/epl_2021_direct.csv
2020-12-29,manunited,wolves,2,data/raw/epl_2020_2021_football_data_real.csv|data/raw/global_acquisition/football_data/epl_2021_direct.csv
2020-12-29,southampton,westham,2,data/raw/epl_2020_2021_football_data_real.csv|data/raw/global_acquisition/football_data/epl_2021_direct.csv
2020-12-29,westbrom,leeds,2,data/raw/epl_2020_2021_football_data_real.csv|data/raw/global_acquisition/football_data/epl_2021_direct.csv
2020-12-30,newcastle,liverpool,2,data/raw/epl_2020_2021_football_data_real.csv|data/raw/global_acquisition/football_data/epl_2021_direct.csv
2021-01-01,everton,westham,2,data/raw/epl_2020_2021_football_data_real.csv|data/raw/global_acquisition/football_data/epl_2021_direct.csv
2021-01-01,manunited,astonvilla,2,data/raw/epl_2020_2021_football_data_real.csv|data/raw/global_acquisition/football_data/epl_2021_direct.csv
2021-01-02,brighton,wolves,2,data/raw/epl_2020_2021_football_data_real.csv|data/raw/global_acquisition/football_data/epl_2021_direct.csv
2021-01-02,crystalpalace,sheffieldunited,2,data/raw/epl_2020_2021_football_data_real.csv|data/raw/global_acquisition/football_data/epl_2021_direct.csv
2021-01-02,tottenham,leeds,2,data/raw/epl_2020_2021_football_data_real.csv|data/raw/global_acquisition/football_data/epl_2021_direct.csv
2021-01-02,westbrom,arsenal,2,data/raw/epl_2020_2021_football_data_real.csv|data/raw/global_acquisition/football_data/epl_2021_direct.csv
2021-01-03,chelsea,mancity,2,data/raw/epl_2020_2021_football_data_real.csv|data/raw/global_acquisition/football_data/epl_2021_direct.csv
2021-01-03,newcastle,leicester,2,data/raw/epl_2020_2021_football_data_real.csv|data/raw/global_acquisition/football_data/epl_2021_direct.csv
2021-01-04,southampton,liverpool,2,data/raw/epl_2020_2021_football_data_real.csv|data/raw/global_acquisition/football_data/epl_2021_direct.csv
2021-01-12,burnley,manunited,2,data/raw/epl_2020_2021_football_data_real.csv|data/raw/global_acquisition/football_data/epl_2021_direct.csv
2021-01-12,sheffieldunited,newcastle,2,data/raw/epl_2020_2021_football_data_real.csv|data/raw/global_acquisition/football_data/epl_2021_direct.csv
2021-01-12,wolves,everton,2,data/raw/epl_2020_2021_football_data_real.csv|data/raw/global_acquisition/football_data/epl_2021_direct.csv
2021-01-13,mancity,brighton,2,data/raw/epl_2020_2021_football_data_real.csv|data/raw/global_acquisition/football_data/epl_2021_direct.csv
2021-01-13,tottenham,fulham,2,data/raw/epl_2020_2021_football_data_real.csv|data/raw/global_acquisition/football_data/epl_2021_direct.csv
2021-01-14,arsenal,crystalpalace,2,data/raw/epl_2020_2021_football_data_real.csv|data/raw/global_acquisition/football_data/epl_2021_direct.csv
2021-01-16,fulham,chelsea,2,data/raw/epl_2020_2021_football_data_real.csv|data/raw/global_acquisition/football_data/epl_2021_direct.csv
2021-01-16,leeds,brighton,2,data/raw/epl_2020_2021_football_data_real.csv|data/raw/global_acquisition/football_data/epl_2021_direct.csv
2021-01-16,leicester,southampton,2,data/raw/epl_2020_2021_football_data_real.csv|data/raw/global_acquisition/football_data/epl_2021_direct.csv
2021-01-16,westham,burnley,2,data/raw/epl_2020_2021_football_data_real.csv|data/raw/global_acquisition/football_data/epl_2021_direct.csv
2021-01-16,wolves,westbrom,2,data/raw/epl_2020_2021_football_data_real.csv|data/raw/global_acquisition/football_data/epl_2021_direct.csv
2021-01-17,liverpool,manunited,2,data/raw/epl_2020_2021_football_data_real.csv|data/raw/global_acquisition/football_data/epl_2021_direct.csv
2021-01-17,mancity,crystalpalace,2,data/raw/epl_2020_2021_football_data_real.csv|data/raw/global_acquisition/football_data/epl_2021_direct.csv
2021-01-17,sheffieldunited,tottenham,2,data/raw/epl_2020_2021_football_data_real.csv|data/raw/global_acquisition/football_data/epl_2021_direct.csv
2021-01-18,arsenal,newcastle,2,data/raw/epl_2020_2021_football_data_real.csv|data/raw/global_acquisition/football_data/epl_2021_direct.csv
2021-01-19,leicester,chelsea,2,data/raw/epl_2020_2021_football_data_real.csv|data/raw/global_acquisition/football_data/epl_2021_direct.csv
2021-01-19,westham,westbrom,2,data/raw/epl_2020_2021_football_data_real.csv|data/raw/global_acquisition/football_data/epl_2021_direct.csv
2021-01-20,fulham,manunited,2,data/raw/epl_2020_2021_football_data_real.csv|data/raw/global_acquisition/football_data/epl_2021_direct.csv
2021-01-20,mancity,astonvilla,2,data/raw/epl_2020_2021_football_data_real.csv|data/raw/global_acquisition/football_data/epl_2021_direct.csv
2021-01-21,liverpool,burnley,2,data/raw/epl_2020_2021_football_data_real.csv|data/raw/global_acquisition/football_data/epl_2021_direct.csv
2021-01-23,astonvilla,newcastle,2,data/raw/epl_2020_2021_football_data_real.csv|data/raw/global_acquisition/football_data/epl_2021_direct.csv
2021-01-26,crystalpalace,westham,2,data/raw/epl_2020_2021_football_data_real.csv|data/raw/global_acquisition/football_data/epl_2021_direct.csv
2021-01-26,newcastle,leeds,2,data/raw/epl_2020_2021_football_data_real.csv|data/raw/global_acquisition/football_data/epl_2021_direct.csv
2021-01-26,southampton,arsenal,2,data/raw/epl_2020_2021_football_data_real.csv|data/raw/global_acquisition/football_data/epl_2021_direct.csv
2021-01-26,westbrom,mancity,2,data/raw/epl_2020_2021_football_data_real.csv|data/raw/global_acquisition/football_data/epl_2021_direct.csv
2021-01-27,brighton,fulham,2,data/raw/epl_2020_2021_football_data_real.csv|data/raw/global_acquisition/football_data/epl_2021_direct.csv
2021-01-27,burnley,astonvilla,2,data/raw/epl_2020_2021_football_data_real.csv|data/raw/global_acquisition/football_data/epl_2021_direct.csv
2021-01-27,chelsea,wolves,2,data/raw/epl_2020_2021_football_data_real.csv|data/raw/global_acquisition/football_data/epl_2021_direct.csv
2021-01-27,everton,leicester,2,data/raw/epl_2020_2021_football_data_real.csv|data/raw/global_acquisition/football_data/epl_2021_direct.csv
2021-01-27,manunited,sheffieldunited,2,data/raw/epl_2020_2021_football_data_real.csv|data/raw/global_acquisition/football_data/epl_2021_direct.csv
2021-01-28,tottenham,liverpool,2,data/raw/epl_2020_2021_football_data_real.csv|data/raw/global_acquisition/football_data/epl_2021_direct.csv
2021-01-30,arsenal,manunited,2,data/raw/epl_2020_2021_football_data_real.csv|data/raw/global_acquisition/football_data/epl_2021_direct.csv
2021-01-30,crystalpalace,wolves,2,data/raw/epl_2020_2021_football_data_real.csv|data/raw/global_acquisition/football_data/epl_2021_direct.csv
2021-01-30,everton,newcastle,2,data/raw/epl_2020_2021_football_data_real.csv|data/raw/global_acquisition/football_data/epl_2021_direct.csv
2021-01-30,mancity,sheffieldunited,2,data/raw/epl_2020_2021_football_data_real.csv|data/raw/global_acquisition/football_data/epl_2021_direct.csv
2021-01-30,southampton,astonvilla,2,data/raw/epl_2020_2021_football_data_real.csv|data/raw/global_acquisition/football_data/epl_2021_direct.csv
2021-01-30,westbrom,fulham,2,data/raw/epl_2020_2021_football_data_real.csv|data/raw/global_acquisition/football_data/epl_2021_direct.csv
2021-01-31,brighton,tottenham,2,data/raw/epl_2020_2021_football_data_real.csv|data/raw/global_acquisition/football_data/epl_2021_direct.csv
2021-01-31,chelsea,burnley,2,data/raw/epl_2020_2021_football_data_real.csv|data/raw/global_acquisition/football_data/epl_2021_direct.csv
2021-01-31,leicester,leeds,2,data/raw/epl_2020_2021_football_data_real.csv|data/raw/global_acquisition/football_data/epl_2021_direct.csv
2021-01-31,westham,liverpool,2,data/raw/epl_2020_2021_football_data_real.csv|data/raw/global_acquisition/football_data/epl_2021_direct.csv
2021-02-02,manunited,southampton,2,data/raw/epl_2020_2021_football_data_real.csv|data/raw/global_acquisition/football_data/epl_2021_direct.csv
2021-02-02,newcastle,crystalpalace,2,data/raw/epl_2020_2021_football_data_real.csv|data/raw/global_acquisition/football_data/epl_2021_direct.csv
2021-02-02,sheffieldunited,westbrom,2,data/raw/epl_2020_2021_football_data_real.csv|data/raw/global_acquisition/football_data/epl_2021_direct.csv
2021-02-02,wolves,arsenal,2,data/raw/epl_2020_2021_football_data_real.csv|data/raw/global_acquisition/football_data/epl_2021_direct.csv
2021-02-03,astonvilla,westham,2,data/raw/epl_2020_2021_football_data_real.csv|data/raw/global_acquisition/football_data/epl_2021_direct.csv
2021-02-03,burnley,mancity,2,data/raw/epl_2020_2021_football_data_real.csv|data/raw/global_acquisition/football_data/epl_2021_direct.csv
2021-02-03,fulham,leicester,2,data/raw/epl_2020_2021_football_data_real.csv|data/raw/global_acquisition/football_data/epl_2021_direct.csv
2021-02-03,leeds,everton,2,data/raw/epl_2020_2021_football_data_real.csv|data/raw/global_acquisition/football_data/epl_2021_direct.csv
2021-02-03,liverpool,brighton,2,data/raw/epl_2020_2021_football_data_real.csv|data/raw/global_acquisition/football_data/epl_2021_direct.csv
2021-02-04,tottenham,chelsea,2,data/raw/epl_2020_2021_football_data_real.csv|data/raw/global_acquisition/football_data/epl_2021_direct.csv
2021-02-06,astonvilla,arsenal,2,data/raw/epl_2020_2021_football_data_real.csv|data/raw/global_acquisition/football_data/epl_2021_direct.csv
2021-02-06,burnley,brighton,2,data/raw/epl_2020_2021_football_data_real.csv|data/raw/global_acquisition/football_data/epl_2021_direct.csv
2021-02-06,fulham,westham,2,data/raw/epl_2020_2021_football_data_real.csv|data/raw/global_acquisition/football_data/epl_2021_direct.csv
2021-02-06,manunited,everton,2,data/raw/epl_2020_2021_football_data_real.csv|data/raw/global_acquisition/football_data/epl_2021_direct.csv
2021-02-06,newcastle,southampton,2,data/raw/epl_2020_2021_football_data_real.csv|data/raw/global_acquisition/football_data/epl_2021_direct.csv
2021-02-07,liverpool,mancity,2,data/raw/epl_2020_2021_football_data_real.csv|data/raw/global_acquisition/football_data/epl_2021_direct.csv
2021-02-07,sheffieldunited,chelsea,2,data/raw/epl_2020_2021_football_data_real.csv|data/raw/global_acquisition/football_data/epl_2021_direct.csv
2021-02-07,tottenham,westbrom,2,data/raw/epl_2020_2021_football_data_real.csv|data/raw/global_acquisition/football_data/epl_2021_direct.csv
2021-02-07,wolves,leicester,2,data/raw/epl_2020_2021_football_data_real.csv|data/raw/global_acquisition/football_data/epl_2021_direct.csv
2021-02-08,leeds,crystalpalace,2,data/raw/epl_2020_2021_football_data_real.csv|data/raw/global_acquisition/football_data/epl_2021_direct.csv
2021-02-13,brighton,astonvilla,2,data/raw/epl_2020_2021_football_data_real.csv|data/raw/global_acquisition/football_data/epl_2021_direct.csv
2021-02-13,crystalpalace,burnley,2,data/raw/epl_2020_2021_football_data_real.csv|data/raw/global_acquisition/football_data/epl_2021_direct.csv
2021-02-13,leicester,liverpool,2,data/raw/epl_2020_2021_football_data_real.csv|data/raw/global_acquisition/football_data/epl_2021_direct.csv
2021-02-13,mancity,tottenham,2,data/raw/epl_2020_2021_football_data_real.csv|data/raw/global_acquisition/football_data/epl_2021_direct.csv
2021-02-14,arsenal,leeds,2,data/raw/epl_2020_2021_football_data_real.csv|data/raw/global_acquisition/football_data/epl_2021_direct.csv
2021-02-14,everton,fulham,2,data/raw/epl_2020_2021_football_data_real.csv|data/raw/global_acquisition/football_data/epl_2021_direct.csv
2021-02-14,southampton,wolves,2,data/raw/epl_2020_2021_football_data_real.csv|data/raw/global_acquisition/football_data/epl_2021_direct.csv
2021-02-14,westbrom,manunited,2,data/raw/epl_2020_2021_football_data_real.csv|data/raw/global_acquisition/football_data/epl_2021_direct.csv
2021-02-15,chelsea,newcastle,2,data/raw/epl_2020_2021_football_data_real.csv|data/raw/global_acquisition/football_data/epl_2021_direct.csv
2021-02-15,westham,sheffieldunited,2,data/raw/epl_2020_2021_football_data_real.csv|data/raw/global_acquisition/football_data/epl_2021_direct.csv
2021-02-17,burnley,fulham,2,data/raw/epl_2020_2021_football_data_real.csv|data/raw/global_acquisition/football_data/epl_2021_direct.csv
2021-02-17,everton,mancity,2,data/raw/epl_2020_2021_football_data_real.csv|data/raw/global_acquisition/football_data/epl_2021_direct.csv
2021-02-19,wolves,leeds,2,data/raw/epl_2020_2021_football_data_real.csv|data/raw/global_acquisition/football_data/epl_2021_direct.csv
2021-02-20,burnley,westbrom,2,data/raw/epl_2020_2021_football_data_real.csv|data/raw/global_acquisition/football_data/epl_2021_direct.csv
2021-02-20,fulham,sheffieldunited,2,data/raw/epl_2020_2021_football_data_real.csv|data/raw/global_acquisition/football_data/epl_2021_direct.csv
2021-02-20,liverpool,everton,2,data/raw/epl_2020_2021_football_data_real.csv|data/raw/global_acquisition/football_data/epl_2021_direct.csv
2021-02-20,southampton,chelsea,2,data/raw/epl_2020_2021_football_data_real.csv|data/raw/global_acquisition/football_data/epl_2021_direct.csv
2021-02-21,arsenal,mancity,2,data/raw/epl_2020_2021_football_data_real.csv|data/raw/global_acquisition/football_data/epl_2021_direct.csv
2021-02-21,astonvilla,leicester,2,data/raw/epl_2020_2021_football_data_real.csv|data/raw/global_acquisition/football_data/epl_2021_direct.csv
2021-02-21,manunited,newcastle,2,data/raw/epl_2020_2021_football_data_real.csv|data/raw/global_acquisition/football_data/epl_2021_direct.csv
2021-02-21,westham,tottenham,2,data/raw/epl_2020_2021_football_data_real.csv|data/raw/global_acquisition/football_data/epl_2021_direct.csv
2021-02-22,brighton,crystalpalace,2,data/raw/epl_2020_2021_football_data_real.csv|data/raw/global_acquisition/football_data/epl_2021_direct.csv
2021-02-23,leeds,southampton,2,data/raw/epl_2020_2021_football_data_real.csv|data/raw/global_acquisition/football_data/epl_2021_direct.csv
2021-02-27,leeds,astonvilla,2,data/raw/epl_2020_2021_football_data_real.csv|data/raw/global_acquisition/football_data/epl_2021_direct.csv
2021-02-27,mancity,westham,2,data/raw/epl_2020_2021_football_data_real.csv|data/raw/global_acquisition/football_data/epl_2021_direct.csv
2021-02-27,newcastle,wolves,2,data/raw/epl_2020_2021_football_data_real.csv|data/raw/global_acquisition/football_data/epl_2021_direct.csv
2021-02-27,westbrom,brighton,2,data/raw/epl_2020_2021_football_data_real.csv|data/raw/global_acquisition/football_data/epl_2021_direct.csv
2021-02-28,chelsea,manunited,2,data/raw/epl_2020_2021_football_data_real.csv|data/raw/global_acquisition/football_data/epl_2021_direct.csv
2021-02-28,crystalpalace,fulham,2,data/raw/epl_2020_2021_football_data_real.csv|data/raw/global_acquisition/football_data/epl_2021_direct.csv
2021-02-28,leicester,arsenal,2,data/raw/epl_2020_2021_football_data_real.csv|data/raw/global_acquisition/football_data/epl_2021_direct.csv
2021-02-28,sheffieldunited,liverpool,2,data/raw/epl_2020_2021_football_data_real.csv|data/raw/global_acquisition/football_data/epl_2021_direct.csv
2021-02-28,tottenham,burnley,2,data/raw/epl_2020_2021_football_data_real.csv|data/raw/global_acquisition/football_data/epl_2021_direct.csv
2021-03-01,everton,southampton,2,data/raw/epl_2020_2021_football_data_real.csv|data/raw/global_acquisition/football_data/epl_2021_direct.csv
2021-03-02,mancity,wolves,2,data/raw/epl_2020_2021_football_data_real.csv|data/raw/global_acquisition/football_data/epl_2021_direct.csv
2021-03-03,burnley,leicester,2,data/raw/epl_2020_2021_football_data_real.csv|data/raw/global_acquisition/football_data/epl_2021_direct.csv
2021-03-03,crystalpalace,manunited,2,data/raw/epl_2020_2021_football_data_real.csv|data/raw/global_acquisition/football_data/epl_2021_direct.csv
2021-03-03,sheffieldunited,astonvilla,2,data/raw/epl_2020_2021_football_data_real.csv|data/raw/global_acquisition/football_data/epl_2021_direct.csv
2021-03-04,fulham,tottenham,2,data/raw/epl_2020_2021_football_data_real.csv|data/raw/global_acquisition/football_data/epl_2021_direct.csv
2021-03-04,liverpool,chelsea,2,data/raw/epl_2020_2021_football_data_real.csv|data/raw/global_acquisition/football_data/epl_2021_direct.csv
2021-03-04,westbrom,everton,2,data/raw/epl_2020_2021_football_data_real.csv|data/raw/global_acquisition/football_data/epl_2021_direct.csv
2021-03-06,astonvilla,wolves,2,data/raw/epl_2020_2021_football_data_real.csv|data/raw/global_acquisition/football_data/epl_2021_direct.csv
2021-03-06,brighton,leicester,2,data/raw/epl_2020_2021_football_data_real.csv|data/raw/global_acquisition/football_data/epl_2021_direct.csv
2021-03-06,burnley,arsenal,2,data/raw/epl_2020_2021_football_data_real.csv|data/raw/global_acquisition/football_data/epl_2021_direct.csv
2021-03-06,sheffieldunited,southampton,2,data/raw/epl_2020_2021_football_data_real.csv|data/raw/global_acquisition/football_data/epl_2021_direct.csv
2021-03-07,liverpool,fulham,2,data/raw/epl_2020_2021_football_data_real.csv|data/raw/global_acquisition/football_data/epl_2021_direct.csv
2021-03-07,mancity,manunited,2,data/raw/epl_2020_2021_football_data_real.csv|data/raw/global_acquisition/football_data/epl_2021_direct.csv
2021-03-07,tottenham,crystalpalace,2,data/raw/epl_2020_2021_football_data_real.csv|data/raw/global_acquisition/football_data/epl_2021_direct.csv
2021-03-07,westbrom,newcastle,2,data/raw/epl_2020_2021_football_data_real.csv|data/raw/global_acquisition/football_data/epl_2021_direct.csv
2021-03-08,chelsea,everton,2,data/raw/epl_2020_2021_football_data_real.csv|data/raw/global_acquisition/football_data/epl_2021_direct.csv
2021-03-08,westham,leeds,2,data/raw/epl_2020_2021_football_data_real.csv|data/raw/global_acquisition/football_data/epl_2021_direct.csv
2021-03-10,mancity,southampton,2,data/raw/epl_2020_2021_football_data_real.csv|data/raw/global_acquisition/football_data/epl_2021_direct.csv
2021-03-12,newcastle,astonvilla,2,data/raw/epl_2020_2021_football_data_real.csv|data/raw/global_acquisition/football_data/epl_2021_direct.csv
2021-03-13,crystalpalace,westbrom,2,data/raw/epl_2020_2021_football_data_real.csv|data/raw/global_acquisition/football_data/epl_2021_direct.csv
2021-03-13,everton,burnley,2,data/raw/epl_2020_2021_football_data_real.csv|data/raw/global_acquisition/football_data/epl_2021_direct.csv
2021-03-13,fulham,mancity,2,data/raw/epl_2020_2021_football_data_real.csv|data/raw/global_acquisition/football_data/epl_2021_direct.csv
2021-03-13,leeds,chelsea,2,data/raw/epl_2020_2021_football_data_real.csv|data/raw/global_acquisition/football_data/epl_2021_direct.csv
2021-03-14,arsenal,tottenham,2,data/raw/epl_2020_2021_football_data_real.csv|data/raw/global_acquisition/football_data/epl_2021_direct.csv
2021-03-14,leicester,sheffieldunited,2,data/raw/epl_2020_2021_football_data_real.csv|data/raw/global_acquisition/football_data/epl_2021_direct.csv
2021-03-14,manunited,westham,2,data/raw/epl_2020_2021_football_data_real.csv|data/raw/global_acquisition/football_data/epl_2021_direct.csv
2021-03-14,southampton,brighton,2,data/raw/epl_2020_2021_football_data_real.csv|data/raw/global_acquisition/football_data/epl_2021_direct.csv
2021-03-15,wolves,liverpool,2,data/raw/epl_2020_2021_football_data_real.csv|data/raw/global_acquisition/football_data/epl_2021_direct.csv
2021-03-19,fulham,leeds,2,data/raw/epl_2020_2021_football_data_real.csv|data/raw/global_acquisition/football_data/epl_2021_direct.csv
2021-03-20,brighton,newcastle,2,data/raw/epl_2020_2021_football_data_real.csv|data/raw/global_acquisition/football_data/epl_2021_direct.csv
2021-03-21,astonvilla,tottenham,2,data/raw/epl_2020_2021_football_data_real.csv|data/raw/global_acquisition/football_data/epl_2021_direct.csv
2021-03-21,westham,arsenal,2,data/raw/epl_2020_2021_football_data_real.csv|data/raw/global_acquisition/football_data/epl_2021_direct.csv
2021-04-03,arsenal,liverpool,2,data/raw/epl_2020_2021_football_data_real.csv|data/raw/global_acquisition/football_data/epl_2021_direct.csv
2021-04-03,chelsea,westbrom,2,data/raw/epl_2020_2021_football_data_real.csv|data/raw/global_acquisition/football_data/epl_2021_direct.csv
2021-04-03,leeds,sheffieldunited,2,data/raw/epl_2020_2021_football_data_real.csv|data/raw/global_acquisition/football_data/epl_2021_direct.csv
2021-04-03,leicester,mancity,2,data/raw/epl_2020_2021_football_data_real.csv|data/raw/global_acquisition/football_data/epl_2021_direct.csv
2021-04-04,astonvilla,fulham,2,data/raw/epl_2020_2021_football_data_real.csv|data/raw/global_acquisition/football_data/epl_2021_direct.csv
2021-04-04,manunited,brighton,2,data/raw/epl_2020_2021_football_data_real.csv|data/raw/global_acquisition/football_data/epl_2021_direct.csv
2021-04-04,newcastle,tottenham,2,data/raw/epl_2020_2021_football_data_real.csv|data/raw/global_acquisition/football_data/epl_2021_direct.csv
2021-04-04,southampton,burnley,2,data/raw/epl_2020_2021_football_data_real.csv|data/raw/global_acquisition/football_data/epl_2021_direct.csv
2021-04-05,everton,crystalpalace,2,data/raw/epl_2020_2021_football_data_real.csv|data/raw/global_acquisition/football_data/epl_2021_direct.csv
2021-04-05,wolves,westham,2,data/raw/epl_2020_2021_football_data_real.csv|data/raw/global_acquisition/football_data/epl_2021_direct.csv
2021-04-09,fulham,wolves,2,data/raw/epl_2020_2021_football_data_real.csv|data/raw/global_acquisition/football_data/epl_2021_direct.csv
2021-04-10,crystalpalace,chelsea,2,data/raw/epl_2020_2021_football_data_real.csv|data/raw/global_acquisition/football_data/epl_2021_direct.csv
2021-04-10,liverpool,astonvilla,2,data/raw/epl_2020_2021_football_data_real.csv|data/raw/global_acquisition/football_data/epl_2021_direct.csv
2021-04-10,mancity,leeds,2,data/raw/epl_2020_2021_football_data_real.csv|data/raw/global_acquisition/football_data/epl_2021_direct.csv
2021-04-11,burnley,newcastle,2,data/raw/epl_2020_2021_football_data_real.csv|data/raw/global_acquisition/football_data/epl_2021_direct.csv
2021-04-11,sheffieldunited,arsenal,2,data/raw/epl_2020_2021_football_data_real.csv|data/raw/global_acquisition/football_data/epl_2021_direct.csv
2021-04-11,tottenham,manunited,2,data/raw/epl_2020_2021_football_data_real.csv|data/raw/global_acquisition/football_data/epl_2021_direct.csv
2021-04-11,westham,leicester,2,data/raw/epl_2020_2021_football_data_real.csv|data/raw/global_acquisition/football_data/epl_2021_direct.csv
2021-04-12,brighton,everton,2,data/raw/epl_2020_2021_football_data_real.csv|data/raw/global_acquisition/football_data/epl_2021_direct.csv
2021-04-12,westbrom,southampton,2,data/raw/epl_2020_2021_football_data_real.csv|data/raw/global_acquisition/football_data/epl_2021_direct.csv
2021-04-16,everton,tottenham,2,data/raw/epl_2020_2021_football_data_real.csv|data/raw/global_acquisition/football_data/epl_2021_direct.csv
2021-04-17,newcastle,westham,2,data/raw/epl_2020_2021_football_data_real.csv|data/raw/global_acquisition/football_data/epl_2021_direct.csv
2021-04-17,wolves,sheffieldunited,2,data/raw/epl_2020_2021_football_data_real.csv|data/raw/global_acquisition/football_data/epl_2021_direct.csv
2021-04-18,arsenal,fulham,2,data/raw/epl_2020_2021_football_data_real.csv|data/raw/global_acquisition/football_data/epl_2021_direct.csv
2021-04-18,manunited,burnley,2,data/raw/epl_2020_2021_football_data_real.csv|data/raw/global_acquisition/football_data/epl_2021_direct.csv
2021-04-19,leeds,liverpool,2,data/raw/epl_2020_2021_football_data_real.csv|data/raw/global_acquisition/football_data/epl_2021_direct.csv
2021-04-20,chelsea,brighton,2,data/raw/epl_2020_2021_football_data_real.csv|data/raw/global_acquisition/football_data/epl_2021_direct.csv
2021-04-21,astonvilla,mancity,2,data/raw/epl_2020_2021_football_data_real.csv|data/raw/global_acquisition/football_data/epl_2021_direct.csv
2021-04-21,tottenham,southampton,2,data/raw/epl_2020_2021_football_data_real.csv|data/raw/global_acquisition/football_data/epl_2021_direct.csv
2021-04-22,leicester,westbrom,2,data/raw/epl_2020_2021_football_data_real.csv|data/raw/global_acquisition/football_data/epl_2021_direct.csv
2021-04-23,arsenal,everton,2,data/raw/epl_2020_2021_football_data_real.csv|data/raw/global_acquisition/football_data/epl_2021_direct.csv
2021-04-24,liverpool,newcastle,2,data/raw/epl_2020_2021_football_data_real.csv|data/raw/global_acquisition/football_data/epl_2021_direct.csv
2021-04-24,sheffieldunited,brighton,2,data/raw/epl_2020_2021_football_data_real.csv|data/raw/global_acquisition/football_data/epl_2021_direct.csv
2021-04-24,westham,chelsea,2,data/raw/epl_2020_2021_football_data_real.csv|data/raw/global_acquisition/football_data/epl_2021_direct.csv
2021-04-25,astonvilla,westbrom,2,data/raw/epl_2020_2021_football_data_real.csv|data/raw/global_acquisition/football_data/epl_2021_direct.csv
2021-04-25,leeds,manunited,2,data/raw/epl_2020_2021_football_data_real.csv|data/raw/global_acquisition/football_data/epl_2021_direct.csv
2021-04-25,wolves,burnley,2,data/raw/epl_2020_2021_football_data_real.csv|data/raw/global_acquisition/football_data/epl_2021_direct.csv
2021-04-26,leicester,crystalpalace,2,data/raw/epl_2020_2021_football_data_real.csv|data/raw/global_acquisition/football_data/epl_2021_direct.csv
2021-04-30,southampton,leicester,2,data/raw/epl_2020_2021_football_data_real.csv|data/raw/global_acquisition/football_data/epl_2021_direct.csv
2021-05-01,brighton,leeds,2,data/raw/epl_2020_2021_football_data_real.csv|data/raw/global_acquisition/football_data/epl_2021_direct.csv
2021-05-01,chelsea,fulham,2,data/raw/epl_2020_2021_football_data_real.csv|data/raw/global_acquisition/football_data/epl_2021_direct.csv
2021-05-01,crystalpalace,mancity,2,data/raw/epl_2020_2021_football_data_real.csv|data/raw/global_acquisition/football_data/epl_2021_direct.csv
2021-05-01,everton,astonvilla,2,data/raw/epl_2020_2021_football_data_real.csv|data/raw/global_acquisition/football_data/epl_2021_direct.csv
2021-05-02,newcastle,arsenal,2,data/raw/epl_2020_2021_football_data_real.csv|data/raw/global_acquisition/football_data/epl_2021_direct.csv
2021-05-02,tottenham,sheffieldunited,2,data/raw/epl_2020_2021_football_data_real.csv|data/raw/global_acquisition/football_data/epl_2021_direct.csv
2021-05-03,burnley,westham,2,data/raw/epl_2020_2021_football_data_real.csv|data/raw/global_acquisition/football_data/epl_2021_direct.csv
2021-05-03,westbrom,wolves,2,data/raw/epl_2020_2021_football_data_real.csv|data/raw/global_acquisition/football_data/epl_2021_direct.csv
2021-05-07,leicester,newcastle,2,data/raw/epl_2020_2021_football_data_real.csv|data/raw/global_acquisition/football_data/epl_2021_direct.csv
2021-05-08,leeds,tottenham,2,data/raw/epl_2020_2021_football_data_real.csv|data/raw/global_acquisition/football_data/epl_2021_direct.csv
2021-05-08,liverpool,southampton,2,data/raw/epl_2020_2021_football_data_real.csv|data/raw/global_acquisition/football_data/epl_2021_direct.csv
2021-05-08,mancity,chelsea,2,data/raw/epl_2020_2021_football_data_real.csv|data/raw/global_acquisition/football_data/epl_2021_direct.csv
2021-05-08,sheffieldunited,crystalpalace,2,data/raw/epl_2020_2021_football_data_real.csv|data/raw/global_acquisition/football_data/epl_2021_direct.csv
2021-05-09,arsenal,westbrom,2,data/raw/epl_2020_2021_football_data_real.csv|data/raw/global_acquisition/football_data/epl_2021_direct.csv
2021-05-09,astonvilla,manunited,2,data/raw/epl_2020_2021_football_data_real.csv|data/raw/global_acquisition/football_data/epl_2021_direct.csv
2021-05-09,westham,everton,2,data/raw/epl_2020_2021_football_data_real.csv|data/raw/global_acquisition/football_data/epl_2021_direct.csv
2021-05-09,wolves,brighton,2,data/raw/epl_2020_2021_football_data_real.csv|data/raw/global_acquisition/football_data/epl_2021_direct.csv
2021-05-10,fulham,burnley,2,data/raw/epl_2020_2021_football_data_real.csv|data/raw/global_acquisition/football_data/epl_2021_direct.csv
2021-05-11,manunited,leicester,2,data/raw/epl_2020_2021_football_data_real.csv|data/raw/global_acquisition/football_data/epl_2021_direct.csv
2021-05-11,southampton,crystalpalace,2,data/raw/epl_2020_2021_football_data_real.csv|data/raw/global_acquisition/football_data/epl_2021_direct.csv
2021-05-12,chelsea,arsenal,2,data/raw/epl_2020_2021_football_data_real.csv|data/raw/global_acquisition/football_data/epl_2021_direct.csv
2021-05-13,astonvilla,everton,2,data/raw/epl_2020_2021_football_data_real.csv|data/raw/global_acquisition/football_data/epl_2021_direct.csv
2021-05-13,manunited,liverpool,2,data/raw/epl_2020_2021_football_data_real.csv|data/raw/global_acquisition/football_data/epl_2021_direct.csv
2021-05-14,newcastle,mancity,2,data/raw/epl_2020_2021_football_data_real.csv|data/raw/global_acquisition/football_data/epl_2021_direct.csv
2021-05-15,brighton,westham,2,data/raw/epl_2020_2021_football_data_real.csv|data/raw/global_acquisition/football_data/epl_2021_direct.csv
2021-05-15,burnley,leeds,2,data/raw/epl_2020_2021_football_data_real.csv|data/raw/global_acquisition/football_data/epl_2021_direct.csv
2021-05-15,southampton,fulham,2,data/raw/epl_2020_2021_football_data_real.csv|data/raw/global_acquisition/football_data/epl_2021_direct.csv
2021-05-16,crystalpalace,astonvilla,2,data/raw/epl_2020_2021_football_data_real.csv|data/raw/global_acquisition/football_data/epl_2021_direct.csv
2021-05-16,everton,sheffieldunited,2,data/raw/epl_2020_2021_football_data_real.csv|data/raw/global_acquisition/football_data/epl_2021_direct.csv
2021-05-16,tottenham,wolves,2,data/raw/epl_2020_2021_football_data_real.csv|data/raw/global_acquisition/football_data/epl_2021_direct.csv
2021-05-16,westbrom,liverpool,2,data/raw/epl_2020_2021_football_data_real.csv|data/raw/global_acquisition/football_data/epl_2021_direct.csv
2021-05-18,brighton,mancity,2,data/raw/epl_2020_2021_football_data_real.csv|data/raw/global_acquisition/football_data/epl_2021_direct.csv
2021-05-18,chelsea,leicester,2,data/raw/epl_2020_2021_football_data_real.csv|data/raw/global_acquisition/football_data/epl_2021_direct.csv
2021-05-18,manunited,fulham,2,data/raw/epl_2020_2021_football_data_real.csv|data/raw/global_acquisition/football_data/epl_2021_direct.csv
2021-05-18,southampton,leeds,2,data/raw/epl_2020_2021_football_data_real.csv|data/raw/global_acquisition/football_data/epl_2021_direct.csv
2021-05-19,burnley,liverpool,2,data/raw/epl_2020_2021_football_data_real.csv|data/raw/global_acquisition/football_data/epl_2021_direct.csv
2021-05-19,crystalpalace,arsenal,2,data/raw/epl_2020_2021_football_data_real.csv|data/raw/global_acquisition/football_data/epl_2021_direct.csv
2021-05-19,everton,wolves,2,data/raw/epl_2020_2021_football_data_real.csv|data/raw/global_acquisition/football_data/epl_2021_direct.csv
2021-05-19,newcastle,sheffieldunited,2,data/raw/epl_2020_2021_football_data_real.csv|data/raw/global_acquisition/football_data/epl_2021_direct.csv
2021-05-19,tottenham,astonvilla,2,data/raw/epl_2020_2021_football_data_real.csv|data/raw/global_acquisition/football_data/epl_2021_direct.csv
2021-05-19,westbrom,westham,2,data/raw/epl_2020_2021_football_data_real.csv|data/raw/global_acquisition/football_data/epl_2021_direct.csv
2021-05-23,arsenal,brighton,2,data/raw/epl_2020_2021_football_data_real.csv|data/raw/global_acquisition/football_data/epl_2021_direct.csv
2021-05-23,astonvilla,chelsea,2,data/raw/epl_2020_2021_football_data_real.csv|data/raw/global_acquisition/football_data/epl_2021_direct.csv
2021-05-23,fulham,newcastle,2,data/raw/epl_2020_2021_football_data_real.csv|data/raw/global_acquisition/football_data/epl_2021_direct.csv
2021-05-23,leeds,westbrom,2,data/raw/epl_2020_2021_football_data_real.csv|data/raw/global_acquisition/football_data/epl_2021_direct.csv
2021-05-23,leicester,tottenham,2,data/raw/epl_2020_2021_football_data_real.csv|data/raw/global_acquisition/football_data/epl_2021_direct.csv
2021-05-23,liverpool,crystalpalace,2,data/raw/epl_2020_2021_football_data_real.csv|data/raw/global_acquisition/football_data/epl_2021_direct.csv
2021-05-23,mancity,everton,2,data/raw/epl_2020_2021_football_data_real.csv|data/raw/global_acquisition/football_data/epl_2021_direct.csv
2021-05-23,sheffieldunited,burnley,2,data/raw/epl_2020_2021_football_data_real.csv|data/raw/global_acquisition/football_data/epl_2021_direct.csv
2021-05-23,westham,southampton,2,data/raw/epl_2020_2021_football_data_real.csv|data/raw/global_acquisition/football_data/epl_2021_direct.csv
2021-05-23,wolves,manunited,2,data/raw/epl_2020_2021_football_data_real.csv|data/raw/global_acquisition/football_data/epl_2021_direct.csv
2021-08-13,brentford,arsenal,2,data/raw/epl_2021_2022_football_data_real.csv|data/raw/global_acquisition/football_data/2122_E0.csv
2021-08-13,mgladbach,bayernmunich,2,data/raw/bundesliga_2021_2022_football_data_real.csv|data/raw/global_acquisition/football_data/2122_D1.csv
2021-08-14,augsburg,hoffenheim,2,data/raw/bundesliga_2021_2022_football_data_real.csv|data/raw/global_acquisition/football_data/2122_D1.csv
2021-08-14,bielefeld,freiburg,2,data/raw/bundesliga_2021_2022_football_data_real.csv|data/raw/global_acquisition/football_data/2122_D1.csv
2021-08-14,burnley,brighton,2,data/raw/epl_2021_2022_football_data_real.csv|data/raw/global_acquisition/football_data/2122_E0.csv
2021-08-14,chelsea,crystalpalace,2,data/raw/epl_2021_2022_football_data_real.csv|data/raw/global_acquisition/football_data/2122_E0.csv
2021-08-14,dortmund,einfrankfurt,2,data/raw/bundesliga_2021_2022_football_data_real.csv|data/raw/global_acquisition/football_data/2122_D1.csv
2021-08-14,everton,southampton,2,data/raw/epl_2021_2022_football_data_real.csv|data/raw/global_acquisition/football_data/2122_E0.csv
2021-08-14,leicester,wolves,2,data/raw/epl_2021_2022_football_data_real.csv|data/raw/global_acquisition/football_data/2122_E0.csv
2021-08-14,manunited,leeds,2,data/raw/epl_2021_2022_football_data_real.csv|data/raw/global_acquisition/football_data/2122_E0.csv
2021-08-14,norwich,liverpool,2,data/raw/epl_2021_2022_football_data_real.csv|data/raw/global_acquisition/football_data/2122_E0.csv
2021-08-14,stuttgart,greutherfurth,2,data/raw/bundesliga_2021_2022_football_data_real.csv|data/raw/global_acquisition/football_data/2122_D1.csv
2021-08-14,unionberlin,leverkusen,2,data/raw/bundesliga_2021_2022_football_data_real.csv|data/raw/global_acquisition/football_data/2122_D1.csv
2021-08-14,watford,astonvilla,2,data/raw/epl_2021_2022_football_data_real.csv|data/raw/global_acquisition/football_data/2122_E0.csv
2021-08-14,wolfsburg,bochum,2,data/raw/bundesliga_2021_2022_football_data_real.csv|data/raw/global_acquisition/football_data/2122_D1.csv
2021-08-15,fckoln,hertha,2,data/raw/bundesliga_2021_2022_football_data_real.csv|data/raw/global_acquisition/football_data/2122_D1.csv
2021-08-15,mainz,rbleipzig,2,data/raw/bundesliga_2021_2022_football_data_real.csv|data/raw/global_acquisition/football_data/2122_D1.csv
2021-08-15,newcastle,westham,2,data/raw/epl_2021_2022_football_data_real.csv|data/raw/global_acquisition/football_data/2122_E0.csv
2021-08-15,tottenham,mancity,2,data/raw/epl_2021_2022_football_data_real.csv|data/raw/global_acquisition/football_data/2122_E0.csv
2021-08-20,rbleipzig,stuttgart,2,data/raw/bundesliga_2021_2022_football_data_real.csv|data/raw/global_acquisition/football_data/2122_D1.csv
2021-08-21,astonvilla,newcastle,2,data/raw/epl_2021_2022_football_data_real.csv|data/raw/global_acquisition/football_data/2122_E0.csv
2021-08-21,bochum,mainz,2,data/raw/bundesliga_2021_2022_football_data_real.csv|data/raw/global_acquisition/football_data/2122_D1.csv
2021-08-21,brighton,watford,2,data/raw/epl_2021_2022_football_data_real.csv|data/raw/global_acquisition/football_data/2122_E0.csv
2021-08-21,crystalpalace,brentford,2,data/raw/epl_2021_2022_football_data_real.csv|data/raw/global_acquisition/football_data/2122_E0.csv
2021-08-21,einfrankfurt,augsburg,2,data/raw/bundesliga_2021_2022_football_data_real.csv|data/raw/global_acquisition/football_data/2122_D1.csv
2021-08-21,freiburg,dortmund,2,data/raw/bundesliga_2021_2022_football_data_real.csv|data/raw/global_acquisition/football_data/2122_D1.csv
2021-08-21,greutherfurth,bielefeld,2,data/raw/bundesliga_2021_2022_football_data_real.csv|data/raw/global_acquisition/football_data/2122_D1.csv
2021-08-21,hertha,wolfsburg,2,data/raw/bundesliga_2021_2022_football_data_real.csv|data/raw/global_acquisition/football_data/2122_D1.csv
2021-08-21,leeds,everton,2,data/raw/epl_2021_2022_football_data_real.csv|data/raw/global_acquisition/football_data/2122_E0.csv
2021-08-21,leverkusen,mgladbach,2,data/raw/bundesliga_2021_2022_football_data_real.csv|data/raw/global_acquisition/football_data/2122_D1.csv
2021-08-21,liverpool,burnley,2,data/raw/epl_2021_2022_football_data_real.csv|data/raw/global_acquisition/football_data/2122_E0.csv
2021-08-21,mancity,norwich,2,data/raw/epl_2021_2022_football_data_real.csv|data/raw/global_acquisition/football_data/2122_E0.csv
2021-08-22,arsenal,chelsea,2,data/raw/epl_2021_2022_football_data_real.csv|data/raw/global_acquisition/football_data/2122_E0.csv
2021-08-22,bayernmunich,fckoln,2,data/raw/bundesliga_2021_2022_football_data_real.csv|data/raw/global_acquisition/football_data/2122_D1.csv
2021-08-22,hoffenheim,unionberlin,2,data/raw/bundesliga_2021_2022_football_data_real.csv|data/raw/global_acquisition/football_data/2122_D1.csv
2021-08-22,southampton,manunited,2,data/raw/epl_2021_2022_football_data_real.csv|data/raw/global_acquisition/football_data/2122_E0.csv
2021-08-22,wolves,tottenham,2,data/raw/epl_2021_2022_football_data_real.csv|data/raw/global_acquisition/football_data/2122_E0.csv
2021-08-23,westham,leicester,2,data/raw/epl_2021_2022_football_data_real.csv|data/raw/global_acquisition/football_data/2122_E0.csv
2021-08-27,dortmund,hoffenheim,2,data/raw/bundesliga_2021_2022_football_data_real.csv|data/raw/global_acquisition/football_data/2122_D1.csv
2021-08-28,astonvilla,brentford,2,data/raw/epl_2021_2022_football_data_real.csv|data/raw/global_acquisition/football_data/2122_E0.csv
2021-08-28,augsburg,leverkusen,2,data/raw/bundesliga_2021_2022_football_data_real.csv|data/raw/global_acquisition/football_data/2122_D1.csv
2021-08-28,bayernmunich,hertha,2,data/raw/bundesliga_2021_2022_football_data_real.csv|data/raw/global_acquisition/football_data/2122_D1.csv
2021-08-28,bielefeld,einfrankfurt,2,data/raw/bundesliga_2021_2022_football_data_real.csv|data/raw/global_acquisition/football_data/2122_D1.csv
2021-08-28,brighton,everton,2,data/raw/epl_2021_2022_football_data_real.csv|data/raw/global_acquisition/football_data/2122_E0.csv
2021-08-28,fckoln,bochum,2,data/raw/bundesliga_2021_2022_football_data_real.csv|data/raw/global_acquisition/football_data/2122_D1.csv
2021-08-28,liverpool,chelsea,2,data/raw/epl_2021_2022_football_data_real.csv|data/raw/global_acquisition/football_data/2122_E0.csv
2021-08-28,mainz,greutherfurth,2,data/raw/bundesliga_2021_2022_football_data_real.csv|data/raw/global_acquisition/football_data/2122_D1.csv
2021-08-28,mancity,arsenal,2,data/raw/epl_2021_2022_football_data_real.csv|data/raw/global_acquisition/football_data/2122_E0.csv
2021-08-28,newcastle,southampton,2,data/raw/epl_2021_2022_football_data_real.csv|data/raw/global_acquisition/football_data/2122_E0.csv
2021-08-28,norwich,leicester,2,data/raw/epl_2021_2022_football_data_real.csv|data/raw/global_acquisition/football_data/2122_E0.csv
2021-08-28,stuttgart,freiburg,2,data/raw/bundesliga_2021_2022_football_data_real.csv|data/raw/global_acquisition/football_data/2122_D1.csv
2021-08-28,westham,crystalpalace,2,data/raw/epl_2021_2022_football_data_real.csv|data/raw/global_acquisition/football_data/2122_E0.csv
2021-08-29,burnley,leeds,2,data/raw/epl_2021_2022_football_data_real.csv|data/raw/global_acquisition/football_data/2122_E0.csv
2021-08-29,tottenham,watford,2,data/raw/epl_2021_2022_football_data_real.csv|data/raw/global_acquisition/football_data/2122_E0.csv
2021-08-29,unionberlin,mgladbach,2,data/raw/bundesliga_2021_2022_football_data_real.csv|data/raw/global_acquisition/football_data/2122_D1.csv
2021-08-29,wolfsburg,rbleipzig,2,data/raw/bundesliga_2021_2022_football_data_real.csv|data/raw/global_acquisition/football_data/2122_D1.csv
2021-08-29,wolves,manunited,2,data/raw/epl_2021_2022_football_data_real.csv|data/raw/global_acquisition/football_data/2122_E0.csv
2021-09-11,arsenal,norwich,2,data/raw/epl_2021_2022_football_data_real.csv|data/raw/global_acquisition/football_data/2122_E0.csv
2021-09-11,brentford,brighton,2,data/raw/epl_2021_2022_football_data_real.csv|data/raw/global_acquisition/football_data/2122_E0.csv
2021-09-11,chelsea,astonvilla,2,data/raw/epl_2021_2022_football_data_real.csv|data/raw/global_acquisition/football_data/2122_E0.csv
2021-09-11,crystalpalace,tottenham,2,data/raw/epl_2021_2022_football_data_real.csv|data/raw/global_acquisition/football_data/2122_E0.csv
2021-09-11,freiburg,fckoln,2,data/raw/bundesliga_2021_2022_football_data_real.csv|data/raw/global_acquisition/football_data/2122_D1.csv
2021-09-11,greutherfurth,wolfsburg,2,data/raw/bundesliga_2021_2022_football_data_real.csv|data/raw/global_acquisition/football_data/2122_D1.csv
2021-09-11,hoffenheim,mainz,2,data/raw/bundesliga_2021_2022_football_data_real.csv|data/raw/global_acquisition/football_data/2122_D1.csv
2021-09-11,leicester,mancity,2,data/raw/epl_2021_2022_football_data_real.csv|data/raw/global_acquisition/football_data/2122_E0.csv
2021-09-11,leverkusen,dortmund,2,data/raw/bundesliga_2021_2022_football_data_real.csv|data/raw/global_acquisition/football_data/2122_D1.csv
2021-09-11,manunited,newcastle,2,data/raw/epl_2021_2022_football_data_real.csv|data/raw/global_acquisition/football_data/2122_E0.csv
2021-09-11,rbleipzig,bayernmunich,2,data/raw/bundesliga_2021_2022_football_data_real.csv|data/raw/global_acquisition/football_data/2122_D1.csv
2021-09-11,southampton,westham,2,data/raw/epl_2021_2022_football_data_real.csv|data/raw/global_acquisition/football_data/2122_E0.csv
2021-09-11,unionberlin,augsburg,2,data/raw/bundesliga_2021_2022_football_data_real.csv|data/raw/global_acquisition/football_data/2122_D1.csv
2021-09-11,watford,wolves,2,data/raw/epl_2021_2022_football_data_real.csv|data/raw/global_acquisition/football_data/2122_E0.csv
2021-09-12,bochum,hertha,2,data/raw/bundesliga_2021_2022_football_data_real.csv|data/raw/global_acquisition/football_data/2122_D1.csv
2021-09-12,einfrankfurt,stuttgart,2,data/raw/bundesliga_2021_2022_football_data_real.csv|data/raw/global_acquisition/football_data/2122_D1.csv
2021-09-12,leeds,liverpool,2,data/raw/epl_2021_2022_football_data_real.csv|data/raw/global_acquisition/football_data/2122_E0.csv
2021-09-12,mgladbach,bielefeld,2,data/raw/bundesliga_2021_2022_football_data_real.csv|data/raw/global_acquisition/football_data/2122_D1.csv
2021-09-13,everton,burnley,2,data/raw/epl_2021_2022_football_data_real.csv|data/raw/global_acquisition/football_data/2122_E0.csv
2021-09-17,hertha,greutherfurth,2,data/raw/bundesliga_2021_2022_football_data_real.csv|data/raw/global_acquisition/football_data/2122_D1.csv
2021-09-17,newcastle,leeds,2,data/raw/epl_2021_2022_football_data_real.csv|data/raw/global_acquisition/football_data/2122_E0.csv
2021-09-18,astonvilla,everton,2,data/raw/epl_2021_2022_football_data_real.csv|data/raw/global_acquisition/football_data/2122_E0.csv
2021-09-18,augsburg,mgladbach,2,data/raw/bundesliga_2021_2022_football_data_real.csv|data/raw/global_acquisition/football_data/2122_D1.csv
2021-09-18,bayernmunich,bochum,2,data/raw/bundesliga_2021_2022_football_data_real.csv|data/raw/global_acquisition/football_data/2122_D1.csv
2021-09-18,bielefeld,hoffenheim,2,data/raw/bundesliga_2021_2022_football_data_real.csv|data/raw/global_acquisition/football_data/2122_D1.csv
2021-09-18,burnley,arsenal,2,data/raw/epl_2021_2022_football_data_real.csv|data/raw/global_acquisition/football_data/2122_E0.csv
2021-09-18,fckoln,rbleipzig,2,data/raw/bundesliga_2021_2022_football_data_real.csv|data/raw/global_acquisition/football_data/2122_D1.csv
2021-09-18,liverpool,crystalpalace,2,data/raw/epl_2021_2022_football_data_real.csv|data/raw/global_acquisition/football_data/2122_E0.csv
2021-09-18,mainz,freiburg,2,data/raw/bundesliga_2021_2022_football_data_real.csv|data/raw/global_acquisition/football_data/2122_D1.csv
2021-09-18,mancity,southampton,2,data/raw/epl_2021_2022_football_data_real.csv|data/raw/global_acquisition/football_data/2122_E0.csv
2021-09-18,norwich,watford,2,data/raw/epl_2021_2022_football_data_real.csv|data/raw/global_acquisition/football_data/2122_E0.csv
2021-09-18,wolves,brentford,2,data/raw/epl_2021_2022_football_data_real.csv|data/raw/global_acquisition/football_data/2122_E0.csv
2021-09-19,brighton,leicester,2,data/raw/epl_2021_2022_football_data_real.csv|data/raw/global_acquisition/football_data/2122_E0.csv
2021-09-19,dortmund,unionberlin,2,data/raw/bundesliga_2021_2022_football_data_real.csv|data/raw/global_acquisition/football_data/2122_D1.csv
2021-09-19,stuttgart,leverkusen,2,data/raw/bundesliga_2021_2022_football_data_real.csv|data/raw/global_acquisition/football_data/2122_D1.csv
2021-09-19,tottenham,chelsea,2,data/raw/epl_2021_2022_football_data_real.csv|data/raw/global_acquisition/football_data/2122_E0.csv
2021-09-19,westham,manunited,2,data/raw/epl_2021_2022_football_data_real.csv|data/raw/global_acquisition/football_data/2122_E0.csv
2021-09-19,wolfsburg,einfrankfurt,2,data/raw/bundesliga_2021_2022_football_data_real.csv|data/raw/global_acquisition/football_data/2122_D1.csv
2021-09-24,greutherfurth,bayernmunich,2,data/raw/bundesliga_2021_2022_football_data_real.csv|data/raw/global_acquisition/football_data/2122_D1.csv
2021-09-25,brentford,liverpool,2,data/raw/epl_2021_2022_football_data_real.csv|data/raw/global_acquisition/football_data/2122_E0.csv
2021-09-25,chelsea,mancity,2,data/raw/epl_2021_2022_football_data_real.csv|data/raw/global_acquisition/football_data/2122_E0.csv
2021-09-25,einfrankfurt,fckoln,2,data/raw/bundesliga_2021_2022_football_data_real.csv|data/raw/global_acquisition/football_data/2122_D1.csv
2021-09-25,everton,norwich,2,data/raw/epl_2021_2022_football_data_real.csv|data/raw/global_acquisition/football_data/2122_E0.csv
2021-09-25,hoffenheim,wolfsburg,2,data/raw/bundesliga_2021_2022_football_data_real.csv|data/raw/global_acquisition/football_data/2122_D1.csv
2021-09-25,leeds,westham,2,data/raw/epl_2021_2022_football_data_real.csv|data/raw/global_acquisition/football_data/2122_E0.csv
2021-09-25,leicester,burnley,2,data/raw/epl_2021_2022_football_data_real.csv|data/raw/global_acquisition/football_data/2122_E0.csv
2021-09-25,leverkusen,mainz,2,data/raw/bundesliga_2021_2022_football_data_real.csv|data/raw/global_acquisition/football_data/2122_D1.csv
2021-09-25,manunited,astonvilla,2,data/raw/epl_2021_2022_football_data_real.csv|data/raw/global_acquisition/football_data/2122_E0.csv
2021-09-25,mgladbach,dortmund,2,data/raw/bundesliga_2021_2022_football_data_real.csv|data/raw/global_acquisition/football_data/2122_D1.csv
2021-09-25,rbleipzig,hertha,2,data/raw/bundesliga_2021_2022_football_data_real.csv|data/raw/global_acquisition/football_data/2122_D1.csv
2021-09-25,unionberlin,bielefeld,2,data/raw/bundesliga_2021_2022_football_data_real.csv|data/raw/global_acquisition/football_data/2122_D1.csv
2021-09-25,watford,newcastle,2,data/raw/epl_2021_2022_football_data_real.csv|data/raw/global_acquisition/football_data/2122_E0.csv
2021-09-26,arsenal,tottenham,2,data/raw/epl_2021_2022_football_data_real.csv|data/raw/global_acquisition/football_data/2122_E0.csv
2021-09-26,bochum,stuttgart,2,data/raw/bundesliga_2021_2022_football_data_real.csv|data/raw/global_acquisition/football_data/2122_D1.csv
2021-09-26,freiburg,augsburg,2,data/raw/bundesliga_2021_2022_football_data_real.csv|data/raw/global_acquisition/football_data/2122_D1.csv
2021-09-26,southampton,wolves,2,data/raw/epl_2021_2022_football_data_real.csv|data/raw/global_acquisition/football_data/2122_E0.csv
2021-09-27,crystalpalace,brighton,2,data/raw/epl_2021_2022_football_data_real.csv|data/raw/global_acquisition/football_data/2122_E0.csv
2021-10-01,fckoln,greutherfurth,2,data/raw/bundesliga_2021_2022_football_data_real.csv|data/raw/global_acquisition/football_data/2122_D1.csv
2021-10-02,brighton,arsenal,2,data/raw/epl_2021_2022_football_data_real.csv|data/raw/global_acquisition/football_data/2122_E0.csv
2021-10-02,burnley,norwich,2,data/raw/epl_2021_2022_football_data_real.csv|data/raw/global_acquisition/football_data/2122_E0.csv
2021-10-02,chelsea,southampton,2,data/raw/epl_2021_2022_football_data_real.csv|data/raw/global_acquisition/football_data/2122_E0.csv
2021-10-02,dortmund,augsburg,2,data/raw/bundesliga_2021_2022_football_data_real.csv|data/raw/global_acquisition/football_data/2122_D1.csv
2021-10-02,hertha,freiburg,2,data/raw/bundesliga_2021_2022_football_data_real.csv|data/raw/global_acquisition/football_data/2122_D1.csv
2021-10-02,leeds,watford,2,data/raw/epl_2021_2022_football_data_real.csv|data/raw/global_acquisition/football_data/2122_E0.csv
2021-10-02,manunited,everton,2,data/raw/epl_2021_2022_football_data_real.csv|data/raw/global_acquisition/football_data/2122_E0.csv
2021-10-02,rbleipzig,bochum,2,data/raw/bundesliga_2021_2022_football_data_real.csv|data/raw/global_acquisition/football_data/2122_D1.csv
2021-10-02,stuttgart,hoffenheim,2,data/raw/bundesliga_2021_2022_football_data_real.csv|data/raw/global_acquisition/football_data/2122_D1.csv
2021-10-02,wolfsburg,mgladbach,2,data/raw/bundesliga_2021_2022_football_data_real.csv|data/raw/global_acquisition/football_data/2122_D1.csv
2021-10-02,wolves,newcastle,2,data/raw/epl_2021_2022_football_data_real.csv|data/raw/global_acquisition/football_data/2122_E0.csv
2021-10-03,bayernmunich,einfrankfurt,2,data/raw/bundesliga_2021_2022_football_data_real.csv|data/raw/global_acquisition/football_data/2122_D1.csv
2021-10-03,bielefeld,leverkusen,2,data/raw/bundesliga_2021_2022_football_data_real.csv|data/raw/global_acquisition/football_data/2122_D1.csv
2021-10-03,crystalpalace,leicester,2,data/raw/epl_2021_2022_football_data_real.csv|data/raw/global_acquisition/football_data/2122_E0.csv
2021-10-03,liverpool,mancity,2,data/raw/epl_2021_2022_football_data_real.csv|data/raw/global_acquisition/football_data/2122_E0.csv
2021-10-03,mainz,unionberlin,2,data/raw/bundesliga_2021_2022_football_data_real.csv|data/raw/global_acquisition/football_data/2122_D1.csv
2021-10-03,tottenham,astonvilla,2,data/raw/epl_2021_2022_football_data_real.csv|data/raw/global_acquisition/football_data/2122_E0.csv
2021-10-03,westham,brentford,2,data/raw/epl_2021_2022_football_data_real.csv|data/raw/global_acquisition/football_data/2122_E0.csv
2021-10-15,hoffenheim,fckoln,2,data/raw/bundesliga_2021_2022_football_data_real.csv|data/raw/global_acquisition/football_data/2122_D1.csv
2021-10-16,astonvilla,wolves,2,data/raw/epl_2021_2022_football_data_real.csv|data/raw/global_acquisition/football_data/2122_E0.csv
2021-10-16,brentford,chelsea,2,data/raw/epl_2021_2022_football_data_real.csv|data/raw/global_acquisition/football_data/2122_E0.csv
2021-10-16,dortmund,mainz,2,data/raw/bundesliga_2021_2022_football_data_real.csv|data/raw/global_acquisition/football_data/2122_D1.csv
2021-10-16,einfrankfurt,hertha,2,data/raw/bundesliga_2021_2022_football_data_real.csv|data/raw/global_acquisition/football_data/2122_D1.csv
2021-10-16,freiburg,rbleipzig,2,data/raw/bundesliga_2021_2022_football_data_real.csv|data/raw/global_acquisition/football_data/2122_D1.csv
2021-10-16,greutherfurth,bochum,2,data/raw/bundesliga_2021_2022_football_data_real.csv|data/raw/global_acquisition/football_data/2122_D1.csv
2021-10-16,leicester,manunited,2,data/raw/epl_2021_2022_football_data_real.csv|data/raw/global_acquisition/football_data/2122_E0.csv
2021-10-16,mancity,burnley,2,data/raw/epl_2021_2022_football_data_real.csv|data/raw/global_acquisition/football_data/2122_E0.csv
2021-10-16,mgladbach,stuttgart,2,data/raw/bundesliga_2021_2022_football_data_real.csv|data/raw/global_acquisition/football_data/2122_D1.csv
2021-10-16,norwich,brighton,2,data/raw/epl_2021_2022_football_data_real.csv|data/raw/global_acquisition/football_data/2122_E0.csv
2021-10-16,southampton,leeds,2,data/raw/epl_2021_2022_football_data_real.csv|data/raw/global_acquisition/football_data/2122_E0.csv
2021-10-16,unionberlin,wolfsburg,2,data/raw/bundesliga_2021_2022_football_data_real.csv|data/raw/global_acquisition/football_data/2122_D1.csv
2021-10-16,watford,liverpool,2,data/raw/epl_2021_2022_football_data_real.csv|data/raw/global_acquisition/football_data/2122_E0.csv
2021-10-17,augsburg,bielefeld,2,data/raw/bundesliga_2021_2022_football_data_real.csv|data/raw/global_acquisition/football_data/2122_D1.csv
2021-10-17,everton,westham,2,data/raw/epl_2021_2022_football_data_real.csv|data/raw/global_acquisition/football_data/2122_E0.csv
2021-10-17,leverkusen,bayernmunich,2,data/raw/bundesliga_2021_2022_football_data_real.csv|data/raw/global_acquisition/football_data/2122_D1.csv
2021-10-17,newcastle,tottenham,2,data/raw/epl_2021_2022_football_data_real.csv|data/raw/global_acquisition/football_data/2122_E0.csv
2021-10-18,arsenal,crystalpalace,2,data/raw/epl_2021_2022_football_data_real.csv|data/raw/global_acquisition/football_data/2122_E0.csv
2021-10-22,arsenal,astonvilla,2,data/raw/epl_2021_2022_football_data_real.csv|data/raw/global_acquisition/football_data/2122_E0.csv
2021-10-22,mainz,augsburg,2,data/raw/bundesliga_2021_2022_football_data_real.csv|data/raw/global_acquisition/football_data/2122_D1.csv
2021-10-23,bayernmunich,hoffenheim,2,data/raw/bundesliga_2021_2022_football_data_real.csv|data/raw/global_acquisition/football_data/2122_D1.csv
2021-10-23,bielefeld,dortmund,2,data/raw/bundesliga_2021_2022_football_data_real.csv|data/raw/global_acquisition/football_data/2122_D1.csv
2021-10-23,brighton,mancity,2,data/raw/epl_2021_2022_football_data_real.csv|data/raw/global_acquisition/football_data/2122_E0.csv
2021-10-23,chelsea,norwich,2,data/raw/epl_2021_2022_football_data_real.csv|data/raw/global_acquisition/football_data/2122_E0.csv
2021-10-23,crystalpalace,newcastle,2,data/raw/epl_2021_2022_football_data_real.csv|data/raw/global_acquisition/football_data/2122_E0.csv
2021-10-23,everton,watford,2,data/raw/epl_2021_2022_football_data_real.csv|data/raw/global_acquisition/football_data/2122_E0.csv
2021-10-23,hertha,mgladbach,2,data/raw/bundesliga_2021_2022_football_data_real.csv|data/raw/global_acquisition/football_data/2122_D1.csv
2021-10-23,leeds,wolves,2,data/raw/epl_2021_2022_football_data_real.csv|data/raw/global_acquisition/football_data/2122_E0.csv
2021-10-23,rbleipzig,greutherfurth,2,data/raw/bundesliga_2021_2022_football_data_real.csv|data/raw/global_acquisition/football_data/2122_D1.csv
2021-10-23,southampton,burnley,2,data/raw/epl_2021_2022_football_data_real.csv|data/raw/global_acquisition/football_data/2122_E0.csv
2021-10-23,wolfsburg,freiburg,2,data/raw/bundesliga_2021_2022_football_data_real.csv|data/raw/global_acquisition/football_data/2122_D1.csv
2021-10-24,bochum,einfrankfurt,2,data/raw/bundesliga_2021_2022_football_data_real.csv|data/raw/global_acquisition/football_data/2122_D1.csv
2021-10-24,brentford,leicester,2,data/raw/epl_2021_2022_football_data_real.csv|data/raw/global_acquisition/football_data/2122_E0.csv
2021-10-24,fckoln,leverkusen,2,data/raw/bundesliga_2021_2022_football_data_real.csv|data/raw/global_acquisition/football_data/2122_D1.csv
2021-10-24,manunited,liverpool,2,data/raw/epl_2021_2022_football_data_real.csv|data/raw/global_acquisition/football_data/2122_E0.csv
2021-10-24,stuttgart,unionberlin,2,data/raw/bundesliga_2021_2022_football_data_real.csv|data/raw/global_acquisition/football_data/2122_D1.csv
2021-10-24,westham,tottenham,2,data/raw/epl_2021_2022_football_data_real.csv|data/raw/global_acquisition/football_data/2122_E0.csv
2021-10-29,hoffenheim,hertha,2,data/raw/bundesliga_2021_2022_football_data_real.csv|data/raw/global_acquisition/football_data/2122_D1.csv
2021-10-30,bielefeld,mainz,2,data/raw/bundesliga_2021_2022_football_data_real.csv|data/raw/global_acquisition/football_data/2122_D1.csv
2021-10-30,burnley,brentford,2,data/raw/epl_2021_2022_football_data_real.csv|data/raw/global_acquisition/football_data/2122_E0.csv
2021-10-30,dortmund,fckoln,2,data/raw/bundesliga_2021_2022_football_data_real.csv|data/raw/global_acquisition/football_data/2122_D1.csv
2021-10-30,einfrankfurt,rbleipzig,2,data/raw/bundesliga_2021_2022_football_data_real.csv|data/raw/global_acquisition/football_data/2122_D1.csv
2021-10-30,freiburg,greutherfurth,2,data/raw/bundesliga_2021_2022_football_data_real.csv|data/raw/global_acquisition/football_data/2122_D1.csv
2021-10-30,leicester,arsenal,2,data/raw/epl_2021_2022_football_data_real.csv|data/raw/global_acquisition/football_data/2122_E0.csv
2021-10-30,leverkusen,wolfsburg,2,data/raw/bundesliga_2021_2022_football_data_real.csv|data/raw/global_acquisition/football_data/2122_D1.csv
2021-10-30,liverpool,brighton,2,data/raw/epl_2021_2022_football_data_real.csv|data/raw/global_acquisition/football_data/2122_E0.csv
2021-10-30,mancity,crystalpalace,2,data/raw/epl_2021_2022_football_data_real.csv|data/raw/global_acquisition/football_data/2122_E0.csv
2021-10-30,newcastle,chelsea,2,data/raw/epl_2021_2022_football_data_real.csv|data/raw/global_acquisition/football_data/2122_E0.csv
2021-10-30,tottenham,manunited,2,data/raw/epl_2021_2022_football_data_real.csv|data/raw/global_acquisition/football_data/2122_E0.csv
2021-10-30,unionberlin,bayernmunich,2,data/raw/bundesliga_2021_2022_football_data_real.csv|data/raw/global_acquisition/football_data/2122_D1.csv
2021-10-30,watford,southampton,2,data/raw/epl_2021_2022_football_data_real.csv|data/raw/global_acquisition/football_data/2122_E0.csv
2021-10-31,astonvilla,westham,2,data/raw/epl_2021_2022_football_data_real.csv|data/raw/global_acquisition/football_data/2122_E0.csv
2021-10-31,augsburg,stuttgart,2,data/raw/bundesliga_2021_2022_football_data_real.csv|data/raw/global_acquisition/football_data/2122_D1.csv
2021-10-31,mgladbach,bochum,2,data/raw/bundesliga_2021_2022_football_data_real.csv|data/raw/global_acquisition/football_data/2122_D1.csv
2021-10-31,norwich,leeds,2,data/raw/epl_2021_2022_football_data_real.csv|data/raw/global_acquisition/football_data/2122_E0.csv
2021-11-01,wolves,everton,2,data/raw/epl_2021_2022_football_data_real.csv|data/raw/global_acquisition/football_data/2122_E0.csv
2021-11-05,mainz,mgladbach,2,data/raw/bundesliga_2021_2022_football_data_real.csv|data/raw/global_acquisition/football_data/2122_D1.csv
2021-11-05,southampton,astonvilla,2,data/raw/epl_2021_2022_football_data_real.csv|data/raw/global_acquisition/football_data/2122_E0.csv
2021-11-06,bayernmunich,freiburg,2,data/raw/bundesliga_2021_2022_football_data_real.csv|data/raw/global_acquisition/football_data/2122_D1.csv
2021-11-06,bochum,hoffenheim,2,data/raw/bundesliga_2021_2022_football_data_real.csv|data/raw/global_acquisition/football_data/2122_D1.csv
2021-11-06,brentford,norwich,2,data/raw/epl_2021_2022_football_data_real.csv|data/raw/global_acquisition/football_data/2122_E0.csv
2021-11-06,brighton,newcastle,2,data/raw/epl_2021_2022_football_data_real.csv|data/raw/global_acquisition/football_data/2122_E0.csv
2021-11-06,chelsea,burnley,2,data/raw/epl_2021_2022_football_data_real.csv|data/raw/global_acquisition/football_data/2122_E0.csv
2021-11-06,crystalpalace,wolves,2,data/raw/epl_2021_2022_football_data_real.csv|data/raw/global_acquisition/football_data/2122_E0.csv
2021-11-06,manunited,mancity,2,data/raw/epl_2021_2022_football_data_real.csv|data/raw/global_acquisition/football_data/2122_E0.csv
2021-11-06,rbleipzig,dortmund,2,data/raw/bundesliga_2021_2022_football_data_real.csv|data/raw/global_acquisition/football_data/2122_D1.csv
2021-11-06,stuttgart,bielefeld,2,data/raw/bundesliga_2021_2022_football_data_real.csv|data/raw/global_acquisition/football_data/2122_D1.csv
2021-11-06,wolfsburg,augsburg,2,data/raw/bundesliga_2021_2022_football_data_real.csv|data/raw/global_acquisition/football_data/2122_D1.csv
2021-11-07,arsenal,watford,2,data/raw/epl_2021_2022_football_data_real.csv|data/raw/global_acquisition/football_data/2122_E0.csv
2021-11-07,everton,tottenham,2,data/raw/epl_2021_2022_football_data_real.csv|data/raw/global_acquisition/football_data/2122_E0.csv
2021-11-07,fckoln,unionberlin,2,data/raw/bundesliga_2021_2022_football_data_real.csv|data/raw/global_acquisition/football_data/2122_D1.csv
2021-11-07,greutherfurth,einfrankfurt,2,data/raw/bundesliga_2021_2022_football_data_real.csv|data/raw/global_acquisition/football_data/2122_D1.csv
2021-11-07,hertha,leverkusen,2,data/raw/bundesliga_2021_2022_football_data_real.csv|data/raw/global_acquisition/football_data/2122_D1.csv
2021-11-07,leeds,leicester,2,data/raw/epl_2021_2022_football_data_real.csv|data/raw/global_acquisition/football_data/2122_E0.csv
2021-11-07,westham,liverpool,2,data/raw/epl_2021_2022_football_data_real.csv|data/raw/global_acquisition/football_data/2122_E0.csv
2021-11-19,augsburg,bayernmunich,2,data/raw/bundesliga_2021_2022_football_data_real.csv|data/raw/global_acquisition/football_data/2122_D1.csv
2021-11-20,astonvilla,brighton,2,data/raw/epl_2021_2022_football_data_real.csv|data/raw/global_acquisition/football_data/2122_E0.csv
2021-11-20,bielefeld,wolfsburg,2,data/raw/bundesliga_2021_2022_football_data_real.csv|data/raw/global_acquisition/football_data/2122_D1.csv
2021-11-20,burnley,crystalpalace,2,data/raw/epl_2021_2022_football_data_real.csv|data/raw/global_acquisition/football_data/2122_E0.csv
2021-11-20,dortmund,stuttgart,2,data/raw/bundesliga_2021_2022_football_data_real.csv|data/raw/global_acquisition/football_data/2122_D1.csv
2021-11-20,hoffenheim,rbleipzig,2,data/raw/bundesliga_2021_2022_football_data_real.csv|data/raw/global_acquisition/football_data/2122_D1.csv
2021-11-20,leicester,chelsea,2,data/raw/epl_2021_2022_football_data_real.csv|data/raw/global_acquisition/football_data/2122_E0.csv
2021-11-20,leverkusen,bochum,2,data/raw/bundesliga_2021_2022_football_data_real.csv|data/raw/global_acquisition/football_data/2122_D1.csv
2021-11-20,liverpool,arsenal,2,data/raw/epl_2021_2022_football_data_real.csv|data/raw/global_acquisition/football_data/2122_E0.csv
2021-11-20,mgladbach,greutherfurth,2,data/raw/bundesliga_2021_2022_football_data_real.csv|data/raw/global_acquisition/football_data/2122_D1.csv
2021-11-20,newcastle,brentford,2,data/raw/epl_2021_2022_football_data_real.csv|data/raw/global_acquisition/football_data/2122_E0.csv
2021-11-20,norwich,southampton,2,data/raw/epl_2021_2022_football_data_real.csv|data/raw/global_acquisition/football_data/2122_E0.csv
2021-11-20,unionberlin,hertha,2,data/raw/bundesliga_2021_2022_football_data_real.csv|data/raw/global_acquisition/football_data/2122_D1.csv
2021-11-20,watford,manunited,2,data/raw/epl_2021_2022_football_data_real.csv|data/raw/global_acquisition/football_data/2122_E0.csv
2021-11-20,wolves,westham,2,data/raw/epl_2021_2022_football_data_real.csv|data/raw/global_acquisition/football_data/2122_E0.csv
2021-11-21,freiburg,einfrankfurt,2,data/raw/bundesliga_2021_2022_football_data_real.csv|data/raw/global_acquisition/football_data/2122_D1.csv
2021-11-21,mainz,fckoln,2,data/raw/bundesliga_2021_2022_football_data_real.csv|data/raw/global_acquisition/football_data/2122_D1.csv
2021-11-21,mancity,everton,2,data/raw/epl_2021_2022_football_data_real.csv|data/raw/global_acquisition/football_data/2122_E0.csv
2021-11-21,tottenham,leeds,2,data/raw/epl_2021_2022_football_data_real.csv|data/raw/global_acquisition/football_data/2122_E0.csv
2021-11-26,stuttgart,mainz,2,data/raw/bundesliga_2021_2022_football_data_real.csv|data/raw/global_acquisition/football_data/2122_D1.csv
2021-11-27,arsenal,newcastle,2,data/raw/epl_2021_2022_football_data_real.csv|data/raw/global_acquisition/football_data/2122_E0.csv
2021-11-27,bayernmunich,bielefeld,2,data/raw/bundesliga_2021_2022_football_data_real.csv|data/raw/global_acquisition/football_data/2122_D1.csv
2021-11-27,bochum,freiburg,2,data/raw/bundesliga_2021_2022_football_data_real.csv|data/raw/global_acquisition/football_data/2122_D1.csv
2021-11-27,brighton,leeds,2,data/raw/epl_2021_2022_football_data_real.csv|data/raw/global_acquisition/football_data/2122_E0.csv
2021-11-27,crystalpalace,astonvilla,2,data/raw/epl_2021_2022_football_data_real.csv|data/raw/global_acquisition/football_data/2122_E0.csv
2021-11-27,fckoln,mgladbach,2,data/raw/bundesliga_2021_2022_football_data_real.csv|data/raw/global_acquisition/football_data/2122_D1.csv
2021-11-27,greutherfurth,hoffenheim,2,data/raw/bundesliga_2021_2022_football_data_real.csv|data/raw/global_acquisition/football_data/2122_D1.csv
2021-11-27,hertha,augsburg,2,data/raw/bundesliga_2021_2022_football_data_real.csv|data/raw/global_acquisition/football_data/2122_D1.csv
2021-11-27,liverpool,southampton,2,data/raw/epl_2021_2022_football_data_real.csv|data/raw/global_acquisition/football_data/2122_E0.csv
2021-11-27,norwich,wolves,2,data/raw/epl_2021_2022_football_data_real.csv|data/raw/global_acquisition/football_data/2122_E0.csv
2021-11-27,wolfsburg,dortmund,2,data/raw/bundesliga_2021_2022_football_data_real.csv|data/raw/global_acquisition/football_data/2122_D1.csv
2021-11-28,brentford,everton,2,data/raw/epl_2021_2022_football_data_real.csv|data/raw/global_acquisition/football_data/2122_E0.csv
2021-11-28,chelsea,manunited,2,data/raw/epl_2021_2022_football_data_real.csv|data/raw/global_acquisition/football_data/2122_E0.csv
2021-11-28,einfrankfurt,unionberlin,2,data/raw/bundesliga_2021_2022_football_data_real.csv|data/raw/global_acquisition/football_data/2122_D1.csv
2021-11-28,leicester,watford,2,data/raw/epl_2021_2022_football_data_real.csv|data/raw/global_acquisition/football_data/2122_E0.csv
2021-11-28,mancity,westham,2,data/raw/epl_2021_2022_football_data_real.csv|data/raw/global_acquisition/football_data/2122_E0.csv
2021-11-28,rbleipzig,leverkusen,2,data/raw/bundesliga_2021_2022_football_data_real.csv|data/raw/global_acquisition/football_data/2122_D1.csv
2021-11-30,leeds,crystalpalace,2,data/raw/epl_2021_2022_football_data_real.csv|data/raw/global_acquisition/football_data/2122_E0.csv
2021-11-30,newcastle,norwich,2,data/raw/epl_2021_2022_football_data_real.csv|data/raw/global_acquisition/football_data/2122_E0.csv
2021-12-01,astonvilla,mancity,2,data/raw/epl_2021_2022_football_data_real.csv|data/raw/global_acquisition/football_data/2122_E0.csv
2021-12-01,everton,liverpool,2,data/raw/epl_2021_2022_football_data_real.csv|data/raw/global_acquisition/football_data/2122_E0.csv
2021-12-01,southampton,leicester,2,data/raw/epl_2021_2022_football_data_real.csv|data/raw/global_acquisition/football_data/2122_E0.csv
2021-12-01,watford,chelsea,2,data/raw/epl_2021_2022_football_data_real.csv|data/raw/global_acquisition/football_data/2122_E0.csv
2021-12-01,westham,brighton,2,data/raw/epl_2021_2022_football_data_real.csv|data/raw/global_acquisition/football_data/2122_E0.csv
2021-12-01,wolves,burnley,2,data/raw/epl_2021_2022_football_data_real.csv|data/raw/global_acquisition/football_data/2122_E0.csv
2021-12-02,manunited,arsenal,2,data/raw/epl_2021_2022_football_data_real.csv|data/raw/global_acquisition/football_data/2122_E0.csv
2021-12-02,tottenham,brentford,2,data/raw/epl_2021_2022_football_data_real.csv|data/raw/global_acquisition/football_data/2122_E0.csv
2021-12-03,unionberlin,rbleipzig,2,data/raw/bundesliga_2021_2022_football_data_real.csv|data/raw/global_acquisition/football_data/2122_D1.csv
2021-12-04,augsburg,bochum,2,data/raw/bundesliga_2021_2022_football_data_real.csv|data/raw/global_acquisition/football_data/2122_D1.csv
2021-12-04,bielefeld,fckoln,2,data/raw/bundesliga_2021_2022_football_data_real.csv|data/raw/global_acquisition/football_data/2122_D1.csv
2021-12-04,dortmund,bayernmunich,2,data/raw/bundesliga_2021_2022_football_data_real.csv|data/raw/global_acquisition/football_data/2122_D1.csv
2021-12-04,hoffenheim,einfrankfurt,2,data/raw/bundesliga_2021_2022_football_data_real.csv|data/raw/global_acquisition/football_data/2122_D1.csv
2021-12-04,leverkusen,greutherfurth,2,data/raw/bundesliga_2021_2022_football_data_real.csv|data/raw/global_acquisition/football_data/2122_D1.csv
2021-12-04,mainz,wolfsburg,2,data/raw/bundesliga_2021_2022_football_data_real.csv|data/raw/global_acquisition/football_data/2122_D1.csv
2021-12-04,newcastle,burnley,2,data/raw/epl_2021_2022_football_data_real.csv|data/raw/global_acquisition/football_data/2122_E0.csv
2021-12-04,southampton,brighton,2,data/raw/epl_2021_2022_football_data_real.csv|data/raw/global_acquisition/football_data/2122_E0.csv
2021-12-04,watford,mancity,2,data/raw/epl_2021_2022_football_data_real.csv|data/raw/global_acquisition/football_data/2122_E0.csv
2021-12-04,westham,chelsea,2,data/raw/epl_2021_2022_football_data_real.csv|data/raw/global_acquisition/football_data/2122_E0.csv
2021-12-04,wolves,liverpool,2,data/raw/epl_2021_2022_football_data_real.csv|data/raw/global_acquisition/football_data/2122_E0.csv
2021-12-05,astonvilla,leicester,2,data/raw/epl_2021_2022_football_data_real.csv|data/raw/global_acquisition/football_data/2122_E0.csv
2021-12-05,leeds,brentford,2,data/raw/epl_2021_2022_football_data_real.csv|data/raw/global_acquisition/football_data/2122_E0.csv
2021-12-05,manunited,crystalpalace,2,data/raw/epl_2021_2022_football_data_real.csv|data/raw/global_acquisition/football_data/2122_E0.csv
2021-12-05,mgladbach,freiburg,2,data/raw/bundesliga_2021_2022_football_data_real.csv|data/raw/global_acquisition/football_data/2122_D1.csv
2021-12-05,stuttgart,hertha,2,data/raw/bundesliga_2021_2022_football_data_real.csv|data/raw/global_acquisition/football_data/2122_D1.csv
2021-12-05,tottenham,norwich,2,data/raw/epl_2021_2022_football_data_real.csv|data/raw/global_acquisition/football_data/2122_E0.csv
2021-12-06,everton,arsenal,2,data/raw/epl_2021_2022_football_data_real.csv|data/raw/global_acquisition/football_data/2122_E0.csv
2021-12-10,brentford,watford,2,data/raw/epl_2021_2022_football_data_real.csv|data/raw/global_acquisition/football_data/2122_E0.csv
2021-12-10,fckoln,augsburg,2,data/raw/bundesliga_2021_2022_football_data_real.csv|data/raw/global_acquisition/football_data/2122_D1.csv
2021-12-11,arsenal,southampton,2,data/raw/epl_2021_2022_football_data_real.csv|data/raw/global_acquisition/football_data/2122_E0.csv
2021-12-11,bayernmunich,mainz,2,data/raw/bundesliga_2021_2022_football_data_real.csv|data/raw/global_acquisition/football_data/2122_D1.csv
2021-12-11,bochum,dortmund,2,data/raw/bundesliga_2021_2022_football_data_real.csv|data/raw/global_acquisition/football_data/2122_D1.csv
2021-12-11,chelsea,leeds,2,data/raw/epl_2021_2022_football_data_real.csv|data/raw/global_acquisition/football_data/2122_E0.csv
2021-12-11,freiburg,hoffenheim,2,data/raw/bundesliga_2021_2022_football_data_real.csv|data/raw/global_acquisition/football_data/2122_D1.csv
2021-12-11,hertha,bielefeld,2,data/raw/bundesliga_2021_2022_football_data_real.csv|data/raw/global_acquisition/football_data/2122_D1.csv
2021-12-11,liverpool,astonvilla,2,data/raw/epl_2021_2022_football_data_real.csv|data/raw/global_acquisition/football_data/2122_E0.csv
2021-12-11,mancity,wolves,2,data/raw/epl_2021_2022_football_data_real.csv|data/raw/global_acquisition/football_data/2122_E0.csv
2021-12-11,norwich,manunited,2,data/raw/epl_2021_2022_football_data_real.csv|data/raw/global_acquisition/football_data/2122_E0.csv
2021-12-11,rbleipzig,mgladbach,2,data/raw/bundesliga_2021_2022_football_data_real.csv|data/raw/global_acquisition/football_data/2122_D1.csv
2021-12-11,wolfsburg,stuttgart,2,data/raw/bundesliga_2021_2022_football_data_real.csv|data/raw/global_acquisition/football_data/2122_D1.csv
2021-12-12,burnley,westham,2,data/raw/epl_2021_2022_football_data_real.csv|data/raw/global_acquisition/football_data/2122_E0.csv
2021-12-12,crystalpalace,everton,2,data/raw/epl_2021_2022_football_data_real.csv|data/raw/global_acquisition/football_data/2122_E0.csv
2021-12-12,einfrankfurt,leverkusen,2,data/raw/bundesliga_2021_2022_football_data_real.csv|data/raw/global_acquisition/football_data/2122_D1.csv
2021-12-12,greutherfurth,unionberlin,2,data/raw/bundesliga_2021_2022_football_data_real.csv|data/raw/global_acquisition/football_data/2122_D1.csv
2021-12-12,leicester,newcastle,2,data/raw/epl_2021_2022_football_data_real.csv|data/raw/global_acquisition/football_data/2122_E0.csv
2021-12-14,bielefeld,bochum,2,data/raw/bundesliga_2021_2022_football_data_real.csv|data/raw/global_acquisition/football_data/2122_D1.csv
2021-12-14,mainz,hertha,2,data/raw/bundesliga_2021_2022_football_data_real.csv|data/raw/global_acquisition/football_data/2122_D1.csv
2021-12-14,mancity,leeds,2,data/raw/epl_2021_2022_football_data_real.csv|data/raw/global_acquisition/football_data/2122_E0.csv
2021-12-14,norwich,astonvilla,2,data/raw/epl_2021_2022_football_data_real.csv|data/raw/global_acquisition/football_data/2122_E0.csv
2021-12-14,stuttgart,bayernmunich,2,data/raw/bundesliga_2021_2022_football_data_real.csv|data/raw/global_acquisition/football_data/2122_D1.csv
2021-12-14,wolfsburg,fckoln,2,data/raw/bundesliga_2021_2022_football_data_real.csv|data/raw/global_acquisition/football_data/2122_D1.csv
2021-12-15,arsenal,westham,2,data/raw/epl_2021_2022_football_data_real.csv|data/raw/global_acquisition/football_data/2122_E0.csv
2021-12-15,augsburg,rbleipzig,2,data/raw/bundesliga_2021_2022_football_data_real.csv|data/raw/global_acquisition/football_data/2122_D1.csv
2021-12-15,brighton,wolves,2,data/raw/epl_2021_2022_football_data_real.csv|data/raw/global_acquisition/football_data/2122_E0.csv
2021-12-15,crystalpalace,southampton,2,data/raw/epl_2021_2022_football_data_real.csv|data/raw/global_acquisition/football_data/2122_E0.csv
2021-12-15,dortmund,greutherfurth,2,data/raw/bundesliga_2021_2022_football_data_real.csv|data/raw/global_acquisition/football_data/2122_D1.csv
2021-12-15,leverkusen,hoffenheim,2,data/raw/bundesliga_2021_2022_football_data_real.csv|data/raw/global_acquisition/football_data/2122_D1.csv
2021-12-15,mgladbach,einfrankfurt,2,data/raw/bundesliga_2021_2022_football_data_real.csv|data/raw/global_acquisition/football_data/2122_D1.csv
2021-12-15,unionberlin,freiburg,2,data/raw/bundesliga_2021_2022_football_data_real.csv|data/raw/global_acquisition/football_data/2122_D1.csv
2021-12-16,chelsea,everton,2,data/raw/epl_2021_2022_football_data_real.csv|data/raw/global_acquisition/football_data/2122_E0.csv
2021-12-16,liverpool,newcastle,2,data/raw/epl_2021_2022_football_data_real.csv|data/raw/global_acquisition/football_data/2122_E0.csv
2021-12-17,bayernmunich,wolfsburg,2,data/raw/bundesliga_2021_2022_football_data_real.csv|data/raw/global_acquisition/football_data/2122_D1.csv
2021-12-18,bochum,unionberlin,2,data/raw/bundesliga_2021_2022_football_data_real.csv|data/raw/global_acquisition/football_data/2122_D1.csv
2021-12-18,einfrankfurt,mainz,2,data/raw/bundesliga_2021_2022_football_data_real.csv|data/raw/global_acquisition/football_data/2122_D1.csv
2021-12-18,greutherfurth,augsburg,2,data/raw/bundesliga_2021_2022_football_data_real.csv|data/raw/global_acquisition/football_data/2122_D1.csv
2021-12-18,hertha,dortmund,2,data/raw/bundesliga_2021_2022_football_data_real.csv|data/raw/global_acquisition/football_data/2122_D1.csv
2021-12-18,hoffenheim,mgladbach,2,data/raw/bundesliga_2021_2022_football_data_real.csv|data/raw/global_acquisition/football_data/2122_D1.csv
2021-12-18,leeds,arsenal,2,data/raw/epl_2021_2022_football_data_real.csv|data/raw/global_acquisition/football_data/2122_E0.csv
2021-12-18,rbleipzig,bielefeld,2,data/raw/bundesliga_2021_2022_football_data_real.csv|data/raw/global_acquisition/football_data/2122_D1.csv
2021-12-19,fckoln,stuttgart,2,data/raw/bundesliga_2021_2022_football_data_real.csv|data/raw/global_acquisition/football_data/2122_D1.csv
2021-12-19,freiburg,leverkusen,2,data/raw/bundesliga_2021_2022_football_data_real.csv|data/raw/global_acquisition/football_data/2122_D1.csv
2021-12-19,newcastle,mancity,2,data/raw/epl_2021_2022_football_data_real.csv|data/raw/global_acquisition/football_data/2122_E0.csv
2021-12-19,tottenham,liverpool,2,data/raw/epl_2021_2022_football_data_real.csv|data/raw/global_acquisition/football_data/2122_E0.csv
2021-12-19,wolves,chelsea,2,data/raw/epl_2021_2022_football_data_real.csv|data/raw/global_acquisition/football_data/2122_E0.csv
2021-12-26,astonvilla,chelsea,2,data/raw/epl_2021_2022_football_data_real.csv|data/raw/global_acquisition/football_data/2122_E0.csv
2021-12-26,brighton,brentford,2,data/raw/epl_2021_2022_football_data_real.csv|data/raw/global_acquisition/football_data/2122_E0.csv
2021-12-26,mancity,leicester,2,data/raw/epl_2021_2022_football_data_real.csv|data/raw/global_acquisition/football_data/2122_E0.csv
2021-12-26,norwich,arsenal,2,data/raw/epl_2021_2022_football_data_real.csv|data/raw/global_acquisition/football_data/2122_E0.csv
2021-12-26,tottenham,crystalpalace,2,data/raw/epl_2021_2022_football_data_real.csv|data/raw/global_acquisition/football_data/2122_E0.csv
2021-12-26,westham,southampton,2,data/raw/epl_2021_2022_football_data_real.csv|data/raw/global_acquisition/football_data/2122_E0.csv
2021-12-27,newcastle,manunited,2,data/raw/epl_2021_2022_football_data_real.csv|data/raw/global_acquisition/football_data/2122_E0.csv
2021-12-28,crystalpalace,norwich,2,data/raw/epl_2021_2022_football_data_real.csv|data/raw/global_acquisition/football_data/2122_E0.csv
2021-12-28,leicester,liverpool,2,data/raw/epl_2021_2022_football_data_real.csv|data/raw/global_acquisition/football_data/2122_E0.csv
2021-12-28,southampton,tottenham,2,data/raw/epl_2021_2022_football_data_real.csv|data/raw/global_acquisition/football_data/2122_E0.csv
2021-12-28,watford,westham,2,data/raw/epl_2021_2022_football_data_real.csv|data/raw/global_acquisition/football_data/2122_E0.csv
2021-12-29,brentford,mancity,2,data/raw/epl_2021_2022_football_data_real.csv|data/raw/global_acquisition/football_data/2122_E0.csv
2021-12-29,chelsea,brighton,2,data/raw/epl_2021_2022_football_data_real.csv|data/raw/global_acquisition/football_data/2122_E0.csv
2021-12-30,manunited,burnley,2,data/raw/epl_2021_2022_football_data_real.csv|data/raw/global_acquisition/football_data/2122_E0.csv
2022-01-01,arsenal,mancity,2,data/raw/epl_2021_2022_football_data_real.csv|data/raw/global_acquisition/football_data/2122_E0.csv
2022-01-01,crystalpalace,westham,2,data/raw/epl_2021_2022_football_data_real.csv|data/raw/global_acquisition/football_data/2122_E0.csv
2022-01-01,watford,tottenham,2,data/raw/epl_2021_2022_football_data_real.csv|data/raw/global_acquisition/football_data/2122_E0.csv
2022-01-02,brentford,astonvilla,2,data/raw/epl_2021_2022_football_data_real.csv|data/raw/global_acquisition/football_data/2122_E0.csv
2022-01-02,chelsea,liverpool,2,data/raw/epl_2021_2022_football_data_real.csv|data/raw/global_acquisition/football_data/2122_E0.csv
2022-01-02,everton,brighton,2,data/raw/epl_2021_2022_football_data_real.csv|data/raw/global_acquisition/football_data/2122_E0.csv
2022-01-02,leeds,burnley,2,data/raw/epl_2021_2022_football_data_real.csv|data/raw/global_acquisition/football_data/2122_E0.csv
2022-01-03,manunited,wolves,2,data/raw/epl_2021_2022_football_data_real.csv|data/raw/global_acquisition/football_data/2122_E0.csv
2022-01-07,bayernmunich,mgladbach,2,data/raw/bundesliga_2021_2022_football_data_real.csv|data/raw/global_acquisition/football_data/2122_D1.csv
2022-01-08,einfrankfurt,dortmund,2,data/raw/bundesliga_2021_2022_football_data_real.csv|data/raw/global_acquisition/football_data/2122_D1.csv
2022-01-08,freiburg,bielefeld,2,data/raw/bundesliga_2021_2022_football_data_real.csv|data/raw/global_acquisition/football_data/2122_D1.csv
2022-01-08,greutherfurth,stuttgart,2,data/raw/bundesliga_2021_2022_football_data_real.csv|data/raw/global_acquisition/football_data/2122_D1.csv
2022-01-08,hoffenheim,augsburg,2,data/raw/bundesliga_2021_2022_football_data_real.csv|data/raw/global_acquisition/football_data/2122_D1.csv
2022-01-08,leverkusen,unionberlin,2,data/raw/bundesliga_2021_2022_football_data_real.csv|data/raw/global_acquisition/football_data/2122_D1.csv
2022-01-08,rbleipzig,mainz,2,data/raw/bundesliga_2021_2022_football_data_real.csv|data/raw/global_acquisition/football_data/2122_D1.csv
2022-01-09,bochum,wolfsburg,2,data/raw/bundesliga_2021_2022_football_data_real.csv|data/raw/global_acquisition/football_data/2122_D1.csv
2022-01-09,hertha,fckoln,2,data/raw/bundesliga_2021_2022_football_data_real.csv|data/raw/global_acquisition/football_data/2122_D1.csv
2022-01-11,southampton,brentford,2,data/raw/epl_2021_2022_football_data_real.csv|data/raw/global_acquisition/football_data/2122_E0.csv
2022-01-12,westham,norwich,2,data/raw/epl_2021_2022_football_data_real.csv|data/raw/global_acquisition/football_data/2122_E0.csv
2022-01-14,brighton,crystalpalace,2,data/raw/epl_2021_2022_football_data_real.csv|data/raw/global_acquisition/football_data/2122_E0.csv
2022-01-14,dortmund,freiburg,2,data/raw/bundesliga_2021_2022_football_data_real.csv|data/raw/global_acquisition/football_data/2122_D1.csv
2022-01-15,astonvilla,manunited,2,data/raw/epl_2021_2022_football_data_real.csv|data/raw/global_acquisition/football_data/2122_E0.csv
2022-01-15,fckoln,bayernmunich,2,data/raw/bundesliga_2021_2022_football_data_real.csv|data/raw/global_acquisition/football_data/2122_D1.csv
2022-01-15,mainz,bochum,2,data/raw/bundesliga_2021_2022_football_data_real.csv|data/raw/global_acquisition/football_data/2122_D1.csv
2022-01-15,mancity,chelsea,2,data/raw/epl_2021_2022_football_data_real.csv|data/raw/global_acquisition/football_data/2122_E0.csv
2022-01-15,mgladbach,leverkusen,2,data/raw/bundesliga_2021_2022_football_data_real.csv|data/raw/global_acquisition/football_data/2122_D1.csv
2022-01-15,newcastle,watford,2,data/raw/epl_2021_2022_football_data_real.csv|data/raw/global_acquisition/football_data/2122_E0.csv
2022-01-15,norwich,everton,2,data/raw/epl_2021_2022_football_data_real.csv|data/raw/global_acquisition/football_data/2122_E0.csv
2022-01-15,stuttgart,rbleipzig,2,data/raw/bundesliga_2021_2022_football_data_real.csv|data/raw/global_acquisition/football_data/2122_D1.csv
2022-01-15,unionberlin,hoffenheim,2,data/raw/bundesliga_2021_2022_football_data_real.csv|data/raw/global_acquisition/football_data/2122_D1.csv
2022-01-15,wolfsburg,hertha,2,data/raw/bundesliga_2021_2022_football_data_real.csv|data/raw/global_acquisition/football_data/2122_D1.csv
2022-01-15,wolves,southampton,2,data/raw/epl_2021_2022_football_data_real.csv|data/raw/global_acquisition/football_data/2122_E0.csv
2022-01-16,augsburg,einfrankfurt,2,data/raw/bundesliga_2021_2022_football_data_real.csv|data/raw/global_acquisition/football_data/2122_D1.csv
2022-01-16,bielefeld,greutherfurth,2,data/raw/bundesliga_2021_2022_football_data_real.csv|data/raw/global_acquisition/football_data/2122_D1.csv
2022-01-16,liverpool,brentford,2,data/raw/epl_2021_2022_football_data_real.csv|data/raw/global_acquisition/football_data/2122_E0.csv
2022-01-16,westham,leeds,2,data/raw/epl_2021_2022_football_data_real.csv|data/raw/global_acquisition/football_data/2122_E0.csv
2022-01-18,brighton,chelsea,2,data/raw/epl_2021_2022_football_data_real.csv|data/raw/global_acquisition/football_data/2122_E0.csv
2022-01-19,brentford,manunited,2,data/raw/epl_2021_2022_football_data_real.csv|data/raw/global_acquisition/football_data/2122_E0.csv
2022-01-19,leicester,tottenham,2,data/raw/epl_2021_2022_football_data_real.csv|data/raw/global_acquisition/football_data/2122_E0.csv
2022-01-21,einfrankfurt,bielefeld,2,data/raw/bundesliga_2021_2022_football_data_real.csv|data/raw/global_acquisition/football_data/2122_D1.csv
2022-01-21,watford,norwich,2,data/raw/epl_2021_2022_football_data_real.csv|data/raw/global_acquisition/football_data/2122_E0.csv
2022-01-22,bochum,fckoln,2,data/raw/bundesliga_2021_2022_football_data_real.csv|data/raw/global_acquisition/football_data/2122_D1.csv
2022-01-22,brentford,wolves,2,data/raw/epl_2021_2022_football_data_real.csv|data/raw/global_acquisition/football_data/2122_E0.csv
2022-01-22,everton,astonvilla,2,data/raw/epl_2021_2022_football_data_real.csv|data/raw/global_acquisition/football_data/2122_E0.csv
2022-01-22,freiburg,stuttgart,2,data/raw/bundesliga_2021_2022_football_data_real.csv|data/raw/global_acquisition/football_data/2122_D1.csv
2022-01-22,greutherfurth,mainz,2,data/raw/bundesliga_2021_2022_football_data_real.csv|data/raw/global_acquisition/football_data/2122_D1.csv
2022-01-22,hoffenheim,dortmund,2,data/raw/bundesliga_2021_2022_football_data_real.csv|data/raw/global_acquisition/football_data/2122_D1.csv
2022-01-22,leeds,newcastle,2,data/raw/epl_2021_2022_football_data_real.csv|data/raw/global_acquisition/football_data/2122_E0.csv
2022-01-22,leverkusen,augsburg,2,data/raw/bundesliga_2021_2022_football_data_real.csv|data/raw/global_acquisition/football_data/2122_D1.csv
2022-01-22,manunited,westham,2,data/raw/epl_2021_2022_football_data_real.csv|data/raw/global_acquisition/football_data/2122_E0.csv
2022-01-22,mgladbach,unionberlin,2,data/raw/bundesliga_2021_2022_football_data_real.csv|data/raw/global_acquisition/football_data/2122_D1.csv
2022-01-22,southampton,mancity,2,data/raw/epl_2021_2022_football_data_real.csv|data/raw/global_acquisition/football_data/2122_E0.csv
2022-01-23,arsenal,burnley,2,data/raw/epl_2021_2022_football_data_real.csv|data/raw/global_acquisition/football_data/2122_E0.csv
2022-01-23,chelsea,tottenham,2,data/raw/epl_2021_2022_football_data_real.csv|data/raw/global_acquisition/football_data/2122_E0.csv
2022-01-23,crystalpalace,liverpool,2,data/raw/epl_2021_2022_football_data_real.csv|data/raw/global_acquisition/football_data/2122_E0.csv
2022-01-23,hertha,bayernmunich,2,data/raw/bundesliga_2021_2022_football_data_real.csv|data/raw/global_acquisition/football_data/2122_D1.csv
2022-01-23,leicester,brighton,2,data/raw/epl_2021_2022_football_data_real.csv|data/raw/global_acquisition/football_data/2122_E0.csv
2022-01-23,rbleipzig,wolfsburg,2,data/raw/bundesliga_2021_2022_football_data_real.csv|data/raw/global_acquisition/football_data/2122_D1.csv
2022-02-04,hertha,bochum,2,data/raw/bundesliga_2021_2022_football_data_real.csv|data/raw/global_acquisition/football_data/2122_D1.csv
2022-02-05,augsburg,unionberlin,2,data/raw/bundesliga_2021_2022_football_data_real.csv|data/raw/global_acquisition/football_data/2122_D1.csv
2022-02-05,bayernmunich,rbleipzig,2,data/raw/bundesliga_2021_2022_football_data_real.csv|data/raw/global_acquisition/football_data/2122_D1.csv
2022-02-05,bielefeld,mgladbach,2,data/raw/bundesliga_2021_2022_football_data_real.csv|data/raw/global_acquisition/football_data/2122_D1.csv
2022-02-05,burnley,watford,2,data/raw/epl_2021_2022_football_data_real.csv|data/raw/global_acquisition/football_data/2122_E0.csv
2022-02-05,fckoln,freiburg,2,data/raw/bundesliga_2021_2022_football_data_real.csv|data/raw/global_acquisition/football_data/2122_D1.csv
2022-02-05,mainz,hoffenheim,2,data/raw/bundesliga_2021_2022_football_data_real.csv|data/raw/global_acquisition/football_data/2122_D1.csv
2022-02-05,stuttgart,einfrankfurt,2,data/raw/bundesliga_2021_2022_football_data_real.csv|data/raw/global_acquisition/football_data/2122_D1.csv
2022-02-06,dortmund,leverkusen,2,data/raw/bundesliga_2021_2022_football_data_real.csv|data/raw/global_acquisition/football_data/2122_D1.csv
2022-02-06,wolfsburg,greutherfurth,2,data/raw/bundesliga_2021_2022_football_data_real.csv|data/raw/global_acquisition/football_data/2122_D1.csv
2022-02-08,burnley,manunited,2,data/raw/epl_2021_2022_football_data_real.csv|data/raw/global_acquisition/football_data/2122_E0.csv
2022-02-08,newcastle,everton,2,data/raw/epl_2021_2022_football_data_real.csv|data/raw/global_acquisition/football_data/2122_E0.csv
2022-02-08,westham,watford,2,data/raw/epl_2021_2022_football_data_real.csv|data/raw/global_acquisition/football_data/2122_E0.csv
2022-02-09,astonvilla,leeds,2,data/raw/epl_2021_2022_football_data_real.csv|data/raw/global_acquisition/football_data/2122_E0.csv
2022-02-09,mancity,brentford,2,data/raw/epl_2021_2022_football_data_real.csv|data/raw/global_acquisition/football_data/2122_E0.csv
2022-02-09,norwich,crystalpalace,2,data/raw/epl_2021_2022_football_data_real.csv|data/raw/global_acquisition/football_data/2122_E0.csv
2022-02-09,tottenham,southampton,2,data/raw/epl_2021_2022_football_data_real.csv|data/raw/global_acquisition/football_data/2122_E0.csv
2022-02-10,liverpool,leicester,2,data/raw/epl_2021_2022_football_data_real.csv|data/raw/global_acquisition/football_data/2122_E0.csv
2022-02-10,wolves,arsenal,2,data/raw/epl_2021_2022_football_data_real.csv|data/raw/global_acquisition/football_data/2122_E0.csv
2022-02-11,rbleipzig,fckoln,2,data/raw/bundesliga_2021_2022_football_data_real.csv|data/raw/global_acquisition/football_data/2122_D1.csv
2022-02-12,bochum,bayernmunich,2,data/raw/bundesliga_2021_2022_football_data_real.csv|data/raw/global_acquisition/football_data/2122_D1.csv
2022-02-12,brentford,crystalpalace,2,data/raw/epl_2021_2022_football_data_real.csv|data/raw/global_acquisition/football_data/2122_E0.csv
2022-02-12,einfrankfurt,wolfsburg,2,data/raw/bundesliga_2021_2022_football_data_real.csv|data/raw/global_acquisition/football_data/2122_D1.csv
2022-02-12,everton,leeds,2,data/raw/epl_2021_2022_football_data_real.csv|data/raw/global_acquisition/football_data/2122_E0.csv
2022-02-12,freiburg,mainz,2,data/raw/bundesliga_2021_2022_football_data_real.csv|data/raw/global_acquisition/football_data/2122_D1.csv
2022-02-12,greutherfurth,hertha,2,data/raw/bundesliga_2021_2022_football_data_real.csv|data/raw/global_acquisition/football_data/2122_D1.csv
2022-02-12,leverkusen,stuttgart,2,data/raw/bundesliga_2021_2022_football_data_real.csv|data/raw/global_acquisition/football_data/2122_D1.csv
2022-02-12,manunited,southampton,2,data/raw/epl_2021_2022_football_data_real.csv|data/raw/global_acquisition/football_data/2122_E0.csv
2022-02-12,mgladbach,augsburg,2,data/raw/bundesliga_2021_2022_football_data_real.csv|data/raw/global_acquisition/football_data/2122_D1.csv
2022-02-12,norwich,mancity,2,data/raw/epl_2021_2022_football_data_real.csv|data/raw/global_acquisition/football_data/2122_E0.csv
2022-02-12,watford,brighton,2,data/raw/epl_2021_2022_football_data_real.csv|data/raw/global_acquisition/football_data/2122_E0.csv
2022-02-13,burnley,liverpool,2,data/raw/epl_2021_2022_football_data_real.csv|data/raw/global_acquisition/football_data/2122_E0.csv
2022-02-13,hoffenheim,bielefeld,2,data/raw/bundesliga_2021_2022_football_data_real.csv|data/raw/global_acquisition/football_data/2122_D1.csv
2022-02-13,leicester,westham,2,data/raw/epl_2021_2022_football_data_real.csv|data/raw/global_acquisition/football_data/2122_E0.csv
2022-02-13,newcastle,astonvilla,2,data/raw/epl_2021_2022_football_data_real.csv|data/raw/global_acquisition/football_data/2122_E0.csv
2022-02-13,tottenham,wolves,2,data/raw/epl_2021_2022_football_data_real.csv|data/raw/global_acquisition/football_data/2122_E0.csv
2022-02-13,unionberlin,dortmund,2,data/raw/bundesliga_2021_2022_football_data_real.csv|data/raw/global_acquisition/football_data/2122_D1.csv
2022-02-15,manunited,brighton,2,data/raw/epl_2021_2022_football_data_real.csv|data/raw/global_acquisition/football_data/2122_E0.csv
2022-02-18,mainz,leverkusen,2,data/raw/bundesliga_2021_2022_football_data_real.csv|data/raw/global_acquisition/football_data/2122_D1.csv
2022-02-19,arsenal,brentford,2,data/raw/epl_2021_2022_football_data_real.csv|data/raw/global_acquisition/football_data/2122_E0.csv
2022-02-19,astonvilla,watford,2,data/raw/epl_2021_2022_football_data_real.csv|data/raw/global_acquisition/football_data/2122_E0.csv
2022-02-19,augsburg,freiburg,2,data/raw/bundesliga_2021_2022_football_data_real.csv|data/raw/global_acquisition/football_data/2122_D1.csv
2022-02-19,bielefeld,unionberlin,2,data/raw/bundesliga_2021_2022_football_data_real.csv|data/raw/global_acquisition/football_data/2122_D1.csv
2022-02-19,brighton,burnley,2,data/raw/epl_2021_2022_football_data_real.csv|data/raw/global_acquisition/football_data/2122_E0.csv
2022-02-19,crystalpalace,chelsea,2,data/raw/epl_2021_2022_football_data_real.csv|data/raw/global_acquisition/football_data/2122_E0.csv
2022-02-19,fckoln,einfrankfurt,2,data/raw/bundesliga_2021_2022_football_data_real.csv|data/raw/global_acquisition/football_data/2122_D1.csv
2022-02-19,liverpool,norwich,2,data/raw/epl_2021_2022_football_data_real.csv|data/raw/global_acquisition/football_data/2122_E0.csv
2022-02-19,mancity,tottenham,2,data/raw/epl_2021_2022_football_data_real.csv|data/raw/global_acquisition/football_data/2122_E0.csv
2022-02-19,southampton,everton,2,data/raw/epl_2021_2022_football_data_real.csv|data/raw/global_acquisition/football_data/2122_E0.csv
2022-02-19,stuttgart,bochum,2,data/raw/bundesliga_2021_2022_football_data_real.csv|data/raw/global_acquisition/football_data/2122_D1.csv
2022-02-19,westham,newcastle,2,data/raw/epl_2021_2022_football_data_real.csv|data/raw/global_acquisition/football_data/2122_E0.csv
2022-02-19,wolfsburg,hoffenheim,2,data/raw/bundesliga_2021_2022_football_data_real.csv|data/raw/global_acquisition/football_data/2122_D1.csv
2022-02-20,bayernmunich,greutherfurth,2,data/raw/bundesliga_2021_2022_football_data_real.csv|data/raw/global_acquisition/football_data/2122_D1.csv
2022-02-20,dortmund,mgladbach,2,data/raw/bundesliga_2021_2022_football_data_real.csv|data/raw/global_acquisition/football_data/2122_D1.csv
2022-02-20,hertha,rbleipzig,2,data/raw/bundesliga_2021_2022_football_data_real.csv|data/raw/global_acquisition/football_data/2122_D1.csv
2022-02-20,leeds,manunited,2,data/raw/epl_2021_2022_football_data_real.csv|data/raw/global_acquisition/football_data/2122_E0.csv
2022-02-20,wolves,leicester,2,data/raw/epl_2021_2022_football_data_real.csv|data/raw/global_acquisition/football_data/2122_E0.csv
2022-02-23,burnley,tottenham,2,data/raw/epl_2021_2022_football_data_real.csv|data/raw/global_acquisition/football_data/2122_E0.csv
2022-02-23,liverpool,leeds,2,data/raw/epl_2021_2022_football_data_real.csv|data/raw/global_acquisition/football_data/2122_E0.csv
2022-02-23,watford,crystalpalace,2,data/raw/epl_2021_2022_football_data_real.csv|data/raw/global_acquisition/football_data/2122_E0.csv
2022-02-24,arsenal,wolves,2,data/raw/epl_2021_2022_football_data_real.csv|data/raw/global_acquisition/football_data/2122_E0.csv
2022-02-25,hoffenheim,stuttgart,2,data/raw/bundesliga_2021_2022_football_data_real.csv|data/raw/global_acquisition/football_data/2122_D1.csv
2022-02-25,southampton,norwich,2,data/raw/epl_2021_2022_football_data_real.csv|data/raw/global_acquisition/football_data/2122_E0.csv
2022-02-26,brentford,newcastle,2,data/raw/epl_2021_2022_football_data_real.csv|data/raw/global_acquisition/football_data/2122_E0.csv
2022-02-26,brighton,astonvilla,2,data/raw/epl_2021_2022_football_data_real.csv|data/raw/global_acquisition/football_data/2122_E0.csv
2022-02-26,crystalpalace,burnley,2,data/raw/epl_2021_2022_football_data_real.csv|data/raw/global_acquisition/football_data/2122_E0.csv
2022-02-26,einfrankfurt,bayernmunich,2,data/raw/bundesliga_2021_2022_football_data_real.csv|data/raw/global_acquisition/football_data/2122_D1.csv
2022-02-26,everton,mancity,2,data/raw/epl_2021_2022_football_data_real.csv|data/raw/global_acquisition/football_data/2122_E0.csv
2022-02-26,freiburg,hertha,2,data/raw/bundesliga_2021_2022_football_data_real.csv|data/raw/global_acquisition/football_data/2122_D1.csv
2022-02-26,greutherfurth,fckoln,2,data/raw/bundesliga_2021_2022_football_data_real.csv|data/raw/global_acquisition/football_data/2122_D1.csv
2022-02-26,leeds,tottenham,2,data/raw/epl_2021_2022_football_data_real.csv|data/raw/global_acquisition/football_data/2122_E0.csv
2022-02-26,leverkusen,bielefeld,2,data/raw/bundesliga_2021_2022_football_data_real.csv|data/raw/global_acquisition/football_data/2122_D1.csv
2022-02-26,manunited,watford,2,data/raw/epl_2021_2022_football_data_real.csv|data/raw/global_acquisition/football_data/2122_E0.csv
2022-02-26,mgladbach,wolfsburg,2,data/raw/bundesliga_2021_2022_football_data_real.csv|data/raw/global_acquisition/football_data/2122_D1.csv
2022-02-26,unionberlin,mainz,2,data/raw/bundesliga_2021_2022_football_data_real.csv|data/raw/global_acquisition/football_data/2122_D1.csv
2022-02-27,augsburg,dortmund,2,data/raw/bundesliga_2021_2022_football_data_real.csv|data/raw/global_acquisition/football_data/2122_D1.csv
2022-02-27,bochum,rbleipzig,2,data/raw/bundesliga_2021_2022_football_data_real.csv|data/raw/global_acquisition/football_data/2122_D1.csv
2022-02-27,westham,wolves,2,data/raw/epl_2021_2022_football_data_real.csv|data/raw/global_acquisition/football_data/2122_E0.csv
2022-03-01,burnley,leicester,2,data/raw/epl_2021_2022_football_data_real.csv|data/raw/global_acquisition/football_data/2122_E0.csv
2022-03-04,bielefeld,augsburg,2,data/raw/bundesliga_2021_2022_football_data_real.csv|data/raw/global_acquisition/football_data/2122_D1.csv
2022-03-05,astonvilla,southampton,2,data/raw/epl_2021_2022_football_data_real.csv|data/raw/global_acquisition/football_data/2122_E0.csv
2022-03-05,bayernmunich,leverkusen,2,data/raw/bundesliga_2021_2022_football_data_real.csv|data/raw/global_acquisition/football_data/2122_D1.csv
2022-03-05,bochum,greutherfurth,2,data/raw/bundesliga_2021_2022_football_data_real.csv|data/raw/global_acquisition/football_data/2122_D1.csv
2022-03-05,burnley,chelsea,2,data/raw/epl_2021_2022_football_data_real.csv|data/raw/global_acquisition/football_data/2122_E0.csv
2022-03-05,hertha,einfrankfurt,2,data/raw/bundesliga_2021_2022_football_data_real.csv|data/raw/global_acquisition/football_data/2122_D1.csv
2022-03-05,leicester,leeds,2,data/raw/epl_2021_2022_football_data_real.csv|data/raw/global_acquisition/football_data/2122_E0.csv
2022-03-05,liverpool,westham,2,data/raw/epl_2021_2022_football_data_real.csv|data/raw/global_acquisition/football_data/2122_E0.csv
2022-03-05,newcastle,brighton,2,data/raw/epl_2021_2022_football_data_real.csv|data/raw/global_acquisition/football_data/2122_E0.csv
2022-03-05,norwich,brentford,2,data/raw/epl_2021_2022_football_data_real.csv|data/raw/global_acquisition/football_data/2122_E0.csv
2022-03-05,rbleipzig,freiburg,2,data/raw/bundesliga_2021_2022_football_data_real.csv|data/raw/global_acquisition/football_data/2122_D1.csv
2022-03-05,stuttgart,mgladbach,2,data/raw/bundesliga_2021_2022_football_data_real.csv|data/raw/global_acquisition/football_data/2122_D1.csv
2022-03-05,wolfsburg,unionberlin,2,data/raw/bundesliga_2021_2022_football_data_real.csv|data/raw/global_acquisition/football_data/2122_D1.csv
2022-03-05,wolves,crystalpalace,2,data/raw/epl_2021_2022_football_data_real.csv|data/raw/global_acquisition/football_data/2122_E0.csv
2022-03-06,fckoln,hoffenheim,2,data/raw/bundesliga_2021_2022_football_data_real.csv|data/raw/global_acquisition/football_data/2122_D1.csv
2022-03-06,mancity,manunited,2,data/raw/epl_2021_2022_football_data_real.csv|data/raw/global_acquisition/football_data/2122_E0.csv
2022-03-06,watford,arsenal,2,data/raw/epl_2021_2022_football_data_real.csv|data/raw/global_acquisition/football_data/2122_E0.csv
2022-03-07,tottenham,everton,2,data/raw/epl_2021_2022_football_data_real.csv|data/raw/global_acquisition/football_data/2122_E0.csv
2022-03-10,leeds,astonvilla,2,data/raw/epl_2021_2022_football_data_real.csv|data/raw/global_acquisition/football_data/2122_E0.csv
2022-03-10,norwich,chelsea,2,data/raw/epl_2021_2022_football_data_real.csv|data/raw/global_acquisition/football_data/2122_E0.csv
2022-03-10,southampton,newcastle,2,data/raw/epl_2021_2022_football_data_real.csv|data/raw/global_acquisition/football_data/2122_E0.csv
2022-03-10,wolves,watford,2,data/raw/epl_2021_2022_football_data_real.csv|data/raw/global_acquisition/football_data/2122_E0.csv
2022-03-12,brentford,burnley,2,data/raw/epl_2021_2022_football_data_real.csv|data/raw/global_acquisition/football_data/2122_E0.csv
2022-03-12,brighton,liverpool,2,data/raw/epl_2021_2022_football_data_real.csv|data/raw/global_acquisition/football_data/2122_E0.csv
2022-03-12,freiburg,wolfsburg,2,data/raw/bundesliga_2021_2022_football_data_real.csv|data/raw/global_acquisition/football_data/2122_D1.csv
2022-03-12,hoffenheim,bayernmunich,2,data/raw/bundesliga_2021_2022_football_data_real.csv|data/raw/global_acquisition/football_data/2122_D1.csv
2022-03-12,manunited,tottenham,2,data/raw/epl_2021_2022_football_data_real.csv|data/raw/global_acquisition/football_data/2122_E0.csv
2022-03-12,mgladbach,hertha,2,data/raw/bundesliga_2021_2022_football_data_real.csv|data/raw/global_acquisition/football_data/2122_D1.csv
2022-03-12,unionberlin,stuttgart,2,data/raw/bundesliga_2021_2022_football_data_real.csv|data/raw/global_acquisition/football_data/2122_D1.csv
2022-03-13,arsenal,leicester,2,data/raw/epl_2021_2022_football_data_real.csv|data/raw/global_acquisition/football_data/2122_E0.csv
2022-03-13,chelsea,newcastle,2,data/raw/epl_2021_2022_football_data_real.csv|data/raw/global_acquisition/football_data/2122_E0.csv
2022-03-13,dortmund,bielefeld,2,data/raw/bundesliga_2021_2022_football_data_real.csv|data/raw/global_acquisition/football_data/2122_D1.csv
2022-03-13,einfrankfurt,bochum,2,data/raw/bundesliga_2021_2022_football_data_real.csv|data/raw/global_acquisition/football_data/2122_D1.csv
2022-03-13,everton,wolves,2,data/raw/epl_2021_2022_football_data_real.csv|data/raw/global_acquisition/football_data/2122_E0.csv
2022-03-13,greutherfurth,rbleipzig,2,data/raw/bundesliga_2021_2022_football_data_real.csv|data/raw/global_acquisition/football_data/2122_D1.csv
2022-03-13,leeds,norwich,2,data/raw/epl_2021_2022_football_data_real.csv|data/raw/global_acquisition/football_data/2122_E0.csv
2022-03-13,leverkusen,fckoln,2,data/raw/bundesliga_2021_2022_football_data_real.csv|data/raw/global_acquisition/football_data/2122_D1.csv
2022-03-13,southampton,watford,2,data/raw/epl_2021_2022_football_data_real.csv|data/raw/global_acquisition/football_data/2122_E0.csv
2022-03-13,westham,astonvilla,2,data/raw/epl_2021_2022_football_data_real.csv|data/raw/global_acquisition/football_data/2122_E0.csv
2022-03-14,crystalpalace,mancity,2,data/raw/epl_2021_2022_football_data_real.csv|data/raw/global_acquisition/football_data/2122_E0.csv
2022-03-16,arsenal,liverpool,2,data/raw/epl_2021_2022_football_data_real.csv|data/raw/global_acquisition/football_data/2122_E0.csv
2022-03-16,brighton,tottenham,2,data/raw/epl_2021_2022_football_data_real.csv|data/raw/global_acquisition/football_data/2122_E0.csv
2022-03-16,mainz,dortmund,2,data/raw/bundesliga_2021_2022_football_data_real.csv|data/raw/global_acquisition/football_data/2122_D1.csv
2022-03-17,everton,newcastle,2,data/raw/epl_2021_2022_football_data_real.csv|data/raw/global_acquisition/football_data/2122_E0.csv
2022-03-18,bochum,mgladbach,2,data/raw/bundesliga_2021_2022_football_data_real.csv|data/raw/global_acquisition/football_data/2122_D1.csv
2022-03-18,wolves,leeds,2,data/raw/epl_2021_2022_football_data_real.csv|data/raw/global_acquisition/football_data/2122_E0.csv
2022-03-19,astonvilla,arsenal,2,data/raw/epl_2021_2022_football_data_real.csv|data/raw/global_acquisition/football_data/2122_E0.csv
2022-03-19,bayernmunich,unionberlin,2,data/raw/bundesliga_2021_2022_football_data_real.csv|data/raw/global_acquisition/football_data/2122_D1.csv
2022-03-19,greutherfurth,freiburg,2,data/raw/bundesliga_2021_2022_football_data_real.csv|data/raw/global_acquisition/football_data/2122_D1.csv
2022-03-19,hertha,hoffenheim,2,data/raw/bundesliga_2021_2022_football_data_real.csv|data/raw/global_acquisition/football_data/2122_D1.csv
2022-03-19,mainz,bielefeld,2,data/raw/bundesliga_2021_2022_football_data_real.csv|data/raw/global_acquisition/football_data/2122_D1.csv
2022-03-19,stuttgart,augsburg,2,data/raw/bundesliga_2021_2022_football_data_real.csv|data/raw/global_acquisition/football_data/2122_D1.csv
2022-03-20,fckoln,dortmund,2,data/raw/bundesliga_2021_2022_football_data_real.csv|data/raw/global_acquisition/football_data/2122_D1.csv
2022-03-20,leicester,brentford,2,data/raw/epl_2021_2022_football_data_real.csv|data/raw/global_acquisition/football_data/2122_E0.csv
2022-03-20,rbleipzig,einfrankfurt,2,data/raw/bundesliga_2021_2022_football_data_real.csv|data/raw/global_acquisition/football_data/2122_D1.csv
2022-03-20,tottenham,westham,2,data/raw/epl_2021_2022_football_data_real.csv|data/raw/global_acquisition/football_data/2122_E0.csv
2022-03-20,wolfsburg,leverkusen,2,data/raw/bundesliga_2021_2022_football_data_real.csv|data/raw/global_acquisition/football_data/2122_D1.csv
2022-04-01,unionberlin,fckoln,2,data/raw/bundesliga_2021_2022_football_data_real.csv|data/raw/global_acquisition/football_data/2122_D1.csv
2022-04-02,bielefeld,stuttgart,2,data/raw/bundesliga_2021_2022_football_data_real.csv|data/raw/global_acquisition/football_data/2122_D1.csv
2022-04-02,brighton,norwich,2,data/raw/epl_2021_2022_football_data_real.csv|data/raw/global_acquisition/football_data/2122_E0.csv
2022-04-02,burnley,mancity,2,data/raw/epl_2021_2022_football_data_real.csv|data/raw/global_acquisition/football_data/2122_E0.csv
2022-04-02,chelsea,brentford,2,data/raw/epl_2021_2022_football_data_real.csv|data/raw/global_acquisition/football_data/2122_E0.csv
2022-04-02,dortmund,rbleipzig,2,data/raw/bundesliga_2021_2022_football_data_real.csv|data/raw/global_acquisition/football_data/2122_D1.csv
2022-04-02,einfrankfurt,greutherfurth,2,data/raw/bundesliga_2021_2022_football_data_real.csv|data/raw/global_acquisition/football_data/2122_D1.csv
2022-04-02,freiburg,bayernmunich,2,data/raw/bundesliga_2021_2022_football_data_real.csv|data/raw/global_acquisition/football_data/2122_D1.csv
2022-04-02,hoffenheim,bochum,2,data/raw/bundesliga_2021_2022_football_data_real.csv|data/raw/global_acquisition/football_data/2122_D1.csv
2022-04-02,leeds,southampton,2,data/raw/epl_2021_2022_football_data_real.csv|data/raw/global_acquisition/football_data/2122_E0.csv
2022-04-02,leverkusen,hertha,2,data/raw/bundesliga_2021_2022_football_data_real.csv|data/raw/global_acquisition/football_data/2122_D1.csv
2022-04-02,liverpool,watford,2,data/raw/epl_2021_2022_football_data_real.csv|data/raw/global_acquisition/football_data/2122_E0.csv
2022-04-02,manunited,leicester,2,data/raw/epl_2021_2022_football_data_real.csv|data/raw/global_acquisition/football_data/2122_E0.csv
2022-04-02,wolves,astonvilla,2,data/raw/epl_2021_2022_football_data_real.csv|data/raw/global_acquisition/football_data/2122_E0.csv
2022-04-03,augsburg,wolfsburg,2,data/raw/bundesliga_2021_2022_football_data_real.csv|data/raw/global_acquisition/football_data/2122_D1.csv
2022-04-03,mgladbach,mainz,2,data/raw/bundesliga_2021_2022_football_data_real.csv|data/raw/global_acquisition/football_data/2122_D1.csv
2022-04-03,tottenham,newcastle,2,data/raw/epl_2021_2022_football_data_real.csv|data/raw/global_acquisition/football_data/2122_E0.csv
2022-04-03,westham,everton,2,data/raw/epl_2021_2022_football_data_real.csv|data/raw/global_acquisition/football_data/2122_E0.csv
2022-04-04,crystalpalace,arsenal,2,data/raw/epl_2021_2022_football_data_real.csv|data/raw/global_acquisition/football_data/2122_E0.csv
2022-04-06,augsburg,mainz,2,data/raw/bundesliga_2021_2022_football_data_real.csv|data/raw/global_acquisition/football_data/2122_D1.csv
2022-04-06,burnley,everton,2,data/raw/epl_2021_2022_football_data_real.csv|data/raw/global_acquisition/football_data/2122_E0.csv
2022-04-08,newcastle,wolves,2,data/raw/epl_2021_2022_football_data_real.csv|data/raw/global_acquisition/football_data/2122_E0.csv
2022-04-08,stuttgart,dortmund,2,data/raw/bundesliga_2021_2022_football_data_real.csv|data/raw/global_acquisition/football_data/2122_D1.csv
2022-04-09,arsenal,brighton,2,data/raw/epl_2021_2022_football_data_real.csv|data/raw/global_acquisition/football_data/2122_E0.csv
2022-04-09,astonvilla,tottenham,2,data/raw/epl_2021_2022_football_data_real.csv|data/raw/global_acquisition/football_data/2122_E0.csv
2022-04-09,bayernmunich,augsburg,2,data/raw/bundesliga_2021_2022_football_data_real.csv|data/raw/global_acquisition/football_data/2122_D1.csv
2022-04-09,everton,manunited,2,data/raw/epl_2021_2022_football_data_real.csv|data/raw/global_acquisition/football_data/2122_E0.csv
2022-04-09,fckoln,mainz,2,data/raw/bundesliga_2021_2022_football_data_real.csv|data/raw/global_acquisition/football_data/2122_D1.csv
2022-04-09,greutherfurth,mgladbach,2,data/raw/bundesliga_2021_2022_football_data_real.csv|data/raw/global_acquisition/football_data/2122_D1.csv
2022-04-09,hertha,unionberlin,2,data/raw/bundesliga_2021_2022_football_data_real.csv|data/raw/global_acquisition/football_data/2122_D1.csv
2022-04-09,southampton,chelsea,2,data/raw/epl_2021_2022_football_data_real.csv|data/raw/global_acquisition/football_data/2122_E0.csv
2022-04-09,watford,leeds,2,data/raw/epl_2021_2022_football_data_real.csv|data/raw/global_acquisition/football_data/2122_E0.csv
2022-04-09,wolfsburg,bielefeld,2,data/raw/bundesliga_2021_2022_football_data_real.csv|data/raw/global_acquisition/football_data/2122_D1.csv
2022-04-10,bochum,leverkusen,2,data/raw/bundesliga_2021_2022_football_data_real.csv|data/raw/global_acquisition/football_data/2122_D1.csv
2022-04-10,brentford,westham,2,data/raw/epl_2021_2022_football_data_real.csv|data/raw/global_acquisition/football_data/2122_E0.csv
2022-04-10,einfrankfurt,freiburg,2,data/raw/bundesliga_2021_2022_football_data_real.csv|data/raw/global_acquisition/football_data/2122_D1.csv
2022-04-10,leicester,crystalpalace,2,data/raw/epl_2021_2022_football_data_real.csv|data/raw/global_acquisition/football_data/2122_E0.csv
2022-04-10,mancity,liverpool,2,data/raw/epl_2021_2022_football_data_real.csv|data/raw/global_acquisition/football_data/2122_E0.csv
2022-04-10,norwich,burnley,2,data/raw/epl_2021_2022_football_data_real.csv|data/raw/global_acquisition/football_data/2122_E0.csv
2022-04-10,rbleipzig,hoffenheim,2,data/raw/bundesliga_2021_2022_football_data_real.csv|data/raw/global_acquisition/football_data/2122_D1.csv
2022-04-16,augsburg,hertha,2,data/raw/bundesliga_2021_2022_football_data_real.csv|data/raw/global_acquisition/football_data/2122_D1.csv
2022-04-16,dortmund,wolfsburg,2,data/raw/bundesliga_2021_2022_football_data_real.csv|data/raw/global_acquisition/football_data/2122_D1.csv
2022-04-16,freiburg,bochum,2,data/raw/bundesliga_2021_2022_football_data_real.csv|data/raw/global_acquisition/football_data/2122_D1.csv
2022-04-16,mainz,stuttgart,2,data/raw/bundesliga_2021_2022_football_data_real.csv|data/raw/global_acquisition/football_data/2122_D1.csv
2022-04-16,manunited,norwich,2,data/raw/epl_2021_2022_football_data_real.csv|data/raw/global_acquisition/football_data/2122_E0.csv
2022-04-16,mgladbach,fckoln,2,data/raw/bundesliga_2021_2022_football_data_real.csv|data/raw/global_acquisition/football_data/2122_D1.csv
2022-04-16,southampton,arsenal,2,data/raw/epl_2021_2022_football_data_real.csv|data/raw/global_acquisition/football_data/2122_E0.csv
2022-04-16,tottenham,brighton,2,data/raw/epl_2021_2022_football_data_real.csv|data/raw/global_acquisition/football_data/2122_E0.csv
2022-04-16,watford,brentford,2,data/raw/epl_2021_2022_football_data_real.csv|data/raw/global_acquisition/football_data/2122_E0.csv
2022-04-17,bielefeld,bayernmunich,2,data/raw/bundesliga_2021_2022_football_data_real.csv|data/raw/global_acquisition/football_data/2122_D1.csv
2022-04-17,hoffenheim,greutherfurth,2,data/raw/bundesliga_2021_2022_football_data_real.csv|data/raw/global_acquisition/football_data/2122_D1.csv
2022-04-17,leverkusen,rbleipzig,2,data/raw/bundesliga_2021_2022_football_data_real.csv|data/raw/global_acquisition/football_data/2122_D1.csv
2022-04-17,newcastle,leicester,2,data/raw/epl_2021_2022_football_data_real.csv|data/raw/global_acquisition/football_data/2122_E0.csv
2022-04-17,unionberlin,einfrankfurt,2,data/raw/bundesliga_2021_2022_football_data_real.csv|data/raw/global_acquisition/football_data/2122_D1.csv
2022-04-17,westham,burnley,2,data/raw/epl_2021_2022_football_data_real.csv|data/raw/global_acquisition/football_data/2122_E0.csv
2022-04-19,liverpool,manunited,2,data/raw/epl_2021_2022_football_data_real.csv|data/raw/global_acquisition/football_data/2122_E0.csv
2022-04-20,chelsea,arsenal,2,data/raw/epl_2021_2022_football_data_real.csv|data/raw/global_acquisition/football_data/2122_E0.csv
2022-04-20,everton,leicester,2,data/raw/epl_2021_2022_football_data_real.csv|data/raw/global_acquisition/football_data/2122_E0.csv
2022-04-20,mancity,brighton,2,data/raw/epl_2021_2022_football_data_real.csv|data/raw/global_acquisition/football_data/2122_E0.csv
2022-04-20,newcastle,crystalpalace,2,data/raw/epl_2021_2022_football_data_real.csv|data/raw/global_acquisition/football_data/2122_E0.csv
2022-04-21,burnley,southampton,2,data/raw/epl_2021_2022_football_data_real.csv|data/raw/global_acquisition/football_data/2122_E0.csv
2022-04-22,wolfsburg,mainz,2,data/raw/bundesliga_2021_2022_football_data_real.csv|data/raw/global_acquisition/football_data/2122_D1.csv
2022-04-23,arsenal,manunited,2,data/raw/epl_2021_2022_football_data_real.csv|data/raw/global_acquisition/football_data/2122_E0.csv
2022-04-23,bayernmunich,dortmund,2,data/raw/bundesliga_2021_2022_football_data_real.csv|data/raw/global_acquisition/football_data/2122_D1.csv
2022-04-23,brentford,tottenham,2,data/raw/epl_2021_2022_football_data_real.csv|data/raw/global_acquisition/football_data/2122_E0.csv
2022-04-23,einfrankfurt,hoffenheim,2,data/raw/bundesliga_2021_2022_football_data_real.csv|data/raw/global_acquisition/football_data/2122_D1.csv
2022-04-23,fckoln,bielefeld,2,data/raw/bundesliga_2021_2022_football_data_real.csv|data/raw/global_acquisition/football_data/2122_D1.csv
2022-04-23,freiburg,mgladbach,2,data/raw/bundesliga_2021_2022_football_data_real.csv|data/raw/global_acquisition/football_data/2122_D1.csv
2022-04-23,greutherfurth,leverkusen,2,data/raw/bundesliga_2021_2022_football_data_real.csv|data/raw/global_acquisition/football_data/2122_D1.csv
2022-04-23,leicester,astonvilla,2,data/raw/epl_2021_2022_football_data_real.csv|data/raw/global_acquisition/football_data/2122_E0.csv
2022-04-23,mancity,watford,2,data/raw/epl_2021_2022_football_data_real.csv|data/raw/global_acquisition/football_data/2122_E0.csv
2022-04-23,norwich,newcastle,2,data/raw/epl_2021_2022_football_data_real.csv|data/raw/global_acquisition/football_data/2122_E0.csv
2022-04-23,rbleipzig,unionberlin,2,data/raw/bundesliga_2021_2022_football_data_real.csv|data/raw/global_acquisition/football_data/2122_D1.csv
2022-04-24,bochum,augsburg,2,data/raw/bundesliga_2021_2022_football_data_real.csv|data/raw/global_acquisition/football_data/2122_D1.csv
2022-04-24,brighton,southampton,2,data/raw/epl_2021_2022_football_data_real.csv|data/raw/global_acquisition/football_data/2122_E0.csv
2022-04-24,burnley,wolves,2,data/raw/epl_2021_2022_football_data_real.csv|data/raw/global_acquisition/football_data/2122_E0.csv
2022-04-24,chelsea,westham,2,data/raw/epl_2021_2022_football_data_real.csv|data/raw/global_acquisition/football_data/2122_E0.csv
2022-04-24,hertha,stuttgart,2,data/raw/bundesliga_2021_2022_football_data_real.csv|data/raw/global_acquisition/football_data/2122_D1.csv
2022-04-24,liverpool,everton,2,data/raw/epl_2021_2022_football_data_real.csv|data/raw/global_acquisition/football_data/2122_E0.csv
2022-04-25,crystalpalace,leeds,2,data/raw/epl_2021_2022_football_data_real.csv|data/raw/global_acquisition/football_data/2122_E0.csv
2022-04-28,manunited,chelsea,2,data/raw/epl_2021_2022_football_data_real.csv|data/raw/global_acquisition/football_data/2122_E0.csv
2022-04-29,unionberlin,greutherfurth,2,data/raw/bundesliga_2021_2022_football_data_real.csv|data/raw/global_acquisition/football_data/2122_D1.csv
2022-04-30,astonvilla,norwich,2,data/raw/epl_2021_2022_football_data_real.csv|data/raw/global_acquisition/football_data/2122_E0.csv
2022-04-30,augsburg,fckoln,2,data/raw/bundesliga_2021_2022_football_data_real.csv|data/raw/global_acquisition/football_data/2122_D1.csv
2022-04-30,bielefeld,hertha,2,data/raw/bundesliga_2021_2022_football_data_real.csv|data/raw/global_acquisition/football_data/2122_D1.csv
2022-04-30,dortmund,bochum,2,data/raw/bundesliga_2021_2022_football_data_real.csv|data/raw/global_acquisition/football_data/2122_D1.csv
2022-04-30,hoffenheim,freiburg,2,data/raw/bundesliga_2021_2022_football_data_real.csv|data/raw/global_acquisition/football_data/2122_D1.csv
2022-04-30,leeds,mancity,2,data/raw/epl_2021_2022_football_data_real.csv|data/raw/global_acquisition/football_data/2122_E0.csv
2022-04-30,mainz,bayernmunich,2,data/raw/bundesliga_2021_2022_football_data_real.csv|data/raw/global_acquisition/football_data/2122_D1.csv
2022-04-30,newcastle,liverpool,2,data/raw/epl_2021_2022_football_data_real.csv|data/raw/global_acquisition/football_data/2122_E0.csv
2022-04-30,southampton,crystalpalace,2,data/raw/epl_2021_2022_football_data_real.csv|data/raw/global_acquisition/football_data/2122_E0.csv
2022-04-30,stuttgart,wolfsburg,2,data/raw/bundesliga_2021_2022_football_data_real.csv|data/raw/global_acquisition/football_data/2122_D1.csv
2022-04-30,watford,burnley,2,data/raw/epl_2021_2022_football_data_real.csv|data/raw/global_acquisition/football_data/2122_E0.csv
2022-04-30,wolves,brighton,2,data/raw/epl_2021_2022_football_data_real.csv|data/raw/global_acquisition/football_data/2122_E0.csv
2022-05-01,everton,chelsea,2,data/raw/epl_2021_2022_football_data_real.csv|data/raw/global_acquisition/football_data/2122_E0.csv
2022-05-01,tottenham,leicester,2,data/raw/epl_2021_2022_football_data_real.csv|data/raw/global_acquisition/football_data/2122_E0.csv
2022-05-01,westham,arsenal,2,data/raw/epl_2021_2022_football_data_real.csv|data/raw/global_acquisition/football_data/2122_E0.csv
2022-05-02,leverkusen,einfrankfurt,2,data/raw/bundesliga_2021_2022_football_data_real.csv|data/raw/global_acquisition/football_data/2122_D1.csv
2022-05-02,manunited,brentford,2,data/raw/epl_2021_2022_football_data_real.csv|data/raw/global_acquisition/football_data/2122_E0.csv
2022-05-02,mgladbach,rbleipzig,2,data/raw/bundesliga_2021_2022_football_data_real.csv|data/raw/global_acquisition/football_data/2122_D1.csv
2022-05-06,bochum,bielefeld,2,data/raw/bundesliga_2021_2022_football_data_real.csv|data/raw/global_acquisition/football_data/2122_D1.csv
2022-05-07,brentford,southampton,2,data/raw/epl_2021_2022_football_data_real.csv|data/raw/global_acquisition/football_data/2122_E0.csv
2022-05-07,brighton,manunited,2,data/raw/epl_2021_2022_football_data_real.csv|data/raw/global_acquisition/football_data/2122_E0.csv
2022-05-07,burnley,astonvilla,2,data/raw/epl_2021_2022_football_data_real.csv|data/raw/global_acquisition/football_data/2122_E0.csv
2022-05-07,chelsea,wolves,2,data/raw/epl_2021_2022_football_data_real.csv|data/raw/global_acquisition/football_data/2122_E0.csv
2022-05-07,crystalpalace,watford,2,data/raw/epl_2021_2022_football_data_real.csv|data/raw/global_acquisition/football_data/2122_E0.csv
2022-05-07,fckoln,wolfsburg,2,data/raw/bundesliga_2021_2022_football_data_real.csv|data/raw/global_acquisition/football_data/2122_D1.csv
2022-05-07,freiburg,unionberlin,2,data/raw/bundesliga_2021_2022_football_data_real.csv|data/raw/global_acquisition/football_data/2122_D1.csv
2022-05-07,greutherfurth,dortmund,2,data/raw/bundesliga_2021_2022_football_data_real.csv|data/raw/global_acquisition/football_data/2122_D1.csv
2022-05-07,hertha,mainz,2,data/raw/bundesliga_2021_2022_football_data_real.csv|data/raw/global_acquisition/football_data/2122_D1.csv
2022-05-07,hoffenheim,leverkusen,2,data/raw/bundesliga_2021_2022_football_data_real.csv|data/raw/global_acquisition/football_data/2122_D1.csv
2022-05-07,liverpool,tottenham,2,data/raw/epl_2021_2022_football_data_real.csv|data/raw/global_acquisition/football_data/2122_E0.csv
2022-05-08,arsenal,leeds,2,data/raw/epl_2021_2022_football_data_real.csv|data/raw/global_acquisition/football_data/2122_E0.csv
2022-05-08,bayernmunich,stuttgart,2,data/raw/bundesliga_2021_2022_football_data_real.csv|data/raw/global_acquisition/football_data/2122_D1.csv
2022-05-08,einfrankfurt,mgladbach,2,data/raw/bundesliga_2021_2022_football_data_real.csv|data/raw/global_acquisition/football_data/2122_D1.csv
2022-05-08,leicester,everton,2,data/raw/epl_2021_2022_football_data_real.csv|data/raw/global_acquisition/football_data/2122_E0.csv
2022-05-08,mancity,newcastle,2,data/raw/epl_2021_2022_football_data_real.csv|data/raw/global_acquisition/football_data/2122_E0.csv
2022-05-08,norwich,westham,2,data/raw/epl_2021_2022_football_data_real.csv|data/raw/global_acquisition/football_data/2122_E0.csv
2022-05-08,rbleipzig,augsburg,2,data/raw/bundesliga_2021_2022_football_data_real.csv|data/raw/global_acquisition/football_data/2122_D1.csv
2022-05-10,astonvilla,liverpool,2,data/raw/epl_2021_2022_football_data_real.csv|data/raw/global_acquisition/football_data/2122_E0.csv
2022-05-11,leeds,chelsea,2,data/raw/epl_2021_2022_football_data_real.csv|data/raw/global_acquisition/football_data/2122_E0.csv
2022-05-11,leicester,norwich,2,data/raw/epl_2021_2022_football_data_real.csv|data/raw/global_acquisition/football_data/2122_E0.csv
2022-05-11,watford,everton,2,data/raw/epl_2021_2022_football_data_real.csv|data/raw/global_acquisition/football_data/2122_E0.csv
2022-05-11,wolves,mancity,2,data/raw/epl_2021_2022_football_data_real.csv|data/raw/global_acquisition/football_data/2122_E0.csv
2022-05-12,tottenham,arsenal,2,data/raw/epl_2021_2022_football_data_real.csv|data/raw/global_acquisition/football_data/2122_E0.csv
2022-05-14,augsburg,greutherfurth,2,data/raw/bundesliga_2021_2022_football_data_real.csv|data/raw/global_acquisition/football_data/2122_D1.csv
2022-05-14,bielefeld,rbleipzig,2,data/raw/bundesliga_2021_2022_football_data_real.csv|data/raw/global_acquisition/football_data/2122_D1.csv
2022-05-14,dortmund,hertha,2,data/raw/bundesliga_2021_2022_football_data_real.csv|data/raw/global_acquisition/football_data/2122_D1.csv
2022-05-14,leverkusen,freiburg,2,data/raw/bundesliga_2021_2022_football_data_real.csv|data/raw/global_acquisition/football_data/2122_D1.csv
2022-05-14,mainz,einfrankfurt,2,data/raw/bundesliga_2021_2022_football_data_real.csv|data/raw/global_acquisition/football_data/2122_D1.csv
2022-05-14,mgladbach,hoffenheim,2,data/raw/bundesliga_2021_2022_football_data_real.csv|data/raw/global_acquisition/football_data/2122_D1.csv
2022-05-14,stuttgart,fckoln,2,data/raw/bundesliga_2021_2022_football_data_real.csv|data/raw/global_acquisition/football_data/2122_D1.csv
2022-05-14,unionberlin,bochum,2,data/raw/bundesliga_2021_2022_football_data_real.csv|data/raw/global_acquisition/football_data/2122_D1.csv
2022-05-14,wolfsburg,bayernmunich,2,data/raw/bundesliga_2021_2022_football_data_real.csv|data/raw/global_acquisition/football_data/2122_D1.csv
2022-05-15,astonvilla,crystalpalace,2,data/raw/epl_2021_2022_football_data_real.csv|data/raw/global_acquisition/football_data/2122_E0.csv
2022-05-15,everton,brentford,2,data/raw/epl_2021_2022_football_data_real.csv|data/raw/global_acquisition/football_data/2122_E0.csv
2022-05-15,leeds,brighton,2,data/raw/epl_2021_2022_football_data_real.csv|data/raw/global_acquisition/football_data/2122_E0.csv
2022-05-15,tottenham,burnley,2,data/raw/epl_2021_2022_football_data_real.csv|data/raw/global_acquisition/football_data/2122_E0.csv
2022-05-15,watford,leicester,2,data/raw/epl_2021_2022_football_data_real.csv|data/raw/global_acquisition/football_data/2122_E0.csv
2022-05-15,westham,mancity,2,data/raw/epl_2021_2022_football_data_real.csv|data/raw/global_acquisition/football_data/2122_E0.csv
2022-05-15,wolves,norwich,2,data/raw/epl_2021_2022_football_data_real.csv|data/raw/global_acquisition/football_data/2122_E0.csv
2022-05-16,newcastle,arsenal,2,data/raw/epl_2021_2022_football_data_real.csv|data/raw/global_acquisition/football_data/2122_E0.csv
2022-05-17,southampton,liverpool,2,data/raw/epl_2021_2022_football_data_real.csv|data/raw/global_acquisition/football_data/2122_E0.csv
2022-05-19,astonvilla,burnley,2,data/raw/epl_2021_2022_football_data_real.csv|data/raw/global_acquisition/football_data/2122_E0.csv
2022-05-19,chelsea,leicester,2,data/raw/epl_2021_2022_football_data_real.csv|data/raw/global_acquisition/football_data/2122_E0.csv
2022-05-19,everton,crystalpalace,2,data/raw/epl_2021_2022_football_data_real.csv|data/raw/global_acquisition/football_data/2122_E0.csv
2022-05-22,arsenal,everton,2,data/raw/epl_2021_2022_football_data_real.csv|data/raw/global_acquisition/football_data/2122_E0.csv
2022-05-22,brentford,leeds,2,data/raw/epl_2021_2022_football_data_real.csv|data/raw/global_acquisition/football_data/2122_E0.csv
2022-05-22,brighton,westham,2,data/raw/epl_2021_2022_football_data_real.csv|data/raw/global_acquisition/football_data/2122_E0.csv
2022-05-22,burnley,newcastle,2,data/raw/epl_2021_2022_football_data_real.csv|data/raw/global_acquisition/football_data/2122_E0.csv
2022-05-22,chelsea,watford,2,data/raw/epl_2021_2022_football_data_real.csv|data/raw/global_acquisition/football_data/2122_E0.csv
2022-05-22,crystalpalace,manunited,2,data/raw/epl_2021_2022_football_data_real.csv|data/raw/global_acquisition/football_data/2122_E0.csv
2022-05-22,leicester,southampton,2,data/raw/epl_2021_2022_football_data_real.csv|data/raw/global_acquisition/football_data/2122_E0.csv
2022-05-22,liverpool,wolves,2,data/raw/epl_2021_2022_football_data_real.csv|data/raw/global_acquisition/football_data/2122_E0.csv
2022-05-22,mancity,astonvilla,2,data/raw/epl_2021_2022_football_data_real.csv|data/raw/global_acquisition/football_data/2122_E0.csv
2022-05-22,norwich,tottenham,2,data/raw/epl_2021_2022_football_data_real.csv|data/raw/global_acquisition/football_data/2122_E0.csv
2022-08-05,crystalpalace,arsenal,2,data/raw/epl_2022_2023_football_data_real.csv|data/raw/global_acquisition/football_data/2223_E0.csv
2022-08-05,einfrankfurt,bayernmunich,2,data/raw/bundesliga_2022_2023_football_data_real.csv|data/raw/global_acquisition/football_data/2223_D1.csv
2022-08-06,augsburg,freiburg,2,data/raw/bundesliga_2022_2023_football_data_real.csv|data/raw/global_acquisition/football_data/2223_D1.csv
2022-08-06,bochum,mainz,2,data/raw/bundesliga_2022_2023_football_data_real.csv|data/raw/global_acquisition/football_data/2223_D1.csv
2022-08-06,bournemouth,astonvilla,2,data/raw/epl_2022_2023_football_data_real.csv|data/raw/global_acquisition/football_data/2223_E0.csv
2022-08-06,dortmund,leverkusen,2,data/raw/bundesliga_2022_2023_football_data_real.csv|data/raw/global_acquisition/football_data/2223_D1.csv
2022-08-06,everton,chelsea,2,data/raw/epl_2022_2023_football_data_real.csv|data/raw/global_acquisition/football_data/2223_E0.csv
2022-08-06,fulham,liverpool,2,data/raw/epl_2022_2023_football_data_real.csv|data/raw/global_acquisition/football_data/2223_E0.csv
2022-08-06,leeds,wolves,2,data/raw/epl_2022_2023_football_data_real.csv|data/raw/global_acquisition/football_data/2223_E0.csv
2022-08-06,mgladbach,hoffenheim,2,data/raw/bundesliga_2022_2023_football_data_real.csv|data/raw/global_acquisition/football_data/2223_D1.csv
2022-08-06,newcastle,nottmforest,2,data/raw/epl_2022_2023_football_data_real.csv|data/raw/global_acquisition/football_data/2223_E0.csv
2022-08-06,tottenham,southampton,2,data/raw/epl_2022_2023_football_data_real.csv|data/raw/global_acquisition/football_data/2223_E0.csv
2022-08-06,unionberlin,hertha,2,data/raw/bundesliga_2022_2023_football_data_real.csv|data/raw/global_acquisition/football_data/2223_D1.csv
2022-08-06,wolfsburg,werderbremen,2,data/raw/bundesliga_2022_2023_football_data_real.csv|data/raw/global_acquisition/football_data/2223_D1.csv
2022-08-07,fckoln,schalke04,2,data/raw/bundesliga_2022_2023_football_data_real.csv|data/raw/global_acquisition/football_data/2223_D1.csv
2022-08-07,leicester,brentford,2,data/raw/epl_2022_2023_football_data_real.csv|data/raw/global_acquisition/football_data/2223_E0.csv
2022-08-07,manunited,brighton,2,data/raw/epl_2022_2023_football_data_real.csv|data/raw/global_acquisition/football_data/2223_E0.csv
2022-08-07,stuttgart,rbleipzig,2,data/raw/bundesliga_2022_2023_football_data_real.csv|data/raw/global_acquisition/football_data/2223_D1.csv
2022-08-07,westham,mancity,2,data/raw/epl_2022_2023_football_data_real.csv|data/raw/global_acquisition/football_data/2223_E0.csv
2022-08-12,freiburg,dortmund,2,data/raw/bundesliga_2022_2023_football_data_real.csv|data/raw/global_acquisition/football_data/2223_D1.csv
2022-08-13,arsenal,leicester,2,data/raw/epl_2022_2023_football_data_real.csv|data/raw/global_acquisition/football_data/2223_E0.csv
2022-08-13,astonvilla,everton,2,data/raw/epl_2022_2023_football_data_real.csv|data/raw/global_acquisition/football_data/2223_E0.csv
2022-08-13,brentford,manunited,2,data/raw/epl_2022_2023_football_data_real.csv|data/raw/global_acquisition/football_data/2223_E0.csv
2022-08-13,brighton,newcastle,2,data/raw/epl_2022_2023_football_data_real.csv|data/raw/global_acquisition/football_data/2223_E0.csv
2022-08-13,hertha,einfrankfurt,2,data/raw/bundesliga_2022_2023_football_data_real.csv|data/raw/global_acquisition/football_data/2223_D1.csv
2022-08-13,hoffenheim,bochum,2,data/raw/bundesliga_2022_2023_football_data_real.csv|data/raw/global_acquisition/football_data/2223_D1.csv
2022-08-13,leverkusen,augsburg,2,data/raw/bundesliga_2022_2023_football_data_real.csv|data/raw/global_acquisition/football_data/2223_D1.csv
2022-08-13,mancity,bournemouth,2,data/raw/epl_2022_2023_football_data_real.csv|data/raw/global_acquisition/football_data/2223_E0.csv
2022-08-13,rbleipzig,fckoln,2,data/raw/bundesliga_2022_2023_football_data_real.csv|data/raw/global_acquisition/football_data/2223_D1.csv
2022-08-13,schalke04,mgladbach,2,data/raw/bundesliga_2022_2023_football_data_real.csv|data/raw/global_acquisition/football_data/2223_D1.csv
2022-08-13,southampton,leeds,2,data/raw/epl_2022_2023_football_data_real.csv|data/raw/global_acquisition/football_data/2223_E0.csv
2022-08-13,werderbremen,stuttgart,2,data/raw/bundesliga_2022_2023_football_data_real.csv|data/raw/global_acquisition/football_data/2223_D1.csv
2022-08-13,wolves,fulham,2,data/raw/epl_2022_2023_football_data_real.csv|data/raw/global_acquisition/football_data/2223_E0.csv
2022-08-14,bayernmunich,wolfsburg,2,data/raw/bundesliga_2022_2023_football_data_real.csv|data/raw/global_acquisition/football_data/2223_D1.csv
2022-08-14,chelsea,tottenham,2,data/raw/epl_2022_2023_football_data_real.csv|data/raw/global_acquisition/football_data/2223_E0.csv
2022-08-14,mainz,unionberlin,2,data/raw/bundesliga_2022_2023_football_data_real.csv|data/raw/global_acquisition/football_data/2223_D1.csv
2022-08-14,nottmforest,westham,2,data/raw/epl_2022_2023_football_data_real.csv|data/raw/global_acquisition/football_data/2223_E0.csv
2022-08-15,liverpool,crystalpalace,2,data/raw/epl_2022_2023_football_data_real.csv|data/raw/global_acquisition/football_data/2223_E0.csv
2022-08-19,mgladbach,hertha,2,data/raw/bundesliga_2022_2023_football_data_real.csv|data/raw/global_acquisition/football_data/2223_D1.csv
2022-08-20,augsburg,mainz,2,data/raw/bundesliga_2022_2023_football_data_real.csv|data/raw/global_acquisition/football_data/2223_D1.csv
2022-08-20,bournemouth,arsenal,2,data/raw/epl_2022_2023_football_data_real.csv|data/raw/global_acquisition/football_data/2223_E0.csv
2022-08-20,crystalpalace,astonvilla,2,data/raw/epl_2022_2023_football_data_real.csv|data/raw/global_acquisition/football_data/2223_E0.csv
2022-08-20,dortmund,werderbremen,2,data/raw/bundesliga_2022_2023_football_data_real.csv|data/raw/global_acquisition/football_data/2223_D1.csv
2022-08-20,everton,nottmforest,2,data/raw/epl_2022_2023_football_data_real.csv|data/raw/global_acquisition/football_data/2223_E0.csv
2022-08-20,fulham,brentford,2,data/raw/epl_2022_2023_football_data_real.csv|data/raw/global_acquisition/football_data/2223_E0.csv
2022-08-20,leicester,southampton,2,data/raw/epl_2022_2023_football_data_real.csv|data/raw/global_acquisition/football_data/2223_E0.csv
2022-08-20,leverkusen,hoffenheim,2,data/raw/bundesliga_2022_2023_football_data_real.csv|data/raw/global_acquisition/football_data/2223_D1.csv
2022-08-20,stuttgart,freiburg,2,data/raw/bundesliga_2022_2023_football_data_real.csv|data/raw/global_acquisition/football_data/2223_D1.csv
2022-08-20,tottenham,wolves,2,data/raw/epl_2022_2023_football_data_real.csv|data/raw/global_acquisition/football_data/2223_E0.csv
2022-08-20,unionberlin,rbleipzig,2,data/raw/bundesliga_2022_2023_football_data_real.csv|data/raw/global_acquisition/football_data/2223_D1.csv
2022-08-20,wolfsburg,schalke04,2,data/raw/bundesliga_2022_2023_football_data_real.csv|data/raw/global_acquisition/football_data/2223_D1.csv
2022-08-21,bochum,bayernmunich,2,data/raw/bundesliga_2022_2023_football_data_real.csv|data/raw/global_acquisition/football_data/2223_D1.csv
2022-08-21,einfrankfurt,fckoln,2,data/raw/bundesliga_2022_2023_football_data_real.csv|data/raw/global_acquisition/football_data/2223_D1.csv
2022-08-21,leeds,chelsea,2,data/raw/epl_2022_2023_football_data_real.csv|data/raw/global_acquisition/football_data/2223_E0.csv
2022-08-21,newcastle,mancity,2,data/raw/epl_2022_2023_football_data_real.csv|data/raw/global_acquisition/football_data/2223_E0.csv
2022-08-21,westham,brighton,2,data/raw/epl_2022_2023_football_data_real.csv|data/raw/global_acquisition/football_data/2223_E0.csv
2022-08-22,manunited,liverpool,2,data/raw/epl_2022_2023_football_data_real.csv|data/raw/global_acquisition/football_data/2223_E0.csv
2022-08-26,freiburg,bochum,2,data/raw/bundesliga_2022_2023_football_data_real.csv|data/raw/global_acquisition/football_data/2223_D1.csv
2022-08-27,arsenal,fulham,2,data/raw/epl_2022_2023_football_data_real.csv|data/raw/global_acquisition/football_data/2223_E0.csv
2022-08-27,bayernmunich,mgladbach,2,data/raw/bundesliga_2022_2023_football_data_real.csv|data/raw/global_acquisition/football_data/2223_D1.csv
2022-08-27,brentford,everton,2,data/raw/epl_2022_2023_football_data_real.csv|data/raw/global_acquisition/football_data/2223_E0.csv
2022-08-27,brighton,leeds,2,data/raw/epl_2022_2023_football_data_real.csv|data/raw/global_acquisition/football_data/2223_E0.csv
2022-08-27,chelsea,leicester,2,data/raw/epl_2022_2023_football_data_real.csv|data/raw/global_acquisition/football_data/2223_E0.csv
2022-08-27,hertha,dortmund,2,data/raw/bundesliga_2022_2023_football_data_real.csv|data/raw/global_acquisition/football_data/2223_D1.csv
2022-08-27,hoffenheim,augsburg,2,data/raw/bundesliga_2022_2023_football_data_real.csv|data/raw/global_acquisition/football_data/2223_D1.csv
2022-08-27,liverpool,bournemouth,2,data/raw/epl_2022_2023_football_data_real.csv|data/raw/global_acquisition/football_data/2223_E0.csv
2022-08-27,mainz,leverkusen,2,data/raw/bundesliga_2022_2023_football_data_real.csv|data/raw/global_acquisition/football_data/2223_D1.csv
2022-08-27,mancity,crystalpalace,2,data/raw/epl_2022_2023_football_data_real.csv|data/raw/global_acquisition/football_data/2223_E0.csv
2022-08-27,rbleipzig,wolfsburg,2,data/raw/bundesliga_2022_2023_football_data_real.csv|data/raw/global_acquisition/football_data/2223_D1.csv
2022-08-27,schalke04,unionberlin,2,data/raw/bundesliga_2022_2023_football_data_real.csv|data/raw/global_acquisition/football_data/2223_D1.csv
2022-08-27,southampton,manunited,2,data/raw/epl_2022_2023_football_data_real.csv|data/raw/global_acquisition/football_data/2223_E0.csv
2022-08-28,astonvilla,westham,2,data/raw/epl_2022_2023_football_data_real.csv|data/raw/global_acquisition/football_data/2223_E0.csv
2022-08-28,fckoln,stuttgart,2,data/raw/bundesliga_2022_2023_football_data_real.csv|data/raw/global_acquisition/football_data/2223_D1.csv
2022-08-28,nottmforest,tottenham,2,data/raw/epl_2022_2023_football_data_real.csv|data/raw/global_acquisition/football_data/2223_E0.csv
2022-08-28,werderbremen,einfrankfurt,2,data/raw/bundesliga_2022_2023_football_data_real.csv|data/raw/global_acquisition/football_data/2223_D1.csv
2022-08-28,wolves,newcastle,2,data/raw/epl_2022_2023_football_data_real.csv|data/raw/global_acquisition/football_data/2223_E0.csv
2022-08-30,crystalpalace,brentford,2,data/raw/epl_2022_2023_football_data_real.csv|data/raw/global_acquisition/football_data/2223_E0.csv
2022-08-30,fulham,brighton,2,data/raw/epl_2022_2023_football_data_real.csv|data/raw/global_acquisition/football_data/2223_E0.csv
2022-08-30,leeds,everton,2,data/raw/epl_2022_2023_football_data_real.csv|data/raw/global_acquisition/football_data/2223_E0.csv
2022-08-30,southampton,chelsea,2,data/raw/epl_2022_2023_football_data_real.csv|data/raw/global_acquisition/football_data/2223_E0.csv
2022-08-31,arsenal,astonvilla,2,data/raw/epl_2022_2023_football_data_real.csv|data/raw/global_acquisition/football_data/2223_E0.csv
2022-08-31,bournemouth,wolves,2,data/raw/epl_2022_2023_football_data_real.csv|data/raw/global_acquisition/football_data/2223_E0.csv
2022-08-31,liverpool,newcastle,2,data/raw/epl_2022_2023_football_data_real.csv|data/raw/global_acquisition/football_data/2223_E0.csv
2022-08-31,mancity,nottmforest,2,data/raw/epl_2022_2023_football_data_real.csv|data/raw/global_acquisition/football_data/2223_E0.csv
2022-08-31,westham,tottenham,2,data/raw/epl_2022_2023_football_data_real.csv|data/raw/global_acquisition/football_data/2223_E0.csv
2022-09-01,leicester,manunited,2,data/raw/epl_2022_2023_football_data_real.csv|data/raw/global_acquisition/football_data/2223_E0.csv
2022-09-02,dortmund,hoffenheim,2,data/raw/bundesliga_2022_2023_football_data_real.csv|data/raw/global_acquisition/football_data/2223_D1.csv
2022-09-03,astonvilla,mancity,2,data/raw/epl_2022_2023_football_data_real.csv|data/raw/global_acquisition/football_data/2223_E0.csv
2022-09-03,bochum,werderbremen,2,data/raw/bundesliga_2022_2023_football_data_real.csv|data/raw/global_acquisition/football_data/2223_D1.csv
2022-09-03,brentford,leeds,2,data/raw/epl_2022_2023_football_data_real.csv|data/raw/global_acquisition/football_data/2223_E0.csv
2022-09-03,chelsea,westham,2,data/raw/epl_2022_2023_football_data_real.csv|data/raw/global_acquisition/football_data/2223_E0.csv
2022-09-03,einfrankfurt,rbleipzig,2,data/raw/bundesliga_2022_2023_football_data_real.csv|data/raw/global_acquisition/football_data/2223_D1.csv
2022-09-03,everton,liverpool,2,data/raw/epl_2022_2023_football_data_real.csv|data/raw/global_acquisition/football_data/2223_E0.csv
2022-09-03,leverkusen,freiburg,2,data/raw/bundesliga_2022_2023_football_data_real.csv|data/raw/global_acquisition/football_data/2223_D1.csv
2022-09-03,newcastle,crystalpalace,2,data/raw/epl_2022_2023_football_data_real.csv|data/raw/global_acquisition/football_data/2223_E0.csv
2022-09-03,nottmforest,bournemouth,2,data/raw/epl_2022_2023_football_data_real.csv|data/raw/global_acquisition/football_data/2223_E0.csv
2022-09-03,stuttgart,schalke04,2,data/raw/bundesliga_2022_2023_football_data_real.csv|data/raw/global_acquisition/football_data/2223_D1.csv
2022-09-03,tottenham,fulham,2,data/raw/epl_2022_2023_football_data_real.csv|data/raw/global_acquisition/football_data/2223_E0.csv
2022-09-03,unionberlin,bayernmunich,2,data/raw/bundesliga_2022_2023_football_data_real.csv|data/raw/global_acquisition/football_data/2223_D1.csv
2022-09-03,wolfsburg,fckoln,2,data/raw/bundesliga_2022_2023_football_data_real.csv|data/raw/global_acquisition/football_data/2223_D1.csv
2022-09-03,wolves,southampton,2,data/raw/epl_2022_2023_football_data_real.csv|data/raw/global_acquisition/football_data/2223_E0.csv
2022-09-04,augsburg,hertha,2,data/raw/bundesliga_2022_2023_football_data_real.csv|data/raw/global_acquisition/football_data/2223_D1.csv
2022-09-04,brighton,leicester,2,data/raw/epl_2022_2023_football_data_real.csv|data/raw/global_acquisition/football_data/2223_E0.csv
2022-09-04,manunited,arsenal,2,data/raw/epl_2022_2023_football_data_real.csv|data/raw/global_acquisition/football_data/2223_E0.csv
2022-09-04,mgladbach,mainz,2,data/raw/bundesliga_2022_2023_football_data_real.csv|data/raw/global_acquisition/football_data/2223_D1.csv
2022-09-09,werderbremen,augsburg,2,data/raw/bundesliga_2022_2023_football_data_real.csv|data/raw/global_acquisition/football_data/2223_D1.csv
2022-09-10,bayernmunich,stuttgart,2,data/raw/bundesliga_2022_2023_football_data_real.csv|data/raw/global_acquisition/football_data/2223_D1.csv
2022-09-10,einfrankfurt,wolfsburg,2,data/raw/bundesliga_2022_2023_football_data_real.csv|data/raw/global_acquisition/football_data/2223_D1.csv
2022-09-10,hertha,leverkusen,2,data/raw/bundesliga_2022_2023_football_data_real.csv|data/raw/global_acquisition/football_data/2223_D1.csv
2022-09-10,hoffenheim,mainz,2,data/raw/bundesliga_2022_2023_football_data_real.csv|data/raw/global_acquisition/football_data/2223_D1.csv
2022-09-10,rbleipzig,dortmund,2,data/raw/bundesliga_2022_2023_football_data_real.csv|data/raw/global_acquisition/football_data/2223_D1.csv
2022-09-10,schalke04,bochum,2,data/raw/bundesliga_2022_2023_football_data_real.csv|data/raw/global_acquisition/football_data/2223_D1.csv
2022-09-11,fckoln,unionberlin,2,data/raw/bundesliga_2022_2023_football_data_real.csv|data/raw/global_acquisition/football_data/2223_D1.csv
2022-09-11,freiburg,mgladbach,2,data/raw/bundesliga_2022_2023_football_data_real.csv|data/raw/global_acquisition/football_data/2223_D1.csv
2022-09-16,astonvilla,southampton,2,data/raw/epl_2022_2023_football_data_real.csv|data/raw/global_acquisition/football_data/2223_E0.csv
2022-09-16,mainz,hertha,2,data/raw/bundesliga_2022_2023_football_data_real.csv|data/raw/global_acquisition/football_data/2223_D1.csv
2022-09-16,nottmforest,fulham,2,data/raw/epl_2022_2023_football_data_real.csv|data/raw/global_acquisition/football_data/2223_E0.csv
2022-09-17,augsburg,bayernmunich,2,data/raw/bundesliga_2022_2023_football_data_real.csv|data/raw/global_acquisition/football_data/2223_D1.csv
2022-09-17,dortmund,schalke04,2,data/raw/bundesliga_2022_2023_football_data_real.csv|data/raw/global_acquisition/football_data/2223_D1.csv
2022-09-17,leverkusen,werderbremen,2,data/raw/bundesliga_2022_2023_football_data_real.csv|data/raw/global_acquisition/football_data/2223_D1.csv
2022-09-17,mgladbach,rbleipzig,2,data/raw/bundesliga_2022_2023_football_data_real.csv|data/raw/global_acquisition/football_data/2223_D1.csv
2022-09-17,newcastle,bournemouth,2,data/raw/epl_2022_2023_football_data_real.csv|data/raw/global_acquisition/football_data/2223_E0.csv
2022-09-17,stuttgart,einfrankfurt,2,data/raw/bundesliga_2022_2023_football_data_real.csv|data/raw/global_acquisition/football_data/2223_D1.csv
2022-09-17,tottenham,leicester,2,data/raw/epl_2022_2023_football_data_real.csv|data/raw/global_acquisition/football_data/2223_E0.csv
2022-09-17,wolves,mancity,2,data/raw/epl_2022_2023_football_data_real.csv|data/raw/global_acquisition/football_data/2223_E0.csv
2022-09-18,bochum,fckoln,2,data/raw/bundesliga_2022_2023_football_data_real.csv|data/raw/global_acquisition/football_data/2223_D1.csv
2022-09-18,brentford,arsenal,2,data/raw/epl_2022_2023_football_data_real.csv|data/raw/global_acquisition/football_data/2223_E0.csv
2022-09-18,everton,westham,2,data/raw/epl_2022_2023_football_data_real.csv|data/raw/global_acquisition/football_data/2223_E0.csv
2022-09-18,hoffenheim,freiburg,2,data/raw/bundesliga_2022_2023_football_data_real.csv|data/raw/global_acquisition/football_data/2223_D1.csv
2022-09-18,unionberlin,wolfsburg,2,data/raw/bundesliga_2022_2023_football_data_real.csv|data/raw/global_acquisition/football_data/2223_D1.csv
2022-09-30,bayernmunich,leverkusen,2,data/raw/bundesliga_2022_2023_football_data_real.csv|data/raw/global_acquisition/football_data/2223_D1.csv
2022-10-01,arsenal,tottenham,2,data/raw/epl_2022_2023_football_data_real.csv|data/raw/global_acquisition/football_data/2223_E0.csv
2022-10-01,bournemouth,brentford,2,data/raw/epl_2022_2023_football_data_real.csv|data/raw/global_acquisition/football_data/2223_E0.csv
2022-10-01,crystalpalace,chelsea,2,data/raw/epl_2022_2023_football_data_real.csv|data/raw/global_acquisition/football_data/2223_E0.csv
2022-10-01,einfrankfurt,unionberlin,2,data/raw/bundesliga_2022_2023_football_data_real.csv|data/raw/global_acquisition/football_data/2223_D1.csv
2022-10-01,fckoln,dortmund,2,data/raw/bundesliga_2022_2023_football_data_real.csv|data/raw/global_acquisition/football_data/2223_D1.csv
2022-10-01,freiburg,mainz,2,data/raw/bundesliga_2022_2023_football_data_real.csv|data/raw/global_acquisition/football_data/2223_D1.csv
2022-10-01,fulham,newcastle,2,data/raw/epl_2022_2023_football_data_real.csv|data/raw/global_acquisition/football_data/2223_E0.csv
2022-10-01,liverpool,brighton,2,data/raw/epl_2022_2023_football_data_real.csv|data/raw/global_acquisition/football_data/2223_E0.csv
2022-10-01,rbleipzig,bochum,2,data/raw/bundesliga_2022_2023_football_data_real.csv|data/raw/global_acquisition/football_data/2223_D1.csv
2022-10-01,southampton,everton,2,data/raw/epl_2022_2023_football_data_real.csv|data/raw/global_acquisition/football_data/2223_E0.csv
2022-10-01,werderbremen,mgladbach,2,data/raw/bundesliga_2022_2023_football_data_real.csv|data/raw/global_acquisition/football_data/2223_D1.csv
2022-10-01,westham,wolves,2,data/raw/epl_2022_2023_football_data_real.csv|data/raw/global_acquisition/football_data/2223_E0.csv
2022-10-01,wolfsburg,stuttgart,2,data/raw/bundesliga_2022_2023_football_data_real.csv|data/raw/global_acquisition/football_data/2223_D1.csv
2022-10-02,hertha,hoffenheim,2,data/raw/bundesliga_2022_2023_football_data_real.csv|data/raw/global_acquisition/football_data/2223_D1.csv
2022-10-02,leeds,astonvilla,2,data/raw/epl_2022_2023_football_data_real.csv|data/raw/global_acquisition/football_data/2223_E0.csv
2022-10-02,mancity,manunited,2,data/raw/epl_2022_2023_football_data_real.csv|data/raw/global_acquisition/football_data/2223_E0.csv
2022-10-02,schalke04,augsburg,2,data/raw/bundesliga_2022_2023_football_data_real.csv|data/raw/global_acquisition/football_data/2223_D1.csv
2022-10-03,leicester,nottmforest,2,data/raw/epl_2022_2023_football_data_real.csv|data/raw/global_acquisition/football_data/2223_E0.csv
2022-10-07,hoffenheim,werderbremen,2,data/raw/bundesliga_2022_2023_football_data_real.csv|data/raw/global_acquisition/football_data/2223_D1.csv
2022-10-08,augsburg,wolfsburg,2,data/raw/bundesliga_2022_2023_football_data_real.csv|data/raw/global_acquisition/football_data/2223_D1.csv
2022-10-08,bochum,einfrankfurt,2,data/raw/bundesliga_2022_2023_football_data_real.csv|data/raw/global_acquisition/football_data/2223_D1.csv
2022-10-08,bournemouth,leicester,2,data/raw/epl_2022_2023_football_data_real.csv|data/raw/global_acquisition/football_data/2223_E0.csv
2022-10-08,brighton,tottenham,2,data/raw/epl_2022_2023_football_data_real.csv|data/raw/global_acquisition/football_data/2223_E0.csv
2022-10-08,chelsea,wolves,2,data/raw/epl_2022_2023_football_data_real.csv|data/raw/global_acquisition/football_data/2223_E0.csv
2022-10-08,dortmund,bayernmunich,2,data/raw/bundesliga_2022_2023_football_data_real.csv|data/raw/global_acquisition/football_data/2223_D1.csv
2022-10-08,leverkusen,schalke04,2,data/raw/bundesliga_2022_2023_football_data_real.csv|data/raw/global_acquisition/football_data/2223_D1.csv
2022-10-08,mainz,rbleipzig,2,data/raw/bundesliga_2022_2023_football_data_real.csv|data/raw/global_acquisition/football_data/2223_D1.csv
2022-10-08,mancity,southampton,2,data/raw/epl_2022_2023_football_data_real.csv|data/raw/global_acquisition/football_data/2223_E0.csv
2022-10-08,newcastle,brentford,2,data/raw/epl_2022_2023_football_data_real.csv|data/raw/global_acquisition/football_data/2223_E0.csv
2022-10-09,arsenal,liverpool,2,data/raw/epl_2022_2023_football_data_real.csv|data/raw/global_acquisition/football_data/2223_E0.csv
2022-10-09,crystalpalace,leeds,2,data/raw/epl_2022_2023_football_data_real.csv|data/raw/global_acquisition/football_data/2223_E0.csv
2022-10-09,everton,manunited,2,data/raw/epl_2022_2023_football_data_real.csv|data/raw/global_acquisition/football_data/2223_E0.csv
2022-10-09,hertha,freiburg,2,data/raw/bundesliga_2022_2023_football_data_real.csv|data/raw/global_acquisition/football_data/2223_D1.csv
2022-10-09,mgladbach,fckoln,2,data/raw/bundesliga_2022_2023_football_data_real.csv|data/raw/global_acquisition/football_data/2223_D1.csv
2022-10-09,stuttgart,unionberlin,2,data/raw/bundesliga_2022_2023_football_data_real.csv|data/raw/global_acquisition/football_data/2223_D1.csv
2022-10-09,westham,fulham,2,data/raw/epl_2022_2023_football_data_real.csv|data/raw/global_acquisition/football_data/2223_E0.csv
2022-10-10,nottmforest,astonvilla,2,data/raw/epl_2022_2023_football_data_real.csv|data/raw/global_acquisition/football_data/2223_E0.csv
2022-10-14,brentford,brighton,2,data/raw/epl_2022_2023_football_data_real.csv|data/raw/global_acquisition/football_data/2223_E0.csv
2022-10-14,schalke04,hoffenheim,2,data/raw/bundesliga_2022_2023_football_data_real.csv|data/raw/global_acquisition/football_data/2223_D1.csv
2022-10-15,einfrankfurt,leverkusen,2,data/raw/bundesliga_2022_2023_football_data_real.csv|data/raw/global_acquisition/football_data/2223_D1.csv
2022-10-15,fulham,bournemouth,2,data/raw/epl_2022_2023_football_data_real.csv|data/raw/global_acquisition/football_data/2223_E0.csv
2022-10-15,leicester,crystalpalace,2,data/raw/epl_2022_2023_football_data_real.csv|data/raw/global_acquisition/football_data/2223_E0.csv
2022-10-15,rbleipzig,hertha,2,data/raw/bundesliga_2022_2023_football_data_real.csv|data/raw/global_acquisition/football_data/2223_D1.csv
2022-10-15,stuttgart,bochum,2,data/raw/bundesliga_2022_2023_football_data_real.csv|data/raw/global_acquisition/football_data/2223_D1.csv
2022-10-15,tottenham,everton,2,data/raw/epl_2022_2023_football_data_real.csv|data/raw/global_acquisition/football_data/2223_E0.csv
2022-10-15,werderbremen,mainz,2,data/raw/bundesliga_2022_2023_football_data_real.csv|data/raw/global_acquisition/football_data/2223_D1.csv
2022-10-15,wolfsburg,mgladbach,2,data/raw/bundesliga_2022_2023_football_data_real.csv|data/raw/global_acquisition/football_data/2223_D1.csv
2022-10-15,wolves,nottmforest,2,data/raw/epl_2022_2023_football_data_real.csv|data/raw/global_acquisition/football_data/2223_E0.csv
2022-10-16,astonvilla,chelsea,2,data/raw/epl_2022_2023_football_data_real.csv|data/raw/global_acquisition/football_data/2223_E0.csv
2022-10-16,bayernmunich,freiburg,2,data/raw/bundesliga_2022_2023_football_data_real.csv|data/raw/global_acquisition/football_data/2223_D1.csv
2022-10-16,fckoln,augsburg,2,data/raw/bundesliga_2022_2023_football_data_real.csv|data/raw/global_acquisition/football_data/2223_D1.csv
2022-10-16,leeds,arsenal,2,data/raw/epl_2022_2023_football_data_real.csv|data/raw/global_acquisition/football_data/2223_E0.csv
2022-10-16,liverpool,mancity,2,data/raw/epl_2022_2023_football_data_real.csv|data/raw/global_acquisition/football_data/2223_E0.csv
2022-10-16,manunited,newcastle,2,data/raw/epl_2022_2023_football_data_real.csv|data/raw/global_acquisition/football_data/2223_E0.csv
2022-10-16,southampton,westham,2,data/raw/epl_2022_2023_football_data_real.csv|data/raw/global_acquisition/football_data/2223_E0.csv
2022-10-16,unionberlin,dortmund,2,data/raw/bundesliga_2022_2023_football_data_real.csv|data/raw/global_acquisition/football_data/2223_D1.csv
2022-10-18,brighton,nottmforest,2,data/raw/epl_2022_2023_football_data_real.csv|data/raw/global_acquisition/football_data/2223_E0.csv
2022-10-18,crystalpalace,wolves,2,data/raw/epl_2022_2023_football_data_real.csv|data/raw/global_acquisition/football_data/2223_E0.csv
2022-10-19,bournemouth,southampton,2,data/raw/epl_2022_2023_football_data_real.csv|data/raw/global_acquisition/football_data/2223_E0.csv
2022-10-19,brentford,chelsea,2,data/raw/epl_2022_2023_football_data_real.csv|data/raw/global_acquisition/football_data/2223_E0.csv
2022-10-19,liverpool,westham,2,data/raw/epl_2022_2023_football_data_real.csv|data/raw/global_acquisition/football_data/2223_E0.csv
2022-10-19,manunited,tottenham,2,data/raw/epl_2022_2023_football_data_real.csv|data/raw/global_acquisition/football_data/2223_E0.csv
2022-10-19,newcastle,everton,2,data/raw/epl_2022_2023_football_data_real.csv|data/raw/global_acquisition/football_data/2223_E0.csv
2022-10-20,fulham,astonvilla,2,data/raw/epl_2022_2023_football_data_real.csv|data/raw/global_acquisition/football_data/2223_E0.csv
2022-10-20,leicester,leeds,2,data/raw/epl_2022_2023_football_data_real.csv|data/raw/global_acquisition/football_data/2223_E0.csv
2022-10-21,mainz,fckoln,2,data/raw/bundesliga_2022_2023_football_data_real.csv|data/raw/global_acquisition/football_data/2223_D1.csv
2022-10-22,augsburg,rbleipzig,2,data/raw/bundesliga_2022_2023_football_data_real.csv|data/raw/global_acquisition/football_data/2223_D1.csv
2022-10-22,chelsea,manunited,2,data/raw/epl_2022_2023_football_data_real.csv|data/raw/global_acquisition/football_data/2223_E0.csv
2022-10-22,dortmund,stuttgart,2,data/raw/bundesliga_2022_2023_football_data_real.csv|data/raw/global_acquisition/football_data/2223_D1.csv
2022-10-22,everton,crystalpalace,2,data/raw/epl_2022_2023_football_data_real.csv|data/raw/global_acquisition/football_data/2223_E0.csv
2022-10-22,freiburg,werderbremen,2,data/raw/bundesliga_2022_2023_football_data_real.csv|data/raw/global_acquisition/football_data/2223_D1.csv
2022-10-22,hoffenheim,bayernmunich,2,data/raw/bundesliga_2022_2023_football_data_real.csv|data/raw/global_acquisition/football_data/2223_D1.csv
2022-10-22,leverkusen,wolfsburg,2,data/raw/bundesliga_2022_2023_football_data_real.csv|data/raw/global_acquisition/football_data/2223_D1.csv
2022-10-22,mancity,brighton,2,data/raw/epl_2022_2023_football_data_real.csv|data/raw/global_acquisition/football_data/2223_E0.csv
2022-10-22,mgladbach,einfrankfurt,2,data/raw/bundesliga_2022_2023_football_data_real.csv|data/raw/global_acquisition/football_data/2223_D1.csv
2022-10-22,nottmforest,liverpool,2,data/raw/epl_2022_2023_football_data_real.csv|data/raw/global_acquisition/football_data/2223_E0.csv
2022-10-23,astonvilla,brentford,2,data/raw/epl_2022_2023_football_data_real.csv|data/raw/global_acquisition/football_data/2223_E0.csv
2022-10-23,bochum,unionberlin,2,data/raw/bundesliga_2022_2023_football_data_real.csv|data/raw/global_acquisition/football_data/2223_D1.csv
2022-10-23,hertha,schalke04,2,data/raw/bundesliga_2022_2023_football_data_real.csv|data/raw/global_acquisition/football_data/2223_D1.csv
2022-10-23,leeds,fulham,2,data/raw/epl_2022_2023_football_data_real.csv|data/raw/global_acquisition/football_data/2223_E0.csv
2022-10-23,southampton,arsenal,2,data/raw/epl_2022_2023_football_data_real.csv|data/raw/global_acquisition/football_data/2223_E0.csv
2022-10-23,tottenham,newcastle,2,data/raw/epl_2022_2023_football_data_real.csv|data/raw/global_acquisition/football_data/2223_E0.csv
2022-10-23,wolves,leicester,2,data/raw/epl_2022_2023_football_data_real.csv|data/raw/global_acquisition/football_data/2223_E0.csv
2022-10-24,westham,bournemouth,2,data/raw/epl_2022_2023_football_data_real.csv|data/raw/global_acquisition/football_data/2223_E0.csv
2022-10-28,werderbremen,hertha,2,data/raw/bundesliga_2022_2023_football_data_real.csv|data/raw/global_acquisition/football_data/2223_D1.csv
2022-10-29,bayernmunich,mainz,2,data/raw/bundesliga_2022_2023_football_data_real.csv|data/raw/global_acquisition/football_data/2223_D1.csv
2022-10-29,bournemouth,tottenham,2,data/raw/epl_2022_2023_football_data_real.csv|data/raw/global_acquisition/football_data/2223_E0.csv
2022-10-29,brentford,wolves,2,data/raw/epl_2022_2023_football_data_real.csv|data/raw/global_acquisition/football_data/2223_E0.csv
2022-10-29,brighton,chelsea,2,data/raw/epl_2022_2023_football_data_real.csv|data/raw/global_acquisition/football_data/2223_E0.csv
2022-10-29,crystalpalace,southampton,2,data/raw/epl_2022_2023_football_data_real.csv|data/raw/global_acquisition/football_data/2223_E0.csv
2022-10-29,einfrankfurt,dortmund,2,data/raw/bundesliga_2022_2023_football_data_real.csv|data/raw/global_acquisition/football_data/2223_D1.csv
2022-10-29,fulham,everton,2,data/raw/epl_2022_2023_football_data_real.csv|data/raw/global_acquisition/football_data/2223_E0.csv
2022-10-29,leicester,mancity,2,data/raw/epl_2022_2023_football_data_real.csv|data/raw/global_acquisition/football_data/2223_E0.csv
2022-10-29,liverpool,leeds,2,data/raw/epl_2022_2023_football_data_real.csv|data/raw/global_acquisition/football_data/2223_E0.csv
2022-10-29,newcastle,astonvilla,2,data/raw/epl_2022_2023_football_data_real.csv|data/raw/global_acquisition/football_data/2223_E0.csv
2022-10-29,rbleipzig,leverkusen,2,data/raw/bundesliga_2022_2023_football_data_real.csv|data/raw/global_acquisition/football_data/2223_D1.csv
2022-10-29,stuttgart,augsburg,2,data/raw/bundesliga_2022_2023_football_data_real.csv|data/raw/global_acquisition/football_data/2223_D1.csv
2022-10-29,wolfsburg,bochum,2,data/raw/bundesliga_2022_2023_football_data_real.csv|data/raw/global_acquisition/football_data/2223_D1.csv
2022-10-30,arsenal,nottmforest,2,data/raw/epl_2022_2023_football_data_real.csv|data/raw/global_acquisition/football_data/2223_E0.csv
2022-10-30,fckoln,hoffenheim,2,data/raw/bundesliga_2022_2023_football_data_real.csv|data/raw/global_acquisition/football_data/2223_D1.csv
2022-10-30,manunited,westham,2,data/raw/epl_2022_2023_football_data_real.csv|data/raw/global_acquisition/football_data/2223_E0.csv
2022-10-30,schalke04,freiburg,2,data/raw/bundesliga_2022_2023_football_data_real.csv|data/raw/global_acquisition/football_data/2223_D1.csv
2022-10-30,unionberlin,mgladbach,2,data/raw/bundesliga_2022_2023_football_data_real.csv|data/raw/global_acquisition/football_data/2223_D1.csv
2022-11-04,mgladbach,stuttgart,2,data/raw/bundesliga_2022_2023_football_data_real.csv|data/raw/global_acquisition/football_data/2223_D1.csv
2022-11-05,augsburg,einfrankfurt,2,data/raw/bundesliga_2022_2023_football_data_real.csv|data/raw/global_acquisition/football_data/2223_D1.csv
2022-11-05,dortmund,bochum,2,data/raw/bundesliga_2022_2023_football_data_real.csv|data/raw/global_acquisition/football_data/2223_D1.csv
2022-11-05,everton,leicester,2,data/raw/epl_2022_2023_football_data_real.csv|data/raw/global_acquisition/football_data/2223_E0.csv
2022-11-05,hertha,bayernmunich,2,data/raw/bundesliga_2022_2023_football_data_real.csv|data/raw/global_acquisition/football_data/2223_D1.csv
2022-11-05,hoffenheim,rbleipzig,2,data/raw/bundesliga_2022_2023_football_data_real.csv|data/raw/global_acquisition/football_data/2223_D1.csv
2022-11-05,leeds,bournemouth,2,data/raw/epl_2022_2023_football_data_real.csv|data/raw/global_acquisition/football_data/2223_E0.csv
2022-11-05,mainz,wolfsburg,2,data/raw/bundesliga_2022_2023_football_data_real.csv|data/raw/global_acquisition/football_data/2223_D1.csv
2022-11-05,mancity,fulham,2,data/raw/epl_2022_2023_football_data_real.csv|data/raw/global_acquisition/football_data/2223_E0.csv
2022-11-05,nottmforest,brentford,2,data/raw/epl_2022_2023_football_data_real.csv|data/raw/global_acquisition/football_data/2223_E0.csv
2022-11-05,werderbremen,schalke04,2,data/raw/bundesliga_2022_2023_football_data_real.csv|data/raw/global_acquisition/football_data/2223_D1.csv
2022-11-05,wolves,brighton,2,data/raw/epl_2022_2023_football_data_real.csv|data/raw/global_acquisition/football_data/2223_E0.csv
2022-11-06,astonvilla,manunited,2,data/raw/epl_2022_2023_football_data_real.csv|data/raw/global_acquisition/football_data/2223_E0.csv
2022-11-06,chelsea,arsenal,2,data/raw/epl_2022_2023_football_data_real.csv|data/raw/global_acquisition/football_data/2223_E0.csv
2022-11-06,freiburg,fckoln,2,data/raw/bundesliga_2022_2023_football_data_real.csv|data/raw/global_acquisition/football_data/2223_D1.csv
2022-11-06,leverkusen,unionberlin,2,data/raw/bundesliga_2022_2023_football_data_real.csv|data/raw/global_acquisition/football_data/2223_D1.csv
2022-11-06,southampton,newcastle,2,data/raw/epl_2022_2023_football_data_real.csv|data/raw/global_acquisition/football_data/2223_E0.csv
2022-11-06,tottenham,liverpool,2,data/raw/epl_2022_2023_football_data_real.csv|data/raw/global_acquisition/football_data/2223_E0.csv
2022-11-06,westham,crystalpalace,2,data/raw/epl_2022_2023_football_data_real.csv|data/raw/global_acquisition/football_data/2223_E0.csv
2022-11-08,bayernmunich,werderbremen,2,data/raw/bundesliga_2022_2023_football_data_real.csv|data/raw/global_acquisition/football_data/2223_D1.csv
2022-11-08,bochum,mgladbach,2,data/raw/bundesliga_2022_2023_football_data_real.csv|data/raw/global_acquisition/football_data/2223_D1.csv
2022-11-08,stuttgart,hertha,2,data/raw/bundesliga_2022_2023_football_data_real.csv|data/raw/global_acquisition/football_data/2223_D1.csv
2022-11-08,wolfsburg,dortmund,2,data/raw/bundesliga_2022_2023_football_data_real.csv|data/raw/global_acquisition/football_data/2223_D1.csv
2022-11-09,einfrankfurt,hoffenheim,2,data/raw/bundesliga_2022_2023_football_data_real.csv|data/raw/global_acquisition/football_data/2223_D1.csv
2022-11-09,fckoln,leverkusen,2,data/raw/bundesliga_2022_2023_football_data_real.csv|data/raw/global_acquisition/football_data/2223_D1.csv
2022-11-09,rbleipzig,freiburg,2,data/raw/bundesliga_2022_2023_football_data_real.csv|data/raw/global_acquisition/football_data/2223_D1.csv
2022-11-09,schalke04,mainz,2,data/raw/bundesliga_2022_2023_football_data_real.csv|data/raw/global_acquisition/football_data/2223_D1.csv
2022-11-09,unionberlin,augsburg,2,data/raw/bundesliga_2022_2023_football_data_real.csv|data/raw/global_acquisition/football_data/2223_D1.csv
2022-11-11,mgladbach,dortmund,2,data/raw/bundesliga_2022_2023_football_data_real.csv|data/raw/global_acquisition/football_data/2223_D1.csv
2022-11-12,augsburg,bochum,2,data/raw/bundesliga_2022_2023_football_data_real.csv|data/raw/global_acquisition/football_data/2223_D1.csv
2022-11-12,bournemouth,everton,2,data/raw/epl_2022_2023_football_data_real.csv|data/raw/global_acquisition/football_data/2223_E0.csv
2022-11-12,hertha,fckoln,2,data/raw/bundesliga_2022_2023_football_data_real.csv|data/raw/global_acquisition/football_data/2223_D1.csv
2022-11-12,hoffenheim,wolfsburg,2,data/raw/bundesliga_2022_2023_football_data_real.csv|data/raw/global_acquisition/football_data/2223_D1.csv
2022-11-12,leverkusen,stuttgart,2,data/raw/bundesliga_2022_2023_football_data_real.csv|data/raw/global_acquisition/football_data/2223_D1.csv
2022-11-12,liverpool,southampton,2,data/raw/epl_2022_2023_football_data_real.csv|data/raw/global_acquisition/football_data/2223_E0.csv
2022-11-12,mancity,brentford,2,data/raw/epl_2022_2023_football_data_real.csv|data/raw/global_acquisition/football_data/2223_E0.csv
2022-11-12,newcastle,chelsea,2,data/raw/epl_2022_2023_football_data_real.csv|data/raw/global_acquisition/football_data/2223_E0.csv
2022-11-12,nottmforest,crystalpalace,2,data/raw/epl_2022_2023_football_data_real.csv|data/raw/global_acquisition/football_data/2223_E0.csv
2022-11-12,schalke04,bayernmunich,2,data/raw/bundesliga_2022_2023_football_data_real.csv|data/raw/global_acquisition/football_data/2223_D1.csv
2022-11-12,tottenham,leeds,2,data/raw/epl_2022_2023_football_data_real.csv|data/raw/global_acquisition/football_data/2223_E0.csv
2022-11-12,werderbremen,rbleipzig,2,data/raw/bundesliga_2022_2023_football_data_real.csv|data/raw/global_acquisition/football_data/2223_D1.csv
2022-11-12,westham,leicester,2,data/raw/epl_2022_2023_football_data_real.csv|data/raw/global_acquisition/football_data/2223_E0.csv
2022-11-12,wolves,arsenal,2,data/raw/epl_2022_2023_football_data_real.csv|data/raw/global_acquisition/football_data/2223_E0.csv
2022-11-13,brighton,astonvilla,2,data/raw/epl_2022_2023_football_data_real.csv|data/raw/global_acquisition/football_data/2223_E0.csv
2022-11-13,freiburg,unionberlin,2,data/raw/bundesliga_2022_2023_football_data_real.csv|data/raw/global_acquisition/football_data/2223_D1.csv
2022-11-13,fulham,manunited,2,data/raw/epl_2022_2023_football_data_real.csv|data/raw/global_acquisition/football_data/2223_E0.csv
2022-11-13,mainz,einfrankfurt,2,data/raw/bundesliga_2022_2023_football_data_real.csv|data/raw/global_acquisition/football_data/2223_D1.csv
2022-12-26,arsenal,westham,2,data/raw/epl_2022_2023_football_data_real.csv|data/raw/global_acquisition/football_data/2223_E0.csv
2022-12-26,astonvilla,liverpool,2,data/raw/epl_2022_2023_football_data_real.csv|data/raw/global_acquisition/football_data/2223_E0.csv
2022-12-26,brentford,tottenham,2,data/raw/epl_2022_2023_football_data_real.csv|data/raw/global_acquisition/football_data/2223_E0.csv
2022-12-26,crystalpalace,fulham,2,data/raw/epl_2022_2023_football_data_real.csv|data/raw/global_acquisition/football_data/2223_E0.csv
2022-12-26,everton,wolves,2,data/raw/epl_2022_2023_football_data_real.csv|data/raw/global_acquisition/football_data/2223_E0.csv
2022-12-26,leicester,newcastle,2,data/raw/epl_2022_2023_football_data_real.csv|data/raw/global_acquisition/football_data/2223_E0.csv
2022-12-26,southampton,brighton,2,data/raw/epl_2022_2023_football_data_real.csv|data/raw/global_acquisition/football_data/2223_E0.csv
2022-12-27,chelsea,bournemouth,2,data/raw/epl_2022_2023_football_data_real.csv|data/raw/global_acquisition/football_data/2223_E0.csv
2022-12-27,manunited,nottmforest,2,data/raw/epl_2022_2023_football_data_real.csv|data/raw/global_acquisition/football_data/2223_E0.csv
2022-12-28,leeds,mancity,2,data/raw/epl_2022_2023_football_data_real.csv|data/raw/global_acquisition/football_data/2223_E0.csv
2022-12-30,liverpool,leicester,2,data/raw/epl_2022_2023_football_data_real.csv|data/raw/global_acquisition/football_data/2223_E0.csv
2022-12-30,westham,brentford,2,data/raw/epl_2022_2023_football_data_real.csv|data/raw/global_acquisition/football_data/2223_E0.csv
2022-12-31,bournemouth,crystalpalace,2,data/raw/epl_2022_2023_football_data_real.csv|data/raw/global_acquisition/football_data/2223_E0.csv
2022-12-31,brighton,arsenal,2,data/raw/epl_2022_2023_football_data_real.csv|data/raw/global_acquisition/football_data/2223_E0.csv
2022-12-31,fulham,southampton,2,data/raw/epl_2022_2023_football_data_real.csv|data/raw/global_acquisition/football_data/2223_E0.csv
2022-12-31,mancity,everton,2,data/raw/epl_2022_2023_football_data_real.csv|data/raw/global_acquisition/football_data/2223_E0.csv
2022-12-31,newcastle,leeds,2,data/raw/epl_2022_2023_football_data_real.csv|data/raw/global_acquisition/football_data/2223_E0.csv
2022-12-31,wolves,manunited,2,data/raw/epl_2022_2023_football_data_real.csv|data/raw/global_acquisition/football_data/2223_E0.csv
2023-01-01,nottmforest,chelsea,2,data/raw/epl_2022_2023_football_data_real.csv|data/raw/global_acquisition/football_data/2223_E0.csv
2023-01-01,tottenham,astonvilla,2,data/raw/epl_2022_2023_football_data_real.csv|data/raw/global_acquisition/football_data/2223_E0.csv
2023-01-02,brentford,liverpool,2,data/raw/epl_2022_2023_football_data_real.csv|data/raw/global_acquisition/football_data/2223_E0.csv
2023-01-03,arsenal,newcastle,2,data/raw/epl_2022_2023_football_data_real.csv|data/raw/global_acquisition/football_data/2223_E0.csv
2023-01-03,everton,brighton,2,data/raw/epl_2022_2023_football_data_real.csv|data/raw/global_acquisition/football_data/2223_E0.csv
2023-01-03,leicester,fulham,2,data/raw/epl_2022_2023_football_data_real.csv|data/raw/global_acquisition/football_data/2223_E0.csv
2023-01-03,manunited,bournemouth,2,data/raw/epl_2022_2023_football_data_real.csv|data/raw/global_acquisition/football_data/2223_E0.csv
2023-01-04,astonvilla,wolves,2,data/raw/epl_2022_2023_football_data_real.csv|data/raw/global_acquisition/football_data/2223_E0.csv
2023-01-04,crystalpalace,tottenham,2,data/raw/epl_2022_2023_football_data_real.csv|data/raw/global_acquisition/football_data/2223_E0.csv
2023-01-04,leeds,westham,2,data/raw/epl_2022_2023_football_data_real.csv|data/raw/global_acquisition/football_data/2223_E0.csv
2023-01-04,southampton,nottmforest,2,data/raw/epl_2022_2023_football_data_real.csv|data/raw/global_acquisition/football_data/2223_E0.csv
2023-01-05,chelsea,mancity,2,data/raw/epl_2022_2023_football_data_real.csv|data/raw/global_acquisition/football_data/2223_E0.csv
2023-01-12,fulham,chelsea,2,data/raw/epl_2022_2023_football_data_real.csv|data/raw/global_acquisition/football_data/2223_E0.csv
2023-01-13,astonvilla,leeds,2,data/raw/epl_2022_2023_football_data_real.csv|data/raw/global_acquisition/football_data/2223_E0.csv
2023-01-14,brentford,bournemouth,2,data/raw/epl_2022_2023_football_data_real.csv|data/raw/global_acquisition/football_data/2223_E0.csv
2023-01-14,brighton,liverpool,2,data/raw/epl_2022_2023_football_data_real.csv|data/raw/global_acquisition/football_data/2223_E0.csv
2023-01-14,everton,southampton,2,data/raw/epl_2022_2023_football_data_real.csv|data/raw/global_acquisition/football_data/2223_E0.csv
2023-01-14,manunited,mancity,2,data/raw/epl_2022_2023_football_data_real.csv|data/raw/global_acquisition/football_data/2223_E0.csv
2023-01-14,nottmforest,leicester,2,data/raw/epl_2022_2023_football_data_real.csv|data/raw/global_acquisition/football_data/2223_E0.csv
2023-01-14,wolves,westham,2,data/raw/epl_2022_2023_football_data_real.csv|data/raw/global_acquisition/football_data/2223_E0.csv
2023-01-15,chelsea,crystalpalace,2,data/raw/epl_2022_2023_football_data_real.csv|data/raw/global_acquisition/football_data/2223_E0.csv
2023-01-15,newcastle,fulham,2,data/raw/epl_2022_2023_football_data_real.csv|data/raw/global_acquisition/football_data/2223_E0.csv
2023-01-15,tottenham,arsenal,2,data/raw/epl_2022_2023_football_data_real.csv|data/raw/global_acquisition/football_data/2223_E0.csv
2023-01-18,crystalpalace,manunited,2,data/raw/epl_2022_2023_football_data_real.csv|data/raw/global_acquisition/football_data/2223_E0.csv
2023-01-19,mancity,tottenham,2,data/raw/epl_2022_2023_football_data_real.csv|data/raw/global_acquisition/football_data/2223_E0.csv
2023-01-20,rbleipzig,bayernmunich,2,data/raw/bundesliga_2022_2023_football_data_real.csv|data/raw/global_acquisition/football_data/2223_D1.csv
2023-01-21,bochum,hertha,2,data/raw/bundesliga_2022_2023_football_data_real.csv|data/raw/global_acquisition/football_data/2223_D1.csv
2023-01-21,bournemouth,nottmforest,2,data/raw/epl_2022_2023_football_data_real.csv|data/raw/global_acquisition/football_data/2223_E0.csv
2023-01-21,crystalpalace,newcastle,2,data/raw/epl_2022_2023_football_data_real.csv|data/raw/global_acquisition/football_data/2223_E0.csv
2023-01-21,einfrankfurt,schalke04,2,data/raw/bundesliga_2022_2023_football_data_real.csv|data/raw/global_acquisition/football_data/2223_D1.csv
2023-01-21,fckoln,werderbremen,2,data/raw/bundesliga_2022_2023_football_data_real.csv|data/raw/global_acquisition/football_data/2223_D1.csv
2023-01-21,leicester,brighton,2,data/raw/epl_2022_2023_football_data_real.csv|data/raw/global_acquisition/football_data/2223_E0.csv
2023-01-21,liverpool,chelsea,2,data/raw/epl_2022_2023_football_data_real.csv|data/raw/global_acquisition/football_data/2223_E0.csv
2023-01-21,southampton,astonvilla,2,data/raw/epl_2022_2023_football_data_real.csv|data/raw/global_acquisition/football_data/2223_E0.csv
2023-01-21,stuttgart,mainz,2,data/raw/bundesliga_2022_2023_football_data_real.csv|data/raw/global_acquisition/football_data/2223_D1.csv
2023-01-21,unionberlin,hoffenheim,2,data/raw/bundesliga_2022_2023_football_data_real.csv|data/raw/global_acquisition/football_data/2223_D1.csv
2023-01-21,westham,everton,2,data/raw/epl_2022_2023_football_data_real.csv|data/raw/global_acquisition/football_data/2223_E0.csv
2023-01-21,wolfsburg,freiburg,2,data/raw/bundesliga_2022_2023_football_data_real.csv|data/raw/global_acquisition/football_data/2223_D1.csv
2023-01-22,arsenal,manunited,2,data/raw/epl_2022_2023_football_data_real.csv|data/raw/global_acquisition/football_data/2223_E0.csv
2023-01-22,dortmund,augsburg,2,data/raw/bundesliga_2022_2023_football_data_real.csv|data/raw/global_acquisition/football_data/2223_D1.csv
2023-01-22,leeds,brentford,2,data/raw/epl_2022_2023_football_data_real.csv|data/raw/global_acquisition/football_data/2223_E0.csv
2023-01-22,mancity,wolves,2,data/raw/epl_2022_2023_football_data_real.csv|data/raw/global_acquisition/football_data/2223_E0.csv
2023-01-22,mgladbach,leverkusen,2,data/raw/bundesliga_2022_2023_football_data_real.csv|data/raw/global_acquisition/football_data/2223_D1.csv
2023-01-23,fulham,tottenham,2,data/raw/epl_2022_2023_football_data_real.csv|data/raw/global_acquisition/football_data/2223_E0.csv
2023-01-24,bayernmunich,fckoln,2,data/raw/bundesliga_2022_2023_football_data_real.csv|data/raw/global_acquisition/football_data/2223_D1.csv
2023-01-24,hertha,wolfsburg,2,data/raw/bundesliga_2022_2023_football_data_real.csv|data/raw/global_acquisition/football_data/2223_D1.csv
2023-01-24,hoffenheim,stuttgart,2,data/raw/bundesliga_2022_2023_football_data_real.csv|data/raw/global_acquisition/football_data/2223_D1.csv
2023-01-24,schalke04,rbleipzig,2,data/raw/bundesliga_2022_2023_football_data_real.csv|data/raw/global_acquisition/football_data/2223_D1.csv
2023-01-25,augsburg,mgladbach,2,data/raw/bundesliga_2022_2023_football_data_real.csv|data/raw/global_acquisition/football_data/2223_D1.csv
2023-01-25,freiburg,einfrankfurt,2,data/raw/bundesliga_2022_2023_football_data_real.csv|data/raw/global_acquisition/football_data/2223_D1.csv
2023-01-25,leverkusen,bochum,2,data/raw/bundesliga_2022_2023_football_data_real.csv|data/raw/global_acquisition/football_data/2223_D1.csv
2023-01-25,mainz,dortmund,2,data/raw/bundesliga_2022_2023_football_data_real.csv|data/raw/global_acquisition/football_data/2223_D1.csv
2023-01-25,werderbremen,unionberlin,2,data/raw/bundesliga_2022_2023_football_data_real.csv|data/raw/global_acquisition/football_data/2223_D1.csv
2023-01-27,rbleipzig,stuttgart,2,data/raw/bundesliga_2022_2023_football_data_real.csv|data/raw/global_acquisition/football_data/2223_D1.csv
2023-01-28,bayernmunich,einfrankfurt,2,data/raw/bundesliga_2022_2023_football_data_real.csv|data/raw/global_acquisition/football_data/2223_D1.csv
2023-01-28,freiburg,augsburg,2,data/raw/bundesliga_2022_2023_football_data_real.csv|data/raw/global_acquisition/football_data/2223_D1.csv
2023-01-28,hertha,unionberlin,2,data/raw/bundesliga_2022_2023_football_data_real.csv|data/raw/global_acquisition/football_data/2223_D1.csv
2023-01-28,hoffenheim,mgladbach,2,data/raw/bundesliga_2022_2023_football_data_real.csv|data/raw/global_acquisition/football_data/2223_D1.csv
2023-01-28,mainz,bochum,2,data/raw/bundesliga_2022_2023_football_data_real.csv|data/raw/global_acquisition/football_data/2223_D1.csv
2023-01-28,werderbremen,wolfsburg,2,data/raw/bundesliga_2022_2023_football_data_real.csv|data/raw/global_acquisition/football_data/2223_D1.csv
2023-01-29,leverkusen,dortmund,2,data/raw/bundesliga_2022_2023_football_data_real.csv|data/raw/global_acquisition/football_data/2223_D1.csv
2023-01-29,schalke04,fckoln,2,data/raw/bundesliga_2022_2023_football_data_real.csv|data/raw/global_acquisition/football_data/2223_D1.csv
2023-02-03,augsburg,leverkusen,2,data/raw/bundesliga_2022_2023_football_data_real.csv|data/raw/global_acquisition/football_data/2223_D1.csv
2023-02-03,chelsea,fulham,2,data/raw/epl_2022_2023_football_data_real.csv|data/raw/global_acquisition/football_data/2223_E0.csv
2023-02-04,astonvilla,leicester,2,data/raw/epl_2022_2023_football_data_real.csv|data/raw/global_acquisition/football_data/2223_E0.csv
2023-02-04,bochum,hoffenheim,2,data/raw/bundesliga_2022_2023_football_data_real.csv|data/raw/global_acquisition/football_data/2223_D1.csv
2023-02-04,brentford,southampton,2,data/raw/epl_2022_2023_football_data_real.csv|data/raw/global_acquisition/football_data/2223_E0.csv
2023-02-04,brighton,bournemouth,2,data/raw/epl_2022_2023_football_data_real.csv|data/raw/global_acquisition/football_data/2223_E0.csv
2023-02-04,dortmund,freiburg,2,data/raw/bundesliga_2022_2023_football_data_real.csv|data/raw/global_acquisition/football_data/2223_D1.csv
2023-02-04,einfrankfurt,hertha,2,data/raw/bundesliga_2022_2023_football_data_real.csv|data/raw/global_acquisition/football_data/2223_D1.csv
2023-02-04,everton,arsenal,2,data/raw/epl_2022_2023_football_data_real.csv|data/raw/global_acquisition/football_data/2223_E0.csv
2023-02-04,fckoln,rbleipzig,2,data/raw/bundesliga_2022_2023_football_data_real.csv|data/raw/global_acquisition/football_data/2223_D1.csv
2023-02-04,manunited,crystalpalace,2,data/raw/epl_2022_2023_football_data_real.csv|data/raw/global_acquisition/football_data/2223_E0.csv
2023-02-04,mgladbach,schalke04,2,data/raw/bundesliga_2022_2023_football_data_real.csv|data/raw/global_acquisition/football_data/2223_D1.csv
2023-02-04,newcastle,westham,2,data/raw/epl_2022_2023_football_data_real.csv|data/raw/global_acquisition/football_data/2223_E0.csv
2023-02-04,unionberlin,mainz,2,data/raw/bundesliga_2022_2023_football_data_real.csv|data/raw/global_acquisition/football_data/2223_D1.csv
2023-02-04,wolves,liverpool,2,data/raw/epl_2022_2023_football_data_real.csv|data/raw/global_acquisition/football_data/2223_E0.csv
2023-02-05,nottmforest,leeds,2,data/raw/epl_2022_2023_football_data_real.csv|data/raw/global_acquisition/football_data/2223_E0.csv
2023-02-05,stuttgart,werderbremen,2,data/raw/bundesliga_2022_2023_football_data_real.csv|data/raw/global_acquisition/football_data/2223_D1.csv
2023-02-05,tottenham,mancity,2,data/raw/epl_2022_2023_football_data_real.csv|data/raw/global_acquisition/football_data/2223_E0.csv
2023-02-05,wolfsburg,bayernmunich,2,data/raw/bundesliga_2022_2023_football_data_real.csv|data/raw/global_acquisition/football_data/2223_D1.csv
2023-02-08,manunited,leeds,2,data/raw/epl_2022_2023_football_data_real.csv|data/raw/global_acquisition/football_data/2223_E0.csv
2023-02-10,schalke04,wolfsburg,2,data/raw/bundesliga_2022_2023_football_data_real.csv|data/raw/global_acquisition/football_data/2223_D1.csv
2023-02-11,arsenal,brentford,2,data/raw/epl_2022_2023_football_data_real.csv|data/raw/global_acquisition/football_data/2223_E0.csv
2023-02-11,bayernmunich,bochum,2,data/raw/bundesliga_2022_2023_football_data_real.csv|data/raw/global_acquisition/football_data/2223_D1.csv
2023-02-11,bournemouth,newcastle,2,data/raw/epl_2022_2023_football_data_real.csv|data/raw/global_acquisition/football_data/2223_E0.csv
2023-02-11,crystalpalace,brighton,2,data/raw/epl_2022_2023_football_data_real.csv|data/raw/global_acquisition/football_data/2223_E0.csv
2023-02-11,freiburg,stuttgart,2,data/raw/bundesliga_2022_2023_football_data_real.csv|data/raw/global_acquisition/football_data/2223_D1.csv
2023-02-11,fulham,nottmforest,2,data/raw/epl_2022_2023_football_data_real.csv|data/raw/global_acquisition/football_data/2223_E0.csv
2023-02-11,hoffenheim,leverkusen,2,data/raw/bundesliga_2022_2023_football_data_real.csv|data/raw/global_acquisition/football_data/2223_D1.csv
2023-02-11,leicester,tottenham,2,data/raw/epl_2022_2023_football_data_real.csv|data/raw/global_acquisition/football_data/2223_E0.csv
2023-02-11,mainz,augsburg,2,data/raw/bundesliga_2022_2023_football_data_real.csv|data/raw/global_acquisition/football_data/2223_D1.csv
2023-02-11,rbleipzig,unionberlin,2,data/raw/bundesliga_2022_2023_football_data_real.csv|data/raw/global_acquisition/football_data/2223_D1.csv
2023-02-11,southampton,wolves,2,data/raw/epl_2022_2023_football_data_real.csv|data/raw/global_acquisition/football_data/2223_E0.csv
2023-02-11,werderbremen,dortmund,2,data/raw/bundesliga_2022_2023_football_data_real.csv|data/raw/global_acquisition/football_data/2223_D1.csv
2023-02-11,westham,chelsea,2,data/raw/epl_2022_2023_football_data_real.csv|data/raw/global_acquisition/football_data/2223_E0.csv
2023-02-12,fckoln,einfrankfurt,2,data/raw/bundesliga_2022_2023_football_data_real.csv|data/raw/global_acquisition/football_data/2223_D1.csv
2023-02-12,hertha,mgladbach,2,data/raw/bundesliga_2022_2023_football_data_real.csv|data/raw/global_acquisition/football_data/2223_D1.csv
2023-02-12,leeds,manunited,2,data/raw/epl_2022_2023_football_data_real.csv|data/raw/global_acquisition/football_data/2223_E0.csv
2023-02-12,mancity,astonvilla,2,data/raw/epl_2022_2023_football_data_real.csv|data/raw/global_acquisition/football_data/2223_E0.csv
2023-02-13,liverpool,everton,2,data/raw/epl_2022_2023_football_data_real.csv|data/raw/global_acquisition/football_data/2223_E0.csv
2023-02-15,arsenal,mancity,2,data/raw/epl_2022_2023_football_data_real.csv|data/raw/global_acquisition/football_data/2223_E0.csv
2023-02-17,augsburg,hoffenheim,2,data/raw/bundesliga_2022_2023_football_data_real.csv|data/raw/global_acquisition/football_data/2223_D1.csv
2023-02-18,astonvilla,arsenal,2,data/raw/epl_2022_2023_football_data_real.csv|data/raw/global_acquisition/football_data/2223_E0.csv
2023-02-18,bochum,freiburg,2,data/raw/bundesliga_2022_2023_football_data_real.csv|data/raw/global_acquisition/football_data/2223_D1.csv
2023-02-18,brentford,crystalpalace,2,data/raw/epl_2022_2023_football_data_real.csv|data/raw/global_acquisition/football_data/2223_E0.csv
2023-02-18,brighton,fulham,2,data/raw/epl_2022_2023_football_data_real.csv|data/raw/global_acquisition/football_data/2223_E0.csv
2023-02-18,chelsea,southampton,2,data/raw/epl_2022_2023_football_data_real.csv|data/raw/global_acquisition/football_data/2223_E0.csv
2023-02-18,einfrankfurt,werderbremen,2,data/raw/bundesliga_2022_2023_football_data_real.csv|data/raw/global_acquisition/football_data/2223_D1.csv
2023-02-18,everton,leeds,2,data/raw/epl_2022_2023_football_data_real.csv|data/raw/global_acquisition/football_data/2223_E0.csv
2023-02-18,mgladbach,bayernmunich,2,data/raw/bundesliga_2022_2023_football_data_real.csv|data/raw/global_acquisition/football_data/2223_D1.csv
2023-02-18,newcastle,liverpool,2,data/raw/epl_2022_2023_football_data_real.csv|data/raw/global_acquisition/football_data/2223_E0.csv
2023-02-18,nottmforest,mancity,2,data/raw/epl_2022_2023_football_data_real.csv|data/raw/global_acquisition/football_data/2223_E0.csv
2023-02-18,stuttgart,fckoln,2,data/raw/bundesliga_2022_2023_football_data_real.csv|data/raw/global_acquisition/football_data/2223_D1.csv
2023-02-18,wolfsburg,rbleipzig,2,data/raw/bundesliga_2022_2023_football_data_real.csv|data/raw/global_acquisition/football_data/2223_D1.csv
2023-02-18,wolves,bournemouth,2,data/raw/epl_2022_2023_football_data_real.csv|data/raw/global_acquisition/football_data/2223_E0.csv
2023-02-19,dortmund,hertha,2,data/raw/bundesliga_2022_2023_football_data_real.csv|data/raw/global_acquisition/football_data/2223_D1.csv
2023-02-19,leverkusen,mainz,2,data/raw/bundesliga_2022_2023_football_data_real.csv|data/raw/global_acquisition/football_data/2223_D1.csv
2023-02-19,manunited,leicester,2,data/raw/epl_2022_2023_football_data_real.csv|data/raw/global_acquisition/football_data/2223_E0.csv
2023-02-19,tottenham,westham,2,data/raw/epl_2022_2023_football_data_real.csv|data/raw/global_acquisition/football_data/2223_E0.csv
2023-02-19,unionberlin,schalke04,2,data/raw/bundesliga_2022_2023_football_data_real.csv|data/raw/global_acquisition/football_data/2223_D1.csv
2023-02-24,fulham,wolves,2,data/raw/epl_2022_2023_football_data_real.csv|data/raw/global_acquisition/football_data/2223_E0.csv
2023-02-24,mainz,mgladbach,2,data/raw/bundesliga_2022_2023_football_data_real.csv|data/raw/global_acquisition/football_data/2223_D1.csv
2023-02-25,bournemouth,mancity,2,data/raw/epl_2022_2023_football_data_real.csv|data/raw/global_acquisition/football_data/2223_E0.csv
2023-02-25,crystalpalace,liverpool,2,data/raw/epl_2022_2023_football_data_real.csv|data/raw/global_acquisition/football_data/2223_E0.csv
2023-02-25,everton,astonvilla,2,data/raw/epl_2022_2023_football_data_real.csv|data/raw/global_acquisition/football_data/2223_E0.csv
2023-02-25,fckoln,wolfsburg,2,data/raw/bundesliga_2022_2023_football_data_real.csv|data/raw/global_acquisition/football_data/2223_D1.csv
2023-02-25,hertha,augsburg,2,data/raw/bundesliga_2022_2023_football_data_real.csv|data/raw/global_acquisition/football_data/2223_D1.csv
2023-02-25,hoffenheim,dortmund,2,data/raw/bundesliga_2022_2023_football_data_real.csv|data/raw/global_acquisition/football_data/2223_D1.csv
2023-02-25,leeds,southampton,2,data/raw/epl_2022_2023_football_data_real.csv|data/raw/global_acquisition/football_data/2223_E0.csv
2023-02-25,leicester,arsenal,2,data/raw/epl_2022_2023_football_data_real.csv|data/raw/global_acquisition/football_data/2223_E0.csv
2023-02-25,rbleipzig,einfrankfurt,2,data/raw/bundesliga_2022_2023_football_data_real.csv|data/raw/global_acquisition/football_data/2223_D1.csv
2023-02-25,schalke04,stuttgart,2,data/raw/bundesliga_2022_2023_football_data_real.csv|data/raw/global_acquisition/football_data/2223_D1.csv
2023-02-25,werderbremen,bochum,2,data/raw/bundesliga_2022_2023_football_data_real.csv|data/raw/global_acquisition/football_data/2223_D1.csv
2023-02-25,westham,nottmforest,2,data/raw/epl_2022_2023_football_data_real.csv|data/raw/global_acquisition/football_data/2223_E0.csv
2023-02-26,bayernmunich,unionberlin,2,data/raw/bundesliga_2022_2023_football_data_real.csv|data/raw/global_acquisition/football_data/2223_D1.csv
2023-02-26,freiburg,leverkusen,2,data/raw/bundesliga_2022_2023_football_data_real.csv|data/raw/global_acquisition/football_data/2223_D1.csv
2023-02-26,tottenham,chelsea,2,data/raw/epl_2022_2023_football_data_real.csv|data/raw/global_acquisition/football_data/2223_E0.csv
2023-03-01,arsenal,everton,2,data/raw/epl_2022_2023_football_data_real.csv|data/raw/global_acquisition/football_data/2223_E0.csv
2023-03-01,liverpool,wolves,2,data/raw/epl_2022_2023_football_data_real.csv|data/raw/global_acquisition/football_data/2223_E0.csv
2023-03-03,dortmund,rbleipzig,2,data/raw/bundesliga_2022_2023_football_data_real.csv|data/raw/global_acquisition/football_data/2223_D1.csv
2023-03-04,arsenal,bournemouth,2,data/raw/epl_2022_2023_football_data_real.csv|data/raw/global_acquisition/football_data/2223_E0.csv
2023-03-04,astonvilla,crystalpalace,2,data/raw/epl_2022_2023_football_data_real.csv|data/raw/global_acquisition/football_data/2223_E0.csv
2023-03-04,augsburg,werderbremen,2,data/raw/bundesliga_2022_2023_football_data_real.csv|data/raw/global_acquisition/football_data/2223_D1.csv
2023-03-04,bochum,schalke04,2,data/raw/bundesliga_2022_2023_football_data_real.csv|data/raw/global_acquisition/football_data/2223_D1.csv
2023-03-04,brighton,westham,2,data/raw/epl_2022_2023_football_data_real.csv|data/raw/global_acquisition/football_data/2223_E0.csv
2023-03-04,chelsea,leeds,2,data/raw/epl_2022_2023_football_data_real.csv|data/raw/global_acquisition/football_data/2223_E0.csv
2023-03-04,mainz,hoffenheim,2,data/raw/bundesliga_2022_2023_football_data_real.csv|data/raw/global_acquisition/football_data/2223_D1.csv
2023-03-04,mancity,newcastle,2,data/raw/epl_2022_2023_football_data_real.csv|data/raw/global_acquisition/football_data/2223_E0.csv
2023-03-04,mgladbach,freiburg,2,data/raw/bundesliga_2022_2023_football_data_real.csv|data/raw/global_acquisition/football_data/2223_D1.csv
2023-03-04,southampton,leicester,2,data/raw/epl_2022_2023_football_data_real.csv|data/raw/global_acquisition/football_data/2223_E0.csv
2023-03-04,stuttgart,bayernmunich,2,data/raw/bundesliga_2022_2023_football_data_real.csv|data/raw/global_acquisition/football_data/2223_D1.csv
2023-03-04,unionberlin,fckoln,2,data/raw/bundesliga_2022_2023_football_data_real.csv|data/raw/global_acquisition/football_data/2223_D1.csv
2023-03-04,wolves,tottenham,2,data/raw/epl_2022_2023_football_data_real.csv|data/raw/global_acquisition/football_data/2223_E0.csv
2023-03-05,leverkusen,hertha,2,data/raw/bundesliga_2022_2023_football_data_real.csv|data/raw/global_acquisition/football_data/2223_D1.csv
2023-03-05,liverpool,manunited,2,data/raw/epl_2022_2023_football_data_real.csv|data/raw/global_acquisition/football_data/2223_E0.csv
2023-03-05,nottmforest,everton,2,data/raw/epl_2022_2023_football_data_real.csv|data/raw/global_acquisition/football_data/2223_E0.csv
2023-03-05,wolfsburg,einfrankfurt,2,data/raw/bundesliga_2022_2023_football_data_real.csv|data/raw/global_acquisition/football_data/2223_D1.csv
2023-03-06,brentford,fulham,2,data/raw/epl_2022_2023_football_data_real.csv|data/raw/global_acquisition/football_data/2223_E0.csv
2023-03-10,fckoln,bochum,2,data/raw/bundesliga_2022_2023_football_data_real.csv|data/raw/global_acquisition/football_data/2223_D1.csv
2023-03-11,bayernmunich,augsburg,2,data/raw/bundesliga_2022_2023_football_data_real.csv|data/raw/global_acquisition/football_data/2223_D1.csv
2023-03-11,bournemouth,liverpool,2,data/raw/epl_2022_2023_football_data_real.csv|data/raw/global_acquisition/football_data/2223_E0.csv
2023-03-11,crystalpalace,mancity,2,data/raw/epl_2022_2023_football_data_real.csv|data/raw/global_acquisition/football_data/2223_E0.csv
2023-03-11,einfrankfurt,stuttgart,2,data/raw/bundesliga_2022_2023_football_data_real.csv|data/raw/global_acquisition/football_data/2223_D1.csv
2023-03-11,everton,brentford,2,data/raw/epl_2022_2023_football_data_real.csv|data/raw/global_acquisition/football_data/2223_E0.csv
2023-03-11,hertha,mainz,2,data/raw/bundesliga_2022_2023_football_data_real.csv|data/raw/global_acquisition/football_data/2223_D1.csv
2023-03-11,leeds,brighton,2,data/raw/epl_2022_2023_football_data_real.csv|data/raw/global_acquisition/football_data/2223_E0.csv
2023-03-11,leicester,chelsea,2,data/raw/epl_2022_2023_football_data_real.csv|data/raw/global_acquisition/football_data/2223_E0.csv
2023-03-11,rbleipzig,mgladbach,2,data/raw/bundesliga_2022_2023_football_data_real.csv|data/raw/global_acquisition/football_data/2223_D1.csv
2023-03-11,schalke04,dortmund,2,data/raw/bundesliga_2022_2023_football_data_real.csv|data/raw/global_acquisition/football_data/2223_D1.csv
2023-03-11,tottenham,nottmforest,2,data/raw/epl_2022_2023_football_data_real.csv|data/raw/global_acquisition/football_data/2223_E0.csv
2023-03-12,freiburg,hoffenheim,2,data/raw/bundesliga_2022_2023_football_data_real.csv|data/raw/global_acquisition/football_data/2223_D1.csv
2023-03-12,fulham,arsenal,2,data/raw/epl_2022_2023_football_data_real.csv|data/raw/global_acquisition/football_data/2223_E0.csv
2023-03-12,manunited,southampton,2,data/raw/epl_2022_2023_football_data_real.csv|data/raw/global_acquisition/football_data/2223_E0.csv
2023-03-12,newcastle,wolves,2,data/raw/epl_2022_2023_football_data_real.csv|data/raw/global_acquisition/football_data/2223_E0.csv
2023-03-12,werderbremen,leverkusen,2,data/raw/bundesliga_2022_2023_football_data_real.csv|data/raw/global_acquisition/football_data/2223_D1.csv
2023-03-12,westham,astonvilla,2,data/raw/epl_2022_2023_football_data_real.csv|data/raw/global_acquisition/football_data/2223_E0.csv
2023-03-12,wolfsburg,unionberlin,2,data/raw/bundesliga_2022_2023_football_data_real.csv|data/raw/global_acquisition/football_data/2223_D1.csv
2023-03-15,brighton,crystalpalace,2,data/raw/epl_2022_2023_football_data_real.csv|data/raw/global_acquisition/football_data/2223_E0.csv
2023-03-15,southampton,brentford,2,data/raw/epl_2022_2023_football_data_real.csv|data/raw/global_acquisition/football_data/2223_E0.csv
2023-03-17,mgladbach,werderbremen,2,data/raw/bundesliga_2022_2023_football_data_real.csv|data/raw/global_acquisition/football_data/2223_D1.csv
2023-03-17,nottmforest,newcastle,2,data/raw/epl_2022_2023_football_data_real.csv|data/raw/global_acquisition/football_data/2223_E0.csv
2023-03-18,astonvilla,bournemouth,2,data/raw/epl_2022_2023_football_data_real.csv|data/raw/global_acquisition/football_data/2223_E0.csv
2023-03-18,augsburg,schalke04,2,data/raw/bundesliga_2022_2023_football_data_real.csv|data/raw/global_acquisition/football_data/2223_D1.csv
2023-03-18,bochum,rbleipzig,2,data/raw/bundesliga_2022_2023_football_data_real.csv|data/raw/global_acquisition/football_data/2223_D1.csv
2023-03-18,brentford,leicester,2,data/raw/epl_2022_2023_football_data_real.csv|data/raw/global_acquisition/football_data/2223_E0.csv
2023-03-18,chelsea,everton,2,data/raw/epl_2022_2023_football_data_real.csv|data/raw/global_acquisition/football_data/2223_E0.csv
2023-03-18,dortmund,fckoln,2,data/raw/bundesliga_2022_2023_football_data_real.csv|data/raw/global_acquisition/football_data/2223_D1.csv
2023-03-18,hoffenheim,hertha,2,data/raw/bundesliga_2022_2023_football_data_real.csv|data/raw/global_acquisition/football_data/2223_D1.csv
2023-03-18,southampton,tottenham,2,data/raw/epl_2022_2023_football_data_real.csv|data/raw/global_acquisition/football_data/2223_E0.csv
2023-03-18,stuttgart,wolfsburg,2,data/raw/bundesliga_2022_2023_football_data_real.csv|data/raw/global_acquisition/football_data/2223_D1.csv
2023-03-18,wolves,leeds,2,data/raw/epl_2022_2023_football_data_real.csv|data/raw/global_acquisition/football_data/2223_E0.csv
2023-03-19,arsenal,crystalpalace,2,data/raw/epl_2022_2023_football_data_real.csv|data/raw/global_acquisition/football_data/2223_E0.csv
2023-03-19,leverkusen,bayernmunich,2,data/raw/bundesliga_2022_2023_football_data_real.csv|data/raw/global_acquisition/football_data/2223_D1.csv
2023-03-19,mainz,freiburg,2,data/raw/bundesliga_2022_2023_football_data_real.csv|data/raw/global_acquisition/football_data/2223_D1.csv
2023-03-19,unionberlin,einfrankfurt,2,data/raw/bundesliga_2022_2023_football_data_real.csv|data/raw/global_acquisition/football_data/2223_D1.csv
2023-03-31,einfrankfurt,bochum,2,data/raw/bundesliga_2022_2023_football_data_real.csv|data/raw/global_acquisition/football_data/2223_D1.csv
2023-04-01,arsenal,leeds,2,data/raw/epl_2022_2023_football_data_real.csv|data/raw/global_acquisition/football_data/2223_E0.csv
2023-04-01,bayernmunich,dortmund,2,data/raw/bundesliga_2022_2023_football_data_real.csv|data/raw/global_acquisition/football_data/2223_D1.csv
2023-04-01,bournemouth,fulham,2,data/raw/epl_2022_2023_football_data_real.csv|data/raw/global_acquisition/football_data/2223_E0.csv
2023-04-01,brighton,brentford,2,data/raw/epl_2022_2023_football_data_real.csv|data/raw/global_acquisition/football_data/2223_E0.csv
2023-04-01,chelsea,astonvilla,2,data/raw/epl_2022_2023_football_data_real.csv|data/raw/global_acquisition/football_data/2223_E0.csv
2023-04-01,crystalpalace,leicester,2,data/raw/epl_2022_2023_football_data_real.csv|data/raw/global_acquisition/football_data/2223_E0.csv
2023-04-01,freiburg,hertha,2,data/raw/bundesliga_2022_2023_football_data_real.csv|data/raw/global_acquisition/football_data/2223_D1.csv
2023-04-01,mancity,liverpool,2,data/raw/epl_2022_2023_football_data_real.csv|data/raw/global_acquisition/football_data/2223_E0.csv
2023-04-01,nottmforest,wolves,2,data/raw/epl_2022_2023_football_data_real.csv|data/raw/global_acquisition/football_data/2223_E0.csv
2023-04-01,rbleipzig,mainz,2,data/raw/bundesliga_2022_2023_football_data_real.csv|data/raw/global_acquisition/football_data/2223_D1.csv
2023-04-01,schalke04,leverkusen,2,data/raw/bundesliga_2022_2023_football_data_real.csv|data/raw/global_acquisition/football_data/2223_D1.csv
2023-04-01,unionberlin,stuttgart,2,data/raw/bundesliga_2022_2023_football_data_real.csv|data/raw/global_acquisition/football_data/2223_D1.csv
2023-04-01,wolfsburg,augsburg,2,data/raw/bundesliga_2022_2023_football_data_real.csv|data/raw/global_acquisition/football_data/2223_D1.csv
2023-04-02,fckoln,mgladbach,2,data/raw/bundesliga_2022_2023_football_data_real.csv|data/raw/global_acquisition/football_data/2223_D1.csv
2023-04-02,newcastle,manunited,2,data/raw/epl_2022_2023_football_data_real.csv|data/raw/global_acquisition/football_data/2223_E0.csv
2023-04-02,werderbremen,hoffenheim,2,data/raw/bundesliga_2022_2023_football_data_real.csv|data/raw/global_acquisition/football_data/2223_D1.csv
2023-04-02,westham,southampton,2,data/raw/epl_2022_2023_football_data_real.csv|data/raw/global_acquisition/football_data/2223_E0.csv
2023-04-03,everton,tottenham,2,data/raw/epl_2022_2023_football_data_real.csv|data/raw/global_acquisition/football_data/2223_E0.csv
2023-04-04,bournemouth,brighton,2,data/raw/epl_2022_2023_football_data_real.csv|data/raw/global_acquisition/football_data/2223_E0.csv
2023-04-04,chelsea,liverpool,2,data/raw/epl_2022_2023_football_data_real.csv|data/raw/global_acquisition/football_data/2223_E0.csv
2023-04-04,leeds,nottmforest,2,data/raw/epl_2022_2023_football_data_real.csv|data/raw/global_acquisition/football_data/2223_E0.csv
2023-04-04,leicester,astonvilla,2,data/raw/epl_2022_2023_football_data_real.csv|data/raw/global_acquisition/football_data/2223_E0.csv
2023-04-05,manunited,brentford,2,data/raw/epl_2022_2023_football_data_real.csv|data/raw/global_acquisition/football_data/2223_E0.csv
2023-04-05,westham,newcastle,2,data/raw/epl_2022_2023_football_data_real.csv|data/raw/global_acquisition/football_data/2223_E0.csv
2023-04-08,astonvilla,nottmforest,2,data/raw/epl_2022_2023_football_data_real.csv|data/raw/global_acquisition/football_data/2223_E0.csv
2023-04-08,augsburg,fckoln,2,data/raw/bundesliga_2022_2023_football_data_real.csv|data/raw/global_acquisition/football_data/2223_D1.csv
2023-04-08,brentford,newcastle,2,data/raw/epl_2022_2023_football_data_real.csv|data/raw/global_acquisition/football_data/2223_E0.csv
2023-04-08,dortmund,unionberlin,2,data/raw/bundesliga_2022_2023_football_data_real.csv|data/raw/global_acquisition/football_data/2223_D1.csv
2023-04-08,freiburg,bayernmunich,2,data/raw/bundesliga_2022_2023_football_data_real.csv|data/raw/global_acquisition/football_data/2223_D1.csv
2023-04-08,fulham,westham,2,data/raw/epl_2022_2023_football_data_real.csv|data/raw/global_acquisition/football_data/2223_E0.csv
2023-04-08,hertha,rbleipzig,2,data/raw/bundesliga_2022_2023_football_data_real.csv|data/raw/global_acquisition/football_data/2223_D1.csv
2023-04-08,leicester,bournemouth,2,data/raw/epl_2022_2023_football_data_real.csv|data/raw/global_acquisition/football_data/2223_E0.csv
2023-04-08,leverkusen,einfrankfurt,2,data/raw/bundesliga_2022_2023_football_data_real.csv|data/raw/global_acquisition/football_data/2223_D1.csv
2023-04-08,mainz,werderbremen,2,data/raw/bundesliga_2022_2023_football_data_real.csv|data/raw/global_acquisition/football_data/2223_D1.csv
2023-04-08,manunited,everton,2,data/raw/epl_2022_2023_football_data_real.csv|data/raw/global_acquisition/football_data/2223_E0.csv
2023-04-08,southampton,mancity,2,data/raw/epl_2022_2023_football_data_real.csv|data/raw/global_acquisition/football_data/2223_E0.csv
2023-04-08,tottenham,brighton,2,data/raw/epl_2022_2023_football_data_real.csv|data/raw/global_acquisition/football_data/2223_E0.csv
2023-04-08,wolves,chelsea,2,data/raw/epl_2022_2023_football_data_real.csv|data/raw/global_acquisition/football_data/2223_E0.csv
2023-04-09,bochum,stuttgart,2,data/raw/bundesliga_2022_2023_football_data_real.csv|data/raw/global_acquisition/football_data/2223_D1.csv
2023-04-09,hoffenheim,schalke04,2,data/raw/bundesliga_2022_2023_football_data_real.csv|data/raw/global_acquisition/football_data/2223_D1.csv
2023-04-09,leeds,crystalpalace,2,data/raw/epl_2022_2023_football_data_real.csv|data/raw/global_acquisition/football_data/2223_E0.csv
2023-04-09,liverpool,arsenal,2,data/raw/epl_2022_2023_football_data_real.csv|data/raw/global_acquisition/football_data/2223_E0.csv
2023-04-09,mgladbach,wolfsburg,2,data/raw/bundesliga_2022_2023_football_data_real.csv|data/raw/global_acquisition/football_data/2223_D1.csv
2023-04-14,schalke04,hertha,2,data/raw/bundesliga_2022_2023_football_data_real.csv|data/raw/global_acquisition/football_data/2223_D1.csv
2023-04-15,astonvilla,newcastle,2,data/raw/epl_2022_2023_football_data_real.csv|data/raw/global_acquisition/football_data/2223_E0.csv
2023-04-15,bayernmunich,hoffenheim,2,data/raw/bundesliga_2022_2023_football_data_real.csv|data/raw/global_acquisition/football_data/2223_D1.csv
2023-04-15,chelsea,brighton,2,data/raw/epl_2022_2023_football_data_real.csv|data/raw/global_acquisition/football_data/2223_E0.csv
2023-04-15,einfrankfurt,mgladbach,2,data/raw/bundesliga_2022_2023_football_data_real.csv|data/raw/global_acquisition/football_data/2223_D1.csv
2023-04-15,everton,fulham,2,data/raw/epl_2022_2023_football_data_real.csv|data/raw/global_acquisition/football_data/2223_E0.csv
2023-04-15,fckoln,mainz,2,data/raw/bundesliga_2022_2023_football_data_real.csv|data/raw/global_acquisition/football_data/2223_D1.csv
2023-04-15,mancity,leicester,2,data/raw/epl_2022_2023_football_data_real.csv|data/raw/global_acquisition/football_data/2223_E0.csv
2023-04-15,rbleipzig,augsburg,2,data/raw/bundesliga_2022_2023_football_data_real.csv|data/raw/global_acquisition/football_data/2223_D1.csv
2023-04-15,southampton,crystalpalace,2,data/raw/epl_2022_2023_football_data_real.csv|data/raw/global_acquisition/football_data/2223_E0.csv
2023-04-15,stuttgart,dortmund,2,data/raw/bundesliga_2022_2023_football_data_real.csv|data/raw/global_acquisition/football_data/2223_D1.csv
2023-04-15,tottenham,bournemouth,2,data/raw/epl_2022_2023_football_data_real.csv|data/raw/global_acquisition/football_data/2223_E0.csv
2023-04-15,wolves,brentford,2,data/raw/epl_2022_2023_football_data_real.csv|data/raw/global_acquisition/football_data/2223_E0.csv
2023-04-16,nottmforest,manunited,2,data/raw/epl_2022_2023_football_data_real.csv|data/raw/global_acquisition/football_data/2223_E0.csv
2023-04-16,unionberlin,bochum,2,data/raw/bundesliga_2022_2023_football_data_real.csv|data/raw/global_acquisition/football_data/2223_D1.csv
2023-04-16,werderbremen,freiburg,2,data/raw/bundesliga_2022_2023_football_data_real.csv|data/raw/global_acquisition/football_data/2223_D1.csv
2023-04-16,westham,arsenal,2,data/raw/epl_2022_2023_football_data_real.csv|data/raw/global_acquisition/football_data/2223_E0.csv
2023-04-16,wolfsburg,leverkusen,2,data/raw/bundesliga_2022_2023_football_data_real.csv|data/raw/global_acquisition/football_data/2223_D1.csv
2023-04-17,leeds,liverpool,2,data/raw/epl_2022_2023_football_data_real.csv|data/raw/global_acquisition/football_data/2223_E0.csv
2023-04-21,arsenal,southampton,2,data/raw/epl_2022_2023_football_data_real.csv|data/raw/global_acquisition/football_data/2223_E0.csv
2023-04-21,augsburg,stuttgart,2,data/raw/bundesliga_2022_2023_football_data_real.csv|data/raw/global_acquisition/football_data/2223_D1.csv
2023-04-22,bochum,wolfsburg,2,data/raw/bundesliga_2022_2023_football_data_real.csv|data/raw/global_acquisition/football_data/2223_D1.csv
2023-04-22,brentford,astonvilla,2,data/raw/epl_2022_2023_football_data_real.csv|data/raw/global_acquisition/football_data/2223_E0.csv
2023-04-22,crystalpalace,everton,2,data/raw/epl_2022_2023_football_data_real.csv|data/raw/global_acquisition/football_data/2223_E0.csv
2023-04-22,dortmund,einfrankfurt,2,data/raw/bundesliga_2022_2023_football_data_real.csv|data/raw/global_acquisition/football_data/2223_D1.csv
2023-04-22,fulham,leeds,2,data/raw/epl_2022_2023_football_data_real.csv|data/raw/global_acquisition/football_data/2223_E0.csv
2023-04-22,hertha,werderbremen,2,data/raw/bundesliga_2022_2023_football_data_real.csv|data/raw/global_acquisition/football_data/2223_D1.csv
2023-04-22,hoffenheim,fckoln,2,data/raw/bundesliga_2022_2023_football_data_real.csv|data/raw/global_acquisition/football_data/2223_D1.csv
2023-04-22,leicester,wolves,2,data/raw/epl_2022_2023_football_data_real.csv|data/raw/global_acquisition/football_data/2223_E0.csv
2023-04-22,liverpool,nottmforest,2,data/raw/epl_2022_2023_football_data_real.csv|data/raw/global_acquisition/football_data/2223_E0.csv
2023-04-22,mainz,bayernmunich,2,data/raw/bundesliga_2022_2023_football_data_real.csv|data/raw/global_acquisition/football_data/2223_D1.csv
2023-04-23,bournemouth,westham,2,data/raw/epl_2022_2023_football_data_real.csv|data/raw/global_acquisition/football_data/2223_E0.csv
2023-04-23,freiburg,schalke04,2,data/raw/bundesliga_2022_2023_football_data_real.csv|data/raw/global_acquisition/football_data/2223_D1.csv
2023-04-23,leverkusen,rbleipzig,2,data/raw/bundesliga_2022_2023_football_data_real.csv|data/raw/global_acquisition/football_data/2223_D1.csv
2023-04-23,mgladbach,unionberlin,2,data/raw/bundesliga_2022_2023_football_data_real.csv|data/raw/global_acquisition/football_data/2223_D1.csv
2023-04-23,newcastle,tottenham,2,data/raw/epl_2022_2023_football_data_real.csv|data/raw/global_acquisition/football_data/2223_E0.csv
2023-04-25,astonvilla,fulham,2,data/raw/epl_2022_2023_football_data_real.csv|data/raw/global_acquisition/football_data/2223_E0.csv
2023-04-25,leeds,leicester,2,data/raw/epl_2022_2023_football_data_real.csv|data/raw/global_acquisition/football_data/2223_E0.csv
2023-04-25,wolves,crystalpalace,2,data/raw/epl_2022_2023_football_data_real.csv|data/raw/global_acquisition/football_data/2223_E0.csv
2023-04-26,chelsea,brentford,2,data/raw/epl_2022_2023_football_data_real.csv|data/raw/global_acquisition/football_data/2223_E0.csv
2023-04-26,mancity,arsenal,2,data/raw/epl_2022_2023_football_data_real.csv|data/raw/global_acquisition/football_data/2223_E0.csv
2023-04-26,nottmforest,brighton,2,data/raw/epl_2022_2023_football_data_real.csv|data/raw/global_acquisition/football_data/2223_E0.csv
2023-04-26,westham,liverpool,2,data/raw/epl_2022_2023_football_data_real.csv|data/raw/global_acquisition/football_data/2223_E0.csv
2023-04-27,everton,newcastle,2,data/raw/epl_2022_2023_football_data_real.csv|data/raw/global_acquisition/football_data/2223_E0.csv
2023-04-27,southampton,bournemouth,2,data/raw/epl_2022_2023_football_data_real.csv|data/raw/global_acquisition/football_data/2223_E0.csv
2023-04-27,tottenham,manunited,2,data/raw/epl_2022_2023_football_data_real.csv|data/raw/global_acquisition/football_data/2223_E0.csv
2023-04-28,bochum,dortmund,2,data/raw/bundesliga_2022_2023_football_data_real.csv|data/raw/global_acquisition/football_data/2223_D1.csv
2023-04-29,brentford,nottmforest,2,data/raw/epl_2022_2023_football_data_real.csv|data/raw/global_acquisition/football_data/2223_E0.csv
2023-04-29,brighton,wolves,2,data/raw/epl_2022_2023_football_data_real.csv|data/raw/global_acquisition/football_data/2223_E0.csv
2023-04-29,crystalpalace,westham,2,data/raw/epl_2022_2023_football_data_real.csv|data/raw/global_acquisition/football_data/2223_E0.csv
2023-04-29,einfrankfurt,augsburg,2,data/raw/bundesliga_2022_2023_football_data_real.csv|data/raw/global_acquisition/football_data/2223_D1.csv
2023-04-29,fckoln,freiburg,2,data/raw/bundesliga_2022_2023_football_data_real.csv|data/raw/global_acquisition/football_data/2223_D1.csv
2023-04-29,rbleipzig,hoffenheim,2,data/raw/bundesliga_2022_2023_football_data_real.csv|data/raw/global_acquisition/football_data/2223_D1.csv
2023-04-29,schalke04,werderbremen,2,data/raw/bundesliga_2022_2023_football_data_real.csv|data/raw/global_acquisition/football_data/2223_D1.csv
2023-04-29,stuttgart,mgladbach,2,data/raw/bundesliga_2022_2023_football_data_real.csv|data/raw/global_acquisition/football_data/2223_D1.csv
2023-04-29,unionberlin,leverkusen,2,data/raw/bundesliga_2022_2023_football_data_real.csv|data/raw/global_acquisition/football_data/2223_D1.csv
2023-04-30,bayernmunich,hertha,2,data/raw/bundesliga_2022_2023_football_data_real.csv|data/raw/global_acquisition/football_data/2223_D1.csv
2023-04-30,bournemouth,leeds,2,data/raw/epl_2022_2023_football_data_real.csv|data/raw/global_acquisition/football_data/2223_E0.csv
2023-04-30,fulham,mancity,2,data/raw/epl_2022_2023_football_data_real.csv|data/raw/global_acquisition/football_data/2223_E0.csv
2023-04-30,liverpool,tottenham,2,data/raw/epl_2022_2023_football_data_real.csv|data/raw/global_acquisition/football_data/2223_E0.csv
2023-04-30,manunited,astonvilla,2,data/raw/epl_2022_2023_football_data_real.csv|data/raw/global_acquisition/football_data/2223_E0.csv
2023-04-30,newcastle,southampton,2,data/raw/epl_2022_2023_football_data_real.csv|data/raw/global_acquisition/football_data/2223_E0.csv
2023-04-30,wolfsburg,mainz,2,data/raw/bundesliga_2022_2023_football_data_real.csv|data/raw/global_acquisition/football_data/2223_D1.csv
2023-05-01,leicester,everton,2,data/raw/epl_2022_2023_football_data_real.csv|data/raw/global_acquisition/football_data/2223_E0.csv
2023-05-02,arsenal,chelsea,2,data/raw/epl_2022_2023_football_data_real.csv|data/raw/global_acquisition/football_data/2223_E0.csv
2023-05-03,liverpool,fulham,2,data/raw/epl_2022_2023_football_data_real.csv|data/raw/global_acquisition/football_data/2223_E0.csv
2023-05-03,mancity,westham,2,data/raw/epl_2022_2023_football_data_real.csv|data/raw/global_acquisition/football_data/2223_E0.csv
2023-05-04,brighton,manunited,2,data/raw/epl_2022_2023_football_data_real.csv|data/raw/global_acquisition/football_data/2223_E0.csv
2023-05-05,leverkusen,fckoln,2,data/raw/bundesliga_2022_2023_football_data_real.csv|data/raw/global_acquisition/football_data/2223_D1.csv
2023-05-05,mainz,schalke04,2,data/raw/bundesliga_2022_2023_football_data_real.csv|data/raw/global_acquisition/football_data/2223_D1.csv
2023-05-06,augsburg,unionberlin,2,data/raw/bundesliga_2022_2023_football_data_real.csv|data/raw/global_acquisition/football_data/2223_D1.csv
2023-05-06,bournemouth,chelsea,2,data/raw/epl_2022_2023_football_data_real.csv|data/raw/global_acquisition/football_data/2223_E0.csv
2023-05-06,freiburg,rbleipzig,2,data/raw/bundesliga_2022_2023_football_data_real.csv|data/raw/global_acquisition/football_data/2223_D1.csv
2023-05-06,hertha,stuttgart,2,data/raw/bundesliga_2022_2023_football_data_real.csv|data/raw/global_acquisition/football_data/2223_D1.csv
2023-05-06,hoffenheim,einfrankfurt,2,data/raw/bundesliga_2022_2023_football_data_real.csv|data/raw/global_acquisition/football_data/2223_D1.csv
2023-05-06,liverpool,brentford,2,data/raw/epl_2022_2023_football_data_real.csv|data/raw/global_acquisition/football_data/2223_E0.csv
2023-05-06,mancity,leeds,2,data/raw/epl_2022_2023_football_data_real.csv|data/raw/global_acquisition/football_data/2223_E0.csv
2023-05-06,mgladbach,bochum,2,data/raw/bundesliga_2022_2023_football_data_real.csv|data/raw/global_acquisition/football_data/2223_D1.csv
2023-05-06,tottenham,crystalpalace,2,data/raw/epl_2022_2023_football_data_real.csv|data/raw/global_acquisition/football_data/2223_E0.csv
2023-05-06,werderbremen,bayernmunich,2,data/raw/bundesliga_2022_2023_football_data_real.csv|data/raw/global_acquisition/football_data/2223_D1.csv
2023-05-06,wolves,astonvilla,2,data/raw/epl_2022_2023_football_data_real.csv|data/raw/global_acquisition/football_data/2223_E0.csv
2023-05-07,dortmund,wolfsburg,2,data/raw/bundesliga_2022_2023_football_data_real.csv|data/raw/global_acquisition/football_data/2223_D1.csv
2023-05-07,newcastle,arsenal,2,data/raw/epl_2022_2023_football_data_real.csv|data/raw/global_acquisition/football_data/2223_E0.csv
2023-05-07,westham,manunited,2,data/raw/epl_2022_2023_football_data_real.csv|data/raw/global_acquisition/football_data/2223_E0.csv
2023-05-08,brighton,everton,2,data/raw/epl_2022_2023_football_data_real.csv|data/raw/global_acquisition/football_data/2223_E0.csv
2023-05-08,fulham,leicester,2,data/raw/epl_2022_2023_football_data_real.csv|data/raw/global_acquisition/football_data/2223_E0.csv
2023-05-08,nottmforest,southampton,2,data/raw/epl_2022_2023_football_data_real.csv|data/raw/global_acquisition/football_data/2223_E0.csv
2023-05-12,fckoln,hertha,2,data/raw/bundesliga_2022_2023_football_data_real.csv|data/raw/global_acquisition/football_data/2223_D1.csv
2023-05-13,astonvilla,tottenham,2,data/raw/epl_2022_2023_football_data_real.csv|data/raw/global_acquisition/football_data/2223_E0.csv
2023-05-13,bayernmunich,schalke04,2,data/raw/bundesliga_2022_2023_football_data_real.csv|data/raw/global_acquisition/football_data/2223_D1.csv
2023-05-13,bochum,augsburg,2,data/raw/bundesliga_2022_2023_football_data_real.csv|data/raw/global_acquisition/football_data/2223_D1.csv
2023-05-13,chelsea,nottmforest,2,data/raw/epl_2022_2023_football_data_real.csv|data/raw/global_acquisition/football_data/2223_E0.csv
2023-05-13,crystalpalace,bournemouth,2,data/raw/epl_2022_2023_football_data_real.csv|data/raw/global_acquisition/football_data/2223_E0.csv
2023-05-13,dortmund,mgladbach,2,data/raw/bundesliga_2022_2023_football_data_real.csv|data/raw/global_acquisition/football_data/2223_D1.csv
2023-05-13,einfrankfurt,mainz,2,data/raw/bundesliga_2022_2023_football_data_real.csv|data/raw/global_acquisition/football_data/2223_D1.csv
2023-05-13,leeds,newcastle,2,data/raw/epl_2022_2023_football_data_real.csv|data/raw/global_acquisition/football_data/2223_E0.csv
2023-05-13,manunited,wolves,2,data/raw/epl_2022_2023_football_data_real.csv|data/raw/global_acquisition/football_data/2223_E0.csv
2023-05-13,southampton,fulham,2,data/raw/epl_2022_2023_football_data_real.csv|data/raw/global_acquisition/football_data/2223_E0.csv
2023-05-13,unionberlin,freiburg,2,data/raw/bundesliga_2022_2023_football_data_real.csv|data/raw/global_acquisition/football_data/2223_D1.csv
2023-05-13,wolfsburg,hoffenheim,2,data/raw/bundesliga_2022_2023_football_data_real.csv|data/raw/global_acquisition/football_data/2223_D1.csv
2023-05-14,arsenal,brighton,2,data/raw/epl_2022_2023_football_data_real.csv|data/raw/global_acquisition/football_data/2223_E0.csv
2023-05-14,brentford,westham,2,data/raw/epl_2022_2023_football_data_real.csv|data/raw/global_acquisition/football_data/2223_E0.csv
2023-05-14,everton,mancity,2,data/raw/epl_2022_2023_football_data_real.csv|data/raw/global_acquisition/football_data/2223_E0.csv
2023-05-14,rbleipzig,werderbremen,2,data/raw/bundesliga_2022_2023_football_data_real.csv|data/raw/global_acquisition/football_data/2223_D1.csv
2023-05-14,stuttgart,leverkusen,2,data/raw/bundesliga_2022_2023_football_data_real.csv|data/raw/global_acquisition/football_data/2223_D1.csv
2023-05-15,leicester,liverpool,2,data/raw/epl_2022_2023_football_data_real.csv|data/raw/global_acquisition/football_data/2223_E0.csv
2023-05-18,newcastle,brighton,2,data/raw/epl_2022_2023_football_data_real.csv|data/raw/global_acquisition/football_data/2223_E0.csv
2023-05-19,freiburg,wolfsburg,2,data/raw/bundesliga_2022_2023_football_data_real.csv|data/raw/global_acquisition/football_data/2223_D1.csv
2023-05-20,bayernmunich,rbleipzig,2,data/raw/bundesliga_2022_2023_football_data_real.csv|data/raw/global_acquisition/football_data/2223_D1.csv
2023-05-20,bournemouth,manunited,2,data/raw/epl_2022_2023_football_data_real.csv|data/raw/global_acquisition/football_data/2223_E0.csv
2023-05-20,fulham,crystalpalace,2,data/raw/epl_2022_2023_football_data_real.csv|data/raw/global_acquisition/football_data/2223_E0.csv
2023-05-20,hertha,bochum,2,data/raw/bundesliga_2022_2023_football_data_real.csv|data/raw/global_acquisition/football_data/2223_D1.csv
2023-05-20,hoffenheim,unionberlin,2,data/raw/bundesliga_2022_2023_football_data_real.csv|data/raw/global_acquisition/football_data/2223_D1.csv
2023-05-20,liverpool,astonvilla,2,data/raw/epl_2022_2023_football_data_real.csv|data/raw/global_acquisition/football_data/2223_E0.csv
2023-05-20,nottmforest,arsenal,2,data/raw/epl_2022_2023_football_data_real.csv|data/raw/global_acquisition/football_data/2223_E0.csv
2023-05-20,schalke04,einfrankfurt,2,data/raw/bundesliga_2022_2023_football_data_real.csv|data/raw/global_acquisition/football_data/2223_D1.csv
2023-05-20,tottenham,brentford,2,data/raw/epl_2022_2023_football_data_real.csv|data/raw/global_acquisition/football_data/2223_E0.csv
2023-05-20,werderbremen,fckoln,2,data/raw/bundesliga_2022_2023_football_data_real.csv|data/raw/global_acquisition/football_data/2223_D1.csv
2023-05-20,wolves,everton,2,data/raw/epl_2022_2023_football_data_real.csv|data/raw/global_acquisition/football_data/2223_E0.csv
2023-05-21,augsburg,dortmund,2,data/raw/bundesliga_2022_2023_football_data_real.csv|data/raw/global_acquisition/football_data/2223_D1.csv
2023-05-21,brighton,southampton,2,data/raw/epl_2022_2023_football_data_real.csv|data/raw/global_acquisition/football_data/2223_E0.csv
2023-05-21,leverkusen,mgladbach,2,data/raw/bundesliga_2022_2023_football_data_real.csv|data/raw/global_acquisition/football_data/2223_D1.csv
2023-05-21,mainz,stuttgart,2,data/raw/bundesliga_2022_2023_football_data_real.csv|data/raw/global_acquisition/football_data/2223_D1.csv
2023-05-21,mancity,chelsea,2,data/raw/epl_2022_2023_football_data_real.csv|data/raw/global_acquisition/football_data/2223_E0.csv
2023-05-21,westham,leeds,2,data/raw/epl_2022_2023_football_data_real.csv|data/raw/global_acquisition/football_data/2223_E0.csv
2023-05-22,newcastle,leicester,2,data/raw/epl_2022_2023_football_data_real.csv|data/raw/global_acquisition/football_data/2223_E0.csv
2023-05-24,brighton,mancity,2,data/raw/epl_2022_2023_football_data_real.csv|data/raw/global_acquisition/football_data/2223_E0.csv
2023-05-25,manunited,chelsea,2,data/raw/epl_2022_2023_football_data_real.csv|data/raw/global_acquisition/football_data/2223_E0.csv
2023-05-27,bochum,leverkusen,2,data/raw/bundesliga_2022_2023_football_data_real.csv|data/raw/global_acquisition/football_data/2223_D1.csv
2023-05-27,dortmund,mainz,2,data/raw/bundesliga_2022_2023_football_data_real.csv|data/raw/global_acquisition/football_data/2223_D1.csv
2023-05-27,einfrankfurt,freiburg,2,data/raw/bundesliga_2022_2023_football_data_real.csv|data/raw/global_acquisition/football_data/2223_D1.csv
2023-05-27,fckoln,bayernmunich,2,data/raw/bundesliga_2022_2023_football_data_real.csv|data/raw/global_acquisition/football_data/2223_D1.csv
2023-05-27,mgladbach,augsburg,2,data/raw/bundesliga_2022_2023_football_data_real.csv|data/raw/global_acquisition/football_data/2223_D1.csv
2023-05-27,rbleipzig,schalke04,2,data/raw/bundesliga_2022_2023_football_data_real.csv|data/raw/global_acquisition/football_data/2223_D1.csv
2023-05-27,stuttgart,hoffenheim,2,data/raw/bundesliga_2022_2023_football_data_real.csv|data/raw/global_acquisition/football_data/2223_D1.csv
2023-05-27,unionberlin,werderbremen,2,data/raw/bundesliga_2022_2023_football_data_real.csv|data/raw/global_acquisition/football_data/2223_D1.csv
2023-05-27,wolfsburg,hertha,2,data/raw/bundesliga_2022_2023_football_data_real.csv|data/raw/global_acquisition/football_data/2223_D1.csv
2023-05-28,arsenal,wolves,2,data/raw/epl_2022_2023_football_data_real.csv|data/raw/global_acquisition/football_data/2223_E0.csv
2023-05-28,astonvilla,brighton,2,data/raw/epl_2022_2023_football_data_real.csv|data/raw/global_acquisition/football_data/2223_E0.csv
2023-05-28,brentford,mancity,2,data/raw/epl_2022_2023_football_data_real.csv|data/raw/global_acquisition/football_data/2223_E0.csv
2023-05-28,chelsea,newcastle,2,data/raw/epl_2022_2023_football_data_real.csv|data/raw/global_acquisition/football_data/2223_E0.csv
2023-05-28,crystalpalace,nottmforest,2,data/raw/epl_2022_2023_football_data_real.csv|data/raw/global_acquisition/football_data/2223_E0.csv
2023-05-28,everton,bournemouth,2,data/raw/epl_2022_2023_football_data_real.csv|data/raw/global_acquisition/football_data/2223_E0.csv
2023-05-28,leeds,tottenham,2,data/raw/epl_2022_2023_football_data_real.csv|data/raw/global_acquisition/football_data/2223_E0.csv
2023-05-28,leicester,westham,2,data/raw/epl_2022_2023_football_data_real.csv|data/raw/global_acquisition/football_data/2223_E0.csv
2023-05-28,manunited,fulham,2,data/raw/epl_2022_2023_football_data_real.csv|data/raw/global_acquisition/football_data/2223_E0.csv
2023-05-28,southampton,liverpool,2,data/raw/epl_2022_2023_football_data_real.csv|data/raw/global_acquisition/football_data/2223_E0.csv
2023-08-11,burnley,mancity,2,data/raw/epl_2324_real_pilot.csv|data/raw/global_acquisition/football_data/2324_E0.csv
2023-08-12,arsenal,nottmforest,2,data/raw/epl_2324_real_pilot.csv|data/raw/global_acquisition/football_data/2324_E0.csv
2023-08-12,bournemouth,westham,2,data/raw/epl_2324_real_pilot.csv|data/raw/global_acquisition/football_data/2324_E0.csv
2023-08-12,brighton,luton,2,data/raw/epl_2324_real_pilot.csv|data/raw/global_acquisition/football_data/2324_E0.csv
2023-08-12,everton,fulham,2,data/raw/epl_2324_real_pilot.csv|data/raw/global_acquisition/football_data/2324_E0.csv
2023-08-12,newcastle,astonvilla,2,data/raw/epl_2324_real_pilot.csv|data/raw/global_acquisition/football_data/2324_E0.csv
2023-08-12,sheffieldunited,crystalpalace,2,data/raw/epl_2324_real_pilot.csv|data/raw/global_acquisition/football_data/2324_E0.csv
2023-08-13,brentford,tottenham,2,data/raw/epl_2324_real_pilot.csv|data/raw/global_acquisition/football_data/2324_E0.csv
2023-08-13,chelsea,liverpool,2,data/raw/epl_2324_real_pilot.csv|data/raw/global_acquisition/football_data/2324_E0.csv
2023-08-14,manunited,wolves,2,data/raw/epl_2324_real_pilot.csv|data/raw/global_acquisition/football_data/2324_E0.csv
2023-08-18,nottmforest,sheffieldunited,2,data/raw/epl_2324_real_pilot.csv|data/raw/global_acquisition/football_data/2324_E0.csv
2023-08-19,fulham,brentford,2,data/raw/epl_2324_real_pilot.csv|data/raw/global_acquisition/football_data/2324_E0.csv
2023-08-19,liverpool,bournemouth,2,data/raw/epl_2324_real_pilot.csv|data/raw/global_acquisition/football_data/2324_E0.csv
2023-08-19,mancity,newcastle,2,data/raw/epl_2324_real_pilot.csv|data/raw/global_acquisition/football_data/2324_E0.csv
2023-08-19,tottenham,manunited,2,data/raw/epl_2324_real_pilot.csv|data/raw/global_acquisition/football_data/2324_E0.csv
2023-08-19,wolves,brighton,2,data/raw/epl_2324_real_pilot.csv|data/raw/global_acquisition/football_data/2324_E0.csv
2023-08-20,astonvilla,everton,2,data/raw/epl_2324_real_pilot.csv|data/raw/global_acquisition/football_data/2324_E0.csv
2023-08-20,westham,chelsea,2,data/raw/epl_2324_real_pilot.csv|data/raw/global_acquisition/football_data/2324_E0.csv
2023-08-21,crystalpalace,arsenal,2,data/raw/epl_2324_real_pilot.csv|data/raw/global_acquisition/football_data/2324_E0.csv
2023-08-25,chelsea,luton,2,data/raw/epl_2324_real_pilot.csv|data/raw/global_acquisition/football_data/2324_E0.csv
2023-08-26,arsenal,fulham,2,data/raw/epl_2324_real_pilot.csv|data/raw/global_acquisition/football_data/2324_E0.csv
2023-08-26,bournemouth,tottenham,2,data/raw/epl_2324_real_pilot.csv|data/raw/global_acquisition/football_data/2324_E0.csv
2023-08-26,brentford,crystalpalace,2,data/raw/epl_2324_real_pilot.csv|data/raw/global_acquisition/football_data/2324_E0.csv
2023-08-26,brighton,westham,2,data/raw/epl_2324_real_pilot.csv|data/raw/global_acquisition/football_data/2324_E0.csv
2023-08-26,everton,wolves,2,data/raw/epl_2324_real_pilot.csv|data/raw/global_acquisition/football_data/2324_E0.csv
2023-08-26,manunited,nottmforest,2,data/raw/epl_2324_real_pilot.csv|data/raw/global_acquisition/football_data/2324_E0.csv
2023-08-27,burnley,astonvilla,2,data/raw/epl_2324_real_pilot.csv|data/raw/global_acquisition/football_data/2324_E0.csv
2023-08-27,newcastle,liverpool,2,data/raw/epl_2324_real_pilot.csv|data/raw/global_acquisition/football_data/2324_E0.csv
2023-08-27,sheffieldunited,mancity,2,data/raw/epl_2324_real_pilot.csv|data/raw/global_acquisition/football_data/2324_E0.csv
2023-09-01,luton,westham,2,data/raw/epl_2324_real_pilot.csv|data/raw/global_acquisition/football_data/2324_E0.csv
