match_id,source,source_file,source_hash,acquisition_timestamp,season,league,source_url
global-efd30652bd9cb979482eeb2a,Football-Data.co.uk,data/raw/epl_2020_2021_football_data_real.csv,5afe63f69401457b8354eaacee24f9a3e520b3c3af6329564a9783e20d789c62,2026-08-20T17:00:00Z,2020-21,Premier League,https://www.football-data.co.uk/mmz4281/2021/E0.csv
global-180de100316a79d3f845c54b,Football-Data.co.uk,data/raw/epl_2020_2021_football_data_real.csv,5afe63f69401457b8354eaacee24f9a3e520b3c3af6329564a9783e20d789c62,2026-08-20T17:00:00Z,2020-21,Premier League,https://www.football-data.co.uk/mmz4281/2021/E0.csv
global-9058467b60d807701cf91e98,Football-Data.co.uk,data/raw/epl_2020_2021_football_data_real.csv,5afe63f69401457b8354eaacee24f9a3e520b3c3af6329564a9783e20d789c62,2026-08-20T17:00:00Z,2020-21,Premier League,https://www.football-data.co.uk/mmz4281/2021/E0.csv
global-026c2c5fa9e7328a3aae1e3e,Football-Data.co.uk,data/raw/epl_2020_2021_football_data_real.csv,5afe63f69401457b8354eaacee24f9a3e520b3c3af6329564a9783e20d789c62,2026-08-20T17:00:00Z,2020-21,Premier League,https://www.football-data.co.uk/mmz4281/2021/E0.csv
global-bac4ab8d5c6cc0e761e9dd69,Football-Data.co.uk,data/raw/epl_2020_2021_football_data_real.csv,5afe63f69401457b8354eaacee24f9a3e520b3c3af6329564a9783e20d789c62,2026-08-20T17:00:00Z,2020-21,Premier League,https://www.football-data.co.uk/mmz4281/2021/E0.csv
global-f9ee734802a30a533d4d6141,Football-Data.co.uk,data/raw/epl_2020_2021_football_data_real.csv,5afe63f69401457b8354eaacee24f9a3e520b3c3af6329564a9783e20d789c62,2026-08-20T17:00:00Z,2020-21,Premier League,https://www.football-data.co.uk/mmz4281/2021/E0.csv
global-90b1caa99df08b2d2d5331f1,Football-Data.co.uk,data/raw/epl_2020_2021_football_data_real.csv,5afe63f69401457b8354eaacee24f9a3e520b3c3af6329564a9783e20d789c62,2026-08-20T17:00:00Z,2020-21,Premier League,https://www.football-data.co.uk/mmz4281/2021/E0.csv
global-9ebe0dd2914a32be65a5deec,Football-Data.co.uk,data/raw/epl_2020_2021_football_data_real.csv,5afe63f69401457b8354eaacee24f9a3e520b3c3af6329564a9783e20d789c62,2026-08-20T17:00:00Z,2020-21,Premier League,https://www.football-data.co.uk/mmz4281/2021/E0.csv
global-507b644e71bbc4dbe8f20843,Football-Data.co.uk,data/raw/epl_2020_2021_football_data_real.csv,5afe63f69401457b8354eaacee24f9a3e520b3c3af6329564a9783e20d789c62,2026-08-20T17:00:00Z,2020-21,Premier League,https://www.football-data.co.uk/mmz4281/2021/E0.csv
global-6aeab18e8733e73799ffd66c,Football-Data.co.uk,data/raw/epl_2020_2021_football_data_real.csv,5afe63f69401457b8354eaacee24f9a3e520b3c3af6329564a9783e20d789c62,2026-08-20T17:00:00Z,2020-21,Premier League,https://www.football-data.co.uk/mmz4281/2021/E0.csv
global-1c7a13f26a4647e0c5d495b2,Football-Data.co.uk,data/raw/epl_2020_2021_football_data_real.csv,5afe63f69401457b8354eaacee24f9a3e520b3c3af6329564a9783e20d789c62,2026-08-20T17:00:00Z,2020-21,Premier League,https://www.football-data.co.uk/mmz4281/2021/E0.csv
global-e7b3f1772aee02d4fec17a8f,Football-Data.co.uk,data/raw/epl_2020_2021_football_data_real.csv,5afe63f69401457b8354eaacee24f9a3e520b3c3af6329564a9783e20d789c62,2026-08-20T17:00:00Z,2020-21,Premier League,https://www.football-data.co.uk/mmz4281/2021/E0.csv
global-710ac7c61c28327e9763b3e0,Football-Data.co.uk,data/raw/epl_2020_2021_football_data_real.csv,5afe63f69401457b8354eaacee24f9a3e520b3c3af6329564a9783e20d789c62,2026-08-20T17:00:00Z,2020-21,Premier League,https://www.football-data.co.uk/mmz4281/2021/E0.csv
global-56981731de20166c0f1d06d9,Football-Data.co.uk,data/raw/epl_2020_2021_football_data_real.csv,5afe63f69401457b8354eaacee24f9a3e520b3c3af6329564a9783e20d789c62,2026-08-20T17:00:00Z,2020-21,Premier League,https://www.football-data.co.uk/mmz4281/2021/E0.csv
global-bdf066f03c4f9c215a0aee03,Football-Data.co.uk,data/raw/epl_2020_2021_football_data_real.csv,5afe63f69401457b8354eaacee24f9a3e520b3c3af6329564a9783e20d789c62,2026-08-20T17:00:00Z,2020-21,Premier League,https://www.football-data.co.uk/mmz4281/2021/E0.csv
global-65332ae04c34cb302863dd1c,Football-Data.co.uk,data/raw/epl_2020_2021_football_data_real.csv,5afe63f69401457b8354eaacee24f9a3e520b3c3af6329564a9783e20d789c62,2026-08-20T17:00:00Z,2020-21,Premier League,https://www.football-data.co.uk/mmz4281/2021/E0.csv
global-f80ef1029b976fe3b8f3891d,Football-Data.co.uk,data/raw/epl_2020_2021_football_data_real.csv,5afe63f69401457b8354eaacee24f9a3e520b3c3af6329564a9783e20d789c62,2026-08-20T17:00:00Z,2020-21,Premier League,https://www.football-data.co.uk/mmz4281/2021/E0.csv
global-621de97677c3606089f52b50,Football-Data.co.uk,data/raw/epl_2020_2021_football_data_real.csv,5afe63f69401457b8354eaacee24f9a3e520b3c3af6329564a9783e20d789c62,2026-08-20T17:00:00Z,2020-21,Premier League,https://www.football-data.co.uk/mmz4281/2021/E0.csv
global-ea08bacef7fdc881bf6aef12,Football-Data.co.uk,data/raw/epl_2020_2021_football_data_real.csv,5afe63f69401457b8354eaacee24f9a3e520b3c3af6329564a9783e20d789c62,2026-08-20T17:00:00Z,2020-21,Premier League,https://www.football-data.co.uk/mmz4281/2021/E0.csv
global-253b2f793d43509b84c84891,Football-Data.co.uk,data/raw/epl_2020_2021_football_data_real.csv,5afe63f69401457b8354eaacee24f9a3e520b3c3af6329564a9783e20d789c62,2026-08-20T17:00:00Z,2020-21,Premier League,https://www.football-data.co.uk/mmz4281/2021/E0.csv
global-52cdb9baaf45a520a5987537,Football-Data.co.uk,data/raw/epl_2020_2021_football_data_real.csv,5afe63f69401457b8354eaacee24f9a3e520b3c3af6329564a9783e20d789c62,2026-08-20T17:00:00Z,2020-21,Premier League,https://www.football-data.co.uk/mmz4281/2021/E0.csv
global-34600b67d61f06592750d3f7,Football-Data.co.uk,data/raw/epl_2020_2021_football_data_real.csv,5afe63f69401457b8354eaacee24f9a3e520b3c3af6329564a9783e20d789c62,2026-08-20T17:00:00Z,2020-21,Premier League,https://www.football-data.co.uk/mmz4281/2021/E0.csv
global-7f25cc04090b29a2a65049dd,Football-Data.co.uk,data/raw/epl_2020_2021_football_data_real.csv,5afe63f69401457b8354eaacee24f9a3e520b3c3af6329564a9783e20d789c62,2026-08-20T17:00:00Z,2020-21,Premier League,https://www.football-data.co.uk/mmz4281/2021/E0.csv
global-6899872f7bd4198a2ecdce90,Football-Data.co.uk,data/raw/epl_2020_2021_football_data_real.csv,5afe63f69401457b8354eaacee24f9a3e520b3c3af6329564a9783e20d789c62,2026-08-20T17:00:00Z,2020-21,Premier League,https://www.football-data.co.uk/mmz4281/2021/E0.csv
global-2edd30ee49f9daa2796457f6,Football-Data.co.uk,data/raw/epl_2020_2021_football_data_real.csv,5afe63f69401457b8354eaacee24f9a3e520b3c3af6329564a9783e20d789c62,2026-08-20T17:00:00Z,2020-21,Premier League,https://www.football-data.co.uk/mmz4281/2021/E0.csv
global-4721bb9f764bf2ee2a0eafcb,Football-Data.co.uk,data/raw/epl_2020_2021_football_data_real.csv,5afe63f69401457b8354eaacee24f9a3e520b3c3af6329564a9783e20d789c62,2026-08-20T17:00:00Z,2020-21,Premier League,https://www.football-data.co.uk/mmz4281/2021/E0.csv
global-f4ed05d9b84ea253befff4b4,Football-Data.co.uk,data/raw/epl_2020_2021_football_data_real.csv,5afe63f69401457b8354eaacee24f9a3e520b3c3af6329564a9783e20d789c62,2026-08-20T17:00:00Z,2020-21,Premier League,https://www.football-data.co.uk/mmz4281/2021/E0.csv
global-9b9b1280614046cf39531e03,Football-Data.co.uk,data/raw/epl_2020_2021_football_data_real.csv,5afe63f69401457b8354eaacee24f9a3e520b3c3af6329564a9783e20d789c62,2026-08-20T17:00:00Z,2020-21,Premier League,https://www.football-data.co.uk/mmz4281/2021/E0.csv
global-9e042c52c52e4425b1e121b3,Football-Data.co.uk,data/raw/epl_2020_2021_football_data_real.csv,5afe63f69401457b8354eaacee24f9a3e520b3c3af6329564a9783e20d789c62,2026-08-20T17:00:00Z,2020-21,Premier League,https://www.football-data.co.uk/mmz4281/2021/E0.csv
global-2a350cd54d04444567df56b5,Football-Data.co.uk,data/raw/epl_2020_2021_football_data_real.csv,5afe63f69401457b8354eaacee24f9a3e520b3c3af6329564a9783e20d789c62,2026-08-20T17:00:00Z,2020-21,Premier League,https://www.football-data.co.uk/mmz4281/2021/E0.csv
global-e962852d1d006f40f13d5501,Football-Data.co.uk,data/raw/epl_2020_2021_football_data_real.csv,5afe63f69401457b8354eaacee24f9a3e520b3c3af6329564a9783e20d789c62,2026-08-20T17:00:00Z,2020-21,Premier League,https://www.football-data.co.uk/mmz4281/2021/E0.csv
global-74394bfd6237df62e2da5340,Football-Data.co.uk,data/raw/epl_2020_2021_football_data_real.csv,5afe63f69401457b8354eaacee24f9a3e520b3c3af6329564a9783e20d789c62,2026-08-20T17:00:00Z,2020-21,Premier League,https://www.football-data.co.uk/mmz4281/2021/E0.csv
global-5726d6a1b2280b2f70a5e43f,Football-Data.co.uk,data/raw/epl_2020_2021_football_data_real.csv,5afe63f69401457b8354eaacee24f9a3e520b3c3af6329564a9783e20d789c62,2026-08-20T17:00:00Z,2020-21,Premier League,https://www.football-data.co.uk/mmz4281/2021/E0.csv
global-9d5141f5f7003017cc5d3681,Football-Data.co.uk,data/raw/epl_2020_2021_football_data_real.csv,5afe63f69401457b8354eaacee24f9a3e520b3c3af6329564a9783e20d789c62,2026-08-20T17:00:00Z,2020-21,Premier League,https://www.football-data.co.uk/mmz4281/2021/E0.csv
global-2fd27af85d64ca77be460774,Football-Data.co.uk,data/raw/epl_2020_2021_football_data_real.csv,5afe63f69401457b8354eaacee24f9a3e520b3c3af6329564a9783e20d789c62,2026-08-20T17:00:00Z,2020-21,Premier League,https://www.football-data.co.uk/mmz4281/2021/E0.csv
global-c6d98b830ce360fdbba6e9e2,Football-Data.co.uk,data/raw/epl_2020_2021_football_data_real.csv,5afe63f69401457b8354eaacee24f9a3e520b3c3af6329564a9783e20d789c62,2026-08-20T17:00:00Z,2020-21,Premier League,https://www.football-data.co.uk/mmz4281/2021/E0.csv
global-d740009bff82305b4326c5f1,Football-Data.co.uk,data/raw/epl_2020_2021_football_data_real.csv,5afe63f69401457b8354eaacee24f9a3e520b3c3af6329564a9783e20d789c62,2026-08-20T17:00:00Z,2020-21,Premier League,https://www.football-data.co.uk/mmz4281/2021/E0.csv
global-038784ef46a49a0d38a70041,Football-Data.co.uk,data/raw/epl_2020_2021_football_data_real.csv,5afe63f69401457b8354eaacee24f9a3e520b3c3af6329564a9783e20d789c62,2026-08-20T17:00:00Z,2020-21,Premier League,https://www.football-data.co.uk/mmz4281/2021/E0.csv
global-db4807a7efad16f2111c86ff,Football-Data.co.uk,data/raw/epl_2020_2021_football_data_real.csv,5afe63f69401457b8354eaacee24f9a3e520b3c3af6329564a9783e20d789c62,2026-08-20T17:00:00Z,2020-21,Premier League,https://www.football-data.co.uk/mmz4281/2021/E0.csv
global-f59c35e6513713f83a8cf86d,Football-Data.co.uk,data/raw/epl_2020_2021_football_data_real.csv,5afe63f69401457b8354eaacee24f9a3e520b3c3af6329564a9783e20d789c62,2026-08-20T17:00:00Z,2020-21,Premier League,https://www.football-data.co.uk/mmz4281/2021/E0.csv
global-8804e45a12717025d1879755,Football-Data.co.uk,data/raw/epl_2020_2021_football_data_real.csv,5afe63f69401457b8354eaacee24f9a3e520b3c3af6329564a9783e20d789c62,2026-08-20T17:00:00Z,2020-21,Premier League,https://www.football-data.co.uk/mmz4281/2021/E0.csv
global-c3b73ee787d81e607004d6b1,Football-Data.co.uk,data/raw/epl_2020_2021_football_data_real.csv,5afe63f69401457b8354eaacee24f9a3e520b3c3af6329564a9783e20d789c62,2026-08-20T17:00:00Z,2020-21,Premier League,https://www.football-data.co.uk/mmz4281/2021/E0.csv
global-26d10cbf04886e8de5af77b9,Football-Data.co.uk,data/raw/epl_2020_2021_football_data_real.csv,5afe63f69401457b8354eaacee24f9a3e520b3c3af6329564a9783e20d789c62,2026-08-20T17:00:00Z,2020-21,Premier League,https://www.football-data.co.uk/mmz4281/2021/E0.csv
global-b250862a10cabbea53f0b379,Football-Data.co.uk,data/raw/epl_2020_2021_football_data_real.csv,5afe63f69401457b8354eaacee24f9a3e520b3c3af6329564a9783e20d789c62,2026-08-20T17:00:00Z,2020-21,Premier League,https://www.football-data.co.uk/mmz4281/2021/E0.csv
global-fa930954288223cd65166f1a,Football-Data.co.uk,data/raw/epl_2020_2021_football_data_real.csv,5afe63f69401457b8354eaacee24f9a3e520b3c3af6329564a9783e20d789c62,2026-08-20T17:00:00Z,2020-21,Premier League,https://www.football-data.co.uk/mmz4281/2021/E0.csv
global-a23923491069944c87855443,Football-Data.co.uk,data/raw/epl_2020_2021_football_data_real.csv,5afe63f69401457b8354eaacee24f9a3e520b3c3af6329564a9783e20d789c62,2026-08-20T17:00:00Z,2020-21,Premier League,https://www.football-data.co.uk/mmz4281/2021/E0.csv
global-aa90eaf5192685a0779d2e66,Football-Data.co.uk,data/raw/epl_2020_2021_football_data_real.csv,5afe63f69401457b8354eaacee24f9a3e520b3c3af6329564a9783e20d789c62,2026-08-20T17:00:00Z,2020-21,Premier League,https://www.football-data.co.uk/mmz4281/2021/E0.csv
global-479012d50e9a1271f367124e,Football-Data.co.uk,data/raw/epl_2020_2021_football_data_real.csv,5afe63f69401457b8354eaacee24f9a3e520b3c3af6329564a9783e20d789c62,2026-08-20T17:00:00Z,2020-21,Premier League,https://www.football-data.co.uk/mmz4281/2021/E0.csv
global-c06669f9d7aaa8be3e0980c0,Football-Data.co.uk,data/raw/epl_2020_2021_football_data_real.csv,5afe63f69401457b8354eaacee24f9a3e520b3c3af6329564a9783e20d789c62,2026-08-20T17:00:00Z,2020-21,Premier League,https://www.football-data.co.uk/mmz4281/2021/E0.csv
global-fc541a9d9b39fa851787917d,Football-Data.co.uk,data/raw/epl_2020_2021_football_data_real.csv,5afe63f69401457b8354eaacee24f9a3e520b3c3af6329564a9783e20d789c62,2026-08-20T17:00:00Z,2020-21,Premier League,https://www.football-data.co.uk/mmz4281/2021/E0.csv
global-fee3ea9e9f4d1cb14db5e159,Football-Data.co.uk,data/raw/epl_2020_2021_football_data_real.csv,5afe63f69401457b8354eaacee24f9a3e520b3c3af6329564a9783e20d789c62,2026-08-20T17:00:00Z,2020-21,Premier League,https://www.football-data.co.uk/mmz4281/2021/E0.csv
global-01bf9711b30944ed6510e91e,Football-Data.co.uk,data/raw/epl_2020_2021_football_data_real.csv,5afe63f69401457b8354eaacee24f9a3e520b3c3af6329564a9783e20d789c62,2026-08-20T17:00:00Z,2020-21,Premier League,https://www.football-data.co.uk/mmz4281/2021/E0.csv
global-9c6fd68197914f394360e1a3,Football-Data.co.uk,data/raw/epl_2020_2021_football_data_real.csv,5afe63f69401457b8354eaacee24f9a3e520b3c3af6329564a9783e20d789c62,2026-08-20T17:00:00Z,2020-21,Premier League,https://www.football-data.co.uk/mmz4281/2021/E0.csv
global-7180d5140a489bd9abf0dff6,Football-Data.co.uk,data/raw/epl_2020_2021_football_data_real.csv,5afe63f69401457b8354eaacee24f9a3e520b3c3af6329564a9783e20d789c62,2026-08-20T17:00:00Z,2020-21,Premier League,https://www.football-data.co.uk/mmz4281/2021/E0.csv
global-b52244617b717ce25cc6c7cf,Football-Data.co.uk,data/raw/epl_2020_2021_football_data_real.csv,5afe63f69401457b8354eaacee24f9a3e520b3c3af6329564a9783e20d789c62,2026-08-20T17:00:00Z,2020-21,Premier League,https://www.football-data.co.uk/mmz4281/2021/E0.csv
global-fb6fa76785480ca2e5c11d0a,Football-Data.co.uk,data/raw/epl_2020_2021_football_data_real.csv,5afe63f69401457b8354eaacee24f9a3e520b3c3af6329564a9783e20d789c62,2026-08-20T17:00:00Z,2020-21,Premier League,https://www.football-data.co.uk/mmz4281/2021/E0.csv
global-b1b607d79e5b79cacff1fe3e,Football-Data.co.uk,data/raw/epl_2020_2021_football_data_real.csv,5afe63f69401457b8354eaacee24f9a3e520b3c3af6329564a9783e20d789c62,2026-08-20T17:00:00Z,2020-21,Premier League,https://www.football-data.co.uk/mmz4281/2021/E0.csv
global-520f385a44aa976a5f91a8d2,Football-Data.co.uk,data/raw/epl_2020_2021_football_data_real.csv,5afe63f69401457b8354eaacee24f9a3e520b3c3af6329564a9783e20d789c62,2026-08-20T17:00:00Z,2020-21,Premier League,https://www.football-data.co.uk/mmz4281/2021/E0.csv
global-dece312477f2ddc09165b560,Football-Data.co.uk,data/raw/epl_2020_2021_football_data_real.csv,5afe63f69401457b8354eaacee24f9a3e520b3c3af6329564a9783e20d789c62,2026-08-20T17:00:00Z,2020-21,Premier League,https://www.football-data.co.uk/mmz4281/2021/E0.csv
global-a7cbceaf8bcb1e4bee68c5e0,Football-Data.co.uk,data/raw/epl_2020_2021_football_data_real.csv,5afe63f69401457b8354eaacee24f9a3e520b3c3af6329564a9783e20d789c62,2026-08-20T17:00:00Z,2020-21,Premier League,https://www.football-data.co.uk/mmz4281/2021/E0.csv
global-66176cfbfd0120f4e4fd2160,Football-Data.co.uk,data/raw/epl_2020_2021_football_data_real.csv,5afe63f69401457b8354eaacee24f9a3e520b3c3af6329564a9783e20d789c62,2026-08-20T17:00:00Z,2020-21,Premier League,https://www.football-data.co.uk/mmz4281/2021/E0.csv
global-45812beab87e3e89a85769f0,Football-Data.co.uk,data/raw/epl_2020_2021_football_data_real.csv,5afe63f69401457b8354eaacee24f9a3e520b3c3af6329564a9783e20d789c62,2026-08-20T17:00:00Z,2020-21,Premier League,https://www.football-data.co.uk/mmz4281/2021/E0.csv
global-4f4e17c6edf1ca3b54bcccc4,Football-Data.co.uk,data/raw/epl_2020_2021_football_data_real.csv,5afe63f69401457b8354eaacee24f9a3e520b3c3af6329564a9783e20d789c62,2026-08-20T17:00:00Z,2020-21,Premier League,https://www.football-data.co.uk/mmz4281/2021/E0.csv
global-0ae11eb2e6597e00c6122aee,Football-Data.co.uk,data/raw/epl_2020_2021_football_data_real.csv,5afe63f69401457b8354eaacee24f9a3e520b3c3af6329564a9783e20d789c62,2026-08-20T17:00:00Z,2020-21,Premier League,https://www.football-data.co.uk/mmz4281/2021/E0.csv
global-fecd866f29809da340811cf5,Football-Data.co.uk,data/raw/epl_2020_2021_football_data_real.csv,5afe63f69401457b8354eaacee24f9a3e520b3c3af6329564a9783e20d789c62,2026-08-20T17:00:00Z,2020-21,Premier League,https://www.football-data.co.uk/mmz4281/2021/E0.csv
global-8cac8e7eb3c5616f7bb4451b,Football-Data.co.uk,data/raw/epl_2020_2021_football_data_real.csv,5afe63f69401457b8354eaacee24f9a3e520b3c3af6329564a9783e20d789c62,2026-08-20T17:00:00Z,2020-21,Premier League,https://www.football-data.co.uk/mmz4281/2021/E0.csv
global-c32e8375afbe8c40c3ad9112,Football-Data.co.uk,data/raw/epl_2020_2021_football_data_real.csv,5afe63f69401457b8354eaacee24f9a3e520b3c3af6329564a9783e20d789c62,2026-08-20T17:00:00Z,2020-21,Premier League,https://www.football-data.co.uk/mmz4281/2021/E0.csv
global-26639ddc7467ffb1b153ae34,Football-Data.co.uk,data/raw/epl_2020_2021_football_data_real.csv,5afe63f69401457b8354eaacee24f9a3e520b3c3af6329564a9783e20d789c62,2026-08-20T17:00:00Z,2020-21,Premier League,https://www.football-data.co.uk/mmz4281/2021/E0.csv
global-675223ac8f517228e6ac585d,Football-Data.co.uk,data/raw/epl_2020_2021_football_data_real.csv,5afe63f69401457b8354eaacee24f9a3e520b3c3af6329564a9783e20d789c62,2026-08-20T17:00:00Z,2020-21,Premier League,https://www.football-data.co.uk/mmz4281/2021/E0.csv
global-015163102fe8a0cf41876d50,Football-Data.co.uk,data/raw/epl_2020_2021_football_data_real.csv,5afe63f69401457b8354eaacee24f9a3e520b3c3af6329564a9783e20d789c62,2026-08-20T17:00:00Z,2020-21,Premier League,https://www.football-data.co.uk/mmz4281/2021/E0.csv
global-864b17f406e12b2698b5b403,Football-Data.co.uk,data/raw/epl_2020_2021_football_data_real.csv,5afe63f69401457b8354eaacee24f9a3e520b3c3af6329564a9783e20d789c62,2026-08-20T17:00:00Z,2020-21,Premier League,https://www.football-data.co.uk/mmz4281/2021/E0.csv
global-856d2e0f005609cc0ffca473,Football-Data.co.uk,data/raw/epl_2020_2021_football_data_real.csv,5afe63f69401457b8354eaacee24f9a3e520b3c3af6329564a9783e20d789c62,2026-08-20T17:00:00Z,2020-21,Premier League,https://www.football-data.co.uk/mmz4281/2021/E0.csv
global-527aaf463c47934c1cfc44a2,Football-Data.co.uk,data/raw/epl_2020_2021_football_data_real.csv,5afe63f69401457b8354eaacee24f9a3e520b3c3af6329564a9783e20d789c62,2026-08-20T17:00:00Z,2020-21,Premier League,https://www.football-data.co.uk/mmz4281/2021/E0.csv
global-7b3209a2738817c98bc1dc2e,Football-Data.co.uk,data/raw/epl_2020_2021_football_data_real.csv,5afe63f69401457b8354eaacee24f9a3e520b3c3af6329564a9783e20d789c62,2026-08-20T17:00:00Z,2020-21,Premier League,https://www.football-data.co.uk/mmz4281/2021/E0.csv
global-86fa9db8ecf3ddd06b8b9081,Football-Data.co.uk,data/raw/epl_2020_2021_football_data_real.csv,5afe63f69401457b8354eaacee24f9a3e520b3c3af6329564a9783e20d789c62,2026-08-20T17:00:00Z,2020-21,Premier League,https://www.football-data.co.uk/mmz4281/2021/E0.csv
global-6c4fd1b7b810a6b55d56f864,Football-Data.co.uk,data/raw/epl_2020_2021_football_data_real.csv,5afe63f69401457b8354eaacee24f9a3e520b3c3af6329564a9783e20d789c62,2026-08-20T17:00:00Z,2020-21,Premier League,https://www.football-data.co.uk/mmz4281/2021/E0.csv
global-5d6473d2554142cd8406efd5,Football-Data.co.uk,data/raw/epl_2020_2021_football_data_real.csv,5afe63f69401457b8354eaacee24f9a3e520b3c3af6329564a9783e20d789c62,2026-08-20T17:00:00Z,2020-21,Premier League,https://www.football-data.co.uk/mmz4281/2021/E0.csv
global-fd8105d0556ac0aefb950b40,Football-Data.co.uk,data/raw/epl_2020_2021_football_data_real.csv,5afe63f69401457b8354eaacee24f9a3e520b3c3af6329564a9783e20d789c62,2026-08-20T17:00:00Z,2020-21,Premier League,https://www.football-data.co.uk/mmz4281/2021/E0.csv
global-a923372eb18e3610bda8dbb0,Football-Data.co.uk,data/raw/epl_2020_2021_football_data_real.csv,5afe63f69401457b8354eaacee24f9a3e520b3c3af6329564a9783e20d789c62,2026-08-20T17:00:00Z,2020-21,Premier League,https://www.football-data.co.uk/mmz4281/2021/E0.csv
global-dee0c035aca9d4ff57f89841,Football-Data.co.uk,data/raw/epl_2020_2021_football_data_real.csv,5afe63f69401457b8354eaacee24f9a3e520b3c3af6329564a9783e20d789c62,2026-08-20T17:00:00Z,2020-21,Premier League,https://www.football-data.co.uk/mmz4281/2021/E0.csv
global-c1958398cf9c0449b8165a9f,Football-Data.co.uk,data/raw/epl_2020_2021_football_data_real.csv,5afe63f69401457b8354eaacee24f9a3e520b3c3af6329564a9783e20d789c62,2026-08-20T17:00:00Z,2020-21,Premier League,https://www.football-data.co.uk/mmz4281/2021/E0.csv
global-c8abc5491c246f35278ff1e9,Football-Data.co.uk,data/raw/epl_2020_2021_football_data_real.csv,5afe63f69401457b8354eaacee24f9a3e520b3c3af6329564a9783e20d789c62,2026-08-20T17:00:00Z,2020-21,Premier League,https://www.football-data.co.uk/mmz4281/2021/E0.csv
global-b20f3208c4ec3ee7bcce0310,Football-Data.co.uk,data/raw/epl_2020_2021_football_data_real.csv,5afe63f69401457b8354eaacee24f9a3e520b3c3af6329564a9783e20d789c62,2026-08-20T17:00:00Z,2020-21,Premier League,https://www.football-data.co.uk/mmz4281/2021/E0.csv
global-539e3bec37cdf1fba5693316,Football-Data.co.uk,data/raw/epl_2020_2021_football_data_real.csv,5afe63f69401457b8354eaacee24f9a3e520b3c3af6329564a9783e20d789c62,2026-08-20T17:00:00Z,2020-21,Premier League,https://www.football-data.co.uk/mmz4281/2021/E0.csv
global-f7b6b0108394fe41b0e489c0,Football-Data.co.uk,data/raw/epl_2020_2021_football_data_real.csv,5afe63f69401457b8354eaacee24f9a3e520b3c3af6329564a9783e20d789c62,2026-08-20T17:00:00Z,2020-21,Premier League,https://www.football-data.co.uk/mmz4281/2021/E0.csv
global-3a76279fbcdc5a0cf2a479cb,Football-Data.co.uk,data/raw/epl_2020_2021_football_data_real.csv,5afe63f69401457b8354eaacee24f9a3e520b3c3af6329564a9783e20d789c62,2026-08-20T17:00:00Z,2020-21,Premier League,https://www.football-data.co.uk/mmz4281/2021/E0.csv
global-a6e70ddeada4955ca0672c20,Football-Data.co.uk,data/raw/epl_2020_2021_football_data_real.csv,5afe63f69401457b8354eaacee24f9a3e520b3c3af6329564a9783e20d789c62,2026-08-20T17:00:00Z,2020-21,Premier League,https://www.football-data.co.uk/mmz4281/2021/E0.csv
global-d83fe6475157b83c21ff1aa3,Football-Data.co.uk,data/raw/epl_2020_2021_football_data_real.csv,5afe63f69401457b8354eaacee24f9a3e520b3c3af6329564a9783e20d789c62,2026-08-20T17:00:00Z,2020-21,Premier League,https://www.football-data.co.uk/mmz4281/2021/E0.csv
global-dc3e46f0f22f2d7cbac5c931,Football-Data.co.uk,data/raw/epl_2020_2021_football_data_real.csv,5afe63f69401457b8354eaacee24f9a3e520b3c3af6329564a9783e20d789c62,2026-08-20T17:00:00Z,2020-21,Premier League,https://www.football-data.co.uk/mmz4281/2021/E0.csv
global-ea77cb6368d9682bf8ad15ab,Football-Data.co.uk,data/raw/epl_2020_2021_football_data_real.csv,5afe63f69401457b8354eaacee24f9a3e520b3c3af6329564a9783e20d789c62,2026-08-20T17:00:00Z,2020-21,Premier League,https://www.football-data.co.uk/mmz4281/2021/E0.csv
global-3e2a2696ea99ed43d8801451,Football-Data.co.uk,data/raw/epl_2020_2021_football_data_real.csv,5afe63f69401457b8354eaacee24f9a3e520b3c3af6329564a9783e20d789c62,2026-08-20T17:00:00Z,2020-21,Premier League,https://www.football-data.co.uk/mmz4281/2021/E0.csv
global-94e3bff8d54bc27fe919e724,Football-Data.co.uk,data/raw/epl_2020_2021_football_data_real.csv,5afe63f69401457b8354eaacee24f9a3e520b3c3af6329564a9783e20d789c62,2026-08-20T17:00:00Z,2020-21,Premier League,https://www.football-data.co.uk/mmz4281/2021/E0.csv
global-f244d443e87d784d43bf7f3a,Football-Data.co.uk,data/raw/epl_2020_2021_football_data_real.csv,5afe63f69401457b8354eaacee24f9a3e520b3c3af6329564a9783e20d789c62,2026-08-20T17:00:00Z,2020-21,Premier League,https://www.football-data.co.uk/mmz4281/2021/E0.csv
global-c0d314aca383d674a00d1eda,Football-Data.co.uk,data/raw/epl_2020_2021_football_data_real.csv,5afe63f69401457b8354eaacee24f9a3e520b3c3af6329564a9783e20d789c62,2026-08-20T17:00:00Z,2020-21,Premier League,https://www.football-data.co.uk/mmz4281/2021/E0.csv
global-cb45145f200eac500a06228b,Football-Data.co.uk,data/raw/epl_2020_2021_football_data_real.csv,5afe63f69401457b8354eaacee24f9a3e520b3c3af6329564a9783e20d789c62,2026-08-20T17:00:00Z,2020-21,Premier League,https://www.football-data.co.uk/mmz4281/2021/E0.csv
global-e5d075fda01f892abdbdac4b,Football-Data.co.uk,data/raw/epl_2020_2021_football_data_real.csv,5afe63f69401457b8354eaacee24f9a3e520b3c3af6329564a9783e20d789c62,2026-08-20T17:00:00Z,2020-21,Premier League,https://www.football-data.co.uk/mmz4281/2021/E0.csv
global-b1ce26c7fbcac1639abcc561,Football-Data.co.uk,data/raw/epl_2020_2021_football_data_real.csv,5afe63f69401457b8354eaacee24f9a3e520b3c3af6329564a9783e20d789c62,2026-08-20T17:00:00Z,2020-21,Premier League,https://www.football-data.co.uk/mmz4281/2021/E0.csv
global-612dd23971d2f202cc7dbf30,Football-Data.co.uk,data/raw/epl_2020_2021_football_data_real.csv,5afe63f69401457b8354eaacee24f9a3e520b3c3af6329564a9783e20d789c62,2026-08-20T17:00:00Z,2020-21,Premier League,https://www.football-data.co.uk/mmz4281/2021/E0.csv
global-532c19ab04aff44bf68358e8,Football-Data.co.uk,data/raw/epl_2020_2021_football_data_real.csv,5afe63f69401457b8354eaacee24f9a3e520b3c3af6329564a9783e20d789c62,2026-08-20T17:00:00Z,2020-21,Premier League,https://www.football-data.co.uk/mmz4281/2021/E0.csv
global-3b401fb9a1e398eb0a55657c,Football-Data.co.uk,data/raw/epl_2020_2021_football_data_real.csv,5afe63f69401457b8354eaacee24f9a3e520b3c3af6329564a9783e20d789c62,2026-08-20T17:00:00Z,2020-21,Premier League,https://www.football-data.co.uk/mmz4281/2021/E0.csv
global-ff0cc6b25e302880f7066f95,Football-Data.co.uk,data/raw/epl_2020_2021_football_data_real.csv,5afe63f69401457b8354eaacee24f9a3e520b3c3af6329564a9783e20d789c62,2026-08-20T17:00:00Z,2020-21,Premier League,https://www.football-data.co.uk/mmz4281/2021/E0.csv
global-9b06b6c71b55c03360236459,Football-Data.co.uk,data/raw/epl_2020_2021_football_data_real.csv,5afe63f69401457b8354eaacee24f9a3e520b3c3af6329564a9783e20d789c62,2026-08-20T17:00:00Z,2020-21,Premier League,https://www.football-data.co.uk/mmz4281/2021/E0.csv
global-62f27673cdd81f3136550180,Football-Data.co.uk,data/raw/epl_2020_2021_football_data_real.csv,5afe63f69401457b8354eaacee24f9a3e520b3c3af6329564a9783e20d789c62,2026-08-20T17:00:00Z,2020-21,Premier League,https://www.football-data.co.uk/mmz4281/2021/E0.csv
global-c4d0c514a33332a9cd07e202,Football-Data.co.uk,data/raw/epl_2020_2021_football_data_real.csv,5afe63f69401457b8354eaacee24f9a3e520b3c3af6329564a9783e20d789c62,2026-08-20T17:00:00Z,2020-21,Premier League,https://www.football-data.co.uk/mmz4281/2021/E0.csv
global-4308aeb11c7847223a339d2e,Football-Data.co.uk,data/raw/epl_2020_2021_football_data_real.csv,5afe63f69401457b8354eaacee24f9a3e520b3c3af6329564a9783e20d789c62,2026-08-20T17:00:00Z,2020-21,Premier League,https://www.football-data.co.uk/mmz4281/2021/E0.csv
global-b86c08f33555fd81b645bb33,Football-Data.co.uk,data/raw/epl_2020_2021_football_data_real.csv,5afe63f69401457b8354eaacee24f9a3e520b3c3af6329564a9783e20d789c62,2026-08-20T17:00:00Z,2020-21,Premier League,https://www.football-data.co.uk/mmz4281/2021/E0.csv
global-e5ffe46fd8b9b7374166bf25,Football-Data.co.uk,data/raw/epl_2020_2021_football_data_real.csv,5afe63f69401457b8354eaacee24f9a3e520b3c3af6329564a9783e20d789c62,2026-08-20T17:00:00Z,2020-21,Premier League,https://www.football-data.co.uk/mmz4281/2021/E0.csv
global-6ea78ce1841319c04e309ed6,Football-Data.co.uk,data/raw/epl_2020_2021_football_data_real.csv,5afe63f69401457b8354eaacee24f9a3e520b3c3af6329564a9783e20d789c62,2026-08-20T17:00:00Z,2020-21,Premier League,https://www.football-data.co.uk/mmz4281/2021/E0.csv
global-f8ff49bb1a7eb254ea011a1c,Football-Data.co.uk,data/raw/epl_2020_2021_football_data_real.csv,5afe63f69401457b8354eaacee24f9a3e520b3c3af6329564a9783e20d789c62,2026-08-20T17:00:00Z,2020-21,Premier League,https://www.football-data.co.uk/mmz4281/2021/E0.csv
global-d31c909f40eddd54406b7e67,Football-Data.co.uk,data/raw/epl_2020_2021_football_data_real.csv,5afe63f69401457b8354eaacee24f9a3e520b3c3af6329564a9783e20d789c62,2026-08-20T17:00:00Z,2020-21,Premier League,https://www.football-data.co.uk/mmz4281/2021/E0.csv
global-c79422670e21ac7e3a3c678a,Football-Data.co.uk,data/raw/epl_2020_2021_football_data_real.csv,5afe63f69401457b8354eaacee24f9a3e520b3c3af6329564a9783e20d789c62,2026-08-20T17:00:00Z,2020-21,Premier League,https://www.football-data.co.uk/mmz4281/2021/E0.csv
global-5bcdd58925421e7325005c69,Football-Data.co.uk,data/raw/epl_2020_2021_football_data_real.csv,5afe63f69401457b8354eaacee24f9a3e520b3c3af6329564a9783e20d789c62,2026-08-20T17:00:00Z,2020-21,Premier League,https://www.football-data.co.uk/mmz4281/2021/E0.csv
global-102275fd53f9a3683484b800,Football-Data.co.uk,data/raw/epl_2020_2021_football_data_real.csv,5afe63f69401457b8354eaacee24f9a3e520b3c3af6329564a9783e20d789c62,2026-08-20T17:00:00Z,2020-21,Premier League,https://www.football-data.co.uk/mmz4281/2021/E0.csv
global-2937d9f0825856a1cf8cae35,Football-Data.co.uk,data/raw/epl_2020_2021_football_data_real.csv,5afe63f69401457b8354eaacee24f9a3e520b3c3af6329564a9783e20d789c62,2026-08-20T17:00:00Z,2020-21,Premier League,https://www.football-data.co.uk/mmz4281/2021/E0.csv
global-170041e26aee0197cccf4ea5,Football-Data.co.uk,data/raw/epl_2020_2021_football_data_real.csv,5afe63f69401457b8354eaacee24f9a3e520b3c3af6329564a9783e20d789c62,2026-08-20T17:00:00Z,2020-21,Premier League,https://www.football-data.co.uk/mmz4281/2021/E0.csv
global-bef0e548f6c758beca38fbb1,Football-Data.co.uk,data/raw/epl_2020_2021_football_data_real.csv,5afe63f69401457b8354eaacee24f9a3e520b3c3af6329564a9783e20d789c62,2026-08-20T17:00:00Z,2020-21,Premier League,https://www.football-data.co.uk/mmz4281/2021/E0.csv
global-bd145ec763f0ae448495b483,Football-Data.co.uk,data/raw/epl_2020_2021_football_data_real.csv,5afe63f69401457b8354eaacee24f9a3e520b3c3af6329564a9783e20d789c62,2026-08-20T17:00:00Z,2020-21,Premier League,https://www.football-data.co.uk/mmz4281/2021/E0.csv
global-2be5e1a02fca1d10941158b7,Football-Data.co.uk,data/raw/epl_2020_2021_football_data_real.csv,5afe63f69401457b8354eaacee24f9a3e520b3c3af6329564a9783e20d789c62,2026-08-20T17:00:00Z,2020-21,Premier League,https://www.football-data.co.uk/mmz4281/2021/E0.csv
global-0e992cade85d94aa162fdaee,Football-Data.co.uk,data/raw/epl_2020_2021_football_data_real.csv,5afe63f69401457b8354eaacee24f9a3e520b3c3af6329564a9783e20d789c62,2026-08-20T17:00:00Z,2020-21,Premier League,https://www.football-data.co.uk/mmz4281/2021/E0.csv
global-0aae7375517c9729c0785eb6,Football-Data.co.uk,data/raw/epl_2020_2021_football_data_real.csv,5afe63f69401457b8354eaacee24f9a3e520b3c3af6329564a9783e20d789c62,2026-08-20T17:00:00Z,2020-21,Premier League,https://www.football-data.co.uk/mmz4281/2021/E0.csv
global-9367299f5f4e11446d69a902,Football-Data.co.uk,data/raw/epl_2020_2021_football_data_real.csv,5afe63f69401457b8354eaacee24f9a3e520b3c3af6329564a9783e20d789c62,2026-08-20T17:00:00Z,2020-21,Premier League,https://www.football-data.co.uk/mmz4281/2021/E0.csv
global-f5c62db2f756267b304edfce,Football-Data.co.uk,data/raw/epl_2020_2021_football_data_real.csv,5afe63f69401457b8354eaacee24f9a3e520b3c3af6329564a9783e20d789c62,2026-08-20T17:00:00Z,2020-21,Premier League,https://www.football-data.co.uk/mmz4281/2021/E0.csv
global-9554e685ce16e0a1c57ec395,Football-Data.co.uk,data/raw/epl_2020_2021_football_data_real.csv,5afe63f69401457b8354eaacee24f9a3e520b3c3af6329564a9783e20d789c62,2026-08-20T17:00:00Z,2020-21,Premier League,https://www.football-data.co.uk/mmz4281/2021/E0.csv
global-312657e905efaff74fd53e6c,Football-Data.co.uk,data/raw/epl_2020_2021_football_data_real.csv,5afe63f69401457b8354eaacee24f9a3e520b3c3af6329564a9783e20d789c62,2026-08-20T17:00:00Z,2020-21,Premier League,https://www.football-data.co.uk/mmz4281/2021/E0.csv
global-aec2f49f4f54bca16780ae38,Football-Data.co.uk,data/raw/epl_2020_2021_football_data_real.csv,5afe63f69401457b8354eaacee24f9a3e520b3c3af6329564a9783e20d789c62,2026-08-20T17:00:00Z,2020-21,Premier League,https://www.football-data.co.uk/mmz4281/2021/E0.csv
global-1f315d5042f79eafe9c002be,Football-Data.co.uk,data/raw/epl_2020_2021_football_data_real.csv,5afe63f69401457b8354eaacee24f9a3e520b3c3af6329564a9783e20d789c62,2026-08-20T17:00:00Z,2020-21,Premier League,https://www.football-data.co.uk/mmz4281/2021/E0.csv
global-37c9bffd1acf31b59a172422,Football-Data.co.uk,data/raw/epl_2020_2021_football_data_real.csv,5afe63f69401457b8354eaacee24f9a3e520b3c3af6329564a9783e20d789c62,2026-08-20T17:00:00Z,2020-21,Premier League,https://www.football-data.co.uk/mmz4281/2021/E0.csv
global-f719faa1dc2c570d321e6f84,Football-Data.co.uk,data/raw/epl_2020_2021_football_data_real.csv,5afe63f69401457b8354eaacee24f9a3e520b3c3af6329564a9783e20d789c62,2026-08-20T17:00:00Z,2020-21,Premier League,https://www.football-data.co.uk/mmz4281/2021/E0.csv
global-e33715b5b274db0784247b86,Football-Data.co.uk,data/raw/epl_2020_2021_football_data_real.csv,5afe63f69401457b8354eaacee24f9a3e520b3c3af6329564a9783e20d789c62,2026-08-20T17:00:00Z,2020-21,Premier League,https://www.football-data.co.uk/mmz4281/2021/E0.csv
global-9ad59b634a7a7bec7f615b10,Football-Data.co.uk,data/raw/epl_2020_2021_football_data_real.csv,5afe63f69401457b8354eaacee24f9a3e520b3c3af6329564a9783e20d789c62,2026-08-20T17:00:00Z,2020-21,Premier League,https://www.football-data.co.uk/mmz4281/2021/E0.csv
global-c204ad22f02396c99b76a792,Football-Data.co.uk,data/raw/epl_2020_2021_football_data_real.csv,5afe63f69401457b8354eaacee24f9a3e520b3c3af6329564a9783e20d789c62,2026-08-20T17:00:00Z,2020-21,Premier League,https://www.football-data.co.uk/mmz4281/2021/E0.csv
global-0f180a1a474ba29b476c1f36,Football-Data.co.uk,data/raw/epl_2020_2021_football_data_real.csv,5afe63f69401457b8354eaacee24f9a3e520b3c3af6329564a9783e20d789c62,2026-08-20T17:00:00Z,2020-21,Premier League,https://www.football-data.co.uk/mmz4281/2021/E0.csv
global-42cf9352759e8f1001e215b7,Football-Data.co.uk,data/raw/epl_2020_2021_football_data_real.csv,5afe63f69401457b8354eaacee24f9a3e520b3c3af6329564a9783e20d789c62,2026-08-20T17:00:00Z,2020-21,Premier League,https://www.football-data.co.uk/mmz4281/2021/E0.csv
global-a95363a627dee22ed4a5af07,Football-Data.co.uk,data/raw/epl_2020_2021_football_data_real.csv,5afe63f69401457b8354eaacee24f9a3e520b3c3af6329564a9783e20d789c62,2026-08-20T17:00:00Z,2020-21,Premier League,https://www.football-data.co.uk/mmz4281/2021/E0.csv
global-83b14881852c8505a3c955d7,Football-Data.co.uk,data/raw/epl_2020_2021_football_data_real.csv,5afe63f69401457b8354eaacee24f9a3e520b3c3af6329564a9783e20d789c62,2026-08-20T17:00:00Z,2020-21,Premier League,https://www.football-data.co.uk/mmz4281/2021/E0.csv
global-c905676e2960fa3ba80a8982,Football-Data.co.uk,data/raw/epl_2020_2021_football_data_real.csv,5afe63f69401457b8354eaacee24f9a3e520b3c3af6329564a9783e20d789c62,2026-08-20T17:00:00Z,2020-21,Premier League,https://www.football-data.co.uk/mmz4281/2021/E0.csv
global-9dc43facff8b6b57d2fb1387,Football-Data.co.uk,data/raw/epl_2020_2021_football_data_real.csv,5afe63f69401457b8354eaacee24f9a3e520b3c3af6329564a9783e20d789c62,2026-08-20T17:00:00Z,2020-21,Premier League,https://www.football-data.co.uk/mmz4281/2021/E0.csv
global-52d613befd8a4f3453f9cae0,Football-Data.co.uk,data/raw/epl_2020_2021_football_data_real.csv,5afe63f69401457b8354eaacee24f9a3e520b3c3af6329564a9783e20d789c62,2026-08-20T17:00:00Z,2020-21,Premier League,https://www.football-data.co.uk/mmz4281/2021/E0.csv
global-362068bb436ea218e6748819,Football-Data.co.uk,data/raw/epl_2020_2021_football_data_real.csv,5afe63f69401457b8354eaacee24f9a3e520b3c3af6329564a9783e20d789c62,2026-08-20T17:00:00Z,2020-21,Premier League,https://www.football-data.co.uk/mmz4281/2021/E0.csv
global-05cb761dc6b7e10f2a076083,Football-Data.co.uk,data/raw/epl_2020_2021_football_data_real.csv,5afe63f69401457b8354eaacee24f9a3e520b3c3af6329564a9783e20d789c62,2026-08-20T17:00:00Z,2020-21,Premier League,https://www.football-data.co.uk/mmz4281/2021/E0.csv
global-d4226c41e2ecfa5a9a914ab3,Football-Data.co.uk,data/raw/epl_2020_2021_football_data_real.csv,5afe63f69401457b8354eaacee24f9a3e520b3c3af6329564a9783e20d789c62,2026-08-20T17:00:00Z,2020-21,Premier League,https://www.football-data.co.uk/mmz4281/2021/E0.csv
global-bf9989372dcb5b9d63f07520,Football-Data.co.uk,data/raw/epl_2020_2021_football_data_real.csv,5afe63f69401457b8354eaacee24f9a3e520b3c3af6329564a9783e20d789c62,2026-08-20T17:00:00Z,2020-21,Premier League,https://www.football-data.co.uk/mmz4281/2021/E0.csv
global-0163e763b1d7d68511ebdd71,Football-Data.co.uk,data/raw/epl_2020_2021_football_data_real.csv,5afe63f69401457b8354eaacee24f9a3e520b3c3af6329564a9783e20d789c62,2026-08-20T17:00:00Z,2020-21,Premier League,https://www.football-data.co.uk/mmz4281/2021/E0.csv
global-2ac15a7fe7dee929bbb6910f,Football-Data.co.uk,data/raw/epl_2020_2021_football_data_real.csv,5afe63f69401457b8354eaacee24f9a3e520b3c3af6329564a9783e20d789c62,2026-08-20T17:00:00Z,2020-21,Premier League,https://www.football-data.co.uk/mmz4281/2021/E0.csv
global-47e78887b3507fda21b0e64c,Football-Data.co.uk,data/raw/epl_2020_2021_football_data_real.csv,5afe63f69401457b8354eaacee24f9a3e520b3c3af6329564a9783e20d789c62,2026-08-20T17:00:00Z,2020-21,Premier League,https://www.football-data.co.uk/mmz4281/2021/E0.csv
global-ce04821c057a3c06d232475f,Football-Data.co.uk,data/raw/epl_2020_2021_football_data_real.csv,5afe63f69401457b8354eaacee24f9a3e520b3c3af6329564a9783e20d789c62,2026-08-20T17:00:00Z,2020-21,Premier League,https://www.football-data.co.uk/mmz4281/2021/E0.csv
global-d79da86ddfd19a37ffa2f935,Football-Data.co.uk,data/raw/epl_2020_2021_football_data_real.csv,5afe63f69401457b8354eaacee24f9a3e520b3c3af6329564a9783e20d789c62,2026-08-20T17:00:00Z,2020-21,Premier League,https://www.football-data.co.uk/mmz4281/2021/E0.csv
global-b7a69883748dbc5d6c7c2390,Football-Data.co.uk,data/raw/epl_2020_2021_football_data_real.csv,5afe63f69401457b8354eaacee24f9a3e520b3c3af6329564a9783e20d789c62,2026-08-20T17:00:00Z,2020-21,Premier League,https://www.football-data.co.uk/mmz4281/2021/E0.csv
global-1f0276c7311d3366e9a8e3df,Football-Data.co.uk,data/raw/epl_2020_2021_football_data_real.csv,5afe63f69401457b8354eaacee24f9a3e520b3c3af6329564a9783e20d789c62,2026-08-20T17:00:00Z,2020-21,Premier League,https://www.football-data.co.uk/mmz4281/2021/E0.csv
global-595cb82a694a2ab7fd78af38,Football-Data.co.uk,data/raw/epl_2020_2021_football_data_real.csv,5afe63f69401457b8354eaacee24f9a3e520b3c3af6329564a9783e20d789c62,2026-08-20T17:00:00Z,2020-21,Premier League,https://www.football-data.co.uk/mmz4281/2021/E0.csv
global-6f0f1ddded84c2eb7f0606c4,Football-Data.co.uk,data/raw/epl_2020_2021_football_data_real.csv,5afe63f69401457b8354eaacee24f9a3e520b3c3af6329564a9783e20d789c62,2026-08-20T17:00:00Z,2020-21,Premier League,https://www.football-data.co.uk/mmz4281/2021/E0.csv
global-e44d0ee060435ec5c4b86356,Football-Data.co.uk,data/raw/epl_2020_2021_football_data_real.csv,5afe63f69401457b8354eaacee24f9a3e520b3c3af6329564a9783e20d789c62,2026-08-20T17:00:00Z,2020-21,Premier League,https://www.football-data.co.uk/mmz4281/2021/E0.csv
global-c55cc7c539d35ba80e7be038,Football-Data.co.uk,data/raw/epl_2020_2021_football_data_real.csv,5afe63f69401457b8354eaacee24f9a3e520b3c3af6329564a9783e20d789c62,2026-08-20T17:00:00Z,2020-21,Premier League,https://www.football-data.co.uk/mmz4281/2021/E0.csv
global-bf09d795208e266f41e82249,Football-Data.co.uk,data/raw/epl_2020_2021_football_data_real.csv,5afe63f69401457b8354eaacee24f9a3e520b3c3af6329564a9783e20d789c62,2026-08-20T17:00:00Z,2020-21,Premier League,https://www.football-data.co.uk/mmz4281/2021/E0.csv
global-f00286104e7850e89d7798f5,Football-Data.co.uk,data/raw/epl_2020_2021_football_data_real.csv,5afe63f69401457b8354eaacee24f9a3e520b3c3af6329564a9783e20d789c62,2026-08-20T17:00:00Z,2020-21,Premier League,https://www.football-data.co.uk/mmz4281/2021/E0.csv
global-ed01c48024d70e9a31baacca,Football-Data.co.uk,data/raw/epl_2020_2021_football_data_real.csv,5afe63f69401457b8354eaacee24f9a3e520b3c3af6329564a9783e20d789c62,2026-08-20T17:00:00Z,2020-21,Premier League,https://www.football-data.co.uk/mmz4281/2021/E0.csv
global-be3ffe029a7afdcd91a818a8,Football-Data.co.uk,data/raw/epl_2020_2021_football_data_real.csv,5afe63f69401457b8354eaacee24f9a3e520b3c3af6329564a9783e20d789c62,2026-08-20T17:00:00Z,2020-21,Premier League,https://www.football-data.co.uk/mmz4281/2021/E0.csv
global-bad652a76b9f5e195b187bd3,Football-Data.co.uk,data/raw/epl_2020_2021_football_data_real.csv,5afe63f69401457b8354eaacee24f9a3e520b3c3af6329564a9783e20d789c62,2026-08-20T17:00:00Z,2020-21,Premier League,https://www.football-data.co.uk/mmz4281/2021/E0.csv
global-4efb40a0ae37db7ccdca160b,Football-Data.co.uk,data/raw/epl_2020_2021_football_data_real.csv,5afe63f69401457b8354eaacee24f9a3e520b3c3af6329564a9783e20d789c62,2026-08-20T17:00:00Z,2020-21,Premier League,https://www.football-data.co.uk/mmz4281/2021/E0.csv
global-71828ad142249e5668f637c6,Football-Data.co.uk,data/raw/epl_2020_2021_football_data_real.csv,5afe63f69401457b8354eaacee24f9a3e520b3c3af6329564a9783e20d789c62,2026-08-20T17:00:00Z,2020-21,Premier League,https://www.football-data.co.uk/mmz4281/2021/E0.csv
global-17cb0978703cae11ea4b603e,Football-Data.co.uk,data/raw/epl_2020_2021_football_data_real.csv,5afe63f69401457b8354eaacee24f9a3e520b3c3af6329564a9783e20d789c62,2026-08-20T17:00:00Z,2020-21,Premier League,https://www.football-data.co.uk/mmz4281/2021/E0.csv
global-6f15cdd5c8523e6801e260c3,Football-Data.co.uk,data/raw/epl_2020_2021_football_data_real.csv,5afe63f69401457b8354eaacee24f9a3e520b3c3af6329564a9783e20d789c62,2026-08-20T17:00:00Z,2020-21,Premier League,https://www.football-data.co.uk/mmz4281/2021/E0.csv
global-12c4ea737663aed6dfb04941,Football-Data.co.uk,data/raw/epl_2020_2021_football_data_real.csv,5afe63f69401457b8354eaacee24f9a3e520b3c3af6329564a9783e20d789c62,2026-08-20T17:00:00Z,2020-21,Premier League,https://www.football-data.co.uk/mmz4281/2021/E0.csv
global-a011cc2de2292da998ae9207,Football-Data.co.uk,data/raw/epl_2020_2021_football_data_real.csv,5afe63f69401457b8354eaacee24f9a3e520b3c3af6329564a9783e20d789c62,2026-08-20T17:00:00Z,2020-21,Premier League,https://www.football-data.co.uk/mmz4281/2021/E0.csv
global-5593f80962025ead7583414a,Football-Data.co.uk,data/raw/epl_2020_2021_football_data_real.csv,5afe63f69401457b8354eaacee24f9a3e520b3c3af6329564a9783e20d789c62,2026-08-20T17:00:00Z,2020-21,Premier League,https://www.football-data.co.uk/mmz4281/2021/E0.csv
global-c9c629a84cff0b4f137828f0,Football-Data.co.uk,data/raw/epl_2020_2021_football_data_real.csv,5afe63f69401457b8354eaacee24f9a3e520b3c3af6329564a9783e20d789c62,2026-08-20T17:00:00Z,2020-21,Premier League,https://www.football-data.co.uk/mmz4281/2021/E0.csv
global-33fc24c79be8e3d33e8bf659,Football-Data.co.uk,data/raw/epl_2020_2021_football_data_real.csv,5afe63f69401457b8354eaacee24f9a3e520b3c3af6329564a9783e20d789c62,2026-08-20T17:00:00Z,2020-21,Premier League,https://www.football-data.co.uk/mmz4281/2021/E0.csv
global-527e774f493855061d092c10,Football-Data.co.uk,data/raw/epl_2020_2021_football_data_real.csv,5afe63f69401457b8354eaacee24f9a3e520b3c3af6329564a9783e20d789c62,2026-08-20T17:00:00Z,2020-21,Premier League,https://www.football-data.co.uk/mmz4281/2021/E0.csv
global-f9c99f946f104116cff0ecc0,Football-Data.co.uk,data/raw/epl_2020_2021_football_data_real.csv,5afe63f69401457b8354eaacee24f9a3e520b3c3af6329564a9783e20d789c62,2026-08-20T17:00:00Z,2020-21,Premier League,https://www.football-data.co.uk/mmz4281/2021/E0.csv
global-c1272c0637038a54940bef3d,Football-Data.co.uk,data/raw/epl_2020_2021_football_data_real.csv,5afe63f69401457b8354eaacee24f9a3e520b3c3af6329564a9783e20d789c62,2026-08-20T17:00:00Z,2020-21,Premier League,https://www.football-data.co.uk/mmz4281/2021/E0.csv
global-59826dd8ba89a64302bf2761,Football-Data.co.uk,data/raw/epl_2020_2021_football_data_real.csv,5afe63f69401457b8354eaacee24f9a3e520b3c3af6329564a9783e20d789c62,2026-08-20T17:00:00Z,2020-21,Premier League,https://www.football-data.co.uk/mmz4281/2021/E0.csv
global-54f0cd820a8a00f118927f55,Football-Data.co.uk,data/raw/epl_2020_2021_football_data_real.csv,5afe63f69401457b8354eaacee24f9a3e520b3c3af6329564a9783e20d789c62,2026-08-20T17:00:00Z,2020-21,Premier League,https://www.football-data.co.uk/mmz4281/2021/E0.csv
global-0439fc1ccd1795ea332808b4,Football-Data.co.uk,data/raw/epl_2020_2021_football_data_real.csv,5afe63f69401457b8354eaacee24f9a3e520b3c3af6329564a9783e20d789c62,2026-08-20T17:00:00Z,2020-21,Premier League,https://www.football-data.co.uk/mmz4281/2021/E0.csv
global-eb22e5e00abec5e8678a54c5,Football-Data.co.uk,data/raw/epl_2020_2021_football_data_real.csv,5afe63f69401457b8354eaacee24f9a3e520b3c3af6329564a9783e20d789c62,2026-08-20T17:00:00Z,2020-21,Premier League,https://www.football-data.co.uk/mmz4281/2021/E0.csv
global-afd07d6014c6f0cc5c21f3d2,Football-Data.co.uk,data/raw/epl_2020_2021_football_data_real.csv,5afe63f69401457b8354eaacee24f9a3e520b3c3af6329564a9783e20d789c62,2026-08-20T17:00:00Z,2020-21,Premier League,https://www.football-data.co.uk/mmz4281/2021/E0.csv
global-087e12e637c70af06384eed2,Football-Data.co.uk,data/raw/epl_2020_2021_football_data_real.csv,5afe63f69401457b8354eaacee24f9a3e520b3c3af6329564a9783e20d789c62,2026-08-20T17:00:00Z,2020-21,Premier League,https://www.football-data.co.uk/mmz4281/2021/E0.csv
global-e297ca9cb852880d2d69ad2d,Football-Data.co.uk,data/raw/epl_2020_2021_football_data_real.csv,5afe63f69401457b8354eaacee24f9a3e520b3c3af6329564a9783e20d789c62,2026-08-20T17:00:00Z,2020-21,Premier League,https://www.football-data.co.uk/mmz4281/2021/E0.csv
global-ee6e1aadd3d0933706048a3a,Football-Data.co.uk,data/raw/epl_2020_2021_football_data_real.csv,5afe63f69401457b8354eaacee24f9a3e520b3c3af6329564a9783e20d789c62,2026-08-20T17:00:00Z,2020-21,Premier League,https://www.football-data.co.uk/mmz4281/2021/E0.csv
global-aff1cc75bf1c2c6640a50800,Football-Data.co.uk,data/raw/epl_2020_2021_football_data_real.csv,5afe63f69401457b8354eaacee24f9a3e520b3c3af6329564a9783e20d789c62,2026-08-20T17:00:00Z,2020-21,Premier League,https://www.football-data.co.uk/mmz4281/2021/E0.csv
global-f000980992610ab396656f17,Football-Data.co.uk,data/raw/epl_2020_2021_football_data_real.csv,5afe63f69401457b8354eaacee24f9a3e520b3c3af6329564a9783e20d789c62,2026-08-20T17:00:00Z,2020-21,Premier League,https://www.football-data.co.uk/mmz4281/2021/E0.csv
global-c0e89952f2a68317cd5738a6,Football-Data.co.uk,data/raw/epl_2020_2021_football_data_real.csv,5afe63f69401457b8354eaacee24f9a3e520b3c3af6329564a9783e20d789c62,2026-08-20T17:00:00Z,2020-21,Premier League,https://www.football-data.co.uk/mmz4281/2021/E0.csv
global-8c8b481054714bbfcb5d3c7c,Football-Data.co.uk,data/raw/epl_2020_2021_football_data_real.csv,5afe63f69401457b8354eaacee24f9a3e520b3c3af6329564a9783e20d789c62,2026-08-20T17:00:00Z,2020-21,Premier League,https://www.football-data.co.uk/mmz4281/2021/E0.csv
global-35306cec168578abedb4548d,Football-Data.co.uk,data/raw/epl_2020_2021_football_data_real.csv,5afe63f69401457b8354eaacee24f9a3e520b3c3af6329564a9783e20d789c62,2026-08-20T17:00:00Z,2020-21,Premier League,https://www.football-data.co.uk/mmz4281/2021/E0.csv
global-4d8a2f105416129fd97596e9,Football-Data.co.uk,data/raw/epl_2020_2021_football_data_real.csv,5afe63f69401457b8354eaacee24f9a3e520b3c3af6329564a9783e20d789c62,2026-08-20T17:00:00Z,2020-21,Premier League,https://www.football-data.co.uk/mmz4281/2021/E0.csv
global-844e3022d657ec0d8c1ec4c6,Football-Data.co.uk,data/raw/epl_2020_2021_football_data_real.csv,5afe63f69401457b8354eaacee24f9a3e520b3c3af6329564a9783e20d789c62,2026-08-20T17:00:00Z,2020-21,Premier League,https://www.football-data.co.uk/mmz4281/2021/E0.csv
global-6db63d9685612efb3499cee6,Football-Data.co.uk,data/raw/epl_2020_2021_football_data_real.csv,5afe63f69401457b8354eaacee24f9a3e520b3c3af6329564a9783e20d789c62,2026-08-20T17:00:00Z,2020-21,Premier League,https://www.football-data.co.uk/mmz4281/2021/E0.csv
global-2c3c37352e4d37bc3d47634b,Football-Data.co.uk,data/raw/epl_2020_2021_football_data_real.csv,5afe63f69401457b8354eaacee24f9a3e520b3c3af6329564a9783e20d789c62,2026-08-20T17:00:00Z,2020-21,Premier League,https://www.football-data.co.uk/mmz4281/2021/E0.csv
global-9549ba9bdcd246ea5ba2d0bb,Football-Data.co.uk,data/raw/epl_2020_2021_football_data_real.csv,5afe63f69401457b8354eaacee24f9a3e520b3c3af6329564a9783e20d789c62,2026-08-20T17:00:00Z,2020-21,Premier League,https://www.football-data.co.uk/mmz4281/2021/E0.csv
global-c0008a4970294ea39ce75b8a,Football-Data.co.uk,data/raw/epl_2020_2021_football_data_real.csv,5afe63f69401457b8354eaacee24f9a3e520b3c3af6329564a9783e20d789c62,2026-08-20T17:00:00Z,2020-21,Premier League,https://www.football-data.co.uk/mmz4281/2021/E0.csv
global-940d67a648920ebbab12d5f5,Football-Data.co.uk,data/raw/epl_2020_2021_football_data_real.csv,5afe63f69401457b8354eaacee24f9a3e520b3c3af6329564a9783e20d789c62,2026-08-20T17:00:00Z,2020-21,Premier League,https://www.football-data.co.uk/mmz4281/2021/E0.csv
global-95564d14efb1c17a701a98e8,Football-Data.co.uk,data/raw/epl_2020_2021_football_data_real.csv,5afe63f69401457b8354eaacee24f9a3e520b3c3af6329564a9783e20d789c62,2026-08-20T17:00:00Z,2020-21,Premier League,https://www.football-data.co.uk/mmz4281/2021/E0.csv
global-dd5d227084c33cd06c3445aa,Football-Data.co.uk,data/raw/epl_2020_2021_football_data_real.csv,5afe63f69401457b8354eaacee24f9a3e520b3c3af6329564a9783e20d789c62,2026-08-20T17:00:00Z,2020-21,Premier League,https://www.football-data.co.uk/mmz4281/2021/E0.csv
global-13ad94db263a51453fdbc968,Football-Data.co.uk,data/raw/epl_2020_2021_football_data_real.csv,5afe63f69401457b8354eaacee24f9a3e520b3c3af6329564a9783e20d789c62,2026-08-20T17:00:00Z,2020-21,Premier League,https://www.football-data.co.uk/mmz4281/2021/E0.csv
global-edb4b139898285998b8b14a0,Football-Data.co.uk,data/raw/epl_2020_2021_football_data_real.csv,5afe63f69401457b8354eaacee24f9a3e520b3c3af6329564a9783e20d789c62,2026-08-20T17:00:00Z,2020-21,Premier League,https://www.football-data.co.uk/mmz4281/2021/E0.csv
global-af0f1e13db07f869bdcddc87,Football-Data.co.uk,data/raw/epl_2020_2021_football_data_real.csv,5afe63f69401457b8354eaacee24f9a3e520b3c3af6329564a9783e20d789c62,2026-08-20T17:00:00Z,2020-21,Premier League,https://www.football-data.co.uk/mmz4281/2021/E0.csv
global-6d9d79983a50e5f272339598,Football-Data.co.uk,data/raw/epl_2020_2021_football_data_real.csv,5afe63f69401457b8354eaacee24f9a3e520b3c3af6329564a9783e20d789c62,2026-08-20T17:00:00Z,2020-21,Premier League,https://www.football-data.co.uk/mmz4281/2021/E0.csv
global-5248ba4f0d4aaca63b809703,Football-Data.co.uk,data/raw/epl_2020_2021_football_data_real.csv,5afe63f69401457b8354eaacee24f9a3e520b3c3af6329564a9783e20d789c62,2026-08-20T17:00:00Z,2020-21,Premier League,https://www.football-data.co.uk/mmz4281/2021/E0.csv
global-a05148c47eeb23369529f169,Football-Data.co.uk,data/raw/epl_2020_2021_football_data_real.csv,5afe63f69401457b8354eaacee24f9a3e520b3c3af6329564a9783e20d789c62,2026-08-20T17:00:00Z,2020-21,Premier League,https://www.football-data.co.uk/mmz4281/2021/E0.csv
global-889795a36634f8c62556c2ca,Football-Data.co.uk,data/raw/epl_2020_2021_football_data_real.csv,5afe63f69401457b8354eaacee24f9a3e520b3c3af6329564a9783e20d789c62,2026-08-20T17:00:00Z,2020-21,Premier League,https://www.football-data.co.uk/mmz4281/2021/E0.csv
global-6c88feb98e25fb9200a44701,Football-Data.co.uk,data/raw/epl_2020_2021_football_data_real.csv,5afe63f69401457b8354eaacee24f9a3e520b3c3af6329564a9783e20d789c62,2026-08-20T17:00:00Z,2020-21,Premier League,https://www.football-data.co.uk/mmz4281/2021/E0.csv
global-73dd80b46331d832a3fba094,Football-Data.co.uk,data/raw/epl_2020_2021_football_data_real.csv,5afe63f69401457b8354eaacee24f9a3e520b3c3af6329564a9783e20d789c62,2026-08-20T17:00:00Z,2020-21,Premier League,https://www.football-data.co.uk/mmz4281/2021/E0.csv
global-fc140e8952ac1d459fad915f,Football-Data.co.uk,data/raw/epl_2020_2021_football_data_real.csv,5afe63f69401457b8354eaacee24f9a3e520b3c3af6329564a9783e20d789c62,2026-08-20T17:00:00Z,2020-21,Premier League,https://www.football-data.co.uk/mmz4281/2021/E0.csv
global-135f856e8047921dd13d220d,Football-Data.co.uk,data/raw/epl_2020_2021_football_data_real.csv,5afe63f69401457b8354eaacee24f9a3e520b3c3af6329564a9783e20d789c62,2026-08-20T17:00:00Z,2020-21,Premier League,https://www.football-data.co.uk/mmz4281/2021/E0.csv
global-6c8cfd81250fe37c61691d62,Football-Data.co.uk,data/raw/epl_2020_2021_football_data_real.csv,5afe63f69401457b8354eaacee24f9a3e520b3c3af6329564a9783e20d789c62,2026-08-20T17:00:00Z,2020-21,Premier League,https://www.football-data.co.uk/mmz4281/2021/E0.csv
global-1e4901d1cfdb4791394cb248,Football-Data.co.uk,data/raw/epl_2020_2021_football_data_real.csv,5afe63f69401457b8354eaacee24f9a3e520b3c3af6329564a9783e20d789c62,2026-08-20T17:00:00Z,2020-21,Premier League,https://www.football-data.co.uk/mmz4281/2021/E0.csv
global-20c1b9107af3afdecd8e5380,Football-Data.co.uk,data/raw/epl_2020_2021_football_data_real.csv,5afe63f69401457b8354eaacee24f9a3e520b3c3af6329564a9783e20d789c62,2026-08-20T17:00:00Z,2020-21,Premier League,https://www.football-data.co.uk/mmz4281/2021/E0.csv
global-41bc9a72d10db276ebc2c812,Football-Data.co.uk,data/raw/epl_2020_2021_football_data_real.csv,5afe63f69401457b8354eaacee24f9a3e520b3c3af6329564a9783e20d789c62,2026-08-20T17:00:00Z,2020-21,Premier League,https://www.football-data.co.uk/mmz4281/2021/E0.csv
global-e1c3361e466b88be8785ced5,Football-Data.co.uk,data/raw/epl_2020_2021_football_data_real.csv,5afe63f69401457b8354eaacee24f9a3e520b3c3af6329564a9783e20d789c62,2026-08-20T17:00:00Z,2020-21,Premier League,https://www.football-data.co.uk/mmz4281/2021/E0.csv
global-9d4ba73cf7057026b926b86f,Football-Data.co.uk,data/raw/epl_2020_2021_football_data_real.csv,5afe63f69401457b8354eaacee24f9a3e520b3c3af6329564a9783e20d789c62,2026-08-20T17:00:00Z,2020-21,Premier League,https://www.football-data.co.uk/mmz4281/2021/E0.csv
global-1479b20282ac1259ac37f058,Football-Data.co.uk,data/raw/epl_2020_2021_football_data_real.csv,5afe63f69401457b8354eaacee24f9a3e520b3c3af6329564a9783e20d789c62,2026-08-20T17:00:00Z,2020-21,Premier League,https://www.football-data.co.uk/mmz4281/2021/E0.csv
global-b3b385d87016dcc6e2ef9645,Football-Data.co.uk,data/raw/epl_2020_2021_football_data_real.csv,5afe63f69401457b8354eaacee24f9a3e520b3c3af6329564a9783e20d789c62,2026-08-20T17:00:00Z,2020-21,Premier League,https://www.football-data.co.uk/mmz4281/2021/E0.csv
global-95e356e772f14c5ed7731169,Football-Data.co.uk,data/raw/epl_2020_2021_football_data_real.csv,5afe63f69401457b8354eaacee24f9a3e520b3c3af6329564a9783e20d789c62,2026-08-20T17:00:00Z,2020-21,Premier League,https://www.football-data.co.uk/mmz4281/2021/E0.csv
global-cc97c58ef84eb8c93d15d992,Football-Data.co.uk,data/raw/epl_2020_2021_football_data_real.csv,5afe63f69401457b8354eaacee24f9a3e520b3c3af6329564a9783e20d789c62,2026-08-20T17:00:00Z,2020-21,Premier League,https://www.football-data.co.uk/mmz4281/2021/E0.csv
global-02efad1542ddec5d96ab649f,Football-Data.co.uk,data/raw/epl_2020_2021_football_data_real.csv,5afe63f69401457b8354eaacee24f9a3e520b3c3af6329564a9783e20d789c62,2026-08-20T17:00:00Z,2020-21,Premier League,https://www.football-data.co.uk/mmz4281/2021/E0.csv
global-94bd3dd2afe4578271f1f114,Football-Data.co.uk,data/raw/epl_2020_2021_football_data_real.csv,5afe63f69401457b8354eaacee24f9a3e520b3c3af6329564a9783e20d789c62,2026-08-20T17:00:00Z,2020-21,Premier League,https://www.football-data.co.uk/mmz4281/2021/E0.csv
global-93d149aefe56070bfe07d099,Football-Data.co.uk,data/raw/epl_2020_2021_football_data_real.csv,5afe63f69401457b8354eaacee24f9a3e520b3c3af6329564a9783e20d789c62,2026-08-20T17:00:00Z,2020-21,Premier League,https://www.football-data.co.uk/mmz4281/2021/E0.csv
global-e859955bf6beab6fe9c04d3c,Football-Data.co.uk,data/raw/epl_2020_2021_football_data_real.csv,5afe63f69401457b8354eaacee24f9a3e520b3c3af6329564a9783e20d789c62,2026-08-20T17:00:00Z,2020-21,Premier League,https://www.football-data.co.uk/mmz4281/2021/E0.csv
global-0f26e829253c5fe4a1301c8c,Football-Data.co.uk,data/raw/epl_2020_2021_football_data_real.csv,5afe63f69401457b8354eaacee24f9a3e520b3c3af6329564a9783e20d789c62,2026-08-20T17:00:00Z,2020-21,Premier League,https://www.football-data.co.uk/mmz4281/2021/E0.csv
global-b205b23031f75b6c3871c72f,Football-Data.co.uk,data/raw/epl_2020_2021_football_data_real.csv,5afe63f69401457b8354eaacee24f9a3e520b3c3af6329564a9783e20d789c62,2026-08-20T17:00:00Z,2020-21,Premier League,https://www.football-data.co.uk/mmz4281/2021/E0.csv
global-41b0445998bc5fdcca91e741,Football-Data.co.uk,data/raw/epl_2020_2021_football_data_real.csv,5afe63f69401457b8354eaacee24f9a3e520b3c3af6329564a9783e20d789c62,2026-08-20T17:00:00Z,2020-21,Premier League,https://www.football-data.co.uk/mmz4281/2021/E0.csv
global-2b6f31fe391727c6d397324f,Football-Data.co.uk,data/raw/epl_2020_2021_football_data_real.csv,5afe63f69401457b8354eaacee24f9a3e520b3c3af6329564a9783e20d789c62,2026-08-20T17:00:00Z,2020-21,Premier League,https://www.football-data.co.uk/mmz4281/2021/E0.csv
global-a48c07099467b4176ef03eff,Football-Data.co.uk,data/raw/epl_2020_2021_football_data_real.csv,5afe63f69401457b8354eaacee24f9a3e520b3c3af6329564a9783e20d789c62,2026-08-20T17:00:00Z,2020-21,Premier League,https://www.football-data.co.uk/mmz4281/2021/E0.csv
global-2ed99f1737fd43bb2b2a0d8a,Football-Data.co.uk,data/raw/epl_2020_2021_football_data_real.csv,5afe63f69401457b8354eaacee24f9a3e520b3c3af6329564a9783e20d789c62,2026-08-20T17:00:00Z,2020-21,Premier League,https://www.football-data.co.uk/mmz4281/2021/E0.csv
global-d82f26bdc600bd34373c30b6,Football-Data.co.uk,data/raw/epl_2020_2021_football_data_real.csv,5afe63f69401457b8354eaacee24f9a3e520b3c3af6329564a9783e20d789c62,2026-08-20T17:00:00Z,2020-21,Premier League,https://www.football-data.co.uk/mmz4281/2021/E0.csv
global-6ed7b13aa73aaa498da1e238,Football-Data.co.uk,data/raw/epl_2020_2021_football_data_real.csv,5afe63f69401457b8354eaacee24f9a3e520b3c3af6329564a9783e20d789c62,2026-08-20T17:00:00Z,2020-21,Premier League,https://www.football-data.co.uk/mmz4281/2021/E0.csv
global-ed91c81291494bc1f269f9fd,Football-Data.co.uk,data/raw/epl_2020_2021_football_data_real.csv,5afe63f69401457b8354eaacee24f9a3e520b3c3af6329564a9783e20d789c62,2026-08-20T17:00:00Z,2020-21,Premier League,https://www.football-data.co.uk/mmz4281/2021/E0.csv
global-dec2d495a31b8a8d62656b60,Football-Data.co.uk,data/raw/epl_2020_2021_football_data_real.csv,5afe63f69401457b8354eaacee24f9a3e520b3c3af6329564a9783e20d789c62,2026-08-20T17:00:00Z,2020-21,Premier League,https://www.football-data.co.uk/mmz4281/2021/E0.csv
global-27dfdfe67684c9d2e660d1b5,Football-Data.co.uk,data/raw/epl_2020_2021_football_data_real.csv,5afe63f69401457b8354eaacee24f9a3e520b3c3af6329564a9783e20d789c62,2026-08-20T17:00:00Z,2020-21,Premier League,https://www.football-data.co.uk/mmz4281/2021/E0.csv
global-4993fc203fcf845b5d2fccfe,Football-Data.co.uk,data/raw/epl_2020_2021_football_data_real.csv,5afe63f69401457b8354eaacee24f9a3e520b3c3af6329564a9783e20d789c62,2026-08-20T17:00:00Z,2020-21,Premier League,https://www.football-data.co.uk/mmz4281/2021/E0.csv
global-03c77cf12775945ddc490176,Football-Data.co.uk,data/raw/epl_2020_2021_football_data_real.csv,5afe63f69401457b8354eaacee24f9a3e520b3c3af6329564a9783e20d789c62,2026-08-20T17:00:00Z,2020-21,Premier League,https://www.football-data.co.uk/mmz4281/2021/E0.csv
global-9a07f77050d2e91de456c110,Football-Data.co.uk,data/raw/epl_2020_2021_football_data_real.csv,5afe63f69401457b8354eaacee24f9a3e520b3c3af6329564a9783e20d789c62,2026-08-20T17:00:00Z,2020-21,Premier League,https://www.football-data.co.uk/mmz4281/2021/E0.csv
global-075726165329ab184cfe60af,Football-Data.co.uk,data/raw/epl_2020_2021_football_data_real.csv,5afe63f69401457b8354eaacee24f9a3e520b3c3af6329564a9783e20d789c62,2026-08-20T17:00:00Z,2020-21,Premier League,https://www.football-data.co.uk/mmz4281/2021/E0.csv
global-e04ad48fec1b7b2891ecd3e7,Football-Data.co.uk,data/raw/epl_2020_2021_football_data_real.csv,5afe63f69401457b8354eaacee24f9a3e520b3c3af6329564a9783e20d789c62,2026-08-20T17:00:00Z,2020-21,Premier League,https://www.football-data.co.uk/mmz4281/2021/E0.csv
global-f28dbcdb1c3e50c0af6fa227,Football-Data.co.uk,data/raw/epl_2020_2021_football_data_real.csv,5afe63f69401457b8354eaacee24f9a3e520b3c3af6329564a9783e20d789c62,2026-08-20T17:00:00Z,2020-21,Premier League,https://www.football-data.co.uk/mmz4281/2021/E0.csv
global-10dff4fab3523a9989010652,Football-Data.co.uk,data/raw/epl_2020_2021_football_data_real.csv,5afe63f69401457b8354eaacee24f9a3e520b3c3af6329564a9783e20d789c62,2026-08-20T17:00:00Z,2020-21,Premier League,https://www.football-data.co.uk/mmz4281/2021/E0.csv
global-1a8230f302535d303198cc1b,Football-Data.co.uk,data/raw/epl_2020_2021_football_data_real.csv,5afe63f69401457b8354eaacee24f9a3e520b3c3af6329564a9783e20d789c62,2026-08-20T17:00:00Z,2020-21,Premier League,https://www.football-data.co.uk/mmz4281/2021/E0.csv
global-fca74b40ef5824f5fcb9d120,Football-Data.co.uk,data/raw/epl_2020_2021_football_data_real.csv,5afe63f69401457b8354eaacee24f9a3e520b3c3af6329564a9783e20d789c62,2026-08-20T17:00:00Z,2020-21,Premier League,https://www.football-data.co.uk/mmz4281/2021/E0.csv
global-690e0a0a443f02068e4c584f,Football-Data.co.uk,data/raw/epl_2020_2021_football_data_real.csv,5afe63f69401457b8354eaacee24f9a3e520b3c3af6329564a9783e20d789c62,2026-08-20T17:00:00Z,2020-21,Premier League,https://www.football-data.co.uk/mmz4281/2021/E0.csv
global-3c47721e20ed9905658090b0,Football-Data.co.uk,data/raw/epl_2020_2021_football_data_real.csv,5afe63f69401457b8354eaacee24f9a3e520b3c3af6329564a9783e20d789c62,2026-08-20T17:00:00Z,2020-21,Premier League,https://www.football-data.co.uk/mmz4281/2021/E0.csv
global-16843a1e492fb4f6006be5f7,Football-Data.co.uk,data/raw/epl_2020_2021_football_data_real.csv,5afe63f69401457b8354eaacee24f9a3e520b3c3af6329564a9783e20d789c62,2026-08-20T17:00:00Z,2020-21,Premier League,https://www.football-data.co.uk/mmz4281/2021/E0.csv
global-16f810ab159fb689719fc6fe,Football-Data.co.uk,data/raw/epl_2020_2021_football_data_real.csv,5afe63f69401457b8354eaacee24f9a3e520b3c3af6329564a9783e20d789c62,2026-08-20T17:00:00Z,2020-21,Premier League,https://www.football-data.co.uk/mmz4281/2021/E0.csv
global-b36b0eaf54ed8bbebfd4b187,Football-Data.co.uk,data/raw/epl_2020_2021_football_data_real.csv,5afe63f69401457b8354eaacee24f9a3e520b3c3af6329564a9783e20d789c62,2026-08-20T17:00:00Z,2020-21,Premier League,https://www.football-data.co.uk/mmz4281/2021/E0.csv
global-17257124cb548a9f205ae2af,Football-Data.co.uk,data/raw/epl_2020_2021_football_data_real.csv,5afe63f69401457b8354eaacee24f9a3e520b3c3af6329564a9783e20d789c62,2026-08-20T17:00:00Z,2020-21,Premier League,https://www.football-data.co.uk/mmz4281/2021/E0.csv
global-4b1155b34aec2468def9cc8a,Football-Data.co.uk,data/raw/epl_2020_2021_football_data_real.csv,5afe63f69401457b8354eaacee24f9a3e520b3c3af6329564a9783e20d789c62,2026-08-20T17:00:00Z,2020-21,Premier League,https://www.football-data.co.uk/mmz4281/2021/E0.csv
global-bf1253716fdd2c3130f4e3ec,Football-Data.co.uk,data/raw/epl_2020_2021_football_data_real.csv,5afe63f69401457b8354eaacee24f9a3e520b3c3af6329564a9783e20d789c62,2026-08-20T17:00:00Z,2020-21,Premier League,https://www.football-data.co.uk/mmz4281/2021/E0.csv
global-5a4554f3af097bd40e851b36,Football-Data.co.uk,data/raw/epl_2020_2021_football_data_real.csv,5afe63f69401457b8354eaacee24f9a3e520b3c3af6329564a9783e20d789c62,2026-08-20T17:00:00Z,2020-21,Premier League,https://www.football-data.co.uk/mmz4281/2021/E0.csv
global-fe7ad51fc40beeea79a073b4,Football-Data.co.uk,data/raw/epl_2020_2021_football_data_real.csv,5afe63f69401457b8354eaacee24f9a3e520b3c3af6329564a9783e20d789c62,2026-08-20T17:00:00Z,2020-21,Premier League,https://www.football-data.co.uk/mmz4281/2021/E0.csv
global-299b3f4c83cd1c771994c986,Football-Data.co.uk,data/raw/epl_2020_2021_football_data_real.csv,5afe63f69401457b8354eaacee24f9a3e520b3c3af6329564a9783e20d789c62,2026-08-20T17:00:00Z,2020-21,Premier League,https://www.football-data.co.uk/mmz4281/2021/E0.csv
global-91295da0ceba7e62b9ed2524,Football-Data.co.uk,data/raw/epl_2020_2021_football_data_real.csv,5afe63f69401457b8354eaacee24f9a3e520b3c3af6329564a9783e20d789c62,2026-08-20T17:00:00Z,2020-21,Premier League,https://www.football-data.co.uk/mmz4281/2021/E0.csv
global-d4f996affb5e3304ddfcbc7d,Football-Data.co.uk,data/raw/epl_2020_2021_football_data_real.csv,5afe63f69401457b8354eaacee24f9a3e520b3c3af6329564a9783e20d789c62,2026-08-20T17:00:00Z,2020-21,Premier League,https://www.football-data.co.uk/mmz4281/2021/E0.csv
global-f92c422423d8e193628df157,Football-Data.co.uk,data/raw/epl_2020_2021_football_data_real.csv,5afe63f69401457b8354eaacee24f9a3e520b3c3af6329564a9783e20d789c62,2026-08-20T17:00:00Z,2020-21,Premier League,https://www.football-data.co.uk/mmz4281/2021/E0.csv
global-9bf67e530c9a64793a18ab04,Football-Data.co.uk,data/raw/epl_2020_2021_football_data_real.csv,5afe63f69401457b8354eaacee24f9a3e520b3c3af6329564a9783e20d789c62,2026-08-20T17:00:00Z,2020-21,Premier League,https://www.football-data.co.uk/mmz4281/2021/E0.csv
global-cc2f820b33935c9aaea85184,Football-Data.co.uk,data/raw/epl_2020_2021_football_data_real.csv,5afe63f69401457b8354eaacee24f9a3e520b3c3af6329564a9783e20d789c62,2026-08-20T17:00:00Z,2020-21,Premier League,https://www.football-data.co.uk/mmz4281/2021/E0.csv
global-113ac5ff38caa115aa09e32f,Football-Data.co.uk,data/raw/epl_2020_2021_football_data_real.csv,5afe63f69401457b8354eaacee24f9a3e520b3c3af6329564a9783e20d789c62,2026-08-20T17:00:00Z,2020-21,Premier League,https://www.football-data.co.uk/mmz4281/2021/E0.csv
global-67f779d8973c796bbcd9acab,Football-Data.co.uk,data/raw/epl_2020_2021_football_data_real.csv,5afe63f69401457b8354eaacee24f9a3e520b3c3af6329564a9783e20d789c62,2026-08-20T17:00:00Z,2020-21,Premier League,https://www.football-data.co.uk/mmz4281/2021/E0.csv
global-0173624452509c2fc0b0b9de,Football-Data.co.uk,data/raw/epl_2020_2021_football_data_real.csv,5afe63f69401457b8354eaacee24f9a3e520b3c3af6329564a9783e20d789c62,2026-08-20T17:00:00Z,2020-21,Premier League,https://www.football-data.co.uk/mmz4281/2021/E0.csv
global-38e886f7a4560c08ed2956f9,Football-Data.co.uk,data/raw/epl_2020_2021_football_data_real.csv,5afe63f69401457b8354eaacee24f9a3e520b3c3af6329564a9783e20d789c62,2026-08-20T17:00:00Z,2020-21,Premier League,https://www.football-data.co.uk/mmz4281/2021/E0.csv
global-e9a2bc616d751dae1fc0f10d,Football-Data.co.uk,data/raw/epl_2020_2021_football_data_real.csv,5afe63f69401457b8354eaacee24f9a3e520b3c3af6329564a9783e20d789c62,2026-08-20T17:00:00Z,2020-21,Premier League,https://www.football-data.co.uk/mmz4281/2021/E0.csv
global-71c7ddc8a99d2f4e4cc78097,Football-Data.co.uk,data/raw/epl_2020_2021_football_data_real.csv,5afe63f69401457b8354eaacee24f9a3e520b3c3af6329564a9783e20d789c62,2026-08-20T17:00:00Z,2020-21,Premier League,https://www.football-data.co.uk/mmz4281/2021/E0.csv
global-e8dc88dce014791348feac6f,Football-Data.co.uk,data/raw/epl_2020_2021_football_data_real.csv,5afe63f69401457b8354eaacee24f9a3e520b3c3af6329564a9783e20d789c62,2026-08-20T17:00:00Z,2020-21,Premier League,https://www.football-data.co.uk/mmz4281/2021/E0.csv
global-3bd1126004461061b35d29e1,Football-Data.co.uk,data/raw/epl_2020_2021_football_data_real.csv,5afe63f69401457b8354eaacee24f9a3e520b3c3af6329564a9783e20d789c62,2026-08-20T17:00:00Z,2020-21,Premier League,https://www.football-data.co.uk/mmz4281/2021/E0.csv
global-ef62eb8caaf60aa395ef05bb,Football-Data.co.uk,data/raw/epl_2020_2021_football_data_real.csv,5afe63f69401457b8354eaacee24f9a3e520b3c3af6329564a9783e20d789c62,2026-08-20T17:00:00Z,2020-21,Premier League,https://www.football-data.co.uk/mmz4281/2021/E0.csv
global-25642fc29a909e12daeae163,Football-Data.co.uk,data/raw/epl_2020_2021_football_data_real.csv,5afe63f69401457b8354eaacee24f9a3e520b3c3af6329564a9783e20d789c62,2026-08-20T17:00:00Z,2020-21,Premier League,https://www.football-data.co.uk/mmz4281/2021/E0.csv
global-86c263ccebcab73f463f84b3,Football-Data.co.uk,data/raw/epl_2020_2021_football_data_real.csv,5afe63f69401457b8354eaacee24f9a3e520b3c3af6329564a9783e20d789c62,2026-08-20T17:00:00Z,2020-21,Premier League,https://www.football-data.co.uk/mmz4281/2021/E0.csv
global-aa14afe72b2d6dd414a23c02,Football-Data.co.uk,data/raw/epl_2020_2021_football_data_real.csv,5afe63f69401457b8354eaacee24f9a3e520b3c3af6329564a9783e20d789c62,2026-08-20T17:00:00Z,2020-21,Premier League,https://www.football-data.co.uk/mmz4281/2021/E0.csv
global-8b64d4cb46d07d0ff8beaafb,Football-Data.co.uk,data/raw/epl_2020_2021_football_data_real.csv,5afe63f69401457b8354eaacee24f9a3e520b3c3af6329564a9783e20d789c62,2026-08-20T17:00:00Z,2020-21,Premier League,https://www.football-data.co.uk/mmz4281/2021/E0.csv
global-750c229fd93bbbec39798ad0,Football-Data.co.uk,data/raw/epl_2020_2021_football_data_real.csv,5afe63f69401457b8354eaacee24f9a3e520b3c3af6329564a9783e20d789c62,2026-08-20T17:00:00Z,2020-21,Premier League,https://www.football-data.co.uk/mmz4281/2021/E0.csv
global-91857f593a07062be648e6f1,Football-Data.co.uk,data/raw/epl_2020_2021_football_data_real.csv,5afe63f69401457b8354eaacee24f9a3e520b3c3af6329564a9783e20d789c62,2026-08-20T17:00:00Z,2020-21,Premier League,https://www.football-data.co.uk/mmz4281/2021/E0.csv
global-48f6724df438f90e5a497af3,Football-Data.co.uk,data/raw/epl_2020_2021_football_data_real.csv,5afe63f69401457b8354eaacee24f9a3e520b3c3af6329564a9783e20d789c62,2026-08-20T17:00:00Z,2020-21,Premier League,https://www.football-data.co.uk/mmz4281/2021/E0.csv
global-6473d5ed91ac669ca4636a14,Football-Data.co.uk,data/raw/epl_2020_2021_football_data_real.csv,5afe63f69401457b8354eaacee24f9a3e520b3c3af6329564a9783e20d789c62,2026-08-20T17:00:00Z,2020-21,Premier League,https://www.football-data.co.uk/mmz4281/2021/E0.csv
global-1ad226baa65456a9fdc0f8b3,Football-Data.co.uk,data/raw/epl_2020_2021_football_data_real.csv,5afe63f69401457b8354eaacee24f9a3e520b3c3af6329564a9783e20d789c62,2026-08-20T17:00:00Z,2020-21,Premier League,https://www.football-data.co.uk/mmz4281/2021/E0.csv
global-7d54f5fa6e12dd40d4a18891,Football-Data.co.uk,data/raw/epl_2020_2021_football_data_real.csv,5afe63f69401457b8354eaacee24f9a3e520b3c3af6329564a9783e20d789c62,2026-08-20T17:00:00Z,2020-21,Premier League,https://www.football-data.co.uk/mmz4281/2021/E0.csv
global-1df7d7da564986e7b84ba030,Football-Data.co.uk,data/raw/epl_2020_2021_football_data_real.csv,5afe63f69401457b8354eaacee24f9a3e520b3c3af6329564a9783e20d789c62,2026-08-20T17:00:00Z,2020-21,Premier League,https://www.football-data.co.uk/mmz4281/2021/E0.csv
global-017175983bab49640dcc9cf7,Football-Data.co.uk,data/raw/epl_2020_2021_football_data_real.csv,5afe63f69401457b8354eaacee24f9a3e520b3c3af6329564a9783e20d789c62,2026-08-20T17:00:00Z,2020-21,Premier League,https://www.football-data.co.uk/mmz4281/2021/E0.csv
global-39d3f46466eb9b4528d7308b,Football-Data.co.uk,data/raw/epl_2020_2021_football_data_real.csv,5afe63f69401457b8354eaacee24f9a3e520b3c3af6329564a9783e20d789c62,2026-08-20T17:00:00Z,2020-21,Premier League,https://www.football-data.co.uk/mmz4281/2021/E0.csv
global-beabf8b3d26c7afc81e2d25a,Football-Data.co.uk,data/raw/epl_2020_2021_football_data_real.csv,5afe63f69401457b8354eaacee24f9a3e520b3c3af6329564a9783e20d789c62,2026-08-20T17:00:00Z,2020-21,Premier League,https://www.football-data.co.uk/mmz4281/2021/E0.csv
global-68d3b5612734a452eb6e1eda,Football-Data.co.uk,data/raw/epl_2020_2021_football_data_real.csv,5afe63f69401457b8354eaacee24f9a3e520b3c3af6329564a9783e20d789c62,2026-08-20T17:00:00Z,2020-21,Premier League,https://www.football-data.co.uk/mmz4281/2021/E0.csv
global-e981d401bb0b26e0dc4a81a8,Football-Data.co.uk,data/raw/epl_2020_2021_football_data_real.csv,5afe63f69401457b8354eaacee24f9a3e520b3c3af6329564a9783e20d789c62,2026-08-20T17:00:00Z,2020-21,Premier League,https://www.football-data.co.uk/mmz4281/2021/E0.csv
global-934c723fb3dcb5e2fa461f5c,Football-Data.co.uk,data/raw/epl_2020_2021_football_data_real.csv,5afe63f69401457b8354eaacee24f9a3e520b3c3af6329564a9783e20d789c62,2026-08-20T17:00:00Z,2020-21,Premier League,https://www.football-data.co.uk/mmz4281/2021/E0.csv
global-28f876d9d1457aef42ebeb88,Football-Data.co.uk,data/raw/epl_2020_2021_football_data_real.csv,5afe63f69401457b8354eaacee24f9a3e520b3c3af6329564a9783e20d789c62,2026-08-20T17:00:00Z,2020-21,Premier League,https://www.football-data.co.uk/mmz4281/2021/E0.csv
global-c9dfc9bcfdf959a721c9f1fc,Football-Data.co.uk,data/raw/epl_2020_2021_football_data_real.csv,5afe63f69401457b8354eaacee24f9a3e520b3c3af6329564a9783e20d789c62,2026-08-20T17:00:00Z,2020-21,Premier League,https://www.football-data.co.uk/mmz4281/2021/E0.csv
global-0f83c7130452eec6031234bf,Football-Data.co.uk,data/raw/epl_2020_2021_football_data_real.csv,5afe63f69401457b8354eaacee24f9a3e520b3c3af6329564a9783e20d789c62,2026-08-20T17:00:00Z,2020-21,Premier League,https://www.football-data.co.uk/mmz4281/2021/E0.csv
global-db0f154b3e185a2a0c05d49e,Football-Data.co.uk,data/raw/epl_2020_2021_football_data_real.csv,5afe63f69401457b8354eaacee24f9a3e520b3c3af6329564a9783e20d789c62,2026-08-20T17:00:00Z,2020-21,Premier League,https://www.football-data.co.uk/mmz4281/2021/E0.csv
global-335f3b7302dd9a3a3dce4f2f,Football-Data.co.uk,data/raw/epl_2020_2021_football_data_real.csv,5afe63f69401457b8354eaacee24f9a3e520b3c3af6329564a9783e20d789c62,2026-08-20T17:00:00Z,2020-21,Premier League,https://www.football-data.co.uk/mmz4281/2021/E0.csv
global-1bddc5d1f64052584b9d6f31,Football-Data.co.uk,data/raw/epl_2020_2021_football_data_real.csv,5afe63f69401457b8354eaacee24f9a3e520b3c3af6329564a9783e20d789c62,2026-08-20T17:00:00Z,2020-21,Premier League,https://www.football-data.co.uk/mmz4281/2021/E0.csv
global-cad8d6ca7224cdeacca2734d,Football-Data.co.uk,data/raw/epl_2020_2021_football_data_real.csv,5afe63f69401457b8354eaacee24f9a3e520b3c3af6329564a9783e20d789c62,2026-08-20T17:00:00Z,2020-21,Premier League,https://www.football-data.co.uk/mmz4281/2021/E0.csv
global-05c6d9cc7049acb93bfa0db4,Football-Data.co.uk,data/raw/epl_2020_2021_football_data_real.csv,5afe63f69401457b8354eaacee24f9a3e520b3c3af6329564a9783e20d789c62,2026-08-20T17:00:00Z,2020-21,Premier League,https://www.football-data.co.uk/mmz4281/2021/E0.csv
global-411fe7c1fb38f12e25484de8,Football-Data.co.uk,data/raw/epl_2020_2021_football_data_real.csv,5afe63f69401457b8354eaacee24f9a3e520b3c3af6329564a9783e20d789c62,2026-08-20T17:00:00Z,2020-21,Premier League,https://www.football-data.co.uk/mmz4281/2021/E0.csv
global-a2cbf8ba949b5b8edc39ac25,Football-Data.co.uk,data/raw/epl_2020_2021_football_data_real.csv,5afe63f69401457b8354eaacee24f9a3e520b3c3af6329564a9783e20d789c62,2026-08-20T17:00:00Z,2020-21,Premier League,https://www.football-data.co.uk/mmz4281/2021/E0.csv
global-e516698398dd0acddf727caa,Football-Data.co.uk,data/raw/epl_2020_2021_football_data_real.csv,5afe63f69401457b8354eaacee24f9a3e520b3c3af6329564a9783e20d789c62,2026-08-20T17:00:00Z,2020-21,Premier League,https://www.football-data.co.uk/mmz4281/2021/E0.csv
global-54a725a1bd0693e4bbcda5ef,Football-Data.co.uk,data/raw/epl_2020_2021_football_data_real.csv,5afe63f69401457b8354eaacee24f9a3e520b3c3af6329564a9783e20d789c62,2026-08-20T17:00:00Z,2020-21,Premier League,https://www.football-data.co.uk/mmz4281/2021/E0.csv
global-bc9b17e4019ead52970dcdff,Football-Data.co.uk,data/raw/epl_2020_2021_football_data_real.csv,5afe63f69401457b8354eaacee24f9a3e520b3c3af6329564a9783e20d789c62,2026-08-20T17:00:00Z,2020-21,Premier League,https://www.football-data.co.uk/mmz4281/2021/E0.csv
global-787e2b505afb677d1402a61b,Football-Data.co.uk,data/raw/epl_2020_2021_football_data_real.csv,5afe63f69401457b8354eaacee24f9a3e520b3c3af6329564a9783e20d789c62,2026-08-20T17:00:00Z,2020-21,Premier League,https://www.football-data.co.uk/mmz4281/2021/E0.csv
global-64a8eaba4e2245973c15a44a,Football-Data.co.uk,data/raw/epl_2020_2021_football_data_real.csv,5afe63f69401457b8354eaacee24f9a3e520b3c3af6329564a9783e20d789c62,2026-08-20T17:00:00Z,2020-21,Premier League,https://www.football-data.co.uk/mmz4281/2021/E0.csv
global-6c664c90f133692c5cbfedf3,Football-Data.co.uk,data/raw/epl_2020_2021_football_data_real.csv,5afe63f69401457b8354eaacee24f9a3e520b3c3af6329564a9783e20d789c62,2026-08-20T17:00:00Z,2020-21,Premier League,https://www.football-data.co.uk/mmz4281/2021/E0.csv
global-6b095fb6d0c4b56eb0e8cbe0,Football-Data.co.uk,data/raw/epl_2020_2021_football_data_real.csv,5afe63f69401457b8354eaacee24f9a3e520b3c3af6329564a9783e20d789c62,2026-08-20T17:00:00Z,2020-21,Premier League,https://www.football-data.co.uk/mmz4281/2021/E0.csv
global-83cc0406f3c329ddcd012a43,Football-Data.co.uk,data/raw/epl_2020_2021_football_data_real.csv,5afe63f69401457b8354eaacee24f9a3e520b3c3af6329564a9783e20d789c62,2026-08-20T17:00:00Z,2020-21,Premier League,https://www.football-data.co.uk/mmz4281/2021/E0.csv
global-1d23e49a78e50ba7705badba,Football-Data.co.uk,data/raw/epl_2020_2021_football_data_real.csv,5afe63f69401457b8354eaacee24f9a3e520b3c3af6329564a9783e20d789c62,2026-08-20T17:00:00Z,2020-21,Premier League,https://www.football-data.co.uk/mmz4281/2021/E0.csv
global-1812bb1f8e28f636ee7543a2,Football-Data.co.uk,data/raw/epl_2020_2021_football_data_real.csv,5afe63f69401457b8354eaacee24f9a3e520b3c3af6329564a9783e20d789c62,2026-08-20T17:00:00Z,2020-21,Premier League,https://www.football-data.co.uk/mmz4281/2021/E0.csv
global-ef72344e23eb3b003abcaea0,Football-Data.co.uk,data/raw/epl_2020_2021_football_data_real.csv,5afe63f69401457b8354eaacee24f9a3e520b3c3af6329564a9783e20d789c62,2026-08-20T17:00:00Z,2020-21,Premier League,https://www.football-data.co.uk/mmz4281/2021/E0.csv
global-90d19fd09100d9d1365f24e8,Football-Data.co.uk,data/raw/epl_2020_2021_football_data_real.csv,5afe63f69401457b8354eaacee24f9a3e520b3c3af6329564a9783e20d789c62,2026-08-20T17:00:00Z,2020-21,Premier League,https://www.football-data.co.uk/mmz4281/2021/E0.csv
global-bdebfb5a80503d79a74c3f83,Football-Data.co.uk,data/raw/epl_2020_2021_football_data_real.csv,5afe63f69401457b8354eaacee24f9a3e520b3c3af6329564a9783e20d789c62,2026-08-20T17:00:00Z,2020-21,Premier League,https://www.football-data.co.uk/mmz4281/2021/E0.csv
global-15d56751905237b95e35b80a,Football-Data.co.uk,data/raw/epl_2020_2021_football_data_real.csv,5afe63f69401457b8354eaacee24f9a3e520b3c3af6329564a9783e20d789c62,2026-08-20T17:00:00Z,2020-21,Premier League,https://www.football-data.co.uk/mmz4281/2021/E0.csv
global-3c51ff562bcf0c709e3fa54c,Football-Data.co.uk,data/raw/epl_2020_2021_football_data_real.csv,5afe63f69401457b8354eaacee24f9a3e520b3c3af6329564a9783e20d789c62,2026-08-20T17:00:00Z,2020-21,Premier League,https://www.football-data.co.uk/mmz4281/2021/E0.csv
global-1e4d6c8b9c1706b4287ffe79,Football-Data.co.uk,data/raw/epl_2020_2021_football_data_real.csv,5afe63f69401457b8354eaacee24f9a3e520b3c3af6329564a9783e20d789c62,2026-08-20T17:00:00Z,2020-21,Premier League,https://www.football-data.co.uk/mmz4281/2021/E0.csv
global-c9c1f3b142738245fdc44069,Football-Data.co.uk,data/raw/epl_2020_2021_football_data_real.csv,5afe63f69401457b8354eaacee24f9a3e520b3c3af6329564a9783e20d789c62,2026-08-20T17:00:00Z,2020-21,Premier League,https://www.football-data.co.uk/mmz4281/2021/E0.csv
global-4c213f74010b128e0b42779f,Football-Data.co.uk,data/raw/epl_2020_2021_football_data_real.csv,5afe63f69401457b8354eaacee24f9a3e520b3c3af6329564a9783e20d789c62,2026-08-20T17:00:00Z,2020-21,Premier League,https://www.football-data.co.uk/mmz4281/2021/E0.csv
global-49dd116df89ab3f07b174b8d,Football-Data.co.uk,data/raw/epl_2020_2021_football_data_real.csv,5afe63f69401457b8354eaacee24f9a3e520b3c3af6329564a9783e20d789c62,2026-08-20T17:00:00Z,2020-21,Premier League,https://www.football-data.co.uk/mmz4281/2021/E0.csv
global-b2378c6467959c39bd99279d,Football-Data.co.uk,data/raw/epl_2020_2021_football_data_real.csv,5afe63f69401457b8354eaacee24f9a3e520b3c3af6329564a9783e20d789c62,2026-08-20T17:00:00Z,2020-21,Premier League,https://www.football-data.co.uk/mmz4281/2021/E0.csv
global-ca7d7a4c1e338ada51ccac9b,Football-Data.co.uk,data/raw/epl_2020_2021_football_data_real.csv,5afe63f69401457b8354eaacee24f9a3e520b3c3af6329564a9783e20d789c62,2026-08-20T17:00:00Z,2020-21,Premier League,https://www.football-data.co.uk/mmz4281/2021/E0.csv
global-5ab4d00122eee45ad2de65fc,Football-Data.co.uk,data/raw/epl_2020_2021_football_data_real.csv,5afe63f69401457b8354eaacee24f9a3e520b3c3af6329564a9783e20d789c62,2026-08-20T17:00:00Z,2020-21,Premier League,https://www.football-data.co.uk/mmz4281/2021/E0.csv
global-907d02765aad2102433a7ba4,Football-Data.co.uk,data/raw/epl_2020_2021_football_data_real.csv,5afe63f69401457b8354eaacee24f9a3e520b3c3af6329564a9783e20d789c62,2026-08-20T17:00:00Z,2020-21,Premier League,https://www.football-data.co.uk/mmz4281/2021/E0.csv
global-7554319b5faa28b51c982666,Football-Data.co.uk,data/raw/epl_2020_2021_football_data_real.csv,5afe63f69401457b8354eaacee24f9a3e520b3c3af6329564a9783e20d789c62,2026-08-20T17:00:00Z,2020-21,Premier League,https://www.football-data.co.uk/mmz4281/2021/E0.csv
global-8e96a2ecede4687482dfad29,Football-Data.co.uk,data/raw/epl_2020_2021_football_data_real.csv,5afe63f69401457b8354eaacee24f9a3e520b3c3af6329564a9783e20d789c62,2026-08-20T17:00:00Z,2020-21,Premier League,https://www.football-data.co.uk/mmz4281/2021/E0.csv
global-62cd23550f39e21f20268f66,Football-Data.co.uk,data/raw/epl_2020_2021_football_data_real.csv,5afe63f69401457b8354eaacee24f9a3e520b3c3af6329564a9783e20d789c62,2026-08-20T17:00:00Z,2020-21,Premier League,https://www.football-data.co.uk/mmz4281/2021/E0.csv
global-7ab512f2ae443376d30386b8,Football-Data.co.uk,data/raw/epl_2020_2021_football_data_real.csv,5afe63f69401457b8354eaacee24f9a3e520b3c3af6329564a9783e20d789c62,2026-08-20T17:00:00Z,2020-21,Premier League,https://www.football-data.co.uk/mmz4281/2021/E0.csv
global-020861a0dc3d6d4ba484011f,Football-Data.co.uk,data/raw/epl_2020_2021_football_data_real.csv,5afe63f69401457b8354eaacee24f9a3e520b3c3af6329564a9783e20d789c62,2026-08-20T17:00:00Z,2020-21,Premier League,https://www.football-data.co.uk/mmz4281/2021/E0.csv
global-ae096dc483995241555daaff,Football-Data.co.uk,data/raw/epl_2020_2021_football_data_real.csv,5afe63f69401457b8354eaacee24f9a3e520b3c3af6329564a9783e20d789c62,2026-08-20T17:00:00Z,2020-21,Premier League,https://www.football-data.co.uk/mmz4281/2021/E0.csv
global-8cf898060fb87c212a90da1e,Football-Data.co.uk,data/raw/epl_2020_2021_football_data_real.csv,5afe63f69401457b8354eaacee24f9a3e520b3c3af6329564a9783e20d789c62,2026-08-20T17:00:00Z,2020-21,Premier League,https://www.football-data.co.uk/mmz4281/2021/E0.csv
global-edeb3b6eb1fc55a7c81e281c,Football-Data.co.uk,data/raw/epl_2020_2021_football_data_real.csv,5afe63f69401457b8354eaacee24f9a3e520b3c3af6329564a9783e20d789c62,2026-08-20T17:00:00Z,2020-21,Premier League,https://www.football-data.co.uk/mmz4281/2021/E0.csv
global-fd67f0e40438ddf944630eb3,Football-Data.co.uk,data/raw/epl_2020_2021_football_data_real.csv,5afe63f69401457b8354eaacee24f9a3e520b3c3af6329564a9783e20d789c62,2026-08-20T17:00:00Z,2020-21,Premier League,https://www.football-data.co.uk/mmz4281/2021/E0.csv
global-e16ef9b19d3527942d7726f7,Football-Data.co.uk,data/raw/epl_2020_2021_football_data_real.csv,5afe63f69401457b8354eaacee24f9a3e520b3c3af6329564a9783e20d789c62,2026-08-20T17:00:00Z,2020-21,Premier League,https://www.football-data.co.uk/mmz4281/2021/E0.csv
global-b600f9a02ff0b8f4d3a577ea,Football-Data.co.uk,data/raw/epl_2020_2021_football_data_real.csv,5afe63f69401457b8354eaacee24f9a3e520b3c3af6329564a9783e20d789c62,2026-08-20T17:00:00Z,2020-21,Premier League,https://www.football-data.co.uk/mmz4281/2021/E0.csv
global-c2f42b90040f853aeef083af,Football-Data.co.uk,data/raw/epl_2020_2021_football_data_real.csv,5afe63f69401457b8354eaacee24f9a3e520b3c3af6329564a9783e20d789c62,2026-08-20T17:00:00Z,2020-21,Premier League,https://www.football-data.co.uk/mmz4281/2021/E0.csv
global-b53934af3748f2dd6eabddf6,Football-Data.co.uk,data/raw/epl_2020_2021_football_data_real.csv,5afe63f69401457b8354eaacee24f9a3e520b3c3af6329564a9783e20d789c62,2026-08-20T17:00:00Z,2020-21,Premier League,https://www.football-data.co.uk/mmz4281/2021/E0.csv
global-3bf6005ed8132b93d1ba80f0,Football-Data.co.uk,data/raw/epl_2020_2021_football_data_real.csv,5afe63f69401457b8354eaacee24f9a3e520b3c3af6329564a9783e20d789c62,2026-08-20T17:00:00Z,2020-21,Premier League,https://www.football-data.co.uk/mmz4281/2021/E0.csv
global-c0a5d5a9e3e7d26014d0a12f,Football-Data.co.uk,data/raw/epl_2020_2021_football_data_real.csv,5afe63f69401457b8354eaacee24f9a3e520b3c3af6329564a9783e20d789c62,2026-08-20T17:00:00Z,2020-21,Premier League,https://www.football-data.co.uk/mmz4281/2021/E0.csv
global-3c469a5cc8532927468074e7,Football-Data.co.uk,data/raw/epl_2020_2021_football_data_real.csv,5afe63f69401457b8354eaacee24f9a3e520b3c3af6329564a9783e20d789c62,2026-08-20T17:00:00Z,2020-21,Premier League,https://www.football-data.co.uk/mmz4281/2021/E0.csv
global-cfc1b287e0c7e8a9488d89d3,Football-Data.co.uk,data/raw/epl_2020_2021_football_data_real.csv,5afe63f69401457b8354eaacee24f9a3e520b3c3af6329564a9783e20d789c62,2026-08-20T17:00:00Z,2020-21,Premier League,https://www.football-data.co.uk/mmz4281/2021/E0.csv
global-82d52ef05bbeb3f4e807f3c2,Football-Data.co.uk,data/raw/epl_2020_2021_football_data_real.csv,5afe63f69401457b8354eaacee24f9a3e520b3c3af6329564a9783e20d789c62,2026-08-20T17:00:00Z,2020-21,Premier League,https://www.football-data.co.uk/mmz4281/2021/E0.csv
global-8442b7ffe46bbd1082437cc3,Football-Data.co.uk,data/raw/epl_2020_2021_football_data_real.csv,5afe63f69401457b8354eaacee24f9a3e520b3c3af6329564a9783e20d789c62,2026-08-20T17:00:00Z,2020-21,Premier League,https://www.football-data.co.uk/mmz4281/2021/E0.csv
global-9a652afff9e5fd85e15d9f35,Football-Data.co.uk,data/raw/epl_2020_2021_football_data_real.csv,5afe63f69401457b8354eaacee24f9a3e520b3c3af6329564a9783e20d789c62,2026-08-20T17:00:00Z,2020-21,Premier League,https://www.football-data.co.uk/mmz4281/2021/E0.csv
global-adaec000e8f907bedd40bc20,Football-Data.co.uk,data/raw/epl_2020_2021_football_data_real.csv,5afe63f69401457b8354eaacee24f9a3e520b3c3af6329564a9783e20d789c62,2026-08-20T17:00:00Z,2020-21,Premier League,https://www.football-data.co.uk/mmz4281/2021/E0.csv
global-ae315650daebe80dd0fc3513,Football-Data.co.uk,data/raw/epl_2020_2021_football_data_real.csv,5afe63f69401457b8354eaacee24f9a3e520b3c3af6329564a9783e20d789c62,2026-08-20T17:00:00Z,2020-21,Premier League,https://www.football-data.co.uk/mmz4281/2021/E0.csv
global-4b043e4bd21dcc859d668985,Football-Data.co.uk,data/raw/epl_2020_2021_football_data_real.csv,5afe63f69401457b8354eaacee24f9a3e520b3c3af6329564a9783e20d789c62,2026-08-20T17:00:00Z,2020-21,Premier League,https://www.football-data.co.uk/mmz4281/2021/E0.csv
global-b363a3bad2876c86f05e355c,Football-Data.co.uk,data/raw/epl_2020_2021_football_data_real.csv,5afe63f69401457b8354eaacee24f9a3e520b3c3af6329564a9783e20d789c62,2026-08-20T17:00:00Z,2020-21,Premier League,https://www.football-data.co.uk/mmz4281/2021/E0.csv
global-872952be660025b37365e44f,Football-Data.co.uk,data/raw/epl_2020_2021_football_data_real.csv,5afe63f69401457b8354eaacee24f9a3e520b3c3af6329564a9783e20d789c62,2026-08-20T17:00:00Z,2020-21,Premier League,https://www.football-data.co.uk/mmz4281/2021/E0.csv
global-76470eb344a39682c65e9d79,Football-Data.co.uk,data/raw/epl_2020_2021_football_data_real.csv,5afe63f69401457b8354eaacee24f9a3e520b3c3af6329564a9783e20d789c62,2026-08-20T17:00:00Z,2020-21,Premier League,https://www.football-data.co.uk/mmz4281/2021/E0.csv
global-5c3ce099860f7cc6bfb25fd5,Football-Data.co.uk,data/raw/epl_2020_2021_football_data_real.csv,5afe63f69401457b8354eaacee24f9a3e520b3c3af6329564a9783e20d789c62,2026-08-20T17:00:00Z,2020-21,Premier League,https://www.football-data.co.uk/mmz4281/2021/E0.csv
global-71e744b9c11c7d1ece3b637b,Football-Data.co.uk,data/raw/epl_2020_2021_football_data_real.csv,5afe63f69401457b8354eaacee24f9a3e520b3c3af6329564a9783e20d789c62,2026-08-20T17:00:00Z,2020-21,Premier League,https://www.football-data.co.uk/mmz4281/2021/E0.csv
global-2e0d51edb094be5ce228e0d4,Football-Data.co.uk,data/raw/epl_2020_2021_football_data_real.csv,5afe63f69401457b8354eaacee24f9a3e520b3c3af6329564a9783e20d789c62,2026-08-20T17:00:00Z,2020-21,Premier League,https://www.football-data.co.uk/mmz4281/2021/E0.csv
global-deef766f072271003d85ae25,Football-Data.co.uk,data/raw/epl_2020_2021_football_data_real.csv,5afe63f69401457b8354eaacee24f9a3e520b3c3af6329564a9783e20d789c62,2026-08-20T17:00:00Z,2020-21,Premier League,https://www.football-data.co.uk/mmz4281/2021/E0.csv
global-ac9034f4434bff19987db271,Football-Data.co.uk,data/raw/epl_2020_2021_football_data_real.csv,5afe63f69401457b8354eaacee24f9a3e520b3c3af6329564a9783e20d789c62,2026-08-20T17:00:00Z,2020-21,Premier League,https://www.football-data.co.uk/mmz4281/2021/E0.csv
global-a707e89729b502281278a09f,Football-Data.co.uk,data/raw/epl_2020_2021_football_data_real.csv,5afe63f69401457b8354eaacee24f9a3e520b3c3af6329564a9783e20d789c62,2026-08-20T17:00:00Z,2020-21,Premier League,https://www.football-data.co.uk/mmz4281/2021/E0.csv
global-01a91b3b7b5a2afae3617563,Football-Data.co.uk,data/raw/epl_2020_2021_football_data_real.csv,5afe63f69401457b8354eaacee24f9a3e520b3c3af6329564a9783e20d789c62,2026-08-20T17:00:00Z,2020-21,Premier League,https://www.football-data.co.uk/mmz4281/2021/E0.csv
global-87006da3994da5b8107d26cc,Football-Data.co.uk,data/raw/epl_2020_2021_football_data_real.csv,5afe63f69401457b8354eaacee24f9a3e520b3c3af6329564a9783e20d789c62,2026-08-20T17:00:00Z,2020-21,Premier League,https://www.football-data.co.uk/mmz4281/2021/E0.csv
global-39249b9bb536c537f50f5290,Football-Data.co.uk,data/raw/epl_2020_2021_football_data_real.csv,5afe63f69401457b8354eaacee24f9a3e520b3c3af6329564a9783e20d789c62,2026-08-20T17:00:00Z,2020-21,Premier League,https://www.football-data.co.uk/mmz4281/2021/E0.csv
global-cf4111a08e9054b8e167c42a,Football-Data.co.uk,data/raw/epl_2020_2021_football_data_real.csv,5afe63f69401457b8354eaacee24f9a3e520b3c3af6329564a9783e20d789c62,2026-08-20T17:00:00Z,2020-21,Premier League,https://www.football-data.co.uk/mmz4281/2021/E0.csv
global-7922157f020545c2ae1537e2,Football-Data.co.uk,data/raw/epl_2020_2021_football_data_real.csv,5afe63f69401457b8354eaacee24f9a3e520b3c3af6329564a9783e20d789c62,2026-08-20T17:00:00Z,2020-21,Premier League,https://www.football-data.co.uk/mmz4281/2021/E0.csv
global-e4dff99adb29673c551dd50c,Football-Data.co.uk,data/raw/epl_2020_2021_football_data_real.csv,5afe63f69401457b8354eaacee24f9a3e520b3c3af6329564a9783e20d789c62,2026-08-20T17:00:00Z,2020-21,Premier League,https://www.football-data.co.uk/mmz4281/2021/E0.csv
global-9c51bc22a7640127913fbd38,Football-Data.co.uk,data/raw/epl_2020_2021_football_data_real.csv,5afe63f69401457b8354eaacee24f9a3e520b3c3af6329564a9783e20d789c62,2026-08-20T17:00:00Z,2020-21,Premier League,https://www.football-data.co.uk/mmz4281/2021/E0.csv
global-078ef27fd56dfd835e4b8081,Football-Data.co.uk,data/raw/epl_2020_2021_football_data_real.csv,5afe63f69401457b8354eaacee24f9a3e520b3c3af6329564a9783e20d789c62,2026-08-20T17:00:00Z,2020-21,Premier League,https://www.football-data.co.uk/mmz4281/2021/E0.csv
global-d86d70e89bf000a93507b520,Football-Data.co.uk,data/raw/epl_2020_2021_football_data_real.csv,5afe63f69401457b8354eaacee24f9a3e520b3c3af6329564a9783e20d789c62,2026-08-20T17:00:00Z,2020-21,Premier League,https://www.football-data.co.uk/mmz4281/2021/E0.csv
global-51218e078b1003be5e20c0a3,Football-Data.co.uk,data/raw/epl_2020_2021_football_data_real.csv,5afe63f69401457b8354eaacee24f9a3e520b3c3af6329564a9783e20d789c62,2026-08-20T17:00:00Z,2020-21,Premier League,https://www.football-data.co.uk/mmz4281/2021/E0.csv
global-b506ed0ccf28601fde5df920,Football-Data.co.uk,data/raw/epl_2020_2021_football_data_real.csv,5afe63f69401457b8354eaacee24f9a3e520b3c3af6329564a9783e20d789c62,2026-08-20T17:00:00Z,2020-21,Premier League,https://www.football-data.co.uk/mmz4281/2021/E0.csv
global-4ee37de157880d2360fbcd5f,Football-Data.co.uk,data/raw/epl_2020_2021_football_data_real.csv,5afe63f69401457b8354eaacee24f9a3e520b3c3af6329564a9783e20d789c62,2026-08-20T17:00:00Z,2020-21,Premier League,https://www.football-data.co.uk/mmz4281/2021/E0.csv
global-b94d6c4c09c47b771797fd16,Football-Data.co.uk,data/raw/epl_2020_2021_football_data_real.csv,5afe63f69401457b8354eaacee24f9a3e520b3c3af6329564a9783e20d789c62,2026-08-20T17:00:00Z,2020-21,Premier League,https://www.football-data.co.uk/mmz4281/2021/E0.csv
global-42b2d6bf0e9bb720903ef001,Football-Data.co.uk,data/raw/epl_2020_2021_football_data_real.csv,5afe63f69401457b8354eaacee24f9a3e520b3c3af6329564a9783e20d789c62,2026-08-20T17:00:00Z,2020-21,Premier League,https://www.football-data.co.uk/mmz4281/2021/E0.csv
global-0bbfe2abb2111638601b23d9,Football-Data.co.uk,data/raw/epl_2020_2021_football_data_real.csv,5afe63f69401457b8354eaacee24f9a3e520b3c3af6329564a9783e20d789c62,2026-08-20T17:00:00Z,2020-21,Premier League,https://www.football-data.co.uk/mmz4281/2021/E0.csv
global-09b769ef9bdf8ac79b866791,Football-Data.co.uk,data/raw/epl_2020_2021_football_data_real.csv,5afe63f69401457b8354eaacee24f9a3e520b3c3af6329564a9783e20d789c62,2026-08-20T17:00:00Z,2020-21,Premier League,https://www.football-data.co.uk/mmz4281/2021/E0.csv
global-19eb69eb7d1ad25ddce1426a,Football-Data.co.uk,data/raw/epl_2020_2021_football_data_real.csv,5afe63f69401457b8354eaacee24f9a3e520b3c3af6329564a9783e20d789c62,2026-08-20T17:00:00Z,2020-21,Premier League,https://www.football-data.co.uk/mmz4281/2021/E0.csv
global-1ea27f93dc35221cbf3faae6,Football-Data.co.uk,data/raw/epl_2020_2021_football_data_real.csv,5afe63f69401457b8354eaacee24f9a3e520b3c3af6329564a9783e20d789c62,2026-08-20T17:00:00Z,2020-21,Premier League,https://www.football-data.co.uk/mmz4281/2021/E0.csv
global-4244b19afbc339a78d350a7f,Football-Data.co.uk,data/raw/epl_2020_2021_football_data_real.csv,5afe63f69401457b8354eaacee24f9a3e520b3c3af6329564a9783e20d789c62,2026-08-20T17:00:00Z,2020-21,Premier League,https://www.football-data.co.uk/mmz4281/2021/E0.csv
global-479ca73f329613e0057cc25f,Football-Data.co.uk,data/raw/epl_2020_2021_football_data_real.csv,5afe63f69401457b8354eaacee24f9a3e520b3c3af6329564a9783e20d789c62,2026-08-20T17:00:00Z,2020-21,Premier League,https://www.football-data.co.uk/mmz4281/2021/E0.csv
global-2641e22f773ca661160f3b12,Football-Data.co.uk,data/raw/epl_2020_2021_football_data_real.csv,5afe63f69401457b8354eaacee24f9a3e520b3c3af6329564a9783e20d789c62,2026-08-20T17:00:00Z,2020-21,Premier League,https://www.football-data.co.uk/mmz4281/2021/E0.csv
global-18a4151725e52d46d6282e01,Football-Data.co.uk,data/raw/epl_2020_2021_football_data_real.csv,5afe63f69401457b8354eaacee24f9a3e520b3c3af6329564a9783e20d789c62,2026-08-20T17:00:00Z,2020-21,Premier League,https://www.football-data.co.uk/mmz4281/2021/E0.csv
global-1eb78788f001b0f3de4c5b68,Football-Data.co.uk,data/raw/epl_2020_2021_football_data_real.csv,5afe63f69401457b8354eaacee24f9a3e520b3c3af6329564a9783e20d789c62,2026-08-20T17:00:00Z,2020-21,Premier League,https://www.football-data.co.uk/mmz4281/2021/E0.csv
global-7593dd01c40535ea3648e937,Football-Data.co.uk,data/raw/epl_2020_2021_football_data_real.csv,5afe63f69401457b8354eaacee24f9a3e520b3c3af6329564a9783e20d789c62,2026-08-20T17:00:00Z,2020-21,Premier League,https://www.football-data.co.uk/mmz4281/2021/E0.csv
global-dcdaf66aab0ab40bb30b2cee,Football-Data.co.uk,data/raw/epl_2020_2021_football_data_real.csv,5afe63f69401457b8354eaacee24f9a3e520b3c3af6329564a9783e20d789c62,2026-08-20T17:00:00Z,2020-21,Premier League,https://www.football-data.co.uk/mmz4281/2021/E0.csv
global-407341d9c2d39c5fc7d50b2f,Football-Data.co.uk,data/raw/epl_2020_2021_football_data_real.csv,5afe63f69401457b8354eaacee24f9a3e520b3c3af6329564a9783e20d789c62,2026-08-20T17:00:00Z,2020-21,Premier League,https://www.football-data.co.uk/mmz4281/2021/E0.csv
global-9b24a56487eb78fe8704f7fb,Football-Data.co.uk,data/raw/epl_2020_2021_football_data_real.csv,5afe63f69401457b8354eaacee24f9a3e520b3c3af6329564a9783e20d789c62,2026-08-20T17:00:00Z,2020-21,Premier League,https://www.football-data.co.uk/mmz4281/2021/E0.csv
global-21038ddde2e9bf87f62a7554,Football-Data.co.uk,data/raw/epl_2020_2021_football_data_real.csv,5afe63f69401457b8354eaacee24f9a3e520b3c3af6329564a9783e20d789c62,2026-08-20T17:00:00Z,2020-21,Premier League,https://www.football-data.co.uk/mmz4281/2021/E0.csv
global-25ffa3b9ccacea193d273c68,Football-Data.co.uk,data/raw/epl_2020_2021_football_data_real.csv,5afe63f69401457b8354eaacee24f9a3e520b3c3af6329564a9783e20d789c62,2026-08-20T17:00:00Z,2020-21,Premier League,https://www.football-data.co.uk/mmz4281/2021/E0.csv
global-b6e045f7469ec49ff97a1be3,Football-Data.co.uk,data/raw/epl_2020_2021_football_data_real.csv,5afe63f69401457b8354eaacee24f9a3e520b3c3af6329564a9783e20d789c62,2026-08-20T17:00:00Z,2020-21,Premier League,https://www.football-data.co.uk/mmz4281/2021/E0.csv
global-1850982109877aa98ec08db0,Football-Data.co.uk,data/raw/epl_2020_2021_football_data_real.csv,5afe63f69401457b8354eaacee24f9a3e520b3c3af6329564a9783e20d789c62,2026-08-20T17:00:00Z,2020-21,Premier League,https://www.football-data.co.uk/mmz4281/2021/E0.csv
global-2ad77d1563d1f7c658dde408,Football-Data.co.uk,data/raw/epl_2020_2021_football_data_real.csv,5afe63f69401457b8354eaacee24f9a3e520b3c3af6329564a9783e20d789c62,2026-08-20T17:00:00Z,2020-21,Premier League,https://www.football-data.co.uk/mmz4281/2021/E0.csv
global-b29b883f87696afb7b132e87,Football-Data.co.uk,data/raw/epl_2020_2021_football_data_real.csv,5afe63f69401457b8354eaacee24f9a3e520b3c3af6329564a9783e20d789c62,2026-08-20T17:00:00Z,2020-21,Premier League,https://www.football-data.co.uk/mmz4281/2021/E0.csv
global-11181e77b5692cbe153840a8,Football-Data.co.uk,data/raw/epl_2020_2021_football_data_real.csv,5afe63f69401457b8354eaacee24f9a3e520b3c3af6329564a9783e20d789c62,2026-08-20T17:00:00Z,2020-21,Premier League,https://www.football-data.co.uk/mmz4281/2021/E0.csv
global-320bf2c762a1cc6c5d823b05,Football-Data.co.uk,data/raw/epl_2020_2021_football_data_real.csv,5afe63f69401457b8354eaacee24f9a3e520b3c3af6329564a9783e20d789c62,2026-08-20T17:00:00Z,2020-21,Premier League,https://www.football-data.co.uk/mmz4281/2021/E0.csv
global-33349843c5be788798081297,Football-Data.co.uk,data/raw/epl_2020_2021_football_data_real.csv,5afe63f69401457b8354eaacee24f9a3e520b3c3af6329564a9783e20d789c62,2026-08-20T17:00:00Z,2020-21,Premier League,https://www.football-data.co.uk/mmz4281/2021/E0.csv
global-ebe738be51a81525bbafa0f1,Football-Data.co.uk,data/raw/epl_2021_2022_football_data_real.csv,335afcbabeb2939fa10ab39ba3e8215072d0b577cb8d0705c1e44c56e934e703,2026-08-20T17:00:00Z,2021-22,Premier League,https://www.football-data.co.uk/mmz4281/2122/E0.csv
global-33b777b937d940835e1eb66c,Football-Data.co.uk,data/raw/epl_2021_2022_football_data_real.csv,335afcbabeb2939fa10ab39ba3e8215072d0b577cb8d0705c1e44c56e934e703,2026-08-20T17:00:00Z,2021-22,Premier League,https://www.football-data.co.uk/mmz4281/2122/E0.csv
global-0adaa71a08018c1c006029ea,Football-Data.co.uk,data/raw/epl_2021_2022_football_data_real.csv,335afcbabeb2939fa10ab39ba3e8215072d0b577cb8d0705c1e44c56e934e703,2026-08-20T17:00:00Z,2021-22,Premier League,https://www.football-data.co.uk/mmz4281/2122/E0.csv
global-00df031aaf7e228141ad08b2,Football-Data.co.uk,data/raw/epl_2021_2022_football_data_real.csv,335afcbabeb2939fa10ab39ba3e8215072d0b577cb8d0705c1e44c56e934e703,2026-08-20T17:00:00Z,2021-22,Premier League,https://www.football-data.co.uk/mmz4281/2122/E0.csv
global-77bc87612164ee9a428555e3,Football-Data.co.uk,data/raw/epl_2021_2022_football_data_real.csv,335afcbabeb2939fa10ab39ba3e8215072d0b577cb8d0705c1e44c56e934e703,2026-08-20T17:00:00Z,2021-22,Premier League,https://www.football-data.co.uk/mmz4281/2122/E0.csv
global-e09b69cf478de3a00bc1bbd5,Football-Data.co.uk,data/raw/epl_2021_2022_football_data_real.csv,335afcbabeb2939fa10ab39ba3e8215072d0b577cb8d0705c1e44c56e934e703,2026-08-20T17:00:00Z,2021-22,Premier League,https://www.football-data.co.uk/mmz4281/2122/E0.csv
global-6c06fc59a56baed97c191bb9,Football-Data.co.uk,data/raw/epl_2021_2022_football_data_real.csv,335afcbabeb2939fa10ab39ba3e8215072d0b577cb8d0705c1e44c56e934e703,2026-08-20T17:00:00Z,2021-22,Premier League,https://www.football-data.co.uk/mmz4281/2122/E0.csv
global-438ed2b641daa1a5061125af,Football-Data.co.uk,data/raw/epl_2021_2022_football_data_real.csv,335afcbabeb2939fa10ab39ba3e8215072d0b577cb8d0705c1e44c56e934e703,2026-08-20T17:00:00Z,2021-22,Premier League,https://www.football-data.co.uk/mmz4281/2122/E0.csv
global-ab84b0cc6b8875fe663bef1a,Football-Data.co.uk,data/raw/epl_2021_2022_football_data_real.csv,335afcbabeb2939fa10ab39ba3e8215072d0b577cb8d0705c1e44c56e934e703,2026-08-20T17:00:00Z,2021-22,Premier League,https://www.football-data.co.uk/mmz4281/2122/E0.csv
global-20f851c82ef5672ff35516e2,Football-Data.co.uk,data/raw/epl_2021_2022_football_data_real.csv,335afcbabeb2939fa10ab39ba3e8215072d0b577cb8d0705c1e44c56e934e703,2026-08-20T17:00:00Z,2021-22,Premier League,https://www.football-data.co.uk/mmz4281/2122/E0.csv
global-6f484bb9857c753b0e5f76cc,Football-Data.co.uk,data/raw/epl_2021_2022_football_data_real.csv,335afcbabeb2939fa10ab39ba3e8215072d0b577cb8d0705c1e44c56e934e703,2026-08-20T17:00:00Z,2021-22,Premier League,https://www.football-data.co.uk/mmz4281/2122/E0.csv
global-ae7051e61d7acda1a0432431,Football-Data.co.uk,data/raw/epl_2021_2022_football_data_real.csv,335afcbabeb2939fa10ab39ba3e8215072d0b577cb8d0705c1e44c56e934e703,2026-08-20T17:00:00Z,2021-22,Premier League,https://www.football-data.co.uk/mmz4281/2122/E0.csv
global-eeb5e13d088c2f966acfc05b,Football-Data.co.uk,data/raw/epl_2021_2022_football_data_real.csv,335afcbabeb2939fa10ab39ba3e8215072d0b577cb8d0705c1e44c56e934e703,2026-08-20T17:00:00Z,2021-22,Premier League,https://www.football-data.co.uk/mmz4281/2122/E0.csv
global-7362cc40a37233856a1bd222,Football-Data.co.uk,data/raw/epl_2021_2022_football_data_real.csv,335afcbabeb2939fa10ab39ba3e8215072d0b577cb8d0705c1e44c56e934e703,2026-08-20T17:00:00Z,2021-22,Premier League,https://www.football-data.co.uk/mmz4281/2122/E0.csv
global-d0c399954dabf419cad281d7,Football-Data.co.uk,data/raw/epl_2021_2022_football_data_real.csv,335afcbabeb2939fa10ab39ba3e8215072d0b577cb8d0705c1e44c56e934e703,2026-08-20T17:00:00Z,2021-22,Premier League,https://www.football-data.co.uk/mmz4281/2122/E0.csv
global-765d5cd651c98d3de0e612b9,Football-Data.co.uk,data/raw/epl_2021_2022_football_data_real.csv,335afcbabeb2939fa10ab39ba3e8215072d0b577cb8d0705c1e44c56e934e703,2026-08-20T17:00:00Z,2021-22,Premier League,https://www.football-data.co.uk/mmz4281/2122/E0.csv
global-7c26b5ccef1127a940a3d5b9,Football-Data.co.uk,data/raw/epl_2021_2022_football_data_real.csv,335afcbabeb2939fa10ab39ba3e8215072d0b577cb8d0705c1e44c56e934e703,2026-08-20T17:00:00Z,2021-22,Premier League,https://www.football-data.co.uk/mmz4281/2122/E0.csv
global-a4a1945e0e077de2c48309c1,Football-Data.co.uk,data/raw/epl_2021_2022_football_data_real.csv,335afcbabeb2939fa10ab39ba3e8215072d0b577cb8d0705c1e44c56e934e703,2026-08-20T17:00:00Z,2021-22,Premier League,https://www.football-data.co.uk/mmz4281/2122/E0.csv
global-b00963f7b0227acce31283e0,Football-Data.co.uk,data/raw/epl_2021_2022_football_data_real.csv,335afcbabeb2939fa10ab39ba3e8215072d0b577cb8d0705c1e44c56e934e703,2026-08-20T17:00:00Z,2021-22,Premier League,https://www.football-data.co.uk/mmz4281/2122/E0.csv
global-869aec4630a8e4117570c001,Football-Data.co.uk,data/raw/epl_2021_2022_football_data_real.csv,335afcbabeb2939fa10ab39ba3e8215072d0b577cb8d0705c1e44c56e934e703,2026-08-20T17:00:00Z,2021-22,Premier League,https://www.football-data.co.uk/mmz4281/2122/E0.csv
global-7709ff27b3e47c4ebda6d2d3,Football-Data.co.uk,data/raw/epl_2021_2022_football_data_real.csv,335afcbabeb2939fa10ab39ba3e8215072d0b577cb8d0705c1e44c56e934e703,2026-08-20T17:00:00Z,2021-22,Premier League,https://www.football-data.co.uk/mmz4281/2122/E0.csv
global-582b427082589f2ee8052214,Football-Data.co.uk,data/raw/epl_2021_2022_football_data_real.csv,335afcbabeb2939fa10ab39ba3e8215072d0b577cb8d0705c1e44c56e934e703,2026-08-20T17:00:00Z,2021-22,Premier League,https://www.football-data.co.uk/mmz4281/2122/E0.csv
global-aa04d50deeda5603e447f753,Football-Data.co.uk,data/raw/epl_2021_2022_football_data_real.csv,335afcbabeb2939fa10ab39ba3e8215072d0b577cb8d0705c1e44c56e934e703,2026-08-20T17:00:00Z,2021-22,Premier League,https://www.football-data.co.uk/mmz4281/2122/E0.csv
global-e9d288eaea80c9be8ef799e7,Football-Data.co.uk,data/raw/epl_2021_2022_football_data_real.csv,335afcbabeb2939fa10ab39ba3e8215072d0b577cb8d0705c1e44c56e934e703,2026-08-20T17:00:00Z,2021-22,Premier League,https://www.football-data.co.uk/mmz4281/2122/E0.csv
global-38face8ecbea8b941afe0255,Football-Data.co.uk,data/raw/epl_2021_2022_football_data_real.csv,335afcbabeb2939fa10ab39ba3e8215072d0b577cb8d0705c1e44c56e934e703,2026-08-20T17:00:00Z,2021-22,Premier League,https://www.football-data.co.uk/mmz4281/2122/E0.csv
global-1432bf8813d22df0cca73b19,Football-Data.co.uk,data/raw/epl_2021_2022_football_data_real.csv,335afcbabeb2939fa10ab39ba3e8215072d0b577cb8d0705c1e44c56e934e703,2026-08-20T17:00:00Z,2021-22,Premier League,https://www.football-data.co.uk/mmz4281/2122/E0.csv
global-4bb7bfd460e5a06305fecb6f,Football-Data.co.uk,data/raw/epl_2021_2022_football_data_real.csv,335afcbabeb2939fa10ab39ba3e8215072d0b577cb8d0705c1e44c56e934e703,2026-08-20T17:00:00Z,2021-22,Premier League,https://www.football-data.co.uk/mmz4281/2122/E0.csv
global-345fc001c7ccfa9eb65789af,Football-Data.co.uk,data/raw/epl_2021_2022_football_data_real.csv,335afcbabeb2939fa10ab39ba3e8215072d0b577cb8d0705c1e44c56e934e703,2026-08-20T17:00:00Z,2021-22,Premier League,https://www.football-data.co.uk/mmz4281/2122/E0.csv
global-92a5116c410811fe35beb0de,Football-Data.co.uk,data/raw/epl_2021_2022_football_data_real.csv,335afcbabeb2939fa10ab39ba3e8215072d0b577cb8d0705c1e44c56e934e703,2026-08-20T17:00:00Z,2021-22,Premier League,https://www.football-data.co.uk/mmz4281/2122/E0.csv
global-58bd254b5694282967c49bda,Football-Data.co.uk,data/raw/epl_2021_2022_football_data_real.csv,335afcbabeb2939fa10ab39ba3e8215072d0b577cb8d0705c1e44c56e934e703,2026-08-20T17:00:00Z,2021-22,Premier League,https://www.football-data.co.uk/mmz4281/2122/E0.csv
global-65a85ee9eac1b4bb12dfcba6,Football-Data.co.uk,data/raw/epl_2021_2022_football_data_real.csv,335afcbabeb2939fa10ab39ba3e8215072d0b577cb8d0705c1e44c56e934e703,2026-08-20T17:00:00Z,2021-22,Premier League,https://www.football-data.co.uk/mmz4281/2122/E0.csv
global-6d233cef1a4f6ffdf9c2aa58,Football-Data.co.uk,data/raw/epl_2021_2022_football_data_real.csv,335afcbabeb2939fa10ab39ba3e8215072d0b577cb8d0705c1e44c56e934e703,2026-08-20T17:00:00Z,2021-22,Premier League,https://www.football-data.co.uk/mmz4281/2122/E0.csv
global-464e105c0b98ab34dc0c0cd7,Football-Data.co.uk,data/raw/epl_2021_2022_football_data_real.csv,335afcbabeb2939fa10ab39ba3e8215072d0b577cb8d0705c1e44c56e934e703,2026-08-20T17:00:00Z,2021-22,Premier League,https://www.football-data.co.uk/mmz4281/2122/E0.csv
global-8e2b79ad423a5ffdcbb17439,Football-Data.co.uk,data/raw/epl_2021_2022_football_data_real.csv,335afcbabeb2939fa10ab39ba3e8215072d0b577cb8d0705c1e44c56e934e703,2026-08-20T17:00:00Z,2021-22,Premier League,https://www.football-data.co.uk/mmz4281/2122/E0.csv
global-a26a17aad27954ae653b3b99,Football-Data.co.uk,data/raw/epl_2021_2022_football_data_real.csv,335afcbabeb2939fa10ab39ba3e8215072d0b577cb8d0705c1e44c56e934e703,2026-08-20T17:00:00Z,2021-22,Premier League,https://www.football-data.co.uk/mmz4281/2122/E0.csv
global-d7750ad7b95383d92bf7ef8c,Football-Data.co.uk,data/raw/epl_2021_2022_football_data_real.csv,335afcbabeb2939fa10ab39ba3e8215072d0b577cb8d0705c1e44c56e934e703,2026-08-20T17:00:00Z,2021-22,Premier League,https://www.football-data.co.uk/mmz4281/2122/E0.csv
global-73b9ad08a7d7d70b2b80c9d4,Football-Data.co.uk,data/raw/epl_2021_2022_football_data_real.csv,335afcbabeb2939fa10ab39ba3e8215072d0b577cb8d0705c1e44c56e934e703,2026-08-20T17:00:00Z,2021-22,Premier League,https://www.football-data.co.uk/mmz4281/2122/E0.csv
global-38fbc11dcfa5d2cb3e6e0c67,Football-Data.co.uk,data/raw/epl_2021_2022_football_data_real.csv,335afcbabeb2939fa10ab39ba3e8215072d0b577cb8d0705c1e44c56e934e703,2026-08-20T17:00:00Z,2021-22,Premier League,https://www.football-data.co.uk/mmz4281/2122/E0.csv
global-8ccc734bcbe7eefee11a4286,Football-Data.co.uk,data/raw/epl_2021_2022_football_data_real.csv,335afcbabeb2939fa10ab39ba3e8215072d0b577cb8d0705c1e44c56e934e703,2026-08-20T17:00:00Z,2021-22,Premier League,https://www.football-data.co.uk/mmz4281/2122/E0.csv
global-5bd6f30ddbafadbe0161cfe0,Football-Data.co.uk,data/raw/epl_2021_2022_football_data_real.csv,335afcbabeb2939fa10ab39ba3e8215072d0b577cb8d0705c1e44c56e934e703,2026-08-20T17:00:00Z,2021-22,Premier League,https://www.football-data.co.uk/mmz4281/2122/E0.csv
global-2708f3e252cf93614d684c8d,Football-Data.co.uk,data/raw/epl_2021_2022_football_data_real.csv,335afcbabeb2939fa10ab39ba3e8215072d0b577cb8d0705c1e44c56e934e703,2026-08-20T17:00:00Z,2021-22,Premier League,https://www.football-data.co.uk/mmz4281/2122/E0.csv
global-f31d1ac638b315861888e7d6,Football-Data.co.uk,data/raw/epl_2021_2022_football_data_real.csv,335afcbabeb2939fa10ab39ba3e8215072d0b577cb8d0705c1e44c56e934e703,2026-08-20T17:00:00Z,2021-22,Premier League,https://www.football-data.co.uk/mmz4281/2122/E0.csv
global-f592883660d5e4e89409983b,Football-Data.co.uk,data/raw/epl_2021_2022_football_data_real.csv,335afcbabeb2939fa10ab39ba3e8215072d0b577cb8d0705c1e44c56e934e703,2026-08-20T17:00:00Z,2021-22,Premier League,https://www.football-data.co.uk/mmz4281/2122/E0.csv
global-7b789faa7e2a1dc7c5940e66,Football-Data.co.uk,data/raw/epl_2021_2022_football_data_real.csv,335afcbabeb2939fa10ab39ba3e8215072d0b577cb8d0705c1e44c56e934e703,2026-08-20T17:00:00Z,2021-22,Premier League,https://www.football-data.co.uk/mmz4281/2122/E0.csv
global-14d460bc19c4f5efa66a0ee6,Football-Data.co.uk,data/raw/epl_2021_2022_football_data_real.csv,335afcbabeb2939fa10ab39ba3e8215072d0b577cb8d0705c1e44c56e934e703,2026-08-20T17:00:00Z,2021-22,Premier League,https://www.football-data.co.uk/mmz4281/2122/E0.csv
global-177453a53e3daeb329e7838f,Football-Data.co.uk,data/raw/epl_2021_2022_football_data_real.csv,335afcbabeb2939fa10ab39ba3e8215072d0b577cb8d0705c1e44c56e934e703,2026-08-20T17:00:00Z,2021-22,Premier League,https://www.football-data.co.uk/mmz4281/2122/E0.csv
global-1a0b908ef0630e1c6c2a393b,Football-Data.co.uk,data/raw/epl_2021_2022_football_data_real.csv,335afcbabeb2939fa10ab39ba3e8215072d0b577cb8d0705c1e44c56e934e703,2026-08-20T17:00:00Z,2021-22,Premier League,https://www.football-data.co.uk/mmz4281/2122/E0.csv
global-d6f31f2155275f80502e2c3a,Football-Data.co.uk,data/raw/epl_2021_2022_football_data_real.csv,335afcbabeb2939fa10ab39ba3e8215072d0b577cb8d0705c1e44c56e934e703,2026-08-20T17:00:00Z,2021-22,Premier League,https://www.football-data.co.uk/mmz4281/2122/E0.csv
global-6b6572091d1afcc10d036811,Football-Data.co.uk,data/raw/epl_2021_2022_football_data_real.csv,335afcbabeb2939fa10ab39ba3e8215072d0b577cb8d0705c1e44c56e934e703,2026-08-20T17:00:00Z,2021-22,Premier League,https://www.football-data.co.uk/mmz4281/2122/E0.csv
global-ef58dbab9d3ee842e5228d9f,Football-Data.co.uk,data/raw/epl_2021_2022_football_data_real.csv,335afcbabeb2939fa10ab39ba3e8215072d0b577cb8d0705c1e44c56e934e703,2026-08-20T17:00:00Z,2021-22,Premier League,https://www.football-data.co.uk/mmz4281/2122/E0.csv
global-002b416209c7240afaa84069,Football-Data.co.uk,data/raw/epl_2021_2022_football_data_real.csv,335afcbabeb2939fa10ab39ba3e8215072d0b577cb8d0705c1e44c56e934e703,2026-08-20T17:00:00Z,2021-22,Premier League,https://www.football-data.co.uk/mmz4281/2122/E0.csv
global-cdc85b1e797cffdbd606e2d7,Football-Data.co.uk,data/raw/epl_2021_2022_football_data_real.csv,335afcbabeb2939fa10ab39ba3e8215072d0b577cb8d0705c1e44c56e934e703,2026-08-20T17:00:00Z,2021-22,Premier League,https://www.football-data.co.uk/mmz4281/2122/E0.csv
global-e0d2e48d567ef93a79ac213b,Football-Data.co.uk,data/raw/epl_2021_2022_football_data_real.csv,335afcbabeb2939fa10ab39ba3e8215072d0b577cb8d0705c1e44c56e934e703,2026-08-20T17:00:00Z,2021-22,Premier League,https://www.football-data.co.uk/mmz4281/2122/E0.csv
global-cad98b972d7be8c05e805bbd,Football-Data.co.uk,data/raw/epl_2021_2022_football_data_real.csv,335afcbabeb2939fa10ab39ba3e8215072d0b577cb8d0705c1e44c56e934e703,2026-08-20T17:00:00Z,2021-22,Premier League,https://www.football-data.co.uk/mmz4281/2122/E0.csv
global-dbb1ad4354619f33983e60bc,Football-Data.co.uk,data/raw/epl_2021_2022_football_data_real.csv,335afcbabeb2939fa10ab39ba3e8215072d0b577cb8d0705c1e44c56e934e703,2026-08-20T17:00:00Z,2021-22,Premier League,https://www.football-data.co.uk/mmz4281/2122/E0.csv
global-c469338ca04bfb7c49c8c136,Football-Data.co.uk,data/raw/epl_2021_2022_football_data_real.csv,335afcbabeb2939fa10ab39ba3e8215072d0b577cb8d0705c1e44c56e934e703,2026-08-20T17:00:00Z,2021-22,Premier League,https://www.football-data.co.uk/mmz4281/2122/E0.csv
global-209954f9cb3f1c35a7accec1,Football-Data.co.uk,data/raw/epl_2021_2022_football_data_real.csv,335afcbabeb2939fa10ab39ba3e8215072d0b577cb8d0705c1e44c56e934e703,2026-08-20T17:00:00Z,2021-22,Premier League,https://www.football-data.co.uk/mmz4281/2122/E0.csv
global-83bf8c12683b373ec76217fa,Football-Data.co.uk,data/raw/epl_2021_2022_football_data_real.csv,335afcbabeb2939fa10ab39ba3e8215072d0b577cb8d0705c1e44c56e934e703,2026-08-20T17:00:00Z,2021-22,Premier League,https://www.football-data.co.uk/mmz4281/2122/E0.csv
global-bd1e9ccccc76d392185124cb,Football-Data.co.uk,data/raw/epl_2021_2022_football_data_real.csv,335afcbabeb2939fa10ab39ba3e8215072d0b577cb8d0705c1e44c56e934e703,2026-08-20T17:00:00Z,2021-22,Premier League,https://www.football-data.co.uk/mmz4281/2122/E0.csv
global-93634fc90942c1f982b3b4d7,Football-Data.co.uk,data/raw/epl_2021_2022_football_data_real.csv,335afcbabeb2939fa10ab39ba3e8215072d0b577cb8d0705c1e44c56e934e703,2026-08-20T17:00:00Z,2021-22,Premier League,https://www.football-data.co.uk/mmz4281/2122/E0.csv
global-20beafc5d3ae138016693878,Football-Data.co.uk,data/raw/epl_2021_2022_football_data_real.csv,335afcbabeb2939fa10ab39ba3e8215072d0b577cb8d0705c1e44c56e934e703,2026-08-20T17:00:00Z,2021-22,Premier League,https://www.football-data.co.uk/mmz4281/2122/E0.csv
global-3f9ea6f2c4aafa044db74f76,Football-Data.co.uk,data/raw/epl_2021_2022_football_data_real.csv,335afcbabeb2939fa10ab39ba3e8215072d0b577cb8d0705c1e44c56e934e703,2026-08-20T17:00:00Z,2021-22,Premier League,https://www.football-data.co.uk/mmz4281/2122/E0.csv
global-3d9e3c027c70851266008e31,Football-Data.co.uk,data/raw/epl_2021_2022_football_data_real.csv,335afcbabeb2939fa10ab39ba3e8215072d0b577cb8d0705c1e44c56e934e703,2026-08-20T17:00:00Z,2021-22,Premier League,https://www.football-data.co.uk/mmz4281/2122/E0.csv
global-3badf3903479888d6c9ce8c4,Football-Data.co.uk,data/raw/epl_2021_2022_football_data_real.csv,335afcbabeb2939fa10ab39ba3e8215072d0b577cb8d0705c1e44c56e934e703,2026-08-20T17:00:00Z,2021-22,Premier League,https://www.football-data.co.uk/mmz4281/2122/E0.csv
global-65b61effcb6032faf5ebaba4,Football-Data.co.uk,data/raw/epl_2021_2022_football_data_real.csv,335afcbabeb2939fa10ab39ba3e8215072d0b577cb8d0705c1e44c56e934e703,2026-08-20T17:00:00Z,2021-22,Premier League,https://www.football-data.co.uk/mmz4281/2122/E0.csv
global-8873d5f750a1516b7f497d23,Football-Data.co.uk,data/raw/epl_2021_2022_football_data_real.csv,335afcbabeb2939fa10ab39ba3e8215072d0b577cb8d0705c1e44c56e934e703,2026-08-20T17:00:00Z,2021-22,Premier League,https://www.football-data.co.uk/mmz4281/2122/E0.csv
global-3279a566f054eee051f48b8c,Football-Data.co.uk,data/raw/epl_2021_2022_football_data_real.csv,335afcbabeb2939fa10ab39ba3e8215072d0b577cb8d0705c1e44c56e934e703,2026-08-20T17:00:00Z,2021-22,Premier League,https://www.football-data.co.uk/mmz4281/2122/E0.csv
global-e62337471f0f00356d3e3174,Football-Data.co.uk,data/raw/epl_2021_2022_football_data_real.csv,335afcbabeb2939fa10ab39ba3e8215072d0b577cb8d0705c1e44c56e934e703,2026-08-20T17:00:00Z,2021-22,Premier League,https://www.football-data.co.uk/mmz4281/2122/E0.csv
global-06a2819b907b7dc054feb2c6,Football-Data.co.uk,data/raw/epl_2021_2022_football_data_real.csv,335afcbabeb2939fa10ab39ba3e8215072d0b577cb8d0705c1e44c56e934e703,2026-08-20T17:00:00Z,2021-22,Premier League,https://www.football-data.co.uk/mmz4281/2122/E0.csv
global-bb5b22d04dab075b8dd83069,Football-Data.co.uk,data/raw/epl_2021_2022_football_data_real.csv,335afcbabeb2939fa10ab39ba3e8215072d0b577cb8d0705c1e44c56e934e703,2026-08-20T17:00:00Z,2021-22,Premier League,https://www.football-data.co.uk/mmz4281/2122/E0.csv
global-a3286169bf830e85ae2e7ccb,Football-Data.co.uk,data/raw/epl_2021_2022_football_data_real.csv,335afcbabeb2939fa10ab39ba3e8215072d0b577cb8d0705c1e44c56e934e703,2026-08-20T17:00:00Z,2021-22,Premier League,https://www.football-data.co.uk/mmz4281/2122/E0.csv
global-be053ff43330f0a4d2df0cbb,Football-Data.co.uk,data/raw/epl_2021_2022_football_data_real.csv,335afcbabeb2939fa10ab39ba3e8215072d0b577cb8d0705c1e44c56e934e703,2026-08-20T17:00:00Z,2021-22,Premier League,https://www.football-data.co.uk/mmz4281/2122/E0.csv
global-2d0515bbea9dd822719055dc,Football-Data.co.uk,data/raw/epl_2021_2022_football_data_real.csv,335afcbabeb2939fa10ab39ba3e8215072d0b577cb8d0705c1e44c56e934e703,2026-08-20T17:00:00Z,2021-22,Premier League,https://www.football-data.co.uk/mmz4281/2122/E0.csv
global-a188be0393ab0db00f5b00ff,Football-Data.co.uk,data/raw/epl_2021_2022_football_data_real.csv,335afcbabeb2939fa10ab39ba3e8215072d0b577cb8d0705c1e44c56e934e703,2026-08-20T17:00:00Z,2021-22,Premier League,https://www.football-data.co.uk/mmz4281/2122/E0.csv
global-2d278e06cec59d04098cabcf,Football-Data.co.uk,data/raw/epl_2021_2022_football_data_real.csv,335afcbabeb2939fa10ab39ba3e8215072d0b577cb8d0705c1e44c56e934e703,2026-08-20T17:00:00Z,2021-22,Premier League,https://www.football-data.co.uk/mmz4281/2122/E0.csv
global-dbcd3f9dc1773002565c99ed,Football-Data.co.uk,data/raw/epl_2021_2022_football_data_real.csv,335afcbabeb2939fa10ab39ba3e8215072d0b577cb8d0705c1e44c56e934e703,2026-08-20T17:00:00Z,2021-22,Premier League,https://www.football-data.co.uk/mmz4281/2122/E0.csv
global-cd5c051317ba67b14a1abc24,Football-Data.co.uk,data/raw/epl_2021_2022_football_data_real.csv,335afcbabeb2939fa10ab39ba3e8215072d0b577cb8d0705c1e44c56e934e703,2026-08-20T17:00:00Z,2021-22,Premier League,https://www.football-data.co.uk/mmz4281/2122/E0.csv
global-c764678426d6a012b9e306f1,Football-Data.co.uk,data/raw/epl_2021_2022_football_data_real.csv,335afcbabeb2939fa10ab39ba3e8215072d0b577cb8d0705c1e44c56e934e703,2026-08-20T17:00:00Z,2021-22,Premier League,https://www.football-data.co.uk/mmz4281/2122/E0.csv
global-88316ed91ec41814fd426b67,Football-Data.co.uk,data/raw/epl_2021_2022_football_data_real.csv,335afcbabeb2939fa10ab39ba3e8215072d0b577cb8d0705c1e44c56e934e703,2026-08-20T17:00:00Z,2021-22,Premier League,https://www.football-data.co.uk/mmz4281/2122/E0.csv
global-0a42adcbeae291b8f767faec,Football-Data.co.uk,data/raw/epl_2021_2022_football_data_real.csv,335afcbabeb2939fa10ab39ba3e8215072d0b577cb8d0705c1e44c56e934e703,2026-08-20T17:00:00Z,2021-22,Premier League,https://www.football-data.co.uk/mmz4281/2122/E0.csv
global-bd6b8b5fae58d723d154ac09,Football-Data.co.uk,data/raw/epl_2021_2022_football_data_real.csv,335afcbabeb2939fa10ab39ba3e8215072d0b577cb8d0705c1e44c56e934e703,2026-08-20T17:00:00Z,2021-22,Premier League,https://www.football-data.co.uk/mmz4281/2122/E0.csv
global-af1d02f06b41def15773659a,Football-Data.co.uk,data/raw/epl_2021_2022_football_data_real.csv,335afcbabeb2939fa10ab39ba3e8215072d0b577cb8d0705c1e44c56e934e703,2026-08-20T17:00:00Z,2021-22,Premier League,https://www.football-data.co.uk/mmz4281/2122/E0.csv
global-0e73e97fd401330fca3d4384,Football-Data.co.uk,data/raw/epl_2021_2022_football_data_real.csv,335afcbabeb2939fa10ab39ba3e8215072d0b577cb8d0705c1e44c56e934e703,2026-08-20T17:00:00Z,2021-22,Premier League,https://www.football-data.co.uk/mmz4281/2122/E0.csv
global-d1c1fd5942a774ce9e134d96,Football-Data.co.uk,data/raw/epl_2021_2022_football_data_real.csv,335afcbabeb2939fa10ab39ba3e8215072d0b577cb8d0705c1e44c56e934e703,2026-08-20T17:00:00Z,2021-22,Premier League,https://www.football-data.co.uk/mmz4281/2122/E0.csv
global-e82620bcdcbbfa816c1b3bd2,Football-Data.co.uk,data/raw/epl_2021_2022_football_data_real.csv,335afcbabeb2939fa10ab39ba3e8215072d0b577cb8d0705c1e44c56e934e703,2026-08-20T17:00:00Z,2021-22,Premier League,https://www.football-data.co.uk/mmz4281/2122/E0.csv
global-ee00837e2b91e944d283f415,Football-Data.co.uk,data/raw/epl_2021_2022_football_data_real.csv,335afcbabeb2939fa10ab39ba3e8215072d0b577cb8d0705c1e44c56e934e703,2026-08-20T17:00:00Z,2021-22,Premier League,https://www.football-data.co.uk/mmz4281/2122/E0.csv
global-80afd8e803bb9ee4f9f8ea85,Football-Data.co.uk,data/raw/epl_2021_2022_football_data_real.csv,335afcbabeb2939fa10ab39ba3e8215072d0b577cb8d0705c1e44c56e934e703,2026-08-20T17:00:00Z,2021-22,Premier League,https://www.football-data.co.uk/mmz4281/2122/E0.csv
global-851123d7ac76910106e3c55f,Football-Data.co.uk,data/raw/epl_2021_2022_football_data_real.csv,335afcbabeb2939fa10ab39ba3e8215072d0b577cb8d0705c1e44c56e934e703,2026-08-20T17:00:00Z,2021-22,Premier League,https://www.football-data.co.uk/mmz4281/2122/E0.csv
global-d791cbe955c9c9fd3aeab85c,Football-Data.co.uk,data/raw/epl_2021_2022_football_data_real.csv,335afcbabeb2939fa10ab39ba3e8215072d0b577cb8d0705c1e44c56e934e703,2026-08-20T17:00:00Z,2021-22,Premier League,https://www.football-data.co.uk/mmz4281/2122/E0.csv
global-58b68746d852587762727200,Football-Data.co.uk,data/raw/epl_2021_2022_football_data_real.csv,335afcbabeb2939fa10ab39ba3e8215072d0b577cb8d0705c1e44c56e934e703,2026-08-20T17:00:00Z,2021-22,Premier League,https://www.football-data.co.uk/mmz4281/2122/E0.csv
global-f8236071705736480b6986a0,Football-Data.co.uk,data/raw/epl_2021_2022_football_data_real.csv,335afcbabeb2939fa10ab39ba3e8215072d0b577cb8d0705c1e44c56e934e703,2026-08-20T17:00:00Z,2021-22,Premier League,https://www.football-data.co.uk/mmz4281/2122/E0.csv
global-94b16252e878fbb8b30271fd,Football-Data.co.uk,data/raw/epl_2021_2022_football_data_real.csv,335afcbabeb2939fa10ab39ba3e8215072d0b577cb8d0705c1e44c56e934e703,2026-08-20T17:00:00Z,2021-22,Premier League,https://www.football-data.co.uk/mmz4281/2122/E0.csv
global-d1a1d2ba8413524df3024058,Football-Data.co.uk,data/raw/epl_2021_2022_football_data_real.csv,335afcbabeb2939fa10ab39ba3e8215072d0b577cb8d0705c1e44c56e934e703,2026-08-20T17:00:00Z,2021-22,Premier League,https://www.football-data.co.uk/mmz4281/2122/E0.csv
global-3c6d6175cda47541fc919594,Football-Data.co.uk,data/raw/epl_2021_2022_football_data_real.csv,335afcbabeb2939fa10ab39ba3e8215072d0b577cb8d0705c1e44c56e934e703,2026-08-20T17:00:00Z,2021-22,Premier League,https://www.football-data.co.uk/mmz4281/2122/E0.csv
global-70923a509e76450302bc754a,Football-Data.co.uk,data/raw/epl_2021_2022_football_data_real.csv,335afcbabeb2939fa10ab39ba3e8215072d0b577cb8d0705c1e44c56e934e703,2026-08-20T17:00:00Z,2021-22,Premier League,https://www.football-data.co.uk/mmz4281/2122/E0.csv
global-98844b871ec82d9fdca9550b,Football-Data.co.uk,data/raw/epl_2021_2022_football_data_real.csv,335afcbabeb2939fa10ab39ba3e8215072d0b577cb8d0705c1e44c56e934e703,2026-08-20T17:00:00Z,2021-22,Premier League,https://www.football-data.co.uk/mmz4281/2122/E0.csv
global-0b6ff21961afddd2a6e8374d,Football-Data.co.uk,data/raw/epl_2021_2022_football_data_real.csv,335afcbabeb2939fa10ab39ba3e8215072d0b577cb8d0705c1e44c56e934e703,2026-08-20T17:00:00Z,2021-22,Premier League,https://www.football-data.co.uk/mmz4281/2122/E0.csv
global-8b55c3b67f545c979f5a109a,Football-Data.co.uk,data/raw/epl_2021_2022_football_data_real.csv,335afcbabeb2939fa10ab39ba3e8215072d0b577cb8d0705c1e44c56e934e703,2026-08-20T17:00:00Z,2021-22,Premier League,https://www.football-data.co.uk/mmz4281/2122/E0.csv
global-362c0f0f7aa6b2d85f66daad,Football-Data.co.uk,data/raw/epl_2021_2022_football_data_real.csv,335afcbabeb2939fa10ab39ba3e8215072d0b577cb8d0705c1e44c56e934e703,2026-08-20T17:00:00Z,2021-22,Premier League,https://www.football-data.co.uk/mmz4281/2122/E0.csv
global-95aabf6b79d80b6271d3222d,Football-Data.co.uk,data/raw/epl_2021_2022_football_data_real.csv,335afcbabeb2939fa10ab39ba3e8215072d0b577cb8d0705c1e44c56e934e703,2026-08-20T17:00:00Z,2021-22,Premier League,https://www.football-data.co.uk/mmz4281/2122/E0.csv
global-ae4e429001641eb41a9b5d4b,Football-Data.co.uk,data/raw/epl_2021_2022_football_data_real.csv,335afcbabeb2939fa10ab39ba3e8215072d0b577cb8d0705c1e44c56e934e703,2026-08-20T17:00:00Z,2021-22,Premier League,https://www.football-data.co.uk/mmz4281/2122/E0.csv
global-88b815229a1698d754357bf3,Football-Data.co.uk,data/raw/epl_2021_2022_football_data_real.csv,335afcbabeb2939fa10ab39ba3e8215072d0b577cb8d0705c1e44c56e934e703,2026-08-20T17:00:00Z,2021-22,Premier League,https://www.football-data.co.uk/mmz4281/2122/E0.csv
global-5ac9ccb5e42533373674c951,Football-Data.co.uk,data/raw/epl_2021_2022_football_data_real.csv,335afcbabeb2939fa10ab39ba3e8215072d0b577cb8d0705c1e44c56e934e703,2026-08-20T17:00:00Z,2021-22,Premier League,https://www.football-data.co.uk/mmz4281/2122/E0.csv
global-713db92ab3e19fd1d0d79f27,Football-Data.co.uk,data/raw/epl_2021_2022_football_data_real.csv,335afcbabeb2939fa10ab39ba3e8215072d0b577cb8d0705c1e44c56e934e703,2026-08-20T17:00:00Z,2021-22,Premier League,https://www.football-data.co.uk/mmz4281/2122/E0.csv
global-cbdf96218679631ca3e1775c,Football-Data.co.uk,data/raw/epl_2021_2022_football_data_real.csv,335afcbabeb2939fa10ab39ba3e8215072d0b577cb8d0705c1e44c56e934e703,2026-08-20T17:00:00Z,2021-22,Premier League,https://www.football-data.co.uk/mmz4281/2122/E0.csv
global-174ea04e9dc572a9fd375992,Football-Data.co.uk,data/raw/epl_2021_2022_football_data_real.csv,335afcbabeb2939fa10ab39ba3e8215072d0b577cb8d0705c1e44c56e934e703,2026-08-20T17:00:00Z,2021-22,Premier League,https://www.football-data.co.uk/mmz4281/2122/E0.csv
global-56a58be21703460ce6b04605,Football-Data.co.uk,data/raw/epl_2021_2022_football_data_real.csv,335afcbabeb2939fa10ab39ba3e8215072d0b577cb8d0705c1e44c56e934e703,2026-08-20T17:00:00Z,2021-22,Premier League,https://www.football-data.co.uk/mmz4281/2122/E0.csv
global-1aa74b49565827e478e5ee9c,Football-Data.co.uk,data/raw/epl_2021_2022_football_data_real.csv,335afcbabeb2939fa10ab39ba3e8215072d0b577cb8d0705c1e44c56e934e703,2026-08-20T17:00:00Z,2021-22,Premier League,https://www.football-data.co.uk/mmz4281/2122/E0.csv
global-649ec0402d404f71a37d59f4,Football-Data.co.uk,data/raw/epl_2021_2022_football_data_real.csv,335afcbabeb2939fa10ab39ba3e8215072d0b577cb8d0705c1e44c56e934e703,2026-08-20T17:00:00Z,2021-22,Premier League,https://www.football-data.co.uk/mmz4281/2122/E0.csv
global-eda74931cb1c22dc524eb305,Football-Data.co.uk,data/raw/epl_2021_2022_football_data_real.csv,335afcbabeb2939fa10ab39ba3e8215072d0b577cb8d0705c1e44c56e934e703,2026-08-20T17:00:00Z,2021-22,Premier League,https://www.football-data.co.uk/mmz4281/2122/E0.csv
global-fa8173983c400a845f9e8d10,Football-Data.co.uk,data/raw/epl_2021_2022_football_data_real.csv,335afcbabeb2939fa10ab39ba3e8215072d0b577cb8d0705c1e44c56e934e703,2026-08-20T17:00:00Z,2021-22,Premier League,https://www.football-data.co.uk/mmz4281/2122/E0.csv
global-3e25979164896c5b109fc128,Football-Data.co.uk,data/raw/epl_2021_2022_football_data_real.csv,335afcbabeb2939fa10ab39ba3e8215072d0b577cb8d0705c1e44c56e934e703,2026-08-20T17:00:00Z,2021-22,Premier League,https://www.football-data.co.uk/mmz4281/2122/E0.csv
global-3e249f0c7a1c748099152773,Football-Data.co.uk,data/raw/epl_2021_2022_football_data_real.csv,335afcbabeb2939fa10ab39ba3e8215072d0b577cb8d0705c1e44c56e934e703,2026-08-20T17:00:00Z,2021-22,Premier League,https://www.football-data.co.uk/mmz4281/2122/E0.csv
global-437eace5383a9859dfb20954,Football-Data.co.uk,data/raw/epl_2021_2022_football_data_real.csv,335afcbabeb2939fa10ab39ba3e8215072d0b577cb8d0705c1e44c56e934e703,2026-08-20T17:00:00Z,2021-22,Premier League,https://www.football-data.co.uk/mmz4281/2122/E0.csv
global-ff73a7c1520b0798b8dd18fc,Football-Data.co.uk,data/raw/epl_2021_2022_football_data_real.csv,335afcbabeb2939fa10ab39ba3e8215072d0b577cb8d0705c1e44c56e934e703,2026-08-20T17:00:00Z,2021-22,Premier League,https://www.football-data.co.uk/mmz4281/2122/E0.csv
global-d4b5bf5b45bdb51c0255009d,Football-Data.co.uk,data/raw/epl_2021_2022_football_data_real.csv,335afcbabeb2939fa10ab39ba3e8215072d0b577cb8d0705c1e44c56e934e703,2026-08-20T17:00:00Z,2021-22,Premier League,https://www.football-data.co.uk/mmz4281/2122/E0.csv
global-f3e29bceb678b2b594a93f88,Football-Data.co.uk,data/raw/epl_2021_2022_football_data_real.csv,335afcbabeb2939fa10ab39ba3e8215072d0b577cb8d0705c1e44c56e934e703,2026-08-20T17:00:00Z,2021-22,Premier League,https://www.football-data.co.uk/mmz4281/2122/E0.csv
global-dabbf2d589c7cb88189bcf06,Football-Data.co.uk,data/raw/epl_2021_2022_football_data_real.csv,335afcbabeb2939fa10ab39ba3e8215072d0b577cb8d0705c1e44c56e934e703,2026-08-20T17:00:00Z,2021-22,Premier League,https://www.football-data.co.uk/mmz4281/2122/E0.csv
global-5659cb41e92064d78031b738,Football-Data.co.uk,data/raw/epl_2021_2022_football_data_real.csv,335afcbabeb2939fa10ab39ba3e8215072d0b577cb8d0705c1e44c56e934e703,2026-08-20T17:00:00Z,2021-22,Premier League,https://www.football-data.co.uk/mmz4281/2122/E0.csv
global-327128245a6b6d967ad8d18b,Football-Data.co.uk,data/raw/epl_2021_2022_football_data_real.csv,335afcbabeb2939fa10ab39ba3e8215072d0b577cb8d0705c1e44c56e934e703,2026-08-20T17:00:00Z,2021-22,Premier League,https://www.football-data.co.uk/mmz4281/2122/E0.csv
global-92850f7bfa82b2fe85516ebe,Football-Data.co.uk,data/raw/epl_2021_2022_football_data_real.csv,335afcbabeb2939fa10ab39ba3e8215072d0b577cb8d0705c1e44c56e934e703,2026-08-20T17:00:00Z,2021-22,Premier League,https://www.football-data.co.uk/mmz4281/2122/E0.csv
global-c6900714e666eebbb94cbd75,Football-Data.co.uk,data/raw/epl_2021_2022_football_data_real.csv,335afcbabeb2939fa10ab39ba3e8215072d0b577cb8d0705c1e44c56e934e703,2026-08-20T17:00:00Z,2021-22,Premier League,https://www.football-data.co.uk/mmz4281/2122/E0.csv
global-58c9a17057b3e5894ed3e395,Football-Data.co.uk,data/raw/epl_2021_2022_football_data_real.csv,335afcbabeb2939fa10ab39ba3e8215072d0b577cb8d0705c1e44c56e934e703,2026-08-20T17:00:00Z,2021-22,Premier League,https://www.football-data.co.uk/mmz4281/2122/E0.csv
global-d5a108680d7793beb0648ae9,Football-Data.co.uk,data/raw/epl_2021_2022_football_data_real.csv,335afcbabeb2939fa10ab39ba3e8215072d0b577cb8d0705c1e44c56e934e703,2026-08-20T17:00:00Z,2021-22,Premier League,https://www.football-data.co.uk/mmz4281/2122/E0.csv
global-948b35a450c7170f6de668c4,Football-Data.co.uk,data/raw/epl_2021_2022_football_data_real.csv,335afcbabeb2939fa10ab39ba3e8215072d0b577cb8d0705c1e44c56e934e703,2026-08-20T17:00:00Z,2021-22,Premier League,https://www.football-data.co.uk/mmz4281/2122/E0.csv
global-88e67e06348354c18416f7dc,Football-Data.co.uk,data/raw/epl_2021_2022_football_data_real.csv,335afcbabeb2939fa10ab39ba3e8215072d0b577cb8d0705c1e44c56e934e703,2026-08-20T17:00:00Z,2021-22,Premier League,https://www.football-data.co.uk/mmz4281/2122/E0.csv
global-b510af06c0f74d8d5f742711,Football-Data.co.uk,data/raw/epl_2021_2022_football_data_real.csv,335afcbabeb2939fa10ab39ba3e8215072d0b577cb8d0705c1e44c56e934e703,2026-08-20T17:00:00Z,2021-22,Premier League,https://www.football-data.co.uk/mmz4281/2122/E0.csv
global-dd542445e1f2bf876db3043e,Football-Data.co.uk,data/raw/epl_2021_2022_football_data_real.csv,335afcbabeb2939fa10ab39ba3e8215072d0b577cb8d0705c1e44c56e934e703,2026-08-20T17:00:00Z,2021-22,Premier League,https://www.football-data.co.uk/mmz4281/2122/E0.csv
global-98d6cb71a5b3ee7d66031f8d,Football-Data.co.uk,data/raw/epl_2021_2022_football_data_real.csv,335afcbabeb2939fa10ab39ba3e8215072d0b577cb8d0705c1e44c56e934e703,2026-08-20T17:00:00Z,2021-22,Premier League,https://www.football-data.co.uk/mmz4281/2122/E0.csv
global-115d8d39fc83b780c3ff9659,Football-Data.co.uk,data/raw/epl_2021_2022_football_data_real.csv,335afcbabeb2939fa10ab39ba3e8215072d0b577cb8d0705c1e44c56e934e703,2026-08-20T17:00:00Z,2021-22,Premier League,https://www.football-data.co.uk/mmz4281/2122/E0.csv
global-1d78b44c72b5ac94856d8202,Football-Data.co.uk,data/raw/epl_2021_2022_football_data_real.csv,335afcbabeb2939fa10ab39ba3e8215072d0b577cb8d0705c1e44c56e934e703,2026-08-20T17:00:00Z,2021-22,Premier League,https://www.football-data.co.uk/mmz4281/2122/E0.csv
global-c20d18748361c0e8a8dca91c,Football-Data.co.uk,data/raw/epl_2021_2022_football_data_real.csv,335afcbabeb2939fa10ab39ba3e8215072d0b577cb8d0705c1e44c56e934e703,2026-08-20T17:00:00Z,2021-22,Premier League,https://www.football-data.co.uk/mmz4281/2122/E0.csv
global-2e76787f9012480a632bde80,Football-Data.co.uk,data/raw/epl_2021_2022_football_data_real.csv,335afcbabeb2939fa10ab39ba3e8215072d0b577cb8d0705c1e44c56e934e703,2026-08-20T17:00:00Z,2021-22,Premier League,https://www.football-data.co.uk/mmz4281/2122/E0.csv
global-29501995abadaa37d98e5b62,Football-Data.co.uk,data/raw/epl_2021_2022_football_data_real.csv,335afcbabeb2939fa10ab39ba3e8215072d0b577cb8d0705c1e44c56e934e703,2026-08-20T17:00:00Z,2021-22,Premier League,https://www.football-data.co.uk/mmz4281/2122/E0.csv
global-054ba8e26378f2029723ba84,Football-Data.co.uk,data/raw/epl_2021_2022_football_data_real.csv,335afcbabeb2939fa10ab39ba3e8215072d0b577cb8d0705c1e44c56e934e703,2026-08-20T17:00:00Z,2021-22,Premier League,https://www.football-data.co.uk/mmz4281/2122/E0.csv
global-cf21e95d867cf87575953ab9,Football-Data.co.uk,data/raw/epl_2021_2022_football_data_real.csv,335afcbabeb2939fa10ab39ba3e8215072d0b577cb8d0705c1e44c56e934e703,2026-08-20T17:00:00Z,2021-22,Premier League,https://www.football-data.co.uk/mmz4281/2122/E0.csv
global-17f57e677107201d8aa0e780,Football-Data.co.uk,data/raw/epl_2021_2022_football_data_real.csv,335afcbabeb2939fa10ab39ba3e8215072d0b577cb8d0705c1e44c56e934e703,2026-08-20T17:00:00Z,2021-22,Premier League,https://www.football-data.co.uk/mmz4281/2122/E0.csv
global-bb264aa7d006151b9945079c,Football-Data.co.uk,data/raw/epl_2021_2022_football_data_real.csv,335afcbabeb2939fa10ab39ba3e8215072d0b577cb8d0705c1e44c56e934e703,2026-08-20T17:00:00Z,2021-22,Premier League,https://www.football-data.co.uk/mmz4281/2122/E0.csv
global-75c548bd22f243cb49bae262,Football-Data.co.uk,data/raw/epl_2021_2022_football_data_real.csv,335afcbabeb2939fa10ab39ba3e8215072d0b577cb8d0705c1e44c56e934e703,2026-08-20T17:00:00Z,2021-22,Premier League,https://www.football-data.co.uk/mmz4281/2122/E0.csv
global-89ada02a0c2d3474acacebe3,Football-Data.co.uk,data/raw/epl_2021_2022_football_data_real.csv,335afcbabeb2939fa10ab39ba3e8215072d0b577cb8d0705c1e44c56e934e703,2026-08-20T17:00:00Z,2021-22,Premier League,https://www.football-data.co.uk/mmz4281/2122/E0.csv
global-3951fd213673b08397a4c773,Football-Data.co.uk,data/raw/epl_2021_2022_football_data_real.csv,335afcbabeb2939fa10ab39ba3e8215072d0b577cb8d0705c1e44c56e934e703,2026-08-20T17:00:00Z,2021-22,Premier League,https://www.football-data.co.uk/mmz4281/2122/E0.csv
global-dbd9f2c9d43711ca9b32fc71,Football-Data.co.uk,data/raw/epl_2021_2022_football_data_real.csv,335afcbabeb2939fa10ab39ba3e8215072d0b577cb8d0705c1e44c56e934e703,2026-08-20T17:00:00Z,2021-22,Premier League,https://www.football-data.co.uk/mmz4281/2122/E0.csv
global-a8dae4e29cc9e7b94dc243dd,Football-Data.co.uk,data/raw/epl_2021_2022_football_data_real.csv,335afcbabeb2939fa10ab39ba3e8215072d0b577cb8d0705c1e44c56e934e703,2026-08-20T17:00:00Z,2021-22,Premier League,https://www.football-data.co.uk/mmz4281/2122/E0.csv
global-38c8463732c863a2629feeb6,Football-Data.co.uk,data/raw/epl_2021_2022_football_data_real.csv,335afcbabeb2939fa10ab39ba3e8215072d0b577cb8d0705c1e44c56e934e703,2026-08-20T17:00:00Z,2021-22,Premier League,https://www.football-data.co.uk/mmz4281/2122/E0.csv
global-1d80ca237d5fadd49b87c2e4,Football-Data.co.uk,data/raw/epl_2021_2022_football_data_real.csv,335afcbabeb2939fa10ab39ba3e8215072d0b577cb8d0705c1e44c56e934e703,2026-08-20T17:00:00Z,2021-22,Premier League,https://www.football-data.co.uk/mmz4281/2122/E0.csv
global-646f48815b3ce0a0d9e2fe60,Football-Data.co.uk,data/raw/epl_2021_2022_football_data_real.csv,335afcbabeb2939fa10ab39ba3e8215072d0b577cb8d0705c1e44c56e934e703,2026-08-20T17:00:00Z,2021-22,Premier League,https://www.football-data.co.uk/mmz4281/2122/E0.csv
global-fc65a87c084ad30030686581,Football-Data.co.uk,data/raw/epl_2021_2022_football_data_real.csv,335afcbabeb2939fa10ab39ba3e8215072d0b577cb8d0705c1e44c56e934e703,2026-08-20T17:00:00Z,2021-22,Premier League,https://www.football-data.co.uk/mmz4281/2122/E0.csv
global-0d6ede9572eb0bf935aafbf4,Football-Data.co.uk,data/raw/epl_2021_2022_football_data_real.csv,335afcbabeb2939fa10ab39ba3e8215072d0b577cb8d0705c1e44c56e934e703,2026-08-20T17:00:00Z,2021-22,Premier League,https://www.football-data.co.uk/mmz4281/2122/E0.csv
global-e3739f021802007f46c6659a,Football-Data.co.uk,data/raw/epl_2021_2022_football_data_real.csv,335afcbabeb2939fa10ab39ba3e8215072d0b577cb8d0705c1e44c56e934e703,2026-08-20T17:00:00Z,2021-22,Premier League,https://www.football-data.co.uk/mmz4281/2122/E0.csv
global-203d2b906f44d0a2c47ee65a,Football-Data.co.uk,data/raw/epl_2021_2022_football_data_real.csv,335afcbabeb2939fa10ab39ba3e8215072d0b577cb8d0705c1e44c56e934e703,2026-08-20T17:00:00Z,2021-22,Premier League,https://www.football-data.co.uk/mmz4281/2122/E0.csv
global-6fac53462c3375f6a26515db,Football-Data.co.uk,data/raw/epl_2021_2022_football_data_real.csv,335afcbabeb2939fa10ab39ba3e8215072d0b577cb8d0705c1e44c56e934e703,2026-08-20T17:00:00Z,2021-22,Premier League,https://www.football-data.co.uk/mmz4281/2122/E0.csv
global-6c6584f8f75b56964f16ca0c,Football-Data.co.uk,data/raw/epl_2021_2022_football_data_real.csv,335afcbabeb2939fa10ab39ba3e8215072d0b577cb8d0705c1e44c56e934e703,2026-08-20T17:00:00Z,2021-22,Premier League,https://www.football-data.co.uk/mmz4281/2122/E0.csv
global-56e4b047586ff7fe1504c82b,Football-Data.co.uk,data/raw/epl_2021_2022_football_data_real.csv,335afcbabeb2939fa10ab39ba3e8215072d0b577cb8d0705c1e44c56e934e703,2026-08-20T17:00:00Z,2021-22,Premier League,https://www.football-data.co.uk/mmz4281/2122/E0.csv
global-12625d297556dd8c7a6c1ec3,Football-Data.co.uk,data/raw/epl_2021_2022_football_data_real.csv,335afcbabeb2939fa10ab39ba3e8215072d0b577cb8d0705c1e44c56e934e703,2026-08-20T17:00:00Z,2021-22,Premier League,https://www.football-data.co.uk/mmz4281/2122/E0.csv
global-39c0b8b9917262c25ec45efd,Football-Data.co.uk,data/raw/epl_2021_2022_football_data_real.csv,335afcbabeb2939fa10ab39ba3e8215072d0b577cb8d0705c1e44c56e934e703,2026-08-20T17:00:00Z,2021-22,Premier League,https://www.football-data.co.uk/mmz4281/2122/E0.csv
global-b7e72bff9c524812bc784e34,Football-Data.co.uk,data/raw/epl_2021_2022_football_data_real.csv,335afcbabeb2939fa10ab39ba3e8215072d0b577cb8d0705c1e44c56e934e703,2026-08-20T17:00:00Z,2021-22,Premier League,https://www.football-data.co.uk/mmz4281/2122/E0.csv
global-74be5b79a1883eabe155f2f9,Football-Data.co.uk,data/raw/epl_2021_2022_football_data_real.csv,335afcbabeb2939fa10ab39ba3e8215072d0b577cb8d0705c1e44c56e934e703,2026-08-20T17:00:00Z,2021-22,Premier League,https://www.football-data.co.uk/mmz4281/2122/E0.csv
global-afc4c9c160f0d218f0dc2ac6,Football-Data.co.uk,data/raw/epl_2021_2022_football_data_real.csv,335afcbabeb2939fa10ab39ba3e8215072d0b577cb8d0705c1e44c56e934e703,2026-08-20T17:00:00Z,2021-22,Premier League,https://www.football-data.co.uk/mmz4281/2122/E0.csv
global-091f1cb33de97c0b46eabf49,Football-Data.co.uk,data/raw/epl_2021_2022_football_data_real.csv,335afcbabeb2939fa10ab39ba3e8215072d0b577cb8d0705c1e44c56e934e703,2026-08-20T17:00:00Z,2021-22,Premier League,https://www.football-data.co.uk/mmz4281/2122/E0.csv
global-1a02be7d48be61ae2b147278,Football-Data.co.uk,data/raw/epl_2021_2022_football_data_real.csv,335afcbabeb2939fa10ab39ba3e8215072d0b577cb8d0705c1e44c56e934e703,2026-08-20T17:00:00Z,2021-22,Premier League,https://www.football-data.co.uk/mmz4281/2122/E0.csv
global-83d1c417b3eb97614fe801aa,Football-Data.co.uk,data/raw/epl_2021_2022_football_data_real.csv,335afcbabeb2939fa10ab39ba3e8215072d0b577cb8d0705c1e44c56e934e703,2026-08-20T17:00:00Z,2021-22,Premier League,https://www.football-data.co.uk/mmz4281/2122/E0.csv
global-f13f7e7953bcc79dbe899a10,Football-Data.co.uk,data/raw/epl_2021_2022_football_data_real.csv,335afcbabeb2939fa10ab39ba3e8215072d0b577cb8d0705c1e44c56e934e703,2026-08-20T17:00:00Z,2021-22,Premier League,https://www.football-data.co.uk/mmz4281/2122/E0.csv
global-753aa34c139795a9d6b5d3bd,Football-Data.co.uk,data/raw/epl_2021_2022_football_data_real.csv,335afcbabeb2939fa10ab39ba3e8215072d0b577cb8d0705c1e44c56e934e703,2026-08-20T17:00:00Z,2021-22,Premier League,https://www.football-data.co.uk/mmz4281/2122/E0.csv
global-df8729fd9ee208e9ee6c15d3,Football-Data.co.uk,data/raw/epl_2021_2022_football_data_real.csv,335afcbabeb2939fa10ab39ba3e8215072d0b577cb8d0705c1e44c56e934e703,2026-08-20T17:00:00Z,2021-22,Premier League,https://www.football-data.co.uk/mmz4281/2122/E0.csv
global-2589885c7bbc8a00402ed893,Football-Data.co.uk,data/raw/epl_2021_2022_football_data_real.csv,335afcbabeb2939fa10ab39ba3e8215072d0b577cb8d0705c1e44c56e934e703,2026-08-20T17:00:00Z,2021-22,Premier League,https://www.football-data.co.uk/mmz4281/2122/E0.csv
global-8a9c942dc2b304b62b55b8b8,Football-Data.co.uk,data/raw/epl_2021_2022_football_data_real.csv,335afcbabeb2939fa10ab39ba3e8215072d0b577cb8d0705c1e44c56e934e703,2026-08-20T17:00:00Z,2021-22,Premier League,https://www.football-data.co.uk/mmz4281/2122/E0.csv
global-965a75b515c5082c0966a2fa,Football-Data.co.uk,data/raw/epl_2021_2022_football_data_real.csv,335afcbabeb2939fa10ab39ba3e8215072d0b577cb8d0705c1e44c56e934e703,2026-08-20T17:00:00Z,2021-22,Premier League,https://www.football-data.co.uk/mmz4281/2122/E0.csv
global-c0bfcad239e53c614084a0a3,Football-Data.co.uk,data/raw/epl_2021_2022_football_data_real.csv,335afcbabeb2939fa10ab39ba3e8215072d0b577cb8d0705c1e44c56e934e703,2026-08-20T17:00:00Z,2021-22,Premier League,https://www.football-data.co.uk/mmz4281/2122/E0.csv
global-b468d5765f277c10295cbcec,Football-Data.co.uk,data/raw/epl_2021_2022_football_data_real.csv,335afcbabeb2939fa10ab39ba3e8215072d0b577cb8d0705c1e44c56e934e703,2026-08-20T17:00:00Z,2021-22,Premier League,https://www.football-data.co.uk/mmz4281/2122/E0.csv
global-ef0c938655b26e977dd3ac9c,Football-Data.co.uk,data/raw/epl_2021_2022_football_data_real.csv,335afcbabeb2939fa10ab39ba3e8215072d0b577cb8d0705c1e44c56e934e703,2026-08-20T17:00:00Z,2021-22,Premier League,https://www.football-data.co.uk/mmz4281/2122/E0.csv
global-e6070b299fe1281ca0df0285,Football-Data.co.uk,data/raw/epl_2021_2022_football_data_real.csv,335afcbabeb2939fa10ab39ba3e8215072d0b577cb8d0705c1e44c56e934e703,2026-08-20T17:00:00Z,2021-22,Premier League,https://www.football-data.co.uk/mmz4281/2122/E0.csv
global-653f31150371f331f840f98a,Football-Data.co.uk,data/raw/epl_2021_2022_football_data_real.csv,335afcbabeb2939fa10ab39ba3e8215072d0b577cb8d0705c1e44c56e934e703,2026-08-20T17:00:00Z,2021-22,Premier League,https://www.football-data.co.uk/mmz4281/2122/E0.csv
global-b6b795c9aaa370dfec805bcc,Football-Data.co.uk,data/raw/epl_2021_2022_football_data_real.csv,335afcbabeb2939fa10ab39ba3e8215072d0b577cb8d0705c1e44c56e934e703,2026-08-20T17:00:00Z,2021-22,Premier League,https://www.football-data.co.uk/mmz4281/2122/E0.csv
global-4e66f6b6ec4640479ce89472,Football-Data.co.uk,data/raw/epl_2021_2022_football_data_real.csv,335afcbabeb2939fa10ab39ba3e8215072d0b577cb8d0705c1e44c56e934e703,2026-08-20T17:00:00Z,2021-22,Premier League,https://www.football-data.co.uk/mmz4281/2122/E0.csv
global-845773aafbc3562cb18eaf48,Football-Data.co.uk,data/raw/epl_2021_2022_football_data_real.csv,335afcbabeb2939fa10ab39ba3e8215072d0b577cb8d0705c1e44c56e934e703,2026-08-20T17:00:00Z,2021-22,Premier League,https://www.football-data.co.uk/mmz4281/2122/E0.csv
global-39d7be5e2837b028daea4f53,Football-Data.co.uk,data/raw/epl_2021_2022_football_data_real.csv,335afcbabeb2939fa10ab39ba3e8215072d0b577cb8d0705c1e44c56e934e703,2026-08-20T17:00:00Z,2021-22,Premier League,https://www.football-data.co.uk/mmz4281/2122/E0.csv
global-fd1402abcd1c972087e26072,Football-Data.co.uk,data/raw/epl_2021_2022_football_data_real.csv,335afcbabeb2939fa10ab39ba3e8215072d0b577cb8d0705c1e44c56e934e703,2026-08-20T17:00:00Z,2021-22,Premier League,https://www.football-data.co.uk/mmz4281/2122/E0.csv
global-9d5dd14b4bb81be16ed57f14,Football-Data.co.uk,data/raw/epl_2021_2022_football_data_real.csv,335afcbabeb2939fa10ab39ba3e8215072d0b577cb8d0705c1e44c56e934e703,2026-08-20T17:00:00Z,2021-22,Premier League,https://www.football-data.co.uk/mmz4281/2122/E0.csv
global-d80e07cfbfbada9d7975b036,Football-Data.co.uk,data/raw/epl_2021_2022_football_data_real.csv,335afcbabeb2939fa10ab39ba3e8215072d0b577cb8d0705c1e44c56e934e703,2026-08-20T17:00:00Z,2021-22,Premier League,https://www.football-data.co.uk/mmz4281/2122/E0.csv
global-341b933d4ecd16fc7fd82e6f,Football-Data.co.uk,data/raw/epl_2021_2022_football_data_real.csv,335afcbabeb2939fa10ab39ba3e8215072d0b577cb8d0705c1e44c56e934e703,2026-08-20T17:00:00Z,2021-22,Premier League,https://www.football-data.co.uk/mmz4281/2122/E0.csv
global-2e2a6ecc632ed648a884cace,Football-Data.co.uk,data/raw/epl_2021_2022_football_data_real.csv,335afcbabeb2939fa10ab39ba3e8215072d0b577cb8d0705c1e44c56e934e703,2026-08-20T17:00:00Z,2021-22,Premier League,https://www.football-data.co.uk/mmz4281/2122/E0.csv
global-7da44c0128d77bbcfd20f127,Football-Data.co.uk,data/raw/epl_2021_2022_football_data_real.csv,335afcbabeb2939fa10ab39ba3e8215072d0b577cb8d0705c1e44c56e934e703,2026-08-20T17:00:00Z,2021-22,Premier League,https://www.football-data.co.uk/mmz4281/2122/E0.csv
global-23e85acd23f3d23ebf31ce83,Football-Data.co.uk,data/raw/epl_2021_2022_football_data_real.csv,335afcbabeb2939fa10ab39ba3e8215072d0b577cb8d0705c1e44c56e934e703,2026-08-20T17:00:00Z,2021-22,Premier League,https://www.football-data.co.uk/mmz4281/2122/E0.csv
global-4dd1f6540457fe119921b4ee,Football-Data.co.uk,data/raw/epl_2021_2022_football_data_real.csv,335afcbabeb2939fa10ab39ba3e8215072d0b577cb8d0705c1e44c56e934e703,2026-08-20T17:00:00Z,2021-22,Premier League,https://www.football-data.co.uk/mmz4281/2122/E0.csv
global-a9d3c1d1c5f1b834b81c0d69,Football-Data.co.uk,data/raw/epl_2021_2022_football_data_real.csv,335afcbabeb2939fa10ab39ba3e8215072d0b577cb8d0705c1e44c56e934e703,2026-08-20T17:00:00Z,2021-22,Premier League,https://www.football-data.co.uk/mmz4281/2122/E0.csv
global-f5c9cce781684257a95e3820,Football-Data.co.uk,data/raw/epl_2021_2022_football_data_real.csv,335afcbabeb2939fa10ab39ba3e8215072d0b577cb8d0705c1e44c56e934e703,2026-08-20T17:00:00Z,2021-22,Premier League,https://www.football-data.co.uk/mmz4281/2122/E0.csv
global-0a77246fa867454c548cf212,Football-Data.co.uk,data/raw/epl_2021_2022_football_data_real.csv,335afcbabeb2939fa10ab39ba3e8215072d0b577cb8d0705c1e44c56e934e703,2026-08-20T17:00:00Z,2021-22,Premier League,https://www.football-data.co.uk/mmz4281/2122/E0.csv
global-45a61ad12b534cc6133a4732,Football-Data.co.uk,data/raw/epl_2021_2022_football_data_real.csv,335afcbabeb2939fa10ab39ba3e8215072d0b577cb8d0705c1e44c56e934e703,2026-08-20T17:00:00Z,2021-22,Premier League,https://www.football-data.co.uk/mmz4281/2122/E0.csv
global-49dfd7874b689f5de7376ce1,Football-Data.co.uk,data/raw/epl_2021_2022_football_data_real.csv,335afcbabeb2939fa10ab39ba3e8215072d0b577cb8d0705c1e44c56e934e703,2026-08-20T17:00:00Z,2021-22,Premier League,https://www.football-data.co.uk/mmz4281/2122/E0.csv
global-1578d8c2ff213478c54023c4,Football-Data.co.uk,data/raw/epl_2021_2022_football_data_real.csv,335afcbabeb2939fa10ab39ba3e8215072d0b577cb8d0705c1e44c56e934e703,2026-08-20T17:00:00Z,2021-22,Premier League,https://www.football-data.co.uk/mmz4281/2122/E0.csv
global-d3dbf0357066609140b1a370,Football-Data.co.uk,data/raw/epl_2021_2022_football_data_real.csv,335afcbabeb2939fa10ab39ba3e8215072d0b577cb8d0705c1e44c56e934e703,2026-08-20T17:00:00Z,2021-22,Premier League,https://www.football-data.co.uk/mmz4281/2122/E0.csv
global-9e1fc0ec65c836f77f410926,Football-Data.co.uk,data/raw/epl_2021_2022_football_data_real.csv,335afcbabeb2939fa10ab39ba3e8215072d0b577cb8d0705c1e44c56e934e703,2026-08-20T17:00:00Z,2021-22,Premier League,https://www.football-data.co.uk/mmz4281/2122/E0.csv
global-b0f8a207fb0001b724f6071a,Football-Data.co.uk,data/raw/epl_2021_2022_football_data_real.csv,335afcbabeb2939fa10ab39ba3e8215072d0b577cb8d0705c1e44c56e934e703,2026-08-20T17:00:00Z,2021-22,Premier League,https://www.football-data.co.uk/mmz4281/2122/E0.csv
global-a045530c4904e84c50b2acd8,Football-Data.co.uk,data/raw/epl_2021_2022_football_data_real.csv,335afcbabeb2939fa10ab39ba3e8215072d0b577cb8d0705c1e44c56e934e703,2026-08-20T17:00:00Z,2021-22,Premier League,https://www.football-data.co.uk/mmz4281/2122/E0.csv
global-5c9f90437a610c1ab83a5723,Football-Data.co.uk,data/raw/epl_2021_2022_football_data_real.csv,335afcbabeb2939fa10ab39ba3e8215072d0b577cb8d0705c1e44c56e934e703,2026-08-20T17:00:00Z,2021-22,Premier League,https://www.football-data.co.uk/mmz4281/2122/E0.csv
global-5a555721b224090d4b8cc2f1,Football-Data.co.uk,data/raw/epl_2021_2022_football_data_real.csv,335afcbabeb2939fa10ab39ba3e8215072d0b577cb8d0705c1e44c56e934e703,2026-08-20T17:00:00Z,2021-22,Premier League,https://www.football-data.co.uk/mmz4281/2122/E0.csv
global-a3ef27791a96abc011e88bbb,Football-Data.co.uk,data/raw/epl_2021_2022_football_data_real.csv,335afcbabeb2939fa10ab39ba3e8215072d0b577cb8d0705c1e44c56e934e703,2026-08-20T17:00:00Z,2021-22,Premier League,https://www.football-data.co.uk/mmz4281/2122/E0.csv
global-26aca9e9078d9a5501346e0d,Football-Data.co.uk,data/raw/epl_2021_2022_football_data_real.csv,335afcbabeb2939fa10ab39ba3e8215072d0b577cb8d0705c1e44c56e934e703,2026-08-20T17:00:00Z,2021-22,Premier League,https://www.football-data.co.uk/mmz4281/2122/E0.csv
global-533e722d058030d0eccd00bd,Football-Data.co.uk,data/raw/epl_2021_2022_football_data_real.csv,335afcbabeb2939fa10ab39ba3e8215072d0b577cb8d0705c1e44c56e934e703,2026-08-20T17:00:00Z,2021-22,Premier League,https://www.football-data.co.uk/mmz4281/2122/E0.csv
global-cf3eff0e387cf78679ba46c1,Football-Data.co.uk,data/raw/epl_2021_2022_football_data_real.csv,335afcbabeb2939fa10ab39ba3e8215072d0b577cb8d0705c1e44c56e934e703,2026-08-20T17:00:00Z,2021-22,Premier League,https://www.football-data.co.uk/mmz4281/2122/E0.csv
global-96a573090c3975892c15e7c4,Football-Data.co.uk,data/raw/epl_2021_2022_football_data_real.csv,335afcbabeb2939fa10ab39ba3e8215072d0b577cb8d0705c1e44c56e934e703,2026-08-20T17:00:00Z,2021-22,Premier League,https://www.football-data.co.uk/mmz4281/2122/E0.csv
global-44fa9f23044b5c4f20119538,Football-Data.co.uk,data/raw/epl_2021_2022_football_data_real.csv,335afcbabeb2939fa10ab39ba3e8215072d0b577cb8d0705c1e44c56e934e703,2026-08-20T17:00:00Z,2021-22,Premier League,https://www.football-data.co.uk/mmz4281/2122/E0.csv
global-71fde1c8e1f369d47e977be4,Football-Data.co.uk,data/raw/epl_2021_2022_football_data_real.csv,335afcbabeb2939fa10ab39ba3e8215072d0b577cb8d0705c1e44c56e934e703,2026-08-20T17:00:00Z,2021-22,Premier League,https://www.football-data.co.uk/mmz4281/2122/E0.csv
global-814f71fef4a8fdcdef9f2026,Football-Data.co.uk,data/raw/epl_2021_2022_football_data_real.csv,335afcbabeb2939fa10ab39ba3e8215072d0b577cb8d0705c1e44c56e934e703,2026-08-20T17:00:00Z,2021-22,Premier League,https://www.football-data.co.uk/mmz4281/2122/E0.csv
global-c12b514f411f9f4cde061c9e,Football-Data.co.uk,data/raw/epl_2021_2022_football_data_real.csv,335afcbabeb2939fa10ab39ba3e8215072d0b577cb8d0705c1e44c56e934e703,2026-08-20T17:00:00Z,2021-22,Premier League,https://www.football-data.co.uk/mmz4281/2122/E0.csv
global-c878b1f5bd94dbf87a74a775,Football-Data.co.uk,data/raw/epl_2021_2022_football_data_real.csv,335afcbabeb2939fa10ab39ba3e8215072d0b577cb8d0705c1e44c56e934e703,2026-08-20T17:00:00Z,2021-22,Premier League,https://www.football-data.co.uk/mmz4281/2122/E0.csv
global-801737dbb47d28bc1f1c18ba,Football-Data.co.uk,data/raw/epl_2021_2022_football_data_real.csv,335afcbabeb2939fa10ab39ba3e8215072d0b577cb8d0705c1e44c56e934e703,2026-08-20T17:00:00Z,2021-22,Premier League,https://www.football-data.co.uk/mmz4281/2122/E0.csv
global-d5b0d671046985374a76b52e,Football-Data.co.uk,data/raw/epl_2021_2022_football_data_real.csv,335afcbabeb2939fa10ab39ba3e8215072d0b577cb8d0705c1e44c56e934e703,2026-08-20T17:00:00Z,2021-22,Premier League,https://www.football-data.co.uk/mmz4281/2122/E0.csv
global-224b96e76d756883839f4aaa,Football-Data.co.uk,data/raw/epl_2021_2022_football_data_real.csv,335afcbabeb2939fa10ab39ba3e8215072d0b577cb8d0705c1e44c56e934e703,2026-08-20T17:00:00Z,2021-22,Premier League,https://www.football-data.co.uk/mmz4281/2122/E0.csv
global-287930ccb6f22225c0335248,Football-Data.co.uk,data/raw/epl_2021_2022_football_data_real.csv,335afcbabeb2939fa10ab39ba3e8215072d0b577cb8d0705c1e44c56e934e703,2026-08-20T17:00:00Z,2021-22,Premier League,https://www.football-data.co.uk/mmz4281/2122/E0.csv
global-de5ced0fc501b0bd22b418d5,Football-Data.co.uk,data/raw/epl_2021_2022_football_data_real.csv,335afcbabeb2939fa10ab39ba3e8215072d0b577cb8d0705c1e44c56e934e703,2026-08-20T17:00:00Z,2021-22,Premier League,https://www.football-data.co.uk/mmz4281/2122/E0.csv
global-31f7e300f949962104c0c0d6,Football-Data.co.uk,data/raw/epl_2021_2022_football_data_real.csv,335afcbabeb2939fa10ab39ba3e8215072d0b577cb8d0705c1e44c56e934e703,2026-08-20T17:00:00Z,2021-22,Premier League,https://www.football-data.co.uk/mmz4281/2122/E0.csv
global-6508390352242385a70a6259,Football-Data.co.uk,data/raw/epl_2021_2022_football_data_real.csv,335afcbabeb2939fa10ab39ba3e8215072d0b577cb8d0705c1e44c56e934e703,2026-08-20T17:00:00Z,2021-22,Premier League,https://www.football-data.co.uk/mmz4281/2122/E0.csv
global-acbc193a10a043ed4ced4c5d,Football-Data.co.uk,data/raw/epl_2021_2022_football_data_real.csv,335afcbabeb2939fa10ab39ba3e8215072d0b577cb8d0705c1e44c56e934e703,2026-08-20T17:00:00Z,2021-22,Premier League,https://www.football-data.co.uk/mmz4281/2122/E0.csv
global-2e8137876aaa44b6730003f6,Football-Data.co.uk,data/raw/epl_2021_2022_football_data_real.csv,335afcbabeb2939fa10ab39ba3e8215072d0b577cb8d0705c1e44c56e934e703,2026-08-20T17:00:00Z,2021-22,Premier League,https://www.football-data.co.uk/mmz4281/2122/E0.csv
global-58ff577c538e5d7e5082bf00,Football-Data.co.uk,data/raw/epl_2021_2022_football_data_real.csv,335afcbabeb2939fa10ab39ba3e8215072d0b577cb8d0705c1e44c56e934e703,2026-08-20T17:00:00Z,2021-22,Premier League,https://www.football-data.co.uk/mmz4281/2122/E0.csv
global-11a90d9fa3879f44abe022db,Football-Data.co.uk,data/raw/epl_2021_2022_football_data_real.csv,335afcbabeb2939fa10ab39ba3e8215072d0b577cb8d0705c1e44c56e934e703,2026-08-20T17:00:00Z,2021-22,Premier League,https://www.football-data.co.uk/mmz4281/2122/E0.csv
global-3baf284701bce353a00f2ab9,Football-Data.co.uk,data/raw/epl_2021_2022_football_data_real.csv,335afcbabeb2939fa10ab39ba3e8215072d0b577cb8d0705c1e44c56e934e703,2026-08-20T17:00:00Z,2021-22,Premier League,https://www.football-data.co.uk/mmz4281/2122/E0.csv
global-00f719406ddc29a0e127628c,Football-Data.co.uk,data/raw/epl_2021_2022_football_data_real.csv,335afcbabeb2939fa10ab39ba3e8215072d0b577cb8d0705c1e44c56e934e703,2026-08-20T17:00:00Z,2021-22,Premier League,https://www.football-data.co.uk/mmz4281/2122/E0.csv
global-7de9646deccc02dc16a36b47,Football-Data.co.uk,data/raw/epl_2021_2022_football_data_real.csv,335afcbabeb2939fa10ab39ba3e8215072d0b577cb8d0705c1e44c56e934e703,2026-08-20T17:00:00Z,2021-22,Premier League,https://www.football-data.co.uk/mmz4281/2122/E0.csv
global-7f84585f5962fe181ad3b159,Football-Data.co.uk,data/raw/epl_2021_2022_football_data_real.csv,335afcbabeb2939fa10ab39ba3e8215072d0b577cb8d0705c1e44c56e934e703,2026-08-20T17:00:00Z,2021-22,Premier League,https://www.football-data.co.uk/mmz4281/2122/E0.csv
global-87fa2e6ea10c6b221e5f8fef,Football-Data.co.uk,data/raw/epl_2021_2022_football_data_real.csv,335afcbabeb2939fa10ab39ba3e8215072d0b577cb8d0705c1e44c56e934e703,2026-08-20T17:00:00Z,2021-22,Premier League,https://www.football-data.co.uk/mmz4281/2122/E0.csv
global-ee8c7b16259911f188cd600a,Football-Data.co.uk,data/raw/epl_2021_2022_football_data_real.csv,335afcbabeb2939fa10ab39ba3e8215072d0b577cb8d0705c1e44c56e934e703,2026-08-20T17:00:00Z,2021-22,Premier League,https://www.football-data.co.uk/mmz4281/2122/E0.csv
global-15cbf57926a328a694a4ffc4,Football-Data.co.uk,data/raw/epl_2021_2022_football_data_real.csv,335afcbabeb2939fa10ab39ba3e8215072d0b577cb8d0705c1e44c56e934e703,2026-08-20T17:00:00Z,2021-22,Premier League,https://www.football-data.co.uk/mmz4281/2122/E0.csv
global-228dd0a0867a84244d0ced26,Football-Data.co.uk,data/raw/epl_2021_2022_football_data_real.csv,335afcbabeb2939fa10ab39ba3e8215072d0b577cb8d0705c1e44c56e934e703,2026-08-20T17:00:00Z,2021-22,Premier League,https://www.football-data.co.uk/mmz4281/2122/E0.csv
global-064cb14a2e9442d5560f691c,Football-Data.co.uk,data/raw/epl_2021_2022_football_data_real.csv,335afcbabeb2939fa10ab39ba3e8215072d0b577cb8d0705c1e44c56e934e703,2026-08-20T17:00:00Z,2021-22,Premier League,https://www.football-data.co.uk/mmz4281/2122/E0.csv
global-388e9661c8b5c9d733a467f1,Football-Data.co.uk,data/raw/epl_2021_2022_football_data_real.csv,335afcbabeb2939fa10ab39ba3e8215072d0b577cb8d0705c1e44c56e934e703,2026-08-20T17:00:00Z,2021-22,Premier League,https://www.football-data.co.uk/mmz4281/2122/E0.csv
global-90bb0231b4b31d0e202e2ba9,Football-Data.co.uk,data/raw/epl_2021_2022_football_data_real.csv,335afcbabeb2939fa10ab39ba3e8215072d0b577cb8d0705c1e44c56e934e703,2026-08-20T17:00:00Z,2021-22,Premier League,https://www.football-data.co.uk/mmz4281/2122/E0.csv
global-9b2cda9a4234cf489ccc0860,Football-Data.co.uk,data/raw/epl_2021_2022_football_data_real.csv,335afcbabeb2939fa10ab39ba3e8215072d0b577cb8d0705c1e44c56e934e703,2026-08-20T17:00:00Z,2021-22,Premier League,https://www.football-data.co.uk/mmz4281/2122/E0.csv
global-dbaf54a1075d8a9c3ed1470c,Football-Data.co.uk,data/raw/epl_2021_2022_football_data_real.csv,335afcbabeb2939fa10ab39ba3e8215072d0b577cb8d0705c1e44c56e934e703,2026-08-20T17:00:00Z,2021-22,Premier League,https://www.football-data.co.uk/mmz4281/2122/E0.csv
global-4105e31475de0018a4e21d18,Football-Data.co.uk,data/raw/epl_2021_2022_football_data_real.csv,335afcbabeb2939fa10ab39ba3e8215072d0b577cb8d0705c1e44c56e934e703,2026-08-20T17:00:00Z,2021-22,Premier League,https://www.football-data.co.uk/mmz4281/2122/E0.csv
global-7fb31276e58286cc0ec04b23,Football-Data.co.uk,data/raw/epl_2021_2022_football_data_real.csv,335afcbabeb2939fa10ab39ba3e8215072d0b577cb8d0705c1e44c56e934e703,2026-08-20T17:00:00Z,2021-22,Premier League,https://www.football-data.co.uk/mmz4281/2122/E0.csv
global-df7a64971518b4e2406291de,Football-Data.co.uk,data/raw/epl_2021_2022_football_data_real.csv,335afcbabeb2939fa10ab39ba3e8215072d0b577cb8d0705c1e44c56e934e703,2026-08-20T17:00:00Z,2021-22,Premier League,https://www.football-data.co.uk/mmz4281/2122/E0.csv
global-ed131666a69f694ad194eb12,Football-Data.co.uk,data/raw/epl_2021_2022_football_data_real.csv,335afcbabeb2939fa10ab39ba3e8215072d0b577cb8d0705c1e44c56e934e703,2026-08-20T17:00:00Z,2021-22,Premier League,https://www.football-data.co.uk/mmz4281/2122/E0.csv
global-476704a8f42edc077e2860bd,Football-Data.co.uk,data/raw/epl_2021_2022_football_data_real.csv,335afcbabeb2939fa10ab39ba3e8215072d0b577cb8d0705c1e44c56e934e703,2026-08-20T17:00:00Z,2021-22,Premier League,https://www.football-data.co.uk/mmz4281/2122/E0.csv
global-125b9ce66553abe21c34c761,Football-Data.co.uk,data/raw/epl_2021_2022_football_data_real.csv,335afcbabeb2939fa10ab39ba3e8215072d0b577cb8d0705c1e44c56e934e703,2026-08-20T17:00:00Z,2021-22,Premier League,https://www.football-data.co.uk/mmz4281/2122/E0.csv
global-b3f146a3e3f3c276b31d4685,Football-Data.co.uk,data/raw/epl_2021_2022_football_data_real.csv,335afcbabeb2939fa10ab39ba3e8215072d0b577cb8d0705c1e44c56e934e703,2026-08-20T17:00:00Z,2021-22,Premier League,https://www.football-data.co.uk/mmz4281/2122/E0.csv
global-57c754a6ff3726df4853d74c,Football-Data.co.uk,data/raw/epl_2021_2022_football_data_real.csv,335afcbabeb2939fa10ab39ba3e8215072d0b577cb8d0705c1e44c56e934e703,2026-08-20T17:00:00Z,2021-22,Premier League,https://www.football-data.co.uk/mmz4281/2122/E0.csv
global-6366fb693d57ef654343e2ec,Football-Data.co.uk,data/raw/epl_2021_2022_football_data_real.csv,335afcbabeb2939fa10ab39ba3e8215072d0b577cb8d0705c1e44c56e934e703,2026-08-20T17:00:00Z,2021-22,Premier League,https://www.football-data.co.uk/mmz4281/2122/E0.csv
global-e7f33d61235c03f233198ba2,Football-Data.co.uk,data/raw/epl_2021_2022_football_data_real.csv,335afcbabeb2939fa10ab39ba3e8215072d0b577cb8d0705c1e44c56e934e703,2026-08-20T17:00:00Z,2021-22,Premier League,https://www.football-data.co.uk/mmz4281/2122/E0.csv
global-f47ab43aea400b56c3f99134,Football-Data.co.uk,data/raw/epl_2021_2022_football_data_real.csv,335afcbabeb2939fa10ab39ba3e8215072d0b577cb8d0705c1e44c56e934e703,2026-08-20T17:00:00Z,2021-22,Premier League,https://www.football-data.co.uk/mmz4281/2122/E0.csv
global-ec6158ce176a1a8fd6cec8cf,Football-Data.co.uk,data/raw/epl_2021_2022_football_data_real.csv,335afcbabeb2939fa10ab39ba3e8215072d0b577cb8d0705c1e44c56e934e703,2026-08-20T17:00:00Z,2021-22,Premier League,https://www.football-data.co.uk/mmz4281/2122/E0.csv
global-4dfa23fe019c8cbe4a7c7fa3,Football-Data.co.uk,data/raw/epl_2021_2022_football_data_real.csv,335afcbabeb2939fa10ab39ba3e8215072d0b577cb8d0705c1e44c56e934e703,2026-08-20T17:00:00Z,2021-22,Premier League,https://www.football-data.co.uk/mmz4281/2122/E0.csv
global-448fea1dfe7c3b7be06aee97,Football-Data.co.uk,data/raw/epl_2021_2022_football_data_real.csv,335afcbabeb2939fa10ab39ba3e8215072d0b577cb8d0705c1e44c56e934e703,2026-08-20T17:00:00Z,2021-22,Premier League,https://www.football-data.co.uk/mmz4281/2122/E0.csv
global-b89ca73ac74195fefb83eaed,Football-Data.co.uk,data/raw/epl_2021_2022_football_data_real.csv,335afcbabeb2939fa10ab39ba3e8215072d0b577cb8d0705c1e44c56e934e703,2026-08-20T17:00:00Z,2021-22,Premier League,https://www.football-data.co.uk/mmz4281/2122/E0.csv
global-82b84330b586256577faa342,Football-Data.co.uk,data/raw/epl_2021_2022_football_data_real.csv,335afcbabeb2939fa10ab39ba3e8215072d0b577cb8d0705c1e44c56e934e703,2026-08-20T17:00:00Z,2021-22,Premier League,https://www.football-data.co.uk/mmz4281/2122/E0.csv
global-6118b51a18fcf23ed45c43d0,Football-Data.co.uk,data/raw/epl_2021_2022_football_data_real.csv,335afcbabeb2939fa10ab39ba3e8215072d0b577cb8d0705c1e44c56e934e703,2026-08-20T17:00:00Z,2021-22,Premier League,https://www.football-data.co.uk/mmz4281/2122/E0.csv
global-120221c567120bf13627d958,Football-Data.co.uk,data/raw/epl_2021_2022_football_data_real.csv,335afcbabeb2939fa10ab39ba3e8215072d0b577cb8d0705c1e44c56e934e703,2026-08-20T17:00:00Z,2021-22,Premier League,https://www.football-data.co.uk/mmz4281/2122/E0.csv
global-9641371abf34946432379bdb,Football-Data.co.uk,data/raw/epl_2021_2022_football_data_real.csv,335afcbabeb2939fa10ab39ba3e8215072d0b577cb8d0705c1e44c56e934e703,2026-08-20T17:00:00Z,2021-22,Premier League,https://www.football-data.co.uk/mmz4281/2122/E0.csv
global-17f26a63e68a823519239a31,Football-Data.co.uk,data/raw/epl_2021_2022_football_data_real.csv,335afcbabeb2939fa10ab39ba3e8215072d0b577cb8d0705c1e44c56e934e703,2026-08-20T17:00:00Z,2021-22,Premier League,https://www.football-data.co.uk/mmz4281/2122/E0.csv
global-9fc1fb116d9365c1f0fdac9b,Football-Data.co.uk,data/raw/epl_2021_2022_football_data_real.csv,335afcbabeb2939fa10ab39ba3e8215072d0b577cb8d0705c1e44c56e934e703,2026-08-20T17:00:00Z,2021-22,Premier League,https://www.football-data.co.uk/mmz4281/2122/E0.csv
global-88d23ef4919e77f27a2ee67a,Football-Data.co.uk,data/raw/epl_2021_2022_football_data_real.csv,335afcbabeb2939fa10ab39ba3e8215072d0b577cb8d0705c1e44c56e934e703,2026-08-20T17:00:00Z,2021-22,Premier League,https://www.football-data.co.uk/mmz4281/2122/E0.csv
global-e1a02d3cdbb554f1a180fff1,Football-Data.co.uk,data/raw/epl_2021_2022_football_data_real.csv,335afcbabeb2939fa10ab39ba3e8215072d0b577cb8d0705c1e44c56e934e703,2026-08-20T17:00:00Z,2021-22,Premier League,https://www.football-data.co.uk/mmz4281/2122/E0.csv
global-91de0cf44f0c88470c1c7926,Football-Data.co.uk,data/raw/epl_2021_2022_football_data_real.csv,335afcbabeb2939fa10ab39ba3e8215072d0b577cb8d0705c1e44c56e934e703,2026-08-20T17:00:00Z,2021-22,Premier League,https://www.football-data.co.uk/mmz4281/2122/E0.csv
global-19433c2f20cfadc909eb68c4,Football-Data.co.uk,data/raw/epl_2021_2022_football_data_real.csv,335afcbabeb2939fa10ab39ba3e8215072d0b577cb8d0705c1e44c56e934e703,2026-08-20T17:00:00Z,2021-22,Premier League,https://www.football-data.co.uk/mmz4281/2122/E0.csv
global-82b0978c3cb216184c7ed24a,Football-Data.co.uk,data/raw/epl_2021_2022_football_data_real.csv,335afcbabeb2939fa10ab39ba3e8215072d0b577cb8d0705c1e44c56e934e703,2026-08-20T17:00:00Z,2021-22,Premier League,https://www.football-data.co.uk/mmz4281/2122/E0.csv
global-a9b859046b1516e1f55932c8,Football-Data.co.uk,data/raw/epl_2021_2022_football_data_real.csv,335afcbabeb2939fa10ab39ba3e8215072d0b577cb8d0705c1e44c56e934e703,2026-08-20T17:00:00Z,2021-22,Premier League,https://www.football-data.co.uk/mmz4281/2122/E0.csv
global-03276eee7e92b4e6b63dc230,Football-Data.co.uk,data/raw/epl_2021_2022_football_data_real.csv,335afcbabeb2939fa10ab39ba3e8215072d0b577cb8d0705c1e44c56e934e703,2026-08-20T17:00:00Z,2021-22,Premier League,https://www.football-data.co.uk/mmz4281/2122/E0.csv
global-36de6cabbe2193f0ed522d1b,Football-Data.co.uk,data/raw/epl_2021_2022_football_data_real.csv,335afcbabeb2939fa10ab39ba3e8215072d0b577cb8d0705c1e44c56e934e703,2026-08-20T17:00:00Z,2021-22,Premier League,https://www.football-data.co.uk/mmz4281/2122/E0.csv
global-ae5969f56e1997a9be85cb6e,Football-Data.co.uk,data/raw/epl_2021_2022_football_data_real.csv,335afcbabeb2939fa10ab39ba3e8215072d0b577cb8d0705c1e44c56e934e703,2026-08-20T17:00:00Z,2021-22,Premier League,https://www.football-data.co.uk/mmz4281/2122/E0.csv
global-de7f7b2fa5e374906668e491,Football-Data.co.uk,data/raw/epl_2021_2022_football_data_real.csv,335afcbabeb2939fa10ab39ba3e8215072d0b577cb8d0705c1e44c56e934e703,2026-08-20T17:00:00Z,2021-22,Premier League,https://www.football-data.co.uk/mmz4281/2122/E0.csv
global-1561165cc30b262f0b80967c,Football-Data.co.uk,data/raw/epl_2021_2022_football_data_real.csv,335afcbabeb2939fa10ab39ba3e8215072d0b577cb8d0705c1e44c56e934e703,2026-08-20T17:00:00Z,2021-22,Premier League,https://www.football-data.co.uk/mmz4281/2122/E0.csv
global-0507a6782fe3f9284b26a34f,Football-Data.co.uk,data/raw/epl_2021_2022_football_data_real.csv,335afcbabeb2939fa10ab39ba3e8215072d0b577cb8d0705c1e44c56e934e703,2026-08-20T17:00:00Z,2021-22,Premier League,https://www.football-data.co.uk/mmz4281/2122/E0.csv
global-497e69a1a9a4bee9fe3a3554,Football-Data.co.uk,data/raw/epl_2021_2022_football_data_real.csv,335afcbabeb2939fa10ab39ba3e8215072d0b577cb8d0705c1e44c56e934e703,2026-08-20T17:00:00Z,2021-22,Premier League,https://www.football-data.co.uk/mmz4281/2122/E0.csv
global-4682ab521fe5bef1a54c3388,Football-Data.co.uk,data/raw/epl_2021_2022_football_data_real.csv,335afcbabeb2939fa10ab39ba3e8215072d0b577cb8d0705c1e44c56e934e703,2026-08-20T17:00:00Z,2021-22,Premier League,https://www.football-data.co.uk/mmz4281/2122/E0.csv
global-fba41c8baf63553e4540b96f,Football-Data.co.uk,data/raw/epl_2021_2022_football_data_real.csv,335afcbabeb2939fa10ab39ba3e8215072d0b577cb8d0705c1e44c56e934e703,2026-08-20T17:00:00Z,2021-22,Premier League,https://www.football-data.co.uk/mmz4281/2122/E0.csv
global-47b5621cf38c227ccd0eeae7,Football-Data.co.uk,data/raw/epl_2021_2022_football_data_real.csv,335afcbabeb2939fa10ab39ba3e8215072d0b577cb8d0705c1e44c56e934e703,2026-08-20T17:00:00Z,2021-22,Premier League,https://www.football-data.co.uk/mmz4281/2122/E0.csv
global-7539c8731345d59c769e329f,Football-Data.co.uk,data/raw/epl_2021_2022_football_data_real.csv,335afcbabeb2939fa10ab39ba3e8215072d0b577cb8d0705c1e44c56e934e703,2026-08-20T17:00:00Z,2021-22,Premier League,https://www.football-data.co.uk/mmz4281/2122/E0.csv
global-83bcfded98060a7c2aca8e80,Football-Data.co.uk,data/raw/epl_2021_2022_football_data_real.csv,335afcbabeb2939fa10ab39ba3e8215072d0b577cb8d0705c1e44c56e934e703,2026-08-20T17:00:00Z,2021-22,Premier League,https://www.football-data.co.uk/mmz4281/2122/E0.csv
global-6d2ca95d67caacdab8cc78ee,Football-Data.co.uk,data/raw/epl_2021_2022_football_data_real.csv,335afcbabeb2939fa10ab39ba3e8215072d0b577cb8d0705c1e44c56e934e703,2026-08-20T17:00:00Z,2021-22,Premier League,https://www.football-data.co.uk/mmz4281/2122/E0.csv
global-05d0b1a5e49179a568536ec4,Football-Data.co.uk,data/raw/epl_2021_2022_football_data_real.csv,335afcbabeb2939fa10ab39ba3e8215072d0b577cb8d0705c1e44c56e934e703,2026-08-20T17:00:00Z,2021-22,Premier League,https://www.football-data.co.uk/mmz4281/2122/E0.csv
global-7780e68521477788d1758849,Football-Data.co.uk,data/raw/epl_2021_2022_football_data_real.csv,335afcbabeb2939fa10ab39ba3e8215072d0b577cb8d0705c1e44c56e934e703,2026-08-20T17:00:00Z,2021-22,Premier League,https://www.football-data.co.uk/mmz4281/2122/E0.csv
global-58ad9bbb014348f44f5c3eaa,Football-Data.co.uk,data/raw/epl_2021_2022_football_data_real.csv,335afcbabeb2939fa10ab39ba3e8215072d0b577cb8d0705c1e44c56e934e703,2026-08-20T17:00:00Z,2021-22,Premier League,https://www.football-data.co.uk/mmz4281/2122/E0.csv
global-75b7338af2841beeda0d14f6,Football-Data.co.uk,data/raw/epl_2021_2022_football_data_real.csv,335afcbabeb2939fa10ab39ba3e8215072d0b577cb8d0705c1e44c56e934e703,2026-08-20T17:00:00Z,2021-22,Premier League,https://www.football-data.co.uk/mmz4281/2122/E0.csv
global-c044e0441a0fac52a15c6e11,Football-Data.co.uk,data/raw/epl_2021_2022_football_data_real.csv,335afcbabeb2939fa10ab39ba3e8215072d0b577cb8d0705c1e44c56e934e703,2026-08-20T17:00:00Z,2021-22,Premier League,https://www.football-data.co.uk/mmz4281/2122/E0.csv
global-3e5529b74e5d6f61bb1a1d18,Football-Data.co.uk,data/raw/epl_2021_2022_football_data_real.csv,335afcbabeb2939fa10ab39ba3e8215072d0b577cb8d0705c1e44c56e934e703,2026-08-20T17:00:00Z,2021-22,Premier League,https://www.football-data.co.uk/mmz4281/2122/E0.csv
global-9d9e620a950f43c7171785e7,Football-Data.co.uk,data/raw/epl_2021_2022_football_data_real.csv,335afcbabeb2939fa10ab39ba3e8215072d0b577cb8d0705c1e44c56e934e703,2026-08-20T17:00:00Z,2021-22,Premier League,https://www.football-data.co.uk/mmz4281/2122/E0.csv
global-822320bed748419385519b27,Football-Data.co.uk,data/raw/epl_2021_2022_football_data_real.csv,335afcbabeb2939fa10ab39ba3e8215072d0b577cb8d0705c1e44c56e934e703,2026-08-20T17:00:00Z,2021-22,Premier League,https://www.football-data.co.uk/mmz4281/2122/E0.csv
global-9dba0a55ecf884dd3176c2fd,Football-Data.co.uk,data/raw/epl_2021_2022_football_data_real.csv,335afcbabeb2939fa10ab39ba3e8215072d0b577cb8d0705c1e44c56e934e703,2026-08-20T17:00:00Z,2021-22,Premier League,https://www.football-data.co.uk/mmz4281/2122/E0.csv
global-b8fd91cd72ba0db2dfdeee9c,Football-Data.co.uk,data/raw/epl_2021_2022_football_data_real.csv,335afcbabeb2939fa10ab39ba3e8215072d0b577cb8d0705c1e44c56e934e703,2026-08-20T17:00:00Z,2021-22,Premier League,https://www.football-data.co.uk/mmz4281/2122/E0.csv
global-018b9275500d87183f3d1f7c,Football-Data.co.uk,data/raw/epl_2021_2022_football_data_real.csv,335afcbabeb2939fa10ab39ba3e8215072d0b577cb8d0705c1e44c56e934e703,2026-08-20T17:00:00Z,2021-22,Premier League,https://www.football-data.co.uk/mmz4281/2122/E0.csv
global-f3e1d12415badb03cd62797c,Football-Data.co.uk,data/raw/epl_2021_2022_football_data_real.csv,335afcbabeb2939fa10ab39ba3e8215072d0b577cb8d0705c1e44c56e934e703,2026-08-20T17:00:00Z,2021-22,Premier League,https://www.football-data.co.uk/mmz4281/2122/E0.csv
global-dedb4be8115b57bf931fd441,Football-Data.co.uk,data/raw/epl_2021_2022_football_data_real.csv,335afcbabeb2939fa10ab39ba3e8215072d0b577cb8d0705c1e44c56e934e703,2026-08-20T17:00:00Z,2021-22,Premier League,https://www.football-data.co.uk/mmz4281/2122/E0.csv
global-80f1eb1e241518742e16518b,Football-Data.co.uk,data/raw/epl_2021_2022_football_data_real.csv,335afcbabeb2939fa10ab39ba3e8215072d0b577cb8d0705c1e44c56e934e703,2026-08-20T17:00:00Z,2021-22,Premier League,https://www.football-data.co.uk/mmz4281/2122/E0.csv
global-b7347bfd8c1567b8270aea0d,Football-Data.co.uk,data/raw/epl_2021_2022_football_data_real.csv,335afcbabeb2939fa10ab39ba3e8215072d0b577cb8d0705c1e44c56e934e703,2026-08-20T17:00:00Z,2021-22,Premier League,https://www.football-data.co.uk/mmz4281/2122/E0.csv
global-71c5f22daa22d615ff96909c,Football-Data.co.uk,data/raw/epl_2021_2022_football_data_real.csv,335afcbabeb2939fa10ab39ba3e8215072d0b577cb8d0705c1e44c56e934e703,2026-08-20T17:00:00Z,2021-22,Premier League,https://www.football-data.co.uk/mmz4281/2122/E0.csv
global-bb30bccfded7682eb005aea7,Football-Data.co.uk,data/raw/epl_2021_2022_football_data_real.csv,335afcbabeb2939fa10ab39ba3e8215072d0b577cb8d0705c1e44c56e934e703,2026-08-20T17:00:00Z,2021-22,Premier League,https://www.football-data.co.uk/mmz4281/2122/E0.csv
global-432ad73d728fdbae566196b3,Football-Data.co.uk,data/raw/epl_2021_2022_football_data_real.csv,335afcbabeb2939fa10ab39ba3e8215072d0b577cb8d0705c1e44c56e934e703,2026-08-20T17:00:00Z,2021-22,Premier League,https://www.football-data.co.uk/mmz4281/2122/E0.csv
global-d5dec858f5dea0602be1e634,Football-Data.co.uk,data/raw/epl_2021_2022_football_data_real.csv,335afcbabeb2939fa10ab39ba3e8215072d0b577cb8d0705c1e44c56e934e703,2026-08-20T17:00:00Z,2021-22,Premier League,https://www.football-data.co.uk/mmz4281/2122/E0.csv
global-d7fe77f8264bac30fafb3375,Football-Data.co.uk,data/raw/epl_2021_2022_football_data_real.csv,335afcbabeb2939fa10ab39ba3e8215072d0b577cb8d0705c1e44c56e934e703,2026-08-20T17:00:00Z,2021-22,Premier League,https://www.football-data.co.uk/mmz4281/2122/E0.csv
global-d47682243547358cf9d12631,Football-Data.co.uk,data/raw/epl_2021_2022_football_data_real.csv,335afcbabeb2939fa10ab39ba3e8215072d0b577cb8d0705c1e44c56e934e703,2026-08-20T17:00:00Z,2021-22,Premier League,https://www.football-data.co.uk/mmz4281/2122/E0.csv
global-10780f75145259070caa7d65,Football-Data.co.uk,data/raw/epl_2021_2022_football_data_real.csv,335afcbabeb2939fa10ab39ba3e8215072d0b577cb8d0705c1e44c56e934e703,2026-08-20T17:00:00Z,2021-22,Premier League,https://www.football-data.co.uk/mmz4281/2122/E0.csv
global-57801f74981f430362b31ea7,Football-Data.co.uk,data/raw/epl_2021_2022_football_data_real.csv,335afcbabeb2939fa10ab39ba3e8215072d0b577cb8d0705c1e44c56e934e703,2026-08-20T17:00:00Z,2021-22,Premier League,https://www.football-data.co.uk/mmz4281/2122/E0.csv
global-3bdcb8f29a3310fe9abc5385,Football-Data.co.uk,data/raw/epl_2021_2022_football_data_real.csv,335afcbabeb2939fa10ab39ba3e8215072d0b577cb8d0705c1e44c56e934e703,2026-08-20T17:00:00Z,2021-22,Premier League,https://www.football-data.co.uk/mmz4281/2122/E0.csv
global-6bb0e8e36f41d85698bf825c,Football-Data.co.uk,data/raw/epl_2021_2022_football_data_real.csv,335afcbabeb2939fa10ab39ba3e8215072d0b577cb8d0705c1e44c56e934e703,2026-08-20T17:00:00Z,2021-22,Premier League,https://www.football-data.co.uk/mmz4281/2122/E0.csv
global-d6c89f8ae15f55e02d543d69,Football-Data.co.uk,data/raw/epl_2021_2022_football_data_real.csv,335afcbabeb2939fa10ab39ba3e8215072d0b577cb8d0705c1e44c56e934e703,2026-08-20T17:00:00Z,2021-22,Premier League,https://www.football-data.co.uk/mmz4281/2122/E0.csv
global-569f6e6b3c9f98525f559381,Football-Data.co.uk,data/raw/epl_2021_2022_football_data_real.csv,335afcbabeb2939fa10ab39ba3e8215072d0b577cb8d0705c1e44c56e934e703,2026-08-20T17:00:00Z,2021-22,Premier League,https://www.football-data.co.uk/mmz4281/2122/E0.csv
global-feb5a53a12355df58b6932c0,Football-Data.co.uk,data/raw/epl_2021_2022_football_data_real.csv,335afcbabeb2939fa10ab39ba3e8215072d0b577cb8d0705c1e44c56e934e703,2026-08-20T17:00:00Z,2021-22,Premier League,https://www.football-data.co.uk/mmz4281/2122/E0.csv
global-1aab7cd508b2601532b6b90c,Football-Data.co.uk,data/raw/epl_2021_2022_football_data_real.csv,335afcbabeb2939fa10ab39ba3e8215072d0b577cb8d0705c1e44c56e934e703,2026-08-20T17:00:00Z,2021-22,Premier League,https://www.football-data.co.uk/mmz4281/2122/E0.csv
global-6fdd95edefd655ca9a043423,Football-Data.co.uk,data/raw/epl_2021_2022_football_data_real.csv,335afcbabeb2939fa10ab39ba3e8215072d0b577cb8d0705c1e44c56e934e703,2026-08-20T17:00:00Z,2021-22,Premier League,https://www.football-data.co.uk/mmz4281/2122/E0.csv
global-496f482a751032413f4fa7cc,Football-Data.co.uk,data/raw/epl_2021_2022_football_data_real.csv,335afcbabeb2939fa10ab39ba3e8215072d0b577cb8d0705c1e44c56e934e703,2026-08-20T17:00:00Z,2021-22,Premier League,https://www.football-data.co.uk/mmz4281/2122/E0.csv
global-bb5f4d38d7fef7107643d9dc,Football-Data.co.uk,data/raw/epl_2021_2022_football_data_real.csv,335afcbabeb2939fa10ab39ba3e8215072d0b577cb8d0705c1e44c56e934e703,2026-08-20T17:00:00Z,2021-22,Premier League,https://www.football-data.co.uk/mmz4281/2122/E0.csv
global-74d91e2e332606895bad5a93,Football-Data.co.uk,data/raw/epl_2021_2022_football_data_real.csv,335afcbabeb2939fa10ab39ba3e8215072d0b577cb8d0705c1e44c56e934e703,2026-08-20T17:00:00Z,2021-22,Premier League,https://www.football-data.co.uk/mmz4281/2122/E0.csv
global-ea4a0990512ae67da93585ff,Football-Data.co.uk,data/raw/epl_2021_2022_football_data_real.csv,335afcbabeb2939fa10ab39ba3e8215072d0b577cb8d0705c1e44c56e934e703,2026-08-20T17:00:00Z,2021-22,Premier League,https://www.football-data.co.uk/mmz4281/2122/E0.csv
global-910232809662dfad007cad1a,Football-Data.co.uk,data/raw/epl_2021_2022_football_data_real.csv,335afcbabeb2939fa10ab39ba3e8215072d0b577cb8d0705c1e44c56e934e703,2026-08-20T17:00:00Z,2021-22,Premier League,https://www.football-data.co.uk/mmz4281/2122/E0.csv
global-4b6ec41087b1d3c752c92c48,Football-Data.co.uk,data/raw/epl_2021_2022_football_data_real.csv,335afcbabeb2939fa10ab39ba3e8215072d0b577cb8d0705c1e44c56e934e703,2026-08-20T17:00:00Z,2021-22,Premier League,https://www.football-data.co.uk/mmz4281/2122/E0.csv
global-4b9db9175b306f72e6497fb6,Football-Data.co.uk,data/raw/epl_2021_2022_football_data_real.csv,335afcbabeb2939fa10ab39ba3e8215072d0b577cb8d0705c1e44c56e934e703,2026-08-20T17:00:00Z,2021-22,Premier League,https://www.football-data.co.uk/mmz4281/2122/E0.csv
global-ab22c281cdf9f17720f60a18,Football-Data.co.uk,data/raw/epl_2021_2022_football_data_real.csv,335afcbabeb2939fa10ab39ba3e8215072d0b577cb8d0705c1e44c56e934e703,2026-08-20T17:00:00Z,2021-22,Premier League,https://www.football-data.co.uk/mmz4281/2122/E0.csv
global-c4f2d05a6338fd770396c067,Football-Data.co.uk,data/raw/epl_2021_2022_football_data_real.csv,335afcbabeb2939fa10ab39ba3e8215072d0b577cb8d0705c1e44c56e934e703,2026-08-20T17:00:00Z,2021-22,Premier League,https://www.football-data.co.uk/mmz4281/2122/E0.csv
global-7d9522875c1f03a60fce6953,Football-Data.co.uk,data/raw/epl_2021_2022_football_data_real.csv,335afcbabeb2939fa10ab39ba3e8215072d0b577cb8d0705c1e44c56e934e703,2026-08-20T17:00:00Z,2021-22,Premier League,https://www.football-data.co.uk/mmz4281/2122/E0.csv
global-61216ff2048c8174e0d1562f,Football-Data.co.uk,data/raw/epl_2021_2022_football_data_real.csv,335afcbabeb2939fa10ab39ba3e8215072d0b577cb8d0705c1e44c56e934e703,2026-08-20T17:00:00Z,2021-22,Premier League,https://www.football-data.co.uk/mmz4281/2122/E0.csv
global-17f95f3e59df1a7787a95f6b,Football-Data.co.uk,data/raw/epl_2021_2022_football_data_real.csv,335afcbabeb2939fa10ab39ba3e8215072d0b577cb8d0705c1e44c56e934e703,2026-08-20T17:00:00Z,2021-22,Premier League,https://www.football-data.co.uk/mmz4281/2122/E0.csv
global-f0d63c8068b0ebadf046afd3,Football-Data.co.uk,data/raw/epl_2021_2022_football_data_real.csv,335afcbabeb2939fa10ab39ba3e8215072d0b577cb8d0705c1e44c56e934e703,2026-08-20T17:00:00Z,2021-22,Premier League,https://www.football-data.co.uk/mmz4281/2122/E0.csv
global-bc28609e02824d579e2b89f3,Football-Data.co.uk,data/raw/epl_2021_2022_football_data_real.csv,335afcbabeb2939fa10ab39ba3e8215072d0b577cb8d0705c1e44c56e934e703,2026-08-20T17:00:00Z,2021-22,Premier League,https://www.football-data.co.uk/mmz4281/2122/E0.csv
global-d1063b0ccd968acc16634df8,Football-Data.co.uk,data/raw/epl_2021_2022_football_data_real.csv,335afcbabeb2939fa10ab39ba3e8215072d0b577cb8d0705c1e44c56e934e703,2026-08-20T17:00:00Z,2021-22,Premier League,https://www.football-data.co.uk/mmz4281/2122/E0.csv
global-3b5c8b3cfdac0463149a3f9c,Football-Data.co.uk,data/raw/epl_2021_2022_football_data_real.csv,335afcbabeb2939fa10ab39ba3e8215072d0b577cb8d0705c1e44c56e934e703,2026-08-20T17:00:00Z,2021-22,Premier League,https://www.football-data.co.uk/mmz4281/2122/E0.csv
global-07805c84493b12609cd91d1f,Football-Data.co.uk,data/raw/epl_2021_2022_football_data_real.csv,335afcbabeb2939fa10ab39ba3e8215072d0b577cb8d0705c1e44c56e934e703,2026-08-20T17:00:00Z,2021-22,Premier League,https://www.football-data.co.uk/mmz4281/2122/E0.csv
global-5688e80933f3ff23052ef063,Football-Data.co.uk,data/raw/epl_2021_2022_football_data_real.csv,335afcbabeb2939fa10ab39ba3e8215072d0b577cb8d0705c1e44c56e934e703,2026-08-20T17:00:00Z,2021-22,Premier League,https://www.football-data.co.uk/mmz4281/2122/E0.csv
global-f436e8024fe60576a813acba,Football-Data.co.uk,data/raw/epl_2021_2022_football_data_real.csv,335afcbabeb2939fa10ab39ba3e8215072d0b577cb8d0705c1e44c56e934e703,2026-08-20T17:00:00Z,2021-22,Premier League,https://www.football-data.co.uk/mmz4281/2122/E0.csv
global-b93dd58d054c4a3f9157c3c3,Football-Data.co.uk,data/raw/epl_2021_2022_football_data_real.csv,335afcbabeb2939fa10ab39ba3e8215072d0b577cb8d0705c1e44c56e934e703,2026-08-20T17:00:00Z,2021-22,Premier League,https://www.football-data.co.uk/mmz4281/2122/E0.csv
global-2af396cbaf6cd011b5f9ed0c,Football-Data.co.uk,data/raw/epl_2021_2022_football_data_real.csv,335afcbabeb2939fa10ab39ba3e8215072d0b577cb8d0705c1e44c56e934e703,2026-08-20T17:00:00Z,2021-22,Premier League,https://www.football-data.co.uk/mmz4281/2122/E0.csv
global-fd5b5de57bd42fcb4653edc0,Football-Data.co.uk,data/raw/epl_2021_2022_football_data_real.csv,335afcbabeb2939fa10ab39ba3e8215072d0b577cb8d0705c1e44c56e934e703,2026-08-20T17:00:00Z,2021-22,Premier League,https://www.football-data.co.uk/mmz4281/2122/E0.csv
global-04975c54bf1425226e109722,Football-Data.co.uk,data/raw/epl_2021_2022_football_data_real.csv,335afcbabeb2939fa10ab39ba3e8215072d0b577cb8d0705c1e44c56e934e703,2026-08-20T17:00:00Z,2021-22,Premier League,https://www.football-data.co.uk/mmz4281/2122/E0.csv
global-2658f0840feb12cbab004681,Football-Data.co.uk,data/raw/epl_2021_2022_football_data_real.csv,335afcbabeb2939fa10ab39ba3e8215072d0b577cb8d0705c1e44c56e934e703,2026-08-20T17:00:00Z,2021-22,Premier League,https://www.football-data.co.uk/mmz4281/2122/E0.csv
global-b1f294bdd8765bfa5f8ba7bd,Football-Data.co.uk,data/raw/epl_2021_2022_football_data_real.csv,335afcbabeb2939fa10ab39ba3e8215072d0b577cb8d0705c1e44c56e934e703,2026-08-20T17:00:00Z,2021-22,Premier League,https://www.football-data.co.uk/mmz4281/2122/E0.csv
global-e4f8beaf637cf48b45391892,Football-Data.co.uk,data/raw/epl_2021_2022_football_data_real.csv,335afcbabeb2939fa10ab39ba3e8215072d0b577cb8d0705c1e44c56e934e703,2026-08-20T17:00:00Z,2021-22,Premier League,https://www.football-data.co.uk/mmz4281/2122/E0.csv
global-a3861771a314a0fc007bd70c,Football-Data.co.uk,data/raw/epl_2021_2022_football_data_real.csv,335afcbabeb2939fa10ab39ba3e8215072d0b577cb8d0705c1e44c56e934e703,2026-08-20T17:00:00Z,2021-22,Premier League,https://www.football-data.co.uk/mmz4281/2122/E0.csv
global-28f7c6ac3e0afad507866d05,Football-Data.co.uk,data/raw/epl_2021_2022_football_data_real.csv,335afcbabeb2939fa10ab39ba3e8215072d0b577cb8d0705c1e44c56e934e703,2026-08-20T17:00:00Z,2021-22,Premier League,https://www.football-data.co.uk/mmz4281/2122/E0.csv
global-e0a8c3ad3e6f4d66833ffe7b,Football-Data.co.uk,data/raw/epl_2021_2022_football_data_real.csv,335afcbabeb2939fa10ab39ba3e8215072d0b577cb8d0705c1e44c56e934e703,2026-08-20T17:00:00Z,2021-22,Premier League,https://www.football-data.co.uk/mmz4281/2122/E0.csv
global-2de3512abe6c1936fbdc7af9,Football-Data.co.uk,data/raw/epl_2021_2022_football_data_real.csv,335afcbabeb2939fa10ab39ba3e8215072d0b577cb8d0705c1e44c56e934e703,2026-08-20T17:00:00Z,2021-22,Premier League,https://www.football-data.co.uk/mmz4281/2122/E0.csv
global-740a68ed6c1fed003d727535,Football-Data.co.uk,data/raw/epl_2021_2022_football_data_real.csv,335afcbabeb2939fa10ab39ba3e8215072d0b577cb8d0705c1e44c56e934e703,2026-08-20T17:00:00Z,2021-22,Premier League,https://www.football-data.co.uk/mmz4281/2122/E0.csv
global-eb50e23a6a0edcc2a26170ea,Football-Data.co.uk,data/raw/epl_2021_2022_football_data_real.csv,335afcbabeb2939fa10ab39ba3e8215072d0b577cb8d0705c1e44c56e934e703,2026-08-20T17:00:00Z,2021-22,Premier League,https://www.football-data.co.uk/mmz4281/2122/E0.csv
global-04167c3ab42c4e56952b6ec4,Football-Data.co.uk,data/raw/epl_2021_2022_football_data_real.csv,335afcbabeb2939fa10ab39ba3e8215072d0b577cb8d0705c1e44c56e934e703,2026-08-20T17:00:00Z,2021-22,Premier League,https://www.football-data.co.uk/mmz4281/2122/E0.csv
global-b14e38bf267d5801834ecfc9,Football-Data.co.uk,data/raw/epl_2021_2022_football_data_real.csv,335afcbabeb2939fa10ab39ba3e8215072d0b577cb8d0705c1e44c56e934e703,2026-08-20T17:00:00Z,2021-22,Premier League,https://www.football-data.co.uk/mmz4281/2122/E0.csv
global-bcc32ce0b23401236ec389b3,Football-Data.co.uk,data/raw/epl_2021_2022_football_data_real.csv,335afcbabeb2939fa10ab39ba3e8215072d0b577cb8d0705c1e44c56e934e703,2026-08-20T17:00:00Z,2021-22,Premier League,https://www.football-data.co.uk/mmz4281/2122/E0.csv
global-707841703ece421bd54b2231,Football-Data.co.uk,data/raw/epl_2021_2022_football_data_real.csv,335afcbabeb2939fa10ab39ba3e8215072d0b577cb8d0705c1e44c56e934e703,2026-08-20T17:00:00Z,2021-22,Premier League,https://www.football-data.co.uk/mmz4281/2122/E0.csv
global-71254da679f1e6134b03ec24,Football-Data.co.uk,data/raw/epl_2021_2022_football_data_real.csv,335afcbabeb2939fa10ab39ba3e8215072d0b577cb8d0705c1e44c56e934e703,2026-08-20T17:00:00Z,2021-22,Premier League,https://www.football-data.co.uk/mmz4281/2122/E0.csv
global-f8ae3da2ec717fdb2716cdc7,Football-Data.co.uk,data/raw/epl_2021_2022_football_data_real.csv,335afcbabeb2939fa10ab39ba3e8215072d0b577cb8d0705c1e44c56e934e703,2026-08-20T17:00:00Z,2021-22,Premier League,https://www.football-data.co.uk/mmz4281/2122/E0.csv
global-c8179867ae86ad3dfd871aae,Football-Data.co.uk,data/raw/epl_2021_2022_football_data_real.csv,335afcbabeb2939fa10ab39ba3e8215072d0b577cb8d0705c1e44c56e934e703,2026-08-20T17:00:00Z,2021-22,Premier League,https://www.football-data.co.uk/mmz4281/2122/E0.csv
global-9d3c64897f8082bda3159839,Football-Data.co.uk,data/raw/epl_2021_2022_football_data_real.csv,335afcbabeb2939fa10ab39ba3e8215072d0b577cb8d0705c1e44c56e934e703,2026-08-20T17:00:00Z,2021-22,Premier League,https://www.football-data.co.uk/mmz4281/2122/E0.csv
global-d3984f4b8031c8933ac47c85,Football-Data.co.uk,data/raw/epl_2021_2022_football_data_real.csv,335afcbabeb2939fa10ab39ba3e8215072d0b577cb8d0705c1e44c56e934e703,2026-08-20T17:00:00Z,2021-22,Premier League,https://www.football-data.co.uk/mmz4281/2122/E0.csv
global-d0415a0a72a601ac0f2f92d0,Football-Data.co.uk,data/raw/epl_2021_2022_football_data_real.csv,335afcbabeb2939fa10ab39ba3e8215072d0b577cb8d0705c1e44c56e934e703,2026-08-20T17:00:00Z,2021-22,Premier League,https://www.football-data.co.uk/mmz4281/2122/E0.csv
global-1cd79c4d5e8d7168a7c92e0e,Football-Data.co.uk,data/raw/epl_2021_2022_football_data_real.csv,335afcbabeb2939fa10ab39ba3e8215072d0b577cb8d0705c1e44c56e934e703,2026-08-20T17:00:00Z,2021-22,Premier League,https://www.football-data.co.uk/mmz4281/2122/E0.csv
global-227e3443b469890e2d81350b,Football-Data.co.uk,data/raw/epl_2021_2022_football_data_real.csv,335afcbabeb2939fa10ab39ba3e8215072d0b577cb8d0705c1e44c56e934e703,2026-08-20T17:00:00Z,2021-22,Premier League,https://www.football-data.co.uk/mmz4281/2122/E0.csv
global-9c15137d7ce8b80f981fb66b,Football-Data.co.uk,data/raw/epl_2021_2022_football_data_real.csv,335afcbabeb2939fa10ab39ba3e8215072d0b577cb8d0705c1e44c56e934e703,2026-08-20T17:00:00Z,2021-22,Premier League,https://www.football-data.co.uk/mmz4281/2122/E0.csv
global-4590e583177edf6a7f305ef9,Football-Data.co.uk,data/raw/epl_2021_2022_football_data_real.csv,335afcbabeb2939fa10ab39ba3e8215072d0b577cb8d0705c1e44c56e934e703,2026-08-20T17:00:00Z,2021-22,Premier League,https://www.football-data.co.uk/mmz4281/2122/E0.csv
global-0a5e2394f4f214c74edada4a,Football-Data.co.uk,data/raw/epl_2021_2022_football_data_real.csv,335afcbabeb2939fa10ab39ba3e8215072d0b577cb8d0705c1e44c56e934e703,2026-08-20T17:00:00Z,2021-22,Premier League,https://www.football-data.co.uk/mmz4281/2122/E0.csv
global-a86179ab2c8ab49efe695211,Football-Data.co.uk,data/raw/epl_2021_2022_football_data_real.csv,335afcbabeb2939fa10ab39ba3e8215072d0b577cb8d0705c1e44c56e934e703,2026-08-20T17:00:00Z,2021-22,Premier League,https://www.football-data.co.uk/mmz4281/2122/E0.csv
global-2b764f7f1be26d7a507a0619,Football-Data.co.uk,data/raw/epl_2021_2022_football_data_real.csv,335afcbabeb2939fa10ab39ba3e8215072d0b577cb8d0705c1e44c56e934e703,2026-08-20T17:00:00Z,2021-22,Premier League,https://www.football-data.co.uk/mmz4281/2122/E0.csv
global-1251264e12028df42c128610,Football-Data.co.uk,data/raw/epl_2021_2022_football_data_real.csv,335afcbabeb2939fa10ab39ba3e8215072d0b577cb8d0705c1e44c56e934e703,2026-08-20T17:00:00Z,2021-22,Premier League,https://www.football-data.co.uk/mmz4281/2122/E0.csv
global-f6b29fbc8b6b4d2502d12b2f,Football-Data.co.uk,data/raw/epl_2021_2022_football_data_real.csv,335afcbabeb2939fa10ab39ba3e8215072d0b577cb8d0705c1e44c56e934e703,2026-08-20T17:00:00Z,2021-22,Premier League,https://www.football-data.co.uk/mmz4281/2122/E0.csv
global-ea0f618ae2e565456ddaf050,Football-Data.co.uk,data/raw/epl_2021_2022_football_data_real.csv,335afcbabeb2939fa10ab39ba3e8215072d0b577cb8d0705c1e44c56e934e703,2026-08-20T17:00:00Z,2021-22,Premier League,https://www.football-data.co.uk/mmz4281/2122/E0.csv
global-3ab00b883ecf806e1f3a4e85,Football-Data.co.uk,data/raw/epl_2021_2022_football_data_real.csv,335afcbabeb2939fa10ab39ba3e8215072d0b577cb8d0705c1e44c56e934e703,2026-08-20T17:00:00Z,2021-22,Premier League,https://www.football-data.co.uk/mmz4281/2122/E0.csv
global-b0f471f92268f865a40e4ab8,Football-Data.co.uk,data/raw/epl_2021_2022_football_data_real.csv,335afcbabeb2939fa10ab39ba3e8215072d0b577cb8d0705c1e44c56e934e703,2026-08-20T17:00:00Z,2021-22,Premier League,https://www.football-data.co.uk/mmz4281/2122/E0.csv
global-51027373fc735c70471d9ec5,Football-Data.co.uk,data/raw/epl_2021_2022_football_data_real.csv,335afcbabeb2939fa10ab39ba3e8215072d0b577cb8d0705c1e44c56e934e703,2026-08-20T17:00:00Z,2021-22,Premier League,https://www.football-data.co.uk/mmz4281/2122/E0.csv
global-badce88f4598a3e021c2fc0a,Football-Data.co.uk,data/raw/epl_2021_2022_football_data_real.csv,335afcbabeb2939fa10ab39ba3e8215072d0b577cb8d0705c1e44c56e934e703,2026-08-20T17:00:00Z,2021-22,Premier League,https://www.football-data.co.uk/mmz4281/2122/E0.csv
global-1adb671c348b6265f77fd929,Football-Data.co.uk,data/raw/epl_2021_2022_football_data_real.csv,335afcbabeb2939fa10ab39ba3e8215072d0b577cb8d0705c1e44c56e934e703,2026-08-20T17:00:00Z,2021-22,Premier League,https://www.football-data.co.uk/mmz4281/2122/E0.csv
global-a2572c8f80d172836119c496,Football-Data.co.uk,data/raw/epl_2021_2022_football_data_real.csv,335afcbabeb2939fa10ab39ba3e8215072d0b577cb8d0705c1e44c56e934e703,2026-08-20T17:00:00Z,2021-22,Premier League,https://www.football-data.co.uk/mmz4281/2122/E0.csv
global-58b0244b4548a1eff0b464d2,Football-Data.co.uk,data/raw/epl_2021_2022_football_data_real.csv,335afcbabeb2939fa10ab39ba3e8215072d0b577cb8d0705c1e44c56e934e703,2026-08-20T17:00:00Z,2021-22,Premier League,https://www.football-data.co.uk/mmz4281/2122/E0.csv
global-ce5941bf1c9b7e32d5431f6f,Football-Data.co.uk,data/raw/epl_2021_2022_football_data_real.csv,335afcbabeb2939fa10ab39ba3e8215072d0b577cb8d0705c1e44c56e934e703,2026-08-20T17:00:00Z,2021-22,Premier League,https://www.football-data.co.uk/mmz4281/2122/E0.csv
global-d20fe147c4db6df8629d1790,Football-Data.co.uk,data/raw/epl_2021_2022_football_data_real.csv,335afcbabeb2939fa10ab39ba3e8215072d0b577cb8d0705c1e44c56e934e703,2026-08-20T17:00:00Z,2021-22,Premier League,https://www.football-data.co.uk/mmz4281/2122/E0.csv
global-163754308357ccf5e3bd47e4,Football-Data.co.uk,data/raw/epl_2021_2022_football_data_real.csv,335afcbabeb2939fa10ab39ba3e8215072d0b577cb8d0705c1e44c56e934e703,2026-08-20T17:00:00Z,2021-22,Premier League,https://www.football-data.co.uk/mmz4281/2122/E0.csv
global-94477331dd7842eeddb5afdf,Football-Data.co.uk,data/raw/epl_2021_2022_football_data_real.csv,335afcbabeb2939fa10ab39ba3e8215072d0b577cb8d0705c1e44c56e934e703,2026-08-20T17:00:00Z,2021-22,Premier League,https://www.football-data.co.uk/mmz4281/2122/E0.csv
global-6b15a0e8f12321179b410199,Football-Data.co.uk,data/raw/epl_2021_2022_football_data_real.csv,335afcbabeb2939fa10ab39ba3e8215072d0b577cb8d0705c1e44c56e934e703,2026-08-20T17:00:00Z,2021-22,Premier League,https://www.football-data.co.uk/mmz4281/2122/E0.csv
global-b8f46d71b34fb9f1e92510e0,Football-Data.co.uk,data/raw/epl_2021_2022_football_data_real.csv,335afcbabeb2939fa10ab39ba3e8215072d0b577cb8d0705c1e44c56e934e703,2026-08-20T17:00:00Z,2021-22,Premier League,https://www.football-data.co.uk/mmz4281/2122/E0.csv
global-e42734cf60a0e64fa579a3da,Football-Data.co.uk,data/raw/epl_2021_2022_football_data_real.csv,335afcbabeb2939fa10ab39ba3e8215072d0b577cb8d0705c1e44c56e934e703,2026-08-20T17:00:00Z,2021-22,Premier League,https://www.football-data.co.uk/mmz4281/2122/E0.csv
global-9f7b678ef9cf7f3a733e6410,Football-Data.co.uk,data/raw/epl_2021_2022_football_data_real.csv,335afcbabeb2939fa10ab39ba3e8215072d0b577cb8d0705c1e44c56e934e703,2026-08-20T17:00:00Z,2021-22,Premier League,https://www.football-data.co.uk/mmz4281/2122/E0.csv
global-1c9dda90f89c95c159e08af9,Football-Data.co.uk,data/raw/epl_2021_2022_football_data_real.csv,335afcbabeb2939fa10ab39ba3e8215072d0b577cb8d0705c1e44c56e934e703,2026-08-20T17:00:00Z,2021-22,Premier League,https://www.football-data.co.uk/mmz4281/2122/E0.csv
global-7dc05cec4457ac9a932caf23,Football-Data.co.uk,data/raw/epl_2021_2022_football_data_real.csv,335afcbabeb2939fa10ab39ba3e8215072d0b577cb8d0705c1e44c56e934e703,2026-08-20T17:00:00Z,2021-22,Premier League,https://www.football-data.co.uk/mmz4281/2122/E0.csv
global-9db63480720b0c8583a2dfc6,Football-Data.co.uk,data/raw/epl_2021_2022_football_data_real.csv,335afcbabeb2939fa10ab39ba3e8215072d0b577cb8d0705c1e44c56e934e703,2026-08-20T17:00:00Z,2021-22,Premier League,https://www.football-data.co.uk/mmz4281/2122/E0.csv
global-9f5f6c160b961aea52aed2d5,Football-Data.co.uk,data/raw/epl_2021_2022_football_data_real.csv,335afcbabeb2939fa10ab39ba3e8215072d0b577cb8d0705c1e44c56e934e703,2026-08-20T17:00:00Z,2021-22,Premier League,https://www.football-data.co.uk/mmz4281/2122/E0.csv
global-58905856041f85452e3c3d08,Football-Data.co.uk,data/raw/epl_2021_2022_football_data_real.csv,335afcbabeb2939fa10ab39ba3e8215072d0b577cb8d0705c1e44c56e934e703,2026-08-20T17:00:00Z,2021-22,Premier League,https://www.football-data.co.uk/mmz4281/2122/E0.csv
global-d427c762b2e25ee9f6c527bf,Football-Data.co.uk,data/raw/epl_2021_2022_football_data_real.csv,335afcbabeb2939fa10ab39ba3e8215072d0b577cb8d0705c1e44c56e934e703,2026-08-20T17:00:00Z,2021-22,Premier League,https://www.football-data.co.uk/mmz4281/2122/E0.csv
global-24c3359c5bd40a438f885ea5,Football-Data.co.uk,data/raw/epl_2021_2022_football_data_real.csv,335afcbabeb2939fa10ab39ba3e8215072d0b577cb8d0705c1e44c56e934e703,2026-08-20T17:00:00Z,2021-22,Premier League,https://www.football-data.co.uk/mmz4281/2122/E0.csv
global-dbe35a848c12447262dc4db7,Football-Data.co.uk,data/raw/epl_2021_2022_football_data_real.csv,335afcbabeb2939fa10ab39ba3e8215072d0b577cb8d0705c1e44c56e934e703,2026-08-20T17:00:00Z,2021-22,Premier League,https://www.football-data.co.uk/mmz4281/2122/E0.csv
global-5ef6f49009fc41a7349f98cb,Football-Data.co.uk,data/raw/epl_2021_2022_football_data_real.csv,335afcbabeb2939fa10ab39ba3e8215072d0b577cb8d0705c1e44c56e934e703,2026-08-20T17:00:00Z,2021-22,Premier League,https://www.football-data.co.uk/mmz4281/2122/E0.csv
global-efa73cb229ab87c99e9135a8,Football-Data.co.uk,data/raw/epl_2021_2022_football_data_real.csv,335afcbabeb2939fa10ab39ba3e8215072d0b577cb8d0705c1e44c56e934e703,2026-08-20T17:00:00Z,2021-22,Premier League,https://www.football-data.co.uk/mmz4281/2122/E0.csv
global-e5b90f89fe40fabd3aa2b6ae,Football-Data.co.uk,data/raw/epl_2021_2022_football_data_real.csv,335afcbabeb2939fa10ab39ba3e8215072d0b577cb8d0705c1e44c56e934e703,2026-08-20T17:00:00Z,2021-22,Premier League,https://www.football-data.co.uk/mmz4281/2122/E0.csv
global-4b91aa1b34ee844a5f98d25d,Football-Data.co.uk,data/raw/epl_2021_2022_football_data_real.csv,335afcbabeb2939fa10ab39ba3e8215072d0b577cb8d0705c1e44c56e934e703,2026-08-20T17:00:00Z,2021-22,Premier League,https://www.football-data.co.uk/mmz4281/2122/E0.csv
global-af8f979309cb3cba120b5751,Football-Data.co.uk,data/raw/epl_2021_2022_football_data_real.csv,335afcbabeb2939fa10ab39ba3e8215072d0b577cb8d0705c1e44c56e934e703,2026-08-20T17:00:00Z,2021-22,Premier League,https://www.football-data.co.uk/mmz4281/2122/E0.csv
global-09f2733329f73b0f3616c26d,Football-Data.co.uk,data/raw/epl_2022_2023_football_data_real.csv,8442792d3b614c94ea3cf381bd2736805889cc1713169035368fff19c3d02380,2026-08-20T17:00:00Z,2022-23,Premier League,https://www.football-data.co.uk/mmz4281/2223/E0.csv
global-48e976df5a9efbd4cc13eed3,Football-Data.co.uk,data/raw/epl_2022_2023_football_data_real.csv,8442792d3b614c94ea3cf381bd2736805889cc1713169035368fff19c3d02380,2026-08-20T17:00:00Z,2022-23,Premier League,https://www.football-data.co.uk/mmz4281/2223/E0.csv
global-f51fc3c2e8f7550965c0e81e,Football-Data.co.uk,data/raw/epl_2022_2023_football_data_real.csv,8442792d3b614c94ea3cf381bd2736805889cc1713169035368fff19c3d02380,2026-08-20T17:00:00Z,2022-23,Premier League,https://www.football-data.co.uk/mmz4281/2223/E0.csv
global-edcfe3fa8b9d553676b1e809,Football-Data.co.uk,data/raw/epl_2022_2023_football_data_real.csv,8442792d3b614c94ea3cf381bd2736805889cc1713169035368fff19c3d02380,2026-08-20T17:00:00Z,2022-23,Premier League,https://www.football-data.co.uk/mmz4281/2223/E0.csv
global-ae07edfed90f472640d63450,Football-Data.co.uk,data/raw/epl_2022_2023_football_data_real.csv,8442792d3b614c94ea3cf381bd2736805889cc1713169035368fff19c3d02380,2026-08-20T17:00:00Z,2022-23,Premier League,https://www.football-data.co.uk/mmz4281/2223/E0.csv
global-f0f3abbc3b16917d9f2ad942,Football-Data.co.uk,data/raw/epl_2022_2023_football_data_real.csv,8442792d3b614c94ea3cf381bd2736805889cc1713169035368fff19c3d02380,2026-08-20T17:00:00Z,2022-23,Premier League,https://www.football-data.co.uk/mmz4281/2223/E0.csv
global-84ff229fcff1cbb1293f7351,Football-Data.co.uk,data/raw/epl_2022_2023_football_data_real.csv,8442792d3b614c94ea3cf381bd2736805889cc1713169035368fff19c3d02380,2026-08-20T17:00:00Z,2022-23,Premier League,https://www.football-data.co.uk/mmz4281/2223/E0.csv
global-bbdee350b6f3b6f8b8b72d4e,Football-Data.co.uk,data/raw/epl_2022_2023_football_data_real.csv,8442792d3b614c94ea3cf381bd2736805889cc1713169035368fff19c3d02380,2026-08-20T17:00:00Z,2022-23,Premier League,https://www.football-data.co.uk/mmz4281/2223/E0.csv
global-0c4122a4cc390444dd886678,Football-Data.co.uk,data/raw/epl_2022_2023_football_data_real.csv,8442792d3b614c94ea3cf381bd2736805889cc1713169035368fff19c3d02380,2026-08-20T17:00:00Z,2022-23,Premier League,https://www.football-data.co.uk/mmz4281/2223/E0.csv
global-621cdfed9e8e8b0294b57299,Football-Data.co.uk,data/raw/epl_2022_2023_football_data_real.csv,8442792d3b614c94ea3cf381bd2736805889cc1713169035368fff19c3d02380,2026-08-20T17:00:00Z,2022-23,Premier League,https://www.football-data.co.uk/mmz4281/2223/E0.csv
global-2fb33b87e44c70d82e80c0d7,Football-Data.co.uk,data/raw/epl_2022_2023_football_data_real.csv,8442792d3b614c94ea3cf381bd2736805889cc1713169035368fff19c3d02380,2026-08-20T17:00:00Z,2022-23,Premier League,https://www.football-data.co.uk/mmz4281/2223/E0.csv
global-0bbea84238c5f44eb41b44fd,Football-Data.co.uk,data/raw/epl_2022_2023_football_data_real.csv,8442792d3b614c94ea3cf381bd2736805889cc1713169035368fff19c3d02380,2026-08-20T17:00:00Z,2022-23,Premier League,https://www.football-data.co.uk/mmz4281/2223/E0.csv
global-1b660267b045be215f0aac2d,Football-Data.co.uk,data/raw/epl_2022_2023_football_data_real.csv,8442792d3b614c94ea3cf381bd2736805889cc1713169035368fff19c3d02380,2026-08-20T17:00:00Z,2022-23,Premier League,https://www.football-data.co.uk/mmz4281/2223/E0.csv
global-8c0e187b05dc8400e05a82b8,Football-Data.co.uk,data/raw/epl_2022_2023_football_data_real.csv,8442792d3b614c94ea3cf381bd2736805889cc1713169035368fff19c3d02380,2026-08-20T17:00:00Z,2022-23,Premier League,https://www.football-data.co.uk/mmz4281/2223/E0.csv
global-1a0b2f30d55df1014c9faa4f,Football-Data.co.uk,data/raw/epl_2022_2023_football_data_real.csv,8442792d3b614c94ea3cf381bd2736805889cc1713169035368fff19c3d02380,2026-08-20T17:00:00Z,2022-23,Premier League,https://www.football-data.co.uk/mmz4281/2223/E0.csv
global-db74a11e0fc5689c64ed4ae0,Football-Data.co.uk,data/raw/epl_2022_2023_football_data_real.csv,8442792d3b614c94ea3cf381bd2736805889cc1713169035368fff19c3d02380,2026-08-20T17:00:00Z,2022-23,Premier League,https://www.football-data.co.uk/mmz4281/2223/E0.csv
global-de8ae9e7da2048fa3c68d852,Football-Data.co.uk,data/raw/epl_2022_2023_football_data_real.csv,8442792d3b614c94ea3cf381bd2736805889cc1713169035368fff19c3d02380,2026-08-20T17:00:00Z,2022-23,Premier League,https://www.football-data.co.uk/mmz4281/2223/E0.csv
global-77d24e3a51c46d7a60c17236,Football-Data.co.uk,data/raw/epl_2022_2023_football_data_real.csv,8442792d3b614c94ea3cf381bd2736805889cc1713169035368fff19c3d02380,2026-08-20T17:00:00Z,2022-23,Premier League,https://www.football-data.co.uk/mmz4281/2223/E0.csv
global-530492f03a4c61a5c12becfb,Football-Data.co.uk,data/raw/epl_2022_2023_football_data_real.csv,8442792d3b614c94ea3cf381bd2736805889cc1713169035368fff19c3d02380,2026-08-20T17:00:00Z,2022-23,Premier League,https://www.football-data.co.uk/mmz4281/2223/E0.csv
global-11ebe7b6a19f53ef2ea32beb,Football-Data.co.uk,data/raw/epl_2022_2023_football_data_real.csv,8442792d3b614c94ea3cf381bd2736805889cc1713169035368fff19c3d02380,2026-08-20T17:00:00Z,2022-23,Premier League,https://www.football-data.co.uk/mmz4281/2223/E0.csv
global-c855e44b45350dd447ca13ce,Football-Data.co.uk,data/raw/epl_2022_2023_football_data_real.csv,8442792d3b614c94ea3cf381bd2736805889cc1713169035368fff19c3d02380,2026-08-20T17:00:00Z,2022-23,Premier League,https://www.football-data.co.uk/mmz4281/2223/E0.csv
global-6e6b9b048ecb93081429c216,Football-Data.co.uk,data/raw/epl_2022_2023_football_data_real.csv,8442792d3b614c94ea3cf381bd2736805889cc1713169035368fff19c3d02380,2026-08-20T17:00:00Z,2022-23,Premier League,https://www.football-data.co.uk/mmz4281/2223/E0.csv
global-a2c2da0e34c3bebe97e7b1c9,Football-Data.co.uk,data/raw/epl_2022_2023_football_data_real.csv,8442792d3b614c94ea3cf381bd2736805889cc1713169035368fff19c3d02380,2026-08-20T17:00:00Z,2022-23,Premier League,https://www.football-data.co.uk/mmz4281/2223/E0.csv
global-d881fe225c7d00c8f8672621,Football-Data.co.uk,data/raw/epl_2022_2023_football_data_real.csv,8442792d3b614c94ea3cf381bd2736805889cc1713169035368fff19c3d02380,2026-08-20T17:00:00Z,2022-23,Premier League,https://www.football-data.co.uk/mmz4281/2223/E0.csv
global-4c9618e318a443c84b4fa824,Football-Data.co.uk,data/raw/epl_2022_2023_football_data_real.csv,8442792d3b614c94ea3cf381bd2736805889cc1713169035368fff19c3d02380,2026-08-20T17:00:00Z,2022-23,Premier League,https://www.football-data.co.uk/mmz4281/2223/E0.csv
global-f85f45ee1cfe38e212b7dbcb,Football-Data.co.uk,data/raw/epl_2022_2023_football_data_real.csv,8442792d3b614c94ea3cf381bd2736805889cc1713169035368fff19c3d02380,2026-08-20T17:00:00Z,2022-23,Premier League,https://www.football-data.co.uk/mmz4281/2223/E0.csv
global-fe3b07c3a49b48fa6ef18772,Football-Data.co.uk,data/raw/epl_2022_2023_football_data_real.csv,8442792d3b614c94ea3cf381bd2736805889cc1713169035368fff19c3d02380,2026-08-20T17:00:00Z,2022-23,Premier League,https://www.football-data.co.uk/mmz4281/2223/E0.csv
global-181847faf947e9b2d50ee648,Football-Data.co.uk,data/raw/epl_2022_2023_football_data_real.csv,8442792d3b614c94ea3cf381bd2736805889cc1713169035368fff19c3d02380,2026-08-20T17:00:00Z,2022-23,Premier League,https://www.football-data.co.uk/mmz4281/2223/E0.csv
global-be0e39bba6f1d72b797b3ed4,Football-Data.co.uk,data/raw/epl_2022_2023_football_data_real.csv,8442792d3b614c94ea3cf381bd2736805889cc1713169035368fff19c3d02380,2026-08-20T17:00:00Z,2022-23,Premier League,https://www.football-data.co.uk/mmz4281/2223/E0.csv
global-47ff3bd982d5416fa683b271,Football-Data.co.uk,data/raw/epl_2022_2023_football_data_real.csv,8442792d3b614c94ea3cf381bd2736805889cc1713169035368fff19c3d02380,2026-08-20T17:00:00Z,2022-23,Premier League,https://www.football-data.co.uk/mmz4281/2223/E0.csv
global-74e6cab2ec46c126b2d0ba11,Football-Data.co.uk,data/raw/epl_2022_2023_football_data_real.csv,8442792d3b614c94ea3cf381bd2736805889cc1713169035368fff19c3d02380,2026-08-20T17:00:00Z,2022-23,Premier League,https://www.football-data.co.uk/mmz4281/2223/E0.csv
global-9874196c3b1205ee81e19c0a,Football-Data.co.uk,data/raw/epl_2022_2023_football_data_real.csv,8442792d3b614c94ea3cf381bd2736805889cc1713169035368fff19c3d02380,2026-08-20T17:00:00Z,2022-23,Premier League,https://www.football-data.co.uk/mmz4281/2223/E0.csv
global-ed28b74c3d3adee4cff0312a,Football-Data.co.uk,data/raw/epl_2022_2023_football_data_real.csv,8442792d3b614c94ea3cf381bd2736805889cc1713169035368fff19c3d02380,2026-08-20T17:00:00Z,2022-23,Premier League,https://www.football-data.co.uk/mmz4281/2223/E0.csv
global-deb7ad8932f7b4ff24efc3c5,Football-Data.co.uk,data/raw/epl_2022_2023_football_data_real.csv,8442792d3b614c94ea3cf381bd2736805889cc1713169035368fff19c3d02380,2026-08-20T17:00:00Z,2022-23,Premier League,https://www.football-data.co.uk/mmz4281/2223/E0.csv
global-df913940223402bf70ff6d8e,Football-Data.co.uk,data/raw/epl_2022_2023_football_data_real.csv,8442792d3b614c94ea3cf381bd2736805889cc1713169035368fff19c3d02380,2026-08-20T17:00:00Z,2022-23,Premier League,https://www.football-data.co.uk/mmz4281/2223/E0.csv
global-d4a58d9d86d2eec22fa90c62,Football-Data.co.uk,data/raw/epl_2022_2023_football_data_real.csv,8442792d3b614c94ea3cf381bd2736805889cc1713169035368fff19c3d02380,2026-08-20T17:00:00Z,2022-23,Premier League,https://www.football-data.co.uk/mmz4281/2223/E0.csv
global-b53ff13eaff9095c974eb83e,Football-Data.co.uk,data/raw/epl_2022_2023_football_data_real.csv,8442792d3b614c94ea3cf381bd2736805889cc1713169035368fff19c3d02380,2026-08-20T17:00:00Z,2022-23,Premier League,https://www.football-data.co.uk/mmz4281/2223/E0.csv
global-9c2face4219c4c429dd8d839,Football-Data.co.uk,data/raw/epl_2022_2023_football_data_real.csv,8442792d3b614c94ea3cf381bd2736805889cc1713169035368fff19c3d02380,2026-08-20T17:00:00Z,2022-23,Premier League,https://www.football-data.co.uk/mmz4281/2223/E0.csv
global-b315b9d148ee535bfca7b7b3,Football-Data.co.uk,data/raw/epl_2022_2023_football_data_real.csv,8442792d3b614c94ea3cf381bd2736805889cc1713169035368fff19c3d02380,2026-08-20T17:00:00Z,2022-23,Premier League,https://www.football-data.co.uk/mmz4281/2223/E0.csv
global-dd87edbd483efcc3fc80dd04,Football-Data.co.uk,data/raw/epl_2022_2023_football_data_real.csv,8442792d3b614c94ea3cf381bd2736805889cc1713169035368fff19c3d02380,2026-08-20T17:00:00Z,2022-23,Premier League,https://www.football-data.co.uk/mmz4281/2223/E0.csv
global-532ee72f4a1c7472537d3955,Football-Data.co.uk,data/raw/epl_2022_2023_football_data_real.csv,8442792d3b614c94ea3cf381bd2736805889cc1713169035368fff19c3d02380,2026-08-20T17:00:00Z,2022-23,Premier League,https://www.football-data.co.uk/mmz4281/2223/E0.csv
global-d14e5994fa836c8a7ee2156d,Football-Data.co.uk,data/raw/epl_2022_2023_football_data_real.csv,8442792d3b614c94ea3cf381bd2736805889cc1713169035368fff19c3d02380,2026-08-20T17:00:00Z,2022-23,Premier League,https://www.football-data.co.uk/mmz4281/2223/E0.csv
global-e547304a87d877c7a6fe45f5,Football-Data.co.uk,data/raw/epl_2022_2023_football_data_real.csv,8442792d3b614c94ea3cf381bd2736805889cc1713169035368fff19c3d02380,2026-08-20T17:00:00Z,2022-23,Premier League,https://www.football-data.co.uk/mmz4281/2223/E0.csv
global-c857cf363abfd49e3a84c327,Football-Data.co.uk,data/raw/epl_2022_2023_football_data_real.csv,8442792d3b614c94ea3cf381bd2736805889cc1713169035368fff19c3d02380,2026-08-20T17:00:00Z,2022-23,Premier League,https://www.football-data.co.uk/mmz4281/2223/E0.csv
global-2228781b36a4fc43d809e567,Football-Data.co.uk,data/raw/epl_2022_2023_football_data_real.csv,8442792d3b614c94ea3cf381bd2736805889cc1713169035368fff19c3d02380,2026-08-20T17:00:00Z,2022-23,Premier League,https://www.football-data.co.uk/mmz4281/2223/E0.csv
global-ebf81b9e695f6c4a0f4985b2,Football-Data.co.uk,data/raw/epl_2022_2023_football_data_real.csv,8442792d3b614c94ea3cf381bd2736805889cc1713169035368fff19c3d02380,2026-08-20T17:00:00Z,2022-23,Premier League,https://www.football-data.co.uk/mmz4281/2223/E0.csv
global-f9505523303b7c5e08b0ebee,Football-Data.co.uk,data/raw/epl_2022_2023_football_data_real.csv,8442792d3b614c94ea3cf381bd2736805889cc1713169035368fff19c3d02380,2026-08-20T17:00:00Z,2022-23,Premier League,https://www.football-data.co.uk/mmz4281/2223/E0.csv
global-43a07d88e985ce873d949fef,Football-Data.co.uk,data/raw/epl_2022_2023_football_data_real.csv,8442792d3b614c94ea3cf381bd2736805889cc1713169035368fff19c3d02380,2026-08-20T17:00:00Z,2022-23,Premier League,https://www.football-data.co.uk/mmz4281/2223/E0.csv
global-0a900f73cf6a36bff416e1f2,Football-Data.co.uk,data/raw/epl_2022_2023_football_data_real.csv,8442792d3b614c94ea3cf381bd2736805889cc1713169035368fff19c3d02380,2026-08-20T17:00:00Z,2022-23,Premier League,https://www.football-data.co.uk/mmz4281/2223/E0.csv
global-6a474375a0210cd356d6a38a,Football-Data.co.uk,data/raw/epl_2022_2023_football_data_real.csv,8442792d3b614c94ea3cf381bd2736805889cc1713169035368fff19c3d02380,2026-08-20T17:00:00Z,2022-23,Premier League,https://www.football-data.co.uk/mmz4281/2223/E0.csv
global-6bb4c0f1413cc77cfb2db1b2,Football-Data.co.uk,data/raw/epl_2022_2023_football_data_real.csv,8442792d3b614c94ea3cf381bd2736805889cc1713169035368fff19c3d02380,2026-08-20T17:00:00Z,2022-23,Premier League,https://www.football-data.co.uk/mmz4281/2223/E0.csv
global-51373566831ff83e25905974,Football-Data.co.uk,data/raw/epl_2022_2023_football_data_real.csv,8442792d3b614c94ea3cf381bd2736805889cc1713169035368fff19c3d02380,2026-08-20T17:00:00Z,2022-23,Premier League,https://www.football-data.co.uk/mmz4281/2223/E0.csv
global-49114a284164cb543f78c3c9,Football-Data.co.uk,data/raw/epl_2022_2023_football_data_real.csv,8442792d3b614c94ea3cf381bd2736805889cc1713169035368fff19c3d02380,2026-08-20T17:00:00Z,2022-23,Premier League,https://www.football-data.co.uk/mmz4281/2223/E0.csv
global-d73c7cfbfc7285a49201a7b6,Football-Data.co.uk,data/raw/epl_2022_2023_football_data_real.csv,8442792d3b614c94ea3cf381bd2736805889cc1713169035368fff19c3d02380,2026-08-20T17:00:00Z,2022-23,Premier League,https://www.football-data.co.uk/mmz4281/2223/E0.csv
global-0421d76b70d66d25a82f1948,Football-Data.co.uk,data/raw/epl_2022_2023_football_data_real.csv,8442792d3b614c94ea3cf381bd2736805889cc1713169035368fff19c3d02380,2026-08-20T17:00:00Z,2022-23,Premier League,https://www.football-data.co.uk/mmz4281/2223/E0.csv
global-ab9d5dc37e62a77efd82bf05,Football-Data.co.uk,data/raw/epl_2022_2023_football_data_real.csv,8442792d3b614c94ea3cf381bd2736805889cc1713169035368fff19c3d02380,2026-08-20T17:00:00Z,2022-23,Premier League,https://www.football-data.co.uk/mmz4281/2223/E0.csv
global-4bcfbee5c146e492a4bae43e,Football-Data.co.uk,data/raw/epl_2022_2023_football_data_real.csv,8442792d3b614c94ea3cf381bd2736805889cc1713169035368fff19c3d02380,2026-08-20T17:00:00Z,2022-23,Premier League,https://www.football-data.co.uk/mmz4281/2223/E0.csv
global-531401a8ced1af9083c3bf7b,Football-Data.co.uk,data/raw/epl_2022_2023_football_data_real.csv,8442792d3b614c94ea3cf381bd2736805889cc1713169035368fff19c3d02380,2026-08-20T17:00:00Z,2022-23,Premier League,https://www.football-data.co.uk/mmz4281/2223/E0.csv
global-f27fec1e9941a5df355490f3,Football-Data.co.uk,data/raw/epl_2022_2023_football_data_real.csv,8442792d3b614c94ea3cf381bd2736805889cc1713169035368fff19c3d02380,2026-08-20T17:00:00Z,2022-23,Premier League,https://www.football-data.co.uk/mmz4281/2223/E0.csv
global-174e2e3a7dd3188ee752835b,Football-Data.co.uk,data/raw/epl_2022_2023_football_data_real.csv,8442792d3b614c94ea3cf381bd2736805889cc1713169035368fff19c3d02380,2026-08-20T17:00:00Z,2022-23,Premier League,https://www.football-data.co.uk/mmz4281/2223/E0.csv
global-5902e4e4c3e81c849e3f4267,Football-Data.co.uk,data/raw/epl_2022_2023_football_data_real.csv,8442792d3b614c94ea3cf381bd2736805889cc1713169035368fff19c3d02380,2026-08-20T17:00:00Z,2022-23,Premier League,https://www.football-data.co.uk/mmz4281/2223/E0.csv
global-e3daf3cb2f8a5425e1a61b66,Football-Data.co.uk,data/raw/epl_2022_2023_football_data_real.csv,8442792d3b614c94ea3cf381bd2736805889cc1713169035368fff19c3d02380,2026-08-20T17:00:00Z,2022-23,Premier League,https://www.football-data.co.uk/mmz4281/2223/E0.csv
global-bd201ed3c2acc0afd3dd6052,Football-Data.co.uk,data/raw/epl_2022_2023_football_data_real.csv,8442792d3b614c94ea3cf381bd2736805889cc1713169035368fff19c3d02380,2026-08-20T17:00:00Z,2022-23,Premier League,https://www.football-data.co.uk/mmz4281/2223/E0.csv
global-9d9a739b5f2a56d34aa375ff,Football-Data.co.uk,data/raw/epl_2022_2023_football_data_real.csv,8442792d3b614c94ea3cf381bd2736805889cc1713169035368fff19c3d02380,2026-08-20T17:00:00Z,2022-23,Premier League,https://www.football-data.co.uk/mmz4281/2223/E0.csv
global-c81781628c42b9ed7bd9922e,Football-Data.co.uk,data/raw/epl_2022_2023_football_data_real.csv,8442792d3b614c94ea3cf381bd2736805889cc1713169035368fff19c3d02380,2026-08-20T17:00:00Z,2022-23,Premier League,https://www.football-data.co.uk/mmz4281/2223/E0.csv
global-f7ed9f7f3aa721081d280155,Football-Data.co.uk,data/raw/epl_2022_2023_football_data_real.csv,8442792d3b614c94ea3cf381bd2736805889cc1713169035368fff19c3d02380,2026-08-20T17:00:00Z,2022-23,Premier League,https://www.football-data.co.uk/mmz4281/2223/E0.csv
global-9b610182fdf4f87c025de2ca,Football-Data.co.uk,data/raw/epl_2022_2023_football_data_real.csv,8442792d3b614c94ea3cf381bd2736805889cc1713169035368fff19c3d02380,2026-08-20T17:00:00Z,2022-23,Premier League,https://www.football-data.co.uk/mmz4281/2223/E0.csv
global-9c579d3dd17f518eaa93cab6,Football-Data.co.uk,data/raw/epl_2022_2023_football_data_real.csv,8442792d3b614c94ea3cf381bd2736805889cc1713169035368fff19c3d02380,2026-08-20T17:00:00Z,2022-23,Premier League,https://www.football-data.co.uk/mmz4281/2223/E0.csv
global-d4ea3c1b954d95b1b34ee9f6,Football-Data.co.uk,data/raw/epl_2022_2023_football_data_real.csv,8442792d3b614c94ea3cf381bd2736805889cc1713169035368fff19c3d02380,2026-08-20T17:00:00Z,2022-23,Premier League,https://www.football-data.co.uk/mmz4281/2223/E0.csv
global-773f50587a2bf6822b33471b,Football-Data.co.uk,data/raw/epl_2022_2023_football_data_real.csv,8442792d3b614c94ea3cf381bd2736805889cc1713169035368fff19c3d02380,2026-08-20T17:00:00Z,2022-23,Premier League,https://www.football-data.co.uk/mmz4281/2223/E0.csv
global-9293ebf18bd3f5c7e9654659,Football-Data.co.uk,data/raw/epl_2022_2023_football_data_real.csv,8442792d3b614c94ea3cf381bd2736805889cc1713169035368fff19c3d02380,2026-08-20T17:00:00Z,2022-23,Premier League,https://www.football-data.co.uk/mmz4281/2223/E0.csv
global-d176b10ea1f7539be80c5f9b,Football-Data.co.uk,data/raw/epl_2022_2023_football_data_real.csv,8442792d3b614c94ea3cf381bd2736805889cc1713169035368fff19c3d02380,2026-08-20T17:00:00Z,2022-23,Premier League,https://www.football-data.co.uk/mmz4281/2223/E0.csv
global-aee30d33990e7903790ceb79,Football-Data.co.uk,data/raw/epl_2022_2023_football_data_real.csv,8442792d3b614c94ea3cf381bd2736805889cc1713169035368fff19c3d02380,2026-08-20T17:00:00Z,2022-23,Premier League,https://www.football-data.co.uk/mmz4281/2223/E0.csv
global-0d1f5fd764d7d871f170c30e,Football-Data.co.uk,data/raw/epl_2022_2023_football_data_real.csv,8442792d3b614c94ea3cf381bd2736805889cc1713169035368fff19c3d02380,2026-08-20T17:00:00Z,2022-23,Premier League,https://www.football-data.co.uk/mmz4281/2223/E0.csv
global-ada916f3e46ba067652dd10c,Football-Data.co.uk,data/raw/epl_2022_2023_football_data_real.csv,8442792d3b614c94ea3cf381bd2736805889cc1713169035368fff19c3d02380,2026-08-20T17:00:00Z,2022-23,Premier League,https://www.football-data.co.uk/mmz4281/2223/E0.csv
global-edd79210be2bf5acf26c1c88,Football-Data.co.uk,data/raw/epl_2022_2023_football_data_real.csv,8442792d3b614c94ea3cf381bd2736805889cc1713169035368fff19c3d02380,2026-08-20T17:00:00Z,2022-23,Premier League,https://www.football-data.co.uk/mmz4281/2223/E0.csv
global-62d66ca4c307f8c5e683f7ef,Football-Data.co.uk,data/raw/epl_2022_2023_football_data_real.csv,8442792d3b614c94ea3cf381bd2736805889cc1713169035368fff19c3d02380,2026-08-20T17:00:00Z,2022-23,Premier League,https://www.football-data.co.uk/mmz4281/2223/E0.csv
global-71e6ba2a978ed97a60121f37,Football-Data.co.uk,data/raw/epl_2022_2023_football_data_real.csv,8442792d3b614c94ea3cf381bd2736805889cc1713169035368fff19c3d02380,2026-08-20T17:00:00Z,2022-23,Premier League,https://www.football-data.co.uk/mmz4281/2223/E0.csv
global-22265f4c0d46b4b2cfbbb159,Football-Data.co.uk,data/raw/epl_2022_2023_football_data_real.csv,8442792d3b614c94ea3cf381bd2736805889cc1713169035368fff19c3d02380,2026-08-20T17:00:00Z,2022-23,Premier League,https://www.football-data.co.uk/mmz4281/2223/E0.csv
global-2674c214bc9acb4b05e8fad6,Football-Data.co.uk,data/raw/epl_2022_2023_football_data_real.csv,8442792d3b614c94ea3cf381bd2736805889cc1713169035368fff19c3d02380,2026-08-20T17:00:00Z,2022-23,Premier League,https://www.football-data.co.uk/mmz4281/2223/E0.csv
global-a2aec3b70726c2707ef8fd5d,Football-Data.co.uk,data/raw/epl_2022_2023_football_data_real.csv,8442792d3b614c94ea3cf381bd2736805889cc1713169035368fff19c3d02380,2026-08-20T17:00:00Z,2022-23,Premier League,https://www.football-data.co.uk/mmz4281/2223/E0.csv
global-eefd3e344f78e1d90543c20b,Football-Data.co.uk,data/raw/epl_2022_2023_football_data_real.csv,8442792d3b614c94ea3cf381bd2736805889cc1713169035368fff19c3d02380,2026-08-20T17:00:00Z,2022-23,Premier League,https://www.football-data.co.uk/mmz4281/2223/E0.csv
global-2818c041e8b9ed9ef54e0f62,Football-Data.co.uk,data/raw/epl_2022_2023_football_data_real.csv,8442792d3b614c94ea3cf381bd2736805889cc1713169035368fff19c3d02380,2026-08-20T17:00:00Z,2022-23,Premier League,https://www.football-data.co.uk/mmz4281/2223/E0.csv
global-ceb8a14b7c99c3cbad1c8ffc,Football-Data.co.uk,data/raw/epl_2022_2023_football_data_real.csv,8442792d3b614c94ea3cf381bd2736805889cc1713169035368fff19c3d02380,2026-08-20T17:00:00Z,2022-23,Premier League,https://www.football-data.co.uk/mmz4281/2223/E0.csv
global-7b4d2300b179a0d1dadeb24e,Football-Data.co.uk,data/raw/epl_2022_2023_football_data_real.csv,8442792d3b614c94ea3cf381bd2736805889cc1713169035368fff19c3d02380,2026-08-20T17:00:00Z,2022-23,Premier League,https://www.football-data.co.uk/mmz4281/2223/E0.csv
global-25e4699f780a862093f05225,Football-Data.co.uk,data/raw/epl_2022_2023_football_data_real.csv,8442792d3b614c94ea3cf381bd2736805889cc1713169035368fff19c3d02380,2026-08-20T17:00:00Z,2022-23,Premier League,https://www.football-data.co.uk/mmz4281/2223/E0.csv
global-17f12f8cabbb050ce0064257,Football-Data.co.uk,data/raw/epl_2022_2023_football_data_real.csv,8442792d3b614c94ea3cf381bd2736805889cc1713169035368fff19c3d02380,2026-08-20T17:00:00Z,2022-23,Premier League,https://www.football-data.co.uk/mmz4281/2223/E0.csv
global-7d654cfe29d9299370ba29d3,Football-Data.co.uk,data/raw/epl_2022_2023_football_data_real.csv,8442792d3b614c94ea3cf381bd2736805889cc1713169035368fff19c3d02380,2026-08-20T17:00:00Z,2022-23,Premier League,https://www.football-data.co.uk/mmz4281/2223/E0.csv
global-df1fd9dc547d017dbb8983f1,Football-Data.co.uk,data/raw/epl_2022_2023_football_data_real.csv,8442792d3b614c94ea3cf381bd2736805889cc1713169035368fff19c3d02380,2026-08-20T17:00:00Z,2022-23,Premier League,https://www.football-data.co.uk/mmz4281/2223/E0.csv
global-fbca51156431d0dea655b2ae,Football-Data.co.uk,data/raw/epl_2022_2023_football_data_real.csv,8442792d3b614c94ea3cf381bd2736805889cc1713169035368fff19c3d02380,2026-08-20T17:00:00Z,2022-23,Premier League,https://www.football-data.co.uk/mmz4281/2223/E0.csv
global-62c78a5a7381213f5cc12ef9,Football-Data.co.uk,data/raw/epl_2022_2023_football_data_real.csv,8442792d3b614c94ea3cf381bd2736805889cc1713169035368fff19c3d02380,2026-08-20T17:00:00Z,2022-23,Premier League,https://www.football-data.co.uk/mmz4281/2223/E0.csv
global-c7b450462915629831b82593,Football-Data.co.uk,data/raw/epl_2022_2023_football_data_real.csv,8442792d3b614c94ea3cf381bd2736805889cc1713169035368fff19c3d02380,2026-08-20T17:00:00Z,2022-23,Premier League,https://www.football-data.co.uk/mmz4281/2223/E0.csv
global-1f56cff652472fca4f4b2735,Football-Data.co.uk,data/raw/epl_2022_2023_football_data_real.csv,8442792d3b614c94ea3cf381bd2736805889cc1713169035368fff19c3d02380,2026-08-20T17:00:00Z,2022-23,Premier League,https://www.football-data.co.uk/mmz4281/2223/E0.csv
global-7ef80c8d84dde9d6b7c65472,Football-Data.co.uk,data/raw/epl_2022_2023_football_data_real.csv,8442792d3b614c94ea3cf381bd2736805889cc1713169035368fff19c3d02380,2026-08-20T17:00:00Z,2022-23,Premier League,https://www.football-data.co.uk/mmz4281/2223/E0.csv
global-aefc3edd0de22bb91e5d95ed,Football-Data.co.uk,data/raw/epl_2022_2023_football_data_real.csv,8442792d3b614c94ea3cf381bd2736805889cc1713169035368fff19c3d02380,2026-08-20T17:00:00Z,2022-23,Premier League,https://www.football-data.co.uk/mmz4281/2223/E0.csv
global-01a5fd3131f8b0ede7a1457e,Football-Data.co.uk,data/raw/epl_2022_2023_football_data_real.csv,8442792d3b614c94ea3cf381bd2736805889cc1713169035368fff19c3d02380,2026-08-20T17:00:00Z,2022-23,Premier League,https://www.football-data.co.uk/mmz4281/2223/E0.csv
global-8a7086840b569f6c0ca5305d,Football-Data.co.uk,data/raw/epl_2022_2023_football_data_real.csv,8442792d3b614c94ea3cf381bd2736805889cc1713169035368fff19c3d02380,2026-08-20T17:00:00Z,2022-23,Premier League,https://www.football-data.co.uk/mmz4281/2223/E0.csv
global-495800a6a1390f5f388603c7,Football-Data.co.uk,data/raw/epl_2022_2023_football_data_real.csv,8442792d3b614c94ea3cf381bd2736805889cc1713169035368fff19c3d02380,2026-08-20T17:00:00Z,2022-23,Premier League,https://www.football-data.co.uk/mmz4281/2223/E0.csv
global-08743edc0a0b57508abaf22f,Football-Data.co.uk,data/raw/epl_2022_2023_football_data_real.csv,8442792d3b614c94ea3cf381bd2736805889cc1713169035368fff19c3d02380,2026-08-20T17:00:00Z,2022-23,Premier League,https://www.football-data.co.uk/mmz4281/2223/E0.csv
global-d145b44935f06aa0e05d3e87,Football-Data.co.uk,data/raw/epl_2022_2023_football_data_real.csv,8442792d3b614c94ea3cf381bd2736805889cc1713169035368fff19c3d02380,2026-08-20T17:00:00Z,2022-23,Premier League,https://www.football-data.co.uk/mmz4281/2223/E0.csv
global-ee3c68d08259cf4f09604a47,Football-Data.co.uk,data/raw/epl_2022_2023_football_data_real.csv,8442792d3b614c94ea3cf381bd2736805889cc1713169035368fff19c3d02380,2026-08-20T17:00:00Z,2022-23,Premier League,https://www.football-data.co.uk/mmz4281/2223/E0.csv
global-f132515e17474f0f2c8c5366,Football-Data.co.uk,data/raw/epl_2022_2023_football_data_real.csv,8442792d3b614c94ea3cf381bd2736805889cc1713169035368fff19c3d02380,2026-08-20T17:00:00Z,2022-23,Premier League,https://www.football-data.co.uk/mmz4281/2223/E0.csv
global-0e5d257fc5b563ca200135f9,Football-Data.co.uk,data/raw/epl_2022_2023_football_data_real.csv,8442792d3b614c94ea3cf381bd2736805889cc1713169035368fff19c3d02380,2026-08-20T17:00:00Z,2022-23,Premier League,https://www.football-data.co.uk/mmz4281/2223/E0.csv
global-d52010f9e14223520053d334,Football-Data.co.uk,data/raw/epl_2022_2023_football_data_real.csv,8442792d3b614c94ea3cf381bd2736805889cc1713169035368fff19c3d02380,2026-08-20T17:00:00Z,2022-23,Premier League,https://www.football-data.co.uk/mmz4281/2223/E0.csv
global-388bae9ddde783a4e43c5b0d,Football-Data.co.uk,data/raw/epl_2022_2023_football_data_real.csv,8442792d3b614c94ea3cf381bd2736805889cc1713169035368fff19c3d02380,2026-08-20T17:00:00Z,2022-23,Premier League,https://www.football-data.co.uk/mmz4281/2223/E0.csv
global-aa51927f5ee7557463a2127d,Football-Data.co.uk,data/raw/epl_2022_2023_football_data_real.csv,8442792d3b614c94ea3cf381bd2736805889cc1713169035368fff19c3d02380,2026-08-20T17:00:00Z,2022-23,Premier League,https://www.football-data.co.uk/mmz4281/2223/E0.csv
global-97955cb2c24e8994f47a6a74,Football-Data.co.uk,data/raw/epl_2022_2023_football_data_real.csv,8442792d3b614c94ea3cf381bd2736805889cc1713169035368fff19c3d02380,2026-08-20T17:00:00Z,2022-23,Premier League,https://www.football-data.co.uk/mmz4281/2223/E0.csv
global-0fd5c3f599cef0fc0883d096,Football-Data.co.uk,data/raw/epl_2022_2023_football_data_real.csv,8442792d3b614c94ea3cf381bd2736805889cc1713169035368fff19c3d02380,2026-08-20T17:00:00Z,2022-23,Premier League,https://www.football-data.co.uk/mmz4281/2223/E0.csv
global-530576c5db246bd9e01653a7,Football-Data.co.uk,data/raw/epl_2022_2023_football_data_real.csv,8442792d3b614c94ea3cf381bd2736805889cc1713169035368fff19c3d02380,2026-08-20T17:00:00Z,2022-23,Premier League,https://www.football-data.co.uk/mmz4281/2223/E0.csv
global-8353b511800051c7c347a537,Football-Data.co.uk,data/raw/epl_2022_2023_football_data_real.csv,8442792d3b614c94ea3cf381bd2736805889cc1713169035368fff19c3d02380,2026-08-20T17:00:00Z,2022-23,Premier League,https://www.football-data.co.uk/mmz4281/2223/E0.csv
global-a1e1426e588a02798cb8da6b,Football-Data.co.uk,data/raw/epl_2022_2023_football_data_real.csv,8442792d3b614c94ea3cf381bd2736805889cc1713169035368fff19c3d02380,2026-08-20T17:00:00Z,2022-23,Premier League,https://www.football-data.co.uk/mmz4281/2223/E0.csv
global-776affa60448e8c8b72de19f,Football-Data.co.uk,data/raw/epl_2022_2023_football_data_real.csv,8442792d3b614c94ea3cf381bd2736805889cc1713169035368fff19c3d02380,2026-08-20T17:00:00Z,2022-23,Premier League,https://www.football-data.co.uk/mmz4281/2223/E0.csv
global-f13ade0adfe5c629c4732b3b,Football-Data.co.uk,data/raw/epl_2022_2023_football_data_real.csv,8442792d3b614c94ea3cf381bd2736805889cc1713169035368fff19c3d02380,2026-08-20T17:00:00Z,2022-23,Premier League,https://www.football-data.co.uk/mmz4281/2223/E0.csv
global-26d7e23542946e60a3f2bac7,Football-Data.co.uk,data/raw/epl_2022_2023_football_data_real.csv,8442792d3b614c94ea3cf381bd2736805889cc1713169035368fff19c3d02380,2026-08-20T17:00:00Z,2022-23,Premier League,https://www.football-data.co.uk/mmz4281/2223/E0.csv
global-bd8a2bdd87545ec8ce961930,Football-Data.co.uk,data/raw/epl_2022_2023_football_data_real.csv,8442792d3b614c94ea3cf381bd2736805889cc1713169035368fff19c3d02380,2026-08-20T17:00:00Z,2022-23,Premier League,https://www.football-data.co.uk/mmz4281/2223/E0.csv
global-c7b8fd0c9e37acc4d5fb6832,Football-Data.co.uk,data/raw/epl_2022_2023_football_data_real.csv,8442792d3b614c94ea3cf381bd2736805889cc1713169035368fff19c3d02380,2026-08-20T17:00:00Z,2022-23,Premier League,https://www.football-data.co.uk/mmz4281/2223/E0.csv
global-f266e7f8956527c8ed048ee0,Football-Data.co.uk,data/raw/epl_2022_2023_football_data_real.csv,8442792d3b614c94ea3cf381bd2736805889cc1713169035368fff19c3d02380,2026-08-20T17:00:00Z,2022-23,Premier League,https://www.football-data.co.uk/mmz4281/2223/E0.csv
global-22af221aff4c13f37462deb1,Football-Data.co.uk,data/raw/epl_2022_2023_football_data_real.csv,8442792d3b614c94ea3cf381bd2736805889cc1713169035368fff19c3d02380,2026-08-20T17:00:00Z,2022-23,Premier League,https://www.football-data.co.uk/mmz4281/2223/E0.csv
global-ff14e65b560c2660e0f9dfd4,Football-Data.co.uk,data/raw/epl_2022_2023_football_data_real.csv,8442792d3b614c94ea3cf381bd2736805889cc1713169035368fff19c3d02380,2026-08-20T17:00:00Z,2022-23,Premier League,https://www.football-data.co.uk/mmz4281/2223/E0.csv
global-78e45485274b01e0e317391a,Football-Data.co.uk,data/raw/epl_2022_2023_football_data_real.csv,8442792d3b614c94ea3cf381bd2736805889cc1713169035368fff19c3d02380,2026-08-20T17:00:00Z,2022-23,Premier League,https://www.football-data.co.uk/mmz4281/2223/E0.csv
global-19bc0012f1f46c2ed29b9697,Football-Data.co.uk,data/raw/epl_2022_2023_football_data_real.csv,8442792d3b614c94ea3cf381bd2736805889cc1713169035368fff19c3d02380,2026-08-20T17:00:00Z,2022-23,Premier League,https://www.football-data.co.uk/mmz4281/2223/E0.csv
global-e801a52a15ef39b9ef2bd0ab,Football-Data.co.uk,data/raw/epl_2022_2023_football_data_real.csv,8442792d3b614c94ea3cf381bd2736805889cc1713169035368fff19c3d02380,2026-08-20T17:00:00Z,2022-23,Premier League,https://www.football-data.co.uk/mmz4281/2223/E0.csv
global-b99e2834eb9ac42ece255e88,Football-Data.co.uk,data/raw/epl_2022_2023_football_data_real.csv,8442792d3b614c94ea3cf381bd2736805889cc1713169035368fff19c3d02380,2026-08-20T17:00:00Z,2022-23,Premier League,https://www.football-data.co.uk/mmz4281/2223/E0.csv
global-0212cedb4115ee1bd8bb1e90,Football-Data.co.uk,data/raw/epl_2022_2023_football_data_real.csv,8442792d3b614c94ea3cf381bd2736805889cc1713169035368fff19c3d02380,2026-08-20T17:00:00Z,2022-23,Premier League,https://www.football-data.co.uk/mmz4281/2223/E0.csv
global-0d5f4d1f42fc37a13fe3b87a,Football-Data.co.uk,data/raw/epl_2022_2023_football_data_real.csv,8442792d3b614c94ea3cf381bd2736805889cc1713169035368fff19c3d02380,2026-08-20T17:00:00Z,2022-23,Premier League,https://www.football-data.co.uk/mmz4281/2223/E0.csv
global-19f1b4e30a180636dea5442c,Football-Data.co.uk,data/raw/epl_2022_2023_football_data_real.csv,8442792d3b614c94ea3cf381bd2736805889cc1713169035368fff19c3d02380,2026-08-20T17:00:00Z,2022-23,Premier League,https://www.football-data.co.uk/mmz4281/2223/E0.csv
global-527e297fd5a72247eae910db,Football-Data.co.uk,data/raw/epl_2022_2023_football_data_real.csv,8442792d3b614c94ea3cf381bd2736805889cc1713169035368fff19c3d02380,2026-08-20T17:00:00Z,2022-23,Premier League,https://www.football-data.co.uk/mmz4281/2223/E0.csv
global-3595922095a6f190219310c1,Football-Data.co.uk,data/raw/epl_2022_2023_football_data_real.csv,8442792d3b614c94ea3cf381bd2736805889cc1713169035368fff19c3d02380,2026-08-20T17:00:00Z,2022-23,Premier League,https://www.football-data.co.uk/mmz4281/2223/E0.csv
global-17ab508800dd18fd7ce2a8b4,Football-Data.co.uk,data/raw/epl_2022_2023_football_data_real.csv,8442792d3b614c94ea3cf381bd2736805889cc1713169035368fff19c3d02380,2026-08-20T17:00:00Z,2022-23,Premier League,https://www.football-data.co.uk/mmz4281/2223/E0.csv
global-4e6e980fa86cf64190d46911,Football-Data.co.uk,data/raw/epl_2022_2023_football_data_real.csv,8442792d3b614c94ea3cf381bd2736805889cc1713169035368fff19c3d02380,2026-08-20T17:00:00Z,2022-23,Premier League,https://www.football-data.co.uk/mmz4281/2223/E0.csv
global-0eaa85323e3f78f1f1c1f717,Football-Data.co.uk,data/raw/epl_2022_2023_football_data_real.csv,8442792d3b614c94ea3cf381bd2736805889cc1713169035368fff19c3d02380,2026-08-20T17:00:00Z,2022-23,Premier League,https://www.football-data.co.uk/mmz4281/2223/E0.csv
global-e274e59f39dd4d59c9426c81,Football-Data.co.uk,data/raw/epl_2022_2023_football_data_real.csv,8442792d3b614c94ea3cf381bd2736805889cc1713169035368fff19c3d02380,2026-08-20T17:00:00Z,2022-23,Premier League,https://www.football-data.co.uk/mmz4281/2223/E0.csv
global-ecaceac5c81fde8fc9fcf1c7,Football-Data.co.uk,data/raw/epl_2022_2023_football_data_real.csv,8442792d3b614c94ea3cf381bd2736805889cc1713169035368fff19c3d02380,2026-08-20T17:00:00Z,2022-23,Premier League,https://www.football-data.co.uk/mmz4281/2223/E0.csv
global-100160fadfb617ef0a9f92bf,Football-Data.co.uk,data/raw/epl_2022_2023_football_data_real.csv,8442792d3b614c94ea3cf381bd2736805889cc1713169035368fff19c3d02380,2026-08-20T17:00:00Z,2022-23,Premier League,https://www.football-data.co.uk/mmz4281/2223/E0.csv
global-5726c365fea99a6b40f5aab9,Football-Data.co.uk,data/raw/epl_2022_2023_football_data_real.csv,8442792d3b614c94ea3cf381bd2736805889cc1713169035368fff19c3d02380,2026-08-20T17:00:00Z,2022-23,Premier League,https://www.football-data.co.uk/mmz4281/2223/E0.csv
global-d33ab97a3291a3dfa8d206a1,Football-Data.co.uk,data/raw/epl_2022_2023_football_data_real.csv,8442792d3b614c94ea3cf381bd2736805889cc1713169035368fff19c3d02380,2026-08-20T17:00:00Z,2022-23,Premier League,https://www.football-data.co.uk/mmz4281/2223/E0.csv
global-1af038dfb8755a68780bdd49,Football-Data.co.uk,data/raw/epl_2022_2023_football_data_real.csv,8442792d3b614c94ea3cf381bd2736805889cc1713169035368fff19c3d02380,2026-08-20T17:00:00Z,2022-23,Premier League,https://www.football-data.co.uk/mmz4281/2223/E0.csv
global-05eab3555605ed82681a3439,Football-Data.co.uk,data/raw/epl_2022_2023_football_data_real.csv,8442792d3b614c94ea3cf381bd2736805889cc1713169035368fff19c3d02380,2026-08-20T17:00:00Z,2022-23,Premier League,https://www.football-data.co.uk/mmz4281/2223/E0.csv
global-9cc3ee2d8a7be89c9bad598a,Football-Data.co.uk,data/raw/epl_2022_2023_football_data_real.csv,8442792d3b614c94ea3cf381bd2736805889cc1713169035368fff19c3d02380,2026-08-20T17:00:00Z,2022-23,Premier League,https://www.football-data.co.uk/mmz4281/2223/E0.csv
global-97cbc2debc3b7e7a8ed8193c,Football-Data.co.uk,data/raw/epl_2022_2023_football_data_real.csv,8442792d3b614c94ea3cf381bd2736805889cc1713169035368fff19c3d02380,2026-08-20T17:00:00Z,2022-23,Premier League,https://www.football-data.co.uk/mmz4281/2223/E0.csv
global-b86c4c55e4c22ccf2bb5af31,Football-Data.co.uk,data/raw/epl_2022_2023_football_data_real.csv,8442792d3b614c94ea3cf381bd2736805889cc1713169035368fff19c3d02380,2026-08-20T17:00:00Z,2022-23,Premier League,https://www.football-data.co.uk/mmz4281/2223/E0.csv
global-d4a24679e3ba91401cef8a2e,Football-Data.co.uk,data/raw/epl_2022_2023_football_data_real.csv,8442792d3b614c94ea3cf381bd2736805889cc1713169035368fff19c3d02380,2026-08-20T17:00:00Z,2022-23,Premier League,https://www.football-data.co.uk/mmz4281/2223/E0.csv
global-8d8446d2869473692db91f82,Football-Data.co.uk,data/raw/epl_2022_2023_football_data_real.csv,8442792d3b614c94ea3cf381bd2736805889cc1713169035368fff19c3d02380,2026-08-20T17:00:00Z,2022-23,Premier League,https://www.football-data.co.uk/mmz4281/2223/E0.csv
global-97f0d0cab97c3678c3226cf4,Football-Data.co.uk,data/raw/epl_2022_2023_football_data_real.csv,8442792d3b614c94ea3cf381bd2736805889cc1713169035368fff19c3d02380,2026-08-20T17:00:00Z,2022-23,Premier League,https://www.football-data.co.uk/mmz4281/2223/E0.csv
global-cce75a1db95253df10dde4a7,Football-Data.co.uk,data/raw/epl_2022_2023_football_data_real.csv,8442792d3b614c94ea3cf381bd2736805889cc1713169035368fff19c3d02380,2026-08-20T17:00:00Z,2022-23,Premier League,https://www.football-data.co.uk/mmz4281/2223/E0.csv
global-694ddc336d671bb5c763622d,Football-Data.co.uk,data/raw/epl_2022_2023_football_data_real.csv,8442792d3b614c94ea3cf381bd2736805889cc1713169035368fff19c3d02380,2026-08-20T17:00:00Z,2022-23,Premier League,https://www.football-data.co.uk/mmz4281/2223/E0.csv
global-e2c289b5c590b9a7cb309c67,Football-Data.co.uk,data/raw/epl_2022_2023_football_data_real.csv,8442792d3b614c94ea3cf381bd2736805889cc1713169035368fff19c3d02380,2026-08-20T17:00:00Z,2022-23,Premier League,https://www.football-data.co.uk/mmz4281/2223/E0.csv
global-c59c267548600e2ddc7a8c62,Football-Data.co.uk,data/raw/epl_2022_2023_football_data_real.csv,8442792d3b614c94ea3cf381bd2736805889cc1713169035368fff19c3d02380,2026-08-20T17:00:00Z,2022-23,Premier League,https://www.football-data.co.uk/mmz4281/2223/E0.csv
global-53633f1c4d5e20fa87b71871,Football-Data.co.uk,data/raw/epl_2022_2023_football_data_real.csv,8442792d3b614c94ea3cf381bd2736805889cc1713169035368fff19c3d02380,2026-08-20T17:00:00Z,2022-23,Premier League,https://www.football-data.co.uk/mmz4281/2223/E0.csv
global-268b1d80117f5e8c21316c8f,Football-Data.co.uk,data/raw/epl_2022_2023_football_data_real.csv,8442792d3b614c94ea3cf381bd2736805889cc1713169035368fff19c3d02380,2026-08-20T17:00:00Z,2022-23,Premier League,https://www.football-data.co.uk/mmz4281/2223/E0.csv
global-3d913c87b04b824be116d5e9,Football-Data.co.uk,data/raw/epl_2022_2023_football_data_real.csv,8442792d3b614c94ea3cf381bd2736805889cc1713169035368fff19c3d02380,2026-08-20T17:00:00Z,2022-23,Premier League,https://www.football-data.co.uk/mmz4281/2223/E0.csv
global-8caa24868afea18d00f98589,Football-Data.co.uk,data/raw/epl_2022_2023_football_data_real.csv,8442792d3b614c94ea3cf381bd2736805889cc1713169035368fff19c3d02380,2026-08-20T17:00:00Z,2022-23,Premier League,https://www.football-data.co.uk/mmz4281/2223/E0.csv
global-f22ef7bf926184cf796f80e1,Football-Data.co.uk,data/raw/epl_2022_2023_football_data_real.csv,8442792d3b614c94ea3cf381bd2736805889cc1713169035368fff19c3d02380,2026-08-20T17:00:00Z,2022-23,Premier League,https://www.football-data.co.uk/mmz4281/2223/E0.csv
global-fb65cb0703b6f70dfbb66229,Football-Data.co.uk,data/raw/epl_2022_2023_football_data_real.csv,8442792d3b614c94ea3cf381bd2736805889cc1713169035368fff19c3d02380,2026-08-20T17:00:00Z,2022-23,Premier League,https://www.football-data.co.uk/mmz4281/2223/E0.csv
global-14b0d93802ec4cb1baf86c6a,Football-Data.co.uk,data/raw/epl_2022_2023_football_data_real.csv,8442792d3b614c94ea3cf381bd2736805889cc1713169035368fff19c3d02380,2026-08-20T17:00:00Z,2022-23,Premier League,https://www.football-data.co.uk/mmz4281/2223/E0.csv
global-4caf4c52b3aecf8a4da536c6,Football-Data.co.uk,data/raw/epl_2022_2023_football_data_real.csv,8442792d3b614c94ea3cf381bd2736805889cc1713169035368fff19c3d02380,2026-08-20T17:00:00Z,2022-23,Premier League,https://www.football-data.co.uk/mmz4281/2223/E0.csv
global-f5ad1f4302e0a7bac08b1143,Football-Data.co.uk,data/raw/epl_2022_2023_football_data_real.csv,8442792d3b614c94ea3cf381bd2736805889cc1713169035368fff19c3d02380,2026-08-20T17:00:00Z,2022-23,Premier League,https://www.football-data.co.uk/mmz4281/2223/E0.csv
global-d1fd6618093c28266f183141,Football-Data.co.uk,data/raw/epl_2022_2023_football_data_real.csv,8442792d3b614c94ea3cf381bd2736805889cc1713169035368fff19c3d02380,2026-08-20T17:00:00Z,2022-23,Premier League,https://www.football-data.co.uk/mmz4281/2223/E0.csv
global-be66dc6bc3c4aabdd109ae1f,Football-Data.co.uk,data/raw/epl_2022_2023_football_data_real.csv,8442792d3b614c94ea3cf381bd2736805889cc1713169035368fff19c3d02380,2026-08-20T17:00:00Z,2022-23,Premier League,https://www.football-data.co.uk/mmz4281/2223/E0.csv
global-d66d918a7ace4c617165b20a,Football-Data.co.uk,data/raw/epl_2022_2023_football_data_real.csv,8442792d3b614c94ea3cf381bd2736805889cc1713169035368fff19c3d02380,2026-08-20T17:00:00Z,2022-23,Premier League,https://www.football-data.co.uk/mmz4281/2223/E0.csv
global-8b0f939099766fb1df1afda8,Football-Data.co.uk,data/raw/epl_2022_2023_football_data_real.csv,8442792d3b614c94ea3cf381bd2736805889cc1713169035368fff19c3d02380,2026-08-20T17:00:00Z,2022-23,Premier League,https://www.football-data.co.uk/mmz4281/2223/E0.csv
global-247a5a43638c2685b5266cbe,Football-Data.co.uk,data/raw/epl_2022_2023_football_data_real.csv,8442792d3b614c94ea3cf381bd2736805889cc1713169035368fff19c3d02380,2026-08-20T17:00:00Z,2022-23,Premier League,https://www.football-data.co.uk/mmz4281/2223/E0.csv
global-d7e417af77a80dff4e5e4afe,Football-Data.co.uk,data/raw/epl_2022_2023_football_data_real.csv,8442792d3b614c94ea3cf381bd2736805889cc1713169035368fff19c3d02380,2026-08-20T17:00:00Z,2022-23,Premier League,https://www.football-data.co.uk/mmz4281/2223/E0.csv
global-6f4f6d5b087bcc5b52354f4e,Football-Data.co.uk,data/raw/epl_2022_2023_football_data_real.csv,8442792d3b614c94ea3cf381bd2736805889cc1713169035368fff19c3d02380,2026-08-20T17:00:00Z,2022-23,Premier League,https://www.football-data.co.uk/mmz4281/2223/E0.csv
global-01d412f5cf3616d2418ebeb9,Football-Data.co.uk,data/raw/epl_2022_2023_football_data_real.csv,8442792d3b614c94ea3cf381bd2736805889cc1713169035368fff19c3d02380,2026-08-20T17:00:00Z,2022-23,Premier League,https://www.football-data.co.uk/mmz4281/2223/E0.csv
global-15424f54b396cb719d5c8c1f,Football-Data.co.uk,data/raw/epl_2022_2023_football_data_real.csv,8442792d3b614c94ea3cf381bd2736805889cc1713169035368fff19c3d02380,2026-08-20T17:00:00Z,2022-23,Premier League,https://www.football-data.co.uk/mmz4281/2223/E0.csv
global-af48fb65b48bba35a4dac7cc,Football-Data.co.uk,data/raw/epl_2022_2023_football_data_real.csv,8442792d3b614c94ea3cf381bd2736805889cc1713169035368fff19c3d02380,2026-08-20T17:00:00Z,2022-23,Premier League,https://www.football-data.co.uk/mmz4281/2223/E0.csv
global-91e068751e98a057881dbf25,Football-Data.co.uk,data/raw/epl_2022_2023_football_data_real.csv,8442792d3b614c94ea3cf381bd2736805889cc1713169035368fff19c3d02380,2026-08-20T17:00:00Z,2022-23,Premier League,https://www.football-data.co.uk/mmz4281/2223/E0.csv
global-b1734d3134bfc39546be6382,Football-Data.co.uk,data/raw/epl_2022_2023_football_data_real.csv,8442792d3b614c94ea3cf381bd2736805889cc1713169035368fff19c3d02380,2026-08-20T17:00:00Z,2022-23,Premier League,https://www.football-data.co.uk/mmz4281/2223/E0.csv
global-9bd777eaee87c83464774937,Football-Data.co.uk,data/raw/epl_2022_2023_football_data_real.csv,8442792d3b614c94ea3cf381bd2736805889cc1713169035368fff19c3d02380,2026-08-20T17:00:00Z,2022-23,Premier League,https://www.football-data.co.uk/mmz4281/2223/E0.csv
global-8311767d367e0a13085138e0,Football-Data.co.uk,data/raw/epl_2022_2023_football_data_real.csv,8442792d3b614c94ea3cf381bd2736805889cc1713169035368fff19c3d02380,2026-08-20T17:00:00Z,2022-23,Premier League,https://www.football-data.co.uk/mmz4281/2223/E0.csv
global-7bf6f0d6436918a2c90e0031,Football-Data.co.uk,data/raw/epl_2022_2023_football_data_real.csv,8442792d3b614c94ea3cf381bd2736805889cc1713169035368fff19c3d02380,2026-08-20T17:00:00Z,2022-23,Premier League,https://www.football-data.co.uk/mmz4281/2223/E0.csv
global-33925aee7de3acb78474c3c6,Football-Data.co.uk,data/raw/epl_2022_2023_football_data_real.csv,8442792d3b614c94ea3cf381bd2736805889cc1713169035368fff19c3d02380,2026-08-20T17:00:00Z,2022-23,Premier League,https://www.football-data.co.uk/mmz4281/2223/E0.csv
global-28e21a4f687407ad9761fec6,Football-Data.co.uk,data/raw/epl_2022_2023_football_data_real.csv,8442792d3b614c94ea3cf381bd2736805889cc1713169035368fff19c3d02380,2026-08-20T17:00:00Z,2022-23,Premier League,https://www.football-data.co.uk/mmz4281/2223/E0.csv
global-eea3a87c803411cd2a876411,Football-Data.co.uk,data/raw/epl_2022_2023_football_data_real.csv,8442792d3b614c94ea3cf381bd2736805889cc1713169035368fff19c3d02380,2026-08-20T17:00:00Z,2022-23,Premier League,https://www.football-data.co.uk/mmz4281/2223/E0.csv
global-1441dc4dc8ec69ea9df5c447,Football-Data.co.uk,data/raw/epl_2022_2023_football_data_real.csv,8442792d3b614c94ea3cf381bd2736805889cc1713169035368fff19c3d02380,2026-08-20T17:00:00Z,2022-23,Premier League,https://www.football-data.co.uk/mmz4281/2223/E0.csv
global-a47b6435b35336b59fc4c372,Football-Data.co.uk,data/raw/epl_2022_2023_football_data_real.csv,8442792d3b614c94ea3cf381bd2736805889cc1713169035368fff19c3d02380,2026-08-20T17:00:00Z,2022-23,Premier League,https://www.football-data.co.uk/mmz4281/2223/E0.csv
global-1f88c08e62fd3a90800eda03,Football-Data.co.uk,data/raw/epl_2022_2023_football_data_real.csv,8442792d3b614c94ea3cf381bd2736805889cc1713169035368fff19c3d02380,2026-08-20T17:00:00Z,2022-23,Premier League,https://www.football-data.co.uk/mmz4281/2223/E0.csv
global-1aba8106a72711d804d537b9,Football-Data.co.uk,data/raw/epl_2022_2023_football_data_real.csv,8442792d3b614c94ea3cf381bd2736805889cc1713169035368fff19c3d02380,2026-08-20T17:00:00Z,2022-23,Premier League,https://www.football-data.co.uk/mmz4281/2223/E0.csv
global-485862a1adc33b5bf327f5a2,Football-Data.co.uk,data/raw/epl_2022_2023_football_data_real.csv,8442792d3b614c94ea3cf381bd2736805889cc1713169035368fff19c3d02380,2026-08-20T17:00:00Z,2022-23,Premier League,https://www.football-data.co.uk/mmz4281/2223/E0.csv
global-ec466ffa222c2be36f89b412,Football-Data.co.uk,data/raw/epl_2022_2023_football_data_real.csv,8442792d3b614c94ea3cf381bd2736805889cc1713169035368fff19c3d02380,2026-08-20T17:00:00Z,2022-23,Premier League,https://www.football-data.co.uk/mmz4281/2223/E0.csv
global-17829b40b798bbfe4ed7529a,Football-Data.co.uk,data/raw/epl_2022_2023_football_data_real.csv,8442792d3b614c94ea3cf381bd2736805889cc1713169035368fff19c3d02380,2026-08-20T17:00:00Z,2022-23,Premier League,https://www.football-data.co.uk/mmz4281/2223/E0.csv
global-fd335f90b1d5a0d40886d890,Football-Data.co.uk,data/raw/epl_2022_2023_football_data_real.csv,8442792d3b614c94ea3cf381bd2736805889cc1713169035368fff19c3d02380,2026-08-20T17:00:00Z,2022-23,Premier League,https://www.football-data.co.uk/mmz4281/2223/E0.csv
global-9f9b66f5d01622ef5a6c266d,Football-Data.co.uk,data/raw/epl_2022_2023_football_data_real.csv,8442792d3b614c94ea3cf381bd2736805889cc1713169035368fff19c3d02380,2026-08-20T17:00:00Z,2022-23,Premier League,https://www.football-data.co.uk/mmz4281/2223/E0.csv
global-76cffd0a67669e6c98c72a76,Football-Data.co.uk,data/raw/epl_2022_2023_football_data_real.csv,8442792d3b614c94ea3cf381bd2736805889cc1713169035368fff19c3d02380,2026-08-20T17:00:00Z,2022-23,Premier League,https://www.football-data.co.uk/mmz4281/2223/E0.csv
global-d3e7e1b3d486730e2dc64202,Football-Data.co.uk,data/raw/epl_2022_2023_football_data_real.csv,8442792d3b614c94ea3cf381bd2736805889cc1713169035368fff19c3d02380,2026-08-20T17:00:00Z,2022-23,Premier League,https://www.football-data.co.uk/mmz4281/2223/E0.csv
global-1746680b777b7baf5ebc62e6,Football-Data.co.uk,data/raw/epl_2022_2023_football_data_real.csv,8442792d3b614c94ea3cf381bd2736805889cc1713169035368fff19c3d02380,2026-08-20T17:00:00Z,2022-23,Premier League,https://www.football-data.co.uk/mmz4281/2223/E0.csv
global-45273ee1848a16ff54c1de86,Football-Data.co.uk,data/raw/epl_2022_2023_football_data_real.csv,8442792d3b614c94ea3cf381bd2736805889cc1713169035368fff19c3d02380,2026-08-20T17:00:00Z,2022-23,Premier League,https://www.football-data.co.uk/mmz4281/2223/E0.csv
global-c6cf1797924f2db1ccb2e747,Football-Data.co.uk,data/raw/epl_2022_2023_football_data_real.csv,8442792d3b614c94ea3cf381bd2736805889cc1713169035368fff19c3d02380,2026-08-20T17:00:00Z,2022-23,Premier League,https://www.football-data.co.uk/mmz4281/2223/E0.csv
global-5b154aaa8807f8857ee386a5,Football-Data.co.uk,data/raw/epl_2022_2023_football_data_real.csv,8442792d3b614c94ea3cf381bd2736805889cc1713169035368fff19c3d02380,2026-08-20T17:00:00Z,2022-23,Premier League,https://www.football-data.co.uk/mmz4281/2223/E0.csv
global-9e1c9292dee0f942a232f8a1,Football-Data.co.uk,data/raw/epl_2022_2023_football_data_real.csv,8442792d3b614c94ea3cf381bd2736805889cc1713169035368fff19c3d02380,2026-08-20T17:00:00Z,2022-23,Premier League,https://www.football-data.co.uk/mmz4281/2223/E0.csv
global-c11db810adcdda6ab9543c22,Football-Data.co.uk,data/raw/epl_2022_2023_football_data_real.csv,8442792d3b614c94ea3cf381bd2736805889cc1713169035368fff19c3d02380,2026-08-20T17:00:00Z,2022-23,Premier League,https://www.football-data.co.uk/mmz4281/2223/E0.csv
global-90bfe2a04aa994516c5f4588,Football-Data.co.uk,data/raw/epl_2022_2023_football_data_real.csv,8442792d3b614c94ea3cf381bd2736805889cc1713169035368fff19c3d02380,2026-08-20T17:00:00Z,2022-23,Premier League,https://www.football-data.co.uk/mmz4281/2223/E0.csv
global-e2c2cd608110fb9f3ea25489,Football-Data.co.uk,data/raw/epl_2022_2023_football_data_real.csv,8442792d3b614c94ea3cf381bd2736805889cc1713169035368fff19c3d02380,2026-08-20T17:00:00Z,2022-23,Premier League,https://www.football-data.co.uk/mmz4281/2223/E0.csv
global-8fbb68cdfdd7c90dc2f55060,Football-Data.co.uk,data/raw/epl_2022_2023_football_data_real.csv,8442792d3b614c94ea3cf381bd2736805889cc1713169035368fff19c3d02380,2026-08-20T17:00:00Z,2022-23,Premier League,https://www.football-data.co.uk/mmz4281/2223/E0.csv
global-cc505f43bf1ae0ba5e76c8eb,Football-Data.co.uk,data/raw/epl_2022_2023_football_data_real.csv,8442792d3b614c94ea3cf381bd2736805889cc1713169035368fff19c3d02380,2026-08-20T17:00:00Z,2022-23,Premier League,https://www.football-data.co.uk/mmz4281/2223/E0.csv
global-ca49ef58d1a6276d128fb337,Football-Data.co.uk,data/raw/epl_2022_2023_football_data_real.csv,8442792d3b614c94ea3cf381bd2736805889cc1713169035368fff19c3d02380,2026-08-20T17:00:00Z,2022-23,Premier League,https://www.football-data.co.uk/mmz4281/2223/E0.csv
global-738d834fc31669989c328e2b,Football-Data.co.uk,data/raw/epl_2022_2023_football_data_real.csv,8442792d3b614c94ea3cf381bd2736805889cc1713169035368fff19c3d02380,2026-08-20T17:00:00Z,2022-23,Premier League,https://www.football-data.co.uk/mmz4281/2223/E0.csv
global-7a2166ee089442f6291a51b3,Football-Data.co.uk,data/raw/epl_2022_2023_football_data_real.csv,8442792d3b614c94ea3cf381bd2736805889cc1713169035368fff19c3d02380,2026-08-20T17:00:00Z,2022-23,Premier League,https://www.football-data.co.uk/mmz4281/2223/E0.csv
global-88fce4cb254ec1ff7b839e0f,Football-Data.co.uk,data/raw/epl_2022_2023_football_data_real.csv,8442792d3b614c94ea3cf381bd2736805889cc1713169035368fff19c3d02380,2026-08-20T17:00:00Z,2022-23,Premier League,https://www.football-data.co.uk/mmz4281/2223/E0.csv
global-0f526ad81f9022788394624d,Football-Data.co.uk,data/raw/epl_2022_2023_football_data_real.csv,8442792d3b614c94ea3cf381bd2736805889cc1713169035368fff19c3d02380,2026-08-20T17:00:00Z,2022-23,Premier League,https://www.football-data.co.uk/mmz4281/2223/E0.csv
global-4f7b6db5f6f4b316c8ffd109,Football-Data.co.uk,data/raw/epl_2022_2023_football_data_real.csv,8442792d3b614c94ea3cf381bd2736805889cc1713169035368fff19c3d02380,2026-08-20T17:00:00Z,2022-23,Premier League,https://www.football-data.co.uk/mmz4281/2223/E0.csv
global-462ef0880af0f83f7a951788,Football-Data.co.uk,data/raw/epl_2022_2023_football_data_real.csv,8442792d3b614c94ea3cf381bd2736805889cc1713169035368fff19c3d02380,2026-08-20T17:00:00Z,2022-23,Premier League,https://www.football-data.co.uk/mmz4281/2223/E0.csv
global-9c7653ab2ff368be944fea97,Football-Data.co.uk,data/raw/epl_2022_2023_football_data_real.csv,8442792d3b614c94ea3cf381bd2736805889cc1713169035368fff19c3d02380,2026-08-20T17:00:00Z,2022-23,Premier League,https://www.football-data.co.uk/mmz4281/2223/E0.csv
global-9bd50363d2e1c4858b0ca1ac,Football-Data.co.uk,data/raw/epl_2022_2023_football_data_real.csv,8442792d3b614c94ea3cf381bd2736805889cc1713169035368fff19c3d02380,2026-08-20T17:00:00Z,2022-23,Premier League,https://www.football-data.co.uk/mmz4281/2223/E0.csv
global-1316dfce22511336013b7e4b,Football-Data.co.uk,data/raw/epl_2022_2023_football_data_real.csv,8442792d3b614c94ea3cf381bd2736805889cc1713169035368fff19c3d02380,2026-08-20T17:00:00Z,2022-23,Premier League,https://www.football-data.co.uk/mmz4281/2223/E0.csv
global-9974255b4232b6850830fe18,Football-Data.co.uk,data/raw/epl_2022_2023_football_data_real.csv,8442792d3b614c94ea3cf381bd2736805889cc1713169035368fff19c3d02380,2026-08-20T17:00:00Z,2022-23,Premier League,https://www.football-data.co.uk/mmz4281/2223/E0.csv
global-66b8bc7b4031541e99f799f9,Football-Data.co.uk,data/raw/epl_2022_2023_football_data_real.csv,8442792d3b614c94ea3cf381bd2736805889cc1713169035368fff19c3d02380,2026-08-20T17:00:00Z,2022-23,Premier League,https://www.football-data.co.uk/mmz4281/2223/E0.csv
global-82569483fb1ff0f74e9d95be,Football-Data.co.uk,data/raw/epl_2022_2023_football_data_real.csv,8442792d3b614c94ea3cf381bd2736805889cc1713169035368fff19c3d02380,2026-08-20T17:00:00Z,2022-23,Premier League,https://www.football-data.co.uk/mmz4281/2223/E0.csv
global-a8a9ea37cff34e7001fa065b,Football-Data.co.uk,data/raw/epl_2022_2023_football_data_real.csv,8442792d3b614c94ea3cf381bd2736805889cc1713169035368fff19c3d02380,2026-08-20T17:00:00Z,2022-23,Premier League,https://www.football-data.co.uk/mmz4281/2223/E0.csv
global-5c9b53fa3f0ff30de3e2ffe3,Football-Data.co.uk,data/raw/epl_2022_2023_football_data_real.csv,8442792d3b614c94ea3cf381bd2736805889cc1713169035368fff19c3d02380,2026-08-20T17:00:00Z,2022-23,Premier League,https://www.football-data.co.uk/mmz4281/2223/E0.csv
global-fd2210cb7ce894295d089030,Football-Data.co.uk,data/raw/epl_2022_2023_football_data_real.csv,8442792d3b614c94ea3cf381bd2736805889cc1713169035368fff19c3d02380,2026-08-20T17:00:00Z,2022-23,Premier League,https://www.football-data.co.uk/mmz4281/2223/E0.csv
global-a534ce23e9149928a0d8a36d,Football-Data.co.uk,data/raw/epl_2022_2023_football_data_real.csv,8442792d3b614c94ea3cf381bd2736805889cc1713169035368fff19c3d02380,2026-08-20T17:00:00Z,2022-23,Premier League,https://www.football-data.co.uk/mmz4281/2223/E0.csv
global-722c066ef9fe2f5162bb53e6,Football-Data.co.uk,data/raw/epl_2022_2023_football_data_real.csv,8442792d3b614c94ea3cf381bd2736805889cc1713169035368fff19c3d02380,2026-08-20T17:00:00Z,2022-23,Premier League,https://www.football-data.co.uk/mmz4281/2223/E0.csv
global-4148ba23d9dc2006294bb887,Football-Data.co.uk,data/raw/epl_2022_2023_football_data_real.csv,8442792d3b614c94ea3cf381bd2736805889cc1713169035368fff19c3d02380,2026-08-20T17:00:00Z,2022-23,Premier League,https://www.football-data.co.uk/mmz4281/2223/E0.csv
global-399a0a9bf0331cd7f282836a,Football-Data.co.uk,data/raw/epl_2022_2023_football_data_real.csv,8442792d3b614c94ea3cf381bd2736805889cc1713169035368fff19c3d02380,2026-08-20T17:00:00Z,2022-23,Premier League,https://www.football-data.co.uk/mmz4281/2223/E0.csv
global-43c21ec38f7c7cdbdfbc7d29,Football-Data.co.uk,data/raw/epl_2022_2023_football_data_real.csv,8442792d3b614c94ea3cf381bd2736805889cc1713169035368fff19c3d02380,2026-08-20T17:00:00Z,2022-23,Premier League,https://www.football-data.co.uk/mmz4281/2223/E0.csv
global-9e5b60ae95577f9980ed37f0,Football-Data.co.uk,data/raw/epl_2022_2023_football_data_real.csv,8442792d3b614c94ea3cf381bd2736805889cc1713169035368fff19c3d02380,2026-08-20T17:00:00Z,2022-23,Premier League,https://www.football-data.co.uk/mmz4281/2223/E0.csv
global-92f84e442e71bf506735bde7,Football-Data.co.uk,data/raw/epl_2022_2023_football_data_real.csv,8442792d3b614c94ea3cf381bd2736805889cc1713169035368fff19c3d02380,2026-08-20T17:00:00Z,2022-23,Premier League,https://www.football-data.co.uk/mmz4281/2223/E0.csv
global-3d0d7d121dfb67c55ac66452,Football-Data.co.uk,data/raw/epl_2022_2023_football_data_real.csv,8442792d3b614c94ea3cf381bd2736805889cc1713169035368fff19c3d02380,2026-08-20T17:00:00Z,2022-23,Premier League,https://www.football-data.co.uk/mmz4281/2223/E0.csv
global-f497392d6fb5f45e5f6db189,Football-Data.co.uk,data/raw/epl_2022_2023_football_data_real.csv,8442792d3b614c94ea3cf381bd2736805889cc1713169035368fff19c3d02380,2026-08-20T17:00:00Z,2022-23,Premier League,https://www.football-data.co.uk/mmz4281/2223/E0.csv
global-f567f44960ef3dea8e46c157,Football-Data.co.uk,data/raw/epl_2022_2023_football_data_real.csv,8442792d3b614c94ea3cf381bd2736805889cc1713169035368fff19c3d02380,2026-08-20T17:00:00Z,2022-23,Premier League,https://www.football-data.co.uk/mmz4281/2223/E0.csv
global-7dc9119a3b64cde4275f73a1,Football-Data.co.uk,data/raw/epl_2022_2023_football_data_real.csv,8442792d3b614c94ea3cf381bd2736805889cc1713169035368fff19c3d02380,2026-08-20T17:00:00Z,2022-23,Premier League,https://www.football-data.co.uk/mmz4281/2223/E0.csv
global-a56ffd5ca3bf0edc9e22cde7,Football-Data.co.uk,data/raw/epl_2022_2023_football_data_real.csv,8442792d3b614c94ea3cf381bd2736805889cc1713169035368fff19c3d02380,2026-08-20T17:00:00Z,2022-23,Premier League,https://www.football-data.co.uk/mmz4281/2223/E0.csv
global-d31814e22dc2a650466fb06b,Football-Data.co.uk,data/raw/epl_2022_2023_football_data_real.csv,8442792d3b614c94ea3cf381bd2736805889cc1713169035368fff19c3d02380,2026-08-20T17:00:00Z,2022-23,Premier League,https://www.football-data.co.uk/mmz4281/2223/E0.csv
global-f37a1b58fed48943e4a1f473,Football-Data.co.uk,data/raw/epl_2022_2023_football_data_real.csv,8442792d3b614c94ea3cf381bd2736805889cc1713169035368fff19c3d02380,2026-08-20T17:00:00Z,2022-23,Premier League,https://www.football-data.co.uk/mmz4281/2223/E0.csv
global-a3f7ae336c17f2ffb1b41939,Football-Data.co.uk,data/raw/epl_2022_2023_football_data_real.csv,8442792d3b614c94ea3cf381bd2736805889cc1713169035368fff19c3d02380,2026-08-20T17:00:00Z,2022-23,Premier League,https://www.football-data.co.uk/mmz4281/2223/E0.csv
global-687574e4581a5786acbd9a8c,Football-Data.co.uk,data/raw/epl_2022_2023_football_data_real.csv,8442792d3b614c94ea3cf381bd2736805889cc1713169035368fff19c3d02380,2026-08-20T17:00:00Z,2022-23,Premier League,https://www.football-data.co.uk/mmz4281/2223/E0.csv
global-35ac4416419409b8fb8d138c,Football-Data.co.uk,data/raw/epl_2022_2023_football_data_real.csv,8442792d3b614c94ea3cf381bd2736805889cc1713169035368fff19c3d02380,2026-08-20T17:00:00Z,2022-23,Premier League,https://www.football-data.co.uk/mmz4281/2223/E0.csv
global-f6cf0631f8104b12dc84afc0,Football-Data.co.uk,data/raw/epl_2022_2023_football_data_real.csv,8442792d3b614c94ea3cf381bd2736805889cc1713169035368fff19c3d02380,2026-08-20T17:00:00Z,2022-23,Premier League,https://www.football-data.co.uk/mmz4281/2223/E0.csv
global-5a46078fc82d1ec5ab253b71,Football-Data.co.uk,data/raw/epl_2022_2023_football_data_real.csv,8442792d3b614c94ea3cf381bd2736805889cc1713169035368fff19c3d02380,2026-08-20T17:00:00Z,2022-23,Premier League,https://www.football-data.co.uk/mmz4281/2223/E0.csv
global-ef95a9ee01c30b3a59669b18,Football-Data.co.uk,data/raw/epl_2022_2023_football_data_real.csv,8442792d3b614c94ea3cf381bd2736805889cc1713169035368fff19c3d02380,2026-08-20T17:00:00Z,2022-23,Premier League,https://www.football-data.co.uk/mmz4281/2223/E0.csv
global-060f9b434718e07b74273b22,Football-Data.co.uk,data/raw/epl_2022_2023_football_data_real.csv,8442792d3b614c94ea3cf381bd2736805889cc1713169035368fff19c3d02380,2026-08-20T17:00:00Z,2022-23,Premier League,https://www.football-data.co.uk/mmz4281/2223/E0.csv
global-9628e7636d811f2eed516713,Football-Data.co.uk,data/raw/epl_2022_2023_football_data_real.csv,8442792d3b614c94ea3cf381bd2736805889cc1713169035368fff19c3d02380,2026-08-20T17:00:00Z,2022-23,Premier League,https://www.football-data.co.uk/mmz4281/2223/E0.csv
global-8bbef004ce5c9ce6529f25cd,Football-Data.co.uk,data/raw/epl_2022_2023_football_data_real.csv,8442792d3b614c94ea3cf381bd2736805889cc1713169035368fff19c3d02380,2026-08-20T17:00:00Z,2022-23,Premier League,https://www.football-data.co.uk/mmz4281/2223/E0.csv
global-0e90c78d33d4fd36df9ae04c,Football-Data.co.uk,data/raw/epl_2022_2023_football_data_real.csv,8442792d3b614c94ea3cf381bd2736805889cc1713169035368fff19c3d02380,2026-08-20T17:00:00Z,2022-23,Premier League,https://www.football-data.co.uk/mmz4281/2223/E0.csv
global-d246e88a7b58ae35ee53a711,Football-Data.co.uk,data/raw/epl_2022_2023_football_data_real.csv,8442792d3b614c94ea3cf381bd2736805889cc1713169035368fff19c3d02380,2026-08-20T17:00:00Z,2022-23,Premier League,https://www.football-data.co.uk/mmz4281/2223/E0.csv
global-d742d3605aa3f1a94dfe0497,Football-Data.co.uk,data/raw/epl_2022_2023_football_data_real.csv,8442792d3b614c94ea3cf381bd2736805889cc1713169035368fff19c3d02380,2026-08-20T17:00:00Z,2022-23,Premier League,https://www.football-data.co.uk/mmz4281/2223/E0.csv
global-f8b17579e8a16bd50b1e370c,Football-Data.co.uk,data/raw/epl_2022_2023_football_data_real.csv,8442792d3b614c94ea3cf381bd2736805889cc1713169035368fff19c3d02380,2026-08-20T17:00:00Z,2022-23,Premier League,https://www.football-data.co.uk/mmz4281/2223/E0.csv
global-63abfc221c45c9b2510d7ff8,Football-Data.co.uk,data/raw/epl_2022_2023_football_data_real.csv,8442792d3b614c94ea3cf381bd2736805889cc1713169035368fff19c3d02380,2026-08-20T17:00:00Z,2022-23,Premier League,https://www.football-data.co.uk/mmz4281/2223/E0.csv
global-3c3b2d6e2a2bd23ee5c0df97,Football-Data.co.uk,data/raw/epl_2022_2023_football_data_real.csv,8442792d3b614c94ea3cf381bd2736805889cc1713169035368fff19c3d02380,2026-08-20T17:00:00Z,2022-23,Premier League,https://www.football-data.co.uk/mmz4281/2223/E0.csv
global-0700cbe6c56b66dbf6a7e818,Football-Data.co.uk,data/raw/epl_2022_2023_football_data_real.csv,8442792d3b614c94ea3cf381bd2736805889cc1713169035368fff19c3d02380,2026-08-20T17:00:00Z,2022-23,Premier League,https://www.football-data.co.uk/mmz4281/2223/E0.csv
global-95b201884b9af606d421c155,Football-Data.co.uk,data/raw/epl_2022_2023_football_data_real.csv,8442792d3b614c94ea3cf381bd2736805889cc1713169035368fff19c3d02380,2026-08-20T17:00:00Z,2022-23,Premier League,https://www.football-data.co.uk/mmz4281/2223/E0.csv
global-59675e67cd044b2131f6e44f,Football-Data.co.uk,data/raw/epl_2022_2023_football_data_real.csv,8442792d3b614c94ea3cf381bd2736805889cc1713169035368fff19c3d02380,2026-08-20T17:00:00Z,2022-23,Premier League,https://www.football-data.co.uk/mmz4281/2223/E0.csv
global-2ce586ca82562428e661b26b,Football-Data.co.uk,data/raw/epl_2022_2023_football_data_real.csv,8442792d3b614c94ea3cf381bd2736805889cc1713169035368fff19c3d02380,2026-08-20T17:00:00Z,2022-23,Premier League,https://www.football-data.co.uk/mmz4281/2223/E0.csv
global-472d7202306abc53fb7fdf63,Football-Data.co.uk,data/raw/epl_2022_2023_football_data_real.csv,8442792d3b614c94ea3cf381bd2736805889cc1713169035368fff19c3d02380,2026-08-20T17:00:00Z,2022-23,Premier League,https://www.football-data.co.uk/mmz4281/2223/E0.csv
global-5535bfa60f9e440c384822e8,Football-Data.co.uk,data/raw/epl_2022_2023_football_data_real.csv,8442792d3b614c94ea3cf381bd2736805889cc1713169035368fff19c3d02380,2026-08-20T17:00:00Z,2022-23,Premier League,https://www.football-data.co.uk/mmz4281/2223/E0.csv
global-839e12e15b532984a371f695,Football-Data.co.uk,data/raw/epl_2022_2023_football_data_real.csv,8442792d3b614c94ea3cf381bd2736805889cc1713169035368fff19c3d02380,2026-08-20T17:00:00Z,2022-23,Premier League,https://www.football-data.co.uk/mmz4281/2223/E0.csv
global-5be6b772a24b7c0e1adc03cb,Football-Data.co.uk,data/raw/epl_2022_2023_football_data_real.csv,8442792d3b614c94ea3cf381bd2736805889cc1713169035368fff19c3d02380,2026-08-20T17:00:00Z,2022-23,Premier League,https://www.football-data.co.uk/mmz4281/2223/E0.csv
global-86ab1018442011c90f53acfa,Football-Data.co.uk,data/raw/epl_2022_2023_football_data_real.csv,8442792d3b614c94ea3cf381bd2736805889cc1713169035368fff19c3d02380,2026-08-20T17:00:00Z,2022-23,Premier League,https://www.football-data.co.uk/mmz4281/2223/E0.csv
global-fc391668c427d52619ed97b1,Football-Data.co.uk,data/raw/epl_2022_2023_football_data_real.csv,8442792d3b614c94ea3cf381bd2736805889cc1713169035368fff19c3d02380,2026-08-20T17:00:00Z,2022-23,Premier League,https://www.football-data.co.uk/mmz4281/2223/E0.csv
global-ebc90c25181bc03b5f408bfa,Football-Data.co.uk,data/raw/epl_2022_2023_football_data_real.csv,8442792d3b614c94ea3cf381bd2736805889cc1713169035368fff19c3d02380,2026-08-20T17:00:00Z,2022-23,Premier League,https://www.football-data.co.uk/mmz4281/2223/E0.csv
global-95a6a8d0899a8a588c160b0b,Football-Data.co.uk,data/raw/epl_2022_2023_football_data_real.csv,8442792d3b614c94ea3cf381bd2736805889cc1713169035368fff19c3d02380,2026-08-20T17:00:00Z,2022-23,Premier League,https://www.football-data.co.uk/mmz4281/2223/E0.csv
global-7fd60aec63f1d4d60988acd6,Football-Data.co.uk,data/raw/epl_2022_2023_football_data_real.csv,8442792d3b614c94ea3cf381bd2736805889cc1713169035368fff19c3d02380,2026-08-20T17:00:00Z,2022-23,Premier League,https://www.football-data.co.uk/mmz4281/2223/E0.csv
global-bd765b10699d1066953083ae,Football-Data.co.uk,data/raw/epl_2022_2023_football_data_real.csv,8442792d3b614c94ea3cf381bd2736805889cc1713169035368fff19c3d02380,2026-08-20T17:00:00Z,2022-23,Premier League,https://www.football-data.co.uk/mmz4281/2223/E0.csv
global-35d3891ca5c1b1edc6fe7271,Football-Data.co.uk,data/raw/epl_2022_2023_football_data_real.csv,8442792d3b614c94ea3cf381bd2736805889cc1713169035368fff19c3d02380,2026-08-20T17:00:00Z,2022-23,Premier League,https://www.football-data.co.uk/mmz4281/2223/E0.csv
global-4739b841d351e1118db7db42,Football-Data.co.uk,data/raw/epl_2022_2023_football_data_real.csv,8442792d3b614c94ea3cf381bd2736805889cc1713169035368fff19c3d02380,2026-08-20T17:00:00Z,2022-23,Premier League,https://www.football-data.co.uk/mmz4281/2223/E0.csv
global-7980fc4f04d43fc0d1b77e34,Football-Data.co.uk,data/raw/epl_2022_2023_football_data_real.csv,8442792d3b614c94ea3cf381bd2736805889cc1713169035368fff19c3d02380,2026-08-20T17:00:00Z,2022-23,Premier League,https://www.football-data.co.uk/mmz4281/2223/E0.csv
global-f945b0a743ef4eb9a0fe9618,Football-Data.co.uk,data/raw/epl_2022_2023_football_data_real.csv,8442792d3b614c94ea3cf381bd2736805889cc1713169035368fff19c3d02380,2026-08-20T17:00:00Z,2022-23,Premier League,https://www.football-data.co.uk/mmz4281/2223/E0.csv
global-c8377e5900c5833427f8282b,Football-Data.co.uk,data/raw/epl_2022_2023_football_data_real.csv,8442792d3b614c94ea3cf381bd2736805889cc1713169035368fff19c3d02380,2026-08-20T17:00:00Z,2022-23,Premier League,https://www.football-data.co.uk/mmz4281/2223/E0.csv
global-c1b27a1ca557f939f0d66680,Football-Data.co.uk,data/raw/epl_2022_2023_football_data_real.csv,8442792d3b614c94ea3cf381bd2736805889cc1713169035368fff19c3d02380,2026-08-20T17:00:00Z,2022-23,Premier League,https://www.football-data.co.uk/mmz4281/2223/E0.csv
global-5b1d5482da6aa611074bce4c,Football-Data.co.uk,data/raw/epl_2022_2023_football_data_real.csv,8442792d3b614c94ea3cf381bd2736805889cc1713169035368fff19c3d02380,2026-08-20T17:00:00Z,2022-23,Premier League,https://www.football-data.co.uk/mmz4281/2223/E0.csv
global-dc53a2dae14e8111232968e4,Football-Data.co.uk,data/raw/epl_2022_2023_football_data_real.csv,8442792d3b614c94ea3cf381bd2736805889cc1713169035368fff19c3d02380,2026-08-20T17:00:00Z,2022-23,Premier League,https://www.football-data.co.uk/mmz4281/2223/E0.csv
global-f7552f4ffea586e59fd1a716,Football-Data.co.uk,data/raw/epl_2022_2023_football_data_real.csv,8442792d3b614c94ea3cf381bd2736805889cc1713169035368fff19c3d02380,2026-08-20T17:00:00Z,2022-23,Premier League,https://www.football-data.co.uk/mmz4281/2223/E0.csv
global-f7879fd5a35bed5aaf232142,Football-Data.co.uk,data/raw/epl_2022_2023_football_data_real.csv,8442792d3b614c94ea3cf381bd2736805889cc1713169035368fff19c3d02380,2026-08-20T17:00:00Z,2022-23,Premier League,https://www.football-data.co.uk/mmz4281/2223/E0.csv
global-d2497ae037ea27ecc9480e12,Football-Data.co.uk,data/raw/epl_2022_2023_football_data_real.csv,8442792d3b614c94ea3cf381bd2736805889cc1713169035368fff19c3d02380,2026-08-20T17:00:00Z,2022-23,Premier League,https://www.football-data.co.uk/mmz4281/2223/E0.csv
global-78c6235f3e45acefbc5b386d,Football-Data.co.uk,data/raw/epl_2022_2023_football_data_real.csv,8442792d3b614c94ea3cf381bd2736805889cc1713169035368fff19c3d02380,2026-08-20T17:00:00Z,2022-23,Premier League,https://www.football-data.co.uk/mmz4281/2223/E0.csv
global-9cce4b4c9c24d8ab2a90dd04,Football-Data.co.uk,data/raw/epl_2022_2023_football_data_real.csv,8442792d3b614c94ea3cf381bd2736805889cc1713169035368fff19c3d02380,2026-08-20T17:00:00Z,2022-23,Premier League,https://www.football-data.co.uk/mmz4281/2223/E0.csv
global-8b0d9d4e2c0333b6c69f4bb2,Football-Data.co.uk,data/raw/epl_2022_2023_football_data_real.csv,8442792d3b614c94ea3cf381bd2736805889cc1713169035368fff19c3d02380,2026-08-20T17:00:00Z,2022-23,Premier League,https://www.football-data.co.uk/mmz4281/2223/E0.csv
global-1953069dde07a6f3e6ccff0e,Football-Data.co.uk,data/raw/epl_2022_2023_football_data_real.csv,8442792d3b614c94ea3cf381bd2736805889cc1713169035368fff19c3d02380,2026-08-20T17:00:00Z,2022-23,Premier League,https://www.football-data.co.uk/mmz4281/2223/E0.csv
global-23f98db7069855dcdf4d5dd3,Football-Data.co.uk,data/raw/epl_2022_2023_football_data_real.csv,8442792d3b614c94ea3cf381bd2736805889cc1713169035368fff19c3d02380,2026-08-20T17:00:00Z,2022-23,Premier League,https://www.football-data.co.uk/mmz4281/2223/E0.csv
global-12348e019275cee1db7a2c2d,Football-Data.co.uk,data/raw/epl_2022_2023_football_data_real.csv,8442792d3b614c94ea3cf381bd2736805889cc1713169035368fff19c3d02380,2026-08-20T17:00:00Z,2022-23,Premier League,https://www.football-data.co.uk/mmz4281/2223/E0.csv
global-310483469ab99f8d58fd6aea,Football-Data.co.uk,data/raw/epl_2022_2023_football_data_real.csv,8442792d3b614c94ea3cf381bd2736805889cc1713169035368fff19c3d02380,2026-08-20T17:00:00Z,2022-23,Premier League,https://www.football-data.co.uk/mmz4281/2223/E0.csv
global-0f2edb469ce3600552627aa0,Football-Data.co.uk,data/raw/epl_2022_2023_football_data_real.csv,8442792d3b614c94ea3cf381bd2736805889cc1713169035368fff19c3d02380,2026-08-20T17:00:00Z,2022-23,Premier League,https://www.football-data.co.uk/mmz4281/2223/E0.csv
global-e596a8a648a66a2b5881b5df,Football-Data.co.uk,data/raw/epl_2022_2023_football_data_real.csv,8442792d3b614c94ea3cf381bd2736805889cc1713169035368fff19c3d02380,2026-08-20T17:00:00Z,2022-23,Premier League,https://www.football-data.co.uk/mmz4281/2223/E0.csv
global-7b6877da1da1e00eb94a9282,Football-Data.co.uk,data/raw/epl_2022_2023_football_data_real.csv,8442792d3b614c94ea3cf381bd2736805889cc1713169035368fff19c3d02380,2026-08-20T17:00:00Z,2022-23,Premier League,https://www.football-data.co.uk/mmz4281/2223/E0.csv
global-e08cf7260d90ba85ce3ab0d8,Football-Data.co.uk,data/raw/epl_2022_2023_football_data_real.csv,8442792d3b614c94ea3cf381bd2736805889cc1713169035368fff19c3d02380,2026-08-20T17:00:00Z,2022-23,Premier League,https://www.football-data.co.uk/mmz4281/2223/E0.csv
global-6af033bd38d0c86ec0694cb1,Football-Data.co.uk,data/raw/epl_2022_2023_football_data_real.csv,8442792d3b614c94ea3cf381bd2736805889cc1713169035368fff19c3d02380,2026-08-20T17:00:00Z,2022-23,Premier League,https://www.football-data.co.uk/mmz4281/2223/E0.csv
global-f9b4fd3107194fa7778f9ddf,Football-Data.co.uk,data/raw/epl_2022_2023_football_data_real.csv,8442792d3b614c94ea3cf381bd2736805889cc1713169035368fff19c3d02380,2026-08-20T17:00:00Z,2022-23,Premier League,https://www.football-data.co.uk/mmz4281/2223/E0.csv
global-7bbaa7e374493438fd30d4ac,Football-Data.co.uk,data/raw/epl_2022_2023_football_data_real.csv,8442792d3b614c94ea3cf381bd2736805889cc1713169035368fff19c3d02380,2026-08-20T17:00:00Z,2022-23,Premier League,https://www.football-data.co.uk/mmz4281/2223/E0.csv
global-ddedabc55af631fbc0b303a2,Football-Data.co.uk,data/raw/epl_2022_2023_football_data_real.csv,8442792d3b614c94ea3cf381bd2736805889cc1713169035368fff19c3d02380,2026-08-20T17:00:00Z,2022-23,Premier League,https://www.football-data.co.uk/mmz4281/2223/E0.csv
global-c9cce4993fb9b59fb4343d7a,Football-Data.co.uk,data/raw/epl_2022_2023_football_data_real.csv,8442792d3b614c94ea3cf381bd2736805889cc1713169035368fff19c3d02380,2026-08-20T17:00:00Z,2022-23,Premier League,https://www.football-data.co.uk/mmz4281/2223/E0.csv
global-ed8825cd9fc40031619e4b63,Football-Data.co.uk,data/raw/epl_2022_2023_football_data_real.csv,8442792d3b614c94ea3cf381bd2736805889cc1713169035368fff19c3d02380,2026-08-20T17:00:00Z,2022-23,Premier League,https://www.football-data.co.uk/mmz4281/2223/E0.csv
global-47084c7e797b911187870db7,Football-Data.co.uk,data/raw/epl_2022_2023_football_data_real.csv,8442792d3b614c94ea3cf381bd2736805889cc1713169035368fff19c3d02380,2026-08-20T17:00:00Z,2022-23,Premier League,https://www.football-data.co.uk/mmz4281/2223/E0.csv
global-83079a3974de40612ed31b80,Football-Data.co.uk,data/raw/epl_2022_2023_football_data_real.csv,8442792d3b614c94ea3cf381bd2736805889cc1713169035368fff19c3d02380,2026-08-20T17:00:00Z,2022-23,Premier League,https://www.football-data.co.uk/mmz4281/2223/E0.csv
global-a0a83bf1816f2b2641cbddab,Football-Data.co.uk,data/raw/epl_2022_2023_football_data_real.csv,8442792d3b614c94ea3cf381bd2736805889cc1713169035368fff19c3d02380,2026-08-20T17:00:00Z,2022-23,Premier League,https://www.football-data.co.uk/mmz4281/2223/E0.csv
global-fd7adedfe2e7b5612ccbfa1c,Football-Data.co.uk,data/raw/epl_2022_2023_football_data_real.csv,8442792d3b614c94ea3cf381bd2736805889cc1713169035368fff19c3d02380,2026-08-20T17:00:00Z,2022-23,Premier League,https://www.football-data.co.uk/mmz4281/2223/E0.csv
global-a67a1a2b8adfb1f715d67dcb,Football-Data.co.uk,data/raw/epl_2022_2023_football_data_real.csv,8442792d3b614c94ea3cf381bd2736805889cc1713169035368fff19c3d02380,2026-08-20T17:00:00Z,2022-23,Premier League,https://www.football-data.co.uk/mmz4281/2223/E0.csv
global-5e460ba2dc5d7501618e6507,Football-Data.co.uk,data/raw/epl_2022_2023_football_data_real.csv,8442792d3b614c94ea3cf381bd2736805889cc1713169035368fff19c3d02380,2026-08-20T17:00:00Z,2022-23,Premier League,https://www.football-data.co.uk/mmz4281/2223/E0.csv
global-9a554581f02c9cc5926bf22c,Football-Data.co.uk,data/raw/epl_2022_2023_football_data_real.csv,8442792d3b614c94ea3cf381bd2736805889cc1713169035368fff19c3d02380,2026-08-20T17:00:00Z,2022-23,Premier League,https://www.football-data.co.uk/mmz4281/2223/E0.csv
global-d16a25d4d285532763c05763,Football-Data.co.uk,data/raw/epl_2022_2023_football_data_real.csv,8442792d3b614c94ea3cf381bd2736805889cc1713169035368fff19c3d02380,2026-08-20T17:00:00Z,2022-23,Premier League,https://www.football-data.co.uk/mmz4281/2223/E0.csv
global-1e0d136eee6d9d5b7d91e83f,Football-Data.co.uk,data/raw/epl_2022_2023_football_data_real.csv,8442792d3b614c94ea3cf381bd2736805889cc1713169035368fff19c3d02380,2026-08-20T17:00:00Z,2022-23,Premier League,https://www.football-data.co.uk/mmz4281/2223/E0.csv
global-4a6b6ee83e8df6eb2db484be,Football-Data.co.uk,data/raw/epl_2022_2023_football_data_real.csv,8442792d3b614c94ea3cf381bd2736805889cc1713169035368fff19c3d02380,2026-08-20T17:00:00Z,2022-23,Premier League,https://www.football-data.co.uk/mmz4281/2223/E0.csv
global-2073b855009073580d478586,Football-Data.co.uk,data/raw/epl_2022_2023_football_data_real.csv,8442792d3b614c94ea3cf381bd2736805889cc1713169035368fff19c3d02380,2026-08-20T17:00:00Z,2022-23,Premier League,https://www.football-data.co.uk/mmz4281/2223/E0.csv
global-02446bd0965c806a84c5bd93,Football-Data.co.uk,data/raw/epl_2022_2023_football_data_real.csv,8442792d3b614c94ea3cf381bd2736805889cc1713169035368fff19c3d02380,2026-08-20T17:00:00Z,2022-23,Premier League,https://www.football-data.co.uk/mmz4281/2223/E0.csv
global-989388d85d20b491cd12aa1f,Football-Data.co.uk,data/raw/epl_2022_2023_football_data_real.csv,8442792d3b614c94ea3cf381bd2736805889cc1713169035368fff19c3d02380,2026-08-20T17:00:00Z,2022-23,Premier League,https://www.football-data.co.uk/mmz4281/2223/E0.csv
global-6aabf46ec23b723f2468a6b3,Football-Data.co.uk,data/raw/epl_2022_2023_football_data_real.csv,8442792d3b614c94ea3cf381bd2736805889cc1713169035368fff19c3d02380,2026-08-20T17:00:00Z,2022-23,Premier League,https://www.football-data.co.uk/mmz4281/2223/E0.csv
global-2344a9e0bdf28cec258a5123,Football-Data.co.uk,data/raw/epl_2022_2023_football_data_real.csv,8442792d3b614c94ea3cf381bd2736805889cc1713169035368fff19c3d02380,2026-08-20T17:00:00Z,2022-23,Premier League,https://www.football-data.co.uk/mmz4281/2223/E0.csv
global-a40d6859a14448dd9d70c4aa,Football-Data.co.uk,data/raw/epl_2022_2023_football_data_real.csv,8442792d3b614c94ea3cf381bd2736805889cc1713169035368fff19c3d02380,2026-08-20T17:00:00Z,2022-23,Premier League,https://www.football-data.co.uk/mmz4281/2223/E0.csv
global-13243053b71ed3c410df6d07,Football-Data.co.uk,data/raw/epl_2022_2023_football_data_real.csv,8442792d3b614c94ea3cf381bd2736805889cc1713169035368fff19c3d02380,2026-08-20T17:00:00Z,2022-23,Premier League,https://www.football-data.co.uk/mmz4281/2223/E0.csv
global-d45a7f045ac6c6484f13c48a,Football-Data.co.uk,data/raw/epl_2022_2023_football_data_real.csv,8442792d3b614c94ea3cf381bd2736805889cc1713169035368fff19c3d02380,2026-08-20T17:00:00Z,2022-23,Premier League,https://www.football-data.co.uk/mmz4281/2223/E0.csv
global-0dd3ff62fe84034568cff960,Football-Data.co.uk,data/raw/epl_2022_2023_football_data_real.csv,8442792d3b614c94ea3cf381bd2736805889cc1713169035368fff19c3d02380,2026-08-20T17:00:00Z,2022-23,Premier League,https://www.football-data.co.uk/mmz4281/2223/E0.csv
global-99835f08d8957ccea7dac405,Football-Data.co.uk,data/raw/epl_2022_2023_football_data_real.csv,8442792d3b614c94ea3cf381bd2736805889cc1713169035368fff19c3d02380,2026-08-20T17:00:00Z,2022-23,Premier League,https://www.football-data.co.uk/mmz4281/2223/E0.csv
global-1044cb69f0eb4c31298ba2d5,Football-Data.co.uk,data/raw/epl_2022_2023_football_data_real.csv,8442792d3b614c94ea3cf381bd2736805889cc1713169035368fff19c3d02380,2026-08-20T17:00:00Z,2022-23,Premier League,https://www.football-data.co.uk/mmz4281/2223/E0.csv
global-cc24dce2bc0525aa7a905611,Football-Data.co.uk,data/raw/epl_2022_2023_football_data_real.csv,8442792d3b614c94ea3cf381bd2736805889cc1713169035368fff19c3d02380,2026-08-20T17:00:00Z,2022-23,Premier League,https://www.football-data.co.uk/mmz4281/2223/E0.csv
global-eb523ec488519d517ed79af4,Football-Data.co.uk,data/raw/epl_2022_2023_football_data_real.csv,8442792d3b614c94ea3cf381bd2736805889cc1713169035368fff19c3d02380,2026-08-20T17:00:00Z,2022-23,Premier League,https://www.football-data.co.uk/mmz4281/2223/E0.csv
global-e1b90f71b8ab2a3cb82c67ee,Football-Data.co.uk,data/raw/epl_2022_2023_football_data_real.csv,8442792d3b614c94ea3cf381bd2736805889cc1713169035368fff19c3d02380,2026-08-20T17:00:00Z,2022-23,Premier League,https://www.football-data.co.uk/mmz4281/2223/E0.csv
global-2cd6c7741f7762c21e377ebb,Football-Data.co.uk,data/raw/epl_2022_2023_football_data_real.csv,8442792d3b614c94ea3cf381bd2736805889cc1713169035368fff19c3d02380,2026-08-20T17:00:00Z,2022-23,Premier League,https://www.football-data.co.uk/mmz4281/2223/E0.csv
global-d2e2678efd22f91e3c7bf3f0,Football-Data.co.uk,data/raw/epl_2022_2023_football_data_real.csv,8442792d3b614c94ea3cf381bd2736805889cc1713169035368fff19c3d02380,2026-08-20T17:00:00Z,2022-23,Premier League,https://www.football-data.co.uk/mmz4281/2223/E0.csv
global-eb9e578d7702314004ff5550,Football-Data.co.uk,data/raw/epl_2022_2023_football_data_real.csv,8442792d3b614c94ea3cf381bd2736805889cc1713169035368fff19c3d02380,2026-08-20T17:00:00Z,2022-23,Premier League,https://www.football-data.co.uk/mmz4281/2223/E0.csv
global-d38269a732562407d462cf79,Football-Data.co.uk,data/raw/epl_2022_2023_football_data_real.csv,8442792d3b614c94ea3cf381bd2736805889cc1713169035368fff19c3d02380,2026-08-20T17:00:00Z,2022-23,Premier League,https://www.football-data.co.uk/mmz4281/2223/E0.csv
global-3fef6393f5e5a217031ef7a8,Football-Data.co.uk,data/raw/epl_2022_2023_football_data_real.csv,8442792d3b614c94ea3cf381bd2736805889cc1713169035368fff19c3d02380,2026-08-20T17:00:00Z,2022-23,Premier League,https://www.football-data.co.uk/mmz4281/2223/E0.csv
global-494bd0ab420598c8213041bd,Football-Data.co.uk,data/raw/epl_2022_2023_football_data_real.csv,8442792d3b614c94ea3cf381bd2736805889cc1713169035368fff19c3d02380,2026-08-20T17:00:00Z,2022-23,Premier League,https://www.football-data.co.uk/mmz4281/2223/E0.csv
global-f02c97c9a525a61d3ab801bb,Football-Data.co.uk,data/raw/epl_2022_2023_football_data_real.csv,8442792d3b614c94ea3cf381bd2736805889cc1713169035368fff19c3d02380,2026-08-20T17:00:00Z,2022-23,Premier League,https://www.football-data.co.uk/mmz4281/2223/E0.csv
global-fd359fd6c67bc3fee69239c8,Football-Data.co.uk,data/raw/epl_2022_2023_football_data_real.csv,8442792d3b614c94ea3cf381bd2736805889cc1713169035368fff19c3d02380,2026-08-20T17:00:00Z,2022-23,Premier League,https://www.football-data.co.uk/mmz4281/2223/E0.csv
global-433f81caba5ed47b4b585fae,Football-Data.co.uk,data/raw/epl_2022_2023_football_data_real.csv,8442792d3b614c94ea3cf381bd2736805889cc1713169035368fff19c3d02380,2026-08-20T17:00:00Z,2022-23,Premier League,https://www.football-data.co.uk/mmz4281/2223/E0.csv
global-7cadf273c696caf298998889,Football-Data.co.uk,data/raw/epl_2022_2023_football_data_real.csv,8442792d3b614c94ea3cf381bd2736805889cc1713169035368fff19c3d02380,2026-08-20T17:00:00Z,2022-23,Premier League,https://www.football-data.co.uk/mmz4281/2223/E0.csv
global-6bff857ee52dbf524b9d25cc,Football-Data.co.uk,data/raw/epl_2022_2023_football_data_real.csv,8442792d3b614c94ea3cf381bd2736805889cc1713169035368fff19c3d02380,2026-08-20T17:00:00Z,2022-23,Premier League,https://www.football-data.co.uk/mmz4281/2223/E0.csv
global-f90c7d7adf5495c8ca91bd29,Football-Data.co.uk,data/raw/epl_2022_2023_football_data_real.csv,8442792d3b614c94ea3cf381bd2736805889cc1713169035368fff19c3d02380,2026-08-20T17:00:00Z,2022-23,Premier League,https://www.football-data.co.uk/mmz4281/2223/E0.csv
global-cc36eb5f6afc4eb682b4f7f3,Football-Data.co.uk,data/raw/epl_2022_2023_football_data_real.csv,8442792d3b614c94ea3cf381bd2736805889cc1713169035368fff19c3d02380,2026-08-20T17:00:00Z,2022-23,Premier League,https://www.football-data.co.uk/mmz4281/2223/E0.csv
global-88747834a9a5582463027681,Football-Data.co.uk,data/raw/epl_2022_2023_football_data_real.csv,8442792d3b614c94ea3cf381bd2736805889cc1713169035368fff19c3d02380,2026-08-20T17:00:00Z,2022-23,Premier League,https://www.football-data.co.uk/mmz4281/2223/E0.csv
global-785cfeb59c31509e5ebcd013,Football-Data.co.uk,data/raw/epl_2022_2023_football_data_real.csv,8442792d3b614c94ea3cf381bd2736805889cc1713169035368fff19c3d02380,2026-08-20T17:00:00Z,2022-23,Premier League,https://www.football-data.co.uk/mmz4281/2223/E0.csv
global-5a206126db639fca68bc79c9,Football-Data.co.uk,data/raw/epl_2022_2023_football_data_real.csv,8442792d3b614c94ea3cf381bd2736805889cc1713169035368fff19c3d02380,2026-08-20T17:00:00Z,2022-23,Premier League,https://www.football-data.co.uk/mmz4281/2223/E0.csv
global-addce9b1cea73d6c57b6b847,Football-Data.co.uk,data/raw/epl_2022_2023_football_data_real.csv,8442792d3b614c94ea3cf381bd2736805889cc1713169035368fff19c3d02380,2026-08-20T17:00:00Z,2022-23,Premier League,https://www.football-data.co.uk/mmz4281/2223/E0.csv
global-e744fae2804794ee826ffba8,Football-Data.co.uk,data/raw/epl_2022_2023_football_data_real.csv,8442792d3b614c94ea3cf381bd2736805889cc1713169035368fff19c3d02380,2026-08-20T17:00:00Z,2022-23,Premier League,https://www.football-data.co.uk/mmz4281/2223/E0.csv
global-d8a9d7edc954e43172b8a3ef,Football-Data.co.uk,data/raw/epl_2022_2023_football_data_real.csv,8442792d3b614c94ea3cf381bd2736805889cc1713169035368fff19c3d02380,2026-08-20T17:00:00Z,2022-23,Premier League,https://www.football-data.co.uk/mmz4281/2223/E0.csv
global-3db94f71fac8743aba074483,Football-Data.co.uk,data/raw/epl_2022_2023_football_data_real.csv,8442792d3b614c94ea3cf381bd2736805889cc1713169035368fff19c3d02380,2026-08-20T17:00:00Z,2022-23,Premier League,https://www.football-data.co.uk/mmz4281/2223/E0.csv
global-49e1b914c1dbba8075ca1a4a,Football-Data.co.uk,data/raw/epl_2022_2023_football_data_real.csv,8442792d3b614c94ea3cf381bd2736805889cc1713169035368fff19c3d02380,2026-08-20T17:00:00Z,2022-23,Premier League,https://www.football-data.co.uk/mmz4281/2223/E0.csv
global-5b1da289edb697bcb39bcfac,Football-Data.co.uk,data/raw/epl_2022_2023_football_data_real.csv,8442792d3b614c94ea3cf381bd2736805889cc1713169035368fff19c3d02380,2026-08-20T17:00:00Z,2022-23,Premier League,https://www.football-data.co.uk/mmz4281/2223/E0.csv
global-7a8f44a0b0dff880685bfe50,Football-Data.co.uk,data/raw/epl_2022_2023_football_data_real.csv,8442792d3b614c94ea3cf381bd2736805889cc1713169035368fff19c3d02380,2026-08-20T17:00:00Z,2022-23,Premier League,https://www.football-data.co.uk/mmz4281/2223/E0.csv
global-d543f0db51b43b79c65f2271,Football-Data.co.uk,data/raw/epl_2022_2023_football_data_real.csv,8442792d3b614c94ea3cf381bd2736805889cc1713169035368fff19c3d02380,2026-08-20T17:00:00Z,2022-23,Premier League,https://www.football-data.co.uk/mmz4281/2223/E0.csv
global-61049586d0f312d8bbf1514c,Football-Data.co.uk,data/raw/epl_2022_2023_football_data_real.csv,8442792d3b614c94ea3cf381bd2736805889cc1713169035368fff19c3d02380,2026-08-20T17:00:00Z,2022-23,Premier League,https://www.football-data.co.uk/mmz4281/2223/E0.csv
global-b7e8daef5f55b100d0388edd,Football-Data.co.uk,data/raw/epl_2022_2023_football_data_real.csv,8442792d3b614c94ea3cf381bd2736805889cc1713169035368fff19c3d02380,2026-08-20T17:00:00Z,2022-23,Premier League,https://www.football-data.co.uk/mmz4281/2223/E0.csv
global-f8c1b6afe8bd4b05f12803d6,Football-Data.co.uk,data/raw/epl_2022_2023_football_data_real.csv,8442792d3b614c94ea3cf381bd2736805889cc1713169035368fff19c3d02380,2026-08-20T17:00:00Z,2022-23,Premier League,https://www.football-data.co.uk/mmz4281/2223/E0.csv
global-d47086ec801ff8acd9b86ab1,Football-Data.co.uk,data/raw/epl_2022_2023_football_data_real.csv,8442792d3b614c94ea3cf381bd2736805889cc1713169035368fff19c3d02380,2026-08-20T17:00:00Z,2022-23,Premier League,https://www.football-data.co.uk/mmz4281/2223/E0.csv
global-ef7ec8a2198dfad3471f0234,Football-Data.co.uk,data/raw/epl_2022_2023_football_data_real.csv,8442792d3b614c94ea3cf381bd2736805889cc1713169035368fff19c3d02380,2026-08-20T17:00:00Z,2022-23,Premier League,https://www.football-data.co.uk/mmz4281/2223/E0.csv
global-c575d0cf54054af4430e0d7d,Football-Data.co.uk,data/raw/epl_2022_2023_football_data_real.csv,8442792d3b614c94ea3cf381bd2736805889cc1713169035368fff19c3d02380,2026-08-20T17:00:00Z,2022-23,Premier League,https://www.football-data.co.uk/mmz4281/2223/E0.csv
global-2021e99313a67f2d3420d9b9,Football-Data.co.uk,data/raw/epl_2022_2023_football_data_real.csv,8442792d3b614c94ea3cf381bd2736805889cc1713169035368fff19c3d02380,2026-08-20T17:00:00Z,2022-23,Premier League,https://www.football-data.co.uk/mmz4281/2223/E0.csv
global-e3b29b5cf325ce9ffa140e99,Football-Data.co.uk,data/raw/epl_2022_2023_football_data_real.csv,8442792d3b614c94ea3cf381bd2736805889cc1713169035368fff19c3d02380,2026-08-20T17:00:00Z,2022-23,Premier League,https://www.football-data.co.uk/mmz4281/2223/E0.csv
global-3a593b25f24f2904ff402778,Football-Data.co.uk,data/raw/epl_2022_2023_football_data_real.csv,8442792d3b614c94ea3cf381bd2736805889cc1713169035368fff19c3d02380,2026-08-20T17:00:00Z,2022-23,Premier League,https://www.football-data.co.uk/mmz4281/2223/E0.csv
global-e5ddbe07450bada19ea206a4,Football-Data.co.uk,data/raw/epl_2022_2023_football_data_real.csv,8442792d3b614c94ea3cf381bd2736805889cc1713169035368fff19c3d02380,2026-08-20T17:00:00Z,2022-23,Premier League,https://www.football-data.co.uk/mmz4281/2223/E0.csv
global-4484e6a05583aabf2d1e6e6b,Football-Data.co.uk,data/raw/epl_2022_2023_football_data_real.csv,8442792d3b614c94ea3cf381bd2736805889cc1713169035368fff19c3d02380,2026-08-20T17:00:00Z,2022-23,Premier League,https://www.football-data.co.uk/mmz4281/2223/E0.csv
global-f975eb348f457f3b704bd4bc,Football-Data.co.uk,data/raw/epl_2022_2023_football_data_real.csv,8442792d3b614c94ea3cf381bd2736805889cc1713169035368fff19c3d02380,2026-08-20T17:00:00Z,2022-23,Premier League,https://www.football-data.co.uk/mmz4281/2223/E0.csv
global-94266dc50502fc5519caebe6,Football-Data.co.uk,data/raw/epl_2022_2023_football_data_real.csv,8442792d3b614c94ea3cf381bd2736805889cc1713169035368fff19c3d02380,2026-08-20T17:00:00Z,2022-23,Premier League,https://www.football-data.co.uk/mmz4281/2223/E0.csv
global-e8635d75c60782118b3a350f,Football-Data.co.uk,data/raw/epl_2022_2023_football_data_real.csv,8442792d3b614c94ea3cf381bd2736805889cc1713169035368fff19c3d02380,2026-08-20T17:00:00Z,2022-23,Premier League,https://www.football-data.co.uk/mmz4281/2223/E0.csv
global-3650ab66d9fabeefc1f6ee2e,Football-Data.co.uk,data/raw/epl_2022_2023_football_data_real.csv,8442792d3b614c94ea3cf381bd2736805889cc1713169035368fff19c3d02380,2026-08-20T17:00:00Z,2022-23,Premier League,https://www.football-data.co.uk/mmz4281/2223/E0.csv
global-aa85e5cbca58b2864fc54a2c,Football-Data.co.uk,data/raw/epl_2022_2023_football_data_real.csv,8442792d3b614c94ea3cf381bd2736805889cc1713169035368fff19c3d02380,2026-08-20T17:00:00Z,2022-23,Premier League,https://www.football-data.co.uk/mmz4281/2223/E0.csv
global-2ca4a692a44a6c7d44afc154,Football-Data.co.uk,data/raw/epl_2022_2023_football_data_real.csv,8442792d3b614c94ea3cf381bd2736805889cc1713169035368fff19c3d02380,2026-08-20T17:00:00Z,2022-23,Premier League,https://www.football-data.co.uk/mmz4281/2223/E0.csv
global-fc85d3b5e78696c68912acb7,Football-Data.co.uk,data/raw/epl_2022_2023_football_data_real.csv,8442792d3b614c94ea3cf381bd2736805889cc1713169035368fff19c3d02380,2026-08-20T17:00:00Z,2022-23,Premier League,https://www.football-data.co.uk/mmz4281/2223/E0.csv
global-7431fcb98776475c02fe966c,Football-Data.co.uk,data/raw/epl_2022_2023_football_data_real.csv,8442792d3b614c94ea3cf381bd2736805889cc1713169035368fff19c3d02380,2026-08-20T17:00:00Z,2022-23,Premier League,https://www.football-data.co.uk/mmz4281/2223/E0.csv
global-9460c6956abc9a6599ade98c,Football-Data.co.uk,data/raw/epl_2022_2023_football_data_real.csv,8442792d3b614c94ea3cf381bd2736805889cc1713169035368fff19c3d02380,2026-08-20T17:00:00Z,2022-23,Premier League,https://www.football-data.co.uk/mmz4281/2223/E0.csv
global-4a9739a9bfa51f9f40b4c8b9,Football-Data.co.uk,data/raw/epl_2022_2023_football_data_real.csv,8442792d3b614c94ea3cf381bd2736805889cc1713169035368fff19c3d02380,2026-08-20T17:00:00Z,2022-23,Premier League,https://www.football-data.co.uk/mmz4281/2223/E0.csv
global-3a12ca220e06252933b739f7,Football-Data.co.uk,data/raw/epl_2022_2023_football_data_real.csv,8442792d3b614c94ea3cf381bd2736805889cc1713169035368fff19c3d02380,2026-08-20T17:00:00Z,2022-23,Premier League,https://www.football-data.co.uk/mmz4281/2223/E0.csv
global-961f977009531353193564c2,Football-Data.co.uk,data/raw/epl_2022_2023_football_data_real.csv,8442792d3b614c94ea3cf381bd2736805889cc1713169035368fff19c3d02380,2026-08-20T17:00:00Z,2022-23,Premier League,https://www.football-data.co.uk/mmz4281/2223/E0.csv
global-50a91b460890a5a5cf0dca94,Football-Data.co.uk,data/raw/epl_2022_2023_football_data_real.csv,8442792d3b614c94ea3cf381bd2736805889cc1713169035368fff19c3d02380,2026-08-20T17:00:00Z,2022-23,Premier League,https://www.football-data.co.uk/mmz4281/2223/E0.csv
global-5c92b3cdee5514bf343a2fad,Football-Data.co.uk,data/raw/epl_2022_2023_football_data_real.csv,8442792d3b614c94ea3cf381bd2736805889cc1713169035368fff19c3d02380,2026-08-20T17:00:00Z,2022-23,Premier League,https://www.football-data.co.uk/mmz4281/2223/E0.csv
global-762878de5fe3f51ec457188b,Football-Data.co.uk,data/raw/epl_2022_2023_football_data_real.csv,8442792d3b614c94ea3cf381bd2736805889cc1713169035368fff19c3d02380,2026-08-20T17:00:00Z,2022-23,Premier League,https://www.football-data.co.uk/mmz4281/2223/E0.csv
global-bf7b271a8c2f0cd63c06a58f,Football-Data.co.uk,data/raw/epl_2022_2023_football_data_real.csv,8442792d3b614c94ea3cf381bd2736805889cc1713169035368fff19c3d02380,2026-08-20T17:00:00Z,2022-23,Premier League,https://www.football-data.co.uk/mmz4281/2223/E0.csv
global-6238c1a42a2645cf6e3a900f,Football-Data.co.uk,data/raw/epl_2022_2023_football_data_real.csv,8442792d3b614c94ea3cf381bd2736805889cc1713169035368fff19c3d02380,2026-08-20T17:00:00Z,2022-23,Premier League,https://www.football-data.co.uk/mmz4281/2223/E0.csv
global-4af4cb7936142c49229b2a97,Football-Data.co.uk,data/raw/epl_2022_2023_football_data_real.csv,8442792d3b614c94ea3cf381bd2736805889cc1713169035368fff19c3d02380,2026-08-20T17:00:00Z,2022-23,Premier League,https://www.football-data.co.uk/mmz4281/2223/E0.csv
global-e6e0549dc85b39fb9c9264cc,Football-Data.co.uk,data/raw/epl_2022_2023_football_data_real.csv,8442792d3b614c94ea3cf381bd2736805889cc1713169035368fff19c3d02380,2026-08-20T17:00:00Z,2022-23,Premier League,https://www.football-data.co.uk/mmz4281/2223/E0.csv
global-e3f94ca5c618a01d9d0f6ea6,Football-Data.co.uk,data/raw/epl_2022_2023_football_data_real.csv,8442792d3b614c94ea3cf381bd2736805889cc1713169035368fff19c3d02380,2026-08-20T17:00:00Z,2022-23,Premier League,https://www.football-data.co.uk/mmz4281/2223/E0.csv
global-b5cfabb461ffe1bdfefbbd6b,Football-Data.co.uk,data/raw/epl_2022_2023_football_data_real.csv,8442792d3b614c94ea3cf381bd2736805889cc1713169035368fff19c3d02380,2026-08-20T17:00:00Z,2022-23,Premier League,https://www.football-data.co.uk/mmz4281/2223/E0.csv
global-824ae815517b8afea34a37e7,Football-Data.co.uk,data/raw/epl_2022_2023_football_data_real.csv,8442792d3b614c94ea3cf381bd2736805889cc1713169035368fff19c3d02380,2026-08-20T17:00:00Z,2022-23,Premier League,https://www.football-data.co.uk/mmz4281/2223/E0.csv
global-e343a5d67870ccbdd4cf4a53,Football-Data.co.uk,data/raw/epl_2022_2023_football_data_real.csv,8442792d3b614c94ea3cf381bd2736805889cc1713169035368fff19c3d02380,2026-08-20T17:00:00Z,2022-23,Premier League,https://www.football-data.co.uk/mmz4281/2223/E0.csv
global-a3b15699b312755decce2be2,Football-Data.co.uk,data/raw/epl_2022_2023_football_data_real.csv,8442792d3b614c94ea3cf381bd2736805889cc1713169035368fff19c3d02380,2026-08-20T17:00:00Z,2022-23,Premier League,https://www.football-data.co.uk/mmz4281/2223/E0.csv
global-19df86f18ecfea16ee7981fd,Football-Data.co.uk,data/raw/epl_2022_2023_football_data_real.csv,8442792d3b614c94ea3cf381bd2736805889cc1713169035368fff19c3d02380,2026-08-20T17:00:00Z,2022-23,Premier League,https://www.football-data.co.uk/mmz4281/2223/E0.csv
global-135b6fbc0914c38aade14b9f,Football-Data.co.uk,data/raw/epl_2022_2023_football_data_real.csv,8442792d3b614c94ea3cf381bd2736805889cc1713169035368fff19c3d02380,2026-08-20T17:00:00Z,2022-23,Premier League,https://www.football-data.co.uk/mmz4281/2223/E0.csv
global-c11a727debb62c9b1e8c4c55,Football-Data.co.uk,data/raw/epl_2022_2023_football_data_real.csv,8442792d3b614c94ea3cf381bd2736805889cc1713169035368fff19c3d02380,2026-08-20T17:00:00Z,2022-23,Premier League,https://www.football-data.co.uk/mmz4281/2223/E0.csv
global-7e7314e6bdcb7b15f486f536,Football-Data.co.uk,data/raw/epl_2022_2023_football_data_real.csv,8442792d3b614c94ea3cf381bd2736805889cc1713169035368fff19c3d02380,2026-08-20T17:00:00Z,2022-23,Premier League,https://www.football-data.co.uk/mmz4281/2223/E0.csv
global-0a29a9bfe7d1f6107800d51b,Football-Data.co.uk,data/raw/epl_2022_2023_football_data_real.csv,8442792d3b614c94ea3cf381bd2736805889cc1713169035368fff19c3d02380,2026-08-20T17:00:00Z,2022-23,Premier League,https://www.football-data.co.uk/mmz4281/2223/E0.csv
global-241a22b8d3e2d160c1a3f0e1,Football-Data.co.uk,data/raw/epl_2022_2023_football_data_real.csv,8442792d3b614c94ea3cf381bd2736805889cc1713169035368fff19c3d02380,2026-08-20T17:00:00Z,2022-23,Premier League,https://www.football-data.co.uk/mmz4281/2223/E0.csv
global-6cd3cf5d693a66189641114a,Football-Data.co.uk,data/raw/epl_2022_2023_football_data_real.csv,8442792d3b614c94ea3cf381bd2736805889cc1713169035368fff19c3d02380,2026-08-20T17:00:00Z,2022-23,Premier League,https://www.football-data.co.uk/mmz4281/2223/E0.csv
global-88a5c21b84a5ab8723bd26c5,Football-Data.co.uk,data/raw/epl_2022_2023_football_data_real.csv,8442792d3b614c94ea3cf381bd2736805889cc1713169035368fff19c3d02380,2026-08-20T17:00:00Z,2022-23,Premier League,https://www.football-data.co.uk/mmz4281/2223/E0.csv
global-e7f138f6f6076ba439290128,Football-Data.co.uk,data/raw/epl_2022_2023_football_data_real.csv,8442792d3b614c94ea3cf381bd2736805889cc1713169035368fff19c3d02380,2026-08-20T17:00:00Z,2022-23,Premier League,https://www.football-data.co.uk/mmz4281/2223/E0.csv
global-8cd80af7a4fa463f6d06adfa,Football-Data.co.uk,data/raw/epl_2022_2023_football_data_real.csv,8442792d3b614c94ea3cf381bd2736805889cc1713169035368fff19c3d02380,2026-08-20T17:00:00Z,2022-23,Premier League,https://www.football-data.co.uk/mmz4281/2223/E0.csv
global-bf60ecbc56df9a5107f9d421,Football-Data.co.uk,data/raw/epl_2022_2023_football_data_real.csv,8442792d3b614c94ea3cf381bd2736805889cc1713169035368fff19c3d02380,2026-08-20T17:00:00Z,2022-23,Premier League,https://www.football-data.co.uk/mmz4281/2223/E0.csv
global-d65bed1052e7ade40e1a968e,Football-Data.co.uk,data/raw/epl_2022_2023_football_data_real.csv,8442792d3b614c94ea3cf381bd2736805889cc1713169035368fff19c3d02380,2026-08-20T17:00:00Z,2022-23,Premier League,https://www.football-data.co.uk/mmz4281/2223/E0.csv
global-e347425894dd5c7c0275d319,Football-Data.co.uk,data/raw/epl_2022_2023_football_data_real.csv,8442792d3b614c94ea3cf381bd2736805889cc1713169035368fff19c3d02380,2026-08-20T17:00:00Z,2022-23,Premier League,https://www.football-data.co.uk/mmz4281/2223/E0.csv
global-3ed79657cd3b567ef26305e0,Football-Data.co.uk,data/raw/epl_2022_2023_football_data_real.csv,8442792d3b614c94ea3cf381bd2736805889cc1713169035368fff19c3d02380,2026-08-20T17:00:00Z,2022-23,Premier League,https://www.football-data.co.uk/mmz4281/2223/E0.csv
global-a2cc96c6d66a3e96064ae015,Football-Data.co.uk,data/raw/bundesliga_2021_2022_football_data_real.csv,034d0e1296e944dddf25e3c91b85ef5bd1ad25661b89d73878f5c73bfea4b9fc,2026-08-20T17:00:00Z,2021-22,Bundesliga,https://www.football-data.co.uk/mmz4281/2122/D1.csv
global-fa8f19dc5a71f2205dd6aeaf,Football-Data.co.uk,data/raw/bundesliga_2021_2022_football_data_real.csv,034d0e1296e944dddf25e3c91b85ef5bd1ad25661b89d73878f5c73bfea4b9fc,2026-08-20T17:00:00Z,2021-22,Bundesliga,https://www.football-data.co.uk/mmz4281/2122/D1.csv
global-75873ea04b6becba4ef8f030,Football-Data.co.uk,data/raw/bundesliga_2021_2022_football_data_real.csv,034d0e1296e944dddf25e3c91b85ef5bd1ad25661b89d73878f5c73bfea4b9fc,2026-08-20T17:00:00Z,2021-22,Bundesliga,https://www.football-data.co.uk/mmz4281/2122/D1.csv
global-a6e5dd2ab6d75b518836aa97,Football-Data.co.uk,data/raw/bundesliga_2021_2022_football_data_real.csv,034d0e1296e944dddf25e3c91b85ef5bd1ad25661b89d73878f5c73bfea4b9fc,2026-08-20T17:00:00Z,2021-22,Bundesliga,https://www.football-data.co.uk/mmz4281/2122/D1.csv
global-bbcccf076c9421472666ccfd,Football-Data.co.uk,data/raw/bundesliga_2021_2022_football_data_real.csv,034d0e1296e944dddf25e3c91b85ef5bd1ad25661b89d73878f5c73bfea4b9fc,2026-08-20T17:00:00Z,2021-22,Bundesliga,https://www.football-data.co.uk/mmz4281/2122/D1.csv
global-18b3bf2744d2d7cf34b758a1,Football-Data.co.uk,data/raw/bundesliga_2021_2022_football_data_real.csv,034d0e1296e944dddf25e3c91b85ef5bd1ad25661b89d73878f5c73bfea4b9fc,2026-08-20T17:00:00Z,2021-22,Bundesliga,https://www.football-data.co.uk/mmz4281/2122/D1.csv
global-b96a1919019933c6febd3934,Football-Data.co.uk,data/raw/bundesliga_2021_2022_football_data_real.csv,034d0e1296e944dddf25e3c91b85ef5bd1ad25661b89d73878f5c73bfea4b9fc,2026-08-20T17:00:00Z,2021-22,Bundesliga,https://www.football-data.co.uk/mmz4281/2122/D1.csv
global-529e16d70f8725479449f4df,Football-Data.co.uk,data/raw/bundesliga_2021_2022_football_data_real.csv,034d0e1296e944dddf25e3c91b85ef5bd1ad25661b89d73878f5c73bfea4b9fc,2026-08-20T17:00:00Z,2021-22,Bundesliga,https://www.football-data.co.uk/mmz4281/2122/D1.csv
global-aeee8a6f89aece1c1afdd00e,Football-Data.co.uk,data/raw/bundesliga_2021_2022_football_data_real.csv,034d0e1296e944dddf25e3c91b85ef5bd1ad25661b89d73878f5c73bfea4b9fc,2026-08-20T17:00:00Z,2021-22,Bundesliga,https://www.football-data.co.uk/mmz4281/2122/D1.csv
global-08c9a3f819c4d5d137533818,Football-Data.co.uk,data/raw/bundesliga_2021_2022_football_data_real.csv,034d0e1296e944dddf25e3c91b85ef5bd1ad25661b89d73878f5c73bfea4b9fc,2026-08-20T17:00:00Z,2021-22,Bundesliga,https://www.football-data.co.uk/mmz4281/2122/D1.csv
global-f238d1d0e56e92f3089e2c57,Football-Data.co.uk,data/raw/bundesliga_2021_2022_football_data_real.csv,034d0e1296e944dddf25e3c91b85ef5bd1ad25661b89d73878f5c73bfea4b9fc,2026-08-20T17:00:00Z,2021-22,Bundesliga,https://www.football-data.co.uk/mmz4281/2122/D1.csv
global-8bf3d657cee15736291aba42,Football-Data.co.uk,data/raw/bundesliga_2021_2022_football_data_real.csv,034d0e1296e944dddf25e3c91b85ef5bd1ad25661b89d73878f5c73bfea4b9fc,2026-08-20T17:00:00Z,2021-22,Bundesliga,https://www.football-data.co.uk/mmz4281/2122/D1.csv
global-f0e36fa3752742a401eb53e2,Football-Data.co.uk,data/raw/bundesliga_2021_2022_football_data_real.csv,034d0e1296e944dddf25e3c91b85ef5bd1ad25661b89d73878f5c73bfea4b9fc,2026-08-20T17:00:00Z,2021-22,Bundesliga,https://www.football-data.co.uk/mmz4281/2122/D1.csv
global-c9f8decf67f7c19c1becc58d,Football-Data.co.uk,data/raw/bundesliga_2021_2022_football_data_real.csv,034d0e1296e944dddf25e3c91b85ef5bd1ad25661b89d73878f5c73bfea4b9fc,2026-08-20T17:00:00Z,2021-22,Bundesliga,https://www.football-data.co.uk/mmz4281/2122/D1.csv
global-44cc5c55fc3a84e29d23a81f,Football-Data.co.uk,data/raw/bundesliga_2021_2022_football_data_real.csv,034d0e1296e944dddf25e3c91b85ef5bd1ad25661b89d73878f5c73bfea4b9fc,2026-08-20T17:00:00Z,2021-22,Bundesliga,https://www.football-data.co.uk/mmz4281/2122/D1.csv
global-a95b09b779139a8cd4d24275,Football-Data.co.uk,data/raw/bundesliga_2021_2022_football_data_real.csv,034d0e1296e944dddf25e3c91b85ef5bd1ad25661b89d73878f5c73bfea4b9fc,2026-08-20T17:00:00Z,2021-22,Bundesliga,https://www.football-data.co.uk/mmz4281/2122/D1.csv
global-c81908ca8b3fabf8c5d77cca,Football-Data.co.uk,data/raw/bundesliga_2021_2022_football_data_real.csv,034d0e1296e944dddf25e3c91b85ef5bd1ad25661b89d73878f5c73bfea4b9fc,2026-08-20T17:00:00Z,2021-22,Bundesliga,https://www.football-data.co.uk/mmz4281/2122/D1.csv
global-4a135bdc51e4fb8ca610a8ca,Football-Data.co.uk,data/raw/bundesliga_2021_2022_football_data_real.csv,034d0e1296e944dddf25e3c91b85ef5bd1ad25661b89d73878f5c73bfea4b9fc,2026-08-20T17:00:00Z,2021-22,Bundesliga,https://www.football-data.co.uk/mmz4281/2122/D1.csv
global-6609a4a0eacdaec54d9aae4e,Football-Data.co.uk,data/raw/bundesliga_2021_2022_football_data_real.csv,034d0e1296e944dddf25e3c91b85ef5bd1ad25661b89d73878f5c73bfea4b9fc,2026-08-20T17:00:00Z,2021-22,Bundesliga,https://www.football-data.co.uk/mmz4281/2122/D1.csv
global-05381e9b775eb1bf5e8f19df,Football-Data.co.uk,data/raw/bundesliga_2021_2022_football_data_real.csv,034d0e1296e944dddf25e3c91b85ef5bd1ad25661b89d73878f5c73bfea4b9fc,2026-08-20T17:00:00Z,2021-22,Bundesliga,https://www.football-data.co.uk/mmz4281/2122/D1.csv
global-6a8e2f6a47ae0a0b26bbe904,Football-Data.co.uk,data/raw/bundesliga_2021_2022_football_data_real.csv,034d0e1296e944dddf25e3c91b85ef5bd1ad25661b89d73878f5c73bfea4b9fc,2026-08-20T17:00:00Z,2021-22,Bundesliga,https://www.football-data.co.uk/mmz4281/2122/D1.csv
global-6ca7cf3f2428c3481fb66818,Football-Data.co.uk,data/raw/bundesliga_2021_2022_football_data_real.csv,034d0e1296e944dddf25e3c91b85ef5bd1ad25661b89d73878f5c73bfea4b9fc,2026-08-20T17:00:00Z,2021-22,Bundesliga,https://www.football-data.co.uk/mmz4281/2122/D1.csv
global-28acd13a667408182db2c1e4,Football-Data.co.uk,data/raw/bundesliga_2021_2022_football_data_real.csv,034d0e1296e944dddf25e3c91b85ef5bd1ad25661b89d73878f5c73bfea4b9fc,2026-08-20T17:00:00Z,2021-22,Bundesliga,https://www.football-data.co.uk/mmz4281/2122/D1.csv
global-2ef1d06e45da613f53c7bd3a,Football-Data.co.uk,data/raw/bundesliga_2021_2022_football_data_real.csv,034d0e1296e944dddf25e3c91b85ef5bd1ad25661b89d73878f5c73bfea4b9fc,2026-08-20T17:00:00Z,2021-22,Bundesliga,https://www.football-data.co.uk/mmz4281/2122/D1.csv
global-5c9ce5322a7d1de4861cf3f9,Football-Data.co.uk,data/raw/bundesliga_2021_2022_football_data_real.csv,034d0e1296e944dddf25e3c91b85ef5bd1ad25661b89d73878f5c73bfea4b9fc,2026-08-20T17:00:00Z,2021-22,Bundesliga,https://www.football-data.co.uk/mmz4281/2122/D1.csv
global-af2609865ec992cfdb2d29a9,Football-Data.co.uk,data/raw/bundesliga_2021_2022_football_data_real.csv,034d0e1296e944dddf25e3c91b85ef5bd1ad25661b89d73878f5c73bfea4b9fc,2026-08-20T17:00:00Z,2021-22,Bundesliga,https://www.football-data.co.uk/mmz4281/2122/D1.csv
global-7c36965c07c6c8a639d34cbb,Football-Data.co.uk,data/raw/bundesliga_2021_2022_football_data_real.csv,034d0e1296e944dddf25e3c91b85ef5bd1ad25661b89d73878f5c73bfea4b9fc,2026-08-20T17:00:00Z,2021-22,Bundesliga,https://www.football-data.co.uk/mmz4281/2122/D1.csv
global-ccbcd69da007b992eade1373,Football-Data.co.uk,data/raw/bundesliga_2021_2022_football_data_real.csv,034d0e1296e944dddf25e3c91b85ef5bd1ad25661b89d73878f5c73bfea4b9fc,2026-08-20T17:00:00Z,2021-22,Bundesliga,https://www.football-data.co.uk/mmz4281/2122/D1.csv
global-d45b7d24ab6c085a56da0ab2,Football-Data.co.uk,data/raw/bundesliga_2021_2022_football_data_real.csv,034d0e1296e944dddf25e3c91b85ef5bd1ad25661b89d73878f5c73bfea4b9fc,2026-08-20T17:00:00Z,2021-22,Bundesliga,https://www.football-data.co.uk/mmz4281/2122/D1.csv
global-1d518b1d74d932cd8f854f99,Football-Data.co.uk,data/raw/bundesliga_2021_2022_football_data_real.csv,034d0e1296e944dddf25e3c91b85ef5bd1ad25661b89d73878f5c73bfea4b9fc,2026-08-20T17:00:00Z,2021-22,Bundesliga,https://www.football-data.co.uk/mmz4281/2122/D1.csv
global-d0d8bf86ba62c1a56beeffd4,Football-Data.co.uk,data/raw/bundesliga_2021_2022_football_data_real.csv,034d0e1296e944dddf25e3c91b85ef5bd1ad25661b89d73878f5c73bfea4b9fc,2026-08-20T17:00:00Z,2021-22,Bundesliga,https://www.football-data.co.uk/mmz4281/2122/D1.csv
global-cb555ba5f51ad2ca724411f2,Football-Data.co.uk,data/raw/bundesliga_2021_2022_football_data_real.csv,034d0e1296e944dddf25e3c91b85ef5bd1ad25661b89d73878f5c73bfea4b9fc,2026-08-20T17:00:00Z,2021-22,Bundesliga,https://www.football-data.co.uk/mmz4281/2122/D1.csv
global-d787fae0c40fe462620b9c94,Football-Data.co.uk,data/raw/bundesliga_2021_2022_football_data_real.csv,034d0e1296e944dddf25e3c91b85ef5bd1ad25661b89d73878f5c73bfea4b9fc,2026-08-20T17:00:00Z,2021-22,Bundesliga,https://www.football-data.co.uk/mmz4281/2122/D1.csv
global-5827a6b38f4af47dd5b3c2b7,Football-Data.co.uk,data/raw/bundesliga_2021_2022_football_data_real.csv,034d0e1296e944dddf25e3c91b85ef5bd1ad25661b89d73878f5c73bfea4b9fc,2026-08-20T17:00:00Z,2021-22,Bundesliga,https://www.football-data.co.uk/mmz4281/2122/D1.csv
global-eefde5cfd145651d6f503793,Football-Data.co.uk,data/raw/bundesliga_2021_2022_football_data_real.csv,034d0e1296e944dddf25e3c91b85ef5bd1ad25661b89d73878f5c73bfea4b9fc,2026-08-20T17:00:00Z,2021-22,Bundesliga,https://www.football-data.co.uk/mmz4281/2122/D1.csv
global-cf8b14298ed52692222c8bed,Football-Data.co.uk,data/raw/bundesliga_2021_2022_football_data_real.csv,034d0e1296e944dddf25e3c91b85ef5bd1ad25661b89d73878f5c73bfea4b9fc,2026-08-20T17:00:00Z,2021-22,Bundesliga,https://www.football-data.co.uk/mmz4281/2122/D1.csv
global-dfce9896265187124f22458c,Football-Data.co.uk,data/raw/bundesliga_2021_2022_football_data_real.csv,034d0e1296e944dddf25e3c91b85ef5bd1ad25661b89d73878f5c73bfea4b9fc,2026-08-20T17:00:00Z,2021-22,Bundesliga,https://www.football-data.co.uk/mmz4281/2122/D1.csv
global-f5a1e35d2e3699f89feea242,Football-Data.co.uk,data/raw/bundesliga_2021_2022_football_data_real.csv,034d0e1296e944dddf25e3c91b85ef5bd1ad25661b89d73878f5c73bfea4b9fc,2026-08-20T17:00:00Z,2021-22,Bundesliga,https://www.football-data.co.uk/mmz4281/2122/D1.csv
global-2c543bfbef0eecdd1afeb10a,Football-Data.co.uk,data/raw/bundesliga_2021_2022_football_data_real.csv,034d0e1296e944dddf25e3c91b85ef5bd1ad25661b89d73878f5c73bfea4b9fc,2026-08-20T17:00:00Z,2021-22,Bundesliga,https://www.football-data.co.uk/mmz4281/2122/D1.csv
global-a69925accd349b968f37c8bb,Football-Data.co.uk,data/raw/bundesliga_2021_2022_football_data_real.csv,034d0e1296e944dddf25e3c91b85ef5bd1ad25661b89d73878f5c73bfea4b9fc,2026-08-20T17:00:00Z,2021-22,Bundesliga,https://www.football-data.co.uk/mmz4281/2122/D1.csv
global-4f42868409e32e8172a47d5b,Football-Data.co.uk,data/raw/bundesliga_2021_2022_football_data_real.csv,034d0e1296e944dddf25e3c91b85ef5bd1ad25661b89d73878f5c73bfea4b9fc,2026-08-20T17:00:00Z,2021-22,Bundesliga,https://www.football-data.co.uk/mmz4281/2122/D1.csv
global-d8aea9e8630b11ab34172784,Football-Data.co.uk,data/raw/bundesliga_2021_2022_football_data_real.csv,034d0e1296e944dddf25e3c91b85ef5bd1ad25661b89d73878f5c73bfea4b9fc,2026-08-20T17:00:00Z,2021-22,Bundesliga,https://www.football-data.co.uk/mmz4281/2122/D1.csv
global-46a93404c3653cc1ad8fe044,Football-Data.co.uk,data/raw/bundesliga_2021_2022_football_data_real.csv,034d0e1296e944dddf25e3c91b85ef5bd1ad25661b89d73878f5c73bfea4b9fc,2026-08-20T17:00:00Z,2021-22,Bundesliga,https://www.football-data.co.uk/mmz4281/2122/D1.csv
global-acb92d7bb53a46deae8be21a,Football-Data.co.uk,data/raw/bundesliga_2021_2022_football_data_real.csv,034d0e1296e944dddf25e3c91b85ef5bd1ad25661b89d73878f5c73bfea4b9fc,2026-08-20T17:00:00Z,2021-22,Bundesliga,https://www.football-data.co.uk/mmz4281/2122/D1.csv
global-b0c9d02e5679a097466386be,Football-Data.co.uk,data/raw/bundesliga_2021_2022_football_data_real.csv,034d0e1296e944dddf25e3c91b85ef5bd1ad25661b89d73878f5c73bfea4b9fc,2026-08-20T17:00:00Z,2021-22,Bundesliga,https://www.football-data.co.uk/mmz4281/2122/D1.csv
global-debadc12cc908c21f05342ad,Football-Data.co.uk,data/raw/bundesliga_2021_2022_football_data_real.csv,034d0e1296e944dddf25e3c91b85ef5bd1ad25661b89d73878f5c73bfea4b9fc,2026-08-20T17:00:00Z,2021-22,Bundesliga,https://www.football-data.co.uk/mmz4281/2122/D1.csv
global-4ab272fe9fef378b3c6e97df,Football-Data.co.uk,data/raw/bundesliga_2021_2022_football_data_real.csv,034d0e1296e944dddf25e3c91b85ef5bd1ad25661b89d73878f5c73bfea4b9fc,2026-08-20T17:00:00Z,2021-22,Bundesliga,https://www.football-data.co.uk/mmz4281/2122/D1.csv
global-b8a7907ff00de597a4262f66,Football-Data.co.uk,data/raw/bundesliga_2021_2022_football_data_real.csv,034d0e1296e944dddf25e3c91b85ef5bd1ad25661b89d73878f5c73bfea4b9fc,2026-08-20T17:00:00Z,2021-22,Bundesliga,https://www.football-data.co.uk/mmz4281/2122/D1.csv
global-200fb931fc1262af40e8b337,Football-Data.co.uk,data/raw/bundesliga_2021_2022_football_data_real.csv,034d0e1296e944dddf25e3c91b85ef5bd1ad25661b89d73878f5c73bfea4b9fc,2026-08-20T17:00:00Z,2021-22,Bundesliga,https://www.football-data.co.uk/mmz4281/2122/D1.csv
global-2c5007f1b7a5934cdf335743,Football-Data.co.uk,data/raw/bundesliga_2021_2022_football_data_real.csv,034d0e1296e944dddf25e3c91b85ef5bd1ad25661b89d73878f5c73bfea4b9fc,2026-08-20T17:00:00Z,2021-22,Bundesliga,https://www.football-data.co.uk/mmz4281/2122/D1.csv
global-62f057375d5f714a76181a59,Football-Data.co.uk,data/raw/bundesliga_2021_2022_football_data_real.csv,034d0e1296e944dddf25e3c91b85ef5bd1ad25661b89d73878f5c73bfea4b9fc,2026-08-20T17:00:00Z,2021-22,Bundesliga,https://www.football-data.co.uk/mmz4281/2122/D1.csv
global-488221b861d82ceacac91996,Football-Data.co.uk,data/raw/bundesliga_2021_2022_football_data_real.csv,034d0e1296e944dddf25e3c91b85ef5bd1ad25661b89d73878f5c73bfea4b9fc,2026-08-20T17:00:00Z,2021-22,Bundesliga,https://www.football-data.co.uk/mmz4281/2122/D1.csv
global-b16bae07b25f4b893957943b,Football-Data.co.uk,data/raw/bundesliga_2021_2022_football_data_real.csv,034d0e1296e944dddf25e3c91b85ef5bd1ad25661b89d73878f5c73bfea4b9fc,2026-08-20T17:00:00Z,2021-22,Bundesliga,https://www.football-data.co.uk/mmz4281/2122/D1.csv
global-221337059e4ed9ab67820b2b,Football-Data.co.uk,data/raw/bundesliga_2021_2022_football_data_real.csv,034d0e1296e944dddf25e3c91b85ef5bd1ad25661b89d73878f5c73bfea4b9fc,2026-08-20T17:00:00Z,2021-22,Bundesliga,https://www.football-data.co.uk/mmz4281/2122/D1.csv
global-e9f8e598ddf855c593885f0a,Football-Data.co.uk,data/raw/bundesliga_2021_2022_football_data_real.csv,034d0e1296e944dddf25e3c91b85ef5bd1ad25661b89d73878f5c73bfea4b9fc,2026-08-20T17:00:00Z,2021-22,Bundesliga,https://www.football-data.co.uk/mmz4281/2122/D1.csv
global-458bc83ba0b53f3016c3781f,Football-Data.co.uk,data/raw/bundesliga_2021_2022_football_data_real.csv,034d0e1296e944dddf25e3c91b85ef5bd1ad25661b89d73878f5c73bfea4b9fc,2026-08-20T17:00:00Z,2021-22,Bundesliga,https://www.football-data.co.uk/mmz4281/2122/D1.csv
global-f05afd5158e381f73cc0e2ea,Football-Data.co.uk,data/raw/bundesliga_2021_2022_football_data_real.csv,034d0e1296e944dddf25e3c91b85ef5bd1ad25661b89d73878f5c73bfea4b9fc,2026-08-20T17:00:00Z,2021-22,Bundesliga,https://www.football-data.co.uk/mmz4281/2122/D1.csv
global-394c8c9a94667c4037e9df13,Football-Data.co.uk,data/raw/bundesliga_2021_2022_football_data_real.csv,034d0e1296e944dddf25e3c91b85ef5bd1ad25661b89d73878f5c73bfea4b9fc,2026-08-20T17:00:00Z,2021-22,Bundesliga,https://www.football-data.co.uk/mmz4281/2122/D1.csv
global-b6df955b4b979b3525244124,Football-Data.co.uk,data/raw/bundesliga_2021_2022_football_data_real.csv,034d0e1296e944dddf25e3c91b85ef5bd1ad25661b89d73878f5c73bfea4b9fc,2026-08-20T17:00:00Z,2021-22,Bundesliga,https://www.football-data.co.uk/mmz4281/2122/D1.csv
global-bc2bad385597fa501eee2234,Football-Data.co.uk,data/raw/bundesliga_2021_2022_football_data_real.csv,034d0e1296e944dddf25e3c91b85ef5bd1ad25661b89d73878f5c73bfea4b9fc,2026-08-20T17:00:00Z,2021-22,Bundesliga,https://www.football-data.co.uk/mmz4281/2122/D1.csv
global-9bf4ed8311d389c3f14ec902,Football-Data.co.uk,data/raw/bundesliga_2021_2022_football_data_real.csv,034d0e1296e944dddf25e3c91b85ef5bd1ad25661b89d73878f5c73bfea4b9fc,2026-08-20T17:00:00Z,2021-22,Bundesliga,https://www.football-data.co.uk/mmz4281/2122/D1.csv
global-97fef17ddde58cf4677042ae,Football-Data.co.uk,data/raw/bundesliga_2021_2022_football_data_real.csv,034d0e1296e944dddf25e3c91b85ef5bd1ad25661b89d73878f5c73bfea4b9fc,2026-08-20T17:00:00Z,2021-22,Bundesliga,https://www.football-data.co.uk/mmz4281/2122/D1.csv
global-46225c56d4de0ea21cdc2e97,Football-Data.co.uk,data/raw/bundesliga_2021_2022_football_data_real.csv,034d0e1296e944dddf25e3c91b85ef5bd1ad25661b89d73878f5c73bfea4b9fc,2026-08-20T17:00:00Z,2021-22,Bundesliga,https://www.football-data.co.uk/mmz4281/2122/D1.csv
global-266069d1aa01e6737edb5039,Football-Data.co.uk,data/raw/bundesliga_2021_2022_football_data_real.csv,034d0e1296e944dddf25e3c91b85ef5bd1ad25661b89d73878f5c73bfea4b9fc,2026-08-20T17:00:00Z,2021-22,Bundesliga,https://www.football-data.co.uk/mmz4281/2122/D1.csv
global-796ebc0267aa0cdcc761a5df,Football-Data.co.uk,data/raw/bundesliga_2021_2022_football_data_real.csv,034d0e1296e944dddf25e3c91b85ef5bd1ad25661b89d73878f5c73bfea4b9fc,2026-08-20T17:00:00Z,2021-22,Bundesliga,https://www.football-data.co.uk/mmz4281/2122/D1.csv
global-6626364b4dd5afa3223d029a,Football-Data.co.uk,data/raw/bundesliga_2021_2022_football_data_real.csv,034d0e1296e944dddf25e3c91b85ef5bd1ad25661b89d73878f5c73bfea4b9fc,2026-08-20T17:00:00Z,2021-22,Bundesliga,https://www.football-data.co.uk/mmz4281/2122/D1.csv
global-a7f9682e9b470dbfc860a306,Football-Data.co.uk,data/raw/bundesliga_2021_2022_football_data_real.csv,034d0e1296e944dddf25e3c91b85ef5bd1ad25661b89d73878f5c73bfea4b9fc,2026-08-20T17:00:00Z,2021-22,Bundesliga,https://www.football-data.co.uk/mmz4281/2122/D1.csv
global-099408b53913cf282c4af7df,Football-Data.co.uk,data/raw/bundesliga_2021_2022_football_data_real.csv,034d0e1296e944dddf25e3c91b85ef5bd1ad25661b89d73878f5c73bfea4b9fc,2026-08-20T17:00:00Z,2021-22,Bundesliga,https://www.football-data.co.uk/mmz4281/2122/D1.csv
global-cc843e92be9523e7eaf6c1cf,Football-Data.co.uk,data/raw/bundesliga_2021_2022_football_data_real.csv,034d0e1296e944dddf25e3c91b85ef5bd1ad25661b89d73878f5c73bfea4b9fc,2026-08-20T17:00:00Z,2021-22,Bundesliga,https://www.football-data.co.uk/mmz4281/2122/D1.csv
global-07cb9ea45dde9a47f4a2342f,Football-Data.co.uk,data/raw/bundesliga_2021_2022_football_data_real.csv,034d0e1296e944dddf25e3c91b85ef5bd1ad25661b89d73878f5c73bfea4b9fc,2026-08-20T17:00:00Z,2021-22,Bundesliga,https://www.football-data.co.uk/mmz4281/2122/D1.csv
global-c2d1a976be4d420410459a69,Football-Data.co.uk,data/raw/bundesliga_2021_2022_football_data_real.csv,034d0e1296e944dddf25e3c91b85ef5bd1ad25661b89d73878f5c73bfea4b9fc,2026-08-20T17:00:00Z,2021-22,Bundesliga,https://www.football-data.co.uk/mmz4281/2122/D1.csv
global-ba8ee681491b683a39623c65,Football-Data.co.uk,data/raw/bundesliga_2021_2022_football_data_real.csv,034d0e1296e944dddf25e3c91b85ef5bd1ad25661b89d73878f5c73bfea4b9fc,2026-08-20T17:00:00Z,2021-22,Bundesliga,https://www.football-data.co.uk/mmz4281/2122/D1.csv
global-73d919b19a9e15ad35238afe,Football-Data.co.uk,data/raw/bundesliga_2021_2022_football_data_real.csv,034d0e1296e944dddf25e3c91b85ef5bd1ad25661b89d73878f5c73bfea4b9fc,2026-08-20T17:00:00Z,2021-22,Bundesliga,https://www.football-data.co.uk/mmz4281/2122/D1.csv
global-0fad2b4cc93e8585c7586298,Football-Data.co.uk,data/raw/bundesliga_2021_2022_football_data_real.csv,034d0e1296e944dddf25e3c91b85ef5bd1ad25661b89d73878f5c73bfea4b9fc,2026-08-20T17:00:00Z,2021-22,Bundesliga,https://www.football-data.co.uk/mmz4281/2122/D1.csv
global-17c66c6196602af1333c4cde,Football-Data.co.uk,data/raw/bundesliga_2021_2022_football_data_real.csv,034d0e1296e944dddf25e3c91b85ef5bd1ad25661b89d73878f5c73bfea4b9fc,2026-08-20T17:00:00Z,2021-22,Bundesliga,https://www.football-data.co.uk/mmz4281/2122/D1.csv
global-8e5848fd06020f5bafc62cbd,Football-Data.co.uk,data/raw/bundesliga_2021_2022_football_data_real.csv,034d0e1296e944dddf25e3c91b85ef5bd1ad25661b89d73878f5c73bfea4b9fc,2026-08-20T17:00:00Z,2021-22,Bundesliga,https://www.football-data.co.uk/mmz4281/2122/D1.csv
global-a403d3047aa5814f67cccea4,Football-Data.co.uk,data/raw/bundesliga_2021_2022_football_data_real.csv,034d0e1296e944dddf25e3c91b85ef5bd1ad25661b89d73878f5c73bfea4b9fc,2026-08-20T17:00:00Z,2021-22,Bundesliga,https://www.football-data.co.uk/mmz4281/2122/D1.csv
global-16ac756582d7132202cf0196,Football-Data.co.uk,data/raw/bundesliga_2021_2022_football_data_real.csv,034d0e1296e944dddf25e3c91b85ef5bd1ad25661b89d73878f5c73bfea4b9fc,2026-08-20T17:00:00Z,2021-22,Bundesliga,https://www.football-data.co.uk/mmz4281/2122/D1.csv
global-ce38c99c47ab866125539a80,Football-Data.co.uk,data/raw/bundesliga_2021_2022_football_data_real.csv,034d0e1296e944dddf25e3c91b85ef5bd1ad25661b89d73878f5c73bfea4b9fc,2026-08-20T17:00:00Z,2021-22,Bundesliga,https://www.football-data.co.uk/mmz4281/2122/D1.csv
global-097fb676fcdd737523ae95d6,Football-Data.co.uk,data/raw/bundesliga_2021_2022_football_data_real.csv,034d0e1296e944dddf25e3c91b85ef5bd1ad25661b89d73878f5c73bfea4b9fc,2026-08-20T17:00:00Z,2021-22,Bundesliga,https://www.football-data.co.uk/mmz4281/2122/D1.csv
global-c3351b8efce1aea7d07c7636,Football-Data.co.uk,data/raw/bundesliga_2021_2022_football_data_real.csv,034d0e1296e944dddf25e3c91b85ef5bd1ad25661b89d73878f5c73bfea4b9fc,2026-08-20T17:00:00Z,2021-22,Bundesliga,https://www.football-data.co.uk/mmz4281/2122/D1.csv
global-11d9e1691e6067112b50755f,Football-Data.co.uk,data/raw/bundesliga_2021_2022_football_data_real.csv,034d0e1296e944dddf25e3c91b85ef5bd1ad25661b89d73878f5c73bfea4b9fc,2026-08-20T17:00:00Z,2021-22,Bundesliga,https://www.football-data.co.uk/mmz4281/2122/D1.csv
global-3315abf63f2f19e45cfa878e,Football-Data.co.uk,data/raw/bundesliga_2021_2022_football_data_real.csv,034d0e1296e944dddf25e3c91b85ef5bd1ad25661b89d73878f5c73bfea4b9fc,2026-08-20T17:00:00Z,2021-22,Bundesliga,https://www.football-data.co.uk/mmz4281/2122/D1.csv
global-63ac6850c5fb88e337b1505a,Football-Data.co.uk,data/raw/bundesliga_2021_2022_football_data_real.csv,034d0e1296e944dddf25e3c91b85ef5bd1ad25661b89d73878f5c73bfea4b9fc,2026-08-20T17:00:00Z,2021-22,Bundesliga,https://www.football-data.co.uk/mmz4281/2122/D1.csv
global-8a380fd284b61320c9018c72,Football-Data.co.uk,data/raw/bundesliga_2021_2022_football_data_real.csv,034d0e1296e944dddf25e3c91b85ef5bd1ad25661b89d73878f5c73bfea4b9fc,2026-08-20T17:00:00Z,2021-22,Bundesliga,https://www.football-data.co.uk/mmz4281/2122/D1.csv
global-efc6356cc12057ab3c880ec4,Football-Data.co.uk,data/raw/bundesliga_2021_2022_football_data_real.csv,034d0e1296e944dddf25e3c91b85ef5bd1ad25661b89d73878f5c73bfea4b9fc,2026-08-20T17:00:00Z,2021-22,Bundesliga,https://www.football-data.co.uk/mmz4281/2122/D1.csv
global-2f2c66515b7b7607cd19efce,Football-Data.co.uk,data/raw/bundesliga_2021_2022_football_data_real.csv,034d0e1296e944dddf25e3c91b85ef5bd1ad25661b89d73878f5c73bfea4b9fc,2026-08-20T17:00:00Z,2021-22,Bundesliga,https://www.football-data.co.uk/mmz4281/2122/D1.csv
global-8a0cd2c9ed2df700ceed2a0f,Football-Data.co.uk,data/raw/bundesliga_2021_2022_football_data_real.csv,034d0e1296e944dddf25e3c91b85ef5bd1ad25661b89d73878f5c73bfea4b9fc,2026-08-20T17:00:00Z,2021-22,Bundesliga,https://www.football-data.co.uk/mmz4281/2122/D1.csv
global-38f076b13ee39be5fb2ddb9b,Football-Data.co.uk,data/raw/bundesliga_2021_2022_football_data_real.csv,034d0e1296e944dddf25e3c91b85ef5bd1ad25661b89d73878f5c73bfea4b9fc,2026-08-20T17:00:00Z,2021-22,Bundesliga,https://www.football-data.co.uk/mmz4281/2122/D1.csv
global-a5ec4b36001442c273f23e84,Football-Data.co.uk,data/raw/bundesliga_2021_2022_football_data_real.csv,034d0e1296e944dddf25e3c91b85ef5bd1ad25661b89d73878f5c73bfea4b9fc,2026-08-20T17:00:00Z,2021-22,Bundesliga,https://www.football-data.co.uk/mmz4281/2122/D1.csv
global-91771c53c03a7ba3dd01ef41,Football-Data.co.uk,data/raw/bundesliga_2021_2022_football_data_real.csv,034d0e1296e944dddf25e3c91b85ef5bd1ad25661b89d73878f5c73bfea4b9fc,2026-08-20T17:00:00Z,2021-22,Bundesliga,https://www.football-data.co.uk/mmz4281/2122/D1.csv
global-50c6aa1ac95031e517e3353a,Football-Data.co.uk,data/raw/bundesliga_2021_2022_football_data_real.csv,034d0e1296e944dddf25e3c91b85ef5bd1ad25661b89d73878f5c73bfea4b9fc,2026-08-20T17:00:00Z,2021-22,Bundesliga,https://www.football-data.co.uk/mmz4281/2122/D1.csv
global-ffe2679edfc58521f63198d7,Football-Data.co.uk,data/raw/bundesliga_2021_2022_football_data_real.csv,034d0e1296e944dddf25e3c91b85ef5bd1ad25661b89d73878f5c73bfea4b9fc,2026-08-20T17:00:00Z,2021-22,Bundesliga,https://www.football-data.co.uk/mmz4281/2122/D1.csv
global-0d50a2a88eac8976a2d8ac44,Football-Data.co.uk,data/raw/bundesliga_2021_2022_football_data_real.csv,034d0e1296e944dddf25e3c91b85ef5bd1ad25661b89d73878f5c73bfea4b9fc,2026-08-20T17:00:00Z,2021-22,Bundesliga,https://www.football-data.co.uk/mmz4281/2122/D1.csv
global-d5563c70fcc5ad30f26d1851,Football-Data.co.uk,data/raw/bundesliga_2021_2022_football_data_real.csv,034d0e1296e944dddf25e3c91b85ef5bd1ad25661b89d73878f5c73bfea4b9fc,2026-08-20T17:00:00Z,2021-22,Bundesliga,https://www.football-data.co.uk/mmz4281/2122/D1.csv
global-f7bcdcd2169816da67386031,Football-Data.co.uk,data/raw/bundesliga_2021_2022_football_data_real.csv,034d0e1296e944dddf25e3c91b85ef5bd1ad25661b89d73878f5c73bfea4b9fc,2026-08-20T17:00:00Z,2021-22,Bundesliga,https://www.football-data.co.uk/mmz4281/2122/D1.csv
global-a285fcef04adfe6981496f73,Football-Data.co.uk,data/raw/bundesliga_2021_2022_football_data_real.csv,034d0e1296e944dddf25e3c91b85ef5bd1ad25661b89d73878f5c73bfea4b9fc,2026-08-20T17:00:00Z,2021-22,Bundesliga,https://www.football-data.co.uk/mmz4281/2122/D1.csv
global-3a292d2d716b80f970066dae,Football-Data.co.uk,data/raw/bundesliga_2021_2022_football_data_real.csv,034d0e1296e944dddf25e3c91b85ef5bd1ad25661b89d73878f5c73bfea4b9fc,2026-08-20T17:00:00Z,2021-22,Bundesliga,https://www.football-data.co.uk/mmz4281/2122/D1.csv
global-5addd137fcba2f7e944acca7,Football-Data.co.uk,data/raw/bundesliga_2021_2022_football_data_real.csv,034d0e1296e944dddf25e3c91b85ef5bd1ad25661b89d73878f5c73bfea4b9fc,2026-08-20T17:00:00Z,2021-22,Bundesliga,https://www.football-data.co.uk/mmz4281/2122/D1.csv
global-8233eaea802a4ad46492072a,Football-Data.co.uk,data/raw/bundesliga_2021_2022_football_data_real.csv,034d0e1296e944dddf25e3c91b85ef5bd1ad25661b89d73878f5c73bfea4b9fc,2026-08-20T17:00:00Z,2021-22,Bundesliga,https://www.football-data.co.uk/mmz4281/2122/D1.csv
global-3375b3e9907a3518ece2a33b,Football-Data.co.uk,data/raw/bundesliga_2021_2022_football_data_real.csv,034d0e1296e944dddf25e3c91b85ef5bd1ad25661b89d73878f5c73bfea4b9fc,2026-08-20T17:00:00Z,2021-22,Bundesliga,https://www.football-data.co.uk/mmz4281/2122/D1.csv
global-e4f281eece1e598a7692ca7c,Football-Data.co.uk,data/raw/bundesliga_2021_2022_football_data_real.csv,034d0e1296e944dddf25e3c91b85ef5bd1ad25661b89d73878f5c73bfea4b9fc,2026-08-20T17:00:00Z,2021-22,Bundesliga,https://www.football-data.co.uk/mmz4281/2122/D1.csv
global-0de51ecab83e2aa580afd1dd,Football-Data.co.uk,data/raw/bundesliga_2021_2022_football_data_real.csv,034d0e1296e944dddf25e3c91b85ef5bd1ad25661b89d73878f5c73bfea4b9fc,2026-08-20T17:00:00Z,2021-22,Bundesliga,https://www.football-data.co.uk/mmz4281/2122/D1.csv
global-d28e73b6fec085d5096370f5,Football-Data.co.uk,data/raw/bundesliga_2021_2022_football_data_real.csv,034d0e1296e944dddf25e3c91b85ef5bd1ad25661b89d73878f5c73bfea4b9fc,2026-08-20T17:00:00Z,2021-22,Bundesliga,https://www.football-data.co.uk/mmz4281/2122/D1.csv
global-852183f4d21c0b4da068ec4d,Football-Data.co.uk,data/raw/bundesliga_2021_2022_football_data_real.csv,034d0e1296e944dddf25e3c91b85ef5bd1ad25661b89d73878f5c73bfea4b9fc,2026-08-20T17:00:00Z,2021-22,Bundesliga,https://www.football-data.co.uk/mmz4281/2122/D1.csv
global-ab024595a53f6cf0922b30ed,Football-Data.co.uk,data/raw/bundesliga_2021_2022_football_data_real.csv,034d0e1296e944dddf25e3c91b85ef5bd1ad25661b89d73878f5c73bfea4b9fc,2026-08-20T17:00:00Z,2021-22,Bundesliga,https://www.football-data.co.uk/mmz4281/2122/D1.csv
global-6e646e665cc822d69584c48d,Football-Data.co.uk,data/raw/bundesliga_2021_2022_football_data_real.csv,034d0e1296e944dddf25e3c91b85ef5bd1ad25661b89d73878f5c73bfea4b9fc,2026-08-20T17:00:00Z,2021-22,Bundesliga,https://www.football-data.co.uk/mmz4281/2122/D1.csv
global-2e79ab3b333d1d8c829ec025,Football-Data.co.uk,data/raw/bundesliga_2021_2022_football_data_real.csv,034d0e1296e944dddf25e3c91b85ef5bd1ad25661b89d73878f5c73bfea4b9fc,2026-08-20T17:00:00Z,2021-22,Bundesliga,https://www.football-data.co.uk/mmz4281/2122/D1.csv
global-b893e6d6de245846b2e3dcec,Football-Data.co.uk,data/raw/bundesliga_2021_2022_football_data_real.csv,034d0e1296e944dddf25e3c91b85ef5bd1ad25661b89d73878f5c73bfea4b9fc,2026-08-20T17:00:00Z,2021-22,Bundesliga,https://www.football-data.co.uk/mmz4281/2122/D1.csv
global-cdd6a2f4bd1961d234a14547,Football-Data.co.uk,data/raw/bundesliga_2021_2022_football_data_real.csv,034d0e1296e944dddf25e3c91b85ef5bd1ad25661b89d73878f5c73bfea4b9fc,2026-08-20T17:00:00Z,2021-22,Bundesliga,https://www.football-data.co.uk/mmz4281/2122/D1.csv
global-5385e2ee6e752a96498926ad,Football-Data.co.uk,data/raw/bundesliga_2021_2022_football_data_real.csv,034d0e1296e944dddf25e3c91b85ef5bd1ad25661b89d73878f5c73bfea4b9fc,2026-08-20T17:00:00Z,2021-22,Bundesliga,https://www.football-data.co.uk/mmz4281/2122/D1.csv
global-7ea0f06ef8ca39f4b8f134e7,Football-Data.co.uk,data/raw/bundesliga_2021_2022_football_data_real.csv,034d0e1296e944dddf25e3c91b85ef5bd1ad25661b89d73878f5c73bfea4b9fc,2026-08-20T17:00:00Z,2021-22,Bundesliga,https://www.football-data.co.uk/mmz4281/2122/D1.csv
global-b0a46738a6aa78d9f1f6cd20,Football-Data.co.uk,data/raw/bundesliga_2021_2022_football_data_real.csv,034d0e1296e944dddf25e3c91b85ef5bd1ad25661b89d73878f5c73bfea4b9fc,2026-08-20T17:00:00Z,2021-22,Bundesliga,https://www.football-data.co.uk/mmz4281/2122/D1.csv
global-ec522227e1bd8d3c21aa8938,Football-Data.co.uk,data/raw/bundesliga_2021_2022_football_data_real.csv,034d0e1296e944dddf25e3c91b85ef5bd1ad25661b89d73878f5c73bfea4b9fc,2026-08-20T17:00:00Z,2021-22,Bundesliga,https://www.football-data.co.uk/mmz4281/2122/D1.csv
global-ff1060e65686f40a2e21c418,Football-Data.co.uk,data/raw/bundesliga_2021_2022_football_data_real.csv,034d0e1296e944dddf25e3c91b85ef5bd1ad25661b89d73878f5c73bfea4b9fc,2026-08-20T17:00:00Z,2021-22,Bundesliga,https://www.football-data.co.uk/mmz4281/2122/D1.csv
global-b5adcbe53ec5b807cac33606,Football-Data.co.uk,data/raw/bundesliga_2021_2022_football_data_real.csv,034d0e1296e944dddf25e3c91b85ef5bd1ad25661b89d73878f5c73bfea4b9fc,2026-08-20T17:00:00Z,2021-22,Bundesliga,https://www.football-data.co.uk/mmz4281/2122/D1.csv
global-baeb391ebce8b8de9a2a33a2,Football-Data.co.uk,data/raw/bundesliga_2021_2022_football_data_real.csv,034d0e1296e944dddf25e3c91b85ef5bd1ad25661b89d73878f5c73bfea4b9fc,2026-08-20T17:00:00Z,2021-22,Bundesliga,https://www.football-data.co.uk/mmz4281/2122/D1.csv
global-b3504948f61729329ba0f960,Football-Data.co.uk,data/raw/bundesliga_2021_2022_football_data_real.csv,034d0e1296e944dddf25e3c91b85ef5bd1ad25661b89d73878f5c73bfea4b9fc,2026-08-20T17:00:00Z,2021-22,Bundesliga,https://www.football-data.co.uk/mmz4281/2122/D1.csv
global-73f22bdfb78d7163e38c7d1e,Football-Data.co.uk,data/raw/bundesliga_2021_2022_football_data_real.csv,034d0e1296e944dddf25e3c91b85ef5bd1ad25661b89d73878f5c73bfea4b9fc,2026-08-20T17:00:00Z,2021-22,Bundesliga,https://www.football-data.co.uk/mmz4281/2122/D1.csv
global-0cdbd033d18300cb77c09448,Football-Data.co.uk,data/raw/bundesliga_2021_2022_football_data_real.csv,034d0e1296e944dddf25e3c91b85ef5bd1ad25661b89d73878f5c73bfea4b9fc,2026-08-20T17:00:00Z,2021-22,Bundesliga,https://www.football-data.co.uk/mmz4281/2122/D1.csv
global-988da0cdd505599bc9bfaf6b,Football-Data.co.uk,data/raw/bundesliga_2021_2022_football_data_real.csv,034d0e1296e944dddf25e3c91b85ef5bd1ad25661b89d73878f5c73bfea4b9fc,2026-08-20T17:00:00Z,2021-22,Bundesliga,https://www.football-data.co.uk/mmz4281/2122/D1.csv
global-217132c9b9ed256b142d5300,Football-Data.co.uk,data/raw/bundesliga_2021_2022_football_data_real.csv,034d0e1296e944dddf25e3c91b85ef5bd1ad25661b89d73878f5c73bfea4b9fc,2026-08-20T17:00:00Z,2021-22,Bundesliga,https://www.football-data.co.uk/mmz4281/2122/D1.csv
global-d0a514234f3dcf75f56e193a,Football-Data.co.uk,data/raw/bundesliga_2021_2022_football_data_real.csv,034d0e1296e944dddf25e3c91b85ef5bd1ad25661b89d73878f5c73bfea4b9fc,2026-08-20T17:00:00Z,2021-22,Bundesliga,https://www.football-data.co.uk/mmz4281/2122/D1.csv
global-e9ea12370ec27255002e25b9,Football-Data.co.uk,data/raw/bundesliga_2021_2022_football_data_real.csv,034d0e1296e944dddf25e3c91b85ef5bd1ad25661b89d73878f5c73bfea4b9fc,2026-08-20T17:00:00Z,2021-22,Bundesliga,https://www.football-data.co.uk/mmz4281/2122/D1.csv
global-5c0c5bacaa101b7bac582a79,Football-Data.co.uk,data/raw/bundesliga_2021_2022_football_data_real.csv,034d0e1296e944dddf25e3c91b85ef5bd1ad25661b89d73878f5c73bfea4b9fc,2026-08-20T17:00:00Z,2021-22,Bundesliga,https://www.football-data.co.uk/mmz4281/2122/D1.csv
global-c9bfbdd063c8b9e2ecda21fe,Football-Data.co.uk,data/raw/bundesliga_2021_2022_football_data_real.csv,034d0e1296e944dddf25e3c91b85ef5bd1ad25661b89d73878f5c73bfea4b9fc,2026-08-20T17:00:00Z,2021-22,Bundesliga,https://www.football-data.co.uk/mmz4281/2122/D1.csv
global-9b461874ccafa035d200c4a1,Football-Data.co.uk,data/raw/bundesliga_2021_2022_football_data_real.csv,034d0e1296e944dddf25e3c91b85ef5bd1ad25661b89d73878f5c73bfea4b9fc,2026-08-20T17:00:00Z,2021-22,Bundesliga,https://www.football-data.co.uk/mmz4281/2122/D1.csv
global-573d5619900e9a406c84160c,Football-Data.co.uk,data/raw/bundesliga_2021_2022_football_data_real.csv,034d0e1296e944dddf25e3c91b85ef5bd1ad25661b89d73878f5c73bfea4b9fc,2026-08-20T17:00:00Z,2021-22,Bundesliga,https://www.football-data.co.uk/mmz4281/2122/D1.csv
global-5dcf4cf1b1d04cd4e39a0e39,Football-Data.co.uk,data/raw/bundesliga_2021_2022_football_data_real.csv,034d0e1296e944dddf25e3c91b85ef5bd1ad25661b89d73878f5c73bfea4b9fc,2026-08-20T17:00:00Z,2021-22,Bundesliga,https://www.football-data.co.uk/mmz4281/2122/D1.csv
global-79413a661d61a7ce2f126ab7,Football-Data.co.uk,data/raw/bundesliga_2021_2022_football_data_real.csv,034d0e1296e944dddf25e3c91b85ef5bd1ad25661b89d73878f5c73bfea4b9fc,2026-08-20T17:00:00Z,2021-22,Bundesliga,https://www.football-data.co.uk/mmz4281/2122/D1.csv
global-34afd6e1d1d103f1fd5eb186,Football-Data.co.uk,data/raw/bundesliga_2021_2022_football_data_real.csv,034d0e1296e944dddf25e3c91b85ef5bd1ad25661b89d73878f5c73bfea4b9fc,2026-08-20T17:00:00Z,2021-22,Bundesliga,https://www.football-data.co.uk/mmz4281/2122/D1.csv
global-968a771193f0d58e137956e4,Football-Data.co.uk,data/raw/bundesliga_2021_2022_football_data_real.csv,034d0e1296e944dddf25e3c91b85ef5bd1ad25661b89d73878f5c73bfea4b9fc,2026-08-20T17:00:00Z,2021-22,Bundesliga,https://www.football-data.co.uk/mmz4281/2122/D1.csv
global-494775139bdaa5846f78a6f3,Football-Data.co.uk,data/raw/bundesliga_2021_2022_football_data_real.csv,034d0e1296e944dddf25e3c91b85ef5bd1ad25661b89d73878f5c73bfea4b9fc,2026-08-20T17:00:00Z,2021-22,Bundesliga,https://www.football-data.co.uk/mmz4281/2122/D1.csv
global-362f28dfa1057eb8603e3677,Football-Data.co.uk,data/raw/bundesliga_2021_2022_football_data_real.csv,034d0e1296e944dddf25e3c91b85ef5bd1ad25661b89d73878f5c73bfea4b9fc,2026-08-20T17:00:00Z,2021-22,Bundesliga,https://www.football-data.co.uk/mmz4281/2122/D1.csv
global-414982d9126c3c19991015aa,Football-Data.co.uk,data/raw/bundesliga_2021_2022_football_data_real.csv,034d0e1296e944dddf25e3c91b85ef5bd1ad25661b89d73878f5c73bfea4b9fc,2026-08-20T17:00:00Z,2021-22,Bundesliga,https://www.football-data.co.uk/mmz4281/2122/D1.csv
global-8dcf5cf0d90d222e3ea7119a,Football-Data.co.uk,data/raw/bundesliga_2021_2022_football_data_real.csv,034d0e1296e944dddf25e3c91b85ef5bd1ad25661b89d73878f5c73bfea4b9fc,2026-08-20T17:00:00Z,2021-22,Bundesliga,https://www.football-data.co.uk/mmz4281/2122/D1.csv
global-fe207c89a7beb646a85fa270,Football-Data.co.uk,data/raw/bundesliga_2021_2022_football_data_real.csv,034d0e1296e944dddf25e3c91b85ef5bd1ad25661b89d73878f5c73bfea4b9fc,2026-08-20T17:00:00Z,2021-22,Bundesliga,https://www.football-data.co.uk/mmz4281/2122/D1.csv
global-0e0e017f94148ddaca156637,Football-Data.co.uk,data/raw/bundesliga_2021_2022_football_data_real.csv,034d0e1296e944dddf25e3c91b85ef5bd1ad25661b89d73878f5c73bfea4b9fc,2026-08-20T17:00:00Z,2021-22,Bundesliga,https://www.football-data.co.uk/mmz4281/2122/D1.csv
global-312552f27ec3ad768b61e3f2,Football-Data.co.uk,data/raw/bundesliga_2021_2022_football_data_real.csv,034d0e1296e944dddf25e3c91b85ef5bd1ad25661b89d73878f5c73bfea4b9fc,2026-08-20T17:00:00Z,2021-22,Bundesliga,https://www.football-data.co.uk/mmz4281/2122/D1.csv
global-792480a50956d7c8b7ad5553,Football-Data.co.uk,data/raw/bundesliga_2021_2022_football_data_real.csv,034d0e1296e944dddf25e3c91b85ef5bd1ad25661b89d73878f5c73bfea4b9fc,2026-08-20T17:00:00Z,2021-22,Bundesliga,https://www.football-data.co.uk/mmz4281/2122/D1.csv
global-12c35315ac074ce10647fd3d,Football-Data.co.uk,data/raw/bundesliga_2021_2022_football_data_real.csv,034d0e1296e944dddf25e3c91b85ef5bd1ad25661b89d73878f5c73bfea4b9fc,2026-08-20T17:00:00Z,2021-22,Bundesliga,https://www.football-data.co.uk/mmz4281/2122/D1.csv
global-080c96ebc179c3fe5e038b6e,Football-Data.co.uk,data/raw/bundesliga_2021_2022_football_data_real.csv,034d0e1296e944dddf25e3c91b85ef5bd1ad25661b89d73878f5c73bfea4b9fc,2026-08-20T17:00:00Z,2021-22,Bundesliga,https://www.football-data.co.uk/mmz4281/2122/D1.csv
global-33e5978eff3fd113b688f730,Football-Data.co.uk,data/raw/bundesliga_2021_2022_football_data_real.csv,034d0e1296e944dddf25e3c91b85ef5bd1ad25661b89d73878f5c73bfea4b9fc,2026-08-20T17:00:00Z,2021-22,Bundesliga,https://www.football-data.co.uk/mmz4281/2122/D1.csv
global-983024367be27f8f3eb5cf47,Football-Data.co.uk,data/raw/bundesliga_2021_2022_football_data_real.csv,034d0e1296e944dddf25e3c91b85ef5bd1ad25661b89d73878f5c73bfea4b9fc,2026-08-20T17:00:00Z,2021-22,Bundesliga,https://www.football-data.co.uk/mmz4281/2122/D1.csv
global-8a742b081d5758a8054db767,Football-Data.co.uk,data/raw/bundesliga_2021_2022_football_data_real.csv,034d0e1296e944dddf25e3c91b85ef5bd1ad25661b89d73878f5c73bfea4b9fc,2026-08-20T17:00:00Z,2021-22,Bundesliga,https://www.football-data.co.uk/mmz4281/2122/D1.csv
global-59be7153b580e6467acf2f34,Football-Data.co.uk,data/raw/bundesliga_2021_2022_football_data_real.csv,034d0e1296e944dddf25e3c91b85ef5bd1ad25661b89d73878f5c73bfea4b9fc,2026-08-20T17:00:00Z,2021-22,Bundesliga,https://www.football-data.co.uk/mmz4281/2122/D1.csv
global-33f8e9cf89ab99f807d765a6,Football-Data.co.uk,data/raw/bundesliga_2021_2022_football_data_real.csv,034d0e1296e944dddf25e3c91b85ef5bd1ad25661b89d73878f5c73bfea4b9fc,2026-08-20T17:00:00Z,2021-22,Bundesliga,https://www.football-data.co.uk/mmz4281/2122/D1.csv
global-b2f569c7b099ba38d49358eb,Football-Data.co.uk,data/raw/bundesliga_2021_2022_football_data_real.csv,034d0e1296e944dddf25e3c91b85ef5bd1ad25661b89d73878f5c73bfea4b9fc,2026-08-20T17:00:00Z,2021-22,Bundesliga,https://www.football-data.co.uk/mmz4281/2122/D1.csv
global-f7badf0372055485a45fc110,Football-Data.co.uk,data/raw/bundesliga_2021_2022_football_data_real.csv,034d0e1296e944dddf25e3c91b85ef5bd1ad25661b89d73878f5c73bfea4b9fc,2026-08-20T17:00:00Z,2021-22,Bundesliga,https://www.football-data.co.uk/mmz4281/2122/D1.csv
global-434f9dee35d95f47b95d057b,Football-Data.co.uk,data/raw/bundesliga_2021_2022_football_data_real.csv,034d0e1296e944dddf25e3c91b85ef5bd1ad25661b89d73878f5c73bfea4b9fc,2026-08-20T17:00:00Z,2021-22,Bundesliga,https://www.football-data.co.uk/mmz4281/2122/D1.csv
global-1279bc3a9cbe436b94515a05,Football-Data.co.uk,data/raw/bundesliga_2021_2022_football_data_real.csv,034d0e1296e944dddf25e3c91b85ef5bd1ad25661b89d73878f5c73bfea4b9fc,2026-08-20T17:00:00Z,2021-22,Bundesliga,https://www.football-data.co.uk/mmz4281/2122/D1.csv
global-c1cc45491a11661c0ee43086,Football-Data.co.uk,data/raw/bundesliga_2021_2022_football_data_real.csv,034d0e1296e944dddf25e3c91b85ef5bd1ad25661b89d73878f5c73bfea4b9fc,2026-08-20T17:00:00Z,2021-22,Bundesliga,https://www.football-data.co.uk/mmz4281/2122/D1.csv
global-ec4cadb93c94b73551aacf56,Football-Data.co.uk,data/raw/bundesliga_2021_2022_football_data_real.csv,034d0e1296e944dddf25e3c91b85ef5bd1ad25661b89d73878f5c73bfea4b9fc,2026-08-20T17:00:00Z,2021-22,Bundesliga,https://www.football-data.co.uk/mmz4281/2122/D1.csv
global-da1f7c0f828159540450ebdd,Football-Data.co.uk,data/raw/bundesliga_2021_2022_football_data_real.csv,034d0e1296e944dddf25e3c91b85ef5bd1ad25661b89d73878f5c73bfea4b9fc,2026-08-20T17:00:00Z,2021-22,Bundesliga,https://www.football-data.co.uk/mmz4281/2122/D1.csv
global-a0a59d25e9d00429d6c644e4,Football-Data.co.uk,data/raw/bundesliga_2021_2022_football_data_real.csv,034d0e1296e944dddf25e3c91b85ef5bd1ad25661b89d73878f5c73bfea4b9fc,2026-08-20T17:00:00Z,2021-22,Bundesliga,https://www.football-data.co.uk/mmz4281/2122/D1.csv
global-f272625d722f8780c4747ca9,Football-Data.co.uk,data/raw/bundesliga_2021_2022_football_data_real.csv,034d0e1296e944dddf25e3c91b85ef5bd1ad25661b89d73878f5c73bfea4b9fc,2026-08-20T17:00:00Z,2021-22,Bundesliga,https://www.football-data.co.uk/mmz4281/2122/D1.csv
global-58b8f7820c359a68538520cc,Football-Data.co.uk,data/raw/bundesliga_2021_2022_football_data_real.csv,034d0e1296e944dddf25e3c91b85ef5bd1ad25661b89d73878f5c73bfea4b9fc,2026-08-20T17:00:00Z,2021-22,Bundesliga,https://www.football-data.co.uk/mmz4281/2122/D1.csv
global-e2b418da6b0913f8e92ccbed,Football-Data.co.uk,data/raw/bundesliga_2021_2022_football_data_real.csv,034d0e1296e944dddf25e3c91b85ef5bd1ad25661b89d73878f5c73bfea4b9fc,2026-08-20T17:00:00Z,2021-22,Bundesliga,https://www.football-data.co.uk/mmz4281/2122/D1.csv
global-9f715f73c2703650f28507e0,Football-Data.co.uk,data/raw/bundesliga_2021_2022_football_data_real.csv,034d0e1296e944dddf25e3c91b85ef5bd1ad25661b89d73878f5c73bfea4b9fc,2026-08-20T17:00:00Z,2021-22,Bundesliga,https://www.football-data.co.uk/mmz4281/2122/D1.csv
global-10658b7ac64c8832beb9b343,Football-Data.co.uk,data/raw/bundesliga_2021_2022_football_data_real.csv,034d0e1296e944dddf25e3c91b85ef5bd1ad25661b89d73878f5c73bfea4b9fc,2026-08-20T17:00:00Z,2021-22,Bundesliga,https://www.football-data.co.uk/mmz4281/2122/D1.csv
global-9b737eefd6441de80374d59a,Football-Data.co.uk,data/raw/bundesliga_2021_2022_football_data_real.csv,034d0e1296e944dddf25e3c91b85ef5bd1ad25661b89d73878f5c73bfea4b9fc,2026-08-20T17:00:00Z,2021-22,Bundesliga,https://www.football-data.co.uk/mmz4281/2122/D1.csv
global-4309030b4972f8160f107414,Football-Data.co.uk,data/raw/bundesliga_2021_2022_football_data_real.csv,034d0e1296e944dddf25e3c91b85ef5bd1ad25661b89d73878f5c73bfea4b9fc,2026-08-20T17:00:00Z,2021-22,Bundesliga,https://www.football-data.co.uk/mmz4281/2122/D1.csv
global-8b446f5fdfc6a2e92a1e439f,Football-Data.co.uk,data/raw/bundesliga_2021_2022_football_data_real.csv,034d0e1296e944dddf25e3c91b85ef5bd1ad25661b89d73878f5c73bfea4b9fc,2026-08-20T17:00:00Z,2021-22,Bundesliga,https://www.football-data.co.uk/mmz4281/2122/D1.csv
global-ff4a2da196aef8d5a2309966,Football-Data.co.uk,data/raw/bundesliga_2021_2022_football_data_real.csv,034d0e1296e944dddf25e3c91b85ef5bd1ad25661b89d73878f5c73bfea4b9fc,2026-08-20T17:00:00Z,2021-22,Bundesliga,https://www.football-data.co.uk/mmz4281/2122/D1.csv
global-60bb71974e620435c7c7df98,Football-Data.co.uk,data/raw/bundesliga_2021_2022_football_data_real.csv,034d0e1296e944dddf25e3c91b85ef5bd1ad25661b89d73878f5c73bfea4b9fc,2026-08-20T17:00:00Z,2021-22,Bundesliga,https://www.football-data.co.uk/mmz4281/2122/D1.csv
global-93792583d9c6ec1a1b9975a6,Football-Data.co.uk,data/raw/bundesliga_2021_2022_football_data_real.csv,034d0e1296e944dddf25e3c91b85ef5bd1ad25661b89d73878f5c73bfea4b9fc,2026-08-20T17:00:00Z,2021-22,Bundesliga,https://www.football-data.co.uk/mmz4281/2122/D1.csv
global-15bda75990acde7b6af3228c,Football-Data.co.uk,data/raw/bundesliga_2021_2022_football_data_real.csv,034d0e1296e944dddf25e3c91b85ef5bd1ad25661b89d73878f5c73bfea4b9fc,2026-08-20T17:00:00Z,2021-22,Bundesliga,https://www.football-data.co.uk/mmz4281/2122/D1.csv
global-501b8f51a82e61f895114153,Football-Data.co.uk,data/raw/bundesliga_2021_2022_football_data_real.csv,034d0e1296e944dddf25e3c91b85ef5bd1ad25661b89d73878f5c73bfea4b9fc,2026-08-20T17:00:00Z,2021-22,Bundesliga,https://www.football-data.co.uk/mmz4281/2122/D1.csv
global-642fa19cc72d4e6f3d3aec8f,Football-Data.co.uk,data/raw/bundesliga_2021_2022_football_data_real.csv,034d0e1296e944dddf25e3c91b85ef5bd1ad25661b89d73878f5c73bfea4b9fc,2026-08-20T17:00:00Z,2021-22,Bundesliga,https://www.football-data.co.uk/mmz4281/2122/D1.csv
global-df5a266edabc210bc9610fa4,Football-Data.co.uk,data/raw/bundesliga_2021_2022_football_data_real.csv,034d0e1296e944dddf25e3c91b85ef5bd1ad25661b89d73878f5c73bfea4b9fc,2026-08-20T17:00:00Z,2021-22,Bundesliga,https://www.football-data.co.uk/mmz4281/2122/D1.csv
global-798ee90ea88305cd30638834,Football-Data.co.uk,data/raw/bundesliga_2021_2022_football_data_real.csv,034d0e1296e944dddf25e3c91b85ef5bd1ad25661b89d73878f5c73bfea4b9fc,2026-08-20T17:00:00Z,2021-22,Bundesliga,https://www.football-data.co.uk/mmz4281/2122/D1.csv
global-56b3f9f385cb4709566bca08,Football-Data.co.uk,data/raw/bundesliga_2021_2022_football_data_real.csv,034d0e1296e944dddf25e3c91b85ef5bd1ad25661b89d73878f5c73bfea4b9fc,2026-08-20T17:00:00Z,2021-22,Bundesliga,https://www.football-data.co.uk/mmz4281/2122/D1.csv
global-9aff0677005d86d11666917f,Football-Data.co.uk,data/raw/bundesliga_2021_2022_football_data_real.csv,034d0e1296e944dddf25e3c91b85ef5bd1ad25661b89d73878f5c73bfea4b9fc,2026-08-20T17:00:00Z,2021-22,Bundesliga,https://www.football-data.co.uk/mmz4281/2122/D1.csv
global-295d07c95e83e640d4dd2467,Football-Data.co.uk,data/raw/bundesliga_2021_2022_football_data_real.csv,034d0e1296e944dddf25e3c91b85ef5bd1ad25661b89d73878f5c73bfea4b9fc,2026-08-20T17:00:00Z,2021-22,Bundesliga,https://www.football-data.co.uk/mmz4281/2122/D1.csv
global-89ce7aa98267ddfd32f81ca5,Football-Data.co.uk,data/raw/bundesliga_2021_2022_football_data_real.csv,034d0e1296e944dddf25e3c91b85ef5bd1ad25661b89d73878f5c73bfea4b9fc,2026-08-20T17:00:00Z,2021-22,Bundesliga,https://www.football-data.co.uk/mmz4281/2122/D1.csv
global-904ddc5943c2d29a5545910d,Football-Data.co.uk,data/raw/bundesliga_2021_2022_football_data_real.csv,034d0e1296e944dddf25e3c91b85ef5bd1ad25661b89d73878f5c73bfea4b9fc,2026-08-20T17:00:00Z,2021-22,Bundesliga,https://www.football-data.co.uk/mmz4281/2122/D1.csv
global-f3395338ab0494940accfb0d,Football-Data.co.uk,data/raw/bundesliga_2021_2022_football_data_real.csv,034d0e1296e944dddf25e3c91b85ef5bd1ad25661b89d73878f5c73bfea4b9fc,2026-08-20T17:00:00Z,2021-22,Bundesliga,https://www.football-data.co.uk/mmz4281/2122/D1.csv
global-88231288dfbb2784244bbdab,Football-Data.co.uk,data/raw/bundesliga_2021_2022_football_data_real.csv,034d0e1296e944dddf25e3c91b85ef5bd1ad25661b89d73878f5c73bfea4b9fc,2026-08-20T17:00:00Z,2021-22,Bundesliga,https://www.football-data.co.uk/mmz4281/2122/D1.csv
global-7b9a40130be475c57b8dbbc0,Football-Data.co.uk,data/raw/bundesliga_2021_2022_football_data_real.csv,034d0e1296e944dddf25e3c91b85ef5bd1ad25661b89d73878f5c73bfea4b9fc,2026-08-20T17:00:00Z,2021-22,Bundesliga,https://www.football-data.co.uk/mmz4281/2122/D1.csv
global-94e17117ccc4c728f80229da,Football-Data.co.uk,data/raw/bundesliga_2021_2022_football_data_real.csv,034d0e1296e944dddf25e3c91b85ef5bd1ad25661b89d73878f5c73bfea4b9fc,2026-08-20T17:00:00Z,2021-22,Bundesliga,https://www.football-data.co.uk/mmz4281/2122/D1.csv
global-d161614f47ec2c119966f345,Football-Data.co.uk,data/raw/bundesliga_2021_2022_football_data_real.csv,034d0e1296e944dddf25e3c91b85ef5bd1ad25661b89d73878f5c73bfea4b9fc,2026-08-20T17:00:00Z,2021-22,Bundesliga,https://www.football-data.co.uk/mmz4281/2122/D1.csv
global-da10da11c71edaae5976551b,Football-Data.co.uk,data/raw/bundesliga_2021_2022_football_data_real.csv,034d0e1296e944dddf25e3c91b85ef5bd1ad25661b89d73878f5c73bfea4b9fc,2026-08-20T17:00:00Z,2021-22,Bundesliga,https://www.football-data.co.uk/mmz4281/2122/D1.csv
global-e27207362217e5c541b32b5e,Football-Data.co.uk,data/raw/bundesliga_2021_2022_football_data_real.csv,034d0e1296e944dddf25e3c91b85ef5bd1ad25661b89d73878f5c73bfea4b9fc,2026-08-20T17:00:00Z,2021-22,Bundesliga,https://www.football-data.co.uk/mmz4281/2122/D1.csv
global-86caeef21f61b393f5bf5bf0,Football-Data.co.uk,data/raw/bundesliga_2021_2022_football_data_real.csv,034d0e1296e944dddf25e3c91b85ef5bd1ad25661b89d73878f5c73bfea4b9fc,2026-08-20T17:00:00Z,2021-22,Bundesliga,https://www.football-data.co.uk/mmz4281/2122/D1.csv
global-666962545aafcaca07f80073,Football-Data.co.uk,data/raw/bundesliga_2021_2022_football_data_real.csv,034d0e1296e944dddf25e3c91b85ef5bd1ad25661b89d73878f5c73bfea4b9fc,2026-08-20T17:00:00Z,2021-22,Bundesliga,https://www.football-data.co.uk/mmz4281/2122/D1.csv
global-787a1318c6e747cdc136c078,Football-Data.co.uk,data/raw/bundesliga_2021_2022_football_data_real.csv,034d0e1296e944dddf25e3c91b85ef5bd1ad25661b89d73878f5c73bfea4b9fc,2026-08-20T17:00:00Z,2021-22,Bundesliga,https://www.football-data.co.uk/mmz4281/2122/D1.csv
global-f1bae434895bf4f1cfa15bbc,Football-Data.co.uk,data/raw/bundesliga_2021_2022_football_data_real.csv,034d0e1296e944dddf25e3c91b85ef5bd1ad25661b89d73878f5c73bfea4b9fc,2026-08-20T17:00:00Z,2021-22,Bundesliga,https://www.football-data.co.uk/mmz4281/2122/D1.csv
global-2d63453c3a72b889a99b2068,Football-Data.co.uk,data/raw/bundesliga_2021_2022_football_data_real.csv,034d0e1296e944dddf25e3c91b85ef5bd1ad25661b89d73878f5c73bfea4b9fc,2026-08-20T17:00:00Z,2021-22,Bundesliga,https://www.football-data.co.uk/mmz4281/2122/D1.csv
global-efa3eb70241ac144170ea700,Football-Data.co.uk,data/raw/bundesliga_2021_2022_football_data_real.csv,034d0e1296e944dddf25e3c91b85ef5bd1ad25661b89d73878f5c73bfea4b9fc,2026-08-20T17:00:00Z,2021-22,Bundesliga,https://www.football-data.co.uk/mmz4281/2122/D1.csv
global-b5b72828ba23171acf2f02f8,Football-Data.co.uk,data/raw/bundesliga_2021_2022_football_data_real.csv,034d0e1296e944dddf25e3c91b85ef5bd1ad25661b89d73878f5c73bfea4b9fc,2026-08-20T17:00:00Z,2021-22,Bundesliga,https://www.football-data.co.uk/mmz4281/2122/D1.csv
global-32e95075bb1bc8f12f9b4e47,Football-Data.co.uk,data/raw/bundesliga_2021_2022_football_data_real.csv,034d0e1296e944dddf25e3c91b85ef5bd1ad25661b89d73878f5c73bfea4b9fc,2026-08-20T17:00:00Z,2021-22,Bundesliga,https://www.football-data.co.uk/mmz4281/2122/D1.csv
global-75fe04ed1c97e6a300dd6f63,Football-Data.co.uk,data/raw/bundesliga_2021_2022_football_data_real.csv,034d0e1296e944dddf25e3c91b85ef5bd1ad25661b89d73878f5c73bfea4b9fc,2026-08-20T17:00:00Z,2021-22,Bundesliga,https://www.football-data.co.uk/mmz4281/2122/D1.csv
global-e4260b6e7450a5fd330fc4ed,Football-Data.co.uk,data/raw/bundesliga_2021_2022_football_data_real.csv,034d0e1296e944dddf25e3c91b85ef5bd1ad25661b89d73878f5c73bfea4b9fc,2026-08-20T17:00:00Z,2021-22,Bundesliga,https://www.football-data.co.uk/mmz4281/2122/D1.csv
global-794cb4608b6e7e8955ae02e6,Football-Data.co.uk,data/raw/bundesliga_2021_2022_football_data_real.csv,034d0e1296e944dddf25e3c91b85ef5bd1ad25661b89d73878f5c73bfea4b9fc,2026-08-20T17:00:00Z,2021-22,Bundesliga,https://www.football-data.co.uk/mmz4281/2122/D1.csv
global-2347e7017a60c9f3d96330db,Football-Data.co.uk,data/raw/bundesliga_2021_2022_football_data_real.csv,034d0e1296e944dddf25e3c91b85ef5bd1ad25661b89d73878f5c73bfea4b9fc,2026-08-20T17:00:00Z,2021-22,Bundesliga,https://www.football-data.co.uk/mmz4281/2122/D1.csv
global-78da934a848a5682f119f87d,Football-Data.co.uk,data/raw/bundesliga_2021_2022_football_data_real.csv,034d0e1296e944dddf25e3c91b85ef5bd1ad25661b89d73878f5c73bfea4b9fc,2026-08-20T17:00:00Z,2021-22,Bundesliga,https://www.football-data.co.uk/mmz4281/2122/D1.csv
global-1c3ad5c943a96f37c8e39348,Football-Data.co.uk,data/raw/bundesliga_2021_2022_football_data_real.csv,034d0e1296e944dddf25e3c91b85ef5bd1ad25661b89d73878f5c73bfea4b9fc,2026-08-20T17:00:00Z,2021-22,Bundesliga,https://www.football-data.co.uk/mmz4281/2122/D1.csv
global-4c5c64f9ffb9c746f276b657,Football-Data.co.uk,data/raw/bundesliga_2021_2022_football_data_real.csv,034d0e1296e944dddf25e3c91b85ef5bd1ad25661b89d73878f5c73bfea4b9fc,2026-08-20T17:00:00Z,2021-22,Bundesliga,https://www.football-data.co.uk/mmz4281/2122/D1.csv
global-6ebf187618ab399a2a7a03f6,Football-Data.co.uk,data/raw/bundesliga_2021_2022_football_data_real.csv,034d0e1296e944dddf25e3c91b85ef5bd1ad25661b89d73878f5c73bfea4b9fc,2026-08-20T17:00:00Z,2021-22,Bundesliga,https://www.football-data.co.uk/mmz4281/2122/D1.csv
global-2f13b2619f73cb080d40ce95,Football-Data.co.uk,data/raw/bundesliga_2021_2022_football_data_real.csv,034d0e1296e944dddf25e3c91b85ef5bd1ad25661b89d73878f5c73bfea4b9fc,2026-08-20T17:00:00Z,2021-22,Bundesliga,https://www.football-data.co.uk/mmz4281/2122/D1.csv
global-e9c68a7e0c5f074d64c56e02,Football-Data.co.uk,data/raw/bundesliga_2021_2022_football_data_real.csv,034d0e1296e944dddf25e3c91b85ef5bd1ad25661b89d73878f5c73bfea4b9fc,2026-08-20T17:00:00Z,2021-22,Bundesliga,https://www.football-data.co.uk/mmz4281/2122/D1.csv
global-d9811cbf9b75688d654f997c,Football-Data.co.uk,data/raw/bundesliga_2021_2022_football_data_real.csv,034d0e1296e944dddf25e3c91b85ef5bd1ad25661b89d73878f5c73bfea4b9fc,2026-08-20T17:00:00Z,2021-22,Bundesliga,https://www.football-data.co.uk/mmz4281/2122/D1.csv
global-e4e4b07eb56bd0e466e880d6,Football-Data.co.uk,data/raw/bundesliga_2021_2022_football_data_real.csv,034d0e1296e944dddf25e3c91b85ef5bd1ad25661b89d73878f5c73bfea4b9fc,2026-08-20T17:00:00Z,2021-22,Bundesliga,https://www.football-data.co.uk/mmz4281/2122/D1.csv
global-c3f8a3de47e8daffb93aa183,Football-Data.co.uk,data/raw/bundesliga_2021_2022_football_data_real.csv,034d0e1296e944dddf25e3c91b85ef5bd1ad25661b89d73878f5c73bfea4b9fc,2026-08-20T17:00:00Z,2021-22,Bundesliga,https://www.football-data.co.uk/mmz4281/2122/D1.csv
global-3d1911b574fb7b1f6244a6e5,Football-Data.co.uk,data/raw/bundesliga_2021_2022_football_data_real.csv,034d0e1296e944dddf25e3c91b85ef5bd1ad25661b89d73878f5c73bfea4b9fc,2026-08-20T17:00:00Z,2021-22,Bundesliga,https://www.football-data.co.uk/mmz4281/2122/D1.csv
global-70c557ade16be9233aa9f3c8,Football-Data.co.uk,data/raw/bundesliga_2021_2022_football_data_real.csv,034d0e1296e944dddf25e3c91b85ef5bd1ad25661b89d73878f5c73bfea4b9fc,2026-08-20T17:00:00Z,2021-22,Bundesliga,https://www.football-data.co.uk/mmz4281/2122/D1.csv
global-6536c2f100fe998de15ea48c,Football-Data.co.uk,data/raw/bundesliga_2021_2022_football_data_real.csv,034d0e1296e944dddf25e3c91b85ef5bd1ad25661b89d73878f5c73bfea4b9fc,2026-08-20T17:00:00Z,2021-22,Bundesliga,https://www.football-data.co.uk/mmz4281/2122/D1.csv
global-5ff832e181f36c5e3667775c,Football-Data.co.uk,data/raw/bundesliga_2021_2022_football_data_real.csv,034d0e1296e944dddf25e3c91b85ef5bd1ad25661b89d73878f5c73bfea4b9fc,2026-08-20T17:00:00Z,2021-22,Bundesliga,https://www.football-data.co.uk/mmz4281/2122/D1.csv
global-74be55ef073a9260acdec1bd,Football-Data.co.uk,data/raw/bundesliga_2021_2022_football_data_real.csv,034d0e1296e944dddf25e3c91b85ef5bd1ad25661b89d73878f5c73bfea4b9fc,2026-08-20T17:00:00Z,2021-22,Bundesliga,https://www.football-data.co.uk/mmz4281/2122/D1.csv
global-c466b529bc0694c14d408f3d,Football-Data.co.uk,data/raw/bundesliga_2021_2022_football_data_real.csv,034d0e1296e944dddf25e3c91b85ef5bd1ad25661b89d73878f5c73bfea4b9fc,2026-08-20T17:00:00Z,2021-22,Bundesliga,https://www.football-data.co.uk/mmz4281/2122/D1.csv
global-a7d97cbf1bb5cdf509304c77,Football-Data.co.uk,data/raw/bundesliga_2021_2022_football_data_real.csv,034d0e1296e944dddf25e3c91b85ef5bd1ad25661b89d73878f5c73bfea4b9fc,2026-08-20T17:00:00Z,2021-22,Bundesliga,https://www.football-data.co.uk/mmz4281/2122/D1.csv
global-d47c2d1b58dca1403f2f7a56,Football-Data.co.uk,data/raw/bundesliga_2021_2022_football_data_real.csv,034d0e1296e944dddf25e3c91b85ef5bd1ad25661b89d73878f5c73bfea4b9fc,2026-08-20T17:00:00Z,2021-22,Bundesliga,https://www.football-data.co.uk/mmz4281/2122/D1.csv
global-43cde468483c21afd8725775,Football-Data.co.uk,data/raw/bundesliga_2021_2022_football_data_real.csv,034d0e1296e944dddf25e3c91b85ef5bd1ad25661b89d73878f5c73bfea4b9fc,2026-08-20T17:00:00Z,2021-22,Bundesliga,https://www.football-data.co.uk/mmz4281/2122/D1.csv
global-0e5f17a739aae45ebcfe2ef6,Football-Data.co.uk,data/raw/bundesliga_2021_2022_football_data_real.csv,034d0e1296e944dddf25e3c91b85ef5bd1ad25661b89d73878f5c73bfea4b9fc,2026-08-20T17:00:00Z,2021-22,Bundesliga,https://www.football-data.co.uk/mmz4281/2122/D1.csv
global-4bb65b66630c83b4054329cc,Football-Data.co.uk,data/raw/bundesliga_2021_2022_football_data_real.csv,034d0e1296e944dddf25e3c91b85ef5bd1ad25661b89d73878f5c73bfea4b9fc,2026-08-20T17:00:00Z,2021-22,Bundesliga,https://www.football-data.co.uk/mmz4281/2122/D1.csv
global-c1908305101130525c1de202,Football-Data.co.uk,data/raw/bundesliga_2021_2022_football_data_real.csv,034d0e1296e944dddf25e3c91b85ef5bd1ad25661b89d73878f5c73bfea4b9fc,2026-08-20T17:00:00Z,2021-22,Bundesliga,https://www.football-data.co.uk/mmz4281/2122/D1.csv
global-8bed6102b9fe4f9a9517a982,Football-Data.co.uk,data/raw/bundesliga_2021_2022_football_data_real.csv,034d0e1296e944dddf25e3c91b85ef5bd1ad25661b89d73878f5c73bfea4b9fc,2026-08-20T17:00:00Z,2021-22,Bundesliga,https://www.football-data.co.uk/mmz4281/2122/D1.csv
global-899123975327556681dbf697,Football-Data.co.uk,data/raw/bundesliga_2021_2022_football_data_real.csv,034d0e1296e944dddf25e3c91b85ef5bd1ad25661b89d73878f5c73bfea4b9fc,2026-08-20T17:00:00Z,2021-22,Bundesliga,https://www.football-data.co.uk/mmz4281/2122/D1.csv
global-8d3fd563164f259f926e87b3,Football-Data.co.uk,data/raw/bundesliga_2021_2022_football_data_real.csv,034d0e1296e944dddf25e3c91b85ef5bd1ad25661b89d73878f5c73bfea4b9fc,2026-08-20T17:00:00Z,2021-22,Bundesliga,https://www.football-data.co.uk/mmz4281/2122/D1.csv
global-6eb001537238bee5d64c6e77,Football-Data.co.uk,data/raw/bundesliga_2021_2022_football_data_real.csv,034d0e1296e944dddf25e3c91b85ef5bd1ad25661b89d73878f5c73bfea4b9fc,2026-08-20T17:00:00Z,2021-22,Bundesliga,https://www.football-data.co.uk/mmz4281/2122/D1.csv
global-45ac07c25f1767642abd292c,Football-Data.co.uk,data/raw/bundesliga_2021_2022_football_data_real.csv,034d0e1296e944dddf25e3c91b85ef5bd1ad25661b89d73878f5c73bfea4b9fc,2026-08-20T17:00:00Z,2021-22,Bundesliga,https://www.football-data.co.uk/mmz4281/2122/D1.csv
global-b7d81d2f713d1a15c8c9b1f5,Football-Data.co.uk,data/raw/bundesliga_2021_2022_football_data_real.csv,034d0e1296e944dddf25e3c91b85ef5bd1ad25661b89d73878f5c73bfea4b9fc,2026-08-20T17:00:00Z,2021-22,Bundesliga,https://www.football-data.co.uk/mmz4281/2122/D1.csv
global-f208c5b3018078485ae4e731,Football-Data.co.uk,data/raw/bundesliga_2021_2022_football_data_real.csv,034d0e1296e944dddf25e3c91b85ef5bd1ad25661b89d73878f5c73bfea4b9fc,2026-08-20T17:00:00Z,2021-22,Bundesliga,https://www.football-data.co.uk/mmz4281/2122/D1.csv
global-0ce0ece6d5903f3e10475926,Football-Data.co.uk,data/raw/bundesliga_2021_2022_football_data_real.csv,034d0e1296e944dddf25e3c91b85ef5bd1ad25661b89d73878f5c73bfea4b9fc,2026-08-20T17:00:00Z,2021-22,Bundesliga,https://www.football-data.co.uk/mmz4281/2122/D1.csv
global-51b7c9da7c401a2bdebebbe8,Football-Data.co.uk,data/raw/bundesliga_2021_2022_football_data_real.csv,034d0e1296e944dddf25e3c91b85ef5bd1ad25661b89d73878f5c73bfea4b9fc,2026-08-20T17:00:00Z,2021-22,Bundesliga,https://www.football-data.co.uk/mmz4281/2122/D1.csv
global-d7f6f31e162af247e9458776,Football-Data.co.uk,data/raw/bundesliga_2021_2022_football_data_real.csv,034d0e1296e944dddf25e3c91b85ef5bd1ad25661b89d73878f5c73bfea4b9fc,2026-08-20T17:00:00Z,2021-22,Bundesliga,https://www.football-data.co.uk/mmz4281/2122/D1.csv
global-50a7704f35dc06b1399a40e2,Football-Data.co.uk,data/raw/bundesliga_2021_2022_football_data_real.csv,034d0e1296e944dddf25e3c91b85ef5bd1ad25661b89d73878f5c73bfea4b9fc,2026-08-20T17:00:00Z,2021-22,Bundesliga,https://www.football-data.co.uk/mmz4281/2122/D1.csv
global-918a24d63a4ee095a071b6b4,Football-Data.co.uk,data/raw/bundesliga_2021_2022_football_data_real.csv,034d0e1296e944dddf25e3c91b85ef5bd1ad25661b89d73878f5c73bfea4b9fc,2026-08-20T17:00:00Z,2021-22,Bundesliga,https://www.football-data.co.uk/mmz4281/2122/D1.csv
global-1d4de6beb0eef8f7b95bd33e,Football-Data.co.uk,data/raw/bundesliga_2021_2022_football_data_real.csv,034d0e1296e944dddf25e3c91b85ef5bd1ad25661b89d73878f5c73bfea4b9fc,2026-08-20T17:00:00Z,2021-22,Bundesliga,https://www.football-data.co.uk/mmz4281/2122/D1.csv
global-d170cdbb42ed7a03841346d7,Football-Data.co.uk,data/raw/bundesliga_2021_2022_football_data_real.csv,034d0e1296e944dddf25e3c91b85ef5bd1ad25661b89d73878f5c73bfea4b9fc,2026-08-20T17:00:00Z,2021-22,Bundesliga,https://www.football-data.co.uk/mmz4281/2122/D1.csv
global-a692075570a36ab0e02dee53,Football-Data.co.uk,data/raw/bundesliga_2021_2022_football_data_real.csv,034d0e1296e944dddf25e3c91b85ef5bd1ad25661b89d73878f5c73bfea4b9fc,2026-08-20T17:00:00Z,2021-22,Bundesliga,https://www.football-data.co.uk/mmz4281/2122/D1.csv
global-d641bdecd33e7238ace5c0d8,Football-Data.co.uk,data/raw/bundesliga_2021_2022_football_data_real.csv,034d0e1296e944dddf25e3c91b85ef5bd1ad25661b89d73878f5c73bfea4b9fc,2026-08-20T17:00:00Z,2021-22,Bundesliga,https://www.football-data.co.uk/mmz4281/2122/D1.csv
global-a1361446e52b018b9fbf0946,Football-Data.co.uk,data/raw/bundesliga_2021_2022_football_data_real.csv,034d0e1296e944dddf25e3c91b85ef5bd1ad25661b89d73878f5c73bfea4b9fc,2026-08-20T17:00:00Z,2021-22,Bundesliga,https://www.football-data.co.uk/mmz4281/2122/D1.csv
global-d4184be45004d4a648e98bf1,Football-Data.co.uk,data/raw/bundesliga_2021_2022_football_data_real.csv,034d0e1296e944dddf25e3c91b85ef5bd1ad25661b89d73878f5c73bfea4b9fc,2026-08-20T17:00:00Z,2021-22,Bundesliga,https://www.football-data.co.uk/mmz4281/2122/D1.csv
global-78a8222ab8b407492a7160b7,Football-Data.co.uk,data/raw/bundesliga_2021_2022_football_data_real.csv,034d0e1296e944dddf25e3c91b85ef5bd1ad25661b89d73878f5c73bfea4b9fc,2026-08-20T17:00:00Z,2021-22,Bundesliga,https://www.football-data.co.uk/mmz4281/2122/D1.csv
global-0715d134a0b247d8cfc84702,Football-Data.co.uk,data/raw/bundesliga_2021_2022_football_data_real.csv,034d0e1296e944dddf25e3c91b85ef5bd1ad25661b89d73878f5c73bfea4b9fc,2026-08-20T17:00:00Z,2021-22,Bundesliga,https://www.football-data.co.uk/mmz4281/2122/D1.csv
global-1c975fc790cc0d9dabd621d8,Football-Data.co.uk,data/raw/bundesliga_2021_2022_football_data_real.csv,034d0e1296e944dddf25e3c91b85ef5bd1ad25661b89d73878f5c73bfea4b9fc,2026-08-20T17:00:00Z,2021-22,Bundesliga,https://www.football-data.co.uk/mmz4281/2122/D1.csv
global-db3b36017970e027c8b44795,Football-Data.co.uk,data/raw/bundesliga_2021_2022_football_data_real.csv,034d0e1296e944dddf25e3c91b85ef5bd1ad25661b89d73878f5c73bfea4b9fc,2026-08-20T17:00:00Z,2021-22,Bundesliga,https://www.football-data.co.uk/mmz4281/2122/D1.csv
global-799f7b7ad251d38785bfde6a,Football-Data.co.uk,data/raw/bundesliga_2021_2022_football_data_real.csv,034d0e1296e944dddf25e3c91b85ef5bd1ad25661b89d73878f5c73bfea4b9fc,2026-08-20T17:00:00Z,2021-22,Bundesliga,https://www.football-data.co.uk/mmz4281/2122/D1.csv
global-dd021d803c4c3a8b89566513,Football-Data.co.uk,data/raw/bundesliga_2021_2022_football_data_real.csv,034d0e1296e944dddf25e3c91b85ef5bd1ad25661b89d73878f5c73bfea4b9fc,2026-08-20T17:00:00Z,2021-22,Bundesliga,https://www.football-data.co.uk/mmz4281/2122/D1.csv
global-fec6a54723d644f45266b4b1,Football-Data.co.uk,data/raw/bundesliga_2021_2022_football_data_real.csv,034d0e1296e944dddf25e3c91b85ef5bd1ad25661b89d73878f5c73bfea4b9fc,2026-08-20T17:00:00Z,2021-22,Bundesliga,https://www.football-data.co.uk/mmz4281/2122/D1.csv
global-62dff267652900394a036247,Football-Data.co.uk,data/raw/bundesliga_2021_2022_football_data_real.csv,034d0e1296e944dddf25e3c91b85ef5bd1ad25661b89d73878f5c73bfea4b9fc,2026-08-20T17:00:00Z,2021-22,Bundesliga,https://www.football-data.co.uk/mmz4281/2122/D1.csv
global-1ce14fd2cfde1c481a0c8de3,Football-Data.co.uk,data/raw/bundesliga_2021_2022_football_data_real.csv,034d0e1296e944dddf25e3c91b85ef5bd1ad25661b89d73878f5c73bfea4b9fc,2026-08-20T17:00:00Z,2021-22,Bundesliga,https://www.football-data.co.uk/mmz4281/2122/D1.csv
global-b0b13e098af42b51b10e0264,Football-Data.co.uk,data/raw/bundesliga_2021_2022_football_data_real.csv,034d0e1296e944dddf25e3c91b85ef5bd1ad25661b89d73878f5c73bfea4b9fc,2026-08-20T17:00:00Z,2021-22,Bundesliga,https://www.football-data.co.uk/mmz4281/2122/D1.csv
global-9191244461f124b89180f529,Football-Data.co.uk,data/raw/bundesliga_2021_2022_football_data_real.csv,034d0e1296e944dddf25e3c91b85ef5bd1ad25661b89d73878f5c73bfea4b9fc,2026-08-20T17:00:00Z,2021-22,Bundesliga,https://www.football-data.co.uk/mmz4281/2122/D1.csv
global-d24e8d03819e5c497579e1e8,Football-Data.co.uk,data/raw/bundesliga_2021_2022_football_data_real.csv,034d0e1296e944dddf25e3c91b85ef5bd1ad25661b89d73878f5c73bfea4b9fc,2026-08-20T17:00:00Z,2021-22,Bundesliga,https://www.football-data.co.uk/mmz4281/2122/D1.csv
global-9243d7f4e6444a561dd7f730,Football-Data.co.uk,data/raw/bundesliga_2021_2022_football_data_real.csv,034d0e1296e944dddf25e3c91b85ef5bd1ad25661b89d73878f5c73bfea4b9fc,2026-08-20T17:00:00Z,2021-22,Bundesliga,https://www.football-data.co.uk/mmz4281/2122/D1.csv
global-185dd0288ce3e682cf8e774b,Football-Data.co.uk,data/raw/bundesliga_2021_2022_football_data_real.csv,034d0e1296e944dddf25e3c91b85ef5bd1ad25661b89d73878f5c73bfea4b9fc,2026-08-20T17:00:00Z,2021-22,Bundesliga,https://www.football-data.co.uk/mmz4281/2122/D1.csv
global-0616b2550a336b8c416884ec,Football-Data.co.uk,data/raw/bundesliga_2021_2022_football_data_real.csv,034d0e1296e944dddf25e3c91b85ef5bd1ad25661b89d73878f5c73bfea4b9fc,2026-08-20T17:00:00Z,2021-22,Bundesliga,https://www.football-data.co.uk/mmz4281/2122/D1.csv
global-872cec068c0ffe7d63b1f798,Football-Data.co.uk,data/raw/bundesliga_2021_2022_football_data_real.csv,034d0e1296e944dddf25e3c91b85ef5bd1ad25661b89d73878f5c73bfea4b9fc,2026-08-20T17:00:00Z,2021-22,Bundesliga,https://www.football-data.co.uk/mmz4281/2122/D1.csv
global-f727392abfe6c8196d37b8bc,Football-Data.co.uk,data/raw/bundesliga_2021_2022_football_data_real.csv,034d0e1296e944dddf25e3c91b85ef5bd1ad25661b89d73878f5c73bfea4b9fc,2026-08-20T17:00:00Z,2021-22,Bundesliga,https://www.football-data.co.uk/mmz4281/2122/D1.csv
global-6364367e636725b77f4d2725,Football-Data.co.uk,data/raw/bundesliga_2021_2022_football_data_real.csv,034d0e1296e944dddf25e3c91b85ef5bd1ad25661b89d73878f5c73bfea4b9fc,2026-08-20T17:00:00Z,2021-22,Bundesliga,https://www.football-data.co.uk/mmz4281/2122/D1.csv
global-2ffd7e7404d7bf0e52902d0f,Football-Data.co.uk,data/raw/bundesliga_2021_2022_football_data_real.csv,034d0e1296e944dddf25e3c91b85ef5bd1ad25661b89d73878f5c73bfea4b9fc,2026-08-20T17:00:00Z,2021-22,Bundesliga,https://www.football-data.co.uk/mmz4281/2122/D1.csv
global-e19ef3063016becac5a27779,Football-Data.co.uk,data/raw/bundesliga_2021_2022_football_data_real.csv,034d0e1296e944dddf25e3c91b85ef5bd1ad25661b89d73878f5c73bfea4b9fc,2026-08-20T17:00:00Z,2021-22,Bundesliga,https://www.football-data.co.uk/mmz4281/2122/D1.csv
global-f5917f1b31b773bb486c2fbf,Football-Data.co.uk,data/raw/bundesliga_2021_2022_football_data_real.csv,034d0e1296e944dddf25e3c91b85ef5bd1ad25661b89d73878f5c73bfea4b9fc,2026-08-20T17:00:00Z,2021-22,Bundesliga,https://www.football-data.co.uk/mmz4281/2122/D1.csv
global-ff97febf6fc5384617087a3d,Football-Data.co.uk,data/raw/bundesliga_2021_2022_football_data_real.csv,034d0e1296e944dddf25e3c91b85ef5bd1ad25661b89d73878f5c73bfea4b9fc,2026-08-20T17:00:00Z,2021-22,Bundesliga,https://www.football-data.co.uk/mmz4281/2122/D1.csv
global-9dc38536cbd32a4b89fc0f29,Football-Data.co.uk,data/raw/bundesliga_2021_2022_football_data_real.csv,034d0e1296e944dddf25e3c91b85ef5bd1ad25661b89d73878f5c73bfea4b9fc,2026-08-20T17:00:00Z,2021-22,Bundesliga,https://www.football-data.co.uk/mmz4281/2122/D1.csv
global-bea604b79352f731c84bae3d,Football-Data.co.uk,data/raw/bundesliga_2021_2022_football_data_real.csv,034d0e1296e944dddf25e3c91b85ef5bd1ad25661b89d73878f5c73bfea4b9fc,2026-08-20T17:00:00Z,2021-22,Bundesliga,https://www.football-data.co.uk/mmz4281/2122/D1.csv
global-1662be2dbf877ed2084ea875,Football-Data.co.uk,data/raw/bundesliga_2021_2022_football_data_real.csv,034d0e1296e944dddf25e3c91b85ef5bd1ad25661b89d73878f5c73bfea4b9fc,2026-08-20T17:00:00Z,2021-22,Bundesliga,https://www.football-data.co.uk/mmz4281/2122/D1.csv
global-c7584efbe8f29a61a66c5eac,Football-Data.co.uk,data/raw/bundesliga_2021_2022_football_data_real.csv,034d0e1296e944dddf25e3c91b85ef5bd1ad25661b89d73878f5c73bfea4b9fc,2026-08-20T17:00:00Z,2021-22,Bundesliga,https://www.football-data.co.uk/mmz4281/2122/D1.csv
global-661e42317693669514de9d7e,Football-Data.co.uk,data/raw/bundesliga_2021_2022_football_data_real.csv,034d0e1296e944dddf25e3c91b85ef5bd1ad25661b89d73878f5c73bfea4b9fc,2026-08-20T17:00:00Z,2021-22,Bundesliga,https://www.football-data.co.uk/mmz4281/2122/D1.csv
global-ba396fa9a009193835e75b7c,Football-Data.co.uk,data/raw/bundesliga_2021_2022_football_data_real.csv,034d0e1296e944dddf25e3c91b85ef5bd1ad25661b89d73878f5c73bfea4b9fc,2026-08-20T17:00:00Z,2021-22,Bundesliga,https://www.football-data.co.uk/mmz4281/2122/D1.csv
global-0002e1f3e5bcc8a943cf7935,Football-Data.co.uk,data/raw/bundesliga_2021_2022_football_data_real.csv,034d0e1296e944dddf25e3c91b85ef5bd1ad25661b89d73878f5c73bfea4b9fc,2026-08-20T17:00:00Z,2021-22,Bundesliga,https://www.football-data.co.uk/mmz4281/2122/D1.csv
global-67af5ad1327eae5f5d5d0d54,Football-Data.co.uk,data/raw/bundesliga_2021_2022_football_data_real.csv,034d0e1296e944dddf25e3c91b85ef5bd1ad25661b89d73878f5c73bfea4b9fc,2026-08-20T17:00:00Z,2021-22,Bundesliga,https://www.football-data.co.uk/mmz4281/2122/D1.csv
global-60bb8f92dc004fbc47167327,Football-Data.co.uk,data/raw/bundesliga_2021_2022_football_data_real.csv,034d0e1296e944dddf25e3c91b85ef5bd1ad25661b89d73878f5c73bfea4b9fc,2026-08-20T17:00:00Z,2021-22,Bundesliga,https://www.football-data.co.uk/mmz4281/2122/D1.csv
global-c617f22d5f73c0d9822a059b,Football-Data.co.uk,data/raw/bundesliga_2021_2022_football_data_real.csv,034d0e1296e944dddf25e3c91b85ef5bd1ad25661b89d73878f5c73bfea4b9fc,2026-08-20T17:00:00Z,2021-22,Bundesliga,https://www.football-data.co.uk/mmz4281/2122/D1.csv
global-7fe78b5af5deda6332214c80,Football-Data.co.uk,data/raw/bundesliga_2021_2022_football_data_real.csv,034d0e1296e944dddf25e3c91b85ef5bd1ad25661b89d73878f5c73bfea4b9fc,2026-08-20T17:00:00Z,2021-22,Bundesliga,https://www.football-data.co.uk/mmz4281/2122/D1.csv
global-28026a03b4402a545b889890,Football-Data.co.uk,data/raw/bundesliga_2021_2022_football_data_real.csv,034d0e1296e944dddf25e3c91b85ef5bd1ad25661b89d73878f5c73bfea4b9fc,2026-08-20T17:00:00Z,2021-22,Bundesliga,https://www.football-data.co.uk/mmz4281/2122/D1.csv
global-2260c17ab9dc92e0ae1e73b2,Football-Data.co.uk,data/raw/bundesliga_2021_2022_football_data_real.csv,034d0e1296e944dddf25e3c91b85ef5bd1ad25661b89d73878f5c73bfea4b9fc,2026-08-20T17:00:00Z,2021-22,Bundesliga,https://www.football-data.co.uk/mmz4281/2122/D1.csv
global-0ebad74a48715ea8d95c9c9b,Football-Data.co.uk,data/raw/bundesliga_2021_2022_football_data_real.csv,034d0e1296e944dddf25e3c91b85ef5bd1ad25661b89d73878f5c73bfea4b9fc,2026-08-20T17:00:00Z,2021-22,Bundesliga,https://www.football-data.co.uk/mmz4281/2122/D1.csv
global-e9a06715f6564b09a452c3de,Football-Data.co.uk,data/raw/bundesliga_2021_2022_football_data_real.csv,034d0e1296e944dddf25e3c91b85ef5bd1ad25661b89d73878f5c73bfea4b9fc,2026-08-20T17:00:00Z,2021-22,Bundesliga,https://www.football-data.co.uk/mmz4281/2122/D1.csv
global-6b32dd6cf7f8b742e3e8d71e,Football-Data.co.uk,data/raw/bundesliga_2021_2022_football_data_real.csv,034d0e1296e944dddf25e3c91b85ef5bd1ad25661b89d73878f5c73bfea4b9fc,2026-08-20T17:00:00Z,2021-22,Bundesliga,https://www.football-data.co.uk/mmz4281/2122/D1.csv
global-eb6c5980a760972d46c4b03f,Football-Data.co.uk,data/raw/bundesliga_2021_2022_football_data_real.csv,034d0e1296e944dddf25e3c91b85ef5bd1ad25661b89d73878f5c73bfea4b9fc,2026-08-20T17:00:00Z,2021-22,Bundesliga,https://www.football-data.co.uk/mmz4281/2122/D1.csv
global-091125621276581e9b420396,Football-Data.co.uk,data/raw/bundesliga_2021_2022_football_data_real.csv,034d0e1296e944dddf25e3c91b85ef5bd1ad25661b89d73878f5c73bfea4b9fc,2026-08-20T17:00:00Z,2021-22,Bundesliga,https://www.football-data.co.uk/mmz4281/2122/D1.csv
global-fbd1e75c4ed95f72e55a6833,Football-Data.co.uk,data/raw/bundesliga_2021_2022_football_data_real.csv,034d0e1296e944dddf25e3c91b85ef5bd1ad25661b89d73878f5c73bfea4b9fc,2026-08-20T17:00:00Z,2021-22,Bundesliga,https://www.football-data.co.uk/mmz4281/2122/D1.csv
global-784d118f6a5539ee737463b9,Football-Data.co.uk,data/raw/bundesliga_2021_2022_football_data_real.csv,034d0e1296e944dddf25e3c91b85ef5bd1ad25661b89d73878f5c73bfea4b9fc,2026-08-20T17:00:00Z,2021-22,Bundesliga,https://www.football-data.co.uk/mmz4281/2122/D1.csv
global-e077ddad549fd25d8526a6b3,Football-Data.co.uk,data/raw/bundesliga_2021_2022_football_data_real.csv,034d0e1296e944dddf25e3c91b85ef5bd1ad25661b89d73878f5c73bfea4b9fc,2026-08-20T17:00:00Z,2021-22,Bundesliga,https://www.football-data.co.uk/mmz4281/2122/D1.csv
global-5f8022be9ad9c4f6e248ae1c,Football-Data.co.uk,data/raw/bundesliga_2021_2022_football_data_real.csv,034d0e1296e944dddf25e3c91b85ef5bd1ad25661b89d73878f5c73bfea4b9fc,2026-08-20T17:00:00Z,2021-22,Bundesliga,https://www.football-data.co.uk/mmz4281/2122/D1.csv
global-c9bddae27111b2e36b364fef,Football-Data.co.uk,data/raw/bundesliga_2021_2022_football_data_real.csv,034d0e1296e944dddf25e3c91b85ef5bd1ad25661b89d73878f5c73bfea4b9fc,2026-08-20T17:00:00Z,2021-22,Bundesliga,https://www.football-data.co.uk/mmz4281/2122/D1.csv
global-8b94d3a08e728f4d4ea26443,Football-Data.co.uk,data/raw/bundesliga_2021_2022_football_data_real.csv,034d0e1296e944dddf25e3c91b85ef5bd1ad25661b89d73878f5c73bfea4b9fc,2026-08-20T17:00:00Z,2021-22,Bundesliga,https://www.football-data.co.uk/mmz4281/2122/D1.csv
global-5587704a6517ae92bc220829,Football-Data.co.uk,data/raw/bundesliga_2021_2022_football_data_real.csv,034d0e1296e944dddf25e3c91b85ef5bd1ad25661b89d73878f5c73bfea4b9fc,2026-08-20T17:00:00Z,2021-22,Bundesliga,https://www.football-data.co.uk/mmz4281/2122/D1.csv
global-75822f9043ed4aa39a94532b,Football-Data.co.uk,data/raw/bundesliga_2021_2022_football_data_real.csv,034d0e1296e944dddf25e3c91b85ef5bd1ad25661b89d73878f5c73bfea4b9fc,2026-08-20T17:00:00Z,2021-22,Bundesliga,https://www.football-data.co.uk/mmz4281/2122/D1.csv
global-c0d1f9ed4c4a0e3ed2ef5e52,Football-Data.co.uk,data/raw/bundesliga_2021_2022_football_data_real.csv,034d0e1296e944dddf25e3c91b85ef5bd1ad25661b89d73878f5c73bfea4b9fc,2026-08-20T17:00:00Z,2021-22,Bundesliga,https://www.football-data.co.uk/mmz4281/2122/D1.csv
global-4409b4bf79717e6209170ca3,Football-Data.co.uk,data/raw/bundesliga_2021_2022_football_data_real.csv,034d0e1296e944dddf25e3c91b85ef5bd1ad25661b89d73878f5c73bfea4b9fc,2026-08-20T17:00:00Z,2021-22,Bundesliga,https://www.football-data.co.uk/mmz4281/2122/D1.csv
global-b5f23b17a6bcefffe86e74e5,Football-Data.co.uk,data/raw/bundesliga_2021_2022_football_data_real.csv,034d0e1296e944dddf25e3c91b85ef5bd1ad25661b89d73878f5c73bfea4b9fc,2026-08-20T17:00:00Z,2021-22,Bundesliga,https://www.football-data.co.uk/mmz4281/2122/D1.csv
global-f2cd6786363c402e98f2c2d4,Football-Data.co.uk,data/raw/bundesliga_2021_2022_football_data_real.csv,034d0e1296e944dddf25e3c91b85ef5bd1ad25661b89d73878f5c73bfea4b9fc,2026-08-20T17:00:00Z,2021-22,Bundesliga,https://www.football-data.co.uk/mmz4281/2122/D1.csv
global-09e6660a80c2a952368611df,Football-Data.co.uk,data/raw/bundesliga_2021_2022_football_data_real.csv,034d0e1296e944dddf25e3c91b85ef5bd1ad25661b89d73878f5c73bfea4b9fc,2026-08-20T17:00:00Z,2021-22,Bundesliga,https://www.football-data.co.uk/mmz4281/2122/D1.csv
global-1ea1e748ff06d10861d26f99,Football-Data.co.uk,data/raw/bundesliga_2021_2022_football_data_real.csv,034d0e1296e944dddf25e3c91b85ef5bd1ad25661b89d73878f5c73bfea4b9fc,2026-08-20T17:00:00Z,2021-22,Bundesliga,https://www.football-data.co.uk/mmz4281/2122/D1.csv
global-fd99eb170944ca073ea05509,Football-Data.co.uk,data/raw/bundesliga_2021_2022_football_data_real.csv,034d0e1296e944dddf25e3c91b85ef5bd1ad25661b89d73878f5c73bfea4b9fc,2026-08-20T17:00:00Z,2021-22,Bundesliga,https://www.football-data.co.uk/mmz4281/2122/D1.csv
global-90310193a2c9189959ef6e76,Football-Data.co.uk,data/raw/bundesliga_2021_2022_football_data_real.csv,034d0e1296e944dddf25e3c91b85ef5bd1ad25661b89d73878f5c73bfea4b9fc,2026-08-20T17:00:00Z,2021-22,Bundesliga,https://www.football-data.co.uk/mmz4281/2122/D1.csv
global-167cfce1cb00412e5956ac09,Football-Data.co.uk,data/raw/bundesliga_2021_2022_football_data_real.csv,034d0e1296e944dddf25e3c91b85ef5bd1ad25661b89d73878f5c73bfea4b9fc,2026-08-20T17:00:00Z,2021-22,Bundesliga,https://www.football-data.co.uk/mmz4281/2122/D1.csv
global-5e3bf34f725235ae175b3417,Football-Data.co.uk,data/raw/bundesliga_2021_2022_football_data_real.csv,034d0e1296e944dddf25e3c91b85ef5bd1ad25661b89d73878f5c73bfea4b9fc,2026-08-20T17:00:00Z,2021-22,Bundesliga,https://www.football-data.co.uk/mmz4281/2122/D1.csv
global-0677d211e221bb73f5873e66,Football-Data.co.uk,data/raw/bundesliga_2021_2022_football_data_real.csv,034d0e1296e944dddf25e3c91b85ef5bd1ad25661b89d73878f5c73bfea4b9fc,2026-08-20T17:00:00Z,2021-22,Bundesliga,https://www.football-data.co.uk/mmz4281/2122/D1.csv
global-c67f7dedd850a82f19146375,Football-Data.co.uk,data/raw/bundesliga_2021_2022_football_data_real.csv,034d0e1296e944dddf25e3c91b85ef5bd1ad25661b89d73878f5c73bfea4b9fc,2026-08-20T17:00:00Z,2021-22,Bundesliga,https://www.football-data.co.uk/mmz4281/2122/D1.csv
global-7ed515c28acc12230f158746,Football-Data.co.uk,data/raw/bundesliga_2021_2022_football_data_real.csv,034d0e1296e944dddf25e3c91b85ef5bd1ad25661b89d73878f5c73bfea4b9fc,2026-08-20T17:00:00Z,2021-22,Bundesliga,https://www.football-data.co.uk/mmz4281/2122/D1.csv
global-aa8583bdd682580e2f12feeb,Football-Data.co.uk,data/raw/bundesliga_2021_2022_football_data_real.csv,034d0e1296e944dddf25e3c91b85ef5bd1ad25661b89d73878f5c73bfea4b9fc,2026-08-20T17:00:00Z,2021-22,Bundesliga,https://www.football-data.co.uk/mmz4281/2122/D1.csv
global-0ca0760e05a566e562729606,Football-Data.co.uk,data/raw/bundesliga_2021_2022_football_data_real.csv,034d0e1296e944dddf25e3c91b85ef5bd1ad25661b89d73878f5c73bfea4b9fc,2026-08-20T17:00:00Z,2021-22,Bundesliga,https://www.football-data.co.uk/mmz4281/2122/D1.csv
global-7ff9547d969c986f949d41fc,Football-Data.co.uk,data/raw/bundesliga_2021_2022_football_data_real.csv,034d0e1296e944dddf25e3c91b85ef5bd1ad25661b89d73878f5c73bfea4b9fc,2026-08-20T17:00:00Z,2021-22,Bundesliga,https://www.football-data.co.uk/mmz4281/2122/D1.csv
global-828ac125601f6e62db879f8e,Football-Data.co.uk,data/raw/bundesliga_2021_2022_football_data_real.csv,034d0e1296e944dddf25e3c91b85ef5bd1ad25661b89d73878f5c73bfea4b9fc,2026-08-20T17:00:00Z,2021-22,Bundesliga,https://www.football-data.co.uk/mmz4281/2122/D1.csv
global-5df09e9809cd3838a252f3a6,Football-Data.co.uk,data/raw/bundesliga_2021_2022_football_data_real.csv,034d0e1296e944dddf25e3c91b85ef5bd1ad25661b89d73878f5c73bfea4b9fc,2026-08-20T17:00:00Z,2021-22,Bundesliga,https://www.football-data.co.uk/mmz4281/2122/D1.csv
global-6772c3db93d5e0af9598fa2d,Football-Data.co.uk,data/raw/bundesliga_2021_2022_football_data_real.csv,034d0e1296e944dddf25e3c91b85ef5bd1ad25661b89d73878f5c73bfea4b9fc,2026-08-20T17:00:00Z,2021-22,Bundesliga,https://www.football-data.co.uk/mmz4281/2122/D1.csv
global-bab42165f0d280a6594a1640,Football-Data.co.uk,data/raw/bundesliga_2021_2022_football_data_real.csv,034d0e1296e944dddf25e3c91b85ef5bd1ad25661b89d73878f5c73bfea4b9fc,2026-08-20T17:00:00Z,2021-22,Bundesliga,https://www.football-data.co.uk/mmz4281/2122/D1.csv
global-00d7c9246f426d23617f382c,Football-Data.co.uk,data/raw/bundesliga_2021_2022_football_data_real.csv,034d0e1296e944dddf25e3c91b85ef5bd1ad25661b89d73878f5c73bfea4b9fc,2026-08-20T17:00:00Z,2021-22,Bundesliga,https://www.football-data.co.uk/mmz4281/2122/D1.csv
global-27c7ed19c8b8be44a5a1ac11,Football-Data.co.uk,data/raw/bundesliga_2021_2022_football_data_real.csv,034d0e1296e944dddf25e3c91b85ef5bd1ad25661b89d73878f5c73bfea4b9fc,2026-08-20T17:00:00Z,2021-22,Bundesliga,https://www.football-data.co.uk/mmz4281/2122/D1.csv
global-98a891ac314ca6eb9d339bf5,Football-Data.co.uk,data/raw/bundesliga_2021_2022_football_data_real.csv,034d0e1296e944dddf25e3c91b85ef5bd1ad25661b89d73878f5c73bfea4b9fc,2026-08-20T17:00:00Z,2021-22,Bundesliga,https://www.football-data.co.uk/mmz4281/2122/D1.csv
global-77323e9e3de138c8af611f95,Football-Data.co.uk,data/raw/bundesliga_2021_2022_football_data_real.csv,034d0e1296e944dddf25e3c91b85ef5bd1ad25661b89d73878f5c73bfea4b9fc,2026-08-20T17:00:00Z,2021-22,Bundesliga,https://www.football-data.co.uk/mmz4281/2122/D1.csv
global-afc1eeda35f771c347eb6ca7,Football-Data.co.uk,data/raw/bundesliga_2022_2023_football_data_real.csv,b716517b25033ce8e0243e967aa961876425a4c41e97c8aa8fa59f2aca061341,2026-08-20T17:00:00Z,2022-23,Bundesliga,https://www.football-data.co.uk/mmz4281/2223/D1.csv
global-e29bf18602b1d73a6ab57491,Football-Data.co.uk,data/raw/bundesliga_2022_2023_football_data_real.csv,b716517b25033ce8e0243e967aa961876425a4c41e97c8aa8fa59f2aca061341,2026-08-20T17:00:00Z,2022-23,Bundesliga,https://www.football-data.co.uk/mmz4281/2223/D1.csv
global-957db5f11e9a4aef1edc6e48,Football-Data.co.uk,data/raw/bundesliga_2022_2023_football_data_real.csv,b716517b25033ce8e0243e967aa961876425a4c41e97c8aa8fa59f2aca061341,2026-08-20T17:00:00Z,2022-23,Bundesliga,https://www.football-data.co.uk/mmz4281/2223/D1.csv
global-b4656d5fd7af813d305c02aa,Football-Data.co.uk,data/raw/bundesliga_2022_2023_football_data_real.csv,b716517b25033ce8e0243e967aa961876425a4c41e97c8aa8fa59f2aca061341,2026-08-20T17:00:00Z,2022-23,Bundesliga,https://www.football-data.co.uk/mmz4281/2223/D1.csv
global-ec83f299af13386d2166caa4,Football-Data.co.uk,data/raw/bundesliga_2022_2023_football_data_real.csv,b716517b25033ce8e0243e967aa961876425a4c41e97c8aa8fa59f2aca061341,2026-08-20T17:00:00Z,2022-23,Bundesliga,https://www.football-data.co.uk/mmz4281/2223/D1.csv
global-5d40cc48d827a7390ff1be06,Football-Data.co.uk,data/raw/bundesliga_2022_2023_football_data_real.csv,b716517b25033ce8e0243e967aa961876425a4c41e97c8aa8fa59f2aca061341,2026-08-20T17:00:00Z,2022-23,Bundesliga,https://www.football-data.co.uk/mmz4281/2223/D1.csv
global-bc2185046091f7be7a145881,Football-Data.co.uk,data/raw/bundesliga_2022_2023_football_data_real.csv,b716517b25033ce8e0243e967aa961876425a4c41e97c8aa8fa59f2aca061341,2026-08-20T17:00:00Z,2022-23,Bundesliga,https://www.football-data.co.uk/mmz4281/2223/D1.csv
global-f0689abd9d5714d13ac63cd9,Football-Data.co.uk,data/raw/bundesliga_2022_2023_football_data_real.csv,b716517b25033ce8e0243e967aa961876425a4c41e97c8aa8fa59f2aca061341,2026-08-20T17:00:00Z,2022-23,Bundesliga,https://www.football-data.co.uk/mmz4281/2223/D1.csv
global-70d8770c830a2417157d3164,Football-Data.co.uk,data/raw/bundesliga_2022_2023_football_data_real.csv,b716517b25033ce8e0243e967aa961876425a4c41e97c8aa8fa59f2aca061341,2026-08-20T17:00:00Z,2022-23,Bundesliga,https://www.football-data.co.uk/mmz4281/2223/D1.csv
global-6aea9864d414b58d074477c0,Football-Data.co.uk,data/raw/bundesliga_2022_2023_football_data_real.csv,b716517b25033ce8e0243e967aa961876425a4c41e97c8aa8fa59f2aca061341,2026-08-20T17:00:00Z,2022-23,Bundesliga,https://www.football-data.co.uk/mmz4281/2223/D1.csv
global-3600203e5f4cfabc71fb4f4e,Football-Data.co.uk,data/raw/bundesliga_2022_2023_football_data_real.csv,b716517b25033ce8e0243e967aa961876425a4c41e97c8aa8fa59f2aca061341,2026-08-20T17:00:00Z,2022-23,Bundesliga,https://www.football-data.co.uk/mmz4281/2223/D1.csv
global-a9a8e2ae94282b694a40a697,Football-Data.co.uk,data/raw/bundesliga_2022_2023_football_data_real.csv,b716517b25033ce8e0243e967aa961876425a4c41e97c8aa8fa59f2aca061341,2026-08-20T17:00:00Z,2022-23,Bundesliga,https://www.football-data.co.uk/mmz4281/2223/D1.csv
global-423aee5fe28ca4ebd25cdf97,Football-Data.co.uk,data/raw/bundesliga_2022_2023_football_data_real.csv,b716517b25033ce8e0243e967aa961876425a4c41e97c8aa8fa59f2aca061341,2026-08-20T17:00:00Z,2022-23,Bundesliga,https://www.football-data.co.uk/mmz4281/2223/D1.csv
global-00bb360da5a5bbc9cf0e34d9,Football-Data.co.uk,data/raw/bundesliga_2022_2023_football_data_real.csv,b716517b25033ce8e0243e967aa961876425a4c41e97c8aa8fa59f2aca061341,2026-08-20T17:00:00Z,2022-23,Bundesliga,https://www.football-data.co.uk/mmz4281/2223/D1.csv
global-dbd46499e10a5415cc680c05,Football-Data.co.uk,data/raw/bundesliga_2022_2023_football_data_real.csv,b716517b25033ce8e0243e967aa961876425a4c41e97c8aa8fa59f2aca061341,2026-08-20T17:00:00Z,2022-23,Bundesliga,https://www.football-data.co.uk/mmz4281/2223/D1.csv
global-6dcf64592d4703aee74a7f86,Football-Data.co.uk,data/raw/bundesliga_2022_2023_football_data_real.csv,b716517b25033ce8e0243e967aa961876425a4c41e97c8aa8fa59f2aca061341,2026-08-20T17:00:00Z,2022-23,Bundesliga,https://www.football-data.co.uk/mmz4281/2223/D1.csv
global-80f952c6a4a43165d06e921f,Football-Data.co.uk,data/raw/bundesliga_2022_2023_football_data_real.csv,b716517b25033ce8e0243e967aa961876425a4c41e97c8aa8fa59f2aca061341,2026-08-20T17:00:00Z,2022-23,Bundesliga,https://www.football-data.co.uk/mmz4281/2223/D1.csv
global-7c59e2842127b5ec5b2711e7,Football-Data.co.uk,data/raw/bundesliga_2022_2023_football_data_real.csv,b716517b25033ce8e0243e967aa961876425a4c41e97c8aa8fa59f2aca061341,2026-08-20T17:00:00Z,2022-23,Bundesliga,https://www.football-data.co.uk/mmz4281/2223/D1.csv
global-2628041947647cbc7443103d,Football-Data.co.uk,data/raw/bundesliga_2022_2023_football_data_real.csv,b716517b25033ce8e0243e967aa961876425a4c41e97c8aa8fa59f2aca061341,2026-08-20T17:00:00Z,2022-23,Bundesliga,https://www.football-data.co.uk/mmz4281/2223/D1.csv
global-f483b92f706817c2348fdf23,Football-Data.co.uk,data/raw/bundesliga_2022_2023_football_data_real.csv,b716517b25033ce8e0243e967aa961876425a4c41e97c8aa8fa59f2aca061341,2026-08-20T17:00:00Z,2022-23,Bundesliga,https://www.football-data.co.uk/mmz4281/2223/D1.csv
global-b40d5a703e34a580a38d25bc,Football-Data.co.uk,data/raw/bundesliga_2022_2023_football_data_real.csv,b716517b25033ce8e0243e967aa961876425a4c41e97c8aa8fa59f2aca061341,2026-08-20T17:00:00Z,2022-23,Bundesliga,https://www.football-data.co.uk/mmz4281/2223/D1.csv
global-98d54a42af259159e0ccdef4,Football-Data.co.uk,data/raw/bundesliga_2022_2023_football_data_real.csv,b716517b25033ce8e0243e967aa961876425a4c41e97c8aa8fa59f2aca061341,2026-08-20T17:00:00Z,2022-23,Bundesliga,https://www.football-data.co.uk/mmz4281/2223/D1.csv
global-21ae42b82b501a1d6103a00e,Football-Data.co.uk,data/raw/bundesliga_2022_2023_football_data_real.csv,b716517b25033ce8e0243e967aa961876425a4c41e97c8aa8fa59f2aca061341,2026-08-20T17:00:00Z,2022-23,Bundesliga,https://www.football-data.co.uk/mmz4281/2223/D1.csv
global-62076c19483794bf2ab66b1f,Football-Data.co.uk,data/raw/bundesliga_2022_2023_football_data_real.csv,b716517b25033ce8e0243e967aa961876425a4c41e97c8aa8fa59f2aca061341,2026-08-20T17:00:00Z,2022-23,Bundesliga,https://www.football-data.co.uk/mmz4281/2223/D1.csv
global-180faff787c4196381bab97f,Football-Data.co.uk,data/raw/bundesliga_2022_2023_football_data_real.csv,b716517b25033ce8e0243e967aa961876425a4c41e97c8aa8fa59f2aca061341,2026-08-20T17:00:00Z,2022-23,Bundesliga,https://www.football-data.co.uk/mmz4281/2223/D1.csv
global-5499ecbda1ce90aa4fe17136,Football-Data.co.uk,data/raw/bundesliga_2022_2023_football_data_real.csv,b716517b25033ce8e0243e967aa961876425a4c41e97c8aa8fa59f2aca061341,2026-08-20T17:00:00Z,2022-23,Bundesliga,https://www.football-data.co.uk/mmz4281/2223/D1.csv
global-c0a8b154061f4cfba545b099,Football-Data.co.uk,data/raw/bundesliga_2022_2023_football_data_real.csv,b716517b25033ce8e0243e967aa961876425a4c41e97c8aa8fa59f2aca061341,2026-08-20T17:00:00Z,2022-23,Bundesliga,https://www.football-data.co.uk/mmz4281/2223/D1.csv
global-25ba0f22dd96ad9eee8536b4,Football-Data.co.uk,data/raw/bundesliga_2022_2023_football_data_real.csv,b716517b25033ce8e0243e967aa961876425a4c41e97c8aa8fa59f2aca061341,2026-08-20T17:00:00Z,2022-23,Bundesliga,https://www.football-data.co.uk/mmz4281/2223/D1.csv
global-cdd0f68f8ec992fedf61f247,Football-Data.co.uk,data/raw/bundesliga_2022_2023_football_data_real.csv,b716517b25033ce8e0243e967aa961876425a4c41e97c8aa8fa59f2aca061341,2026-08-20T17:00:00Z,2022-23,Bundesliga,https://www.football-data.co.uk/mmz4281/2223/D1.csv
global-82b8604b771d32ce2ad39536,Football-Data.co.uk,data/raw/bundesliga_2022_2023_football_data_real.csv,b716517b25033ce8e0243e967aa961876425a4c41e97c8aa8fa59f2aca061341,2026-08-20T17:00:00Z,2022-23,Bundesliga,https://www.football-data.co.uk/mmz4281/2223/D1.csv
global-3995f2859b665cc34ac024b3,Football-Data.co.uk,data/raw/bundesliga_2022_2023_football_data_real.csv,b716517b25033ce8e0243e967aa961876425a4c41e97c8aa8fa59f2aca061341,2026-08-20T17:00:00Z,2022-23,Bundesliga,https://www.football-data.co.uk/mmz4281/2223/D1.csv
global-30bc90a7fc9ecf928baab5e0,Football-Data.co.uk,data/raw/bundesliga_2022_2023_football_data_real.csv,b716517b25033ce8e0243e967aa961876425a4c41e97c8aa8fa59f2aca061341,2026-08-20T17:00:00Z,2022-23,Bundesliga,https://www.football-data.co.uk/mmz4281/2223/D1.csv
global-abc18a6a12d7a4f456d37103,Football-Data.co.uk,data/raw/bundesliga_2022_2023_football_data_real.csv,b716517b25033ce8e0243e967aa961876425a4c41e97c8aa8fa59f2aca061341,2026-08-20T17:00:00Z,2022-23,Bundesliga,https://www.football-data.co.uk/mmz4281/2223/D1.csv
global-3775cde05ff055001aba01dd,Football-Data.co.uk,data/raw/bundesliga_2022_2023_football_data_real.csv,b716517b25033ce8e0243e967aa961876425a4c41e97c8aa8fa59f2aca061341,2026-08-20T17:00:00Z,2022-23,Bundesliga,https://www.football-data.co.uk/mmz4281/2223/D1.csv
global-5fb1c4a0da63abead7eede7d,Football-Data.co.uk,data/raw/bundesliga_2022_2023_football_data_real.csv,b716517b25033ce8e0243e967aa961876425a4c41e97c8aa8fa59f2aca061341,2026-08-20T17:00:00Z,2022-23,Bundesliga,https://www.football-data.co.uk/mmz4281/2223/D1.csv
global-47e3a3a0e41ff839d57abfc7,Football-Data.co.uk,data/raw/bundesliga_2022_2023_football_data_real.csv,b716517b25033ce8e0243e967aa961876425a4c41e97c8aa8fa59f2aca061341,2026-08-20T17:00:00Z,2022-23,Bundesliga,https://www.football-data.co.uk/mmz4281/2223/D1.csv
global-9b8dfee8e8cead7a973767a5,Football-Data.co.uk,data/raw/bundesliga_2022_2023_football_data_real.csv,b716517b25033ce8e0243e967aa961876425a4c41e97c8aa8fa59f2aca061341,2026-08-20T17:00:00Z,2022-23,Bundesliga,https://www.football-data.co.uk/mmz4281/2223/D1.csv
global-014c1d4be96070630178f40d,Football-Data.co.uk,data/raw/bundesliga_2022_2023_football_data_real.csv,b716517b25033ce8e0243e967aa961876425a4c41e97c8aa8fa59f2aca061341,2026-08-20T17:00:00Z,2022-23,Bundesliga,https://www.football-data.co.uk/mmz4281/2223/D1.csv
global-4e89c6b672fe22d6526a67b5,Football-Data.co.uk,data/raw/bundesliga_2022_2023_football_data_real.csv,b716517b25033ce8e0243e967aa961876425a4c41e97c8aa8fa59f2aca061341,2026-08-20T17:00:00Z,2022-23,Bundesliga,https://www.football-data.co.uk/mmz4281/2223/D1.csv
global-fababa3cba196a1c5e5efb2d,Football-Data.co.uk,data/raw/bundesliga_2022_2023_football_data_real.csv,b716517b25033ce8e0243e967aa961876425a4c41e97c8aa8fa59f2aca061341,2026-08-20T17:00:00Z,2022-23,Bundesliga,https://www.football-data.co.uk/mmz4281/2223/D1.csv
global-0309880e866af3e94b8d4799,Football-Data.co.uk,data/raw/bundesliga_2022_2023_football_data_real.csv,b716517b25033ce8e0243e967aa961876425a4c41e97c8aa8fa59f2aca061341,2026-08-20T17:00:00Z,2022-23,Bundesliga,https://www.football-data.co.uk/mmz4281/2223/D1.csv
global-996246c520ac65d29052ebe7,Football-Data.co.uk,data/raw/bundesliga_2022_2023_football_data_real.csv,b716517b25033ce8e0243e967aa961876425a4c41e97c8aa8fa59f2aca061341,2026-08-20T17:00:00Z,2022-23,Bundesliga,https://www.football-data.co.uk/mmz4281/2223/D1.csv
global-790bc17ade091d710af8e8b3,Football-Data.co.uk,data/raw/bundesliga_2022_2023_football_data_real.csv,b716517b25033ce8e0243e967aa961876425a4c41e97c8aa8fa59f2aca061341,2026-08-20T17:00:00Z,2022-23,Bundesliga,https://www.football-data.co.uk/mmz4281/2223/D1.csv
global-2b1e68661c87614acdb75d5b,Football-Data.co.uk,data/raw/bundesliga_2022_2023_football_data_real.csv,b716517b25033ce8e0243e967aa961876425a4c41e97c8aa8fa59f2aca061341,2026-08-20T17:00:00Z,2022-23,Bundesliga,https://www.football-data.co.uk/mmz4281/2223/D1.csv
global-646cdd8eb3755bb2f9acb419,Football-Data.co.uk,data/raw/bundesliga_2022_2023_football_data_real.csv,b716517b25033ce8e0243e967aa961876425a4c41e97c8aa8fa59f2aca061341,2026-08-20T17:00:00Z,2022-23,Bundesliga,https://www.football-data.co.uk/mmz4281/2223/D1.csv
global-58526c14a2cb4110a9f03eaa,Football-Data.co.uk,data/raw/bundesliga_2022_2023_football_data_real.csv,b716517b25033ce8e0243e967aa961876425a4c41e97c8aa8fa59f2aca061341,2026-08-20T17:00:00Z,2022-23,Bundesliga,https://www.football-data.co.uk/mmz4281/2223/D1.csv
global-d4c1f43f0d61e72eecf257d6,Football-Data.co.uk,data/raw/bundesliga_2022_2023_football_data_real.csv,b716517b25033ce8e0243e967aa961876425a4c41e97c8aa8fa59f2aca061341,2026-08-20T17:00:00Z,2022-23,Bundesliga,https://www.football-data.co.uk/mmz4281/2223/D1.csv
global-2268bb02544c722b959377ec,Football-Data.co.uk,data/raw/bundesliga_2022_2023_football_data_real.csv,b716517b25033ce8e0243e967aa961876425a4c41e97c8aa8fa59f2aca061341,2026-08-20T17:00:00Z,2022-23,Bundesliga,https://www.football-data.co.uk/mmz4281/2223/D1.csv
global-c225ba9c7109f7db6ee66430,Football-Data.co.uk,data/raw/bundesliga_2022_2023_football_data_real.csv,b716517b25033ce8e0243e967aa961876425a4c41e97c8aa8fa59f2aca061341,2026-08-20T17:00:00Z,2022-23,Bundesliga,https://www.football-data.co.uk/mmz4281/2223/D1.csv
global-8085999b519a5d32471e9014,Football-Data.co.uk,data/raw/bundesliga_2022_2023_football_data_real.csv,b716517b25033ce8e0243e967aa961876425a4c41e97c8aa8fa59f2aca061341,2026-08-20T17:00:00Z,2022-23,Bundesliga,https://www.football-data.co.uk/mmz4281/2223/D1.csv
global-974b48d2e4044ad528279ebe,Football-Data.co.uk,data/raw/bundesliga_2022_2023_football_data_real.csv,b716517b25033ce8e0243e967aa961876425a4c41e97c8aa8fa59f2aca061341,2026-08-20T17:00:00Z,2022-23,Bundesliga,https://www.football-data.co.uk/mmz4281/2223/D1.csv
global-d35e23ffe0a5ffb8551a5a8b,Football-Data.co.uk,data/raw/bundesliga_2022_2023_football_data_real.csv,b716517b25033ce8e0243e967aa961876425a4c41e97c8aa8fa59f2aca061341,2026-08-20T17:00:00Z,2022-23,Bundesliga,https://www.football-data.co.uk/mmz4281/2223/D1.csv
global-e0fb00a0c79288c2476a8b77,Football-Data.co.uk,data/raw/bundesliga_2022_2023_football_data_real.csv,b716517b25033ce8e0243e967aa961876425a4c41e97c8aa8fa59f2aca061341,2026-08-20T17:00:00Z,2022-23,Bundesliga,https://www.football-data.co.uk/mmz4281/2223/D1.csv
global-3e23905820eebfb535a6f42b,Football-Data.co.uk,data/raw/bundesliga_2022_2023_football_data_real.csv,b716517b25033ce8e0243e967aa961876425a4c41e97c8aa8fa59f2aca061341,2026-08-20T17:00:00Z,2022-23,Bundesliga,https://www.football-data.co.uk/mmz4281/2223/D1.csv
global-7458ee00d079aa4972600c99,Football-Data.co.uk,data/raw/bundesliga_2022_2023_football_data_real.csv,b716517b25033ce8e0243e967aa961876425a4c41e97c8aa8fa59f2aca061341,2026-08-20T17:00:00Z,2022-23,Bundesliga,https://www.football-data.co.uk/mmz4281/2223/D1.csv
global-0d63e17cbb6a50e3403075ce,Football-Data.co.uk,data/raw/bundesliga_2022_2023_football_data_real.csv,b716517b25033ce8e0243e967aa961876425a4c41e97c8aa8fa59f2aca061341,2026-08-20T17:00:00Z,2022-23,Bundesliga,https://www.football-data.co.uk/mmz4281/2223/D1.csv
global-deb05e666d2f5728b7bdda3a,Football-Data.co.uk,data/raw/bundesliga_2022_2023_football_data_real.csv,b716517b25033ce8e0243e967aa961876425a4c41e97c8aa8fa59f2aca061341,2026-08-20T17:00:00Z,2022-23,Bundesliga,https://www.football-data.co.uk/mmz4281/2223/D1.csv
global-901963032f3afa1d2dfeb73d,Football-Data.co.uk,data/raw/bundesliga_2022_2023_football_data_real.csv,b716517b25033ce8e0243e967aa961876425a4c41e97c8aa8fa59f2aca061341,2026-08-20T17:00:00Z,2022-23,Bundesliga,https://www.football-data.co.uk/mmz4281/2223/D1.csv
global-b7db1410df6947bf85c8cc59,Football-Data.co.uk,data/raw/bundesliga_2022_2023_football_data_real.csv,b716517b25033ce8e0243e967aa961876425a4c41e97c8aa8fa59f2aca061341,2026-08-20T17:00:00Z,2022-23,Bundesliga,https://www.football-data.co.uk/mmz4281/2223/D1.csv
global-3589e991f5adba86bcf945ea,Football-Data.co.uk,data/raw/bundesliga_2022_2023_football_data_real.csv,b716517b25033ce8e0243e967aa961876425a4c41e97c8aa8fa59f2aca061341,2026-08-20T17:00:00Z,2022-23,Bundesliga,https://www.football-data.co.uk/mmz4281/2223/D1.csv
global-174c473140db20e2128dfd76,Football-Data.co.uk,data/raw/bundesliga_2022_2023_football_data_real.csv,b716517b25033ce8e0243e967aa961876425a4c41e97c8aa8fa59f2aca061341,2026-08-20T17:00:00Z,2022-23,Bundesliga,https://www.football-data.co.uk/mmz4281/2223/D1.csv
global-a63beaa626234c5ca20efb65,Football-Data.co.uk,data/raw/bundesliga_2022_2023_football_data_real.csv,b716517b25033ce8e0243e967aa961876425a4c41e97c8aa8fa59f2aca061341,2026-08-20T17:00:00Z,2022-23,Bundesliga,https://www.football-data.co.uk/mmz4281/2223/D1.csv
global-b030274ed0596799ab7f515b,Football-Data.co.uk,data/raw/bundesliga_2022_2023_football_data_real.csv,b716517b25033ce8e0243e967aa961876425a4c41e97c8aa8fa59f2aca061341,2026-08-20T17:00:00Z,2022-23,Bundesliga,https://www.football-data.co.uk/mmz4281/2223/D1.csv
global-616a59de8a2349b80f2fab19,Football-Data.co.uk,data/raw/bundesliga_2022_2023_football_data_real.csv,b716517b25033ce8e0243e967aa961876425a4c41e97c8aa8fa59f2aca061341,2026-08-20T17:00:00Z,2022-23,Bundesliga,https://www.football-data.co.uk/mmz4281/2223/D1.csv
global-694a670e8bee1705fa8652c3,Football-Data.co.uk,data/raw/bundesliga_2022_2023_football_data_real.csv,b716517b25033ce8e0243e967aa961876425a4c41e97c8aa8fa59f2aca061341,2026-08-20T17:00:00Z,2022-23,Bundesliga,https://www.football-data.co.uk/mmz4281/2223/D1.csv
global-8ac7dee9aa85242c4c3171b5,Football-Data.co.uk,data/raw/bundesliga_2022_2023_football_data_real.csv,b716517b25033ce8e0243e967aa961876425a4c41e97c8aa8fa59f2aca061341,2026-08-20T17:00:00Z,2022-23,Bundesliga,https://www.football-data.co.uk/mmz4281/2223/D1.csv
global-9df042a5ede77e997c1dbb2e,Football-Data.co.uk,data/raw/bundesliga_2022_2023_football_data_real.csv,b716517b25033ce8e0243e967aa961876425a4c41e97c8aa8fa59f2aca061341,2026-08-20T17:00:00Z,2022-23,Bundesliga,https://www.football-data.co.uk/mmz4281/2223/D1.csv
global-c7469bc7dd25965c69434564,Football-Data.co.uk,data/raw/bundesliga_2022_2023_football_data_real.csv,b716517b25033ce8e0243e967aa961876425a4c41e97c8aa8fa59f2aca061341,2026-08-20T17:00:00Z,2022-23,Bundesliga,https://www.football-data.co.uk/mmz4281/2223/D1.csv
global-589e65daee94f7c96795eb3f,Football-Data.co.uk,data/raw/bundesliga_2022_2023_football_data_real.csv,b716517b25033ce8e0243e967aa961876425a4c41e97c8aa8fa59f2aca061341,2026-08-20T17:00:00Z,2022-23,Bundesliga,https://www.football-data.co.uk/mmz4281/2223/D1.csv
global-08c70a27de27853c7e84b5c4,Football-Data.co.uk,data/raw/bundesliga_2022_2023_football_data_real.csv,b716517b25033ce8e0243e967aa961876425a4c41e97c8aa8fa59f2aca061341,2026-08-20T17:00:00Z,2022-23,Bundesliga,https://www.football-data.co.uk/mmz4281/2223/D1.csv
global-9dbbe4a8c732f244234c7936,Football-Data.co.uk,data/raw/bundesliga_2022_2023_football_data_real.csv,b716517b25033ce8e0243e967aa961876425a4c41e97c8aa8fa59f2aca061341,2026-08-20T17:00:00Z,2022-23,Bundesliga,https://www.football-data.co.uk/mmz4281/2223/D1.csv
global-b787d1f324076e88b9a6406c,Football-Data.co.uk,data/raw/bundesliga_2022_2023_football_data_real.csv,b716517b25033ce8e0243e967aa961876425a4c41e97c8aa8fa59f2aca061341,2026-08-20T17:00:00Z,2022-23,Bundesliga,https://www.football-data.co.uk/mmz4281/2223/D1.csv
global-0dcdf63b02adc90604685f0a,Football-Data.co.uk,data/raw/bundesliga_2022_2023_football_data_real.csv,b716517b25033ce8e0243e967aa961876425a4c41e97c8aa8fa59f2aca061341,2026-08-20T17:00:00Z,2022-23,Bundesliga,https://www.football-data.co.uk/mmz4281/2223/D1.csv
global-9739819be68839d5147a0fef,Football-Data.co.uk,data/raw/bundesliga_2022_2023_football_data_real.csv,b716517b25033ce8e0243e967aa961876425a4c41e97c8aa8fa59f2aca061341,2026-08-20T17:00:00Z,2022-23,Bundesliga,https://www.football-data.co.uk/mmz4281/2223/D1.csv
global-e27a8e67f8acc00eb289befb,Football-Data.co.uk,data/raw/bundesliga_2022_2023_football_data_real.csv,b716517b25033ce8e0243e967aa961876425a4c41e97c8aa8fa59f2aca061341,2026-08-20T17:00:00Z,2022-23,Bundesliga,https://www.football-data.co.uk/mmz4281/2223/D1.csv
global-4615d94e043d76b0fac36e04,Football-Data.co.uk,data/raw/bundesliga_2022_2023_football_data_real.csv,b716517b25033ce8e0243e967aa961876425a4c41e97c8aa8fa59f2aca061341,2026-08-20T17:00:00Z,2022-23,Bundesliga,https://www.football-data.co.uk/mmz4281/2223/D1.csv
global-3d875dc3e6b72fa8899c0ad3,Football-Data.co.uk,data/raw/bundesliga_2022_2023_football_data_real.csv,b716517b25033ce8e0243e967aa961876425a4c41e97c8aa8fa59f2aca061341,2026-08-20T17:00:00Z,2022-23,Bundesliga,https://www.football-data.co.uk/mmz4281/2223/D1.csv
global-2f4593819f9f310df6b5dc90,Football-Data.co.uk,data/raw/bundesliga_2022_2023_football_data_real.csv,b716517b25033ce8e0243e967aa961876425a4c41e97c8aa8fa59f2aca061341,2026-08-20T17:00:00Z,2022-23,Bundesliga,https://www.football-data.co.uk/mmz4281/2223/D1.csv
global-bf99b660715a5da6027920cf,Football-Data.co.uk,data/raw/bundesliga_2022_2023_football_data_real.csv,b716517b25033ce8e0243e967aa961876425a4c41e97c8aa8fa59f2aca061341,2026-08-20T17:00:00Z,2022-23,Bundesliga,https://www.football-data.co.uk/mmz4281/2223/D1.csv
global-0a2cdc15f38101d8a8520577,Football-Data.co.uk,data/raw/bundesliga_2022_2023_football_data_real.csv,b716517b25033ce8e0243e967aa961876425a4c41e97c8aa8fa59f2aca061341,2026-08-20T17:00:00Z,2022-23,Bundesliga,https://www.football-data.co.uk/mmz4281/2223/D1.csv
global-fde8467542bada116562165f,Football-Data.co.uk,data/raw/bundesliga_2022_2023_football_data_real.csv,b716517b25033ce8e0243e967aa961876425a4c41e97c8aa8fa59f2aca061341,2026-08-20T17:00:00Z,2022-23,Bundesliga,https://www.football-data.co.uk/mmz4281/2223/D1.csv
global-84d038a3f02b8c2380b87b65,Football-Data.co.uk,data/raw/bundesliga_2022_2023_football_data_real.csv,b716517b25033ce8e0243e967aa961876425a4c41e97c8aa8fa59f2aca061341,2026-08-20T17:00:00Z,2022-23,Bundesliga,https://www.football-data.co.uk/mmz4281/2223/D1.csv
global-8ec128bc261aca4170b0c6bc,Football-Data.co.uk,data/raw/bundesliga_2022_2023_football_data_real.csv,b716517b25033ce8e0243e967aa961876425a4c41e97c8aa8fa59f2aca061341,2026-08-20T17:00:00Z,2022-23,Bundesliga,https://www.football-data.co.uk/mmz4281/2223/D1.csv
global-716db3ca0d92a978f4af7ad8,Football-Data.co.uk,data/raw/bundesliga_2022_2023_football_data_real.csv,b716517b25033ce8e0243e967aa961876425a4c41e97c8aa8fa59f2aca061341,2026-08-20T17:00:00Z,2022-23,Bundesliga,https://www.football-data.co.uk/mmz4281/2223/D1.csv
global-d41976b63f68cf18d423ef58,Football-Data.co.uk,data/raw/bundesliga_2022_2023_football_data_real.csv,b716517b25033ce8e0243e967aa961876425a4c41e97c8aa8fa59f2aca061341,2026-08-20T17:00:00Z,2022-23,Bundesliga,https://www.football-data.co.uk/mmz4281/2223/D1.csv
global-9f16bbfef2b78e7667d01d74,Football-Data.co.uk,data/raw/bundesliga_2022_2023_football_data_real.csv,b716517b25033ce8e0243e967aa961876425a4c41e97c8aa8fa59f2aca061341,2026-08-20T17:00:00Z,2022-23,Bundesliga,https://www.football-data.co.uk/mmz4281/2223/D1.csv
global-4ef48e57d662499bed7fa0cf,Football-Data.co.uk,data/raw/bundesliga_2022_2023_football_data_real.csv,b716517b25033ce8e0243e967aa961876425a4c41e97c8aa8fa59f2aca061341,2026-08-20T17:00:00Z,2022-23,Bundesliga,https://www.football-data.co.uk/mmz4281/2223/D1.csv
global-ff383c019735690fcd7bd3c7,Football-Data.co.uk,data/raw/bundesliga_2022_2023_football_data_real.csv,b716517b25033ce8e0243e967aa961876425a4c41e97c8aa8fa59f2aca061341,2026-08-20T17:00:00Z,2022-23,Bundesliga,https://www.football-data.co.uk/mmz4281/2223/D1.csv
global-20dc025d6c0fbb59a1858935,Football-Data.co.uk,data/raw/bundesliga_2022_2023_football_data_real.csv,b716517b25033ce8e0243e967aa961876425a4c41e97c8aa8fa59f2aca061341,2026-08-20T17:00:00Z,2022-23,Bundesliga,https://www.football-data.co.uk/mmz4281/2223/D1.csv
global-dffef014736d7d7ae10b1bac,Football-Data.co.uk,data/raw/bundesliga_2022_2023_football_data_real.csv,b716517b25033ce8e0243e967aa961876425a4c41e97c8aa8fa59f2aca061341,2026-08-20T17:00:00Z,2022-23,Bundesliga,https://www.football-data.co.uk/mmz4281/2223/D1.csv
global-aed0d570caf94477b6773725,Football-Data.co.uk,data/raw/bundesliga_2022_2023_football_data_real.csv,b716517b25033ce8e0243e967aa961876425a4c41e97c8aa8fa59f2aca061341,2026-08-20T17:00:00Z,2022-23,Bundesliga,https://www.football-data.co.uk/mmz4281/2223/D1.csv
global-47512f1ce0d0f798e3784604,Football-Data.co.uk,data/raw/bundesliga_2022_2023_football_data_real.csv,b716517b25033ce8e0243e967aa961876425a4c41e97c8aa8fa59f2aca061341,2026-08-20T17:00:00Z,2022-23,Bundesliga,https://www.football-data.co.uk/mmz4281/2223/D1.csv
global-818f1455b072f2f97b07cbc4,Football-Data.co.uk,data/raw/bundesliga_2022_2023_football_data_real.csv,b716517b25033ce8e0243e967aa961876425a4c41e97c8aa8fa59f2aca061341,2026-08-20T17:00:00Z,2022-23,Bundesliga,https://www.football-data.co.uk/mmz4281/2223/D1.csv
global-f5cce209d77191bf52d01859,Football-Data.co.uk,data/raw/bundesliga_2022_2023_football_data_real.csv,b716517b25033ce8e0243e967aa961876425a4c41e97c8aa8fa59f2aca061341,2026-08-20T17:00:00Z,2022-23,Bundesliga,https://www.football-data.co.uk/mmz4281/2223/D1.csv
global-ca23e34e70cee2bf8128212a,Football-Data.co.uk,data/raw/bundesliga_2022_2023_football_data_real.csv,b716517b25033ce8e0243e967aa961876425a4c41e97c8aa8fa59f2aca061341,2026-08-20T17:00:00Z,2022-23,Bundesliga,https://www.football-data.co.uk/mmz4281/2223/D1.csv
global-f034e81c85a6a2c7dead6bff,Football-Data.co.uk,data/raw/bundesliga_2022_2023_football_data_real.csv,b716517b25033ce8e0243e967aa961876425a4c41e97c8aa8fa59f2aca061341,2026-08-20T17:00:00Z,2022-23,Bundesliga,https://www.football-data.co.uk/mmz4281/2223/D1.csv
global-5fba1cfd821e47c970b1e12d,Football-Data.co.uk,data/raw/bundesliga_2022_2023_football_data_real.csv,b716517b25033ce8e0243e967aa961876425a4c41e97c8aa8fa59f2aca061341,2026-08-20T17:00:00Z,2022-23,Bundesliga,https://www.football-data.co.uk/mmz4281/2223/D1.csv
global-bc40b750139ba1d5cccac68e,Football-Data.co.uk,data/raw/bundesliga_2022_2023_football_data_real.csv,b716517b25033ce8e0243e967aa961876425a4c41e97c8aa8fa59f2aca061341,2026-08-20T17:00:00Z,2022-23,Bundesliga,https://www.football-data.co.uk/mmz4281/2223/D1.csv
global-60744d8c7b45967763f68a2d,Football-Data.co.uk,data/raw/bundesliga_2022_2023_football_data_real.csv,b716517b25033ce8e0243e967aa961876425a4c41e97c8aa8fa59f2aca061341,2026-08-20T17:00:00Z,2022-23,Bundesliga,https://www.football-data.co.uk/mmz4281/2223/D1.csv
global-88463d705721cc0bbb0c1f7c,Football-Data.co.uk,data/raw/bundesliga_2022_2023_football_data_real.csv,b716517b25033ce8e0243e967aa961876425a4c41e97c8aa8fa59f2aca061341,2026-08-20T17:00:00Z,2022-23,Bundesliga,https://www.football-data.co.uk/mmz4281/2223/D1.csv
global-ab73f5db8c58bd1a949139a0,Football-Data.co.uk,data/raw/bundesliga_2022_2023_football_data_real.csv,b716517b25033ce8e0243e967aa961876425a4c41e97c8aa8fa59f2aca061341,2026-08-20T17:00:00Z,2022-23,Bundesliga,https://www.football-data.co.uk/mmz4281/2223/D1.csv
global-2db3cf1cacbab85718c43984,Football-Data.co.uk,data/raw/bundesliga_2022_2023_football_data_real.csv,b716517b25033ce8e0243e967aa961876425a4c41e97c8aa8fa59f2aca061341,2026-08-20T17:00:00Z,2022-23,Bundesliga,https://www.football-data.co.uk/mmz4281/2223/D1.csv
global-694be0b75d33d1c691919752,Football-Data.co.uk,data/raw/bundesliga_2022_2023_football_data_real.csv,b716517b25033ce8e0243e967aa961876425a4c41e97c8aa8fa59f2aca061341,2026-08-20T17:00:00Z,2022-23,Bundesliga,https://www.football-data.co.uk/mmz4281/2223/D1.csv
global-1b7d0f698b80f0dc52648d3c,Football-Data.co.uk,data/raw/bundesliga_2022_2023_football_data_real.csv,b716517b25033ce8e0243e967aa961876425a4c41e97c8aa8fa59f2aca061341,2026-08-20T17:00:00Z,2022-23,Bundesliga,https://www.football-data.co.uk/mmz4281/2223/D1.csv
global-0f365ba393cd574b8cb9d820,Football-Data.co.uk,data/raw/bundesliga_2022_2023_football_data_real.csv,b716517b25033ce8e0243e967aa961876425a4c41e97c8aa8fa59f2aca061341,2026-08-20T17:00:00Z,2022-23,Bundesliga,https://www.football-data.co.uk/mmz4281/2223/D1.csv
global-13ab289c5e46c4d72f358409,Football-Data.co.uk,data/raw/bundesliga_2022_2023_football_data_real.csv,b716517b25033ce8e0243e967aa961876425a4c41e97c8aa8fa59f2aca061341,2026-08-20T17:00:00Z,2022-23,Bundesliga,https://www.football-data.co.uk/mmz4281/2223/D1.csv
global-e090b2a9fc911a4ad1c7fa02,Football-Data.co.uk,data/raw/bundesliga_2022_2023_football_data_real.csv,b716517b25033ce8e0243e967aa961876425a4c41e97c8aa8fa59f2aca061341,2026-08-20T17:00:00Z,2022-23,Bundesliga,https://www.football-data.co.uk/mmz4281/2223/D1.csv
global-190b39f0281a92b3876fb1e9,Football-Data.co.uk,data/raw/bundesliga_2022_2023_football_data_real.csv,b716517b25033ce8e0243e967aa961876425a4c41e97c8aa8fa59f2aca061341,2026-08-20T17:00:00Z,2022-23,Bundesliga,https://www.football-data.co.uk/mmz4281/2223/D1.csv
global-2444b4eab95edcc74dbc2d3b,Football-Data.co.uk,data/raw/bundesliga_2022_2023_football_data_real.csv,b716517b25033ce8e0243e967aa961876425a4c41e97c8aa8fa59f2aca061341,2026-08-20T17:00:00Z,2022-23,Bundesliga,https://www.football-data.co.uk/mmz4281/2223/D1.csv
global-5d894280eeb55b23901a0f25,Football-Data.co.uk,data/raw/bundesliga_2022_2023_football_data_real.csv,b716517b25033ce8e0243e967aa961876425a4c41e97c8aa8fa59f2aca061341,2026-08-20T17:00:00Z,2022-23,Bundesliga,https://www.football-data.co.uk/mmz4281/2223/D1.csv
global-52acd6e69fe600d738dc1ca6,Football-Data.co.uk,data/raw/bundesliga_2022_2023_football_data_real.csv,b716517b25033ce8e0243e967aa961876425a4c41e97c8aa8fa59f2aca061341,2026-08-20T17:00:00Z,2022-23,Bundesliga,https://www.football-data.co.uk/mmz4281/2223/D1.csv
global-de5a73b717459374cc9bcb05,Football-Data.co.uk,data/raw/bundesliga_2022_2023_football_data_real.csv,b716517b25033ce8e0243e967aa961876425a4c41e97c8aa8fa59f2aca061341,2026-08-20T17:00:00Z,2022-23,Bundesliga,https://www.football-data.co.uk/mmz4281/2223/D1.csv
global-05382e0995f605c20d8f62be,Football-Data.co.uk,data/raw/bundesliga_2022_2023_football_data_real.csv,b716517b25033ce8e0243e967aa961876425a4c41e97c8aa8fa59f2aca061341,2026-08-20T17:00:00Z,2022-23,Bundesliga,https://www.football-data.co.uk/mmz4281/2223/D1.csv
global-288506671fc2fd3663851d6f,Football-Data.co.uk,data/raw/bundesliga_2022_2023_football_data_real.csv,b716517b25033ce8e0243e967aa961876425a4c41e97c8aa8fa59f2aca061341,2026-08-20T17:00:00Z,2022-23,Bundesliga,https://www.football-data.co.uk/mmz4281/2223/D1.csv
global-d88a00bf2e1a9840d010c165,Football-Data.co.uk,data/raw/bundesliga_2022_2023_football_data_real.csv,b716517b25033ce8e0243e967aa961876425a4c41e97c8aa8fa59f2aca061341,2026-08-20T17:00:00Z,2022-23,Bundesliga,https://www.football-data.co.uk/mmz4281/2223/D1.csv
global-7eed37cbe0897714e93a29f6,Football-Data.co.uk,data/raw/bundesliga_2022_2023_football_data_real.csv,b716517b25033ce8e0243e967aa961876425a4c41e97c8aa8fa59f2aca061341,2026-08-20T17:00:00Z,2022-23,Bundesliga,https://www.football-data.co.uk/mmz4281/2223/D1.csv
global-f316f2ca2d719370e6f4ba72,Football-Data.co.uk,data/raw/bundesliga_2022_2023_football_data_real.csv,b716517b25033ce8e0243e967aa961876425a4c41e97c8aa8fa59f2aca061341,2026-08-20T17:00:00Z,2022-23,Bundesliga,https://www.football-data.co.uk/mmz4281/2223/D1.csv
global-6fdf69640e21c506214a6f25,Football-Data.co.uk,data/raw/bundesliga_2022_2023_football_data_real.csv,b716517b25033ce8e0243e967aa961876425a4c41e97c8aa8fa59f2aca061341,2026-08-20T17:00:00Z,2022-23,Bundesliga,https://www.football-data.co.uk/mmz4281/2223/D1.csv
global-88a7cbb340095effb60a8673,Football-Data.co.uk,data/raw/bundesliga_2022_2023_football_data_real.csv,b716517b25033ce8e0243e967aa961876425a4c41e97c8aa8fa59f2aca061341,2026-08-20T17:00:00Z,2022-23,Bundesliga,https://www.football-data.co.uk/mmz4281/2223/D1.csv
global-648678a8465aaf0d35c079a6,Football-Data.co.uk,data/raw/bundesliga_2022_2023_football_data_real.csv,b716517b25033ce8e0243e967aa961876425a4c41e97c8aa8fa59f2aca061341,2026-08-20T17:00:00Z,2022-23,Bundesliga,https://www.football-data.co.uk/mmz4281/2223/D1.csv
global-5cd19d6b9725c789cf56870b,Football-Data.co.uk,data/raw/bundesliga_2022_2023_football_data_real.csv,b716517b25033ce8e0243e967aa961876425a4c41e97c8aa8fa59f2aca061341,2026-08-20T17:00:00Z,2022-23,Bundesliga,https://www.football-data.co.uk/mmz4281/2223/D1.csv
global-7f22eec4c22dc53dd4d0a45c,Football-Data.co.uk,data/raw/bundesliga_2022_2023_football_data_real.csv,b716517b25033ce8e0243e967aa961876425a4c41e97c8aa8fa59f2aca061341,2026-08-20T17:00:00Z,2022-23,Bundesliga,https://www.football-data.co.uk/mmz4281/2223/D1.csv
global-0ed5b6ffdbfa30c44dd7dcbd,Football-Data.co.uk,data/raw/bundesliga_2022_2023_football_data_real.csv,b716517b25033ce8e0243e967aa961876425a4c41e97c8aa8fa59f2aca061341,2026-08-20T17:00:00Z,2022-23,Bundesliga,https://www.football-data.co.uk/mmz4281/2223/D1.csv
global-9e0ffc1bf7c4c0eee4a6ba52,Football-Data.co.uk,data/raw/bundesliga_2022_2023_football_data_real.csv,b716517b25033ce8e0243e967aa961876425a4c41e97c8aa8fa59f2aca061341,2026-08-20T17:00:00Z,2022-23,Bundesliga,https://www.football-data.co.uk/mmz4281/2223/D1.csv
global-b64ba07bd5172c24ac935511,Football-Data.co.uk,data/raw/bundesliga_2022_2023_football_data_real.csv,b716517b25033ce8e0243e967aa961876425a4c41e97c8aa8fa59f2aca061341,2026-08-20T17:00:00Z,2022-23,Bundesliga,https://www.football-data.co.uk/mmz4281/2223/D1.csv
global-78ac36bafe8e99e7db9cd7be,Football-Data.co.uk,data/raw/bundesliga_2022_2023_football_data_real.csv,b716517b25033ce8e0243e967aa961876425a4c41e97c8aa8fa59f2aca061341,2026-08-20T17:00:00Z,2022-23,Bundesliga,https://www.football-data.co.uk/mmz4281/2223/D1.csv
global-be2cac43fdc735c451adcf18,Football-Data.co.uk,data/raw/bundesliga_2022_2023_football_data_real.csv,b716517b25033ce8e0243e967aa961876425a4c41e97c8aa8fa59f2aca061341,2026-08-20T17:00:00Z,2022-23,Bundesliga,https://www.football-data.co.uk/mmz4281/2223/D1.csv
global-d1f82c6d7b468dddd448703d,Football-Data.co.uk,data/raw/bundesliga_2022_2023_football_data_real.csv,b716517b25033ce8e0243e967aa961876425a4c41e97c8aa8fa59f2aca061341,2026-08-20T17:00:00Z,2022-23,Bundesliga,https://www.football-data.co.uk/mmz4281/2223/D1.csv
global-34099e4d8a2db088f4bd83b4,Football-Data.co.uk,data/raw/bundesliga_2022_2023_football_data_real.csv,b716517b25033ce8e0243e967aa961876425a4c41e97c8aa8fa59f2aca061341,2026-08-20T17:00:00Z,2022-23,Bundesliga,https://www.football-data.co.uk/mmz4281/2223/D1.csv
global-13b3ba41ac30fe8282b8eb46,Football-Data.co.uk,data/raw/bundesliga_2022_2023_football_data_real.csv,b716517b25033ce8e0243e967aa961876425a4c41e97c8aa8fa59f2aca061341,2026-08-20T17:00:00Z,2022-23,Bundesliga,https://www.football-data.co.uk/mmz4281/2223/D1.csv
global-df1444357f420c7c211c0746,Football-Data.co.uk,data/raw/bundesliga_2022_2023_football_data_real.csv,b716517b25033ce8e0243e967aa961876425a4c41e97c8aa8fa59f2aca061341,2026-08-20T17:00:00Z,2022-23,Bundesliga,https://www.football-data.co.uk/mmz4281/2223/D1.csv
global-bafaa0de1f11354419621dde,Football-Data.co.uk,data/raw/bundesliga_2022_2023_football_data_real.csv,b716517b25033ce8e0243e967aa961876425a4c41e97c8aa8fa59f2aca061341,2026-08-20T17:00:00Z,2022-23,Bundesliga,https://www.football-data.co.uk/mmz4281/2223/D1.csv
global-8d4bd58e48bf99a0b5ee8dd0,Football-Data.co.uk,data/raw/bundesliga_2022_2023_football_data_real.csv,b716517b25033ce8e0243e967aa961876425a4c41e97c8aa8fa59f2aca061341,2026-08-20T17:00:00Z,2022-23,Bundesliga,https://www.football-data.co.uk/mmz4281/2223/D1.csv
global-d77ffaffa0bed4f63cdb091f,Football-Data.co.uk,data/raw/bundesliga_2022_2023_football_data_real.csv,b716517b25033ce8e0243e967aa961876425a4c41e97c8aa8fa59f2aca061341,2026-08-20T17:00:00Z,2022-23,Bundesliga,https://www.football-data.co.uk/mmz4281/2223/D1.csv
global-cd449d158afc4e88d12a3c5f,Football-Data.co.uk,data/raw/bundesliga_2022_2023_football_data_real.csv,b716517b25033ce8e0243e967aa961876425a4c41e97c8aa8fa59f2aca061341,2026-08-20T17:00:00Z,2022-23,Bundesliga,https://www.football-data.co.uk/mmz4281/2223/D1.csv
global-807256bd714e543f6876aa98,Football-Data.co.uk,data/raw/bundesliga_2022_2023_football_data_real.csv,b716517b25033ce8e0243e967aa961876425a4c41e97c8aa8fa59f2aca061341,2026-08-20T17:00:00Z,2022-23,Bundesliga,https://www.football-data.co.uk/mmz4281/2223/D1.csv
global-48612f62384caab3987760fd,Football-Data.co.uk,data/raw/bundesliga_2022_2023_football_data_real.csv,b716517b25033ce8e0243e967aa961876425a4c41e97c8aa8fa59f2aca061341,2026-08-20T17:00:00Z,2022-23,Bundesliga,https://www.football-data.co.uk/mmz4281/2223/D1.csv
global-e559fadff57ca7ec2edab42f,Football-Data.co.uk,data/raw/bundesliga_2022_2023_football_data_real.csv,b716517b25033ce8e0243e967aa961876425a4c41e97c8aa8fa59f2aca061341,2026-08-20T17:00:00Z,2022-23,Bundesliga,https://www.football-data.co.uk/mmz4281/2223/D1.csv
global-6dfc14bc73ca86bfb7124e26,Football-Data.co.uk,data/raw/bundesliga_2022_2023_football_data_real.csv,b716517b25033ce8e0243e967aa961876425a4c41e97c8aa8fa59f2aca061341,2026-08-20T17:00:00Z,2022-23,Bundesliga,https://www.football-data.co.uk/mmz4281/2223/D1.csv
global-5bf8f2f5fe36c2f91f786f83,Football-Data.co.uk,data/raw/bundesliga_2022_2023_football_data_real.csv,b716517b25033ce8e0243e967aa961876425a4c41e97c8aa8fa59f2aca061341,2026-08-20T17:00:00Z,2022-23,Bundesliga,https://www.football-data.co.uk/mmz4281/2223/D1.csv
global-63a22ac12a6ff5e873fcd282,Football-Data.co.uk,data/raw/bundesliga_2022_2023_football_data_real.csv,b716517b25033ce8e0243e967aa961876425a4c41e97c8aa8fa59f2aca061341,2026-08-20T17:00:00Z,2022-23,Bundesliga,https://www.football-data.co.uk/mmz4281/2223/D1.csv
global-31d438e92754ba6117a9d660,Football-Data.co.uk,data/raw/bundesliga_2022_2023_football_data_real.csv,b716517b25033ce8e0243e967aa961876425a4c41e97c8aa8fa59f2aca061341,2026-08-20T17:00:00Z,2022-23,Bundesliga,https://www.football-data.co.uk/mmz4281/2223/D1.csv
global-ba4df9dcb8c1e47d725a23a2,Football-Data.co.uk,data/raw/bundesliga_2022_2023_football_data_real.csv,b716517b25033ce8e0243e967aa961876425a4c41e97c8aa8fa59f2aca061341,2026-08-20T17:00:00Z,2022-23,Bundesliga,https://www.football-data.co.uk/mmz4281/2223/D1.csv
global-4a56a1aa29985639dc35e390,Football-Data.co.uk,data/raw/bundesliga_2022_2023_football_data_real.csv,b716517b25033ce8e0243e967aa961876425a4c41e97c8aa8fa59f2aca061341,2026-08-20T17:00:00Z,2022-23,Bundesliga,https://www.football-data.co.uk/mmz4281/2223/D1.csv
global-eef81a7250893e2f7949a4f5,Football-Data.co.uk,data/raw/bundesliga_2022_2023_football_data_real.csv,b716517b25033ce8e0243e967aa961876425a4c41e97c8aa8fa59f2aca061341,2026-08-20T17:00:00Z,2022-23,Bundesliga,https://www.football-data.co.uk/mmz4281/2223/D1.csv
global-a793b60a532438a264b92f65,Football-Data.co.uk,data/raw/bundesliga_2022_2023_football_data_real.csv,b716517b25033ce8e0243e967aa961876425a4c41e97c8aa8fa59f2aca061341,2026-08-20T17:00:00Z,2022-23,Bundesliga,https://www.football-data.co.uk/mmz4281/2223/D1.csv
global-69a2ed8f8e9c4fa87e1d15d1,Football-Data.co.uk,data/raw/bundesliga_2022_2023_football_data_real.csv,b716517b25033ce8e0243e967aa961876425a4c41e97c8aa8fa59f2aca061341,2026-08-20T17:00:00Z,2022-23,Bundesliga,https://www.football-data.co.uk/mmz4281/2223/D1.csv
global-7d4b66bf60d89f3cd1d9f5f5,Football-Data.co.uk,data/raw/bundesliga_2022_2023_football_data_real.csv,b716517b25033ce8e0243e967aa961876425a4c41e97c8aa8fa59f2aca061341,2026-08-20T17:00:00Z,2022-23,Bundesliga,https://www.football-data.co.uk/mmz4281/2223/D1.csv
global-648f967f70a5d931e822a0b9,Football-Data.co.uk,data/raw/bundesliga_2022_2023_football_data_real.csv,b716517b25033ce8e0243e967aa961876425a4c41e97c8aa8fa59f2aca061341,2026-08-20T17:00:00Z,2022-23,Bundesliga,https://www.football-data.co.uk/mmz4281/2223/D1.csv
global-2c2dd5b83ef9af2cd5aa7ded,Football-Data.co.uk,data/raw/bundesliga_2022_2023_football_data_real.csv,b716517b25033ce8e0243e967aa961876425a4c41e97c8aa8fa59f2aca061341,2026-08-20T17:00:00Z,2022-23,Bundesliga,https://www.football-data.co.uk/mmz4281/2223/D1.csv
global-780fa7fb6717e8458be5fb41,Football-Data.co.uk,data/raw/bundesliga_2022_2023_football_data_real.csv,b716517b25033ce8e0243e967aa961876425a4c41e97c8aa8fa59f2aca061341,2026-08-20T17:00:00Z,2022-23,Bundesliga,https://www.football-data.co.uk/mmz4281/2223/D1.csv
global-648b48bb64da0673f22dfb4c,Football-Data.co.uk,data/raw/bundesliga_2022_2023_football_data_real.csv,b716517b25033ce8e0243e967aa961876425a4c41e97c8aa8fa59f2aca061341,2026-08-20T17:00:00Z,2022-23,Bundesliga,https://www.football-data.co.uk/mmz4281/2223/D1.csv
global-5ab55e4c298ac10e7110f14a,Football-Data.co.uk,data/raw/bundesliga_2022_2023_football_data_real.csv,b716517b25033ce8e0243e967aa961876425a4c41e97c8aa8fa59f2aca061341,2026-08-20T17:00:00Z,2022-23,Bundesliga,https://www.football-data.co.uk/mmz4281/2223/D1.csv
global-489cb7f8477a190792633a01,Football-Data.co.uk,data/raw/bundesliga_2022_2023_football_data_real.csv,b716517b25033ce8e0243e967aa961876425a4c41e97c8aa8fa59f2aca061341,2026-08-20T17:00:00Z,2022-23,Bundesliga,https://www.football-data.co.uk/mmz4281/2223/D1.csv
global-b09956c7166619d5c7986549,Football-Data.co.uk,data/raw/bundesliga_2022_2023_football_data_real.csv,b716517b25033ce8e0243e967aa961876425a4c41e97c8aa8fa59f2aca061341,2026-08-20T17:00:00Z,2022-23,Bundesliga,https://www.football-data.co.uk/mmz4281/2223/D1.csv
global-547e1eb98844c8793dfd09b6,Football-Data.co.uk,data/raw/bundesliga_2022_2023_football_data_real.csv,b716517b25033ce8e0243e967aa961876425a4c41e97c8aa8fa59f2aca061341,2026-08-20T17:00:00Z,2022-23,Bundesliga,https://www.football-data.co.uk/mmz4281/2223/D1.csv
global-ef3a39fc2b90f4ddf7b91f34,Football-Data.co.uk,data/raw/bundesliga_2022_2023_football_data_real.csv,b716517b25033ce8e0243e967aa961876425a4c41e97c8aa8fa59f2aca061341,2026-08-20T17:00:00Z,2022-23,Bundesliga,https://www.football-data.co.uk/mmz4281/2223/D1.csv
global-bafa3f1d074054a1ba34115a,Football-Data.co.uk,data/raw/bundesliga_2022_2023_football_data_real.csv,b716517b25033ce8e0243e967aa961876425a4c41e97c8aa8fa59f2aca061341,2026-08-20T17:00:00Z,2022-23,Bundesliga,https://www.football-data.co.uk/mmz4281/2223/D1.csv
global-3094548343f6ebbf628f94b5,Football-Data.co.uk,data/raw/bundesliga_2022_2023_football_data_real.csv,b716517b25033ce8e0243e967aa961876425a4c41e97c8aa8fa59f2aca061341,2026-08-20T17:00:00Z,2022-23,Bundesliga,https://www.football-data.co.uk/mmz4281/2223/D1.csv
global-f1fd298cfb2ac1516d3a4343,Football-Data.co.uk,data/raw/bundesliga_2022_2023_football_data_real.csv,b716517b25033ce8e0243e967aa961876425a4c41e97c8aa8fa59f2aca061341,2026-08-20T17:00:00Z,2022-23,Bundesliga,https://www.football-data.co.uk/mmz4281/2223/D1.csv
global-11fec42e1af2e54de741e918,Football-Data.co.uk,data/raw/bundesliga_2022_2023_football_data_real.csv,b716517b25033ce8e0243e967aa961876425a4c41e97c8aa8fa59f2aca061341,2026-08-20T17:00:00Z,2022-23,Bundesliga,https://www.football-data.co.uk/mmz4281/2223/D1.csv
global-8685aee3ec8f7572b0e616e9,Football-Data.co.uk,data/raw/bundesliga_2022_2023_football_data_real.csv,b716517b25033ce8e0243e967aa961876425a4c41e97c8aa8fa59f2aca061341,2026-08-20T17:00:00Z,2022-23,Bundesliga,https://www.football-data.co.uk/mmz4281/2223/D1.csv
global-7945e865a5875d5228f3657e,Football-Data.co.uk,data/raw/bundesliga_2022_2023_football_data_real.csv,b716517b25033ce8e0243e967aa961876425a4c41e97c8aa8fa59f2aca061341,2026-08-20T17:00:00Z,2022-23,Bundesliga,https://www.football-data.co.uk/mmz4281/2223/D1.csv
global-bfb5bdcdcffd254ea9c7becb,Football-Data.co.uk,data/raw/bundesliga_2022_2023_football_data_real.csv,b716517b25033ce8e0243e967aa961876425a4c41e97c8aa8fa59f2aca061341,2026-08-20T17:00:00Z,2022-23,Bundesliga,https://www.football-data.co.uk/mmz4281/2223/D1.csv
global-ea8d0743a99037790f55b171,Football-Data.co.uk,data/raw/bundesliga_2022_2023_football_data_real.csv,b716517b25033ce8e0243e967aa961876425a4c41e97c8aa8fa59f2aca061341,2026-08-20T17:00:00Z,2022-23,Bundesliga,https://www.football-data.co.uk/mmz4281/2223/D1.csv
global-87460c0ef01d87e59f5f28c4,Football-Data.co.uk,data/raw/bundesliga_2022_2023_football_data_real.csv,b716517b25033ce8e0243e967aa961876425a4c41e97c8aa8fa59f2aca061341,2026-08-20T17:00:00Z,2022-23,Bundesliga,https://www.football-data.co.uk/mmz4281/2223/D1.csv
global-769b66242fca124b26b6cf0e,Football-Data.co.uk,data/raw/bundesliga_2022_2023_football_data_real.csv,b716517b25033ce8e0243e967aa961876425a4c41e97c8aa8fa59f2aca061341,2026-08-20T17:00:00Z,2022-23,Bundesliga,https://www.football-data.co.uk/mmz4281/2223/D1.csv
global-0a35c60b666bab292b922c45,Football-Data.co.uk,data/raw/bundesliga_2022_2023_football_data_real.csv,b716517b25033ce8e0243e967aa961876425a4c41e97c8aa8fa59f2aca061341,2026-08-20T17:00:00Z,2022-23,Bundesliga,https://www.football-data.co.uk/mmz4281/2223/D1.csv
global-fa29790e7199d80a36ae71cd,Football-Data.co.uk,data/raw/bundesliga_2022_2023_football_data_real.csv,b716517b25033ce8e0243e967aa961876425a4c41e97c8aa8fa59f2aca061341,2026-08-20T17:00:00Z,2022-23,Bundesliga,https://www.football-data.co.uk/mmz4281/2223/D1.csv
global-c63603921af11cc59454aedc,Football-Data.co.uk,data/raw/bundesliga_2022_2023_football_data_real.csv,b716517b25033ce8e0243e967aa961876425a4c41e97c8aa8fa59f2aca061341,2026-08-20T17:00:00Z,2022-23,Bundesliga,https://www.football-data.co.uk/mmz4281/2223/D1.csv
global-ece19980795ee9d080850b8c,Football-Data.co.uk,data/raw/bundesliga_2022_2023_football_data_real.csv,b716517b25033ce8e0243e967aa961876425a4c41e97c8aa8fa59f2aca061341,2026-08-20T17:00:00Z,2022-23,Bundesliga,https://www.football-data.co.uk/mmz4281/2223/D1.csv
global-c20ac6ac57b71fff394bb259,Football-Data.co.uk,data/raw/bundesliga_2022_2023_football_data_real.csv,b716517b25033ce8e0243e967aa961876425a4c41e97c8aa8fa59f2aca061341,2026-08-20T17:00:00Z,2022-23,Bundesliga,https://www.football-data.co.uk/mmz4281/2223/D1.csv
global-af51cf6a81dce54dc1bfad05,Football-Data.co.uk,data/raw/bundesliga_2022_2023_football_data_real.csv,b716517b25033ce8e0243e967aa961876425a4c41e97c8aa8fa59f2aca061341,2026-08-20T17:00:00Z,2022-23,Bundesliga,https://www.football-data.co.uk/mmz4281/2223/D1.csv
global-88eb06790adb4a494602a6f9,Football-Data.co.uk,data/raw/bundesliga_2022_2023_football_data_real.csv,b716517b25033ce8e0243e967aa961876425a4c41e97c8aa8fa59f2aca061341,2026-08-20T17:00:00Z,2022-23,Bundesliga,https://www.football-data.co.uk/mmz4281/2223/D1.csv
global-e909243e1b4a61fb3ce7aa11,Football-Data.co.uk,data/raw/bundesliga_2022_2023_football_data_real.csv,b716517b25033ce8e0243e967aa961876425a4c41e97c8aa8fa59f2aca061341,2026-08-20T17:00:00Z,2022-23,Bundesliga,https://www.football-data.co.uk/mmz4281/2223/D1.csv
global-78c37dc3557e089c0eee259b,Football-Data.co.uk,data/raw/bundesliga_2022_2023_football_data_real.csv,b716517b25033ce8e0243e967aa961876425a4c41e97c8aa8fa59f2aca061341,2026-08-20T17:00:00Z,2022-23,Bundesliga,https://www.football-data.co.uk/mmz4281/2223/D1.csv
global-82134ff66b2841971c5de4e4,Football-Data.co.uk,data/raw/bundesliga_2022_2023_football_data_real.csv,b716517b25033ce8e0243e967aa961876425a4c41e97c8aa8fa59f2aca061341,2026-08-20T17:00:00Z,2022-23,Bundesliga,https://www.football-data.co.uk/mmz4281/2223/D1.csv
global-918fd61d187ef99b9db7a902,Football-Data.co.uk,data/raw/bundesliga_2022_2023_football_data_real.csv,b716517b25033ce8e0243e967aa961876425a4c41e97c8aa8fa59f2aca061341,2026-08-20T17:00:00Z,2022-23,Bundesliga,https://www.football-data.co.uk/mmz4281/2223/D1.csv
global-5120ceb4b751930240692e1e,Football-Data.co.uk,data/raw/bundesliga_2022_2023_football_data_real.csv,b716517b25033ce8e0243e967aa961876425a4c41e97c8aa8fa59f2aca061341,2026-08-20T17:00:00Z,2022-23,Bundesliga,https://www.football-data.co.uk/mmz4281/2223/D1.csv
global-cbf974d6d1211e3a2a192c2b,Football-Data.co.uk,data/raw/bundesliga_2022_2023_football_data_real.csv,b716517b25033ce8e0243e967aa961876425a4c41e97c8aa8fa59f2aca061341,2026-08-20T17:00:00Z,2022-23,Bundesliga,https://www.football-data.co.uk/mmz4281/2223/D1.csv
global-7be4c47a55b317049df7d8ea,Football-Data.co.uk,data/raw/bundesliga_2022_2023_football_data_real.csv,b716517b25033ce8e0243e967aa961876425a4c41e97c8aa8fa59f2aca061341,2026-08-20T17:00:00Z,2022-23,Bundesliga,https://www.football-data.co.uk/mmz4281/2223/D1.csv
global-0662a3fe27335aba3aab8c8f,Football-Data.co.uk,data/raw/bundesliga_2022_2023_football_data_real.csv,b716517b25033ce8e0243e967aa961876425a4c41e97c8aa8fa59f2aca061341,2026-08-20T17:00:00Z,2022-23,Bundesliga,https://www.football-data.co.uk/mmz4281/2223/D1.csv
global-5eae9d90ab8d20841c147f16,Football-Data.co.uk,data/raw/bundesliga_2022_2023_football_data_real.csv,b716517b25033ce8e0243e967aa961876425a4c41e97c8aa8fa59f2aca061341,2026-08-20T17:00:00Z,2022-23,Bundesliga,https://www.football-data.co.uk/mmz4281/2223/D1.csv
global-8b4d7a5ef30da14fb1fbb1b2,Football-Data.co.uk,data/raw/bundesliga_2022_2023_football_data_real.csv,b716517b25033ce8e0243e967aa961876425a4c41e97c8aa8fa59f2aca061341,2026-08-20T17:00:00Z,2022-23,Bundesliga,https://www.football-data.co.uk/mmz4281/2223/D1.csv
global-f3e3497e76c14c89c0159be9,Football-Data.co.uk,data/raw/bundesliga_2022_2023_football_data_real.csv,b716517b25033ce8e0243e967aa961876425a4c41e97c8aa8fa59f2aca061341,2026-08-20T17:00:00Z,2022-23,Bundesliga,https://www.football-data.co.uk/mmz4281/2223/D1.csv
global-5e23c4fc2bb83fb8ee20396a,Football-Data.co.uk,data/raw/bundesliga_2022_2023_football_data_real.csv,b716517b25033ce8e0243e967aa961876425a4c41e97c8aa8fa59f2aca061341,2026-08-20T17:00:00Z,2022-23,Bundesliga,https://www.football-data.co.uk/mmz4281/2223/D1.csv
global-6455212578c4fb3530fb3764,Football-Data.co.uk,data/raw/bundesliga_2022_2023_football_data_real.csv,b716517b25033ce8e0243e967aa961876425a4c41e97c8aa8fa59f2aca061341,2026-08-20T17:00:00Z,2022-23,Bundesliga,https://www.football-data.co.uk/mmz4281/2223/D1.csv
global-6f96eed4de60fbe663de90e9,Football-Data.co.uk,data/raw/bundesliga_2022_2023_football_data_real.csv,b716517b25033ce8e0243e967aa961876425a4c41e97c8aa8fa59f2aca061341,2026-08-20T17:00:00Z,2022-23,Bundesliga,https://www.football-data.co.uk/mmz4281/2223/D1.csv
global-c1812c33e5bd8d18c263fa79,Football-Data.co.uk,data/raw/bundesliga_2022_2023_football_data_real.csv,b716517b25033ce8e0243e967aa961876425a4c41e97c8aa8fa59f2aca061341,2026-08-20T17:00:00Z,2022-23,Bundesliga,https://www.football-data.co.uk/mmz4281/2223/D1.csv
global-8ee4eaecaaececd75443107c,Football-Data.co.uk,data/raw/bundesliga_2022_2023_football_data_real.csv,b716517b25033ce8e0243e967aa961876425a4c41e97c8aa8fa59f2aca061341,2026-08-20T17:00:00Z,2022-23,Bundesliga,https://www.football-data.co.uk/mmz4281/2223/D1.csv
global-159ed358cbbdb549195aabdf,Football-Data.co.uk,data/raw/bundesliga_2022_2023_football_data_real.csv,b716517b25033ce8e0243e967aa961876425a4c41e97c8aa8fa59f2aca061341,2026-08-20T17:00:00Z,2022-23,Bundesliga,https://www.football-data.co.uk/mmz4281/2223/D1.csv
global-868817488adce1734053149b,Football-Data.co.uk,data/raw/bundesliga_2022_2023_football_data_real.csv,b716517b25033ce8e0243e967aa961876425a4c41e97c8aa8fa59f2aca061341,2026-08-20T17:00:00Z,2022-23,Bundesliga,https://www.football-data.co.uk/mmz4281/2223/D1.csv
global-2a95de2988a51dc075b32def,Football-Data.co.uk,data/raw/bundesliga_2022_2023_football_data_real.csv,b716517b25033ce8e0243e967aa961876425a4c41e97c8aa8fa59f2aca061341,2026-08-20T17:00:00Z,2022-23,Bundesliga,https://www.football-data.co.uk/mmz4281/2223/D1.csv
global-936e59c70409ff43eccbaaca,Football-Data.co.uk,data/raw/bundesliga_2022_2023_football_data_real.csv,b716517b25033ce8e0243e967aa961876425a4c41e97c8aa8fa59f2aca061341,2026-08-20T17:00:00Z,2022-23,Bundesliga,https://www.football-data.co.uk/mmz4281/2223/D1.csv
global-6315b6c70ce9ee4026a8f535,Football-Data.co.uk,data/raw/bundesliga_2022_2023_football_data_real.csv,b716517b25033ce8e0243e967aa961876425a4c41e97c8aa8fa59f2aca061341,2026-08-20T17:00:00Z,2022-23,Bundesliga,https://www.football-data.co.uk/mmz4281/2223/D1.csv
global-e9539c2056dea7945cb8b4cc,Football-Data.co.uk,data/raw/bundesliga_2022_2023_football_data_real.csv,b716517b25033ce8e0243e967aa961876425a4c41e97c8aa8fa59f2aca061341,2026-08-20T17:00:00Z,2022-23,Bundesliga,https://www.football-data.co.uk/mmz4281/2223/D1.csv
global-2de9bbe7b189420c6deb6c4b,Football-Data.co.uk,data/raw/bundesliga_2022_2023_football_data_real.csv,b716517b25033ce8e0243e967aa961876425a4c41e97c8aa8fa59f2aca061341,2026-08-20T17:00:00Z,2022-23,Bundesliga,https://www.football-data.co.uk/mmz4281/2223/D1.csv
global-154ac032a3846608355716c1,Football-Data.co.uk,data/raw/bundesliga_2022_2023_football_data_real.csv,b716517b25033ce8e0243e967aa961876425a4c41e97c8aa8fa59f2aca061341,2026-08-20T17:00:00Z,2022-23,Bundesliga,https://www.football-data.co.uk/mmz4281/2223/D1.csv
global-7be3583da279342026ce10ff,Football-Data.co.uk,data/raw/bundesliga_2022_2023_football_data_real.csv,b716517b25033ce8e0243e967aa961876425a4c41e97c8aa8fa59f2aca061341,2026-08-20T17:00:00Z,2022-23,Bundesliga,https://www.football-data.co.uk/mmz4281/2223/D1.csv
global-0e80dfb12de8fccaa6ef1ef2,Football-Data.co.uk,data/raw/bundesliga_2022_2023_football_data_real.csv,b716517b25033ce8e0243e967aa961876425a4c41e97c8aa8fa59f2aca061341,2026-08-20T17:00:00Z,2022-23,Bundesliga,https://www.football-data.co.uk/mmz4281/2223/D1.csv
global-68c33170c78eea237e4bfd50,Football-Data.co.uk,data/raw/bundesliga_2022_2023_football_data_real.csv,b716517b25033ce8e0243e967aa961876425a4c41e97c8aa8fa59f2aca061341,2026-08-20T17:00:00Z,2022-23,Bundesliga,https://www.football-data.co.uk/mmz4281/2223/D1.csv
global-47587ce31709c711208fabcb,Football-Data.co.uk,data/raw/bundesliga_2022_2023_football_data_real.csv,b716517b25033ce8e0243e967aa961876425a4c41e97c8aa8fa59f2aca061341,2026-08-20T17:00:00Z,2022-23,Bundesliga,https://www.football-data.co.uk/mmz4281/2223/D1.csv
global-d9e0630ce33849ad93c350e3,Football-Data.co.uk,data/raw/bundesliga_2022_2023_football_data_real.csv,b716517b25033ce8e0243e967aa961876425a4c41e97c8aa8fa59f2aca061341,2026-08-20T17:00:00Z,2022-23,Bundesliga,https://www.football-data.co.uk/mmz4281/2223/D1.csv
global-41c9d0be971fd0c78e05b66e,Football-Data.co.uk,data/raw/bundesliga_2022_2023_football_data_real.csv,b716517b25033ce8e0243e967aa961876425a4c41e97c8aa8fa59f2aca061341,2026-08-20T17:00:00Z,2022-23,Bundesliga,https://www.football-data.co.uk/mmz4281/2223/D1.csv
global-ca7ccedceb5fff739200a21a,Football-Data.co.uk,data/raw/bundesliga_2022_2023_football_data_real.csv,b716517b25033ce8e0243e967aa961876425a4c41e97c8aa8fa59f2aca061341,2026-08-20T17:00:00Z,2022-23,Bundesliga,https://www.football-data.co.uk/mmz4281/2223/D1.csv
global-dfa06a9c78e3fb56f386d919,Football-Data.co.uk,data/raw/bundesliga_2022_2023_football_data_real.csv,b716517b25033ce8e0243e967aa961876425a4c41e97c8aa8fa59f2aca061341,2026-08-20T17:00:00Z,2022-23,Bundesliga,https://www.football-data.co.uk/mmz4281/2223/D1.csv
global-a3a8b2264ce96c7b01bcb9a7,Football-Data.co.uk,data/raw/bundesliga_2022_2023_football_data_real.csv,b716517b25033ce8e0243e967aa961876425a4c41e97c8aa8fa59f2aca061341,2026-08-20T17:00:00Z,2022-23,Bundesliga,https://www.football-data.co.uk/mmz4281/2223/D1.csv
global-e356fc601bf897a431319924,Football-Data.co.uk,data/raw/bundesliga_2022_2023_football_data_real.csv,b716517b25033ce8e0243e967aa961876425a4c41e97c8aa8fa59f2aca061341,2026-08-20T17:00:00Z,2022-23,Bundesliga,https://www.football-data.co.uk/mmz4281/2223/D1.csv
global-80b40ac3c4e8e393dd84207d,Football-Data.co.uk,data/raw/bundesliga_2022_2023_football_data_real.csv,b716517b25033ce8e0243e967aa961876425a4c41e97c8aa8fa59f2aca061341,2026-08-20T17:00:00Z,2022-23,Bundesliga,https://www.football-data.co.uk/mmz4281/2223/D1.csv
global-b748ca797b19a059d246e416,Football-Data.co.uk,data/raw/bundesliga_2022_2023_football_data_real.csv,b716517b25033ce8e0243e967aa961876425a4c41e97c8aa8fa59f2aca061341,2026-08-20T17:00:00Z,2022-23,Bundesliga,https://www.football-data.co.uk/mmz4281/2223/D1.csv
global-0f715e311b243a65aeac83fc,Football-Data.co.uk,data/raw/bundesliga_2022_2023_football_data_real.csv,b716517b25033ce8e0243e967aa961876425a4c41e97c8aa8fa59f2aca061341,2026-08-20T17:00:00Z,2022-23,Bundesliga,https://www.football-data.co.uk/mmz4281/2223/D1.csv
global-b0afa3286478cb603909c03c,Football-Data.co.uk,data/raw/bundesliga_2022_2023_football_data_real.csv,b716517b25033ce8e0243e967aa961876425a4c41e97c8aa8fa59f2aca061341,2026-08-20T17:00:00Z,2022-23,Bundesliga,https://www.football-data.co.uk/mmz4281/2223/D1.csv
global-e4d26d5607e615c72e7bd6a2,Football-Data.co.uk,data/raw/bundesliga_2022_2023_football_data_real.csv,b716517b25033ce8e0243e967aa961876425a4c41e97c8aa8fa59f2aca061341,2026-08-20T17:00:00Z,2022-23,Bundesliga,https://www.football-data.co.uk/mmz4281/2223/D1.csv
global-9f6a90b86f01ad5481ce52d9,Football-Data.co.uk,data/raw/bundesliga_2022_2023_football_data_real.csv,b716517b25033ce8e0243e967aa961876425a4c41e97c8aa8fa59f2aca061341,2026-08-20T17:00:00Z,2022-23,Bundesliga,https://www.football-data.co.uk/mmz4281/2223/D1.csv
global-7e7eeb97d3365d0f1b30a988,Football-Data.co.uk,data/raw/bundesliga_2022_2023_football_data_real.csv,b716517b25033ce8e0243e967aa961876425a4c41e97c8aa8fa59f2aca061341,2026-08-20T17:00:00Z,2022-23,Bundesliga,https://www.football-data.co.uk/mmz4281/2223/D1.csv
global-cc4e940676f665b73f9b3ffc,Football-Data.co.uk,data/raw/bundesliga_2022_2023_football_data_real.csv,b716517b25033ce8e0243e967aa961876425a4c41e97c8aa8fa59f2aca061341,2026-08-20T17:00:00Z,2022-23,Bundesliga,https://www.football-data.co.uk/mmz4281/2223/D1.csv
global-3d0b0e5fcc6c56dff38453a0,Football-Data.co.uk,data/raw/bundesliga_2022_2023_football_data_real.csv,b716517b25033ce8e0243e967aa961876425a4c41e97c8aa8fa59f2aca061341,2026-08-20T17:00:00Z,2022-23,Bundesliga,https://www.football-data.co.uk/mmz4281/2223/D1.csv
global-2ec69139abf3c5f7041d6267,Football-Data.co.uk,data/raw/bundesliga_2022_2023_football_data_real.csv,b716517b25033ce8e0243e967aa961876425a4c41e97c8aa8fa59f2aca061341,2026-08-20T17:00:00Z,2022-23,Bundesliga,https://www.football-data.co.uk/mmz4281/2223/D1.csv
global-ff8dab5bbe98bb0557b7697b,Football-Data.co.uk,data/raw/bundesliga_2022_2023_football_data_real.csv,b716517b25033ce8e0243e967aa961876425a4c41e97c8aa8fa59f2aca061341,2026-08-20T17:00:00Z,2022-23,Bundesliga,https://www.football-data.co.uk/mmz4281/2223/D1.csv
global-180b4a6e10597bac205cdf75,Football-Data.co.uk,data/raw/bundesliga_2022_2023_football_data_real.csv,b716517b25033ce8e0243e967aa961876425a4c41e97c8aa8fa59f2aca061341,2026-08-20T17:00:00Z,2022-23,Bundesliga,https://www.football-data.co.uk/mmz4281/2223/D1.csv
global-694cd34f1546ea2deecfd266,Football-Data.co.uk,data/raw/bundesliga_2022_2023_football_data_real.csv,b716517b25033ce8e0243e967aa961876425a4c41e97c8aa8fa59f2aca061341,2026-08-20T17:00:00Z,2022-23,Bundesliga,https://www.football-data.co.uk/mmz4281/2223/D1.csv
global-1e986e9ab1aa0ca28a6abd3a,Football-Data.co.uk,data/raw/bundesliga_2022_2023_football_data_real.csv,b716517b25033ce8e0243e967aa961876425a4c41e97c8aa8fa59f2aca061341,2026-08-20T17:00:00Z,2022-23,Bundesliga,https://www.football-data.co.uk/mmz4281/2223/D1.csv
global-22f2f8ab158ead6a03188f99,Football-Data.co.uk,data/raw/bundesliga_2022_2023_football_data_real.csv,b716517b25033ce8e0243e967aa961876425a4c41e97c8aa8fa59f2aca061341,2026-08-20T17:00:00Z,2022-23,Bundesliga,https://www.football-data.co.uk/mmz4281/2223/D1.csv
global-213b327388ec88572b8f044b,Football-Data.co.uk,data/raw/bundesliga_2022_2023_football_data_real.csv,b716517b25033ce8e0243e967aa961876425a4c41e97c8aa8fa59f2aca061341,2026-08-20T17:00:00Z,2022-23,Bundesliga,https://www.football-data.co.uk/mmz4281/2223/D1.csv
global-5d08102e839d20e550afd08a,Football-Data.co.uk,data/raw/bundesliga_2022_2023_football_data_real.csv,b716517b25033ce8e0243e967aa961876425a4c41e97c8aa8fa59f2aca061341,2026-08-20T17:00:00Z,2022-23,Bundesliga,https://www.football-data.co.uk/mmz4281/2223/D1.csv
global-72a86f0dce1055b307f5c26e,Football-Data.co.uk,data/raw/bundesliga_2022_2023_football_data_real.csv,b716517b25033ce8e0243e967aa961876425a4c41e97c8aa8fa59f2aca061341,2026-08-20T17:00:00Z,2022-23,Bundesliga,https://www.football-data.co.uk/mmz4281/2223/D1.csv
global-7767d324a14d0ee3852abfd3,Football-Data.co.uk,data/raw/bundesliga_2022_2023_football_data_real.csv,b716517b25033ce8e0243e967aa961876425a4c41e97c8aa8fa59f2aca061341,2026-08-20T17:00:00Z,2022-23,Bundesliga,https://www.football-data.co.uk/mmz4281/2223/D1.csv
global-3cda9ba7a92dc8679b8bb97d,Football-Data.co.uk,data/raw/bundesliga_2022_2023_football_data_real.csv,b716517b25033ce8e0243e967aa961876425a4c41e97c8aa8fa59f2aca061341,2026-08-20T17:00:00Z,2022-23,Bundesliga,https://www.football-data.co.uk/mmz4281/2223/D1.csv
global-c58ccf3685fa2e58a2d36734,Football-Data.co.uk,data/raw/bundesliga_2022_2023_football_data_real.csv,b716517b25033ce8e0243e967aa961876425a4c41e97c8aa8fa59f2aca061341,2026-08-20T17:00:00Z,2022-23,Bundesliga,https://www.football-data.co.uk/mmz4281/2223/D1.csv
global-368e175a0d0ec8cf06202b02,Football-Data.co.uk,data/raw/bundesliga_2022_2023_football_data_real.csv,b716517b25033ce8e0243e967aa961876425a4c41e97c8aa8fa59f2aca061341,2026-08-20T17:00:00Z,2022-23,Bundesliga,https://www.football-data.co.uk/mmz4281/2223/D1.csv
global-806fdcf81d38830744219bd3,Football-Data.co.uk,data/raw/bundesliga_2022_2023_football_data_real.csv,b716517b25033ce8e0243e967aa961876425a4c41e97c8aa8fa59f2aca061341,2026-08-20T17:00:00Z,2022-23,Bundesliga,https://www.football-data.co.uk/mmz4281/2223/D1.csv
global-1cb402ddfef344ac7d28cedc,Football-Data.co.uk,data/raw/bundesliga_2022_2023_football_data_real.csv,b716517b25033ce8e0243e967aa961876425a4c41e97c8aa8fa59f2aca061341,2026-08-20T17:00:00Z,2022-23,Bundesliga,https://www.football-data.co.uk/mmz4281/2223/D1.csv
global-15443de7e514f8572bbab043,Football-Data.co.uk,data/raw/bundesliga_2022_2023_football_data_real.csv,b716517b25033ce8e0243e967aa961876425a4c41e97c8aa8fa59f2aca061341,2026-08-20T17:00:00Z,2022-23,Bundesliga,https://www.football-data.co.uk/mmz4281/2223/D1.csv
global-aa4b59dbf3802fc5e16e52f6,Football-Data.co.uk,data/raw/bundesliga_2022_2023_football_data_real.csv,b716517b25033ce8e0243e967aa961876425a4c41e97c8aa8fa59f2aca061341,2026-08-20T17:00:00Z,2022-23,Bundesliga,https://www.football-data.co.uk/mmz4281/2223/D1.csv
global-4d0a580ecc81133f44e4bb99,Football-Data.co.uk,data/raw/bundesliga_2022_2023_football_data_real.csv,b716517b25033ce8e0243e967aa961876425a4c41e97c8aa8fa59f2aca061341,2026-08-20T17:00:00Z,2022-23,Bundesliga,https://www.football-data.co.uk/mmz4281/2223/D1.csv
global-6caa33a321c28666492a20be,Football-Data.co.uk,data/raw/bundesliga_2022_2023_football_data_real.csv,b716517b25033ce8e0243e967aa961876425a4c41e97c8aa8fa59f2aca061341,2026-08-20T17:00:00Z,2022-23,Bundesliga,https://www.football-data.co.uk/mmz4281/2223/D1.csv
global-830a2db3874ee6f6400791c6,Football-Data.co.uk,data/raw/bundesliga_2022_2023_football_data_real.csv,b716517b25033ce8e0243e967aa961876425a4c41e97c8aa8fa59f2aca061341,2026-08-20T17:00:00Z,2022-23,Bundesliga,https://www.football-data.co.uk/mmz4281/2223/D1.csv
global-825b73db72cdd69362c14258,Football-Data.co.uk,data/raw/bundesliga_2022_2023_football_data_real.csv,b716517b25033ce8e0243e967aa961876425a4c41e97c8aa8fa59f2aca061341,2026-08-20T17:00:00Z,2022-23,Bundesliga,https://www.football-data.co.uk/mmz4281/2223/D1.csv
global-c84536a78de9effcb5fd02d5,Football-Data.co.uk,data/raw/bundesliga_2022_2023_football_data_real.csv,b716517b25033ce8e0243e967aa961876425a4c41e97c8aa8fa59f2aca061341,2026-08-20T17:00:00Z,2022-23,Bundesliga,https://www.football-data.co.uk/mmz4281/2223/D1.csv
global-a01a49e1d123cac7a5605fe1,Football-Data.co.uk,data/raw/bundesliga_2022_2023_football_data_real.csv,b716517b25033ce8e0243e967aa961876425a4c41e97c8aa8fa59f2aca061341,2026-08-20T17:00:00Z,2022-23,Bundesliga,https://www.football-data.co.uk/mmz4281/2223/D1.csv
global-c657008c9b789146f3f7682c,Football-Data.co.uk,data/raw/bundesliga_2022_2023_football_data_real.csv,b716517b25033ce8e0243e967aa961876425a4c41e97c8aa8fa59f2aca061341,2026-08-20T17:00:00Z,2022-23,Bundesliga,https://www.football-data.co.uk/mmz4281/2223/D1.csv
global-54bfe84bd9ba874746c8a08d,Football-Data.co.uk,data/raw/bundesliga_2022_2023_football_data_real.csv,b716517b25033ce8e0243e967aa961876425a4c41e97c8aa8fa59f2aca061341,2026-08-20T17:00:00Z,2022-23,Bundesliga,https://www.football-data.co.uk/mmz4281/2223/D1.csv
global-ae887348ecdd59172d8f1f06,Football-Data.co.uk,data/raw/bundesliga_2022_2023_football_data_real.csv,b716517b25033ce8e0243e967aa961876425a4c41e97c8aa8fa59f2aca061341,2026-08-20T17:00:00Z,2022-23,Bundesliga,https://www.football-data.co.uk/mmz4281/2223/D1.csv
global-1ca3ea864efd8a1c478ee786,Football-Data.co.uk,data/raw/bundesliga_2022_2023_football_data_real.csv,b716517b25033ce8e0243e967aa961876425a4c41e97c8aa8fa59f2aca061341,2026-08-20T17:00:00Z,2022-23,Bundesliga,https://www.football-data.co.uk/mmz4281/2223/D1.csv
global-060b9c7aca10db65beb51d46,Football-Data.co.uk,data/raw/bundesliga_2022_2023_football_data_real.csv,b716517b25033ce8e0243e967aa961876425a4c41e97c8aa8fa59f2aca061341,2026-08-20T17:00:00Z,2022-23,Bundesliga,https://www.football-data.co.uk/mmz4281/2223/D1.csv
global-fbe1e950423c042b414cc13d,Football-Data.co.uk,data/raw/bundesliga_2022_2023_football_data_real.csv,b716517b25033ce8e0243e967aa961876425a4c41e97c8aa8fa59f2aca061341,2026-08-20T17:00:00Z,2022-23,Bundesliga,https://www.football-data.co.uk/mmz4281/2223/D1.csv
global-44d18ad82b359919d5e9a080,Football-Data.co.uk,data/raw/bundesliga_2022_2023_football_data_real.csv,b716517b25033ce8e0243e967aa961876425a4c41e97c8aa8fa59f2aca061341,2026-08-20T17:00:00Z,2022-23,Bundesliga,https://www.football-data.co.uk/mmz4281/2223/D1.csv
global-416423f1b04a43be23535455,Football-Data.co.uk,data/raw/bundesliga_2022_2023_football_data_real.csv,b716517b25033ce8e0243e967aa961876425a4c41e97c8aa8fa59f2aca061341,2026-08-20T17:00:00Z,2022-23,Bundesliga,https://www.football-data.co.uk/mmz4281/2223/D1.csv
global-e0ca6667f5c94f60d83917d9,Football-Data.co.uk,data/raw/bundesliga_2022_2023_football_data_real.csv,b716517b25033ce8e0243e967aa961876425a4c41e97c8aa8fa59f2aca061341,2026-08-20T17:00:00Z,2022-23,Bundesliga,https://www.football-data.co.uk/mmz4281/2223/D1.csv
global-9b5eb3482d6f0034905c6666,Football-Data.co.uk,data/raw/bundesliga_2022_2023_football_data_real.csv,b716517b25033ce8e0243e967aa961876425a4c41e97c8aa8fa59f2aca061341,2026-08-20T17:00:00Z,2022-23,Bundesliga,https://www.football-data.co.uk/mmz4281/2223/D1.csv
global-73138a4bd575dd58e6c92ae9,Football-Data.co.uk,data/raw/bundesliga_2022_2023_football_data_real.csv,b716517b25033ce8e0243e967aa961876425a4c41e97c8aa8fa59f2aca061341,2026-08-20T17:00:00Z,2022-23,Bundesliga,https://www.football-data.co.uk/mmz4281/2223/D1.csv
global-4f9f5dc7732cef04fc7d3fdf,Football-Data.co.uk,data/raw/bundesliga_2022_2023_football_data_real.csv,b716517b25033ce8e0243e967aa961876425a4c41e97c8aa8fa59f2aca061341,2026-08-20T17:00:00Z,2022-23,Bundesliga,https://www.football-data.co.uk/mmz4281/2223/D1.csv
global-b2a62fcc0df5a95ea60f332d,Football-Data.co.uk,data/raw/bundesliga_2022_2023_football_data_real.csv,b716517b25033ce8e0243e967aa961876425a4c41e97c8aa8fa59f2aca061341,2026-08-20T17:00:00Z,2022-23,Bundesliga,https://www.football-data.co.uk/mmz4281/2223/D1.csv
global-e7e6293622c36b39c7a94b29,Football-Data.co.uk,data/raw/bundesliga_2022_2023_football_data_real.csv,b716517b25033ce8e0243e967aa961876425a4c41e97c8aa8fa59f2aca061341,2026-08-20T17:00:00Z,2022-23,Bundesliga,https://www.football-data.co.uk/mmz4281/2223/D1.csv
global-4ebc61902872cdb05acaf3ec,Football-Data.co.uk,data/raw/bundesliga_2022_2023_football_data_real.csv,b716517b25033ce8e0243e967aa961876425a4c41e97c8aa8fa59f2aca061341,2026-08-20T17:00:00Z,2022-23,Bundesliga,https://www.football-data.co.uk/mmz4281/2223/D1.csv
global-574976124ca17ade5654bf04,Football-Data.co.uk,data/raw/bundesliga_2022_2023_football_data_real.csv,b716517b25033ce8e0243e967aa961876425a4c41e97c8aa8fa59f2aca061341,2026-08-20T17:00:00Z,2022-23,Bundesliga,https://www.football-data.co.uk/mmz4281/2223/D1.csv
global-9c49dd6cd71f0f0a71b9c9c0,Football-Data.co.uk,data/raw/bundesliga_2022_2023_football_data_real.csv,b716517b25033ce8e0243e967aa961876425a4c41e97c8aa8fa59f2aca061341,2026-08-20T17:00:00Z,2022-23,Bundesliga,https://www.football-data.co.uk/mmz4281/2223/D1.csv
global-ebb506ac137dc9ac8b04324f,Football-Data.co.uk,data/raw/bundesliga_2022_2023_football_data_real.csv,b716517b25033ce8e0243e967aa961876425a4c41e97c8aa8fa59f2aca061341,2026-08-20T17:00:00Z,2022-23,Bundesliga,https://www.football-data.co.uk/mmz4281/2223/D1.csv
global-8923cde9a5068a8dea14cc82,Football-Data.co.uk,data/raw/bundesliga_2022_2023_football_data_real.csv,b716517b25033ce8e0243e967aa961876425a4c41e97c8aa8fa59f2aca061341,2026-08-20T17:00:00Z,2022-23,Bundesliga,https://www.football-data.co.uk/mmz4281/2223/D1.csv
global-54c539a050a56cfa38c9f4ec,Football-Data.co.uk,data/raw/bundesliga_2022_2023_football_data_real.csv,b716517b25033ce8e0243e967aa961876425a4c41e97c8aa8fa59f2aca061341,2026-08-20T17:00:00Z,2022-23,Bundesliga,https://www.football-data.co.uk/mmz4281/2223/D1.csv
global-f0a589804ebc0711fc3612a5,Football-Data.co.uk,data/raw/bundesliga_2022_2023_football_data_real.csv,b716517b25033ce8e0243e967aa961876425a4c41e97c8aa8fa59f2aca061341,2026-08-20T17:00:00Z,2022-23,Bundesliga,https://www.football-data.co.uk/mmz4281/2223/D1.csv
global-2b06cbe0edcc45e117bb382e,Football-Data.co.uk,data/raw/bundesliga_2022_2023_football_data_real.csv,b716517b25033ce8e0243e967aa961876425a4c41e97c8aa8fa59f2aca061341,2026-08-20T17:00:00Z,2022-23,Bundesliga,https://www.football-data.co.uk/mmz4281/2223/D1.csv
global-4cfc4587c8767aebd73130e0,Football-Data.co.uk,data/raw/bundesliga_2022_2023_football_data_real.csv,b716517b25033ce8e0243e967aa961876425a4c41e97c8aa8fa59f2aca061341,2026-08-20T17:00:00Z,2022-23,Bundesliga,https://www.football-data.co.uk/mmz4281/2223/D1.csv
global-efb2c09632c61ffd36f1780a,Football-Data.co.uk,data/raw/bundesliga_2022_2023_football_data_real.csv,b716517b25033ce8e0243e967aa961876425a4c41e97c8aa8fa59f2aca061341,2026-08-20T17:00:00Z,2022-23,Bundesliga,https://www.football-data.co.uk/mmz4281/2223/D1.csv
global-ebbafbf9c7a45b821309e3ca,Football-Data.co.uk,data/raw/bundesliga_2022_2023_football_data_real.csv,b716517b25033ce8e0243e967aa961876425a4c41e97c8aa8fa59f2aca061341,2026-08-20T17:00:00Z,2022-23,Bundesliga,https://www.football-data.co.uk/mmz4281/2223/D1.csv
global-5c6040e302bfbbb76c3aaeda,Football-Data.co.uk,data/raw/bundesliga_2022_2023_football_data_real.csv,b716517b25033ce8e0243e967aa961876425a4c41e97c8aa8fa59f2aca061341,2026-08-20T17:00:00Z,2022-23,Bundesliga,https://www.football-data.co.uk/mmz4281/2223/D1.csv
global-a2d77581ae2c0c344d336ab1,Football-Data.co.uk,data/raw/bundesliga_2022_2023_football_data_real.csv,b716517b25033ce8e0243e967aa961876425a4c41e97c8aa8fa59f2aca061341,2026-08-20T17:00:00Z,2022-23,Bundesliga,https://www.football-data.co.uk/mmz4281/2223/D1.csv
global-faa49fca393f0134b2ea075a,Football-Data.co.uk,data/raw/bundesliga_2022_2023_football_data_real.csv,b716517b25033ce8e0243e967aa961876425a4c41e97c8aa8fa59f2aca061341,2026-08-20T17:00:00Z,2022-23,Bundesliga,https://www.football-data.co.uk/mmz4281/2223/D1.csv
global-969a275fedc3f6fdf8ab7f83,Football-Data.co.uk,data/raw/bundesliga_2022_2023_football_data_real.csv,b716517b25033ce8e0243e967aa961876425a4c41e97c8aa8fa59f2aca061341,2026-08-20T17:00:00Z,2022-23,Bundesliga,https://www.football-data.co.uk/mmz4281/2223/D1.csv
global-e9e6aa8fcabc5ecf49911284,Football-Data.co.uk,data/raw/bundesliga_2022_2023_football_data_real.csv,b716517b25033ce8e0243e967aa961876425a4c41e97c8aa8fa59f2aca061341,2026-08-20T17:00:00Z,2022-23,Bundesliga,https://www.football-data.co.uk/mmz4281/2223/D1.csv
global-ec5b4ce9711bc682fedd9a1a,Football-Data.co.uk,data/raw/bundesliga_2022_2023_football_data_real.csv,b716517b25033ce8e0243e967aa961876425a4c41e97c8aa8fa59f2aca061341,2026-08-20T17:00:00Z,2022-23,Bundesliga,https://www.football-data.co.uk/mmz4281/2223/D1.csv
global-6ca55d368612a2dde51c3654,Football-Data.co.uk,data/raw/bundesliga_2022_2023_football_data_real.csv,b716517b25033ce8e0243e967aa961876425a4c41e97c8aa8fa59f2aca061341,2026-08-20T17:00:00Z,2022-23,Bundesliga,https://www.football-data.co.uk/mmz4281/2223/D1.csv
global-adb1c2e2a7e1244ae60ff789,Football-Data.co.uk,data/raw/bundesliga_2022_2023_football_data_real.csv,b716517b25033ce8e0243e967aa961876425a4c41e97c8aa8fa59f2aca061341,2026-08-20T17:00:00Z,2022-23,Bundesliga,https://www.football-data.co.uk/mmz4281/2223/D1.csv
global-b091b70a389f4c338b79b5de,Football-Data.co.uk,data/raw/bundesliga_2022_2023_football_data_real.csv,b716517b25033ce8e0243e967aa961876425a4c41e97c8aa8fa59f2aca061341,2026-08-20T17:00:00Z,2022-23,Bundesliga,https://www.football-data.co.uk/mmz4281/2223/D1.csv
global-0f38ee82ad05c3a6173c1dd7,Football-Data.co.uk,data/raw/bundesliga_2022_2023_football_data_real.csv,b716517b25033ce8e0243e967aa961876425a4c41e97c8aa8fa59f2aca061341,2026-08-20T17:00:00Z,2022-23,Bundesliga,https://www.football-data.co.uk/mmz4281/2223/D1.csv
global-f9ffaddad1da345e62762b7e,Football-Data.co.uk,data/raw/bundesliga_2022_2023_football_data_real.csv,b716517b25033ce8e0243e967aa961876425a4c41e97c8aa8fa59f2aca061341,2026-08-20T17:00:00Z,2022-23,Bundesliga,https://www.football-data.co.uk/mmz4281/2223/D1.csv
global-1387ad61ff1ac9f09c5a7ff0,Football-Data.co.uk,data/raw/bundesliga_2022_2023_football_data_real.csv,b716517b25033ce8e0243e967aa961876425a4c41e97c8aa8fa59f2aca061341,2026-08-20T17:00:00Z,2022-23,Bundesliga,https://www.football-data.co.uk/mmz4281/2223/D1.csv
global-2deb104f5d33902270a96357,Football-Data.co.uk,data/raw/bundesliga_2022_2023_football_data_real.csv,b716517b25033ce8e0243e967aa961876425a4c41e97c8aa8fa59f2aca061341,2026-08-20T17:00:00Z,2022-23,Bundesliga,https://www.football-data.co.uk/mmz4281/2223/D1.csv
global-59f65c4f4d8ce845d76c9d79,Football-Data.co.uk,data/raw/bundesliga_2022_2023_football_data_real.csv,b716517b25033ce8e0243e967aa961876425a4c41e97c8aa8fa59f2aca061341,2026-08-20T17:00:00Z,2022-23,Bundesliga,https://www.football-data.co.uk/mmz4281/2223/D1.csv
global-3324891fe7fb415894e73f0c,Football-Data.co.uk,data/raw/bundesliga_2022_2023_football_data_real.csv,b716517b25033ce8e0243e967aa961876425a4c41e97c8aa8fa59f2aca061341,2026-08-20T17:00:00Z,2022-23,Bundesliga,https://www.football-data.co.uk/mmz4281/2223/D1.csv
global-a31c38a97a5554060effb397,Football-Data.co.uk,data/raw/bundesliga_2022_2023_football_data_real.csv,b716517b25033ce8e0243e967aa961876425a4c41e97c8aa8fa59f2aca061341,2026-08-20T17:00:00Z,2022-23,Bundesliga,https://www.football-data.co.uk/mmz4281/2223/D1.csv
global-359ea97fd62b236a47d184f0,Football-Data.co.uk,data/raw/bundesliga_2022_2023_football_data_real.csv,b716517b25033ce8e0243e967aa961876425a4c41e97c8aa8fa59f2aca061341,2026-08-20T17:00:00Z,2022-23,Bundesliga,https://www.football-data.co.uk/mmz4281/2223/D1.csv
global-b16648c516caa96e8badb7cc,Football-Data.co.uk,data/raw/bundesliga_2022_2023_football_data_real.csv,b716517b25033ce8e0243e967aa961876425a4c41e97c8aa8fa59f2aca061341,2026-08-20T17:00:00Z,2022-23,Bundesliga,https://www.football-data.co.uk/mmz4281/2223/D1.csv
global-20a7536b0402dfae12321da9,Football-Data.co.uk,data/raw/bundesliga_2022_2023_football_data_real.csv,b716517b25033ce8e0243e967aa961876425a4c41e97c8aa8fa59f2aca061341,2026-08-20T17:00:00Z,2022-23,Bundesliga,https://www.football-data.co.uk/mmz4281/2223/D1.csv
global-f1d61a46d94e037ccec8e62d,Football-Data.co.uk,data/raw/bundesliga_2022_2023_football_data_real.csv,b716517b25033ce8e0243e967aa961876425a4c41e97c8aa8fa59f2aca061341,2026-08-20T17:00:00Z,2022-23,Bundesliga,https://www.football-data.co.uk/mmz4281/2223/D1.csv
global-aa17ef692b0ac82a7ef2d94c,Football-Data.co.uk,data/raw/bundesliga_2022_2023_football_data_real.csv,b716517b25033ce8e0243e967aa961876425a4c41e97c8aa8fa59f2aca061341,2026-08-20T17:00:00Z,2022-23,Bundesliga,https://www.football-data.co.uk/mmz4281/2223/D1.csv
global-2d86e6412918603f574f7030,Football-Data.co.uk,data/raw/bundesliga_2022_2023_football_data_real.csv,b716517b25033ce8e0243e967aa961876425a4c41e97c8aa8fa59f2aca061341,2026-08-20T17:00:00Z,2022-23,Bundesliga,https://www.football-data.co.uk/mmz4281/2223/D1.csv
global-01053a7cb1e8cb2a2c0db55d,Football-Data.co.uk,data/raw/bundesliga_2022_2023_football_data_real.csv,b716517b25033ce8e0243e967aa961876425a4c41e97c8aa8fa59f2aca061341,2026-08-20T17:00:00Z,2022-23,Bundesliga,https://www.football-data.co.uk/mmz4281/2223/D1.csv
global-d4988aea6ad433cceed4ae8c,Football-Data.co.uk,data/raw/bundesliga_2022_2023_football_data_real.csv,b716517b25033ce8e0243e967aa961876425a4c41e97c8aa8fa59f2aca061341,2026-08-20T17:00:00Z,2022-23,Bundesliga,https://www.football-data.co.uk/mmz4281/2223/D1.csv
global-52b910cc56eb6fe460a690a5,Football-Data.co.uk,data/raw/bundesliga_2022_2023_football_data_real.csv,b716517b25033ce8e0243e967aa961876425a4c41e97c8aa8fa59f2aca061341,2026-08-20T17:00:00Z,2022-23,Bundesliga,https://www.football-data.co.uk/mmz4281/2223/D1.csv
global-cc8d3b9414a73a87a04d9a32,Football-Data.co.uk,data/raw/bundesliga_2022_2023_football_data_real.csv,b716517b25033ce8e0243e967aa961876425a4c41e97c8aa8fa59f2aca061341,2026-08-20T17:00:00Z,2022-23,Bundesliga,https://www.football-data.co.uk/mmz4281/2223/D1.csv
global-ca8028c3f579d2ec74598d0a,Football-Data.co.uk,data/raw/bundesliga_2022_2023_football_data_real.csv,b716517b25033ce8e0243e967aa961876425a4c41e97c8aa8fa59f2aca061341,2026-08-20T17:00:00Z,2022-23,Bundesliga,https://www.football-data.co.uk/mmz4281/2223/D1.csv
global-99d198ac685e69fa07f06a5e,Football-Data.co.uk,data/raw/bundesliga_2022_2023_football_data_real.csv,b716517b25033ce8e0243e967aa961876425a4c41e97c8aa8fa59f2aca061341,2026-08-20T17:00:00Z,2022-23,Bundesliga,https://www.football-data.co.uk/mmz4281/2223/D1.csv
global-30577c0929ccae06deb3a5fc,Football-Data.co.uk,data/raw/bundesliga_2022_2023_football_data_real.csv,b716517b25033ce8e0243e967aa961876425a4c41e97c8aa8fa59f2aca061341,2026-08-20T17:00:00Z,2022-23,Bundesliga,https://www.football-data.co.uk/mmz4281/2223/D1.csv
global-f04941ecc9ff9deb6c5a76e1,Football-Data.co.uk,data/raw/bundesliga_2022_2023_football_data_real.csv,b716517b25033ce8e0243e967aa961876425a4c41e97c8aa8fa59f2aca061341,2026-08-20T17:00:00Z,2022-23,Bundesliga,https://www.football-data.co.uk/mmz4281/2223/D1.csv
global-17458349c70b68c2dcab5f34,Football-Data.co.uk,data/raw/bundesliga_2022_2023_football_data_real.csv,b716517b25033ce8e0243e967aa961876425a4c41e97c8aa8fa59f2aca061341,2026-08-20T17:00:00Z,2022-23,Bundesliga,https://www.football-data.co.uk/mmz4281/2223/D1.csv
global-eebd9c67a01ebc7324b0fc16,Football-Data.co.uk,data/raw/bundesliga_2022_2023_football_data_real.csv,b716517b25033ce8e0243e967aa961876425a4c41e97c8aa8fa59f2aca061341,2026-08-20T17:00:00Z,2022-23,Bundesliga,https://www.football-data.co.uk/mmz4281/2223/D1.csv
global-f7c7ea44cde484e7d93fb23e,Football-Data.co.uk,data/raw/bundesliga_2022_2023_football_data_real.csv,b716517b25033ce8e0243e967aa961876425a4c41e97c8aa8fa59f2aca061341,2026-08-20T17:00:00Z,2022-23,Bundesliga,https://www.football-data.co.uk/mmz4281/2223/D1.csv
global-dae6d029bf1e2defe22fc228,Football-Data.co.uk,data/raw/bundesliga_2022_2023_football_data_real.csv,b716517b25033ce8e0243e967aa961876425a4c41e97c8aa8fa59f2aca061341,2026-08-20T17:00:00Z,2022-23,Bundesliga,https://www.football-data.co.uk/mmz4281/2223/D1.csv
global-7e3b9f2199bb7280da8e04ee,Football-Data.co.uk,data/raw/bundesliga_2022_2023_football_data_real.csv,b716517b25033ce8e0243e967aa961876425a4c41e97c8aa8fa59f2aca061341,2026-08-20T17:00:00Z,2022-23,Bundesliga,https://www.football-data.co.uk/mmz4281/2223/D1.csv
global-406e3358bb4a458464ddf4f9,Football-Data.co.uk,data/raw/bundesliga_2022_2023_football_data_real.csv,b716517b25033ce8e0243e967aa961876425a4c41e97c8aa8fa59f2aca061341,2026-08-20T17:00:00Z,2022-23,Bundesliga,https://www.football-data.co.uk/mmz4281/2223/D1.csv
global-61ec5bc3fb1c3989c10ba433,Football-Data.co.uk,data/raw/bundesliga_2022_2023_football_data_real.csv,b716517b25033ce8e0243e967aa961876425a4c41e97c8aa8fa59f2aca061341,2026-08-20T17:00:00Z,2022-23,Bundesliga,https://www.football-data.co.uk/mmz4281/2223/D1.csv
global-481d7d3e39c35caae48324e8,Football-Data.co.uk,data/raw/bundesliga_2022_2023_football_data_real.csv,b716517b25033ce8e0243e967aa961876425a4c41e97c8aa8fa59f2aca061341,2026-08-20T17:00:00Z,2022-23,Bundesliga,https://www.football-data.co.uk/mmz4281/2223/D1.csv
global-1b88d4373b53cbd5476c48bc,Football-Data.co.uk,data/raw/bundesliga_2022_2023_football_data_real.csv,b716517b25033ce8e0243e967aa961876425a4c41e97c8aa8fa59f2aca061341,2026-08-20T17:00:00Z,2022-23,Bundesliga,https://www.football-data.co.uk/mmz4281/2223/D1.csv
global-dea5ce842865d978c0052c85,Football-Data.co.uk,data/raw/bundesliga_2022_2023_football_data_real.csv,b716517b25033ce8e0243e967aa961876425a4c41e97c8aa8fa59f2aca061341,2026-08-20T17:00:00Z,2022-23,Bundesliga,https://www.football-data.co.uk/mmz4281/2223/D1.csv
global-899cc2e118498c7dd926a077,Football-Data.co.uk,data/raw/bundesliga_2022_2023_football_data_real.csv,b716517b25033ce8e0243e967aa961876425a4c41e97c8aa8fa59f2aca061341,2026-08-20T17:00:00Z,2022-23,Bundesliga,https://www.football-data.co.uk/mmz4281/2223/D1.csv
