canonical_match_id,kickoff_timestamp,home_team,away_team,h2h_n3,h2h_n5,h2h_n10
2324-0001,2023-08-11 00:00:00,Burnley,Man City,0,0,0
2324-0002,2023-08-12 00:00:00,Arsenal,Nott'm Forest,0,0,0
2324-0003,2023-08-12 00:00:00,Bournemouth,West Ham,0,0,0
2324-0004,2023-08-12 00:00:00,Brighton,Luton,0,0,0
2324-0005,2023-08-12 00:00:00,Everton,Fulham,0,0,0
2324-0006,2023-08-12 00:00:00,Sheffield United,Crystal Palace,0,0,0
2324-0007,2023-08-12 00:00:00,Newcastle,Aston Villa,0,0,0
2324-0008,2023-08-13 00:00:00,Brentford,Tottenham,0,0,0
2324-0009,2023-08-13 00:00:00,Chelsea,Liverpool,0,0,0
2324-0010,2023-08-14 00:00:00,Man United,Wolves,0,0,0
2324-0011,2023-08-18 00:00:00,Nott'm Forest,Sheffield United,0,0,0
2324-0012,2023-08-19 00:00:00,Fulham,Brentford,0,0,0
2324-0013,2023-08-19 00:00:00,Liverpool,Bournemouth,0,0,0
2324-0014,2023-08-19 00:00:00,Wolves,Brighton,0,0,0
2324-0015,2023-08-19 00:00:00,Tottenham,Man United,0,0,0
2324-0016,2023-08-19 00:00:00,Man City,Newcastle,0,0,0
2324-0017,2023-08-20 00:00:00,Aston Villa,Everton,0,0,0
2324-0018,2023-08-20 00:00:00,West Ham,Chelsea,0,0,0
2324-0019,2023-08-21 00:00:00,Crystal Palace,Arsenal,0,0,0
2324-0020,2023-08-25 00:00:00,Chelsea,Luton,0,0,0
2324-0021,2023-08-26 00:00:00,Bournemouth,Tottenham,0,0,0
2324-0022,2023-08-26 00:00:00,Arsenal,Fulham,0,0,0
2324-0023,2023-08-26 00:00:00,Brentford,Crystal Palace,0,0,0
2324-0024,2023-08-26 00:00:00,Everton,Wolves,0,0,0
2324-0025,2023-08-26 00:00:00,Man United,Nott'm Forest,0,0,0
2324-0026,2023-08-26 00:00:00,Brighton,West Ham,0,0,0
2324-0027,2023-08-27 00:00:00,Burnley,Aston Villa,0,0,0
2324-0028,2023-08-27 00:00:00,Sheffield United,Man City,0,0,0
2324-0029,2023-08-27 00:00:00,Newcastle,Liverpool,0,0,0
2324-0030,2023-09-01 00:00:00,Luton,West Ham,0,0,0
17af50feec0c081d61f8,2024-08-09 20:00:00,Blackburn,Derby,0,0,0
c01efd29c434595ec81b,2024-08-09 20:00:00,Preston,Sheffield United,0,0,0
c650096cbaa3dcc8272a,2024-08-09 20:00:00,Barnsley,Mansfield,0,0,0
f04f59c9148f48a1fcd3,2024-08-09 20:00:00,Chesterfield,Swindon,0,0,0
185fc4ded26c95458439,2024-08-10 12:30:00,Middlesbrough,Swansea,0,0,0
38131db729cbf137669e,2024-08-10 12:30:00,Oxford,Norwich,0,0,0
60ae8e3a90e8e3f0db52,2024-08-10 12:30:00,QPR,West Brom,0,0,0
642c51a9645a5d74ddd0,2024-08-10 12:30:00,Stoke,Coventry,0,0,0
a0a6c923ebca2fd78dfe,2024-08-10 12:30:00,Hull,Bristol City,0,0,0
bacc95e502c0e7b27dae,2024-08-10 12:30:00,Millwall,Watford,0,0,0
c8263d306bf8530d1ecc,2024-08-10 12:30:00,Cardiff,Sunderland,0,0,0
db78713290f195a848ff,2024-08-10 12:30:00,Leeds,Portsmouth,0,0,0
00c45bb202f4a4c7f665,2024-08-10 15:00:00,Gillingham,Carlisle,0,0,0
09038916026ebc8902e0,2024-08-10 15:00:00,Tranmere,Notts County,0,0,0
7ae2d07a5b3bde238fa6,2024-08-10 15:00:00,AFC Wimbledon,Colchester,0,0,0
8d9ac1ff01764450b9f5,2024-08-10 15:00:00,Salford,Port Vale,0,0,0
b504dcbdb3e5e69d199d,2024-08-10 15:00:00,Cheltenham,Newport County,0,0,0
b63630e246a87b5f5e2d,2024-08-10 15:00:00,Barrow,Crewe,0,0,0
d4c6e0abf49e1fb9c8d1,2024-08-10 15:00:00,Milton Keynes Dons,Bradford,0,0,0
df1eb30dad5734f3ab9d,2024-08-10 15:00:00,Fleetwood Town,Grimsby,0,0,0
e169496df66d0f9cacfd,2024-08-10 15:00:00,Harrogate,Bromley,0,0,0
f195a4229107c4e06102,2024-08-10 15:00:00,Doncaster,Accrington,0,0,0
f618ba69c72dacc2ca1c,2024-08-10 15:00:00,Walsall,Morecambe,0,0,0
17d2b91d2010231ee4b0,2024-08-10 17:30:00,Burton,Lincoln,0,0,0
2769957f3d9949a298b3,2024-08-10 17:30:00,Stockport,Cambridge,0,0,0
3290681a71de95c9fa72,2024-08-10 17:30:00,Leyton Orient,Bolton,0,0,0
38ecdc079f92010b8b24,2024-08-10 17:30:00,Crawley Town,Blackpool,0,0,0
497031d9a6184165242d,2024-08-10 17:30:00,Stevenage,Shrewsbury,0,0,0
4b92d48199ee43175c0c,2024-08-10 17:30:00,Exeter,Rotherham,0,0,0
55b015d3a252a0f8539f,2024-08-10 17:30:00,Wigan,Charlton,0,0,0
68425257e76c830f9e9a,2024-08-10 17:30:00,Birmingham,Reading,0,0,0
8dd4494e77d5fc78c4b3,2024-08-10 17:30:00,Wrexham,Wycombe,0,0,0
ce46fc2ef4fad3204fac,2024-08-10 17:30:00,Bristol Rvs,Northampton,0,0,0
dbf2d021ea117d05fe9c,2024-08-10 17:30:00,Peterboro,Huddersfield,0,0,0
4c9196242a4e49e5a8b9,2024-08-11 16:00:00,Sheffield Weds,Plymouth,0,0,0
0ccae2e5bea05fd4f5aa,2024-08-12 20:00:00,Luton,Burnley,0,0,0
0b693ca3e2dc8c6e22bc,2024-08-16 20:00:00,Man United,Fulham,0,0,0
50a5eabb94237662a8a4,2024-08-16 20:00:00,Coventry,Oxford,0,0,0
1883c06e527f774995be,2024-08-17 12:30:00,Ipswich,Liverpool,0,0,0
1bede352a237d3550a8b,2024-08-17 12:30:00,Carlisle,Barrow,0,0,0
4236ba5781e7b0657a8f,2024-08-17 12:30:00,Portsmouth,Luton,0,0,0
7b96859706620e15083a,2024-08-17 12:30:00,Derby,Middlesbrough,0,0,0
8166c25350ab58d48501,2024-08-17 12:30:00,Bromley,AFC Wimbledon,0,0,0
8d2c54a1499f754b713d,2024-08-17 12:30:00,Charlton,Leyton Orient,0,0,0
8f4b9c08979b4b74800c,2024-08-17 12:30:00,West Brom,Leeds,0,0,0
a56b52de60a787e30bec,2024-08-17 12:30:00,Shrewsbury,Peterboro,0,0,0
00c7c79a2a64b346dbe4,2024-08-17 15:00:00,Plymouth,Hull,0,0,0
071da06b7b46c2827546,2024-08-17 15:00:00,Burnley,Cardiff,0,0,0
08d603f1250815889be8,2024-08-17 15:00:00,Huddersfield,Stevenage,0,0,0
0dd5e22a12d95343aac7,2024-08-17 15:00:00,Bradford,Salford,0,0,0
1d38661d613c434c405f,2024-08-17 15:00:00,Nott'm Forest,Bournemouth,0,0,0
2395acf814c40e41410b,2024-08-17 15:00:00,Morecambe,Gillingham,0,0,0
29296e8f786e118fd658,2024-08-17 15:00:00,Arsenal,Wolves,0,0,0
2c84cb58d0efbf4e287f,2024-08-17 15:00:00,Cambridge,Crawley Town,0,0,0
2c9310426d4b483a6024,2024-08-17 15:00:00,Crewe,Chesterfield,0,0,0
2ecaaa6141a71cb4c169,2024-08-17 15:00:00,Port Vale,Tranmere,0,0,0
3d552692cf3a71db84f1,2024-08-17 15:00:00,Sheffield United,QPR,0,0,0
4060dc1e8c0827698c50,2024-08-17 15:00:00,Swansea,Preston,0,0,0
42a706935a17a0b93e4c,2024-08-17 15:00:00,Newport County,Doncaster,0,0,0
43f16013ce2e345b3376,2024-08-17 15:00:00,Lincoln,Barnsley,0,0,0
4f360542244468aa41a1,2024-08-17 15:00:00,Everton,Brighton,0,0,0
53002083c5c26e57b55b,2024-08-17 15:00:00,Rotherham,Bristol Rvs,0,0,0
6ad9082c91e3a309862b,2024-08-17 15:00:00,Grimsby,Cheltenham,0,0,0
6d59101fb77d91edabd8,2024-08-17 15:00:00,Wycombe,Birmingham,0,0,0
75d70552c43e1748bc1a,2024-08-17 15:00:00,Blackpool,Stockport,0,0,0
7a893f29fd3604869d88,2024-08-17 15:00:00,Norwich,Blackburn,0,0,0
7b3cf39f0bb1938720ea,2024-08-17 15:00:00,Swindon,Walsall,0,0,0
8b195f7390091ea93ebf,2024-08-17 15:00:00,Mansfield,Burton,0,0,0
93a1ff37ba5b5d062687,2024-08-17 15:00:00,Newcastle,Southampton,0,0,0
9693c643af1b52312265,2024-08-17 15:00:00,Accrington,Harrogate,0,0,0
9fd9d2a044836204cb0a,2024-08-17 15:00:00,Bristol City,Millwall,0,0,0
b6a06a72f714edc8f3ea,2024-08-17 15:00:00,Northampton,Exeter,0,0,0
c5577d4a30bb6fc87d3a,2024-08-17 15:00:00,Watford,Stoke,0,0,0
c76b7ba4f625cab194c4,2024-08-17 15:00:00,Reading,Wigan,0,0,0
ee803a05f1da60a3aee8,2024-08-17 15:00:00,Colchester,Milton Keynes Dons,0,0,0
b743ee8cd174a0107534,2024-08-17 17:30:00,West Ham,Aston Villa,0,0,0
cdf79ba3fbe370a518bd,2024-08-18 12:00:00,Sunderland,Sheffield Weds,0,0,0
148b5b4249a21ed9ebd2,2024-08-18 13:00:00,Notts County,Fleetwood Town,0,0,0
fe2ed5b74f30c0f9c1ce,2024-08-18 14:00:00,Brentford,Crystal Palace,1,1,1
632240302179cc73a342,2024-08-18 15:00:00,Bolton,Wrexham,0,0,0
7782c95ca550032c714e,2024-08-18 16:30:00,Chelsea,Man City,0,0,0
a026f670968dc2dd70ac,2024-08-19 20:00:00,Leicester,Tottenham,0,0,0
35d4ec7b9ceee658d52e,2024-08-22 20:00:00,Notts County,Grimsby,0,0,0
c04913822a68530760e9,2024-08-23 20:00:00,Sheffield Weds,Leeds,0,0,0
1f7550bdd84fcf734316,2024-08-24 12:30:00,Burton,Stevenage,0,0,0
32e0a36f8797df547cd8,2024-08-24 12:30:00,QPR,Plymouth,0,0,0
5243ef67d0f2869d71f9,2024-08-24 12:30:00,Brighton,Man United,0,0,0
5eb41ed191df45d67c8c,2024-08-24 12:30:00,Crewe,Swindon,0,0,0
7e7761a860a9b45fd5d1,2024-08-24 12:30:00,Tranmere,Walsall,0,0,0
920f882f4ef6cf438136,2024-08-24 12:30:00,Bristol City,Coventry,0,0,0
9b70225b234a0dee4bac,2024-08-24 12:30:00,Stockport,Bristol Rvs,0,0,0
f68091be313865da89fe,2024-08-24 12:30:00,Hull,Millwall,0,0,0
089e283385d6e8438fa5,2024-08-24 15:00:00,Barnsley,Northampton,0,0,0
0e596f1798613160a89f,2024-08-24 15:00:00,Watford,Derby,0,0,0
0fda5fcd09ccdf3675a4,2024-08-24 15:00:00,Middlesbrough,Portsmouth,0,0,0
1620e6329e56a52c01a2,2024-08-24 15:00:00,Exeter,Peterboro,0,0,0
1f2194606fc0c18350ba,2024-08-24 15:00:00,Preston,Luton,0,0,0
2172fbb46f787cd7f498,2024-08-24 15:00:00,Bradford,Bromley,0,0,0
2aaea143ef5a6fb5c0cb,2024-08-24 15:00:00,Chesterfield,Salford,0,0,0
3531a1bf5b015abe45df,2024-08-24 15:00:00,Wigan,Crawley Town,0,0,0
3e2a43e2fccea9f42eaa,2024-08-24 15:00:00,Tottenham,Everton,0,0,0
4a385c9c6ff5820214ca,2024-08-24 15:00:00,Blackburn,Oxford,0,0,0
4cd9454b2a5f8be817a1,2024-08-24 15:00:00,Cambridge,Blackpool,0,0,0
4d17153d96297cd134d7,2024-08-24 15:00:00,Sunderland,Burnley,0,0,0
82084790a8f90e8301d8,2024-08-24 15:00:00,Lincoln,Mansfield,0,0,0
834c14a05b4d50a8d57f,2024-08-24 15:00:00,Charlton,Bolton,0,0,0
90f1044e027c8a703c21,2024-08-24 15:00:00,Huddersfield,Shrewsbury,0,0,0
91b213747c7b981e3d3e,2024-08-24 15:00:00,Man City,Ipswich,0,0,0
97aa2988d6c5f126eca2,2024-08-24 15:00:00,Cheltenham,AFC Wimbledon,0,0,0
99dfb388ed757a7843f7,2024-08-24 15:00:00,Wrexham,Reading,0,0,0
9ad0aacd027a85c3996e,2024-08-24 15:00:00,Stoke,West Brom,0,0,0
a2a0a65bf267ad1a3007,2024-08-24 15:00:00,Newport County,Accrington,0,0,0
a45f43552f5cc7fb69f2,2024-08-24 15:00:00,Wycombe,Rotherham,0,0,0
a80a1eb4270f49fbf34d,2024-08-24 15:00:00,Leyton Orient,Birmingham,0,0,0
aecb1e2c0adba8e9d8be,2024-08-24 15:00:00,Barrow,Port Vale,0,0,0
c1ad25e576dba156cf49,2024-08-24 15:00:00,Norwich,Sheffield United,0,0,0
c4c0d4399c511dfcb0f0,2024-08-24 15:00:00,Southampton,Nott'm Forest,0,0,0
c71cd3fb9211aedd501d,2024-08-24 15:00:00,Fleetwood Town,Gillingham,0,0,0
cc966d207d8c8ba42c54,2024-08-24 15:00:00,Colchester,Harrogate,0,0,0
d3bf7493a0408f8d808c,2024-08-24 15:00:00,Fulham,Leicester,0,0,0
dd4210bc04f6c75c6e05,2024-08-24 15:00:00,Doncaster,Morecambe,0,0,0
ecfcbe5739f73eb51ee0,2024-08-24 15:00:00,Milton Keynes Dons,Carlisle,0,0,0
ee40fbcd3fc4ddbc3e56,2024-08-24 15:00:00,Crystal Palace,West Ham,0,0,0
f9e447ea7fea13c2452c,2024-08-24 17:30:00,Aston Villa,Arsenal,0,0,0
9974de82fa51c1a858fa,2024-08-25 14:00:00,Bournemouth,Newcastle,0,0,0
ccf1f1cc9171dae84267,2024-08-25 14:00:00,Wolves,Chelsea,0,0,0
4a8913deee45863d0c1b,2024-08-25 15:00:00,Swansea,Cardiff,0,0,0
424c6d608b09ac761042,2024-08-25 16:30:00,Liverpool,Brentford,0,0,0
7d195ad57ea869170a84,2024-08-30 20:00:00,Luton,QPR,0,0,0
465665a829baf7dffd78,2024-08-31 12:30:00,Arsenal,Brighton,0,0,0
74785805df69c227fbdf,2024-08-31 12:30:00,Rotherham,Huddersfield,0,0,0
8cc925127fd040a69af6,2024-08-31 12:30:00,Coventry,Norwich,0,0,0
a33b1d5e3604b309b8b4,2024-08-31 12:30:00,Port Vale,Doncaster,0,0,0
af9bd3ffda91c3b74f2c,2024-08-31 12:30:00,Burnley,Blackburn,0,0,0
c735d42275874874b42e,2024-08-31 12:30:00,Blackpool,Wycombe,0,0,0
d18e8b5b9e64b10bf46d,2024-08-31 12:30:00,Cardiff,Middlesbrough,0,0,0
ea09889c9e07a168f65c,2024-08-31 12:30:00,Gillingham,Chesterfield,0,0,0
035b29fd6e9878e8460e,2024-08-31 15:00:00,West Brom,Swansea,0,0,0
1003b12682805a84f57e,2024-08-31 15:00:00,Bristol Rvs,Cambridge,0,0,0
17300afdda8b5eb62df9,2024-08-31 15:00:00,Birmingham,Wigan,0,0,0
17c701391c32396559bc,2024-08-31 15:00:00,Harrogate,Barrow,0,0,0
1962e522ba6d1b786b79,2024-08-31 15:00:00,Everton,Bournemouth,0,0,0
1b900d9f8fb291980a6d,2024-08-31 15:00:00,Brentford,Southampton,0,0,0
291979dc6505a81b959a,2024-08-31 15:00:00,Grimsby,Bradford,0,0,0
2fddce39607f099ec344,2024-08-31 15:00:00,Millwall,Sheffield Weds,0,0,0
3a2bc1d1522aa90254eb,2024-08-31 15:00:00,Bolton,Exeter,0,0,0
3df1a0c19ced9f858e04,2024-08-31 15:00:00,Plymouth,Stoke,0,0,0
4cc610f62a5c801d804e,2024-08-31 15:00:00,Shrewsbury,Leyton Orient,0,0,0
4f79406a0075ca4e11e4,2024-08-31 15:00:00,Ipswich,Fulham,0,0,0
51e1672e06238b108ee1,2024-08-31 15:00:00,Peterboro,Wrexham,0,0,0
52e92bcaf4d8abb4afe4,2024-08-31 15:00:00,Crawley Town,Barnsley,0,0,0
543106bbf2d9c77c3fa0,2024-08-31 15:00:00,Leeds,Hull,0,0,0
670e34899c70d7d0e929,2024-08-31 15:00:00,Morecambe,Newport County,0,0,0
67e30ba1b95fd0c7c461,2024-08-31 15:00:00,Accrington,Colchester,0,0,0
6fc884f45ce847bcd042,2024-08-31 15:00:00,Portsmouth,Sunderland,0,0,0
79813e8f4aacb1168fa4,2024-08-31 15:00:00,Bromley,Crewe,0,0,0
8e27776a83844da17562,2024-08-31 15:00:00,Derby,Bristol City,0,0,0
9287c633dbaa09570290,2024-08-31 15:00:00,Leicester,Aston Villa,0,0,0
a596c5828500ea03fe11,2024-08-31 15:00:00,AFC Wimbledon,Fleetwood Town,0,0,0
af8ca33756bdfe7c3eda,2024-08-31 15:00:00,Carlisle,Tranmere,0,0,0
b24c0164960351d0a581,2024-08-31 15:00:00,Stevenage,Lincoln,0,0,0
b3f026705ca33c8acaa7,2024-08-31 15:00:00,Reading,Charlton,0,0,0
be67758ea55ac25c670a,2024-08-31 15:00:00,Northampton,Burton,0,0,0
c983b33979a1e4ba4aca,2024-08-31 15:00:00,Mansfield,Stockport,0,0,0
cbd1b70053c611363e07,2024-08-31 15:00:00,Oxford,Preston,0,0,0
cdd72f4d8b5a982baa6b,2024-08-31 15:00:00,Walsall,Cheltenham,0,0,0
f0bd561d9aa17360daa4,2024-08-31 15:00:00,Swindon,Notts County,0,0,0
fc6dcaa1efbe24a635fd,2024-08-31 15:00:00,Nott'm Forest,Wolves,0,0,0
5050c9f7672092733619,2024-08-31 17:30:00,West Ham,Man City,0,0,0
bcc34ebafbc5cda8f897,2024-09-01 13:30:00,Newcastle,Tottenham,0,0,0
dc511ed4c082142f6f7a,2024-09-01 13:30:00,Chelsea,Crystal Palace,0,0,0
4408095c82d4d25c9898,2024-09-01 15:00:00,Sheffield United,Watford,0,0,0
2487bde5be2939b1d0b9,2024-09-01 16:00:00,Man United,Liverpool,0,0,0
b575be0ad16d2ac11ea8,2024-09-02 20:00:00,Salford,Milton Keynes Dons,0,0,0
1a9095f66f37eab9b0b0,2024-09-07 15:00:00,Wrexham,Shrewsbury,0,0,0
238db8c61aad904e3048,2024-09-07 15:00:00,Doncaster,Gillingham,0,0,0
664448e1b6a22e2ee85c,2024-09-07 15:00:00,Chesterfield,Grimsby,0,0,0
6bb06714ea391b8817c0,2024-09-07 15:00:00,Colchester,Bromley,0,0,0
6f4200bb93d19ed9ca7c,2024-09-07 15:00:00,Barnsley,Bristol Rvs,0,0,0
7fd2ea6faad3c0eb8e9c,2024-09-07 15:00:00,Milton Keynes Dons,Walsall,0,0,0
a2ff9849bc288c05b927,2024-09-07 15:00:00,Notts County,Accrington,0,0,0
ab2d7432bdf1da437b00,2024-09-07 15:00:00,Charlton,Rotherham,0,0,0
bfdc7094e14eba006141,2024-09-07 15:00:00,Barrow,Swindon,0,0,0
c1b8910358a7c75fd67c,2024-09-07 15:00:00,Newport County,Port Vale,0,0,0
cce8d1e089e017e99585,2024-09-07 15:00:00,Bradford,Carlisle,0,0,0
f14caa2e22da22226b6b,2024-09-07 15:00:00,Crewe,Morecambe,0,0,0
fce891ed79989a48ae6b,2024-09-07 15:00:00,Cheltenham,Harrogate,0,0,0
e7493e4473d9a9be0b34,2024-09-12 20:00:00,Harrogate,Doncaster,0,0,0
02fcabd3c2ae89bb9847,2024-09-13 20:00:00,Hull,Sheffield United,0,0,0
41f10b5be6126460ee94,2024-09-14 12:30:00,Leeds,Burnley,0,0,0
6ddcadeacd2049fb5a4b,2024-09-14 12:30:00,Swindon,Newport County,0,0,0
728c42d6dfab2876328d,2024-09-14 12:30:00,Millwall,Luton,0,0,0
7a1f218b435e36168a94,2024-09-14 12:30:00,Mansfield,Cambridge,0,0,0
ad6042cf5dd76f5c373f,2024-09-14 12:30:00,Oxford,Stoke,0,0,0
b14d643630dc79e59dd9,2024-09-14 12:30:00,AFC Wimbledon,Milton Keynes Dons,0,0,0
d9b3cf2483a69ddc92b7,2024-09-14 12:30:00,Southampton,Man United,0,0,0
f969b3a6be790a8fc84a,2024-09-14 12:30:00,Northampton,Wycombe,0,0,0
032ddbef35b420b18c96,2024-09-14 15:00:00,Carlisle,Fleetwood Town,0,0,0
04b199315e53c91db023,2024-09-14 15:00:00,Crawley Town,Stockport,0,0,0
08d4d90b396f475cc260,2024-09-14 15:00:00,Derby,Cardiff,0,0,0
1760894792a42e2fcb52,2024-09-14 15:00:00,Stevenage,Barnsley,0,0,0
263f94f5532613137f62,2024-09-14 15:00:00,Brighton,Ipswich,0,0,0
325d8f3bfe9a1172435f,2024-09-14 15:00:00,Middlesbrough,Preston,0,0,0
38bd047957c766c86bf4,2024-09-14 15:00:00,Walsall,Bradford,0,0,0
3eeb54714a10699dece3,2024-09-14 15:00:00,Port Vale,Chesterfield,0,0,0
41ec262983609a80abe0,2024-09-14 15:00:00,Plymouth,Sunderland,0,0,0
585b2e666fe4aca01a78,2024-09-14 15:00:00,Reading,Leyton Orient,0,0,0
60ef240420a9a31db84d,2024-09-14 15:00:00,Peterboro,Lincoln,0,0,0
617ed862a2db5854e300,2024-09-14 15:00:00,Swansea,Norwich,0,0,0
7594374e8cc8b7c76141,2024-09-14 15:00:00,Blackburn,Bristol City,0,0,0
7be0cc72f443089ed2e4,2024-09-14 15:00:00,Bolton,Huddersfield,0,0,0
80f911f53a7cc013e0ba,2024-09-14 15:00:00,Salford,Cheltenham,0,0,0
8ef009efde60b65721f7,2024-09-14 15:00:00,Liverpool,Nott'm Forest,0,0,0
9e323810b11de2945b2a,2024-09-14 15:00:00,Gillingham,Tranmere,0,0,0
a6f3083cbee6c5b1959e,2024-09-14 15:00:00,Man City,Brentford,0,0,0
aa95892e7248f283cff5,2024-09-14 15:00:00,Fulham,West Ham,0,0,0
ae8026994354e31bb2d2,2024-09-14 15:00:00,Sheffield Weds,QPR,0,0,0
b73f3d3b0c2df5875cad,2024-09-14 15:00:00,Crystal Palace,Leicester,0,0,0
bbbf914891f09f7da9c2,2024-09-14 15:00:00,Bromley,Notts County,0,0,0
bf22e952dfdf4cc91c9d,2024-09-14 15:00:00,Blackpool,Exeter,0,0,0
c6eba77013fd826a56dc,2024-09-14 15:00:00,Bristol Rvs,Wigan,0,0,0
cdccc4ae7f91ceea9881,2024-09-14 15:00:00,Rotherham,Burton,0,0,0
d7c6587c47fb12fc63c9,2024-09-14 15:00:00,Watford,Coventry,0,0,0
d8196bd80cf3d832fb72,2024-09-14 15:00:00,Grimsby,Barrow,0,0,0
e2465165a7ef8eab6fca,2024-09-14 15:00:00,Morecambe,Colchester,0,0,0
e746fd02757cec1372d5,2024-09-14 15:00:00,Accrington,Crewe,0,0,0
f7d6b6d901e5aa16f12b,2024-09-14 15:00:00,Shrewsbury,Charlton,0,0,0
e16b3dd8d558e17a4a27,2024-09-14 17:30:00,Aston Villa,Everton,1,1,1
ca3aca65cc636234342b,2024-09-14 20:00:00,Bournemouth,Chelsea,0,0,0
c85add0c1aeee26bc390,2024-09-15 14:00:00,Tottenham,Arsenal,0,0,0
b599a19a2a954b5e4e5a,2024-09-15 15:00:00,Portsmouth,West Brom,0,0,0
e2b8192a1f829c144d57,2024-09-15 16:30:00,Wolves,Newcastle,0,0,0
dfcb04d83a1543d6695e,2024-09-16 20:00:00,Birmingham,Wrexham,0,0,0
7097fd5f310ebda7c5fd,2024-09-20 20:00:00,Stoke,Hull,0,0,0
3b8025ae9b635b356ef2,2024-09-21 12:30:00,Chesterfield,Cheltenham,0,0,0
5dbd218e0517846161f5,2024-09-21 12:30:00,Lincoln,Wigan,0,0,0
6913723c38247e76e44e,2024-09-21 12:30:00,QPR,Millwall,0,0,0
a47b51d55bad0082ec7f,2024-09-21 12:30:00,West Ham,Chelsea,1,1,1
d92f322e652a43ba6d6a,2024-09-21 12:30:00,Norwich,Watford,0,0,0
e7e2eac2d96b534e7eb6,2024-09-21 12:30:00,Exeter,Stevenage,0,0,0
f94dc32180896939b3c3,2024-09-21 12:30:00,Sunderland,Middlesbrough,0,0,0
fe570c479ba5c0c02f79,2024-09-21 12:30:00,Accrington,Port Vale,0,0,0
02e5785d85ac50b19c6b,2024-09-21 15:00:00,Sheffield United,Derby,0,0,0
08a604c3160f755752ff,2024-09-21 15:00:00,Crewe,Harrogate,0,0,0
1e303240a305f5b659d7,2024-09-21 15:00:00,Peterboro,Bristol Rvs,0,0,0
2ab44edca611d447bf5e,2024-09-21 15:00:00,Huddersfield,Northampton,0,0,0
3526eb66de41a783d598,2024-09-21 15:00:00,Burnley,Portsmouth,0,0,0
3a1c39c25976b4bdbae3,2024-09-21 15:00:00,Grimsby,Bromley,0,0,0
4dd174911207d3a97336,2024-09-21 15:00:00,Bolton,Reading,0,0,0
64de02827ef279612d00,2024-09-21 15:00:00,Bradford,AFC Wimbledon,0,0,0
67693d09d292a979797a,2024-09-21 15:00:00,Cardiff,Leeds,0,0,0
6ccdbe62387d78ac2072,2024-09-21 15:00:00,Coventry,Swansea,0,0,0
6e17431f24dfa386ff5a,2024-09-21 15:00:00,Milton Keynes Dons,Doncaster,0,0,0
70b295f30e8e4af1de2f,2024-09-21 15:00:00,Colchester,Tranmere,0,0,0
762a432f7cedfad05825,2024-09-21 15:00:00,Bristol City,Oxford,0,0,0
7a54ca7836f872f21a80,2024-09-21 15:00:00,Salford,Walsall,0,0,0
7c904afcbc35273a2de3,2024-09-21 15:00:00,Luton,Sheffield Weds,0,0,0
82ed05c7c8e8233cbb90,2024-09-21 15:00:00,Barrow,Newport County,0,0,0
8bff1bd49084d04b44cd,2024-09-21 15:00:00,Mansfield,Shrewsbury,0,0,0
9d769ace47a8d47f92f0,2024-09-21 15:00:00,Charlton,Blackpool,0,0,0
ab9f9a4853f324191e4c,2024-09-21 15:00:00,Wrexham,Crawley Town,0,0,0
b4b1b29cffe60085a260,2024-09-21 15:00:00,Rotherham,Birmingham,0,0,0
b630145c94596a12e1fa,2024-09-21 15:00:00,Stockport,Leyton Orient,0,0,0
babd83f3f7c223095a1b,2024-09-21 15:00:00,Leicester,Everton,0,0,0
c1f391782fbcb110a7a5,2024-09-21 15:00:00,Wycombe,Cambridge,0,0,0
c7ff9cf6350704218238,2024-09-21 15:00:00,Tottenham,Brentford,1,1,1
d2e7ef3b650693062eb1,2024-09-21 15:00:00,Southampton,Ipswich,0,0,0
e2e61def081056faf187,2024-09-21 15:00:00,Notts County,Gillingham,0,0,0
e3fb131ae38d618c59f5,2024-09-21 15:00:00,Aston Villa,Wolves,0,0,0
edf65787090a7e2cff1e,2024-09-21 15:00:00,Burton,Barnsley,0,0,0
f33292aa0579c2e50351,2024-09-21 15:00:00,Swindon,Carlisle,0,0,0
f5de2f804b4b7d1ea426,2024-09-21 15:00:00,West Brom,Plymouth,0,0,0
fa78c29c7456447bafbb,2024-09-21 15:00:00,Fulham,Newcastle,0,0,0
fce06a85084a98d83385,2024-09-21 15:00:00,Liverpool,Bournemouth,1,1,1
d67cc7e35372b26d2936,2024-09-21 17:30:00,Crystal Palace,Man United,0,0,0
31bce4f98a25363b84b7,2024-09-22 12:00:00,Preston,Blackburn,0,0,0
8aaf2d4996f293f1eca2,2024-09-22 14:00:00,Brighton,Nott'm Forest,0,0,0
7dfb5a1d48c9d81e2c59,2024-09-22 16:30:00,Man City,Arsenal,0,0,0
b30f217aeb504d39cfa9,2024-09-23 20:00:00,Fleetwood Town,Morecambe,0,0,0
121c5adb91c163597227,2024-09-24 19:45:00,Huddersfield,Blackpool,0,0,0
8cb459478caa5e3868bc,2024-09-24 19:45:00,Wigan,Stevenage,0,0,0
c759ba5d1b1fa0ed775b,2024-09-24 19:45:00,Leyton Orient,Peterboro,0,0,0
2d8e107fc04f3df0bd46,2024-09-27 19:45:00,Tranmere,Salford,0,0,0
8d05f2ae9e16360d5b26,2024-09-27 20:00:00,Plymouth,Luton,0,0,0
0ffbb72440b38a9d75bb,2024-09-28 12:30:00,Blackburn,QPR,0,0,0
47a597e301c07152f07e,2024-09-28 12:30:00,Reading,Huddersfield,0,0,0
58a592f37f897656efff,2024-09-28 12:30:00,Newcastle,Man City,1,1,1
944329d3dff024c318a8,2024-09-28 12:30:00,Derby,Norwich,0,0,0
957c1952746b7316c979,2024-09-28 12:30:00,Harrogate,Bradford,0,0,0
97cf58fb12dc72c682e4,2024-09-28 12:30:00,Sheffield Weds,West Brom,0,0,0
bc0f8b8ee8818aa360d2,2024-09-28 12:30:00,Crawley Town,Bolton,0,0,0
e95140ebf16df57645df,2024-09-28 12:30:00,Walsall,Colchester,0,0,0
0e6d3aedaceebb44d0bb,2024-09-28 15:00:00,Cambridge,Lincoln,0,0,0
1e1c8c0d8ea56aaf55fb,2024-09-28 15:00:00,Leyton Orient,Wrexham,0,0,0
2109505a6e1e169eea8a,2024-09-28 15:00:00,Watford,Sunderland,0,0,0
2207e4c20d843f8f9d7b,2024-09-28 15:00:00,Middlesbrough,Stoke,0,0,0
2dc0b6907b753d3cc675,2024-09-28 15:00:00,Shrewsbury,Rotherham,0,0,0
30eddc05b3a53897f81b,2024-09-28 15:00:00,Blackpool,Burton,0,0,0
31f17d9553d3dbb6d80c,2024-09-28 15:00:00,Bromley,Milton Keynes Dons,0,0,0
349f603c2d7a4cf674a3,2024-09-28 15:00:00,Stevenage,Charlton,0,0,0
35a63732d56252bd4a54,2024-09-28 15:00:00,Nott'm Forest,Fulham,0,0,0
40fb939e6191e38b0e3e,2024-09-28 15:00:00,Portsmouth,Sheffield United,0,0,0
427cafed8c560fdcba11,2024-09-28 15:00:00,Arsenal,Leicester,0,0,0
571184ccd599c0327092,2024-09-28 15:00:00,Morecambe,Notts County,0,0,0
5d6d38099d9f1e074c4e,2024-09-28 15:00:00,Newport County,Crewe,0,0,0
66db61d9e7b1a97e2d01,2024-09-28 15:00:00,Doncaster,Chesterfield,0,0,0
729d7d356a0ec4e39754,2024-09-28 15:00:00,Brentford,West Ham,0,0,0
787c86770223a87aa4d4,2024-09-28 15:00:00,Wigan,Exeter,0,0,0
7f106ad009529677ff67,2024-09-28 15:00:00,Carlisle,Grimsby,0,0,0
888d031bb288163331ea,2024-09-28 15:00:00,Leeds,Coventry,0,0,0
8ee3dbbbb8c8d6867c21,2024-09-28 15:00:00,Chelsea,Brighton,0,0,0
97867dcfddeb06cb9066,2024-09-28 15:00:00,Everton,Crystal Palace,0,0,0
b6295bc6608eefb05b7d,2024-09-28 15:00:00,Millwall,Preston,0,0,0
ca4557139df8415325de,2024-09-28 15:00:00,Birmingham,Peterboro,0,0,0
caacd5628d4870c34bc3,2024-09-28 15:00:00,Northampton,Mansfield,0,0,0
e1875eac1fe1c77a95ee,2024-09-28 15:00:00,Gillingham,Barrow,0,0,0
f18d4f47c7fceffce58f,2024-09-28 15:00:00,Oxford,Burnley,0,0,0
f251913d5c1cbee55901,2024-09-28 15:00:00,Bristol Rvs,Wycombe,0,0,0
f48f6720bb88d1983adc,2024-09-28 15:00:00,Port Vale,Swindon,0,0,0
fc6276f96e99bb556fe7,2024-09-28 15:00:00,Hull,Cardiff,0,0,0
ff3232cb95447124c4ab,2024-09-28 15:00:00,Cheltenham,Fleetwood Town,0,0,0
4af3687d266104d3f6c7,2024-09-28 17:30:00,Wolves,Liverpool,0,0,0
fb8d873f2c8fa72aa012,2024-09-28 19:45:00,Barnsley,Stockport,0,0,0
773f2c0d8c4754f0ac05,2024-09-29 14:00:00,Ipswich,Aston Villa,0,0,0
c3fa8ced1fcfbfa17fd8,2024-09-29 15:00:00,Swansea,Bristol City,0,0,0
47595c39130c2b967908,2024-09-29 16:30:00,Man United,Tottenham,1,1,1
aed5ac78ca6ab5ce047e,2024-09-30 20:00:00,Bournemouth,Southampton,0,0,0
06153a533eba535cab32,2024-10-01 19:45:00,Northampton,Bolton,0,0,0
080b6585deeedcc4fb09,2024-10-01 19:45:00,Shrewsbury,Stockport,0,0,0
17bb0e3a0da76dac2c6f,2024-10-01 19:45:00,Port Vale,Colchester,0,0,0
194fbdb3f3c912dbe598,2024-10-01 19:45:00,Luton,Oxford,0,0,0
1f246d7899aaee3e2b6c,2024-10-01 19:45:00,Norwich,Leeds,0,0,0
227b211558fda1b75d02,2024-10-01 19:45:00,Harrogate,Milton Keynes Dons,0,0,0
272b876c7409d101942a,2024-10-01 19:45:00,Crawley Town,Mansfield,0,0,0
2790bb1fb8f91464df49,2024-10-01 19:45:00,Morecambe,Bradford,0,0,0
2cd888674937c94fc665,2024-10-01 19:45:00,Wigan,Peterboro,0,0,0
46c0662e14842c554c80,2024-10-01 19:45:00,QPR,Hull,0,0,0
5226d3696e7df754483f,2024-10-01 19:45:00,Burnley,Plymouth,0,0,0
6994de03ddef8f45d95f,2024-10-01 19:45:00,Cheltenham,Accrington,0,0,0
69b61dfb09c4dfb2de8a,2024-10-01 19:45:00,West Brom,Middlesbrough,0,0,0
78e4137137ae37ad1993,2024-10-01 19:45:00,Coventry,Blackburn,0,0,0
791650ef8c4022364125,2024-10-01 19:45:00,Cardiff,Millwall,0,0,0
7ab74b58205cfb87fb26,2024-10-01 19:45:00,Newport County,Salford,0,0,0
7b8495d83c64f8382d2f,2024-10-01 19:45:00,Barnsley,Wycombe,0,0,0
93d05f5afce5b70cb0d6,2024-10-01 19:45:00,Bristol Rvs,Charlton,0,0,0
a44b75448f4b05f5498b,2024-10-01 19:45:00,Cambridge,Rotherham,0,0,0
a52c1a4b27b569315873,2024-10-01 19:45:00,Doncaster,Barrow,0,0,0
bfbb634de98a57d4e81d,2024-10-01 19:45:00,Tranmere,Swindon,0,0,0
c58977b59cd7ecebf5ef,2024-10-01 19:45:00,Walsall,Fleetwood Town,0,0,0
cb5129b00d3bc7bdc7db,2024-10-01 19:45:00,Blackpool,Lincoln,0,0,0
dc0150754b82028b9a20,2024-10-01 19:45:00,Stevenage,Wrexham,0,0,0
e3e58a33537f16cd28e4,2024-10-01 19:45:00,Birmingham,Huddersfield,0,0,0
e6845ed8c07a8c3f75ea,2024-10-01 19:45:00,Sunderland,Derby,0,0,0
e9faf458357148d04489,2024-10-01 19:45:00,Bromley,Chesterfield,0,0,0
f0ba06f5ecd3b5576c70,2024-10-01 19:45:00,Leyton Orient,Exeter,0,0,0
f43614d211baf74d60a0,2024-10-01 19:45:00,Carlisle,Notts County,0,0,0
fee639f27ce35b11f5e1,2024-10-01 19:45:00,Gillingham,Grimsby,0,0,0
fe5883933f69c5480300,2024-10-01 20:00:00,Reading,Burton,0,0,0
6b9601ce94415adf54d5,2024-10-02 19:45:00,Preston,Watford,0,0,0
a7f5abc7d7487da0af88,2024-10-02 19:45:00,Sheffield United,Swansea,0,0,0
d518b88023ae5fab1891,2024-10-02 19:45:00,Stoke,Portsmouth,0,0,0
e15e18e135739578dd2d,2024-10-02 20:00:00,Bristol City,Sheffield Weds,0,0,0
e90c2b9684a035982554,2024-10-04 20:00:00,Sunderland,Leeds,0,0,0
0a166f79cb730d0c96be,2024-10-05 12:30:00,Norwich,Hull,0,0,0
173d9e920545ec3ee46a,2024-10-05 12:30:00,Burnley,Preston,0,0,0
22b65dd7d7d880a0cd7c,2024-10-05 12:30:00,Huddersfield,Barnsley,0,0,0
3ca8ec5706497507d482,2024-10-05 12:30:00,Grimsby,Doncaster,0,0,0
413ac45aad1523dae6cd,2024-10-05 12:30:00,Portsmouth,Oxford,0,0,0
6332391013ff867312ab,2024-10-05 12:30:00,Crystal Palace,Liverpool,0,0,0
7261d61529c8e350707e,2024-10-05 12:30:00,Fleetwood Town,Bromley,0,0,0
ffb7ba305158cfb4b881,2024-10-05 12:30:00,Peterboro,Stevenage,0,0,0
037c5408eb7489f1af4b,2024-10-05 15:00:00,Plymouth,Blackburn,0,0,0
040a8815d7ef27e3bc26,2024-10-05 15:00:00,Arsenal,Southampton,0,0,0
093b5f86448e7198f80a,2024-10-05 15:00:00,Colchester,Carlisle,0,0,0
1a1578784201c74e9a6c,2024-10-05 15:00:00,Charlton,Birmingham,0,0,0
21de9919f83758dc4a0b,2024-10-05 15:00:00,Bolton,Shrewsbury,0,0,0
24f9319d67046eed4bdb,2024-10-05 15:00:00,Wrexham,Northampton,0,0,0
27255e5a5b7f0c5799ee,2024-10-05 15:00:00,Leicester,Bournemouth,0,0,0
2bfa87c6d97ca94d6ec2,2024-10-05 15:00:00,Exeter,Cambridge,0,0,0
3adc30cdd2db8ef074c6,2024-10-05 15:00:00,Chesterfield,Walsall,0,0,0
41aacc18ecf2ef8eb930,2024-10-05 15:00:00,Swindon,Harrogate,0,0,0
504e48a07435356fcaab,2024-10-05 15:00:00,Wycombe,Crawley Town,0,0,0
55114d8d78f21a1eebed,2024-10-05 15:00:00,Derby,QPR,0,0,0
56f2eef7ee3e87ff3210,2024-10-05 15:00:00,West Ham,Ipswich,0,0,0
65ddce5cb23afec54681,2024-10-05 15:00:00,Stockport,Wigan,0,0,0
7fc4c892e85f8e7ff15e,2024-10-05 15:00:00,Milton Keynes Dons,Tranmere,0,0,0
95039035cc2ccae0913d,2024-10-05 15:00:00,West Brom,Millwall,0,0,0
97571bf2c805cd82f1dc,2024-10-05 15:00:00,Coventry,Sheffield Weds,0,0,0
a371753568c41dfef9a4,2024-10-05 15:00:00,Salford,AFC Wimbledon,0,0,0
acb7977cfd724191e6be,2024-10-05 15:00:00,Notts County,Port Vale,0,0,0
bfa3c46d13b97c8723d4,2024-10-05 15:00:00,Lincoln,Leyton Orient,0,0,0
c39aec99769478fda04e,2024-10-05 15:00:00,Brentford,Wolves,0,0,0
c61ea9d637a3edbe19f3,2024-10-05 15:00:00,Rotherham,Reading,0,0,0
c67864750f64b18b012d,2024-10-05 15:00:00,Burton,Bristol Rvs,0,0,0
c76fd4a44334375e09f5,2024-10-05 15:00:00,Man City,Fulham,0,0,0
c92d2688d23fb1cd9032,2024-10-05 15:00:00,Watford,Middlesbrough,0,0,0
cdf3193550f64038d228,2024-10-05 15:00:00,Crewe,Gillingham,0,0,0
d73049f0e1b64a4a2862,2024-10-05 15:00:00,Accrington,Morecambe,0,0,0
d91035d0057e742da4bc,2024-10-05 15:00:00,Sheffield United,Luton,0,0,0
db3450a43f93581b016e,2024-10-05 15:00:00,Swansea,Stoke,0,0,0
fb1ef9c64ebb8fc9cd56,2024-10-05 15:00:00,Barrow,Cheltenham,0,0,0
fcc95718be3771f1c2aa,2024-10-05 15:00:00,Mansfield,Blackpool,0,0,0
2f9fbe6ce55030ff3b97,2024-10-05 17:30:00,Everton,Newcastle,0,0,0
4268d6cb46024d345b61,2024-10-06 14:00:00,Aston Villa,Man United,0,0,0
91b388a7c4c992952675,2024-10-06 14:00:00,Chelsea,Nott'm Forest,0,0,0
3706309f7b6933ae3dee,2024-10-06 15:00:00,Bristol City,Cardiff,0,0,0
111815ba996e9cf96ea9,2024-10-06 16:30:00,Brighton,Tottenham,0,0,0
1b20da11245a69a7b6cb,2024-10-07 20:00:00,Bradford,Newport County,0,0,0
73fbe28f9698963143d4,2024-10-12 12:30:00,Chesterfield,Notts County,0,0,0
1401568fa40efce38ac4,2024-10-12 15:00:00,Barrow,Morecambe,0,0,0
2b52a41f9852cefa14b7,2024-10-12 15:00:00,Peterboro,Rotherham,0,0,0
68bcc67219fa36327689,2024-10-12 15:00:00,Harrogate,Newport County,0,0,0
79004283139448b664da,2024-10-12 15:00:00,Salford,Grimsby,0,0,0
87e5fd66bf23d47e0991,2024-10-12 15:00:00,Tranmere,Bradford,0,0,0
9e290f020c1e9a511cb2,2024-10-12 15:00:00,Gillingham,Accrington,0,0,0
a94d1e335dcaad4a06b8,2024-10-12 15:00:00,Doncaster,Crewe,0,0,0
b1d9f69f2fd8922fcd92,2024-10-12 15:00:00,AFC Wimbledon,Carlisle,0,0,0
b52e7862dce3b3b2c55d,2024-10-12 15:00:00,Milton Keynes Dons,Port Vale,0,0,0
cbb01f20ccfd90fcbb0f,2024-10-12 15:00:00,Cheltenham,Swindon,0,0,0
e889c9b0d94646877153,2024-10-12 15:00:00,Crawley Town,Shrewsbury,0,0,0
18273daadc36f5c41f5e,2024-10-17 20:00:00,Shrewsbury,Exeter,0,0,0
49b16d46d6d472fcfd38,2024-10-18 20:00:00,Leeds,Sheffield United,0,0,0
76c8f4647e4ddf8d9ff5,2024-10-18 20:00:00,Newport County,Chesterfield,0,0,0
3a7715f1c8eb39cebdff,2024-10-19 12:30:00,Oxford,West Brom,0,0,0
3d942e2cc9154990de11,2024-10-19 12:30:00,Tottenham,West Ham,0,0,0
7c1494d0b9e5827e1457,2024-10-19 12:30:00,Accrington,Barrow,0,0,0
80cadf6fb20191fcf03b,2024-10-19 12:30:00,Cardiff,Plymouth,0,0,0
9d5234e9284aaf230a61,2024-10-19 12:30:00,Luton,Watford,0,0,0
da64fd23eb1c9c79c0be,2024-10-19 12:30:00,Wycombe,Peterboro,0,0,0
e16efaea2e8d4e5f76d0,2024-10-19 12:30:00,Reading,Crawley Town,0,0,0
f27038993ed29a59ac50,2024-10-19 12:30:00,Preston,Coventry,0,0,0
0b89741b8226101b7a01,2024-10-19 15:00:00,Newcastle,Brighton,0,0,0
24a5f519e293651718e2,2024-10-19 15:00:00,Carlisle,Harrogate,0,0,0
27657315a559e37528f1,2024-10-19 15:00:00,Sheffield Weds,Burnley,0,0,0
2a2ab894fd1238a6c50e,2024-10-19 15:00:00,Charlton,Stockport,0,0,0
340fa89a59c65e9aa1c6,2024-10-19 15:00:00,Mansfield,Stevenage,0,0,0
375656fdfc2765a4112f,2024-10-19 15:00:00,Rotherham,Wrexham,0,0,0
48b9a163e00b4e08ad8d,2024-10-19 15:00:00,Swindon,Doncaster,0,0,0
49ca831a1ea26c8f17e9,2024-10-19 15:00:00,Grimsby,Walsall,0,0,0
4c721973986ae8c91fec,2024-10-19 15:00:00,Ipswich,Everton,0,0,0
4f844c95dcb14366a0f0,2024-10-19 15:00:00,Notts County,AFC Wimbledon,0,0,0
647ce2fdcc7a33df4823,2024-10-19 15:00:00,Millwall,Derby,0,0,0
67a498552d22ecb3919a,2024-10-19 15:00:00,Man United,Brentford,0,0,0
6a4193068ad8256a9837,2024-10-19 15:00:00,Huddersfield,Bristol Rvs,0,0,0
745f03afe870f58f9018,2024-10-19 15:00:00,Fulham,Aston Villa,0,0,0
804b48576d87ebf3acdb,2024-10-19 15:00:00,Bolton,Burton,0,0,0
89ce4019093b84712382,2024-10-19 15:00:00,Port Vale,Fleetwood Town,0,0,0
8ce7d3ca50ec85cdcf9b,2024-10-19 15:00:00,Cambridge,Wigan,0,0,0
9984a78948cdc571085a,2024-10-19 15:00:00,Northampton,Leyton Orient,0,0,0
a13319eee6f9fd372392,2024-10-19 15:00:00,Blackpool,Barnsley,0,0,0
a4cf7f080f6df5519208,2024-10-19 15:00:00,Blackburn,Swansea,0,0,0
b3c9a0b51b2fbb2b55b5,2024-10-19 15:00:00,Stoke,Norwich,0,0,0
b923723113d7ad3c7adf,2024-10-19 15:00:00,Lincoln,Birmingham,0,0,0
bfeb6cd23b1c1b103627,2024-10-19 15:00:00,Crewe,Salford,0,0,0
c557c534de76b48d89a9,2024-10-19 15:00:00,Bromley,Tranmere,0,0,0
cdb608f72275c69de4e5,2024-10-19 15:00:00,Morecambe,Milton Keynes Dons,0,0,0
d5f1f3a357d391243bb3,2024-10-19 15:00:00,Colchester,Cheltenham,0,0,0
db26eb732eb7ab10dd7a,2024-10-19 15:00:00,Middlesbrough,Bristol City,0,0,0
e49bc5b98cd6f3c7b4f1,2024-10-19 15:00:00,QPR,Portsmouth,0,0,0
f92e30c265672ea93ddc,2024-10-19 15:00:00,Southampton,Leicester,0,0,0
fb8d8123ff067d9ca0d2,2024-10-19 15:00:00,Bradford,Gillingham,0,0,0
9a83abfbd3c2b7c74151,2024-10-19 17:30:00,Bournemouth,Arsenal,0,0,0
66fccdfc2a003623729d,2024-10-20 14:00:00,Wolves,Man City,0,0,0
15d3dcbc2fc940acbdcc,2024-10-20 15:00:00,Hull,Sunderland,0,0,0
6a2936d59ad12ae97c04,2024-10-20 16:30:00,Liverpool,Chelsea,1,1,1
33afc678c7e4d8a8163e,2024-10-21 20:00:00,Nott'm Forest,Crystal Palace,0,0,0
104b59179c6e545381dc,2024-10-22 19:45:00,Wigan,Mansfield,0,0,0
1b35bc0d7745df94c6a9,2024-10-22 19:45:00,Cheltenham,Bradford,0,0,0
21847f657140c91d1ebe,2024-10-22 19:45:00,Leeds,Watford,0,0,0
238e7e3dfd34e11b4506,2024-10-22 19:45:00,Burton,Wycombe,0,0,0
24437ae9e3df96ce088d,2024-10-22 19:45:00,Barrow,Notts County,0,0,0
258895cc4e5c94883997,2024-10-22 19:45:00,Exeter,Reading,0,0,0
327ced85f21ebced9eb4,2024-10-22 19:45:00,Fleetwood Town,Crewe,0,0,0
3a410b18e36387fee8f2,2024-10-22 19:45:00,Gillingham,Newport County,0,0,0
3b1e423d3b8339999fb1,2024-10-22 19:45:00,Birmingham,Bolton,0,0,0
43b4c823cc2bd77893f8,2024-10-22 19:45:00,Leyton Orient,Rotherham,0,0,0
44a83630b8d03e527809,2024-10-22 19:45:00,Salford,Swindon,0,0,0
499bada6fa8931863ef1,2024-10-22 19:45:00,Chesterfield,Colchester,0,0,0
4fc74688397f178efa3d,2024-10-22 19:45:00,Stockport,Northampton,0,0,0
69cd2204f62d7916d3b1,2024-10-22 19:45:00,Peterboro,Blackpool,0,0,0
6f999f703ce6d32251e4,2024-10-22 19:45:00,Cardiff,Portsmouth,0,0,0
75edf382ee8fac92281f,2024-10-22 19:45:00,Wrexham,Huddersfield,0,0,0
8531bc12dc09a6015835,2024-10-22 19:45:00,Preston,Norwich,0,0,0
867b4b33e5b8c9427d38,2024-10-22 19:45:00,Doncaster,Bromley,0,0,0
86ad94fe304b40244266,2024-10-22 19:45:00,Stevenage,Cambridge,0,0,0
8aa58c79fddee965fc9a,2024-10-22 19:45:00,Harrogate,Port Vale,0,0,0
a03fcefabdf73c7ad0dc,2024-10-22 19:45:00,Sheffield Weds,Swansea,0,0,0
a1720fc3d859352b1f65,2024-10-22 19:45:00,Walsall,Carlisle,0,0,0
b9b92c5e06e7f43aee86,2024-10-22 19:45:00,Milton Keynes Dons,Accrington,0,0,0
be54c13a6beefa61d1a3,2024-10-22 19:45:00,Oxford,Derby,0,0,0
c31f26fe4ebf79cc756d,2024-10-22 19:45:00,Bristol Rvs,Shrewsbury,0,0,0
c849fa7994ce25566751,2024-10-22 19:45:00,Crawley Town,Lincoln,0,0,0
e112e7667f527da8a927,2024-10-22 19:45:00,Barnsley,Charlton,0,0,0
eaa49fa9dfa2947fdb01,2024-10-22 19:45:00,AFC Wimbledon,Morecambe,0,0,0
f2e68f86e105a537f2c3,2024-10-22 19:45:00,Tranmere,Grimsby,0,0,0
fdc6d22b165f1aa70e62,2024-10-22 19:45:00,Stoke,Bristol City,0,0,0
a4e5c3aaa969910e057e,2024-10-22 20:00:00,QPR,Coventry,0,0,0
397811a09422c69c586c,2024-10-23 19:45:00,Hull,Burnley,0,0,0
b2b4fa688e72f09f7918,2024-10-23 19:45:00,Millwall,Plymouth,0,0,0
b803e68b853146528c9a,2024-10-23 19:45:00,Blackburn,West Brom,0,0,0
e63691a6c0f86daf8a6e,2024-10-23 19:45:00,Luton,Sunderland,0,0,0
f0e67dd649746e78ced9,2024-10-23 20:00:00,Middlesbrough,Sheffield United,0,0,0
77e143dbdaea1423a756,2024-10-25 20:00:00,Portsmouth,Sheffield Weds,0,0,0
bdcab0d098ff72b35dff,2024-10-25 20:00:00,Leicester,Nott'm Forest,0,0,0
4beb1bffd0f6d6fa9bac,2024-10-26 12:30:00,Colchester,Salford,0,0,0
5658c2fec06b72ce3ee5,2024-10-26 12:30:00,Bristol City,Leeds,0,0,0
6e158f5c0b5e40686ac6,2024-10-26 12:30:00,Mansfield,Birmingham,0,0,0
83511f41c14d1d5fe9f3,2024-10-26 12:30:00,Watford,Blackburn,0,0,0
8f8d97972592e52aaa34,2024-10-26 12:30:00,Coventry,Luton,0,0,0
ce6649bfd060ad1c7cb6,2024-10-26 12:30:00,Reading,Bristol Rvs,0,0,0
e1d2828e3cdee18e53eb,2024-10-26 12:30:00,Morecambe,Chesterfield,0,0,0
01e2d459822001cb31e1,2024-10-26 15:00:00,Carlisle,Cheltenham,0,0,0
0cbd24b07cc330cc5b30,2024-10-26 15:00:00,Shrewsbury,Barnsley,0,0,0
114f03bb8ae76e23540d,2024-10-26 15:00:00,West Brom,Cardiff,0,0,0
1ecbcd66950f76e50737,2024-10-26 15:00:00,Bradford,Doncaster,0,0,0
20c71b853a3086f471e3,2024-10-26 15:00:00,Notts County,Harrogate,0,0,0
20d166f83580b1022fa8,2024-10-26 15:00:00,Huddersfield,Exeter,0,0,0
2bcb3741b542601ae1fb,2024-10-26 15:00:00,Man City,Southampton,0,0,0
2fbf559c9e332d31d53d,2024-10-26 15:00:00,Grimsby,Milton Keynes Dons,0,0,0
34ebb8fc985b3c92797a,2024-10-26 15:00:00,Accrington,Walsall,0,0,0
4d7869d55e8d9cdadeaf,2024-10-26 15:00:00,Newport County,Fleetwood Town,0,0,0
55a1abc09d969605782a,2024-10-26 15:00:00,Brighton,Wolves,1,1,1
6012b7f4826a5027ef50,2024-10-26 15:00:00,Plymouth,Preston,0,0,0
60ce02c25a044a32c385,2024-10-26 15:00:00,Northampton,Crawley Town,0,0,0
63ce0e905ee7ffee1fac,2024-10-26 15:00:00,Port Vale,AFC Wimbledon,0,0,0
66a6f80bb78730bdf347,2024-10-26 15:00:00,Derby,Hull,0,0,0
73d40cc49ef9c7219e8e,2024-10-26 15:00:00,Swindon,Gillingham,0,0,0
74602508ad2ac0bec1b7,2024-10-26 15:00:00,Swansea,Millwall,0,0,0
78f0430f536cc145cd96,2024-10-26 15:00:00,Burnley,QPR,0,0,0
7a59478d88acac1ac4bb,2024-10-26 15:00:00,Bromley,Barrow,0,0,0
7d2d3e927a0ca13d206c,2024-10-26 15:00:00,Aston Villa,Bournemouth,0,0,0
80bbd515b869e77dbebc,2024-10-26 15:00:00,Wycombe,Leyton Orient,0,0,0
82e5f51c02c34a065372,2024-10-26 15:00:00,Brentford,Ipswich,0,0,0
82f4bef207fca44aaf32,2024-10-26 15:00:00,Sheffield United,Stoke,0,0,0
859609a63217c227e31f,2024-10-26 15:00:00,Lincoln,Stockport,0,0,0
b2579b77e8391e57a582,2024-10-26 15:00:00,Cambridge,Burton,0,0,0
b5c66f383409d5ceb6fc,2024-10-26 15:00:00,Rotherham,Stevenage,0,0,0
ba92414949638bf756eb,2024-10-26 15:00:00,Sunderland,Oxford,0,0,0
c7afe366afe8110ede6e,2024-10-26 15:00:00,Crewe,Tranmere,0,0,0
e53d00d8a011505a23f8,2024-10-26 15:00:00,Bolton,Peterboro,0,0,0
e7f5ac35f25d5dd4d7de,2024-10-26 15:00:00,Charlton,Wrexham,0,0,0
9f021c50aca909b90cff,2024-10-26 17:30:00,Everton,Fulham,1,1,1
663aba0086c9f7c5e5b6,2024-10-27 14:00:00,Chelsea,Newcastle,0,0,0
6dd730030ce7a38b0753,2024-10-27 14:00:00,Crystal Palace,Tottenham,0,0,0
8abd2f56fcad1dea850a,2024-10-27 14:00:00,West Ham,Man United,0,0,0
4b73b35e621f240f3a72,2024-10-27 15:00:00,Norwich,Middlesbrough,0,0,0
9b723d90752f74dd1f3e,2024-10-27 16:30:00,Arsenal,Liverpool,0,0,0
4e84336a0ed04e9aa2d8,2024-10-28 20:00:00,Blackpool,Wigan,0,0,0
7baabc61968c06c89757,2024-10-29 19:45:00,Fleetwood Town,Salford,0,0,0
a693de9c41beeaecfed4,2024-10-29 19:45:00,Lincoln,Northampton,0,0,0
c1db97f32dc70d74e8e0,2024-10-29 19:45:00,Stockport,Reading,0,0,0
cd0ab77b3477e0fab40d,2024-10-29 19:45:00,Stevenage,Bolton,0,0,0
e4656b85fe509801e416,2024-11-01 20:00:00,Luton,West Brom,0,0,0
2ce851c6611688443d64,2024-11-02 12:30:00,Blackburn,Sheffield United,0,0,0
5e89ef5197bb69a1cbec,2024-11-02 12:30:00,Newcastle,Arsenal,0,0,0
68b2a4f2cc0690102cce,2024-11-02 12:30:00,Stoke,Derby,0,0,0
6a705a083b54408d3b91,2024-11-02 12:30:00,Oxford,Swansea,0,0,0
1a233c30ac8e0e8b1fe7,2024-11-02 15:00:00,Nott'm Forest,West Ham,0,0,0
285ec7203452f5410fa6,2024-11-02 15:00:00,Ipswich,Leicester,0,0,0
370c4f7cba4f18d652e7,2024-11-02 15:00:00,Southampton,Everton,0,0,0
464ebbf0d12ffe313370,2024-11-02 15:00:00,Sheffield Weds,Watford,0,0,0
4ec457a58f8a215a6844,2024-11-02 15:00:00,Bournemouth,Man City,0,0,0
5b5ba8c250b3e6c73057,2024-11-02 15:00:00,Hull,Portsmouth,0,0,0
60743b9a58f563e0f418,2024-11-02 15:00:00,Liverpool,Brighton,0,0,0
64401f776ca5a68757b8,2024-11-02 15:00:00,Middlesbrough,Coventry,0,0,0
9d9f42909cc7c419fd85,2024-11-02 15:00:00,QPR,Sunderland,0,0,0
b7f16bdc12b64aaf566d,2024-11-02 15:00:00,Cardiff,Norwich,0,0,0
d545cb30c871ee93740b,2024-11-02 15:00:00,Preston,Bristol City,0,0,0
e893e04bb709aeabc864,2024-11-02 15:00:00,Leeds,Plymouth,0,0,0
41aa6889c5ae3e48ff48,2024-11-02 17:30:00,Wolves,Crystal Palace,0,0,0
2c44770ca9e23f9d8fc3,2024-11-03 14:00:00,Tottenham,Aston Villa,0,0,0
d772b0bfd7a5471d118d,2024-11-03 15:00:00,Millwall,Burnley,0,0,0
9f2c088f70ac75fb41d6,2024-11-03 16:30:00,Man United,Chelsea,0,0,0
327071bffaade1bb33b3,2024-11-04 20:00:00,Fulham,Brentford,1,1,1
4193e2865e7e5174175c,2024-11-05 19:45:00,Sheffield Weds,Norwich,0,0,0
6e95d7de821e27923190,2024-11-05 19:45:00,Bristol City,Sheffield United,0,0,0
7f0cb8e2eaeb05b552df,2024-11-05 19:45:00,Oxford,Hull,0,0,0
94af7630f3d5c7af5dc2,2024-11-05 19:45:00,QPR,Middlesbrough,0,0,0
c2db3ace97541d19717e,2024-11-05 19:45:00,Stockport,Wycombe,0,0,0
c4f11d3f0b40507567df,2024-11-05 19:45:00,Burton,Crawley Town,0,0,0
3026c5d7f2b134175d49,2024-11-05 20:00:00,Plymouth,Portsmouth,0,0,0
a588b8dab37294d438b6,2024-11-05 20:00:00,Swansea,Watford,0,0,0
206836ed8e51dc9aacac,2024-11-06 19:45:00,Millwall,Leeds,0,0,0
4abe2125313f47f64864,2024-11-06 19:45:00,Blackburn,Stoke,0,0,0
71f546133624cee79c6d,2024-11-06 19:45:00,Coventry,Derby,0,0,0
8678788952f6ec127213,2024-11-06 20:00:00,Luton,Cardiff,0,0,0
8adeb9c0b9654434fa0f,2024-11-06 20:00:00,Preston,Sunderland,0,0,0
8e354c2670582fccb391,2024-11-07 20:00:00,West Brom,Burnley,0,0,0
6fd05c7099ee39f2c52f,2024-11-08 19:15:00,Barnsley,Rotherham,0,0,0
d7abeb1cbfb1794a75f7,2024-11-08 20:00:00,Watford,Oxford,0,0,0
0c0745a003ec1e467287,2024-11-09 12:30:00,Stoke,Millwall,0,0,0
19c1146555fc527227e1,2024-11-09 12:30:00,Middlesbrough,Luton,0,0,0
4b11f6be2b69f79d814e,2024-11-09 12:30:00,Wrexham,Mansfield,0,0,0
89d256c82118df221456,2024-11-09 12:30:00,Salford,Carlisle,0,0,0
b6a09ec9870b0fd9f669,2024-11-09 12:30:00,Burton,Shrewsbury,0,0,0
e022b9234e792b9d69d4,2024-11-09 12:30:00,Harrogate,Morecambe,0,0,0
ee32f7fdfcbb5ff8c24d,2024-11-09 12:30:00,Cardiff,Blackburn,0,0,0
026e9f3d27b75b83eb53,2024-11-09 15:00:00,Walsall,Crewe,0,0,0
043dee027285b080a21b,2024-11-09 15:00:00,Wigan,Wycombe,0,0,0
069f9161cdd87e202c2c,2024-11-09 15:00:00,Bristol Rvs,Lincoln,0,0,0
0bbdf647e2c7893c7ab9,2024-11-09 15:00:00,Derby,Plymouth,0,0,0
0fc7b1bd8f9e43324b03,2024-11-09 15:00:00,Sunderland,Coventry,0,0,0
1689166f0d39f64ec315,2024-11-09 15:00:00,Stockport,Bolton,0,0,0
4af4835323204c71ec3f,2024-11-09 15:00:00,AFC Wimbledon,Grimsby,0,0,0
5083724f5ed5a326e52e,2024-11-09 15:00:00,West Ham,Everton,0,0,0
59ce7121177d98332300,2024-11-09 15:00:00,Exeter,Charlton,0,0,0
5a7c38c5805701280373,2024-11-09 15:00:00,Crystal Palace,Fulham,0,0,0
65835a2dd4b15a43f3c9,2024-11-09 15:00:00,Crawley Town,Huddersfield,0,0,0
75ae7ede66aede174ee6,2024-11-09 15:00:00,Norwich,Bristol City,0,0,0
766250cfb089470c1484,2024-11-09 15:00:00,Portsmouth,Preston,0,0,0
7ee6c899ab0bd846f0c2,2024-11-09 15:00:00,Leyton Orient,Blackpool,0,0,0
9518a14694d066be028a,2024-11-09 15:00:00,Birmingham,Northampton,0,0,0
a5c02403f3d2b773d906,2024-11-09 15:00:00,Milton Keynes Dons,Swindon,0,0,0
a6d4050363a45279fddb,2024-11-09 15:00:00,Chesterfield,Accrington,0,0,0
b81495943d8f873b1af0,2024-11-09 15:00:00,Cheltenham,Bromley,0,0,0
bc16cd29951814ab389d,2024-11-09 15:00:00,Tranmere,Newport County,0,0,0
bca51f6e6c7d571b3240,2024-11-09 15:00:00,Brentford,Bournemouth,0,0,0
c17f2203f25e122f7e50,2024-11-09 15:00:00,Peterboro,Cambridge,0,0,0
c3074d71cbbfb0589155,2024-11-09 15:00:00,Stevenage,Reading,0,0,0
c7790bc8149a490de5a0,2024-11-09 15:00:00,Gillingham,Port Vale,0,0,0
d2eb6f6cd22ad4401b6a,2024-11-09 15:00:00,Leeds,QPR,0,0,0
e0eb82ab9cbe5434b4c2,2024-11-09 15:00:00,Fleetwood Town,Bradford,0,0,0
e4bef25509547a5ebc36,2024-11-09 15:00:00,Doncaster,Notts County,0,0,0
fb4d2ec85449de765e4c,2024-11-09 15:00:00,Barrow,Colchester,0,0,0
fe10b55fbf0dd4a39376,2024-11-09 15:00:00,Wolves,Southampton,0,0,0
9b40f82c61f08d23d19c,2024-11-09 17:30:00,Brighton,Man City,0,0,0
0ef13fade2da9365391a,2024-11-09 20:00:00,Liverpool,Aston Villa,0,0,0
155cfb52af3b124af043,2024-11-10 12:30:00,Sheffield United,Sheffield Weds,0,0,0
f80f829aff99b492b065,2024-11-10 13:00:00,Hull,West Brom,0,0,0
3e9a3ee5f649f3000382,2024-11-10 14:00:00,Tottenham,Ipswich,0,0,0
5208873a4c2417af04f1,2024-11-10 14:00:00,Man United,Leicester,0,0,0
d2eaa0ddc3808bf8e3aa,2024-11-10 14:00:00,Nott'm Forest,Newcastle,0,0,0
7cb2a73888c410b5530b,2024-11-10 15:00:00,Burnley,Swansea,0,0,0
679e0b7f7880a9a2b1ef,2024-11-10 16:30:00,Chelsea,Arsenal,0,0,0
f0d693bff0936a6b7c44,2024-11-16 12:30:00,Exeter,Lincoln,0,0,0
073b6dfc40e9003a301b,2024-11-16 15:00:00,Newport County,Grimsby,0,0,0
2786b665975c5f4cc5c0,2024-11-16 15:00:00,Accrington,Swindon,0,0,0
2eed3c487e75e463eb0b,2024-11-16 15:00:00,Bristol Rvs,Crawley Town,0,0,0
3bb25018408ee86ffcc8,2024-11-16 15:00:00,Morecambe,Port Vale,0,0,0
443d1b44bbbc29388583,2024-11-16 15:00:00,Doncaster,Salford,0,0,0
46705976dfd0666dd801,2024-11-16 15:00:00,Cambridge,Barnsley,0,0,0
588d64b3cf99655acd0d,2024-11-16 15:00:00,Harrogate,Chesterfield,0,0,0
688f45dad18ca7b89b62,2024-11-16 15:00:00,Stockport,Wrexham,0,0,0
72888b8dbe57d7e5ab38,2024-11-16 15:00:00,Milton Keynes Dons,Cheltenham,0,0,0
99109387da249c9ba6d9,2024-11-16 15:00:00,Blackpool,Northampton,0,0,0
9e2950149e19990c84cf,2024-11-16 15:00:00,Barrow,AFC Wimbledon,0,0,0
b4639d28c78bb747b31e,2024-11-16 15:00:00,Colchester,Bradford,0,0,0
c61d4ba625ad1fc30a84,2024-11-16 15:00:00,Bromley,Carlisle,0,0,0
f89cb433cc33ebb5f9a1,2024-11-16 15:00:00,Crewe,Notts County,0,0,0
f659a2856ce42679110d,2024-11-19 19:45:00,AFC Wimbledon,Accrington,0,0,0
c01911b4ec8650ad6222,2024-11-22 19:45:00,Cheltenham,Tranmere,0,0,0
20446e3ad25ebe44768f,2024-11-22 20:00:00,Plymouth,Watford,0,0,0
74f04f660454912907d4,2024-11-23 12:30:00,Shrewsbury,Birmingham,0,0,0
76d21696ef52fe1b3cac,2024-11-23 12:30:00,Bristol City,Burnley,0,0,0
9cc90be1423ff4704fd3,2024-11-23 12:30:00,Grimsby,Colchester,0,0,0
a27828121f213cadaf2f,2024-11-23 12:30:00,Coventry,Sheffield United,0,0,0
bdc79f1cfbe986c315d2,2024-11-23 12:30:00,Notts County,Newport County,0,0,0
c2a526b7f2acb79499be,2024-11-23 12:30:00,Bolton,Blackpool,0,0,0
d0591d12c2115052f331,2024-11-23 12:30:00,Sheffield Weds,Cardiff,0,0,0
e4078ee41353fc21656b,2024-11-23 12:30:00,Leicester,Chelsea,0,0,0
f5fa84edccfa24d3dd5b,2024-11-23 12:30:00,Stevenage,Leyton Orient,0,0,0
1a4e42a3ccd537b4cacf,2024-11-23 15:00:00,Mansfield,Bristol Rvs,0,0,0
229c4c1ae4e72e5bcd48,2024-11-23 15:00:00,QPR,Stoke,0,0,0
39ee99c8b756c1c0a774,2024-11-23 15:00:00,AFC Wimbledon,Walsall,0,0,0
3e77b8bdcfb2ae887a08,2024-11-23 15:00:00,Carlisle,Doncaster,0,0,0
3e79d5946b24a4aad347,2024-11-23 15:00:00,Barnsley,Wigan,0,0,0
432cf102f6ae774124d2,2024-11-23 15:00:00,Swindon,Morecambe,0,0,0
52e06ccc7624cf9eba1c,2024-11-23 15:00:00,Wrexham,Exeter,0,0,0
599638abd13adaff388c,2024-11-23 15:00:00,Huddersfield,Charlton,0,0,0
622386218e1924b4082d,2024-11-23 15:00:00,Everton,Brentford,0,0,0
6408688dc840633a866b,2024-11-23 15:00:00,Chesterfield,Barrow,0,0,0
65666c34c2742d267925,2024-11-23 15:00:00,Lincoln,Wycombe,0,0,0
6a84d8ce5c2efe287bae,2024-11-23 15:00:00,Aston Villa,Crystal Palace,0,0,0
70b05ccb81ff247bc7e2,2024-11-23 15:00:00,Oxford,Middlesbrough,0,0,0
7f4cd329dad9cdc64ed6,2024-11-23 15:00:00,Millwall,Sunderland,0,0,0
8dd0385007fcb2321d1e,2024-11-23 15:00:00,Arsenal,Nott'm Forest,1,1,1
9e36aed184f732fd030d,2024-11-23 15:00:00,Crawley Town,Rotherham,0,0,0
a2a2d73a5b4d7b64aa79,2024-11-23 15:00:00,Peterboro,Reading,0,0,0
b443ed655faa6022a60d,2024-11-23 15:00:00,Burton,Stockport,0,0,0
c10a7b2277f28d2a7f9a,2024-11-23 15:00:00,West Brom,Norwich,0,0,0
c488f04b9b37fb0f9e64,2024-11-23 15:00:00,Luton,Hull,0,0,0
cb13616da401dcaf136d,2024-11-23 15:00:00,Gillingham,Harrogate,0,0,0
d33702c9f5c71c617b76,2024-11-23 15:00:00,Fulham,Wolves,0,0,0
d426edd82ff280c6b5ac,2024-11-23 15:00:00,Bournemouth,Brighton,0,0,0
e40e90d826000c06dfaa,2024-11-23 15:00:00,Preston,Derby,0,0,0
ff97e75ddb87a27f929f,2024-11-23 15:00:00,Northampton,Cambridge,0,0,0
1daf69e4bfffe6022826,2024-11-23 17:30:00,Man City,Tottenham,0,0,0
0aee2f29bba190638742,2024-11-24 14:00:00,Southampton,Liverpool,0,0,0
fc8464bbed1b2db9de4a,2024-11-24 15:00:00,Swansea,Leeds,0,0,0
be1242a58b89e4d8251d,2024-11-24 16:30:00,Ipswich,Man United,0,0,0
317256869296b9085955,2024-11-25 20:00:00,Newcastle,West Ham,0,0,0
b45e64ef94653827e2eb,2024-11-25 20:00:00,Port Vale,Crewe,0,0,0
0318dd986a6163457ace,2024-11-26 19:45:00,Cambridge,Bolton,0,0,0
127faeaa4e84baac253f,2024-11-26 19:45:00,Sheffield United,Oxford,0,0,0
434a9b6b7550632825f2,2024-11-26 19:45:00,Leyton Orient,Huddersfield,0,0,0
58e84526f4946190eccf,2024-11-26 19:45:00,Burton,Charlton,0,0,0
5d3b73645c2e42bf7379,2024-11-26 19:45:00,Wycombe,Mansfield,0,0,0
6159dcbdfccc60697fa6,2024-11-26 19:45:00,Stoke,Preston,0,0,0
6d0678e15bc3476813e0,2024-11-26 19:45:00,Hull,Sheffield Weds,0,0,0
74faf76d6a9951aa0175,2024-11-26 19:45:00,Walsall,Bromley,0,0,0
88cf7f76f4c97beda800,2024-11-26 19:45:00,Watford,Bristol City,0,0,0
a7df7001c505e4662512,2024-11-26 19:45:00,Wigan,Northampton,0,0,0
b724dac9b9539d4961e9,2024-11-26 19:45:00,Exeter,Birmingham,0,0,0
b7a6e128bdcd4f92d905,2024-11-26 19:45:00,Burnley,Coventry,0,0,0
b869cd4ddc585a1a5bd6,2024-11-26 19:45:00,Norwich,Plymouth,0,0,0
c014382a75710b07a64d,2024-11-26 19:45:00,Bristol Rvs,Blackpool,0,0,0
cb5116181e7c813a76ab,2024-11-26 19:45:00,Tranmere,AFC Wimbledon,0,0,0
cf6c61f20c27a05f1d24,2024-11-26 19:45:00,Wrexham,Lincoln,0,0,0
e68b19b155bfb6227030,2024-11-26 19:45:00,Barnsley,Reading,0,0,0
18dfacff909026228813,2024-11-26 20:00:00,Sunderland,West Brom,0,0,0
052fb9b87294c7ebdfd0,2024-11-27 19:45:00,Cardiff,QPR,0,0,0
564b4873cda109acff6f,2024-11-27 19:45:00,Middlesbrough,Blackburn,0,0,0
a7b930ea1f51cac3417a,2024-11-27 19:45:00,Leeds,Luton,0,0,0
6a5dae3df8b2a35f3f53,2024-11-27 20:00:00,Derby,Swansea,0,0,0
1cae074778375a212f80,2024-11-29 20:00:00,Sheffield United,Sunderland,0,0,0
d0715b08ab378a78f101,2024-11-29 20:00:00,Brighton,Southampton,0,0,0
121bc2d2fd45ff95cc8b,2024-11-30 12:30:00,Oxford,Millwall,0,0,0
3a26dfe619cf3fa216af,2024-11-30 12:30:00,Carlisle,Crewe,0,0,0
b05f8cea770bc8ffe98a,2024-11-30 12:30:00,Watford,QPR,0,0,0
c0a888843b77769ef9d8,2024-11-30 12:30:00,Fleetwood Town,Colchester,0,0,0
d8a09d97fc95736bf4c6,2024-11-30 12:30:00,Middlesbrough,Hull,0,0,0
25c64637830dec55bc4b,2024-11-30 13:30:00,Blackburn,Leeds,0,0,0
028ee6d0df101a18c8c1,2024-11-30 15:00:00,Nott'm Forest,Ipswich,0,0,0
042e71a95ce16b9841fd,2024-11-30 15:00:00,Preston,West Brom,0,0,0
1ef4b63a9034fc64d965,2024-11-30 15:00:00,Norwich,Luton,0,0,0
2688e0d05f889b50948b,2024-11-30 15:00:00,Coventry,Cardiff,0,0,0
342a93233d4c026dcebc,2024-11-30 15:00:00,Brentford,Leicester,0,0,0
60a86512aab5977c7eb1,2024-11-30 15:00:00,Wolves,Bournemouth,0,0,0
637ffe8c00d4682e7938,2024-11-30 15:00:00,Swansea,Portsmouth,0,0,0
7a6a5ff353808cc25208,2024-11-30 15:00:00,Crystal Palace,Newcastle,0,0,0
f60345aeafb7beff066d,2024-11-30 15:00:00,Stoke,Burnley,0,0,0
fd07b2b3938212feaa54,2024-11-30 15:00:00,Bristol City,Plymouth,0,0,0
c510d3d41eb3f67456eb,2024-11-30 17:30:00,West Ham,Arsenal,0,0,0
1f765610c2f9961d1c82,2024-12-01 13:30:00,Chelsea,Aston Villa,0,0,0
a41aa0c5ba3afdb30966,2024-12-01 13:30:00,Man United,Everton,0,0,0
b107e3b2d62659334412,2024-12-01 13:30:00,Tottenham,Fulham,0,0,0
dc3a3bbe8a090237e3d9,2024-12-01 15:00:00,Derby,Sheffield Weds,0,0,0
dde8f786171808a67870,2024-12-01 16:00:00,Liverpool,Man City,0,0,0
35f5fde36de8c97de616,2024-12-03 19:30:00,Ipswich,Crystal Palace,0,0,0
1178d95975e1ed64f800,2024-12-03 19:45:00,Wrexham,Barnsley,0,0,0
18be1e591fa16cd1d1eb,2024-12-03 19:45:00,Charlton,Crawley Town,0,0,0
4af53c32a0d63e6af402,2024-12-03 19:45:00,Exeter,Wycombe,0,0,0
4f593805b2a7a4cd142a,2024-12-03 19:45:00,Walsall,Notts County,0,0,0
528ebdb83081ebc26973,2024-12-03 19:45:00,Bradford,Barrow,0,0,0
5b5abd2b425302b3bd48,2024-12-03 19:45:00,Rotherham,Lincoln,0,0,0
63150714cd9e525489df,2024-12-03 19:45:00,Milton Keynes Dons,Chesterfield,0,0,0
6b8b5be65eb629c52914,2024-12-03 19:45:00,Leyton Orient,Bristol Rvs,0,0,0
7a13b0fc3512a944e7b4,2024-12-03 19:45:00,Tranmere,Morecambe,0,0,0
a066aa831a252e4cbcce,2024-12-03 19:45:00,AFC Wimbledon,Newport County,0,0,0
aec8b5f15b56b7a5b7a8,2024-12-03 19:45:00,Salford,Harrogate,0,0,0
c26dba31c5bb69ff0a42,2024-12-03 19:45:00,Bolton,Mansfield,0,0,0
d481abb9dc7ccda4925b,2024-12-03 19:45:00,Colchester,Swindon,0,0,0
dc275088d23d204fed5a,2024-12-03 19:45:00,Cheltenham,Port Vale,0,0,0
f975483393e11646a8b4,2024-12-03 19:45:00,Stevenage,Northampton,0,0,0
fbf929524c11b5a1a7ed,2024-12-03 19:45:00,Grimsby,Accrington,0,0,0
a5d5bdb16828e2fa751e,2024-12-03 20:00:00,Huddersfield,Wigan,0,0,0
e07335275705ad46802f,2024-12-03 20:00:00,Reading,Cambridge,0,0,0
b8c86ebd1aa39ca9085f,2024-12-03 20:15:00,Leicester,West Ham,0,0,0
0187af51b6b2b23cbb33,2024-12-04 19:30:00,Southampton,Chelsea,0,0,0
5fa00adff8293e22904f,2024-12-04 19:30:00,Man City,Nott'm Forest,0,0,0
749026c8aa7b66403113,2024-12-04 19:30:00,Everton,Wolves,1,1,1
a1d027a82a67fcc2e2a3,2024-12-04 19:30:00,Newcastle,Liverpool,1,1,1
4677857fdc3b29de5b21,2024-12-04 19:45:00,Fleetwood Town,Doncaster,0,0,0
4a31242e342c7abdd075,2024-12-04 19:45:00,Shrewsbury,Blackpool,0,0,0
77c504169df627c663e7,2024-12-04 19:45:00,Birmingham,Stockport,0,0,0
b780c34b792395105dcf,2024-12-04 19:45:00,Peterboro,Burton,0,0,0
f48e795adfc789c506e3,2024-12-04 19:45:00,Bromley,Gillingham,0,0,0
24bd47158a1be1282663,2024-12-04 20:15:00,Arsenal,Man United,0,0,0
31bf2809881471c94c38,2024-12-04 20:15:00,Aston Villa,Brentford,0,0,0
9061f608e55dace573dc,2024-12-05 19:30:00,Fulham,Brighton,0,0,0
a78a61b1fca2274794f0,2024-12-05 20:15:00,Bournemouth,Tottenham,1,1,1
345bc491804070766452,2024-12-06 20:00:00,Burnley,Middlesbrough,0,0,0
021f566ac8c2d59144d4,2024-12-07 12:30:00,Leeds,Derby,0,0,0
17bc733154093df0e3c9,2024-12-07 12:30:00,Lincoln,Charlton,0,0,0
1f02ca4db0d015cfc521,2024-12-07 12:30:00,Port Vale,Walsall,0,0,0
22f42a9a38ef368c6fe5,2024-12-07 12:30:00,Wigan,Leyton Orient,0,0,0
446f304890d46ee4aced,2024-12-07 12:30:00,Sheffield Weds,Preston,0,0,0
5bf812530aa37a82e357,2024-12-07 12:30:00,Crewe,Bradford,0,0,0
f4195018217d63885e70,2024-12-07 12:30:00,Sunderland,Stoke,0,0,0
4442c53d97631bc459f8,2024-12-07 15:00:00,Portsmouth,Bristol City,0,0,0
5ee02987238f7edfab92,2024-12-07 15:00:00,Gillingham,Salford,0,0,0
6147ea9ae19d2054c3e1,2024-12-07 15:00:00,Cambridge,Shrewsbury,0,0,0
6aa8c72ce2b209b4d641,2024-12-07 15:00:00,Burton,Wrexham,0,0,0
87c9caae41bd22b3725d,2024-12-07 15:00:00,Accrington,Bromley,0,0,0
ae383f32fdf28c7da2ce,2024-12-07 15:00:00,Hull,Blackburn,0,0,0
b9d236ea9f3bd8f8e537,2024-12-07 15:00:00,QPR,Norwich,0,0,0
bad8181bcff28b0a69bd,2024-12-07 15:00:00,Luton,Swansea,0,0,0
bf9c2a0738d62b208ce4,2024-12-07 15:00:00,Doncaster,Cheltenham,0,0,0
bfacc06b4a097d1c31db,2024-12-07 15:00:00,Stockport,Exeter,0,0,0
c0cf2e0f637e91257f6e,2024-12-07 15:00:00,Wycombe,Reading,0,0,0
cc9b3a5384c5ba9df753,2024-12-07 15:00:00,Brentford,Newcastle,0,0,0
d88e808b6b72a3165be3,2024-12-07 15:00:00,Millwall,Coventry,0,0,0
dd5ef17b0629ffe640f8,2024-12-07 15:00:00,Barnsley,Birmingham,0,0,0
e0fa9eb5acefa046dcac,2024-12-07 15:00:00,Chesterfield,Tranmere,0,0,0
e44de0474c3be7e97645,2024-12-07 15:00:00,Morecambe,Grimsby,0,0,0
e5b91beaf6e48102754b,2024-12-07 15:00:00,Swindon,Fleetwood Town,0,0,0
eff7fe647247324fd98f,2024-12-07 15:00:00,Harrogate,AFC Wimbledon,0,0,0
f705cc3e3be161b7756f,2024-12-07 15:00:00,Crystal Palace,Man City,0,0,0
fa16d69179e6adbf866d,2024-12-07 15:00:00,Aston Villa,Southampton,0,0,0
fe01b795371cc0631dc8,2024-12-07 15:00:00,Mansfield,Huddersfield,0,0,0
b29b858453dcc547639c,2024-12-07 17:30:00,Man United,Nott'm Forest,1,1,1
561f0f159be541e73c87,2024-12-08 14:00:00,Fulham,Arsenal,1,1,1
7c7f6b83a602fd89b88a,2024-12-08 14:00:00,Ipswich,Bournemouth,0,0,0
b55a5ca666977b254bb3,2024-12-08 14:00:00,Leicester,Brighton,0,0,0
331346f7decd009c6d6c,2024-12-08 15:00:00,West Brom,Sheffield United,0,0,0
9f37a80e96bab2eacedc,2024-12-08 16:30:00,Tottenham,Chelsea,0,0,0
9a97ad4cec8aaca7ab68,2024-12-09 20:00:00,Northampton,Peterboro,0,0,0
bb6dc223eef52abd3c16,2024-12-09 20:00:00,West Ham,Wolves,0,0,0
0975cf215e25a4ee3c34,2024-12-10 19:45:00,Portsmouth,Norwich,0,0,0
3fbd49a3eed9bb76b02e,2024-12-10 19:45:00,Burnley,Derby,0,0,0
7c47fefb4ff2803f18c0,2024-12-10 19:45:00,Sunderland,Bristol City,0,0,0
b0ea5cdcfb1415d87fe8,2024-12-10 19:45:00,Plymouth,Swansea,0,0,0
ce3f664ef8c4e5d315cb,2024-12-10 19:45:00,Luton,Stoke,0,0,0
fae84a7719483671d70d,2024-12-10 19:45:00,Sheffield Weds,Blackburn,0,0,0
6be4f9a8290eed09281b,2024-12-10 20:00:00,Leeds,Middlesbrough,0,0,0
371a1d3ac5bfbb3c0926,2024-12-11 19:45:00,QPR,Oxford,0,0,0
5806ae9217eeed74e0a1,2024-12-11 19:45:00,Millwall,Sheffield United,0,0,0
a0541028c5e97bdf0ad4,2024-12-11 19:45:00,Cardiff,Preston,0,0,0
bc1434edfac95bec42f6,2024-12-11 19:45:00,Hull,Watford,0,0,0
6e937a85401f0f354bef,2024-12-11 20:00:00,West Brom,Coventry,0,0,0
5f3d30d77cfd5f55e6e1,2024-12-13 20:00:00,Derby,Portsmouth,0,0,0
10ad4a39b498a7dc3399,2024-12-14 12:30:00,Preston,Leeds,0,0,0
50b0b69696b7b804845e,2024-12-14 12:30:00,Salford,Notts County,0,0,0
6a3185870b2b61fb3a75,2024-12-14 12:30:00,Bristol City,QPR,0,0,0
8bbcfa75a59167bb5289,2024-12-14 12:30:00,Leyton Orient,Burton,0,0,0
9217668d5d47aa2f96bc,2024-12-14 12:30:00,Bolton,Wigan,0,0,0
a64518a2f52866fffc97,2024-12-14 12:30:00,Tranmere,Harrogate,0,0,0
f6eaf8fadc0dc355a1d6,2024-12-14 12:30:00,Coventry,Hull,0,0,0
1633fc095c24e95ee17c,2024-12-14 15:00:00,Liverpool,Fulham,0,0,0
17ff22daa1d640178fea,2024-12-14 15:00:00,Milton Keynes Dons,Gillingham,0,0,0
33454eb2a331cedf2d8f,2024-12-14 15:00:00,AFC Wimbledon,Doncaster,0,0,0
340fcfd05d991d457b6e,2024-12-14 15:00:00,Stevenage,Stockport,0,0,0
3ac462bb1efeacd7f3e5,2024-12-14 15:00:00,Stoke,Cardiff,0,0,0
3bd62c524b30f4c00088,2024-12-14 15:00:00,Sheffield United,Plymouth,0,0,0
3d94e4c8169c4785d7f2,2024-12-14 15:00:00,Shrewsbury,Wycombe,0,0,0
429784b84c3f1e2ba952,2024-12-14 15:00:00,Wolves,Ipswich,0,0,0
478ebf804273545e4a7f,2024-12-14 15:00:00,Cheltenham,Morecambe,0,0,0
50e228773c067c374630,2024-12-14 15:00:00,Reading,Blackpool,0,0,0
575f00371c75bdfd20f3,2024-12-14 15:00:00,Blackburn,Luton,0,0,0
5e00bf7886b96273c542,2024-12-14 15:00:00,Arsenal,Everton,0,0,0
6a5a00945753d07b068b,2024-12-14 15:00:00,Walsall,Barrow,0,0,0
6cd81510e84e6cbdc014,2024-12-14 15:00:00,Oxford,Sheffield Weds,0,0,0
6dd9f42a324738b8de9a,2024-12-14 15:00:00,Grimsby,Crewe,0,0,0
801c7f008916f8dc4835,2024-12-14 15:00:00,Swansea,Sunderland,0,0,0
93e764cf7a79c671aa9e,2024-12-14 15:00:00,Huddersfield,Lincoln,0,0,0
95b7906fcf45e71484f6,2024-12-14 15:00:00,Carlisle,Chesterfield,0,0,0
a660a207143f67e691dc,2024-12-14 15:00:00,Newcastle,Leicester,0,0,0
a7c1c32fb3c50986cbee,2024-12-14 15:00:00,Bradford,Swindon,0,0,0
aa9faf8a47ff64df60f0,2024-12-14 15:00:00,Bromley,Port Vale,0,0,0
c8dc15bdb0bb9b779696,2024-12-14 15:00:00,Wrexham,Cambridge,0,0,0
ccaba6d810c1a17e097c,2024-12-14 15:00:00,Colchester,Newport County,0,0,0
ccd4382ce7a1f8be601b,2024-12-14 15:00:00,Peterboro,Crawley Town,0,0,0
d2422fff0177a8485362,2024-12-14 15:00:00,Exeter,Barnsley,0,0,0
d8792d36a74607162eb6,2024-12-14 15:00:00,Rotherham,Northampton,0,0,0
e73a4e316a5d4e6d3daa,2024-12-14 15:00:00,Middlesbrough,Millwall,0,0,0
fb547d9563b8314d1e93,2024-12-14 15:00:00,Charlton,Mansfield,0,0,0
fc8c4dc0ec00d626cc23,2024-12-14 15:00:00,Birmingham,Bristol Rvs,0,0,0
3372e6c9f6179e8f94f2,2024-12-14 17:30:00,Nott'm Forest,Aston Villa,0,0,0
2ff5b66a8115e1355991,2024-12-15 14:00:00,Brighton,Crystal Palace,0,0,0
a940311451dcea82347f,2024-12-15 14:00:00,Watford,West Brom,0,0,0
8ddee64516773ab707b6,2024-12-15 15:00:00,Norwich,Burnley,0,0,0
1a1748d0d7b8a40c6f67,2024-12-15 16:30:00,Man City,Man United,0,0,0
7d65417b6622e289e4b9,2024-12-15 19:00:00,Chelsea,Brentford,0,0,0
dd167c367296a327e745,2024-12-15 19:00:00,Southampton,Tottenham,0,0,0
c3524edb2deb0cfcc83c,2024-12-16 20:00:00,Fleetwood Town,Accrington,0,0,0
e0ab7921c683a58bc253,2024-12-16 20:00:00,Bournemouth,West Ham,1,1,1
28c5d6cbbc29169ddcc0,2024-12-20 19:45:00,Crewe,Colchester,0,0,0
2d95990d09dc2e017e22,2024-12-20 19:45:00,Wycombe,Bolton,0,0,0
4748cb33cc7e3b900f78,2024-12-20 19:45:00,Stockport,Peterboro,0,0,0
6de87fdf6a0e230615b2,2024-12-20 19:45:00,Cambridge,Huddersfield,0,0,0
764b4cd0a6dc68301e81,2024-12-20 19:45:00,Gillingham,Cheltenham,0,0,0
d44cb2b18e1e9ceb0db8,2024-12-20 20:00:00,Luton,Derby,0,0,0
1b1687aa9e9d84c2dbef,2024-12-21 12:30:00,Lincoln,Reading,0,0,0
34b043fc9fcfc7f5cf05,2024-12-21 12:30:00,Hull,Swansea,0,0,0
5b3e44fc5dca4b8af198,2024-12-21 12:30:00,Portsmouth,Coventry,0,0,0
5e2e3525e7ae2a9cf418,2024-12-21 12:30:00,Sheffield Weds,Stoke,0,0,0
ad7711d2a40152ba51c0,2024-12-21 12:30:00,Bristol Rvs,Wrexham,0,0,0
c58347b57b205d8be1a4,2024-12-21 12:30:00,Doncaster,Tranmere,0,0,0
d2e1d90e259e453526a5,2024-12-21 12:30:00,Barrow,Fleetwood Town,0,0,0
f89d8460b3f7fc32ae55,2024-12-21 12:30:00,Aston Villa,Man City,0,0,0
04ff25a62727200227f0,2024-12-21 15:00:00,Burnley,Watford,0,0,0
0b2ce50575e2ce2db7e7,2024-12-21 15:00:00,Notts County,Bradford,0,0,0
11fca3ad2840755b1081,2024-12-21 15:00:00,Wigan,Shrewsbury,0,0,0
17da28805a5e3b17e517,2024-12-21 15:00:00,Morecambe,Bromley,0,0,0
22f2519b109425e1c659,2024-12-21 15:00:00,Northampton,Charlton,0,0,0
29d25f95fec2d96fc585,2024-12-21 15:00:00,Harrogate,Walsall,0,0,0
2aaf3d634aab015519b4,2024-12-21 15:00:00,Barnsley,Leyton Orient,0,0,0
3abe3f50e1bd8de3c623,2024-12-21 15:00:00,Burton,Exeter,0,0,0
45a14f4d6ff492773cd7,2024-12-21 15:00:00,Millwall,Blackburn,0,0,0
45c0796dbab55cb76430,2024-12-21 15:00:00,Sunderland,Norwich,0,0,0
4e64ad78c227d6f24b38,2024-12-21 15:00:00,West Ham,Brighton,1,1,1
5018f0ff7f6311f917a1,2024-12-21 15:00:00,Leeds,Oxford,0,0,0
56419065b89c707a641d,2024-12-21 15:00:00,Newport County,Milton Keynes Dons,0,0,0
56d9121f353c92614127,2024-12-21 15:00:00,Port Vale,Carlisle,0,0,0
76e0438dc5dd6c6bad10,2024-12-21 15:00:00,Accrington,Salford,0,0,0
8b917e3dc5e5cafe5539,2024-12-21 15:00:00,Ipswich,Newcastle,0,0,0
a65d523247f1c8538fb0,2024-12-21 15:00:00,Mansfield,Rotherham,0,0,0
ba4ec0a6a75d479fdd49,2024-12-21 15:00:00,Chesterfield,AFC Wimbledon,0,0,0
cd085d7d4c51895085ce,2024-12-21 15:00:00,Cardiff,Sheffield United,0,0,0
df58317230b689854d9a,2024-12-21 15:00:00,QPR,Preston,0,0,0
e1437b8858b1f3ffa907,2024-12-21 15:00:00,Brentford,Nott'm Forest,0,0,0
e90a3dbb5cfed95ea1bf,2024-12-21 15:00:00,Swindon,Grimsby,0,0,0
f974d5599df93a3b56d4,2024-12-21 15:00:00,Blackpool,Stevenage,0,0,0
ff35410a3ffd60d6f7c4,2024-12-21 15:00:00,Plymouth,Middlesbrough,0,0,0
b397ce3078d80d777647,2024-12-21 17:30:00,Crystal Palace,Arsenal,1,1,1
3caba1b9376c76ba923d,2024-12-22 14:00:00,Man United,Bournemouth,0,0,0
b3266b8da0b85fb9367a,2024-12-22 14:00:00,Leicester,Wolves,0,0,0
c948fa136a4a5210a5e5,2024-12-22 14:00:00,Fulham,Southampton,0,0,0
e2e3ca334383701751d8,2024-12-22 14:00:00,Everton,Chelsea,0,0,0
96b7fda81792657d9b2b,2024-12-22 15:00:00,West Brom,Bristol City,0,0,0
4802d4c58253e396632b,2024-12-22 16:30:00,Tottenham,Liverpool,0,0,0
1aa9e563e44954c32617,2024-12-23 20:00:00,Crawley Town,Birmingham,0,0,0
3bd76e3db01bf4dd4d62,2024-12-26 12:30:00,Man City,Everton,0,0,0
22ce4512ae0f893d8036,2024-12-26 13:00:00,Leyton Orient,Crawley Town,0,0,0
0abf43c678c6bb966c5f,2024-12-26 15:00:00,Bournemouth,Crystal Palace,0,0,0
0e1964de55499721c16c,2024-12-26 15:00:00,Watford,Portsmouth,0,0,0
18faf5854e69fcb07373,2024-12-26 15:00:00,Newcastle,Aston Villa,1,1,1
2ee5e564fcc8068970ab,2024-12-26 15:00:00,Wrexham,Blackpool,0,0,0
31332262859bce8ad338,2024-12-26 15:00:00,Chelsea,Fulham,0,0,0
36f04d03b9eb3a941272,2024-12-26 15:00:00,Preston,Hull,0,0,0
3934a1b2250b0a7dfd44,2024-12-26 15:00:00,Colchester,Gillingham,0,0,0
44e422d3ec241fff23f6,2024-12-26 15:00:00,Reading,Northampton,0,0,0
46b77b6bd90160a62b58,2024-12-26 15:00:00,Swansea,QPR,0,0,0
4b219552d54420a8dce3,2024-12-26 15:00:00,Southampton,West Ham,0,0,0
5295734838a8e940e135,2024-12-26 15:00:00,Grimsby,Harrogate,0,0,0
5e71638381af643a8a41,2024-12-26 15:00:00,Walsall,Doncaster,0,0,0
5f70ba1cf7c996d883e7,2024-12-26 15:00:00,Bristol City,Luton,0,0,0
6265621764c5cdab9665,2024-12-26 15:00:00,Middlesbrough,Sheffield Weds,0,0,0
6912849fe3755bcd1771,2024-12-26 15:00:00,Cheltenham,Crewe,0,0,0
6a27f35c00d5eed2ee05,2024-12-26 15:00:00,Carlisle,Morecambe,0,0,0
6cfd53ff18a079207cb1,2024-12-26 15:00:00,Sheffield United,Burnley,0,0,0
6e39a525136f1a0b1cb0,2024-12-26 15:00:00,Nott'm Forest,Tottenham,0,0,0
8233b804a0ba4f642b25,2024-12-26 15:00:00,Shrewsbury,Lincoln,0,0,0
830091a1468f540a850b,2024-12-26 15:00:00,Salford,Barrow,0,0,0
89246ca21a8f93f4dc07,2024-12-26 15:00:00,Rotherham,Wigan,0,0,0
98395fbf89c18517dedd,2024-12-26 15:00:00,Huddersfield,Stockport,0,0,0
9c6a73c4497c665a930b,2024-12-26 15:00:00,Bolton,Barnsley,0,0,0
9ded14064b7fd29d6cce,2024-12-26 15:00:00,Milton Keynes Dons,Notts County,0,0,0
a0aa4415cfdfdbb2cae8,2024-12-26 15:00:00,Charlton,Cambridge,0,0,0
ab7b8efaa7227aed8a00,2024-12-26 15:00:00,AFC Wimbledon,Swindon,0,0,0
c07f342f63e84989808e,2024-12-26 15:00:00,Blackburn,Sunderland,0,0,0
c0a88b5ad6fcb105aa00,2024-12-26 15:00:00,Exeter,Bristol Rvs,0,0,0
c30bd39d13ef65b10e16,2024-12-26 15:00:00,Bradford,Port Vale,0,0,0
c85bc42fb1027ff2d168,2024-12-26 15:00:00,Stevenage,Wycombe,0,0,0
cf14d16f796330f1d5fd,2024-12-26 15:00:00,Birmingham,Burton,0,0,0
d272ad2f567169850277,2024-12-26 15:00:00,Fleetwood Town,Chesterfield,0,0,0
dad313a8f57c50ce9d21,2024-12-26 15:00:00,Norwich,Millwall,0,0,0
dad55e83b5eafa0fa678,2024-12-26 15:00:00,Coventry,Plymouth,0,0,0
e7b80246145f44442b61,2024-12-26 15:00:00,Bromley,Newport County,0,0,0
f16ecb7127d52456df4b,2024-12-26 15:00:00,Peterboro,Mansfield,0,0,0
fcdfa192572b517593f1,2024-12-26 15:00:00,Oxford,Cardiff,0,0,0
03cbd55057ee10bc3bb4,2024-12-26 17:30:00,Derby,West Brom,0,0,0
4c87b79a1bbd3cb7a0d3,2024-12-26 17:30:00,Wolves,Man United,1,1,1
2613da9d862b9dbf0bad,2024-12-26 20:00:00,Liverpool,Leicester,0,0,0
f2d7a8a64c539fd58467,2024-12-26 20:00:00,Stoke,Leeds,0,0,0
b3b761d9c751fb93bca0,2024-12-27 19:30:00,Brighton,Brentford,0,0,0
2d9ca4759d5a3439da3d,2024-12-27 20:15:00,Arsenal,Ipswich,0,0,0
15578ea0ef051c7ee445,2024-12-29 12:30:00,Preston,Sheffield Weds,1,1,1
27a4d53d708aaa21513a,2024-12-29 12:30:00,Carlisle,Accrington,0,0,0
2b3bc44e364d8671002a,2024-12-29 12:30:00,Bromley,Swindon,0,0,0
323cf8fa2eb8e0493eed,2024-12-29 12:30:00,Norwich,QPR,1,1,1
380e84b44eef374bf2c2,2024-12-29 12:30:00,Charlton,Wycombe,0,0,0
524c2476bb0784ca469c,2024-12-29 12:30:00,Sheffield United,West Brom,1,1,1
b263fe49817601d4821d,2024-12-29 12:30:00,Rotherham,Stockport,0,0,0
42f5461c66056eae7b04,2024-12-29 14:30:00,Leicester,Man City,0,0,0
01665baaa875a24c3ec3,2024-12-29 15:00:00,Bristol City,Portsmouth,1,1,1
0777e9d9c7b8c737873b,2024-12-29 15:00:00,Reading,Mansfield,0,0,0
09cf18a01f16b10c6387,2024-12-29 15:00:00,Stoke,Sunderland,1,1,1
1302df00c7515f530067,2024-12-29 15:00:00,Huddersfield,Burton,0,0,0
2910afefc8700dfaff7f,2024-12-29 15:00:00,Tottenham,Wolves,0,0,0
2a8e71ed17864785cecc,2024-12-29 15:00:00,Fleetwood Town,Harrogate,0,0,0
3658ce6285308438a3f5,2024-12-29 15:00:00,Bradford,Chesterfield,0,0,0
3f6780ae0f02ac4be853,2024-12-29 15:00:00,Wrexham,Wigan,0,0,0
52569e1786b4f9bc6755,2024-12-29 15:00:00,Bolton,Lincoln,0,0,0
5b466ce002e1940d76bd,2024-12-29 15:00:00,Walsall,Newport County,0,0,0
5d6079ac7db416ebd0a9,2024-12-29 15:00:00,Milton Keynes Dons,Crewe,0,0,0
62acec9081bd573baeb8,2024-12-29 15:00:00,Coventry,Millwall,1,1,1
62bedc8ce22a67957dfd,2024-12-29 15:00:00,Oxford,Plymouth,0,0,0
789aa247abf9c5f3d5df,2024-12-29 15:00:00,Swansea,Luton,1,1,1
85a9a21abd4ed145bd47,2024-12-29 15:00:00,Leyton Orient,Cambridge,0,0,0
8883e89405295c5ff18a,2024-12-29 15:00:00,Tranmere,Barrow,0,0,0
9bf834b446b26f456055,2024-12-29 15:00:00,Watford,Cardiff,0,0,0
a9b1a80053890c03c67d,2024-12-29 15:00:00,Exeter,Crawley Town,0,0,0
b44d9fb20283870d111d,2024-12-29 15:00:00,Salford,Morecambe,0,0,0
c9511ef558f43249ae17,2024-12-29 15:00:00,Birmingham,Blackpool,0,0,0
cbe5feee0587491ed645,2024-12-29 15:00:00,Fulham,Bournemouth,0,0,0
d09038116b247c3426d0,2024-12-29 15:00:00,Peterboro,Barnsley,0,0,0
d46fdb6a7e18826de644,2024-12-29 15:00:00,Cheltenham,Notts County,0,0,0
d4fe980e7171c5f72513,2024-12-29 15:00:00,Everton,Nott'm Forest,0,0,0
d5fe350cc19bad2bf5c1,2024-12-29 15:00:00,Stevenage,Bristol Rvs,0,0,0
ddfb419bf4b365acf2e8,2024-12-29 15:00:00,Blackburn,Hull,1,1,1
e245be2836fcef45b3fa,2024-12-29 15:00:00,Grimsby,Port Vale,0,0,0
e62f7892da26369077f5,2024-12-29 15:00:00,Shrewsbury,Northampton,0,0,0
e97d6c9e3f0c4391f5e7,2024-12-29 15:00:00,Colchester,Doncaster,0,0,0
eaaa9c5c3a6576b9a9ad,2024-12-29 15:00:00,Crystal Palace,Southampton,0,0,0
3b4c0a6df49b429a6057,2024-12-29 17:15:00,West Ham,Liverpool,0,0,0
2e2e92dda175ca4c08c0,2024-12-29 17:45:00,Derby,Leeds,1,1,1
3f92964234897d6d7753,2024-12-29 20:00:00,Middlesbrough,Burnley,1,1,1
1a5f263987488196294f,2024-12-30 19:45:00,Aston Villa,Brighton,0,0,0
e73c16437a798054e7a6,2024-12-30 19:45:00,Ipswich,Chelsea,0,0,0
316324b4684d2a1a5008,2024-12-30 20:00:00,Man United,Newcastle,0,0,0
cb6804cb21efb9eadf43,2024-12-30 20:00:00,AFC Wimbledon,Gillingham,0,0,0
a6e9018fe75429fb14e1,2025-01-01 12:30:00,Plymouth,Bristol City,1,1,1
f9dcb93b3a4cd585ea73,2025-01-01 12:30:00,QPR,Watford,1,1,1
6142b0f5f93e4fde1658,2025-01-01 13:00:00,Millwall,Oxford,1,1,1
0c3861ce261e2ef8a256,2025-01-01 15:00:00,Cardiff,Coventry,1,1,1
16e58902c10d12587c81,2025-01-01 15:00:00,Crewe,Carlisle,1,1,1
183314cadeca4a01a15d,2025-01-01 15:00:00,Northampton,Stevenage,1,1,1
36892b4f27cb241e63da,2025-01-01 15:00:00,Stockport,Birmingham,1,1,1
3a271a1529b909c2a192,2025-01-01 15:00:00,Leeds,Blackburn,1,1,1
4575cbe837f41753942b,2025-01-01 15:00:00,Cambridge,Reading,1,1,1
4d819cce4820a1f442d6,2025-01-01 15:00:00,Sheffield Weds,Derby,1,1,1
534bd5f1e90da4df4391,2025-01-01 15:00:00,Accrington,Grimsby,1,1,1
55da9edc3b3dd7d1748e,2025-01-01 15:00:00,Morecambe,Tranmere,1,1,1
59c356212b285742017a,2025-01-01 15:00:00,Burton,Peterboro,1,1,1
5d7eed39588062d8bd08,2025-01-01 15:00:00,Notts County,Walsall,1,1,1
5eb20b59e5b54deaf106,2025-01-01 15:00:00,Chesterfield,Milton Keynes Dons,1,1,1
5f873d9312f5365e5cee,2025-01-01 15:00:00,Portsmouth,Swansea,1,1,1
6bafbff40a3cc5d3bba0,2025-01-01 15:00:00,Swindon,Colchester,1,1,1
7246c9b32ddce3c66223,2025-01-01 15:00:00,Barrow,Bradford,1,1,1
7d623e120394f11d7732,2025-01-01 15:00:00,Harrogate,Salford,1,1,1
86f095a58f9f1b52a4f5,2025-01-01 15:00:00,Bristol Rvs,Leyton Orient,1,1,1
89a3bb053a8a5085c727,2025-01-01 15:00:00,Barnsley,Wrexham,1,1,1
94745d90a68104d4815c,2025-01-01 15:00:00,Lincoln,Rotherham,1,1,1
add2bae75aee9d2202d7,2025-01-01 15:00:00,Blackpool,Shrewsbury,1,1,1
b0219bde307b709a3532,2025-01-01 15:00:00,Luton,Norwich,1,1,1
c038f6753ccdfd4d13ae,2025-01-01 15:00:00,Burnley,Stoke,1,1,1
c1a63ba7989453a7e4fb,2025-01-01 15:00:00,West Brom,Preston,1,1,1
c48fba99835e925fce5c,2025-01-01 15:00:00,Wycombe,Exeter,1,1,1
c610c2524298a7af1209,2025-01-01 15:00:00,Port Vale,Cheltenham,1,1,1
d9f30e087fddd9a53365,2025-01-01 15:00:00,Doncaster,Fleetwood Town,1,1,1
f031ec3cb7e63561cdb6,2025-01-01 15:00:00,Mansfield,Bolton,1,1,1
704641ff0a4c51c0d514,2025-01-01 17:30:00,Brentford,Arsenal,0,0,0
c0f3ac0c7a3c569f521a,2025-01-01 17:30:00,Hull,Middlesbrough,1,1,1
f3500334b0ff049d89ca,2025-01-01 20:00:00,Sunderland,Sheffield United,1,1,1
29b2bb20f7c9cfa02a4a,2025-01-02 19:45:00,Gillingham,Bromley,1,1,1
79b0d34e6d845eb823e1,2025-01-02 19:45:00,Newport County,AFC Wimbledon,1,1,1
38635df1181e1d1b5ea0,2025-01-04 12:30:00,Swansea,West Brom,1,1,1
632b89474b4a66bf8481,2025-01-04 12:30:00,Tottenham,Newcastle,1,1,1
6e1cd0026c734c843167,2025-01-04 12:30:00,Burton,Northampton,1,1,1
9b146e2ae8183279d2b7,2025-01-04 12:30:00,Cambridge,Bristol Rvs,1,1,1
b51d9591993fa583d6f1,2025-01-04 12:30:00,Blackburn,Burnley,1,1,1
cbd0cc985dc13ef7f403,2025-01-04 12:30:00,Stoke,Plymouth,1,1,1
f8b905a78f3076e351fa,2025-01-04 12:30:00,Notts County,Swindon,1,1,1
8ce3916abae009a1013f,2025-01-04 13:00:00,Bradford,Grimsby,1,1,1
099473df946e5c1c4423,2025-01-04 15:00:00,Norwich,Coventry,1,1,1
0d0eea47147ac76c7734,2025-01-04 15:00:00,Leyton Orient,Shrewsbury,1,1,1
1d094883541014915dc7,2025-01-04 15:00:00,Aston Villa,Leicester,1,1,1
38fef076bf1bdfd347d6,2025-01-04 15:00:00,Bournemouth,Everton,1,1,1
409ce76ac942bdf86dce,2025-01-04 15:00:00,Wigan,Birmingham,1,1,1
554a3fbfa0e3188166a9,2025-01-04 15:00:00,Charlton,Reading,1,1,1
5d7d353cfcbbdd8f051c,2025-01-04 15:00:00,Stockport,Mansfield,1,1,1
5f44d243dfd631be485f,2025-01-04 15:00:00,Milton Keynes Dons,Salford,1,1,1
62aad877484030e55e9c,2025-01-04 15:00:00,Bristol City,Derby,1,1,1
6a8b1ecca2042ca27de7,2025-01-04 15:00:00,Barnsley,Crawley Town,1,1,1
6f5c7fb6dc7faf20a590,2025-01-04 15:00:00,Huddersfield,Rotherham,1,1,1
795afe126d9ca4e670a9,2025-01-04 15:00:00,Wycombe,Blackpool,1,1,1
79ab5d1dc4e8a43536cc,2025-01-04 15:00:00,Sheffield Weds,Millwall,1,1,1
7ddb66e09f53febe0583,2025-01-04 15:00:00,Doncaster,Port Vale,1,1,1
87832d10aa410db5f3e2,2025-01-04 15:00:00,Preston,Oxford,1,1,1
8797871b303b5c620a76,2025-01-04 15:00:00,Wrexham,Peterboro,1,1,1
8e196d7484bb4ee1c799,2025-01-04 15:00:00,Tranmere,Carlisle,1,1,1
9037a3e7290b358b99c6,2025-01-04 15:00:00,Barrow,Harrogate,1,1,1
94ea687fd6cca9704e50,2025-01-04 15:00:00,Middlesbrough,Cardiff,1,1,1
97f7fef11af5b575858b,2025-01-04 15:00:00,Hull,Leeds,1,1,1
ac6e69d972bee10d60fc,2025-01-04 15:00:00,Watford,Sheffield United,1,1,1
cc27ca6cac231758362d,2025-01-04 15:00:00,Colchester,Accrington,1,1,1
cd1faffda196dc1a3e14,2025-01-04 15:00:00,Crystal Palace,Chelsea,1,1,1
dcc1c6e1be926a5706f5,2025-01-04 15:00:00,Exeter,Bolton,1,1,1
ee95f19b59b3150cd96e,2025-01-04 15:00:00,Southampton,Brentford,1,1,1
f409aef6042e0839453f,2025-01-04 15:00:00,Lincoln,Stevenage,1,1,1
fd70fa5ff7d2314c4847,2025-01-04 15:00:00,Man City,West Ham,1,1,1
017bde626c3b174e3c43,2025-01-04 17:30:00,Brighton,Arsenal,1,1,1
eb27af0acfd4629c154c,2025-01-05 14:00:00,Fulham,Ipswich,1,1,1
b321a5605c58f7b29521,2025-01-05 15:00:00,Crewe,Bromley,1,1,1
dbf5f5e36ec443874e70,2025-01-05 15:00:00,Sunderland,Portsmouth,1,1,1
6561136d550dbe976a8b,2025-01-05 16:30:00,Liverpool,Man United,1,1,1
068e1c5c99c263fc54c0,2025-01-06 20:00:00,QPR,Luton,1,1,1
111d389fd03ea75cab0a,2025-01-06 20:00:00,Wolves,Nott'm Forest,1,1,1
3018b5f74ce12816fc8d,2025-01-07 19:45:00,Wycombe,Huddersfield,0,0,0
2aa87ffd0aa3c9f617d1,2025-01-11 12:30:00,Walsall,Tranmere,1,1,1
fbb1b185026aab2e2ddc,2025-01-11 12:30:00,Rotherham,Bolton,0,0,0
fdf4789a62b3dd121857,2025-01-11 15:00:00,Swindon,Crewe,1,1,1
2dedcd3ff1312e273e0c,2025-01-14 19:30:00,Brentford,Man City,1,1,1
a23141fa8fac5452a334,2025-01-14 19:30:00,Chelsea,Bournemouth,1,1,1
e4efe03bf33bcba3f037,2025-01-14 19:30:00,West Ham,Fulham,1,1,1
14aa8d3b11863d770fc6,2025-01-14 19:45:00,Plymouth,Oxford,1,1,1
5760037b45afc80dbab4,2025-01-14 19:45:00,Cardiff,Watford,1,1,1
e91027b02efb28f972a9,2025-01-14 20:00:00,Nott'm Forest,Liverpool,1,1,1
16b33f1e6a144da45197,2025-01-15 19:30:00,Newcastle,Wolves,1,1,1
25d03ca464b428d3925d,2025-01-15 19:30:00,Leicester,Crystal Palace,1,1,1
e6180b5e52a2d2d49a55,2025-01-15 19:30:00,Everton,Aston Villa,2,2,2
30ca867a23454708c47b,2025-01-15 19:45:00,Blackburn,Portsmouth,0,0,0
b6643f8582b0d0722a7e,2025-01-15 20:00:00,Arsenal,Tottenham,1,1,1
51e6516c1197b0f56c23,2025-01-16 19:30:00,Ipswich,Brighton,1,1,1
a5914fc259b4b456fcdf,2025-01-16 20:00:00,Shrewsbury,Wrexham,1,1,1
fa9b5db7963a434594b6,2025-01-16 20:00:00,Man United,Southampton,1,1,1
c7e108d0f28eb02662b2,2025-01-17 19:45:00,Harrogate,Cheltenham,1,1,1
2fe79f6e34b5be3fdcb7,2025-01-17 20:00:00,Burnley,Sunderland,1,1,1
494ad7abcf0a58920479,2025-01-18 12:30:00,Plymouth,QPR,1,1,1
68f5fa82a9a576f9581a,2025-01-18 12:30:00,Gillingham,Doncaster,1,1,1
7ae7cfdb7c38023fef5d,2025-01-18 12:30:00,Cardiff,Swansea,1,1,1
b5d55071893ae779e1e5,2025-01-18 12:30:00,Millwall,Hull,1,1,1
b7255c4b8c3f58af55ec,2025-01-18 12:30:00,Newcastle,Bournemouth,1,1,1
bd76a10c67deb44b8c83,2025-01-18 12:30:00,Peterboro,Leyton Orient,1,1,1
db8f85446d93dad7179e,2025-01-18 12:30:00,Blackpool,Huddersfield,1,1,1
e04e22a6abd9b593ab20,2025-01-18 12:30:00,Carlisle,Bradford,1,1,1
81778c4d9a77a5651988,2025-01-18 14:00:00,Northampton,Lincoln,1,1,1
046723025d859d126ad4,2025-01-18 15:00:00,Oxford,Blackburn,1,1,1
07b16207b7c0732ee25f,2025-01-18 15:00:00,Rotherham,Charlton,1,1,1
0bc76ba8e3a017b09947,2025-01-18 15:00:00,Derby,Watford,1,1,1
23a011a408b9f188f322,2025-01-18 15:00:00,West Ham,Crystal Palace,1,1,1
277107683ebd9455a7b4,2025-01-18 15:00:00,Portsmouth,Middlesbrough,1,1,1
32b048bd54c619c4a2bc,2025-01-18 15:00:00,Crawley Town,Burton,1,1,1
3f694d6bad292ca182cc,2025-01-18 15:00:00,AFC Wimbledon,Tranmere,1,1,1
45fb63850a1b000b44ba,2025-01-18 15:00:00,Swindon,Barrow,1,1,1
46b97cdc3042886a872b,2025-01-18 15:00:00,Morecambe,Crewe,1,1,1
56275e96d046e4206a8b,2025-01-18 15:00:00,Brentford,Liverpool,1,1,1
64af208f480fdb3ba7c8,2025-01-18 15:00:00,Bristol Rvs,Barnsley,1,1,1
737047eebe4b1ce928ec,2025-01-18 15:00:00,Coventry,Bristol City,1,1,1
76b22cdef83768c00e62,2025-01-18 15:00:00,Stevenage,Wigan,1,1,1
8076964421e187269110,2025-01-18 15:00:00,Mansfield,Wycombe,1,1,1
8bc1bb528a64be92853a,2025-01-18 15:00:00,Port Vale,Newport County,1,1,1
8bc53c048f9fc5a80784,2025-01-18 15:00:00,Bolton,Cambridge,1,1,1
95b7c7e8b1961dabf81d,2025-01-18 15:00:00,Bromley,Colchester,1,1,1
9c8fe6d4175cc0a4487b,2025-01-18 15:00:00,Leicester,Fulham,1,1,1
9f3a88abd1cd2bfe81f9,2025-01-18 15:00:00,Sheffield United,Norwich,1,1,1
a5ec4f58f1955f9a291f,2025-01-18 15:00:00,Reading,Stockport,1,1,1
a633c699b6b1c4dc423e,2025-01-18 15:00:00,Grimsby,Chesterfield,1,1,1
a9e0c07d98756cee51ca,2025-01-18 15:00:00,Walsall,Milton Keynes Dons,1,1,1
aaecc72eb67e0be20c8e,2025-01-18 15:00:00,Salford,Fleetwood Town,1,1,1
d42647ba85adf540ed65,2025-01-18 15:00:00,Luton,Preston,1,1,1
e3ef797098a991e96d06,2025-01-18 15:00:00,Accrington,Notts County,1,1,1
f296944f3ab72de85d6b,2025-01-18 15:00:00,West Brom,Stoke,1,1,1
f79b5c39e7642ed767cc,2025-01-18 15:00:00,Birmingham,Exeter,1,1,1
35df6b23d999093cb670,2025-01-18 17:30:00,Arsenal,Aston Villa,1,1,1
cf919f43985f2c5bab84,2025-01-19 12:00:00,Leeds,Sheffield Weds,1,1,1
e3eef2b02ee98c293828,2025-01-19 14:00:00,Nott'm Forest,Southampton,1,1,1
e945b3a8575140585158,2025-01-19 14:00:00,Everton,Tottenham,1,1,1
eaf5d46e2749a4a8904b,2025-01-19 14:00:00,Man United,Brighton,1,1,1
359d3907bba3968d715d,2025-01-19 16:30:00,Ipswich,Man City,1,1,1
cbccf586a2c1aecd35ee,2025-01-20 20:00:00,Chelsea,Wolves,1,1,1
035d336c88c793529852,2025-01-21 19:45:00,Swansea,Sheffield United,1,1,1
039f74c97c94e01ba7fd,2025-01-21 19:45:00,Wigan,Burton,0,0,0
296599df382ab4807169,2025-01-21 19:45:00,Hull,QPR,1,1,1
2d23f84ad4a32a455807,2025-01-21 19:45:00,Harrogate,Colchester,1,1,1
2f6f9545e8df848ed675,2025-01-21 19:45:00,Peterboro,Exeter,1,1,1
39717fc6dd83712b1942,2025-01-21 19:45:00,Fleetwood Town,Milton Keynes Dons,0,0,0
52f0468e80a3518fa5d9,2025-01-21 19:45:00,Oxford,Luton,1,1,1
880b84a581ebae995d2e,2025-01-21 19:45:00,Middlesbrough,West Brom,1,1,1
9f65af6c0d454f3cf625,2025-01-21 19:45:00,Derby,Sunderland,1,1,1
a2094c0f3d2b18bf770a,2025-01-21 19:45:00,Blackburn,Coventry,1,1,1
a7a6f95b147a7f5ef9e5,2025-01-21 19:45:00,Watford,Preston,1,1,1
b570feb1158b62024bf1,2025-01-21 19:45:00,Bolton,Charlton,1,1,1
452636e93f318eb9670b,2025-01-21 20:00:00,Millwall,Cardiff,1,1,1
160c6b2d92a6d7f42b1c,2025-01-22 19:45:00,Portsmouth,Stoke,1,1,1
927193c1765821c33f52,2025-01-22 19:45:00,Sheffield Weds,Bristol City,1,1,1
f53df6e20e3ffc03e7d2,2025-01-22 19:45:00,Leeds,Norwich,1,1,1
769b66e85591d245e86b,2025-01-22 20:00:00,Plymouth,Burnley,1,1,1
8d56b66ddb30c1ed8d62,2025-01-23 20:00:00,Wrexham,Birmingham,1,1,1
cdf3f035a4aca6a3f6e0,2025-01-24 19:45:00,Newport County,Swindon,1,1,1
913d4c57d82b39407ab9,2025-01-24 20:00:00,Sheffield United,Hull,1,1,1
0118274b041ab440ac52,2025-01-25 12:30:00,Stoke,Oxford,1,1,1
40e4a5bb5219cb79c146,2025-01-25 12:30:00,Huddersfield,Bolton,1,1,1
61a5461de983bad38841,2025-01-25 12:30:00,Milton Keynes Dons,AFC Wimbledon,1,1,1
79144e20a7aedaf42d28,2025-01-25 12:30:00,Norwich,Swansea,1,1,1
df0dcf67a2e69f140069,2025-01-25 12:30:00,Bradford,Walsall,1,1,1
e0dcc51c203f249de250,2025-01-25 12:30:00,Luton,Millwall,1,1,1
e69929dacba8cc51997c,2025-01-25 12:30:00,Cambridge,Mansfield,1,1,1
02c861efadcef212e418,2025-01-25 15:00:00,Cardiff,Derby,1,1,1
042a80cfd94f3c3b1dda,2025-01-25 15:00:00,Lincoln,Peterboro,1,1,1
080e73c874e42e760c9f,2025-01-25 15:00:00,Fleetwood Town,Carlisle,1,1,1
09081a968bd3d9d0b177,2025-01-25 15:00:00,Doncaster,Harrogate,1,1,1
1df09abc92d3de82c540,2025-01-25 15:00:00,Brighton,Everton,1,1,1
2139cf9c55f4fe51f9db,2025-01-25 15:00:00,Bournemouth,Nott'm Forest,1,1,1
2e0fe0566af10cb5f045,2025-01-25 15:00:00,Stockport,Crawley Town,1,1,1
34f79bdfa882f863727a,2025-01-25 15:00:00,Southampton,Newcastle,1,1,1
4e977a2beaa5c39c65c8,2025-01-25 15:00:00,Wolves,Arsenal,1,1,1
4ea74915bed8bd504f79,2025-01-25 15:00:00,Charlton,Shrewsbury,1,1,1
5999ee4068dfea7ff95c,2025-01-25 15:00:00,Crewe,Accrington,1,1,1
6c848885ee343f8445b8,2025-01-25 15:00:00,Leyton Orient,Reading,1,1,1
74081e4aaf9723dd6c5f,2025-01-25 15:00:00,Sunderland,Plymouth,1,1,1
7c496feadbd2e21c3db1,2025-01-25 15:00:00,Preston,Middlesbrough,1,1,1
7d8e7f3127d8c2f58d73,2025-01-25 15:00:00,Cheltenham,Salford,1,1,1
851b32554a759bed2f35,2025-01-25 15:00:00,Notts County,Bromley,1,1,1
85d57fa17ba931b27249,2025-01-25 15:00:00,Wycombe,Northampton,1,1,1
887235e7ce78f163822e,2025-01-25 15:00:00,Liverpool,Ipswich,1,1,1
88960f17411743236ec8,2025-01-25 15:00:00,Barnsley,Stevenage,1,1,1
9431f7ed5eff7c51eb1a,2025-01-25 15:00:00,Barrow,Grimsby,1,1,1
9ad8b14c8730c91c18c5,2025-01-25 15:00:00,Tranmere,Gillingham,1,1,1
9d8a7caf6cd70485f399,2025-01-25 15:00:00,Bristol City,Blackburn,1,1,1
9efe629b08c0c9eb50c0,2025-01-25 15:00:00,Wigan,Bristol Rvs,1,1,1
c14d88a17845672c5bd9,2025-01-25 15:00:00,Chesterfield,Port Vale,1,1,1
cda91fbff788b3c63e77,2025-01-25 15:00:00,Burton,Rotherham,1,1,1
dab0ba389fdc18ddcdcf,2025-01-25 15:00:00,Coventry,Watford,1,1,1
e357897a3f3ac2a03507,2025-01-25 15:00:00,Exeter,Blackpool,1,1,1
ed007b2fbf077ebdb4ad,2025-01-25 15:00:00,QPR,Sheffield Weds,1,1,1
f824399329cd9895a2bc,2025-01-25 15:00:00,West Brom,Portsmouth,1,1,1
fcb7d771e01e2579b5b9,2025-01-25 15:00:00,Colchester,Morecambe,1,1,1
3ceed70c70639da0ea89,2025-01-25 17:30:00,Man City,Chelsea,1,1,1
1a3b96e7accd45dad0c5,2025-01-26 14:00:00,Tottenham,Leicester,1,1,1
5fc68ea982239627b78b,2025-01-26 14:00:00,Crystal Palace,Brentford,2,2,2
fe424dab0700ff51309a,2025-01-26 16:30:00,Aston Villa,West Ham,1,1,1
b72d3a83eb15a7408967,2025-01-26 19:00:00,Fulham,Man United,1,1,1
63e2db859f781aa53694,2025-01-27 20:00:00,Burnley,Leeds,1,1,1
0c4f05a610a08ab589d4,2025-01-28 19:45:00,Portsmouth,Millwall,0,0,0
12bdb1c55f1100815d05,2025-01-28 19:45:00,Exeter,Leyton Orient,1,1,1
18df911407231f6a0ef2,2025-01-28 19:45:00,Peterboro,Wigan,1,1,1
4c174b8fbd9c992a4bdf,2025-01-28 19:45:00,Salford,Newport County,1,1,1
4f6b31c1cfc853b064d5,2025-01-28 19:45:00,Fleetwood Town,Walsall,1,1,1
50291002d4541b1772cc,2025-01-28 19:45:00,Grimsby,Gillingham,1,1,1
5606995a61a4bc980300,2025-01-28 19:45:00,Swindon,Tranmere,1,1,1
5e5c01c79d46a61f7cb6,2025-01-28 19:45:00,Stockport,Shrewsbury,1,1,1
5ec76a7e0b244eb6c182,2025-01-28 19:45:00,Accrington,Cheltenham,1,1,1
63202512911cf91ac249,2025-01-28 19:45:00,Charlton,Bristol Rvs,1,1,1
694f7247d74a5f762809,2025-01-28 19:45:00,Wycombe,Barnsley,1,1,1
6b9858a70acf4116261e,2025-01-28 19:45:00,Bolton,Northampton,1,1,1
82e03725adc90d34a705,2025-01-28 19:45:00,Lincoln,Blackpool,1,1,1
9986428fd0be24f61b1f,2025-01-28 19:45:00,Bradford,Morecambe,1,1,1
9a09c31363a22c8c8e6b,2025-01-28 19:45:00,Rotherham,Cambridge,1,1,1
9cc76479caf334453036,2025-01-28 19:45:00,Chesterfield,Bromley,1,1,1
c981b77aa14da6e0aa67,2025-01-28 19:45:00,Burton,Reading,1,1,1
d8502511c82d994d9a3b,2025-01-28 19:45:00,Notts County,Carlisle,1,1,1
dea1336d67d1dfefdf39,2025-01-28 19:45:00,Milton Keynes Dons,Harrogate,1,1,1
e87fac93423e92725bfc,2025-01-28 19:45:00,Wrexham,Stevenage,1,1,1
ea0b855dcaf9e73c6ec4,2025-01-28 19:45:00,Mansfield,Crawley Town,1,1,1
ed9fdde1d2ca1e538554,2025-01-28 19:45:00,Crewe,AFC Wimbledon,0,0,0
6238a9707b0f321dd607,2025-01-28 20:00:00,Huddersfield,Birmingham,1,1,1
b61fa3099c75f7125253,2025-01-29 20:00:00,Barrow,Doncaster,1,1,1
ea365b41855083dce285,2025-01-31 20:00:00,Blackburn,Preston,1,1,1
17ed5acf640cc7469263,2025-02-01 12:30:00,Watford,Norwich,1,1,1
3c28504b8a84deaf31fb,2025-02-01 12:30:00,Cheltenham,Chesterfield,1,1,1
5d2b0d6249f6d81336ad,2025-02-01 12:30:00,Oxford,Bristol City,1,1,1
5fbb12d91f52f9a3a0c2,2025-02-01 12:30:00,Plymouth,West Brom,1,1,1
9ca20f04acaa13f304da,2025-02-01 12:30:00,Stevenage,Exeter,1,1,1
acb61e8a112acdf4e3cf,2025-02-01 12:30:00,Barnsley,Burton,1,1,1
b42f4ff79c597195e5d5,2025-02-01 12:30:00,Nott'm Forest,Brighton,1,1,1
c52db2efb60489a879f4,2025-02-01 12:30:00,Gillingham,Notts County,1,1,1
0173ae0ebab96f0f7c6c,2025-02-01 15:00:00,Newcastle,Fulham,1,1,1
032b40636f354c6cb268,2025-02-01 15:00:00,Newport County,Barrow,1,1,1
0e26d179270514b15ea3,2025-02-01 15:00:00,Port Vale,Accrington,1,1,1
0f94c1eaf2f79a4e3eaf,2025-02-01 15:00:00,Blackpool,Charlton,1,1,1
21adbdd60982f7badca8,2025-02-01 15:00:00,Cambridge,Wycombe,1,1,1
3378b06f4679eb93e4e2,2025-02-01 15:00:00,Northampton,Huddersfield,1,1,1
34aed6c822d4673cf83b,2025-02-01 15:00:00,Wigan,Lincoln,1,1,1
3a4bd4b474bae16c36ee,2025-02-01 15:00:00,Hull,Stoke,1,1,1
3c9c933cc4a49a31ded4,2025-02-01 15:00:00,Doncaster,Milton Keynes Dons,1,1,1
41fc05f031430bda8482,2025-02-01 15:00:00,Bromley,Grimsby,1,1,1
4d6006763ac37d0e8932,2025-02-01 15:00:00,Carlisle,Swindon,1,1,1
551f704a86dc7deeb6f8,2025-02-01 15:00:00,Bournemouth,Liverpool,2,2,2
673513f7ff8390f39f58,2025-02-01 15:00:00,Reading,Bolton,1,1,1
6a9a3e5965b65f1101f2,2025-02-01 15:00:00,Derby,Sheffield United,1,1,1
81ce0e1ff5b643d85f4a,2025-02-01 15:00:00,Portsmouth,Burnley,1,1,1
8357c18ddb64d72c108b,2025-02-01 15:00:00,Morecambe,Fleetwood Town,1,1,1
89969465a849df850e1f,2025-02-01 15:00:00,Ipswich,Southampton,1,1,1
8aebc45fe9e60bf7570e,2025-02-01 15:00:00,Crawley Town,Wrexham,1,1,1
8de714c3045296b353cb,2025-02-01 15:00:00,Leeds,Cardiff,1,1,1
94329cc31a1fa50dd7b5,2025-02-01 15:00:00,Swansea,Coventry,1,1,1
bb6f721ecd9bdcfc3035,2025-02-01 15:00:00,Harrogate,Crewe,1,1,1
c4e82cd59d1e2977eb3d,2025-02-01 15:00:00,AFC Wimbledon,Bradford,1,1,1
c6422f0842fdf23a2879,2025-02-01 15:00:00,Sheffield Weds,Luton,1,1,1
c85b72d798b685a4d82c,2025-02-01 15:00:00,Walsall,Salford,1,1,1
cb1e01cb4522e73ba3b2,2025-02-01 15:00:00,Everton,Leicester,1,1,1
e0095939ca8a44a589e8,2025-02-01 15:00:00,Leyton Orient,Stockport,1,1,1
e6904465a510967c352c,2025-02-01 15:00:00,Tranmere,Colchester,1,1,1
edae2ed9ac323d83b7f4,2025-02-01 15:00:00,Shrewsbury,Mansfield,1,1,1
edb7d2d9e5739e70c373,2025-02-01 15:00:00,Millwall,QPR,1,1,1
edf0207ac313d40bacfd,2025-02-01 15:00:00,Birmingham,Rotherham,1,1,1
fd0254a3021b0c9dab89,2025-02-01 17:30:00,Wolves,Aston Villa,1,1,1
a5d07c2e3cbc7797bbff,2025-02-02 14:00:00,Brentford,Tottenham,2,2,2
d7ee4e4c8fcd31e73d74,2025-02-02 14:00:00,Man United,Crystal Palace,1,1,1
2396e826592db1ae9436,2025-02-02 15:00:00,Bristol Rvs,Peterboro,1,1,1
ef0ea214ddd736e44a05,2025-02-02 16:30:00,Arsenal,Man City,1,1,1
5aab3f639ba3c0669a09,2025-02-03 20:00:00,Middlesbrough,Sunderland,1,1,1
67b6afc20ff4ed337ef4,2025-02-03 20:00:00,Chelsea,West Ham,2,2,2
4757615d06baec97411c,2025-02-04 19:45:00,Salford,Bromley,0,0,0
5f0b4861f323a5743367,2025-02-04 19:45:00,Newport County,Morecambe,1,1,1
7e7c1bd88b3ca58e2b34,2025-02-04 19:45:00,QPR,Blackburn,1,1,1
bbf3a62013c96e86462d,2025-02-04 19:45:00,Burnley,Oxford,1,1,1
d31c285c01175392664f,2025-02-05 19:45:00,Coventry,Leeds,1,1,1
6c4b807d1dde6f6a46b6,2025-02-06 19:45:00,Chesterfield,Doncaster,1,1,1
cf8e41360fb918a3a3e6,2025-02-07 19:45:00,Mansfield,Northampton,1,1,1
019297adcb72c6b25375,2025-02-08 12:30:00,Stockport,Barnsley,1,1,1
8998b078a523644ffdac,2025-02-08 12:30:00,Charlton,Stevenage,1,1,1
99c699df2e8a3aa17e2f,2025-02-08 12:30:00,Sunderland,Watford,1,1,1
9f94419477e38b6bfecc,2025-02-08 12:30:00,West Brom,Sheffield Weds,1,1,1
dd24d530ea3c9959c6c9,2025-02-08 12:30:00,Bradford,Harrogate,1,1,1
dd751cb7ed3eb0404328,2025-02-08 12:30:00,Swindon,Port Vale,1,1,1
1223857b4c670e36bbe9,2025-02-08 15:00:00,Lincoln,Cambridge,1,1,1
1abbdc3ec34c71c433fb,2025-02-08 15:00:00,Norwich,Derby,1,1,1
403e0dfe02319a487d4d,2025-02-08 15:00:00,Rotherham,Shrewsbury,1,1,1
43da13ed0f5a08aadafe,2025-02-08 15:00:00,Grimsby,Carlisle,1,1,1
45ce57170352ab174ba0,2025-02-08 15:00:00,Salford,Tranmere,1,1,1
4c2dc7e8a58c344691f9,2025-02-08 15:00:00,Burton,Blackpool,1,1,1
54863c5b86db688cc633,2025-02-08 15:00:00,Bolton,Crawley Town,1,1,1
59debf91cc6c96822619,2025-02-08 15:00:00,Huddersfield,Reading,1,1,1
82aa9ef68968b093948c,2025-02-08 15:00:00,Crewe,Newport County,1,1,1
87aa671e7f9063119baa,2025-02-08 15:00:00,Milton Keynes Dons,Bromley,1,1,1
b281a7df5d78678f4960,2025-02-08 15:00:00,Accrington,AFC Wimbledon,1,1,1
cb6559120d53e975c4b1,2025-02-08 15:00:00,Colchester,Walsall,1,1,1
e291d64d3fc2fddc657b,2025-02-08 15:00:00,Fleetwood Town,Cheltenham,1,1,1
ec2a4bb36ea678a3082c,2025-02-08 15:00:00,Barrow,Gillingham,1,1,1
ef8e79c44d2b5c5ae5df,2025-02-08 15:00:00,Notts County,Morecambe,1,1,1
ffa9cfd1671d053b7a5b,2025-02-08 15:00:00,Sheffield United,Portsmouth,1,1,1
d9839abe57e3a7aac041,2025-02-09 12:00:00,Bristol City,Swansea,1,1,1
0e0a52fd10480e38d563,2025-02-11 19:45:00,Birmingham,Cambridge,0,0,0
145543268280f996daa6,2025-02-11 19:45:00,Leyton Orient,Mansfield,0,0,0
1646865737d2d6c35e5a,2025-02-11 19:45:00,Tranmere,Fleetwood Town,0,0,0
1bbaa6f11c2595862338,2025-02-11 19:45:00,Bradford,Accrington,0,0,0
392d18010e0903762813,2025-02-11 19:45:00,Derby,Oxford,1,1,1
3a2fc8d4d0ec9b7384f3,2025-02-11 19:45:00,Portsmouth,Cardiff,1,1,1
3c5e400106dc43d13019,2025-02-11 19:45:00,Coventry,QPR,1,1,1
3c7cadc85e4becc17c23,2025-02-11 19:45:00,Barrow,Milton Keynes Dons,0,0,0
43afc2458f9447245ccb,2025-02-11 19:45:00,Walsall,Gillingham,0,0,0
60b02e68047773008b24,2025-02-11 19:45:00,Bristol Rvs,Stockport,1,1,1
63a8fe62728556166a31,2025-02-11 19:45:00,Watford,Leeds,1,1,1
700ca25878ac4cf51c31,2025-02-11 19:45:00,AFC Wimbledon,Crewe,1,1,1
7191ebd5d10a71c0d5bd,2025-02-11 19:45:00,Newport County,Carlisle,0,0,0
88a5e2b6f74b437683b8,2025-02-11 19:45:00,Blackpool,Rotherham,0,0,0
96495a6a4784c9dc9c7e,2025-02-11 19:45:00,Charlton,Peterboro,0,0,0
f9f3ea5f6d79aee6ca14,2025-02-11 19:45:00,Crawley Town,Stevenage,0,0,0
6c57115e61d79ef3cbf4,2025-02-11 20:00:00,Reading,Shrewsbury,0,0,0
8aaa1619a7147082326c,2025-02-11 20:00:00,Norwich,Preston,1,1,1
a33184783ff1626c01ec,2025-02-12 19:30:00,Everton,Liverpool,0,0,0
063060c5a252095218b5,2025-02-12 19:45:00,Swansea,Sheffield Weds,1,1,1
643af3d3befc65191859,2025-02-12 19:45:00,Sunderland,Luton,1,1,1
b03c6f51fb6475b80992,2025-02-12 19:45:00,Plymouth,Millwall,1,1,1
c28843f5c6642fa48b0b,2025-02-12 19:45:00,Burnley,Hull,1,1,1
ea2bd049abe175c5d859,2025-02-12 19:45:00,Bristol City,Stoke,1,1,1
0c19a35d3b8422d6bb34,2025-02-12 20:00:00,West Brom,Blackburn,1,1,1
0f7de03c9b8a437264bd,2025-02-12 20:00:00,Sheffield United,Middlesbrough,1,1,1
3002c97802b478186e1c,2025-02-13 20:00:00,Port Vale,Notts County,1,1,1
5a3f932ee1393b86dd68,2025-02-14 20:00:00,Brighton,Chelsea,1,1,1
9fb4265317229ad655b3,2025-02-14 20:00:00,QPR,Derby,1,1,1
02df4a1da018d3dd5764,2025-02-15 12:30:00,Northampton,Wrexham,1,1,1
070d2c0aaf29b17044e4,2025-02-15 12:30:00,Leicester,Arsenal,1,1,1
2102a81bab4ae5b446ad,2025-02-15 12:30:00,Cardiff,Bristol City,1,1,1
23fd8c930c4bca93a5cf,2025-02-15 12:30:00,AFC Wimbledon,Salford,1,1,1
484ecfb06312fb9720ba,2025-02-15 12:30:00,Oxford,Portsmouth,1,1,1
53c1bd0257e72311d07b,2025-02-15 12:30:00,Doncaster,Grimsby,1,1,1
7216d9358760264e3159,2025-02-15 12:30:00,Cambridge,Exeter,1,1,1
a8adf621ccdca3c606ed,2025-02-15 12:30:00,Preston,Burnley,1,1,1
11b32f126b5ebe1e82ff,2025-02-15 15:00:00,Stevenage,Peterboro,1,1,1
13a8a336cfdfb5fa3747,2025-02-15 15:00:00,Reading,Rotherham,1,1,1
1eb7f7c1c9a2cb26e346,2025-02-15 15:00:00,Hull,Norwich,1,1,1
2425b5228eacdcbf9519,2025-02-15 15:00:00,Blackburn,Plymouth,1,1,1
2d4efb3b5524335681b3,2025-02-15 15:00:00,Aston Villa,Ipswich,1,1,1
2dcc79aa5f482de56f91,2025-02-15 15:00:00,Luton,Sheffield United,1,1,1
30956d4ce64e57ae620f,2025-02-15 15:00:00,Middlesbrough,Watford,1,1,1
3ecbf0dd9e9b1ff1bb4f,2025-02-15 15:00:00,Leyton Orient,Lincoln,1,1,1
3f048c103733ad70d7d0,2025-02-15 15:00:00,Southampton,Bournemouth,1,1,1
43185c5dcc02dda3766e,2025-02-15 15:00:00,Bristol Rvs,Burton,1,1,1
497a1d847c0e39e28390,2025-02-15 15:00:00,Carlisle,Colchester,1,1,1
4b99b4d6e2a5efbef4f3,2025-02-15 15:00:00,Barnsley,Huddersfield,1,1,1
4e71fe9abeca013bd568,2025-02-15 15:00:00,Stoke,Swansea,1,1,1
5376a218e9609a3f8583,2025-02-15 15:00:00,Cheltenham,Barrow,1,1,1
62b4bf36b6c21fef34af,2025-02-15 15:00:00,Gillingham,Crewe,1,1,1
66e04e8ee48af26951b0,2025-02-15 15:00:00,Man City,Newcastle,2,2,2
772ae885c9f2dbbacc1a,2025-02-15 15:00:00,Wigan,Stockport,1,1,1
77a30eaef6169ee1c71f,2025-02-15 15:00:00,Tranmere,Milton Keynes Dons,1,1,1
8cacbbe5fa80bd47090c,2025-02-15 15:00:00,Fulham,Nott'm Forest,1,1,1
adf9e7c9188c675bcde6,2025-02-15 15:00:00,Blackpool,Mansfield,1,1,1
b4ff94e6b1ef9b1889d8,2025-02-15 15:00:00,Millwall,West Brom,1,1,1
b501ddf73d0be3c83de8,2025-02-15 15:00:00,Sheffield Weds,Coventry,1,1,1
b704bc44b941697900c2,2025-02-15 15:00:00,Walsall,Chesterfield,1,1,1
c9e5efa0b4afc0f54fff,2025-02-15 15:00:00,Harrogate,Swindon,1,1,1
d9a5c8c881f77c6a211f,2025-02-15 15:00:00,Bromley,Fleetwood Town,1,1,1
e1a853808067756d7f16,2025-02-15 15:00:00,Crawley Town,Wycombe,1,1,1
e5f5042b1743a4d15e78,2025-02-15 15:00:00,Morecambe,Accrington,1,1,1
e6d7ecd0ec4d76af4cfb,2025-02-15 15:00:00,Shrewsbury,Bolton,1,1,1
eadc6ebedb0003a2e6bd,2025-02-15 15:00:00,West Ham,Brentford,1,1,1
eb76aeb579c12435172a,2025-02-15 15:00:00,Birmingham,Charlton,1,1,1
fd15111696c7ad6f085b,2025-02-15 15:00:00,Newport County,Bradford,1,1,1
7e579ff73afb55d32e6d,2025-02-15 17:30:00,Crystal Palace,Everton,1,1,1
83de72bf9d5827a65026,2025-02-16 14:00:00,Liverpool,Wolves,1,1,1
6d6fea6d42b9a22da8de,2025-02-16 16:30:00,Tottenham,Man United,2,2,2
a2b17a2095cba6b3f696,2025-02-17 20:00:00,Leeds,Sunderland,1,1,1
3cfdf5f27ea04b313c89,2025-02-18 19:45:00,Mansfield,Lincoln,1,1,1
9cca4287bd1142cea4fd,2025-02-18 19:45:00,Wycombe,Bristol Rvs,1,1,1
a9466d691db3bdd69c71,2025-02-18 19:45:00,Shrewsbury,Huddersfield,1,1,1
ac303e1f903fa42fb93e,2025-02-18 19:45:00,Fleetwood Town,AFC Wimbledon,1,1,1
bf4c78e7e646d45c5288,2025-02-18 19:45:00,Preston,Millwall,1,1,1
d6a935b67f1f0af3fbc1,2025-02-18 19:45:00,Notts County,Colchester,0,0,0
d75530628cd9de002697,2025-02-18 19:45:00,Crawley Town,Wigan,1,1,1
dfd731bedfe6a3d721e2,2025-02-18 19:45:00,Stevenage,Burton,1,1,1
e945ace28cde43218ffa,2025-02-18 19:45:00,Wrexham,Leyton Orient,1,1,1
fbe56c022c966f3266ff,2025-02-18 19:45:00,Morecambe,Doncaster,1,1,1
3026add59ba3403f1096,2025-02-19 19:30:00,Aston Villa,Liverpool,1,1,1
290d042f166a7cbe36e2,2025-02-19 19:45:00,Luton,Plymouth,1,1,1
33995f78f7151d0366e4,2025-02-21 19:45:00,Bristol City,Middlesbrough,1,1,1
148d31e6f12014c73dbe,2025-02-21 20:00:00,Burnley,Sheffield Weds,1,1,1
1a09c42491503cb5f517,2025-02-21 20:00:00,Leicester,Brentford,1,1,1
29606360d5988cabea36,2025-02-22 12:30:00,Rotherham,Barnsley,1,1,1
37a97059ac48ff864e5e,2025-02-22 12:30:00,Morecambe,Walsall,1,1,1
3f3bd8a17189fa621271,2025-02-22 12:30:00,Derby,Millwall,1,1,1
a1a7e4550ced7debc71b,2025-02-22 12:30:00,Sunderland,Hull,1,1,1
bcd27ae264ec6c892d98,2025-02-22 12:30:00,Plymouth,Cardiff,1,1,1
c5a29d914accdb8958ae,2025-02-22 12:30:00,Crewe,Barrow,1,1,1
e4519d67a33fa652df6b,2025-02-22 12:30:00,Everton,Man United,1,1,1
e65e230177384d40413e,2025-02-22 12:30:00,Reading,Birmingham,1,1,1
01747cdbed646cb2e300,2025-02-22 15:00:00,Bromley,Harrogate,1,1,1
08fa1eacb5170e9b560c,2025-02-22 15:00:00,Notts County,Tranmere,1,1,1
41cdc066b42154daf4a8,2025-02-22 15:00:00,Bolton,Leyton Orient,1,1,1
43d9e53e89f182fc1b77,2025-02-22 15:00:00,Lincoln,Burton,1,1,1
530bb2d8989617acc90d,2025-02-22 15:00:00,Newport County,Cheltenham,1,1,1
561794179774e0683d13,2025-02-22 15:00:00,Arsenal,West Ham,1,1,1
574a38d0a8dc85618b1f,2025-02-22 15:00:00,Ipswich,Tottenham,1,1,1
592af74601ac5a5498f0,2025-02-22 15:00:00,Port Vale,Salford,1,1,1
609de6d6ce2dacc3ddee,2025-02-22 15:00:00,Portsmouth,QPR,1,1,1
661f338f0e08bb1dc95d,2025-02-22 15:00:00,Carlisle,Gillingham,1,1,1
6bd26a867454292096de,2025-02-22 15:00:00,Swansea,Blackburn,1,1,1
6de151a174354ee7bb3d,2025-02-22 15:00:00,Huddersfield,Peterboro,1,1,1
6f787941b6464d8e47a1,2025-02-22 15:00:00,Fulham,Crystal Palace,1,1,1
89989df9408aa4b56125,2025-02-22 15:00:00,Blackpool,Crawley Town,1,1,1
8e1425953f1137a9638e,2025-02-22 15:00:00,Northampton,Bristol Rvs,1,1,1
90e014c03b51a94f0ae5,2025-02-22 15:00:00,Charlton,Exeter,1,1,1
92c3079b3457a5084d4b,2025-02-22 15:00:00,Bournemouth,Wolves,1,1,1
95d6a669f0680fc54b0d,2025-02-22 15:00:00,Coventry,Preston,1,1,1
961e67a6b57c3cc38e73,2025-02-22 15:00:00,West Brom,Oxford,1,1,1
a1c6031b1bdd03f7777a,2025-02-22 15:00:00,Bradford,Milton Keynes Dons,1,1,1
af4b16de282cc21c1850,2025-02-22 15:00:00,Accrington,Doncaster,1,1,1
b4ae95189f170ca54732,2025-02-22 15:00:00,Cambridge,Stockport,1,1,1
c8e684e1c2211a9cdda1,2025-02-22 15:00:00,Southampton,Brighton,1,1,1
ca599b68e85e57d6be76,2025-02-22 15:00:00,Shrewsbury,Stevenage,1,1,1
cc05ad625631bb71a009,2025-02-22 15:00:00,Norwich,Stoke,1,1,1
d784b822d6656f0d2925,2025-02-22 15:00:00,Grimsby,Fleetwood Town,1,1,1
e9489b34001fdcc25dcc,2025-02-22 15:00:00,Wycombe,Wigan,1,1,1
eba72fef36597954c4ab,2025-02-22 15:00:00,Swindon,Chesterfield,1,1,1
faa87b0a72f2be66d947,2025-02-22 15:00:00,Colchester,AFC Wimbledon,1,1,1
2386d3e90af3dee4edd3,2025-02-22 17:30:00,Aston Villa,Chelsea,1,1,1
5fa195201f681ab55ce2,2025-02-23 12:00:00,Watford,Luton,1,1,1
ca328275c6cef0cf57f1,2025-02-23 14:00:00,Newcastle,Nott'm Forest,1,1,1
b0fd76674a7407716b21,2025-02-23 15:00:00,Mansfield,Wrexham,1,1,1
8b518adf4dc7a04bf039,2025-02-23 16:30:00,Man City,Liverpool,1,1,1
a10a6452236b3ce44b95,2025-02-24 20:00:00,Sheffield United,Leeds,1,1,1
84006c86b62a2f4898f9,2025-02-25 19:30:00,Brighton,Bournemouth,1,1,1
d1a9d6fa09bd817209a5,2025-02-25 19:30:00,Wolves,Fulham,1,1,1
ddf6904eaf65042cfa4a,2025-02-25 19:30:00,Crystal Palace,Aston Villa,1,1,1
022ce9f886b831303bf0,2025-02-25 19:45:00,Birmingham,Leyton Orient,1,1,1
4ae3b1ee2dbb74e6bb85,2025-02-25 19:45:00,Cardiff,Hull,1,1,1
4b5d4f9599ed7ec6ce65,2025-02-25 19:45:00,Northampton,Barnsley,1,1,1
4d6279e7463097b6099a,2025-02-25 19:45:00,Stoke,Middlesbrough,1,1,1
89e7fee27f0003e2a696,2025-02-25 19:45:00,Tranmere,Accrington,0,0,0
bcae196d2c251e70b803,2025-02-25 19:45:00,Wigan,Huddersfield,1,1,1
bf70e672a0a3f9b25d83,2025-02-25 19:45:00,Gillingham,Fleetwood Town,1,1,1
dadb493b6fc238d1c35a,2025-02-25 19:45:00,Bromley,Bradford,1,1,1
e7414d343d72f1449940,2025-02-25 19:45:00,Cheltenham,Walsall,1,1,1
1b5c9d4bf6565b882eab,2025-02-25 20:15:00,Chelsea,Southampton,1,1,1
2fa2d13c669e73ad76d0,2025-02-26 19:30:00,Brentford,Everton,1,1,1
5c859cb836ce40ecb60b,2025-02-26 19:30:00,Tottenham,Man City,1,1,1
afec4785497c78c49af7,2025-02-26 19:30:00,Man United,Ipswich,1,1,1
d6ffa33eaaa34c1c72ca,2025-02-26 19:30:00,Nott'm Forest,Arsenal,2,2,2
8b51da20242a58cd2436,2025-02-26 20:15:00,Liverpool,Newcastle,2,2,2
3515da5813aaf8f50cc1,2025-02-27 20:00:00,West Ham,Leicester,1,1,1
6216419611c9e7590226,2025-02-27 20:00:00,Barrow,Carlisle,1,1,1
a435ee27029aead24881,2025-02-28 20:00:00,Sheffield Weds,Sunderland,1,1,1
0739c28fcf5d1ecf2929,2025-03-01 12:30:00,Wrexham,Bolton,1,1,1
1524e56cd8a3808e1be9,2025-03-01 12:30:00,Birmingham,Wycombe,1,1,1
37047522ed4f65b86769,2025-03-01 12:30:00,Salford,Bradford,1,1,1
484888f07a4acee942f2,2025-03-01 12:30:00,Blackburn,Norwich,1,1,1
893a508a23401e185bed,2025-03-01 12:30:00,Leeds,West Brom,1,1,1
99f3046d567fbc0b8c5e,2025-03-01 12:30:00,Tranmere,Port Vale,1,1,1
cf895debc6368ee2967a,2025-03-01 12:30:00,Oxford,Coventry,1,1,1
008def012a6006338ab6,2025-03-01 15:00:00,Gillingham,Morecambe,1,1,1
0a16d4147892b63816ff,2025-03-01 15:00:00,Leyton Orient,Charlton,1,1,1
16874ad6ec09f27796b6,2025-03-01 15:00:00,Bristol Rvs,Rotherham,1,1,1
29bf4ffb80df340c8924,2025-03-01 15:00:00,Walsall,Swindon,1,1,1
40ff5e0b330841eb5fe6,2025-03-01 15:00:00,Exeter,Northampton,1,1,1
5ac48f74dcc6ee52f958,2025-03-01 15:00:00,Luton,Portsmouth,1,1,1
62be482c21c1a6bca025,2025-03-01 15:00:00,Harrogate,Accrington,1,1,1
68305c7f7b52909998ac,2025-03-01 15:00:00,Milton Keynes Dons,Colchester,1,1,1
7b58001f1947cd925797,2025-03-01 15:00:00,Chesterfield,Crewe,1,1,1
838d1fea932333578396,2025-03-01 15:00:00,Fleetwood Town,Notts County,1,1,1
89106af34d23b26aff60,2025-03-01 15:00:00,AFC Wimbledon,Bromley,1,1,1
973f6b9c542d454969e3,2025-03-01 15:00:00,Stockport,Blackpool,1,1,1
99cb87fe742de9962804,2025-03-01 15:00:00,Wigan,Reading,1,1,1
9e76e889c1bca6fa233d,2025-03-01 15:00:00,Burton,Mansfield,1,1,1
a91aa64e23a189cac9af,2025-03-01 15:00:00,Barnsley,Lincoln,1,1,1
abb17456761ca39796f8,2025-03-01 15:00:00,Crawley Town,Cambridge,1,1,1
b8e949b4c0d2eff11c5b,2025-03-01 15:00:00,Doncaster,Newport County,1,1,1
cabed5313afdde929a53,2025-03-01 15:00:00,Stoke,Watford,1,1,1
cfe321d10829b7300b0f,2025-03-01 15:00:00,Cheltenham,Grimsby,1,1,1
d56212df82f36fd115b6,2025-03-01 15:00:00,Middlesbrough,Derby,1,1,1
d6af6ad3e95bf1ee968a,2025-03-01 15:00:00,Peterboro,Shrewsbury,1,1,1
d994b693a046a80aaddf,2025-03-01 15:00:00,QPR,Sheffield United,1,1,1
ef15f42481cc45e0ffa5,2025-03-01 15:00:00,Stevenage,Huddersfield,1,1,1
0d3616af284e53ec0706,2025-03-04 19:45:00,Newport County,Gillingham,1,1,1
194d3cd4368da0e979b9,2025-03-04 19:45:00,Morecambe,AFC Wimbledon,1,1,1
21578318bd64683e7d2e,2025-03-04 19:45:00,Rotherham,Leyton Orient,1,1,1
229ab306c0cc4c1831d1,2025-03-04 19:45:00,Mansfield,Wigan,1,1,1
428774293882b032ee67,2025-03-04 19:45:00,Carlisle,Walsall,1,1,1
44600dc0f65413c8cf34,2025-03-04 19:45:00,Swindon,Salford,1,1,1
55d28bf5d901b0d5f5bb,2025-03-04 19:45:00,Charlton,Barnsley,1,1,1
58ce40afaf8925e9daf8,2025-03-04 19:45:00,Shrewsbury,Bristol Rvs,1,1,1
6f6fa51d04d79ded2169,2025-03-04 19:45:00,Notts County,Barrow,1,1,1
79984568310648c1c7e3,2025-03-04 19:45:00,Huddersfield,Wrexham,1,1,1
81914abe33407a39e810,2025-03-04 19:45:00,Millwall,Bristol City,1,1,1
866cd38ead78616a1e2e,2025-03-04 19:45:00,Bradford,Cheltenham,1,1,1
9b6e37382a88045604e5,2025-03-04 19:45:00,Blackpool,Peterboro,1,1,1
a53b5e1f790f612fc419,2025-03-04 19:45:00,Cambridge,Stevenage,1,1,1
a6f78ea16296ec69b64a,2025-03-04 19:45:00,Port Vale,Harrogate,1,1,1
bd0e7895e0caa6d53cea,2025-03-04 19:45:00,Hull,Plymouth,1,1,1
c9c243b4a61a1b89d8e0,2025-03-04 19:45:00,Crewe,Fleetwood Town,1,1,1
ca477b1d32889fc9ed5d,2025-03-04 19:45:00,Northampton,Stockport,1,1,1
d6b1bdd5d6c3b73c78c4,2025-03-04 19:45:00,Lincoln,Crawley Town,1,1,1
dc61bf37ceb6d240106d,2025-03-04 19:45:00,Cardiff,Burnley,1,1,1
eb798648cf62d8c4f085,2025-03-04 19:45:00,Accrington,Milton Keynes Dons,1,1,1
ee4aad33dfae01da5520,2025-03-04 19:45:00,Bromley,Doncaster,1,1,1
f21338a6d523eb8d90f6,2025-03-04 19:45:00,Grimsby,Tranmere,1,1,1
f3678fc53f29642ef27f,2025-03-04 19:45:00,Colchester,Chesterfield,1,1,1
fa55c96bf37b92077012,2025-03-04 19:45:00,Preston,Swansea,1,1,1
fb69288415e1a59d678d,2025-03-04 19:45:00,Bolton,Birmingham,1,1,1
4fbb97d0203f8e6dc142,2025-03-04 20:00:00,Reading,Exeter,1,1,1
cb1d978c2f141af97746,2025-03-04 20:00:00,Wycombe,Burton,1,1,1
2bcf049ea118c35ce9e8,2025-03-07 20:00:00,Norwich,Oxford,1,1,1
09dec48acfec8dec29e9,2025-03-08 12:30:00,Crawley Town,Reading,1,1,1
1b45f8195539df87d61a,2025-03-08 12:30:00,Watford,Millwall,1,1,1
5a382947e1cb07755396,2025-03-08 12:30:00,Coventry,Stoke,1,1,1
61211cc1e6a3eb0d649d,2025-03-08 12:30:00,Stockport,Charlton,1,1,1
63ace5bbb0accf50b471,2025-03-08 12:30:00,AFC Wimbledon,Notts County,1,1,1
c95088b3c5d3cd80ee50,2025-03-08 12:30:00,Nott'm Forest,Man City,1,1,1
cff3f57a19019c049395,2025-03-08 12:30:00,Walsall,Grimsby,1,1,1
03bfa2bbd0653ba1d492,2025-03-08 15:00:00,Liverpool,Southampton,1,1,1
069b6b6a283a7787cc6c,2025-03-08 15:00:00,Milton Keynes Dons,Morecambe,1,1,1
13a556d90ed803d134af,2025-03-08 15:00:00,Cheltenham,Colchester,1,1,1
152fd084003a64053197,2025-03-08 15:00:00,Barnsley,Blackpool,1,1,1
19cc17ffe18fb8ada7c8,2025-03-08 15:00:00,Bristol City,Hull,1,1,1
2c8ee0a5fb5d36373ba6,2025-03-08 15:00:00,Sheffield United,Preston,1,1,1
3136ed15969690ebe830,2025-03-08 15:00:00,Peterboro,Wycombe,1,1,1
34c785797802513b4d47,2025-03-08 15:00:00,Gillingham,Bradford,1,1,1
470285620211dd770640,2025-03-08 15:00:00,Harrogate,Carlisle,1,1,1
47614fdfc75d1249aa9b,2025-03-08 15:00:00,Barrow,Accrington,1,1,1
4c34b6e08f18a2af08a9,2025-03-08 15:00:00,Swansea,Middlesbrough,1,1,1
5444d97aa5ddd9d6f964,2025-03-08 15:00:00,Burnley,Luton,1,1,1
62e9878c1790471b8164,2025-03-08 15:00:00,Birmingham,Lincoln,1,1,1
6a8c8e06176641e58512,2025-03-08 15:00:00,Doncaster,Swindon,1,1,1
6cc35768f0cc0e2295f6,2025-03-08 15:00:00,Exeter,Shrewsbury,1,1,1
702d1f0efe36db86a8be,2025-03-08 15:00:00,Leyton Orient,Northampton,1,1,1
767db5eb075363cb5fd4,2025-03-08 15:00:00,Wrexham,Rotherham,1,1,1
7690cd278858877979ad,2025-03-08 15:00:00,Sunderland,Cardiff,1,1,1
776d3877a1e4e69e1d92,2025-03-08 15:00:00,Tranmere,Bromley,1,1,1
84bf93947cb02f70c923,2025-03-08 15:00:00,Fleetwood Town,Port Vale,1,1,1
8ff834e8457101b37fc3,2025-03-08 15:00:00,Bristol Rvs,Huddersfield,1,1,1
96254f872bc5594e2870,2025-03-08 15:00:00,Plymouth,Sheffield Weds,1,1,1
9fb8186704946d7852f0,2025-03-08 15:00:00,Chesterfield,Newport County,1,1,1
a3051c065b10c49d66c6,2025-03-08 15:00:00,West Brom,QPR,1,1,1
a5acbaba9794da539fed,2025-03-08 15:00:00,Burton,Bolton,1,1,1
aaa81b964ca04b3571e9,2025-03-08 15:00:00,Wigan,Cambridge,1,1,1
b7df368d586248981caa,2025-03-08 15:00:00,Salford,Crewe,1,1,1
c5f916accdeacfa717e1,2025-03-08 15:00:00,Derby,Blackburn,1,1,1
dcd4ed29344a95c93242,2025-03-08 15:00:00,Brighton,Fulham,1,1,1
e647800fcd1c0933022b,2025-03-08 15:00:00,Crystal Palace,Ipswich,1,1,1
f3567d321557a42afb75,2025-03-08 15:00:00,Stevenage,Mansfield,1,1,1
480fa3eeee0d2287c9ba,2025-03-08 17:30:00,Brentford,Aston Villa,1,1,1
ca439ee18634240b7916,2025-03-08 20:00:00,Wolves,Everton,2,2,2
03ee8227a5fcdfd2e95d,2025-03-09 12:00:00,Portsmouth,Leeds,1,1,1
223817564bf73a7cd7dc,2025-03-09 14:00:00,Tottenham,Bournemouth,2,2,2
27ead8b4594745e97a97,2025-03-09 14:00:00,Chelsea,Leicester,1,1,1
62c4847e6e816ac0fa41,2025-03-09 16:30:00,Man United,Arsenal,1,1,1
e211502b0180a9af3049,2025-03-10 20:00:00,West Ham,Newcastle,1,1,1
18fb4f61e1c929c15b73,2025-03-11 19:45:00,Norwich,Sheffield Weds,1,1,1
27f536ce7c2ec3aed8c0,2025-03-11 19:45:00,Salford,Chesterfield,1,1,1
2f514bc8082b6331445b,2025-03-11 19:45:00,Middlesbrough,QPR,1,1,1
394a6d874740ae0cf492,2025-03-11 19:45:00,AFC Wimbledon,Cheltenham,1,1,1
4b47b00e6eba03d925c5,2025-03-11 19:45:00,Grimsby,Notts County,1,1,1
5a1c17eb3c0787f7c94c,2025-03-11 19:45:00,Burnley,West Brom,1,1,1
72120303959adeb8c568,2025-03-11 19:45:00,Exeter,Mansfield,0,0,0
7ea901704ea3f460f9fb,2025-03-11 19:45:00,Cardiff,Luton,1,1,1
80b1c694e869db5a98cd,2025-03-11 19:45:00,Bristol Rvs,Bolton,0,0,0
88d88ec1f0a0e6227a76,2025-03-11 19:45:00,Accrington,Newport County,1,1,1
8bf0317f2351daa2bb14,2025-03-11 19:45:00,Birmingham,Stevenage,0,0,0
adfb03aea438cf47db12,2025-03-11 19:45:00,Blackpool,Cambridge,1,1,1
c17354b94bf6dbcb0d64,2025-03-11 19:45:00,Colchester,Port Vale,1,1,1
c35c2ee93fd0fead7cd5,2025-03-11 19:45:00,Sunderland,Preston,1,1,1
c790c0eef7fb9f93e405,2025-03-11 19:45:00,Derby,Coventry,1,1,1
e1b3111e772ea076ce0f,2025-03-11 19:45:00,Crawley Town,Charlton,1,1,1
554e5b3f0347b1b5984d,2025-03-11 20:00:00,Sheffield United,Bristol City,1,1,1
70f3f5d17d87f8966410,2025-03-11 20:00:00,Reading,Wrexham,1,1,1
197d2fcc063d05f0273e,2025-03-12 19:45:00,Watford,Swansea,1,1,1
8d2c3ff4d194d3f7cefb,2025-03-12 19:45:00,Portsmouth,Plymouth,1,1,1
d318e9b77ca8bb7642d0,2025-03-12 19:45:00,Leeds,Millwall,1,1,1
f7fd4a7d430dc3eac7ef,2025-03-12 19:45:00,Hull,Oxford,1,1,1
25110481665dc416b1d6,2025-03-12 20:00:00,Stoke,Blackburn,1,1,1
d8172965cd022fd3a602,2025-03-13 20:00:00,Bromley,Walsall,1,1,1
b179dcafe9067c832845,2025-03-14 20:00:00,Bristol City,Norwich,1,1,1
1241386fdf8a95bfa113,2025-03-15 12:30:00,Swindon,Cheltenham,1,1,1
1b4ef0dd82099f4eca1a,2025-03-15 12:30:00,Cambridge,Peterboro,1,1,1
4a703044dac987392a09,2025-03-15 12:30:00,Crewe,Doncaster,1,1,1
82e635da08da432b8295,2025-03-15 12:30:00,Bolton,Stockport,1,1,1
9a68fca2c582c8bf9746,2025-03-15 12:30:00,QPR,Leeds,1,1,1
f34077690f6894458739,2025-03-15 12:30:00,Millwall,Stoke,1,1,1
00d163b6d198870018bb,2025-03-15 15:00:00,Preston,Portsmouth,1,1,1
0359997453a34acaa032,2025-03-15 15:00:00,West Brom,Hull,1,1,1
0502528db83d85e6611f,2025-03-15 15:00:00,Lincoln,Bristol Rvs,1,1,1
073859eb03084c166a60,2025-03-15 15:00:00,Man City,Brighton,1,1,1
0bdd0090d9de1ededc0b,2025-03-15 15:00:00,Blackpool,Leyton Orient,1,1,1
0c33dea5a78345e901ef,2025-03-15 15:00:00,Bradford,Tranmere,1,1,1
0cee4ba9dfef5ac85a6f,2025-03-15 15:00:00,Notts County,Chesterfield,1,1,1
10c5d35d0c345b9879df,2025-03-15 15:00:00,Luton,Middlesbrough,1,1,1
2e758ec67155d460aa8a,2025-03-15 15:00:00,Port Vale,Milton Keynes Dons,1,1,1
31157bafcd3af0555c6e,2025-03-15 15:00:00,Blackburn,Cardiff,1,1,1
3f310fc8108bf3122f05,2025-03-15 15:00:00,Shrewsbury,Burton,1,1,1
401f2a2c2e647c1ca5bd,2025-03-15 15:00:00,Charlton,Wigan,1,1,1
40c4ad4198a3cd4007e4,2025-03-15 15:00:00,Ipswich,Nott'm Forest,1,1,1
426b79fd389da12788de,2025-03-15 15:00:00,Grimsby,Salford,1,1,1
5086001506274cdf7d64,2025-03-15 15:00:00,Newport County,Harrogate,1,1,1
527ae3773ba43e19bdbb,2025-03-15 15:00:00,Accrington,Gillingham,1,1,1
5969c969e8fbbef3d497,2025-03-15 15:00:00,Mansfield,Barnsley,1,1,1
716a1d8d516fcb947d31,2025-03-15 15:00:00,Carlisle,AFC Wimbledon,1,1,1
7e5bf4ad457427dea33e,2025-03-15 15:00:00,Rotherham,Exeter,1,1,1
9a7a343c74729c0c2019,2025-03-15 15:00:00,Colchester,Fleetwood Town,1,1,1
a18925c3c7c6357d5918,2025-03-15 15:00:00,Coventry,Sunderland,1,1,1
a1abc4ea709d575530d8,2025-03-15 15:00:00,Everton,West Ham,1,1,1
b48c288b7151b3a6bb58,2025-03-15 15:00:00,Wycombe,Wrexham,1,1,1
cbf0c03741f084081514,2025-03-15 15:00:00,Northampton,Birmingham,1,1,1
d9519b35b1340ed07043,2025-03-15 15:00:00,Reading,Stevenage,1,1,1
dcf547b8b65d19082ad6,2025-03-15 15:00:00,Oxford,Watford,1,1,1
e442c83fdf17d9fe41a8,2025-03-15 15:00:00,Swansea,Burnley,1,1,1
ed6c2fb516d47086e259,2025-03-15 15:00:00,Southampton,Wolves,1,1,1
f71bd930f7dca9d497e9,2025-03-15 15:00:00,Huddersfield,Crawley Town,1,1,1
fde2768fa14b8f797e79,2025-03-15 15:00:00,Plymouth,Derby,1,1,1
feede7f4e56c8837ab4e,2025-03-15 15:00:00,Morecambe,Barrow,1,1,1
b4496784f5aa5242a680,2025-03-15 17:30:00,Bournemouth,Brentford,1,1,1
7952d440a2ef63720638,2025-03-16 12:30:00,Sheffield Weds,Sheffield United,1,1,1
604766937ff77421e7e1,2025-03-16 13:30:00,Fulham,Tottenham,1,1,1
881faf75b89107193e42,2025-03-16 13:30:00,Arsenal,Chelsea,1,1,1
f37c30b427420b7445c9,2025-03-16 19:00:00,Leicester,Man United,1,1,1
07f4033d5408a7163365,2025-03-18 19:45:00,Rotherham,Wycombe,1,1,1
5a99c3f2b0f2632f4435,2025-03-22 12:30:00,Notts County,Crewe,1,1,1
22246ce451ecb2f1ed88,2025-03-22 15:00:00,Fleetwood Town,Tranmere,1,1,1
2486251866de79030d41,2025-03-22 15:00:00,Lincoln,Exeter,1,1,1
26d650d7fafe7c330dbf,2025-03-22 15:00:00,Gillingham,Walsall,1,1,1
4bf82924b8f953f618b2,2025-03-22 15:00:00,Port Vale,Morecambe,1,1,1
607f7edacde7ddb77dcb,2025-03-22 15:00:00,Carlisle,Bromley,1,1,1
6de540c1a72013d65a8e,2025-03-22 15:00:00,Bradford,Colchester,1,1,1
881c1d2069bd53efbab9,2025-03-22 15:00:00,AFC Wimbledon,Barrow,1,1,1
8f50b0452762cf6a9f9a,2025-03-22 15:00:00,Barnsley,Cambridge,1,1,1
a9d79a73301cda30b413,2025-03-22 15:00:00,Cheltenham,Milton Keynes Dons,1,1,1
b6b1bc8b2d3df9e7d3c1,2025-03-22 15:00:00,Chesterfield,Harrogate,1,1,1
c004ea8ff8fc2ecaa1a4,2025-03-22 15:00:00,Peterboro,Charlton,1,1,1
c47abee18f4f2242676a,2025-03-22 15:00:00,Northampton,Blackpool,1,1,1
cac64fda63457e38c427,2025-03-22 15:00:00,Swindon,Accrington,1,1,1
d7ca4b1a2c98307c6846,2025-03-22 15:00:00,Wrexham,Stockport,1,1,1
f557de524eac1dbbea11,2025-03-22 15:00:00,Grimsby,Newport County,1,1,1
fcb273e3910429767c3f,2025-03-22 15:00:00,Crawley Town,Bristol Rvs,1,1,1
99bff0e8a1bf4bf5eb69,2025-03-25 19:30:00,Port Vale,Barrow,1,1,1
bf3c501eade7148f663d,2025-03-25 19:45:00,Carlisle,Milton Keynes Dons,1,1,1
a8544cc577b69e865f81,2025-03-27 20:00:00,Leyton Orient,Stevenage,1,1,1
8bbc3061af331a31895e,2025-03-28 19:45:00,Tranmere,Cheltenham,1,1,1
c16ddfa2394140a4e2d5,2025-03-28 19:45:00,Colchester,Grimsby,1,1,1
049563c9de2af3ed54f8,2025-03-28 20:00:00,Sheffield United,Coventry,1,1,1
2c9a8ea5859977a9802e,2025-03-29 12:30:00,Accrington,Bradford,1,1,1
46ee8f16c70251f9c2df,2025-03-29 12:30:00,Crewe,Port Vale,1,1,1
67a84f6b1ea74f182cac,2025-03-29 12:30:00,Stockport,Burton,1,1,1
cc60212de90ee22ee23d,2025-03-29 12:30:00,Charlton,Huddersfield,1,1,1
e38ee9757509f685d585,2025-03-29 12:30:00,Watford,Plymouth,1,1,1
e48bfff7bbe516bee685,2025-03-29 12:30:00,Hull,Luton,1,1,1
0313eb141e9275c33c6d,2025-03-29 15:00:00,Burnley,Bristol City,1,1,1
0ba521a1d82ae737fc82,2025-03-29 15:00:00,Newport County,Notts County,1,1,1
2c9b6bac49a84109e0fe,2025-03-29 15:00:00,Sunderland,Millwall,1,1,1
35f85210147ec1e4c0fc,2025-03-29 15:00:00,Bromley,Salford,1,1,1
50e8cb3118e2c5950cd0,2025-03-29 15:00:00,Middlesbrough,Oxford,1,1,1
5394172e9dde09f7a6b7,2025-03-29 15:00:00,Cambridge,Northampton,1,1,1
58e7a586241f7d4adfbe,2025-03-29 15:00:00,Birmingham,Shrewsbury,1,1,1
5e4fc558083219ebc264,2025-03-29 15:00:00,Leeds,Swansea,1,1,1
6373dc234617427e0c09,2025-03-29 15:00:00,Morecambe,Swindon,1,1,1
71db6218f088fb811a2b,2025-03-29 15:00:00,Wycombe,Lincoln,1,1,1
7a884dea540ae78ae09e,2025-03-29 15:00:00,Harrogate,Gillingham,1,1,1
86075e4f9bb8160f7739,2025-03-29 15:00:00,Reading,Peterboro,1,1,1
8a8aae5ba672915926ee,2025-03-29 15:00:00,Exeter,Wrexham,1,1,1
94d9cc130c2091a0d77e,2025-03-29 15:00:00,Portsmouth,Blackburn,1,1,1
952180f397b1c55fddb8,2025-03-29 15:00:00,Rotherham,Crawley Town,1,1,1
9d4de7315a9a1523c491,2025-03-29 15:00:00,Barrow,Chesterfield,1,1,1
a2b4ab60dcc8fec89a06,2025-03-29 15:00:00,Wigan,Barnsley,1,1,1
a2ccdf03c11e784920e9,2025-03-29 15:00:00,Blackpool,Bolton,1,1,1
c1a59ca9bf39f26736ae,2025-03-29 15:00:00,Bristol Rvs,Mansfield,1,1,1
c1dde65b4ef022d35881,2025-03-29 15:00:00,Doncaster,Carlisle,1,1,1
c786a74c51cbd2e203c7,2025-03-29 15:00:00,Stoke,QPR,1,1,1
d943da442a5979ef5d30,2025-03-29 15:00:00,Milton Keynes Dons,Fleetwood Town,1,1,1
db3b714f4c8e4e9b3ec0,2025-03-29 15:00:00,Walsall,AFC Wimbledon,1,1,1
f297b2957a9aa2eba04a,2025-03-29 15:00:00,Cardiff,Sheffield Weds,1,1,1
f51f4e50f3e540b8f50c,2025-03-29 15:00:00,Norwich,West Brom,1,1,1
0def91a7745afe0becbf,2025-04-01 19:45:00,Crawley Town,Peterboro,1,1,1
106493a5340f8883d2f7,2025-04-01 19:45:00,Barnsley,Exeter,1,1,1
1920033721447c2075e7,2025-04-01 19:45:00,Crewe,Grimsby,1,1,1
1d81c527913cfdf31dc5,2025-04-01 19:45:00,Mansfield,Charlton,1,1,1
2bb7cd317d7af746805b,2025-04-01 19:45:00,Blackpool,Reading,1,1,1
314b31c81699e2f0bdb7,2025-04-01 19:45:00,Port Vale,Bradford,1,1,1
327f98f68afcca6f4b6d,2025-04-01 19:45:00,Chesterfield,Carlisle,1,1,1
3c19eff38ed2e7997a83,2025-04-01 19:45:00,Morecambe,Cheltenham,1,1,1
46cad436b5f2dc98aae0,2025-04-01 19:45:00,Gillingham,Colchester,1,1,1
5611c781495761225f71,2025-04-01 19:45:00,Swindon,AFC Wimbledon,1,1,1
5c8bd1d5e18fb34cf382,2025-04-01 19:45:00,Northampton,Rotherham,1,1,1
6b52242a6b7e2f0ea8d5,2025-04-01 19:45:00,Accrington,Fleetwood Town,1,1,1
6fb3856f792296695667,2025-04-01 19:45:00,Wycombe,Shrewsbury,1,1,1
75eb0e864823fe17af3f,2025-04-01 19:45:00,Barrow,Salford,1,1,1
7fd28a94c1dd3ead595d,2025-04-01 19:45:00,Doncaster,Walsall,1,1,1
86170b9e5bbbed61533f,2025-04-01 19:45:00,Wolves,West Ham,1,1,1
92729145b0f7c6ad3431,2025-04-01 19:45:00,Arsenal,Fulham,2,2,2
a59d1372403ad60dbe97,2025-04-01 19:45:00,Harrogate,Tranmere,1,1,1
a9358d2f76fae4bdc6cd,2025-04-01 19:45:00,Newport County,Bromley,1,1,1
b396882192d312585e37,2025-04-01 19:45:00,Wigan,Bolton,1,1,1
b652c7d0f4595739890d,2025-04-01 19:45:00,Burton,Leyton Orient,1,1,1
bdbe5e20d07556e098c8,2025-04-01 19:45:00,Lincoln,Huddersfield,1,1,1
f00a3f91bd18ffd16f89,2025-04-01 19:45:00,Stockport,Stevenage,1,1,1
f17473152c82354d9b29,2025-04-01 19:45:00,Cambridge,Wrexham,1,1,1
01696df48e9d913bc4a8,2025-04-01 20:00:00,Bristol Rvs,Birmingham,1,1,1
2caae4c427b6f02121ac,2025-04-01 20:00:00,Nott'm Forest,Man United,2,2,2
026f91c5e07a6be6f29f,2025-04-02 19:45:00,Bournemouth,Ipswich,1,1,1
038185aefd6c4caa163d,2025-04-02 19:45:00,Notts County,Milton Keynes Dons,1,1,1
56fe2c49fe2e3da5da55,2025-04-02 19:45:00,Southampton,Crystal Palace,1,1,1
81af9d3835f009c3eab4,2025-04-02 19:45:00,Man City,Leicester,1,1,1
967103c54c08f29090a5,2025-04-02 19:45:00,Newcastle,Brentford,1,1,1
bcdc48b608f1fce5f188,2025-04-02 19:45:00,Brighton,Aston Villa,1,1,1
bee791a4dbe129adfc2a,2025-04-02 19:45:00,Derby,Preston,1,1,1
5ff191f6d8e63d4e9d8b,2025-04-02 20:00:00,Liverpool,Everton,1,1,1
b3c4c68c5340b4318002,2025-04-03 20:00:00,Chelsea,Tottenham,1,1,1
5bd83201d8e446392961,2025-04-04 20:00:00,Blackburn,Middlesbrough,1,1,1
2357b0dd14d5e5a47222,2025-04-05 12:30:00,Walsall,Port Vale,1,1,1
379945eb0374bb31a46b,2025-04-05 12:30:00,West Brom,Sunderland,1,1,1
b6f5b770c2aa92054466,2025-04-05 12:30:00,Wrexham,Burton,1,1,1
b956b91922c93b119627,2025-04-05 12:30:00,Luton,Leeds,1,1,1
bbb82ec0f9d408c168f3,2025-04-05 12:30:00,Coventry,Burnley,1,1,1
de31fd3dc7edcf387f85,2025-04-05 12:30:00,Everton,Arsenal,1,1,1
e9cdf9ce7edc3fae5ea0,2025-04-05 12:30:00,Cheltenham,Doncaster,1,1,1
f5c8345f58d5414903a0,2025-04-05 12:30:00,Reading,Wycombe,1,1,1
c9722f350a1d0ffd3b58,2025-04-05 12:45:00,Tranmere,Chesterfield,1,1,1
011e1cba55872d27edaf,2025-04-05 15:00:00,Huddersfield,Mansfield,1,1,1
1718be9b9077b1f18863,2025-04-05 15:00:00,Ipswich,Wolves,1,1,1
192d8442a9d0db3208f5,2025-04-05 15:00:00,Bradford,Crewe,1,1,1
1d2d8f659e724cb3ee00,2025-04-05 15:00:00,Peterboro,Northampton,1,1,1
1ee682b54be3b1877e7e,2025-04-05 15:00:00,Oxford,Sheffield United,1,1,1
25b2aa4140e8e2e43274,2025-04-05 15:00:00,Preston,Stoke,1,1,1
284edf2aa4a56ddbcd0c,2025-04-05 15:00:00,Carlisle,Newport County,1,1,1
2fe395c7be373b53424b,2025-04-05 15:00:00,Crystal Palace,Brighton,1,1,1
304863440340438bdb70,2025-04-05 15:00:00,Sheffield Weds,Hull,1,1,1
3056c45c4b234df93e34,2025-04-05 15:00:00,Exeter,Stockport,1,1,1
32040e2ca9824fad5022,2025-04-05 15:00:00,Salford,Gillingham,1,1,1
3e72c8cd8b82e4fb31d0,2025-04-05 15:00:00,Colchester,Notts County,1,1,1
4998f77acdb09c14e851,2025-04-05 15:00:00,West Ham,Bournemouth,2,2,2
499f344ef970ac8a7126,2025-04-05 15:00:00,AFC Wimbledon,Harrogate,1,1,1
559dd71f71c6c1a18dd0,2025-04-05 15:00:00,Fleetwood Town,Swindon,1,1,1
59bfdb733af86664827d,2025-04-05 15:00:00,Milton Keynes Dons,Barrow,1,1,1
67ff2779cd3bd048c60b,2025-04-05 15:00:00,Rotherham,Blackpool,1,1,1
72a5866d2a633fc47fdf,2025-04-05 15:00:00,Birmingham,Barnsley,1,1,1
76b8c110bc9a35207ea3,2025-04-05 15:00:00,Stevenage,Crawley Town,1,1,1
773eb1e6c6b3fb3d7bd1,2025-04-05 15:00:00,Bristol City,Watford,1,1,1
8ee1e7aac91ed7919c7a,2025-04-05 15:00:00,Grimsby,Morecambe,1,1,1
998adfcb23692a076eca,2025-04-05 15:00:00,Swansea,Derby,1,1,1
a759d89b3a2e3d74185e,2025-04-05 15:00:00,Shrewsbury,Cambridge,1,1,1
aea652df71724893febc,2025-04-05 15:00:00,Plymouth,Norwich,1,1,1
c9ee7d3b3f7456a3f3a3,2025-04-05 15:00:00,Millwall,Portsmouth,1,1,1
dab11024e81acbf432db,2025-04-05 15:00:00,Leyton Orient,Wigan,1,1,1
de6c09c6d63140b80506,2025-04-05 15:00:00,QPR,Cardiff,1,1,1
e0d449702d8daa946a6e,2025-04-05 15:00:00,Bolton,Bristol Rvs,1,1,1
eb4bf14a7375b7522946,2025-04-05 15:00:00,Bromley,Accrington,1,1,1
ef6ee184a82cd64a1f70,2025-04-05 15:00:00,Charlton,Lincoln,1,1,1
9d2963e23b7d481243a2,2025-04-05 17:30:00,Aston Villa,Nott'm Forest,1,1,1
507f7dae270d4506d5da,2025-04-06 14:00:00,Tottenham,Southampton,1,1,1
8919b5bd199538e813a5,2025-04-06 14:00:00,Brentford,Chelsea,1,1,1
89819b06d83786b7c9e1,2025-04-06 14:00:00,Fulham,Liverpool,1,1,1
7381f1147482a5ff175c,2025-04-06 16:30:00,Man United,Man City,1,1,1
d5787410a3dece01658c,2025-04-07 20:00:00,Leicester,Newcastle,1,1,1
232cde9f65b9ccaee8b7,2025-04-08 19:45:00,Watford,Hull,1,1,1
3773560f0634831e287a,2025-04-08 19:45:00,Sheffield United,Millwall,1,1,1
40ba8c7435c60803bb16,2025-04-08 19:45:00,Blackburn,Sheffield Weds,1,1,1
540049f0707aa71494e6,2025-04-08 19:45:00,Stoke,Luton,1,1,1
55db965e3a8aed3a513d,2025-04-08 19:45:00,Chesterfield,Gillingham,1,1,1
6ca1138953959214a3c7,2025-04-08 19:45:00,Bristol City,West Brom,1,1,1
82d6a36a18d3883d513a,2025-04-08 19:45:00,Mansfield,Leyton Orient,1,1,1
8490974118d63a82b864,2025-04-08 19:45:00,Exeter,Wigan,1,1,1
97402aa78bbecaf736a4,2025-04-08 19:45:00,Shrewsbury,Reading,1,1,1
98b4eb905a83ac07b8d2,2025-04-08 19:45:00,Peterboro,Birmingham,1,1,1
b3f0a71b73c5adf75763,2025-04-08 19:45:00,Norwich,Sunderland,1,1,1
f010c163c3e46e5a4a9f,2025-04-08 19:45:00,Derby,Burnley,1,1,1
f1cbc30623c1cbad0b87,2025-04-08 19:45:00,Bolton,Rotherham,1,1,1
f277f12ce45fd0570103,2025-04-08 19:45:00,Huddersfield,Wycombe,1,1,1
f7acc025d189bd58e62a,2025-04-08 19:45:00,Preston,Cardiff,1,1,1
a4a366bc701b0a05c8a3,2025-04-08 20:00:00,Middlesbrough,Leeds,1,1,1
89609748f4116da3b8b0,2025-04-09 19:45:00,Oxford,QPR,1,1,1
9395e5ea8326d36a6a4c,2025-04-09 19:45:00,Swansea,Plymouth,1,1,1
27bc58b753a07e576ee2,2025-04-09 20:00:00,Coventry,Portsmouth,1,1,1
1da8f5e92f7543085fb1,2025-04-10 20:00:00,Crewe,Cheltenham,1,1,1
cb221f6f091a17a30caa,2025-04-11 19:45:00,Notts County,Salford,1,1,1
f24c4bac31b0d69d3931,2025-04-11 20:00:00,Burnley,Norwich,1,1,1
6cab1a0b06187ae70275,2025-04-12 12:30:00,Wycombe,Stevenage,1,1,1
742c7048af3be0d7549f,2025-04-12 12:30:00,Doncaster,AFC Wimbledon,1,1,1
abfb0bcddfa26aa3b41e,2025-04-12 12:30:00,Wigan,Wrexham,1,1,1
be5cdf03243f1958cd6d,2025-04-12 12:30:00,Man City,Crystal Palace,1,1,1
d4fe77c15575eb6bb4b4,2025-04-12 12:30:00,Plymouth,Sheffield United,1,1,1
daa0aaacedd9f20e1bcb,2025-04-12 12:30:00,Swindon,Bradford,1,1,1
f267df2401f74f688949,2025-04-12 12:30:00,Leeds,Preston,1,1,1
0d0b9b4fb134c39fa5b3,2025-04-12 15:00:00,Crawley Town,Leyton Orient,1,1,1
0e039e95dd8058f6f167,2025-04-12 15:00:00,Bristol Rvs,Exeter,1,1,1
14b593ed3101574d6d27,2025-04-12 15:00:00,Newport County,Colchester,1,1,1
1ae6896909003b5207f4,2025-04-12 15:00:00,Millwall,Middlesbrough,1,1,1
24d77aebc876050d222f,2025-04-12 15:00:00,West Brom,Watford,1,1,1
305f789a9ef1c7e0067f,2025-04-12 15:00:00,Gillingham,Milton Keynes Dons,1,1,1
3418eb39196e054de52b,2025-04-12 15:00:00,Sunderland,Swansea,1,1,1
3484dbc8b09e8137ffa9,2025-04-12 15:00:00,Port Vale,Bromley,1,1,1
402e2caea0942a6a1a8e,2025-04-12 15:00:00,Northampton,Reading,1,1,1
465057f4f86d339853bd,2025-04-12 15:00:00,Cambridge,Charlton,1,1,1
4720bb8212ecc92fd7e6,2025-04-12 15:00:00,Barnsley,Bolton,1,1,1
5403ef2d82bcc6ff450a,2025-04-12 15:00:00,Portsmouth,Derby,1,1,1
5590eb2f830921ede883,2025-04-12 15:00:00,Stockport,Rotherham,1,1,1
55b6f92d01141e5c5119,2025-04-12 15:00:00,Morecambe,Carlisle,1,1,1
59efd0b77af0afe830f7,2025-04-12 15:00:00,Nott'm Forest,Everton,1,1,1
6008bf0358770c25a765,2025-04-12 15:00:00,Chesterfield,Fleetwood Town,1,1,1
6498e3397d3b30542aa5,2025-04-12 15:00:00,QPR,Bristol City,1,1,1
66a30fc99accad4bc164,2025-04-12 15:00:00,Accrington,Tranmere,1,1,1
7b7e208a99864176b583,2025-04-12 15:00:00,Sheffield Weds,Oxford,1,1,1
80f093ba97c31af9ef16,2025-04-12 15:00:00,Southampton,Aston Villa,1,1,1
ad4543f6ec793ba7900b,2025-04-12 15:00:00,Cardiff,Stoke,1,1,1
aeae2c1d93423385e6a0,2025-04-12 15:00:00,Harrogate,Grimsby,1,1,1
b11d35467df7784f41de,2025-04-12 15:00:00,Luton,Blackburn,1,1,1
c2ad088cde1d157406f8,2025-04-12 15:00:00,Barrow,Walsall,1,1,1
d5b64414081ca1e5b281,2025-04-12 15:00:00,Lincoln,Shrewsbury,1,1,1
d87bc982577e155415ae,2025-04-12 15:00:00,Burton,Huddersfield,1,1,1
ff4650b5e9bcbc03149d,2025-04-12 15:00:00,Brighton,Leicester,1,1,1
6948e912bcbdbfb75a85,2025-04-12 17:30:00,Arsenal,Brentford,1,1,1
63481ae316e3ffe40fbe,2025-04-13 14:00:00,Wolves,Tottenham,1,1,1
64bb475d86a43114dae6,2025-04-13 14:00:00,Chelsea,Ipswich,1,1,1
cef960d42fbd121ef41b,2025-04-13 14:00:00,Liverpool,West Ham,1,1,1
50fda4403652fc35aa43,2025-04-13 16:30:00,Newcastle,Man United,1,1,1
4c085a7f791dfe6c3e2f,2025-04-14 20:00:00,Hull,Coventry,1,1,1
aca2bf54d7f9a5bf12f4,2025-04-14 20:00:00,Bournemouth,Fulham,1,1,1
7226c6937d05c6b25997,2025-04-15 19:45:00,Salford,Doncaster,1,1,1
651d91097fbc72782ad7,2025-04-16 19:30:00,Newcastle,Crystal Palace,1,1,1
bc3a2ed98f78399b7e60,2025-04-17 20:00:00,Bradford,Notts County,1,1,1
3c160fb33a59882ea1a0,2025-04-18 12:30:00,Derby,Luton,1,1,1
62e5dd689f17139a5e99,2025-04-18 13:00:00,Exeter,Burton,1,1,1
02debafb874927f0c5ff,2025-04-18 15:00:00,Bolton,Wycombe,1,1,1
0a79838fac5171dadb62,2025-04-18 15:00:00,Charlton,Northampton,1,1,1
148cc13529582f6040f9,2025-04-18 15:00:00,Bristol City,Sunderland,1,1,1
1959941a2d5f6ed58e21,2025-04-18 15:00:00,Middlesbrough,Plymouth,1,1,1
32347bd2e97cd4557dbb,2025-04-18 15:00:00,Salford,Accrington,1,1,1
36889fdc5b10e2f6ecfb,2025-04-18 15:00:00,Swansea,Hull,1,1,1
407b75deedb783b7d924,2025-04-18 15:00:00,Watford,Burnley,1,1,1
569286208ac8f1edd350,2025-04-18 15:00:00,Stoke,Sheffield Weds,1,1,1
5f5575b49653f4aee537,2025-04-18 15:00:00,Rotherham,Mansfield,1,1,1
5f665c0995fc60d31202,2025-04-18 15:00:00,Blackburn,Millwall,1,1,1
6668c649c8beef5811e8,2025-04-18 15:00:00,Bromley,Morecambe,1,1,1
73ed274871c6bb10d880,2025-04-18 15:00:00,Peterboro,Stockport,1,1,1
747572661015630a5133,2025-04-18 15:00:00,Norwich,Portsmouth,1,1,1
7d8024ae215b13bfccad,2025-04-18 15:00:00,Fleetwood Town,Barrow,1,1,1
7dc057a0a3b16f2e601a,2025-04-18 15:00:00,Reading,Lincoln,1,1,1
900e59e18372da327674,2025-04-18 15:00:00,Preston,QPR,1,1,1
971a117d65c17e3e21eb,2025-04-18 15:00:00,Leyton Orient,Barnsley,1,1,1
9fda056ba10c3e65116b,2025-04-18 15:00:00,Tranmere,Doncaster,1,1,1
9ff35d8b4b60541a2dad,2025-04-18 15:00:00,Colchester,Crewe,1,1,1
ac56bcc80334371201b1,2025-04-18 15:00:00,Coventry,West Brom,1,1,1
b0d94cbb13ee342b70cd,2025-04-18 15:00:00,Stevenage,Blackpool,1,1,1
ccd7f79edefb022bf4c9,2025-04-18 15:00:00,Carlisle,Port Vale,1,1,1
ce5c9ddc5b2363d8fd30,2025-04-18 15:00:00,Cheltenham,Gillingham,1,1,1
d1353d20d6e9f0bb8778,2025-04-18 15:00:00,Huddersfield,Cambridge,1,1,1
dd24e962006ce1a611ed,2025-04-18 15:00:00,Birmingham,Crawley Town,1,1,1
e3df2dc07b108cb73f39,2025-04-18 15:00:00,Wrexham,Bristol Rvs,1,1,1
e7992c8c53c7cbe2e284,2025-04-18 15:00:00,Grimsby,Swindon,1,1,1
e8456e69f5266ab43022,2025-04-18 15:00:00,Shrewsbury,Wigan,1,1,1
e8d64757faadaa8e402b,2025-04-18 15:00:00,Milton Keynes Dons,Newport County,1,1,1
e8f3d4621a5f9e6e6262,2025-04-18 15:00:00,Walsall,Harrogate,1,1,1
f2f17dac60cbc8a681e5,2025-04-18 15:00:00,AFC Wimbledon,Chesterfield,1,1,1
490ef89e61432c4d9c95,2025-04-18 17:30:00,Sheffield United,Cardiff,1,1,1
64e3aa377b946633c8c0,2025-04-18 20:00:00,Oxford,Leeds,1,1,1
559e60c979cb766f8693,2025-04-19 15:00:00,Everton,Man City,1,1,1
894007505a9225632889,2025-04-19 15:00:00,Brentford,Brighton,1,1,1
8c59e79771acf8677554,2025-04-19 15:00:00,West Ham,Southampton,1,1,1
b49c813c92b37df57553,2025-04-19 15:00:00,Crystal Palace,Bournemouth,1,1,1
0a55fc2c1f042c54f238,2025-04-19 17:30:00,Aston Villa,Newcastle,2,2,2
2c40fd7fe999fc400388,2025-04-20 14:00:00,Fulham,Chelsea,1,1,1
7282568099179f95feff,2025-04-20 14:00:00,Ipswich,Arsenal,1,1,1
89ec5897a5a3f11e44df,2025-04-20 14:00:00,Man United,Wolves,2,2,2
a8f34b9571e6de6b3bb6,2025-04-20 16:30:00,Leicester,Liverpool,1,1,1
a5b6b49b79ac12dddf97,2025-04-21 12:30:00,Newport County,Walsall,1,1,1
04c480e53bfa5085965d,2025-04-21 15:00:00,Sheffield Weds,Middlesbrough,1,1,1
124313167c0de36356f2,2025-04-21 15:00:00,West Brom,Derby,1,1,1
14ad813473af98823624,2025-04-21 15:00:00,Cardiff,Oxford,1,1,1
1c481aecac32e3ac3b82,2025-04-21 15:00:00,Harrogate,Fleetwood Town,1,1,1
29079063dd538c642653,2025-04-21 15:00:00,Barrow,Tranmere,1,1,1
2bbe18b41696108d3cb2,2025-04-21 15:00:00,Stockport,Huddersfield,1,1,1
31f1a4a1c907176118cb,2025-04-21 15:00:00,Mansfield,Reading,1,1,1
374322914bb0c712853b,2025-04-21 15:00:00,Morecambe,Salford,1,1,1
3ee1c6ffaeda525dbba7,2025-04-21 15:00:00,Wycombe,Charlton,1,1,1
4236eba660d19f892ea7,2025-04-21 15:00:00,Barnsley,Peterboro,1,1,1
4de3a87af120c4264601,2025-04-21 15:00:00,Chesterfield,Bradford,1,1,1
67635ba3aed92b52ae65,2025-04-21 15:00:00,Crawley Town,Exeter,1,1,1
690712fb549e46f93482,2025-04-21 15:00:00,Plymouth,Coventry,1,1,1
6d9135ccd0ce4fafab2e,2025-04-21 15:00:00,Gillingham,AFC Wimbledon,1,1,1
82de8cb2db16e762b4e0,2025-04-21 15:00:00,Luton,Bristol City,1,1,1
87e71fd0deb0f4acf42c,2025-04-21 15:00:00,Lincoln,Bolton,1,1,1
96c6ab331004de19839b,2025-04-21 15:00:00,QPR,Swansea,1,1,1
9a0b82cd68ef57d52b1e,2025-04-21 15:00:00,Crewe,Milton Keynes Dons,1,1,1
a0c0a758b9808b04c4a4,2025-04-21 15:00:00,Portsmouth,Watford,1,1,1
a6b9ced1d4a0a3dcbfe0,2025-04-21 15:00:00,Port Vale,Grimsby,1,1,1
a936338cb0e932fc8ff5,2025-04-21 15:00:00,Accrington,Carlisle,1,1,1
b55c5bf8f7e1e060be40,2025-04-21 15:00:00,Blackpool,Wrexham,1,1,1
bb747299224a3802a3c9,2025-04-21 15:00:00,Millwall,Norwich,1,1,1
bbbd925393cdd75e42e0,2025-04-21 15:00:00,Doncaster,Colchester,1,1,1
c33b59c966dddeb901d9,2025-04-21 15:00:00,Cambridge,Leyton Orient,1,1,1
dac88bc15f59d4533f29,2025-04-21 15:00:00,Bristol Rvs,Stevenage,1,1,1
dbbf60e5cc12b0cc0d62,2025-04-21 15:00:00,Burton,Birmingham,1,1,1
de373fb43b2a07bab85e,2025-04-21 15:00:00,Leeds,Stoke,1,1,1
e0041b4b31e0fbdf6cf0,2025-04-21 15:00:00,Swindon,Bromley,1,1,1
e8e3fabf9d7d6977689d,2025-04-21 15:00:00,Wigan,Rotherham,1,1,1
f148b8ea5be025ef71a3,2025-04-21 15:00:00,Hull,Preston,1,1,1
f2c7260b87626b47e155,2025-04-21 15:00:00,Northampton,Shrewsbury,1,1,1
f5febe0461be657b92ce,2025-04-21 15:00:00,Notts County,Cheltenham,1,1,1
f7658f4acdffe7fc6573,2025-04-21 15:00:00,Sunderland,Blackburn,1,1,1
58d6e05222d391808931,2025-04-21 17:30:00,Burnley,Sheffield United,1,1,1
e90b1467a3dddc22b0df,2025-04-21 20:00:00,Tottenham,Nott'm Forest,1,1,1
12495ca07170cda98874,2025-04-22 20:00:00,Man City,Aston Villa,1,1,1
c1585e6c0d29496f826e,2025-04-23 20:00:00,Arsenal,Crystal Palace,2,2,2
220e6ee5a1d3051f24cb,2025-04-24 19:45:00,Stevenage,Birmingham,1,1,1
2caf00df154df99dd37b,2025-04-25 20:00:00,Stoke,Sheffield United,1,1,1
113514131f3bf39c159a,2025-04-26 12:30:00,QPR,Burnley,1,1,1
27e9d485ffe5b70d65de,2025-04-26 12:30:00,Luton,Coventry,1,1,1
3cb1b6f6a1485531799d,2025-04-26 12:30:00,Leyton Orient,Wycombe,1,1,1
3f12347fc5697687e530,2025-04-26 12:30:00,Doncaster,Bradford,1,1,1
b192c6d0afedf1da52b1,2025-04-26 12:30:00,Bristol Rvs,Reading,1,1,1
c0b8c4ea4f17e85862bc,2025-04-26 12:30:00,Chelsea,Everton,1,1,1
db36663060a8baf494ec,2025-04-26 12:30:00,AFC Wimbledon,Port Vale,1,1,1
c8edf4bc180801c7d95a,2025-04-26 13:00:00,Harrogate,Notts County,1,1,1
13b2dd1105a002667800,2025-04-26 15:00:00,Burton,Cambridge,1,1,1
22de0bb0090ba0d4013f,2025-04-26 15:00:00,Southampton,Fulham,1,1,1
39f60b2a837b763e4d70,2025-04-26 15:00:00,Chesterfield,Morecambe,1,1,1
3c2a72bbd1e7bf95fad1,2025-04-26 15:00:00,Exeter,Huddersfield,1,1,1
3dac19d30cb71844b481,2025-04-26 15:00:00,Salford,Colchester,1,1,1
3eb29db49a92971b93c8,2025-04-26 15:00:00,Cheltenham,Carlisle,1,1,1
4939796caa8a75840969,2025-04-26 15:00:00,Walsall,Accrington,1,1,1
59f2c28dfc8dcc4d1b85,2025-04-26 15:00:00,Tranmere,Crewe,1,1,1
6157f031b55ed61d115c,2025-04-26 15:00:00,Newcastle,Ipswich,1,1,1
6d733d3159a630172466,2025-04-26 15:00:00,Milton Keynes Dons,Grimsby,1,1,1
70e3555212047919de16,2025-04-26 15:00:00,Oxford,Sunderland,1,1,1
75ef42af56e8aa8f9a80,2025-04-26 15:00:00,Middlesbrough,Norwich,1,1,1
8118c472229427a213be,2025-04-26 15:00:00,Wigan,Blackpool,1,1,1
825c272b8e3622c6b01e,2025-04-26 15:00:00,Barrow,Bromley,1,1,1
8d5689541025d631d373,2025-04-26 15:00:00,Hull,Derby,1,1,1
93027123b1417877c5a4,2025-04-26 15:00:00,Stockport,Lincoln,1,1,1
9676bc2504984466e080,2025-04-26 15:00:00,Peterboro,Bolton,1,1,1
96e8460dd0a17833fb4d,2025-04-26 15:00:00,Fleetwood Town,Newport County,1,1,1
9ed4fb96c6d5c499de02,2025-04-26 15:00:00,Blackburn,Watford,1,1,1
ab4d2511236c05c017ba,2025-04-26 15:00:00,Millwall,Swansea,1,1,1
abbd16cdaba86e9bae18,2025-04-26 15:00:00,Sheffield Weds,Portsmouth,1,1,1
b4af2a695aec1aee637b,2025-04-26 15:00:00,Crawley Town,Northampton,1,1,1
bbf5d4bfcd1430680b0f,2025-04-26 15:00:00,Barnsley,Shrewsbury,1,1,1
c0856e9d61027cb3ff93,2025-04-26 15:00:00,Gillingham,Swindon,1,1,1
da771d8a394ea7fceb2c,2025-04-26 15:00:00,Wolves,Leicester,1,1,1
e3d7921f899d5c95e7ad,2025-04-26 15:00:00,Preston,Plymouth,1,1,1
e4112011ea24d86dcf64,2025-04-26 15:00:00,Cardiff,West Brom,1,1,1
ea7fb1ff7aa5f09540c4,2025-04-26 15:00:00,Brighton,West Ham,2,2,2
5365e5f164352e35ed61,2025-04-26 17:30:00,Wrexham,Charlton,1,1,1
2c2db278438895ce9f97,2025-04-27 14:00:00,Bournemouth,Man United,1,1,1
a4a26f166fabe2e7f5cf,2025-04-27 14:00:00,Stevenage,Rotherham,1,1,1
732c6573ad8276647d5e,2025-04-27 15:00:00,Birmingham,Mansfield,1,1,1
f226f526ed81cc2244ac,2025-04-27 16:30:00,Liverpool,Tottenham,1,1,1
7716ff8be6fd75f9a7ce,2025-04-28 20:00:00,Leeds,Bristol City,1,1,1
442d5df33796daa46ee8,2025-04-29 19:45:00,Burton,Wigan,1,1,1
65fdccf1521a743ef7a5,2025-04-30 19:45:00,Blackpool,Birmingham,1,1,1
6e547928e0c1dba139c1,2025-04-30 19:45:00,Mansfield,Peterboro,1,1,1
0c0c0986688e131c426e,2025-05-01 19:30:00,Nott'm Forest,Brentford,1,1,1
d932a5a62404fc4e47b6,2025-05-02 20:00:00,Man City,Wolves,1,1,1
05ecc550fd521c8e633b,2025-05-03 12:30:00,Coventry,Middlesbrough,1,1,1
2df614cba1f509c1832d,2025-05-03 12:30:00,Portsmouth,Hull,1,1,1
40bb6e2dc075eb609c27,2025-05-03 12:30:00,Plymouth,Leeds,1,1,1
5d6fe071a1a25039e762,2025-05-03 12:30:00,Swansea,Oxford,1,1,1
89382e13bdb795302f83,2025-05-03 12:30:00,Derby,Stoke,1,1,1
9b31a715af96d6197e00,2025-05-03 12:30:00,Watford,Sheffield Weds,1,1,1
a5b1c39bd04a433a1e6f,2025-05-03 12:30:00,Aston Villa,Fulham,1,1,1
a9d411f460b21fc69615,2025-05-03 12:30:00,Norwich,Cardiff,1,1,1
bf205c3c97bc081d2aaa,2025-05-03 12:30:00,Sunderland,QPR,1,1,1
c3a5ef412b6b9133432a,2025-05-03 12:30:00,West Brom,Luton,1,1,1
e844421a61d853615dfc,2025-05-03 12:30:00,Sheffield United,Blackburn,1,1,1
eb63338cd3c4d0532078,2025-05-03 12:30:00,Burnley,Millwall,1,1,1
f4af44a69bef44e517b1,2025-05-03 12:30:00,Bristol City,Preston,1,1,1
06a1254825e8ccad88c7,2025-05-03 15:00:00,Rotherham,Peterboro,1,1,1
0983968609405dea1f8c,2025-05-03 15:00:00,Notts County,Doncaster,1,1,1
114a990d19c012b65e95,2025-05-03 15:00:00,Swindon,Milton Keynes Dons,1,1,1
1e610bd1d9980983a92b,2025-05-03 15:00:00,Carlisle,Salford,1,1,1
212219013932732c3a67,2025-05-03 15:00:00,Huddersfield,Leyton Orient,1,1,1
2289bc9f81cdc00fe194,2025-05-03 15:00:00,Bradford,Fleetwood Town,1,1,1
22c266d21ae940eed57c,2025-05-03 15:00:00,Mansfield,Exeter,1,1,1
4596f381c5118d0d78c7,2025-05-03 15:00:00,Cambridge,Birmingham,1,1,1
6004609447803972057b,2025-05-03 15:00:00,Bromley,Cheltenham,1,1,1
693f24ede36d36075b29,2025-05-03 15:00:00,Charlton,Burton,1,1,1
6df6832a948e6ccaeb7c,2025-05-03 15:00:00,Morecambe,Harrogate,1,1,1
750caeae83ebdef30319,2025-05-03 15:00:00,Colchester,Barrow,1,1,1
82f73724ac349a3271ac,2025-05-03 15:00:00,Newport County,Tranmere,1,1,1
843352c6ebdc83d44011,2025-05-03 15:00:00,Wycombe,Stockport,1,1,1
84f68a13be0a7e4cd5ee,2025-05-03 15:00:00,Leicester,Southampton,1,1,1
9c19e3ea2811f8b78f87,2025-05-03 15:00:00,Port Vale,Gillingham,1,1,1
a3866363d640112797b1,2025-05-03 15:00:00,Shrewsbury,Crawley Town,1,1,1
a98aa6a095d8aab93abd,2025-05-03 15:00:00,Grimsby,AFC Wimbledon,1,1,1
aa886ee67d6d4f54c694,2025-05-03 15:00:00,Everton,Ipswich,1,1,1
bd45496944e8f4658a4f,2025-05-03 15:00:00,Reading,Barnsley,1,1,1
c4234beb379ee245539a,2025-05-03 15:00:00,Lincoln,Wrexham,1,1,1
c8d7cfe2e9baf61fbf25,2025-05-03 15:00:00,Accrington,Chesterfield,1,1,1
ca5eb8abd23d47a3c11d,2025-05-03 15:00:00,Crewe,Walsall,1,1,1
daba82a833b3de6dd7c5,2025-05-03 15:00:00,Bolton,Stevenage,1,1,1
f651a5300e965fb470b8,2025-05-03 15:00:00,Northampton,Wigan,1,1,1
f65d3fdc31a21f57c2c6,2025-05-03 15:00:00,Blackpool,Bristol Rvs,1,1,1
ee45c5cfda387a044766,2025-05-03 17:30:00,Arsenal,Bournemouth,1,1,1
c948e2ccd700c2d5bf81,2025-05-04 14:00:00,Brentford,Man United,1,1,1
cbd79f1cfec2fa61ff89,2025-05-04 14:00:00,West Ham,Tottenham,1,1,1
f5e93b45bac809d183d2,2025-05-04 14:00:00,Brighton,Newcastle,1,1,1
425220fb13b68cde0fbd,2025-05-04 16:30:00,Chelsea,Liverpool,2,2,2
a359b14b273ee754275c,2025-05-05 20:00:00,Crystal Palace,Nott'm Forest,1,1,1
0e9b428f80c5b9d7e94e,2025-05-10 15:00:00,Southampton,Man City,1,1,1
0ef044cf874e81489c2b,2025-05-10 15:00:00,Ipswich,Brentford,1,1,1
1a65787befdd8883504f,2025-05-10 15:00:00,Wolves,Brighton,2,2,2
dfcd16b5bb8624a7cbdc,2025-05-10 15:00:00,Fulham,Everton,2,2,2
ccd784fe3e18c4bc50c8,2025-05-10 17:30:00,Bournemouth,Aston Villa,1,1,1
f501cdbe362b6374c194,2025-05-11 12:00:00,Newcastle,Chelsea,1,1,1
3d5180a78da36429cf06,2025-05-11 14:15:00,Man United,West Ham,1,1,1
623324f0c0107931229a,2025-05-11 14:15:00,Tottenham,Crystal Palace,1,1,1
b3a148b7a551be646ef5,2025-05-11 14:15:00,Nott'm Forest,Leicester,1,1,1
c0b9cdcb5a255b930588,2025-05-11 16:30:00,Liverpool,Arsenal,1,1,1
3a1a5d0b2623d0cc6bde,2025-05-16 19:30:00,Aston Villa,Tottenham,1,1,1
19338e30ef25af03bb73,2025-05-16 20:15:00,Chelsea,Man United,1,1,1
5b833e3fba62bd361a25,2025-05-18 12:00:00,Everton,Southampton,1,1,1
b0b4b9d669383df3e385,2025-05-18 14:15:00,West Ham,Nott'm Forest,1,1,1
ab5ccd05195b9562a8b8,2025-05-18 15:00:00,Leicester,Ipswich,1,1,1
bf1bc56e0bae7f1a058c,2025-05-18 15:00:00,Brentford,Fulham,2,2,2
7e45abaf189a074ac91d,2025-05-18 16:30:00,Arsenal,Newcastle,1,1,1
06414b601f83978c29a9,2025-05-19 20:00:00,Brighton,Liverpool,1,1,1
a4a0891a2f55c709a1d8,2025-05-20 20:00:00,Man City,Bournemouth,1,1,1
e403b16257e3177dc0e8,2025-05-20 20:00:00,Crystal Palace,Wolves,1,1,1
066dbe37975f89872f83,2025-05-25 16:00:00,Tottenham,Brighton,1,1,1
07f61de792ca63dba31d,2025-05-25 16:00:00,Southampton,Arsenal,1,1,1
79d1cdc352d0b83e3d0a,2025-05-25 16:00:00,Liverpool,Crystal Palace,1,1,1
884d9948f1863f94b316,2025-05-25 16:00:00,Wolves,Brentford,1,1,1
9514c36174eea05237e5,2025-05-25 16:00:00,Bournemouth,Leicester,1,1,1
afa69a0b59aaf58a2ba2,2025-05-25 16:00:00,Nott'm Forest,Chelsea,1,1,1
c1c526a8b1554f902c83,2025-05-25 16:00:00,Fulham,Man City,1,1,1
dd0eebf6f6ad41953650,2025-05-25 16:00:00,Man United,Aston Villa,1,1,1
e170ee66e2c06e707cbe,2025-05-25 16:00:00,Ipswich,West Ham,1,1,1
e32cace15e278e33fd46,2025-05-25 16:00:00,Newcastle,Everton,1,1,1
1cd318481609a9a31869,2025-08-08 20:00:00,Birmingham City FC,Ipswich Town FC,0,0,0
4ff5ffd1432f53bcee84,2025-08-09 00:00:00,Norwich City FC,Millwall FC,0,0,0
7651205f74e71384897b,2025-08-09 00:00:00,Oxford United FC,Portsmouth FC,0,0,0
9d4ab5b48935d1296712,2025-08-09 00:00:00,Coventry City FC,Hull City AFC,0,0,0
a8bc179170ecc1ac7d3d,2025-08-09 00:00:00,Southampton FC,Wrexham AFC,0,0,0
d57e88cae8e0471c9943,2025-08-09 00:00:00,Queens Park Rangers FC,Preston North End FC,0,0,0
da6e0efc35f3425ce58e,2025-08-09 00:00:00,Stoke City FC,Derby County FC,0,0,0
df2c960ed10bdfe6be42,2025-08-09 00:00:00,West Bromwich Albion FC,Blackburn Rovers FC,0,0,0
da9acc0514c91b02d49a,2025-08-09 12:30:00,Charlton Athletic FC,Watford FC,0,0,0
606dccfdf7d276ed7277,2025-08-09 15:00:00,Middlesbrough FC,Swansea City AFC,0,0,0
efb58125822fa1494763,2025-08-09 17:30:00,Sheffield United FC,Bristol City FC,0,0,0
4b7281cf626080a5c3f2,2025-08-10 16:30:00,Leicester City FC,Sheffield Wednesday FC,0,0,0
5322f07ee47bcfce19b8,2025-08-15 00:00:00,Liverpool,Bournemouth,3,3,3
1663ca59f51beb36f229,2025-08-16 00:00:00,Sheffield Wednesday FC,Stoke City FC,0,0,0
2526-0001,2025-08-16 00:00:00,Liverpool,Bournemouth,3,4,4
2526-0002,2025-08-16 00:00:00,Brighton,Fulham,2,2,2
2526-0003,2025-08-16 00:00:00,Tottenham,Burnley,0,0,0
2526-0004,2025-08-16 00:00:00,Sunderland,West Ham,0,0,0
2526-0005,2025-08-16 00:00:00,Aston Villa,Newcastle,3,3,3
3015e39db301998f52d5,2025-08-16 00:00:00,Watford FC,Queens Park Rangers FC,0,0,0
57f4ea032835cc3bf078,2025-08-16 00:00:00,Bristol City FC,Charlton Athletic FC,0,0,0
7dd965dbdb795aee5318,2025-08-16 00:00:00,Wrexham AFC,West Bromwich Albion FC,0,0,0
85541d55ead6523ffe90,2025-08-16 00:00:00,Millwall FC,Middlesbrough FC,0,0,0
8f1178183a1c9d9fdf48,2025-08-16 00:00:00,Wolves,Man City,2,2,2
b7b6ef8ac09ebdc415e3,2025-08-16 00:00:00,Preston North End FC,Leicester City FC,0,0,0
cce38ba2563fc8c8e273,2025-08-16 00:00:00,Swansea City AFC,Sheffield United FC,0,0,0
f32a2d7a8cafd91f0b77,2025-08-16 00:00:00,Portsmouth FC,Norwich City FC,0,0,0
71bfddc4c91433079439,2025-08-16 12:30:00,Derby County FC,Coventry City FC,0,0,0
96046d3587fa9522bf11,2025-08-16 15:00:00,Blackburn Rovers FC,Birmingham City FC,0,0,0
2526-0006,2025-08-17 00:00:00,Chelsea,Crystal Palace,2,2,2
2526-0007,2025-08-17 00:00:00,Manchester United,Arsenal,0,0,0
2526-0008,2025-08-17 00:00:00,Wolves,Manchester City,0,0,0
2526-0009,2025-08-17 00:00:00,Nottingham Forest,Brentford,0,0,0
6bda3ac19f55fa01d667,2025-08-17 00:00:00,Nott'm Forest,Brentford,2,2,2
a10933e8e4bd24f0f485,2025-08-17 00:00:00,Man United,Arsenal,2,2,2
15f112b7778017584a97,2025-08-17 12:00:00,Ipswich Town FC,Southampton FC,0,0,0
b4c426268a9d30a986fb,2025-08-17 15:00:00,Hull City AFC,Oxford United FC,0,0,0
e4e91bf75c78ed68a156,2025-08-18 00:00:00,Leeds,Everton,0,0,0
2526-0010,2025-08-19 00:00:00,Leeds,Everton,1,1,1
f9446e1daa2da57572de,2025-08-22 00:00:00,West Ham,Chelsea,3,3,3
4ee745d3fed1d5c09fb0,2025-08-22 20:00:00,Derby County FC,Bristol City FC,0,0,0
cbd9a41ca062abec29bc,2025-08-22 20:30:00,FC Bayern München,RB Leipzig,0,0,0
1351a643ef3b9d86bdba,2025-08-23 00:00:00,Coventry City FC,Queens Park Rangers FC,0,0,0
1b3428f077245fde7b4d,2025-08-23 00:00:00,Bournemouth,Wolves,2,2,2
22d31bc1fb20b16a81fb,2025-08-23 00:00:00,Swansea City AFC,Watford FC,0,0,0
67bf09490e3320e2e2e6,2025-08-23 00:00:00,Southampton FC,Stoke City FC,0,0,0
6d330d33f7283da0a1ac,2025-08-23 00:00:00,Norwich City FC,Middlesbrough FC,0,0,0
718eed205339b94b6389,2025-08-23 00:00:00,Hull City AFC,Blackburn Rovers FC,0,0,0
870daa2a8d53a8a8b974,2025-08-23 00:00:00,Brentford,Aston Villa,2,2,2
a258f2150c8252b80401,2025-08-23 00:00:00,West Bromwich Albion FC,Portsmouth FC,0,0,0
acbd68ce6faf482098ab,2025-08-23 00:00:00,Arsenal,Leeds,0,0,0
b0af55c21f093720a1e0,2025-08-23 00:00:00,Preston North End FC,Ipswich Town FC,0,0,0
b6e198193ff5dd8cc34e,2025-08-23 00:00:00,Wrexham AFC,Sheffield Wednesday FC,0,0,0
caa92ebcce2755e9c6fb,2025-08-23 00:00:00,Sheffield United FC,Millwall FC,0,0,0
e040e20d9dce61cfe3c6,2025-08-23 00:00:00,Man City,Tottenham,2,2,2
ee0063011bcd27c1caa2,2025-08-23 00:00:00,Burnley,Sunderland,2,2,2
3893ec24537dd6f9e087,2025-08-23 12:30:00,Charlton Athletic FC,Leicester City FC,0,0,0
48feac476b48c48cbb4b,2025-08-23 15:00:00,Birmingham City FC,Oxford United FC,0,0,0
538a739e5c2295db4465,2025-08-23 15:30:00,Union Berlin,VfB Stuttgart,0,0,0
bfb5c603b811b7027426,2025-08-23 15:30:00,Eintracht Frankfurt,Werder Bremen,0,0,0
d32f4486035cb773e7db,2025-08-23 15:30:00,SC Freiburg,FC Augsburg,0,0,0
d80eb633a5a640bca230,2025-08-23 15:30:00,Bayer Leverkusen,TSG 1899 Hoffenheim,0,0,0
f23d437a9272e2dcf6b1,2025-08-23 15:30:00,Heidenheim,Wolfsburg,0,0,0
5a6f7fb4a94b592025ec,2025-08-23 16:30:00,Sassuolo,Napoli,0,0,0
05299451142683808908,2025-08-23 18:30:00,St. Pauli,Borussia Dortmund,0,0,0
131b7bc3709ade288240,2025-08-23 18:30:00,Genoa,Lecce,0,0,0
36c20a91b5a29081f9a7,2025-08-23 20:45:00,Milan,Cremonese,0,0,0
9a9c47cb64514b388d46,2025-08-23 20:45:00,AS Roma,Bologna,0,0,0
12587aad8056e7e6c15a,2025-08-24 00:00:00,Fulham,Man United,2,2,2
5bf478cb921f3e46f172,2025-08-24 00:00:00,Everton,Brighton,2,2,2
8cf6a5aa41936e7ed721,2025-08-24 00:00:00,Crystal Palace,Nott'm Forest,2,2,2
e970466839a7c2fcfcd3,2025-08-24 15:30:00,1. FSV Mainz 05,1. FC Köln,0,0,0
ee4da5c462b6c294d70d,2025-08-24 17:30:00,Borussia M'gladbach,Hamburger SV,0,0,0
518f9e30a24dda690b34,2025-08-24 18:30:00,Cagliari,Fiorentina,0,0,0
d0c7669c5888ad8e3dec,2025-08-24 18:30:00,Como,Lazio,0,0,0
d32524b1cff15f7975ae,2025-08-24 20:45:00,Atalanta,Pisa,0,0,0
d9ea012dd794721324bc,2025-08-24 20:45:00,Juventus FC,Parma,0,0,0
08686ae7b899ac668257,2025-08-25 00:00:00,Newcastle,Liverpool,3,3,3
8461e98cd5391ac8e050,2025-08-25 18:30:00,Udinese,Hellas Verona,0,0,0
5799fb35967fe3d39846,2025-08-25 20:45:00,FC Internazionale Milano,Torino,0,0,0
6a435a7d23c0764fd268,2025-08-29 18:30:00,Cremonese,Sassuolo,0,0,0
5f3d9f0bda1ece69c22d,2025-08-29 20:00:00,Leicester City FC,Birmingham City FC,0,0,0
ad65fd1e55fa76e88b51,2025-08-29 20:30:00,Hamburger SV,St. Pauli,0,0,0
c5db8caf0ee05566524a,2025-08-29 20:45:00,Lecce,Milan,0,0,0
04e6777fbd726cc84cf4,2025-08-30 00:00:00,Oxford United FC,Coventry City FC,0,0,0
37e1c5391026f0d04828,2025-08-30 00:00:00,Watford FC,Southampton FC,0,0,0
46e13aff37633014a865,2025-08-30 00:00:00,Ipswich Town FC,Derby County FC,0,0,0
50dc77a460ef74a93488,2025-08-30 00:00:00,Wolves,Everton,3,3,3
6673d619d3e58ddb387a,2025-08-30 00:00:00,Portsmouth FC,Preston North End FC,0,0,0
6975b2d5d38ef3b86d68,2025-08-30 00:00:00,Leeds,Newcastle,0,0,0
6afbc4462bbc66a8d81f,2025-08-30 00:00:00,Stoke City FC,West Bromwich Albion FC,0,0,0
911f4496224e088445f0,2025-08-30 00:00:00,Chelsea,Fulham,2,2,2
91d1ae649b41ff1634fe,2025-08-30 00:00:00,Sheffield Wednesday FC,Swansea City AFC,0,0,0
9520a2767fbdfc8a95bf,2025-08-30 00:00:00,Bristol City FC,Hull City AFC,0,0,0
ab5df2ed7453a4ea07a5,2025-08-30 00:00:00,Queens Park Rangers FC,Charlton Athletic FC,0,0,0
ce8717eacb594b25c373,2025-08-30 00:00:00,Sunderland,Brentford,0,0,0
df6e079f2cce0d24b5f2,2025-08-30 00:00:00,Millwall FC,Wrexham AFC,0,0,0
ec231d6556474a10890e,2025-08-30 00:00:00,Man United,Burnley,0,0,0
f6e57e3285081eb69364,2025-08-30 00:00:00,Tottenham,Bournemouth,3,3,3
d9088912e34e50e890e9,2025-08-30 12:30:00,Middlesbrough FC,Sheffield United FC,0,0,0
b1b1f0faba2fe759b30a,2025-08-30 15:00:00,Blackburn Rovers FC,Norwich City FC,0,0,0
58a31efdc3e46623265c,2025-08-30 15:30:00,RB Leipzig,Heidenheim,0,0,0
ca819b1ab1fc9a390cf4,2025-08-30 15:30:00,VfB Stuttgart,Borussia M'gladbach,0,0,0
e1a50330b4e7f6b2e269,2025-08-30 15:30:00,TSG 1899 Hoffenheim,Eintracht Frankfurt,0,0,0
eb12a9b6e4cfc19a6fbb,2025-08-30 15:30:00,Werder Bremen,Bayer Leverkusen,0,0,0
21df9533393128354361,2025-08-30 18:30:00,Bologna,Como,0,0,0
ef22d5d494d7c8886c8b,2025-08-30 18:30:00,FC Augsburg,FC Bayern München,0,0,0
fe7dc6723f46afe0824c,2025-08-30 18:30:00,Parma,Atalanta,0,0,0
583302ba4fc9be45bcde,2025-08-30 20:45:00,Pisa,AS Roma,0,0,0
66c460c4f83999f1a3e3,2025-08-30 20:45:00,Napoli,Cagliari,0,0,0
51b46041911f609bdd36,2025-08-31 00:00:00,Aston Villa,Crystal Palace,2,2,2
7e59640232b15c75df56,2025-08-31 00:00:00,Brighton,Man City,2,2,2
a204c7d11cd7464262ce,2025-08-31 00:00:00,Liverpool,Arsenal,2,2,2
e6ad2081c20613fc6e5d,2025-08-31 00:00:00,Nott'm Forest,West Ham,2,2,2
dec68af615b10074a365,2025-08-31 15:30:00,Wolfsburg,1. FSV Mainz 05,0,0,0
841ebc5bad91a81ba60b,2025-08-31 17:30:00,Borussia Dortmund,Union Berlin,0,0,0
5a8b95a7566ae9b5264a,2025-08-31 18:30:00,Torino,Fiorentina,0,0,0
90647de0156a77f31ca8,2025-08-31 18:30:00,Genoa,Juventus FC,0,0,0
77b3b3e2c1e94e087834,2025-08-31 19:30:00,1. FC Köln,SC Freiburg,0,0,0
3761162ae5a956a8f294,2025-08-31 20:45:00,FC Internazionale Milano,Udinese,0,0,0
8754d9769f89eabd4975,2025-08-31 20:45:00,Lazio,Hellas Verona,0,0,0
299dd3cb4f036234a013,2025-09-12 20:00:00,Ipswich Town FC,Sheffield United FC,0,0,0
f0ef045784fbde2a5599,2025-09-12 20:30:00,Bayer Leverkusen,Eintracht Frankfurt,0,0,0
093d802cd2f235ac286a,2025-09-13 00:00:00,Oxford United FC,Leicester City FC,0,0,0
0948846c898e2c44332f,2025-09-13 00:00:00,Newcastle,Wolves,2,2,2
0e0a7d85fb437ecef967,2025-09-13 00:00:00,Wrexham AFC,Queens Park Rangers FC,0,0,0
1e9c6568584639a5a425,2025-09-13 00:00:00,Everton,Aston Villa,3,3,3
2f206d50b3a03ede3dae,2025-09-13 00:00:00,Bournemouth,Brighton,2,2,2
3860921ee44a9f0d60b0,2025-09-13 00:00:00,Watford FC,Blackburn Rovers FC,0,0,0
3935ff08ee41a6c686ee,2025-09-13 00:00:00,West Ham,Tottenham,2,2,2
3c22128ea4b021143dc2,2025-09-13 00:00:00,Stoke City FC,Birmingham City FC,0,0,0
50688ece9c853d342fdb,2025-09-13 00:00:00,Preston North End FC,Middlesbrough FC,0,0,0
68b975ded0c936c6b79c,2025-09-13 00:00:00,Brentford,Chelsea,2,2,2
6954e794a03cd8b4efcc,2025-09-13 00:00:00,Arsenal,Nott'm Forest,3,3,3
6d3ec5e4377cf108ec52,2025-09-13 00:00:00,Crystal Palace,Sunderland,0,0,0
7ea313c9d726e9a179b8,2025-09-13 00:00:00,Fulham,Leeds,0,0,0
8a1fbdd7102059ecd68f,2025-09-13 00:00:00,Sheffield Wednesday FC,Bristol City FC,0,0,0
9277298b0657bffa7a72,2025-09-13 00:00:00,Swansea City AFC,Hull City AFC,0,0,0
9c42c63ad3b7c7b00e16,2025-09-13 00:00:00,West Bromwich Albion FC,Derby County FC,0,0,0
672dc91a60aefb071d65,2025-09-13 12:30:00,Charlton Athletic FC,Millwall FC,0,0,0
70626acf3106fc7acedd,2025-09-13 15:00:00,Coventry City FC,Norwich City FC,0,0,0
e5b9f1d1bb2caa7fb67f,2025-09-13 15:00:00,Cagliari,Parma,0,0,0
01974fb66bc23af6bcd7,2025-09-13 15:30:00,Wolfsburg,1. FC Köln,0,0,0
19ebc5d5c5223658117a,2025-09-13 15:30:00,Heidenheim,Borussia Dortmund,0,0,0
5ac3fd9e9748141a125d,2025-09-13 15:30:00,SC Freiburg,VfB Stuttgart,0,0,0
86ccc39aec8d436556f1,2025-09-13 15:30:00,1. FSV Mainz 05,RB Leipzig,0,0,0
d3910be99d50e7d8c907,2025-09-13 15:30:00,Union Berlin,TSG 1899 Hoffenheim,0,0,0
120b3f72c16393321a25,2025-09-13 18:00:00,Juventus FC,FC Internazionale Milano,0,0,0
82130e74eaf2cf75f257,2025-09-13 18:30:00,FC Bayern München,Hamburger SV,0,0,0
20f27704f6e74109a212,2025-09-13 20:45:00,Fiorentina,Napoli,0,0,0
96955662559c58bac8d3,2025-09-14 00:00:00,Man City,Man United,2,2,2
deda5c5aba959fdedef9,2025-09-14 00:00:00,Burnley,Liverpool,0,0,0
bb45438f282f08056520,2025-09-14 12:00:00,Southampton FC,Portsmouth FC,0,0,0
6a187147cb3e67f72cd6,2025-09-14 12:30:00,AS Roma,Torino,0,0,0
654a3a333028d7ad0b78,2025-09-14 15:00:00,Atalanta,Lecce,0,0,0
82dbe1c11546ee997c83,2025-09-14 15:00:00,Pisa,Udinese,0,0,0
23e48384f296a314f68f,2025-09-14 15:30:00,St. Pauli,FC Augsburg,0,0,0
8d62b448567973b5814b,2025-09-14 16:00:00,Sassuolo,Lazio,0,0,0
d55add1fc13ad9142b25,2025-09-14 17:30:00,Borussia M'gladbach,Werder Bremen,0,0,0
73e720fc135695b7d23a,2025-09-14 20:45:00,Milan,Bologna,0,0,0
3cf5e3ed5ba9e8fc2ad6,2025-09-15 18:30:00,Hellas Verona,Cremonese,0,0,0
f11543660dea40b595ac,2025-09-15 20:45:00,Como,Genoa,0,0,0
381db2182ffb0ccd5281,2025-09-19 20:00:00,Middlesbrough FC,West Bromwich Albion FC,0,0,0
69915e31825b4ee63062,2025-09-19 20:30:00,VfB Stuttgart,St. Pauli,0,0,0
76bf27f0e1236475a986,2025-09-19 20:45:00,Lecce,Cagliari,0,0,0
09b8e05b8a6926ece6c6,2025-09-20 00:00:00,Fulham,Brentford,3,3,3
1fc63406d636065136aa,2025-09-20 00:00:00,Sheffield United FC,Charlton Athletic FC,0,0,0
254175644b2203a911b7,2025-09-20 00:00:00,Brighton,Tottenham,2,2,2
342d81a477adfd334f87,2025-09-20 00:00:00,Burnley,Nott'm Forest,0,0,0
346591fea31c183e48d2,2025-09-20 00:00:00,Norwich City FC,Wrexham AFC,0,0,0
48770c02b4015cdaa101,2025-09-20 00:00:00,West Ham,Crystal Palace,2,2,2
51636c6cea8b7783a7e9,2025-09-20 00:00:00,Man United,Chelsea,2,2,2
6ce0e30859d862a74583,2025-09-20 00:00:00,Hull City AFC,Southampton FC,0,0,0
72b9a65d25728cf48d47,2025-09-20 00:00:00,Liverpool,Everton,2,2,2
c8f1aa02158d032e5a2e,2025-09-20 00:00:00,Queens Park Rangers FC,Stoke City FC,0,0,0
caf9e9166571a8201dd4,2025-09-20 00:00:00,Leicester City FC,Coventry City FC,0,0,0
e554684576296994600d,2025-09-20 00:00:00,Wolves,Leeds,0,0,0
eff23e77e92100a450f5,2025-09-20 00:00:00,Portsmouth FC,Sheffield Wednesday FC,0,0,0
69c3463fef2e4df9593a,2025-09-20 12:30:00,Birmingham City FC,Swansea City AFC,0,0,0
e5c42cc0298fbbb24457,2025-09-20 15:00:00,Derby County FC,Preston North End FC,0,0,0
e651e21789882cdb2ae4,2025-09-20 15:00:00,Bologna,Genoa,0,0,0
1edf4e77e320bfa5ae30,2025-09-20 15:30:00,FC Augsburg,1. FSV Mainz 05,0,0,0
46fb0ba23c6c5be30098,2025-09-20 15:30:00,TSG 1899 Hoffenheim,FC Bayern München,0,0,0
6215b2ccd23c9382cdba,2025-09-20 15:30:00,Werder Bremen,SC Freiburg,0,0,0
8b6d722c2b6946ab492e,2025-09-20 15:30:00,Hamburger SV,Heidenheim,0,0,0
a7028ee4bc789f3896c8,2025-09-20 18:00:00,Hellas Verona,Juventus FC,0,0,0
8d00c5d2f4bc552d1683,2025-09-20 18:30:00,RB Leipzig,1. FC Köln,0,0,0
b9ad53ab4305d92910cf,2025-09-20 20:45:00,Udinese,Milan,0,0,0
6120f9f5a32abb76ab5c,2025-09-21 00:00:00,Arsenal,Man City,2,2,2
aacac2ba82f3f163ed03,2025-09-21 00:00:00,Bournemouth,Newcastle,2,2,2
cd23d0a7f40a96f77ec5,2025-09-21 00:00:00,Sunderland,Aston Villa,0,0,0
8df20746ea2af2a1aa65,2025-09-21 12:30:00,Lazio,AS Roma,0,0,0
1190dd1c703b6e2128c9,2025-09-21 15:00:00,Cremonese,Parma,0,0,0
4f5d78b21ababbda5dba,2025-09-21 15:00:00,Torino,Atalanta,0,0,0
f54617b9ebc8b89d1513,2025-09-21 15:00:00,Bristol City FC,Oxford United FC,0,0,0
76b5b3b883195d4a8358,2025-09-21 15:30:00,Eintracht Frankfurt,Union Berlin,0,0,0
699cd4160966710bc8b9,2025-09-21 17:30:00,Bayer Leverkusen,Borussia M'gladbach,0,0,0
47305e9abe3532ca0858,2025-09-21 18:00:00,Fiorentina,Como,0,0,0
cfd75b47a362c2726126,2025-09-21 19:30:00,Borussia Dortmund,Wolfsburg,0,0,0
bdb19212493f17f763dc,2025-09-21 20:45:00,FC Internazionale Milano,Sassuolo,0,0,0
d8d5ced0229bd65bba9a,2025-09-22 20:00:00,Millwall FC,Watford FC,0,0,0
8c8bfafe33ea6d9fb3b7,2025-09-22 20:45:00,Napoli,Pisa,0,0,0
4984d7e8849fdf887a06,2025-09-26 20:00:00,West Bromwich Albion FC,Leicester City FC,0,0,0
71e44e8e566f74be9225,2025-09-26 20:30:00,FC Bayern München,Werder Bremen,0,0,0
07156992a777ec56b9ec,2025-09-27 00:00:00,Stoke City FC,Norwich City FC,0,0,0
0798df07fad4825b3f08,2025-09-27 00:00:00,Man City,Burnley,1,1,1
0bb8a14ed244cc0f78b4,2025-09-27 00:00:00,Southampton FC,Middlesbrough FC,0,0,0
216b7e9e84fdd719817c,2025-09-27 00:00:00,Nott'm Forest,Sunderland,0,0,0
220108641b5b135ec8d6,2025-09-27 00:00:00,Sheffield Wednesday FC,Queens Park Rangers FC,0,0,0
22be2d4c58727f2f7073,2025-09-27 00:00:00,Swansea City AFC,Millwall FC,0,0,0
3fb9f88befb5ec1d7612,2025-09-27 00:00:00,Brentford,Man United,2,2,2
45c365d0025b5e6fc77a,2025-09-27 00:00:00,Ipswich Town FC,Portsmouth FC,0,0,0
6fee7d4e822db7e55268,2025-09-27 00:00:00,Preston North End FC,Bristol City FC,0,0,0
81b8c85042f1522a372c,2025-09-27 00:00:00,Tottenham,Wolves,2,2,2
83fca17287429bc851ab,2025-09-27 00:00:00,Watford FC,Hull City AFC,0,0,0
9513d8a1ea986b1e8efa,2025-09-27 00:00:00,Crystal Palace,Liverpool,2,2,2
a315e6099ac694db5e7c,2025-09-27 00:00:00,Chelsea,Brighton,2,2,2
bea68e28e50a4b60571a,2025-09-27 00:00:00,Leeds,Bournemouth,0,0,0
de4bfdc022667052d777,2025-09-27 00:00:00,Oxford United FC,Sheffield United FC,0,0,0
ec5b6f73f991b5eebd4d,2025-09-27 00:00:00,Wrexham AFC,Derby County FC,0,0,0
44ce45f0ddfdc60e69b3,2025-09-27 12:30:00,Coventry City FC,Birmingham City FC,0,0,0
32041fafcf26f27e503c,2025-09-27 15:00:00,Como,Cremonese,0,0,0
83671b1ce0a8e6eab78b,2025-09-27 15:00:00,Charlton Athletic FC,Blackburn Rovers FC,0,0,0
15cb204089562b0b50ed,2025-09-27 15:30:00,Heidenheim,FC Augsburg,0,0,0
8ec46bf8d298d1498e31,2025-09-27 15:30:00,1. FSV Mainz 05,Borussia Dortmund,0,0,0
9687f95ad7e02d5a3d87,2025-09-27 15:30:00,Wolfsburg,RB Leipzig,0,0,0
dd8506d5471c34d1dfda,2025-09-27 15:30:00,St. Pauli,Bayer Leverkusen,0,0,0
f436b19d3d368601874d,2025-09-27 18:00:00,Juventus FC,Atalanta,0,0,0
f7ce0ab4ff45ca2e51cc,2025-09-27 18:30:00,Borussia M'gladbach,Eintracht Frankfurt,0,0,0
350de8470321cce256b1,2025-09-27 20:45:00,Cagliari,FC Internazionale Milano,0,0,0
9d6c236fdbdfe279f76b,2025-09-28 00:00:00,Newcastle,Arsenal,2,2,2
ecc4546056de12d7c6c0,2025-09-28 00:00:00,Aston Villa,Fulham,2,2,2
571b78c9326767045b42,2025-09-28 10:30:00,Sassuolo,Udinese,0,0,0
24f0d2e23ef34505a23e,2025-09-28 15:00:00,AS Roma,Hellas Verona,0,0,0
9063724524c19057eadf,2025-09-28 15:00:00,Pisa,Fiorentina,0,0,0
647719a88da28aaffea4,2025-09-28 15:30:00,SC Freiburg,TSG 1899 Hoffenheim,0,0,0
f654094837875d272122,2025-09-28 17:30:00,1. FC Köln,VfB Stuttgart,0,0,0
a771aca461fe1420ed6c,2025-09-28 18:00:00,Lecce,Bologna,0,0,0
5a41ceb21735e593fb88,2025-09-28 19:30:00,Union Berlin,Hamburger SV,0,0,0
0ce7f56b3be8b2ff4e69,2025-09-28 20:45:00,Milan,Napoli,0,0,0
fdfe7c6d451526385dd7,2025-09-29 00:00:00,Everton,West Ham,2,2,2
80751ed082cba92a47f5,2025-09-29 18:30:00,Parma,Torino,0,0,0
3fe576d5a3573b99176e,2025-09-29 20:45:00,Genoa,Lazio,0,0,0
3f089cb69bf2d2f2d28c,2025-09-30 00:00:00,Hull City AFC,Preston North End FC,0,0,0
48175c4da45601244d37,2025-09-30 00:00:00,Sheffield United FC,Southampton FC,0,0,0
5441f0c9a8bfdeac0e3b,2025-09-30 00:00:00,Blackburn Rovers FC,Swansea City AFC,0,0,0
5622cb397b708b14c416,2025-09-30 00:00:00,Leicester City FC,Wrexham AFC,0,0,0
ab83ee5808422ad62913,2025-09-30 00:00:00,Middlesbrough FC,Stoke City FC,0,0,0
d32753882497a452a155,2025-09-30 00:00:00,Bristol City FC,Ipswich Town FC,0,0,0
3db34009a5fc1c7984ca,2025-09-30 19:45:00,Birmingham City FC,Sheffield Wednesday FC,0,0,0
9271176ced11f3fec43a,2025-09-30 20:00:00,Derby County FC,Charlton Athletic FC,0,0,0
52c5d0933729ac6315e6,2025-10-01 00:00:00,Norwich City FC,West Bromwich Albion FC,0,0,0
fb7dcb6a4d9011a20981,2025-10-01 00:00:00,Portsmouth FC,Watford FC,0,0,0
10f805e600e1fedb7712,2025-10-01 19:45:00,Millwall FC,Coventry City FC,0,0,0
882d230c7baa1a0f08b1,2025-10-01 20:00:00,Queens Park Rangers FC,Oxford United FC,0,0,0
20b8cadfd3e4f2d54d33,2025-10-03 00:00:00,Bournemouth,Fulham,2,2,2
ffe69d54d3766823b0d2,2025-10-03 20:00:00,Wrexham AFC,Birmingham City FC,0,0,0
a692fc06ecb0338ffd99,2025-10-03 20:30:00,TSG 1899 Hoffenheim,1. FC Köln,0,0,0
f261c01d103638d3d3d5,2025-10-03 20:45:00,Hellas Verona,Sassuolo,0,0,0
0b017b5b830113341efd,2025-10-04 00:00:00,Leeds,Tottenham,0,0,0
1464d6f6459bccbb5a99,2025-10-04 00:00:00,Derby County FC,Southampton FC,0,0,0
1615d8689e3cdd302736,2025-10-04 00:00:00,Swansea City AFC,Leicester City FC,0,0,0
310f34a233efb929bd60,2025-10-04 00:00:00,Chelsea,Liverpool,3,3,3
641d84e726e17d7b4e67,2025-10-04 00:00:00,Man United,Sunderland,0,0,0
9823904a852f2025f267,2025-10-04 00:00:00,Hull City AFC,Sheffield United FC,0,0,0
ad49201432b097a527ff,2025-10-04 00:00:00,Arsenal,West Ham,2,2,2
c8736cec5b81d38807c7,2025-10-04 00:00:00,Preston North End FC,Charlton Athletic FC,0,0,0
c969b847fac78edca8a7,2025-10-04 00:00:00,Portsmouth FC,Middlesbrough FC,0,0,0
d0bdc697c9c49b4ee45d,2025-10-04 00:00:00,Watford FC,Oxford United FC,0,0,0
dd6371b7612d91447988,2025-10-04 00:00:00,Millwall FC,West Bromwich Albion FC,0,0,0
e0fbb9af178986de7783,2025-10-04 00:00:00,Sheffield Wednesday FC,Coventry City FC,0,0,0
f30db7cb538009d4f2a2,2025-10-04 12:30:00,Blackburn Rovers FC,Stoke City FC,0,0,0
125d81f09b2386555714,2025-10-04 15:00:00,Parma,Lecce,0,0,0
5f57d27532d2f145e8ca,2025-10-04 15:00:00,Bristol City FC,Queens Park Rangers FC,0,0,0
b2c0ea414dbb52ba8071,2025-10-04 15:00:00,Lazio,Torino,0,0,0
61e1dbef3b9060b6866f,2025-10-04 15:30:00,FC Augsburg,Wolfsburg,0,0,0
82a8faefbcc008d0e0e6,2025-10-04 15:30:00,Bayer Leverkusen,Union Berlin,0,0,0
ae45b4a4d4987bbb74ea,2025-10-04 15:30:00,Borussia Dortmund,RB Leipzig,0,0,0
e3e9f00c1db5d87b4682,2025-10-04 15:30:00,Werder Bremen,St. Pauli,0,0,0
4ade77d25bbc978c77b4,2025-10-04 18:00:00,FC Internazionale Milano,Cremonese,0,0,0
908a8aa1a3eb6fe683fc,2025-10-04 18:30:00,Eintracht Frankfurt,FC Bayern München,0,0,0
3823751986f14e3195e0,2025-10-04 20:45:00,Atalanta,Como,0,0,0
0064e71ca5ca5e206dbe,2025-10-05 00:00:00,Everton,Crystal Palace,2,2,2
432b83a8d063d94731bf,2025-10-05 00:00:00,Newcastle,Nott'm Forest,2,2,2
5523a73df9240f29eae0,2025-10-05 00:00:00,Brentford,Man City,2,2,2
77750e9ee8cda2d4c2fe,2025-10-05 00:00:00,Aston Villa,Burnley,1,1,1
b5ebfbb92b35471fb81a,2025-10-05 00:00:00,Wolves,Brighton,3,3,3
d07cc17223589221311f,2025-10-05 12:00:00,Ipswich Town FC,Norwich City FC,0,0,0
fc4d93043b0e0e988a77,2025-10-05 12:30:00,Udinese,Cagliari,0,0,0
225f972e7db0bdc92593,2025-10-05 15:00:00,Fiorentina,AS Roma,0,0,0
e467a040d4e226573e03,2025-10-05 15:00:00,Bologna,Pisa,0,0,0
2bee2d738d91f0bad4e9,2025-10-05 15:30:00,VfB Stuttgart,Heidenheim,0,0,0
b80fbd233d5535ce0e9c,2025-10-05 17:30:00,Hamburger SV,1. FSV Mainz 05,0,0,0
eaa02f08b39bc21e8dab,2025-10-05 18:00:00,Napoli,Genoa,0,0,0
6c16a9b165915faba17c,2025-10-05 19:30:00,Borussia M'gladbach,SC Freiburg,0,0,0
71aaae94412ef3e6dd6a,2025-10-05 20:45:00,Juventus FC,Milan,0,0,0
833e981fda67df02618c,2025-10-17 20:00:00,Middlesbrough FC,Ipswich Town FC,0,0,0
5e50d27241786248d4e6,2025-10-17 20:30:00,Union Berlin,Borussia M'gladbach,0,0,0
027b019eef405d654a2f,2025-10-18 00:00:00,Southampton FC,Swansea City AFC,0,0,0
039d38d2fba62b36a320,2025-10-18 00:00:00,Man City,Everton,2,2,2
170efbf957d986b4f1a4,2025-10-18 00:00:00,Sunderland,Wolves,0,0,0
18ee0ac2a8fe4d27a672,2025-10-18 00:00:00,Stoke City FC,Wrexham AFC,0,0,0
228e818ecc1ff106d251,2025-10-18 00:00:00,Queens Park Rangers FC,Millwall FC,0,0,0
2e358d64c1e3bb8e04a5,2025-10-18 00:00:00,Charlton Athletic FC,Sheffield Wednesday FC,0,0,0
44093bdb954b39bc130d,2025-10-18 00:00:00,Nott'm Forest,Chelsea,2,2,2
7dc291d01af50e4708e9,2025-10-18 00:00:00,Sheffield United FC,Watford FC,0,0,0
9b2d8d4378ba11547c83,2025-10-18 00:00:00,Burnley,Leeds,2,2,2
a5a083e33d118ee7f033,2025-10-18 00:00:00,Fulham,Arsenal,3,3,3
cc26e161cea2036d414e,2025-10-18 00:00:00,Crystal Palace,Bournemouth,2,2,2
ce1d32463d8607a066c0,2025-10-18 00:00:00,Norwich City FC,Bristol City FC,0,0,0
d72664aa19a3b013cff6,2025-10-18 00:00:00,Brighton,Newcastle,2,2,2
e21ed2d26626d0c7424d,2025-10-18 00:00:00,Coventry City FC,Blackburn Rovers FC,0,0,0
e89bf4111b7d0c67f5fb,2025-10-18 00:00:00,West Bromwich Albion FC,Preston North End FC,0,0,0
ed624140039150c331dc,2025-10-18 12:30:00,Oxford United FC,Derby County FC,0,0,0
28a9fd58f0b7bb2eb089,2025-10-18 15:00:00,Pisa,Hellas Verona,0,0,0
4f2ca41cdb02d907b66d,2025-10-18 15:00:00,Lecce,Sassuolo,0,0,0
e18d8d6f8f6616ecd59b,2025-10-18 15:00:00,Birmingham City FC,Hull City AFC,0,0,0
39b2a3f8dd2e85dbbd8b,2025-10-18 15:30:00,1. FC Köln,FC Augsburg,0,0,0
724b074b1196c6fc1745,2025-10-18 15:30:00,Heidenheim,Werder Bremen,0,0,0
7699bf1e0ced8a5217da,2025-10-18 15:30:00,Wolfsburg,VfB Stuttgart,0,0,0
91b98c4c832a5d30bb5c,2025-10-18 15:30:00,RB Leipzig,Hamburger SV,0,0,0
fb2999d5065049a716d8,2025-10-18 15:30:00,1. FSV Mainz 05,Bayer Leverkusen,0,0,0
f168923202e86497e1f1,2025-10-18 18:00:00,Torino,Napoli,0,0,0
d1e79004cd3e664ff292,2025-10-18 18:30:00,FC Bayern München,Borussia Dortmund,0,0,0
72e9d1d485f5a80e2572,2025-10-18 19:45:00,Leicester City FC,Portsmouth FC,0,0,0
73171bf04ec967e8673c,2025-10-18 20:45:00,AS Roma,FC Internazionale Milano,0,0,0
0ff5331d94ec631f427c,2025-10-19 00:00:00,Liverpool,Man United,2,2,2
f66d0c4d73b769b049b8,2025-10-19 00:00:00,Tottenham,Aston Villa,2,2,2
304f0453e305cec5d770,2025-10-19 12:30:00,Como,Juventus FC,0,0,0
baee869b532163f1923a,2025-10-19 15:00:00,Genoa,Parma,0,0,0
f5b83ba54aa9e479d240,2025-10-19 15:00:00,Cagliari,Bologna,0,0,0
f888c7901e6622680184,2025-10-19 15:30:00,SC Freiburg,Eintracht Frankfurt,0,0,0
a4f3ce5ebdf9c3a8ea30,2025-10-19 17:30:00,St. Pauli,TSG 1899 Hoffenheim,0,0,0
278c8198be0e2fe2efff,2025-10-19 18:00:00,Atalanta,Lazio,0,0,0
98a60e4f66f8a318dafa,2025-10-19 20:45:00,Milan,Fiorentina,0,0,0
6b4463018a465bd23f58,2025-10-20 00:00:00,West Ham,Brentford,2,2,2
9cb326017d15906ff48a,2025-10-20 20:45:00,Cremonese,Udinese,0,0,0
08c9b3c83c7322a8cc86,2025-10-21 00:00:00,Hull City AFC,Leicester City FC,0,0,0
5015cb69d6a048eddcd3,2025-10-21 00:00:00,Portsmouth FC,Coventry City FC,0,0,0
64cc9e3868d298dcac92,2025-10-21 00:00:00,Millwall FC,Stoke City FC,0,0,0
99f03b3aaee54270f5fb,2025-10-21 00:00:00,Derby County FC,Norwich City FC,0,0,0
9f111b279d9eb657c722,2025-10-21 00:00:00,Preston North End FC,Birmingham City FC,0,0,0
ffeb4b441273554702e1,2025-10-21 00:00:00,Ipswich Town FC,Charlton Athletic FC,0,0,0
13ccde9c4cce9c1ee831,2025-10-21 19:45:00,Blackburn Rovers FC,Sheffield United FC,0,0,0
50cac40792db99eee428,2025-10-21 20:00:00,Bristol City FC,Southampton FC,0,0,0
02c2b0fb66fe0b25485e,2025-10-22 00:00:00,Wrexham AFC,Oxford United FC,0,0,0
c5fbde336d4e593c9cc2,2025-10-22 00:00:00,Watford FC,West Bromwich Albion FC,0,0,0
de849e2ffb7f06f5b8a4,2025-10-22 19:45:00,Swansea City AFC,Queens Park Rangers FC,0,0,0
96919bf144187ac95f54,2025-10-22 20:00:00,Sheffield Wednesday FC,Middlesbrough FC,0,0,0
2a6d32e0f2aa12d827f7,2025-10-24 00:00:00,Leeds,West Ham,0,0,0
4bc251fdbd2af92e4421,2025-10-24 20:00:00,Preston North End FC,Sheffield United FC,0,0,0
61de0a6bef35e30772b2,2025-10-24 20:30:00,Werder Bremen,Union Berlin,0,0,0
57318cdee6d7ce22ef3d,2025-10-24 20:45:00,Milan,Pisa,0,0,0
019c454c4a38751c22aa,2025-10-25 00:00:00,Chelsea,Sunderland,0,0,0
2dba25c8dcaa9b44d5a2,2025-10-25 00:00:00,Man United,Brighton,2,2,2
48cbeef609b60510e260,2025-10-25 00:00:00,Hull City AFC,Charlton Athletic FC,0,0,0
6db9f8010079d2918c91,2025-10-25 00:00:00,Middlesbrough FC,Wrexham AFC,0,0,0
71de56f3d1650a9bc46a,2025-10-25 00:00:00,Ipswich Town FC,West Bromwich Albion FC,0,0,0
7c16aee803eb53ba5389,2025-10-25 00:00:00,Bristol City FC,Birmingham City FC,0,0,0
91e29ad08348486bea4a,2025-10-25 00:00:00,Portsmouth FC,Stoke City FC,0,0,0
92096f43510e359cf1d1,2025-10-25 00:00:00,Derby County FC,Queens Park Rangers FC,0,0,0
af804820120137e861b4,2025-10-25 00:00:00,Swansea City AFC,Norwich City FC,0,0,0
c8800b771f4c813ced05,2025-10-25 00:00:00,Newcastle,Fulham,2,2,2
d00c655b3e4f57e211ef,2025-10-25 00:00:00,Sheffield Wednesday FC,Oxford United FC,0,0,0
daf330c25bb77541ea6b,2025-10-25 00:00:00,Millwall FC,Leicester City FC,0,0,0
e43c6b375c62c733e2fb,2025-10-25 00:00:00,Brentford,Liverpool,2,2,2
5e0b9f7e7d55f1393643,2025-10-25 12:30:00,Coventry City FC,Watford FC,0,0,0
6cae5d80c2ff68079e4b,2025-10-25 15:00:00,Parma,Como,0,0,0
e1a95d1ddbd7b0cddb7e,2025-10-25 15:00:00,Blackburn Rovers FC,Southampton FC,0,0,0
e5841fdd7d6394039cc6,2025-10-25 15:00:00,Udinese,Lecce,0,0,0
13adb4461963b63a9d37,2025-10-25 15:30:00,FC Augsburg,RB Leipzig,0,0,0
44d84c427018374b79ef,2025-10-25 15:30:00,TSG 1899 Hoffenheim,Heidenheim,0,0,0
70757534cfd1f526f444,2025-10-25 15:30:00,Eintracht Frankfurt,St. Pauli,0,0,0
a430045cf9ecfa0f5f52,2025-10-25 15:30:00,Hamburger SV,Wolfsburg,0,0,0
a924f10316ade292c188,2025-10-25 15:45:00,Borussia M'gladbach,FC Bayern München,0,0,0
642b3a022568b957f105,2025-10-25 18:00:00,Napoli,FC Internazionale Milano,0,0,0
23e3057e15f2c3c6e4da,2025-10-25 18:30:00,Borussia Dortmund,1. FC Köln,0,0,0
865902432194e4f4f4a5,2025-10-25 20:45:00,Cremonese,Atalanta,0,0,0
51cec375531fb119a4b0,2025-10-26 00:00:00,Arsenal,Crystal Palace,3,3,3
55758f8a5fce5439506a,2025-10-26 00:00:00,Everton,Tottenham,2,2,2
c68eb2e08830b4135a6c,2025-10-26 00:00:00,Wolves,Burnley,0,0,0
dd954eeb70923971ae1c,2025-10-26 00:00:00,Aston Villa,Man City,2,2,2
f62e983e98060bbdefe0,2025-10-26 00:00:00,Bournemouth,Nott'm Forest,2,2,2
d41d0c7f175e18be6c6e,2025-10-26 12:30:00,Torino,Genoa,0,0,0
29f3fc6d43023d6188b5,2025-10-26 14:00:00,Sassuolo,AS Roma,0,0,0
e450390d2b18069fea83,2025-10-26 15:00:00,Hellas Verona,Cagliari,0,0,0
016f0a2a6f4e60c70fd0,2025-10-26 15:30:00,Bayer Leverkusen,SC Freiburg,0,0,0
96318c19f921f87afcfb,2025-10-26 17:30:00,VfB Stuttgart,1. FSV Mainz 05,0,0,0
db57072db168ffb1e435,2025-10-26 18:00:00,Fiorentina,Bologna,0,0,0
f7bcf5cedbf732d708ce,2025-10-26 20:45:00,Lazio,Juventus FC,0,0,0
878d61fec787c22cdb05,2025-10-28 18:30:00,Lecce,Napoli,0,0,0
7378e83fcded9f9d4401,2025-10-28 20:45:00,Atalanta,Milan,0,0,0
335720a7c81a35bea260,2025-10-29 18:30:00,Juventus FC,Udinese,0,0,0
506a3a1dd6a2f530c972,2025-10-29 18:30:00,AS Roma,Parma,0,0,0
56b90d749db28072c8bd,2025-10-29 18:30:00,Como,Hellas Verona,0,0,0
1524941cfd4fbaec4986,2025-10-29 20:45:00,Genoa,Cremonese,0,0,0
3589eec57103020c46d4,2025-10-29 20:45:00,Bologna,Torino,0,0,0
fc4bab0bf27cb8c00a63,2025-10-29 20:45:00,FC Internazionale Milano,Fiorentina,0,0,0
cf40e7a617e374dc50d0,2025-10-30 18:30:00,Cagliari,Sassuolo,0,0,0
704dabea227cc0672aad,2025-10-30 20:45:00,Pisa,Lazio,0,0,0
799e64fc68f55496c461,2025-10-31 20:00:00,Wrexham AFC,Coventry City FC,0,0,0
6c1b8cf1023074f453aa,2025-10-31 20:30:00,FC Augsburg,Borussia Dortmund,0,0,0
136289877da350ffd072,2025-11-01 00:00:00,Oxford United FC,Millwall FC,0,0,0
1883283c5b844dfaf868,2025-11-01 00:00:00,Queens Park Rangers FC,Ipswich Town FC,0,0,0
1b0db5e43f71283b6324,2025-11-01 00:00:00,Norwich City FC,Hull City AFC,0,0,0
1c36633559f51a9da59f,2025-11-01 00:00:00,Brighton,Leeds,0,0,0
2963544c194715f5f7f4,2025-11-01 00:00:00,Watford FC,Middlesbrough FC,0,0,0
35eeaf76b4c1f294e562,2025-11-01 00:00:00,Nott'm Forest,Man United,3,3,3
3b36d2bee7b8ffbe2947,2025-11-01 00:00:00,Southampton FC,Preston North End FC,0,0,0
3c9a0972aaade3631620,2025-11-01 00:00:00,Tottenham,Chelsea,2,2,2
3d40953af875f1612d92,2025-11-01 00:00:00,Liverpool,Aston Villa,2,2,2
3e315e4f1d5ba74ca7a6,2025-11-01 00:00:00,Stoke City FC,Bristol City FC,0,0,0
48a8990874268cd335a9,2025-11-01 00:00:00,Sheffield United FC,Derby County FC,0,0,0
4ef2173cfbe98b35a4c9,2025-11-01 00:00:00,Burnley,Arsenal,0,0,0
55677d6a0082039a0835,2025-11-01 00:00:00,Crystal Palace,Brentford,3,3,3
bcdda73a89ded885767a,2025-11-01 00:00:00,West Bromwich Albion FC,Sheffield Wednesday FC,0,0,0
c97621ff33223c66e952,2025-11-01 00:00:00,Charlton Athletic FC,Swansea City AFC,0,0,0
f33b4d09598d4e39da5f,2025-11-01 00:00:00,Fulham,Wolves,2,2,2
2ce50b1491a40a28f282,2025-11-01 12:30:00,Leicester City FC,Blackburn Rovers FC,0,0,0
6930852fbfe43118c991,2025-11-01 15:00:00,Birmingham City FC,Portsmouth FC,0,0,0
89db63be245e9490719b,2025-11-01 15:00:00,Udinese,Atalanta,0,0,0
3e6cdab6f1de0ead850e,2025-11-01 15:30:00,RB Leipzig,VfB Stuttgart,0,0,0
45796e294145026ccd1a,2025-11-01 15:30:00,1. FSV Mainz 05,Werder Bremen,0,0,0
4cd330d9cad45246e693,2025-11-01 15:30:00,Union Berlin,SC Freiburg,0,0,0
ae743b794c0eb9d22c8d,2025-11-01 15:30:00,St. Pauli,Borussia M'gladbach,0,0,0
ea21a487602a25a5613d,2025-11-01 15:30:00,Heidenheim,Eintracht Frankfurt,0,0,0
7e018f188e1545518fdf,2025-11-01 18:00:00,Napoli,Como,0,0,0
25afd39b600cb3f2abe2,2025-11-01 18:30:00,FC Bayern München,Bayer Leverkusen,0,0,0
c0c559fb08ff1dbda0d4,2025-11-01 20:45:00,Cremonese,Juventus FC,0,0,0
d7c5936b920e1d38d89e,2025-11-02 00:00:00,Man City,Bournemouth,2,2,2
dc563390afed8496871d,2025-11-02 00:00:00,West Ham,Newcastle,2,2,2
47183738693567df39df,2025-11-02 12:30:00,Hellas Verona,FC Internazionale Milano,0,0,0
6ff6ac37bdb1da826839,2025-11-02 15:00:00,Fiorentina,Lecce,0,0,0
f2f027915d1e043291cd,2025-11-02 15:00:00,Torino,Pisa,0,0,0
9e56ac899076e47e483a,2025-11-02 15:30:00,1. FC Köln,Hamburger SV,0,0,0
6bc84abdb9d7aa8dfa01,2025-11-02 17:30:00,Wolfsburg,TSG 1899 Hoffenheim,0,0,0
5cbb90f380ce92080e73,2025-11-02 18:00:00,Parma,Bologna,0,0,0
0fa624d058866d4b6b52,2025-11-02 20:45:00,Milan,AS Roma,0,0,0
9870f0c4cdc1cc8fd8cf,2025-11-03 00:00:00,Sunderland,Everton,0,0,0
4f47b52717cba178d560,2025-11-03 17:30:00,Sassuolo,Genoa,0,0,0
8b4dbab6ecae46228c8b,2025-11-03 20:45:00,Lazio,Cagliari,0,0,0
0157fdfbd499f72c15af,2025-11-04 00:00:00,Leicester City FC,Middlesbrough FC,0,0,0
182ec0979143d12e3ba4,2025-11-04 00:00:00,Derby County FC,Hull City AFC,0,0,0
37352ba25c62a205e4a3,2025-11-04 00:00:00,Ipswich Town FC,Watford FC,0,0,0
ba3a35b58ae91edb9c87,2025-11-04 00:00:00,Bristol City FC,Blackburn Rovers FC,0,0,0
c599303ad8e7cbb1f2ba,2025-11-04 00:00:00,Charlton Athletic FC,West Bromwich Albion FC,0,0,0
d36495606da661baf802,2025-11-04 00:00:00,Oxford United FC,Stoke City FC,0,0,0
c47c1ddfdacb7f09fae5,2025-11-04 19:45:00,Birmingham City FC,Millwall FC,0,0,0
633829dc2920366f3783,2025-11-04 20:00:00,Coventry City FC,Sheffield United FC,0,0,0
70e809f5d0716fb61246,2025-11-05 00:00:00,Queens Park Rangers FC,Southampton FC,0,0,0
aa5d78832064355a9910,2025-11-05 00:00:00,Sheffield Wednesday FC,Norwich City FC,0,0,0
1902c6af54f8ff6dfb46,2025-11-05 19:45:00,Preston North End FC,Swansea City AFC,0,0,0
1b0d0fb41787ec253525,2025-11-05 20:00:00,Portsmouth FC,Wrexham AFC,0,0,0
9e038b2a95a13545b022,2025-11-07 20:00:00,Watford FC,Bristol City FC,0,0,0
75f1ad7f0f19e9c9aa88,2025-11-07 20:30:00,Werder Bremen,Wolfsburg,0,0,0
ad13ad297438387d0880,2025-11-07 20:45:00,Pisa,Cremonese,0,0,0
01310f07bcd64184ad08,2025-11-08 00:00:00,Southampton FC,Sheffield Wednesday FC,0,0,0
0feaf279b5d14486161c,2025-11-08 00:00:00,Tottenham,Man United,3,3,3
158482f519243e97c208,2025-11-08 00:00:00,Chelsea,Wolves,2,2,2
393e6b0dcf7dfc2cc9ac,2025-11-08 00:00:00,Wrexham AFC,Charlton Athletic FC,0,0,0
3f76d13fe0875cacc611,2025-11-08 00:00:00,Sunderland,Arsenal,0,0,0
5dc217867e942afa98a6,2025-11-08 00:00:00,Norwich City FC,Leicester City FC,0,0,0
63509dfead43fdee470e,2025-11-08 00:00:00,Swansea City AFC,Ipswich Town FC,0,0,0
9180c32a088f3950bfff,2025-11-08 00:00:00,Stoke City FC,Coventry City FC,0,0,0
9c4455c8da0d87a5c08f,2025-11-08 00:00:00,Hull City AFC,Portsmouth FC,0,0,0
adbd8aa078207b11a9f0,2025-11-08 00:00:00,West Bromwich Albion FC,Oxford United FC,0,0,0
b4ed909424959c5a3da2,2025-11-08 00:00:00,West Ham,Burnley,0,0,0
b4f394927e32221764d6,2025-11-08 00:00:00,Everton,Fulham,3,3,3
e1824310052593ca2af6,2025-11-08 00:00:00,Sheffield United FC,Queens Park Rangers FC,0,0,0
fc34fd42dcec18fb8480,2025-11-08 00:00:00,Millwall FC,Preston North End FC,0,0,0
ed9b4893cf768a8defea,2025-11-08 12:30:00,Blackburn Rovers FC,Derby County FC,0,0,0
29e2edd16e541903cd5f,2025-11-08 15:00:00,Lecce,Hellas Verona,0,0,0
4d4df7552ffdb24003c0,2025-11-08 15:00:00,Como,Cagliari,0,0,0
c12f6091efbba9fb92cf,2025-11-08 15:00:00,Middlesbrough FC,Birmingham City FC,0,0,0
0809928c997545291aa8,2025-11-08 15:30:00,Bayer Leverkusen,Heidenheim,0,0,0
6fe25fe009b79d6b324a,2025-11-08 15:30:00,Hamburger SV,Borussia Dortmund,0,0,0
b25af877dd8325a79c58,2025-11-08 15:30:00,TSG 1899 Hoffenheim,RB Leipzig,0,0,0
e96e7f1dfcc743c4e0e6,2025-11-08 15:30:00,Union Berlin,FC Bayern München,0,0,0
b3347855797ec7c00ea2,2025-11-08 18:00:00,Juventus FC,Torino,0,0,0
0d58eafad5b87828b4e6,2025-11-08 18:30:00,Borussia M'gladbach,1. FC Köln,0,0,0
f40a937f0a509238f8ad,2025-11-08 20:45:00,Parma,Milan,0,0,0
29eaf9b6dd68cf4f0278,2025-11-09 00:00:00,Crystal Palace,Brighton,2,2,2
64f8383023703d6305b0,2025-11-09 00:00:00,Nott'm Forest,Leeds,0,0,0
896cc39eed96209aa79c,2025-11-09 00:00:00,Man City,Liverpool,2,2,2
949343bfaffd4ab290a0,2025-11-09 00:00:00,Brentford,Newcastle,2,2,2
d9dc193ebc00ae081570,2025-11-09 00:00:00,Aston Villa,Bournemouth,2,2,2
b7958c52ca1d8c532e54,2025-11-09 12:30:00,Atalanta,Sassuolo,0,0,0
531fd1ca53e4866ae744,2025-11-09 15:00:00,Genoa,Fiorentina,0,0,0
f25a5a7e1791d6933ad6,2025-11-09 15:00:00,Bologna,Napoli,0,0,0
10b159087fbc07645dae,2025-11-09 15:30:00,SC Freiburg,St. Pauli,0,0,0
7652753175bdde9a232d,2025-11-09 17:30:00,VfB Stuttgart,FC Augsburg,0,0,0
7ff56f069e34a08e931b,2025-11-09 18:00:00,AS Roma,Udinese,0,0,0
465689ffa121391781d2,2025-11-09 19:30:00,Eintracht Frankfurt,1. FSV Mainz 05,0,0,0
6cb6cc1b18a81cf0d722,2025-11-09 20:45:00,FC Internazionale Milano,Lazio,0,0,0
bdabe9a257a41fc5fc68,2025-11-21 20:00:00,Preston North End FC,Blackburn Rovers FC,0,0,0
b2be5c36e1e9f20476f8,2025-11-21 20:30:00,1. FSV Mainz 05,TSG 1899 Hoffenheim,0,0,0
08112c6df2fb715bcbc7,2025-11-22 00:00:00,Charlton Athletic FC,Southampton FC,0,0,0
2db24851b4b9c609b355,2025-11-22 00:00:00,Wolves,Crystal Palace,2,2,2
41d1d8bba327c038a380,2025-11-22 00:00:00,Brighton,Brentford,2,2,2
5b052551a366f99aa6cf,2025-11-22 00:00:00,Oxford United FC,Middlesbrough FC,0,0,0
639518721363f0430222,2025-11-22 00:00:00,Fulham,Sunderland,0,0,0
64dfabe4eaae3d6d36e2,2025-11-22 00:00:00,Bournemouth,West Ham,3,3,3
792b96a2f93d29273c6a,2025-11-22 00:00:00,Queens Park Rangers FC,Hull City AFC,0,0,0
82414dcac27680fed1f6,2025-11-22 00:00:00,Leicester City FC,Stoke City FC,0,0,0
840c36cc396167965d4c,2025-11-22 00:00:00,Derby County FC,Watford FC,0,0,0
8e039a22df5fce897d7b,2025-11-22 00:00:00,Burnley,Chelsea,0,0,0
9e83828ef383522dc85b,2025-11-22 00:00:00,Ipswich Town FC,Wrexham AFC,0,0,0
c9c7c2eb1fd1bcff1550,2025-11-22 00:00:00,Newcastle,Man City,3,3,3
cd6c396a247f14483012,2025-11-22 00:00:00,Portsmouth FC,Millwall FC,0,0,0
d2c1e02fb40ff573d951,2025-11-22 00:00:00,Coventry City FC,West Bromwich Albion FC,0,0,0
dcf074b86452c28ce818,2025-11-22 00:00:00,Liverpool,Nott'm Forest,2,2,2
a4a1809229e7434329a6,2025-11-22 12:30:00,Bristol City FC,Swansea City AFC,0,0,0
bbbb85e02170acff922c,2025-11-22 15:00:00,Udinese,Bologna,0,0,0
ef45e6fbc43120c379c5,2025-11-22 15:00:00,Birmingham City FC,Norwich City FC,0,0,0
fa72dfd749cea393fb09,2025-11-22 15:00:00,Cagliari,Genoa,0,0,0
2e481ff24e0cdbfffa75,2025-11-22 15:30:00,Wolfsburg,Bayer Leverkusen,0,0,0
3dd22f3b4944ca19de59,2025-11-22 15:30:00,FC Bayern München,SC Freiburg,0,0,0
7c26bcde6f64c8591d30,2025-11-22 15:30:00,FC Augsburg,Hamburger SV,0,0,0
8cfc9217b37d1382a3f0,2025-11-22 15:30:00,Borussia Dortmund,VfB Stuttgart,0,0,0
d906309a9ce8e144c29d,2025-11-22 15:30:00,Heidenheim,Borussia M'gladbach,0,0,0
e35efc56e187ed09c573,2025-11-22 18:00:00,Fiorentina,Juventus FC,0,0,0
9859edcbc9cefb37d17e,2025-11-22 18:30:00,1. FC Köln,Eintracht Frankfurt,0,0,0
a8047ebb8cf2df7af6e4,2025-11-22 20:45:00,Napoli,Atalanta,0,0,0
1e63d82db6ad1e6a0afc,2025-11-23 00:00:00,Leeds,Aston Villa,0,0,0
5c49145f8e881d32fb79,2025-11-23 00:00:00,Arsenal,Tottenham,2,2,2
7506ee175542edbdad43,2025-11-23 12:00:00,Sheffield Wednesday FC,Sheffield United FC,0,0,0
b1f41dc8bf9273cd4339,2025-11-23 12:30:00,Hellas Verona,Parma,0,0,0
60c7ba7f74f27a28b3a1,2025-11-23 15:00:00,Cremonese,AS Roma,0,0,0
77024e1e83c6c7010739,2025-11-23 15:30:00,RB Leipzig,Werder Bremen,0,0,0
09f1435d508a9c2a5d25,2025-11-23 17:30:00,St. Pauli,Union Berlin,0,0,0
339fdb67910552e5b2c2,2025-11-23 18:00:00,Lazio,Lecce,0,0,0
2923783828d932900613,2025-11-23 20:45:00,FC Internazionale Milano,Milan,0,0,0
a25f4fab820d0bae23b0,2025-11-24 00:00:00,Man United,Everton,2,2,2
5aeca299592c0016a4b8,2025-11-24 18:30:00,Torino,Como,0,0,0
327d0da927cf55e03ef9,2025-11-24 19:45:00,Sassuolo,Pisa,0,0,0
1037d19b63da33fa3feb,2025-11-25 00:00:00,Stoke City FC,Charlton Athletic FC,0,0,0
7249389d292c85274551,2025-11-25 00:00:00,Swansea City AFC,Derby County FC,0,0,0
a0ed4a9fab4352f87ad1,2025-11-25 00:00:00,Middlesbrough FC,Coventry City FC,0,0,0
bc765868ffbfc8cd25bd,2025-11-25 00:00:00,Norwich City FC,Oxford United FC,0,0,0
c7e048b54715a24a17ca,2025-11-25 00:00:00,Watford FC,Preston North End FC,0,0,0
5a72fbe80b692d74f648,2025-11-25 19:45:00,Hull City AFC,Ipswich Town FC,0,0,0
b39cfeba49076bcf2970,2025-11-25 20:00:00,Southampton FC,Leicester City FC,0,0,0
dc2345481d3573fb741f,2025-11-26 00:00:00,Wrexham AFC,Bristol City FC,0,0,0
dc93b4a8f432563edc0e,2025-11-26 00:00:00,Sheffield United FC,Portsmouth FC,0,0,0
dfcfa62361bfa94337a6,2025-11-26 00:00:00,Blackburn Rovers FC,Queens Park Rangers FC,0,0,0
4a051731780579780576,2025-11-26 19:45:00,Millwall FC,Sheffield Wednesday FC,0,0,0
fd0685477542492563ae,2025-11-26 20:00:00,West Bromwich Albion FC,Birmingham City FC,0,0,0
c0d086e8d7ab7f820fab,2025-11-28 20:00:00,Oxford United FC,Ipswich Town FC,0,0,0
b4d572890d37aa06893b,2025-11-28 20:30:00,Borussia M'gladbach,RB Leipzig,0,0,0
b1643865aa9e5a77af7a,2025-11-28 20:45:00,Como,Sassuolo,0,0,0
0384e39718b1ab01aeba,2025-11-29 00:00:00,Stoke City FC,Hull City AFC,0,0,0
09469001c8b78a0ebf18,2025-11-29 00:00:00,Wrexham AFC,Blackburn Rovers FC,0,0,0
36b1ec1ed78df5af94eb,2025-11-29 00:00:00,Tottenham,Fulham,2,2,2
58623d87218c1b2ff28b,2025-11-29 00:00:00,Sheffield Wednesday FC,Preston North End FC,0,0,0
597ca6321abd884f4729,2025-11-29 00:00:00,Millwall FC,Southampton FC,0,0,0
60b22b3952359eb6e142,2025-11-29 00:00:00,Norwich City FC,Queens Park Rangers FC,0,0,0
714433765c9e49bdee9f,2025-11-29 00:00:00,Everton,Newcastle,2,2,2
7b3a28171301320c8e39,2025-11-29 00:00:00,Portsmouth FC,Bristol City FC,0,0,0
b1a5c97fe46f75ced644,2025-11-29 00:00:00,West Bromwich Albion FC,Swansea City AFC,0,0,0
b784f8722924cd917477,2025-11-29 00:00:00,Middlesbrough FC,Derby County FC,0,0,0
bd447ce4ff2c3b437dbe,2025-11-29 00:00:00,Man City,Leeds,0,0,0
be65655566f0a0197c8c,2025-11-29 00:00:00,Brentford,Burnley,0,0,0
e73c7b06c7283ed08700,2025-11-29 00:00:00,Sunderland,Bournemouth,0,0,0
05df42529dcb9cd763f4,2025-11-29 12:30:00,Leicester City FC,Sheffield United FC,0,0,0
1e23bdc7ff7252ac86b0,2025-11-29 15:00:00,Parma,Udinese,0,0,0
8d78dfaff47e7dc79116,2025-11-29 15:00:00,Coventry City FC,Charlton Athletic FC,0,0,0
dfe43695286840175625,2025-11-29 15:00:00,Genoa,Hellas Verona,0,0,0
11b85144a98d27b85c8e,2025-11-29 15:30:00,Union Berlin,Heidenheim,0,0,0
37904aff2e8d8e911a42,2025-11-29 15:30:00,TSG 1899 Hoffenheim,FC Augsburg,0,0,0
83ae8c93a9ec0fc02330,2025-11-29 15:30:00,FC Bayern München,St. Pauli,0,0,0
d331a94a8c34d58a0419,2025-11-29 15:30:00,Werder Bremen,1. FC Köln,0,0,0
379a25852a3128cec459,2025-11-29 18:00:00,Juventus FC,Cagliari,0,0,0
b85a8516cfc3dc5f44b7,2025-11-29 18:30:00,Bayer Leverkusen,Borussia Dortmund,0,0,0
b74df56624562251f86c,2025-11-29 20:45:00,Milan,Lazio,0,0,0
0a980f4de951f5ec811d,2025-11-30 00:00:00,Aston Villa,Wolves,2,2,2
0e37f0a112644e6af3cc,2025-11-30 00:00:00,Nott'm Forest,Brighton,2,2,2
2dca4d67f9836e0e2987,2025-11-30 00:00:00,West Ham,Liverpool,2,2,2
3ef983ca5fc103c6d00d,2025-11-30 00:00:00,Crystal Palace,Man United,2,2,2
5b5f1c147b677861b299,2025-11-30 00:00:00,Chelsea,Arsenal,2,2,2
5a75e8dcdcd95235a4f6,2025-11-30 12:30:00,Lecce,Torino,0,0,0
194fd5f22159d05b6eda,2025-11-30 15:00:00,Pisa,FC Internazionale Milano,0,0,0
161706bc9a4adb83cfe5,2025-11-30 15:30:00,Hamburger SV,VfB Stuttgart,0,0,0
4fb08318599f6cf9eda0,2025-11-30 17:30:00,Eintracht Frankfurt,Wolfsburg,0,0,0
a16d2ebfdc8af7122dd4,2025-11-30 18:00:00,Atalanta,Fiorentina,0,0,0
24c7350ff4f22025867d,2025-11-30 19:30:00,SC Freiburg,1. FSV Mainz 05,0,0,0
0d2fb7b2fb4d4f0c60ea,2025-11-30 20:45:00,AS Roma,Napoli,0,0,0
66de4b2b585b71c4328c,2025-12-01 20:00:00,Birmingham City FC,Watford FC,0,0,0
56ef4ea99ef3b5f71090,2025-12-01 20:45:00,Bologna,Cremonese,0,0,0
0ecb5b07aeeefd311c75,2025-12-02 00:00:00,Bournemouth,Everton,2,2,2
3efcc903cd982f175b8a,2025-12-02 00:00:00,Fulham,Man City,2,2,2
7b841a370e196e97b6fb,2025-12-02 00:00:00,Newcastle,Tottenham,2,2,2
2599e351cd2d47f2974d,2025-12-02 19:45:00,Blackburn Rovers FC,Ipswich Town FC,0,0,0
4408f4b42da56b1dfc3b,2025-12-03 00:00:00,Burnley,Crystal Palace,0,0,0
5bfe91045d60ec3a5fe5,2025-12-03 00:00:00,Wolves,Nott'm Forest,2,2,2
8309d219d4ce49c9a927,2025-12-03 00:00:00,Brighton,Aston Villa,2,2,2
a1566cb6acd05465c79d,2025-12-03 00:00:00,Leeds,Chelsea,0,0,0
a7349823eb13e51c717a,2025-12-03 00:00:00,Liverpool,Sunderland,0,0,0
bc8f82aa88014b7959ed,2025-12-03 00:00:00,Arsenal,Brentford,2,2,2
7f02e4924e7579f140a9,2025-12-04 00:00:00,Man United,West Ham,2,2,2
0d5411f04564a2a9f8ee,2025-12-05 20:15:00,Hull City AFC,Middlesbrough FC,0,0,0
4a6fc602d37d664fea49,2025-12-05 20:30:00,1. FSV Mainz 05,Borussia M'gladbach,0,0,0
066e39ea73f4efc5dd97,2025-12-06 00:00:00,Man City,Sunderland,0,0,0
1a12e36bda8e6ab57bec,2025-12-06 00:00:00,Swansea City AFC,Oxford United FC,0,0,0
1d2c3df0e6083d31bd2f,2025-12-06 00:00:00,Preston North End FC,Wrexham AFC,0,0,0
3f092b5fef13c342e4ba,2025-12-06 00:00:00,Sheffield United FC,Stoke City FC,0,0,0
4e4e3c6dc251322089e0,2025-12-06 00:00:00,Tottenham,Brentford,3,3,3
5305ca6899712284caea,2025-12-06 00:00:00,Southampton FC,Birmingham City FC,0,0,0
555fcedac484e02c9e9c,2025-12-06 00:00:00,Ipswich Town FC,Coventry City FC,0,0,0
5c1a4523e2c191bf807c,2025-12-06 00:00:00,Leeds,Liverpool,0,0,0
6466b4b08208ae1fc1a5,2025-12-06 00:00:00,Watford FC,Norwich City FC,0,0,0
763771fe54e2179e75d4,2025-12-06 00:00:00,Everton,Nott'm Forest,2,2,2
916da3e47d4ab0f1c9b8,2025-12-06 00:00:00,Queens Park Rangers FC,West Bromwich Albion FC,0,0,0
da920d077d4e32985a30,2025-12-06 00:00:00,Newcastle,Burnley,0,0,0
e19e9b35108709deb58b,2025-12-06 00:00:00,Aston Villa,Arsenal,2,2,2
e47224b201444453bf44,2025-12-06 00:00:00,Bournemouth,Chelsea,2,2,2
46ccaab9fa876510f7e2,2025-12-06 12:30:00,Derby County FC,Leicester City FC,0,0,0
d428c7ee999461658342,2025-12-06 14:00:00,Sassuolo,Fiorentina,0,0,0
1bbf383bdbffb8d418ab,2025-12-06 15:00:00,Bristol City FC,Millwall FC,0,0,0
1da2ddedad03ab19951f,2025-12-06 15:30:00,Wolfsburg,Union Berlin,0,0,0
b77a139bb20525bc87c0,2025-12-06 15:30:00,Heidenheim,SC Freiburg,0,0,0
ce3910a4ec99113797fc,2025-12-06 15:30:00,VfB Stuttgart,FC Bayern München,0,0,0
fa1ff61c676f10d65919,2025-12-06 15:30:00,FC Augsburg,Bayer Leverkusen,0,0,0
fbaffe9b3623a78ae2ea,2025-12-06 15:30:00,1. FC Köln,St. Pauli,0,0,0
2840e0b0fb382fe7335e,2025-12-06 18:00:00,FC Internazionale Milano,Como,0,0,0
7cad2fb6a7168c9a9614,2025-12-06 18:30:00,RB Leipzig,Eintracht Frankfurt,0,0,0
165619cb952787dd07b9,2025-12-06 20:45:00,Hellas Verona,Atalanta,0,0,0
33cf7304f79ce1dc868e,2025-12-07 00:00:00,Brighton,West Ham,3,3,3
76b34634894266545c3c,2025-12-07 00:00:00,Fulham,Crystal Palace,2,2,2
d0a6a53e437ead35290b,2025-12-07 12:30:00,Cremonese,Lecce,0,0,0
ddcf0a38d7ee7735ae0f,2025-12-07 15:00:00,Cagliari,AS Roma,0,0,0
4d4a41538271b9066070,2025-12-07 15:30:00,Hamburger SV,Werder Bremen,0,0,0
7c9a5393dd08fe2bfee7,2025-12-07 17:30:00,Borussia Dortmund,TSG 1899 Hoffenheim,0,0,0
0f6ce34ba10503979987,2025-12-07 18:00:00,Lazio,Bologna,0,0,0
517dbdcadfddf8778f9a,2025-12-07 20:45:00,Napoli,Juventus FC,0,0,0
c048a840caeafb047e14,2025-12-08 00:00:00,Wolves,Man United,3,3,3
cd5be305133be68f089a,2025-12-08 15:00:00,Pisa,Parma,0,0,0
b91ee03585fed01c22ff,2025-12-08 18:00:00,Udinese,Genoa,0,0,0
5865ee0bfa973c2339a9,2025-12-08 20:45:00,Torino,Milan,0,0,0
139eb6bc37a72874a6b0,2025-12-09 00:00:00,Sheffield United FC,Norwich City FC,0,0,0
2924c124d963e696d07b,2025-12-09 00:00:00,Watford FC,Sheffield Wednesday FC,0,0,0
5d5e1cb54885bfa1555b,2025-12-09 00:00:00,Southampton FC,West Bromwich Albion FC,0,0,0
7c8adc3b5f0747478df8,2025-12-09 00:00:00,Charlton Athletic FC,Middlesbrough FC,0,0,0
96ec9b12d20112259829,2025-12-09 00:00:00,Swansea City AFC,Portsmouth FC,0,0,0
a9c6f7ebad2e7b3fd589,2025-12-09 00:00:00,Preston North End FC,Coventry City FC,0,0,0
4f48cacffcf822d98804,2025-12-09 19:45:00,Blackburn Rovers FC,Oxford United FC,0,0,0
e3ddfe026a4ac40e39e3,2025-12-09 20:00:00,Queens Park Rangers FC,Birmingham City FC,0,0,0
1a04b9156ae7f8032f6f,2025-12-10 00:00:00,Ipswich Town FC,Stoke City FC,0,0,0
a283320e8f32438379e7,2025-12-10 00:00:00,Derby County FC,Millwall FC,0,0,0
2c4bd0f394cc45a3667d,2025-12-10 19:45:00,Bristol City FC,Leicester City FC,0,0,0
28ef4079c4e36a492ef7,2025-12-10 20:00:00,Hull City AFC,Wrexham AFC,0,0,0
89aee85e0affcb9db718,2025-12-12 20:00:00,West Bromwich Albion FC,Sheffield United FC,0,0,0
dc1fcd7e07eb77daa049,2025-12-12 20:30:00,Union Berlin,RB Leipzig,0,0,0
7805940074da6dbdd8f6,2025-12-12 20:45:00,Lecce,Pisa,0,0,0
0fc8c1fe6410cd805729,2025-12-13 00:00:00,Leicester City FC,Ipswich Town FC,0,0,0
114d431a2ebb603a4288,2025-12-13 00:00:00,Chelsea,Everton,2,2,2
2740cfd83cdf47d8f433,2025-12-13 00:00:00,Middlesbrough FC,Queens Park Rangers FC,0,0,0
2b21ad70679e123311fa,2025-12-13 00:00:00,Millwall FC,Hull City AFC,0,0,0
770836b5d4f23fcc80d4,2025-12-13 00:00:00,Wrexham AFC,Watford FC,0,0,0
81dd0896d683a99b2ff7,2025-12-13 00:00:00,Coventry City FC,Bristol City FC,0,0,0
8319b59c45d84da5f4e5,2025-12-13 00:00:00,Stoke City FC,Swansea City AFC,0,0,0
8ae92f8eeb414d76d14d,2025-12-13 00:00:00,Burnley,Fulham,0,0,0
d52ad8b7408e249173f9,2025-12-13 00:00:00,Arsenal,Wolves,2,2,2
e998fe7dd16c78479699,2025-12-13 00:00:00,Oxford United FC,Preston North End FC,0,0,0
eeab8a05b6f00335f3b4,2025-12-13 00:00:00,Portsmouth FC,Blackburn Rovers FC,0,0,0
f1fd242ab6c4293dd86f,2025-12-13 00:00:00,Liverpool,Brighton,2,2,2
d9d649286dedb4a503aa,2025-12-13 12:30:00,Norwich City FC,Southampton FC,0,0,0
6138119e4a473a95e96f,2025-12-13 15:00:00,Torino,Cremonese,0,0,0
ab287579ddc21ba25d6d,2025-12-13 15:00:00,Birmingham City FC,Charlton Athletic FC,0,0,0
39cad56f22af8563d898,2025-12-13 15:30:00,Eintracht Frankfurt,FC Augsburg,0,0,0
401c18b5b43bd90bd897,2025-12-13 15:30:00,Borussia M'gladbach,Wolfsburg,0,0,0
9be48355b42078c60ef3,2025-12-13 15:30:00,TSG 1899 Hoffenheim,Hamburger SV,0,0,0
9de6195eebfdc5fdf6dd,2025-12-13 15:30:00,St. Pauli,Heidenheim,0,0,0
5f9431dd8ee72325ef33,2025-12-13 18:00:00,Parma,Lazio,0,0,0
fa9122c2aa33ffef4c34,2025-12-13 18:30:00,Bayer Leverkusen,1. FC Köln,0,0,0
c6c9bfc3c45d3fb1c94e,2025-12-13 20:45:00,Atalanta,Cagliari,0,0,0
2258d6ebf6c9e852d529,2025-12-14 00:00:00,Sunderland,Newcastle,0,0,0
5e2bbb20ba5f265d271c,2025-12-14 00:00:00,Nott'm Forest,Tottenham,2,2,2
6a922ae24ea7adc27252,2025-12-14 00:00:00,West Ham,Aston Villa,2,2,2
73bdfa037f516983a61c,2025-12-14 00:00:00,Brentford,Leeds,0,0,0
9b01c93b9d99ff18e3f5,2025-12-14 00:00:00,Crystal Palace,Man City,2,2,2
036a609a487ef7a56ffe,2025-12-14 12:30:00,Milan,Sassuolo,0,0,0
a81d69e3ce5d77b2593c,2025-12-14 15:00:00,Udinese,Napoli,0,0,0
fb0aabfec0db3d896ed0,2025-12-14 15:00:00,Fiorentina,Hellas Verona,0,0,0
94c0e62dc6f36d13a511,2025-12-14 15:30:00,SC Freiburg,Borussia Dortmund,0,0,0
531b41f7a69f7132541c,2025-12-14 17:30:00,FC Bayern München,1. FSV Mainz 05,0,0,0
99915192aeb1e22b5c0a,2025-12-14 18:00:00,Genoa,FC Internazionale Milano,0,0,0
f285678843d25bb7b63e,2025-12-14 19:30:00,Werder Bremen,VfB Stuttgart,0,0,0
3eca00aa3953b1be22d5,2025-12-14 20:45:00,Bologna,Juventus FC,0,0,0
59a34df41ac320db11e5,2025-12-15 00:00:00,Man United,Bournemouth,2,2,2
1b77e4ff8a93338a032c,2025-12-15 20:00:00,Sheffield Wednesday FC,Derby County FC,0,0,0
08b45a4dfceb69610d87,2025-12-15 20:45:00,AS Roma,Como,0,0,0
0f9b5222aaac0f0a931c,2025-12-19 20:00:00,Swansea City AFC,Wrexham AFC,0,0,0
89669cb9c07e0da541a4,2025-12-19 20:30:00,Borussia Dortmund,Borussia M'gladbach,0,0,0
31dd4ebaaf43a649a78b,2025-12-20 00:00:00,Southampton FC,Coventry City FC,0,0,0
394347471ed217467fa2,2025-12-20 00:00:00,Wolves,Brentford,2,2,2
3f381476040ae96ecd51,2025-12-20 00:00:00,Watford FC,Stoke City FC,0,0,0
447dc9c8a6d45cd6cdc2,2025-12-20 00:00:00,Brighton,Sunderland,0,0,0
4eb7e199c28df7fada10,2025-12-20 00:00:00,Newcastle,Chelsea,2,2,2
598adcdf86b1912a31df,2025-12-20 00:00:00,Tottenham,Liverpool,2,2,2
718a44d86a4886e1a40c,2025-12-20 00:00:00,Bournemouth,Burnley,0,0,0
81526c3efc4935922089,2025-12-20 00:00:00,Preston North End FC,Norwich City FC,0,0,0
853552f30be82fa4da64,2025-12-20 00:00:00,Man City,West Ham,2,2,2
85da44785a24292e8d6e,2025-12-20 00:00:00,Sheffield United FC,Birmingham City FC,0,0,0
90865a1883fd5f853800,2025-12-20 00:00:00,Ipswich Town FC,Sheffield Wednesday FC,0,0,0
9b34e322c8a0aaa339d8,2025-12-20 00:00:00,Queens Park Rangers FC,Leicester City FC,0,0,0
aae441cf781df2d4bef3,2025-12-20 00:00:00,Leeds,Crystal Palace,0,0,0
d90d33eb40b684dbecfa,2025-12-20 00:00:00,Hull City AFC,West Bromwich Albion FC,0,0,0
e1e2027665cdf699f125,2025-12-20 00:00:00,Everton,Arsenal,2,2,2
e23013841a180880485f,2025-12-20 00:00:00,Charlton Athletic FC,Oxford United FC,0,0,0
eec1f81d45f01fccffe3,2025-12-20 00:00:00,Derby County FC,Portsmouth FC,0,0,0
683160c5350a281d4256,2025-12-20 12:30:00,Blackburn Rovers FC,Millwall FC,0,0,0
01b9d4c2e37d702b1647,2025-12-20 15:00:00,Bristol City FC,Middlesbrough FC,0,0,0
3495109b08ddc38ab6e9,2025-12-20 15:30:00,Hamburger SV,Eintracht Frankfurt,0,0,0
391a7dd29b678f73b4c0,2025-12-20 15:30:00,Wolfsburg,SC Freiburg,0,0,0
916ffd090db1b02eb9ce,2025-12-20 15:30:00,VfB Stuttgart,TSG 1899 Hoffenheim,0,0,0
b5bdb513162ccdf71d56,2025-12-20 15:30:00,1. FC Köln,Union Berlin,0,0,0
f14971ead3766ccd43df,2025-12-20 15:30:00,FC Augsburg,Werder Bremen,0,0,0
4a96e70518393fcc1cd2,2025-12-20 18:00:00,Lazio,Cremonese,0,0,0
cba13e8173eb07f7f041,2025-12-20 18:30:00,RB Leipzig,Bayer Leverkusen,0,0,0
37c0b4477c8843daf76d,2025-12-20 20:45:00,Juventus FC,AS Roma,0,0,0
b30006f2504e4d2c89b2,2025-12-21 00:00:00,Aston Villa,Man United,2,2,2
e898d4599fe7b03b68b8,2025-12-21 12:30:00,Cagliari,Pisa,0,0,0
8ebcfb4210d183c63220,2025-12-21 14:00:00,Sassuolo,Torino,0,0,0
a62b5af80c977083572b,2025-12-21 15:30:00,1. FSV Mainz 05,St. Pauli,0,0,0
0ca75d71d84a91d860c4,2025-12-21 17:30:00,Heidenheim,FC Bayern München,0,0,0
c8f03e132b378ea03411,2025-12-21 18:00:00,Fiorentina,Udinese,0,0,0
70f36867709506b8a2c8,2025-12-21 20:45:00,Genoa,Atalanta,0,0,0
f077aa5deac79d847385,2025-12-22 00:00:00,Fulham,Nott'm Forest,2,2,2
0135f9e721ea118a16b5,2025-12-26 00:00:00,Leicester City FC,Watford FC,0,0,0
3a4986e5a210737ecbcf,2025-12-26 00:00:00,Oxford United FC,Southampton FC,0,0,0
92e6a9f13802cc388dbb,2025-12-26 00:00:00,Norwich City FC,Charlton Athletic FC,0,0,0
a37c422d40c35b51ec70,2025-12-26 00:00:00,Middlesbrough FC,Blackburn Rovers FC,0,0,0
ace660d0f85cc3d2045f,2025-12-26 00:00:00,Portsmouth FC,Queens Park Rangers FC,0,0,0
ad33b192a634c91af6fa,2025-12-26 00:00:00,Stoke City FC,Preston North End FC,0,0,0
cca3e6d5dbda0b665d59,2025-12-26 00:00:00,Man United,Newcastle,2,2,2
d8d0593c4fcf903eccb3,2025-12-26 00:00:00,Sheffield Wednesday FC,Hull City AFC,0,0,0
de293a1eaf5a41bb0854,2025-12-26 00:00:00,West Bromwich Albion FC,Bristol City FC,0,0,0
34fffce6a0e54605f6f5,2025-12-26 12:30:00,Birmingham City FC,Derby County FC,0,0,0
5a2e2b813bcb949c96b9,2025-12-26 13:00:00,Millwall FC,Ipswich Town FC,0,0,0
99f44a370f2da764ff7e,2025-12-26 15:00:00,Coventry City FC,Swansea City AFC,0,0,0
f830f4d0bfcb210161f4,2025-12-26 17:30:00,Wrexham AFC,Sheffield United FC,0,0,0
55328813a18b3cd6a933,2025-12-27 00:00:00,West Ham,Fulham,2,2,2
846c015c4fae9c979d15,2025-12-27 00:00:00,Nott'm Forest,Man City,2,2,2
968d74f1d7841988709d,2025-12-27 00:00:00,Liverpool,Wolves,2,2,2
a3c3de3e99471c000ec3,2025-12-27 00:00:00,Brentford,Bournemouth,2,2,2
cdf9e380e117c0866552,2025-12-27 00:00:00,Chelsea,Aston Villa,2,2,2
f0d95c52606bbd9010ee,2025-12-27 00:00:00,Arsenal,Brighton,2,2,2
fd8523bd7e6996794800,2025-12-27 00:00:00,Burnley,Everton,0,0,0
647c51a049cd271da26d,2025-12-27 12:30:00,Parma,Fiorentina,0,0,0
2ac9f9a60c444a170902,2025-12-27 15:00:00,Lecce,Como,0,0,0
8bcc12dd6e1a44b1eefb,2025-12-27 15:00:00,Torino,Cagliari,0,0,0
8373fc7b91c929118467,2025-12-27 18:00:00,Udinese,Lazio,0,0,0
44f77325beadb82d4225,2025-12-27 20:45:00,Pisa,Juventus FC,0,0,0
a2ace180d94883dffc78,2025-12-28 00:00:00,Crystal Palace,Tottenham,2,2,2
b67b89bddaf8f4426571,2025-12-28 00:00:00,Sunderland,Leeds,2,2,2
d822f0aa7aefe98ec8f3,2025-12-28 12:30:00,Milan,Hellas Verona,0,0,0
671fdaf04df36c39d170,2025-12-28 15:00:00,Cremonese,Napoli,0,0,0
f095ac391ebc36cdd3cd,2025-12-28 18:00:00,Bologna,Sassuolo,0,0,0
48a73bb06c93c235f056,2025-12-28 20:45:00,Atalanta,FC Internazionale Milano,0,0,0
0ee1b1bc313545aa03e4,2025-12-29 00:00:00,Wrexham AFC,Preston North End FC,1,1,1
117de46644c948b99a27,2025-12-29 00:00:00,Middlesbrough FC,Hull City AFC,1,1,1
19501bc9f702d58819cb,2025-12-29 00:00:00,West Bromwich Albion FC,Queens Park Rangers FC,1,1,1
4c0f17355d4a7075e07a,2025-12-29 00:00:00,Norwich City FC,Watford FC,1,1,1
712a69b82f65805d6be4,2025-12-29 00:00:00,Millwall FC,Bristol City FC,1,1,1
76d76b6fe6769efd2211,2025-12-29 00:00:00,Stoke City FC,Sheffield United FC,1,1,1
91b2c1c0f64632c6f1be,2025-12-29 00:00:00,Sheffield Wednesday FC,Blackburn Rovers FC,0,0,0
a38005ed28a788da4871,2025-12-29 00:00:00,Oxford United FC,Swansea City AFC,1,1,1
fc6ceba836f2bf79f278,2025-12-29 00:00:00,Portsmouth FC,Charlton Athletic FC,0,0,0
e0d81b46e99917ff733c,2025-12-29 18:00:00,Coventry City FC,Ipswich Town FC,1,1,1
554fa18a538376d09ed4,2025-12-29 19:45:00,Leicester City FC,Derby County FC,1,1,1
dee65cb83a21c31624ad,2025-12-29 20:15:00,Birmingham City FC,Southampton FC,1,1,1
23d7a715de081d2837b6,2025-12-29 20:45:00,AS Roma,Genoa,0,0,0
2e01d53f1b8117d3db86,2025-12-30 00:00:00,Arsenal,Aston Villa,3,3,3
35dfcf789b418998ce94,2025-12-30 00:00:00,Burnley,Newcastle,1,1,1
4e7bcc2bb68cba88b05e,2025-12-30 00:00:00,Chelsea,Bournemouth,3,3,3
5632c515a8631b965ee7,2025-12-30 00:00:00,West Ham,Brighton,3,4,4
83945af483e5e90c913d,2025-12-30 00:00:00,Nott'm Forest,Everton,3,3,3
a4330ca203a61790a680,2025-12-30 00:00:00,Man United,Wolves,3,4,4
0d7a4d9751594c4aba6c,2026-01-01 00:00:00,Liverpool,Leeds,1,1,1
22d842d8856cfb54bb9e,2026-01-01 00:00:00,Charlton Athletic FC,Coventry City FC,1,1,1
251658504a5a618a4488,2026-01-01 00:00:00,Southampton FC,Millwall FC,1,1,1
25935b0e5ea76d5d6f6d,2026-01-01 00:00:00,Crystal Palace,Fulham,3,3,3
2ffd98651109b722ad7b,2026-01-01 00:00:00,Preston North End FC,Sheffield Wednesday FC,1,1,1
35a885324addc0031656,2026-01-01 00:00:00,Ipswich Town FC,Oxford United FC,1,1,1
3a613e614add1f8d049e,2026-01-01 00:00:00,Brentford,Tottenham,3,4,4
5dff0635ca43c3274c60,2026-01-01 00:00:00,Queens Park Rangers FC,Norwich City FC,1,1,1
8c7c87d1326638ba8f29,2026-01-01 00:00:00,Derby County FC,Middlesbrough FC,1,1,1
9dc1ba460baa45add1e9,2026-01-01 00:00:00,Hull City AFC,Stoke City FC,1,1,1
bc01df7ce142b224a40b,2026-01-01 00:00:00,Sunderland,Man City,1,1,1
cdd85deb5b7c2acc0a4a,2026-01-01 00:00:00,Watford FC,Birmingham City FC,1,1,1
fec7127ff47d98ab3b0b,2026-01-01 00:00:00,Swansea City AFC,West Bromwich Albion FC,1,1,1
90e30122bafb9ffbc6b5,2026-01-01 12:30:00,Blackburn Rovers FC,Wrexham AFC,1,1,1
548ac9b8f6de0ce3b7ce,2026-01-01 15:00:00,Bristol City FC,Portsmouth FC,1,1,1
9708a58ce3c7c4be3052,2026-01-01 17:30:00,Sheffield United FC,Leicester City FC,1,1,1
adcdc436d5816256b383,2026-01-02 20:45:00,Cagliari,Milan,0,0,0
0a78e4e3d3841fafd32c,2026-01-03 00:00:00,Brighton,Burnley,0,0,0
594735afea10627d1dce,2026-01-03 00:00:00,Wolves,West Ham,2,2,2
5ba729fe36cc37b45d1e,2026-01-03 00:00:00,Aston Villa,Nott'm Forest,2,2,2
bf7667b41019eb8395c8,2026-01-03 00:00:00,Bournemouth,Arsenal,2,2,2
d36c49e1c3a43ad7406d,2026-01-03 12:30:00,Como,Udinese,0,0,0
4cf2444e551b3468d75d,2026-01-03 14:00:00,Sassuolo,Parma,0,0,0
213473e82f2ec24f0e3d,2026-01-03 15:00:00,Genoa,Pisa,0,0,0
bb61f7d679324a9c6ed3,2026-01-03 18:00:00,Juventus FC,Lecce,0,0,0
e9b2d6a867449655a406,2026-01-03 20:45:00,Atalanta,AS Roma,0,0,0
21030772c6e65f23bdda,2026-01-04 00:00:00,Middlesbrough FC,Southampton FC,1,1,1
28e03bc5b349095f57f5,2026-01-04 00:00:00,Millwall FC,Swansea City AFC,1,1,1
35548d011a81e05284ab,2026-01-04 00:00:00,Derby County FC,Wrexham AFC,1,1,1
5094c230c7cd854203c6,2026-01-04 00:00:00,Newcastle,Crystal Palace,2,2,2
5baa6f29277dccca407d,2026-01-04 00:00:00,Queens Park Rangers FC,Sheffield Wednesday FC,1,1,1
61ccddd8b14354673537,2026-01-04 00:00:00,Leeds,Man United,0,0,0
7cba86aa60afe23711bc,2026-01-04 00:00:00,Man City,Chelsea,2,2,2
84bbb7fafba8007fb376,2026-01-04 00:00:00,Bristol City FC,Preston North End FC,1,1,1
92a25135884a21d01150,2026-01-04 00:00:00,Everton,Brentford,2,2,2
d673742dcaef43892d54,2026-01-04 00:00:00,Norwich City FC,Stoke City FC,1,1,1
f9fa32bcc7bfec8a8ab0,2026-01-04 00:00:00,Tottenham,Sunderland,0,0,0
fc807e296e0b4a6c892d,2026-01-04 00:00:00,Fulham,Liverpool,2,2,2
e3fe3173a3875ea56c8f,2026-01-04 12:00:00,Birmingham City FC,Coventry City FC,1,1,1
6ed94e56aae712906cf6,2026-01-04 12:30:00,Lazio,Napoli,0,0,0
01a09b70cb3e2c5c85e4,2026-01-04 15:00:00,Fiorentina,Cremonese,0,0,0
bd0b6bd83747fb2432ac,2026-01-04 15:00:00,Blackburn Rovers FC,Charlton Athletic FC,1,1,1
4dff5d3493202b70c714,2026-01-04 18:00:00,Hellas Verona,Torino,0,0,0
e88c95a0ced93912ff0f,2026-01-04 20:45:00,FC Internazionale Milano,Bologna,0,0,0
279018714361057c8544,2026-01-05 20:00:00,Leicester City FC,West Bromwich Albion FC,1,1,1
ce4d406e7489941d81d9,2026-01-06 00:00:00,West Ham,Nott'm Forest,3,3,3
9bad3b512c267d158a0c,2026-01-06 15:00:00,Pisa,Como,0,0,0
eeca770e2392333426b4,2026-01-06 18:00:00,Lecce,AS Roma,0,0,0
367ed4f9b0614b20e766,2026-01-06 19:45:00,Sassuolo,Juventus FC,0,0,0
0c4a730811ba6c8b59a0,2026-01-07 00:00:00,Burnley,Man United,1,1,1
47b12c13076dd316e1cd,2026-01-07 00:00:00,Man City,Brighton,3,3,3
98fe28f93193c26d32fe,2026-01-07 00:00:00,Crystal Palace,Aston Villa,3,3,3
9c4cf3f4b385730226f9,2026-01-07 00:00:00,Bournemouth,Tottenham,3,4,4
ba3326b29e40dfa891c6,2026-01-07 00:00:00,Newcastle,Leeds,1,1,1
e5a6a4b94e118564efdd,2026-01-07 00:00:00,Fulham,Chelsea,3,3,3
f53c53d5dd0117867b08,2026-01-07 00:00:00,Brentford,Sunderland,1,1,1
f9c1f45372d97b20d2e2,2026-01-07 00:00:00,Everton,Wolves,3,4,4
6d207770b792b0da2a37,2026-01-07 18:30:00,Napoli,Hellas Verona,0,0,0
b25a99951a6d61fe8970,2026-01-07 18:30:00,Bologna,Atalanta,0,0,0
176d867fc5f10f9421e1,2026-01-07 20:45:00,Torino,Udinese,0,0,0
58d0343b16ed9b1bcad5,2026-01-07 20:45:00,Lazio,Fiorentina,0,0,0
849cfd4efdef9b8a4dc9,2026-01-07 20:45:00,Parma,FC Internazionale Milano,0,0,0
4daaa0ec10b234d813b4,2026-01-08 00:00:00,Arsenal,Liverpool,3,3,3
c0563942534b5746303d,2026-01-08 18:30:00,Cremonese,Cagliari,0,0,0
568b07a025a90f6ddab2,2026-01-08 20:45:00,Milan,Genoa,0,0,0
00b6a4b9c9f46d814c97,2026-01-09 20:30:00,Eintracht Frankfurt,Borussia Dortmund,0,0,0
31b173826e73d5218daa,2026-01-10 15:00:00,Como,Bologna,1,1,1
a37050b0d0154415d9fa,2026-01-10 15:00:00,Udinese,Pisa,1,1,1
00aa8f9d62b6137d2d84,2026-01-10 15:30:00,SC Freiburg,Hamburger SV,0,0,0
353ae6eefd7d9ff922e9,2026-01-10 15:30:00,Heidenheim,1. FC Köln,0,0,0
8eeed8e628a9cac89458,2026-01-10 15:30:00,Union Berlin,1. FSV Mainz 05,0,0,0
c353b45115041f4489a6,2026-01-10 18:00:00,AS Roma,Sassuolo,1,1,1
e04de0ab9009ceebc566,2026-01-10 18:30:00,Bayer Leverkusen,VfB Stuttgart,0,0,0
85f1c6d208554fbc51c3,2026-01-10 20:45:00,Atalanta,Torino,1,1,1
ed70fe33cf9ff291d2c3,2026-01-11 12:30:00,Lecce,Parma,1,1,1
6688382a11d7748dc6bc,2026-01-11 15:00:00,Fiorentina,Milan,1,1,1
aac9a52a2edcd9ddd774,2026-01-11 15:30:00,Borussia M'gladbach,FC Augsburg,0,0,0
9d7f3c986d9e63c23a00,2026-01-11 17:30:00,FC Bayern München,Wolfsburg,0,0,0
d497d974f57cf8ef2da5,2026-01-11 18:00:00,Hellas Verona,Lazio,1,1,1
deddfcde02844355a316,2026-01-11 20:45:00,FC Internazionale Milano,Napoli,1,1,1
645731199408f09b640b,2026-01-12 18:30:00,Genoa,Cagliari,1,1,1
82b4bbbce0ddb943b567,2026-01-12 20:45:00,Juventus FC,Cremonese,1,1,1
98333a7768514a3b3953,2026-01-13 18:30:00,VfB Stuttgart,Eintracht Frankfurt,0,0,0
4bdb5687fc174fc702c6,2026-01-13 20:30:00,1. FSV Mainz 05,Heidenheim,0,0,0
8902e551f1b9dd96b4e0,2026-01-13 20:30:00,Borussia Dortmund,Werder Bremen,0,0,0
1d3ea416ff97d6fef371,2026-01-14 18:30:00,Napoli,Parma,0,0,0
24e88db4e0086fbc937e,2026-01-14 18:30:00,Wolfsburg,St. Pauli,0,0,0
0239c46845746a9417b3,2026-01-14 20:30:00,RB Leipzig,SC Freiburg,0,0,0
3b3e6cf1cb02d138f59e,2026-01-14 20:30:00,TSG 1899 Hoffenheim,Borussia M'gladbach,0,0,0
4f9c59119616a8dc2eab,2026-01-14 20:30:00,1. FC Köln,FC Bayern München,0,0,0
96b7c6ccd14ff8fc0ea7,2026-01-14 20:45:00,FC Internazionale Milano,Lecce,0,0,0
74a5f8247f328983efc8,2026-01-15 18:30:00,Hellas Verona,Bologna,0,0,0
2e6b9596a7d730a875d2,2026-01-15 20:30:00,FC Augsburg,Union Berlin,0,0,0
313b1f53b129966aec2e,2026-01-15 20:45:00,Como,Milan,0,0,0
488d3d9177e15f69c6cc,2026-01-16 20:00:00,West Bromwich Albion FC,Middlesbrough FC,1,1,1
ff2dfcc8bee707d53c9d,2026-01-16 20:30:00,Werder Bremen,Eintracht Frankfurt,1,1,1
8c95010a73882232cab7,2026-01-16 20:45:00,Pisa,Atalanta,1,1,1
015365106a5b3e5bdb32,2026-01-17 00:00:00,Oxford United FC,Bristol City FC,1,1,1
0a85d9af41e3cfcc1ba7,2026-01-17 00:00:00,Watford FC,Millwall FC,1,1,1
1acb1abe243bebb60e4e,2026-01-17 00:00:00,Leeds,Fulham,1,1,1
36f9ad01834d34d7f1dc,2026-01-17 00:00:00,Wrexham AFC,Norwich City FC,1,1,1
4a37744836fb5eedef36,2026-01-17 00:00:00,Stoke City FC,Queens Park Rangers FC,1,1,1
53f8c7d887d70c5fc4b8,2026-01-17 00:00:00,Southampton FC,Hull City AFC,1,1,1
5d6fb3cd08ac4eedfa00,2026-01-17 00:00:00,Sheffield Wednesday FC,Portsmouth FC,1,1,1
68e671ea0789e76bf6fb,2026-01-17 00:00:00,Sunderland,Crystal Palace,1,1,1
b0f4ae8bb81b8e8f32e7,2026-01-17 00:00:00,Nott'm Forest,Arsenal,3,4,4
b8c94d818005910ef6b7,2026-01-17 00:00:00,Tottenham,West Ham,3,3,3
c665d401a203c5dd8b7f,2026-01-17 00:00:00,Chelsea,Brentford,3,3,3
d7de065b4c5bcc80b79d,2026-01-17 00:00:00,Liverpool,Burnley,1,1,1
d7fd50d6dde9a04abcbc,2026-01-17 00:00:00,Ipswich Town FC,Blackburn Rovers FC,1,1,1
e83abc5b516b5e80e55b,2026-01-17 00:00:00,Man United,Man City,3,3,3
f93e58e2a2a91eada2df,2026-01-17 00:00:00,Preston North End FC,Derby County FC,1,1,1
77a6ae982857539ce5a3,2026-01-17 12:30:00,Coventry City FC,Leicester City FC,1,1,1
160c5c7aba4af63b9700,2026-01-17 15:00:00,Udinese,FC Internazionale Milano,1,1,1
3bb865dc7a53f4bc167d,2026-01-17 15:00:00,Charlton Athletic FC,Sheffield United FC,1,1,1
44a3c23dfe3755021d1f,2026-01-17 15:30:00,TSG 1899 Hoffenheim,Bayer Leverkusen,1,1,1
7262be0d473de913961e,2026-01-17 15:30:00,1. FC Köln,1. FSV Mainz 05,1,1,1
a56deab0976fb21ddf59,2026-01-17 15:30:00,Borussia Dortmund,St. Pauli,1,1,1
b5ef885299a990f3026c,2026-01-17 15:30:00,Wolfsburg,Heidenheim,1,1,1
f2ec1ab57fb32437cade,2026-01-17 15:30:00,Hamburger SV,Borussia M'gladbach,1,1,1
8be1894727021cafab94,2026-01-17 17:30:00,Swansea City AFC,Birmingham City FC,1,1,1
b85868e3298aef3700c7,2026-01-17 18:00:00,Napoli,Sassuolo,1,1,1
31d4a4f1c415cd881175,2026-01-17 18:30:00,RB Leipzig,FC Bayern München,1,1,1
0d1facda241045936e76,2026-01-17 20:45:00,Cagliari,Juventus FC,1,1,1
2d5011fcac01b00559ee,2026-01-18 00:00:00,Aston Villa,Everton,3,4,4
bed6ff85a1acac4cc3d0,2026-01-18 00:00:00,Wolves,Newcastle,3,3,3
9d380339eb66bd06b104,2026-01-18 12:30:00,Parma,Genoa,1,1,1
a742dd35a53cd042a801,2026-01-18 15:00:00,Bologna,Fiorentina,1,1,1
518240dcd8a71b013966,2026-01-18 15:30:00,VfB Stuttgart,Union Berlin,1,1,1
d022dcdc696b0a5663ab,2026-01-18 17:30:00,FC Augsburg,SC Freiburg,1,1,1
e19942a73e92673c9979,2026-01-18 18:00:00,Torino,AS Roma,1,1,1
01f74ec04e8611332f87,2026-01-18 20:45:00,Milan,Lecce,1,1,1
37dfb6f327c6526f24cb,2026-01-19 00:00:00,Brighton,Bournemouth,3,3,3
8e3fd9b3c8a51b723f0e,2026-01-19 18:30:00,Cremonese,Hellas Verona,1,1,1
e3cf73745f3b9977e78b,2026-01-19 20:45:00,Lazio,Como,1,1,1
0c0da5106ac0dbda35a2,2026-01-20 00:00:00,Ipswich Town FC,Bristol City FC,1,1,1
7c9e0ba7a0895a7c5b27,2026-01-20 00:00:00,Charlton Athletic FC,Derby County FC,1,1,1
9a6d5d6565a1ad15e37e,2026-01-20 00:00:00,Preston North End FC,Hull City AFC,1,1,1
9f6e95654925e558a692,2026-01-20 00:00:00,Sheffield Wednesday FC,Birmingham City FC,1,1,1
d2fcea9c1c8153a72b18,2026-01-20 00:00:00,West Bromwich Albion FC,Norwich City FC,1,1,1
fd71eed7cf0e38a0f7d6,2026-01-20 00:00:00,Oxford United FC,Queens Park Rangers FC,1,1,1
fe3f52b55acfc5a9a426,2026-01-20 00:00:00,Swansea City AFC,Blackburn Rovers FC,1,1,1
59ff55b577c55fb77b5d,2026-01-20 19:45:00,Coventry City FC,Millwall FC,1,1,1
6f7b92d0970763eb9722,2026-01-20 20:00:00,Wrexham AFC,Leicester City FC,1,1,1
9f13eeaf865d79016927,2026-01-21 00:00:00,Watford FC,Portsmouth FC,1,1,1
5b15fb2f8905c21836ee,2026-01-21 19:45:00,Southampton FC,Sheffield United FC,1,1,1
5434a1ca291cbe6925aa,2026-01-21 20:00:00,Stoke City FC,Middlesbrough FC,1,1,1
71674c3d5434d802f1fe,2026-01-23 20:00:00,Derby County FC,West Bromwich Albion FC,1,1,1
ba13de6af0e97aa2c388,2026-01-23 20:30:00,St. Pauli,Hamburger SV,1,1,1
dbedf1684fdc78b14911,2026-01-23 20:45:00,FC Internazionale Milano,Pisa,1,1,1
0b525133789f8e8cd0fb,2026-01-24 00:00:00,Queens Park Rangers FC,Wrexham AFC,1,1,1
10544c65773ba1783986,2026-01-24 00:00:00,Leicester City FC,Oxford United FC,1,1,1
193f7ac19af155112daa,2026-01-24 00:00:00,Bristol City FC,Sheffield Wednesday FC,1,1,1
1e4d44a7b73a50c36d63,2026-01-24 00:00:00,Burnley,Tottenham,0,0,0
737e0b14924a74b02b9e,2026-01-24 00:00:00,West Ham,Sunderland,0,0,0
799ffb829b1a5ef21005,2026-01-24 00:00:00,Sheffield United FC,Ipswich Town FC,1,1,1
95e26cf929862ad14a73,2026-01-24 00:00:00,Millwall FC,Charlton Athletic FC,1,1,1
ad01e9fa8a00724d8346,2026-01-24 00:00:00,Bournemouth,Liverpool,3,4,4
c564d277c755dac730b8,2026-01-24 00:00:00,Hull City AFC,Swansea City AFC,1,1,1
d351fbd65b4c006f518e,2026-01-24 00:00:00,Man City,Wolves,3,3,3
d4836564b3eb48708d1b,2026-01-24 00:00:00,Fulham,Brighton,2,2,2
e810a8e207a0f861c2aa,2026-01-24 00:00:00,Blackburn Rovers FC,Watford FC,1,1,1
303c7842ff2c0fbd7dae,2026-01-24 12:30:00,Middlesbrough FC,Preston North End FC,1,1,1
abcb05c69c8ac91a65b5,2026-01-24 15:00:00,Birmingham City FC,Stoke City FC,1,1,1
c4fb9a8230fe7645c3de,2026-01-24 15:00:00,Como,Torino,1,1,1
054226789ec1a80f401d,2026-01-24 15:30:00,FC Bayern München,FC Augsburg,1,1,1
1580b5c37305b1826475,2026-01-24 15:30:00,Bayer Leverkusen,Werder Bremen,1,1,1
952e47ff56a270b30a15,2026-01-24 15:30:00,Heidenheim,RB Leipzig,1,1,1
c40caae0d520a6555e64,2026-01-24 15:30:00,Eintracht Frankfurt,TSG 1899 Hoffenheim,1,1,1
c8086f2b985a6e4ef00a,2026-01-24 15:30:00,1. FSV Mainz 05,Wolfsburg,1,1,1
a2f3cc4517a93389ae4a,2026-01-24 18:00:00,Fiorentina,Cagliari,1,1,1
7afb36ab78f55c855d40,2026-01-24 18:30:00,Union Berlin,Borussia Dortmund,1,1,1
a731aa751a4ed3b656e7,2026-01-24 20:45:00,Lecce,Lazio,1,1,1
3a394ae8a1fcf71eadb9,2026-01-25 00:00:00,Brentford,Nott'm Forest,3,3,3
4fd798d4047af313a659,2026-01-25 00:00:00,Newcastle,Aston Villa,3,3,3
97be3d62ee00ffabbf7e,2026-01-25 00:00:00,Arsenal,Man United,3,3,3
a77f878e2e91f2d281c3,2026-01-25 00:00:00,Crystal Palace,Chelsea,2,2,2
9e45311e6dc10118c806,2026-01-25 11:30:00,Sassuolo,Cremonese,1,1,1
38f33500b453de6dc1bf,2026-01-25 12:00:00,Portsmouth FC,Southampton FC,1,1,1
1eee28f3eacca11f0b4d,2026-01-25 15:00:00,Genoa,Bologna,1,1,1
af5743d863c17e45e4fa,2026-01-25 15:00:00,Atalanta,Parma,1,1,1
fe70eb8278d0c5671dd9,2026-01-25 15:30:00,Borussia M'gladbach,VfB Stuttgart,1,1,1
9505e9e603aaba557bcc,2026-01-25 17:30:00,SC Freiburg,1. FC Köln,1,1,1
9f2f6ad720fb62109c22,2026-01-25 18:00:00,Juventus FC,Napoli,1,1,1
17e92a1d525d5bd2cede,2026-01-25 20:45:00,AS Roma,Milan,1,1,1
6366f9d992ce7a7766fe,2026-01-26 00:00:00,Everton,Leeds,1,1,1
e8d955ac1e73865ff665,2026-01-26 20:00:00,Norwich City FC,Coventry City FC,1,1,1
4b9456229b1d49079a73,2026-01-26 20:45:00,Hellas Verona,Udinese,1,1,1
081f087f10ee6226732a,2026-01-27 20:30:00,St. Pauli,RB Leipzig,0,0,0
5c6da9c281e4abf8a7eb,2026-01-27 20:30:00,Werder Bremen,TSG 1899 Hoffenheim,0,0,0
18df2fce643d163f85ad,2026-01-30 20:00:00,Bristol City FC,Derby County FC,1,1,1
5459c0ab9b2f7495a425,2026-01-30 20:30:00,1. FC Köln,Wolfsburg,1,1,1
2dd18588f271da07ffa5,2026-01-30 20:45:00,Lazio,Genoa,1,1,1
06aa422e5eba4506960a,2026-01-31 00:00:00,Queens Park Rangers FC,Coventry City FC,1,1,1
0de069d47bfb7ac16d56,2026-01-31 00:00:00,Oxford United FC,Birmingham City FC,1,1,1
18c824fe814cfc51f5bd,2026-01-31 00:00:00,Wolves,Bournemouth,3,3,3
37787c25281a5eee5363,2026-01-31 00:00:00,Millwall FC,Sheffield United FC,1,1,1
500b0d7c4606b8d6cbc6,2026-01-31 00:00:00,Stoke City FC,Southampton FC,1,1,1
5f81be103858e777d66c,2026-01-31 00:00:00,Sheffield Wednesday FC,Wrexham AFC,1,1,1
8049c9d6297090b48036,2026-01-31 00:00:00,Leeds,Arsenal,1,1,1
8bb5e6c012761e708b63,2026-01-31 00:00:00,Brighton,Everton,3,3,3
c63a99296480a898452b,2026-01-31 00:00:00,Portsmouth FC,West Bromwich Albion FC,1,1,1
d9c986983f4b9169bd82,2026-01-31 00:00:00,Middlesbrough FC,Norwich City FC,1,1,1
dd5ff976e798e5c76e23,2026-01-31 00:00:00,Liverpool,Newcastle,3,4,4
e4ac9b8f3754c21378d8,2026-01-31 00:00:00,Watford FC,Swansea City AFC,1,1,1
fa7448b05a074b75fd20,2026-01-31 00:00:00,Ipswich Town FC,Preston North End FC,1,1,1
fda5550d3a619c52153e,2026-01-31 00:00:00,Chelsea,West Ham,3,4,4
a51b4d90b8e672963e8e,2026-01-31 12:30:00,Leicester City FC,Charlton Athletic FC,1,1,1
20d9ea9b9dabc878fbd2,2026-01-31 15:00:00,Blackburn Rovers FC,Hull City AFC,1,1,1
b51b84cbef6540c48eab,2026-01-31 15:00:00,Pisa,Sassuolo,1,1,1
1be6a15911c73eaafe25,2026-01-31 15:30:00,RB Leipzig,1. FSV Mainz 05,1,1,1
319ed91f68261586fc5f,2026-01-31 15:30:00,Eintracht Frankfurt,Bayer Leverkusen,1,1,1
47d1433867b829253a7f,2026-01-31 15:30:00,FC Augsburg,St. Pauli,1,1,1
76d8086ef9b828421690,2026-01-31 15:30:00,TSG 1899 Hoffenheim,Union Berlin,1,1,1
e820285053dbe19ae0e9,2026-01-31 15:30:00,Werder Bremen,Borussia M'gladbach,1,1,1
406dc1e8bce5c9b2743a,2026-01-31 18:00:00,Napoli,Fiorentina,1,1,1
69fcc3483ee95b5aa0bf,2026-01-31 18:30:00,Hamburger SV,FC Bayern München,1,1,1
5de6a36bce0e0dbe369a,2026-01-31 20:45:00,Cagliari,Hellas Verona,1,1,1
1b0346128dc877b3dc9c,2026-02-01 00:00:00,Tottenham,Man City,3,3,3
386314adc36dba8bb8cf,2026-02-01 00:00:00,Aston Villa,Brentford,3,3,3
632edde0d5d102ee59ba,2026-02-01 00:00:00,Nott'm Forest,Crystal Palace,3,3,3
902431afade3c7a50fef,2026-02-01 00:00:00,Man United,Fulham,3,3,3
53a5bb36bea1b5894970,2026-02-01 12:30:00,Torino,Lecce,1,1,1
1f43da825656f7b3053f,2026-02-01 15:00:00,Como,Atalanta,1,1,1
8d11fdce2a09ebf6a85b,2026-02-01 15:30:00,VfB Stuttgart,SC Freiburg,1,1,1
bf7864449f6232acfd0a,2026-02-01 17:30:00,Borussia Dortmund,Heidenheim,1,1,1
8d8d5cded6df39f0e8f7,2026-02-01 18:00:00,Cremonese,FC Internazionale Milano,1,1,1
718c39a26c48c152044b,2026-02-01 20:45:00,Parma,Juventus FC,1,1,1
0fd221617394acfb7ba2,2026-02-02 00:00:00,Sunderland,Burnley,3,3,3
db9cbce859f6f872e4ef,2026-02-02 20:45:00,Udinese,AS Roma,1,1,1
c0cce4ace21f4ff1f07e,2026-02-03 00:00:00,Sheffield United FC,Oxford United FC,1,1,1
67102466ff0531662030,2026-02-03 19:45:00,Blackburn Rovers FC,Sheffield Wednesday FC,1,1,1
aaa67cdd00c6348eabe2,2026-02-03 19:45:00,Hull City AFC,Watford FC,1,1,1
97f297b80fc3b611d493,2026-02-03 20:45:00,Bologna,Milan,1,1,1
15e314e07d583d4afc73,2026-02-06 00:00:00,Leeds,Nott'm Forest,1,1,1
066d6bb41b6140d9700a,2026-02-06 20:01:00,Charlton Athletic FC,Queens Park Rangers FC,1,1,1
293bfc38bd5e96330c82,2026-02-06 20:30:00,Union Berlin,Eintracht Frankfurt,1,1,1
b40d26d6a9217676fc56,2026-02-06 20:45:00,Hellas Verona,Pisa,1,1,1
3901e69127290140cc66,2026-02-07 00:00:00,West Bromwich Albion FC,Stoke City FC,1,1,1
3918281540267e1dd4b2,2026-02-07 00:00:00,Wrexham AFC,Millwall FC,1,1,1
3a94a60b95ca0020746b,2026-02-07 00:00:00,Norwich City FC,Blackburn Rovers FC,1,1,1
499b860e30187e84c01e,2026-02-07 00:00:00,Arsenal,Sunderland,1,1,1
54fb99dc2b9136c209fa,2026-02-07 00:00:00,Preston North End FC,Portsmouth FC,1,1,1
56dd1823902e8deeb84f,2026-02-07 00:00:00,Wolves,Chelsea,3,3,3
67e4879f4bfc3eb9c14e,2026-02-07 00:00:00,Southampton FC,Watford FC,1,1,1
7804864dac9f715338fc,2026-02-07 00:00:00,Newcastle,Brentford,3,3,3
a3fcce55ce8755b648d6,2026-02-07 00:00:00,Bournemouth,Aston Villa,3,3,3
bf5d4c03ef6975a15c82,2026-02-07 00:00:00,Man United,Tottenham,3,4,4
c7da79528682ffe65e2e,2026-02-07 00:00:00,Hull City AFC,Bristol City FC,1,1,1
da81273e4bcf6f1ee2cb,2026-02-07 00:00:00,Coventry City FC,Oxford United FC,1,1,1
e7ec5c6c405ad0778d68,2026-02-07 00:00:00,Burnley,West Ham,1,1,1
f1469c8c2518a5b05b83,2026-02-07 00:00:00,Fulham,Everton,3,4,4
92a4ab96f579c30f0503,2026-02-07 12:31:00,Derby County FC,Ipswich Town FC,1,1,1
42c59ff2622daa59baea,2026-02-07 15:01:00,Birmingham City FC,Leicester City FC,1,1,1
19dba840452f78195035,2026-02-07 15:30:00,Wolfsburg,Borussia Dortmund,1,1,1
441d60870fcec03e9f7b,2026-02-07 15:30:00,St. Pauli,VfB Stuttgart,1,1,1
674d1312e9a5f5ce950d,2026-02-07 15:30:00,SC Freiburg,Werder Bremen,1,1,1
735a1f0b5d6838463d6c,2026-02-07 15:30:00,1. FSV Mainz 05,FC Augsburg,1,1,1
781783bd9c6a83528e0d,2026-02-07 15:30:00,Heidenheim,Hamburger SV,1,1,1
928ac9d7f87ba463eb66,2026-02-07 18:00:00,Genoa,Napoli,1,1,1
12c64ed344f4d41ecdbd,2026-02-07 18:30:00,Borussia M'gladbach,Bayer Leverkusen,1,1,1
2f5374d5434c4389b41b,2026-02-07 20:45:00,Fiorentina,Torino,1,1,1
2a7e81b4e694bca76cee,2026-02-08 00:00:00,Liverpool,Man City,3,3,3
c197ffa4a1aca9899740,2026-02-08 00:00:00,Brighton,Crystal Palace,3,3,3
1ccc3da644e8a3ca20aa,2026-02-08 12:01:00,Swansea City AFC,Sheffield Wednesday FC,1,1,1
8e882488dd4765358b6d,2026-02-08 12:30:00,Bologna,Parma,1,1,1
098fe971f8dc265c4ae6,2026-02-08 15:00:00,Lecce,Udinese,1,1,1
57f6a27a67ab9a6dc47e,2026-02-08 15:30:00,1. FC Köln,RB Leipzig,1,1,1
22c77d783911b78b36ce,2026-02-08 17:00:00,Sassuolo,FC Internazionale Milano,1,1,1
aeb80e20f8c41010a10c,2026-02-08 17:30:00,FC Bayern München,TSG 1899 Hoffenheim,1,1,1
a15bf77bbc7f6ac1f975,2026-02-08 20:45:00,Juventus FC,Lazio,1,1,1
6b7f13e9f8ba56bce998,2026-02-09 18:30:00,Atalanta,Cremonese,1,1,1
1941346555746cc0727b,2026-02-09 20:01:00,Sheffield United FC,Middlesbrough FC,1,1,1
5f12856694cf96ec3f95,2026-02-09 20:45:00,AS Roma,Cagliari,1,1,1
79c0df093f21ed710e5e,2026-02-10 00:00:00,Chelsea,Leeds,1,1,1
9e7e9c64a6b7dc09be35,2026-02-10 00:00:00,Tottenham,Newcastle,3,3,3
b8066f46aff4c319d711,2026-02-10 00:00:00,Oxford United FC,Norwich City FC,1,1,1
be7288f5c1f861dc6ae7,2026-02-10 00:00:00,Everton,Bournemouth,3,3,3
e8bdf6fad9e85296bb3a,2026-02-10 00:00:00,West Ham,Man United,3,3,3
8e8e3b9f0dc96b8280a0,2026-02-10 19:45:00,Leicester City FC,Southampton FC,1,1,1
7c5d3769fd13f92e0060,2026-02-10 20:00:00,Birmingham City FC,West Bromwich Albion FC,1,1,1
46307507a68071abb19d,2026-02-11 00:00:00,Sunderland,Liverpool,1,1,1
58b53f56089cc17d22d9,2026-02-11 00:00:00,Nott'm Forest,Wolves,3,3,3
8ddb05e26af31ba0e8a0,2026-02-11 00:00:00,Crystal Palace,Burnley,1,1,1
a33cac9c79983e2489be,2026-02-11 00:00:00,Man City,Fulham,3,3,3
ad96a4c3ba79db74a151,2026-02-11 00:00:00,Aston Villa,Brighton,3,3,3
cf96df7edf7866c09ba2,2026-02-11 19:45:00,Charlton Athletic FC,Stoke City FC,1,1,1
bf1b0ccc2f25ffb51019,2026-02-12 00:00:00,Brentford,Arsenal,3,3,3
4fc8c648a1698c78f906,2026-02-13 20:30:00,Borussia Dortmund,1. FSV Mainz 05,1,1,1
6d73b13af0dafb9fe6c0,2026-02-13 20:45:00,Pisa,Milan,1,1,1
41765ecca84737127643,2026-02-14 00:00:00,Sheffield Wednesday FC,Millwall FC,1,1,1
953be13367f9735acea0,2026-02-14 00:00:00,Preston North End FC,Watford FC,1,1,1
9d17b0715ec66bfd5f20,2026-02-14 00:00:00,Portsmouth FC,Sheffield United FC,1,1,1
ed6c15493e72bf464820,2026-02-14 00:00:00,Queens Park Rangers FC,Blackburn Rovers FC,1,1,1
9851207a1fbe151f77c0,2026-02-14 15:00:00,Como,Fiorentina,1,1,1
a608fbf0bbed9cd790d0,2026-02-14 15:00:00,Derby County FC,Swansea City AFC,1,1,1
33251820b15e1f2489e5,2026-02-14 15:30:00,TSG 1899 Hoffenheim,SC Freiburg,1,1,1
55cf84a94e2372503979,2026-02-14 15:30:00,Werder Bremen,FC Bayern München,1,1,1
569b4c8c48f64dfd5cd1,2026-02-14 15:30:00,Hamburger SV,Union Berlin,1,1,1
d66df65c4d27ec8c449e,2026-02-14 15:30:00,Eintracht Frankfurt,Borussia M'gladbach,1,1,1
e9cb4ab32aa0c6ffd535,2026-02-14 15:30:00,Bayer Leverkusen,St. Pauli,1,1,1
a7f727ffe050687da83e,2026-02-14 18:00:00,Lazio,Atalanta,1,1,1
a6042eb998476d2223dc,2026-02-14 18:30:00,VfB Stuttgart,1. FC Köln,1,1,1
31673b496906c5e123bf,2026-02-14 20:45:00,FC Internazionale Milano,Juventus FC,1,1,1
2dea5a3dd4275d05d712,2026-02-15 12:30:00,Udinese,Sassuolo,1,1,1
b3273ac8db10842dfd3b,2026-02-15 15:00:00,Cremonese,Genoa,1,1,1
bd9ee02a223d4dd9f886,2026-02-15 15:00:00,Parma,Hellas Verona,1,1,1
6d2e1c95b8e843de7c85,2026-02-15 15:30:00,FC Augsburg,Heidenheim,1,1,1
fde61c40ea87ac5bd2b4,2026-02-15 17:30:00,RB Leipzig,Wolfsburg,1,1,1
d3130f163ff94b5847b4,2026-02-15 18:00:00,Torino,Bologna,1,1,1
78e5daa00179b82b7477,2026-02-15 20:45:00,Napoli,AS Roma,1,1,1
1bde7cb18abf57a7bf3b,2026-02-16 20:00:00,Coventry City FC,Middlesbrough FC,1,1,1
37963c697a51ed8bdb12,2026-02-16 20:45:00,Cagliari,Lecce,1,1,1
4bc3b2e02f8a09642bf6,2026-02-17 19:45:00,Charlton Athletic FC,Portsmouth FC,1,1,1
4f7053f75e7dbddc4aed,2026-02-17 19:45:00,Bristol City FC,Wrexham AFC,1,1,1
1ccd60f7633082e16b85,2026-02-18 00:00:00,Wolves,Arsenal,3,3,3
9507096100d03a74eb54,2026-02-18 20:45:00,Milan,Como,1,1,1
d02b8577b0cc7cb2c202,2026-02-20 19:45:00,Sassuolo,Hellas Verona,1,1,1
254079c46a02223369fb,2026-02-20 20:00:00,Blackburn Rovers FC,Preston North End FC,1,1,1
506b747dc88b5669a709,2026-02-20 20:40:00,1. FSV Mainz 05,Hamburger SV,1,1,1
00c77199c7f86051fefa,2026-02-21 00:00:00,Man City,Newcastle,3,4,4
088b0e216faeb813a63b,2026-02-21 00:00:00,Stoke City FC,Leicester City FC,1,1,1
199b76f93165f323af20,2026-02-21 00:00:00,Watford FC,Derby County FC,1,1,1
232aca6fcb0ee16b44eb,2026-02-21 00:00:00,Millwall FC,Portsmouth FC,1,1,1
44b5836c6677ea3dcd54,2026-02-21 00:00:00,West Ham,Bournemouth,3,4,4
46a08dc92219b3260b39,2026-02-21 00:00:00,Brentford,Brighton,3,3,3
525aaa8364bd29aee777,2026-02-21 00:00:00,Norwich City FC,Birmingham City FC,1,1,1
59faf361fbf45c5f7b46,2026-02-21 00:00:00,West Bromwich Albion FC,Coventry City FC,1,1,1
63c8d5bbae80861adebb,2026-02-21 00:00:00,Wrexham AFC,Ipswich Town FC,1,1,1
93a90b91a20c346b394f,2026-02-21 00:00:00,Swansea City AFC,Bristol City FC,1,1,1
a62feef4f748b7676ab8,2026-02-21 00:00:00,Aston Villa,Leeds,1,1,1
e026c7fc94a61087a36f,2026-02-21 00:00:00,Southampton FC,Charlton Athletic FC,1,1,1
f10d41f3ce54445afd35,2026-02-21 00:00:00,Chelsea,Burnley,1,1,1
4eaf496b4937ba101296,2026-02-21 12:30:00,Hull City AFC,Queens Park Rangers FC,1,1,1
2c1104714d7887391097,2026-02-21 15:00:00,Middlesbrough FC,Oxford United FC,1,1,1
c53a1ee1fa14ad31e4cf,2026-02-21 15:00:00,Juventus FC,Como,1,1,1
1d181ede3f4744a2f619,2026-02-21 15:30:00,FC Bayern München,Eintracht Frankfurt,1,1,1
89b1f3aad50ffb341c9f,2026-02-21 15:30:00,Wolfsburg,FC Augsburg,1,1,1
90a346502b9233da3bdd,2026-02-21 15:30:00,Union Berlin,Bayer Leverkusen,1,1,1
968c65627d9df2e13408,2026-02-21 15:30:00,1. FC Köln,TSG 1899 Hoffenheim,1,1,1
a2ec3ac012ad5b02626e,2026-02-21 18:00:00,Lecce,FC Internazionale Milano,1,1,1
372db0383633f80fc62d,2026-02-21 18:30:00,RB Leipzig,Borussia Dortmund,1,1,1
b2f5fddcf5fd10ba5f09,2026-02-21 20:45:00,Cagliari,Lazio,1,1,1
0d081ddb5dc308442abf,2026-02-22 00:00:00,Sunderland,Fulham,1,1,1
61e7b1813490b5d47cdb,2026-02-22 00:00:00,Nott'm Forest,Liverpool,3,3,3
88c250bd50cb3e795d28,2026-02-22 00:00:00,Tottenham,Arsenal,3,3,3
de35e386b2b8ba984653,2026-02-22 00:00:00,Crystal Palace,Wolves,3,3,3
152fb9c988db4276f11b,2026-02-22 12:00:00,Sheffield United FC,Sheffield Wednesday FC,1,1,1
10ef962f0e43a4abf820,2026-02-22 12:30:00,Genoa,Torino,1,1,1
ee222006658c5a34a9f8,2026-02-22 15:00:00,Atalanta,Napoli,1,1,1
812efd635a251bf8f81a,2026-02-22 15:30:00,SC Freiburg,Borussia M'gladbach,1,1,1
43e1db07daf0d79def08,2026-02-22 17:30:00,St. Pauli,Werder Bremen,1,1,1
d436021e072092e4255a,2026-02-22 18:00:00,Milan,Parma,1,1,1
3618c2f961f05a4608ce,2026-02-22 19:30:00,Heidenheim,VfB Stuttgart,1,1,1
5398db0ab780e65c8815,2026-02-22 20:45:00,AS Roma,Cremonese,1,1,1
579740ef3dda521635d6,2026-02-23 00:00:00,Everton,Man United,3,3,3
f83a08e25e6af915c997,2026-02-23 18:30:00,Fiorentina,Pisa,1,1,1
c1610245f46e488ac2d9,2026-02-23 20:45:00,Bologna,Udinese,1,1,1
84a3538552962298dac5,2026-02-24 00:00:00,Middlesbrough FC,Leicester City FC,1,1,1
bd2be6b1eee56dfe70ed,2026-02-24 00:00:00,West Bromwich Albion FC,Charlton Athletic FC,1,1,1
dd172a49c705ed34edb7,2026-02-24 00:00:00,Watford FC,Ipswich Town FC,1,1,1
de720328eea3fe9bbf88,2026-02-24 00:00:00,Blackburn Rovers FC,Bristol City FC,1,1,1
e09aedecabe046dd2d7c,2026-02-24 00:00:00,Swansea City AFC,Preston North End FC,1,1,1
f4a83084b2a2c9bca36b,2026-02-24 00:00:00,Wrexham AFC,Portsmouth FC,1,1,1
6d8927f277552968525e,2026-02-24 19:45:00,Hull City AFC,Derby County FC,1,1,1
17f396eba0e756e07b07,2026-02-24 20:00:00,Southampton FC,Queens Park Rangers FC,1,1,1
1aef13c432388cbe5ffe,2026-02-25 00:00:00,Sheffield United FC,Coventry City FC,1,1,1
700bcfafb2c91d8c1fd4,2026-02-25 00:00:00,Norwich City FC,Sheffield Wednesday FC,1,1,1
c039f93fb567e506ef80,2026-02-25 19:45:00,Millwall FC,Birmingham City FC,1,1,1
c7177fa651c2e3360564,2026-02-25 20:00:00,Stoke City FC,Oxford United FC,1,1,1
13e8ea750b77fcb71c31,2026-02-27 00:00:00,Wolves,Aston Villa,3,3,3
b26f965b97323cbd16da,2026-02-27 20:00:00,Bristol City FC,Watford FC,1,1,1
9acf3fc6060769d48f3e,2026-02-27 20:30:00,FC Augsburg,1. FC Köln,1,1,1
689d1b6849eb393cd342,2026-02-27 20:45:00,Parma,Cagliari,1,1,1
2a42909dc5fdec1afc20,2026-02-28 00:00:00,Liverpool,West Ham,3,3,3
2d460a4586f6ca395c8c,2026-02-28 00:00:00,Coventry City FC,Stoke City FC,1,1,1
3b47511d25c24fe1a600,2026-02-28 00:00:00,Leicester City FC,Norwich City FC,1,1,1
418540cf04c019ec9414,2026-02-28 00:00:00,Oxford United FC,West Bromwich Albion FC,1,1,1
560e06f2ab453c8fa592,2026-02-28 00:00:00,Ipswich Town FC,Swansea City AFC,1,1,1
5b4c0f759919ef0824f3,2026-02-28 00:00:00,Queens Park Rangers FC,Sheffield United FC,1,1,1
77057401556c323c6750,2026-02-28 00:00:00,Newcastle,Everton,3,3,3
7c7904387a3e0329c351,2026-02-28 00:00:00,Burnley,Brentford,1,1,1
ae38e3f7641cae51d2e0,2026-02-28 00:00:00,Sheffield Wednesday FC,Southampton FC,1,1,1
b374d9e392b65cf726ac,2026-02-28 00:00:00,Leeds,Man City,1,1,1
cbc3723ea0f487527275,2026-02-28 00:00:00,Preston North End FC,Millwall FC,1,1,1
e06093ae56c0c20f7d4d,2026-02-28 00:00:00,Portsmouth FC,Hull City AFC,1,1,1
f1d7b9f7932ac49c1718,2026-02-28 00:00:00,Bournemouth,Sunderland,1,1,1
10355229053068d884f5,2026-02-28 12:30:00,Derby County FC,Blackburn Rovers FC,1,1,1
2ebda15edf00e30c2082,2026-02-28 15:00:00,Charlton Athletic FC,Wrexham AFC,1,1,1
f01c718532896e61f017,2026-02-28 15:00:00,Como,Lecce,1,1,1
031401542ead1e0e36d8,2026-02-28 15:30:00,Bayer Leverkusen,1. FSV Mainz 05,1,1,1
4496d62f5f2f0b23bc99,2026-02-28 15:30:00,Werder Bremen,Heidenheim,1,1,1
8fbdcc6cc3f85cce9234,2026-02-28 15:30:00,Borussia M'gladbach,Union Berlin,1,1,1
f85d4793fb17da8ab968,2026-02-28 15:30:00,TSG 1899 Hoffenheim,St. Pauli,1,1,1
aebb213698cf79843a64,2026-02-28 18:00:00,Hellas Verona,Napoli,1,1,1
2e1650e8635c503db94d,2026-02-28 18:30:00,Borussia Dortmund,FC Bayern München,1,1,1
fb34b16754bf14ef3d99,2026-02-28 20:45:00,FC Internazionale Milano,Genoa,1,1,1
19c05eebab3784669e27,2026-03-01 00:00:00,Arsenal,Chelsea,3,3,3
22e9c219b978a20eefae,2026-03-01 00:00:00,Brighton,Nott'm Forest,3,3,3
889e421ce2bbfc0c2721,2026-03-01 00:00:00,Man United,Crystal Palace,3,3,3
a0095fdf7a96fbf76b48,2026-03-01 00:00:00,Fulham,Tottenham,3,3,3
75a255027b1a5460432d,2026-03-01 12:30:00,Cremonese,Milan,1,1,1
89d6a88e33ff0aaba468,2026-03-01 14:00:00,Sassuolo,Atalanta,1,1,1
9afb896411bc5b8a3d66,2026-03-01 15:30:00,VfB Stuttgart,Wolfsburg,1,1,1
9cbcd425fb0a425107b1,2026-03-01 17:30:00,Eintracht Frankfurt,SC Freiburg,1,1,1
6c313fb5ee0e9925dc69,2026-03-01 18:00:00,Torino,Lazio,1,1,1
5b512dcc1192d99c5197,2026-03-01 19:30:00,Hamburger SV,RB Leipzig,1,1,1
477b464c19b4955502e7,2026-03-01 20:45:00,AS Roma,Juventus FC,1,1,1
273f33db0ffb18507693,2026-03-02 18:30:00,Pisa,Bologna,1,1,1
3dec3fc93ed3cbf041ac,2026-03-02 20:00:00,Birmingham City FC,Middlesbrough FC,1,1,1
e42bce1645f95e75a3f9,2026-03-02 20:45:00,Udinese,Fiorentina,1,1,1
19ba105eab72e8041e0a,2026-03-03 00:00:00,Everton,Burnley,1,1,1
6c5d98ad13b5d7b99153,2026-03-03 00:00:00,Leeds,Sunderland,3,3,3
d8b3f8e1d0fb03772629,2026-03-03 00:00:00,Wolves,Liverpool,3,3,3
eaeae15e812560295082,2026-03-03 00:00:00,Bournemouth,Brentford,3,3,3
63b91de03918556880aa,2026-03-03 19:45:00,Ipswich Town FC,Hull City AFC,1,1,1
1371bd790a4d03d93269,2026-03-04 00:00:00,Man City,Nott'm Forest,3,3,3
1498a80c3ae6f4b56652,2026-03-04 00:00:00,Aston Villa,Chelsea,3,3,3
275f576aa6dc864f8b74,2026-03-04 00:00:00,Brighton,Arsenal,3,3,3
29915c8a729c86c1573b,2026-03-04 00:00:00,Fulham,West Ham,3,3,3
58899c6bab2a418be043,2026-03-04 00:00:00,Newcastle,Man United,3,3,3
de3dba0bc587ddffaf68,2026-03-04 20:30:00,Hamburger SV,Bayer Leverkusen,0,0,0
0946faec38edc28a9ddc,2026-03-05 00:00:00,Tottenham,Crystal Palace,3,3,3
72a5ab61e464724d059e,2026-03-06 20:00:00,Preston North End FC,Oxford United FC,1,1,1
e71fa16d935b498376ea,2026-03-06 20:30:00,FC Bayern München,Borussia M'gladbach,1,1,1
169792b13ef5ec0ff1e8,2026-03-06 20:45:00,Napoli,Torino,1,1,1
3bd06ea15228a820d2f8,2026-03-07 00:00:00,Swansea City AFC,Stoke City FC,1,1,1
445a0d4f6a71678336ca,2026-03-07 00:00:00,Charlton Athletic FC,Birmingham City FC,1,1,1
641b2274ab2daab72cb1,2026-03-07 00:00:00,Ipswich Town FC,Leicester City FC,1,1,1
74d31a5ddc219cc3cbcd,2026-03-07 00:00:00,Sheffield United FC,West Bromwich Albion FC,1,1,1
cce79dd873cc010fadfb,2026-03-07 00:00:00,Derby County FC,Sheffield Wednesday FC,1,1,1
ec865038a5ae72f6e54d,2026-03-07 00:00:00,Hull City AFC,Millwall FC,1,1,1
97baf58dd104d4013fd8,2026-03-07 12:30:00,Blackburn Rovers FC,Portsmouth FC,1,1,1
11f8a493cf148973ca2d,2026-03-07 15:00:00,Cagliari,Como,1,1,1
19a8f816707a894f8dc4,2026-03-07 15:00:00,Bristol City FC,Coventry City FC,1,1,1
2d1f60f6bb35305cbd6f,2026-03-07 15:30:00,1. FSV Mainz 05,VfB Stuttgart,1,1,1
7066a2e963e0f63c0207,2026-03-07 15:30:00,Heidenheim,TSG 1899 Hoffenheim,1,1,1
a8a27fbfb8387c0c69ea,2026-03-07 15:30:00,RB Leipzig,FC Augsburg,1,1,1
b663077ec2b455f50e06,2026-03-07 15:30:00,Wolfsburg,Hamburger SV,1,1,1
e7b2fd034365125e0709,2026-03-07 15:30:00,SC Freiburg,Bayer Leverkusen,1,1,1
5a1567fe3dc37e29b9b3,2026-03-07 18:00:00,Atalanta,Udinese,1,1,1
797c3373598a652d9ab0,2026-03-07 18:30:00,1. FC Köln,Borussia Dortmund,1,1,1
9446666920ee40e59f49,2026-03-07 20:45:00,Juventus FC,Pisa,1,1,1
ad17d9652d95cb3d6202,2026-03-08 12:30:00,Lecce,Cremonese,1,1,1
99d8b6c5984c7b4555ac,2026-03-08 15:00:00,Bologna,Hellas Verona,1,1,1
f7b0450efb8b7ec5863a,2026-03-08 15:00:00,Fiorentina,Parma,1,1,1
4d5dabae7d3828caf395,2026-03-08 15:30:00,St. Pauli,Eintracht Frankfurt,1,1,1
a48871c75fbad8f79282,2026-03-08 16:30:00,Queens Park Rangers FC,Middlesbrough FC,1,1,1
a5f85819d6c1923303ce,2026-03-08 17:30:00,Union Berlin,Werder Bremen,1,1,1
58440f007a4d076a20a5,2026-03-08 18:00:00,Genoa,AS Roma,1,1,1
7d4cfbc2021accff199b,2026-03-08 20:45:00,Milan,FC Internazionale Milano,1,1,1
1a0ef532d2ed74719cfd,2026-03-09 20:45:00,Lazio,Sassuolo,1,1,1
15fc02054769d5723f93,2026-03-10 00:00:00,Portsmouth FC,Swansea City AFC,1,1,1
2574bc0742c6f868e94a,2026-03-10 00:00:00,Millwall FC,Derby County FC,1,1,1
2a1a717e2fcbb49e242f,2026-03-10 00:00:00,Wrexham AFC,Hull City AFC,1,1,1
431bb72052220e74ec90,2026-03-10 00:00:00,Sheffield Wednesday FC,Watford FC,1,1,1
41759efb57c459f6d1a3,2026-03-10 19:45:00,Leicester City FC,Bristol City FC,1,1,1
5b0d468a4ed8e55cd702,2026-03-10 20:00:00,Stoke City FC,Ipswich Town FC,1,1,1
13e3f38b4110621b56b4,2026-03-11 00:00:00,Middlesbrough FC,Charlton Athletic FC,1,1,1
45135e2a80064d59e013,2026-03-11 00:00:00,Oxford United FC,Blackburn Rovers FC,1,1,1
e3092bca41edcedc7d3d,2026-03-11 00:00:00,Norwich City FC,Sheffield United FC,1,1,1
f5e06568cea187f510f4,2026-03-11 00:00:00,West Bromwich Albion FC,Southampton FC,1,1,1
22de458c085306cc3daa,2026-03-11 19:45:00,Birmingham City FC,Queens Park Rangers FC,1,1,1
e3b0ea766ed6bb9674c7,2026-03-11 20:00:00,Coventry City FC,Preston North End FC,1,1,1
3b80b1075ed2eee9d9d8,2026-03-13 20:00:00,Wrexham AFC,Swansea City AFC,1,1,1
80efafcf803d654ecbf3,2026-03-13 20:30:00,Borussia M'gladbach,St. Pauli,1,1,1
26d2338aa0e54b37e8b1,2026-03-13 20:45:00,Torino,Parma,1,1,1
155b9495b0c153ecf0fa,2026-03-14 00:00:00,Middlesbrough FC,Bristol City FC,1,1,1
287ec1b1f1e6d439f4f5,2026-03-14 00:00:00,West Ham,Man City,3,3,3
2d080708eb9df1d9b498,2026-03-14 00:00:00,Leicester City FC,Queens Park Rangers FC,1,1,1
3699b65175cf2441de81,2026-03-14 00:00:00,Stoke City FC,Watford FC,1,1,1
3ed233e92e1f0ae7bd0a,2026-03-14 00:00:00,Burnley,Bournemouth,1,1,1
7808a03eb37376ff474d,2026-03-14 00:00:00,West Bromwich Albion FC,Hull City AFC,1,1,1
9a42645ef716af87cee4,2026-03-14 00:00:00,Norwich City FC,Preston North End FC,1,1,1
a1e871987cd328c84d4f,2026-03-14 00:00:00,Sunderland,Brighton,1,1,1
af5266543b836723b11e,2026-03-14 00:00:00,Arsenal,Everton,3,3,3
b9ad3571a4a5be937a99,2026-03-14 00:00:00,Oxford United FC,Charlton Athletic FC,1,1,1
cb62e737413df177d59a,2026-03-14 00:00:00,Millwall FC,Blackburn Rovers FC,1,1,1
e44df6bbd75f7adb027b,2026-03-14 00:00:00,Chelsea,Newcastle,3,3,3
fb49203a76a12daa3bdc,2026-03-14 00:00:00,Sheffield Wednesday FC,Ipswich Town FC,1,1,1
2cff23aa4c1af6dfbc75,2026-03-14 12:30:00,Coventry City FC,Southampton FC,1,1,1
07858ce9ec2cbed31005,2026-03-14 15:00:00,FC Internazionale Milano,Atalanta,1,1,1
93fd18a1fcdd40b4d9ee,2026-03-14 15:00:00,Birmingham City FC,Sheffield United FC,1,1,1
146c5848bfdb18690e12,2026-03-14 15:30:00,Eintracht Frankfurt,Heidenheim,1,1,1
5d94c8fd50f00a93b81a,2026-03-14 15:30:00,TSG 1899 Hoffenheim,Wolfsburg,1,1,1
6d40952c6f9f36619731,2026-03-14 15:30:00,Borussia Dortmund,FC Augsburg,1,1,1
e05e15b486592c8030e8,2026-03-14 15:30:00,Bayer Leverkusen,FC Bayern München,1,1,1
a1a0aa01a218210320c3,2026-03-14 18:00:00,Napoli,Lecce,1,1,1
02320eae4c830c973d5f,2026-03-14 18:30:00,Hamburger SV,1. FC Köln,1,1,1
f0bc3c1065799614707b,2026-03-14 20:45:00,Udinese,Juventus FC,1,1,1
0014cde464c15ca0754c,2026-03-15 00:00:00,Liverpool,Tottenham,3,3,3
34bd16e86738716f648d,2026-03-15 00:00:00,Man United,Aston Villa,3,3,3
44437eb5320a4aa5756d,2026-03-15 00:00:00,Nott'm Forest,Fulham,3,3,3
ffa0ef7ad7c9e6e66dc2,2026-03-15 00:00:00,Crystal Palace,Leeds,1,1,1
05b29095ef11cc76b541,2026-03-15 12:30:00,Hellas Verona,Genoa,1,1,1
a1f58b24c5a0f97ea632,2026-03-15 14:00:00,Sassuolo,Bologna,1,1,1
7d59c1b85e27d9e0fafd,2026-03-15 15:00:00,Pisa,Cagliari,1,1,1
decdf4eab0bb81b3541d,2026-03-15 15:30:00,Werder Bremen,1. FSV Mainz 05,1,1,1
7c213e0bcf08727abdca,2026-03-15 17:30:00,SC Freiburg,Union Berlin,1,1,1
16ea6a405717aaaf5722,2026-03-15 18:00:00,Como,AS Roma,1,1,1
58edd29ae685c106165c,2026-03-15 19:30:00,VfB Stuttgart,RB Leipzig,1,1,1
94be3aa82d67f0950360,2026-03-15 20:45:00,Lazio,Milan,1,1,1
548e62beec6d960f7d02,2026-03-16 00:00:00,Brentford,Wolves,3,3,3
05c3b849ae6e35359a01,2026-03-16 20:00:00,Portsmouth FC,Derby County FC,1,1,1
7db86624641577b2e690,2026-03-16 20:45:00,Cremonese,Fiorentina,1,1,1
b5082af3c22053d16aea,2026-03-17 19:45:00,Watford FC,Wrexham AFC,1,1,1
9392c690b570ed43c623,2026-03-18 19:45:00,Southampton FC,Norwich City FC,1,1,1
e840a93a19bf32da8fa4,2026-03-20 00:00:00,Bournemouth,Man United,3,3,3
861520e5c778fc08eb70,2026-03-20 18:30:00,Cagliari,Napoli,1,1,1
7301e4402c68bbdf0d24,2026-03-20 20:00:00,Preston North End FC,Stoke City FC,1,1,1
790d816c7c9426e71462,2026-03-20 20:30:00,RB Leipzig,TSG 1899 Hoffenheim,1,1,1
ff900a6503cd27691651,2026-03-20 20:45:00,Genoa,Udinese,1,1,1
224c368eb17aa2f8a0d2,2026-03-21 00:00:00,Southampton FC,Oxford United FC,1,1,1
2de8ad125deccd0fb315,2026-03-21 00:00:00,Fulham,Burnley,1,1,1
5209c93ec562d991de09,2026-03-21 00:00:00,Watford FC,Leicester City FC,1,1,1
6b39b1ffaa12719e6cd4,2026-03-21 00:00:00,Hull City AFC,Sheffield Wednesday FC,1,1,1
8135641b5b55a007b2b7,2026-03-21 00:00:00,Sheffield United FC,Wrexham AFC,1,1,1
98478f717eb198fb3015,2026-03-21 00:00:00,Everton,Chelsea,3,3,3
b1c673924b2f3bfc9a0b,2026-03-21 00:00:00,Leeds,Brentford,1,1,1
b5021b1ccaa616b23633,2026-03-21 00:00:00,Derby County FC,Birmingham City FC,1,1,1
be282a0da028c74d0b3b,2026-03-21 00:00:00,Charlton Athletic FC,Norwich City FC,1,1,1
cb25057598fe036a751e,2026-03-21 00:00:00,Ipswich Town FC,Millwall FC,1,1,1
d494961a7da9f8606ebd,2026-03-21 00:00:00,Brighton,Liverpool,3,3,3
fef3a996b67ea43cbccb,2026-03-21 00:00:00,Queens Park Rangers FC,Portsmouth FC,1,1,1
99a01a09af44caf363c1,2026-03-21 12:30:00,Blackburn Rovers FC,Middlesbrough FC,1,1,1
32c9b1eb75a111341ba1,2026-03-21 15:00:00,Bristol City FC,West Bromwich Albion FC,1,1,1
c2dc5e93007abe7f41fd,2026-03-21 15:00:00,Parma,Cremonese,1,1,1
07454284587f66321186,2026-03-21 15:30:00,1. FC Köln,Borussia M'gladbach,1,1,1
3b8451b002fd0a4d1819,2026-03-21 15:30:00,Heidenheim,Bayer Leverkusen,1,1,1
b5ecc8f510282acceba7,2026-03-21 15:30:00,Wolfsburg,Werder Bremen,1,1,1
bb196789760087f9371e,2026-03-21 15:30:00,FC Bayern München,Union Berlin,1,1,1
4fbe28aafda444b5c781,2026-03-21 17:15:00,Swansea City AFC,Coventry City FC,1,1,1
9e67ef02a1c06a0d6a11,2026-03-21 18:00:00,Milan,Torino,1,1,1
8ea7498607bbc8d2b0b2,2026-03-21 18:30:00,Borussia Dortmund,Hamburger SV,1,1,1
bfb0d0073959baa82471,2026-03-21 20:45:00,Juventus FC,Sassuolo,1,1,1
167867c6571271ec1c44,2026-03-22 00:00:00,Tottenham,Nott'm Forest,3,3,3
9953b5d8bd77359dc467,2026-03-22 00:00:00,Newcastle,Sunderland,1,1,1
b7a5da63fb11e799081f,2026-03-22 00:00:00,Aston Villa,West Ham,3,3,3
364fe284a2236d219739,2026-03-22 12:30:00,Como,Pisa,1,1,1
141de7c2e3f5ac4ca089,2026-03-22 15:00:00,Atalanta,Hellas Verona,1,1,1
6eb766d04481bb46558e,2026-03-22 15:00:00,Bologna,Lazio,1,1,1
2f75ae74e332feae8fcc,2026-03-22 15:30:00,1. FSV Mainz 05,Eintracht Frankfurt,1,1,1
142c2376aa17d408cab5,2026-03-22 17:30:00,St. Pauli,SC Freiburg,1,1,1
e4f30dd96f81b5ed645a,2026-03-22 18:00:00,AS Roma,Lecce,1,1,1
7d454fbafbecadbf8d8c,2026-03-22 19:30:00,FC Augsburg,VfB Stuttgart,1,1,1
2ebec8d7c32127e31493,2026-03-22 20:45:00,Fiorentina,FC Internazionale Milano,1,1,1
29f07aae56c0007f0f12,2026-04-03 00:00:00,Stoke City FC,Sheffield Wednesday FC,1,1,1
3d661ad9b08e0771437b,2026-04-03 00:00:00,Charlton Athletic FC,Bristol City FC,1,1,1
4d6f1e6ba86141e3871a,2026-04-03 00:00:00,Leicester City FC,Preston North End FC,1,1,1
589d0160f39e7dbb97c0,2026-04-03 00:00:00,Oxford United FC,Hull City AFC,1,1,1
afd300daa972795e2bd1,2026-04-03 00:00:00,West Bromwich Albion FC,Wrexham AFC,1,1,1
b6616e790844fae91dae,2026-04-03 00:00:00,Queens Park Rangers FC,Watford FC,1,1,1
dc4aed36224f687054c8,2026-04-03 00:00:00,Sheffield United FC,Swansea City AFC,1,1,1
dd80a61b178fc22008f1,2026-04-03 00:00:00,Birmingham City FC,Blackburn Rovers FC,1,1,1
a2992bbd91313c7a042d,2026-04-03 12:30:00,Middlesbrough FC,Millwall FC,1,1,1
e0d022dcc08c199d2673,2026-04-03 15:00:00,Norwich City FC,Portsmouth FC,1,1,1
e4db558fa1d25930b636,2026-04-03 20:00:00,Coventry City FC,Derby County FC,1,1,1
4bc9455eaec9d566121b,2026-04-04 13:00:00,Sassuolo,Cagliari,1,1,1
2e794214280f16444e83,2026-04-04 15:30:00,TSG 1899 Hoffenheim,1. FSV Mainz 05,1,1,1
6b34ac0d37a76448cdd7,2026-04-04 15:30:00,Bayer Leverkusen,Wolfsburg,1,1,1
7bc671b55b77fda32bfa,2026-04-04 15:30:00,SC Freiburg,FC Bayern München,1,1,1
ab28b06126071d473032,2026-04-04 15:30:00,Hamburger SV,FC Augsburg,1,1,1
ad93d6a17a970ff3bf00,2026-04-04 15:30:00,Borussia M'gladbach,Heidenheim,1,1,1
d4337e18082d76a89071,2026-04-04 15:30:00,Werder Bremen,RB Leipzig,1,1,1
103c4dd39633bd2a5a44,2026-04-04 18:00:00,Hellas Verona,Fiorentina,1,1,1
5f3b43b0ffd2c29195d9,2026-04-04 18:30:00,VfB Stuttgart,Borussia Dortmund,1,1,1
76c401ad41104b12e2b2,2026-04-04 20:45:00,Lazio,Parma,1,1,1
a77e9ad6ea14a2251946,2026-04-05 15:00:00,Cremonese,Bologna,1,1,1
3d9c5442d38884b54e76,2026-04-05 15:30:00,Union Berlin,St. Pauli,1,1,1
f2685096cac167ab6f8e,2026-04-05 17:30:00,Eintracht Frankfurt,1. FC Köln,1,1,1
6f58c10554b47be66a15,2026-04-05 18:00:00,Pisa,Torino,1,1,1
95c6353b373d935bd680,2026-04-05 20:45:00,FC Internazionale Milano,AS Roma,1,1,1
73b7b717f0be521f367c,2026-04-06 00:00:00,Sheffield Wednesday FC,Leicester City FC,1,1,1
76ea5dbc843ade72a5e7,2026-04-06 00:00:00,Preston North End FC,Queens Park Rangers FC,1,1,1
aae179fa83eaad80f2bc,2026-04-06 00:00:00,Ipswich Town FC,Birmingham City FC,1,1,1
bc631c46a65debcc8d6c,2026-04-06 00:00:00,Derby County FC,Stoke City FC,1,1,1
de5560d45f6223d10148,2026-04-06 00:00:00,Bristol City FC,Sheffield United FC,1,1,1
e5811c5fae633c3466d1,2026-04-06 00:00:00,Watford FC,Charlton Athletic FC,1,1,1
7cf313ecf3641414b507,2026-04-06 12:30:00,Udinese,Como,1,1,1
cafd20961ab9cca630fe,2026-04-06 12:30:00,Portsmouth FC,Oxford United FC,1,1,1
8fbb47579e3c54442c7d,2026-04-06 13:00:00,Millwall FC,Norwich City FC,1,1,1
3dd1114f316b1ba16867,2026-04-06 15:00:00,Lecce,Atalanta,1,1,1
a638f91eb2c6c9d7fe24,2026-04-06 15:00:00,Blackburn Rovers FC,West Bromwich Albion FC,1,1,1
c1f015dc40caee815892,2026-04-06 17:30:00,Swansea City AFC,Middlesbrough FC,1,1,1
de902fb352e2ad6e0fdc,2026-04-06 18:00:00,Juventus FC,Genoa,1,1,1
fa950003559498aa5790,2026-04-06 20:00:00,Hull City AFC,Coventry City FC,1,1,1
8de4a5f6663f0eabf40e,2026-04-06 20:45:00,Napoli,Milan,1,1,1
10546953f5eec9dc2f09,2026-04-07 20:00:00,Wrexham AFC,Southampton FC,1,1,1
006906ddb940e31da2dd,2026-04-10 00:00:00,West Ham,Wolves,3,3,3
aee86dc8c59e22ee3a2b,2026-04-10 20:00:00,West Bromwich Albion FC,Millwall FC,1,1,1
a888ce92ff367df4a4e6,2026-04-10 20:30:00,FC Augsburg,TSG 1899 Hoffenheim,1,1,1
080e8f222a38f3d41841,2026-04-10 20:45:00,AS Roma,Pisa,1,1,1
0219e89b662d1af901de,2026-04-11 00:00:00,Queens Park Rangers FC,Bristol City FC,1,1,1
4f020a0027300b6409b8,2026-04-11 00:00:00,Oxford United FC,Watford FC,1,1,1
5ee5a87fa172b022bae5,2026-04-11 00:00:00,Brentford,Everton,3,3,3
8d8bde772c283040e41b,2026-04-11 00:00:00,Liverpool,Fulham,3,3,3
8f020e48142aff6eb11d,2026-04-11 00:00:00,Stoke City FC,Blackburn Rovers FC,1,1,1
bb69a0d49b8d50ae1ca0,2026-04-11 00:00:00,Southampton FC,Derby County FC,1,1,1
c7b67015918d604fb318,2026-04-11 00:00:00,Burnley,Brighton,1,1,1
cbdcfe0b7293347734ba,2026-04-11 00:00:00,Leicester City FC,Swansea City AFC,1,1,1
ceaf42f976cfb9d5d3ba,2026-04-11 00:00:00,Middlesbrough FC,Portsmouth FC,1,1,1
d8c20a5511760318ffa0,2026-04-11 00:00:00,Arsenal,Bournemouth,3,3,3
debdc08f2ab9faeaca85,2026-04-11 00:00:00,Norwich City FC,Ipswich Town FC,1,1,1
e0f9160237cccfb8f781,2026-04-11 00:00:00,Sheffield United FC,Hull City AFC,1,1,1
e8185582a9c3bea4df74,2026-04-11 12:30:00,Coventry City FC,Sheffield Wednesday FC,1,1,1
27c432eb4d5a9ad85ccb,2026-04-11 15:00:00,Charlton Athletic FC,Preston North End FC,1,1,1
32d7d6cb7095a4a3ad80,2026-04-11 15:00:00,Cagliari,Cremonese,1,1,1
f26d64ea0635dfa672a7,2026-04-11 15:00:00,Torino,Hellas Verona,1,1,1
4c4b43f36e395c821bdd,2026-04-11 15:30:00,RB Leipzig,Borussia M'gladbach,1,1,1
70a7c0996e7f0d81090f,2026-04-11 15:30:00,Borussia Dortmund,Bayer Leverkusen,1,1,1
c4f3e42cdb7b2f379491,2026-04-11 15:30:00,Wolfsburg,Eintracht Frankfurt,1,1,1
e40b318910265d7de6a4,2026-04-11 15:30:00,Heidenheim,Union Berlin,1,1,1
674abe61685f421026fb,2026-04-11 18:00:00,Milan,Udinese,1,1,1
d34735da025b9ae76a16,2026-04-11 18:30:00,St. Pauli,FC Bayern München,1,1,1
c925621c22479ad2d2a2,2026-04-11 20:45:00,Atalanta,Juventus FC,1,1,1
4625cf13106bb26d2d5b,2026-04-12 00:00:00,Sunderland,Tottenham,1,1,1
5f0a1ccef3fd196271ad,2026-04-12 00:00:00,Crystal Palace,Newcastle,3,3,3
72dfba5d5c0284166b71,2026-04-12 00:00:00,Chelsea,Man City,3,3,3
f07c32f09d6e49b445f6,2026-04-12 00:00:00,Nott'm Forest,Aston Villa,3,3,3
c21491edcdd3aaf8829c,2026-04-12 12:00:00,Birmingham City FC,Wrexham AFC,1,1,1
7fac38d6e08d04783587,2026-04-12 12:30:00,Genoa,Sassuolo,1,1,1
815a40f473c76351f8b1,2026-04-12 15:00:00,Parma,Napoli,1,1,1
60a3826b98eb99ae9355,2026-04-12 15:30:00,1. FC Köln,Werder Bremen,1,1,1
570e99fe087243041a8a,2026-04-12 17:30:00,VfB Stuttgart,Hamburger SV,1,1,1
79dc9ed94b4862c28281,2026-04-12 18:00:00,Bologna,Lecce,1,1,1
aec08a012ee87edadc3e,2026-04-12 19:30:00,1. FSV Mainz 05,SC Freiburg,1,1,1
a627683720ec9bb6c8c6,2026-04-12 20:45:00,Como,FC Internazionale Milano,1,1,1
762350aec32236e22450,2026-04-13 00:00:00,Man United,Leeds,1,1,1
9edea1a3df76777f9803,2026-04-13 20:45:00,Fiorentina,Lazio,1,1,1
01f726f1a61313eb2fe2,2026-04-14 20:00:00,Portsmouth FC,Ipswich Town FC,1,1,1
9ccc2c238d10e0c72fc7,2026-04-14 20:00:00,Southampton FC,Blackburn Rovers FC,1,1,1
00d69148f141084ebe45,2026-04-17 16:30:00,Sassuolo,Como,1,1,1
1a60fd3584c3275bec91,2026-04-17 20:00:00,Blackburn Rovers FC,Coventry City FC,1,1,1
5148f58990614b49a6fb,2026-04-17 20:30:00,St. Pauli,1. FC Köln,1,1,1
c4dc282e25d812aa874d,2026-04-17 20:45:00,FC Internazionale Milano,Cagliari,1,1,1
005a82aaac8dcb68c299,2026-04-18 00:00:00,Watford FC,Sheffield United FC,1,1,1
1b7f34d712f7e02386cc,2026-04-18 00:00:00,Sheffield Wednesday FC,Charlton Athletic FC,1,1,1
224737c2f94c37b25970,2026-04-18 00:00:00,Wrexham AFC,Stoke City FC,1,1,1
3841f03e9dbb0a60808d,2026-04-18 00:00:00,Chelsea,Man United,3,3,3
4ad8532905b4a80c05ee,2026-04-18 00:00:00,Tottenham,Brighton,3,3,3
4cab12ea18960c6238f7,2026-04-18 00:00:00,Newcastle,Bournemouth,3,3,3
6b17b37ccc78ded3c3bc,2026-04-18 00:00:00,Swansea City AFC,Southampton FC,1,1,1
7635e3d045e960452b6e,2026-04-18 00:00:00,Portsmouth FC,Leicester City FC,1,1,1
88106035f99592fcdde0,2026-04-18 00:00:00,Leeds,Wolves,1,1,1
a1490cc3b774910d65e6,2026-04-18 00:00:00,Millwall FC,Queens Park Rangers FC,1,1,1
c8dee0974b05f40132eb,2026-04-18 00:00:00,Preston North End FC,West Bromwich Albion FC,1,1,1
dade6d9f03347c845a81,2026-04-18 00:00:00,Brentford,Fulham,3,4,4
f09a7c285287a1618ea4,2026-04-18 00:00:00,Hull City AFC,Birmingham City FC,1,1,1
8bf2c02035cf21786e63,2026-04-18 12:30:00,Derby County FC,Oxford United FC,1,1,1
512754736066150ab936,2026-04-18 15:00:00,Bristol City FC,Norwich City FC,1,1,1
f07ddfb20ec2b2628b32,2026-04-18 15:00:00,Udinese,Parma,1,1,1
704ea25b148547ac678b,2026-04-18 15:30:00,Werder Bremen,Hamburger SV,1,1,1
88da6aeffea8384a2a84,2026-04-18 15:30:00,Bayer Leverkusen,FC Augsburg,1,1,1
90cd49d2956e26b975d2,2026-04-18 15:30:00,Union Berlin,Wolfsburg,1,1,1
ba193f3236c743dbb914,2026-04-18 15:30:00,TSG 1899 Hoffenheim,Borussia Dortmund,1,1,1
36122d019621b02b2b12,2026-04-18 18:00:00,Napoli,Lazio,1,1,1
388ddb1bdcacb42bc847,2026-04-18 18:30:00,Eintracht Frankfurt,RB Leipzig,1,1,1
72b4fb9f87b475f7f644,2026-04-18 20:45:00,AS Roma,Atalanta,1,1,1
1a6a91cc16778f8704d3,2026-04-19 00:00:00,Man City,Arsenal,3,3,3
211c8bb907b72134529b,2026-04-19 00:00:00,Nott'm Forest,Burnley,1,1,1
762d148605a6be4927a5,2026-04-19 00:00:00,Everton,Liverpool,3,3,3
d130e6472bbe958130e8,2026-04-19 00:00:00,Aston Villa,Sunderland,1,1,1
7ae8847ea58e20e9cc41,2026-04-19 12:00:00,Ipswich Town FC,Middlesbrough FC,1,1,1
3d55f70f642933adf5fb,2026-04-19 12:30:00,Cremonese,Torino,1,1,1
4730c8199e49b9f3931d,2026-04-19 15:00:00,Hellas Verona,Milan,1,1,1
ea397ab4473b3a24b946,2026-04-19 15:30:00,SC Freiburg,Heidenheim,1,1,1
fdd8043942cdc0a0f9fd,2026-04-19 17:30:00,FC Bayern München,VfB Stuttgart,1,1,1
709f2eb12c97b38ee0ed,2026-04-19 18:00:00,Pisa,Genoa,1,1,1
8311b0237f56703cb3c0,2026-04-19 19:30:00,Borussia M'gladbach,1. FSV Mainz 05,1,1,1
5f2c6c48600cabbb1d62,2026-04-19 20:45:00,Juventus FC,Bologna,1,1,1
ce89f0c8b183c8c1d007,2026-04-20 00:00:00,Crystal Palace,West Ham,3,3,3
86b64988f336a2b37338,2026-04-20 20:45:00,Lecce,Fiorentina,1,1,1
121f821934701ce9f19a,2026-04-21 00:00:00,West Bromwich Albion FC,Watford FC,1,1,1
1310530afa889099ac53,2026-04-21 00:00:00,Norwich City FC,Derby County FC,1,1,1
35393b83b75fe8eb7df8,2026-04-21 00:00:00,Leicester City FC,Hull City AFC,1,1,1
61167328131a15f960cb,2026-04-21 00:00:00,Southampton FC,Bristol City FC,1,1,1
713c8e61149744e854d0,2026-04-21 00:00:00,Queens Park Rangers FC,Swansea City AFC,1,1,1
ca876e99917b2f3b2e4d,2026-04-21 00:00:00,Stoke City FC,Millwall FC,1,1,1
dd0101a614c367da2d90,2026-04-21 00:00:00,Brighton,Chelsea,3,3,3
f481b249ce5be706b271,2026-04-21 00:00:00,Oxford United FC,Wrexham AFC,1,1,1
224abcee77283070af0a,2026-04-21 19:45:00,Coventry City FC,Portsmouth FC,1,1,1
58ebe5b3af66b29020e5,2026-04-22 00:00:00,Bournemouth,Leeds,1,1,1
82bf1182c946b7d7884c,2026-04-22 00:00:00,Burnley,Man City,2,2,2
b0406d3ffd366fb31fec,2026-04-22 00:00:00,Sheffield United FC,Blackburn Rovers FC,1,1,1
dcbcb934ce932c40d7de,2026-04-22 00:00:00,Charlton Athletic FC,Ipswich Town FC,1,1,1
f08fe02dac0542ca722e,2026-04-22 00:00:00,Birmingham City FC,Preston North End FC,1,1,1
5cfaac0067e37877a62d,2026-04-22 19:45:00,Middlesbrough FC,Sheffield Wednesday FC,1,1,1
158f0ac051c7bbebd51e,2026-04-24 00:00:00,Sunderland,Nott'm Forest,1,1,1
bffc4f83f87dea625529,2026-04-24 20:00:00,Leicester City FC,Millwall FC,1,1,1
4fa53f0e58fabf4599d6,2026-04-24 20:30:00,RB Leipzig,Union Berlin,1,1,1
cdf27f3dc268a9efcaed,2026-04-24 20:45:00,Napoli,Cremonese,1,1,1
0372928cabf2854aead3,2026-04-25 00:00:00,Middlesbrough FC,Watford FC,1,1,1
2a6482ba91cb719bc48f,2026-04-25 00:00:00,Arsenal,Newcastle,3,3,3
4122f090a9dd7e276a59,2026-04-25 00:00:00,Sheffield United FC,Preston North End FC,1,1,1
5268b5be7cb5ce432f66,2026-04-25 00:00:00,Queens Park Rangers FC,Derby County FC,1,1,1
534002ea774b9b871d68,2026-04-25 00:00:00,West Bromwich Albion FC,Ipswich Town FC,1,1,1
5fe54506869fc3f2fed3,2026-04-25 00:00:00,Stoke City FC,Portsmouth FC,1,1,1
6acd1be2bb56b530d895,2026-04-25 00:00:00,Fulham,Aston Villa,3,3,3
884fac0d7bc10e59f8c3,2026-04-25 00:00:00,Oxford United FC,Sheffield Wednesday FC,1,1,1
b5e406001be138f41829,2026-04-25 00:00:00,Norwich City FC,Swansea City AFC,1,1,1
bb460f700215bd4a463b,2026-04-25 00:00:00,Liverpool,Crystal Palace,3,3,3
c5c01bf18307bf25699d,2026-04-25 00:00:00,West Ham,Everton,3,3,3
d02a07faaaf417acde71,2026-04-25 00:00:00,Wolves,Tottenham,3,3,3
8c8332b29a76534dc4e3,2026-04-25 12:30:00,Charlton Athletic FC,Hull City AFC,1,1,1
3bb147ae124eb645c38c,2026-04-25 15:00:00,Parma,Pisa,1,1,1
4cd23f1b0420f54f7e5e,2026-04-25 15:00:00,Birmingham City FC,Bristol City FC,1,1,1
12b8d6f2d20dc615e8e5,2026-04-25 15:30:00,1. FSV Mainz 05,FC Bayern München,1,1,1
79f04cc56898104f7f9c,2026-04-25 15:30:00,1. FC Köln,Bayer Leverkusen,1,1,1
99f6f01c77d9a53d9b95,2026-04-25 15:30:00,Heidenheim,St. Pauli,1,1,1
bdf583645c8c7dc7fc11,2026-04-25 15:30:00,FC Augsburg,Eintracht Frankfurt,1,1,1
fe836e4a037a463b0793,2026-04-25 15:30:00,Wolfsburg,Borussia M'gladbach,1,1,1
27a7b6b77509b28abd32,2026-04-25 18:00:00,Bologna,AS Roma,1,1,1
11fcedf2ed82617d29e6,2026-04-25 18:30:00,Hamburger SV,TSG 1899 Hoffenheim,1,1,1
1425ef63ee8ada04e0cb,2026-04-25 20:45:00,Hellas Verona,Lecce,1,1,1
53da3653c57a6d3e2794,2026-04-26 12:00:00,Coventry City FC,Wrexham AFC,1,1,1
a13a7c9b8dce92a1ddd0,2026-04-26 12:30:00,Fiorentina,Sassuolo,1,1,1
79526b5cb0967405af33,2026-04-26 15:00:00,Genoa,Como,1,1,1
941a59e7b74939e2b514,2026-04-26 15:30:00,VfB Stuttgart,Werder Bremen,1,1,1
0b0e9b696c1fae8ae02a,2026-04-26 17:30:00,Borussia Dortmund,SC Freiburg,1,1,1
b5557e9263630a5a142e,2026-04-26 18:00:00,Torino,FC Internazionale Milano,1,1,1
1e01759f0d9898cb0316,2026-04-26 20:45:00,Milan,Juventus FC,1,1,1
d4688d371f7060653f30,2026-04-27 00:00:00,Man United,Brentford,3,3,3
8c62ba7ed1db1441bdaa,2026-04-27 18:30:00,Cagliari,Atalanta,1,1,1
3f5716da8f3c9607cb92,2026-04-27 20:45:00,Lazio,Udinese,1,1,1
24655ebe736744ffe0d2,2026-04-28 19:45:00,Southampton FC,Ipswich Town FC,1,1,1
dfa62dac36a04d1720b0,2026-05-01 00:00:00,Leeds,Burnley,3,3,3
eb9e7fc8ea71ca4ebf6d,2026-05-01 20:45:00,Pisa,Lecce,1,1,1
04885428a2d87cc46910,2026-05-02 00:00:00,Ipswich Town FC,Queens Park Rangers FC,1,1,1
0d1bd98858a2904fb8a3,2026-05-02 00:00:00,Brentford,West Ham,3,3,3
0f976908b08c877230cc,2026-05-02 00:00:00,Derby County FC,Sheffield United FC,1,1,1
23627c5e79406b5e2c91,2026-05-02 00:00:00,Hull City AFC,Norwich City FC,1,1,1
367eba522475dc209e41,2026-05-02 00:00:00,Bristol City FC,Stoke City FC,1,1,1
46f2beb8ec2827e91d6d,2026-05-02 00:00:00,Swansea City AFC,Charlton Athletic FC,1,1,1
614958f83f04a71c42c0,2026-05-02 00:00:00,Portsmouth FC,Birmingham City FC,1,1,1
881e50111bdd685a01af,2026-05-02 00:00:00,Newcastle,Brighton,3,3,3
973694e106f9736ad24c,2026-05-02 00:00:00,Preston North End FC,Southampton FC,1,1,1
9e462065238a3330a547,2026-05-02 00:00:00,Sheffield Wednesday FC,West Bromwich Albion FC,1,1,1
aa24a8178d3df2077a32,2026-05-02 00:00:00,Millwall FC,Oxford United FC,1,1,1
b9ffe4b755e7ba051ca1,2026-05-02 00:00:00,Wolves,Sunderland,1,1,1
cb9a407ae979c013ab36,2026-05-02 00:00:00,Wrexham AFC,Middlesbrough FC,1,1,1
d1f2791637939caadeb8,2026-05-02 00:00:00,Watford FC,Coventry City FC,1,1,1
f814f442e24d69c74e5e,2026-05-02 00:00:00,Arsenal,Fulham,3,4,4
8c46c26b04da22e3c214,2026-05-02 12:30:00,Blackburn Rovers FC,Leicester City FC,1,1,1
6a9bae6a267a452e1c49,2026-05-02 15:00:00,Udinese,Torino,1,1,1
0993b1990395c483067f,2026-05-02 15:30:00,FC Bayern München,Heidenheim,1,1,1
1c272226529df4316c2b,2026-05-02 15:30:00,Werder Bremen,FC Augsburg,1,1,1
23ab8fb3141a83b5ea4c,2026-05-02 15:30:00,Eintracht Frankfurt,Hamburger SV,1,1,1
490306f0340283c04ff6,2026-05-02 15:30:00,TSG 1899 Hoffenheim,VfB Stuttgart,1,1,1
fa7f52e730f020b279f0,2026-05-02 15:30:00,Union Berlin,1. FC Köln,1,1,1
947371d49a0b69ee8b5b,2026-05-02 18:00:00,Como,Napoli,1,1,1
4c7d8c2a26399c00c9fa,2026-05-02 18:30:00,Bayer Leverkusen,RB Leipzig,1,1,1
44869da3e786b7ff4b70,2026-05-02 20:45:00,Atalanta,Genoa,1,1,1
0616ade105a84ea40f71,2026-05-03 00:00:00,Man United,Liverpool,3,3,3
21f56a3900d91571c34d,2026-05-03 00:00:00,Aston Villa,Tottenham,3,3,3
2eb25c95598dc45b28c2,2026-05-03 00:00:00,Bournemouth,Crystal Palace,3,3,3
3a60c5bfcb3f96c7813f,2026-05-03 12:30:00,Bologna,Cagliari,1,1,1
24beae2e66a6054bb768,2026-05-03 13:00:00,Sassuolo,Milan,1,1,1
355650cfdc0ae6143bb8,2026-05-03 15:30:00,St. Pauli,1. FSV Mainz 05,1,1,1
e8c9bb29f0c9bfa17013,2026-05-03 17:40:00,Borussia M'gladbach,Borussia Dortmund,1,1,1
04f32e81596e9f5d454e,2026-05-03 18:00:00,Juventus FC,Hellas Verona,1,1,1
f75a9cdff38c4b52364e,2026-05-03 19:30:00,SC Freiburg,Wolfsburg,1,1,1
c15acbd906c1156a4899,2026-05-03 20:45:00,FC Internazionale Milano,Parma,1,1,1
55ea9d16047b14352041,2026-05-04 00:00:00,Everton,Man City,3,3,3
eb451be89a1f03283f2e,2026-05-04 00:00:00,Chelsea,Nott'm Forest,3,3,3
d79d1aaf416267c7d771,2026-05-04 18:30:00,Cremonese,Lazio,1,1,1
c90627e1ac4b3de2cc3a,2026-05-04 20:45:00,AS Roma,Fiorentina,1,1,1
33eb46defd8d0ba713de,2026-05-08 20:00:00,Hull City AFC,Millwall FC,2,2,2
31f810ada6221bad2985,2026-05-08 20:30:00,Borussia Dortmund,Eintracht Frankfurt,1,1,1
02da77cc847999ac27d1,2026-05-08 20:45:00,Torino,Sassuolo,1,1,1
63374d613b14d11c87cb,2026-05-09 00:00:00,Fulham,Bournemouth,3,3,3
90b9fb2823edf688a73d,2026-05-09 00:00:00,Liverpool,Chelsea,3,4,4
b81de21ce053cc27d96d,2026-05-09 00:00:00,Sunderland,Man United,1,1,1
cc54428fc988f7ed3e5e,2026-05-09 00:00:00,Man City,Brentford,3,3,3
db2a8b8dbb402dfcd6ac,2026-05-09 00:00:00,Brighton,Wolves,3,4,4
111bdb0095287b5acff9,2026-05-09 12:30:00,Middlesbrough FC,Southampton FC,2,2,2
53222187e2a88cce90de,2026-05-09 15:00:00,Cagliari,Udinese,1,1,1
062533bd10abbd0d32c1,2026-05-09 15:30:00,TSG 1899 Hoffenheim,Werder Bremen,1,1,1
6eabe82748907b43af12,2026-05-09 15:30:00,FC Augsburg,Borussia M'gladbach,1,1,1
e86255d5e2f3e7e9e8c6,2026-05-09 15:30:00,VfB Stuttgart,Bayer Leverkusen,1,1,1
f9747da391bc86ff1876,2026-05-09 15:30:00,RB Leipzig,St. Pauli,1,1,1
fd460b04adbe17e33e1a,2026-05-09 18:00:00,Lazio,FC Internazionale Milano,1,1,1
b8d0287397bcf0253bab,2026-05-09 18:30:00,Wolfsburg,FC Bayern München,1,1,1
4818440bfdd95db63878,2026-05-09 20:45:00,Lecce,Juventus FC,1,1,1
89a3558aba5cb91a58ab,2026-05-10 00:00:00,West Ham,Arsenal,3,3,3
a4f0bfc33b5daee9f945,2026-05-10 00:00:00,Burnley,Aston Villa,2,2,2
a716c158dcebb7633e66,2026-05-10 00:00:00,Nott'm Forest,Newcastle,3,3,3
c97980d3a0e14292f02c,2026-05-10 00:00:00,Crystal Palace,Everton,3,3,3
4e3627629a39b71763aa,2026-05-10 12:30:00,Hellas Verona,Como,1,1,1
5baf60c8fe2af9153d49,2026-05-10 15:00:00,Fiorentina,Genoa,1,1,1
9ecb72f076ff058f8ee7,2026-05-10 15:00:00,Cremonese,Pisa,1,1,1
dad63cef3c9300864097,2026-05-10 15:30:00,Hamburger SV,SC Freiburg,1,1,1
0a65fd8723389274bcb3,2026-05-10 17:30:00,1. FC Köln,Heidenheim,1,1,1
6fd2a034a3f2c4866e33,2026-05-10 18:00:00,Parma,AS Roma,1,1,1
55c26e7c8ba07b321b5e,2026-05-10 19:30:00,1. FSV Mainz 05,Union Berlin,1,1,1
5a663da8286916545bb8,2026-05-10 20:45:00,Milan,Atalanta,1,1,1
7fcf55c2341ed5bda222,2026-05-11 00:00:00,Tottenham,Leeds,1,1,1
1e8010fc4268bac75292,2026-05-11 20:00:00,Millwall FC,Hull City AFC,3,3,3
60188843201f9f3646fa,2026-05-11 20:45:00,Napoli,Bologna,1,1,1
71048aea68db95ffb3da,2026-05-12 20:00:00,Southampton FC          v Middlesbrough FC,a.e.t. (0-0),0,0,0
e8b2ab5f3868170570ce,2026-05-13 00:00:00,Man City,Crystal Palace,3,3,3
40a65dfa49a57c8393f9,2026-05-15 00:00:00,Aston Villa,Liverpool,3,3,3
2fde70672d843dfa1d05,2026-05-16 15:30:00,St. Pauli,Wolfsburg,1,1,1
3eed6d9252559a689de0,2026-05-16 15:30:00,FC Bayern München,1. FC Köln,1,1,1
6e12d1aab4b011372b9a,2026-05-16 15:30:00,SC Freiburg,RB Leipzig,1,1,1
8ec33aae48affe414bf5,2026-05-16 15:30:00,Borussia M'gladbach,TSG 1899 Hoffenheim,1,1,1
927c1457778c033d19e4,2026-05-16 15:30:00,Eintracht Frankfurt,VfB Stuttgart,1,1,1
bee1bf537ab0639a01d2,2026-05-16 15:30:00,Werder Bremen,Borussia Dortmund,1,1,1
d0b58909493cf7d44fe4,2026-05-16 15:30:00,Heidenheim,1. FSV Mainz 05,1,1,1
e045a148d0c23880be29,2026-05-16 15:30:00,Union Berlin,FC Augsburg,1,1,1
eab91ca6cdf9c2706185,2026-05-16 15:30:00,Bayer Leverkusen,Hamburger SV,1,1,1
37857ae4c741dc2829c6,2026-05-17 00:00:00,Newcastle,West Ham,3,3,3
519019494fa030cdbe5a,2026-05-17 00:00:00,Man United,Nott'm Forest,3,4,4
6b093aaa04fa67da5a4e,2026-05-17 00:00:00,Brentford,Crystal Palace,3,4,4
7ab21f4acf3750b6dda8,2026-05-17 00:00:00,Everton,Sunderland,1,1,1
9d14f1a571cad192d45f,2026-05-17 00:00:00,Wolves,Fulham,3,3,3
c293818285fd58257aed,2026-05-17 00:00:00,Leeds,Brighton,1,1,1
593b6e42b8079d2035a1,2026-05-17 12:00:00,Pisa,Napoli,1,1,1
5a451f3a4928cdb241c8,2026-05-17 12:00:00,Genoa,Milan,1,1,1
7a0a98c1168218e5a84b,2026-05-17 12:00:00,Como,Parma,1,1,1
7ef2b39aec542c58e633,2026-05-17 12:00:00,Juventus FC,Fiorentina,1,1,1
7f6c941165c30894e49a,2026-05-17 12:00:00,AS Roma,Lazio,1,1,1
9585594f7276c0eb9fbb,2026-05-17 15:00:00,FC Internazionale Milano,Hellas Verona,1,1,1
2a620f2daa8fe0bdccc4,2026-05-17 18:00:00,Atalanta,Bologna,1,1,1
de226a5e806a3d336fe3,2026-05-17 18:45:00,Sassuolo,Lecce,1,1,1
301ff7b3cb5b919c62c2,2026-05-17 20:45:00,Udinese,Cremonese,1,1,1
954be3e6fec948591205,2026-05-17 20:45:00,Cagliari,Torino,1,1,1
5697ff58bbfaa05168d4,2026-05-18 00:00:00,Arsenal,Burnley,1,1,1
2b4e9ea7b73aae57f50c,2026-05-19 00:00:00,Bournemouth,Man City,3,3,3
580661c0d4bedd00d60f,2026-05-19 00:00:00,Chelsea,Tottenham,3,3,3
13ac93f8d8caae399dca,2026-05-22 20:45:00,Fiorentina,Atalanta,1,1,1
2ead8b9c9e7188c18342,2026-05-23 17:30:00,Hull City AFC,Middlesbrough FC,2,2,2
bb56fe5c771032d7c8fd,2026-05-23 18:00:00,Bologna,FC Internazionale Milano,1,1,1
6678d647e50663384497,2026-05-23 20:45:00,Lazio,Pisa,1,1,1
0dd69b763ef4d998baa8,2026-05-24 00:00:00,Liverpool,Brentford,3,3,3
1f4dc4ee536e2d1e1fa8,2026-05-24 00:00:00,Fulham,Newcastle,3,3,3
26c0472f64af747db69a,2026-05-24 00:00:00,Brighton,Man United,3,3,3
3017fb911c3b08f156e3,2026-05-24 00:00:00,West Ham,Leeds,1,1,1
79e3479f3819df2b3c79,2026-05-24 00:00:00,Man City,Aston Villa,3,3,3
a35db947e6dd55316b18,2026-05-24 00:00:00,Nott'm Forest,Bournemouth,3,3,3
b325c4ce4d9c5b374c82,2026-05-24 00:00:00,Crystal Palace,Arsenal,3,4,4
c54283cf60af1ef550b8,2026-05-24 00:00:00,Tottenham,Everton,3,3,3
e6b60d9d5bd3e93891c0,2026-05-24 00:00:00,Sunderland,Chelsea,1,1,1
fd7e7ece854a603ccac1,2026-05-24 00:00:00,Burnley,Wolves,1,1,1
684768818bc823db0754,2026-05-24 15:00:00,Parma,Sassuolo,1,1,1
5fa6f11c664ed2940db8,2026-05-24 18:00:00,Napoli,Udinese,1,1,1
3db384477c5bb34f8128,2026-05-24 20:45:00,Lecce,Genoa,1,1,1
9278210c2ea6f91ef607,2026-05-24 20:45:00,Cremonese,Como,1,1,1
9f75488865bf8764e7ed,2026-05-24 20:45:00,Hellas Verona,AS Roma,1,1,1
d106c9f9a56997df295f,2026-05-24 20:45:00,Milan,Cagliari,1,1,1
db2455984cb2b012be6a,2026-05-24 21:45:00,Torino,Juventus FC,1,1,1
00359fc0adbe0510862c7c26,,Club Nacional (PAR),12 de Octubre de Itauguá (PAR),0,0,0
007e31715bbd00843e5592cc,,Barcelona-EQU,Fluminense,0,0,0
0099418ad17120c06a76801e,,Fluminense,Junior de Barranquilla,0,0,0
00c394aeb15c37665ec3516e,,Fortaleza CE (BRA),Sportivo Trinidense (PAR),0,0,0
01a2b583eb940ec3e5a52c99,,Universidad Católica (CHI),Palestino (CHI),0,0,0
02556e990ab447c1928094f8,,Unión La Calera (CHI),Ñublense (CHI),0,0,0
026122d2dc2f2c2b7d7104b8,,Blooming (BOL),Audax Italiano (CHI),0,0,0
0261991354b3e3c0670661cb,,Colo-Colo,Peñarol,0,0,0
02743162d8334b1a79e8a51f,,Bahia BA (BRA),Defensa y Justicia (ARG),0,0,0
029c6d89e0d86ef252716ecd,,Defensa y Justicia (ARG),Universidad Cesar Vallejo (PER),0,0,0
02a7fcfcbbd56d5e8626e6c1,,Argentinos Juniors,River Plate,0,0,0
02b1ada098399b455d062329,,Palmeiras,Tigre,0,0,0
03079917feeaf75febf66545,,Oriente Petrolero (BOL),Tacuary (PAR),0,0,0
03094565cabb78112950e9f1,,Tigre,Bolívar,0,0,0
033d1422f6c405b992b95525,,Santa Fe (COL),Gimnasia de La Plata (ARG),0,0,0
033e00ac6dea5c5ff488d9d5,,América MG (BRA),Millonarios (COL),0,0,0
03432db3bc665786dfa09823,,River Plate,Junior de Barranquilla,0,0,0
039631f197ecd377fa281d3e,,Athletico Paranaense (BRA),América de Cali (COL),0,0,0
03b68f52773c4572dd8865e0,,Fortaleza CE (BRA),Rosario Central (ARG),0,0,0
03d97390ba672f465f7d58ca,,Deportes Tolima (COL),Unión La Calera (CHI),0,0,0
0416e01fcf9ba28aca016a1f,,LDU Quito (ECU),Antofagasta (CHI),0,0,0
0460d403f0057c05bf330c84,,Fénix (URU),Montevideo City Torque (URU),0,0,0
04a6668087267fda6c0fba58,,Universidad Cesar Vallejo (PER),Deportivo Binacional (PER),0,0,0
04ac52d52dc196fc45717481,,Caracas FC (VEN),Academia Puerto Cabello (VEN),0,0,0
04fcba5e1bad440b2d3b10ab,,Independiente del Valle,Junior de Barranquilla,0,0,0
05401700f0c0a83f6e699903,,Sporting Cristal,Racing Club,0,0,0
05773bf9622b60ec8a32b145,,Fortaleza CE (BRA),Corinthians SP (BRA),0,0,0
059554041ab5a22ce4d9bdf3,,Independiente (ARG),Ceará CE (BRA),0,0,0
05c61c6a0dbf4155b7b6b026,,Blooming (BOL),Newell's Old Boys (ARG),0,0,0
05dc6853489994eb556e22f8,,Libertad (PAR),Red Bull Bragantino (BRA),0,0,0
060ae32a91ecf82cf25058b6,,Lanús (ARG),Universidad Catolica (ECU),0,0,0
06be5a1d57093dfd517dd50e,,Libertad-PAR,Jorge Wilstermann,0,0,0
06defe40ad38c9d87a422e02,,Antofagasta (CHI),Huachipato (CHI),0,0,0
0703241950118a7dbfb0a00d,,Grêmio,América de Cali,0,0,0
070ad774cde3983ffe1175d1,,Athletico Paranaense (BRA),Metropolitanos FC (VEN),0,0,0
071a02dfe39ba3b022d3d62e,,Unión de Santa Fe (ARG),Fluminense RJ (BRA),0,0,0
072fbe1815cfa7dea3291f8f,,Boca Juniors,Deportivo Cali,0,0,0
0790599828df13bda2bc2d09,,Atlético Mineiro (BRA),Unión de Santa Fe (ARG),0,0,0
07c8f31978c792b54c02e4a9,,Nacional-URU,Alianza Lima,0,0,0
08622a731cc20a33792d2855,,Caracas FC (VEN),Cienciano (PER),0,0,0
086314aea4fe7d3c491b1439,,Deportivo Pasto (COL),La Equidad (COL),0,0,0
0887b0d9180663e4109bfd3a,,River Plate (PAR),Peñarol (URU),0,0,0
0888b1ef687d2ad1f27b7271,,River Plate,Vélez Sarsfield,0,0,0
089c1a00dcfcff62ae9774d4,,Danubio (URU),Sportivo Ameliano (PAR),0,0,0
08f4b791dd7e875ce3f16358,,Oriente Petrolero (BOL),Vasco da Gama RJ (BRA),0,0,0
08fe729b5c84b60933c3eaa5,,La Equidad (COL),Aragua FC (VEN),0,0,0
090919a1dff666a09c3b6da6,,Racing Club (ARG),Athletico Paranaense (BRA),0,0,0
090d88b36fadffdc528b1a2f,,Athletico Paranaense (BRA),Peñarol (URU),0,0,0
092bd9f59bc53383a3444b57,,Emelec (ECU),Deportes Tolima (COL),0,0,0
094e0e6dffdaebdf979803f2,,Argentinos Juniors (ARG),Sport Huancayo (PER),0,0,0
09538899fbf501fb43e0c855,,São Paulo FC (BRA),Jorge Wilstermann (BOL),0,0,0
095721e886420f1a0ff3a2e9,,Red Bull Bragantino (BRA),Estudiantes (ARG),0,0,0
097e9c028839e8678e2e8fac,,Everton (CHI),Unión La Calera (CHI),0,0,0
09c88a2cd34e19a08c0ff497,,Barcelona-EQU,The Strongest,0,0,0
09d783bafef604ebd92f4f77,,Metropolitanos FC (VEN),Deportivo Garcilaso (PER),0,0,0
09fdc5c800c07b426c94b1c9,,Deportivo Garcilaso (PER),Metropolitanos FC (VEN),1,1,1
0a32f00886e3851cd5fc2dac,,Aragua FC (VEN),Mineros de Guayana (VEN),0,0,0
0a3832e41ddc38d1600c668a,,Botafogo RJ (BRA),Patronato de Paraná (ARG),0,0,0
0a5c41559cc935bc38f5d933,,Botafogo RJ (BRA),Guaraní (PAR),0,0,0
0aa0cabdc19181c4bf1c80c5,,Deportivo Táchira (VEN),Santos FC (BRA),0,0,0
0ada3495b9ed0b7c57054d05,,Jorge Wilstermann (BOL),Everton (CHI),0,0,0
0b37305ee983f8bddb85c792,,Cuiabá MT (BRA),Racing Club (ARG),0,0,0
0b4bff6c9d0fb6e2015c469b,,Peñarol (URU),Millonarios (COL),0,0,0
0b53e725b8adc8aa94189332,,Danubio (URU),Emelec (ECU),0,0,0
0b7791e5cc9b880689f74cfd,,São Paulo,Racing Club,0,0,0
0b9e1539bf058036ca6bfee9,,River Plate,Atlético-MG,0,0,0
0bd363e304ccc1b4d7e44e73,,Independiente del Valle (ECU),Deportivo Táchira (VEN),0,0,0
0bf70f746aa0a5a7ffd4920d,,CD Guabirá (BOL),Oriente Petrolero (BOL),0,0,0
0c0019ded9ce1084a8ab0a8f,,Tolima,Independiente del Valle,0,0,0
0c2a7a0b252fb7a072cc1386,,Vélez Sarsfield,River Plate,1,1,1
0c3f1439d168cad2d94c094f,,Emelec (ECU),Danubio (URU),1,1,1
0c6c47f68d1e6881e4a18d42,,LDU,Vélez Sarsfield,0,0,0
0c70d602f1e0b8c0caa98637,,Defensa y Justicia (ARG),Always Ready (BOL),0,0,0
0ca49c2edf9f5daae79a3b7f,,Estudiantes (ARG),Tacuary (PAR),0,0,0
0cb10cb85cb4ba0d864044e4,,Nacional Potosí (BOL),FBC Melgar (PER),0,0,0
0d2d895f470b63b0363027bf,,Libertad-PAR,Athletico,0,0,0
0d68984c89096a69edfeb0a4,,América-MG,Independiente del Valle,0,0,0
0d7d0126193be695c469b576,,Ceará CE (BRA),General Caballero DJLM (PAR),0,0,0
0daa9e58326df26c9a651adc,,Antofagasta (CHI),Defensa y Justicia (ARG),0,0,0
0ddd833fa9400c3c99fe601b,,Tacuary (PAR),Red Bull Bragantino (BRA),0,0,0
0ed0edd91df891d30e4cb080,,Independiente del Valle,Tolima,1,1,1
0fb3c9c41a586b14c282af42,,Arsenal de Sarandí (ARG),Jorge Wilstermann (BOL),0,0,0
0fe3cd44f433b4d912bb70c1,,Universidad Católica (CHI),Coquimbo Unido (CHI),0,0,0
0fe4d471e8e68958840a9546,,Nacional (URU),Peñarol (URU),0,0,0
0ffe9317577faae8c73d695e,,Deportivo Táchira,Emelec,0,0,0
100d1d27090d21a88f7f2d17,,San Lorenzo (ARG),Estudiantes de Mérida (VEN),0,0,0
10eb72845dd055290df5206b,,Talleres,Vélez Sarsfield,0,0,0
10fb874c3837a8ae249f5398,,Universidad Católica (CHI),São Paulo FC (BRA),0,0,0
113a6aa05df31569f4d0fd34,,Atlético-MG,Cerro Porteño,0,0,0
11571b675447b74cc9d4f9d2,,CD Guabirá (BOL),Bahia BA (BRA),0,0,0
11f4ce96dede1de3e0fe48cc,,Metropolitanos FC (VEN),Aucas (ECU),0,0,0
11f64c6606678f5bb87ad1e1,,São Paulo FC (BRA),Universidad Católica (CHI),1,1,1
127e3430585a2fba74496d23,,Santa Fe (COL),Universitario de Deportes (PER),0,0,0
12ecc40bf1a38b67972c6099,,Mushuc Runa (ECU),Orense SC (ECU),0,0,0
1315055437732493f8325835,,Defensa y Justicia (ARG),Atlético Goianiense (BRA),0,0,0
13f133372e6d79094cd8aeda,,LDU,Unión La Calera,0,0,0
141d71bb111251173b39899c,,Racing Club,Rentistas ,0,0,0
1442fbcba4fc959d5e5d1927,,Alianza FC (COL),Cruzeiro (BRA),0,0,0
144994fb352dcbcd6a4392c0,,Liverpool (URU),Llaneros de Guanare (VEN),0,0,0
1458e4631c99943704f16c25,,Athletico,Caracas,0,0,0
147613d3379be435d5f0f064,,Deportes Tolima (COL),Independiente Medellín (COL),0,0,0
14d28da1d719589604d0e736,,Deportivo Cali (COL),Deportes Tolima (COL),0,0,0
152933b0c4c7ec94adc92ed2,,Cruzeiro (BRA),Mushuc Runa (ECU),0,0,0
15b0735939dd0c092d11deb4,,Defensa y Justicia (ARG),América MG (BRA),0,0,0
15b09ed6b82f08bf07b9a9f1,,Metropolitanos FC (VEN),Lanús (ARG),0,0,0
15ba52269f9c42bd5d924408,,Delfín,Olimpia-PAR,0,0,0
15d8190b22c670bfcede7be4,,Lanús (ARG),Barcelona (ECU),0,0,0
16519b119ca296ab52cd33c4,,The Strongest,Barcelona-EQU,1,1,1
1665ac18a0bac7438987488a,,Emelec (ECU),Blooming (BOL),0,0,0
1681daa84d733377bfbffc3d,,Alianza Lima,Nacional-URU,1,1,1
16991f04e0f7565251f9a1b8,,Colón,Peñarol,0,0,0
16b15817f48f5184d14f445a,,Deportivo Cali,Boca Juniors,1,1,1
16c5695ef10cd4c95554c6d6,,Once Caldas (COL),Fluminense RJ (BRA),0,0,0
170d806e27a295016f7b47db,,Fénix (URU),Independiente (ARG),0,0,0
17164bac3dc74035d6e588a3,,Jorge Wilstermann,Libertad-PAR,1,1,1
17a661225ba070e80419c689,,Corinthians SP (BRA),Club Nacional (PAR),0,0,0
17af4ec30f46543837d07087,,Junior de Barranquilla,Barcelona-EQU,0,0,0
180147638b88c18f3342b53c,,Alianza Lima,Estudiantes de Mérida,0,0,0
18761d2209563ed9e043efa0,,Atlético Junior (COL),América de Cali (COL),0,0,0
187aa0b961ae9377e4e61498,,Atlético Tucumán (ARG),Independiente (ARG),0,0,0
18b345fd0d57965fa8b2679c,,Lanús (ARG),La Equidad (COL),0,0,0
19304eace58a55c8fd94331d,,Nacional Potosí (BOL),Independiente (ARG),0,0,0
1946feb28da2836e29e326ff,,Atlético Grau (PER),Sportivo Luqueño (PAR),0,0,0
19b5c5bcda2d27eed4c430a7,,Danubio (URU),Huracán (ARG),0,0,0
19c5fab58e89ece7f1956831,,Deportivo Táchira,Olimpia-PAR,0,0,0
19f2b345befd06d070e8a449,,Club Olimpia (PAR),Atlético Goianiense (BRA),0,0,0
1a681765cf2c1df7154f7edc,,Sportivo Ameliano (PAR),Danubio (URU),1,1,1
1a701ec31d382982a17c595f,,Club Nacional (PAR),Corinthians SP (BRA),1,1,1
1a72cbedab02b128fe44ed8a,,Deportivo La Guaira (VEN),Caracas FC (VEN),0,0,0
1b4fd0ebec9c3a0cb0a1593a,,Flamengo,Talleres,0,0,0
1b785e9d800aa7fd4cf7a506,,Unión de Santa Fe (ARG),Nacional (URU),0,0,0
1bbb5395ca37433f8c3107f8,,Vasco da Gama RJ (BRA),Oriente Petrolero (BOL),1,1,1
1bbcd3b63d1aec30b729a709,,Internacional,América de Cali,0,0,0
1bfa1f112544aee0db88a941,,Boston River (URU),Nacional Potosí (BOL),0,0,0
1c000bd023a8a83b45a1a807,,Athletico Paranaense (BRA),LDU Quito (ECU),0,0,0
1c06fa7b265bcfdca7fb1503,,FBC Melgar (PER),Nacional Potosí (BOL),1,1,1
1c4f810483215f9fdd389473,,Grêmio Porto Alegre (BRA),LDU Quito (ECU),0,0,0
1c5c479a89f73fe48bab1e73,,Gimnasia de La Plata (ARG),Universitario de Deportes (PER),0,0,0
1cc0d44d940dbf69df49a93d,,Argentinos Juniors (ARG),Racing (URU),0,0,0
1d5aef5941dda3cea673471e,,Estudiantes de Mérida (VEN),Fortaleza CE (BRA),0,0,0
1da1af451fca635d2d02e13b,,Independiente (ARG),Deportivo La Guaira (VEN),0,0,0
1dc34d6bf49fefb2cfee053b,,Atlético Goianiense (BRA),Newell's Old Boys (ARG),0,0,0
1ddef24fe247b7778784e2f6,,Racing Club,Flamengo,0,0,0
1dfe6bf4e74b00a80a2e3343,,Boca Juniors (ARG),Nacional Potosí (BOL),0,0,0
1e0cfe4ece266f29d83597c8,,Cerro Porteño,Peñarol,0,0,0
1e110427008fafb0892a2e16,,Montevideo Wanderers (URU),Danubio (URU),0,0,0
1e1feff457be113b6be249a3,,Olimpia-PAR,Cerro Porteño,0,0,0
1e77df36db204013d5331bd0,,Deportivo Táchira,Always Ready,0,0,0
1e8382bc0315a97601425a30,,River Plate,Palmeiras,0,0,0
1ea533375b1c4ef5ae9e1aaa,,Santos FC (BRA),Universidad Catolica (ECU),0,0,0
1ed714f87d9a61f8c7975b42,,América de Cali (COL),Athletico Paranaense (BRA),1,1,1
1ed76648a08b085abf35dff1,,Belgrano de Córdoba (ARG),Delfín SC (ECU),0,0,0
1f7491c434e3dc97ef4d466b,,Godoy Cruz (ARG),Sportivo Luqueño (PAR),0,0,0
204951c30db5e4a4be953b7f,,Athletico,Peñarol,0,0,0
20f19e9980137bc5380f4964,,América MG (BRA),Peñarol (URU),0,0,0
2155904009dabded2ba99485,,Nacional-URU,Argentinos Juniors,0,0,0
2182d87285208c1eaa57b27d,,Peñarol (URU),Sporting Cristal (PER),0,0,0
219a29f258b4e04bae546c0f,,Ñublense (CHI),Audax Italiano (CHI),0,0,0
21b4ea11285232a306c599de,,Metropolitanos FC (VEN),Cuiabá MT (BRA),0,0,0
2219fd12076fd58c5515dc86,,Independiente (ARG),General Caballero DJLM (PAR),0,0,0
221ca11eb92fc6ef2213d441,,Fortaleza CE (BRA),Nacional Potosí (BOL),0,0,0
22a45beb635b072de5a23f0c,,Internacional,Olimpia-PAR,0,0,0
22b0862ae791896727af0078,,Grêmio,Santos,0,0,0
22ee2a64b0d8df4316de0210,,Libertad (PAR),Sportivo Ameliano (PAR),0,0,0
237ee7ef942002805afa9968,,Olimpia-PAR,Internacional,1,1,1
23840ad8d5ae2d93a44bd544,,Racing Club,Boca Juniors,0,0,0
23b59b901a8fb84b3879b78a,,Botafogo RJ (BRA),CD Magallanes (CHI),0,0,0
23f3c3f3d4d383a8fb0ca644,,LDU Quito (ECU),São Paulo FC (BRA),0,0,0
242477b779de254f60153d8d,,Unión de Santa Fe (ARG),Atlético Mineiro (BRA),1,1,1
24f85c65ecac370cd9e59cf7,,Guaraní (PAR),Botafogo RJ (BRA),1,1,1
250139d4882a7c8f8eed6b3f,,Libertad-PAR,The Strongest,0,0,0
2549a3e6b75e2c7802ef7799,,Danubio (URU),Rayo Zuliano (VEN),0,0,0
256475c9b2ff3dd8286f5d0e,,Colo-Colo,Jorge Wilstermann,0,0,0
25b1cfcb36031b9cca48dc28,,Estudiantes,Vélez Sarsfield,0,0,0
25e88838581f21458a86b61a,,Santos,The Strongest,0,0,0
25ea087402019eb074da96cd,,Flamengo,LDU,0,0,0
26973c97fd275c791cf11f63,,Huracán (ARG),Danubio (URU),1,1,1
26a2eb32a8e503419d10fe64,,Sporting Cristal (PER),Peñarol (URU),1,1,1
26b455c7dea50046f1d4cb43,,São Paulo FC (BRA),Tigre (ARG),0,0,0
26ef3c619cdfdd61de61c3e2,,Cerro Largo (URU),Defensa y Justicia (ARG),0,0,0
27266c50e9577f635492fed6,,Goiás GO (BRA),Gimnasia de La Plata (ARG),0,0,0
275dae433ec6d14fe00661e8,,Santos,Boca Juniors,0,0,0
27a4bf50075ec4c07e0fceb3,,Libertad (PAR),Tigre (ARG),0,0,0
27fe5d86290b5c2e21d8c996,,Aragua FC (VEN),Coquimbo Unido (CHI),0,0,0
28220bb947811de221d016e5,,River Plate,Binacional,0,0,0
286fd317399181d2eabff1b9,,Athletico,River Plate,0,0,0
28e8149c3e78a948d811576e,,Palestino (CHI),Cruzeiro (BRA),0,0,0
29c01a976b6e8c05addb31d9,,Peñarol (URU),Athletico Paranaense (BRA),1,1,1
29d61699bdeb2ad9454914ac,,Sportivo Luqueño (PAR),Defensa y Justicia (ARG),0,0,0
29e4584a52f11ae8ecd07adf,,Always Ready (BOL),Universidad Cesar Vallejo (PER),0,0,0
2a03d434212f795cda04e2ee,,Deportes Tolima (COL),Emelec (ECU),1,1,1
2a078b36652694fbcb50753f,,Barcelona-EQU,Independiente del Valle,0,0,0
2a4ae15dc7625c2ca3a7da01,,Universitario-PER,Independiente del Valle,0,0,0
2a7738327fa7f38c25e9fb7d,,Fluminense RJ (BRA),Atlético Junior (COL),0,0,0
2ab1d6db787f23ed66eda04d,,Cruzeiro (BRA),Universidad Catolica (ECU),0,0,0
2ad3830307628800ef808e4e,,River Plate,Athletico,1,1,1
2afe3d5102d728c5a1b38b5f,,Internacional,Grêmio,0,0,0
2b0c5ae69af3c4fa25ecca8b,,Fluminense,Ind. Santa Fe,0,0,0
2b6e69ecfcaaa1a8871c89d1,,Deportes Tolima (COL),Atlético Junior (COL),0,0,0
2b7fc6b83bbbd7f220a5b76c,,River Plate (PAR),Sport Huancayo (PER),0,0,0
2b865e4249936818ac7eb043,,Fluminense RJ (BRA),GV San José (BOL),0,0,0
2b9683305f24ec9f97aeec0f,,Barcelona-EQU,Boca Juniors,0,0,0
2c793aaeb21551b329d15161,,Fluminense,Barcelona-EQU,1,1,1
2c7b45e1bf33b6f9b5d0038c,,Independiente del Valle (ECU),Lanús (ARG),0,0,0
2c8a2dea00742e4858d31329,,Cuiabá MT (BRA),Lanús (ARG),0,0,0
2ca9198d5e76b598330edab6,,Fortaleza CE (BRA),Palestino (CHI),0,0,0
2cb81e4d79d9b15241a0eff3,,FBC Melgar (PER),Cienciano (PER),0,0,0
2cf183abd3ce69cd21fcc843,,Alianza Lima,Fortaleza,0,0,0
2d35266d6391c36d688111f4,,Emelec (ECU),Defensa y Justicia (ARG),0,0,0
2d6b80985d21442bfefab6bf,,Lanús (ARG),FBC Melgar (PER),0,0,0
2d88174c37ed4fd2a18628e9,,CD Magallanes (CHI),LDU Quito (ECU),0,0,0
2d8b8ad690a81a32a7461b80,,Huachipato (CHI),Antofagasta (CHI),1,1,1
2d8c8e3f6277480af4fcaca8,,Palestino (CHI),Unión de Santa Fe (ARG),0,0,0
2db93361345d81db474d7b69,,Rosario Central (ARG),Huachipato (CHI),0,0,0
2dec60b3e3847de01c365762,,Jorge Wilstermann,Colo-Colo,1,1,1
2dfa108818384c5f92ef637a,,Palmeiras,Delfín,0,0,0
2dfc75bed26469f142459dd3,,Botafogo RJ (BRA),LDU Quito (ECU),0,0,0
2dff95677dd1ba486a33f87c,,Red Bull Bragantino (BRA),Rosario Central (ARG),0,0,0
2e3edb821ea409b4c678f5a0,,Academia Puerto Cabello (VEN),Tigre (ARG),0,0,0
2f139f8b79a973f53a8b7302,,Flamengo,Unión La Calera,0,0,0
2ff306f10dfd6be11e8eefc8,,Bolívar (BOL),Jorge Wilstermann (BOL),0,0,0
2ff93d236c389cc89abf00bd,,Cuiabá MT (BRA),Metropolitanos FC (VEN),1,1,1
303ebccc1874c19153edc9d7,,River Plate,Nacional-URU,0,0,0
3067472e01d7514449bdbc98,,Huracán (ARG),Emelec (ECU),0,0,0
30be989ef66330a8916b704b,,Club Nacional (PAR),Guaireña FC (PAR),0,0,0
3108b9bafcf58323af451356,,GV San José (BOL),Once Caldas (COL),0,0,0
31a2689a58f2f6911b72bd0a,,Audax Italiano (CHI),Newell's Old Boys (ARG),0,0,0
31ced6b04f7a3b161615ee9a,,Internacional,Boca Juniors,0,0,0
31d9d619e321d88575fcf397,,Internacional (BRA),Real Tomayapo (BOL),0,0,0
31f169d699b1433d20e5b2cc,,Cerro Largo (URU),Montevideo Wanderers (URU),0,0,0
32389fe74ac5a5c9b29ee49f,,Guaraní (PAR),Huracán (ARG),0,0,0
328e8700050d811c7c9f489f,,Guaraní (PAR),Emelec (ECU),0,0,0
3297bdf67b8a21f1b450043f,,Independiente del Valle,Barcelona-EQU,1,1,1
32a22df5b7368979d68d91b7,,CD Magallanes (CHI),Universidad Cesar Vallejo (PER),0,0,0
32df8d0b5b5a2f7ee6707049,,Santos,Grêmio,1,1,1
330d82c8ef732900933eadf5,,Deportivo La Guaira (VEN),Independiente (ARG),1,1,1
3341ad464b5e2ec35489d6be,,Flamengo,Universidad Católica,0,0,0
334f601858ff1c703debfbf3,,Libertad-PAR,Independiente Medellín,0,0,0
338bfca24050dbeb9cfc667c,,Cerro Porteño,Colón,0,0,0
33a9c28b2ac092956d642031,,Huracán (ARG),América de Cali (COL),0,0,0
33e5e38d8460351a2a3316f0,,Deportivo Táchira (VEN),Independiente del Valle (ECU),1,1,1
346e4f0d78fd6e9988eb199c,,Unión La Calera,LDU,1,1,1
347742f768341571aef17e66,,Huachipato (CHI),Rosario Central (ARG),1,1,1
348c58a9d40307011f086a09,,Flamengo,Tolima,0,0,0
34d43d8f08b21f8c9e83c0ea,,General Caballero DJLM (PAR),Ceará CE (BRA),1,1,1
358a0fd91b6e0c86166dcb65,,Nacional-URU,Red Bull Bragantino,0,0,0
3605359abf5b3aada5f968b8,,Coquimbo Unido (CHI),Sport Huancayo (PER),0,0,0
3626430358a5ca47b601f634,,Peñarol (URU),Defensa y Justicia (ARG),0,0,0
3643abfac0967a7bda1187ce,,Corinthians SP (BRA),River Plate (PAR),0,0,0
36871a9d9dc3896aa8fcde10,,Godoy Cruz (ARG),Grêmio Porto Alegre (BRA),0,0,0
369daef5ab46fe3273dd3c5f,,Técnico Universitario (ECU),Universidad Catolica (ECU),0,0,0
372e1d70b603181912effecf,,Club Nacional (PAR),Racing (URU),0,0,0
37498245ec60c86025606d6f,,Boca Juniors (ARG),Independiente del Valle (ECU),0,0,0
377d674d7ce8a23f988670d2,,Red Bull Bragantino,Nacional-URU,1,1,1
37b358d070162242483c6c3a,,River Plate,Alianza Lima,0,0,0
37b5c381a08ae2e42798bc6a,,River Plate,Argentinos Juniors,1,1,1
380f3c43b5fe000c18cb8333,,Boca Juniors,Caracas,0,0,0
3835f5b0c16540c7e5df8c83,,Ceará CE (BRA),São Paulo FC (BRA),0,0,0
386a15414644f23ae8a7b457,,Red Bull Bragantino (BRA),Oriente Petrolero (BOL),0,0,0
3886432787dcf0e12985a58a,,Defensa y Justicia (ARG),LDU Quito (ECU),0,0,0
389748e36c5dffc351f178c4,,Corinthians SP (BRA),Racing (URU),0,0,0
38a6bdcd851347217e065275,,Belgrano de Córdoba (ARG),Real Tomayapo (BOL),0,0,0
38b6fa4eca53b823ee9fd8c0,,Cobresal (CHI),Palestino (CHI),0,0,0
38dcadb6a7c22be8c14beaf9,,FBC Melgar (PER),Deportivo Cali (COL),0,0,0
3971abeed67d73c9cfb3277a,,Ceará CE (BRA),The Strongest (BOL),0,0,0
398cbff5581518dff3a0ce55,,Independiente Medellín (COL),Universidad Cesar Vallejo (PER),0,0,0
399528446bf575764cde4162,,Plaza Colonia (URU),Zamora FC (VEN),0,0,0
3a09a0921465366a4f474151,,Atlético-MG,América-MG,0,0,0
3aac35eb11ad81faca38ca9e,,Emelec (ECU),Talleres de Córdoba (ARG),0,0,0
3b0f197ee12caac4c26217ab,,Macará (ECU),Emelec (ECU),0,0,0
3bb9c80d0b6df19d0f796f5a,,Lanús (ARG),Independiente (ARG),0,0,0
3bd59f609cc5b1d70814d02e,,Peñarol (URU),River Plate (PAR),1,1,1
3c013875165a01faabfcd2aa,,LDU,River Plate,0,0,0
3c079d73c9f8f471bacb6462,,Red Bull Bragantino (BRA),Coquimbo Unido (CHI),0,0,0
3c590482f3f30a3f3b59d624,,LDU Quito (ECU),Defensa y Justicia (ARG),1,1,1
3ca1d84a0776f82008f7a9cf,,Sport Boys (PER),Ayacucho FC (PER),0,0,0
3cc564556b4bdbb63d4dea98,,Universidad Católica (CHI),Sol de América (PAR),0,0,0
3cdb3b311a42493aba301608,,Estudiantes,Red Bull Bragantino,0,0,0
3cebbf2df3887886ad1eb53c,,Rayo Zuliano (VEN),Athletico Paranaense (BRA),0,0,0
3d6da2de1f2b710084383d90,,Atlético Goianiense (BRA),Libertad (PAR),0,0,0
3e158bd6b3033c049d15707d,,9 de Octubre (ECU),Internacional (BRA),0,0,0
3eeef99123130404044b4b98,,Internacional,Universidad Católica,0,0,0
3f306fa1b311adf8c2d49eba,,Corinthians,Boca Juniors,0,0,0
40852e80ba81173e222daf91,,Racing (URU),Cerro Largo (URU),0,0,0
40899e34f153461cea8e0cb8,,Universidad Catolica (ECU),Cruzeiro (BRA),1,1,1
40c10a56ae6e7ffa8c3fdc45,,Real Tomayapo (BOL),Internacional (BRA),1,1,1
40c4974905eabb5c430794bd,,Guaireña FC (PAR),9 de Octubre (ECU),0,0,0
40fc70c9e36c31d96587745f,,Athletico,The Strongest,0,0,0
41861a3c20ed6421ce2d3627,,Coquimbo Unido (CHI),Sportivo Luqueño (PAR),0,0,0
41a2453aba0c8cbd80ffc91b,,Red Bull Bragantino (BRA),Emelec (ECU),0,0,0
4223551ea96c467066c4b44d,,Club Aurora (BOL),GV San José (BOL),0,0,0
428439a3d9210adf1fcfc39c,,Universidad Católica,Atlético Nacional,0,0,0
4304c6e7da7be22d9bb70208,,Atlético Goianiense (BRA),LDU Quito (ECU),0,0,0
4361a83657a5911f27e73bc2,,Sportivo Ameliano (PAR),Athletico Paranaense (BRA),0,0,0
43717126e3bc8f0e2fa4092d,,Racing (URU),Huachipato (CHI),0,0,0
439167ab1313516bc2d8bfa2,,Independiente del Valle (ECU),Boca Juniors (ARG),1,1,1
43cbc1e4a01be9d8c63f205b,,Boca Juniors,Santos,1,1,1
44904f8208102d0f8089acfd,,Hermanos Colmenarez (VEN),Deportivo La Guaira (VEN),0,0,0
44964cc856ad20c09012d043,,LDU Quito (ECU),Lanús (ARG),0,0,0
44c0fcd769c3139251890e73,,Internacional (BRA),Guaireña FC (PAR),0,0,0
44c598f478bee3ed03012a53,,FBC Melgar (PER),River Plate (URU),0,0,0
45129bcd4e139110555be6f8,,Unión La Calera (CHI),Atlético Junior (COL),0,0,0
452cdcff04472b45c090a9fe,,São Paulo,LDU,0,0,0
455f4dc1dbb264fc44b018a3,,Flamengo,Corinthians,0,0,0
456641ae1ae3d007a42ddd6a,,Olimpia-PAR,Delfín,1,1,1
4588a37ae5286df2ee3cf2b9,,Boca Juniors (ARG),Sportivo Trinidense (PAR),0,0,0
459c7342f30bd60eb69d7822,,Academia Puerto Cabello (VEN),Metropolitanos FC (VEN),0,0,0
45a0d2fee7366ad5dad47c74,,Deportes Tolima (COL),Talleres de Córdoba (ARG),0,0,0
45eec2e236669253c0c1faf6,,Red Bull Bragantino (BRA),Libertad (PAR),1,1,1
46482d265d9e7aa7874dfb44,,Fénix (URU),El Nacional (ECU),0,0,0
46a7b67d3221c63cfeb2348e,,Fortaleza CE (BRA),Independiente (ARG),0,0,0
46d006795be9d805e8012336,,Independiente (ARG),Boston River (URU),0,0,0
471af5588c55ddaf1239cde4,,Palmeiras,Atlético-MG,0,0,0
4730c1690f650f70921f3c94,,Estudiantes de Mérida (VEN),San Lorenzo (ARG),1,1,1
473a16adaf57efc7e2ddffd4,,América MG (BRA),Colo-Colo (CHI),0,0,0
474db4201a2afbcf2171b684,,Delfín SC (ECU),Belgrano de Córdoba (ARG),1,1,1
47a67af334185df46f4b1bc0,,Palmeiras,Libertad-PAR,0,0,0
47b7c05ce9270bd52641a57f,,Vasco da Gama RJ (BRA),Lanús (ARG),0,0,0
47be77e3a901ff1b8a1601ae,,Peñarol (URU),Sport Huancayo (PER),0,0,0
47e25ff382799a1fd7a8e3e4,,Nacional Potosí (BOL),CD Guabirá (BOL),0,0,0
48265069075e577fe7127bc2,,Flamengo,Independiente del Valle,0,0,0
4906d21a4fa426f1a8244aee,,Grêmio Porto Alegre (BRA),La Equidad (COL),0,0,0
490e76775782636ddb970ce4,,América de Cali,Grêmio,1,1,1
4947a1f7a289152424dd709c,,Tigre,Guaraní-PAR,0,0,0
496c521f3a634e43edfc56d2,,Caracas,Independiente Medellín,0,0,0
49869c5ac222a36ca24b7947,,Sportivo Ameliano (PAR),Libertad (PAR),1,1,1
49b42d3fd8af8d701c5dca85,,Oriente Petrolero (BOL),Unión de Santa Fe (ARG),0,0,0
49c5d5c4d0415c134deedcf8,,Libertad-PAR,Boca Juniors,0,0,0
49e9329877f2a5fe1a8f7c64,,Grêmio Porto Alegre (BRA),Lanús (ARG),0,0,0
49f56429cc3c686ccfd2ea1b,,Deportes Tolima (COL),São Paulo FC (BRA),0,0,0
4a162b6dc7c248b71a813ad1,,Colón,Talleres,0,0,0
4a5bf95fe40913c5513148c9,,Emelec (ECU),Guaraní (PAR),1,1,1
4b2cbabbe47a7741e8b45ec0,,Binacional,River Plate,1,1,1
4b5e9df518c68aace0422d3b,,Banfield (ARG),Unión La Calera (CHI),0,0,0
4c677ef479c3f7bec57efbb7,,Olimpia-PAR,Santos,0,0,0
4c86132556a98513b92edbc4,,Arsenal de Sarandí (ARG),Sporting Cristal (PER),0,0,0
4cb02949e2f1d848fce085a3,,São Paulo FC (BRA),Ayacucho FC (PER),0,0,0
4cf79085ba0ebf7195909b24,,Fortaleza,Estudiantes,0,0,0
4cfba8461063d1d1be4d6efc,,Ind. Santa Fe,River Plate,0,0,0
4d086307870231cdd4d07c05,,Universitario de Deportes (PER),Cienciano (PER),0,0,0
4d0a743d19435286fe4d5dd4,,Independiente Medellín (COL),Defensa y Justicia (ARG),0,0,0
4d20322acf721685e93eb60e,,Lanús (ARG),Vélez Sarsfield (ARG),0,0,0
4d3f60eb886383622462bb26,,LDU,Binacional,0,0,0
4d802c7f41e815459197f81f,,River Plate,São Paulo,0,0,0
4d85a277451b13c00b75ebb9,,Metropolitanos FC (VEN),Estudiantes de Mérida (VEN),0,0,0
4dbfc02a6fa2dd6f98aa0fed,,Talleres,Flamengo,1,1,1
4dd2fb96d01f55d949edb481,,Defensa y Justicia,Flamengo,0,0,0
4de8bba244dcfb39822b2f88,,Arsenal de Sarandí (ARG),Ceará CE (BRA),0,0,0
4dfc7ebf0b0328ffb4c41629,,Vélez Sarsfield (ARG),Peñarol (URU),0,0,0
4dff58cd05af9457ff51f7db,,Defensa y Justicia,Delfín,0,0,0
4e1ad8a03011e58b25507593,,Racing Club (ARG),Cuiabá MT (BRA),1,1,1
4e2d86f191c7e040b2929c9c,,São Paulo FC (BRA),San Lorenzo (ARG),0,0,0
4e7df2028d5bf190e8709827,,9 de Octubre (ECU),Guaireña FC (PAR),1,1,1
4ea56804c7e73d94ccd7341f,,Cerro Porteño,Fluminense,0,0,0
4f17a22869e42d8394cb622a,,Vasco da Gama RJ (BRA),Defensa y Justicia (ARG),0,0,0
4f1bb45a4545a566a1733867,,Deportes Tolima (COL),Deportivo Cali (COL),1,1,1
4f45097ac36ac77c8d3fb9e7,,Fortaleza CE (BRA),Libertad (PAR),0,0,0
4f4f3ec3a5571bc8ad75785c,,Rosario Central (ARG),Internacional (BRA),0,0,0
4f892492cbc9b134e0a46688,,Deportivo Cali,Always Ready,0,0,0
5035a301d04fa36507e363be,,Corinthians SP (BRA),Red Bull Bragantino (BRA),0,0,0
50c671766a3ed9d4c10257e5,,Cerro Porteño (PAR),Athletico Paranaense (BRA),0,0,0
50cefa98d45372ebe8af0fd6,,Huachipato (CHI),Deportivo Pasto (COL),0,0,0
5104c4ed66297f49889bf04b,,São Paulo FC (BRA),Atlético Goianiense (BRA),0,0,0
51076782a9d2c7fec820a5e2,,Fluminense RJ (BRA),Unión La Calera (CHI),0,0,0
51216284ec5f400b361945b3,,La Equidad (COL),Lanús (ARG),1,1,1
513e3a7d1b977bfcea74f751,,FBC Melgar (PER),Racing Club (ARG),0,0,0
51627a22cf12cd19742fda04,,Atlético Mineiro (BRA),Deportes Iquique (CHI),0,0,0
51668a6bdd0b2fea0fa791a9,,Santos,Delfín,0,0,0
5181a1277560d989ab49f581,,Cerro Porteño,La Guaira,0,0,0
51bb01feda8e2d86b9f43be9,,Palmeiras,Deportivo Táchira,0,0,0
51bbf11d6142b3dfef079248,,Montevideo Wanderers (URU),Cerro Largo (URU),1,1,1
51c673a13ab98a7ca2771d99,,Goiás GO (BRA),Estudiantes (ARG),0,0,0
51e096ab1a872a293cdf6c26,,Zamora FC (VEN),Plaza Colonia (URU),1,1,1
52031a5e91a74b7f21c30729,,Defensa y Justicia,Olimpia-PAR,0,0,0
52bc5dca850def0cc0050b81,,Bolívar (BOL),Arsenal de Sarandí (ARG),0,0,0
52f150014739aaf03b965b78,,Audax Italiano (CHI),Santos FC (BRA),0,0,0
53131e57e7704c5fc93404b8,,Barcelona-EQU,Junior de Barranquilla,1,1,1
532e2915e196ae623619f0d7,,Bahia BA (BRA),CD Guabirá (BOL),1,1,1
541c16a9d439b8cb73702f45,,Atlético-MG,Palmeiras,1,1,1
5420dff989fa86a9a56f8ec0,,San Lorenzo (ARG),Rosario Central (ARG),0,0,0
5466027c32c10a403145de9e,,Vasco da Gama RJ (BRA),Academia Puerto Cabello (VEN),0,0,0
549e337143ca071a7f7eea14,,Metropolitanos FC (VEN),Barcelona (ECU),0,0,0
549fd22a692570660a61a596,,Unión La Calera (CHI),Universidad Catolica (ECU),0,0,0
54a8b23b3459d10d533b80b7,,Vélez Sarsfield (ARG),Deportivo Cali (COL),0,0,0
553be21474ffc383dc6009ab,,Oriente Petrolero (BOL),Atlético Junior (COL),0,0,0
555348aa9c40f4f5bb02f828,,Santos,Olimpia-PAR,1,1,1
55710f9983a4d755257a0b84,,Atlético-MG,River Plate,1,1,1
557db98eb8645bef531355ca,,Fortaleza CE (BRA),América MG (BRA),0,0,0
55cf4fcedce060459851c9f9,,Tigre (ARG),Academia Puerto Cabello (VEN),1,1,1
55f406014bcc5675046afeb9,,Boca Juniors,Corinthians,1,1,1
56b4d013a0e19852aa04fbf9,,São Paulo FC (BRA),LDU Quito (ECU),1,1,1
56c5fafc4afb0805f4a99838,,Atlético-MG,Emelec,0,0,0
5709e13da1133669f0c21edb,,General Caballero DJLM (PAR),Sol de América (PAR),0,0,0
570b30b17f6bd09282a33351,,Independiente Medellín (COL),Palestino (CHI),0,0,0
571e034673b0b3ed22650511,,Bahia BA (BRA),Unión de Santa Fe (ARG),0,0,0
574c77cd7411d1617e480486,,Talleres,Colón,1,1,1
5766f83076e70edaef2f85ee,,Palestino (CHI),Newell's Old Boys (ARG),0,0,0
577088e0a4f42f534571a1e8,,Palmeiras,Santos,0,0,0
578b8ec579870409b88d771f,,Deportivo Cali (COL),FBC Melgar (PER),1,1,1
57e7ca2c592b6d083069edc5,,Aragua FC (VEN),Lanús (ARG),0,0,0
5850613fc96d8bdd34d93401,,Deportivo Cali (COL),Vélez Sarsfield (ARG),1,1,1
589b0ae0884ffeed41143584,,Jorge Wilstermann (BOL),São Paulo FC (BRA),1,1,1
58a888cab9b1fd4e2d33cb8a,,Newell's Old Boys (ARG),Santos FC (BRA),0,0,0
58c73c60b86144e7d0ccb10f,,Santos,Boca Juniors,2,2,2
58c7d389bcda7e1781e6373f,,América MG (BRA),Defensa y Justicia (ARG),1,1,1
5916e6d85557a582a37ec49c,,Palmeiras,Emelec,0,0,0
593b14c0a090e9461363107d,,La Guaira,Cerro Porteño,1,1,1
596ddfe08f2f2ec47f86219b,,Blooming (BOL),Emelec (ECU),1,1,1
598c5c008603e4271cf6ec58,,Atlético Junior (COL),Oriente Petrolero (BOL),1,1,1
59d10227b58e2776c0c3c70c,,Montevideo City Torque (URU),CD Guabirá (BOL),0,0,0
5a31a502575f6dc2fce75f76,,Independiente Medellín (COL),Internacional (BRA),0,0,0
5a4ab916bd1d6e7b6e53d012,,Delfín SC (ECU),Internacional (BRA),0,0,0
5a881176df7e8b27d44cadb7,,Atlético Nacional (COL),Huracán (ARG),0,0,0
5ac23d4caeb83d8d5afb641f,,River Plate (PAR),Guaireña FC (PAR),0,0,0
5acfb520e71c534040f3b069,,Racing (URU),América de Cali (COL),0,0,0
5b71aa5911a3c7ea2e9f271c,,Montevideo Wanderers (URU),Metropolitanos FC (VEN),0,0,0
5b8eb4d42745fbdeb51a16cb,,Boca Juniors,The Strongest,0,0,0
5bb03da58a7f59a73a16ece7,,Racing Club (ARG),Corinthians SP (BRA),0,0,0
5c05761ee9e325d6cbbe2165,,Fluminense,Cerro Porteño,1,1,1
5d03b834d04f3a96d23faa9a,,Huachipato (CHI),Racing Club (ARG),0,0,0
5d3b2d1b85d8ee8c0bbed080,,Flamengo,Vélez Sarsfield,0,0,0
5d8628d3ad253b9f93598033,,Ayacucho FC (PER),São Paulo FC (BRA),1,1,1
5e06a38c8b72e4cf519c15f2,,Palmeiras,Universitario-PER,0,0,0
5e2003440b230a733782d212,,Cerro Porteño,Palmeiras,0,0,0
5e4b3ce1220f6ee35e90be90,,Blooming (BOL),Atlético Palmaflor (BOL),0,0,0
5e5ab7a8afc7f13809bce69f,,Atlético-MG,La Guaira,0,0,0
5e68ead174708e2925538a73,,Independiente Petrolero,Emelec,0,0,0
5e817a37801aa128b765b231,,Unión de Santa Fe (ARG),Cruzeiro (BRA),0,0,0
5f09fa45cd7902d852485fd5,,Sportivo Ameliano (PAR),Rayo Zuliano (VEN),0,0,0
5f2a85710c61fec0bae35ba1,,San Lorenzo (ARG),Palestino (CHI),0,0,0
5f5b69b17fc9649ff03a9409,,Universidad Catolica (ECU),Cerro Largo (URU),0,0,0
5f8fccf5b8e9014183e36f4b,,Flamengo,Junior de Barranquilla,0,0,0
5fca34240e25dc3960b2d95b,,Nacional Potosí (BOL),Boca Juniors (ARG),1,1,1
60877cb1b7d775b83bc9c847,,Deportes Tolima (COL),Tigre (ARG),0,0,0
60a2c6e402cded7e7474c1b6,,Academia Puerto Cabello (VEN),São Paulo FC (BRA),0,0,0
60a865370506f3e0887f7c49,,Sportivo Trinidense (PAR),Fortaleza CE (BRA),1,1,1
6131dca440d8dcdec2364d7c,,Always Ready (BOL),Defensa y Justicia (ARG),1,1,1
615ad5aa23186818bc6dfdb1,,Internacional (BRA),9 de Octubre (ECU),1,1,1
61663ac595a3cacb07a8bd02,,Defensa y Justicia (ARG),Vitória BA (BRA),0,0,0
6169615ec9166ab0eb186adf,,Antofagasta (CHI),Unión Española (CHI),0,0,0
61820e52efc740e0f05b71e8,,Nacional-URU,Estudiantes,0,0,0
618e4e514ffbf5e0ddebde0b,,Fortaleza CE (BRA),LDU Quito (ECU),0,0,0
6219e2da85bd375ed39cf5bc,,CD Guabirá (BOL),Nacional Potosí (BOL),1,1,1
6261b3ebeef379c2c7a5a0f8,,Barcelona (ECU),Lanús (ARG),1,1,1
62ae74d88778b9372e972d5d,,Universitario de Deportes (PER),Goiás GO (BRA),0,0,0
62fcd2c068d07abe898b81e1,,Metropolitanos FC (VEN),Lanús (ARG),1,1,1
6349f6739094f5c629b7566a,,Argentinos Juniors (ARG),Club Nacional (PAR),0,0,0
639eec6110f894e1aa06582a,,Racing Club (ARG),Red Bull Bragantino (BRA),0,0,0
63a1f42e16571fb064df0f9d,,Atlético Grau (PER),Cusco FC (PER),0,0,0
63c2fd7ef3e0454d96bd2540,,Vélez Sarsfield,Estudiantes,1,1,1
63c361edc0ea51c4e8dae7c9,,Olimpia-PAR,Internacional,2,2,2
63e36198466a4a1e3be2f026,,Deportivo Pasto (COL),Huachipato (CHI),1,1,1
643b1ff8381454b728711111,,Peñarol (URU),Cerro Largo (URU),0,0,0
64402a7bde3f314d41037b06,,Argentinos Juniors (ARG),Corinthians SP (BRA),0,0,0
64a25b0111f7237f82343930,,Liverpool (URU),River Plate (URU),0,0,0
64b7c6d34a7a00d8249f4590,,Ceará CE (BRA),Deportivo La Guaira (VEN),0,0,0
64bfc3c1d3a668a702ae247f,,Peñarol,Colo-Colo,1,1,1
652ca4107ec39ba078e6828d,,Ceará CE (BRA),Arsenal de Sarandí (ARG),1,1,1
652d85fc772f8e8e35e1b33e,,Argentinos Juniors,Nacional-URU,1,1,1
652ee40f96449c39585045e2,,Tacuary (PAR),Estudiantes (ARG),1,1,1
655dd8d8ef9e8eba494e0ed4,,Bahia BA (BRA),FBC Melgar (PER),0,0,0
6575469c85bec6f7516f269a,,Cerro Largo (URU),Danubio (URU),0,0,0
65839a60549ffacefce4249d,,Deportivo Garcilaso (PER),AD Tarma (PER),0,0,0
65b131b62f2862552d785393,,Atlético Junior (COL),La Equidad (COL),0,0,0
660b23222e250579e47b44a6,,Internacional,Always Ready,0,0,0
661518737b06a29837c1012a,,AD Tarma (PER),Cienciano (PER),0,0,0
6644797fcbedd7948e2ec6ae,,Barcelona (ECU),Red Bull Bragantino (BRA),0,0,0
6646ae14d4ebf5250c6d2d26,,Boca Juniors,Always Ready,0,0,0
6651e5dea85fe402ee8870a4,,Red Bull Bragantino,Estudiantes,1,1,1
665eac14a7ef77f8382b01ad,,Guaraní (PAR),2 de Mayo (PAR),0,0,0
66aa447fe4301f54751d2c37,,Mineros de Guayana (VEN),Sportivo Luqueño (PAR),0,0,0
66cbe2cff6fd42741969b3c1,,Defensa y Justicia (ARG),Peñarol (URU),1,1,1
673d4432ceb9e4679b829118,,Estudiantes,Athletico,0,0,0
67705e5b0c2b5178de3c7060,,Athletico,Jorge Wilstermann,0,0,0
6784c9daab8f46f5c7bb9e1c,,Newell's Old Boys (ARG),Corinthians SP (BRA),0,0,0
678c7e6314fda8b66d5b8320,,Peñarol (URU),Vélez Sarsfield (ARG),1,1,1
678e93ff5a8304f5b4b46def,,Universidad Católica,Grêmio,0,0,0
67a45df76eedfe8346150d6a,,Libertad (PAR),Newell's Old Boys (ARG),0,0,0
67af7e14d6c128eaabfa4987,,Athletico Paranaense (BRA),Cerro Porteño (PAR),1,1,1
68a26fcd05a737b2e08ca708,,Academia Puerto Cabello (VEN),Deportes Tolima (COL),0,0,0
68a74b401860166226e558e7,,Academia Puerto Cabello (VEN),Lanús (ARG),0,0,0
68b1318050247cf428568b3e,,San Lorenzo (ARG),São Paulo FC (BRA),1,1,1
68f71595f36213a1e5ffbf3f,,Palestino (CHI),Cuiabá MT (BRA),0,0,0
6908fa48852acce82533f54c,,Alianza Lima,Racing Club,0,0,0
69342b844bf3b3e5ba02351b,,Sport Huancayo (PER),River Plate (PAR),1,1,1
69348404d7adc3b379e576b3,,Aucas (ECU),Guayaquil City (ECU),0,0,0
697b48dc10f7aa24bbb60a38,,Ñublense (CHI),Unión La Calera (CHI),1,1,1
697ec17f1d3c75d46b323a49,,Athletico Paranaense (BRA),Danubio (URU),0,0,0
69c7d47d1b915acf2c93d2c9,,CD Guabirá (BOL),Jorge Wilstermann (BOL),0,0,0
69f7c8a2c703e15f38e86b0f,,Estudiantes de Mérida (VEN),Palestino (CHI),0,0,0
6a0b7a9bf60a8fe3f16bb86e,,Delfín,Defensa y Justicia,1,1,1
6a3d8158b5a832f11f06ee2f,,Vasco da Gama RJ (BRA),Caracas FC (VEN),0,0,0
6a74678c81270dea76b78634,,Sportivo Ameliano (PAR),Club Olimpia (PAR),0,0,0
6a806bb28b59917db8857ab2,,Unión La Calera,Flamengo,1,1,1
6afcd8bed1d59a9b03d41184,,Tolima,Flamengo,1,1,1
6b477bb2826de7df4bb37223,,San Lorenzo (ARG),Independiente Medellín (COL),0,0,0
6babf8b1643d854382b3fbfd,,Sporting Cristal,São Paulo,0,0,0
6bff31c27c9edceb181aade5,,Atlético-MG,Tolima,0,0,0
6c20dcbfb0dc794758236b13,,Rosario Central (ARG),San Lorenzo (ARG),1,1,1
6c2fa937af5a5147ec5a306b,,Cerro Porteño,América de Cali,0,0,0
6c3c61a9ed77d054ccf5c552,,Tacuary (PAR),Oriente Petrolero (BOL),1,1,1
6c9267659a003b4523d781d2,,Newell's Old Boys (ARG),Blooming (BOL),1,1,1
6cd4c6e1b22b1ec7f8589580,,Unión de Santa Fe (ARG),Atlético Junior (COL),0,0,0
6cdcd649f55c3c6bfa95305b,,Universidad Cesar Vallejo (PER),Sport Huancayo (PER),0,0,0
6ceaf8974f3b57877084ce20,,Deportivo Garcilaso (PER),Lanús (ARG),0,0,0
6d20c3fe5bcacb81c53866a4,,Corinthians,Flamengo,1,1,1
6d3f80dc0d53f78f86b8f6bb,,Universitario-PER,Defensa y Justicia,0,0,0
6d49e4731baff1caacf5c210,,Unión La Calera (CHI),Cruzeiro (BRA),0,0,0
6d75b78e71a5b28f13520c4d,,Defensa y Justicia (ARG),Independiente Medellín (COL),1,1,1
6d7faac10bf81e751f063c2f,,Deportivo Cali (COL),River Plate (URU),0,0,0
6e22e134b6145028669c807a,,Millonarios (COL),Defensa y Justicia (ARG),0,0,0
6e292b17ff669685fd5f1fc5,,Oriente Petrolero (BOL),Royal Pari (BOL),0,0,0
6e49e06cddcc072850cb8abe,,Ceará CE (BRA),Jorge Wilstermann (BOL),0,0,0
6e83b1c972d1dfe661806f1f,,LDU,Santos,0,0,0
6e8a6e906b70f375b3f413fa,,Lanús (ARG),Grêmio Porto Alegre (BRA),1,1,1
6ea4deb1af053bf8d33303a8,,Libertad (PAR),Atlético Junior (COL),0,0,0
6eec9d77a9dfad22ee91c471,,Independiente Medellín (COL),Lanús (ARG),0,0,0
6f2396df2788ffd5114e79d1,,Bolívar (BOL),Ceará CE (BRA),0,0,0
6f5d8b9c885ce6a9c05f7849,,Independiente (ARG),Lanús (ARG),1,1,1
6f90997a7f060d29ddefaff1,,Universitario de Deportes (PER),Gimnasia de La Plata (ARG),1,1,1
6fc7124efee7c05b83cc5ec3,,Red Bull Bragantino (BRA),América MG (BRA),0,0,0
6fc74a6e3d8b6f06bc81eeb8,,Defensa y Justicia (ARG),LDU Quito (ECU),2,2,2
6fd144afe86a6bb403ddc1cd,,Santos FC (BRA),Audax Italiano (CHI),1,1,1
6fe151962ee0dbb6532960f0,,América de Cali,Universidad Católica,0,0,0
7010e70cdb5fa08f335c03ac,,Independiente Medellín (COL),Always Ready (BOL),0,0,0
70fb817e884233a2416ade55,,Olimpia-PAR,Colón,0,0,0
710b11a689dcac4d72bd60e9,,Vélez Sarsfield,Flamengo,1,1,1
7121649471a950d9b7df135d,,Deportivo Táchira,Internacional,0,0,0
714be4848a4e4349a8d17479,,Athletico Paranaense (BRA),Red Bull Bragantino (BRA),0,0,0
718ad29c45975546ff4b78e8,,Mushuc Runa (ECU),Unión de Santa Fe (ARG),0,0,0
718e976d4a7f69c03fc5829d,,Huracán (ARG),Guaraní (PAR),1,1,1
71a1664ad2444e85dd22cbdc,,Sport Huancayo (PER),Peñarol (URU),1,1,1
71c2bc4899c4ce230ae23352,,Always Ready,Internacional,1,1,1
71e172e05ea090e598883709,,Palmeiras,Bolívar,0,0,0
71ea5a736dca1e8e5c583cfb,,Corinthians SP (BRA),Universitario de Deportes (PER),0,0,0
72453367c1713d4914293ea0,,Patronato de Paraná (ARG),Botafogo RJ (BRA),1,1,1
7327c01b07a6f1cdbd317831,,Universidad Católica,Flamengo,1,1,1
73609705339089d5c77a8d94,,Bolívar,Tigre,1,1,1
73828314c6e59a02bd45cd25,,Athletico Paranaense (BRA),Rayo Zuliano (VEN),1,1,1
73b62ee4e7fef8cfdd1a84a8,,Real Tomayapo (BOL),Belgrano de Córdoba (ARG),1,1,1
73dd364eee95b4dce1a28e64,,Atlético Junior (COL),Unión La Calera (CHI),1,1,1
73ecc1f8d71215c41215fabc,,Audax Italiano (CHI),Bolívar (BOL),0,0,0
73f3f8441a981aeb531e09f3,,Colón,Olimpia-PAR,1,1,1
7408f3630f7aaf25291a08fa,,LDU Quito (ECU),Ñublense (CHI),0,0,0
7429e2df3dd9eb912c500d88,,Sportivo Trinidense (PAR),Nacional Potosí (BOL),0,0,0
7468e95a40884b37e7d7ed93,,Lanús (ARG),Montevideo Wanderers (URU),0,0,0
748c10afc0b516bd1f3fab51,,Botafogo RJ (BRA),Universidad Cesar Vallejo (PER),0,0,0
749b75fe3ab542efd85c3f2a,,Bolívar (BOL),Lanús (ARG),0,0,0
74b5a6b08ed6a6299838480f,,Atlético Nacional,Universidad Católica,1,1,1
74f0bb4fd0a6b83b05d01776,,Newell's Old Boys (ARG),Audax Italiano (CHI),1,1,1
755fe32cc77e59f63a38a5ee,,Palmeiras,River Plate,1,1,1
756f5fe512e941afded41460,,Universidad Catolica (ECU),Alianza FC (COL),0,0,0
757d3d5497fc773e55b2a566,,Palestino (CHI),Libertad (PAR),0,0,0
75aa9ab5f1a6cfd8d94b0791,,São Paulo,Rentistas ,0,0,0
75ac6d97d521c59f56d29ae6,,Lanús (ARG),Independiente Medellín (COL),1,1,1
761880b51dc438d3c9c42fa9,,FBC Melgar (PER),Independiente del Valle (ECU),0,0,0
763a5828cb7a0638454cdf29,,Universidad Catolica (ECU),Santos FC (BRA),1,1,1
7666ff626ecf08d259cf8267,,Fortaleza CE (BRA),San Lorenzo (ARG),0,0,0
76a6ebc2e03f5fc90c6382f0,,Santos FC (BRA),Independiente (ARG),0,0,0
76aa328f22cac326bea5b98d,,Defensa y Justicia (ARG),Vasco da Gama RJ (BRA),1,1,1
76bcb28f7efc94b3915c1470,,Peñarol,Cerro Porteño,1,1,1
76cef2a690a268bcd757b909,,Newell's Old Boys (ARG),Palestino (CHI),1,1,1
76e2c25104e7d002576d1ca5,,Athletico,Colo-Colo,0,0,0
7717965b08e0754f300590c9,,Estudiantes de Mérida (VEN),Metropolitanos FC (VEN),1,1,1
7718d3a06064ed90d283e02b,,Always Ready (BOL),Independiente Medellín (COL),1,1,1
77b417a11ee1a3b033ba7ff2,,Universidad Catolica (ECU),Unión La Calera (CHI),1,1,1
77b626aebc3ee2a94d4e2fba,,River Plate (URU),FBC Melgar (PER),1,1,1
77f39ab2e8514277912c9f01,,Red Bull Bragantino (BRA),Independiente del Valle (ECU),0,0,0
789c481f0a80a20af2baef32,,Independiente Petrolero,Palmeiras,0,0,0
78bf7a952e99e4588ad031d3,,Defensa y Justicia,Independiente del Valle,0,0,0
79141f60bc8cdadfd357581d,,Fluminense RJ (BRA),Oriente Petrolero (BOL),0,0,0
792be189d8ab10e92d6f5fd2,,LDU Quito (ECU),Athletico Paranaense (BRA),1,1,1
79776ac525fc59632c0c0bbe,,Independiente (ARG),Bahia BA (BRA),0,0,0
79cc7785a89c3f9cc4b60310,,Barcelona-EQU,Flamengo,0,0,0
7a092cc79882f8046f5642ab,,Mineros de Guayana (VEN),Aragua FC (VEN),1,1,1
7a3e132fd068e80efa361024,,Estudiantes de Mérida,Alianza Lima,1,1,1
7a5ec93bc0add0aaa1d7d9a6,,Atlético Goianiense (BRA),Antofagasta (CHI),0,0,0
7a682beb840ea14117588d8d,,Universidad Catolica (ECU),Defensa y Justicia (ARG),0,0,0
7ab965473d525dac1c838c1b,,Unión La Calera (CHI),Santos FC (BRA),0,0,0
7b30b1d131fe0df04dd74aa4,,San Lorenzo (ARG),Huachipato (CHI),0,0,0
7b3a82fc0fb56a6541d60f7d,,Internacional (BRA),FBC Melgar (PER),0,0,0
7b57d2616210da52f76ee73a,,Always Ready,Boca Juniors,1,1,1
7b5d6b7eb21ea958347c91f7,,Oriente Petrolero (BOL),Fluminense RJ (BRA),1,1,1
7bbee2b7892b43661919dca3,,Cerro Porteño,Olimpia-PAR,1,1,1
7d9224ea0836fea95d49b87f,,Vitória BA (BRA),Universidad Catolica (ECU),0,0,0
7da13204f3df1c9ece4ef083,,Internacional,Deportivo Táchira,1,1,1
7ddadb90299120de16e45723,,Montevideo City Torque (URU),Fénix (URU),1,1,1
7dde1d81bdceeec9441ba928,,Atlético-MG,Palmeiras,2,2,2
7dff2884845cfe4460f92e39,,Palmeiras,Universidad Católica,0,0,0
7e7004a26a1497c7c18b88c2,,Racing Club,São Paulo,1,1,1
7e795ebddaca0004087d60aa,,La Guaira,Atlético-MG,1,1,1
7ee016da124d3bd9010a23e0,,Rentistas ,São Paulo,1,1,1
7ee872163630991167d695df,,Universitario de Deportes (PER),Santa Fe (COL),1,1,1
7f038fc4d731b6f10efd52ae,,Everton (CHI),Ayacucho FC (PER),0,0,0
7f09c8118d6b9f0045c07288,,Oriente Petrolero (BOL),Estudiantes (ARG),0,0,0
7f80eca80dd554bb59d80cc9,,Racing Club (ARG),Coquimbo Unido (CHI),0,0,0
7fe8036e952df2ac1147e564,,São Paulo,River Plate,1,1,1
7fede8d9d050600f17566024,,Defensa y Justicia,Universitario-PER,1,1,1
8022a110e69fcbe9c7392ad8,,Estudiantes de Mérida,Nacional-URU,0,0,0
80df5c54316ef08bb69f5167,,Coquimbo Unido (CHI),Red Bull Bragantino (BRA),1,1,1
80e70919dafa9f7d50092a74,,Binacional,LDU,1,1,1
80f06b74f631c7bc405bfe36,,Metropolitanos FC (VEN),FBC Melgar (PER),0,0,0
810211784b869a7051f5d858,,FBC Melgar (PER),Mannucci (PER),0,0,0
8140ec10d8dc1c010ea41235,,Libertad-PAR,Caracas,0,0,0
81a5ff4f66d0a126f14cae71,,LDU,Flamengo,1,1,1
81ddc0355b4b7f43606c3b02,,Deportivo Cuenca (ECU),Delfín SC (ECU),0,0,0
81e21ee9b0b5cf9050c3ef0d,,Unión Española (CHI),Everton (CHI),0,0,0
820d6425e57494b916c66306,,Atlético Goianiense (BRA),São Paulo FC (BRA),1,1,1
82722a73d4b5e3441b95040b,,Grêmio Porto Alegre (BRA),Atlético Grau (PER),0,0,0
829a4e138fe36e2d258a2251,,Boca Juniors (ARG),Cruzeiro (BRA),0,0,0
829e6d131b77dba07fe350ff,,Independiente del Valle,Flamengo,1,1,1
82a01136c45efe27d5187b10,,Atlético Nacional,Nacional-URU,0,0,0
82a58ad6ec0b1d921eae4919,,River Plate,Fortaleza,0,0,0
82ed48d6ddfd40c3a74f9f37,,Peñarol (URU),Corinthians SP (BRA),0,0,0
832b29018f38775342af5f4b,,River Plate,LDU,1,1,1
835ad198d809c30b756bdaa7,,Caracas,Boca Juniors,1,1,1
8362ed7d1dd5688ae9fe4ecd,,Talleres,Sporting Cristal,0,0,0
83879a643479fca47a7ec1d9,,Universidad Cesar Vallejo (PER),LDU Quito (ECU),0,0,0
8398430c35894bebbe0efac1,,Sporting Cristal (PER),Emelec (ECU),0,0,0
83aee805c2e25c7c9b770030,,Red Bull Bragantino (BRA),Racing Club (ARG),1,1,1
8535340422f4e01223ec8c18,,América MG (BRA),Red Bull Bragantino (BRA),1,1,1
858f7cfe2afbe737a0cdbf27,,Corinthians,Deportivo Cali,0,0,0
8626387d1a9b9ca45853140a,,Bahia BA (BRA),Independiente (ARG),1,1,1
8642078bd90c905de9427352,,Sport Huancayo (PER),Liverpool (URU),0,0,0
8650a42dbedf09ec8fe6aff7,,Unión La Calera (CHI),Alianza FC (COL),0,0,0
8677ed916b0e740d2c3d577b,,Racing (URU),Montevideo Wanderers (URU),0,0,0
86ca747640aedfb0181d7ff6,,Montevideo Wanderers (URU),Barcelona (ECU),0,0,0
8715669966e1805df1520afc,,Cruzeiro (BRA),Alianza FC (COL),1,1,1
871f563d2618733513c37b59,,LDU Quito (ECU),Grêmio Porto Alegre (BRA),1,1,1
873a91d91de44506f588ceb0,,São Paulo FC (BRA),Academia Puerto Cabello (VEN),1,1,1
87a7a0f18b29eb25a88be5b4,,Guaraní (PAR),Independiente (ARG),0,0,0
87cc4325d73f07426b5450fd,,Montevideo City Torque (URU),Bahia BA (BRA),0,0,0
87e4f1c97b563166e0ac49fe,,Olimpia-PAR,Peñarol,0,0,0
881861c1a7d0ce4d0a2921e7,,Universidad Cesar Vallejo (PER),Always Ready (BOL),1,1,1
8823968b25c5be87c3c081bd,,LDU Quito (ECU),CD Magallanes (CHI),1,1,1
88550313443b7f8ad0d9d892,,Peñarol,Jorge Wilstermann,0,0,0
885bb168da04e59f05a77696,,Barcelona (ECU),Montevideo Wanderers (URU),1,1,1
892297e5e4886094a33f1c96,,Emelec (ECU),Huracán (ARG),1,1,1
8964d1ea9a8a9fa014f5feb9,,Always Ready (BOL),Millonarios (COL),0,0,0
896c6682549b024a6c2a1510,,Always Ready,Deportivo Cali,1,1,1
898c03ebdc3dfff861f0e650,,Unión de Santa Fe (ARG),Bahia BA (BRA),1,1,1
89b4b05cdf2c2203376f0565,,Banfield (ARG),Universidad Catolica (ECU),0,0,0
89d040be3df52bde11564ce0,,Grêmio,Guaraní-PAR,0,0,0
89d4bdd1222c93024c6a81a7,,Atlético Junior (COL),Plaza Colonia (URU),0,0,0
89f17ea5cd542086d9c21728,,FBC Melgar (PER),Aucas (ECU),0,0,0
8a18633dd190320a3c88ae43,,Tolima,América-MG,0,0,0
8a1a2744b7794733d4dcaed5,,Audax Italiano (CHI),Blooming (BOL),1,1,1
8a7b8aefea7741f6234bec92,,Red Bull Bragantino (BRA),Sportivo Luqueño (PAR),0,0,0
8aa168ca92afb1b8218fa8d0,,Barcelona-EQU,Vélez Sarsfield,0,0,0
8acdf85fefeefda4be314623,,Olimpia-PAR,Flamengo,0,0,0
8ace2cb98d9e1d3613859fe9,,Millonarios (COL),América MG (BRA),1,1,1
8b07e491266359585ddd9bfb,,América de Cali,La Guaira,0,0,0
8b0aeea3dd9285588b38152a,,River Plate (URU),Universidad Católica (CHI),0,0,0
8bd4e831139e2c0ef834d0e0,,Universidad Catolica (ECU),Libertad (PAR),0,0,0
8bf1464aabd87159b0241665,,Corinthians SP (BRA),Fortaleza CE (BRA),1,1,1
8c2a5c06c5cd0b52af2e9a00,,Internacional (BRA),Rosario Central (ARG),1,1,1
8c6c6b325027485028a2b13e,,Millonarios (COL),Deportivo Cali (COL),0,0,0
8c766297aa3faa476dbeb36a,,Independiente (ARG),Santos FC (BRA),1,1,1
8c8cc40e5dc0506652a9d93b,,Banfield (ARG),Santos FC (BRA),0,0,0
8cc0cbf8d06ceb81de97c45c,,Aragua FC (VEN),La Equidad (COL),1,1,1
8d1d1ca2ba731c2a8b290058,,Athletico,Libertad-PAR,1,1,1
8d24d3b756a3deb5a44d63a9,,Emelec (ECU),Deportivo Cuenca (ECU),0,0,0
8d40315fd2e2c2a2053922c9,,Tacuary (PAR),General Caballero DJLM (PAR),0,0,0
8d4e55e2d57741587a24f07f,,FBC Melgar (PER),Internacional (BRA),1,1,1
8d5b1310eed6b6b4bea42578,,Águilas Doradas (COL),Santa Fe (COL),0,0,0
8d74f00f31da932b7ee64615,,Bahia BA (BRA),Montevideo City Torque (URU),1,1,1
8d7e2e6779c3b1e66ac1bca3,,Deportes Iquique (CHI),Cienciano (PER),0,0,0
8e1e17de4d050bea947f5724,,General Caballero DJLM (PAR),Independiente (ARG),1,1,1
8e2f5e6346c622bad20b7c27,,Colo-Colo,Athletico,1,1,1
8e3fc8bc9b9b363379517a97,,Athletico Paranaense (BRA),Sportivo Ameliano (PAR),1,1,1
8e45fae3fd2e319a91876baa,,Flamengo,Barcelona-EQU,1,1,1
8ee3ced45e997fbfdde2ee9a,,Bolívar (BOL),Audax Italiano (CHI),1,1,1
8f1ba771ef6ed45101dc835c,,Lanús (ARG),Defensa y Justicia (ARG),0,0,0
8f802f6f5a2f9d93a3fc3572,,América-MG,Atlético-MG,1,1,1
8fb841718b654267d290b0ce,,Emelec,Palmeiras,1,1,1
8fbb8356f3ed3eb04ed35a2f,,Metropolitanos FC (VEN),Montevideo Wanderers (URU),1,1,1
8fc320ef9cec1afbdf0c39c9,,Racing Club (ARG),Cruzeiro (BRA),0,0,0
8fe95a54419da65bc03dbe25,,Rayo Zuliano (VEN),Sportivo Ameliano (PAR),1,1,1
9024649da90ba140d9228ba1,,São Paulo FC (BRA),Independiente del Valle (ECU),0,0,0
902f215ecc50284852ecd392,,Rosario Central (ARG),12 de Octubre de Itauguá (PAR),0,0,0
90745e83584eec22e2d8442a,,Atlético Junior (COL),Coquimbo Unido (CHI),0,0,0
90b047479be3706ba62cbebe,,Jorge Wilstermann (BOL),Atlético Palmaflor (BOL),0,0,0
90b7638c015d718d0b6be460,,Atlético-MG,América de Cali,0,0,0
90e4169813d4d8538b02fefe,,Estudiantes (ARG),Goiás GO (BRA),1,1,1
90fbe5007bf13bd472e59f06,,Corinthians SP (BRA),Argentinos Juniors (ARG),1,1,1
910bd859f0ae64b232e1b263,,Vélez Sarsfield,Nacional-URU,0,0,0
912fb8fd0f69cbb55fe669bc,,Always Ready (BOL),LDU Quito (ECU),0,0,0
919d7adfe380d81a61a4f27a,,La Guaira,América de Cali,1,1,1
92002ed44f0c0f6b63a89672,,San Lorenzo (ARG),12 de Octubre de Itauguá (PAR),0,0,0
9226f8aeadb920cf77598bbc,,Lanús (ARG),Independiente del Valle (ECU),1,1,1
923ed067d5cab24cd994e812,,Grêmio Porto Alegre (BRA),Aragua FC (VEN),0,0,0
9262b4fc9fe989692978faec,,Belgrano de Córdoba (ARG),Athletico Paranaense (BRA),0,0,0
92e38e85f1ffa9d3d06a4391,,Independiente Medellín (COL),San Lorenzo (ARG),1,1,1
9301c75d9cbfaf135b0eeb6f,,Sportivo Luqueño (PAR),Grêmio Porto Alegre (BRA),0,0,0
933e93f6f6aaaac908b217d4,,Racing Club,Estudiantes de Mérida,0,0,0
937f20b49db8032f4a036b33,,Independiente del Valle,Universitario-PER,1,1,1
93f109486d80649b2af57e01,,12 de Octubre de Itauguá (PAR),Rosario Central (ARG),1,1,1
943d14e70086d2e350714c93,,Ayacucho FC (PER),Jorge Wilstermann (BOL),0,0,0
944f52cff6fc2c42e34b0e7f,,Boca Juniors,Santos,3,3,3
9469779e139272750b4c6ba2,,Caracas,Libertad-PAR,1,1,1
94a72a83ef242ac263ccf5d0,,Junior de Barranquilla,Ind. Santa Fe,0,0,0
95149fdb05ddb1911905f93c,,Guaraní-PAR,Palmeiras,0,0,0
954d5f4dd0e47c4e804b37b7,,Rayo Zuliano (VEN),Deportivo La Guaira (VEN),0,0,0
95763819827966399501a9a0,,Sport Huancayo (PER),Argentinos Juniors (ARG),1,1,1
96167103ef32ef045b9a9778,,Fortaleza,River Plate,1,1,1
977604bb17af87fd1789f950,,Cienciano (PER),Atlético Mineiro (BRA),0,0,0
978cf4de760c0464e1ee26e6,,Emelec (ECU),Red Bull Bragantino (BRA),1,1,1
978dbb9f245db303b16770d8,,Sportivo Trinidense (PAR),Boca Juniors (ARG),1,1,1
9798547e43e103aea6e8b9f5,,Boston River (URU),Guaraní (PAR),0,0,0
97f235e1e1d1752a9374efa7,,Libertad (PAR),Universidad Catolica (ECU),1,1,1
9804bcda4375ca1f227bf47e,,Athletico Paranaense (BRA),Racing Club (ARG),1,1,1
9840d5df16de91b99a7afd4b,,Universidad Católica,Internacional,1,1,1
98be7624bd6b81511e10442a,,GV San José (BOL),Unión Española (CHI),0,0,0
98c4aa456a9c8a8fac3ce2b3,,Atlético Grau (PER),Godoy Cruz (ARG),0,0,0
98ebc6becd8ca8976abec8eb,,Ceará CE (BRA),Bolívar (BOL),1,1,1
992ec0d8ee4f4ea7bbda6486,,Estudiantes de Mérida,Racing Club,1,1,1
9936ba17599c240d3e3cc410,,Deportivo Táchira,Independiente Petrolero,0,0,0
996b19315ff6a5cd54563030,,Vélez Sarsfield,Flamengo,2,2,2
9975d86b3de30ad3e871c01a,,Guaireña FC (PAR),Independiente Medellín (COL),0,0,0
997d1d68809b9f0ec607f14c,,CD Guabirá (BOL),Independiente (ARG),0,0,0
99cf1d1de55c192e9dc0aa56,,Aucas (ECU),Metropolitanos FC (VEN),1,1,1
99e98a62a9625676ad6a24cd,,Santa Fe (COL),Goiás GO (BRA),0,0,0
9a038770d23bfc9738c3e648,,Libertad (PAR),Fortaleza CE (BRA),1,1,1
9a04b9e4f3e23b0a24ecb55c,,Independiente (ARG),Fortaleza CE (BRA),1,1,1
9a76c660d87c0f5ef87fc688,,Unión de Santa Fe (ARG),Emelec (ECU),0,0,0
9a7ee64bd905a52df1fb78df,,Lanús (ARG),Cruzeiro (BRA),0,0,0
9aaad53148a4d33684e7b0b8,,Delfín SC (ECU),9 de Octubre (ECU),0,0,0
9ac39fa81eedd807ad44f5fd,,Estudiantes (ARG),Barcelona (ECU),0,0,0
9aed077cddf09ec57935f63c,,Boca Juniors,Barcelona-EQU,1,1,1
9b2b8bfe7a72b4f2e19666a2,,Talleres de Córdoba (ARG),Deportes Tolima (COL),1,1,1
9bc1a8979554692f91530b88,,Delfín SC (ECU),Real Tomayapo (BOL),0,0,0
9bf63f39ccdc0743b1aff879,,Ind. Santa Fe,Junior de Barranquilla,1,1,1
9c054ab46d6288e86cb42b1a,,Santos FC (BRA),Deportivo Táchira (VEN),1,1,1
9c2b21575231b8c3222ea518,,Defensa y Justicia (ARG),Bahia BA (BRA),1,1,1
9c44b9bc2f3fee8c5caedce0,,Santos,LDU,1,1,1
9cbd338d2086e04ef0f8603b,,Guaraní (PAR),Sportivo Ameliano (PAR),0,0,0
9cd4fc1c37dcf995ecd7cbbf,,Montevideo Wanderers (URU),Lanús (ARG),1,1,1
9cf5de7063bed976ff3a5f9a,,CD Magallanes (CHI),Botafogo RJ (BRA),1,1,1
9cf687b5dc14e6e25d479a44,,Flamengo,Sporting Cristal,0,0,0
9cf84ea4aef206adb023b902,,São Paulo,Sporting Cristal,1,1,1
9d09a1b3fde7e0b12f58b93d,,Mannucci (PER),FBC Melgar (PER),1,1,1
9d2678963e366ccce6126dd7,,Emelec,Atlético-MG,1,1,1
9d56cbb81f2015cfec08ade9,,Junior de Barranquilla,Flamengo,1,1,1
9d616379305ebd6060b987a1,,Emelec,Deportivo Táchira,1,1,1
9ddd33f10ab0903b153ac310,,River Plate (URU),Atlético Grau (PER),0,0,0
9e8e781de7ba9bd35eeb4a94,,Goiás GO (BRA),Sol de América (PAR),0,0,0
9ee1d6b3b61d06d944655e61,,Vélez Sarsfield,Talleres,1,1,1
9f23ef2d11e40b6b84df5df3,,Estudiantes,Nacional-URU,1,1,1
9f565ae7c1ccd0b8d0617147,,Athletico,Libertad-PAR,2,2,2
9fe09a73c691571b44a18eb4,,Unión de Santa Fe (ARG),Oriente Petrolero (BOL),1,1,1
9ff542244c42d40e31b93119,,Guaraní (PAR),Sportivo Luqueño (PAR),0,0,0
a08469fc4029dd3d375201e8,,Flamengo,Racing Club,1,1,1
a0a0c0fc97964002f4b41b60,,River Plate (URU),Peñarol (URU),0,0,0
a0eb27f173f1503c4bb12739,,Flamengo,Olimpia-PAR,1,1,1
a113027965d9cf0fa2a51f48,,Independiente del Valle (ECU),Red Bull Bragantino (BRA),1,1,1
a1924fe2865e40e1e4ecf16f,,Libertad-PAR,Caracas,2,2,2
a1bee58555c452036d63aa6b,,Nacional-URU,Racing Club,0,0,0
a1d05d36f1667912e665e7a5,,Olimpia-PAR,Deportivo Táchira,1,1,1
a1eaf2d487d3e266b0e3eb63,,Atlético Palmaflor (BOL),Jorge Wilstermann (BOL),1,1,1
a2453b9ae94f1becf9c674f5,,Junior de Barranquilla,River Plate,1,1,1
a27d245e2af814b443da0904,,Atlético Junior (COL),Libertad (PAR),1,1,1
a29acc9136bf131281e8b2e4,,Nacional (URU),Unión de Santa Fe (ARG),1,1,1
a308745fd3dd66e170632281,,Atlético-MG,Independiente del Valle,0,0,0
a34614030cc4fcb8a9ef01f3,,Vélez Sarsfield,Red Bull Bragantino,0,0,0
a36b1eed597f3decf83882b8,,Nacional-URU,Universidad Católica,0,0,0
a3ba12e3a25c4ddd39f7f6d5,,LDU Quito (ECU),Defensa y Justicia (ARG),3,3,3
a3cc8805c97056e99585f09f,,Atlético Junior (COL),Fluminense RJ (BRA),1,1,1
a3cfe046650d9c42e8f4f9a2,,Antofagasta (CHI),LDU Quito (ECU),1,1,1
a3ee626f9eb9c2f5eb0fae71,,Lanús (ARG),LDU Quito (ECU),1,1,1
a41d795f3ce18cc2e78636ce,,Sport Huancayo (PER),Corinthians SP (BRA),0,0,0
a43009b0d37483c1f3af3c2c,,Estudiantes (ARG),Corinthians SP (BRA),0,0,0
a447a4e7b42ad7d9be380cc0,,Palmeiras,Defensa y Justicia,0,0,0
a45549f0a2727163832aa003,,Palmeiras,Athletico,0,0,0
a4c095df9d5406a982f49a83,,Cuiabá MT (BRA),Palestino (CHI),1,1,1
a4e7ed2f97a03d3514ac85eb,,São Paulo FC (BRA),Lanús (ARG),0,0,0
a50ea71646382add76f2e008,,Independiente (ARG),Montevideo City Torque (URU),0,0,0
a590ef56b9e76af14da00d7e,,América MG (BRA),Fortaleza CE (BRA),1,1,1
a59ee8640dd6d7fabfb51064,,Deportivo La Guaira (VEN),Ceará CE (BRA),1,1,1
a5a97f2ad76d564724d38dba,,Racing (URU),Club Nacional (PAR),1,1,1
a5e8fe533564723b4af7445d,,Lanús (ARG),Cuiabá MT (BRA),1,1,1
a658fefec5f640b18376ef5e,,Sport Huancayo (PER),Universidad Técnica (PER),0,0,0
a6b69635f0bcb8a6d277aee7,,Colo-Colo (CHI),Internacional (BRA),0,0,0
a6bdf7db806f0dee0df128a6,,Flamengo,Barcelona-EQU,2,2,2
a6d5c0bbfae0b914d9299b61,,Estudiantes de Mérida (VEN),Deportivo Táchira (VEN),0,0,0
a6e311166031fde33303d3ed,,Coquimbo Unido (CHI),Estudiantes de Mérida (VEN),0,0,0
a6ef1170fb49e664de3cf61a,,Jorge Wilstermann (BOL),Ceará CE (BRA),1,1,1
a7a1a6ac0c79091d0157b5bb,,Universitario de Deportes (PER),Corinthians SP (BRA),1,1,1
a7b28942156717c8a4f980b6,,Independiente del Valle (ECU),FBC Melgar (PER),1,1,1
a867080aa1f912110f8e2bda,,Alianza Lima,Colo-Colo,0,0,0
a87ea75ee1cc33dceeae577f,,Jorge Wilstermann,Peñarol,1,1,1
a8e81038f36c57e2a2a8a81a,,Sportivo Luqueño (PAR),Red Bull Bragantino (BRA),1,1,1
a91fe3e043951820e12a0e01,,Red Bull Bragantino (BRA),Corinthians SP (BRA),1,1,1
a97e3a1d5783785377bbff38,,Independiente Medellín (COL),Guaireña FC (PAR),1,1,1
a9ad5c41993ea06ddfaefc41,,Liverpool (URU),Sport Huancayo (PER),1,1,1
aa28a39b6445c8bd41d63370,,Defensa y Justicia (ARG),Sportivo Luqueño (PAR),1,1,1
aa3a1986b0f004a5ea33f6f8,,Universidad Catolica (ECU),Unión La Calera (CHI),2,2,2
aaa7822fca93684140fb8209,,Tigre (ARG),São Paulo FC (BRA),1,1,1
aad9aaf9cc5a6f92dc26d9ec,,Guaraní-PAR,Bolívar,0,0,0
ab1b958ae466d1a3b4be5347,,Nacional (URU),Atlético Goianiense (BRA),0,0,0
ab1bfdb0db7135268bd0cb7f,,São Paulo FC (BRA),Deportes Tolima (COL),1,1,1
ab29d49c7db53168e7cc83e1,,Unión La Calera (CHI),Deportes Tolima (COL),1,1,1
ab873aed6e7e9f1dee268917,,River Plate (URU),Racing Club (ARG),0,0,0
ab93c1c7331f5725fe472f55,,Rosario Central (ARG),Red Bull Bragantino (BRA),1,1,1
abc8e93bac3247752b942f88,,Santos,Barcelona-EQU,0,0,0
ac6152a27c6a16bc2318262d,,Barcelona-EQU,Santos,1,1,1
ad9bcb1ed99735db15d1654f,,Rosario Central (ARG),Deportivo Táchira (VEN),0,0,0
adc2ee54a9a38f75debaeb12,,Lanús (ARG),Bolívar (BOL),1,1,1
ae10661510bdc2cbb2c2bf2d,,LDU,São Paulo,1,1,1
ae9bc1f68ccd43738ec80571,,Lanús (ARG),Metropolitanos FC (VEN),2,2,2
aeb2013b22e422ce41492ef8,,Athletico Paranaense (BRA),FBC Melgar (PER),0,0,0
af27b2c6fae7b1057f14b774,,Libertad-PAR,Palmeiras,1,1,1
af38b268ee0327112cb4950d,,Independiente Medellín (COL),9 de Octubre (ECU),0,0,0
af52a8f7223858befbedf937,,Santos,Defensa y Justicia,0,0,0
af67b9042659104f6cb7ebef,,Nacional Potosí (BOL),Fortaleza CE (BRA),1,1,1
afe8668b2ff3218fa1c6a70d,,Alianza FC (COL),Unión La Calera (CHI),1,1,1
b0253edd66804be8a1f4f4a8,,La Equidad (COL),Deportivo Pasto (COL),1,1,1
b0297a9468be8f567ca90b49,,Argentinos Juniors,Universidad Católica,0,0,0
b042d3bd8210571afcd20642,,Academia Puerto Cabello (VEN),Metropolitanos FC (VEN),1,1,1
b056d30f27422c7d0ff994b9,,Sol de América (PAR),Goiás GO (BRA),1,1,1
b07aeba5db681d66575a0019,,Universidad Catolica (ECU),Banfield (ARG),1,1,1
b097a83796d91b8288972c1d,,Cienciano (PER),FBC Melgar (PER),1,1,1
b13ed6773de6a9b8c0ca58e9,,Atlético Goianiense (BRA),Defensa y Justicia (ARG),1,1,1
b167f522a023200368c86c72,,Jorge Wilstermann,Athletico,1,1,1
b16faa4dcb3942e855a9f9ed,,Libertad (PAR),Atlético Goianiense (BRA),1,1,1
b2084d0c97bb27e0adc15f2c,,Deportivo Táchira (VEN),Rosario Central (ARG),1,1,1
b209a2a2c792210a7dc723de,,Talleres de Córdoba (ARG),Red Bull Bragantino (BRA),0,0,0
b234596a7013166c1e86be93,,Defensa y Justicia (ARG),Emelec (ECU),1,1,1
b24d9edcf8846a17eb25e419,,Caracas FC (VEN),Vasco da Gama RJ (BRA),1,1,1
b28cb235c7667ee5e10f6060,,Racing Club,Alianza Lima,1,1,1
b2a004bec44ca40985afe8f7,,Red Bull Bragantino (BRA),Deportes Tolima (COL),0,0,0
b2e067599ca6fe47289a86fa,,Caracas FC (VEN),Atlético Mineiro (BRA),0,0,0
b2e9032cb9a2b571839571c5,,Independiente (ARG),Fénix (URU),1,1,1
b37ea2583791c09ac5f3c1d6,,Racing Club (ARG),Sportivo Luqueño (PAR),0,0,0
b386b75bb9942d531441d811,,Coquimbo Unido (CHI),Racing Club (ARG),1,1,1
b3c8d4a6187b24744ad1f547,,Gimnasia de La Plata (ARG),Goiás GO (BRA),1,1,1
b3d7de9be6a11b58b21d277e,,Flamengo,Vélez Sarsfield,3,3,3
b494ca5dabc4cd81dc163e23,,Atlético Goianiense (BRA),Club Olimpia (PAR),1,1,1
b4a5e858ba1884082b2ecd43,,Palmeiras,Cerro Porteño,1,1,1
b4aa4ac57d3b87692ccfc96d,,Vélez Sarsfield (ARG),Universidad Católica (CHI),0,0,0
b5ee461a26285fa5f97e2d5d,,Peñarol (URU),Nacional (URU),1,1,1
b5fcc1f1820d35ed4a740458,,América de Cali (COL),Corinthians SP (BRA),0,0,0
b61936eca432f9a1e650f3bd,,Peñarol,Athletico,1,1,1
b65714e5338fe9dc21ab7ba1,,Libertad (PAR),Santos FC (BRA),0,0,0
b69cdc1a5557a6cde01621c7,,Cruzeiro (BRA),Libertad (PAR),0,0,0
b6a24abc88f3e3f12d83313e,,Universidad Católica,Argentinos Juniors,1,1,1
b6b3a5444cc299e3a63f122e,,Vélez Sarsfield (ARG),Aucas (ECU),0,0,0
b6be99759fee813ee7b30744,,Nacional-URU,Atlético Nacional,1,1,1
b775c9f3658fd72d76f8571e,,Palestino (CHI),Cobresal (CHI),1,1,1
b780e9a03bd414db8b45b106,,Santos FC (BRA),Newell's Old Boys (ARG),1,1,1
b7a59f673c1f850db1b89307,,Unión Española (CHI),Antofagasta (CHI),1,1,1
b7ab54f916894b6be0cd54e0,,Universidad Cesar Vallejo (PER),Independiente Medellín (COL),1,1,1
b7eb78470f07eacf47208ccf,,Once Caldas (COL),Millonarios (COL),0,0,0
b840bf310eaa16746e53b85b,,Independiente del Valle,Nacional-URU,0,0,0
b8ed03bb7c4db4feb42457f4,,Deportes Tolima (COL),Academia Puerto Cabello (VEN),1,1,1
b90094e4c4c9700777ece5ed,,Cusco FC (PER),Audax Italiano (CHI),0,0,0
b902e612a85988eb8d06f082,,River Plate,Ind. Santa Fe,1,1,1
b90d7afff2fea99997354b1f,,Deportivo Cali,Corinthians,1,1,1
b9124fa4aab2030faee2de11,,Coquimbo Unido (CHI),Defensa y Justicia (ARG),0,0,0
b91b20a2264428b651742a2d,,Independiente (ARG),Atlético Tucumán (ARG),1,1,1
b936a0478af0306cf386ee90,,Mushuc Runa (ECU),LDU Quito (ECU),0,0,0
b952440850c82395fe79b09e,,Colo-Colo,River Plate,0,0,0
b9d553ff49085fd27459e239,,Nacional-URU,River Plate,1,1,1
b9ed1e2afe9534ff7dea1787,,General Caballero DJLM (PAR),Deportivo La Guaira (VEN),0,0,0
ba7064c3aa05658d6f13dba4,,Peñarol,Colón,1,1,1
ba826f1cb87ff19af7f1d846,,Barcelona (ECU),Estudiantes (ARG),1,1,1
ba886d94cf3c2af9b45a8e92,,Huracán (ARG),Racing (URU),0,0,0
bb0b34431df3db9739a916e5,,América-MG,Tolima,1,1,1
bb378feeefb981572ac443eb,,Newell's Old Boys (ARG),Atlético Goianiense (BRA),1,1,1
bb3d9bde1d3f9c9cb053ce74,,LDU Quito (ECU),Mushuc Runa (ECU),1,1,1
bb671903c0b03a3796288878,,Fluminense RJ (BRA),Unión de Santa Fe (ARG),1,1,1
bb6ce39a513b86c1426513e3,,Vélez Sarsfield,Barcelona-EQU,1,1,1
bb854f99807198edc08fa9a8,,Internacional (BRA),Delfín SC (ECU),1,1,1
bbb558c06a68e2b7e2390171,,Atlético Junior (COL),Unión de Santa Fe (ARG),1,1,1
bc7ae55835597726c8925ded,,Corinthians SP (BRA),Huracán (ARG),0,0,0
bc9f8dc502c7abb3b5993499,,Universidad Técnica (PER),Sport Huancayo (PER),1,1,1
bce0b9b2201a3f59b84daee6,,Palestino (CHI),Independiente Medellín (COL),1,1,1
bdb1b8ba2ec852de53f57e2f,,Internacional,Olimpia-PAR,3,3,3
bdcb9c9b7e7430a3caf6d35d,,América de Cali,Cerro Porteño,1,1,1
bdd041998c598b64eb8fed00,,Universidad Catolica (ECU),Lanús (ARG),1,1,1
be4f59c27949f4d556fb538c,,FBC Melgar (PER),Academia Puerto Cabello (VEN),0,0,0
be8a7b0790c45f359cd935ac,,Ceará CE (BRA),Independiente (ARG),1,1,1
c037f76bffd9680ffdfda9d9,,Independiente Medellín (COL),América de Cali (COL),0,0,0
c0471143efd34ab7615ef9f6,,Sporting Cristal,Universidad Católica,0,0,0
c05e98fbf83dc0af655e18d2,,FBC Melgar (PER),Athletico Paranaense (BRA),1,1,1
c072bc70f81ac6554dcee7fe,,Red Bull Bragantino (BRA),Tacuary (PAR),1,1,1
c0bb43a8cbd208468f6f74d7,,Goiás GO (BRA),Santa Fe (COL),1,1,1
c0f8151ee53b022819fc1d3f,,Sol de América (PAR),Universidad Católica (CHI),1,1,1
c0ff67ae50067c2668aca87d,,Emelec (ECU),Sporting Cristal (PER),1,1,1
c11cc5eab3891bd6ae820894,,Independiente del Valle,Defensa y Justicia,1,1,1
c1362c856d12499c267e877c,,River Plate (URU),Deportivo Cali (COL),1,1,1
c150ace4097a96cda4701322,,Real Tomayapo (BOL),Delfín SC (ECU),1,1,1
c15d2a73090dd83d4810dada,,Olimpia-PAR,Always Ready,0,0,0
c1631026a893b58445201d65,,Mushuc Runa (ECU),Palestino (CHI),0,0,0
c1750b180c6ba9b6cc9e0de2,,Racing Club (ARG),River Plate (URU),1,1,1
c175eb5a275bafb705794c87,,Flamengo,Defensa y Justicia,1,1,1
c1c44a9c1d0b10883b701d97,,Defensa y Justicia (ARG),Antofagasta (CHI),1,1,1
c1d0fe14a779a2604b7518e9,,Athletico,Palmeiras,1,1,1
c1d42914f4a73c7486792cac,,Sol de América (PAR),General Caballero DJLM (PAR),1,1,1
c1e1019e492f6fb4bdfbfb97,,River Plate (PAR),Corinthians SP (BRA),1,1,1
c1efcdbd5389b4ff647e5a1d,,LDU Quito (ECU),Always Ready (BOL),1,1,1
c20608cb1515b3821f428473,,Red Bull Bragantino,Vélez Sarsfield,1,1,1
c231903db2744860a2b184a4,,Tigre,Palmeiras,1,1,1
c24618a82a72a44c36936f69,,Nacional-URU,Vélez Sarsfield,1,1,1
c275d44743ca291c0b406fa0,,Boca Juniors,Corinthians,2,2,2
c2a13e92571505f9f232bfaa,,Everton (CHI),Jorge Wilstermann (BOL),1,1,1
c2d1768e29d399d72ccce984,,Everton (CHI),São Paulo FC (BRA),0,0,0
c317ab81f0516a228f7d1432,,Colón,Cerro Porteño,1,1,1
c34d3fe3714a7c8b9f5cc716,,Huracán (ARG),Atlético Nacional (COL),1,1,1
c35a07297001c97f36ee0d22,,Atlético Grau (PER),River Plate (URU),1,1,1
c41141b2d7cf7c90ea7f436f,,Atlético Goianiense (BRA),Nacional (URU),1,1,1
c42758f117b234124043e510,,Barcelona (ECU),Metropolitanos FC (VEN),1,1,1
c462ba715abf755fd60672be,,Racing Club,Sporting Cristal,1,1,1
c4c1b3681aae43cf79a9eb7f,,Emelec,Independiente Petrolero,1,1,1
c4c2a84fa534d3bcb3465836,,Junior de Barranquilla,Fluminense,1,1,1
c4cf3fca3eccdb880599b4d5,,Jorge Wilstermann (BOL),Arsenal de Sarandí (ARG),1,1,1
c4fff3885704da87c2b710b9,,Corinthians SP (BRA),Peñarol (URU),1,1,1
c503a2a7dd4db8c6f7434bb3,,Unión La Calera,Vélez Sarsfield,0,0,0
c57ac469e4dd5e04dfde9c98,,Huachipato (CHI),Racing (URU),1,1,1
c5856a0e6a8c13217344e85d,,Independiente Medellín,Libertad-PAR,1,1,1
c618c6f11964e142e32c74ff,,Atlético Goianiense (BRA),Palestino (CHI),0,0,0
c6432cccfc507b9b39eda410,,Club Nacional (PAR),Bahia BA (BRA),0,0,0
c66a22bfb63e954dc8ecec1d,,Palestino (CHI),Atlético Goianiense (BRA),1,1,1
c689ceeb7e48ed9b00602df0,,Cuiabá MT (BRA),FBC Melgar (PER),0,0,0
c68e5b77a29ec0b1cf7c1560,,Argentinos Juniors,Atlético Nacional,0,0,0
c6d0dde1cb218780cd833f6f,,Barcelona-EQU,Flamengo,3,3,3
c741d8c6fc99d872b6df32f5,,Metropolitanos FC (VEN),Athletico Paranaense (BRA),1,1,1
c74df0558cebb6caae73319f,,Sportivo Luqueño (PAR),Coquimbo Unido (CHI),1,1,1
c7abf3361b3cf4e6fa8dfb26,,Delfín,Santos,1,1,1
c7e21b352be8b3c821851883,,Deportes Iquique (CHI),Caracas FC (VEN),0,0,0
c7ff7cf4dddeb6e5c867e509,,Bolívar,Palmeiras,1,1,1
c83ff8af19c388a8338ad28e,,Universidad Católica,América de Cali,1,1,1
c87abe2a8b4bb9a24e3c5291,,Alianza FC (COL),América de Cali (COL),0,0,0
c888217eafeb02668169d487,,Cuiabá MT (BRA),River Plate (URU),0,0,0
c89e989230c61f2f718c5a21,,Racing Club (ARG),FBC Melgar (PER),1,1,1
c8e062134e680e28a825b933,,Athletico,Estudiantes,1,1,1
c8ed7e9cdc23799522c755df,,Rentistas ,Sporting Cristal,0,0,0
c917e34242f42fa308bd547b,,Talleres,Universidad Católica,0,0,0
c92b18cef2d949d9b2dc047c,,Lanús (ARG),Deportivo Garcilaso (PER),1,1,1
c99739c5a4a27aa7a590bcc6,,Jorge Wilstermann (BOL),Ayacucho FC (PER),1,1,1
ca350369458de3f695bc7667,,Defensa y Justicia (ARG),Coquimbo Unido (CHI),1,1,1
ca4bd90579bb7ebcb5bad994,,Independiente Medellín,Boca Juniors,0,0,0
ca997a69bda8db79b750757e,,Santos FC (BRA),Banfield (ARG),1,1,1
cab717ad0b1cf9c8fcc80252,,San Lorenzo (ARG),Fortaleza CE (BRA),1,1,1
cacb749520bf58e8d0777e9a,,Jorge Wilstermann (BOL),CD Guabirá (BOL),1,1,1
cb69efd4e2309200992708ef,,Peñarol (URU),América MG (BRA),1,1,1
cbbad0285e2626769a4dce90,,The Strongest,Santos,1,1,1
cc732f338a0fbc455d86534d,,Ind. Santa Fe,Fluminense,1,1,1
ccab5c92eb750fcbc0388a5a,,River Plate (URU),Cuiabá MT (BRA),1,1,1
ccf045c8b26e4d4aef1392f6,,Bolívar,Guaraní-PAR,1,1,1
cd1bc1b37f7e286a3de9d155,,Oriente Petrolero (BOL),Red Bull Bragantino (BRA),1,1,1
cd2d80051062c5c6c52911ec,,Emelec (ECU),Unión de Santa Fe (ARG),1,1,1
cd8f23e6dae521b26d87cc27,,Cruzeiro (BRA),Unión La Calera (CHI),1,1,1
cdc0a4d160d5288068549252,,CD Guabirá (BOL),Montevideo City Torque (URU),1,1,1
cdc680c72afd6f912da67099,,América de Cali,Internacional,1,1,1
cdcf03d187e611095952e4bb,,Boca Juniors (ARG),Fortaleza CE (BRA),0,0,0
cdda971ce9d705a43e5cde53,,Alianza Lima,River Plate,1,1,1
ce4dabdce531ecac645a381d,,Sporting Cristal (PER),Arsenal de Sarandí (ARG),1,1,1
ce59c8e82470a1592a555542,,Palestino (CHI),Estudiantes de Mérida (VEN),1,1,1
ce60ed00b8aa6ec220f2cfe7,,Bahia BA (BRA),Club Nacional (PAR),1,1,1
ce6ea7de8f4a3e1f1d7086fd,,Palmeiras,Atlético-MG,3,3,3
ce9b62f4595bf5fc5640531b,,Newell's Old Boys (ARG),Libertad (PAR),1,1,1
ceb7556e20600a01a4f650c8,,Cerro Largo (URU),Peñarol (URU),1,1,1
cebe6c71102cbb3bdf971b11,,Deportivo Táchira,Palmeiras,1,1,1
cf30b1a07820d3a747baa610,,Fortaleza,Alianza Lima,1,1,1
cf39f668f7048e0dd4ebfe2c,,Cobresal (CHI),Palestino (CHI),2,2,2
cfd8197a3d6e02bc23baa07b,,Colo-Colo,Alianza Lima,1,1,1
d04decdb2bc6e404b695d17d,,The Strongest,Libertad-PAR,1,1,1
d0539cb011ab224d317592c6,,Rosario Central (ARG),Fortaleza CE (BRA),1,1,1
d06e1e9ba7f274806f7ef505,,Nacional-URU,Estudiantes de Mérida,1,1,1
d09e30564527527badc98eb4,,Sportivo Luqueño (PAR),Racing Club (ARG),1,1,1
d0ca0d920a14287934b3b3ef,,Independiente del Valle,América-MG,1,1,1
d0d9289ad69364e3758cbc13,,Estudiantes (ARG),Oriente Petrolero (BOL),1,1,1
d0e3ae2b603428410a752b8b,,Guayaquil City (ECU),Aucas (ECU),1,1,1
d0e987e86cd8d5ca8b73bc1f,,Fortaleza CE (BRA),Corinthians SP (BRA),2,2,2
d112da5f773e16388b41e809,,Universidad Cesar Vallejo (PER),Botafogo RJ (BRA),1,1,1
d1ac5dbdbb989e54b42f7b9b,,Racing (URU),Argentinos Juniors (ARG),1,1,1
d1bedbcc3ef29941a1dc4bde,,Tolima,Atlético-MG,1,1,1
d242b8b7b79c95a4c7ee55e8,,12 de Octubre de Itauguá (PAR),Club Nacional (PAR),1,1,1
d266e2975efc70168ddd47ab,,Always Ready,Deportivo Táchira,1,1,1
d284105a4ec242c72a662edc,,Palmeiras,Independiente del Valle,0,0,0
d2ed1da6836e1788bb14c0f7,,Jorge Wilstermann (BOL),Bolívar (BOL),1,1,1
d35c554e1e75ef09dc375c2a,,Delfín,Palmeiras,1,1,1
d3b811bbcec8d5cd3cff17a8,,Audax Italiano (CHI),Cusco FC (PER),1,1,1
d3caf3dd07c3c0bbeb7bc9c2,,Unión La Calera (CHI),Banfield (ARG),1,1,1
d40a9a8620655acb52004b80,,Cruzeiro (BRA),Boca Juniors (ARG),1,1,1
d41509ab35709425a5ba0223,,Universidad Católica (CHI),Vélez Sarsfield (ARG),1,1,1
d41cddd81fd5426c2c184248,,LDU Quito (ECU),Botafogo RJ (BRA),1,1,1
d430540833d89e50993663e6,,Corinthians SP (BRA),Fortaleza CE (BRA),3,3,3
d4714dd6a5e3f8c4bc0f2284,,São Paulo FC (BRA),Everton (CHI),1,1,1
d47a34b1b2154c61820e89a5,,Antofagasta (CHI),Atlético Goianiense (BRA),1,1,1
d4871c9362e468971c45c4f4,,Aucas (ECU),Vélez Sarsfield (ARG),1,1,1
d4c8583a0fbd2304097ab990,,Always Ready,Olimpia-PAR,1,1,1
d512da8ee499690de8bb3377,,Unión La Calera (CHI),Universidad Catolica (ECU),3,3,3
d52bc74463fcb66f3bb39266,,The Strongest,Caracas,0,0,0
d565e8edf8de42cf6eebda52,,Coquimbo Unido (CHI),Atlético Junior (COL),1,1,1
d5abad38883f2718048ed3df,,Huachipato (CHI),Fénix (URU),0,0,0
d5c7b0e280c4f537c7aae062,,Atlético Nacional,Argentinos Juniors,1,1,1
d658cd19d4c874766bb8e583,,Danubio (URU),Athletico Paranaense (BRA),1,1,1
d6a130ed45ff71e760d3f7a1,,Corinthians SP (BRA),Sport Huancayo (PER),1,1,1
d6ae8f8a585a01ebc77fe6a9,,Universidad Católica,Nacional-URU,1,1,1
d73080071f94a83a581fe2cf,,Talleres de Córdoba (ARG),Emelec (ECU),1,1,1
d738db3452a195fa32e45e2e,,Libertad-PAR,Athletico,3,3,3
d74cc568e7501327a01d187a,,Unión La Calera (CHI),Fluminense RJ (BRA),1,1,1
d786c98115b245aec6159a22,,Defensa y Justicia (ARG),Botafogo RJ (BRA),0,0,0
d7a419758605f9f0d20c6211,,Lanús (ARG),São Paulo FC (BRA),1,1,1
d80ad0f2d56d4199f7a1a12f,,12 de Octubre de Itauguá (PAR),San Lorenzo (ARG),1,1,1
d8548351052e4c4f52a983a1,,Cruzeiro (BRA),Lanús (ARG),1,1,1
d87e10bee5cdc26dc2a788b7,,Internacional (BRA),Belgrano de Córdoba (ARG),0,0,0
d88a57eb7bed2b090d86d20b,,Club Nacional (PAR),Argentinos Juniors (ARG),1,1,1
d88b2e29d23229e00b82a6a5,,Coquimbo Unido (CHI),Aragua FC (VEN),1,1,1
d89b096608b8c786bc8c9cc2,,São Paulo,Binacional,0,0,0
d8bb4c9c9d699f0df12ac536,,Deportivo La Guaira (VEN),Hermanos Colmenarez (VEN),1,1,1
d91a15e73114809112cdec9a,,Grêmio,Internacional,1,1,1
d91b47a9f7dfa9cd958d2349,,12 de Octubre de Itauguá (PAR),Huachipato (CHI),0,0,0
d96e92b09325985eea7e1989,,Universidad Católica (CHI),River Plate (URU),1,1,1
d971410550e4d9c9f478d5fd,,Defensa y Justicia,Santos,1,1,1
d9784f7e29e5810fc81e59dc,,Fortaleza,Colo-Colo,0,0,0
d985a2a736dfb02daf74d6c8,,Unión Española (CHI),Once Caldas (COL),0,0,0
d9e1e4e2e29e31f0b35dbf1b,,Athletico Paranaense (BRA),Aucas (ECU),0,0,0
da64d09f6d6a8d6b6dffdaa0,,Belgrano de Córdoba (ARG),Internacional (BRA),1,1,1
dabcec074665bd90a63b3616,,Corinthians,Boca Juniors,3,3,3
dad5b5ccbdc8dc0a690ba0eb,,Guaraní-PAR,Tigre,1,1,1
dad89025d13abacedbc492ca,,Universitario de Vinto (BOL),Nacional Potosí (BOL),0,0,0
db1044278e61af27db77a580,,Racing Club,São Paulo,2,2,2
db235ebcf9020aaca5f9eab2,,Nacional Potosí (BOL),Sportivo Trinidense (PAR),1,1,1
db8b3c5ed49a5337577f6187,,Corinthians SP (BRA),Racing Club (ARG),1,1,1
dba8556726a6171e84e39a8d,,Estudiantes,Fortaleza,1,1,1
dbe7df2111f8b21f05271b7b,,Nacional-URU,Independiente del Valle,1,1,1
dc97016e0d4a76bd4413cb08,,Vélez Sarsfield (ARG),Lanús (ARG),1,1,1
dcce483c14c93c8a7f1ece1a,,Llaneros de Guanare (VEN),Liverpool (URU),1,1,1
dcfeef08b1a45a520a201b8e,,Caracas,Athletico,1,1,1
ddc525b94cbf5b03d78ade5e,,River Plate (URU),Liverpool (URU),1,1,1
de10376fab2a8dd65332426b,,Atlético Nacional (COL),River Plate (URU),0,0,0
de8de7c5fe6ad9e6768649ab,,Palmeiras,Independiente Petrolero,1,1,1
ded16ea02ff28b385ffe7a44,,Montevideo City Torque (URU),Independiente (ARG),1,1,1
df2ee2eade76d2f21a428c1b,,Deportivo La Guaira (VEN),General Caballero DJLM (PAR),1,1,1
df363bb28f3b39e13ca27922,,Vitória BA (BRA),Cerro Largo (URU),0,0,0
df4821322d5618f1a8146583,,Vélez Sarsfield,Unión La Calera,1,1,1
df8edd8e0006faab19652561,,Binacional,São Paulo,1,1,1
dfb134b2e8f6a952e6a72840,,Aucas (ECU),FBC Melgar (PER),1,1,1
dfef77ea253c80f3433b5ea7,,Metropolitanos FC (VEN),Academia Puerto Cabello (VEN),2,2,2
e0386f9875ea2103e3320851,,Millonarios (COL),Peñarol (URU),1,1,1
e09dab0d908d48fb57fd6fe1,,Vélez Sarsfield,LDU,1,1,1
e0aada8cae15cbfdb9c16302,,Universidad Cesar Vallejo (PER),Defensa y Justicia (ARG),1,1,1
e0cb2920999538a73e03e763,,Carabobo FC (VEN),Metropolitanos FC (VEN),0,0,0
e1201def8d9c25ec852e158e,,Corinthians,Always Ready,0,0,0
e149d9804a8ebff51b6fbc19,,Guaireña FC (PAR),Club Nacional (PAR),1,1,1
e150c87a5a0a09f7e4ebc675,,Guaireña FC (PAR),River Plate (PAR),1,1,1
e1d6add65bb2c9d8c224303e,,Sporting Cristal,Talleres,1,1,1
e255f2bf4cb5137905e55002,,Ayacucho FC (PER),Everton (CHI),1,1,1
e28f3a2322df2b77d524d273,,Rentistas ,Racing Club,1,1,1
e2f8b3c628bcf913fdaddd28,,Goiás GO (BRA),Universitario de Deportes (PER),1,1,1
e313586aa2bb7c5b00c305ee,,9 de Octubre (ECU),Independiente Medellín (COL),1,1,1
e327e57c5b1e27db193c7035,,Racing Club,Nacional-URU,1,1,1
e3ae55130895356783823c04,,Millonarios (COL),Always Ready (BOL),1,1,1
e3d241aaa513b898e2cbe006,,Fortaleza CE (BRA),Estudiantes de Mérida (VEN),1,1,1
e441dbdc63c94b6550571e5b,,Santos FC (BRA),Libertad (PAR),1,1,1
e465d70f7b9d5ae9f30aa250,,Deportivo Garcilaso (PER),Cuiabá MT (BRA),0,0,0
e48860fc19f9ea035ddb2f45,,Universidad Católica,Palmeiras,1,1,1
e49e86bbd26dc45703a1ba6e,,Independiente del Valle,Palmeiras,1,1,1
e50486d77341709c4a41e206,,El Nacional (ECU),Fénix (URU),1,1,1
e50a9c480f4ec5486a113dd4,,Royal Pari (BOL),Oriente Petrolero (BOL),1,1,1
e579f83d4361b0afe3eeea20,,Blooming (BOL),Santos FC (BRA),0,0,0
e6002c6ee222db3dad133db2,,Internacional (BRA),Independiente Medellín (COL),1,1,1
e604dd02464e0bfed7cca324,,FBC Melgar (PER),Metropolitanos FC (VEN),1,1,1
e61a84e9dbd8239203ea8ca7,,Fluminense,River Plate,0,0,0
e62e7f8ea473bf3eb6449575,,LDU Quito (ECU),Universidad Cesar Vallejo (PER),1,1,1
e649cf6af4d0b774c7982fdc,,Sporting Cristal,Rentistas ,1,1,1
e6c8f7b2b9704bb7372f50bd,,Tigre (ARG),Deportes Tolima (COL),1,1,1
e6e830e0c2ca17471016c98b,,Plaza Colonia (URU),Atlético Junior (COL),1,1,1
e6eb619ef66f14ff95b0f344,,Boca Juniors,Libertad-PAR,1,1,1
e792024f6968a4aa0a729095,,Deportivo Cali (COL),Millonarios (COL),1,1,1
e79728277e733e52dbbf8fef,,Peñarol,Olimpia-PAR,1,1,1
e7feb199fc4699f409817bf3,,Grêmio,Universidad Católica,1,1,1
e80341f5070a42cf2aa8f592,,LDU Quito (ECU),Delfín SC (ECU),0,0,0
e849a024db5f4af84b551b6a,,Defensa y Justicia,Palmeiras,1,1,1
e874782dda6550cfeb7414e0,,Red Bull Bragantino (BRA),Talleres de Córdoba (ARG),1,1,1
e8b04b53f4536284f437dc41,,Universitario-PER,Palmeiras,1,1,1
e963a3a9c0e41d42469fd50e,,Atlético-MG,Boca Juniors,0,0,0
e9d1b59bff77cc24be64fa7c,,Palmeiras,São Paulo,0,0,0
e9fe9351469c6a734cba17b5,,Sportivo Luqueño (PAR),Sportivo Ameliano (PAR),0,0,0
ea43f8938fe17ef03328cd13,,FBC Melgar (PER),Vasco da Gama RJ (BRA),0,0,0
eac7d6f98aa036d4ffb93ad1,,Always Ready,Corinthians,1,1,1
ead78a975158d65f0304aed2,,Huachipato (CHI),San Lorenzo (ARG),1,1,1
eb44e2b05e385082f86eb8fd,,Independiente del Valle,Atlético-MG,1,1,1
eb5466b25833d85746b044eb,,9 de Octubre (ECU),Delfín SC (ECU),1,1,1
eb55772131ece2158bbdab50,,Independiente Medellín,Caracas,1,1,1
ebd5cdef5e24b3cfdb997d97,,Corinthians SP (BRA),Racing (URU),1,1,1
ebf054b95bd3e548e98b0e71,,Estudiantes (ARG),Red Bull Bragantino (BRA),1,1,1
ec7f8a61157b0dbf0bc60e0a,,La Equidad (COL),Grêmio Porto Alegre (BRA),1,1,1
eca19ec5e7de4e6f14083838,,Caracas,The Strongest,1,1,1
ecb39ef672a0f2b88bc7335e,,Athletico Paranaense (BRA),Belgrano de Córdoba (ARG),1,1,1
ecd28aaa420037cba6e275d9,,Junior de Barranquilla,Independiente del Valle,1,1,1
ed6f597bfc3c3b06a4c527d5,,Rayo Zuliano (VEN),Danubio (URU),1,1,1
ed7296332c26a3b856dac7a2,,Boca Juniors,Internacional,1,1,1
ed73675015ffdaa0ed358485,,Boca Juniors,Independiente Medellín,1,1,1
ed752d4513dc44ec1c04acab,,Gimnasia de La Plata (ARG),Santa Fe (COL),1,1,1
ed8cfe5bf9c0f2baf21145a9,,Palmeiras,Guaraní-PAR,1,1,1
edc3096beb8982c86f5dadc0,,São Paulo,Racing Club,3,3,3
edda2edbdb9819e74303d5ca,,Universidad Cesar Vallejo (PER),CD Magallanes (CHI),1,1,1
ee0d3fe803759bc9471bac06,,Universidad Católica,Talleres,1,1,1
ee9b1bc559a9921e0684fdf8,,Danubio (URU),Guaraní (PAR),0,0,0
eed379dbc0576393c8a89221,,Defensa y Justicia (ARG),Millonarios (COL),1,1,1
eed423ed057fbcf5d97080d4,,Emelec (ECU),Macará (ECU),1,1,1
eeeb9c0c37c430a59fdaa512,,Deportes Tolima (COL),Red Bull Bragantino (BRA),1,1,1
eefaebb1416209ae0e175344,,Guaraní (PAR),Nacional Potosí (BOL),0,0,0
ef6d9832cd59b1cd3985e41c,,Sportivo Luqueño (PAR),Mineros de Guayana (VEN),1,1,1
f0390f3924d0116d7e3d33d2,,Santos FC (BRA),Blooming (BOL),1,1,1
f05a718f181759e8079651fd,,São Paulo,Palmeiras,1,1,1
f07c9e59b8bfc6c792979bd5,,Aucas (ECU),Athletico Paranaense (BRA),1,1,1
f080b6e00f5346ea5e16e108,,Guaraní (PAR),Danubio (URU),1,1,1
f0a640fee4bc048e41b2ce02,,Audax Italiano (CHI),Universidad Católica (CHI),0,0,0
f0bc60d459d2093fded629b8,,Real Tomayapo (BOL),Jorge Wilstermann (BOL),0,0,0
f0c3c948ee6ae9399f17eacb,,Santos FC (BRA),Unión La Calera (CHI),1,1,1
f0c7588cee433a0d1a9cca8b,,Universidad Católica,Sporting Cristal,1,1,1
f0e54da72c660ed0dbf09d90,,Caracas,Libertad-PAR,3,3,3
f10ecf1da7b45e8c05be3247,,Boca Juniors,Atlético-MG,1,1,1
f10ef7ea5764f1958b7a7155,,FBC Melgar (PER),Bahia BA (BRA),1,1,1
f16e3287dd1cfef303daad9e,,Racing Club (ARG),Huachipato (CHI),1,1,1
f1e12b83918f28d7827bc2e5,,Colo-Colo (CHI),América MG (BRA),1,1,1
f20ff5c5ed08e4762a41a358,,Internacional (BRA),Colo-Colo (CHI),1,1,1
f2326906022dbbef5a65dd46,,Palestino (CHI),Fortaleza CE (BRA),1,1,1
f2b871d895c5a38e3d8a89de,,Unión Española (CHI),Fluminense RJ (BRA),0,0,0
f2d1496036dc6d81e27fc513,,La Equidad (COL),Atlético Junior (COL),1,1,1
f33bc14001c446ae39d24141,,Universidad Catolica (ECU),Aucas (ECU),0,0,0
f3628c934159b04c2941b926,,América de Cali,Atlético-MG,1,1,1
f380f44e2f182ed14f2b5e68,,Audax Italiano (CHI),Ñublense (CHI),1,1,1
f397c4a0396ea68a3f26a040,,Lanús (ARG),Metropolitanos FC (VEN),3,3,3
f3c1d5f6cdbce02d06ea8855,,Olimpia-PAR,Defensa y Justicia,1,1,1
f3cde8255eab1b832ffabe1c,,Universitario de Vinto (BOL),Nacional Potosí (BOL),1,1,1
f3ed94777d61d2d16733a62a,,Independiente Petrolero,Deportivo Táchira,1,1,1
f40b59b6fa64e821cf67118d,,Botafogo RJ (BRA),Defensa y Justicia (ARG),1,1,1
f4b7153d09492963744653a1,,Ñublense (CHI),LDU Quito (ECU),1,1,1
f4cfb6e664cb80946952eeed,,Boca Juniors,Racing Club,1,1,1
f61068e2680e8bf58c7eb596,,Alianza FC (COL),Universidad Catolica (ECU),1,1,1
f63f4e3aa49cddf124e203bb,,Ayacucho FC (PER),Sport Boys (PER),1,1,1
f640af81c4138626b32ae7d6,,Guaraní-PAR,Grêmio,1,1,1
f6a3ece70186d863e2b28798,,Fénix (URU),Huachipato (CHI),1,1,1
f6b82e37a4708ab9bd3efea8,,Libertad (PAR),Cruzeiro (BRA),1,1,1
f6d619b61a83321d381712d3,,Lanús (ARG),Aragua FC (VEN),1,1,1
f75b3a5c73543333c294498f,,Cuiabá MT (BRA),Deportivo Garcilaso (PER),1,1,1
f8861a0e239c7c664f7c1fd7,,Corinthians SP (BRA),Newell's Old Boys (ARG),1,1,1
f9602feff7788cc53435b771,,Independiente (ARG),CD Guabirá (BOL),1,1,1
f97e4b4652723f7547d3ed59,,Tigre (ARG),Libertad (PAR),1,1,1
f998346a9172d26b06035812,,The Strongest (BOL),Ceará CE (BRA),1,1,1
f9e2874a0e4760b7e576d526,,Libertad (PAR),Palestino (CHI),1,1,1
fa6792190474b02a6b5cf85f,,Defensor Sporting (URU),Danubio (URU),0,0,0
fa9e488b6e431f28b54c3c3e,,Fortaleza CE (BRA),Boca Juniors (ARG),1,1,1
faee638c1816abb56f076569,,Palestino (CHI),San Lorenzo (ARG),1,1,1
fb4a2bdf1973712447faa229,,Estudiantes de Mérida (VEN),Coquimbo Unido (CHI),1,1,1
fb8996fb7380056438be5fca,,The Strongest,Athletico,1,1,1
fb8f9cd121c045fd6dc55b79,,The Strongest,Boca Juniors,1,1,1
fb907c4ae863fa074a70385a,,FBC Melgar (PER),Cuiabá MT (BRA),1,1,1
fcad0eefb759b3f2abf2543a,,América de Cali (COL),Independiente Medellín (COL),1,1,1
fcd3f56414bfbd7646811999,,Racing (URU),Corinthians SP (BRA),2,2,2
fceeb2e0dbff489b1165d5dc,,River Plate,Colo-Colo,1,1,1
fd03246e5495b60a15bda8a6,,Corinthians SP (BRA),Estudiantes (ARG),1,1,1
fd47ba582fadd1bdcd18bfe4,,Aragua FC (VEN),Grêmio Porto Alegre (BRA),1,1,1
fd5f45fa276cf78ab1c409ff,,Colo-Colo,Fortaleza,1,1,1
fd626f12b90b38b7124e792a,,River Plate (URU),Atlético Nacional (COL),1,1,1
fdc125fb63b42b1864fb4d97,,Arsenal de Sarandí (ARG),Bolívar (BOL),1,1,1
fe293827e337bf2f175f0bc6,,Sporting Cristal,Flamengo,1,1,1
fe664cc60894469b21ded94e,,Sport Huancayo (PER),Coquimbo Unido (CHI),1,1,1
fe7d26a4fb2c4c3b229a7622,,Guaireña FC (PAR),Internacional (BRA),1,1,1
feb3c880bf59ffabc6ad38ce,,River Plate,Fluminense,1,1,1
ff5ffe7b2d56c612941cf8dc,,Cerro Porteño,Atlético-MG,1,1,1
ff72ae4eb9151ffef24f6da5,,LDU Quito (ECU),Atlético Goianiense (BRA),1,1,1
ff82edf65e32cec6d80a0fe4,,Red Bull Bragantino (BRA),Barcelona (ECU),1,1,1
ff8569e086dfc82715efb93a,,São Paulo FC (BRA),Ceará CE (BRA),1,1,1
fff595ad7712ec31d067f58f,,Huachipato (CHI),12 de Octubre de Itauguá (PAR),1,1,1
