target,fold,match_id,kickoff_timestamp,configuration,probability,market_probability,odds,outcome,pit_status,data_quality,uncertainty,decision_status,research_holdout_locked
home_win,0,29d25f95fec2d96fc585,2024-12-21 15:00:00+00:00,MARKET_ONLY,0.2160033035799371,0.2160033035799371,4.33,0,NON_PIT,1.0,0.43200660715987427,COUNTERFACTUAL_NON_PIT,False
home_win,0,2aaf3d634aab015519b4,2024-12-21 15:00:00+00:00,MARKET_ONLY,0.4605263157894737,0.4605263157894737,2.05,0,NON_PIT,1.0,0.9210526315789473,COUNTERFACTUAL_NON_PIT,False
home_win,0,3abe3f50e1bd8de3c623,2024-12-21 15:00:00+00:00,MARKET_ONLY,0.3226605050338339,0.3226605050338339,2.88,0,NON_PIT,1.0,0.6453210100676678,COUNTERFACTUAL_NON_PIT,False
home_win,0,45a14f4d6ff492773cd7,2024-12-21 15:00:00+00:00,MARKET_ONLY,0.41212601545472566,0.41212601545472566,2.3,1,NON_PIT,1.0,0.8242520309094513,COUNTERFACTUAL_NON_PIT,False
home_win,0,45c0796dbab55cb76430,2024-12-21 15:00:00+00:00,MARKET_ONLY,0.5181373722178536,0.5181373722178536,1.8,1,NON_PIT,1.0,0.9637252555642928,COUNTERFACTUAL_NON_PIT,False
home_win,0,4e64ad78c227d6f24b38,2024-12-21 15:00:00+00:00,MARKET_ONLY,0.33289942187679467,0.33289942187679467,2.88,0,NON_PIT,1.0,0.6657988437535893,COUNTERFACTUAL_NON_PIT,False
home_win,0,5018f0ff7f6311f917a1,2024-12-21 15:00:00+00:00,MARKET_ONLY,0.8250825082508252,0.8250825082508252,1.14,1,NON_PIT,1.0,0.3498349834983496,COUNTERFACTUAL_NON_PIT,False
home_win,0,56419065b89c707a641d,2024-12-21 15:00:00+00:00,MARKET_ONLY,0.17850621297822117,0.17850621297822117,5.25,1,NON_PIT,1.0,0.35701242595644234,COUNTERFACTUAL_NON_PIT,False
home_win,0,56d9121f353c92614127,2024-12-21 15:00:00+00:00,MARKET_ONLY,0.5380694230924833,0.5380694230924833,1.73,0,NON_PIT,1.0,0.9238611538150334,COUNTERFACTUAL_NON_PIT,False
home_win,0,76e0438dc5dd6c6bad10,2024-12-21 15:00:00+00:00,MARKET_ONLY,0.324566546611944,0.324566546611944,2.88,0,NON_PIT,1.0,0.649133093223888,COUNTERFACTUAL_NON_PIT,False
home_win,0,8b917e3dc5e5cafe5539,2024-12-21 15:00:00+00:00,MARKET_ONLY,0.1995079572537864,0.1995079572537864,4.75,0,NON_PIT,1.0,0.3990159145075728,COUNTERFACTUAL_NON_PIT,False
home_win,0,a65d523247f1c8538fb0,2024-12-21 15:00:00+00:00,MARKET_ONLY,0.4034582132564842,0.4034582132564842,2.3,1,NON_PIT,1.0,0.8069164265129684,COUNTERFACTUAL_NON_PIT,False
home_win,0,ba4ec0a6a75d479fdd49,2024-12-21 15:00:00+00:00,MARKET_ONLY,0.4049281314168378,0.4049281314168378,2.3,1,NON_PIT,1.0,0.8098562628336756,COUNTERFACTUAL_NON_PIT,False
home_win,0,cd085d7d4c51895085ce,2024-12-21 15:00:00+00:00,MARKET_ONLY,0.25392083644510827,0.25392083644510827,3.7,0,NON_PIT,1.0,0.5078416728902165,COUNTERFACTUAL_NON_PIT,False
home_win,0,df58317230b689854d9a,2024-12-21 15:00:00+00:00,MARKET_ONLY,0.3701111568546727,0.3701111568546727,2.55,1,NON_PIT,1.0,0.7402223137093454,COUNTERFACTUAL_NON_PIT,False
home_win,0,e1437b8858b1f3ffa907,2024-12-21 15:00:00+00:00,MARKET_ONLY,0.4111855061047657,0.4111855061047657,2.3,0,NON_PIT,1.0,0.8223710122095313,COUNTERFACTUAL_NON_PIT,False
home_win,0,e90a3dbb5cfed95ea1bf,2024-12-21 15:00:00+00:00,MARKET_ONLY,0.4219886822958771,0.4219886822958771,2.2,1,NON_PIT,1.0,0.8439773645917542,COUNTERFACTUAL_NON_PIT,False
home_win,0,f974d5599df93a3b56d4,2024-12-21 15:00:00+00:00,MARKET_ONLY,0.4436536180308422,0.4436536180308422,2.1,0,NON_PIT,1.0,0.8873072360616844,COUNTERFACTUAL_NON_PIT,False
home_win,0,ff35410a3ffd60d6f7c4,2024-12-21 15:00:00+00:00,MARKET_ONLY,0.15655853314527504,0.15655853314527504,6.0,0,NON_PIT,1.0,0.31311706629055003,COUNTERFACTUAL_NON_PIT,False
home_win,0,b397ce3078d80d777647,2024-12-21 17:30:00+00:00,MARKET_ONLY,0.15336592261028328,0.15336592261028328,6.25,0,NON_PIT,1.0,0.3067318452205665,COUNTERFACTUAL_NON_PIT,False
home_win,0,3caba1b9376c76ba923d,2024-12-22 14:00:00+00:00,MARKET_ONLY,0.5256916996047432,0.5256916996047432,1.8,0,NON_PIT,1.0,0.9486166007905137,COUNTERFACTUAL_NON_PIT,False
home_win,0,b3266b8da0b85fb9367a,2024-12-22 14:00:00+00:00,MARKET_ONLY,0.3711340206185567,0.3711340206185567,2.55,0,NON_PIT,1.0,0.7422680412371134,COUNTERFACTUAL_NON_PIT,False
home_win,0,c948fa136a4a5210a5e5,2024-12-22 14:00:00+00:00,MARKET_ONLY,0.6658656253129068,0.6658656253129068,1.42,0,NON_PIT,1.0,0.6682687493741863,COUNTERFACTUAL_NON_PIT,False
home_win,0,e2e3ca334383701751d8,2024-12-22 14:00:00+00:00,MARKET_ONLY,0.18950534759358292,0.18950534759358292,5.0,0,NON_PIT,1.0,0.3790106951871659,COUNTERFACTUAL_NON_PIT,False
home_win,0,96b7fda81792657d9b2b,2024-12-22 15:00:00+00:00,MARKET_ONLY,0.4471544715447154,0.4471544715447154,2.1,1,NON_PIT,1.0,0.8943089430894308,COUNTERFACTUAL_NON_PIT,False
home_win,0,4802d4c58253e396632b,2024-12-22 16:30:00+00:00,MARKET_ONLY,0.21158844213423023,0.21158844213423023,4.5,0,NON_PIT,1.0,0.42317688426846045,COUNTERFACTUAL_NON_PIT,False
home_win,0,1aa9e563e44954c32617,2024-12-23 20:00:00+00:00,MARKET_ONLY,0.12462908011869436,0.12462908011869436,7.5,0,NON_PIT,1.0,0.24925816023738867,COUNTERFACTUAL_NON_PIT,False
home_win,0,3bd76e3db01bf4dd4d62,2024-12-26 12:30:00+00:00,MARKET_ONLY,0.7046463956269218,0.7046463956269218,1.33,0,NON_PIT,1.0,0.5907072087461565,COUNTERFACTUAL_NON_PIT,False
home_win,0,22ce4512ae0f893d8036,2024-12-26 13:00:00+00:00,MARKET_ONLY,0.6188679245283019,0.6188679245283019,1.5,1,NON_PIT,1.0,0.7622641509433963,COUNTERFACTUAL_NON_PIT,False
home_win,0,0abf43c678c6bb966c5f,2024-12-26 15:00:00+00:00,MARKET_ONLY,0.5,0.5,1.9,0,NON_PIT,1.0,1.0,COUNTERFACTUAL_NON_PIT,False
home_win,0,0e1964de55499721c16c,2024-12-26 15:00:00+00:00,MARKET_ONLY,0.5220012055455093,0.5220012055455093,1.8,1,NON_PIT,1.0,0.9559975889089813,COUNTERFACTUAL_NON_PIT,False
home_win,0,18faf5854e69fcb07373,2024-12-26 15:00:00+00:00,MARKET_ONLY,0.49702656040180676,0.49702656040180676,1.91,1,NON_PIT,1.0,0.9940531208036135,COUNTERFACTUAL_NON_PIT,False
home_win,0,2ee5e564fcc8068970ab,2024-12-26 15:00:00+00:00,MARKET_ONLY,0.44651162790697674,0.44651162790697674,2.1,1,NON_PIT,1.0,0.8930232558139535,COUNTERFACTUAL_NON_PIT,False
home_win,0,31332262859bce8ad338,2024-12-26 15:00:00+00:00,MARKET_ONLY,0.6417473541995046,0.6417473541995046,1.48,0,NON_PIT,1.0,0.7165052916009909,COUNTERFACTUAL_NON_PIT,False
home_win,0,36f04d03b9eb3a941272,2024-12-26 15:00:00+00:00,MARKET_ONLY,0.41929720071471116,0.41929720071471116,2.25,1,NON_PIT,1.0,0.8385944014294223,COUNTERFACTUAL_NON_PIT,False
home_win,0,3934a1b2250b0a7dfd44,2024-12-26 15:00:00+00:00,MARKET_ONLY,0.48744623754732935,0.48744623754732935,1.91,1,NON_PIT,1.0,0.9748924750946587,COUNTERFACTUAL_NON_PIT,False
home_win,0,44e422d3ec241fff23f6,2024-12-26 15:00:00+00:00,MARKET_ONLY,0.5327102803738317,0.5327102803738317,1.75,1,NON_PIT,1.0,0.9345794392523366,COUNTERFACTUAL_NON_PIT,False
home_win,0,46b77b6bd90160a62b58,2024-12-26 15:00:00+00:00,MARKET_ONLY,0.5072616073735894,0.5072616073735894,1.85,1,NON_PIT,1.0,0.9854767852528212,COUNTERFACTUAL_NON_PIT,False
home_win,0,4b219552d54420a8dce3,2024-12-26 15:00:00+00:00,MARKET_ONLY,0.2936129647283127,0.2936129647283127,3.25,0,NON_PIT,1.0,0.5872259294566254,COUNTERFACTUAL_NON_PIT,False
home_win,0,5295734838a8e940e135,2024-12-26 15:00:00+00:00,MARKET_ONLY,0.5583308845136645,0.5583308845136645,1.67,1,NON_PIT,1.0,0.883338230972671,COUNTERFACTUAL_NON_PIT,False
home_win,0,5e71638381af643a8a41,2024-12-26 15:00:00+00:00,MARKET_ONLY,0.4247787610619469,0.4247787610619469,2.2,1,NON_PIT,1.0,0.8495575221238938,COUNTERFACTUAL_NON_PIT,False
home_win,0,5f70ba1cf7c996d883e7,2024-12-26 15:00:00+00:00,MARKET_ONLY,0.41883568448241604,0.41883568448241604,2.25,1,NON_PIT,1.0,0.8376713689648321,COUNTERFACTUAL_NON_PIT,False
home_win,0,6265621764c5cdab9665,2024-12-26 15:00:00+00:00,MARKET_ONLY,0.5704256252742431,0.5704256252742431,1.65,0,NON_PIT,1.0,0.8591487494515138,COUNTERFACTUAL_NON_PIT,False
home_win,0,6912849fe3755bcd1771,2024-12-26 15:00:00+00:00,MARKET_ONLY,0.3450439146800502,0.3450439146800502,2.7,1,NON_PIT,1.0,0.6900878293601004,COUNTERFACTUAL_NON_PIT,False
home_win,0,6a27f35c00d5eed2ee05,2024-12-26 15:00:00+00:00,MARKET_ONLY,0.5051038366772262,0.5051038366772262,1.85,0,NON_PIT,1.0,0.9897923266455475,COUNTERFACTUAL_NON_PIT,False
home_win,0,6cfd53ff18a079207cb1,2024-12-26 15:00:00+00:00,MARKET_ONLY,0.39215686274509803,0.39215686274509803,2.4,0,NON_PIT,1.0,0.7843137254901961,COUNTERFACTUAL_NON_PIT,False
home_win,0,6e39a525136f1a0b1cb0,2024-12-26 15:00:00+00:00,MARKET_ONLY,0.4146032477254405,0.4146032477254405,2.3,1,NON_PIT,1.0,0.829206495450881,COUNTERFACTUAL_NON_PIT,False
home_win,0,8233b804a0ba4f642b25,2024-12-26 15:00:00+00:00,MARKET_ONLY,0.2222222222222222,0.2222222222222222,4.2,1,NON_PIT,1.0,0.4444444444444444,COUNTERFACTUAL_NON_PIT,False
home_win,0,830091a1468f540a850b,2024-12-26 15:00:00+00:00,MARKET_ONLY,0.4359404280501035,0.4359404280501035,2.15,1,NON_PIT,1.0,0.871880856100207,COUNTERFACTUAL_NON_PIT,False
home_win,0,89246ca21a8f93f4dc07,2024-12-26 15:00:00+00:00,MARKET_ONLY,0.44321329639889195,0.44321329639889195,2.1,0,NON_PIT,1.0,0.8864265927977839,COUNTERFACTUAL_NON_PIT,False
home_win,0,98395fbf89c18517dedd,2024-12-26 15:00:00+00:00,MARKET_ONLY,0.43421052631578944,0.43421052631578944,2.15,1,NON_PIT,1.0,0.8684210526315789,COUNTERFACTUAL_NON_PIT,False
home_win,0,9c6a73c4497c665a930b,2024-12-26 15:00:00+00:00,MARKET_ONLY,0.4776622646810902,0.4776622646810902,1.95,0,NON_PIT,1.0,0.9553245293621804,COUNTERFACTUAL_NON_PIT,False
home_win,0,9ded14064b7fd29d6cce,2024-12-26 15:00:00+00:00,MARKET_ONLY,0.4034582132564842,0.4034582132564842,2.3,0,NON_PIT,1.0,0.8069164265129684,COUNTERFACTUAL_NON_PIT,False
home_win,0,a0aa4415cfdfdbb2cae8,2024-12-26 15:00:00+00:00,MARKET_ONLY,0.5959637003927942,0.5959637003927942,1.57,1,NON_PIT,1.0,0.8080725992144115,COUNTERFACTUAL_NON_PIT,False
home_win,0,ab7b8efaa7227aed8a00,2024-12-26 15:00:00+00:00,MARKET_ONLY,0.578368999421631,0.578368999421631,1.62,0,NON_PIT,1.0,0.843262001156738,COUNTERFACTUAL_NON_PIT,False
home_win,0,c07f342f63e84989808e,2024-12-26 15:00:00+00:00,MARKET_ONLY,0.33539731682146534,0.33539731682146534,2.8,0,NON_PIT,1.0,0.6707946336429307,COUNTERFACTUAL_NON_PIT,False
home_win,0,c0a88b5ad6fcb105aa00,2024-12-26 15:00:00+00:00,MARKET_ONLY,0.5220012055455093,0.5220012055455093,1.8,1,NON_PIT,1.0,0.9559975889089813,COUNTERFACTUAL_NON_PIT,False
home_win,0,c30bd39d13ef65b10e16,2024-12-26 15:00:00+00:00,MARKET_ONLY,0.44365361803084225,0.44365361803084225,2.1,1,NON_PIT,1.0,0.8873072360616845,COUNTERFACTUAL_NON_PIT,False
home_win,0,c85bc42fb1027ff2d168,2024-12-26 15:00:00+00:00,MARKET_ONLY,0.308466051969824,0.308466051969824,3.0,0,NON_PIT,1.0,0.616932103939648,COUNTERFACTUAL_NON_PIT,False
home_win,0,cf14d16f796330f1d5fd,2024-12-26 15:00:00+00:00,MARKET_ONLY,0.7729729729729731,0.7729729729729731,1.2,1,NON_PIT,1.0,0.45405405405405386,COUNTERFACTUAL_NON_PIT,False
home_win,0,d272ad2f567169850277,2024-12-26 15:00:00+00:00,MARKET_ONLY,0.37231960694508065,0.37231960694508065,2.5,1,NON_PIT,1.0,0.7446392138901613,COUNTERFACTUAL_NON_PIT,False
home_win,0,dad313a8f57c50ce9d21,2024-12-26 15:00:00+00:00,MARKET_ONLY,0.4374145674672916,0.4374145674672916,2.15,1,NON_PIT,1.0,0.8748291349345833,COUNTERFACTUAL_NON_PIT,False
home_win,0,dad55e83b5eafa0fa678,2024-12-26 15:00:00+00:00,MARKET_ONLY,0.7099057574385776,0.7099057574385776,1.33,1,NON_PIT,1.0,0.5801884851228447,COUNTERFACTUAL_NON_PIT,False
home_win,0,e7b80246145f44442b61,2024-12-26 15:00:00+00:00,MARKET_ONLY,0.6100322159112963,0.6100322159112963,1.53,1,NON_PIT,1.0,0.7799355681774074,COUNTERFACTUAL_NON_PIT,False
home_win,0,f16ecb7127d52456df4b,2024-12-26 15:00:00+00:00,MARKET_ONLY,0.4254313401087213,0.4254313401087213,2.2,0,NON_PIT,1.0,0.8508626802174426,COUNTERFACTUAL_NON_PIT,False
home_win,0,fcdfa192572b517593f1,2024-12-26 15:00:00+00:00,MARKET_ONLY,0.327653997378768,0.327653997378768,2.88,1,NON_PIT,1.0,0.655307994757536,COUNTERFACTUAL_NON_PIT,False
home_win,0,03cbd55057ee10bc3bb4,2024-12-26 17:30:00+00:00,MARKET_ONLY,0.3516483516483516,0.3516483516483516,2.7,1,NON_PIT,1.0,0.7032967032967032,COUNTERFACTUAL_NON_PIT,False
home_win,0,4c87b79a1bbd3cb7a0d3,2024-12-26 17:30:00+00:00,MARKET_ONLY,0.24414426863815383,0.24414426863815383,3.9,1,NON_PIT,1.0,0.4882885372763077,COUNTERFACTUAL_NON_PIT,False
home_win,0,2613da9d862b9dbf0bad,2024-12-26 20:00:00+00:00,MARKET_ONLY,0.8795411089866157,0.8795411089866157,1.08,1,NON_PIT,1.0,0.2409177820267685,COUNTERFACTUAL_NON_PIT,False
home_win,0,f2d7a8a64c539fd58467,2024-12-26 20:00:00+00:00,MARKET_ONLY,0.15026833631484793,0.15026833631484793,6.25,0,NON_PIT,1.0,0.30053667262969586,COUNTERFACTUAL_NON_PIT,False
home_win,0,b3b761d9c751fb93bca0,2024-12-27 19:30:00+00:00,MARKET_ONLY,0.5830269494941478,0.5830269494941478,1.62,0,NON_PIT,1.0,0.8339461010117044,COUNTERFACTUAL_NON_PIT,False
home_win,0,2d9ca4759d5a3439da3d,2024-12-27 20:15:00+00:00,MARKET_ONLY,0.8314855875831485,0.8314855875831485,1.14,1,NON_PIT,1.0,0.337028824833703,COUNTERFACTUAL_NON_PIT,False
home_win,0,15578ea0ef051c7ee445,2024-12-29 12:30:00+00:00,MARKET_ONLY,0.3794850147741663,0.3794850147741663,2.45,1,NON_PIT,1.0,0.7589700295483326,COUNTERFACTUAL_NON_PIT,False
home_win,0,27a4d53d708aaa21513a,2024-12-29 12:30:00+00:00,MARKET_ONLY,0.4290091930541369,0.4290091930541369,2.15,1,NON_PIT,1.0,0.8580183861082737,COUNTERFACTUAL_NON_PIT,False
home_win,0,2b3bc44e364d8671002a,2024-12-29 12:30:00+00:00,MARKET_ONLY,0.4896055954925198,0.4896055954925198,1.85,0,NON_PIT,1.0,0.9792111909850396,COUNTERFACTUAL_NON_PIT,False
home_win,0,323cf8fa2eb8e0493eed,2024-12-29 12:30:00+00:00,MARKET_ONLY,0.5327281493673832,0.5327281493673832,1.75,0,NON_PIT,1.0,0.9345437012652336,COUNTERFACTUAL_NON_PIT,False
home_win,0,380e84b44eef374bf2c2,2024-12-29 12:30:00+00:00,MARKET_ONLY,0.3371104815864023,0.3371104815864023,2.8,1,NON_PIT,1.0,0.6742209631728046,COUNTERFACTUAL_NON_PIT,False
home_win,0,524c2476bb0784ca469c,2024-12-29 12:30:00+00:00,MARKET_ONLY,0.48223896663078586,0.48223896663078586,1.95,0,NON_PIT,1.0,0.9644779332615717,COUNTERFACTUAL_NON_PIT,False
home_win,0,b263fe49817601d4821d,2024-12-29 12:30:00+00:00,MARKET_ONLY,0.3359683794466403,0.3359683794466403,2.8,0,NON_PIT,1.0,0.6719367588932806,COUNTERFACTUAL_NON_PIT,False
home_win,0,42f5461c66056eae7b04,2024-12-29 14:30:00+00:00,MARKET_ONLY,0.12693025623621246,0.12693025623621246,7.5,0,NON_PIT,1.0,0.2538605124724249,COUNTERFACTUAL_NON_PIT,False
home_win,0,01665baaa875a24c3ec3,2024-12-29 15:00:00+00:00,MARKET_ONLY,0.5565101929235337,0.5565101929235337,1.67,1,NON_PIT,1.0,0.8869796141529327,COUNTERFACTUAL_NON_PIT,False
home_win,0,0777e9d9c7b8c737873b,2024-12-29 15:00:00+00:00,MARKET_ONLY,0.375767498976668,0.375767498976668,2.5,1,NON_PIT,1.0,0.751534997953336,COUNTERFACTUAL_NON_PIT,False
home_win,0,09cf18a01f16b10c6387,2024-12-29 15:00:00+00:00,MARKET_ONLY,0.31279620853080564,0.31279620853080564,3.0,1,NON_PIT,1.0,0.6255924170616113,COUNTERFACTUAL_NON_PIT,False
home_win,0,1302df00c7515f530067,2024-12-29 15:00:00+00:00,MARKET_ONLY,0.6585824796153043,0.6585824796153043,1.42,0,NON_PIT,1.0,0.6828350407693915,COUNTERFACTUAL_NON_PIT,False
home_win,0,2910afefc8700dfaff7f,2024-12-29 15:00:00+00:00,MARKET_ONLY,0.5879059350503919,0.5879059350503919,1.6,0,NON_PIT,1.0,0.8241881298992162,COUNTERFACTUAL_NON_PIT,False
home_win,0,2a8e71ed17864785cecc,2024-12-29 15:00:00+00:00,MARKET_ONLY,0.6117647058823529,0.6117647058823529,1.5,0,NON_PIT,1.0,0.7764705882352942,COUNTERFACTUAL_NON_PIT,False
home_win,0,3658ce6285308438a3f5,2024-12-29 15:00:00+00:00,MARKET_ONLY,0.41568296795952775,0.41568296795952775,2.2,1,NON_PIT,1.0,0.8313659359190555,COUNTERFACTUAL_NON_PIT,False
home_win,0,3f6780ae0f02ac4be853,2024-12-29 15:00:00+00:00,MARKET_ONLY,0.5185185185185186,0.5185185185185186,1.8,1,NON_PIT,1.0,0.9629629629629628,COUNTERFACTUAL_NON_PIT,False
home_win,0,52569e1786b4f9bc6755,2024-12-29 15:00:00+00:00,MARKET_ONLY,0.4473684210526316,0.4473684210526316,2.1,1,NON_PIT,1.0,0.8947368421052632,COUNTERFACTUAL_NON_PIT,False
home_win,0,5b466ce002e1940d76bd,2024-12-29 15:00:00+00:00,MARKET_ONLY,0.7238095238095239,0.7238095238095239,1.25,1,NON_PIT,1.0,0.5523809523809522,COUNTERFACTUAL_NON_PIT,False
home_win,0,5d6079ac7db416ebd0a9,2024-12-29 15:00:00+00:00,MARKET_ONLY,0.4592445328031809,0.4592445328031809,2.0,0,NON_PIT,1.0,0.9184890656063618,COUNTERFACTUAL_NON_PIT,False
home_win,0,62acec9081bd573baeb8,2024-12-29 15:00:00+00:00,MARKET_ONLY,0.5257095980311731,0.5257095980311731,1.8,0,NON_PIT,1.0,0.9485808039376538,COUNTERFACTUAL_NON_PIT,False
home_win,0,62bedc8ce22a67957dfd,2024-12-29 15:00:00+00:00,MARKET_ONLY,0.5078597339782346,0.5078597339782346,1.85,1,NON_PIT,1.0,0.9842805320435308,COUNTERFACTUAL_NON_PIT,False
home_win,0,789aa247abf9c5f3d5df,2024-12-29 15:00:00+00:00,MARKET_ONLY,0.42767047694126925,0.42767047694126925,2.2,1,NON_PIT,1.0,0.8553409538825385,COUNTERFACTUAL_NON_PIT,False
home_win,0,85a9a21abd4ed145bd47,2024-12-29 15:00:00+00:00,MARKET_ONLY,0.5738880918220947,0.5738880918220947,1.65,1,NON_PIT,1.0,0.8522238163558107,COUNTERFACTUAL_NON_PIT,False
home_win,0,8883e89405295c5ff18a,2024-12-29 15:00:00+00:00,MARKET_ONLY,0.3682310469314079,0.3682310469314079,2.5,0,NON_PIT,1.0,0.7364620938628158,COUNTERFACTUAL_NON_PIT,False
home_win,0,9bf834b446b26f456055,2024-12-29 15:00:00+00:00,MARKET_ONLY,0.4822695035460994,0.4822695035460994,1.95,0,NON_PIT,1.0,0.9645390070921988,COUNTERFACTUAL_NON_PIT,False
home_win,0,a9b1a80053890c03c67d,2024-12-29 15:00:00+00:00,MARKET_ONLY,0.5533287619997507,0.5533287619997507,1.7,0,NON_PIT,1.0,0.8933424760004987,COUNTERFACTUAL_NON_PIT,False
home_win,0,b44d9fb20283870d111d,2024-12-29 15:00:00+00:00,MARKET_ONLY,0.536416983085951,0.536416983085951,1.7,1,NON_PIT,1.0,0.927166033828098,COUNTERFACTUAL_NON_PIT,False
home_win,0,c9511ef558f43249ae17,2024-12-29 15:00:00+00:00,MARKET_ONLY,0.6346967559943583,0.6346967559943583,1.48,0,NON_PIT,1.0,0.7306064880112835,COUNTERFACTUAL_NON_PIT,False
home_win,0,cbe5feee0587491ed645,2024-12-29 15:00:00+00:00,MARKET_ONLY,0.41025641025641024,0.41025641025641024,2.3,0,NON_PIT,1.0,0.8205128205128205,COUNTERFACTUAL_NON_PIT,False
home_win,0,d09038116b247c3426d0,2024-12-29 15:00:00+00:00,MARKET_ONLY,0.32315978456014366,0.32315978456014366,2.9,0,NON_PIT,1.0,0.6463195691202873,COUNTERFACTUAL_NON_PIT,False
home_win,0,d46fdb6a7e18826de644,2024-12-29 15:00:00+00:00,MARKET_ONLY,0.3127962085308057,0.3127962085308057,2.9,0,NON_PIT,1.0,0.6255924170616114,COUNTERFACTUAL_NON_PIT,False
home_win,0,d4fe980e7171c5f72513,2024-12-29 15:00:00+00:00,MARKET_ONLY,0.3648208469055374,0.3648208469055374,2.6,0,NON_PIT,1.0,0.7296416938110748,COUNTERFACTUAL_NON_PIT,False
home_win,0,d5fe350cc19bad2bf5c1,2024-12-29 15:00:00+00:00,MARKET_ONLY,0.5389221556886228,0.5389221556886228,1.75,1,NON_PIT,1.0,0.9221556886227544,COUNTERFACTUAL_NON_PIT,False
home_win,0,ddfb419bf4b365acf2e8,2024-12-29 15:00:00+00:00,MARKET_ONLY,0.4701492537313433,0.4701492537313433,2.0,0,NON_PIT,1.0,0.9402985074626866,COUNTERFACTUAL_NON_PIT,False
home_win,0,e245be2836fcef45b3fa,2024-12-29 15:00:00+00:00,MARKET_ONLY,0.31232642597735527,0.31232642597735527,2.9,1,NON_PIT,1.0,0.6246528519547105,COUNTERFACTUAL_NON_PIT,False
home_win,0,e62f7892da26369077f5,2024-12-29 15:00:00+00:00,MARKET_ONLY,0.4569015166058744,0.4569015166058744,2.05,0,NON_PIT,1.0,0.9138030332117488,COUNTERFACTUAL_NON_PIT,False
home_win,0,e97d6c9e3f0c4391f5e7,2024-12-29 15:00:00+00:00,MARKET_ONLY,0.3457003785830179,0.3457003785830179,2.63,0,NON_PIT,1.0,0.6914007571660358,COUNTERFACTUAL_NON_PIT,False
home_win,0,eaaa9c5c3a6576b9a9ad,2024-12-29 15:00:00+00:00,MARKET_ONLY,0.5924105170128148,0.5924105170128148,1.57,1,NON_PIT,1.0,0.8151789659743705,COUNTERFACTUAL_NON_PIT,False
home_win,0,3b4c0a6df49b429a6057,2024-12-29 17:15:00+00:00,MARKET_ONLY,0.13513513513513511,0.13513513513513511,7.0,0,NON_PIT,1.0,0.2702702702702702,COUNTERFACTUAL_NON_PIT,False
home_win,0,2e2e92dda175ca4c08c0,2024-12-29 17:45:00+00:00,MARKET_ONLY,0.18812989921612544,0.18812989921612544,5.0,0,NON_PIT,1.0,0.3762597984322509,COUNTERFACTUAL_NON_PIT,False
home_win,0,3f92964234897d6d7753,2024-12-29 20:00:00+00:00,MARKET_ONLY,0.41354540790148797,0.41354540790148797,2.25,0,NON_PIT,1.0,0.8270908158029759,COUNTERFACTUAL_NON_PIT,False
home_win,0,1a5f263987488196294f,2024-12-30 19:45:00+00:00,MARKET_ONLY,0.49315068493150677,0.49315068493150677,1.9,0,NON_PIT,1.0,0.9863013698630135,COUNTERFACTUAL_NON_PIT,False
home_win,0,e73c16437a798054e7a6,2024-12-30 19:45:00+00:00,MARKET_ONLY,0.1439701173959445,0.1439701173959445,6.5,1,NON_PIT,1.0,0.287940234791889,COUNTERFACTUAL_NON_PIT,False
home_win,0,316324b4684d2a1a5008,2024-12-30 20:00:00+00:00,MARKET_ONLY,0.34914425427872864,0.34914425427872864,2.75,0,NON_PIT,1.0,0.6982885085574573,COUNTERFACTUAL_NON_PIT,False
home_win,0,cb6804cb21efb9eadf43,2024-12-30 20:00:00+00:00,MARKET_ONLY,0.5284126651289578,0.5284126651289578,1.73,1,NON_PIT,1.0,0.9431746697420844,COUNTERFACTUAL_NON_PIT,False
home_win,0,a6e9018fe75429fb14e1,2025-01-01 12:30:00+00:00,MARKET_ONLY,0.23515805705474174,0.23515805705474174,4.0,0,NON_PIT,1.0,0.4703161141094835,COUNTERFACTUAL_NON_PIT,False
home_win,0,f9dcb93b3a4cd585ea73,2025-01-01 12:30:00+00:00,MARKET_ONLY,0.3711340206185567,0.3711340206185567,2.55,1,NON_PIT,1.0,0.7422680412371134,COUNTERFACTUAL_NON_PIT,False
home_win,0,6142b0f5f93e4fde1658,2025-01-01 13:00:00+00:00,MARKET_ONLY,0.562008242787561,0.562008242787561,1.67,0,NON_PIT,1.0,0.875983514424878,COUNTERFACTUAL_NON_PIT,False
home_win,0,0c3861ce261e2ef8a256,2025-01-01 15:00:00+00:00,MARKET_ONLY,0.3251999676819907,0.3251999676819907,2.88,0,NON_PIT,1.0,0.6503999353639814,COUNTERFACTUAL_NON_PIT,False
home_win,0,16e58902c10d12587c81,2025-01-01 15:00:00+00:00,MARKET_ONLY,0.4915346805024577,0.4915346805024577,1.9,1,NON_PIT,1.0,0.9830693610049154,COUNTERFACTUAL_NON_PIT,False
home_win,0,183314cadeca4a01a15d,2025-01-01 15:00:00+00:00,MARKET_ONLY,0.26459143968871596,0.26459143968871596,3.5,0,NON_PIT,1.0,0.5291828793774319,COUNTERFACTUAL_NON_PIT,False
home_win,0,36892b4f27cb241e63da,2025-01-01 15:00:00+00:00,MARKET_ONLY,0.2823250296559905,0.2823250296559905,3.3,0,NON_PIT,1.0,0.564650059311981,COUNTERFACTUAL_NON_PIT,False
home_win,0,3a271a1529b909c2a192,2025-01-01 15:00:00+00:00,MARKET_ONLY,0.6880733944954128,0.6880733944954128,1.36,0,NON_PIT,1.0,0.6238532110091743,COUNTERFACTUAL_NON_PIT,False
home_win,0,4575cbe837f41753942b,2025-01-01 15:00:00+00:00,MARKET_ONLY,0.37110187110187104,0.37110187110187104,2.5,0,NON_PIT,1.0,0.7422037422037421,COUNTERFACTUAL_NON_PIT,False
home_win,0,4d819cce4820a1f442d6,2025-01-01 15:00:00+00:00,MARKET_ONLY,0.47291361639824303,0.47291361639824303,2.0,1,NON_PIT,1.0,0.9458272327964861,COUNTERFACTUAL_NON_PIT,False
home_win,0,534bd5f1e90da4df4391,2025-01-01 15:00:00+00:00,MARKET_ONLY,0.39643744821872406,0.39643744821872406,2.35,1,NON_PIT,1.0,0.7928748964374481,COUNTERFACTUAL_NON_PIT,False
home_win,0,55da9edc3b3dd7d1748e,2025-01-01 15:00:00+00:00,MARKET_ONLY,0.3316728933167289,0.3316728933167289,2.8,1,NON_PIT,1.0,0.6633457866334578,COUNTERFACTUAL_NON_PIT,False
home_win,0,59c356212b285742017a,2025-01-01 15:00:00+00:00,MARKET_ONLY,0.3450439146800502,0.3450439146800502,2.7,0,NON_PIT,1.0,0.6900878293601004,COUNTERFACTUAL_NON_PIT,False
home_win,0,5d7eed39588062d8bd08,2025-01-01 15:00:00+00:00,MARKET_ONLY,0.36649214659685864,0.36649214659685864,2.55,0,NON_PIT,1.0,0.7329842931937173,COUNTERFACTUAL_NON_PIT,False
home_win,0,5eb20b59e5b54deaf106,2025-01-01 15:00:00+00:00,MARKET_ONLY,0.4243156199677939,0.4243156199677939,2.2,0,NON_PIT,1.0,0.8486312399355878,COUNTERFACTUAL_NON_PIT,False
home_win,0,5f873d9312f5365e5cee,2025-01-01 15:00:00+00:00,MARKET_ONLY,0.32710280373831774,0.32710280373831774,2.88,1,NON_PIT,1.0,0.6542056074766355,COUNTERFACTUAL_NON_PIT,False
home_win,0,6bafbff40a3cc5d3bba0,2025-01-01 15:00:00+00:00,MARKET_ONLY,0.37231960694508065,0.37231960694508065,2.5,1,NON_PIT,1.0,0.7446392138901613,COUNTERFACTUAL_NON_PIT,False
home_win,0,7246c9b32ddce3c66223,2025-01-01 15:00:00+00:00,MARKET_ONLY,0.3539159761835367,0.3539159761835367,2.63,0,NON_PIT,1.0,0.7078319523670734,COUNTERFACTUAL_NON_PIT,False
home_win,0,7d623e120394f11d7732,2025-01-01 15:00:00+00:00,MARKET_ONLY,0.2327257312420517,0.2327257312420517,4.0,0,NON_PIT,1.0,0.4654514624841034,COUNTERFACTUAL_NON_PIT,False
home_win,0,86f095a58f9f1b52a4f5,2025-01-01 15:00:00+00:00,MARKET_ONLY,0.2653981953707336,0.2653981953707336,3.5,0,NON_PIT,1.0,0.5307963907414672,COUNTERFACTUAL_NON_PIT,False
home_win,0,89a3bb053a8a5085c727,2025-01-01 15:00:00+00:00,MARKET_ONLY,0.4040270671728008,0.4040270671728008,2.3,1,NON_PIT,1.0,0.8080541343456016,COUNTERFACTUAL_NON_PIT,False
home_win,0,94745d90a68104d4815c,2025-01-01 15:00:00+00:00,MARKET_ONLY,0.47646057855927393,0.47646057855927393,1.95,0,NON_PIT,1.0,0.9529211571185479,COUNTERFACTUAL_NON_PIT,False
home_win,0,add2bae75aee9d2202d7,2025-01-01 15:00:00+00:00,MARKET_ONLY,0.5995320050399457,0.5995320050399457,1.55,0,NON_PIT,1.0,0.8009359899201085,COUNTERFACTUAL_NON_PIT,False
home_win,0,b0219bde307b709a3532,2025-01-01 15:00:00+00:00,MARKET_ONLY,0.375767498976668,0.375767498976668,2.5,0,NON_PIT,1.0,0.751534997953336,COUNTERFACTUAL_NON_PIT,False
home_win,0,c038f6753ccdfd4d13ae,2025-01-01 15:00:00+00:00,MARKET_ONLY,0.6104945747546898,0.6104945747546898,1.53,0,NON_PIT,1.0,0.7790108504906204,COUNTERFACTUAL_NON_PIT,False
home_win,0,c1a63ba7989453a7e4fb,2025-01-01 15:00:00+00:00,MARKET_ONLY,0.5140093406910212,0.5140093406910212,1.83,1,NON_PIT,1.0,0.9719813186179576,COUNTERFACTUAL_NON_PIT,False
home_win,0,c48fba99835e925fce5c,2025-01-01 15:00:00+00:00,MARKET_ONLY,0.5924839182936463,0.5924839182936463,1.57,1,NON_PIT,1.0,0.8150321634127073,COUNTERFACTUAL_NON_PIT,False
home_win,0,c610c2524298a7af1209,2025-01-01 15:00:00+00:00,MARKET_ONLY,0.5157232704402516,0.5157232704402516,1.8,0,NON_PIT,1.0,0.9685534591194969,COUNTERFACTUAL_NON_PIT,False
home_win,0,d9f30e087fddd9a53365,2025-01-01 15:00:00+00:00,MARKET_ONLY,0.5380694230924833,0.5380694230924833,1.73,1,NON_PIT,1.0,0.9238611538150334,COUNTERFACTUAL_NON_PIT,False
home_win,0,f031ec3cb7e63561cdb6,2025-01-01 15:00:00+00:00,MARKET_ONLY,0.3869346733668342,0.3869346733668342,2.4,1,NON_PIT,1.0,0.7738693467336684,COUNTERFACTUAL_NON_PIT,False
home_win,0,704641ff0a4c51c0d514,2025-01-01 17:30:00+00:00,MARKET_ONLY,0.14530005310674457,0.14530005310674457,6.5,0,NON_PIT,1.0,0.2906001062134891,COUNTERFACTUAL_NON_PIT,False
home_win,0,c0f3ac0c7a3c569f521a,2025-01-01 17:30:00+00:00,MARKET_ONLY,0.28767123287671237,0.28767123287671237,3.25,0,NON_PIT,1.0,0.5753424657534247,COUNTERFACTUAL_NON_PIT,False
home_win,0,f3500334b0ff049d89ca,2025-01-01 20:00:00+00:00,MARKET_ONLY,0.4093097913322633,0.4093097913322633,2.3,1,NON_PIT,1.0,0.8186195826645266,COUNTERFACTUAL_NON_PIT,False
home_win,0,29b2bb20f7c9cfa02a4a,2025-01-02 19:45:00+00:00,MARKET_ONLY,0.4233870967741936,0.4233870967741936,2.2,0,NON_PIT,1.0,0.8467741935483872,COUNTERFACTUAL_NON_PIT,False
home_win,0,79b0d34e6d845eb823e1,2025-01-02 19:45:00+00:00,MARKET_ONLY,0.19532780708364733,0.19532780708364733,4.75,0,NON_PIT,1.0,0.39065561416729466,COUNTERFACTUAL_NON_PIT,False
home_win,0,38635df1181e1d1b5ea0,2025-01-04 12:30:00+00:00,MARKET_ONLY,0.36802973977695175,0.36802973977695175,2.55,0,NON_PIT,1.0,0.7360594795539035,COUNTERFACTUAL_NON_PIT,False
home_win,0,632b89474b4a66bf8481,2025-01-04 12:30:00+00:00,MARKET_ONLY,0.32917532917532916,0.32917532917532916,2.88,0,NON_PIT,1.0,0.6583506583506583,COUNTERFACTUAL_NON_PIT,False
home_win,0,6e1cd0026c734c843167,2025-01-04 12:30:00+00:00,MARKET_ONLY,0.4323289327824247,0.4323289327824247,2.15,0,NON_PIT,1.0,0.8646578655648494,COUNTERFACTUAL_NON_PIT,False
home_win,0,9b146e2ae8183279d2b7,2025-01-04 12:30:00+00:00,MARKET_ONLY,0.451165096678235,0.451165096678235,2.05,0,NON_PIT,1.0,0.90233019335647,COUNTERFACTUAL_NON_PIT,False
home_win,0,b51d9591993fa583d6f1,2025-01-04 12:30:00+00:00,MARKET_ONLY,0.2944881889763779,0.2944881889763779,3.2,0,NON_PIT,1.0,0.5889763779527558,COUNTERFACTUAL_NON_PIT,False
home_win,0,cbd0cc985dc13ef7f403,2025-01-04 12:30:00+00:00,MARKET_ONLY,0.5674967234600262,0.5674967234600262,1.65,0,NON_PIT,1.0,0.8650065530799476,COUNTERFACTUAL_NON_PIT,False
home_win,0,f8b905a78f3076e351fa,2025-01-04 12:30:00+00:00,MARKET_ONLY,0.5557666730001901,0.5557666730001901,1.67,1,NON_PIT,1.0,0.8884666539996198,COUNTERFACTUAL_NON_PIT,False
home_win,0,8ce3916abae009a1013f,2025-01-04 13:00:00+00:00,MARKET_ONLY,0.5072616073735894,0.5072616073735894,1.85,1,NON_PIT,1.0,0.9854767852528212,COUNTERFACTUAL_NON_PIT,False
home_win,0,099473df946e5c1c4423,2025-01-04 15:00:00+00:00,MARKET_ONLY,0.39016393442622954,0.39016393442622954,2.4,1,NON_PIT,1.0,0.7803278688524591,COUNTERFACTUAL_NON_PIT,False
home_win,0,0d0eea47147ac76c7734,2025-01-04 15:00:00+00:00,MARKET_ONLY,0.6104945747546898,0.6104945747546898,1.53,1,NON_PIT,1.0,0.7790108504906204,COUNTERFACTUAL_NON_PIT,False
home_win,0,1d094883541014915dc7,2025-01-04 15:00:00+00:00,MARKET_ONLY,0.7151598592626587,0.7151598592626587,1.33,1,NON_PIT,1.0,0.5696802814746826,COUNTERFACTUAL_NON_PIT,False
home_win,0,38fef076bf1bdfd347d6,2025-01-04 15:00:00+00:00,MARKET_ONLY,0.5477819635580841,0.5477819635580841,1.73,1,NON_PIT,1.0,0.9044360728838319,COUNTERFACTUAL_NON_PIT,False
home_win,0,409ce76ac942bdf86dce,2025-01-04 15:00:00+00:00,MARKET_ONLY,0.19564323879983558,0.19564323879983558,4.75,0,NON_PIT,1.0,0.39128647759967117,COUNTERFACTUAL_NON_PIT,False
home_win,0,554a3fbfa0e3188166a9,2025-01-04 15:00:00+00:00,MARKET_ONLY,0.5399533013361008,0.5399533013361008,1.73,0,NON_PIT,1.0,0.9200933973277985,COUNTERFACTUAL_NON_PIT,False
home_win,0,5d7d353cfcbbdd8f051c,2025-01-04 15:00:00+00:00,MARKET_ONLY,0.47646057855927393,0.47646057855927393,1.95,0,NON_PIT,1.0,0.9529211571185479,COUNTERFACTUAL_NON_PIT,False
home_win,0,5f44d243dfd631be485f,2025-01-04 15:00:00+00:00,MARKET_ONLY,0.41883568448241604,0.41883568448241604,2.25,0,NON_PIT,1.0,0.8376713689648321,COUNTERFACTUAL_NON_PIT,False
home_win,0,62aad877484030e55e9c,2025-01-04 15:00:00+00:00,MARKET_ONLY,0.4930629669156883,0.4930629669156883,1.9,1,NON_PIT,1.0,0.9861259338313766,COUNTERFACTUAL_NON_PIT,False
home_win,0,6a8b1ecca2042ca27de7,2025-01-04 15:00:00+00:00,MARKET_ONLY,0.6088400411164703,0.6088400411164703,1.53,1,NON_PIT,1.0,0.7823199177670594,COUNTERFACTUAL_NON_PIT,False
home_win,0,6f5c7fb6dc7faf20a590,2025-01-04 15:00:00+00:00,MARKET_ONLY,0.5310316481709823,0.5310316481709823,1.75,0,NON_PIT,1.0,0.9379367036580355,COUNTERFACTUAL_NON_PIT,False
home_win,0,795afe126d9ca4e670a9,2025-01-04 15:00:00+00:00,MARKET_ONLY,0.5087751040347386,0.5087751040347386,1.81,0,NON_PIT,1.0,0.9824497919305228,COUNTERFACTUAL_NON_PIT,False
home_win,0,79ab5d1dc4e8a43536cc,2025-01-04 15:00:00+00:00,MARKET_ONLY,0.4473684210526316,0.4473684210526316,2.1,0,NON_PIT,1.0,0.8947368421052632,COUNTERFACTUAL_NON_PIT,False
home_win,0,7ddb66e09f53febe0583,2025-01-04 15:00:00+00:00,MARKET_ONLY,0.4862936537739392,0.4862936537739392,1.9,0,NON_PIT,1.0,0.9725873075478784,COUNTERFACTUAL_NON_PIT,False
home_win,0,87832d10aa410db5f3e2,2025-01-04 15:00:00+00:00,MARKET_ONLY,0.5072616073735894,0.5072616073735894,1.85,0,NON_PIT,1.0,0.9854767852528212,COUNTERFACTUAL_NON_PIT,False
home_win,0,8797871b303b5c620a76,2025-01-04 15:00:00+00:00,MARKET_ONLY,0.5680921571721634,0.5680921571721634,1.61,1,NON_PIT,1.0,0.8638156856556731,COUNTERFACTUAL_NON_PIT,False
home_win,0,8e196d7484bb4ee1c799,2025-01-04 15:00:00+00:00,MARKET_ONLY,0.44173495902458526,0.44173495902458526,2.1,1,NON_PIT,1.0,0.8834699180491705,COUNTERFACTUAL_NON_PIT,False
home_win,0,9037a3e7290b358b99c6,2025-01-04 15:00:00+00:00,MARKET_ONLY,0.5726034665723382,0.5726034665723382,1.62,0,NON_PIT,1.0,0.8547930668553236,COUNTERFACTUAL_NON_PIT,False
home_win,0,94ea687fd6cca9704e50,2025-01-04 15:00:00+00:00,MARKET_ONLY,0.5977796754910334,0.5977796754910334,1.57,0,NON_PIT,1.0,0.8044406490179332,COUNTERFACTUAL_NON_PIT,False
home_win,0,97f7fef11af5b575858b,2025-01-04 15:00:00+00:00,MARKET_ONLY,0.17070932214501117,0.17070932214501117,5.5,0,NON_PIT,1.0,0.34141864429002233,COUNTERFACTUAL_NON_PIT,False
home_win,0,ac6e69d972bee10d60fc,2025-01-04 15:00:00+00:00,MARKET_ONLY,0.3411167512690355,0.3411167512690355,2.75,0,NON_PIT,1.0,0.682233502538071,COUNTERFACTUAL_NON_PIT,False
home_win,0,cc27ca6cac231758362d,2025-01-04 15:00:00+00:00,MARKET_ONLY,0.5011684342980406,0.5011684342980406,1.85,0,NON_PIT,1.0,0.9976631314039188,COUNTERFACTUAL_NON_PIT,False
home_win,0,cd1faffda196dc1a3e14,2025-01-04 15:00:00+00:00,MARKET_ONLY,0.24982124483353968,0.24982124483353968,3.8,0,NON_PIT,1.0,0.49964248966707936,COUNTERFACTUAL_NON_PIT,False
home_win,0,dcc1c6e1be926a5706f5,2025-01-04 15:00:00+00:00,MARKET_ONLY,0.30275767651085467,0.30275767651085467,3.1,0,NON_PIT,1.0,0.6055153530217093,COUNTERFACTUAL_NON_PIT,False
home_win,0,ee95f19b59b3150cd96e,2025-01-04 15:00:00+00:00,MARKET_ONLY,0.31924882629107976,0.31924882629107976,3.0,0,NON_PIT,1.0,0.6384976525821595,COUNTERFACTUAL_NON_PIT,False
home_win,0,f409aef6042e0839453f,2025-01-04 15:00:00+00:00,MARKET_ONLY,0.46842309182487407,0.46842309182487407,1.96,0,NON_PIT,1.0,0.9368461836497481,COUNTERFACTUAL_NON_PIT,False
home_win,0,fd70fa5ff7d2314c4847,2025-01-04 15:00:00+00:00,MARKET_ONLY,0.7239382239382238,0.7239382239382238,1.3,1,NON_PIT,1.0,0.5521235521235524,COUNTERFACTUAL_NON_PIT,False
home_win,0,017bde626c3b174e3c43,2025-01-04 17:30:00+00:00,MARKET_ONLY,0.21928755908581452,0.21928755908581452,4.33,0,NON_PIT,1.0,0.4385751181716291,COUNTERFACTUAL_NON_PIT,False
home_win,0,eb27af0acfd4629c154c,2025-01-05 14:00:00+00:00,MARKET_ONLY,0.6102722850464338,0.6102722850464338,1.55,0,NON_PIT,1.0,0.7794554299071323,COUNTERFACTUAL_NON_PIT,False
home_win,0,b321a5605c58f7b29521,2025-01-05 15:00:00+00:00,MARKET_ONLY,0.4247787610619469,0.4247787610619469,2.2,1,NON_PIT,1.0,0.8495575221238938,COUNTERFACTUAL_NON_PIT,False
home_win,0,dbf5f5e36ec443874e70,2025-01-05 15:00:00+00:00,MARKET_ONLY,0.6346967559943583,0.6346967559943583,1.48,1,NON_PIT,1.0,0.7306064880112835,COUNTERFACTUAL_NON_PIT,False
home_win,0,6561136d550dbe976a8b,2025-01-05 16:30:00+00:00,MARKET_ONLY,0.7311812232661865,0.7311812232661865,1.29,0,NON_PIT,1.0,0.537637553467627,COUNTERFACTUAL_NON_PIT,False
home_win,0,068e1c5c99c263fc54c0,2025-01-06 20:00:00+00:00,MARKET_ONLY,0.3897043622079801,0.3897043622079801,2.4,1,NON_PIT,1.0,0.7794087244159602,COUNTERFACTUAL_NON_PIT,False
home_win,0,111d389fd03ea75cab0a,2025-01-06 20:00:00+00:00,MARKET_ONLY,0.28851430811446493,0.28851430811446493,3.3,0,NON_PIT,1.0,0.5770286162289299,COUNTERFACTUAL_NON_PIT,False
home_win,0,3018b5f74ce12816fc8d,2025-01-07 19:45:00+00:00,MARKET_ONLY,0.37499999999999994,0.37499999999999994,2.5,0,NON_PIT,1.0,0.7499999999999999,COUNTERFACTUAL_NON_PIT,False
home_win,0,2aa87ffd0aa3c9f617d1,2025-01-11 12:30:00+00:00,MARKET_ONLY,0.6100322159112963,0.6100322159112963,1.53,1,NON_PIT,1.0,0.7799355681774074,COUNTERFACTUAL_NON_PIT,False
home_win,0,fbb1b185026aab2e2ddc,2025-01-11 12:30:00+00:00,MARKET_ONLY,0.3539159761835367,0.3539159761835367,2.63,1,NON_PIT,1.0,0.7078319523670734,COUNTERFACTUAL_NON_PIT,False
home_win,0,fdf4789a62b3dd121857,2025-01-11 15:00:00+00:00,MARKET_ONLY,0.3316582914572864,0.3316582914572864,2.8,0,NON_PIT,1.0,0.6633165829145728,COUNTERFACTUAL_NON_PIT,False
home_win,0,2dedcd3ff1312e273e0c,2025-01-14 19:30:00+00:00,MARKET_ONLY,0.1975093616650701,0.1975093616650701,4.75,0,NON_PIT,1.0,0.3950187233301402,COUNTERFACTUAL_NON_PIT,False
home_win,0,a23141fa8fac5452a334,2025-01-14 19:30:00+00:00,MARKET_ONLY,0.6417473541995046,0.6417473541995046,1.48,0,NON_PIT,1.0,0.7165052916009909,COUNTERFACTUAL_NON_PIT,False
home_win,0,e4efe03bf33bcba3f037,2025-01-14 19:30:00+00:00,MARKET_ONLY,0.3181818181818181,0.3181818181818181,3.0,1,NON_PIT,1.0,0.6363636363636362,COUNTERFACTUAL_NON_PIT,False
home_win,0,14aa8d3b11863d770fc6,2025-01-14 19:45:00+00:00,MARKET_ONLY,0.4041204437400951,0.4041204437400951,2.35,0,NON_PIT,1.0,0.8082408874801902,COUNTERFACTUAL_NON_PIT,False
home_win,0,5760037b45afc80dbab4,2025-01-14 19:45:00+00:00,MARKET_ONLY,0.41929720071471116,0.41929720071471116,2.25,0,NON_PIT,1.0,0.8385944014294223,COUNTERFACTUAL_NON_PIT,False
home_win,0,e91027b02efb28f972a9,2025-01-14 20:00:00+00:00,MARKET_ONLY,0.18111910994764396,0.18111910994764396,5.25,0,NON_PIT,1.0,0.3622382198952879,COUNTERFACTUAL_NON_PIT,False
home_win,0,16b33f1e6a144da45197,2025-01-15 19:30:00+00:00,MARKET_ONLY,0.7055805003207184,0.7055805003207184,1.36,1,NON_PIT,1.0,0.5888389993585632,COUNTERFACTUAL_NON_PIT,False
home_win,0,25d03ca464b428d3925d,2025-01-15 19:30:00+00:00,MARKET_ONLY,0.24241142252776307,0.24241142252776307,3.9,0,NON_PIT,1.0,0.4848228450555261,COUNTERFACTUAL_NON_PIT,False
home_win,0,e6180b5e52a2d2d49a55,2025-01-15 19:30:00+00:00,MARKET_ONLY,0.2916584109371904,0.2916584109371904,3.25,0,NON_PIT,1.0,0.5833168218743808,COUNTERFACTUAL_NON_PIT,False
home_win,0,30ca867a23454708c47b,2025-01-15 19:45:00+00:00,MARKET_ONLY,0.5496094879953717,0.5496094879953717,1.73,1,NON_PIT,1.0,0.9007810240092566,COUNTERFACTUAL_NON_PIT,False
home_win,0,b6643f8582b0d0722a7e,2025-01-15 20:00:00+00:00,MARKET_ONLY,0.6818181818181818,0.6818181818181818,1.4,1,NON_PIT,1.0,0.6363636363636365,COUNTERFACTUAL_NON_PIT,False
home_win,0,51e6516c1197b0f56c23,2025-01-16 19:30:00+00:00,MARKET_ONLY,0.24414426863815383,0.24414426863815383,3.9,0,NON_PIT,1.0,0.4882885372763077,COUNTERFACTUAL_NON_PIT,False
home_win,0,a5914fc259b4b456fcdf,2025-01-16 20:00:00+00:00,MARKET_ONLY,0.24591988130563794,0.24591988130563794,3.8,1,NON_PIT,1.0,0.4918397626112758,COUNTERFACTUAL_NON_PIT,False
home_win,0,fa9b5db7963a434594b6,2025-01-16 20:00:00+00:00,MARKET_ONLY,0.7403078121955972,0.7403078121955972,1.29,1,NON_PIT,1.0,0.5193843756088057,COUNTERFACTUAL_NON_PIT,False
home_win,0,c7e108d0f28eb02662b2,2025-01-17 19:45:00+00:00,MARKET_ONLY,0.31119311193111926,0.31119311193111926,3.0,1,NON_PIT,1.0,0.6223862238622385,COUNTERFACTUAL_NON_PIT,False
home_win,0,2fe79f6e34b5be3fdcb7,2025-01-17 20:00:00+00:00,MARKET_ONLY,0.43785365853658537,0.43785365853658537,2.15,0,NON_PIT,1.0,0.8757073170731707,COUNTERFACTUAL_NON_PIT,False
home_win,0,494ad7abcf0a58920479,2025-01-18 12:30:00+00:00,MARKET_ONLY,0.3151515151515151,0.3151515151515151,3.0,0,NON_PIT,1.0,0.6303030303030303,COUNTERFACTUAL_NON_PIT,False
home_win,0,68f5fa82a9a576f9581a,2025-01-18 12:30:00+00:00,MARKET_ONLY,0.28629524196827977,0.28629524196827977,3.25,0,NON_PIT,1.0,0.5725904839365595,COUNTERFACTUAL_NON_PIT,False
home_win,0,7ae7cfdb7c38023fef5d,2025-01-18 12:30:00+00:00,MARKET_ONLY,0.3559693318729463,0.3559693318729463,2.63,1,NON_PIT,1.0,0.7119386637458927,COUNTERFACTUAL_NON_PIT,False
home_win,0,b5d55071893ae779e1e5,2025-01-18 12:30:00+00:00,MARKET_ONLY,0.4571863987046386,0.4571863987046386,2.05,0,NON_PIT,1.0,0.9143727974092772,COUNTERFACTUAL_NON_PIT,False
home_win,0,b7255c4b8c3f58af55ec,2025-01-18 12:30:00+00:00,MARKET_ONLY,0.5848930481283423,0.5848930481283423,1.62,0,NON_PIT,1.0,0.8302139037433154,COUNTERFACTUAL_NON_PIT,False
home_win,0,bd76a10c67deb44b8c83,2025-01-18 12:30:00+00:00,MARKET_ONLY,0.3226605050338339,0.3226605050338339,2.88,0,NON_PIT,1.0,0.6453210100676678,COUNTERFACTUAL_NON_PIT,False
home_win,0,db8f85446d93dad7179e,2025-01-18 12:30:00+00:00,MARKET_ONLY,0.33685880486515074,0.33685880486515074,2.75,0,NON_PIT,1.0,0.6737176097303015,COUNTERFACTUAL_NON_PIT,False
home_win,0,e04e22a6abd9b593ab20,2025-01-18 12:30:00+00:00,MARKET_ONLY,0.29076860512403413,0.29076860512403413,3.2,0,NON_PIT,1.0,0.5815372102480683,COUNTERFACTUAL_NON_PIT,False
home_win,0,81778c4d9a77a5651988,2025-01-18 14:00:00+00:00,MARKET_ONLY,0.23353293413173648,0.23353293413173648,4.0,0,NON_PIT,1.0,0.46706586826347296,COUNTERFACTUAL_NON_PIT,False
home_win,0,046723025d859d126ad4,2025-01-18 15:00:00+00:00,MARKET_ONLY,0.3138041733547351,0.3138041733547351,3.0,1,NON_PIT,1.0,0.6276083467094702,COUNTERFACTUAL_NON_PIT,False
home_win,0,07b16207b7c0732ee25f,2025-01-18 15:00:00+00:00,MARKET_ONLY,0.40414507772020725,0.40414507772020725,2.3,1,NON_PIT,1.0,0.8082901554404145,COUNTERFACTUAL_NON_PIT,False
home_win,0,0bc76ba8e3a017b09947,2025-01-18 15:00:00+00:00,MARKET_ONLY,0.42834645669291344,0.42834645669291344,2.2,0,NON_PIT,1.0,0.8566929133858269,COUNTERFACTUAL_NON_PIT,False
home_win,0,23a011a408b9f188f322,2025-01-18 15:00:00+00:00,MARKET_ONLY,0.3661058743984409,0.3661058743984409,2.6,0,NON_PIT,1.0,0.7322117487968818,COUNTERFACTUAL_NON_PIT,False
home_win,0,277107683ebd9455a7b4,2025-01-18 15:00:00+00:00,MARKET_ONLY,0.2074074074074074,0.2074074074074074,4.5,1,NON_PIT,1.0,0.41481481481481475,COUNTERFACTUAL_NON_PIT,False
home_win,0,32b048bd54c619c4a2bc,2025-01-18 15:00:00+00:00,MARKET_ONLY,0.451165096678235,0.451165096678235,2.05,0,NON_PIT,1.0,0.90233019335647,COUNTERFACTUAL_NON_PIT,False
home_win,0,3f694d6bad292ca182cc,2025-01-18 15:00:00+00:00,MARKET_ONLY,0.600157936299026,0.600157936299026,1.55,1,NON_PIT,1.0,0.7996841274019479,COUNTERFACTUAL_NON_PIT,False
home_win,0,45fb63850a1b000b44ba,2025-01-18 15:00:00+00:00,MARKET_ONLY,0.42081447963800905,0.42081447963800905,2.2,1,NON_PIT,1.0,0.8416289592760181,COUNTERFACTUAL_NON_PIT,False
home_win,0,46b97cdc3042886a872b,2025-01-18 15:00:00+00:00,MARKET_ONLY,0.29076860512403413,0.29076860512403413,3.2,0,NON_PIT,1.0,0.5815372102480683,COUNTERFACTUAL_NON_PIT,False
home_win,0,56275e96d046e4206a8b,2025-01-18 15:00:00+00:00,MARKET_ONLY,0.1454024165472046,0.1454024165472046,6.5,0,NON_PIT,1.0,0.2908048330944092,COUNTERFACTUAL_NON_PIT,False
home_win,0,64af208f480fdb3ba7c8,2025-01-18 15:00:00+00:00,MARKET_ONLY,0.24696356275303644,0.24696356275303644,3.75,1,NON_PIT,1.0,0.4939271255060729,COUNTERFACTUAL_NON_PIT,False
home_win,0,737047eebe4b1ce928ec,2025-01-18 15:00:00+00:00,MARKET_ONLY,0.4471544715447154,0.4471544715447154,2.1,1,NON_PIT,1.0,0.8943089430894308,COUNTERFACTUAL_NON_PIT,False
home_win,0,76b22cdef83768c00e62,2025-01-18 15:00:00+00:00,MARKET_ONLY,0.40639082343301924,0.40639082343301924,2.3,0,NON_PIT,1.0,0.8127816468660385,COUNTERFACTUAL_NON_PIT,False
home_win,0,8076964421e187269110,2025-01-18 15:00:00+00:00,MARKET_ONLY,0.3773824650571791,0.3773824650571791,2.45,0,NON_PIT,1.0,0.7547649301143582,COUNTERFACTUAL_NON_PIT,False
home_win,0,8bc1bb528a64be92853a,2025-01-18 15:00:00+00:00,MARKET_ONLY,0.6258701121070758,0.6258701121070758,1.48,1,NON_PIT,1.0,0.7482597757858485,COUNTERFACTUAL_NON_PIT,False
home_win,0,8bc53c048f9fc5a80784,2025-01-18 15:00:00+00:00,MARKET_ONLY,0.618042226487524,0.618042226487524,1.5,0,NON_PIT,1.0,0.7639155470249519,COUNTERFACTUAL_NON_PIT,False
home_win,0,95b7c7e8b1961dabf81d,2025-01-18 15:00:00+00:00,MARKET_ONLY,0.4247787610619469,0.4247787610619469,2.2,0,NON_PIT,1.0,0.8495575221238938,COUNTERFACTUAL_NON_PIT,False
home_win,0,9c8fe6d4175cc0a4487b,2025-01-18 15:00:00+00:00,MARKET_ONLY,0.21853978671041838,0.21853978671041838,4.33,0,NON_PIT,1.0,0.4370795734208368,COUNTERFACTUAL_NON_PIT,False
home_win,0,9f3a88abd1cd2bfe81f9,2025-01-18 15:00:00+00:00,MARKET_ONLY,0.4473684210526316,0.4473684210526316,2.1,1,NON_PIT,1.0,0.8947368421052632,COUNTERFACTUAL_NON_PIT,False
home_win,0,a5ec4f58f1955f9a291f,2025-01-18 15:00:00+00:00,MARKET_ONLY,0.2920353982300885,0.2920353982300885,3.2,0,NON_PIT,1.0,0.584070796460177,COUNTERFACTUAL_NON_PIT,False
home_win,0,a633c699b6b1c4dc423e,2025-01-18 15:00:00+00:00,MARKET_ONLY,0.3591549295774647,0.3591549295774647,2.6,0,NON_PIT,1.0,0.7183098591549294,COUNTERFACTUAL_NON_PIT,False
home_win,0,a9e0c07d98756cee51ca,2025-01-18 15:00:00+00:00,MARKET_ONLY,0.5468942289008355,0.5468942289008355,1.7,1,NON_PIT,1.0,0.906211542198329,COUNTERFACTUAL_NON_PIT,False
home_win,0,aaecc72eb67e0be20c8e,2025-01-18 15:00:00+00:00,MARKET_ONLY,0.5030540935415162,0.5030540935415162,1.85,0,NON_PIT,1.0,0.9938918129169676,COUNTERFACTUAL_NON_PIT,False
home_win,0,d42647ba85adf540ed65,2025-01-18 15:00:00+00:00,MARKET_ONLY,0.4276704769412692,0.4276704769412692,2.2,0,NON_PIT,1.0,0.8553409538825384,COUNTERFACTUAL_NON_PIT,False
home_win,0,e3ef797098a991e96d06,2025-01-18 15:00:00+00:00,MARKET_ONLY,0.30112721417069244,0.30112721417069244,3.1,0,NON_PIT,1.0,0.6022544283413849,COUNTERFACTUAL_NON_PIT,False
home_win,0,f296944f3ab72de85d6b,2025-01-18 15:00:00+00:00,MARKET_ONLY,0.543564639689755,0.543564639689755,1.73,0,NON_PIT,1.0,0.91287072062049,COUNTERFACTUAL_NON_PIT,False
home_win,0,f79b5c39e7642ed767cc,2025-01-18 15:00:00+00:00,MARKET_ONLY,0.7159005275056518,0.7159005275056518,1.3,1,NON_PIT,1.0,0.5681989449886964,COUNTERFACTUAL_NON_PIT,False
home_win,0,35df6b23d999093cb670,2025-01-18 17:30:00+00:00,MARKET_ONLY,0.6328555678059536,0.6328555678059536,1.5,0,NON_PIT,1.0,0.7342888643880927,COUNTERFACTUAL_NON_PIT,False
home_win,0,cf919f43985f2c5bab84,2025-01-19 12:00:00+00:00,MARKET_ONLY,0.6880733944954128,0.6880733944954128,1.36,1,NON_PIT,1.0,0.6238532110091743,COUNTERFACTUAL_NON_PIT,False
home_win,0,e3eef2b02ee98c293828,2025-01-19 14:00:00+00:00,MARKET_ONLY,0.6835147045597626,0.6835147045597626,1.38,1,NON_PIT,1.0,0.6329705908804748,COUNTERFACTUAL_NON_PIT,False
home_win,0,e945b3a8575140585158,2025-01-19 14:00:00+00:00,MARKET_ONLY,0.33980582524271846,0.33980582524271846,2.8,1,NON_PIT,1.0,0.6796116504854369,COUNTERFACTUAL_NON_PIT,False
home_win,0,eaf5d46e2749a4a8904b,2025-01-19 14:00:00+00:00,MARKET_ONLY,0.45051194539249145,0.45051194539249145,2.1,0,NON_PIT,1.0,0.9010238907849829,COUNTERFACTUAL_NON_PIT,False
home_win,0,359d3907bba3968d715d,2025-01-19 16:30:00+00:00,MARKET_ONLY,0.12589262099973555,0.12589262099973555,7.5,0,NON_PIT,1.0,0.25178524199947105,COUNTERFACTUAL_NON_PIT,False
home_win,0,cbccf586a2c1aecd35ee,2025-01-20 20:00:00+00:00,MARKET_ONLY,0.6916813176644768,0.6916813176644768,1.36,1,NON_PIT,1.0,0.6166373646710464,COUNTERFACTUAL_NON_PIT,False
home_win,0,035d336c88c793529852,2025-01-21 19:45:00+00:00,MARKET_ONLY,0.327653997378768,0.327653997378768,2.88,0,NON_PIT,1.0,0.655307994757536,COUNTERFACTUAL_NON_PIT,False
home_win,0,039f74c97c94e01ba7fd,2025-01-21 19:45:00+00:00,MARKET_ONLY,0.5731985189404728,0.5731985189404728,1.62,0,NON_PIT,1.0,0.8536029621190544,COUNTERFACTUAL_NON_PIT,False
home_win,0,296599df382ab4807169,2025-01-21 19:45:00+00:00,MARKET_ONLY,0.45172802404207363,0.45172802404207363,2.1,0,NON_PIT,1.0,0.9034560480841473,COUNTERFACTUAL_NON_PIT,False
home_win,0,2d23f84ad4a32a455807,2025-01-21 19:45:00+00:00,MARKET_ONLY,0.2518122853872567,0.2518122853872567,3.7,0,NON_PIT,1.0,0.5036245707745134,COUNTERFACTUAL_NON_PIT,False
home_win,0,2f6f9545e8df848ed675,2025-01-21 19:45:00+00:00,MARKET_ONLY,0.4881988033623316,0.4881988033623316,1.91,0,NON_PIT,1.0,0.9763976067246632,COUNTERFACTUAL_NON_PIT,False
home_win,0,39717fc6dd83712b1942,2025-01-21 19:45:00+00:00,MARKET_ONLY,0.42642767819924965,0.42642767819924965,2.15,1,NON_PIT,1.0,0.8528553563984993,COUNTERFACTUAL_NON_PIT,False
home_win,0,52f0468e80a3518fa5d9,2025-01-21 19:45:00+00:00,MARKET_ONLY,0.32613126783530366,0.32613126783530366,2.9,1,NON_PIT,1.0,0.6522625356706073,COUNTERFACTUAL_NON_PIT,False
home_win,0,880b84a581ebae995d2e,2025-01-21 19:45:00+00:00,MARKET_ONLY,0.4776622646810903,0.4776622646810903,1.95,1,NON_PIT,1.0,0.9553245293621806,COUNTERFACTUAL_NON_PIT,False
home_win,0,9f65af6c0d454f3cf625,2025-01-21 19:45:00+00:00,MARKET_ONLY,0.26829268292682923,0.26829268292682923,3.5,0,NON_PIT,1.0,0.5365853658536585,COUNTERFACTUAL_NON_PIT,False
home_win,0,a2094c0f3d2b18bf770a,2025-01-21 19:45:00+00:00,MARKET_ONLY,0.37037037037037035,0.37037037037037035,2.55,0,NON_PIT,1.0,0.7407407407407407,COUNTERFACTUAL_NON_PIT,False
home_win,0,a7a6f95b147a7f5ef9e5,2025-01-21 19:45:00+00:00,MARKET_ONLY,0.4473684210526316,0.4473684210526316,2.1,0,NON_PIT,1.0,0.8947368421052632,COUNTERFACTUAL_NON_PIT,False
home_win,0,b570feb1158b62024bf1,2025-01-21 19:45:00+00:00,MARKET_ONLY,0.43040554310169143,0.43040554310169143,2.15,0,NON_PIT,1.0,0.8608110862033829,COUNTERFACTUAL_NON_PIT,False
home_win,0,452636e93f318eb9670b,2025-01-21 20:00:00+00:00,MARKET_ONLY,0.4361743154647127,0.4361743154647127,2.15,0,NON_PIT,1.0,0.8723486309294254,COUNTERFACTUAL_NON_PIT,False
home_win,0,160c6b2d92a6d7f42b1c,2025-01-22 19:45:00+00:00,MARKET_ONLY,0.3839448694546424,0.3839448694546424,2.45,1,NON_PIT,1.0,0.7678897389092848,COUNTERFACTUAL_NON_PIT,False
home_win,0,927193c1765821c33f52,2025-01-22 19:45:00+00:00,MARKET_ONLY,0.3774574049803408,0.3774574049803408,2.5,0,NON_PIT,1.0,0.7549148099606816,COUNTERFACTUAL_NON_PIT,False
home_win,0,f53df6e20e3ffc03e7d2,2025-01-22 19:45:00+00:00,MARKET_ONLY,0.676056338028169,0.676056338028169,1.38,1,NON_PIT,1.0,0.647887323943662,COUNTERFACTUAL_NON_PIT,False
home_win,0,769b66e85591d245e86b,2025-01-22 20:00:00+00:00,MARKET_ONLY,0.15584415584415584,0.15584415584415584,6.0,0,NON_PIT,1.0,0.3116883116883117,COUNTERFACTUAL_NON_PIT,False
home_win,0,8d56b66ddb30c1ed8d62,2025-01-23 20:00:00+00:00,MARKET_ONLY,0.28289473684210525,0.28289473684210525,3.3,0,NON_PIT,1.0,0.5657894736842105,COUNTERFACTUAL_NON_PIT,False
home_win,0,cdf3f035a4aca6a3f6e0,2025-01-24 19:45:00+00:00,MARKET_ONLY,0.25808281338627337,0.25808281338627337,3.6,0,NON_PIT,1.0,0.5161656267725467,COUNTERFACTUAL_NON_PIT,False
home_win,0,913d4c57d82b39407ab9,2025-01-24 20:00:00+00:00,MARKET_ONLY,0.5459176541848509,0.5459176541848509,1.73,0,NON_PIT,1.0,0.9081646916302981,COUNTERFACTUAL_NON_PIT,False
home_win,0,0118274b041ab440ac52,2025-01-25 12:30:00+00:00,MARKET_ONLY,0.4689603590127151,0.4689603590127151,2.0,0,NON_PIT,1.0,0.9379207180254302,COUNTERFACTUAL_NON_PIT,False
home_win,0,40e4a5bb5219cb79c146,2025-01-25 12:30:00+00:00,MARKET_ONLY,0.48143053645116923,0.48143053645116923,1.95,0,NON_PIT,1.0,0.9628610729023385,COUNTERFACTUAL_NON_PIT,False
home_win,0,61a5461de983bad38841,2025-01-25 12:30:00+00:00,MARKET_ONLY,0.3559693318729463,0.3559693318729463,2.63,0,NON_PIT,1.0,0.7119386637458927,COUNTERFACTUAL_NON_PIT,False
home_win,0,79144e20a7aedaf42d28,2025-01-25 12:30:00+00:00,MARKET_ONLY,0.4407039020657996,0.4407039020657996,2.15,1,NON_PIT,1.0,0.8814078041315992,COUNTERFACTUAL_NON_PIT,False
home_win,0,df0dcf67a2e69f140069,2025-01-25 12:30:00+00:00,MARKET_ONLY,0.35437430786268,0.35437430786268,2.63,1,NON_PIT,1.0,0.70874861572536,COUNTERFACTUAL_NON_PIT,False
home_win,0,e0dcc51c203f249de250,2025-01-25 12:30:00+00:00,MARKET_ONLY,0.42669584245076586,0.42669584245076586,2.2,0,NON_PIT,1.0,0.8533916849015317,COUNTERFACTUAL_NON_PIT,False
home_win,0,e69929dacba8cc51997c,2025-01-25 12:30:00+00:00,MARKET_ONLY,0.2676137454405836,0.2676137454405836,3.5,1,NON_PIT,1.0,0.5352274908811672,COUNTERFACTUAL_NON_PIT,False
home_win,0,02c861efadcef212e418,2025-01-25 15:00:00+00:00,MARKET_ONLY,0.4243156199677939,0.4243156199677939,2.2,1,NON_PIT,1.0,0.8486312399355878,COUNTERFACTUAL_NON_PIT,False
home_win,0,042a80cfd94f3c3b1dda,2025-01-25 15:00:00+00:00,MARKET_ONLY,0.48440311937612485,0.48440311937612485,1.91,1,NON_PIT,1.0,0.9688062387522497,COUNTERFACTUAL_NON_PIT,False
home_win,0,080e73c874e42e760c9f,2025-01-25 15:00:00+00:00,MARKET_ONLY,0.5157232704402516,0.5157232704402516,1.8,0,NON_PIT,1.0,0.9685534591194969,COUNTERFACTUAL_NON_PIT,False
home_win,0,09081a968bd3d9d0b177,2025-01-25 15:00:00+00:00,MARKET_ONLY,0.6781838949171902,0.6781838949171902,1.38,1,NON_PIT,1.0,0.6436322101656196,COUNTERFACTUAL_NON_PIT,False
home_win,0,1df09abc92d3de82c540,2025-01-25 15:00:00+00:00,MARKET_ONLY,0.5717651950932151,0.5717651950932151,1.67,0,NON_PIT,1.0,0.8564696098135698,COUNTERFACTUAL_NON_PIT,False
home_win,0,2139cf9c55f4fe51f9db,2025-01-25 15:00:00+00:00,MARKET_ONLY,0.4636078864934587,0.4636078864934587,2.05,1,NON_PIT,1.0,0.9272157729869174,COUNTERFACTUAL_NON_PIT,False
home_win,0,2e0fe0566af10cb5f045,2025-01-25 15:00:00+00:00,MARKET_ONLY,0.6343005725307324,0.6343005725307324,1.45,1,NON_PIT,1.0,0.7313988549385353,COUNTERFACTUAL_NON_PIT,False
home_win,0,34f79bdfa882f863727a,2025-01-25 15:00:00+00:00,MARKET_ONLY,0.1467230860066916,0.1467230860066916,6.5,0,NON_PIT,1.0,0.2934461720133832,COUNTERFACTUAL_NON_PIT,False
home_win,0,4e977a2beaa5c39c65c8,2025-01-25 15:00:00+00:00,MARKET_ONLY,0.13544369486248053,0.13544369486248053,7.0,0,NON_PIT,1.0,0.27088738972496107,COUNTERFACTUAL_NON_PIT,False
home_win,0,4ea74915bed8bd504f79,2025-01-25 15:00:00+00:00,MARKET_ONLY,0.6081738566331496,0.6081738566331496,1.51,1,NON_PIT,1.0,0.7836522867337008,COUNTERFACTUAL_NON_PIT,False
home_win,0,5999ee4068dfea7ff95c,2025-01-25 15:00:00+00:00,MARKET_ONLY,0.4945015963107485,0.4945015963107485,1.9,0,NON_PIT,1.0,0.989003192621497,COUNTERFACTUAL_NON_PIT,False
home_win,0,6c848885ee343f8445b8,2025-01-25 15:00:00+00:00,MARKET_ONLY,0.5622942825795441,0.5622942825795441,1.67,1,NON_PIT,1.0,0.8754114348409119,COUNTERFACTUAL_NON_PIT,False
home_win,0,74081e4aaf9723dd6c5f,2025-01-25 15:00:00+00:00,MARKET_ONLY,0.75,0.75,1.25,0,NON_PIT,1.0,0.5,COUNTERFACTUAL_NON_PIT,False
home_win,0,7c496feadbd2e21c3db1,2025-01-25 15:00:00+00:00,MARKET_ONLY,0.2903225806451613,0.2903225806451613,3.25,1,NON_PIT,1.0,0.5806451612903226,COUNTERFACTUAL_NON_PIT,False
home_win,0,7d8e7f3127d8c2f58d73,2025-01-25 15:00:00+00:00,MARKET_ONLY,0.28054298642533937,0.28054298642533937,3.3,1,NON_PIT,1.0,0.5610859728506787,COUNTERFACTUAL_NON_PIT,False
home_win,0,851b32554a759bed2f35,2025-01-25 15:00:00+00:00,MARKET_ONLY,0.5104690942308037,0.5104690942308037,1.81,0,NON_PIT,1.0,0.9790618115383927,COUNTERFACTUAL_NON_PIT,False
home_win,0,85d57fa17ba931b27249,2025-01-25 15:00:00+00:00,MARKET_ONLY,0.7003891050583657,0.7003891050583657,1.33,0,NON_PIT,1.0,0.5992217898832686,COUNTERFACTUAL_NON_PIT,False
home_win,0,887235e7ce78f163822e,2025-01-25 15:00:00+00:00,MARKET_ONLY,0.8605851979345955,0.8605851979345955,1.08,1,NON_PIT,1.0,0.27882960413080893,COUNTERFACTUAL_NON_PIT,False
home_win,0,88960f17411743236ec8,2025-01-25 15:00:00+00:00,MARKET_ONLY,0.5051038366772262,0.5051038366772262,1.85,0,NON_PIT,1.0,0.9897923266455475,COUNTERFACTUAL_NON_PIT,False
home_win,0,9431f7ed5eff7c51eb1a,2025-01-25 15:00:00+00:00,MARKET_ONLY,0.4452054794520548,0.4452054794520548,2.1,1,NON_PIT,1.0,0.8904109589041096,COUNTERFACTUAL_NON_PIT,False
home_win,0,9ad8b14c8730c91c18c5,2025-01-25 15:00:00+00:00,MARKET_ONLY,0.3974358974358974,0.3974358974358974,2.35,0,NON_PIT,1.0,0.7948717948717948,COUNTERFACTUAL_NON_PIT,False
home_win,0,9d8a7caf6cd70485f399,2025-01-25 15:00:00+00:00,MARKET_ONLY,0.48143053645116923,0.48143053645116923,1.95,1,NON_PIT,1.0,0.9628610729023385,COUNTERFACTUAL_NON_PIT,False
home_win,0,9efe629b08c0c9eb50c0,2025-01-25 15:00:00+00:00,MARKET_ONLY,0.5518087063151441,0.5518087063151441,1.7,1,NON_PIT,1.0,0.8963825873697118,COUNTERFACTUAL_NON_PIT,False
home_win,0,c14d88a17845672c5bd9,2025-01-25 15:00:00+00:00,MARKET_ONLY,0.4436536180308422,0.4436536180308422,2.1,0,NON_PIT,1.0,0.8873072360616844,COUNTERFACTUAL_NON_PIT,False
home_win,0,cda91fbff788b3c63e77,2025-01-25 15:00:00+00:00,MARKET_ONLY,0.2356360384529399,0.2356360384529399,3.9,1,NON_PIT,1.0,0.4712720769058798,COUNTERFACTUAL_NON_PIT,False
home_win,0,dab0ba389fdc18ddcdcf,2025-01-25 15:00:00+00:00,MARKET_ONLY,0.5420741468672235,0.5420741468672235,1.73,1,NON_PIT,1.0,0.9158517062655529,COUNTERFACTUAL_NON_PIT,False
home_win,0,e357897a3f3ac2a03507,2025-01-25 15:00:00+00:00,MARKET_ONLY,0.32146122516831516,0.32146122516831516,2.9,0,NON_PIT,1.0,0.6429224503366303,COUNTERFACTUAL_NON_PIT,False
home_win,0,ed007b2fbf077ebdb4ad,2025-01-25 15:00:00+00:00,MARKET_ONLY,0.3783122706889523,0.3783122706889523,2.5,0,NON_PIT,1.0,0.7566245413779046,COUNTERFACTUAL_NON_PIT,False
home_win,0,f824399329cd9895a2bc,2025-01-25 15:00:00+00:00,MARKET_ONLY,0.574915973819211,0.574915973819211,1.62,1,NON_PIT,1.0,0.850168052361578,COUNTERFACTUAL_NON_PIT,False
home_win,0,fcb7d771e01e2579b5b9,2025-01-25 15:00:00+00:00,MARKET_ONLY,0.5772394621886877,0.5772394621886877,1.62,1,NON_PIT,1.0,0.8455210756226246,COUNTERFACTUAL_NON_PIT,False
home_win,0,3ceed70c70639da0ea89,2025-01-25 17:30:00+00:00,MARKET_ONLY,0.468666785016865,0.468666785016865,2.05,1,NON_PIT,1.0,0.93733357003373,COUNTERFACTUAL_NON_PIT,False
home_win,0,1a3b96e7accd45dad0c5,2025-01-26 14:00:00+00:00,MARKET_ONLY,0.6547619047619047,0.6547619047619047,1.45,0,NON_PIT,1.0,0.6904761904761907,COUNTERFACTUAL_NON_PIT,False
home_win,0,5fc68ea982239627b78b,2025-01-26 14:00:00+00:00,MARKET_ONLY,0.4612804025719877,0.4612804025719877,2.05,0,NON_PIT,1.0,0.9225608051439754,COUNTERFACTUAL_NON_PIT,False
home_win,0,fe424dab0700ff51309a,2025-01-26 16:30:00+00:00,MARKET_ONLY,0.6174990513369328,0.6174990513369328,1.53,0,NON_PIT,1.0,0.7650018973261343,COUNTERFACTUAL_NON_PIT,False
home_win,0,b72d3a83eb15a7408967,2025-01-26 19:00:00+00:00,MARKET_ONLY,0.41349548842683415,0.41349548842683415,2.3,0,NON_PIT,1.0,0.8269909768536683,COUNTERFACTUAL_NON_PIT,False
home_win,0,63e2db859f781aa53694,2025-01-27 20:00:00+00:00,MARKET_ONLY,0.31119311193111926,0.31119311193111926,3.0,0,NON_PIT,1.0,0.6223862238622385,COUNTERFACTUAL_NON_PIT,False
home_win,0,0c4f05a610a08ab589d4,2025-01-28 19:45:00+00:00,MARKET_ONLY,0.3788187372708758,0.3788187372708758,2.5,0,NON_PIT,1.0,0.7576374745417516,COUNTERFACTUAL_NON_PIT,False
home_win,0,12bdb1c55f1100815d05,2025-01-28 19:45:00+00:00,MARKET_ONLY,0.29076860512403413,0.29076860512403413,3.2,0,NON_PIT,1.0,0.5815372102480683,COUNTERFACTUAL_NON_PIT,False
home_win,0,18df911407231f6a0ef2,2025-01-28 19:45:00+00:00,MARKET_ONLY,0.3664265580958347,0.3664265580958347,2.55,1,NON_PIT,1.0,0.7328531161916694,COUNTERFACTUAL_NON_PIT,False
home_win,0,4c174b8fbd9c992a4bdf,2025-01-28 19:45:00+00:00,MARKET_ONLY,0.629537369997383,0.629537369997383,1.48,0,NON_PIT,1.0,0.7409252600052341,COUNTERFACTUAL_NON_PIT,False
home_win,0,4f6b31c1cfc853b064d5,2025-01-28 19:45:00+00:00,MARKET_ONLY,0.2987012987012987,0.2987012987012987,3.1,1,NON_PIT,1.0,0.5974025974025974,COUNTERFACTUAL_NON_PIT,False
home_win,0,50291002d4541b1772cc,2025-01-28 19:45:00+00:00,MARKET_ONLY,0.3925261436288843,0.3925261436288843,2.38,0,NON_PIT,1.0,0.7850522872577687,COUNTERFACTUAL_NON_PIT,False
home_win,0,5606995a61a4bc980300,2025-01-28 19:45:00+00:00,MARKET_ONLY,0.5185185185185186,0.5185185185185186,1.8,1,NON_PIT,1.0,0.9629629629629628,COUNTERFACTUAL_NON_PIT,False
home_win,0,5e5c01c79d46a61f7cb6,2025-01-28 19:45:00+00:00,MARKET_ONLY,0.6392245012644,0.6392245012644,1.44,1,NON_PIT,1.0,0.7215509974712,COUNTERFACTUAL_NON_PIT,False
home_win,0,5ec76a7e0b244eb6c182,2025-01-28 19:45:00+00:00,MARKET_ONLY,0.453118870145155,0.453118870145155,2.05,0,NON_PIT,1.0,0.90623774029031,COUNTERFACTUAL_NON_PIT,False
home_win,0,63202512911cf91ac249,2025-01-28 19:45:00+00:00,MARKET_ONLY,0.6153846153846154,0.6153846153846154,1.5,1,NON_PIT,1.0,0.7692307692307692,COUNTERFACTUAL_NON_PIT,False
home_win,0,694f7247d74a5f762809,2025-01-28 19:45:00+00:00,MARKET_ONLY,0.4569015166058744,0.4569015166058744,2.05,1,NON_PIT,1.0,0.9138030332117488,COUNTERFACTUAL_NON_PIT,False
home_win,0,6b9858a70acf4116261e,2025-01-28 19:45:00+00:00,MARKET_ONLY,0.672192459314667,0.672192459314667,1.38,1,NON_PIT,1.0,0.655615081370666,COUNTERFACTUAL_NON_PIT,False
home_win,0,82e03725adc90d34a705,2025-01-28 19:45:00+00:00,MARKET_ONLY,0.39340623201512787,0.39340623201512787,2.38,0,NON_PIT,1.0,0.7868124640302557,COUNTERFACTUAL_NON_PIT,False
home_win,0,9986428fd0be24f61b1f,2025-01-28 19:45:00+00:00,MARKET_ONLY,0.6292549621248442,0.6292549621248442,1.48,1,NON_PIT,1.0,0.7414900757503116,COUNTERFACTUAL_NON_PIT,False
home_win,0,9a09c31363a22c8c8e6b,2025-01-28 19:45:00+00:00,MARKET_ONLY,0.5539358600583091,0.5539358600583091,1.7,1,NON_PIT,1.0,0.8921282798833818,COUNTERFACTUAL_NON_PIT,False
home_win,0,9cc76479caf334453036,2025-01-28 19:45:00+00:00,MARKET_ONLY,0.4760643330179755,0.4760643330179755,1.95,1,NON_PIT,1.0,0.952128666035951,COUNTERFACTUAL_NON_PIT,False
home_win,0,c981b77aa14da6e0aa67,2025-01-28 19:45:00+00:00,MARKET_ONLY,0.38979447200566975,0.38979447200566975,2.38,1,NON_PIT,1.0,0.7795889440113395,COUNTERFACTUAL_NON_PIT,False
home_win,0,d8502511c82d994d9a3b,2025-01-28 19:45:00+00:00,MARKET_ONLY,0.5964499519258584,0.5964499519258584,1.57,1,NON_PIT,1.0,0.8071000961482833,COUNTERFACTUAL_NON_PIT,False
home_win,0,dea1336d67d1dfefdf39,2025-01-28 19:45:00+00:00,MARKET_ONLY,0.5355704697986577,0.5355704697986577,1.73,1,NON_PIT,1.0,0.9288590604026845,COUNTERFACTUAL_NON_PIT,False
home_win,0,e87fac93423e92725bfc,2025-01-28 19:45:00+00:00,MARKET_ONLY,0.4809128853698296,0.4809128853698296,1.95,0,NON_PIT,1.0,0.9618257707396592,COUNTERFACTUAL_NON_PIT,False
home_win,0,ea0b855dcaf9e73c6ec4,2025-01-28 19:45:00+00:00,MARKET_ONLY,0.6129214075959531,0.6129214075959531,1.53,0,NON_PIT,1.0,0.7741571848080937,COUNTERFACTUAL_NON_PIT,False
home_win,0,ed9fdde1d2ca1e538554,2025-01-28 19:45:00+00:00,MARKET_ONLY,0.3404830265157913,0.3404830265157913,2.75,0,NON_PIT,1.0,0.6809660530315826,COUNTERFACTUAL_NON_PIT,False
home_win,0,6238a9707b0f321dd607,2025-01-28 20:00:00+00:00,MARKET_ONLY,0.3107769423558897,0.3107769423558897,3.0,0,NON_PIT,1.0,0.6215538847117794,COUNTERFACTUAL_NON_PIT,False
home_win,0,b61fa3099c75f7125253,2025-01-29 20:00:00+00:00,MARKET_ONLY,0.3107769423558897,0.3107769423558897,3.0,0,NON_PIT,1.0,0.6215538847117794,COUNTERFACTUAL_NON_PIT,False
home_win,0,ea365b41855083dce285,2025-01-31 20:00:00+00:00,MARKET_ONLY,0.43088803088803085,0.43088803088803085,2.2,1,NON_PIT,1.0,0.8617760617760617,COUNTERFACTUAL_NON_PIT,False
home_win,0,17ed5acf640cc7469263,2025-02-01 12:30:00+00:00,MARKET_ONLY,0.35752979414951247,0.35752979414951247,2.63,0,NON_PIT,1.0,0.7150595882990249,COUNTERFACTUAL_NON_PIT,False
home_win,0,3c28504b8a84deaf31fb,2025-02-01 12:30:00+00:00,MARKET_ONLY,0.30015392508978966,0.30015392508978966,3.1,1,NON_PIT,1.0,0.6003078501795793,COUNTERFACTUAL_NON_PIT,False
home_win,0,5d2b0d6249f6d81336ad,2025-02-01 12:30:00+00:00,MARKET_ONLY,0.3014616321559074,0.3014616321559074,3.1,0,NON_PIT,1.0,0.6029232643118148,COUNTERFACTUAL_NON_PIT,False
home_win,0,5fbb12d91f52f9a3a0c2,2025-02-01 12:30:00+00:00,MARKET_ONLY,0.18771075309104535,0.18771075309104535,5.0,1,NON_PIT,1.0,0.3754215061820907,COUNTERFACTUAL_NON_PIT,False
home_win,0,9ca20f04acaa13f304da,2025-02-01 12:30:00+00:00,MARKET_ONLY,0.5687203791469194,0.5687203791469194,1.65,1,NON_PIT,1.0,0.8625592417061612,COUNTERFACTUAL_NON_PIT,False
home_win,0,acb61e8a112acdf4e3cf,2025-02-01 12:30:00+00:00,MARKET_ONLY,0.5906280601095251,0.5906280601095251,1.57,0,NON_PIT,1.0,0.8187438797809499,COUNTERFACTUAL_NON_PIT,False
home_win,0,b42f4ff79c597195e5d5,2025-02-01 12:30:00+00:00,MARKET_ONLY,0.3952569169960474,0.3952569169960474,2.38,1,NON_PIT,1.0,0.7905138339920948,COUNTERFACTUAL_NON_PIT,False
home_win,0,c52db2efb60489a879f4,2025-02-01 12:30:00+00:00,MARKET_ONLY,0.28148293448411144,0.28148293448411144,3.3,0,NON_PIT,1.0,0.5629658689682229,COUNTERFACTUAL_NON_PIT,False
home_win,0,0173ae0ebab96f0f7c6c,2025-02-01 15:00:00+00:00,MARKET_ONLY,0.5608856088560886,0.5608856088560886,1.7,0,NON_PIT,1.0,0.8782287822878228,COUNTERFACTUAL_NON_PIT,False
home_win,0,032b40636f354c6cb268,2025-02-01 15:00:00+00:00,MARKET_ONLY,0.3015157722244982,0.3015157722244982,3.1,1,NON_PIT,1.0,0.6030315444489964,COUNTERFACTUAL_NON_PIT,False
home_win,0,0e26d179270514b15ea3,2025-02-01 15:00:00+00:00,MARKET_ONLY,0.5185185185185186,0.5185185185185186,1.8,1,NON_PIT,1.0,0.9629629629629628,COUNTERFACTUAL_NON_PIT,False
home_win,0,0f94c1eaf2f79a4e3eaf,2025-02-01 15:00:00+00:00,MARKET_ONLY,0.3835842441740565,0.3835842441740565,2.45,0,NON_PIT,1.0,0.767168488348113,COUNTERFACTUAL_NON_PIT,False
home_win,0,21adbdd60982f7badca8,2025-02-01 15:00:00+00:00,MARKET_ONLY,0.21553351646638655,0.21553351646638655,4.33,0,NON_PIT,1.0,0.43106703293277304,COUNTERFACTUAL_NON_PIT,False
home_win,0,3378b06f4679eb93e4e2,2025-02-01 15:00:00+00:00,MARKET_ONLY,0.19412724306688417,0.19412724306688417,4.75,1,NON_PIT,1.0,0.38825448613376834,COUNTERFACTUAL_NON_PIT,False
home_win,0,34aed6c822d4673cf83b,2025-02-01 15:00:00+00:00,MARKET_ONLY,0.35242290748898675,0.35242290748898675,2.7,0,NON_PIT,1.0,0.7048458149779735,COUNTERFACTUAL_NON_PIT,False
home_win,0,3a4bd4b474bae16c36ee,2025-02-01 15:00:00+00:00,MARKET_ONLY,0.4903728275762602,0.4903728275762602,1.91,0,NON_PIT,1.0,0.9807456551525204,COUNTERFACTUAL_NON_PIT,False
home_win,0,3c9c933cc4a49a31ded4,2025-02-01 15:00:00+00:00,MARKET_ONLY,0.5420741468672235,0.5420741468672235,1.73,1,NON_PIT,1.0,0.9158517062655529,COUNTERFACTUAL_NON_PIT,False
home_win,0,41fc05f031430bda8482,2025-02-01 15:00:00+00:00,MARKET_ONLY,0.4658527279664251,0.4658527279664251,2.0,0,NON_PIT,1.0,0.9317054559328501,COUNTERFACTUAL_NON_PIT,False
home_win,0,4d6006763ac37d0e8932,2025-02-01 15:00:00+00:00,MARKET_ONLY,0.3664265580958347,0.3664265580958347,2.55,0,NON_PIT,1.0,0.7328531161916694,COUNTERFACTUAL_NON_PIT,False
home_win,0,551f704a86dc7deeb6f8,2025-02-01 15:00:00+00:00,MARKET_ONLY,0.21124357674746064,0.21124357674746064,4.5,0,NON_PIT,1.0,0.4224871534949213,COUNTERFACTUAL_NON_PIT,False
home_win,0,673513f7ff8390f39f58,2025-02-01 15:00:00+00:00,MARKET_ONLY,0.28357348703170027,0.28357348703170027,3.3,1,NON_PIT,1.0,0.5671469740634005,COUNTERFACTUAL_NON_PIT,False
home_win,0,6a9a3e5965b65f1101f2,2025-02-01 15:00:00+00:00,MARKET_ONLY,0.26070799921768045,0.26070799921768045,3.6,0,NON_PIT,1.0,0.5214159984353609,COUNTERFACTUAL_NON_PIT,False
home_win,0,81ce0e1ff5b643d85f4a,2025-02-01 15:00:00+00:00,MARKET_ONLY,0.18769716088328076,0.18769716088328076,5.0,0,NON_PIT,1.0,0.3753943217665615,COUNTERFACTUAL_NON_PIT,False
home_win,0,8357c18ddb64d72c108b,2025-02-01 15:00:00+00:00,MARKET_ONLY,0.2920353982300885,0.2920353982300885,3.2,1,NON_PIT,1.0,0.584070796460177,COUNTERFACTUAL_NON_PIT,False
home_win,0,89969465a849df850e1f,2025-02-01 15:00:00+00:00,MARKET_ONLY,0.4866595517609392,0.4866595517609392,1.95,0,NON_PIT,1.0,0.9733191035218784,COUNTERFACTUAL_NON_PIT,False
home_win,0,8aebc45fe9e60bf7570e,2025-02-01 15:00:00+00:00,MARKET_ONLY,0.2322869955156951,0.2322869955156951,4.0,0,NON_PIT,1.0,0.4645739910313902,COUNTERFACTUAL_NON_PIT,False
home_win,0,8de714c3045296b353cb,2025-02-01 15:00:00+00:00,MARKET_ONLY,0.725753243897075,0.725753243897075,1.29,1,NON_PIT,1.0,0.5484935122058501,COUNTERFACTUAL_NON_PIT,False
home_win,0,94329cc31a1fa50dd7b5,2025-02-01 15:00:00+00:00,MARKET_ONLY,0.3711340206185567,0.3711340206185567,2.55,0,NON_PIT,1.0,0.7422680412371134,COUNTERFACTUAL_NON_PIT,False
home_win,0,bb6f721ecd9bdcfc3035,2025-02-01 15:00:00+00:00,MARKET_ONLY,0.308411214953271,0.308411214953271,3.0,0,NON_PIT,1.0,0.616822429906542,COUNTERFACTUAL_NON_PIT,False
home_win,0,c4e82cd59d1e2977eb3d,2025-02-01 15:00:00+00:00,MARKET_ONLY,0.42081447963800905,0.42081447963800905,2.2,1,NON_PIT,1.0,0.8416289592760181,COUNTERFACTUAL_NON_PIT,False
home_win,0,c6422f0842fdf23a2879,2025-02-01 15:00:00+00:00,MARKET_ONLY,0.45172802404207363,0.45172802404207363,2.1,0,NON_PIT,1.0,0.9034560480841473,COUNTERFACTUAL_NON_PIT,False
home_win,0,c85b72d798b685a4d82c,2025-02-01 15:00:00+00:00,MARKET_ONLY,0.4998173182316405,0.4998173182316405,1.85,0,NON_PIT,1.0,0.999634636463281,COUNTERFACTUAL_NON_PIT,False
home_win,0,cb1e01cb4522e73ba3b2,2025-02-01 15:00:00+00:00,MARKET_ONLY,0.5389221556886228,0.5389221556886228,1.75,1,NON_PIT,1.0,0.9221556886227544,COUNTERFACTUAL_NON_PIT,False
home_win,0,e0095939ca8a44a589e8,2025-02-01 15:00:00+00:00,MARKET_ONLY,0.3569296375266524,0.3569296375266524,2.6,0,NON_PIT,1.0,0.7138592750533048,COUNTERFACTUAL_NON_PIT,False
home_win,0,e6904465a510967c352c,2025-02-01 15:00:00+00:00,MARKET_ONLY,0.3243792436933141,0.3243792436933141,2.88,0,NON_PIT,1.0,0.6487584873866282,COUNTERFACTUAL_NON_PIT,False
home_win,0,edae2ed9ac323d83b7f4,2025-02-01 15:00:00+00:00,MARKET_ONLY,0.2844638949671772,0.2844638949671772,3.3,1,NON_PIT,1.0,0.5689277899343544,COUNTERFACTUAL_NON_PIT,False
home_win,0,edb7d2d9e5739e70c373,2025-02-01 15:00:00+00:00,MARKET_ONLY,0.4276704769412692,0.4276704769412692,2.2,1,NON_PIT,1.0,0.8553409538825384,COUNTERFACTUAL_NON_PIT,False
home_win,0,edf0207ac313d40bacfd,2025-02-01 15:00:00+00:00,MARKET_ONLY,0.6141862032806532,0.6141862032806532,1.53,1,NON_PIT,1.0,0.7716275934386936,COUNTERFACTUAL_NON_PIT,False
home_win,0,fd0254a3021b0c9dab89,2025-02-01 17:30:00+00:00,MARKET_ONLY,0.28668941979522183,0.28668941979522183,3.3,1,NON_PIT,1.0,0.5733788395904437,COUNTERFACTUAL_NON_PIT,False
home_win,0,a5d07c2e3cbc7797bbff,2025-02-02 14:00:00+00:00,MARKET_ONLY,0.45564074479737127,0.45564074479737127,2.1,0,NON_PIT,1.0,0.9112814895947425,COUNTERFACTUAL_NON_PIT,False
home_win,0,d7ee4e4c8fcd31e73d74,2025-02-02 14:00:00+00:00,MARKET_ONLY,0.4767025089605735,0.4767025089605735,2.0,0,NON_PIT,1.0,0.953405017921147,COUNTERFACTUAL_NON_PIT,False
home_win,0,2396e826592db1ae9436,2025-02-02 15:00:00+00:00,MARKET_ONLY,0.308411214953271,0.308411214953271,3.0,1,NON_PIT,1.0,0.616822429906542,COUNTERFACTUAL_NON_PIT,False
home_win,0,ef0ea214ddd736e44a05,2025-02-02 16:30:00+00:00,MARKET_ONLY,0.48908296943231444,0.48908296943231444,1.95,1,NON_PIT,1.0,0.9781659388646289,COUNTERFACTUAL_NON_PIT,False
home_win,0,5aab3f639ba3c0669a09,2025-02-03 20:00:00+00:00,MARKET_ONLY,0.4041204437400951,0.4041204437400951,2.35,0,NON_PIT,1.0,0.8082408874801902,COUNTERFACTUAL_NON_PIT,False
home_win,0,67b6afc20ff4ed337ef4,2025-02-03 20:00:00+00:00,MARKET_ONLY,0.6866642573183954,0.6866642573183954,1.36,1,NON_PIT,1.0,0.6266714853632092,COUNTERFACTUAL_NON_PIT,False
home_win,0,4757615d06baec97411c,2025-02-04 19:45:00+00:00,MARKET_ONLY,0.4247787610619469,0.4247787610619469,2.2,0,NON_PIT,1.0,0.8495575221238938,COUNTERFACTUAL_NON_PIT,False
home_win,0,5f0b4861f323a5743367,2025-02-04 19:45:00+00:00,MARKET_ONLY,0.3631746031746032,0.3631746031746032,2.55,1,NON_PIT,1.0,0.7263492063492064,COUNTERFACTUAL_NON_PIT,False
home_win,0,7e7c1bd88b3ca58e2b34,2025-02-04 19:45:00+00:00,MARKET_ONLY,0.3587221556391288,0.3587221556391288,2.63,1,NON_PIT,1.0,0.7174443112782576,COUNTERFACTUAL_NON_PIT,False
home_win,0,bbf3a62013c96e86462d,2025-02-04 19:45:00+00:00,MARKET_ONLY,0.6301963559172121,0.6301963559172121,1.48,1,NON_PIT,1.0,0.7396072881655757,COUNTERFACTUAL_NON_PIT,False
home_win,0,d31c285c01175392664f,2025-02-05 19:45:00+00:00,MARKET_ONLY,0.23401264933239635,0.23401264933239635,4.0,0,NON_PIT,1.0,0.4680252986647927,COUNTERFACTUAL_NON_PIT,False
home_win,0,6c4b807d1dde6f6a46b6,2025-02-06 19:45:00+00:00,MARKET_ONLY,0.379746835443038,0.379746835443038,2.45,1,NON_PIT,1.0,0.759493670886076,COUNTERFACTUAL_NON_PIT,False
home_win,0,cf8e41360fb918a3a3e6,2025-02-07 19:45:00+00:00,MARKET_ONLY,0.5251667677380231,0.5251667677380231,1.75,0,NON_PIT,1.0,0.9496664645239539,COUNTERFACTUAL_NON_PIT,False
home_win,0,019297adcb72c6b25375,2025-02-08 12:30:00+00:00,MARKET_ONLY,0.5157232704402516,0.5157232704402516,1.8,1,NON_PIT,1.0,0.9685534591194969,COUNTERFACTUAL_NON_PIT,False
home_win,0,8998b078a523644ffdac,2025-02-08 12:30:00+00:00,MARKET_ONLY,0.45290737313723584,0.45290737313723584,2.05,1,NON_PIT,1.0,0.9058147462744717,COUNTERFACTUAL_NON_PIT,False
home_win,0,99c699df2e8a3aa17e2f,2025-02-08 12:30:00+00:00,MARKET_ONLY,0.6221653026800774,0.6221653026800774,1.5,0,NON_PIT,1.0,0.7556693946398452,COUNTERFACTUAL_NON_PIT,False
home_win,0,9f94419477e38b6bfecc,2025-02-08 12:30:00+00:00,MARKET_ONLY,0.44134505158578524,0.44134505158578524,2.15,1,NON_PIT,1.0,0.8826901031715705,COUNTERFACTUAL_NON_PIT,False
home_win,0,dd24d530ea3c9959c6c9,2025-02-08 12:30:00+00:00,MARKET_ONLY,0.5779490219324245,0.5779490219324245,1.6,1,NON_PIT,1.0,0.844101956135151,COUNTERFACTUAL_NON_PIT,False
home_win,0,dd751cb7ed3eb0404328,2025-02-08 12:30:00+00:00,MARKET_ONLY,0.4112149532710281,0.4112149532710281,2.25,0,NON_PIT,1.0,0.8224299065420562,COUNTERFACTUAL_NON_PIT,False
home_win,0,1223857b4c670e36bbe9,2025-02-08 15:00:00+00:00,MARKET_ONLY,0.5362776025236593,0.5362776025236593,1.75,0,NON_PIT,1.0,0.9274447949526814,COUNTERFACTUAL_NON_PIT,False
home_win,0,1abbdc3ec34c71c433fb,2025-02-08 15:00:00+00:00,MARKET_ONLY,0.5574781823653325,0.5574781823653325,1.7,0,NON_PIT,1.0,0.8850436352693349,COUNTERFACTUAL_NON_PIT,False
home_win,0,403e0dfe02319a487d4d,2025-02-08 15:00:00+00:00,MARKET_ONLY,0.5611722264285397,0.5611722264285397,1.67,0,NON_PIT,1.0,0.8776555471429206,COUNTERFACTUAL_NON_PIT,False
home_win,0,43da13ed0f5a08aadafe,2025-02-08 15:00:00+00:00,MARKET_ONLY,0.4473684210526316,0.4473684210526316,2.1,1,NON_PIT,1.0,0.8947368421052632,COUNTERFACTUAL_NON_PIT,False
home_win,0,45ce57170352ab174ba0,2025-02-08 15:00:00+00:00,MARKET_ONLY,0.5361930294906166,0.5361930294906166,1.73,1,NON_PIT,1.0,0.9276139410187667,COUNTERFACTUAL_NON_PIT,False
home_win,0,4c2dc7e8a58c344691f9,2025-02-08 15:00:00+00:00,MARKET_ONLY,0.2823250296559905,0.2823250296559905,3.3,0,NON_PIT,1.0,0.564650059311981,COUNTERFACTUAL_NON_PIT,False
home_win,0,54863c5b86db688cc633,2025-02-08 15:00:00+00:00,MARKET_ONLY,0.6590181430096052,0.6590181430096052,1.42,1,NON_PIT,1.0,0.6819637139807897,COUNTERFACTUAL_NON_PIT,False
home_win,0,59debf91cc6c96822619,2025-02-08 15:00:00+00:00,MARKET_ONLY,0.6346967559943583,0.6346967559943583,1.48,0,NON_PIT,1.0,0.7306064880112835,COUNTERFACTUAL_NON_PIT,False
home_win,0,82aa9ef68968b093948c,2025-02-08 15:00:00+00:00,MARKET_ONLY,0.6065800751631832,0.6065800751631832,1.53,0,NON_PIT,1.0,0.7868398496736335,COUNTERFACTUAL_NON_PIT,False
home_win,0,87aa671e7f9063119baa,2025-02-08 15:00:00+00:00,MARKET_ONLY,0.4359404280501035,0.4359404280501035,2.15,0,NON_PIT,1.0,0.871880856100207,COUNTERFACTUAL_NON_PIT,False
home_win,0,b281a7df5d78678f4960,2025-02-08 15:00:00+00:00,MARKET_ONLY,0.2716248989490704,0.2716248989490704,3.4,0,NON_PIT,1.0,0.5432497978981408,COUNTERFACTUAL_NON_PIT,False
home_win,0,cb6559120d53e975c4b1,2025-02-08 15:00:00+00:00,MARKET_ONLY,0.3107769423558897,0.3107769423558897,3.0,1,NON_PIT,1.0,0.6215538847117794,COUNTERFACTUAL_NON_PIT,False
home_win,0,e291d64d3fc2fddc657b,2025-02-08 15:00:00+00:00,MARKET_ONLY,0.4658527279664251,0.4658527279664251,2.0,1,NON_PIT,1.0,0.9317054559328501,COUNTERFACTUAL_NON_PIT,False
home_win,0,ec2a4bb36ea678a3082c,2025-02-08 15:00:00+00:00,MARKET_ONLY,0.4410011918951132,0.4410011918951132,2.1,1,NON_PIT,1.0,0.8820023837902264,COUNTERFACTUAL_NON_PIT,False
home_win,0,ef8e79c44d2b5c5ae5df,2025-02-08 15:00:00+00:00,MARKET_ONLY,0.676056338028169,0.676056338028169,1.38,1,NON_PIT,1.0,0.647887323943662,COUNTERFACTUAL_NON_PIT,False
home_win,0,ffa9cfd1671d053b7a5b,2025-02-08 15:00:00+00:00,MARKET_ONLY,0.6272727272727273,0.6272727272727273,1.5,1,NON_PIT,1.0,0.7454545454545454,COUNTERFACTUAL_NON_PIT,False
home_win,0,d9839abe57e3a7aac041,2025-02-09 12:00:00+00:00,MARKET_ONLY,0.5051038366772262,0.5051038366772262,1.85,0,NON_PIT,1.0,0.9897923266455475,COUNTERFACTUAL_NON_PIT,False
home_win,0,0e0a52fd10480e38d563,2025-02-11 19:45:00+00:00,MARKET_ONLY,0.725753243897075,0.725753243897075,1.29,1,NON_PIT,1.0,0.5484935122058501,COUNTERFACTUAL_NON_PIT,False
home_win,0,145543268280f996daa6,2025-02-11 19:45:00+00:00,MARKET_ONLY,0.5210981189628877,0.5210981189628877,1.8,1,NON_PIT,1.0,0.9578037620742246,COUNTERFACTUAL_NON_PIT,False
home_win,0,1646865737d2d6c35e5a,2025-02-11 19:45:00+00:00,MARKET_ONLY,0.3212510356255179,0.3212510356255179,2.9,0,NON_PIT,1.0,0.6425020712510358,COUNTERFACTUAL_NON_PIT,False
home_win,0,1bbaa6f11c2595862338,2025-02-11 19:45:00+00:00,MARKET_ONLY,0.5687203791469194,0.5687203791469194,1.65,1,NON_PIT,1.0,0.8625592417061612,COUNTERFACTUAL_NON_PIT,False
home_win,0,392d18010e0903762813,2025-02-11 19:45:00+00:00,MARKET_ONLY,0.42654028436018954,0.42654028436018954,2.2,0,NON_PIT,1.0,0.8530805687203791,COUNTERFACTUAL_NON_PIT,False
home_win,0,3a2fc8d4d0ec9b7384f3,2025-02-11 19:45:00+00:00,MARKET_ONLY,0.41929720071471116,0.41929720071471116,2.25,1,NON_PIT,1.0,0.8385944014294223,COUNTERFACTUAL_NON_PIT,False
home_win,0,3c5e400106dc43d13019,2025-02-11 19:45:00+00:00,MARKET_ONLY,0.5072616073735894,0.5072616073735894,1.85,1,NON_PIT,1.0,0.9854767852528212,COUNTERFACTUAL_NON_PIT,False
home_win,0,3c7cadc85e4becc17c23,2025-02-11 19:45:00+00:00,MARKET_ONLY,0.46646341463414626,0.46646341463414626,2.0,1,NON_PIT,1.0,0.9329268292682925,COUNTERFACTUAL_NON_PIT,False
home_win,0,43afc2458f9447245ccb,2025-02-11 19:45:00+00:00,MARKET_ONLY,0.607051132383843,0.607051132383843,1.53,0,NON_PIT,1.0,0.785897735232314,COUNTERFACTUAL_NON_PIT,False
home_win,0,60b02e68047773008b24,2025-02-11 19:45:00+00:00,MARKET_ONLY,0.17786252925370546,0.17786252925370546,5.25,0,NON_PIT,1.0,0.355725058507411,COUNTERFACTUAL_NON_PIT,False
home_win,0,63a8fe62728556166a31,2025-02-11 19:45:00+00:00,MARKET_ONLY,0.09412597310686482,0.09412597310686482,10.0,0,NON_PIT,1.0,0.18825194621372965,COUNTERFACTUAL_NON_PIT,False
home_win,0,700ca25878ac4cf51c31,2025-02-11 19:45:00+00:00,MARKET_ONLY,0.5394423427210312,0.5394423427210312,1.73,1,NON_PIT,1.0,0.9211153145579376,COUNTERFACTUAL_NON_PIT,False
home_win,0,7191ebd5d10a71c0d5bd,2025-02-11 19:45:00+00:00,MARKET_ONLY,0.34793286942284074,0.34793286942284074,2.7,1,NON_PIT,1.0,0.6958657388456815,COUNTERFACTUAL_NON_PIT,False
home_win,0,88a5e2b6f74b437683b8,2025-02-11 19:45:00+00:00,MARKET_ONLY,0.4496092967341215,0.4496092967341215,2.05,0,NON_PIT,1.0,0.899218593468243,COUNTERFACTUAL_NON_PIT,False
home_win,0,96495a6a4784c9dc9c7e,2025-02-11 19:45:00+00:00,MARKET_ONLY,0.571994715984148,0.571994715984148,1.62,1,NON_PIT,1.0,0.8560105680317041,COUNTERFACTUAL_NON_PIT,False
home_win,0,f9f3ea5f6d79aee6ca14,2025-02-11 19:45:00+00:00,MARKET_ONLY,0.31097560975609756,0.31097560975609756,3.0,1,NON_PIT,1.0,0.6219512195121951,COUNTERFACTUAL_NON_PIT,False
home_win,0,6c57115e61d79ef3cbf4,2025-02-11 20:00:00+00:00,MARKET_ONLY,0.4333067092651757,0.4333067092651757,2.15,0,NON_PIT,1.0,0.8666134185303515,COUNTERFACTUAL_NON_PIT,False
home_win,0,8aaa1619a7147082326c,2025-02-11 20:00:00+00:00,MARKET_ONLY,0.5352112676056339,0.5352112676056339,1.75,0,NON_PIT,1.0,0.9295774647887323,COUNTERFACTUAL_NON_PIT,False
home_win,0,a33184783ff1626c01ec,2025-02-12 19:30:00+00:00,MARKET_ONLY,0.126984126984127,0.126984126984127,7.5,0,NON_PIT,1.0,0.25396825396825395,COUNTERFACTUAL_NON_PIT,False
home_win,0,063060c5a252095218b5,2025-02-12 19:45:00+00:00,MARKET_ONLY,0.3711340206185567,0.3711340206185567,2.55,0,NON_PIT,1.0,0.7422680412371134,COUNTERFACTUAL_NON_PIT,False
home_win,0,643af3d3befc65191859,2025-02-12 19:45:00+00:00,MARKET_ONLY,0.5638651471984806,0.5638651471984806,1.67,1,NON_PIT,1.0,0.8722697056030388,COUNTERFACTUAL_NON_PIT,False
home_win,0,b03c6f51fb6475b80992,2025-02-12 19:45:00+00:00,MARKET_ONLY,0.2745571658615137,0.2745571658615137,3.4,1,NON_PIT,1.0,0.5491143317230274,COUNTERFACTUAL_NON_PIT,False
home_win,0,c28843f5c6642fa48b0b,2025-02-12 19:45:00+00:00,MARKET_ONLY,0.5615519253208868,0.5615519253208868,1.67,1,NON_PIT,1.0,0.8768961493582264,COUNTERFACTUAL_NON_PIT,False
home_win,0,ea2bd049abe175c5d859,2025-02-12 19:45:00+00:00,MARKET_ONLY,0.5513993621650621,0.5513993621650621,1.73,1,NON_PIT,1.0,0.8972012756698757,COUNTERFACTUAL_NON_PIT,False
home_win,0,0c19a35d3b8422d6bb34,2025-02-12 20:00:00+00:00,MARKET_ONLY,0.5099782110925976,0.5099782110925976,1.83,0,NON_PIT,1.0,0.9800435778148049,COUNTERFACTUAL_NON_PIT,False
home_win,0,0f7de03c9b8a437264bd,2025-02-12 20:00:00+00:00,MARKET_ONLY,0.41883568448241604,0.41883568448241604,2.25,1,NON_PIT,1.0,0.8376713689648321,COUNTERFACTUAL_NON_PIT,False
home_win,0,3002c97802b478186e1c,2025-02-13 20:00:00+00:00,MARKET_ONLY,0.35437430786268,0.35437430786268,2.63,1,NON_PIT,1.0,0.70874861572536,COUNTERFACTUAL_NON_PIT,False
home_win,0,5a3f932ee1393b86dd68,2025-02-14 20:00:00+00:00,MARKET_ONLY,0.3506261180679785,0.3506261180679785,2.7,1,NON_PIT,1.0,0.701252236135957,COUNTERFACTUAL_NON_PIT,False
home_win,0,9fb4265317229ad655b3,2025-02-14 20:00:00+00:00,MARKET_ONLY,0.46444121915820036,0.46444121915820036,2.05,1,NON_PIT,1.0,0.9288824383164007,COUNTERFACTUAL_NON_PIT,False
home_win,0,02df4a1da018d3dd5764,2025-02-15 12:30:00+00:00,MARKET_ONLY,0.27439024390243905,0.27439024390243905,3.4,0,NON_PIT,1.0,0.5487804878048781,COUNTERFACTUAL_NON_PIT,False
home_win,0,070d2c0aaf29b17044e4,2025-02-15 12:30:00+00:00,MARKET_ONLY,0.10999917293854934,0.10999917293854934,8.5,0,NON_PIT,1.0,0.21999834587709866,COUNTERFACTUAL_NON_PIT,False
home_win,0,2102a81bab4ae5b446ad,2025-02-15 12:30:00+00:00,MARKET_ONLY,0.3378860462745897,0.3378860462745897,2.8,0,NON_PIT,1.0,0.6757720925491794,COUNTERFACTUAL_NON_PIT,False
home_win,0,23fd8c930c4bca93a5cf,2025-02-15 12:30:00+00:00,MARKET_ONLY,0.4890832851359167,0.4890832851359167,1.91,1,NON_PIT,1.0,0.9781665702718334,COUNTERFACTUAL_NON_PIT,False
home_win,0,484ecfb06312fb9720ba,2025-02-15 12:30:00+00:00,MARKET_ONLY,0.4012133468149647,0.4012133468149647,2.35,0,NON_PIT,1.0,0.8024266936299294,COUNTERFACTUAL_NON_PIT,False
home_win,0,53c1bd0257e72311d07b,2025-02-15 12:30:00+00:00,MARKET_ONLY,0.5546526123112367,0.5546526123112367,1.67,0,NON_PIT,1.0,0.8906947753775265,COUNTERFACTUAL_NON_PIT,False
home_win,0,7216d9358760264e3159,2025-02-15 12:30:00+00:00,MARKET_ONLY,0.4569015166058744,0.4569015166058744,2.05,0,NON_PIT,1.0,0.9138030332117488,COUNTERFACTUAL_NON_PIT,False
home_win,0,a8adf621ccdca3c606ed,2025-02-15 12:30:00+00:00,MARKET_ONLY,0.25105982100800756,0.25105982100800756,3.75,0,NON_PIT,1.0,0.5021196420160151,COUNTERFACTUAL_NON_PIT,False
home_win,0,11b32f126b5ebe1e82ff,2025-02-15 15:00:00+00:00,MARKET_ONLY,0.4885742581520743,0.4885742581520743,1.91,0,NON_PIT,1.0,0.9771485163041486,COUNTERFACTUAL_NON_PIT,False
home_win,0,13a8a336cfdfb5fa3747,2025-02-15 15:00:00+00:00,MARKET_ONLY,0.3185060847671003,0.3185060847671003,2.9,1,NON_PIT,1.0,0.6370121695342006,COUNTERFACTUAL_NON_PIT,False
home_win,0,1eb7f7c1c9a2cb26e346,2025-02-15 15:00:00+00:00,MARKET_ONLY,0.3559693318729463,0.3559693318729463,2.63,0,NON_PIT,1.0,0.7119386637458927,COUNTERFACTUAL_NON_PIT,False
home_win,0,2425b5228eacdcbf9519,2025-02-15 15:00:00+00:00,MARKET_ONLY,0.5638651471984806,0.5638651471984806,1.67,1,NON_PIT,1.0,0.8722697056030388,COUNTERFACTUAL_NON_PIT,False
home_win,0,2d4efb3b5524335681b3,2025-02-15 15:00:00+00:00,MARKET_ONLY,0.6690140845070423,0.6690140845070423,1.4,0,NON_PIT,1.0,0.6619718309859155,COUNTERFACTUAL_NON_PIT,False
home_win,0,2dcc79aa5f482de56f91,2025-02-15 15:00:00+00:00,MARKET_ONLY,0.2938879125170865,0.2938879125170865,3.2,0,NON_PIT,1.0,0.587775825034173,COUNTERFACTUAL_NON_PIT,False
home_win,0,30956d4ce64e57ae620f,2025-02-15 15:00:00+00:00,MARKET_ONLY,0.5878322828172102,0.5878322828172102,1.6,0,NON_PIT,1.0,0.8243354343655795,COUNTERFACTUAL_NON_PIT,False
home_win,0,3ecbf0dd9e9b1ff1bb4f,2025-02-15 15:00:00+00:00,MARKET_ONLY,0.5086901229334463,0.5086901229334463,1.83,1,NON_PIT,1.0,0.9826197541331074,COUNTERFACTUAL_NON_PIT,False
home_win,0,3f048c103733ad70d7d0,2025-02-15 15:00:00+00:00,MARKET_ONLY,0.15789473684210528,0.15789473684210528,6.0,0,NON_PIT,1.0,0.3157894736842106,COUNTERFACTUAL_NON_PIT,False
home_win,0,43185c5dcc02dda3766e,2025-02-15 15:00:00+00:00,MARKET_ONLY,0.4040270671728008,0.4040270671728008,2.3,1,NON_PIT,1.0,0.8080541343456016,COUNTERFACTUAL_NON_PIT,False
home_win,0,497a1d847c0e39e28390,2025-02-15 15:00:00+00:00,MARKET_ONLY,0.2831858407079646,0.2831858407079646,3.3,0,NON_PIT,1.0,0.5663716814159292,COUNTERFACTUAL_NON_PIT,False
home_win,0,4b99b4d6e2a5efbef4f3,2025-02-15 15:00:00+00:00,MARKET_ONLY,0.39643744821872406,0.39643744821872406,2.35,0,NON_PIT,1.0,0.7928748964374481,COUNTERFACTUAL_NON_PIT,False
home_win,0,4e71fe9abeca013bd568,2025-02-15 15:00:00+00:00,MARKET_ONLY,0.38891095400746684,0.38891095400746684,2.45,1,NON_PIT,1.0,0.7778219080149337,COUNTERFACTUAL_NON_PIT,False
home_win,0,5376a218e9609a3f8583,2025-02-15 15:00:00+00:00,MARKET_ONLY,0.3884711779448622,0.3884711779448622,2.4,1,NON_PIT,1.0,0.7769423558897244,COUNTERFACTUAL_NON_PIT,False
home_win,0,62b4bf36b6c21fef34af,2025-02-15 15:00:00+00:00,MARKET_ONLY,0.379746835443038,0.379746835443038,2.45,0,NON_PIT,1.0,0.759493670886076,COUNTERFACTUAL_NON_PIT,False
home_win,0,66e04e8ee48af26951b0,2025-02-15 15:00:00+00:00,MARKET_ONLY,0.48657187993680895,0.48657187993680895,1.95,1,NON_PIT,1.0,0.9731437598736179,COUNTERFACTUAL_NON_PIT,False
home_win,0,772ae885c9f2dbbacc1a,2025-02-15 15:00:00+00:00,MARKET_ONLY,0.24347630473905216,0.24347630473905216,3.8,0,NON_PIT,1.0,0.48695260947810426,COUNTERFACTUAL_NON_PIT,False
home_win,0,77a30eaef6169ee1c71f,2025-02-15 15:00:00+00:00,MARKET_ONLY,0.391696450835342,0.391696450835342,2.38,0,NON_PIT,1.0,0.783392901670684,COUNTERFACTUAL_NON_PIT,False
home_win,0,8cacbbe5fa80bd47090c,2025-02-15 15:00:00+00:00,MARKET_ONLY,0.43220338983050843,0.43220338983050843,2.2,1,NON_PIT,1.0,0.8644067796610169,COUNTERFACTUAL_NON_PIT,False
home_win,0,adf9e7c9188c675bcde6,2025-02-15 15:00:00+00:00,MARKET_ONLY,0.48,0.48,1.95,0,NON_PIT,1.0,0.96,COUNTERFACTUAL_NON_PIT,False
home_win,0,b4ff94e6b1ef9b1889d8,2025-02-15 15:00:00+00:00,MARKET_ONLY,0.3599402826349265,0.3599402826349265,2.63,0,NON_PIT,1.0,0.719880565269853,COUNTERFACTUAL_NON_PIT,False
home_win,0,b501ddf73d0be3c83de8,2025-02-15 15:00:00+00:00,MARKET_ONLY,0.3829220845704924,0.3829220845704924,2.45,0,NON_PIT,1.0,0.7658441691409849,COUNTERFACTUAL_NON_PIT,False
home_win,0,b704bc44b941697900c2,2025-02-15 15:00:00+00:00,MARKET_ONLY,0.48440311937612485,0.48440311937612485,1.91,1,NON_PIT,1.0,0.9688062387522497,COUNTERFACTUAL_NON_PIT,False
home_win,0,c9e5efa0b4afc0f54fff,2025-02-15 15:00:00+00:00,MARKET_ONLY,0.32146122516831516,0.32146122516831516,2.9,1,NON_PIT,1.0,0.6429224503366303,COUNTERFACTUAL_NON_PIT,False
home_win,0,d9a5c8c881f77c6a211f,2025-02-15 15:00:00+00:00,MARKET_ONLY,0.415347137637028,0.415347137637028,2.25,1,NON_PIT,1.0,0.830694275274056,COUNTERFACTUAL_NON_PIT,False
home_win,0,e1a853808067756d7f16,2025-02-15 15:00:00+00:00,MARKET_ONLY,0.23316062176165803,0.23316062176165803,4.0,0,NON_PIT,1.0,0.46632124352331605,COUNTERFACTUAL_NON_PIT,False
home_win,0,e5f5042b1743a4d15e78,2025-02-15 15:00:00+00:00,MARKET_ONLY,0.39643744821872406,0.39643744821872406,2.35,1,NON_PIT,1.0,0.7928748964374481,COUNTERFACTUAL_NON_PIT,False
home_win,0,e6d7ecd0ec4d76af4cfb,2025-02-15 15:00:00+00:00,MARKET_ONLY,0.23355025307302962,0.23355025307302962,4.0,0,NON_PIT,1.0,0.46710050614605925,COUNTERFACTUAL_NON_PIT,False
home_win,0,eadc6ebedb0003a2e6bd,2025-02-15 15:00:00+00:00,MARKET_ONLY,0.40506329113924044,0.40506329113924044,2.35,0,NON_PIT,1.0,0.8101265822784809,COUNTERFACTUAL_NON_PIT,False
home_win,0,eb76aeb579c12435172a,2025-02-15 15:00:00+00:00,MARKET_ONLY,0.5813953488372093,0.5813953488372093,1.6,1,NON_PIT,1.0,0.8372093023255813,COUNTERFACTUAL_NON_PIT,False
home_win,0,fd15111696c7ad6f085b,2025-02-15 15:00:00+00:00,MARKET_ONLY,0.19620397896181108,0.19620397896181108,4.75,0,NON_PIT,1.0,0.39240795792362215,COUNTERFACTUAL_NON_PIT,False
home_win,0,7e579ff73afb55d32e6d,2025-02-15 17:30:00+00:00,MARKET_ONLY,0.5292652552926526,0.5292652552926526,1.8,0,NON_PIT,1.0,0.9414694894146949,COUNTERFACTUAL_NON_PIT,False
home_win,0,83de72bf9d5827a65026,2025-02-16 14:00:00+00:00,MARKET_ONLY,0.8067226890756303,0.8067226890756303,1.15,1,NON_PIT,1.0,0.38655462184873945,COUNTERFACTUAL_NON_PIT,False
home_win,0,6d6fea6d42b9a22da8de,2025-02-16 16:30:00+00:00,MARKET_ONLY,0.38633191121247273,0.38633191121247273,2.45,1,NON_PIT,1.0,0.7726638224249455,COUNTERFACTUAL_NON_PIT,False
home_win,0,a2b17a2095cba6b3f696,2025-02-17 20:00:00+00:00,MARKET_ONLY,0.6106870229007634,0.6106870229007634,1.53,1,NON_PIT,1.0,0.7786259541984732,COUNTERFACTUAL_NON_PIT,False
home_win,0,3cfdf5f27ea04b313c89,2025-02-18 19:45:00+00:00,MARKET_ONLY,0.38039502560351124,0.38039502560351124,2.45,0,NON_PIT,1.0,0.7607900512070225,COUNTERFACTUAL_NON_PIT,False
home_win,0,9cca4287bd1142cea4fd,2025-02-18 19:45:00+00:00,MARKET_ONLY,0.6622550319146767,0.6622550319146767,1.4,1,NON_PIT,1.0,0.6754899361706466,COUNTERFACTUAL_NON_PIT,False
home_win,0,a9466d691db3bdd69c71,2025-02-18 19:45:00+00:00,MARKET_ONLY,0.24821002386634847,0.24821002386634847,3.75,0,NON_PIT,1.0,0.496420047732697,COUNTERFACTUAL_NON_PIT,False
home_win,0,ac303e1f903fa42fb93e,2025-02-18 19:45:00+00:00,MARKET_ONLY,0.2920934043424826,0.2920934043424826,3.2,0,NON_PIT,1.0,0.5841868086849652,COUNTERFACTUAL_NON_PIT,False
home_win,0,bf4c78e7e646d45c5288,2025-02-18 19:45:00+00:00,MARKET_ONLY,0.3905325443786983,0.3905325443786983,2.4,0,NON_PIT,1.0,0.7810650887573966,COUNTERFACTUAL_NON_PIT,False
home_win,0,d6a935b67f1f0af3fbc1,2025-02-18 19:45:00+00:00,MARKET_ONLY,0.4885742581520743,0.4885742581520743,1.91,0,NON_PIT,1.0,0.9771485163041486,COUNTERFACTUAL_NON_PIT,False
home_win,0,d75530628cd9de002697,2025-02-18 19:45:00+00:00,MARKET_ONLY,0.358695652173913,0.358695652173913,2.6,0,NON_PIT,1.0,0.717391304347826,COUNTERFACTUAL_NON_PIT,False
home_win,0,dfd731bedfe6a3d721e2,2025-02-18 19:45:00+00:00,MARKET_ONLY,0.5173858399664851,0.5173858399664851,1.8,0,NON_PIT,1.0,0.9652283200670297,COUNTERFACTUAL_NON_PIT,False
home_win,0,29d25f95fec2d96fc585,2024-12-21 15:00:00+00:00,BASELINE,0.3465092812029801,0.2160033035799371,4.33,0,NON_PIT,1.0,0.6930185624059602,COUNTERFACTUAL_NON_PIT,False
home_win,0,2aaf3d634aab015519b4,2024-12-21 15:00:00+00:00,BASELINE,0.46624882500944204,0.4605263157894737,2.05,0,NON_PIT,1.0,0.9324976500188841,COUNTERFACTUAL_NON_PIT,False
home_win,0,3abe3f50e1bd8de3c623,2024-12-21 15:00:00+00:00,BASELINE,0.38454385494606497,0.3226605050338339,2.88,0,NON_PIT,1.0,0.7690877098921299,COUNTERFACTUAL_NON_PIT,False
home_win,0,45a14f4d6ff492773cd7,2024-12-21 15:00:00+00:00,BASELINE,0.44482806888272364,0.41212601545472566,2.3,1,NON_PIT,1.0,0.8896561377654473,COUNTERFACTUAL_NON_PIT,False
home_win,0,45c0796dbab55cb76430,2024-12-21 15:00:00+00:00,BASELINE,0.5808431860025762,0.5181373722178536,1.8,1,NON_PIT,1.0,0.8383136279948475,COUNTERFACTUAL_NON_PIT,False
home_win,0,4e64ad78c227d6f24b38,2024-12-21 15:00:00+00:00,BASELINE,0.42373118792155595,0.33289942187679467,2.88,0,NON_PIT,1.0,0.8474623758431119,COUNTERFACTUAL_NON_PIT,False
home_win,0,5018f0ff7f6311f917a1,2024-12-21 15:00:00+00:00,BASELINE,0.6194661204672496,0.8250825082508252,1.14,1,NON_PIT,1.0,0.7610677590655008,COUNTERFACTUAL_NON_PIT,False
home_win,0,56419065b89c707a641d,2024-12-21 15:00:00+00:00,BASELINE,0.4029056041867615,0.17850621297822117,5.25,1,NON_PIT,1.0,0.805811208373523,COUNTERFACTUAL_NON_PIT,False
home_win,0,56d9121f353c92614127,2024-12-21 15:00:00+00:00,BASELINE,0.5702166806782539,0.5380694230924833,1.73,0,NON_PIT,1.0,0.8595666386434921,COUNTERFACTUAL_NON_PIT,False
home_win,0,76e0438dc5dd6c6bad10,2024-12-21 15:00:00+00:00,BASELINE,0.3797552687570406,0.324566546611944,2.88,0,NON_PIT,1.0,0.7595105375140812,COUNTERFACTUAL_NON_PIT,False
home_win,0,8b917e3dc5e5cafe5539,2024-12-21 15:00:00+00:00,BASELINE,0.30447959865009033,0.1995079572537864,4.75,0,NON_PIT,1.0,0.6089591973001807,COUNTERFACTUAL_NON_PIT,False
home_win,0,a65d523247f1c8538fb0,2024-12-21 15:00:00+00:00,BASELINE,0.4437592761438389,0.4034582132564842,2.3,1,NON_PIT,1.0,0.8875185522876778,COUNTERFACTUAL_NON_PIT,False
home_win,0,ba4ec0a6a75d479fdd49,2024-12-21 15:00:00+00:00,BASELINE,0.43002628032368356,0.4049281314168378,2.3,1,NON_PIT,1.0,0.8600525606473671,COUNTERFACTUAL_NON_PIT,False
home_win,0,cd085d7d4c51895085ce,2024-12-21 15:00:00+00:00,BASELINE,0.41291535555790104,0.25392083644510827,3.7,0,NON_PIT,1.0,0.8258307111158021,COUNTERFACTUAL_NON_PIT,False
home_win,0,df58317230b689854d9a,2024-12-21 15:00:00+00:00,BASELINE,0.44577611865131295,0.3701111568546727,2.55,1,NON_PIT,1.0,0.8915522373026259,COUNTERFACTUAL_NON_PIT,False
home_win,0,e1437b8858b1f3ffa907,2024-12-21 15:00:00+00:00,BASELINE,0.5465731118038853,0.4111855061047657,2.3,0,NON_PIT,1.0,0.9068537763922293,COUNTERFACTUAL_NON_PIT,False
home_win,0,e90a3dbb5cfed95ea1bf,2024-12-21 15:00:00+00:00,BASELINE,0.3337367217862774,0.4219886822958771,2.2,1,NON_PIT,1.0,0.6674734435725548,COUNTERFACTUAL_NON_PIT,False
home_win,0,f974d5599df93a3b56d4,2024-12-21 15:00:00+00:00,BASELINE,0.49357042815842245,0.4436536180308422,2.1,0,NON_PIT,1.0,0.9871408563168449,COUNTERFACTUAL_NON_PIT,False
home_win,0,ff35410a3ffd60d6f7c4,2024-12-21 15:00:00+00:00,BASELINE,0.31676331643449485,0.15655853314527504,6.0,0,NON_PIT,1.0,0.6335266328689897,COUNTERFACTUAL_NON_PIT,False
home_win,0,b397ce3078d80d777647,2024-12-21 17:30:00+00:00,BASELINE,0.22896113074672167,0.15336592261028328,6.25,0,NON_PIT,1.0,0.4579222614934433,COUNTERFACTUAL_NON_PIT,False
home_win,0,3caba1b9376c76ba923d,2024-12-22 14:00:00+00:00,BASELINE,0.5431410487761482,0.5256916996047432,1.8,0,NON_PIT,1.0,0.9137179024477036,COUNTERFACTUAL_NON_PIT,False
home_win,0,b3266b8da0b85fb9367a,2024-12-22 14:00:00+00:00,BASELINE,0.45912375568537866,0.3711340206185567,2.55,0,NON_PIT,1.0,0.9182475113707573,COUNTERFACTUAL_NON_PIT,False
home_win,0,c948fa136a4a5210a5e5,2024-12-22 14:00:00+00:00,BASELINE,0.7234494296398735,0.6658656253129068,1.42,0,NON_PIT,1.0,0.5531011407202531,COUNTERFACTUAL_NON_PIT,False
home_win,0,e2e3ca334383701751d8,2024-12-22 14:00:00+00:00,BASELINE,0.28531828087824707,0.18950534759358292,5.0,0,NON_PIT,1.0,0.5706365617564941,COUNTERFACTUAL_NON_PIT,False
home_win,0,96b7fda81792657d9b2b,2024-12-22 15:00:00+00:00,BASELINE,0.40615743150839734,0.4471544715447154,2.1,1,NON_PIT,1.0,0.8123148630167947,COUNTERFACTUAL_NON_PIT,False
home_win,0,4802d4c58253e396632b,2024-12-22 16:30:00+00:00,BASELINE,0.33504578456984646,0.21158844213423023,4.5,0,NON_PIT,1.0,0.6700915691396929,COUNTERFACTUAL_NON_PIT,False
home_win,0,1aa9e563e44954c32617,2024-12-23 20:00:00+00:00,BASELINE,0.3260872083464764,0.12462908011869436,7.5,0,NON_PIT,1.0,0.6521744166929528,COUNTERFACTUAL_NON_PIT,False
home_win,0,3bd76e3db01bf4dd4d62,2024-12-26 12:30:00+00:00,BASELINE,0.6976430942282154,0.7046463956269218,1.33,0,NON_PIT,1.0,0.6047138115435693,COUNTERFACTUAL_NON_PIT,False
home_win,0,22ce4512ae0f893d8036,2024-12-26 13:00:00+00:00,BASELINE,0.5293126022019368,0.6188679245283019,1.5,1,NON_PIT,1.0,0.9413747955961265,COUNTERFACTUAL_NON_PIT,False
home_win,0,0abf43c678c6bb966c5f,2024-12-26 15:00:00+00:00,BASELINE,0.5511020186647361,0.5,1.9,0,NON_PIT,1.0,0.8977959626705279,COUNTERFACTUAL_NON_PIT,False
home_win,0,0e1964de55499721c16c,2024-12-26 15:00:00+00:00,BASELINE,0.4253226126989209,0.5220012055455093,1.8,1,NON_PIT,1.0,0.8506452253978418,COUNTERFACTUAL_NON_PIT,False
home_win,0,18faf5854e69fcb07373,2024-12-26 15:00:00+00:00,BASELINE,0.5249317664171442,0.49702656040180676,1.91,1,NON_PIT,1.0,0.9501364671657115,COUNTERFACTUAL_NON_PIT,False
home_win,0,2ee5e564fcc8068970ab,2024-12-26 15:00:00+00:00,BASELINE,0.5142713133788736,0.44651162790697674,2.1,1,NON_PIT,1.0,0.9714573732422529,COUNTERFACTUAL_NON_PIT,False
home_win,0,31332262859bce8ad338,2024-12-26 15:00:00+00:00,BASELINE,0.6008180201280685,0.6417473541995046,1.48,0,NON_PIT,1.0,0.798363959743863,COUNTERFACTUAL_NON_PIT,False
home_win,0,36f04d03b9eb3a941272,2024-12-26 15:00:00+00:00,BASELINE,0.5061746610908412,0.41929720071471116,2.25,1,NON_PIT,1.0,0.9876506778183176,COUNTERFACTUAL_NON_PIT,False
home_win,0,3934a1b2250b0a7dfd44,2024-12-26 15:00:00+00:00,BASELINE,0.4643319605157735,0.48744623754732935,1.91,1,NON_PIT,1.0,0.928663921031547,COUNTERFACTUAL_NON_PIT,False
home_win,0,44e422d3ec241fff23f6,2024-12-26 15:00:00+00:00,BASELINE,0.5871257886802186,0.5327102803738317,1.75,1,NON_PIT,1.0,0.8257484226395628,COUNTERFACTUAL_NON_PIT,False
home_win,0,46b77b6bd90160a62b58,2024-12-26 15:00:00+00:00,BASELINE,0.4342287244606951,0.5072616073735894,1.85,1,NON_PIT,1.0,0.8684574489213902,COUNTERFACTUAL_NON_PIT,False
home_win,0,4b219552d54420a8dce3,2024-12-26 15:00:00+00:00,BASELINE,0.263170345262949,0.2936129647283127,3.25,0,NON_PIT,1.0,0.526340690525898,COUNTERFACTUAL_NON_PIT,False
home_win,0,5295734838a8e940e135,2024-12-26 15:00:00+00:00,BASELINE,0.5565420166903977,0.5583308845136645,1.67,1,NON_PIT,1.0,0.8869159666192046,COUNTERFACTUAL_NON_PIT,False
home_win,0,5e71638381af643a8a41,2024-12-26 15:00:00+00:00,BASELINE,0.4960643240593316,0.4247787610619469,2.2,1,NON_PIT,1.0,0.9921286481186632,COUNTERFACTUAL_NON_PIT,False
home_win,0,5f70ba1cf7c996d883e7,2024-12-26 15:00:00+00:00,BASELINE,0.576560874616654,0.41883568448241604,2.25,1,NON_PIT,1.0,0.8468782507666921,COUNTERFACTUAL_NON_PIT,False
home_win,0,6265621764c5cdab9665,2024-12-26 15:00:00+00:00,BASELINE,0.47296107183771086,0.5704256252742431,1.65,0,NON_PIT,1.0,0.9459221436754217,COUNTERFACTUAL_NON_PIT,False
home_win,0,6912849fe3755bcd1771,2024-12-26 15:00:00+00:00,BASELINE,0.37764137398384284,0.3450439146800502,2.7,1,NON_PIT,1.0,0.7552827479676857,COUNTERFACTUAL_NON_PIT,False
home_win,0,6a27f35c00d5eed2ee05,2024-12-26 15:00:00+00:00,BASELINE,0.5085796504522246,0.5051038366772262,1.85,0,NON_PIT,1.0,0.9828406990955507,COUNTERFACTUAL_NON_PIT,False
home_win,0,6cfd53ff18a079207cb1,2024-12-26 15:00:00+00:00,BASELINE,0.4631757525421608,0.39215686274509803,2.4,0,NON_PIT,1.0,0.9263515050843216,COUNTERFACTUAL_NON_PIT,False
home_win,0,6e39a525136f1a0b1cb0,2024-12-26 15:00:00+00:00,BASELINE,0.36136153264931864,0.4146032477254405,2.3,1,NON_PIT,1.0,0.7227230652986373,COUNTERFACTUAL_NON_PIT,False
home_win,0,8233b804a0ba4f642b25,2024-12-26 15:00:00+00:00,BASELINE,0.29779406203591147,0.2222222222222222,4.2,1,NON_PIT,1.0,0.5955881240718229,COUNTERFACTUAL_NON_PIT,False
home_win,0,830091a1468f540a850b,2024-12-26 15:00:00+00:00,BASELINE,0.4972173387945205,0.4359404280501035,2.15,1,NON_PIT,1.0,0.994434677589041,COUNTERFACTUAL_NON_PIT,False
home_win,0,89246ca21a8f93f4dc07,2024-12-26 15:00:00+00:00,BASELINE,0.4553898027098155,0.44321329639889195,2.1,0,NON_PIT,1.0,0.910779605419631,COUNTERFACTUAL_NON_PIT,False
home_win,0,98395fbf89c18517dedd,2024-12-26 15:00:00+00:00,BASELINE,0.5042358060664917,0.43421052631578944,2.15,1,NON_PIT,1.0,0.9915283878670167,COUNTERFACTUAL_NON_PIT,False
home_win,0,9c6a73c4497c665a930b,2024-12-26 15:00:00+00:00,BASELINE,0.49750902192549074,0.4776622646810902,1.95,0,NON_PIT,1.0,0.9950180438509815,COUNTERFACTUAL_NON_PIT,False
home_win,0,9ded14064b7fd29d6cce,2024-12-26 15:00:00+00:00,BASELINE,0.4580988505195925,0.4034582132564842,2.3,0,NON_PIT,1.0,0.916197701039185,COUNTERFACTUAL_NON_PIT,False
home_win,0,a0aa4415cfdfdbb2cae8,2024-12-26 15:00:00+00:00,BASELINE,0.5620909589416895,0.5959637003927942,1.57,1,NON_PIT,1.0,0.875818082116621,COUNTERFACTUAL_NON_PIT,False
home_win,0,ab7b8efaa7227aed8a00,2024-12-26 15:00:00+00:00,BASELINE,0.5713146308608831,0.578368999421631,1.62,0,NON_PIT,1.0,0.8573707382782338,COUNTERFACTUAL_NON_PIT,False
home_win,0,c07f342f63e84989808e,2024-12-26 15:00:00+00:00,BASELINE,0.44610980471290124,0.33539731682146534,2.8,0,NON_PIT,1.0,0.8922196094258025,COUNTERFACTUAL_NON_PIT,False
home_win,0,c0a88b5ad6fcb105aa00,2024-12-26 15:00:00+00:00,BASELINE,0.4982199803579667,0.5220012055455093,1.8,1,NON_PIT,1.0,0.9964399607159334,COUNTERFACTUAL_NON_PIT,False
home_win,0,c30bd39d13ef65b10e16,2024-12-26 15:00:00+00:00,BASELINE,0.35689029858526344,0.44365361803084225,2.1,1,NON_PIT,1.0,0.7137805971705269,COUNTERFACTUAL_NON_PIT,False
home_win,0,c85bc42fb1027ff2d168,2024-12-26 15:00:00+00:00,BASELINE,0.35382318565158366,0.308466051969824,3.0,0,NON_PIT,1.0,0.7076463713031673,COUNTERFACTUAL_NON_PIT,False
home_win,0,cf14d16f796330f1d5fd,2024-12-26 15:00:00+00:00,BASELINE,0.650439840420999,0.7729729729729731,1.2,1,NON_PIT,1.0,0.699120319158002,COUNTERFACTUAL_NON_PIT,False
home_win,0,d272ad2f567169850277,2024-12-26 15:00:00+00:00,BASELINE,0.4139836255746555,0.37231960694508065,2.5,1,NON_PIT,1.0,0.827967251149311,COUNTERFACTUAL_NON_PIT,False
home_win,0,dad313a8f57c50ce9d21,2024-12-26 15:00:00+00:00,BASELINE,0.3231967029062747,0.4374145674672916,2.15,1,NON_PIT,1.0,0.6463934058125494,COUNTERFACTUAL_NON_PIT,False
home_win,0,dad55e83b5eafa0fa678,2024-12-26 15:00:00+00:00,BASELINE,0.5335142931836308,0.7099057574385776,1.33,1,NON_PIT,1.0,0.9329714136327385,COUNTERFACTUAL_NON_PIT,False
home_win,0,e7b80246145f44442b61,2024-12-26 15:00:00+00:00,BASELINE,0.44758238785840726,0.6100322159112963,1.53,1,NON_PIT,1.0,0.8951647757168145,COUNTERFACTUAL_NON_PIT,False
home_win,0,f16ecb7127d52456df4b,2024-12-26 15:00:00+00:00,BASELINE,0.4032409091227439,0.4254313401087213,2.2,0,NON_PIT,1.0,0.8064818182454878,COUNTERFACTUAL_NON_PIT,False
home_win,0,fcdfa192572b517593f1,2024-12-26 15:00:00+00:00,BASELINE,0.39701706325563435,0.327653997378768,2.88,1,NON_PIT,1.0,0.7940341265112687,COUNTERFACTUAL_NON_PIT,False
home_win,0,03cbd55057ee10bc3bb4,2024-12-26 17:30:00+00:00,BASELINE,0.42302492152307547,0.3516483516483516,2.7,1,NON_PIT,1.0,0.8460498430461509,COUNTERFACTUAL_NON_PIT,False
home_win,0,4c87b79a1bbd3cb7a0d3,2024-12-26 17:30:00+00:00,BASELINE,0.29907037135178377,0.24414426863815383,3.9,1,NON_PIT,1.0,0.5981407427035675,COUNTERFACTUAL_NON_PIT,False
home_win,0,2613da9d862b9dbf0bad,2024-12-26 20:00:00+00:00,BASELINE,0.8457086957120815,0.8795411089866157,1.08,1,NON_PIT,1.0,0.30858260857583697,COUNTERFACTUAL_NON_PIT,False
home_win,0,f2d7a8a64c539fd58467,2024-12-26 20:00:00+00:00,BASELINE,0.327096719321114,0.15026833631484793,6.25,0,NON_PIT,1.0,0.654193438642228,COUNTERFACTUAL_NON_PIT,False
home_win,0,b3b761d9c751fb93bca0,2024-12-27 19:30:00+00:00,BASELINE,0.48839960990381887,0.5830269494941478,1.62,0,NON_PIT,1.0,0.9767992198076377,COUNTERFACTUAL_NON_PIT,False
home_win,0,2d9ca4759d5a3439da3d,2024-12-27 20:15:00+00:00,BASELINE,0.7938626260971559,0.8314855875831485,1.14,1,NON_PIT,1.0,0.4122747478056883,COUNTERFACTUAL_NON_PIT,False
home_win,0,15578ea0ef051c7ee445,2024-12-29 12:30:00+00:00,BASELINE,0.4168909537721241,0.3794850147741663,2.45,1,NON_PIT,1.0,0.8337819075442482,COUNTERFACTUAL_NON_PIT,False
home_win,0,27a4d53d708aaa21513a,2024-12-29 12:30:00+00:00,BASELINE,0.4397552092840897,0.4290091930541369,2.15,1,NON_PIT,1.0,0.8795104185681794,COUNTERFACTUAL_NON_PIT,False
home_win,0,2b3bc44e364d8671002a,2024-12-29 12:30:00+00:00,BASELINE,0.5742789380100316,0.4896055954925198,1.85,0,NON_PIT,1.0,0.8514421239799368,COUNTERFACTUAL_NON_PIT,False
home_win,0,323cf8fa2eb8e0493eed,2024-12-29 12:30:00+00:00,BASELINE,0.3902069694699076,0.5327281493673832,1.75,0,NON_PIT,1.0,0.7804139389398153,COUNTERFACTUAL_NON_PIT,False
home_win,0,380e84b44eef374bf2c2,2024-12-29 12:30:00+00:00,BASELINE,0.34255666318577843,0.3371104815864023,2.8,1,NON_PIT,1.0,0.6851133263715569,COUNTERFACTUAL_NON_PIT,False
home_win,0,524c2476bb0784ca469c,2024-12-29 12:30:00+00:00,BASELINE,0.46064182495639483,0.48223896663078586,1.95,0,NON_PIT,1.0,0.9212836499127897,COUNTERFACTUAL_NON_PIT,False
home_win,0,b263fe49817601d4821d,2024-12-29 12:30:00+00:00,BASELINE,0.3980270826096687,0.3359683794466403,2.8,0,NON_PIT,1.0,0.7960541652193374,COUNTERFACTUAL_NON_PIT,False
home_win,0,42f5461c66056eae7b04,2024-12-29 14:30:00+00:00,BASELINE,0.14060158047494548,0.12693025623621246,7.5,0,NON_PIT,1.0,0.28120316094989095,COUNTERFACTUAL_NON_PIT,False
home_win,0,01665baaa875a24c3ec3,2024-12-29 15:00:00+00:00,BASELINE,0.46615254333362494,0.5565101929235337,1.67,1,NON_PIT,1.0,0.9323050866672499,COUNTERFACTUAL_NON_PIT,False
home_win,0,0777e9d9c7b8c737873b,2024-12-29 15:00:00+00:00,BASELINE,0.45996155763528296,0.375767498976668,2.5,1,NON_PIT,1.0,0.9199231152705659,COUNTERFACTUAL_NON_PIT,False
home_win,0,09cf18a01f16b10c6387,2024-12-29 15:00:00+00:00,BASELINE,0.34819461487333614,0.31279620853080564,3.0,1,NON_PIT,1.0,0.6963892297466723,COUNTERFACTUAL_NON_PIT,False
home_win,0,1302df00c7515f530067,2024-12-29 15:00:00+00:00,BASELINE,0.6377527598276004,0.6585824796153043,1.42,0,NON_PIT,1.0,0.7244944803447992,COUNTERFACTUAL_NON_PIT,False
home_win,0,2910afefc8700dfaff7f,2024-12-29 15:00:00+00:00,BASELINE,0.5995702022843155,0.5879059350503919,1.6,0,NON_PIT,1.0,0.8008595954313691,COUNTERFACTUAL_NON_PIT,False
home_win,0,2a8e71ed17864785cecc,2024-12-29 15:00:00+00:00,BASELINE,0.5093928671293477,0.6117647058823529,1.5,0,NON_PIT,1.0,0.9812142657413045,COUNTERFACTUAL_NON_PIT,False
home_win,0,3658ce6285308438a3f5,2024-12-29 15:00:00+00:00,BASELINE,0.45597228174129983,0.41568296795952775,2.2,1,NON_PIT,1.0,0.9119445634825997,COUNTERFACTUAL_NON_PIT,False
home_win,0,3f6780ae0f02ac4be853,2024-12-29 15:00:00+00:00,BASELINE,0.5472031816452709,0.5185185185185186,1.8,1,NON_PIT,1.0,0.9055936367094581,COUNTERFACTUAL_NON_PIT,False
home_win,0,52569e1786b4f9bc6755,2024-12-29 15:00:00+00:00,BASELINE,0.4390471702082657,0.4473684210526316,2.1,1,NON_PIT,1.0,0.8780943404165314,COUNTERFACTUAL_NON_PIT,False
home_win,0,5b466ce002e1940d76bd,2024-12-29 15:00:00+00:00,BASELINE,0.5778782408712144,0.7238095238095239,1.25,1,NON_PIT,1.0,0.8442435182575712,COUNTERFACTUAL_NON_PIT,False
home_win,0,5d6079ac7db416ebd0a9,2024-12-29 15:00:00+00:00,BASELINE,0.3848238405114526,0.4592445328031809,2.0,0,NON_PIT,1.0,0.7696476810229052,COUNTERFACTUAL_NON_PIT,False
home_win,0,62acec9081bd573baeb8,2024-12-29 15:00:00+00:00,BASELINE,0.40997620995279616,0.5257095980311731,1.8,0,NON_PIT,1.0,0.8199524199055923,COUNTERFACTUAL_NON_PIT,False
home_win,0,62bedc8ce22a67957dfd,2024-12-29 15:00:00+00:00,BASELINE,0.4905358370309229,0.5078597339782346,1.85,1,NON_PIT,1.0,0.9810716740618458,COUNTERFACTUAL_NON_PIT,False
home_win,0,789aa247abf9c5f3d5df,2024-12-29 15:00:00+00:00,BASELINE,0.5751135179458912,0.42767047694126925,2.2,1,NON_PIT,1.0,0.8497729641082177,COUNTERFACTUAL_NON_PIT,False
home_win,0,85a9a21abd4ed145bd47,2024-12-29 15:00:00+00:00,BASELINE,0.6022093731335285,0.5738880918220947,1.65,1,NON_PIT,1.0,0.795581253732943,COUNTERFACTUAL_NON_PIT,False
home_win,0,8883e89405295c5ff18a,2024-12-29 15:00:00+00:00,BASELINE,0.37909180962356853,0.3682310469314079,2.5,0,NON_PIT,1.0,0.7581836192471371,COUNTERFACTUAL_NON_PIT,False
home_win,0,9bf834b446b26f456055,2024-12-29 15:00:00+00:00,BASELINE,0.4733945530528257,0.4822695035460994,1.95,0,NON_PIT,1.0,0.9467891061056514,COUNTERFACTUAL_NON_PIT,False
home_win,0,a9b1a80053890c03c67d,2024-12-29 15:00:00+00:00,BASELINE,0.5487453034518863,0.5533287619997507,1.7,0,NON_PIT,1.0,0.9025093930962274,COUNTERFACTUAL_NON_PIT,False
home_win,0,b44d9fb20283870d111d,2024-12-29 15:00:00+00:00,BASELINE,0.6309321743206006,0.536416983085951,1.7,1,NON_PIT,1.0,0.7381356513587989,COUNTERFACTUAL_NON_PIT,False
home_win,0,c9511ef558f43249ae17,2024-12-29 15:00:00+00:00,BASELINE,0.57777927567112,0.6346967559943583,1.48,0,NON_PIT,1.0,0.84444144865776,COUNTERFACTUAL_NON_PIT,False
home_win,0,cbe5feee0587491ed645,2024-12-29 15:00:00+00:00,BASELINE,0.4745972818737608,0.41025641025641024,2.3,0,NON_PIT,1.0,0.9491945637475216,COUNTERFACTUAL_NON_PIT,False
home_win,0,d09038116b247c3426d0,2024-12-29 15:00:00+00:00,BASELINE,0.4225981980595596,0.32315978456014366,2.9,0,NON_PIT,1.0,0.8451963961191192,COUNTERFACTUAL_NON_PIT,False
home_win,0,d46fdb6a7e18826de644,2024-12-29 15:00:00+00:00,BASELINE,0.43525682637774027,0.3127962085308057,2.9,0,NON_PIT,1.0,0.8705136527554805,COUNTERFACTUAL_NON_PIT,False
home_win,0,d4fe980e7171c5f72513,2024-12-29 15:00:00+00:00,BASELINE,0.468027792495495,0.3648208469055374,2.6,0,NON_PIT,1.0,0.93605558499099,COUNTERFACTUAL_NON_PIT,False
home_win,0,d5fe350cc19bad2bf5c1,2024-12-29 15:00:00+00:00,BASELINE,0.5100967626985338,0.5389221556886228,1.75,1,NON_PIT,1.0,0.9798064746029325,COUNTERFACTUAL_NON_PIT,False
home_win,0,ddfb419bf4b365acf2e8,2024-12-29 15:00:00+00:00,BASELINE,0.5588060263631359,0.4701492537313433,2.0,0,NON_PIT,1.0,0.8823879472737282,COUNTERFACTUAL_NON_PIT,False
home_win,0,e245be2836fcef45b3fa,2024-12-29 15:00:00+00:00,BASELINE,0.3988223645339885,0.31232642597735527,2.9,1,NON_PIT,1.0,0.797644729067977,COUNTERFACTUAL_NON_PIT,False
home_win,0,e62f7892da26369077f5,2024-12-29 15:00:00+00:00,BASELINE,0.5069847023015266,0.4569015166058744,2.05,0,NON_PIT,1.0,0.9860305953969468,COUNTERFACTUAL_NON_PIT,False
home_win,0,e97d6c9e3f0c4391f5e7,2024-12-29 15:00:00+00:00,BASELINE,0.4503296633505407,0.3457003785830179,2.63,0,NON_PIT,1.0,0.9006593267010814,COUNTERFACTUAL_NON_PIT,False
home_win,0,eaaa9c5c3a6576b9a9ad,2024-12-29 15:00:00+00:00,BASELINE,0.6898414096307921,0.5924105170128148,1.57,1,NON_PIT,1.0,0.6203171807384158,COUNTERFACTUAL_NON_PIT,False
home_win,0,3b4c0a6df49b429a6057,2024-12-29 17:15:00+00:00,BASELINE,0.20443081618842673,0.13513513513513511,7.0,0,NON_PIT,1.0,0.40886163237685347,COUNTERFACTUAL_NON_PIT,False
home_win,0,2e2e92dda175ca4c08c0,2024-12-29 17:45:00+00:00,BASELINE,0.37352507804691804,0.18812989921612544,5.0,0,NON_PIT,1.0,0.7470501560938361,COUNTERFACTUAL_NON_PIT,False
home_win,0,3f92964234897d6d7753,2024-12-29 20:00:00+00:00,BASELINE,0.46701304580922165,0.41354540790148797,2.25,0,NON_PIT,1.0,0.9340260916184433,COUNTERFACTUAL_NON_PIT,False
home_win,0,1a5f263987488196294f,2024-12-30 19:45:00+00:00,BASELINE,0.48879364192249936,0.49315068493150677,1.9,0,NON_PIT,1.0,0.9775872838449987,COUNTERFACTUAL_NON_PIT,False
home_win,0,e73c16437a798054e7a6,2024-12-30 19:45:00+00:00,BASELINE,0.24562521349023217,0.1439701173959445,6.5,1,NON_PIT,1.0,0.4912504269804643,COUNTERFACTUAL_NON_PIT,False
home_win,0,316324b4684d2a1a5008,2024-12-30 20:00:00+00:00,BASELINE,0.32640562631484754,0.34914425427872864,2.75,0,NON_PIT,1.0,0.6528112526296951,COUNTERFACTUAL_NON_PIT,False
home_win,0,cb6804cb21efb9eadf43,2024-12-30 20:00:00+00:00,BASELINE,0.5141711348074803,0.5284126651289578,1.73,1,NON_PIT,1.0,0.9716577303850393,COUNTERFACTUAL_NON_PIT,False
home_win,0,a6e9018fe75429fb14e1,2025-01-01 12:30:00+00:00,BASELINE,0.325464635464833,0.23515805705474174,4.0,0,NON_PIT,1.0,0.650929270929666,COUNTERFACTUAL_NON_PIT,False
home_win,0,f9dcb93b3a4cd585ea73,2025-01-01 12:30:00+00:00,BASELINE,0.48646414263255394,0.3711340206185567,2.55,1,NON_PIT,1.0,0.9729282852651079,COUNTERFACTUAL_NON_PIT,False
home_win,0,6142b0f5f93e4fde1658,2025-01-01 13:00:00+00:00,BASELINE,0.5455203058932682,0.562008242787561,1.67,0,NON_PIT,1.0,0.9089593882134637,COUNTERFACTUAL_NON_PIT,False
home_win,0,0c3861ce261e2ef8a256,2025-01-01 15:00:00+00:00,BASELINE,0.4076058505777336,0.3251999676819907,2.88,0,NON_PIT,1.0,0.8152117011554671,COUNTERFACTUAL_NON_PIT,False
home_win,0,16e58902c10d12587c81,2025-01-01 15:00:00+00:00,BASELINE,0.5664337775425583,0.4915346805024577,1.9,1,NON_PIT,1.0,0.8671324449148834,COUNTERFACTUAL_NON_PIT,False
home_win,0,183314cadeca4a01a15d,2025-01-01 15:00:00+00:00,BASELINE,0.34954170968534737,0.26459143968871596,3.5,0,NON_PIT,1.0,0.6990834193706947,COUNTERFACTUAL_NON_PIT,False
home_win,0,36892b4f27cb241e63da,2025-01-01 15:00:00+00:00,BASELINE,0.40178856315350897,0.2823250296559905,3.3,0,NON_PIT,1.0,0.8035771263070179,COUNTERFACTUAL_NON_PIT,False
home_win,0,3a271a1529b909c2a192,2025-01-01 15:00:00+00:00,BASELINE,0.5013485202522331,0.6880733944954128,1.36,0,NON_PIT,1.0,0.9973029594955338,COUNTERFACTUAL_NON_PIT,False
home_win,0,4575cbe837f41753942b,2025-01-01 15:00:00+00:00,BASELINE,0.35728388200168554,0.37110187110187104,2.5,0,NON_PIT,1.0,0.7145677640033711,COUNTERFACTUAL_NON_PIT,False
home_win,0,4d819cce4820a1f442d6,2025-01-01 15:00:00+00:00,BASELINE,0.4648182688415901,0.47291361639824303,2.0,1,NON_PIT,1.0,0.9296365376831802,COUNTERFACTUAL_NON_PIT,False
home_win,0,534bd5f1e90da4df4391,2025-01-01 15:00:00+00:00,BASELINE,0.3620015728870032,0.39643744821872406,2.35,1,NON_PIT,1.0,0.7240031457740064,COUNTERFACTUAL_NON_PIT,False
home_win,0,55da9edc3b3dd7d1748e,2025-01-01 15:00:00+00:00,BASELINE,0.4053179488181259,0.3316728933167289,2.8,1,NON_PIT,1.0,0.8106358976362518,COUNTERFACTUAL_NON_PIT,False
home_win,0,59c356212b285742017a,2025-01-01 15:00:00+00:00,BASELINE,0.42953662993187774,0.3450439146800502,2.7,0,NON_PIT,1.0,0.8590732598637555,COUNTERFACTUAL_NON_PIT,False
home_win,0,5d7eed39588062d8bd08,2025-01-01 15:00:00+00:00,BASELINE,0.4327375334297344,0.36649214659685864,2.55,0,NON_PIT,1.0,0.8654750668594688,COUNTERFACTUAL_NON_PIT,False
home_win,0,5eb20b59e5b54deaf106,2025-01-01 15:00:00+00:00,BASELINE,0.4594913470150167,0.4243156199677939,2.2,0,NON_PIT,1.0,0.9189826940300334,COUNTERFACTUAL_NON_PIT,False
home_win,0,5f873d9312f5365e5cee,2025-01-01 15:00:00+00:00,BASELINE,0.38422124260021906,0.32710280373831774,2.88,1,NON_PIT,1.0,0.7684424852004381,COUNTERFACTUAL_NON_PIT,False
home_win,0,6bafbff40a3cc5d3bba0,2025-01-01 15:00:00+00:00,BASELINE,0.37020107533744123,0.37231960694508065,2.5,1,NON_PIT,1.0,0.7404021506748825,COUNTERFACTUAL_NON_PIT,False
home_win,0,7246c9b32ddce3c66223,2025-01-01 15:00:00+00:00,BASELINE,0.44503190440623974,0.3539159761835367,2.63,0,NON_PIT,1.0,0.8900638088124795,COUNTERFACTUAL_NON_PIT,False
home_win,0,7d623e120394f11d7732,2025-01-01 15:00:00+00:00,BASELINE,0.31364457329755696,0.2327257312420517,4.0,0,NON_PIT,1.0,0.6272891465951139,COUNTERFACTUAL_NON_PIT,False
home_win,0,86f095a58f9f1b52a4f5,2025-01-01 15:00:00+00:00,BASELINE,0.30537053338787673,0.2653981953707336,3.5,0,NON_PIT,1.0,0.6107410667757535,COUNTERFACTUAL_NON_PIT,False
home_win,0,89a3bb053a8a5085c727,2025-01-01 15:00:00+00:00,BASELINE,0.3991407033260285,0.4040270671728008,2.3,1,NON_PIT,1.0,0.798281406652057,COUNTERFACTUAL_NON_PIT,False
home_win,0,94745d90a68104d4815c,2025-01-01 15:00:00+00:00,BASELINE,0.44026913813197804,0.47646057855927393,1.95,0,NON_PIT,1.0,0.8805382762639561,COUNTERFACTUAL_NON_PIT,False
home_win,0,add2bae75aee9d2202d7,2025-01-01 15:00:00+00:00,BASELINE,0.5873524387902878,0.5995320050399457,1.55,0,NON_PIT,1.0,0.8252951224194245,COUNTERFACTUAL_NON_PIT,False
home_win,0,b0219bde307b709a3532,2025-01-01 15:00:00+00:00,BASELINE,0.4014097625863167,0.375767498976668,2.5,0,NON_PIT,1.0,0.8028195251726334,COUNTERFACTUAL_NON_PIT,False
home_win,0,c038f6753ccdfd4d13ae,2025-01-01 15:00:00+00:00,BASELINE,0.5397611575334765,0.6104945747546898,1.53,0,NON_PIT,1.0,0.9204776849330469,COUNTERFACTUAL_NON_PIT,False
home_win,0,c1a63ba7989453a7e4fb,2025-01-01 15:00:00+00:00,BASELINE,0.43779328692956476,0.5140093406910212,1.83,1,NON_PIT,1.0,0.8755865738591295,COUNTERFACTUAL_NON_PIT,False
home_win,0,c48fba99835e925fce5c,2025-01-01 15:00:00+00:00,BASELINE,0.594004162159811,0.5924839182936463,1.57,1,NON_PIT,1.0,0.811991675680378,COUNTERFACTUAL_NON_PIT,False
home_win,0,c610c2524298a7af1209,2025-01-01 15:00:00+00:00,BASELINE,0.4771031052996554,0.5157232704402516,1.8,0,NON_PIT,1.0,0.9542062105993108,COUNTERFACTUAL_NON_PIT,False
home_win,0,d9f30e087fddd9a53365,2025-01-01 15:00:00+00:00,BASELINE,0.49346128042361376,0.5380694230924833,1.73,1,NON_PIT,1.0,0.9869225608472275,COUNTERFACTUAL_NON_PIT,False
home_win,0,f031ec3cb7e63561cdb6,2025-01-01 15:00:00+00:00,BASELINE,0.42068289469214937,0.3869346733668342,2.4,1,NON_PIT,1.0,0.8413657893842987,COUNTERFACTUAL_NON_PIT,False
home_win,0,704641ff0a4c51c0d514,2025-01-01 17:30:00+00:00,BASELINE,0.1998258092749657,0.14530005310674457,6.5,0,NON_PIT,1.0,0.3996516185499315,COUNTERFACTUAL_NON_PIT,False
home_win,0,c0f3ac0c7a3c569f521a,2025-01-01 17:30:00+00:00,BASELINE,0.3649667545741647,0.28767123287671237,3.25,0,NON_PIT,1.0,0.7299335091483294,COUNTERFACTUAL_NON_PIT,False
home_win,0,f3500334b0ff049d89ca,2025-01-01 20:00:00+00:00,BASELINE,0.5392933667465994,0.4093097913322633,2.3,1,NON_PIT,1.0,0.9214132665068011,COUNTERFACTUAL_NON_PIT,False
home_win,0,29b2bb20f7c9cfa02a4a,2025-01-02 19:45:00+00:00,BASELINE,0.40118190666322473,0.4233870967741936,2.2,0,NON_PIT,1.0,0.8023638133264495,COUNTERFACTUAL_NON_PIT,False
home_win,0,79b0d34e6d845eb823e1,2025-01-02 19:45:00+00:00,BASELINE,0.39099193659901804,0.19532780708364733,4.75,0,NON_PIT,1.0,0.7819838731980361,COUNTERFACTUAL_NON_PIT,False
home_win,0,38635df1181e1d1b5ea0,2025-01-04 12:30:00+00:00,BASELINE,0.42987542361901165,0.36802973977695175,2.55,0,NON_PIT,1.0,0.8597508472380233,COUNTERFACTUAL_NON_PIT,False
home_win,0,632b89474b4a66bf8481,2025-01-04 12:30:00+00:00,BASELINE,0.36036438361402007,0.32917532917532916,2.88,0,NON_PIT,1.0,0.7207287672280401,COUNTERFACTUAL_NON_PIT,False
home_win,0,6e1cd0026c734c843167,2025-01-04 12:30:00+00:00,BASELINE,0.48591943462786474,0.4323289327824247,2.15,0,NON_PIT,1.0,0.9718388692557295,COUNTERFACTUAL_NON_PIT,False
home_win,0,9b146e2ae8183279d2b7,2025-01-04 12:30:00+00:00,BASELINE,0.42053532743926403,0.451165096678235,2.05,0,NON_PIT,1.0,0.8410706548785281,COUNTERFACTUAL_NON_PIT,False
home_win,0,b51d9591993fa583d6f1,2025-01-04 12:30:00+00:00,BASELINE,0.4768260149737221,0.2944881889763779,3.2,0,NON_PIT,1.0,0.9536520299474442,COUNTERFACTUAL_NON_PIT,False
home_win,0,cbd0cc985dc13ef7f403,2025-01-04 12:30:00+00:00,BASELINE,0.51194097556794,0.5674967234600262,1.65,0,NON_PIT,1.0,0.9761180488641199,COUNTERFACTUAL_NON_PIT,False
home_win,0,f8b905a78f3076e351fa,2025-01-04 12:30:00+00:00,BASELINE,0.5379964589766345,0.5557666730001901,1.67,1,NON_PIT,1.0,0.924007082046731,COUNTERFACTUAL_NON_PIT,False
home_win,0,8ce3916abae009a1013f,2025-01-04 13:00:00+00:00,BASELINE,0.4617067536620355,0.5072616073735894,1.85,1,NON_PIT,1.0,0.923413507324071,COUNTERFACTUAL_NON_PIT,False
home_win,0,099473df946e5c1c4423,2025-01-04 15:00:00+00:00,BASELINE,0.3990985076328825,0.39016393442622954,2.4,1,NON_PIT,1.0,0.798197015265765,COUNTERFACTUAL_NON_PIT,False
home_win,0,0d0eea47147ac76c7734,2025-01-04 15:00:00+00:00,BASELINE,0.6151685341132338,0.6104945747546898,1.53,1,NON_PIT,1.0,0.7696629317735324,COUNTERFACTUAL_NON_PIT,False
home_win,0,1d094883541014915dc7,2025-01-04 15:00:00+00:00,BASELINE,0.682551102798841,0.7151598592626587,1.33,1,NON_PIT,1.0,0.634897794402318,COUNTERFACTUAL_NON_PIT,False
home_win,0,38fef076bf1bdfd347d6,2025-01-04 15:00:00+00:00,BASELINE,0.49262980853430627,0.5477819635580841,1.73,1,NON_PIT,1.0,0.9852596170686125,COUNTERFACTUAL_NON_PIT,False
home_win,0,409ce76ac942bdf86dce,2025-01-04 15:00:00+00:00,BASELINE,0.32377671105178335,0.19564323879983558,4.75,0,NON_PIT,1.0,0.6475534221035667,COUNTERFACTUAL_NON_PIT,False
home_win,0,554a3fbfa0e3188166a9,2025-01-04 15:00:00+00:00,BASELINE,0.472359504362302,0.5399533013361008,1.73,0,NON_PIT,1.0,0.944719008724604,COUNTERFACTUAL_NON_PIT,False
home_win,0,5d7d353cfcbbdd8f051c,2025-01-04 15:00:00+00:00,BASELINE,0.4721260415171513,0.47646057855927393,1.95,0,NON_PIT,1.0,0.9442520830343026,COUNTERFACTUAL_NON_PIT,False
home_win,0,5f44d243dfd631be485f,2025-01-04 15:00:00+00:00,BASELINE,0.40150884355426614,0.41883568448241604,2.25,0,NON_PIT,1.0,0.8030176871085323,COUNTERFACTUAL_NON_PIT,False
home_win,0,62aad877484030e55e9c,2025-01-04 15:00:00+00:00,BASELINE,0.49217693438271254,0.4930629669156883,1.9,1,NON_PIT,1.0,0.9843538687654251,COUNTERFACTUAL_NON_PIT,False
home_win,0,6a8b1ecca2042ca27de7,2025-01-04 15:00:00+00:00,BASELINE,0.5666188935618603,0.6088400411164703,1.53,1,NON_PIT,1.0,0.8667622128762793,COUNTERFACTUAL_NON_PIT,False
home_win,0,6f5c7fb6dc7faf20a590,2025-01-04 15:00:00+00:00,BASELINE,0.5298171571690824,0.5310316481709823,1.75,0,NON_PIT,1.0,0.9403656856618352,COUNTERFACTUAL_NON_PIT,False
home_win,0,795afe126d9ca4e670a9,2025-01-04 15:00:00+00:00,BASELINE,0.5502741336408628,0.5087751040347386,1.81,0,NON_PIT,1.0,0.8994517327182745,COUNTERFACTUAL_NON_PIT,False
home_win,0,79ab5d1dc4e8a43536cc,2025-01-04 15:00:00+00:00,BASELINE,0.48403038597921905,0.4473684210526316,2.1,0,NON_PIT,1.0,0.9680607719584381,COUNTERFACTUAL_NON_PIT,False
home_win,0,7ddb66e09f53febe0583,2025-01-04 15:00:00+00:00,BASELINE,0.45449476175011627,0.4862936537739392,1.9,0,NON_PIT,1.0,0.9089895235002325,COUNTERFACTUAL_NON_PIT,False
home_win,0,87832d10aa410db5f3e2,2025-01-04 15:00:00+00:00,BASELINE,0.5450760520159865,0.5072616073735894,1.85,0,NON_PIT,1.0,0.909847895968027,COUNTERFACTUAL_NON_PIT,False
home_win,0,8797871b303b5c620a76,2025-01-04 15:00:00+00:00,BASELINE,0.6227510401099361,0.5680921571721634,1.61,1,NON_PIT,1.0,0.7544979197801278,COUNTERFACTUAL_NON_PIT,False
home_win,0,8e196d7484bb4ee1c799,2025-01-04 15:00:00+00:00,BASELINE,0.4326380254907021,0.44173495902458526,2.1,1,NON_PIT,1.0,0.8652760509814043,COUNTERFACTUAL_NON_PIT,False
home_win,0,9037a3e7290b358b99c6,2025-01-04 15:00:00+00:00,BASELINE,0.4786328061732624,0.5726034665723382,1.62,0,NON_PIT,1.0,0.9572656123465249,COUNTERFACTUAL_NON_PIT,False
home_win,0,94ea687fd6cca9704e50,2025-01-04 15:00:00+00:00,BASELINE,0.5545535094818344,0.5977796754910334,1.57,0,NON_PIT,1.0,0.8908929810363313,COUNTERFACTUAL_NON_PIT,False
home_win,0,97f7fef11af5b575858b,2025-01-04 15:00:00+00:00,BASELINE,0.30825282672727883,0.17070932214501117,5.5,0,NON_PIT,1.0,0.6165056534545577,COUNTERFACTUAL_NON_PIT,False
home_win,0,ac6e69d972bee10d60fc,2025-01-04 15:00:00+00:00,BASELINE,0.386335375811576,0.3411167512690355,2.75,0,NON_PIT,1.0,0.772670751623152,COUNTERFACTUAL_NON_PIT,False
home_win,0,cc27ca6cac231758362d,2025-01-04 15:00:00+00:00,BASELINE,0.49451088009175204,0.5011684342980406,1.85,0,NON_PIT,1.0,0.9890217601835041,COUNTERFACTUAL_NON_PIT,False
home_win,0,cd1faffda196dc1a3e14,2025-01-04 15:00:00+00:00,BASELINE,0.34790204752033943,0.24982124483353968,3.8,0,NON_PIT,1.0,0.6958040950406789,COUNTERFACTUAL_NON_PIT,False
home_win,0,dcc1c6e1be926a5706f5,2025-01-04 15:00:00+00:00,BASELINE,0.40635499912778916,0.30275767651085467,3.1,0,NON_PIT,1.0,0.8127099982555783,COUNTERFACTUAL_NON_PIT,False
home_win,0,ee95f19b59b3150cd96e,2025-01-04 15:00:00+00:00,BASELINE,0.23879329405215083,0.31924882629107976,3.0,0,NON_PIT,1.0,0.47758658810430166,COUNTERFACTUAL_NON_PIT,False
home_win,0,f409aef6042e0839453f,2025-01-04 15:00:00+00:00,BASELINE,0.42382161100518256,0.46842309182487407,1.96,0,NON_PIT,1.0,0.8476432220103651,COUNTERFACTUAL_NON_PIT,False
home_win,0,fd70fa5ff7d2314c4847,2025-01-04 15:00:00+00:00,BASELINE,0.7442379701893523,0.7239382239382238,1.3,1,NON_PIT,1.0,0.5115240596212953,COUNTERFACTUAL_NON_PIT,False
home_win,0,017bde626c3b174e3c43,2025-01-04 17:30:00+00:00,BASELINE,0.22785664452509335,0.21928755908581452,4.33,0,NON_PIT,1.0,0.4557132890501867,COUNTERFACTUAL_NON_PIT,False
home_win,0,eb27af0acfd4629c154c,2025-01-05 14:00:00+00:00,BASELINE,0.5731498544619463,0.6102722850464338,1.55,0,NON_PIT,1.0,0.8537002910761073,COUNTERFACTUAL_NON_PIT,False
home_win,0,b321a5605c58f7b29521,2025-01-05 15:00:00+00:00,BASELINE,0.44222603847360004,0.4247787610619469,2.2,1,NON_PIT,1.0,0.8844520769472001,COUNTERFACTUAL_NON_PIT,False
home_win,0,dbf5f5e36ec443874e70,2025-01-05 15:00:00+00:00,BASELINE,0.5732982107683017,0.6346967559943583,1.48,1,NON_PIT,1.0,0.8534035784633967,COUNTERFACTUAL_NON_PIT,False
home_win,0,6561136d550dbe976a8b,2025-01-05 16:30:00+00:00,BASELINE,0.7597449013498477,0.7311812232661865,1.29,0,NON_PIT,1.0,0.48051019730030453,COUNTERFACTUAL_NON_PIT,False
home_win,0,068e1c5c99c263fc54c0,2025-01-06 20:00:00+00:00,BASELINE,0.5439476448940439,0.3897043622079801,2.4,1,NON_PIT,1.0,0.9121047102119122,COUNTERFACTUAL_NON_PIT,False
home_win,0,111d389fd03ea75cab0a,2025-01-06 20:00:00+00:00,BASELINE,0.4122746207569647,0.28851430811446493,3.3,0,NON_PIT,1.0,0.8245492415139294,COUNTERFACTUAL_NON_PIT,False
home_win,0,3018b5f74ce12816fc8d,2025-01-07 19:45:00+00:00,BASELINE,0.4683471664267043,0.37499999999999994,2.5,0,NON_PIT,1.0,0.9366943328534086,COUNTERFACTUAL_NON_PIT,False
home_win,0,2aa87ffd0aa3c9f617d1,2025-01-11 12:30:00+00:00,BASELINE,0.6508210174100235,0.6100322159112963,1.53,1,NON_PIT,1.0,0.698357965179953,COUNTERFACTUAL_NON_PIT,False
home_win,0,fbb1b185026aab2e2ddc,2025-01-11 12:30:00+00:00,BASELINE,0.38775018109177417,0.3539159761835367,2.63,1,NON_PIT,1.0,0.7755003621835483,COUNTERFACTUAL_NON_PIT,False
home_win,0,fdf4789a62b3dd121857,2025-01-11 15:00:00+00:00,BASELINE,0.32928712921929104,0.3316582914572864,2.8,0,NON_PIT,1.0,0.6585742584385821,COUNTERFACTUAL_NON_PIT,False
home_win,0,2dedcd3ff1312e273e0c,2025-01-14 19:30:00+00:00,BASELINE,0.21800200689109414,0.1975093616650701,4.75,0,NON_PIT,1.0,0.43600401378218834,COUNTERFACTUAL_NON_PIT,False
home_win,0,a23141fa8fac5452a334,2025-01-14 19:30:00+00:00,BASELINE,0.5050200042449522,0.6417473541995046,1.48,0,NON_PIT,1.0,0.9899599915100956,COUNTERFACTUAL_NON_PIT,False
home_win,0,e4efe03bf33bcba3f037,2025-01-14 19:30:00+00:00,BASELINE,0.3583112028109806,0.3181818181818181,3.0,1,NON_PIT,1.0,0.7166224056219612,COUNTERFACTUAL_NON_PIT,False
home_win,0,14aa8d3b11863d770fc6,2025-01-14 19:45:00+00:00,BASELINE,0.44007788200162895,0.4041204437400951,2.35,0,NON_PIT,1.0,0.8801557640032579,COUNTERFACTUAL_NON_PIT,False
home_win,0,5760037b45afc80dbab4,2025-01-14 19:45:00+00:00,BASELINE,0.46175225229688377,0.41929720071471116,2.25,0,NON_PIT,1.0,0.9235045045937675,COUNTERFACTUAL_NON_PIT,False
home_win,0,e91027b02efb28f972a9,2025-01-14 20:00:00+00:00,BASELINE,0.2362401610732227,0.18111910994764396,5.25,0,NON_PIT,1.0,0.4724803221464454,COUNTERFACTUAL_NON_PIT,False
home_win,0,16b33f1e6a144da45197,2025-01-15 19:30:00+00:00,BASELINE,0.6909771362824507,0.7055805003207184,1.36,1,NON_PIT,1.0,0.6180457274350986,COUNTERFACTUAL_NON_PIT,False
home_win,0,25d03ca464b428d3925d,2025-01-15 19:30:00+00:00,BASELINE,0.32452851773358354,0.24241142252776307,3.9,0,NON_PIT,1.0,0.6490570354671671,COUNTERFACTUAL_NON_PIT,False
home_win,0,e6180b5e52a2d2d49a55,2025-01-15 19:30:00+00:00,BASELINE,0.3474815896916569,0.2916584109371904,3.25,0,NON_PIT,1.0,0.6949631793833138,COUNTERFACTUAL_NON_PIT,False
home_win,0,30ca867a23454708c47b,2025-01-15 19:45:00+00:00,BASELINE,0.4805408642374543,0.5496094879953717,1.73,1,NON_PIT,1.0,0.9610817284749086,COUNTERFACTUAL_NON_PIT,False
home_win,0,b6643f8582b0d0722a7e,2025-01-15 20:00:00+00:00,BASELINE,0.6630196916215052,0.6818181818181818,1.4,1,NON_PIT,1.0,0.6739606167569896,COUNTERFACTUAL_NON_PIT,False
home_win,0,51e6516c1197b0f56c23,2025-01-16 19:30:00+00:00,BASELINE,0.34131597988759316,0.24414426863815383,3.9,0,NON_PIT,1.0,0.6826319597751863,COUNTERFACTUAL_NON_PIT,False
home_win,0,a5914fc259b4b456fcdf,2025-01-16 20:00:00+00:00,BASELINE,0.3113201172858746,0.24591988130563794,3.8,1,NON_PIT,1.0,0.6226402345717492,COUNTERFACTUAL_NON_PIT,False
home_win,0,fa9b5db7963a434594b6,2025-01-16 20:00:00+00:00,BASELINE,0.7387584932143284,0.7403078121955972,1.29,1,NON_PIT,1.0,0.5224830135713432,COUNTERFACTUAL_NON_PIT,False
home_win,0,c7e108d0f28eb02662b2,2025-01-17 19:45:00+00:00,BASELINE,0.4077960133212362,0.31119311193111926,3.0,1,NON_PIT,1.0,0.8155920266424724,COUNTERFACTUAL_NON_PIT,False
home_win,0,2fe79f6e34b5be3fdcb7,2025-01-17 20:00:00+00:00,BASELINE,0.4416941152403405,0.43785365853658537,2.15,0,NON_PIT,1.0,0.883388230480681,COUNTERFACTUAL_NON_PIT,False
home_win,0,494ad7abcf0a58920479,2025-01-18 12:30:00+00:00,BASELINE,0.43124182108864456,0.3151515151515151,3.0,0,NON_PIT,1.0,0.8624836421772891,COUNTERFACTUAL_NON_PIT,False
home_win,0,68f5fa82a9a576f9581a,2025-01-18 12:30:00+00:00,BASELINE,0.3726654230311004,0.28629524196827977,3.25,0,NON_PIT,1.0,0.7453308460622008,COUNTERFACTUAL_NON_PIT,False
home_win,0,7ae7cfdb7c38023fef5d,2025-01-18 12:30:00+00:00,BASELINE,0.4840306389308649,0.3559693318729463,2.63,1,NON_PIT,1.0,0.9680612778617298,COUNTERFACTUAL_NON_PIT,False
home_win,0,b5d55071893ae779e1e5,2025-01-18 12:30:00+00:00,BASELINE,0.5078354159572538,0.4571863987046386,2.05,0,NON_PIT,1.0,0.9843291680854924,COUNTERFACTUAL_NON_PIT,False
home_win,0,b7255c4b8c3f58af55ec,2025-01-18 12:30:00+00:00,BASELINE,0.5784698659787464,0.5848930481283423,1.62,0,NON_PIT,1.0,0.8430602680425072,COUNTERFACTUAL_NON_PIT,False
home_win,0,bd76a10c67deb44b8c83,2025-01-18 12:30:00+00:00,BASELINE,0.33950469475147865,0.3226605050338339,2.88,0,NON_PIT,1.0,0.6790093895029573,COUNTERFACTUAL_NON_PIT,False
home_win,0,db8f85446d93dad7179e,2025-01-18 12:30:00+00:00,BASELINE,0.34785861918920685,0.33685880486515074,2.75,0,NON_PIT,1.0,0.6957172383784137,COUNTERFACTUAL_NON_PIT,False
home_win,0,e04e22a6abd9b593ab20,2025-01-18 12:30:00+00:00,BASELINE,0.37856480313723173,0.29076860512403413,3.2,0,NON_PIT,1.0,0.7571296062744635,COUNTERFACTUAL_NON_PIT,False
home_win,0,81778c4d9a77a5651988,2025-01-18 14:00:00+00:00,BASELINE,0.37520644261121505,0.23353293413173648,4.0,0,NON_PIT,1.0,0.7504128852224301,COUNTERFACTUAL_NON_PIT,False
home_win,0,046723025d859d126ad4,2025-01-18 15:00:00+00:00,BASELINE,0.3521086927932951,0.3138041733547351,3.0,1,NON_PIT,1.0,0.7042173855865902,COUNTERFACTUAL_NON_PIT,False
home_win,0,07b16207b7c0732ee25f,2025-01-18 15:00:00+00:00,BASELINE,0.4464125531859672,0.40414507772020725,2.3,1,NON_PIT,1.0,0.8928251063719344,COUNTERFACTUAL_NON_PIT,False
home_win,0,0bc76ba8e3a017b09947,2025-01-18 15:00:00+00:00,BASELINE,0.41358828886433396,0.42834645669291344,2.2,0,NON_PIT,1.0,0.8271765777286679,COUNTERFACTUAL_NON_PIT,False
home_win,0,23a011a408b9f188f322,2025-01-18 15:00:00+00:00,BASELINE,0.4270888527556408,0.3661058743984409,2.6,0,NON_PIT,1.0,0.8541777055112816,COUNTERFACTUAL_NON_PIT,False
home_win,0,277107683ebd9455a7b4,2025-01-18 15:00:00+00:00,BASELINE,0.39861490024394913,0.2074074074074074,4.5,1,NON_PIT,1.0,0.7972298004878983,COUNTERFACTUAL_NON_PIT,False
home_win,0,32b048bd54c619c4a2bc,2025-01-18 15:00:00+00:00,BASELINE,0.43773974287432255,0.451165096678235,2.05,0,NON_PIT,1.0,0.8754794857486451,COUNTERFACTUAL_NON_PIT,False
home_win,0,3f694d6bad292ca182cc,2025-01-18 15:00:00+00:00,BASELINE,0.5532671327232451,0.600157936299026,1.55,1,NON_PIT,1.0,0.8934657345535097,COUNTERFACTUAL_NON_PIT,False
home_win,0,45fb63850a1b000b44ba,2025-01-18 15:00:00+00:00,BASELINE,0.48971923029711456,0.42081447963800905,2.2,1,NON_PIT,1.0,0.9794384605942291,COUNTERFACTUAL_NON_PIT,False
home_win,0,46b97cdc3042886a872b,2025-01-18 15:00:00+00:00,BASELINE,0.2617089511136351,0.29076860512403413,3.2,0,NON_PIT,1.0,0.5234179022272702,COUNTERFACTUAL_NON_PIT,False
home_win,0,56275e96d046e4206a8b,2025-01-18 15:00:00+00:00,BASELINE,0.1949037263756426,0.1454024165472046,6.5,0,NON_PIT,1.0,0.38980745275128514,COUNTERFACTUAL_NON_PIT,False
home_win,0,64af208f480fdb3ba7c8,2025-01-18 15:00:00+00:00,BASELINE,0.3813077482136628,0.24696356275303644,3.75,1,NON_PIT,1.0,0.7626154964273256,COUNTERFACTUAL_NON_PIT,False
home_win,0,737047eebe4b1ce928ec,2025-01-18 15:00:00+00:00,BASELINE,0.4278031147661966,0.4471544715447154,2.1,1,NON_PIT,1.0,0.8556062295323932,COUNTERFACTUAL_NON_PIT,False
home_win,0,76b22cdef83768c00e62,2025-01-18 15:00:00+00:00,BASELINE,0.49397905090980304,0.40639082343301924,2.3,0,NON_PIT,1.0,0.9879581018196061,COUNTERFACTUAL_NON_PIT,False
home_win,0,8076964421e187269110,2025-01-18 15:00:00+00:00,BASELINE,0.36908857983989485,0.3773824650571791,2.45,0,NON_PIT,1.0,0.7381771596797897,COUNTERFACTUAL_NON_PIT,False
home_win,0,8bc1bb528a64be92853a,2025-01-18 15:00:00+00:00,BASELINE,0.5184682845339029,0.6258701121070758,1.48,1,NON_PIT,1.0,0.9630634309321942,COUNTERFACTUAL_NON_PIT,False
home_win,0,8bc53c048f9fc5a80784,2025-01-18 15:00:00+00:00,BASELINE,0.6186673107780881,0.618042226487524,1.5,0,NON_PIT,1.0,0.7626653784438238,COUNTERFACTUAL_NON_PIT,False
home_win,0,95b7c7e8b1961dabf81d,2025-01-18 15:00:00+00:00,BASELINE,0.5107845842874774,0.4247787610619469,2.2,0,NON_PIT,1.0,0.9784308314250452,COUNTERFACTUAL_NON_PIT,False
home_win,0,9c8fe6d4175cc0a4487b,2025-01-18 15:00:00+00:00,BASELINE,0.2822542402987155,0.21853978671041838,4.33,0,NON_PIT,1.0,0.564508480597431,COUNTERFACTUAL_NON_PIT,False
home_win,0,9f3a88abd1cd2bfe81f9,2025-01-18 15:00:00+00:00,BASELINE,0.5329323496919646,0.4473684210526316,2.1,1,NON_PIT,1.0,0.9341353006160709,COUNTERFACTUAL_NON_PIT,False
home_win,0,a5ec4f58f1955f9a291f,2025-01-18 15:00:00+00:00,BASELINE,0.47179678816612286,0.2920353982300885,3.2,0,NON_PIT,1.0,0.9435935763322457,COUNTERFACTUAL_NON_PIT,False
home_win,0,a633c699b6b1c4dc423e,2025-01-18 15:00:00+00:00,BASELINE,0.46563749737739746,0.3591549295774647,2.6,0,NON_PIT,1.0,0.9312749947547949,COUNTERFACTUAL_NON_PIT,False
home_win,0,a9e0c07d98756cee51ca,2025-01-18 15:00:00+00:00,BASELINE,0.665183675048317,0.5468942289008355,1.7,1,NON_PIT,1.0,0.669632649903366,COUNTERFACTUAL_NON_PIT,False
home_win,0,aaecc72eb67e0be20c8e,2025-01-18 15:00:00+00:00,BASELINE,0.5508893823417733,0.5030540935415162,1.85,0,NON_PIT,1.0,0.8982212353164534,COUNTERFACTUAL_NON_PIT,False
home_win,0,d42647ba85adf540ed65,2025-01-18 15:00:00+00:00,BASELINE,0.3549699748506533,0.4276704769412692,2.2,0,NON_PIT,1.0,0.7099399497013066,COUNTERFACTUAL_NON_PIT,False
home_win,0,e3ef797098a991e96d06,2025-01-18 15:00:00+00:00,BASELINE,0.3689688259998351,0.30112721417069244,3.1,0,NON_PIT,1.0,0.7379376519996702,COUNTERFACTUAL_NON_PIT,False
home_win,0,f296944f3ab72de85d6b,2025-01-18 15:00:00+00:00,BASELINE,0.4983381743985169,0.543564639689755,1.73,0,NON_PIT,1.0,0.9966763487970338,COUNTERFACTUAL_NON_PIT,False
home_win,0,f79b5c39e7642ed767cc,2025-01-18 15:00:00+00:00,BASELINE,0.6113056768973861,0.7159005275056518,1.3,1,NON_PIT,1.0,0.7773886462052277,COUNTERFACTUAL_NON_PIT,False
home_win,0,35df6b23d999093cb670,2025-01-18 17:30:00+00:00,BASELINE,0.6896110306202354,0.6328555678059536,1.5,0,NON_PIT,1.0,0.6207779387595291,COUNTERFACTUAL_NON_PIT,False
home_win,0,cf919f43985f2c5bab84,2025-01-19 12:00:00+00:00,BASELINE,0.5256326578450239,0.6880733944954128,1.36,1,NON_PIT,1.0,0.9487346843099522,COUNTERFACTUAL_NON_PIT,False
home_win,0,e3eef2b02ee98c293828,2025-01-19 14:00:00+00:00,BASELINE,0.7491303836865083,0.6835147045597626,1.38,1,NON_PIT,1.0,0.5017392326269834,COUNTERFACTUAL_NON_PIT,False
home_win,0,e945b3a8575140585158,2025-01-19 14:00:00+00:00,BASELINE,0.3596192944871251,0.33980582524271846,2.8,1,NON_PIT,1.0,0.7192385889742502,COUNTERFACTUAL_NON_PIT,False
home_win,0,eaf5d46e2749a4a8904b,2025-01-19 14:00:00+00:00,BASELINE,0.4138252084379068,0.45051194539249145,2.1,0,NON_PIT,1.0,0.8276504168758136,COUNTERFACTUAL_NON_PIT,False
home_win,0,359d3907bba3968d715d,2025-01-19 16:30:00+00:00,BASELINE,0.17812807721609802,0.12589262099973555,7.5,0,NON_PIT,1.0,0.35625615443219605,COUNTERFACTUAL_NON_PIT,False
home_win,0,cbccf586a2c1aecd35ee,2025-01-20 20:00:00+00:00,BASELINE,0.6646011880124031,0.6916813176644768,1.36,1,NON_PIT,1.0,0.6707976239751938,COUNTERFACTUAL_NON_PIT,False
home_win,0,035d336c88c793529852,2025-01-21 19:45:00+00:00,BASELINE,0.4047651123556481,0.327653997378768,2.88,0,NON_PIT,1.0,0.8095302247112962,COUNTERFACTUAL_NON_PIT,False
home_win,0,039f74c97c94e01ba7fd,2025-01-21 19:45:00+00:00,BASELINE,0.5080421140247648,0.5731985189404728,1.62,0,NON_PIT,1.0,0.9839157719504703,COUNTERFACTUAL_NON_PIT,False
home_win,0,296599df382ab4807169,2025-01-21 19:45:00+00:00,BASELINE,0.4284684899629423,0.45172802404207363,2.1,0,NON_PIT,1.0,0.8569369799258846,COUNTERFACTUAL_NON_PIT,False
home_win,0,2d23f84ad4a32a455807,2025-01-21 19:45:00+00:00,BASELINE,0.4167060061008488,0.2518122853872567,3.7,0,NON_PIT,1.0,0.8334120122016976,COUNTERFACTUAL_NON_PIT,False
home_win,0,2f6f9545e8df848ed675,2025-01-21 19:45:00+00:00,BASELINE,0.37690858570069957,0.4881988033623316,1.91,0,NON_PIT,1.0,0.7538171714013991,COUNTERFACTUAL_NON_PIT,False
home_win,0,39717fc6dd83712b1942,2025-01-21 19:45:00+00:00,BASELINE,0.45806716054191565,0.42642767819924965,2.15,1,NON_PIT,1.0,0.9161343210838313,COUNTERFACTUAL_NON_PIT,False
home_win,0,52f0468e80a3518fa5d9,2025-01-21 19:45:00+00:00,BASELINE,0.5119640429977241,0.32613126783530366,2.9,1,NON_PIT,1.0,0.9760719140045517,COUNTERFACTUAL_NON_PIT,False
home_win,0,880b84a581ebae995d2e,2025-01-21 19:45:00+00:00,BASELINE,0.4693820733115229,0.4776622646810903,1.95,1,NON_PIT,1.0,0.9387641466230457,COUNTERFACTUAL_NON_PIT,False
home_win,0,9f65af6c0d454f3cf625,2025-01-21 19:45:00+00:00,BASELINE,0.3073076564851924,0.26829268292682923,3.5,0,NON_PIT,1.0,0.6146153129703849,COUNTERFACTUAL_NON_PIT,False
home_win,0,a2094c0f3d2b18bf770a,2025-01-21 19:45:00+00:00,BASELINE,0.46778767553097766,0.37037037037037035,2.55,0,NON_PIT,1.0,0.9355753510619553,COUNTERFACTUAL_NON_PIT,False
home_win,0,a7a6f95b147a7f5ef9e5,2025-01-21 19:45:00+00:00,BASELINE,0.4143530883476964,0.4473684210526316,2.1,0,NON_PIT,1.0,0.8287061766953928,COUNTERFACTUAL_NON_PIT,False
home_win,0,b570feb1158b62024bf1,2025-01-21 19:45:00+00:00,BASELINE,0.4585929925429898,0.43040554310169143,2.15,0,NON_PIT,1.0,0.9171859850859796,COUNTERFACTUAL_NON_PIT,False
home_win,0,452636e93f318eb9670b,2025-01-21 20:00:00+00:00,BASELINE,0.45075518632743816,0.4361743154647127,2.15,0,NON_PIT,1.0,0.9015103726548763,COUNTERFACTUAL_NON_PIT,False
home_win,0,160c6b2d92a6d7f42b1c,2025-01-22 19:45:00+00:00,BASELINE,0.434730098307652,0.3839448694546424,2.45,1,NON_PIT,1.0,0.869460196615304,COUNTERFACTUAL_NON_PIT,False
home_win,0,927193c1765821c33f52,2025-01-22 19:45:00+00:00,BASELINE,0.45241100752260777,0.3774574049803408,2.5,0,NON_PIT,1.0,0.9048220150452155,COUNTERFACTUAL_NON_PIT,False
home_win,0,f53df6e20e3ffc03e7d2,2025-01-22 19:45:00+00:00,BASELINE,0.6484018352697011,0.676056338028169,1.38,1,NON_PIT,1.0,0.7031963294605978,COUNTERFACTUAL_NON_PIT,False
home_win,0,769b66e85591d245e86b,2025-01-22 20:00:00+00:00,BASELINE,0.31695944705328766,0.15584415584415584,6.0,0,NON_PIT,1.0,0.6339188941065753,COUNTERFACTUAL_NON_PIT,False
home_win,0,8d56b66ddb30c1ed8d62,2025-01-23 20:00:00+00:00,BASELINE,0.38085755552751394,0.28289473684210525,3.3,0,NON_PIT,1.0,0.7617151110550279,COUNTERFACTUAL_NON_PIT,False
home_win,0,cdf3f035a4aca6a3f6e0,2025-01-24 19:45:00+00:00,BASELINE,0.44850827245444386,0.25808281338627337,3.6,0,NON_PIT,1.0,0.8970165449088877,COUNTERFACTUAL_NON_PIT,False
home_win,0,913d4c57d82b39407ab9,2025-01-24 20:00:00+00:00,BASELINE,0.545190341166304,0.5459176541848509,1.73,0,NON_PIT,1.0,0.9096193176673919,COUNTERFACTUAL_NON_PIT,False
home_win,0,0118274b041ab440ac52,2025-01-25 12:30:00+00:00,BASELINE,0.44160476433372065,0.4689603590127151,2.0,0,NON_PIT,1.0,0.8832095286674413,COUNTERFACTUAL_NON_PIT,False
home_win,0,40e4a5bb5219cb79c146,2025-01-25 12:30:00+00:00,BASELINE,0.5189747502892009,0.48143053645116923,1.95,0,NON_PIT,1.0,0.9620504994215981,COUNTERFACTUAL_NON_PIT,False
home_win,0,61a5461de983bad38841,2025-01-25 12:30:00+00:00,BASELINE,0.4143572180793575,0.3559693318729463,2.63,0,NON_PIT,1.0,0.828714436158715,COUNTERFACTUAL_NON_PIT,False
home_win,0,79144e20a7aedaf42d28,2025-01-25 12:30:00+00:00,BASELINE,0.4504130260829632,0.4407039020657996,2.15,1,NON_PIT,1.0,0.9008260521659264,COUNTERFACTUAL_NON_PIT,False
home_win,0,df0dcf67a2e69f140069,2025-01-25 12:30:00+00:00,BASELINE,0.3667081298857905,0.35437430786268,2.63,1,NON_PIT,1.0,0.733416259771581,COUNTERFACTUAL_NON_PIT,False
home_win,0,e0dcc51c203f249de250,2025-01-25 12:30:00+00:00,BASELINE,0.3228048821490219,0.42669584245076586,2.2,0,NON_PIT,1.0,0.6456097642980438,COUNTERFACTUAL_NON_PIT,False
home_win,0,e69929dacba8cc51997c,2025-01-25 12:30:00+00:00,BASELINE,0.336858872964181,0.2676137454405836,3.5,1,NON_PIT,1.0,0.673717745928362,COUNTERFACTUAL_NON_PIT,False
home_win,0,02c861efadcef212e418,2025-01-25 15:00:00+00:00,BASELINE,0.48571006887123547,0.4243156199677939,2.2,1,NON_PIT,1.0,0.9714201377424709,COUNTERFACTUAL_NON_PIT,False
home_win,0,042a80cfd94f3c3b1dda,2025-01-25 15:00:00+00:00,BASELINE,0.44149155821984354,0.48440311937612485,1.91,1,NON_PIT,1.0,0.8829831164396871,COUNTERFACTUAL_NON_PIT,False
home_win,0,080e73c874e42e760c9f,2025-01-25 15:00:00+00:00,BASELINE,0.5552733436619771,0.5157232704402516,1.8,0,NON_PIT,1.0,0.8894533126760458,COUNTERFACTUAL_NON_PIT,False
home_win,0,09081a968bd3d9d0b177,2025-01-25 15:00:00+00:00,BASELINE,0.5076747749635923,0.6781838949171902,1.38,1,NON_PIT,1.0,0.9846504500728155,COUNTERFACTUAL_NON_PIT,False
home_win,0,1df09abc92d3de82c540,2025-01-25 15:00:00+00:00,BASELINE,0.5575211144086265,0.5717651950932151,1.67,0,NON_PIT,1.0,0.884957771182747,COUNTERFACTUAL_NON_PIT,False
home_win,0,2139cf9c55f4fe51f9db,2025-01-25 15:00:00+00:00,BASELINE,0.4806838215784035,0.4636078864934587,2.05,1,NON_PIT,1.0,0.961367643156807,COUNTERFACTUAL_NON_PIT,False
home_win,0,2e0fe0566af10cb5f045,2025-01-25 15:00:00+00:00,BASELINE,0.5861178159991643,0.6343005725307324,1.45,1,NON_PIT,1.0,0.8277643680016713,COUNTERFACTUAL_NON_PIT,False
home_win,0,34f79bdfa882f863727a,2025-01-25 15:00:00+00:00,BASELINE,0.1655682067785713,0.1467230860066916,6.5,0,NON_PIT,1.0,0.33113641355714263,COUNTERFACTUAL_NON_PIT,False
home_win,0,4e977a2beaa5c39c65c8,2025-01-25 15:00:00+00:00,BASELINE,0.170408013199601,0.13544369486248053,7.0,0,NON_PIT,1.0,0.34081602639920194,COUNTERFACTUAL_NON_PIT,False
home_win,0,4ea74915bed8bd504f79,2025-01-25 15:00:00+00:00,BASELINE,0.5671388716558334,0.6081738566331496,1.51,1,NON_PIT,1.0,0.8657222566883331,COUNTERFACTUAL_NON_PIT,False
home_win,0,5999ee4068dfea7ff95c,2025-01-25 15:00:00+00:00,BASELINE,0.6082737222902183,0.4945015963107485,1.9,0,NON_PIT,1.0,0.7834525554195635,COUNTERFACTUAL_NON_PIT,False
home_win,0,6c848885ee343f8445b8,2025-01-25 15:00:00+00:00,BASELINE,0.4741760392277209,0.5622942825795441,1.67,1,NON_PIT,1.0,0.9483520784554418,COUNTERFACTUAL_NON_PIT,False
home_win,0,74081e4aaf9723dd6c5f,2025-01-25 15:00:00+00:00,BASELINE,0.6388499281038689,0.75,1.25,0,NON_PIT,1.0,0.7223001437922623,COUNTERFACTUAL_NON_PIT,False
home_win,0,7c496feadbd2e21c3db1,2025-01-25 15:00:00+00:00,BASELINE,0.4119584434928223,0.2903225806451613,3.25,1,NON_PIT,1.0,0.8239168869856446,COUNTERFACTUAL_NON_PIT,False
home_win,0,7d8e7f3127d8c2f58d73,2025-01-25 15:00:00+00:00,BASELINE,0.40238062984677125,0.28054298642533937,3.3,1,NON_PIT,1.0,0.8047612596935425,COUNTERFACTUAL_NON_PIT,False
home_win,0,851b32554a759bed2f35,2025-01-25 15:00:00+00:00,BASELINE,0.516296873417459,0.5104690942308037,1.81,0,NON_PIT,1.0,0.967406253165082,COUNTERFACTUAL_NON_PIT,False
home_win,0,85d57fa17ba931b27249,2025-01-25 15:00:00+00:00,BASELINE,0.6174957302245465,0.7003891050583657,1.33,0,NON_PIT,1.0,0.765008539550907,COUNTERFACTUAL_NON_PIT,False
home_win,0,887235e7ce78f163822e,2025-01-25 15:00:00+00:00,BASELINE,0.8225411462407348,0.8605851979345955,1.08,1,NON_PIT,1.0,0.35491770751853036,COUNTERFACTUAL_NON_PIT,False
home_win,0,88960f17411743236ec8,2025-01-25 15:00:00+00:00,BASELINE,0.49149617410185265,0.5051038366772262,1.85,0,NON_PIT,1.0,0.9829923482037053,COUNTERFACTUAL_NON_PIT,False
home_win,0,9431f7ed5eff7c51eb1a,2025-01-25 15:00:00+00:00,BASELINE,0.3765326470613643,0.4452054794520548,2.1,1,NON_PIT,1.0,0.7530652941227286,COUNTERFACTUAL_NON_PIT,False
home_win,0,9ad8b14c8730c91c18c5,2025-01-25 15:00:00+00:00,BASELINE,0.38777776994779445,0.3974358974358974,2.35,0,NON_PIT,1.0,0.7755555398955889,COUNTERFACTUAL_NON_PIT,False
home_win,0,9d8a7caf6cd70485f399,2025-01-25 15:00:00+00:00,BASELINE,0.440168741932586,0.48143053645116923,1.95,1,NON_PIT,1.0,0.880337483865172,COUNTERFACTUAL_NON_PIT,False
home_win,0,9efe629b08c0c9eb50c0,2025-01-25 15:00:00+00:00,BASELINE,0.5026058635010164,0.5518087063151441,1.7,1,NON_PIT,1.0,0.9947882729979671,COUNTERFACTUAL_NON_PIT,False
home_win,0,c14d88a17845672c5bd9,2025-01-25 15:00:00+00:00,BASELINE,0.4302167809654345,0.4436536180308422,2.1,0,NON_PIT,1.0,0.860433561930869,COUNTERFACTUAL_NON_PIT,False
home_win,0,cda91fbff788b3c63e77,2025-01-25 15:00:00+00:00,BASELINE,0.38140566061768055,0.2356360384529399,3.9,1,NON_PIT,1.0,0.7628113212353611,COUNTERFACTUAL_NON_PIT,False
home_win,0,dab0ba389fdc18ddcdcf,2025-01-25 15:00:00+00:00,BASELINE,0.5051342778351916,0.5420741468672235,1.73,1,NON_PIT,1.0,0.9897314443296168,COUNTERFACTUAL_NON_PIT,False
home_win,0,e357897a3f3ac2a03507,2025-01-25 15:00:00+00:00,BASELINE,0.4102674375755983,0.32146122516831516,2.9,0,NON_PIT,1.0,0.8205348751511966,COUNTERFACTUAL_NON_PIT,False
home_win,0,ed007b2fbf077ebdb4ad,2025-01-25 15:00:00+00:00,BASELINE,0.4867214541803598,0.3783122706889523,2.5,0,NON_PIT,1.0,0.9734429083607196,COUNTERFACTUAL_NON_PIT,False
home_win,0,f824399329cd9895a2bc,2025-01-25 15:00:00+00:00,BASELINE,0.4572776449361391,0.574915973819211,1.62,1,NON_PIT,1.0,0.9145552898722782,COUNTERFACTUAL_NON_PIT,False
home_win,0,fcb7d771e01e2579b5b9,2025-01-25 15:00:00+00:00,BASELINE,0.5293430229985542,0.5772394621886877,1.62,1,NON_PIT,1.0,0.9413139540028916,COUNTERFACTUAL_NON_PIT,False
home_win,0,3ceed70c70639da0ea89,2025-01-25 17:30:00+00:00,BASELINE,0.6148047717955561,0.468666785016865,2.05,1,NON_PIT,1.0,0.7703904564088877,COUNTERFACTUAL_NON_PIT,False
home_win,0,1a3b96e7accd45dad0c5,2025-01-26 14:00:00+00:00,BASELINE,0.6073599148747022,0.6547619047619047,1.45,0,NON_PIT,1.0,0.7852801702505956,COUNTERFACTUAL_NON_PIT,False
home_win,0,5fc68ea982239627b78b,2025-01-26 14:00:00+00:00,BASELINE,0.4671668616170381,0.4612804025719877,2.05,0,NON_PIT,1.0,0.9343337232340762,COUNTERFACTUAL_NON_PIT,False
home_win,0,fe424dab0700ff51309a,2025-01-26 16:30:00+00:00,BASELINE,0.6523102105947225,0.6174990513369328,1.53,0,NON_PIT,1.0,0.695379578810555,COUNTERFACTUAL_NON_PIT,False
home_win,0,b72d3a83eb15a7408967,2025-01-26 19:00:00+00:00,BASELINE,0.4644060220275114,0.41349548842683415,2.3,0,NON_PIT,1.0,0.9288120440550228,COUNTERFACTUAL_NON_PIT,False
home_win,0,63e2db859f781aa53694,2025-01-27 20:00:00+00:00,BASELINE,0.45891374714991895,0.31119311193111926,3.0,0,NON_PIT,1.0,0.9178274942998379,COUNTERFACTUAL_NON_PIT,False
home_win,0,0c4f05a610a08ab589d4,2025-01-28 19:45:00+00:00,BASELINE,0.38783270060960845,0.3788187372708758,2.5,0,NON_PIT,1.0,0.7756654012192169,COUNTERFACTUAL_NON_PIT,False
home_win,0,12bdb1c55f1100815d05,2025-01-28 19:45:00+00:00,BASELINE,0.39012925536736714,0.29076860512403413,3.2,0,NON_PIT,1.0,0.7802585107347343,COUNTERFACTUAL_NON_PIT,False
home_win,0,18df911407231f6a0ef2,2025-01-28 19:45:00+00:00,BASELINE,0.394188809795833,0.3664265580958347,2.55,1,NON_PIT,1.0,0.788377619591666,COUNTERFACTUAL_NON_PIT,False
home_win,0,4c174b8fbd9c992a4bdf,2025-01-28 19:45:00+00:00,BASELINE,0.5380822116982529,0.629537369997383,1.48,0,NON_PIT,1.0,0.9238355766034942,COUNTERFACTUAL_NON_PIT,False
home_win,0,4f6b31c1cfc853b064d5,2025-01-28 19:45:00+00:00,BASELINE,0.34701533844179033,0.2987012987012987,3.1,1,NON_PIT,1.0,0.6940306768835807,COUNTERFACTUAL_NON_PIT,False
home_win,0,50291002d4541b1772cc,2025-01-28 19:45:00+00:00,BASELINE,0.46275464852194825,0.3925261436288843,2.38,0,NON_PIT,1.0,0.9255092970438965,COUNTERFACTUAL_NON_PIT,False
home_win,0,5606995a61a4bc980300,2025-01-28 19:45:00+00:00,BASELINE,0.5359834226123611,0.5185185185185186,1.8,1,NON_PIT,1.0,0.9280331547752778,COUNTERFACTUAL_NON_PIT,False
home_win,0,5e5c01c79d46a61f7cb6,2025-01-28 19:45:00+00:00,BASELINE,0.5765946069954052,0.6392245012644,1.44,1,NON_PIT,1.0,0.8468107860091896,COUNTERFACTUAL_NON_PIT,False
home_win,0,5ec76a7e0b244eb6c182,2025-01-28 19:45:00+00:00,BASELINE,0.4515328936577929,0.453118870145155,2.05,0,NON_PIT,1.0,0.9030657873155858,COUNTERFACTUAL_NON_PIT,False
home_win,0,63202512911cf91ac249,2025-01-28 19:45:00+00:00,BASELINE,0.5576578468365739,0.6153846153846154,1.5,1,NON_PIT,1.0,0.8846843063268521,COUNTERFACTUAL_NON_PIT,False
home_win,0,694f7247d74a5f762809,2025-01-28 19:45:00+00:00,BASELINE,0.5265384243721891,0.4569015166058744,2.05,1,NON_PIT,1.0,0.9469231512556218,COUNTERFACTUAL_NON_PIT,False
home_win,0,6b9858a70acf4116261e,2025-01-28 19:45:00+00:00,BASELINE,0.4951569050374359,0.672192459314667,1.38,1,NON_PIT,1.0,0.9903138100748718,COUNTERFACTUAL_NON_PIT,False
home_win,0,82e03725adc90d34a705,2025-01-28 19:45:00+00:00,BASELINE,0.42391772225144736,0.39340623201512787,2.38,0,NON_PIT,1.0,0.8478354445028947,COUNTERFACTUAL_NON_PIT,False
home_win,0,9986428fd0be24f61b1f,2025-01-28 19:45:00+00:00,BASELINE,0.6053705986917298,0.6292549621248442,1.48,1,NON_PIT,1.0,0.7892588026165404,COUNTERFACTUAL_NON_PIT,False
home_win,0,9a09c31363a22c8c8e6b,2025-01-28 19:45:00+00:00,BASELINE,0.5453368194694211,0.5539358600583091,1.7,1,NON_PIT,1.0,0.9093263610611577,COUNTERFACTUAL_NON_PIT,False
home_win,0,9cc76479caf334453036,2025-01-28 19:45:00+00:00,BASELINE,0.4208832608005692,0.4760643330179755,1.95,1,NON_PIT,1.0,0.8417665216011384,COUNTERFACTUAL_NON_PIT,False
home_win,0,c981b77aa14da6e0aa67,2025-01-28 19:45:00+00:00,BASELINE,0.3918066308404985,0.38979447200566975,2.38,1,NON_PIT,1.0,0.783613261680997,COUNTERFACTUAL_NON_PIT,False
home_win,0,d8502511c82d994d9a3b,2025-01-28 19:45:00+00:00,BASELINE,0.6174725605652219,0.5964499519258584,1.57,1,NON_PIT,1.0,0.7650548788695561,COUNTERFACTUAL_NON_PIT,False
home_win,0,dea1336d67d1dfefdf39,2025-01-28 19:45:00+00:00,BASELINE,0.48322731137814123,0.5355704697986577,1.73,1,NON_PIT,1.0,0.9664546227562825,COUNTERFACTUAL_NON_PIT,False
home_win,0,e87fac93423e92725bfc,2025-01-28 19:45:00+00:00,BASELINE,0.49518662565704236,0.4809128853698296,1.95,0,NON_PIT,1.0,0.9903732513140847,COUNTERFACTUAL_NON_PIT,False
home_win,0,ea0b855dcaf9e73c6ec4,2025-01-28 19:45:00+00:00,BASELINE,0.5701816507029431,0.6129214075959531,1.53,0,NON_PIT,1.0,0.8596366985941137,COUNTERFACTUAL_NON_PIT,False
home_win,0,ed9fdde1d2ca1e538554,2025-01-28 19:45:00+00:00,BASELINE,0.4867161976795268,0.3404830265157913,2.75,0,NON_PIT,1.0,0.9734323953590536,COUNTERFACTUAL_NON_PIT,False
home_win,0,6238a9707b0f321dd607,2025-01-28 20:00:00+00:00,BASELINE,0.38771776110992584,0.3107769423558897,3.0,0,NON_PIT,1.0,0.7754355222198517,COUNTERFACTUAL_NON_PIT,False
home_win,0,b61fa3099c75f7125253,2025-01-29 20:00:00+00:00,BASELINE,0.3964433846966353,0.3107769423558897,3.0,0,NON_PIT,1.0,0.7928867693932706,COUNTERFACTUAL_NON_PIT,False
home_win,0,ea365b41855083dce285,2025-01-31 20:00:00+00:00,BASELINE,0.4611779205270989,0.43088803088803085,2.2,1,NON_PIT,1.0,0.9223558410541978,COUNTERFACTUAL_NON_PIT,False
home_win,0,17ed5acf640cc7469263,2025-02-01 12:30:00+00:00,BASELINE,0.455390221169079,0.35752979414951247,2.63,0,NON_PIT,1.0,0.910780442338158,COUNTERFACTUAL_NON_PIT,False
home_win,0,3c28504b8a84deaf31fb,2025-02-01 12:30:00+00:00,BASELINE,0.38742426941205715,0.30015392508978966,3.1,1,NON_PIT,1.0,0.7748485388241143,COUNTERFACTUAL_NON_PIT,False
home_win,0,5d2b0d6249f6d81336ad,2025-02-01 12:30:00+00:00,BASELINE,0.4343153674082567,0.3014616321559074,3.1,0,NON_PIT,1.0,0.8686307348165134,COUNTERFACTUAL_NON_PIT,False
home_win,0,5fbb12d91f52f9a3a0c2,2025-02-01 12:30:00+00:00,BASELINE,0.32977275122884653,0.18771075309104535,5.0,1,NON_PIT,1.0,0.6595455024576931,COUNTERFACTUAL_NON_PIT,False
home_win,0,9ca20f04acaa13f304da,2025-02-01 12:30:00+00:00,BASELINE,0.5343133318953553,0.5687203791469194,1.65,1,NON_PIT,1.0,0.9313733362092893,COUNTERFACTUAL_NON_PIT,False
home_win,0,acb61e8a112acdf4e3cf,2025-02-01 12:30:00+00:00,BASELINE,0.548967176402804,0.5906280601095251,1.57,0,NON_PIT,1.0,0.902065647194392,COUNTERFACTUAL_NON_PIT,False
home_win,0,b42f4ff79c597195e5d5,2025-02-01 12:30:00+00:00,BASELINE,0.43436538718501827,0.3952569169960474,2.38,1,NON_PIT,1.0,0.8687307743700365,COUNTERFACTUAL_NON_PIT,False
home_win,0,c52db2efb60489a879f4,2025-02-01 12:30:00+00:00,BASELINE,0.33352364762880543,0.28148293448411144,3.3,0,NON_PIT,1.0,0.6670472952576109,COUNTERFACTUAL_NON_PIT,False
home_win,0,0173ae0ebab96f0f7c6c,2025-02-01 15:00:00+00:00,BASELINE,0.5294094586304914,0.5608856088560886,1.7,0,NON_PIT,1.0,0.9411810827390172,COUNTERFACTUAL_NON_PIT,False
home_win,0,032b40636f354c6cb268,2025-02-01 15:00:00+00:00,BASELINE,0.4343934565710078,0.3015157722244982,3.1,1,NON_PIT,1.0,0.8687869131420156,COUNTERFACTUAL_NON_PIT,False
home_win,0,0e26d179270514b15ea3,2025-02-01 15:00:00+00:00,BASELINE,0.5355364206040092,0.5185185185185186,1.8,1,NON_PIT,1.0,0.9289271587919816,COUNTERFACTUAL_NON_PIT,False
home_win,0,0f94c1eaf2f79a4e3eaf,2025-02-01 15:00:00+00:00,BASELINE,0.48612123976324484,0.3835842441740565,2.45,0,NON_PIT,1.0,0.9722424795264897,COUNTERFACTUAL_NON_PIT,False
home_win,0,21adbdd60982f7badca8,2025-02-01 15:00:00+00:00,BASELINE,0.2803980749357344,0.21553351646638655,4.33,0,NON_PIT,1.0,0.5607961498714688,COUNTERFACTUAL_NON_PIT,False
home_win,0,3378b06f4679eb93e4e2,2025-02-01 15:00:00+00:00,BASELINE,0.307668591326999,0.19412724306688417,4.75,1,NON_PIT,1.0,0.615337182653998,COUNTERFACTUAL_NON_PIT,False
home_win,0,34aed6c822d4673cf83b,2025-02-01 15:00:00+00:00,BASELINE,0.4065923521642078,0.35242290748898675,2.7,0,NON_PIT,1.0,0.8131847043284156,COUNTERFACTUAL_NON_PIT,False
home_win,0,3a4bd4b474bae16c36ee,2025-02-01 15:00:00+00:00,BASELINE,0.43909466110010453,0.4903728275762602,1.91,0,NON_PIT,1.0,0.8781893222002091,COUNTERFACTUAL_NON_PIT,False
home_win,0,3c9c933cc4a49a31ded4,2025-02-01 15:00:00+00:00,BASELINE,0.508680145049388,0.5420741468672235,1.73,1,NON_PIT,1.0,0.9826397099012241,COUNTERFACTUAL_NON_PIT,False
home_win,0,41fc05f031430bda8482,2025-02-01 15:00:00+00:00,BASELINE,0.46091360721094504,0.4658527279664251,2.0,0,NON_PIT,1.0,0.9218272144218901,COUNTERFACTUAL_NON_PIT,False
home_win,0,4d6006763ac37d0e8932,2025-02-01 15:00:00+00:00,BASELINE,0.3895980685326557,0.3664265580958347,2.55,0,NON_PIT,1.0,0.7791961370653114,COUNTERFACTUAL_NON_PIT,False
home_win,0,551f704a86dc7deeb6f8,2025-02-01 15:00:00+00:00,BASELINE,0.26284306774524874,0.21124357674746064,4.5,0,NON_PIT,1.0,0.5256861354904975,COUNTERFACTUAL_NON_PIT,False
home_win,0,673513f7ff8390f39f58,2025-02-01 15:00:00+00:00,BASELINE,0.4386970820909399,0.28357348703170027,3.3,1,NON_PIT,1.0,0.8773941641818798,COUNTERFACTUAL_NON_PIT,False
home_win,0,6a9a3e5965b65f1101f2,2025-02-01 15:00:00+00:00,BASELINE,0.39489869809016737,0.26070799921768045,3.6,0,NON_PIT,1.0,0.7897973961803347,COUNTERFACTUAL_NON_PIT,False
home_win,0,81ce0e1ff5b643d85f4a,2025-02-01 15:00:00+00:00,BASELINE,0.2866424833975047,0.18769716088328076,5.0,0,NON_PIT,1.0,0.5732849667950094,COUNTERFACTUAL_NON_PIT,False
home_win,0,8357c18ddb64d72c108b,2025-02-01 15:00:00+00:00,BASELINE,0.35230321385424324,0.2920353982300885,3.2,1,NON_PIT,1.0,0.7046064277084865,COUNTERFACTUAL_NON_PIT,False
home_win,0,89969465a849df850e1f,2025-02-01 15:00:00+00:00,BASELINE,0.6103502789655911,0.4866595517609392,1.95,0,NON_PIT,1.0,0.7792994420688177,COUNTERFACTUAL_NON_PIT,False
home_win,0,8aebc45fe9e60bf7570e,2025-02-01 15:00:00+00:00,BASELINE,0.29808212232048337,0.2322869955156951,4.0,0,NON_PIT,1.0,0.5961642446409667,COUNTERFACTUAL_NON_PIT,False
home_win,0,8de714c3045296b353cb,2025-02-01 15:00:00+00:00,BASELINE,0.5780183381451548,0.725753243897075,1.29,1,NON_PIT,1.0,0.8439633237096904,COUNTERFACTUAL_NON_PIT,False
home_win,0,94329cc31a1fa50dd7b5,2025-02-01 15:00:00+00:00,BASELINE,0.3632190816245162,0.3711340206185567,2.55,0,NON_PIT,1.0,0.7264381632490324,COUNTERFACTUAL_NON_PIT,False
home_win,0,bb6f721ecd9bdcfc3035,2025-02-01 15:00:00+00:00,BASELINE,0.32563603627387677,0.308411214953271,3.0,0,NON_PIT,1.0,0.6512720725477535,COUNTERFACTUAL_NON_PIT,False
home_win,0,c4e82cd59d1e2977eb3d,2025-02-01 15:00:00+00:00,BASELINE,0.45439470480109134,0.42081447963800905,2.2,1,NON_PIT,1.0,0.9087894096021827,COUNTERFACTUAL_NON_PIT,False
home_win,0,c6422f0842fdf23a2879,2025-02-01 15:00:00+00:00,BASELINE,0.5701881194537882,0.45172802404207363,2.1,0,NON_PIT,1.0,0.8596237610924236,COUNTERFACTUAL_NON_PIT,False
home_win,0,c85b72d798b685a4d82c,2025-02-01 15:00:00+00:00,BASELINE,0.5458636233004335,0.4998173182316405,1.85,0,NON_PIT,1.0,0.908272753399133,COUNTERFACTUAL_NON_PIT,False
home_win,0,cb1e01cb4522e73ba3b2,2025-02-01 15:00:00+00:00,BASELINE,0.5436163710362196,0.5389221556886228,1.75,1,NON_PIT,1.0,0.9127672579275607,COUNTERFACTUAL_NON_PIT,False
home_win,0,e0095939ca8a44a589e8,2025-02-01 15:00:00+00:00,BASELINE,0.48446829089087956,0.3569296375266524,2.6,0,NON_PIT,1.0,0.9689365817817591,COUNTERFACTUAL_NON_PIT,False
home_win,0,e6904465a510967c352c,2025-02-01 15:00:00+00:00,BASELINE,0.37602899286157837,0.3243792436933141,2.88,0,NON_PIT,1.0,0.7520579857231567,COUNTERFACTUAL_NON_PIT,False
home_win,0,edae2ed9ac323d83b7f4,2025-02-01 15:00:00+00:00,BASELINE,0.37410900872106595,0.2844638949671772,3.3,1,NON_PIT,1.0,0.7482180174421319,COUNTERFACTUAL_NON_PIT,False
home_win,0,edb7d2d9e5739e70c373,2025-02-01 15:00:00+00:00,BASELINE,0.49992932483438873,0.4276704769412692,2.2,1,NON_PIT,1.0,0.9998586496687775,COUNTERFACTUAL_NON_PIT,False
home_win,0,edf0207ac313d40bacfd,2025-02-01 15:00:00+00:00,BASELINE,0.614682929956345,0.6141862032806532,1.53,1,NON_PIT,1.0,0.77063414008731,COUNTERFACTUAL_NON_PIT,False
home_win,0,fd0254a3021b0c9dab89,2025-02-01 17:30:00+00:00,BASELINE,0.2491620794384001,0.28668941979522183,3.3,1,NON_PIT,1.0,0.49832415887680015,COUNTERFACTUAL_NON_PIT,False
home_win,0,a5d07c2e3cbc7797bbff,2025-02-02 14:00:00+00:00,BASELINE,0.4362903273116464,0.45564074479737127,2.1,0,NON_PIT,1.0,0.8725806546232928,COUNTERFACTUAL_NON_PIT,False
home_win,0,d7ee4e4c8fcd31e73d74,2025-02-02 14:00:00+00:00,BASELINE,0.4829923807446223,0.4767025089605735,2.0,0,NON_PIT,1.0,0.9659847614892446,COUNTERFACTUAL_NON_PIT,False
home_win,0,2396e826592db1ae9436,2025-02-02 15:00:00+00:00,BASELINE,0.4591206380657179,0.308411214953271,3.0,1,NON_PIT,1.0,0.9182412761314358,COUNTERFACTUAL_NON_PIT,False
home_win,0,ef0ea214ddd736e44a05,2025-02-02 16:30:00+00:00,BASELINE,0.4148279541175196,0.48908296943231444,1.95,1,NON_PIT,1.0,0.8296559082350392,COUNTERFACTUAL_NON_PIT,False
home_win,0,5aab3f639ba3c0669a09,2025-02-03 20:00:00+00:00,BASELINE,0.42446062271964685,0.4041204437400951,2.35,0,NON_PIT,1.0,0.8489212454392937,COUNTERFACTUAL_NON_PIT,False
home_win,0,67b6afc20ff4ed337ef4,2025-02-03 20:00:00+00:00,BASELINE,0.6416056409574695,0.6866642573183954,1.36,1,NON_PIT,1.0,0.716788718085061,COUNTERFACTUAL_NON_PIT,False
home_win,0,4757615d06baec97411c,2025-02-04 19:45:00+00:00,BASELINE,0.5157998403835518,0.4247787610619469,2.2,0,NON_PIT,1.0,0.9684003192328965,COUNTERFACTUAL_NON_PIT,False
home_win,0,5f0b4861f323a5743367,2025-02-04 19:45:00+00:00,BASELINE,0.46739917488260596,0.3631746031746032,2.55,1,NON_PIT,1.0,0.9347983497652119,COUNTERFACTUAL_NON_PIT,False
home_win,0,7e7c1bd88b3ca58e2b34,2025-02-04 19:45:00+00:00,BASELINE,0.4226885962627029,0.3587221556391288,2.63,1,NON_PIT,1.0,0.8453771925254058,COUNTERFACTUAL_NON_PIT,False
home_win,0,bbf3a62013c96e86462d,2025-02-04 19:45:00+00:00,BASELINE,0.5540340516856989,0.6301963559172121,1.48,1,NON_PIT,1.0,0.8919318966286023,COUNTERFACTUAL_NON_PIT,False
home_win,0,d31c285c01175392664f,2025-02-05 19:45:00+00:00,BASELINE,0.3200657822705185,0.23401264933239635,4.0,0,NON_PIT,1.0,0.640131564541037,COUNTERFACTUAL_NON_PIT,False
home_win,0,6c4b807d1dde6f6a46b6,2025-02-06 19:45:00+00:00,BASELINE,0.43702211508738964,0.379746835443038,2.45,1,NON_PIT,1.0,0.8740442301747793,COUNTERFACTUAL_NON_PIT,False
home_win,0,cf8e41360fb918a3a3e6,2025-02-07 19:45:00+00:00,BASELINE,0.49729314471634745,0.5251667677380231,1.75,0,NON_PIT,1.0,0.9945862894326949,COUNTERFACTUAL_NON_PIT,False
home_win,0,019297adcb72c6b25375,2025-02-08 12:30:00+00:00,BASELINE,0.4820465810950519,0.5157232704402516,1.8,1,NON_PIT,1.0,0.9640931621901038,COUNTERFACTUAL_NON_PIT,False
home_win,0,8998b078a523644ffdac,2025-02-08 12:30:00+00:00,BASELINE,0.4695016431883855,0.45290737313723584,2.05,1,NON_PIT,1.0,0.939003286376771,COUNTERFACTUAL_NON_PIT,False
home_win,0,99c699df2e8a3aa17e2f,2025-02-08 12:30:00+00:00,BASELINE,0.6138799518126806,0.6221653026800774,1.5,0,NON_PIT,1.0,0.7722400963746388,COUNTERFACTUAL_NON_PIT,False
home_win,0,9f94419477e38b6bfecc,2025-02-08 12:30:00+00:00,BASELINE,0.4345701567658063,0.44134505158578524,2.15,1,NON_PIT,1.0,0.8691403135316126,COUNTERFACTUAL_NON_PIT,False
home_win,0,dd24d530ea3c9959c6c9,2025-02-08 12:30:00+00:00,BASELINE,0.5555385282467192,0.5779490219324245,1.6,1,NON_PIT,1.0,0.8889229435065615,COUNTERFACTUAL_NON_PIT,False
home_win,0,dd751cb7ed3eb0404328,2025-02-08 12:30:00+00:00,BASELINE,0.46949615098513187,0.4112149532710281,2.25,0,NON_PIT,1.0,0.9389923019702637,COUNTERFACTUAL_NON_PIT,False
home_win,0,1223857b4c670e36bbe9,2025-02-08 15:00:00+00:00,BASELINE,0.5217047777135287,0.5362776025236593,1.75,0,NON_PIT,1.0,0.9565904445729425,COUNTERFACTUAL_NON_PIT,False
home_win,0,1abbdc3ec34c71c433fb,2025-02-08 15:00:00+00:00,BASELINE,0.4630915838633838,0.5574781823653325,1.7,0,NON_PIT,1.0,0.9261831677267676,COUNTERFACTUAL_NON_PIT,False
home_win,0,403e0dfe02319a487d4d,2025-02-08 15:00:00+00:00,BASELINE,0.5375376621495181,0.5611722264285397,1.67,0,NON_PIT,1.0,0.9249246757009637,COUNTERFACTUAL_NON_PIT,False
home_win,0,43da13ed0f5a08aadafe,2025-02-08 15:00:00+00:00,BASELINE,0.5467569908309664,0.4473684210526316,2.1,1,NON_PIT,1.0,0.9064860183380672,COUNTERFACTUAL_NON_PIT,False
home_win,0,45ce57170352ab174ba0,2025-02-08 15:00:00+00:00,BASELINE,0.6220855053196681,0.5361930294906166,1.73,1,NON_PIT,1.0,0.7558289893606638,COUNTERFACTUAL_NON_PIT,False
home_win,0,4c2dc7e8a58c344691f9,2025-02-08 15:00:00+00:00,BASELINE,0.37354761600518693,0.2823250296559905,3.3,0,NON_PIT,1.0,0.7470952320103739,COUNTERFACTUAL_NON_PIT,False
home_win,0,54863c5b86db688cc633,2025-02-08 15:00:00+00:00,BASELINE,0.5646743628930112,0.6590181430096052,1.42,1,NON_PIT,1.0,0.8706512742139776,COUNTERFACTUAL_NON_PIT,False
home_win,0,59debf91cc6c96822619,2025-02-08 15:00:00+00:00,BASELINE,0.48529194375430607,0.6346967559943583,1.48,0,NON_PIT,1.0,0.9705838875086121,COUNTERFACTUAL_NON_PIT,False
home_win,0,82aa9ef68968b093948c,2025-02-08 15:00:00+00:00,BASELINE,0.5277590902798597,0.6065800751631832,1.53,0,NON_PIT,1.0,0.9444818194402806,COUNTERFACTUAL_NON_PIT,False
home_win,0,87aa671e7f9063119baa,2025-02-08 15:00:00+00:00,BASELINE,0.4378297724049331,0.4359404280501035,2.15,0,NON_PIT,1.0,0.8756595448098662,COUNTERFACTUAL_NON_PIT,False
home_win,0,b281a7df5d78678f4960,2025-02-08 15:00:00+00:00,BASELINE,0.3626209025869372,0.2716248989490704,3.4,0,NON_PIT,1.0,0.7252418051738744,COUNTERFACTUAL_NON_PIT,False
home_win,0,cb6559120d53e975c4b1,2025-02-08 15:00:00+00:00,BASELINE,0.35252166992917994,0.3107769423558897,3.0,1,NON_PIT,1.0,0.7050433398583599,COUNTERFACTUAL_NON_PIT,False
home_win,0,e291d64d3fc2fddc657b,2025-02-08 15:00:00+00:00,BASELINE,0.457530713552566,0.4658527279664251,2.0,1,NON_PIT,1.0,0.915061427105132,COUNTERFACTUAL_NON_PIT,False
home_win,0,ec2a4bb36ea678a3082c,2025-02-08 15:00:00+00:00,BASELINE,0.41525069426040284,0.4410011918951132,2.1,1,NON_PIT,1.0,0.8305013885208057,COUNTERFACTUAL_NON_PIT,False
home_win,0,ef8e79c44d2b5c5ae5df,2025-02-08 15:00:00+00:00,BASELINE,0.5815961443593081,0.676056338028169,1.38,1,NON_PIT,1.0,0.8368077112813839,COUNTERFACTUAL_NON_PIT,False
home_win,0,ffa9cfd1671d053b7a5b,2025-02-08 15:00:00+00:00,BASELINE,0.5350120213755811,0.6272727272727273,1.5,1,NON_PIT,1.0,0.9299759572488377,COUNTERFACTUAL_NON_PIT,False
home_win,0,d9839abe57e3a7aac041,2025-02-09 12:00:00+00:00,BASELINE,0.5679436018183412,0.5051038366772262,1.85,0,NON_PIT,1.0,0.8641127963633175,COUNTERFACTUAL_NON_PIT,False
home_win,0,0e0a52fd10480e38d563,2025-02-11 19:45:00+00:00,BASELINE,0.6402686598829592,0.725753243897075,1.29,1,NON_PIT,1.0,0.7194626802340816,COUNTERFACTUAL_NON_PIT,False
home_win,0,145543268280f996daa6,2025-02-11 19:45:00+00:00,BASELINE,0.4797965838671853,0.5210981189628877,1.8,1,NON_PIT,1.0,0.9595931677343706,COUNTERFACTUAL_NON_PIT,False
home_win,0,1646865737d2d6c35e5a,2025-02-11 19:45:00+00:00,BASELINE,0.3497818228677412,0.3212510356255179,2.9,0,NON_PIT,1.0,0.6995636457354824,COUNTERFACTUAL_NON_PIT,False
home_win,0,1bbaa6f11c2595862338,2025-02-11 19:45:00+00:00,BASELINE,0.5596464077910621,0.5687203791469194,1.65,1,NON_PIT,1.0,0.8807071844178758,COUNTERFACTUAL_NON_PIT,False
home_win,0,392d18010e0903762813,2025-02-11 19:45:00+00:00,BASELINE,0.39521818048622437,0.42654028436018954,2.2,0,NON_PIT,1.0,0.7904363609724487,COUNTERFACTUAL_NON_PIT,False
home_win,0,3a2fc8d4d0ec9b7384f3,2025-02-11 19:45:00+00:00,BASELINE,0.5193289274000562,0.41929720071471116,2.25,1,NON_PIT,1.0,0.9613421451998876,COUNTERFACTUAL_NON_PIT,False
home_win,0,3c5e400106dc43d13019,2025-02-11 19:45:00+00:00,BASELINE,0.4923853075320181,0.5072616073735894,1.85,1,NON_PIT,1.0,0.9847706150640362,COUNTERFACTUAL_NON_PIT,False
home_win,0,3c7cadc85e4becc17c23,2025-02-11 19:45:00+00:00,BASELINE,0.41523555488691805,0.46646341463414626,2.0,1,NON_PIT,1.0,0.8304711097738361,COUNTERFACTUAL_NON_PIT,False
home_win,0,43afc2458f9447245ccb,2025-02-11 19:45:00+00:00,BASELINE,0.5801974006305073,0.607051132383843,1.53,0,NON_PIT,1.0,0.8396051987389854,COUNTERFACTUAL_NON_PIT,False
home_win,0,60b02e68047773008b24,2025-02-11 19:45:00+00:00,BASELINE,0.347273132347984,0.17786252925370546,5.25,0,NON_PIT,1.0,0.694546264695968,COUNTERFACTUAL_NON_PIT,False
home_win,0,63a8fe62728556166a31,2025-02-11 19:45:00+00:00,BASELINE,0.24323176798330967,0.09412597310686482,10.0,0,NON_PIT,1.0,0.4864635359666194,COUNTERFACTUAL_NON_PIT,False
home_win,0,700ca25878ac4cf51c31,2025-02-11 19:45:00+00:00,BASELINE,0.48867310945051723,0.5394423427210312,1.73,1,NON_PIT,1.0,0.9773462189010345,COUNTERFACTUAL_NON_PIT,False
home_win,0,7191ebd5d10a71c0d5bd,2025-02-11 19:45:00+00:00,BASELINE,0.5708348683603618,0.34793286942284074,2.7,1,NON_PIT,1.0,0.8583302632792764,COUNTERFACTUAL_NON_PIT,False
home_win,0,88a5e2b6f74b437683b8,2025-02-11 19:45:00+00:00,BASELINE,0.5194346639832326,0.4496092967341215,2.05,0,NON_PIT,1.0,0.9611306720335349,COUNTERFACTUAL_NON_PIT,False
home_win,0,96495a6a4784c9dc9c7e,2025-02-11 19:45:00+00:00,BASELINE,0.6451781273469964,0.571994715984148,1.62,1,NON_PIT,1.0,0.7096437453060072,COUNTERFACTUAL_NON_PIT,False
home_win,0,f9f3ea5f6d79aee6ca14,2025-02-11 19:45:00+00:00,BASELINE,0.3666663372440377,0.31097560975609756,3.0,1,NON_PIT,1.0,0.7333326744880754,COUNTERFACTUAL_NON_PIT,False
home_win,0,6c57115e61d79ef3cbf4,2025-02-11 20:00:00+00:00,BASELINE,0.5431952628919634,0.4333067092651757,2.15,0,NON_PIT,1.0,0.9136094742160732,COUNTERFACTUAL_NON_PIT,False
home_win,0,8aaa1619a7147082326c,2025-02-11 20:00:00+00:00,BASELINE,0.45421003203679317,0.5352112676056339,1.75,0,NON_PIT,1.0,0.9084200640735863,COUNTERFACTUAL_NON_PIT,False
home_win,0,a33184783ff1626c01ec,2025-02-12 19:30:00+00:00,BASELINE,0.20261793753764454,0.126984126984127,7.5,0,NON_PIT,1.0,0.40523587507528913,COUNTERFACTUAL_NON_PIT,False
home_win,0,063060c5a252095218b5,2025-02-12 19:45:00+00:00,BASELINE,0.3686762426225526,0.3711340206185567,2.55,0,NON_PIT,1.0,0.7373524852451052,COUNTERFACTUAL_NON_PIT,False
home_win,0,643af3d3befc65191859,2025-02-12 19:45:00+00:00,BASELINE,0.6665329871835739,0.5638651471984806,1.67,1,NON_PIT,1.0,0.6669340256328522,COUNTERFACTUAL_NON_PIT,False
home_win,0,b03c6f51fb6475b80992,2025-02-12 19:45:00+00:00,BASELINE,0.3778363073788169,0.2745571658615137,3.4,1,NON_PIT,1.0,0.7556726147576338,COUNTERFACTUAL_NON_PIT,False
home_win,0,c28843f5c6642fa48b0b,2025-02-12 19:45:00+00:00,BASELINE,0.6002226755152983,0.5615519253208868,1.67,1,NON_PIT,1.0,0.7995546489694034,COUNTERFACTUAL_NON_PIT,False
home_win,0,ea2bd049abe175c5d859,2025-02-12 19:45:00+00:00,BASELINE,0.5294132980510768,0.5513993621650621,1.73,1,NON_PIT,1.0,0.9411734038978463,COUNTERFACTUAL_NON_PIT,False
home_win,0,0c19a35d3b8422d6bb34,2025-02-12 20:00:00+00:00,BASELINE,0.4680943418836452,0.5099782110925976,1.83,0,NON_PIT,1.0,0.9361886837672904,COUNTERFACTUAL_NON_PIT,False
home_win,0,0f7de03c9b8a437264bd,2025-02-12 20:00:00+00:00,BASELINE,0.4430668199195347,0.41883568448241604,2.25,1,NON_PIT,1.0,0.8861336398390695,COUNTERFACTUAL_NON_PIT,False
home_win,0,3002c97802b478186e1c,2025-02-13 20:00:00+00:00,BASELINE,0.4458267827731932,0.35437430786268,2.63,1,NON_PIT,1.0,0.8916535655463864,COUNTERFACTUAL_NON_PIT,False
home_win,0,5a3f932ee1393b86dd68,2025-02-14 20:00:00+00:00,BASELINE,0.3408363545313856,0.3506261180679785,2.7,1,NON_PIT,1.0,0.6816727090627712,COUNTERFACTUAL_NON_PIT,False
home_win,0,9fb4265317229ad655b3,2025-02-14 20:00:00+00:00,BASELINE,0.48427032706591316,0.46444121915820036,2.05,1,NON_PIT,1.0,0.9685406541318263,COUNTERFACTUAL_NON_PIT,False
home_win,0,02df4a1da018d3dd5764,2025-02-15 12:30:00+00:00,BASELINE,0.37119959848428824,0.27439024390243905,3.4,0,NON_PIT,1.0,0.7423991969685765,COUNTERFACTUAL_NON_PIT,False
home_win,0,070d2c0aaf29b17044e4,2025-02-15 12:30:00+00:00,BASELINE,0.12358608482350304,0.10999917293854934,8.5,0,NON_PIT,1.0,0.24717216964700606,COUNTERFACTUAL_NON_PIT,False
home_win,0,2102a81bab4ae5b446ad,2025-02-15 12:30:00+00:00,BASELINE,0.3558141458451712,0.3378860462745897,2.8,0,NON_PIT,1.0,0.7116282916903424,COUNTERFACTUAL_NON_PIT,False
home_win,0,23fd8c930c4bca93a5cf,2025-02-15 12:30:00+00:00,BASELINE,0.49073858519591607,0.4890832851359167,1.91,1,NON_PIT,1.0,0.9814771703918321,COUNTERFACTUAL_NON_PIT,False
home_win,0,484ecfb06312fb9720ba,2025-02-15 12:30:00+00:00,BASELINE,0.5007372363123109,0.4012133468149647,2.35,0,NON_PIT,1.0,0.9985255273753781,COUNTERFACTUAL_NON_PIT,False
home_win,0,53c1bd0257e72311d07b,2025-02-15 12:30:00+00:00,BASELINE,0.5081314328553842,0.5546526123112367,1.67,0,NON_PIT,1.0,0.9837371342892316,COUNTERFACTUAL_NON_PIT,False
home_win,0,7216d9358760264e3159,2025-02-15 12:30:00+00:00,BASELINE,0.5031844037469094,0.4569015166058744,2.05,0,NON_PIT,1.0,0.9936311925061811,COUNTERFACTUAL_NON_PIT,False
home_win,0,a8adf621ccdca3c606ed,2025-02-15 12:30:00+00:00,BASELINE,0.3486764552901374,0.25105982100800756,3.75,0,NON_PIT,1.0,0.6973529105802748,COUNTERFACTUAL_NON_PIT,False
home_win,0,11b32f126b5ebe1e82ff,2025-02-15 15:00:00+00:00,BASELINE,0.5679543668456307,0.4885742581520743,1.91,0,NON_PIT,1.0,0.8640912663087386,COUNTERFACTUAL_NON_PIT,False
home_win,0,13a8a336cfdfb5fa3747,2025-02-15 15:00:00+00:00,BASELINE,0.4722185465312084,0.3185060847671003,2.9,1,NON_PIT,1.0,0.9444370930624169,COUNTERFACTUAL_NON_PIT,False
home_win,0,1eb7f7c1c9a2cb26e346,2025-02-15 15:00:00+00:00,BASELINE,0.4311726846226759,0.3559693318729463,2.63,0,NON_PIT,1.0,0.8623453692453518,COUNTERFACTUAL_NON_PIT,False
home_win,0,2425b5228eacdcbf9519,2025-02-15 15:00:00+00:00,BASELINE,0.5415475309897999,0.5638651471984806,1.67,1,NON_PIT,1.0,0.9169049380204002,COUNTERFACTUAL_NON_PIT,False
home_win,0,2d4efb3b5524335681b3,2025-02-15 15:00:00+00:00,BASELINE,0.678235173913879,0.6690140845070423,1.4,0,NON_PIT,1.0,0.643529652172242,COUNTERFACTUAL_NON_PIT,False
home_win,0,2dcc79aa5f482de56f91,2025-02-15 15:00:00+00:00,BASELINE,0.3421256839195759,0.2938879125170865,3.2,0,NON_PIT,1.0,0.6842513678391517,COUNTERFACTUAL_NON_PIT,False
home_win,0,30956d4ce64e57ae620f,2025-02-15 15:00:00+00:00,BASELINE,0.5511657200126328,0.5878322828172102,1.6,0,NON_PIT,1.0,0.8976685599747345,COUNTERFACTUAL_NON_PIT,False
home_win,0,3ecbf0dd9e9b1ff1bb4f,2025-02-15 15:00:00+00:00,BASELINE,0.5589425041661847,0.5086901229334463,1.83,1,NON_PIT,1.0,0.8821149916676305,COUNTERFACTUAL_NON_PIT,False
home_win,0,3f048c103733ad70d7d0,2025-02-15 15:00:00+00:00,BASELINE,0.16567949040934957,0.15789473684210528,6.0,0,NON_PIT,1.0,0.3313589808186992,COUNTERFACTUAL_NON_PIT,False
home_win,0,43185c5dcc02dda3766e,2025-02-15 15:00:00+00:00,BASELINE,0.4971887906874235,0.4040270671728008,2.3,1,NON_PIT,1.0,0.994377581374847,COUNTERFACTUAL_NON_PIT,False
home_win,0,497a1d847c0e39e28390,2025-02-15 15:00:00+00:00,BASELINE,0.346369493739626,0.2831858407079646,3.3,0,NON_PIT,1.0,0.692738987479252,COUNTERFACTUAL_NON_PIT,False
home_win,0,4b99b4d6e2a5efbef4f3,2025-02-15 15:00:00+00:00,BASELINE,0.3629580052397353,0.39643744821872406,2.35,0,NON_PIT,1.0,0.7259160104794706,COUNTERFACTUAL_NON_PIT,False
home_win,0,4e71fe9abeca013bd568,2025-02-15 15:00:00+00:00,BASELINE,0.4779023512750878,0.38891095400746684,2.45,1,NON_PIT,1.0,0.9558047025501756,COUNTERFACTUAL_NON_PIT,False
home_win,0,5376a218e9609a3f8583,2025-02-15 15:00:00+00:00,BASELINE,0.4400067070460125,0.3884711779448622,2.4,1,NON_PIT,1.0,0.880013414092025,COUNTERFACTUAL_NON_PIT,False
home_win,0,62b4bf36b6c21fef34af,2025-02-15 15:00:00+00:00,BASELINE,0.37590931917537995,0.379746835443038,2.45,0,NON_PIT,1.0,0.7518186383507599,COUNTERFACTUAL_NON_PIT,False
home_win,0,66e04e8ee48af26951b0,2025-02-15 15:00:00+00:00,BASELINE,0.6532668721869855,0.48657187993680895,1.95,1,NON_PIT,1.0,0.6934662556260289,COUNTERFACTUAL_NON_PIT,False
home_win,0,772ae885c9f2dbbacc1a,2025-02-15 15:00:00+00:00,BASELINE,0.35774332494670724,0.24347630473905216,3.8,0,NON_PIT,1.0,0.7154866498934145,COUNTERFACTUAL_NON_PIT,False
home_win,0,77a30eaef6169ee1c71f,2025-02-15 15:00:00+00:00,BASELINE,0.3593043089272808,0.391696450835342,2.38,0,NON_PIT,1.0,0.7186086178545616,COUNTERFACTUAL_NON_PIT,False
home_win,0,8cacbbe5fa80bd47090c,2025-02-15 15:00:00+00:00,BASELINE,0.4197734177166145,0.43220338983050843,2.2,1,NON_PIT,1.0,0.839546835433229,COUNTERFACTUAL_NON_PIT,False
home_win,0,adf9e7c9188c675bcde6,2025-02-15 15:00:00+00:00,BASELINE,0.5160262230623631,0.48,1.95,0,NON_PIT,1.0,0.9679475538752738,COUNTERFACTUAL_NON_PIT,False
home_win,0,b4ff94e6b1ef9b1889d8,2025-02-15 15:00:00+00:00,BASELINE,0.43588857768504424,0.3599402826349265,2.63,0,NON_PIT,1.0,0.8717771553700885,COUNTERFACTUAL_NON_PIT,False
home_win,0,b501ddf73d0be3c83de8,2025-02-15 15:00:00+00:00,BASELINE,0.4951822970466545,0.3829220845704924,2.45,0,NON_PIT,1.0,0.990364594093309,COUNTERFACTUAL_NON_PIT,False
home_win,0,b704bc44b941697900c2,2025-02-15 15:00:00+00:00,BASELINE,0.49137195282545426,0.48440311937612485,1.91,1,NON_PIT,1.0,0.9827439056509085,COUNTERFACTUAL_NON_PIT,False
home_win,0,c9e5efa0b4afc0f54fff,2025-02-15 15:00:00+00:00,BASELINE,0.3734138782513527,0.32146122516831516,2.9,1,NON_PIT,1.0,0.7468277565027054,COUNTERFACTUAL_NON_PIT,False
home_win,0,d9a5c8c881f77c6a211f,2025-02-15 15:00:00+00:00,BASELINE,0.41055554093134106,0.415347137637028,2.25,1,NON_PIT,1.0,0.8211110818626821,COUNTERFACTUAL_NON_PIT,False
home_win,0,e1a853808067756d7f16,2025-02-15 15:00:00+00:00,BASELINE,0.3425954685369632,0.23316062176165803,4.0,0,NON_PIT,1.0,0.6851909370739264,COUNTERFACTUAL_NON_PIT,False
home_win,0,e5f5042b1743a4d15e78,2025-02-15 15:00:00+00:00,BASELINE,0.3586372347050307,0.39643744821872406,2.35,1,NON_PIT,1.0,0.7172744694100615,COUNTERFACTUAL_NON_PIT,False
home_win,0,e6d7ecd0ec4d76af4cfb,2025-02-15 15:00:00+00:00,BASELINE,0.40144276350359537,0.23355025307302962,4.0,0,NON_PIT,1.0,0.8028855270071907,COUNTERFACTUAL_NON_PIT,False
home_win,0,eadc6ebedb0003a2e6bd,2025-02-15 15:00:00+00:00,BASELINE,0.41981301609802485,0.40506329113924044,2.35,0,NON_PIT,1.0,0.8396260321960497,COUNTERFACTUAL_NON_PIT,False
home_win,0,eb76aeb579c12435172a,2025-02-15 15:00:00+00:00,BASELINE,0.5895216999719739,0.5813953488372093,1.6,1,NON_PIT,1.0,0.8209566000560522,COUNTERFACTUAL_NON_PIT,False
home_win,0,fd15111696c7ad6f085b,2025-02-15 15:00:00+00:00,BASELINE,0.4007880669864099,0.19620397896181108,4.75,0,NON_PIT,1.0,0.8015761339728198,COUNTERFACTUAL_NON_PIT,False
home_win,0,7e579ff73afb55d32e6d,2025-02-15 17:30:00+00:00,BASELINE,0.4510012511417757,0.5292652552926526,1.8,0,NON_PIT,1.0,0.9020025022835514,COUNTERFACTUAL_NON_PIT,False
home_win,0,83de72bf9d5827a65026,2025-02-16 14:00:00+00:00,BASELINE,0.845629025070851,0.8067226890756303,1.15,1,NON_PIT,1.0,0.30874194985829795,COUNTERFACTUAL_NON_PIT,False
home_win,0,6d6fea6d42b9a22da8de,2025-02-16 16:30:00+00:00,BASELINE,0.4532449495174954,0.38633191121247273,2.45,1,NON_PIT,1.0,0.9064898990349908,COUNTERFACTUAL_NON_PIT,False
home_win,0,a2b17a2095cba6b3f696,2025-02-17 20:00:00+00:00,BASELINE,0.5552045509150205,0.6106870229007634,1.53,1,NON_PIT,1.0,0.889590898169959,COUNTERFACTUAL_NON_PIT,False
home_win,0,3cfdf5f27ea04b313c89,2025-02-18 19:45:00+00:00,BASELINE,0.38428569804945273,0.38039502560351124,2.45,0,NON_PIT,1.0,0.7685713960989055,COUNTERFACTUAL_NON_PIT,False
home_win,0,9cca4287bd1142cea4fd,2025-02-18 19:45:00+00:00,BASELINE,0.5916027427266258,0.6622550319146767,1.4,1,NON_PIT,1.0,0.8167945145467483,COUNTERFACTUAL_NON_PIT,False
home_win,0,a9466d691db3bdd69c71,2025-02-18 19:45:00+00:00,BASELINE,0.31725226711950444,0.24821002386634847,3.75,0,NON_PIT,1.0,0.6345045342390089,COUNTERFACTUAL_NON_PIT,False
home_win,0,ac303e1f903fa42fb93e,2025-02-18 19:45:00+00:00,BASELINE,0.3706343580785976,0.2920934043424826,3.2,0,NON_PIT,1.0,0.7412687161571953,COUNTERFACTUAL_NON_PIT,False
home_win,0,bf4c78e7e646d45c5288,2025-02-18 19:45:00+00:00,BASELINE,0.5413822987709777,0.3905325443786983,2.4,0,NON_PIT,1.0,0.9172354024580447,COUNTERFACTUAL_NON_PIT,False
home_win,0,d6a935b67f1f0af3fbc1,2025-02-18 19:45:00+00:00,BASELINE,0.5064324192513511,0.4885742581520743,1.91,0,NON_PIT,1.0,0.9871351614972979,COUNTERFACTUAL_NON_PIT,False
home_win,0,d75530628cd9de002697,2025-02-18 19:45:00+00:00,BASELINE,0.41111129964481774,0.358695652173913,2.6,0,NON_PIT,1.0,0.8222225992896355,COUNTERFACTUAL_NON_PIT,False
home_win,0,dfd731bedfe6a3d721e2,2025-02-18 19:45:00+00:00,BASELINE,0.5343510698920549,0.5173858399664851,1.8,0,NON_PIT,1.0,0.9312978602158901,COUNTERFACTUAL_NON_PIT,False
home_win,0,29d25f95fec2d96fc585,2024-12-21 15:00:00+00:00,MARKET,0.2606560925475929,0.2160033035799371,4.33,0,NON_PIT,1.0,0.5213121850951858,COUNTERFACTUAL_NON_PIT,False
home_win,0,2aaf3d634aab015519b4,2024-12-21 15:00:00+00:00,MARKET,0.462440923507296,0.4605263157894737,2.05,0,NON_PIT,1.0,0.924881847014592,COUNTERFACTUAL_NON_PIT,False
home_win,0,3abe3f50e1bd8de3c623,2024-12-21 15:00:00+00:00,MARKET,0.32798347107878145,0.3226605050338339,2.88,0,NON_PIT,1.0,0.6559669421575629,COUNTERFACTUAL_NON_PIT,False
home_win,0,45a14f4d6ff492773cd7,2024-12-21 15:00:00+00:00,MARKET,0.4899118843615715,0.41212601545472566,2.3,1,NON_PIT,1.0,0.979823768723143,COUNTERFACTUAL_NON_PIT,False
home_win,0,45c0796dbab55cb76430,2024-12-21 15:00:00+00:00,MARKET,0.5253916447479626,0.5181373722178536,1.8,1,NON_PIT,1.0,0.9492167105040747,COUNTERFACTUAL_NON_PIT,False
home_win,0,4e64ad78c227d6f24b38,2024-12-21 15:00:00+00:00,MARKET,0.33258213999284947,0.33289942187679467,2.88,0,NON_PIT,1.0,0.6651642799856989,COUNTERFACTUAL_NON_PIT,False
home_win,0,5018f0ff7f6311f917a1,2024-12-21 15:00:00+00:00,MARKET,0.8482267642820773,0.8250825082508252,1.14,1,NON_PIT,1.0,0.30354647143584534,COUNTERFACTUAL_NON_PIT,False
home_win,0,56419065b89c707a641d,2024-12-21 15:00:00+00:00,MARKET,0.21779972361012026,0.17850621297822117,5.25,1,NON_PIT,1.0,0.43559944722024047,COUNTERFACTUAL_NON_PIT,False
home_win,0,56d9121f353c92614127,2024-12-21 15:00:00+00:00,MARKET,0.5626379876267656,0.5380694230924833,1.73,0,NON_PIT,1.0,0.8747240247464687,COUNTERFACTUAL_NON_PIT,False
home_win,0,76e0438dc5dd6c6bad10,2024-12-21 15:00:00+00:00,MARKET,0.30115361214688396,0.324566546611944,2.88,0,NON_PIT,1.0,0.6023072242937679,COUNTERFACTUAL_NON_PIT,False
home_win,0,8b917e3dc5e5cafe5539,2024-12-21 15:00:00+00:00,MARKET,0.21446201028836723,0.1995079572537864,4.75,0,NON_PIT,1.0,0.4289240205767344,COUNTERFACTUAL_NON_PIT,False
home_win,0,a65d523247f1c8538fb0,2024-12-21 15:00:00+00:00,MARKET,0.42431886984416367,0.4034582132564842,2.3,1,NON_PIT,1.0,0.8486377396883273,COUNTERFACTUAL_NON_PIT,False
home_win,0,ba4ec0a6a75d479fdd49,2024-12-21 15:00:00+00:00,MARKET,0.4163579050244363,0.4049281314168378,2.3,1,NON_PIT,1.0,0.8327158100488726,COUNTERFACTUAL_NON_PIT,False
home_win,0,cd085d7d4c51895085ce,2024-12-21 15:00:00+00:00,MARKET,0.27464165041446587,0.25392083644510827,3.7,0,NON_PIT,1.0,0.5492833008289317,COUNTERFACTUAL_NON_PIT,False
home_win,0,df58317230b689854d9a,2024-12-21 15:00:00+00:00,MARKET,0.3647648251465694,0.3701111568546727,2.55,1,NON_PIT,1.0,0.7295296502931388,COUNTERFACTUAL_NON_PIT,False
home_win,0,e1437b8858b1f3ffa907,2024-12-21 15:00:00+00:00,MARKET,0.46696287762495986,0.4111855061047657,2.3,0,NON_PIT,1.0,0.9339257552499197,COUNTERFACTUAL_NON_PIT,False
home_win,0,e90a3dbb5cfed95ea1bf,2024-12-21 15:00:00+00:00,MARKET,0.41314285234568465,0.4219886822958771,2.2,1,NON_PIT,1.0,0.8262857046913693,COUNTERFACTUAL_NON_PIT,False
home_win,0,f974d5599df93a3b56d4,2024-12-21 15:00:00+00:00,MARKET,0.47776489446808773,0.4436536180308422,2.1,0,NON_PIT,1.0,0.9555297889361755,COUNTERFACTUAL_NON_PIT,False
home_win,0,ff35410a3ffd60d6f7c4,2024-12-21 15:00:00+00:00,MARKET,0.16963970469531786,0.15655853314527504,6.0,0,NON_PIT,1.0,0.3392794093906357,COUNTERFACTUAL_NON_PIT,False
home_win,0,b397ce3078d80d777647,2024-12-21 17:30:00+00:00,MARKET,0.18468706496848375,0.15336592261028328,6.25,0,NON_PIT,1.0,0.3693741299369675,COUNTERFACTUAL_NON_PIT,False
home_win,0,3caba1b9376c76ba923d,2024-12-22 14:00:00+00:00,MARKET,0.5628793360069249,0.5256916996047432,1.8,0,NON_PIT,1.0,0.8742413279861503,COUNTERFACTUAL_NON_PIT,False
home_win,0,b3266b8da0b85fb9367a,2024-12-22 14:00:00+00:00,MARKET,0.3598391042347857,0.3711340206185567,2.55,0,NON_PIT,1.0,0.7196782084695714,COUNTERFACTUAL_NON_PIT,False
home_win,0,c948fa136a4a5210a5e5,2024-12-22 14:00:00+00:00,MARKET,0.6960068248336154,0.6658656253129068,1.42,0,NON_PIT,1.0,0.6079863503327692,COUNTERFACTUAL_NON_PIT,False
home_win,0,e2e3ca334383701751d8,2024-12-22 14:00:00+00:00,MARKET,0.2494779703088437,0.18950534759358292,5.0,0,NON_PIT,1.0,0.49895594061768733,COUNTERFACTUAL_NON_PIT,False
home_win,0,96b7fda81792657d9b2b,2024-12-22 15:00:00+00:00,MARKET,0.4539766225407422,0.4471544715447154,2.1,1,NON_PIT,1.0,0.9079532450814845,COUNTERFACTUAL_NON_PIT,False
home_win,0,4802d4c58253e396632b,2024-12-22 16:30:00+00:00,MARKET,0.24588863573972725,0.21158844213423023,4.5,0,NON_PIT,1.0,0.4917772714794545,COUNTERFACTUAL_NON_PIT,False
home_win,0,1aa9e563e44954c32617,2024-12-23 20:00:00+00:00,MARKET,0.1711889644449535,0.12462908011869436,7.5,0,NON_PIT,1.0,0.3423779288899069,COUNTERFACTUAL_NON_PIT,False
home_win,0,3bd76e3db01bf4dd4d62,2024-12-26 12:30:00+00:00,MARKET,0.7073330969277895,0.7046463956269218,1.33,0,NON_PIT,1.0,0.5853338061444211,COUNTERFACTUAL_NON_PIT,False
home_win,0,22ce4512ae0f893d8036,2024-12-26 13:00:00+00:00,MARKET,0.6589355064115905,0.6188679245283019,1.5,1,NON_PIT,1.0,0.682128987176819,COUNTERFACTUAL_NON_PIT,False
home_win,0,0abf43c678c6bb966c5f,2024-12-26 15:00:00+00:00,MARKET,0.5496736676443057,0.5,1.9,0,NON_PIT,1.0,0.9006526647113886,COUNTERFACTUAL_NON_PIT,False
home_win,0,0e1964de55499721c16c,2024-12-26 15:00:00+00:00,MARKET,0.5703126075781655,0.5220012055455093,1.8,1,NON_PIT,1.0,0.859374784843669,COUNTERFACTUAL_NON_PIT,False
home_win,0,18faf5854e69fcb07373,2024-12-26 15:00:00+00:00,MARKET,0.537624481427632,0.49702656040180676,1.91,1,NON_PIT,1.0,0.924751037144736,COUNTERFACTUAL_NON_PIT,False
home_win,0,2ee5e564fcc8068970ab,2024-12-26 15:00:00+00:00,MARKET,0.46045258306289366,0.44651162790697674,2.1,1,NON_PIT,1.0,0.9209051661257873,COUNTERFACTUAL_NON_PIT,False
home_win,0,31332262859bce8ad338,2024-12-26 15:00:00+00:00,MARKET,0.6517598061472052,0.6417473541995046,1.48,0,NON_PIT,1.0,0.6964803877055896,COUNTERFACTUAL_NON_PIT,False
home_win,0,36f04d03b9eb3a941272,2024-12-26 15:00:00+00:00,MARKET,0.41961310531687845,0.41929720071471116,2.25,1,NON_PIT,1.0,0.8392262106337569,COUNTERFACTUAL_NON_PIT,False
home_win,0,3934a1b2250b0a7dfd44,2024-12-26 15:00:00+00:00,MARKET,0.5334984835224076,0.48744623754732935,1.91,1,NON_PIT,1.0,0.9330030329551848,COUNTERFACTUAL_NON_PIT,False
home_win,0,44e422d3ec241fff23f6,2024-12-26 15:00:00+00:00,MARKET,0.585813106566817,0.5327102803738317,1.75,1,NON_PIT,1.0,0.8283737868663661,COUNTERFACTUAL_NON_PIT,False
home_win,0,46b77b6bd90160a62b58,2024-12-26 15:00:00+00:00,MARKET,0.534656769987473,0.5072616073735894,1.85,1,NON_PIT,1.0,0.930686460025054,COUNTERFACTUAL_NON_PIT,False
home_win,0,4b219552d54420a8dce3,2024-12-26 15:00:00+00:00,MARKET,0.3195890917677137,0.2936129647283127,3.25,0,NON_PIT,1.0,0.6391781835354274,COUNTERFACTUAL_NON_PIT,False
home_win,0,5295734838a8e940e135,2024-12-26 15:00:00+00:00,MARKET,0.5871010079494033,0.5583308845136645,1.67,1,NON_PIT,1.0,0.8257979841011933,COUNTERFACTUAL_NON_PIT,False
home_win,0,5e71638381af643a8a41,2024-12-26 15:00:00+00:00,MARKET,0.4261648063221714,0.4247787610619469,2.2,1,NON_PIT,1.0,0.8523296126443428,COUNTERFACTUAL_NON_PIT,False
home_win,0,5f70ba1cf7c996d883e7,2024-12-26 15:00:00+00:00,MARKET,0.4521952588482112,0.41883568448241604,2.25,1,NON_PIT,1.0,0.9043905176964224,COUNTERFACTUAL_NON_PIT,False
home_win,0,6265621764c5cdab9665,2024-12-26 15:00:00+00:00,MARKET,0.6092777359174905,0.5704256252742431,1.65,0,NON_PIT,1.0,0.7814445281650191,COUNTERFACTUAL_NON_PIT,False
home_win,0,6912849fe3755bcd1771,2024-12-26 15:00:00+00:00,MARKET,0.33305799823682203,0.3450439146800502,2.7,1,NON_PIT,1.0,0.6661159964736441,COUNTERFACTUAL_NON_PIT,False
home_win,0,6a27f35c00d5eed2ee05,2024-12-26 15:00:00+00:00,MARKET,0.5607297090498997,0.5051038366772262,1.85,0,NON_PIT,1.0,0.8785405819002006,COUNTERFACTUAL_NON_PIT,False
home_win,0,6cfd53ff18a079207cb1,2024-12-26 15:00:00+00:00,MARKET,0.4225283067035195,0.39215686274509803,2.4,0,NON_PIT,1.0,0.845056613407039,COUNTERFACTUAL_NON_PIT,False
home_win,0,6e39a525136f1a0b1cb0,2024-12-26 15:00:00+00:00,MARKET,0.40337789272554075,0.4146032477254405,2.3,1,NON_PIT,1.0,0.8067557854510815,COUNTERFACTUAL_NON_PIT,False
home_win,0,8233b804a0ba4f642b25,2024-12-26 15:00:00+00:00,MARKET,0.20162923112897724,0.2222222222222222,4.2,1,NON_PIT,1.0,0.4032584622579545,COUNTERFACTUAL_NON_PIT,False
home_win,0,830091a1468f540a850b,2024-12-26 15:00:00+00:00,MARKET,0.429476086552225,0.4359404280501035,2.15,1,NON_PIT,1.0,0.85895217310445,COUNTERFACTUAL_NON_PIT,False
home_win,0,89246ca21a8f93f4dc07,2024-12-26 15:00:00+00:00,MARKET,0.4680789077584024,0.44321329639889195,2.1,0,NON_PIT,1.0,0.9361578155168048,COUNTERFACTUAL_NON_PIT,False
home_win,0,98395fbf89c18517dedd,2024-12-26 15:00:00+00:00,MARKET,0.4489900115651927,0.43421052631578944,2.15,1,NON_PIT,1.0,0.8979800231303854,COUNTERFACTUAL_NON_PIT,False
home_win,0,9c6a73c4497c665a930b,2024-12-26 15:00:00+00:00,MARKET,0.5018567333695103,0.4776622646810902,1.95,0,NON_PIT,1.0,0.9962865332609794,COUNTERFACTUAL_NON_PIT,False
home_win,0,9ded14064b7fd29d6cce,2024-12-26 15:00:00+00:00,MARKET,0.37899219935891626,0.4034582132564842,2.3,0,NON_PIT,1.0,0.7579843987178325,COUNTERFACTUAL_NON_PIT,False
home_win,0,a0aa4415cfdfdbb2cae8,2024-12-26 15:00:00+00:00,MARKET,0.6625412074846397,0.5959637003927942,1.57,1,NON_PIT,1.0,0.6749175850307205,COUNTERFACTUAL_NON_PIT,False
home_win,0,ab7b8efaa7227aed8a00,2024-12-26 15:00:00+00:00,MARKET,0.6290708097545362,0.578368999421631,1.62,0,NON_PIT,1.0,0.7418583804909276,COUNTERFACTUAL_NON_PIT,False
home_win,0,c07f342f63e84989808e,2024-12-26 15:00:00+00:00,MARKET,0.37449764609509606,0.33539731682146534,2.8,0,NON_PIT,1.0,0.7489952921901921,COUNTERFACTUAL_NON_PIT,False
home_win,0,c0a88b5ad6fcb105aa00,2024-12-26 15:00:00+00:00,MARKET,0.5522486728036073,0.5220012055455093,1.8,1,NON_PIT,1.0,0.8955026543927853,COUNTERFACTUAL_NON_PIT,False
home_win,0,c30bd39d13ef65b10e16,2024-12-26 15:00:00+00:00,MARKET,0.42868249029719935,0.44365361803084225,2.1,1,NON_PIT,1.0,0.8573649805943987,COUNTERFACTUAL_NON_PIT,False
home_win,0,c85bc42fb1027ff2d168,2024-12-26 15:00:00+00:00,MARKET,0.3268632531413339,0.308466051969824,3.0,0,NON_PIT,1.0,0.6537265062826678,COUNTERFACTUAL_NON_PIT,False
home_win,0,cf14d16f796330f1d5fd,2024-12-26 15:00:00+00:00,MARKET,0.7775657378584977,0.7729729729729731,1.2,1,NON_PIT,1.0,0.4448685242830046,COUNTERFACTUAL_NON_PIT,False
home_win,0,d272ad2f567169850277,2024-12-26 15:00:00+00:00,MARKET,0.4073676570614784,0.37231960694508065,2.5,1,NON_PIT,1.0,0.8147353141229569,COUNTERFACTUAL_NON_PIT,False
home_win,0,dad313a8f57c50ce9d21,2024-12-26 15:00:00+00:00,MARKET,0.4274650130965362,0.4374145674672916,2.15,1,NON_PIT,1.0,0.8549300261930723,COUNTERFACTUAL_NON_PIT,False
home_win,0,dad55e83b5eafa0fa678,2024-12-26 15:00:00+00:00,MARKET,0.7676858080388075,0.7099057574385776,1.33,1,NON_PIT,1.0,0.46462838392238504,COUNTERFACTUAL_NON_PIT,False
home_win,0,e7b80246145f44442b61,2024-12-26 15:00:00+00:00,MARKET,0.6355041795805335,0.6100322159112963,1.53,1,NON_PIT,1.0,0.728991640838933,COUNTERFACTUAL_NON_PIT,False
home_win,0,f16ecb7127d52456df4b,2024-12-26 15:00:00+00:00,MARKET,0.4103170914320665,0.4254313401087213,2.2,0,NON_PIT,1.0,0.820634182864133,COUNTERFACTUAL_NON_PIT,False
home_win,0,fcdfa192572b517593f1,2024-12-26 15:00:00+00:00,MARKET,0.3097455574763698,0.327653997378768,2.88,1,NON_PIT,1.0,0.6194911149527396,COUNTERFACTUAL_NON_PIT,False
home_win,0,03cbd55057ee10bc3bb4,2024-12-26 17:30:00+00:00,MARKET,0.34886686556144997,0.3516483516483516,2.7,1,NON_PIT,1.0,0.6977337311228999,COUNTERFACTUAL_NON_PIT,False
home_win,0,4c87b79a1bbd3cb7a0d3,2024-12-26 17:30:00+00:00,MARKET,0.2502210262002427,0.24414426863815383,3.9,1,NON_PIT,1.0,0.5004420524004854,COUNTERFACTUAL_NON_PIT,False
home_win,0,2613da9d862b9dbf0bad,2024-12-26 20:00:00+00:00,MARKET,0.8591014597560545,0.8795411089866157,1.08,1,NON_PIT,1.0,0.2817970804878911,COUNTERFACTUAL_NON_PIT,False
home_win,0,f2d7a8a64c539fd58467,2024-12-26 20:00:00+00:00,MARKET,0.16923667607602835,0.15026833631484793,6.25,0,NON_PIT,1.0,0.33847335215205665,COUNTERFACTUAL_NON_PIT,False
home_win,0,b3b761d9c751fb93bca0,2024-12-27 19:30:00+00:00,MARKET,0.616583254021285,0.5830269494941478,1.62,0,NON_PIT,1.0,0.76683349195743,COUNTERFACTUAL_NON_PIT,False
home_win,0,2d9ca4759d5a3439da3d,2024-12-27 20:15:00+00:00,MARKET,0.8210655763554306,0.8314855875831485,1.14,1,NON_PIT,1.0,0.3578688472891387,COUNTERFACTUAL_NON_PIT,False
home_win,0,15578ea0ef051c7ee445,2024-12-29 12:30:00+00:00,MARKET,0.39163336794498377,0.3794850147741663,2.45,1,NON_PIT,1.0,0.7832667358899675,COUNTERFACTUAL_NON_PIT,False
home_win,0,27a4d53d708aaa21513a,2024-12-29 12:30:00+00:00,MARKET,0.47598436093183505,0.4290091930541369,2.15,1,NON_PIT,1.0,0.9519687218636701,COUNTERFACTUAL_NON_PIT,False
home_win,0,2b3bc44e364d8671002a,2024-12-29 12:30:00+00:00,MARKET,0.5133235259444928,0.4896055954925198,1.85,0,NON_PIT,1.0,0.9733529481110144,COUNTERFACTUAL_NON_PIT,False
home_win,0,323cf8fa2eb8e0493eed,2024-12-29 12:30:00+00:00,MARKET,0.5926017578155605,0.5327281493673832,1.75,0,NON_PIT,1.0,0.8147964843688791,COUNTERFACTUAL_NON_PIT,False
home_win,0,380e84b44eef374bf2c2,2024-12-29 12:30:00+00:00,MARKET,0.34115939735675604,0.3371104815864023,2.8,1,NON_PIT,1.0,0.6823187947135121,COUNTERFACTUAL_NON_PIT,False
home_win,0,524c2476bb0784ca469c,2024-12-29 12:30:00+00:00,MARKET,0.49741681373938273,0.48223896663078586,1.95,0,NON_PIT,1.0,0.9948336274787655,COUNTERFACTUAL_NON_PIT,False
home_win,0,b263fe49817601d4821d,2024-12-29 12:30:00+00:00,MARKET,0.34514437221431227,0.3359683794466403,2.8,0,NON_PIT,1.0,0.6902887444286245,COUNTERFACTUAL_NON_PIT,False
home_win,0,42f5461c66056eae7b04,2024-12-29 14:30:00+00:00,MARKET,0.15067680350027798,0.12693025623621246,7.5,0,NON_PIT,1.0,0.301353607000556,COUNTERFACTUAL_NON_PIT,False
home_win,0,01665baaa875a24c3ec3,2024-12-29 15:00:00+00:00,MARKET,0.5948459854185723,0.5565101929235337,1.67,1,NON_PIT,1.0,0.8103080291628555,COUNTERFACTUAL_NON_PIT,False
home_win,0,0777e9d9c7b8c737873b,2024-12-29 15:00:00+00:00,MARKET,0.36653303030020934,0.375767498976668,2.5,1,NON_PIT,1.0,0.7330660606004187,COUNTERFACTUAL_NON_PIT,False
home_win,0,09cf18a01f16b10c6387,2024-12-29 15:00:00+00:00,MARKET,0.357782551092398,0.31279620853080564,3.0,1,NON_PIT,1.0,0.715565102184796,COUNTERFACTUAL_NON_PIT,False
home_win,0,1302df00c7515f530067,2024-12-29 15:00:00+00:00,MARKET,0.6670889392980466,0.6585824796153043,1.42,0,NON_PIT,1.0,0.6658221214039068,COUNTERFACTUAL_NON_PIT,False
home_win,0,2910afefc8700dfaff7f,2024-12-29 15:00:00+00:00,MARKET,0.5994134175263617,0.5879059350503919,1.6,0,NON_PIT,1.0,0.8011731649472766,COUNTERFACTUAL_NON_PIT,False
home_win,0,2a8e71ed17864785cecc,2024-12-29 15:00:00+00:00,MARKET,0.6269300514886953,0.6117647058823529,1.5,0,NON_PIT,1.0,0.7461398970226094,COUNTERFACTUAL_NON_PIT,False
home_win,0,3658ce6285308438a3f5,2024-12-29 15:00:00+00:00,MARKET,0.44429136588171453,0.41568296795952775,2.2,1,NON_PIT,1.0,0.8885827317634291,COUNTERFACTUAL_NON_PIT,False
home_win,0,3f6780ae0f02ac4be853,2024-12-29 15:00:00+00:00,MARKET,0.5395668367612779,0.5185185185185186,1.8,1,NON_PIT,1.0,0.9208663264774442,COUNTERFACTUAL_NON_PIT,False
home_win,0,52569e1786b4f9bc6755,2024-12-29 15:00:00+00:00,MARKET,0.4407303846592392,0.4473684210526316,2.1,1,NON_PIT,1.0,0.8814607693184784,COUNTERFACTUAL_NON_PIT,False
home_win,0,5b466ce002e1940d76bd,2024-12-29 15:00:00+00:00,MARKET,0.7595429777471108,0.7238095238095239,1.25,1,NON_PIT,1.0,0.48091404450577846,COUNTERFACTUAL_NON_PIT,False
home_win,0,5d6079ac7db416ebd0a9,2024-12-29 15:00:00+00:00,MARKET,0.44262168541126085,0.4592445328031809,2.0,0,NON_PIT,1.0,0.8852433708225217,COUNTERFACTUAL_NON_PIT,False
home_win,0,62acec9081bd573baeb8,2024-12-29 15:00:00+00:00,MARKET,0.5182660451852017,0.5257095980311731,1.8,0,NON_PIT,1.0,0.9634679096295966,COUNTERFACTUAL_NON_PIT,False
home_win,0,62bedc8ce22a67957dfd,2024-12-29 15:00:00+00:00,MARKET,0.5416796140500781,0.5078597339782346,1.85,1,NON_PIT,1.0,0.9166407718998437,COUNTERFACTUAL_NON_PIT,False
home_win,0,789aa247abf9c5f3d5df,2024-12-29 15:00:00+00:00,MARKET,0.43248475500801853,0.42767047694126925,2.2,1,NON_PIT,1.0,0.8649695100160371,COUNTERFACTUAL_NON_PIT,False
home_win,0,85a9a21abd4ed145bd47,2024-12-29 15:00:00+00:00,MARKET,0.6244638788320276,0.5738880918220947,1.65,1,NON_PIT,1.0,0.7510722423359448,COUNTERFACTUAL_NON_PIT,False
home_win,0,8883e89405295c5ff18a,2024-12-29 15:00:00+00:00,MARKET,0.3299829414650387,0.3682310469314079,2.5,0,NON_PIT,1.0,0.6599658829300774,COUNTERFACTUAL_NON_PIT,False
home_win,0,9bf834b446b26f456055,2024-12-29 15:00:00+00:00,MARKET,0.4902451832249853,0.4822695035460994,1.95,0,NON_PIT,1.0,0.9804903664499706,COUNTERFACTUAL_NON_PIT,False
home_win,0,a9b1a80053890c03c67d,2024-12-29 15:00:00+00:00,MARKET,0.5928637356082556,0.5533287619997507,1.7,0,NON_PIT,1.0,0.8142725287834889,COUNTERFACTUAL_NON_PIT,False
home_win,0,b44d9fb20283870d111d,2024-12-29 15:00:00+00:00,MARKET,0.5711691808924392,0.536416983085951,1.7,1,NON_PIT,1.0,0.8576616382151216,COUNTERFACTUAL_NON_PIT,False
home_win,0,c9511ef558f43249ae17,2024-12-29 15:00:00+00:00,MARKET,0.6727889500877077,0.6346967559943583,1.48,0,NON_PIT,1.0,0.6544220998245847,COUNTERFACTUAL_NON_PIT,False
home_win,0,cbe5feee0587491ed645,2024-12-29 15:00:00+00:00,MARKET,0.425980534157295,0.41025641025641024,2.3,0,NON_PIT,1.0,0.85196106831459,COUNTERFACTUAL_NON_PIT,False
home_win,0,d09038116b247c3426d0,2024-12-29 15:00:00+00:00,MARKET,0.3361585292910364,0.32315978456014366,2.9,0,NON_PIT,1.0,0.6723170585820728,COUNTERFACTUAL_NON_PIT,False
home_win,0,d46fdb6a7e18826de644,2024-12-29 15:00:00+00:00,MARKET,0.3050426912591282,0.3127962085308057,2.9,0,NON_PIT,1.0,0.6100853825182564,COUNTERFACTUAL_NON_PIT,False
home_win,0,d4fe980e7171c5f72513,2024-12-29 15:00:00+00:00,MARKET,0.4290886581758456,0.3648208469055374,2.6,0,NON_PIT,1.0,0.8581773163516913,COUNTERFACTUAL_NON_PIT,False
home_win,0,d5fe350cc19bad2bf5c1,2024-12-29 15:00:00+00:00,MARKET,0.5719854640005275,0.5389221556886228,1.75,1,NON_PIT,1.0,0.856029071998945,COUNTERFACTUAL_NON_PIT,False
home_win,0,ddfb419bf4b365acf2e8,2024-12-29 15:00:00+00:00,MARKET,0.46056767181823477,0.4701492537313433,2.0,0,NON_PIT,1.0,0.9211353436364695,COUNTERFACTUAL_NON_PIT,False
home_win,0,e245be2836fcef45b3fa,2024-12-29 15:00:00+00:00,MARKET,0.26548654213063055,0.31232642597735527,2.9,1,NON_PIT,1.0,0.5309730842612611,COUNTERFACTUAL_NON_PIT,False
home_win,0,e62f7892da26369077f5,2024-12-29 15:00:00+00:00,MARKET,0.5130008464759821,0.4569015166058744,2.05,0,NON_PIT,1.0,0.9739983070480358,COUNTERFACTUAL_NON_PIT,False
home_win,0,e97d6c9e3f0c4391f5e7,2024-12-29 15:00:00+00:00,MARKET,0.36749249750965557,0.3457003785830179,2.63,0,NON_PIT,1.0,0.7349849950193111,COUNTERFACTUAL_NON_PIT,False
home_win,0,eaaa9c5c3a6576b9a9ad,2024-12-29 15:00:00+00:00,MARKET,0.6147683929640136,0.5924105170128148,1.57,1,NON_PIT,1.0,0.7704632140719727,COUNTERFACTUAL_NON_PIT,False
home_win,0,3b4c0a6df49b429a6057,2024-12-29 17:15:00+00:00,MARKET,0.18904511179978967,0.13513513513513511,7.0,0,NON_PIT,1.0,0.37809022359957933,COUNTERFACTUAL_NON_PIT,False
home_win,0,2e2e92dda175ca4c08c0,2024-12-29 17:45:00+00:00,MARKET,0.21005317437213114,0.18812989921612544,5.0,0,NON_PIT,1.0,0.4201063487442622,COUNTERFACTUAL_NON_PIT,False
home_win,0,3f92964234897d6d7753,2024-12-29 20:00:00+00:00,MARKET,0.4298597352495834,0.41354540790148797,2.25,0,NON_PIT,1.0,0.8597194704991667,COUNTERFACTUAL_NON_PIT,False
home_win,0,1a5f263987488196294f,2024-12-30 19:45:00+00:00,MARKET,0.4854794678687471,0.49315068493150677,1.9,0,NON_PIT,1.0,0.9709589357374943,COUNTERFACTUAL_NON_PIT,False
home_win,0,e73c16437a798054e7a6,2024-12-30 19:45:00+00:00,MARKET,0.18974802737613997,0.1439701173959445,6.5,1,NON_PIT,1.0,0.3794960547522799,COUNTERFACTUAL_NON_PIT,False
home_win,0,316324b4684d2a1a5008,2024-12-30 20:00:00+00:00,MARKET,0.34391096310015956,0.34914425427872864,2.75,0,NON_PIT,1.0,0.6878219262003191,COUNTERFACTUAL_NON_PIT,False
home_win,0,cb6804cb21efb9eadf43,2024-12-30 20:00:00+00:00,MARKET,0.5707412325478033,0.5284126651289578,1.73,1,NON_PIT,1.0,0.8585175349043934,COUNTERFACTUAL_NON_PIT,False
home_win,0,a6e9018fe75429fb14e1,2025-01-01 12:30:00+00:00,MARKET,0.23316572840848535,0.23515805705474174,4.0,0,NON_PIT,1.0,0.46633145681697075,COUNTERFACTUAL_NON_PIT,False
home_win,0,f9dcb93b3a4cd585ea73,2025-01-01 12:30:00+00:00,MARKET,0.37573739352764524,0.3711340206185567,2.55,1,NON_PIT,1.0,0.7514747870552905,COUNTERFACTUAL_NON_PIT,False
home_win,0,6142b0f5f93e4fde1658,2025-01-01 13:00:00+00:00,MARKET,0.6448761405690869,0.562008242787561,1.67,0,NON_PIT,1.0,0.7102477188618261,COUNTERFACTUAL_NON_PIT,False
home_win,0,0c3861ce261e2ef8a256,2025-01-01 15:00:00+00:00,MARKET,0.32561252599520335,0.3251999676819907,2.88,0,NON_PIT,1.0,0.6512250519904067,COUNTERFACTUAL_NON_PIT,False
home_win,0,16e58902c10d12587c81,2025-01-01 15:00:00+00:00,MARKET,0.5000038778080402,0.4915346805024577,1.9,1,NON_PIT,1.0,0.9999922443839195,COUNTERFACTUAL_NON_PIT,False
home_win,0,183314cadeca4a01a15d,2025-01-01 15:00:00+00:00,MARKET,0.2690713505149508,0.26459143968871596,3.5,0,NON_PIT,1.0,0.5381427010299016,COUNTERFACTUAL_NON_PIT,False
home_win,0,36892b4f27cb241e63da,2025-01-01 15:00:00+00:00,MARKET,0.3110440107320768,0.2823250296559905,3.3,0,NON_PIT,1.0,0.6220880214641537,COUNTERFACTUAL_NON_PIT,False
home_win,0,3a271a1529b909c2a192,2025-01-01 15:00:00+00:00,MARKET,0.7235720263362766,0.6880733944954128,1.36,0,NON_PIT,1.0,0.5528559473274468,COUNTERFACTUAL_NON_PIT,False
home_win,0,4575cbe837f41753942b,2025-01-01 15:00:00+00:00,MARKET,0.3867053337095594,0.37110187110187104,2.5,0,NON_PIT,1.0,0.7734106674191188,COUNTERFACTUAL_NON_PIT,False
home_win,0,4d819cce4820a1f442d6,2025-01-01 15:00:00+00:00,MARKET,0.46057502712532655,0.47291361639824303,2.0,1,NON_PIT,1.0,0.9211500542506531,COUNTERFACTUAL_NON_PIT,False
home_win,0,534bd5f1e90da4df4391,2025-01-01 15:00:00+00:00,MARKET,0.412876056640828,0.39643744821872406,2.35,1,NON_PIT,1.0,0.825752113281656,COUNTERFACTUAL_NON_PIT,False
home_win,0,55da9edc3b3dd7d1748e,2025-01-01 15:00:00+00:00,MARKET,0.35232174385842835,0.3316728933167289,2.8,1,NON_PIT,1.0,0.7046434877168567,COUNTERFACTUAL_NON_PIT,False
home_win,0,59c356212b285742017a,2025-01-01 15:00:00+00:00,MARKET,0.36778131858010554,0.3450439146800502,2.7,0,NON_PIT,1.0,0.7355626371602111,COUNTERFACTUAL_NON_PIT,False
home_win,0,5d7eed39588062d8bd08,2025-01-01 15:00:00+00:00,MARKET,0.3919173726446023,0.36649214659685864,2.55,0,NON_PIT,1.0,0.7838347452892046,COUNTERFACTUAL_NON_PIT,False
home_win,0,5eb20b59e5b54deaf106,2025-01-01 15:00:00+00:00,MARKET,0.43398739810464737,0.4243156199677939,2.2,0,NON_PIT,1.0,0.8679747962092947,COUNTERFACTUAL_NON_PIT,False
home_win,0,5f873d9312f5365e5cee,2025-01-01 15:00:00+00:00,MARKET,0.33834107787923323,0.32710280373831774,2.88,1,NON_PIT,1.0,0.6766821557584665,COUNTERFACTUAL_NON_PIT,False
home_win,0,6bafbff40a3cc5d3bba0,2025-01-01 15:00:00+00:00,MARKET,0.35875668537301025,0.37231960694508065,2.5,1,NON_PIT,1.0,0.7175133707460205,COUNTERFACTUAL_NON_PIT,False
home_win,0,7246c9b32ddce3c66223,2025-01-01 15:00:00+00:00,MARKET,0.4030834089128281,0.3539159761835367,2.63,0,NON_PIT,1.0,0.8061668178256562,COUNTERFACTUAL_NON_PIT,False
home_win,0,7d623e120394f11d7732,2025-01-01 15:00:00+00:00,MARKET,0.24528716269929826,0.2327257312420517,4.0,0,NON_PIT,1.0,0.4905743253985966,COUNTERFACTUAL_NON_PIT,False
home_win,0,86f095a58f9f1b52a4f5,2025-01-01 15:00:00+00:00,MARKET,0.26394633904160875,0.2653981953707336,3.5,0,NON_PIT,1.0,0.5278926780832175,COUNTERFACTUAL_NON_PIT,False
home_win,0,89a3bb053a8a5085c727,2025-01-01 15:00:00+00:00,MARKET,0.43802642883969745,0.4040270671728008,2.3,1,NON_PIT,1.0,0.8760528576793949,COUNTERFACTUAL_NON_PIT,False
home_win,0,94745d90a68104d4815c,2025-01-01 15:00:00+00:00,MARKET,0.4880942804369267,0.47646057855927393,1.95,0,NON_PIT,1.0,0.9761885608738534,COUNTERFACTUAL_NON_PIT,False
home_win,0,add2bae75aee9d2202d7,2025-01-01 15:00:00+00:00,MARKET,0.6626331967351929,0.5995320050399457,1.55,0,NON_PIT,1.0,0.6747336065296141,COUNTERFACTUAL_NON_PIT,False
home_win,0,b0219bde307b709a3532,2025-01-01 15:00:00+00:00,MARKET,0.3660308943668553,0.375767498976668,2.5,0,NON_PIT,1.0,0.7320617887337106,COUNTERFACTUAL_NON_PIT,False
home_win,0,c038f6753ccdfd4d13ae,2025-01-01 15:00:00+00:00,MARKET,0.6511685935850106,0.6104945747546898,1.53,0,NON_PIT,1.0,0.6976628128299789,COUNTERFACTUAL_NON_PIT,False
home_win,0,c1a63ba7989453a7e4fb,2025-01-01 15:00:00+00:00,MARKET,0.5614125819390073,0.5140093406910212,1.83,1,NON_PIT,1.0,0.8771748361219853,COUNTERFACTUAL_NON_PIT,False
home_win,0,c48fba99835e925fce5c,2025-01-01 15:00:00+00:00,MARKET,0.642778861573963,0.5924839182936463,1.57,1,NON_PIT,1.0,0.714442276852074,COUNTERFACTUAL_NON_PIT,False
home_win,0,c610c2524298a7af1209,2025-01-01 15:00:00+00:00,MARKET,0.5810942845419412,0.5157232704402516,1.8,0,NON_PIT,1.0,0.8378114309161175,COUNTERFACTUAL_NON_PIT,False
home_win,0,d9f30e087fddd9a53365,2025-01-01 15:00:00+00:00,MARKET,0.560438258965191,0.5380694230924833,1.73,1,NON_PIT,1.0,0.8791234820696181,COUNTERFACTUAL_NON_PIT,False
home_win,0,f031ec3cb7e63561cdb6,2025-01-01 15:00:00+00:00,MARKET,0.38859815850984714,0.3869346733668342,2.4,1,NON_PIT,1.0,0.7771963170196943,COUNTERFACTUAL_NON_PIT,False
home_win,0,704641ff0a4c51c0d514,2025-01-01 17:30:00+00:00,MARKET,0.1788881536581271,0.14530005310674457,6.5,0,NON_PIT,1.0,0.3577763073162542,COUNTERFACTUAL_NON_PIT,False
home_win,0,c0f3ac0c7a3c569f521a,2025-01-01 17:30:00+00:00,MARKET,0.3014229117171815,0.28767123287671237,3.25,0,NON_PIT,1.0,0.602845823434363,COUNTERFACTUAL_NON_PIT,False
home_win,0,f3500334b0ff049d89ca,2025-01-01 20:00:00+00:00,MARKET,0.41857419814157437,0.4093097913322633,2.3,1,NON_PIT,1.0,0.8371483962831487,COUNTERFACTUAL_NON_PIT,False
home_win,0,29b2bb20f7c9cfa02a4a,2025-01-02 19:45:00+00:00,MARKET,0.4636384399689854,0.4233870967741936,2.2,0,NON_PIT,1.0,0.9272768799379708,COUNTERFACTUAL_NON_PIT,False
home_win,0,79b0d34e6d845eb823e1,2025-01-02 19:45:00+00:00,MARKET,0.19316931265229986,0.19532780708364733,4.75,0,NON_PIT,1.0,0.3863386253045997,COUNTERFACTUAL_NON_PIT,False
home_win,0,38635df1181e1d1b5ea0,2025-01-04 12:30:00+00:00,MARKET,0.35202999146954134,0.36802973977695175,2.55,0,NON_PIT,1.0,0.7040599829390827,COUNTERFACTUAL_NON_PIT,False
home_win,0,632b89474b4a66bf8481,2025-01-04 12:30:00+00:00,MARKET,0.30415170374650813,0.32917532917532916,2.88,0,NON_PIT,1.0,0.6083034074930163,COUNTERFACTUAL_NON_PIT,False
home_win,0,6e1cd0026c734c843167,2025-01-04 12:30:00+00:00,MARKET,0.4784493414659938,0.4323289327824247,2.15,0,NON_PIT,1.0,0.9568986829319877,COUNTERFACTUAL_NON_PIT,False
home_win,0,9b146e2ae8183279d2b7,2025-01-04 12:30:00+00:00,MARKET,0.45205571086841123,0.451165096678235,2.05,0,NON_PIT,1.0,0.9041114217368225,COUNTERFACTUAL_NON_PIT,False
home_win,0,b51d9591993fa583d6f1,2025-01-04 12:30:00+00:00,MARKET,0.3123728336711465,0.2944881889763779,3.2,0,NON_PIT,1.0,0.624745667342293,COUNTERFACTUAL_NON_PIT,False
home_win,0,cbd0cc985dc13ef7f403,2025-01-04 12:30:00+00:00,MARKET,0.6166798413597787,0.5674967234600262,1.65,0,NON_PIT,1.0,0.7666403172804426,COUNTERFACTUAL_NON_PIT,False
home_win,0,f8b905a78f3076e351fa,2025-01-04 12:30:00+00:00,MARKET,0.5754980243126597,0.5557666730001901,1.67,1,NON_PIT,1.0,0.8490039513746805,COUNTERFACTUAL_NON_PIT,False
home_win,0,8ce3916abae009a1013f,2025-01-04 13:00:00+00:00,MARKET,0.5334579929860055,0.5072616073735894,1.85,1,NON_PIT,1.0,0.933084014027989,COUNTERFACTUAL_NON_PIT,False
home_win,0,099473df946e5c1c4423,2025-01-04 15:00:00+00:00,MARKET,0.4049168551628172,0.39016393442622954,2.4,1,NON_PIT,1.0,0.8098337103256344,COUNTERFACTUAL_NON_PIT,False
home_win,0,0d0eea47147ac76c7734,2025-01-04 15:00:00+00:00,MARKET,0.651154918459382,0.6104945747546898,1.53,1,NON_PIT,1.0,0.697690163081236,COUNTERFACTUAL_NON_PIT,False
home_win,0,1d094883541014915dc7,2025-01-04 15:00:00+00:00,MARKET,0.7539710048518947,0.7151598592626587,1.33,1,NON_PIT,1.0,0.49205799029621056,COUNTERFACTUAL_NON_PIT,False
home_win,0,38fef076bf1bdfd347d6,2025-01-04 15:00:00+00:00,MARKET,0.5477446896608708,0.5477819635580841,1.73,1,NON_PIT,1.0,0.9045106206782585,COUNTERFACTUAL_NON_PIT,False
home_win,0,409ce76ac942bdf86dce,2025-01-04 15:00:00+00:00,MARKET,0.20954439052482532,0.19564323879983558,4.75,0,NON_PIT,1.0,0.41908878104965064,COUNTERFACTUAL_NON_PIT,False
home_win,0,554a3fbfa0e3188166a9,2025-01-04 15:00:00+00:00,MARKET,0.5974714855652854,0.5399533013361008,1.73,0,NON_PIT,1.0,0.8050570288694292,COUNTERFACTUAL_NON_PIT,False
home_win,0,5d7d353cfcbbdd8f051c,2025-01-04 15:00:00+00:00,MARKET,0.508218351844509,0.47646057855927393,1.95,0,NON_PIT,1.0,0.9835632963109819,COUNTERFACTUAL_NON_PIT,False
home_win,0,5f44d243dfd631be485f,2025-01-04 15:00:00+00:00,MARKET,0.4425145489520234,0.41883568448241604,2.25,0,NON_PIT,1.0,0.8850290979040468,COUNTERFACTUAL_NON_PIT,False
home_win,0,62aad877484030e55e9c,2025-01-04 15:00:00+00:00,MARKET,0.5078782451183574,0.4930629669156883,1.9,1,NON_PIT,1.0,0.9842435097632851,COUNTERFACTUAL_NON_PIT,False
home_win,0,6a8b1ecca2042ca27de7,2025-01-04 15:00:00+00:00,MARKET,0.6508938921115455,0.6088400411164703,1.53,1,NON_PIT,1.0,0.6982122157769091,COUNTERFACTUAL_NON_PIT,False
home_win,0,6f5c7fb6dc7faf20a590,2025-01-04 15:00:00+00:00,MARKET,0.5214516754676746,0.5310316481709823,1.75,0,NON_PIT,1.0,0.9570966490646509,COUNTERFACTUAL_NON_PIT,False
home_win,0,795afe126d9ca4e670a9,2025-01-04 15:00:00+00:00,MARKET,0.49206922037185735,0.5087751040347386,1.81,0,NON_PIT,1.0,0.9841384407437147,COUNTERFACTUAL_NON_PIT,False
home_win,0,79ab5d1dc4e8a43536cc,2025-01-04 15:00:00+00:00,MARKET,0.4106375747374482,0.4473684210526316,2.1,0,NON_PIT,1.0,0.8212751494748964,COUNTERFACTUAL_NON_PIT,False
home_win,0,7ddb66e09f53febe0583,2025-01-04 15:00:00+00:00,MARKET,0.4795266081953628,0.4862936537739392,1.9,0,NON_PIT,1.0,0.9590532163907256,COUNTERFACTUAL_NON_PIT,False
home_win,0,87832d10aa410db5f3e2,2025-01-04 15:00:00+00:00,MARKET,0.578993161154159,0.5072616073735894,1.85,0,NON_PIT,1.0,0.842013677691682,COUNTERFACTUAL_NON_PIT,False
home_win,0,8797871b303b5c620a76,2025-01-04 15:00:00+00:00,MARKET,0.6040240504788564,0.5680921571721634,1.61,1,NON_PIT,1.0,0.7919518990422871,COUNTERFACTUAL_NON_PIT,False
home_win,0,8e196d7484bb4ee1c799,2025-01-04 15:00:00+00:00,MARKET,0.43546503641780854,0.44173495902458526,2.1,1,NON_PIT,1.0,0.8709300728356171,COUNTERFACTUAL_NON_PIT,False
home_win,0,9037a3e7290b358b99c6,2025-01-04 15:00:00+00:00,MARKET,0.5822540474833833,0.5726034665723382,1.62,0,NON_PIT,1.0,0.8354919050332335,COUNTERFACTUAL_NON_PIT,False
home_win,0,94ea687fd6cca9704e50,2025-01-04 15:00:00+00:00,MARKET,0.6272418063574756,0.5977796754910334,1.57,0,NON_PIT,1.0,0.7455163872850488,COUNTERFACTUAL_NON_PIT,False
home_win,0,97f7fef11af5b575858b,2025-01-04 15:00:00+00:00,MARKET,0.1974659279349463,0.17070932214501117,5.5,0,NON_PIT,1.0,0.39493185586989266,COUNTERFACTUAL_NON_PIT,False
home_win,0,ac6e69d972bee10d60fc,2025-01-04 15:00:00+00:00,MARKET,0.33144216349106176,0.3411167512690355,2.75,0,NON_PIT,1.0,0.6628843269821235,COUNTERFACTUAL_NON_PIT,False
home_win,0,cc27ca6cac231758362d,2025-01-04 15:00:00+00:00,MARKET,0.5260623203106863,0.5011684342980406,1.85,0,NON_PIT,1.0,0.9478753593786273,COUNTERFACTUAL_NON_PIT,False
home_win,0,cd1faffda196dc1a3e14,2025-01-04 15:00:00+00:00,MARKET,0.2556169293032993,0.24982124483353968,3.8,0,NON_PIT,1.0,0.5112338586065986,COUNTERFACTUAL_NON_PIT,False
home_win,0,dcc1c6e1be926a5706f5,2025-01-04 15:00:00+00:00,MARKET,0.26436031754573236,0.30275767651085467,3.1,0,NON_PIT,1.0,0.5287206350914647,COUNTERFACTUAL_NON_PIT,False
home_win,0,ee95f19b59b3150cd96e,2025-01-04 15:00:00+00:00,MARKET,0.3210544121515747,0.31924882629107976,3.0,0,NON_PIT,1.0,0.6421088243031494,COUNTERFACTUAL_NON_PIT,False
home_win,0,f409aef6042e0839453f,2025-01-04 15:00:00+00:00,MARKET,0.4991921434371958,0.46842309182487407,1.96,0,NON_PIT,1.0,0.9983842868743916,COUNTERFACTUAL_NON_PIT,False
home_win,0,fd70fa5ff7d2314c4847,2025-01-04 15:00:00+00:00,MARKET,0.7722110026683165,0.7239382239382238,1.3,1,NON_PIT,1.0,0.4555779946633669,COUNTERFACTUAL_NON_PIT,False
home_win,0,017bde626c3b174e3c43,2025-01-04 17:30:00+00:00,MARKET,0.23515810970395476,0.21928755908581452,4.33,0,NON_PIT,1.0,0.4703162194079096,COUNTERFACTUAL_NON_PIT,False
home_win,0,eb27af0acfd4629c154c,2025-01-05 14:00:00+00:00,MARKET,0.6529333720908932,0.6102722850464338,1.55,0,NON_PIT,1.0,0.6941332558182136,COUNTERFACTUAL_NON_PIT,False
home_win,0,b321a5605c58f7b29521,2025-01-05 15:00:00+00:00,MARKET,0.4307036532448949,0.4247787610619469,2.2,1,NON_PIT,1.0,0.8614073064897898,COUNTERFACTUAL_NON_PIT,False
home_win,0,dbf5f5e36ec443874e70,2025-01-05 15:00:00+00:00,MARKET,0.6721320404133051,0.6346967559943583,1.48,1,NON_PIT,1.0,0.6557359191733898,COUNTERFACTUAL_NON_PIT,False
home_win,0,6561136d550dbe976a8b,2025-01-05 16:30:00+00:00,MARKET,0.7339374092496782,0.7311812232661865,1.29,0,NON_PIT,1.0,0.5321251815006436,COUNTERFACTUAL_NON_PIT,False
home_win,0,068e1c5c99c263fc54c0,2025-01-06 20:00:00+00:00,MARKET,0.35990462955146907,0.3897043622079801,2.4,1,NON_PIT,1.0,0.7198092591029381,COUNTERFACTUAL_NON_PIT,False
home_win,0,111d389fd03ea75cab0a,2025-01-06 20:00:00+00:00,MARKET,0.33909689309352536,0.28851430811446493,3.3,0,NON_PIT,1.0,0.6781937861870507,COUNTERFACTUAL_NON_PIT,False
home_win,0,3018b5f74ce12816fc8d,2025-01-07 19:45:00+00:00,MARKET,0.37006372378657704,0.37499999999999994,2.5,0,NON_PIT,1.0,0.7401274475731541,COUNTERFACTUAL_NON_PIT,False
home_win,0,2aa87ffd0aa3c9f617d1,2025-01-11 12:30:00+00:00,MARKET,0.644763455080653,0.6100322159112963,1.53,1,NON_PIT,1.0,0.710473089838694,COUNTERFACTUAL_NON_PIT,False
home_win,0,fbb1b185026aab2e2ddc,2025-01-11 12:30:00+00:00,MARKET,0.3633588718711925,0.3539159761835367,2.63,1,NON_PIT,1.0,0.726717743742385,COUNTERFACTUAL_NON_PIT,False
home_win,0,fdf4789a62b3dd121857,2025-01-11 15:00:00+00:00,MARKET,0.33132524014866804,0.3316582914572864,2.8,0,NON_PIT,1.0,0.6626504802973361,COUNTERFACTUAL_NON_PIT,False
home_win,0,2dedcd3ff1312e273e0c,2025-01-14 19:30:00+00:00,MARKET,0.211370352872791,0.1975093616650701,4.75,0,NON_PIT,1.0,0.422740705745582,COUNTERFACTUAL_NON_PIT,False
home_win,0,a23141fa8fac5452a334,2025-01-14 19:30:00+00:00,MARKET,0.6795049804996465,0.6417473541995046,1.48,0,NON_PIT,1.0,0.6409900390007071,COUNTERFACTUAL_NON_PIT,False
home_win,0,e4efe03bf33bcba3f037,2025-01-14 19:30:00+00:00,MARKET,0.3097646633601281,0.3181818181818181,3.0,1,NON_PIT,1.0,0.6195293267202562,COUNTERFACTUAL_NON_PIT,False
home_win,0,14aa8d3b11863d770fc6,2025-01-14 19:45:00+00:00,MARKET,0.4508894487901882,0.4041204437400951,2.35,0,NON_PIT,1.0,0.9017788975803764,COUNTERFACTUAL_NON_PIT,False
home_win,0,5760037b45afc80dbab4,2025-01-14 19:45:00+00:00,MARKET,0.4151713953981488,0.41929720071471116,2.25,0,NON_PIT,1.0,0.8303427907962976,COUNTERFACTUAL_NON_PIT,False
home_win,0,e91027b02efb28f972a9,2025-01-14 20:00:00+00:00,MARKET,0.21435682865568756,0.18111910994764396,5.25,0,NON_PIT,1.0,0.4287136573113751,COUNTERFACTUAL_NON_PIT,False
home_win,0,16b33f1e6a144da45197,2025-01-15 19:30:00+00:00,MARKET,0.7221925721021656,0.7055805003207184,1.36,1,NON_PIT,1.0,0.5556148557956688,COUNTERFACTUAL_NON_PIT,False
home_win,0,25d03ca464b428d3925d,2025-01-15 19:30:00+00:00,MARKET,0.26497718807439785,0.24241142252776307,3.9,0,NON_PIT,1.0,0.5299543761487957,COUNTERFACTUAL_NON_PIT,False
home_win,0,e6180b5e52a2d2d49a55,2025-01-15 19:30:00+00:00,MARKET,0.3370609501266381,0.2916584109371904,3.25,0,NON_PIT,1.0,0.6741219002532762,COUNTERFACTUAL_NON_PIT,False
home_win,0,30ca867a23454708c47b,2025-01-15 19:45:00+00:00,MARKET,0.5696266814121559,0.5496094879953717,1.73,1,NON_PIT,1.0,0.8607466371756882,COUNTERFACTUAL_NON_PIT,False
home_win,0,b6643f8582b0d0722a7e,2025-01-15 20:00:00+00:00,MARKET,0.6954231775686484,0.6818181818181818,1.4,1,NON_PIT,1.0,0.6091536448627033,COUNTERFACTUAL_NON_PIT,False
home_win,0,51e6516c1197b0f56c23,2025-01-16 19:30:00+00:00,MARKET,0.23362983020202435,0.24414426863815383,3.9,0,NON_PIT,1.0,0.46725966040404865,COUNTERFACTUAL_NON_PIT,False
home_win,0,a5914fc259b4b456fcdf,2025-01-16 20:00:00+00:00,MARKET,0.28522330606757135,0.24591988130563794,3.8,1,NON_PIT,1.0,0.5704466121351427,COUNTERFACTUAL_NON_PIT,False
home_win,0,fa9b5db7963a434594b6,2025-01-16 20:00:00+00:00,MARKET,0.7715627590647348,0.7403078121955972,1.29,1,NON_PIT,1.0,0.45687448187053037,COUNTERFACTUAL_NON_PIT,False
home_win,0,c7e108d0f28eb02662b2,2025-01-17 19:45:00+00:00,MARKET,0.34334202406289754,0.31119311193111926,3.0,1,NON_PIT,1.0,0.6866840481257951,COUNTERFACTUAL_NON_PIT,False
home_win,0,2fe79f6e34b5be3fdcb7,2025-01-17 20:00:00+00:00,MARKET,0.49040116830073127,0.43785365853658537,2.15,0,NON_PIT,1.0,0.9808023366014625,COUNTERFACTUAL_NON_PIT,False
home_win,0,494ad7abcf0a58920479,2025-01-18 12:30:00+00:00,MARKET,0.38245221653964534,0.3151515151515151,3.0,0,NON_PIT,1.0,0.7649044330792907,COUNTERFACTUAL_NON_PIT,False
home_win,0,68f5fa82a9a576f9581a,2025-01-18 12:30:00+00:00,MARKET,0.2902733085323188,0.28629524196827977,3.25,0,NON_PIT,1.0,0.5805466170646376,COUNTERFACTUAL_NON_PIT,False
home_win,0,7ae7cfdb7c38023fef5d,2025-01-18 12:30:00+00:00,MARKET,0.41040406288839504,0.3559693318729463,2.63,1,NON_PIT,1.0,0.8208081257767901,COUNTERFACTUAL_NON_PIT,False
home_win,0,b5d55071893ae779e1e5,2025-01-18 12:30:00+00:00,MARKET,0.4827537215472194,0.4571863987046386,2.05,0,NON_PIT,1.0,0.9655074430944388,COUNTERFACTUAL_NON_PIT,False
home_win,0,b7255c4b8c3f58af55ec,2025-01-18 12:30:00+00:00,MARKET,0.6151409707319757,0.5848930481283423,1.62,0,NON_PIT,1.0,0.7697180585360486,COUNTERFACTUAL_NON_PIT,False
home_win,0,bd76a10c67deb44b8c83,2025-01-18 12:30:00+00:00,MARKET,0.3504214148593836,0.3226605050338339,2.88,0,NON_PIT,1.0,0.7008428297187672,COUNTERFACTUAL_NON_PIT,False
home_win,0,db8f85446d93dad7179e,2025-01-18 12:30:00+00:00,MARKET,0.34698582082486756,0.33685880486515074,2.75,0,NON_PIT,1.0,0.6939716416497351,COUNTERFACTUAL_NON_PIT,False
home_win,0,e04e22a6abd9b593ab20,2025-01-18 12:30:00+00:00,MARKET,0.34111515487079247,0.29076860512403413,3.2,0,NON_PIT,1.0,0.6822303097415849,COUNTERFACTUAL_NON_PIT,False
home_win,0,81778c4d9a77a5651988,2025-01-18 14:00:00+00:00,MARKET,0.21781435432866725,0.23353293413173648,4.0,0,NON_PIT,1.0,0.4356287086573345,COUNTERFACTUAL_NON_PIT,False
home_win,0,046723025d859d126ad4,2025-01-18 15:00:00+00:00,MARKET,0.2879644205013488,0.3138041733547351,3.0,1,NON_PIT,1.0,0.5759288410026976,COUNTERFACTUAL_NON_PIT,False
home_win,0,07b16207b7c0732ee25f,2025-01-18 15:00:00+00:00,MARKET,0.4504797825147678,0.40414507772020725,2.3,1,NON_PIT,1.0,0.9009595650295356,COUNTERFACTUAL_NON_PIT,False
home_win,0,0bc76ba8e3a017b09947,2025-01-18 15:00:00+00:00,MARKET,0.39252031677946014,0.42834645669291344,2.2,0,NON_PIT,1.0,0.7850406335589203,COUNTERFACTUAL_NON_PIT,False
home_win,0,23a011a408b9f188f322,2025-01-18 15:00:00+00:00,MARKET,0.371790381059734,0.3661058743984409,2.6,0,NON_PIT,1.0,0.743580762119468,COUNTERFACTUAL_NON_PIT,False
home_win,0,277107683ebd9455a7b4,2025-01-18 15:00:00+00:00,MARKET,0.24783766584670056,0.2074074074074074,4.5,1,NON_PIT,1.0,0.49567533169340106,COUNTERFACTUAL_NON_PIT,False
home_win,0,32b048bd54c619c4a2bc,2025-01-18 15:00:00+00:00,MARKET,0.41476473376558676,0.451165096678235,2.05,0,NON_PIT,1.0,0.8295294675311735,COUNTERFACTUAL_NON_PIT,False
home_win,0,3f694d6bad292ca182cc,2025-01-18 15:00:00+00:00,MARKET,0.6305689216889481,0.600157936299026,1.55,1,NON_PIT,1.0,0.7388621566221039,COUNTERFACTUAL_NON_PIT,False
home_win,0,45fb63850a1b000b44ba,2025-01-18 15:00:00+00:00,MARKET,0.46267044056027873,0.42081447963800905,2.2,1,NON_PIT,1.0,0.9253408811205575,COUNTERFACTUAL_NON_PIT,False
home_win,0,46b97cdc3042886a872b,2025-01-18 15:00:00+00:00,MARKET,0.2756587304299246,0.29076860512403413,3.2,0,NON_PIT,1.0,0.5513174608598492,COUNTERFACTUAL_NON_PIT,False
home_win,0,56275e96d046e4206a8b,2025-01-18 15:00:00+00:00,MARKET,0.18182747746840905,0.1454024165472046,6.5,0,NON_PIT,1.0,0.3636549549368181,COUNTERFACTUAL_NON_PIT,False
home_win,0,64af208f480fdb3ba7c8,2025-01-18 15:00:00+00:00,MARKET,0.29004801576016676,0.24696356275303644,3.75,1,NON_PIT,1.0,0.5800960315203335,COUNTERFACTUAL_NON_PIT,False
home_win,0,737047eebe4b1ce928ec,2025-01-18 15:00:00+00:00,MARKET,0.4832592104324765,0.4471544715447154,2.1,1,NON_PIT,1.0,0.966518420864953,COUNTERFACTUAL_NON_PIT,False
home_win,0,76b22cdef83768c00e62,2025-01-18 15:00:00+00:00,MARKET,0.4393364107117673,0.40639082343301924,2.3,0,NON_PIT,1.0,0.8786728214235346,COUNTERFACTUAL_NON_PIT,False
home_win,0,8076964421e187269110,2025-01-18 15:00:00+00:00,MARKET,0.3612857966187638,0.3773824650571791,2.45,0,NON_PIT,1.0,0.7225715932375276,COUNTERFACTUAL_NON_PIT,False
home_win,0,8bc1bb528a64be92853a,2025-01-18 15:00:00+00:00,MARKET,0.6803425112762954,0.6258701121070758,1.48,1,NON_PIT,1.0,0.6393149774474092,COUNTERFACTUAL_NON_PIT,False
home_win,0,8bc53c048f9fc5a80784,2025-01-18 15:00:00+00:00,MARKET,0.6623197814509625,0.618042226487524,1.5,0,NON_PIT,1.0,0.675360437098075,COUNTERFACTUAL_NON_PIT,False
home_win,0,95b7c7e8b1961dabf81d,2025-01-18 15:00:00+00:00,MARKET,0.406057594473638,0.4247787610619469,2.2,0,NON_PIT,1.0,0.812115188947276,COUNTERFACTUAL_NON_PIT,False
home_win,0,9c8fe6d4175cc0a4487b,2025-01-18 15:00:00+00:00,MARKET,0.23027723332575795,0.21853978671041838,4.33,0,NON_PIT,1.0,0.4605544666515159,COUNTERFACTUAL_NON_PIT,False
home_win,0,9f3a88abd1cd2bfe81f9,2025-01-18 15:00:00+00:00,MARKET,0.48389229355734564,0.4473684210526316,2.1,1,NON_PIT,1.0,0.9677845871146913,COUNTERFACTUAL_NON_PIT,False
home_win,0,a5ec4f58f1955f9a291f,2025-01-18 15:00:00+00:00,MARKET,0.2707620688542144,0.2920353982300885,3.2,0,NON_PIT,1.0,0.5415241377084288,COUNTERFACTUAL_NON_PIT,False
home_win,0,a633c699b6b1c4dc423e,2025-01-18 15:00:00+00:00,MARKET,0.3537432764679038,0.3591549295774647,2.6,0,NON_PIT,1.0,0.7074865529358076,COUNTERFACTUAL_NON_PIT,False
home_win,0,a9e0c07d98756cee51ca,2025-01-18 15:00:00+00:00,MARKET,0.59932100087981,0.5468942289008355,1.7,1,NON_PIT,1.0,0.80135799824038,COUNTERFACTUAL_NON_PIT,False
home_win,0,aaecc72eb67e0be20c8e,2025-01-18 15:00:00+00:00,MARKET,0.5222255879347361,0.5030540935415162,1.85,0,NON_PIT,1.0,0.9555488241305279,COUNTERFACTUAL_NON_PIT,False
home_win,0,d42647ba85adf540ed65,2025-01-18 15:00:00+00:00,MARKET,0.47183715056896025,0.4276704769412692,2.2,0,NON_PIT,1.0,0.9436743011379205,COUNTERFACTUAL_NON_PIT,False
home_win,0,e3ef797098a991e96d06,2025-01-18 15:00:00+00:00,MARKET,0.3177406767069353,0.30112721417069244,3.1,0,NON_PIT,1.0,0.6354813534138706,COUNTERFACTUAL_NON_PIT,False
home_win,0,f296944f3ab72de85d6b,2025-01-18 15:00:00+00:00,MARKET,0.5624408012789237,0.543564639689755,1.73,0,NON_PIT,1.0,0.8751183974421526,COUNTERFACTUAL_NON_PIT,False
home_win,0,f79b5c39e7642ed767cc,2025-01-18 15:00:00+00:00,MARKET,0.7642676670049015,0.7159005275056518,1.3,1,NON_PIT,1.0,0.4714646659901971,COUNTERFACTUAL_NON_PIT,False
home_win,0,35df6b23d999093cb670,2025-01-18 17:30:00+00:00,MARKET,0.6946813476478124,0.6328555678059536,1.5,0,NON_PIT,1.0,0.6106373047043752,COUNTERFACTUAL_NON_PIT,False
home_win,0,cf919f43985f2c5bab84,2025-01-19 12:00:00+00:00,MARKET,0.7427306078956513,0.6880733944954128,1.36,1,NON_PIT,1.0,0.5145387842086975,COUNTERFACTUAL_NON_PIT,False
home_win,0,e3eef2b02ee98c293828,2025-01-19 14:00:00+00:00,MARKET,0.6984294255754366,0.6835147045597626,1.38,1,NON_PIT,1.0,0.6031411488491267,COUNTERFACTUAL_NON_PIT,False
home_win,0,e945b3a8575140585158,2025-01-19 14:00:00+00:00,MARKET,0.34684346958319456,0.33980582524271846,2.8,1,NON_PIT,1.0,0.6936869391663891,COUNTERFACTUAL_NON_PIT,False
home_win,0,eaf5d46e2749a4a8904b,2025-01-19 14:00:00+00:00,MARKET,0.44397287676291936,0.45051194539249145,2.1,0,NON_PIT,1.0,0.8879457535258387,COUNTERFACTUAL_NON_PIT,False
home_win,0,359d3907bba3968d715d,2025-01-19 16:30:00+00:00,MARKET,0.16866352866222256,0.12589262099973555,7.5,0,NON_PIT,1.0,0.3373270573244451,COUNTERFACTUAL_NON_PIT,False
home_win,0,cbccf586a2c1aecd35ee,2025-01-20 20:00:00+00:00,MARKET,0.7314889232588472,0.6916813176644768,1.36,1,NON_PIT,1.0,0.5370221534823056,COUNTERFACTUAL_NON_PIT,False
home_win,0,035d336c88c793529852,2025-01-21 19:45:00+00:00,MARKET,0.32411537953349384,0.327653997378768,2.88,0,NON_PIT,1.0,0.6482307590669877,COUNTERFACTUAL_NON_PIT,False
home_win,0,039f74c97c94e01ba7fd,2025-01-21 19:45:00+00:00,MARKET,0.5735913788546307,0.5731985189404728,1.62,0,NON_PIT,1.0,0.8528172422907385,COUNTERFACTUAL_NON_PIT,False
home_win,0,296599df382ab4807169,2025-01-21 19:45:00+00:00,MARKET,0.5150068455726069,0.45172802404207363,2.1,0,NON_PIT,1.0,0.9699863088547862,COUNTERFACTUAL_NON_PIT,False
home_win,0,2d23f84ad4a32a455807,2025-01-21 19:45:00+00:00,MARKET,0.2574371517571573,0.2518122853872567,3.7,0,NON_PIT,1.0,0.5148743035143146,COUNTERFACTUAL_NON_PIT,False
home_win,0,2f6f9545e8df848ed675,2025-01-21 19:45:00+00:00,MARKET,0.5020304178557463,0.4881988033623316,1.91,0,NON_PIT,1.0,0.9959391642885074,COUNTERFACTUAL_NON_PIT,False
home_win,0,39717fc6dd83712b1942,2025-01-21 19:45:00+00:00,MARKET,0.439741988265852,0.42642767819924965,2.15,1,NON_PIT,1.0,0.879483976531704,COUNTERFACTUAL_NON_PIT,False
home_win,0,52f0468e80a3518fa5d9,2025-01-21 19:45:00+00:00,MARKET,0.2804752033416608,0.32613126783530366,2.9,1,NON_PIT,1.0,0.5609504066833216,COUNTERFACTUAL_NON_PIT,False
home_win,0,880b84a581ebae995d2e,2025-01-21 19:45:00+00:00,MARKET,0.4831714644280478,0.4776622646810903,1.95,1,NON_PIT,1.0,0.9663429288560956,COUNTERFACTUAL_NON_PIT,False
home_win,0,9f65af6c0d454f3cf625,2025-01-21 19:45:00+00:00,MARKET,0.28243712348418815,0.26829268292682923,3.5,0,NON_PIT,1.0,0.5648742469683763,COUNTERFACTUAL_NON_PIT,False
home_win,0,a2094c0f3d2b18bf770a,2025-01-21 19:45:00+00:00,MARKET,0.3657526271402135,0.37037037037037035,2.55,0,NON_PIT,1.0,0.731505254280427,COUNTERFACTUAL_NON_PIT,False
home_win,0,a7a6f95b147a7f5ef9e5,2025-01-21 19:45:00+00:00,MARKET,0.4732974620944586,0.4473684210526316,2.1,0,NON_PIT,1.0,0.9465949241889172,COUNTERFACTUAL_NON_PIT,False
home_win,0,b570feb1158b62024bf1,2025-01-21 19:45:00+00:00,MARKET,0.4473229805943645,0.43040554310169143,2.15,0,NON_PIT,1.0,0.894645961188729,COUNTERFACTUAL_NON_PIT,False
home_win,0,452636e93f318eb9670b,2025-01-21 20:00:00+00:00,MARKET,0.4607931640123553,0.4361743154647127,2.15,0,NON_PIT,1.0,0.9215863280247106,COUNTERFACTUAL_NON_PIT,False
home_win,0,160c6b2d92a6d7f42b1c,2025-01-22 19:45:00+00:00,MARKET,0.3700029752720705,0.3839448694546424,2.45,1,NON_PIT,1.0,0.740005950544141,COUNTERFACTUAL_NON_PIT,False
home_win,0,927193c1765821c33f52,2025-01-22 19:45:00+00:00,MARKET,0.3705379953658162,0.3774574049803408,2.5,0,NON_PIT,1.0,0.7410759907316324,COUNTERFACTUAL_NON_PIT,False
home_win,0,f53df6e20e3ffc03e7d2,2025-01-22 19:45:00+00:00,MARKET,0.7354553506135061,0.676056338028169,1.38,1,NON_PIT,1.0,0.5290892987729878,COUNTERFACTUAL_NON_PIT,False
home_win,0,769b66e85591d245e86b,2025-01-22 20:00:00+00:00,MARKET,0.18267486770740055,0.15584415584415584,6.0,0,NON_PIT,1.0,0.3653497354148011,COUNTERFACTUAL_NON_PIT,False
home_win,0,8d56b66ddb30c1ed8d62,2025-01-23 20:00:00+00:00,MARKET,0.2788377540689276,0.28289473684210525,3.3,0,NON_PIT,1.0,0.5576755081378552,COUNTERFACTUAL_NON_PIT,False
home_win,0,cdf3f035a4aca6a3f6e0,2025-01-24 19:45:00+00:00,MARKET,0.24125187542326226,0.25808281338627337,3.6,0,NON_PIT,1.0,0.4825037508465245,COUNTERFACTUAL_NON_PIT,False
home_win,0,913d4c57d82b39407ab9,2025-01-24 20:00:00+00:00,MARKET,0.5738115646127374,0.5459176541848509,1.73,0,NON_PIT,1.0,0.8523768707745252,COUNTERFACTUAL_NON_PIT,False
home_win,0,0118274b041ab440ac52,2025-01-25 12:30:00+00:00,MARKET,0.5377023567731445,0.4689603590127151,2.0,0,NON_PIT,1.0,0.924595286453711,COUNTERFACTUAL_NON_PIT,False
home_win,0,40e4a5bb5219cb79c146,2025-01-25 12:30:00+00:00,MARKET,0.48737701364000957,0.48143053645116923,1.95,0,NON_PIT,1.0,0.9747540272800191,COUNTERFACTUAL_NON_PIT,False
home_win,0,61a5461de983bad38841,2025-01-25 12:30:00+00:00,MARKET,0.38156019514819656,0.3559693318729463,2.63,0,NON_PIT,1.0,0.7631203902963931,COUNTERFACTUAL_NON_PIT,False
home_win,0,79144e20a7aedaf42d28,2025-01-25 12:30:00+00:00,MARKET,0.4865643417197788,0.4407039020657996,2.15,1,NON_PIT,1.0,0.9731286834395576,COUNTERFACTUAL_NON_PIT,False
home_win,0,df0dcf67a2e69f140069,2025-01-25 12:30:00+00:00,MARKET,0.39041310517967587,0.35437430786268,2.63,1,NON_PIT,1.0,0.7808262103593517,COUNTERFACTUAL_NON_PIT,False
home_win,0,e0dcc51c203f249de250,2025-01-25 12:30:00+00:00,MARKET,0.41955582509389505,0.42669584245076586,2.2,0,NON_PIT,1.0,0.8391116501877901,COUNTERFACTUAL_NON_PIT,False
home_win,0,e69929dacba8cc51997c,2025-01-25 12:30:00+00:00,MARKET,0.2828150011471131,0.2676137454405836,3.5,1,NON_PIT,1.0,0.5656300022942262,COUNTERFACTUAL_NON_PIT,False
home_win,0,02c861efadcef212e418,2025-01-25 15:00:00+00:00,MARKET,0.4003472470998139,0.4243156199677939,2.2,1,NON_PIT,1.0,0.8006944941996278,COUNTERFACTUAL_NON_PIT,False
home_win,0,042a80cfd94f3c3b1dda,2025-01-25 15:00:00+00:00,MARKET,0.47666034684245784,0.48440311937612485,1.91,1,NON_PIT,1.0,0.9533206936849157,COUNTERFACTUAL_NON_PIT,False
home_win,0,080e73c874e42e760c9f,2025-01-25 15:00:00+00:00,MARKET,0.5215772062121979,0.5157232704402516,1.8,0,NON_PIT,1.0,0.9568455875756041,COUNTERFACTUAL_NON_PIT,False
home_win,0,09081a968bd3d9d0b177,2025-01-25 15:00:00+00:00,MARKET,0.7026789409712514,0.6781838949171902,1.38,1,NON_PIT,1.0,0.5946421180574972,COUNTERFACTUAL_NON_PIT,False
home_win,0,1df09abc92d3de82c540,2025-01-25 15:00:00+00:00,MARKET,0.5893843964613863,0.5717651950932151,1.67,0,NON_PIT,1.0,0.8212312070772274,COUNTERFACTUAL_NON_PIT,False
home_win,0,2139cf9c55f4fe51f9db,2025-01-25 15:00:00+00:00,MARKET,0.5043145301973831,0.4636078864934587,2.05,1,NON_PIT,1.0,0.9913709396052337,COUNTERFACTUAL_NON_PIT,False
home_win,0,2e0fe0566af10cb5f045,2025-01-25 15:00:00+00:00,MARKET,0.6729172544631509,0.6343005725307324,1.45,1,NON_PIT,1.0,0.6541654910736983,COUNTERFACTUAL_NON_PIT,False
home_win,0,34f79bdfa882f863727a,2025-01-25 15:00:00+00:00,MARKET,0.1995535422687567,0.1467230860066916,6.5,0,NON_PIT,1.0,0.3991070845375134,COUNTERFACTUAL_NON_PIT,False
home_win,0,4e977a2beaa5c39c65c8,2025-01-25 15:00:00+00:00,MARKET,0.19575318697169006,0.13544369486248053,7.0,0,NON_PIT,1.0,0.39150637394338017,COUNTERFACTUAL_NON_PIT,False
home_win,0,4ea74915bed8bd504f79,2025-01-25 15:00:00+00:00,MARKET,0.6557917457279302,0.6081738566331496,1.51,1,NON_PIT,1.0,0.6884165085441396,COUNTERFACTUAL_NON_PIT,False
home_win,0,5999ee4068dfea7ff95c,2025-01-25 15:00:00+00:00,MARKET,0.5243109185328585,0.4945015963107485,1.9,0,NON_PIT,1.0,0.951378162934283,COUNTERFACTUAL_NON_PIT,False
home_win,0,6c848885ee343f8445b8,2025-01-25 15:00:00+00:00,MARKET,0.6189289846370553,0.5622942825795441,1.67,1,NON_PIT,1.0,0.7621420307258895,COUNTERFACTUAL_NON_PIT,False
home_win,0,74081e4aaf9723dd6c5f,2025-01-25 15:00:00+00:00,MARKET,0.7766266345998317,0.75,1.25,0,NON_PIT,1.0,0.44674673080033656,COUNTERFACTUAL_NON_PIT,False
home_win,0,7c496feadbd2e21c3db1,2025-01-25 15:00:00+00:00,MARKET,0.28387093604333213,0.2903225806451613,3.25,1,NON_PIT,1.0,0.5677418720866643,COUNTERFACTUAL_NON_PIT,False
home_win,0,7d8e7f3127d8c2f58d73,2025-01-25 15:00:00+00:00,MARKET,0.2918021204218988,0.28054298642533937,3.3,1,NON_PIT,1.0,0.5836042408437976,COUNTERFACTUAL_NON_PIT,False
home_win,0,851b32554a759bed2f35,2025-01-25 15:00:00+00:00,MARKET,0.5223897018623838,0.5104690942308037,1.81,0,NON_PIT,1.0,0.9552205962752325,COUNTERFACTUAL_NON_PIT,False
home_win,0,85d57fa17ba931b27249,2025-01-25 15:00:00+00:00,MARKET,0.7280767614542789,0.7003891050583657,1.33,0,NON_PIT,1.0,0.5438464770914422,COUNTERFACTUAL_NON_PIT,False
home_win,0,887235e7ce78f163822e,2025-01-25 15:00:00+00:00,MARKET,0.8498362838681816,0.8605851979345955,1.08,1,NON_PIT,1.0,0.3003274322636369,COUNTERFACTUAL_NON_PIT,False
home_win,0,88960f17411743236ec8,2025-01-25 15:00:00+00:00,MARKET,0.49683078015326526,0.5051038366772262,1.85,0,NON_PIT,1.0,0.9936615603065305,COUNTERFACTUAL_NON_PIT,False
home_win,0,9431f7ed5eff7c51eb1a,2025-01-25 15:00:00+00:00,MARKET,0.47008450925152256,0.4452054794520548,2.1,1,NON_PIT,1.0,0.9401690185030451,COUNTERFACTUAL_NON_PIT,False
home_win,0,9ad8b14c8730c91c18c5,2025-01-25 15:00:00+00:00,MARKET,0.3820482525646508,0.3974358974358974,2.35,0,NON_PIT,1.0,0.7640965051293016,COUNTERFACTUAL_NON_PIT,False
home_win,0,9d8a7caf6cd70485f399,2025-01-25 15:00:00+00:00,MARKET,0.4759705133614587,0.48143053645116923,1.95,1,NON_PIT,1.0,0.9519410267229174,COUNTERFACTUAL_NON_PIT,False
home_win,0,9efe629b08c0c9eb50c0,2025-01-25 15:00:00+00:00,MARKET,0.6161693371199211,0.5518087063151441,1.7,1,NON_PIT,1.0,0.7676613257601579,COUNTERFACTUAL_NON_PIT,False
home_win,0,c14d88a17845672c5bd9,2025-01-25 15:00:00+00:00,MARKET,0.4878437706785761,0.4436536180308422,2.1,0,NON_PIT,1.0,0.9756875413571522,COUNTERFACTUAL_NON_PIT,False
home_win,0,cda91fbff788b3c63e77,2025-01-25 15:00:00+00:00,MARKET,0.2689071317296689,0.2356360384529399,3.9,1,NON_PIT,1.0,0.5378142634593378,COUNTERFACTUAL_NON_PIT,False
home_win,0,dab0ba389fdc18ddcdcf,2025-01-25 15:00:00+00:00,MARKET,0.563227923879441,0.5420741468672235,1.73,1,NON_PIT,1.0,0.873544152241118,COUNTERFACTUAL_NON_PIT,False
home_win,0,e357897a3f3ac2a03507,2025-01-25 15:00:00+00:00,MARKET,0.30256648286643745,0.32146122516831516,2.9,0,NON_PIT,1.0,0.6051329657328749,COUNTERFACTUAL_NON_PIT,False
home_win,0,ed007b2fbf077ebdb4ad,2025-01-25 15:00:00+00:00,MARKET,0.388604899101463,0.3783122706889523,2.5,0,NON_PIT,1.0,0.777209798202926,COUNTERFACTUAL_NON_PIT,False
home_win,0,f824399329cd9895a2bc,2025-01-25 15:00:00+00:00,MARKET,0.6241620664029479,0.574915973819211,1.62,1,NON_PIT,1.0,0.7516758671941042,COUNTERFACTUAL_NON_PIT,False
home_win,0,fcb7d771e01e2579b5b9,2025-01-25 15:00:00+00:00,MARKET,0.6163548696710656,0.5772394621886877,1.62,1,NON_PIT,1.0,0.7672902606578689,COUNTERFACTUAL_NON_PIT,False
home_win,0,3ceed70c70639da0ea89,2025-01-25 17:30:00+00:00,MARKET,0.45049196601045255,0.468666785016865,2.05,1,NON_PIT,1.0,0.9009839320209051,COUNTERFACTUAL_NON_PIT,False
home_win,0,1a3b96e7accd45dad0c5,2025-01-26 14:00:00+00:00,MARKET,0.6702362834913588,0.6547619047619047,1.45,0,NON_PIT,1.0,0.6595274330172824,COUNTERFACTUAL_NON_PIT,False
home_win,0,5fc68ea982239627b78b,2025-01-26 14:00:00+00:00,MARKET,0.45780216866645346,0.4612804025719877,2.05,0,NON_PIT,1.0,0.9156043373329069,COUNTERFACTUAL_NON_PIT,False
home_win,0,fe424dab0700ff51309a,2025-01-26 16:30:00+00:00,MARKET,0.6953243629437404,0.6174990513369328,1.53,0,NON_PIT,1.0,0.6093512741125191,COUNTERFACTUAL_NON_PIT,False
home_win,0,b72d3a83eb15a7408967,2025-01-26 19:00:00+00:00,MARKET,0.40987202567648917,0.41349548842683415,2.3,0,NON_PIT,1.0,0.8197440513529783,COUNTERFACTUAL_NON_PIT,False
home_win,0,63e2db859f781aa53694,2025-01-27 20:00:00+00:00,MARKET,0.3371334025568407,0.31119311193111926,3.0,0,NON_PIT,1.0,0.6742668051136814,COUNTERFACTUAL_NON_PIT,False
home_win,0,0c4f05a610a08ab589d4,2025-01-28 19:45:00+00:00,MARKET,0.35930012163392716,0.3788187372708758,2.5,0,NON_PIT,1.0,0.7186002432678543,COUNTERFACTUAL_NON_PIT,False
home_win,0,12bdb1c55f1100815d05,2025-01-28 19:45:00+00:00,MARKET,0.32275479380577055,0.29076860512403413,3.2,0,NON_PIT,1.0,0.6455095876115411,COUNTERFACTUAL_NON_PIT,False
home_win,0,18df911407231f6a0ef2,2025-01-28 19:45:00+00:00,MARKET,0.3812214203033822,0.3664265580958347,2.55,1,NON_PIT,1.0,0.7624428406067644,COUNTERFACTUAL_NON_PIT,False
home_win,0,4c174b8fbd9c992a4bdf,2025-01-28 19:45:00+00:00,MARKET,0.6638126546612841,0.629537369997383,1.48,0,NON_PIT,1.0,0.6723746906774317,COUNTERFACTUAL_NON_PIT,False
home_win,0,4f6b31c1cfc853b064d5,2025-01-28 19:45:00+00:00,MARKET,0.34008417833057986,0.2987012987012987,3.1,1,NON_PIT,1.0,0.6801683566611597,COUNTERFACTUAL_NON_PIT,False
home_win,0,50291002d4541b1772cc,2025-01-28 19:45:00+00:00,MARKET,0.36288058478219015,0.3925261436288843,2.38,0,NON_PIT,1.0,0.7257611695643803,COUNTERFACTUAL_NON_PIT,False
home_win,0,5606995a61a4bc980300,2025-01-28 19:45:00+00:00,MARKET,0.55716513039158,0.5185185185185186,1.8,1,NON_PIT,1.0,0.88566973921684,COUNTERFACTUAL_NON_PIT,False
home_win,0,5e5c01c79d46a61f7cb6,2025-01-28 19:45:00+00:00,MARKET,0.6563836043136161,0.6392245012644,1.44,1,NON_PIT,1.0,0.6872327913727678,COUNTERFACTUAL_NON_PIT,False
home_win,0,5ec76a7e0b244eb6c182,2025-01-28 19:45:00+00:00,MARKET,0.49188288442987965,0.453118870145155,2.05,0,NON_PIT,1.0,0.9837657688597593,COUNTERFACTUAL_NON_PIT,False
home_win,0,63202512911cf91ac249,2025-01-28 19:45:00+00:00,MARKET,0.6639803646307998,0.6153846153846154,1.5,1,NON_PIT,1.0,0.6720392707384004,COUNTERFACTUAL_NON_PIT,False
home_win,0,694f7247d74a5f762809,2025-01-28 19:45:00+00:00,MARKET,0.48526738947568177,0.4569015166058744,2.05,1,NON_PIT,1.0,0.9705347789513635,COUNTERFACTUAL_NON_PIT,False
home_win,0,6b9858a70acf4116261e,2025-01-28 19:45:00+00:00,MARKET,0.6859697950265784,0.672192459314667,1.38,1,NON_PIT,1.0,0.6280604099468432,COUNTERFACTUAL_NON_PIT,False
home_win,0,82e03725adc90d34a705,2025-01-28 19:45:00+00:00,MARKET,0.3935028903009987,0.39340623201512787,2.38,0,NON_PIT,1.0,0.7870057806019974,COUNTERFACTUAL_NON_PIT,False
home_win,0,9986428fd0be24f61b1f,2025-01-28 19:45:00+00:00,MARKET,0.6357964337281633,0.6292549621248442,1.48,1,NON_PIT,1.0,0.7284071325436734,COUNTERFACTUAL_NON_PIT,False
home_win,0,9a09c31363a22c8c8e6b,2025-01-28 19:45:00+00:00,MARKET,0.5755611119843983,0.5539358600583091,1.7,1,NON_PIT,1.0,0.8488777760312034,COUNTERFACTUAL_NON_PIT,False
home_win,0,9cc76479caf334453036,2025-01-28 19:45:00+00:00,MARKET,0.489968367110492,0.4760643330179755,1.95,1,NON_PIT,1.0,0.979936734220984,COUNTERFACTUAL_NON_PIT,False
home_win,0,c981b77aa14da6e0aa67,2025-01-28 19:45:00+00:00,MARKET,0.4082433154219274,0.38979447200566975,2.38,1,NON_PIT,1.0,0.8164866308438548,COUNTERFACTUAL_NON_PIT,False
home_win,0,d8502511c82d994d9a3b,2025-01-28 19:45:00+00:00,MARKET,0.6147998056254227,0.5964499519258584,1.57,1,NON_PIT,1.0,0.7704003887491546,COUNTERFACTUAL_NON_PIT,False
home_win,0,dea1336d67d1dfefdf39,2025-01-28 19:45:00+00:00,MARKET,0.5493260822743036,0.5355704697986577,1.73,1,NON_PIT,1.0,0.9013478354513929,COUNTERFACTUAL_NON_PIT,False
home_win,0,e87fac93423e92725bfc,2025-01-28 19:45:00+00:00,MARKET,0.47665571214258495,0.4809128853698296,1.95,0,NON_PIT,1.0,0.9533114242851699,COUNTERFACTUAL_NON_PIT,False
home_win,0,ea0b855dcaf9e73c6ec4,2025-01-28 19:45:00+00:00,MARKET,0.6478570068079451,0.6129214075959531,1.53,0,NON_PIT,1.0,0.7042859863841098,COUNTERFACTUAL_NON_PIT,False
home_win,0,ed9fdde1d2ca1e538554,2025-01-28 19:45:00+00:00,MARKET,0.35680349551320545,0.3404830265157913,2.75,0,NON_PIT,1.0,0.7136069910264109,COUNTERFACTUAL_NON_PIT,False
home_win,0,6238a9707b0f321dd607,2025-01-28 20:00:00+00:00,MARKET,0.32128932283733386,0.3107769423558897,3.0,0,NON_PIT,1.0,0.6425786456746677,COUNTERFACTUAL_NON_PIT,False
home_win,0,b61fa3099c75f7125253,2025-01-29 20:00:00+00:00,MARKET,0.3355878334356216,0.3107769423558897,3.0,0,NON_PIT,1.0,0.6711756668712432,COUNTERFACTUAL_NON_PIT,False
home_win,0,ea365b41855083dce285,2025-01-31 20:00:00+00:00,MARKET,0.469568467612986,0.43088803088803085,2.2,1,NON_PIT,1.0,0.939136935225972,COUNTERFACTUAL_NON_PIT,False
home_win,0,17ed5acf640cc7469263,2025-02-01 12:30:00+00:00,MARKET,0.3770978468676541,0.35752979414951247,2.63,0,NON_PIT,1.0,0.7541956937353081,COUNTERFACTUAL_NON_PIT,False
home_win,0,3c28504b8a84deaf31fb,2025-02-01 12:30:00+00:00,MARKET,0.27509128783111025,0.30015392508978966,3.1,1,NON_PIT,1.0,0.5501825756622205,COUNTERFACTUAL_NON_PIT,False
home_win,0,5d2b0d6249f6d81336ad,2025-02-01 12:30:00+00:00,MARKET,0.31340422323805994,0.3014616321559074,3.1,0,NON_PIT,1.0,0.6268084464761199,COUNTERFACTUAL_NON_PIT,False
home_win,0,5fbb12d91f52f9a3a0c2,2025-02-01 12:30:00+00:00,MARKET,0.19869795792657957,0.18771075309104535,5.0,1,NON_PIT,1.0,0.39739591585315914,COUNTERFACTUAL_NON_PIT,False
home_win,0,9ca20f04acaa13f304da,2025-02-01 12:30:00+00:00,MARKET,0.6054853695349474,0.5687203791469194,1.65,1,NON_PIT,1.0,0.7890292609301053,COUNTERFACTUAL_NON_PIT,False
home_win,0,acb61e8a112acdf4e3cf,2025-02-01 12:30:00+00:00,MARKET,0.6488382282072813,0.5906280601095251,1.57,0,NON_PIT,1.0,0.7023235435854374,COUNTERFACTUAL_NON_PIT,False
home_win,0,b42f4ff79c597195e5d5,2025-02-01 12:30:00+00:00,MARKET,0.3846285567668567,0.3952569169960474,2.38,1,NON_PIT,1.0,0.7692571135337134,COUNTERFACTUAL_NON_PIT,False
home_win,0,c52db2efb60489a879f4,2025-02-01 12:30:00+00:00,MARKET,0.29660511604337664,0.28148293448411144,3.3,0,NON_PIT,1.0,0.5932102320867533,COUNTERFACTUAL_NON_PIT,False
home_win,0,0173ae0ebab96f0f7c6c,2025-02-01 15:00:00+00:00,MARKET,0.5584904513224015,0.5608856088560886,1.7,0,NON_PIT,1.0,0.883019097355197,COUNTERFACTUAL_NON_PIT,False
home_win,0,032b40636f354c6cb268,2025-02-01 15:00:00+00:00,MARKET,0.28823241436322694,0.3015157722244982,3.1,1,NON_PIT,1.0,0.5764648287264539,COUNTERFACTUAL_NON_PIT,False
home_win,0,0e26d179270514b15ea3,2025-02-01 15:00:00+00:00,MARKET,0.5565463380991872,0.5185185185185186,1.8,1,NON_PIT,1.0,0.8869073238016256,COUNTERFACTUAL_NON_PIT,False
home_win,0,0f94c1eaf2f79a4e3eaf,2025-02-01 15:00:00+00:00,MARKET,0.4119214210466472,0.3835842441740565,2.45,0,NON_PIT,1.0,0.8238428420932944,COUNTERFACTUAL_NON_PIT,False
home_win,0,21adbdd60982f7badca8,2025-02-01 15:00:00+00:00,MARKET,0.22824847664396578,0.21553351646638655,4.33,0,NON_PIT,1.0,0.4564969532879315,COUNTERFACTUAL_NON_PIT,False
home_win,0,3378b06f4679eb93e4e2,2025-02-01 15:00:00+00:00,MARKET,0.2034363252310469,0.19412724306688417,4.75,1,NON_PIT,1.0,0.40687265046209387,COUNTERFACTUAL_NON_PIT,False
home_win,0,34aed6c822d4673cf83b,2025-02-01 15:00:00+00:00,MARKET,0.34246818170520943,0.35242290748898675,2.7,0,NON_PIT,1.0,0.6849363634104189,COUNTERFACTUAL_NON_PIT,False
home_win,0,3a4bd4b474bae16c36ee,2025-02-01 15:00:00+00:00,MARKET,0.4796134535241797,0.4903728275762602,1.91,0,NON_PIT,1.0,0.9592269070483594,COUNTERFACTUAL_NON_PIT,False
home_win,0,3c9c933cc4a49a31ded4,2025-02-01 15:00:00+00:00,MARKET,0.5617477315081579,0.5420741468672235,1.73,1,NON_PIT,1.0,0.8765045369836841,COUNTERFACTUAL_NON_PIT,False
home_win,0,41fc05f031430bda8482,2025-02-01 15:00:00+00:00,MARKET,0.4715036841059948,0.4658527279664251,2.0,0,NON_PIT,1.0,0.9430073682119896,COUNTERFACTUAL_NON_PIT,False
home_win,0,4d6006763ac37d0e8932,2025-02-01 15:00:00+00:00,MARKET,0.39635694147557904,0.3664265580958347,2.55,0,NON_PIT,1.0,0.7927138829511581,COUNTERFACTUAL_NON_PIT,False
home_win,0,551f704a86dc7deeb6f8,2025-02-01 15:00:00+00:00,MARKET,0.21546516356736176,0.21124357674746064,4.5,0,NON_PIT,1.0,0.43093032713472357,COUNTERFACTUAL_NON_PIT,False
home_win,0,673513f7ff8390f39f58,2025-02-01 15:00:00+00:00,MARKET,0.2859917929595664,0.28357348703170027,3.3,1,NON_PIT,1.0,0.5719835859191328,COUNTERFACTUAL_NON_PIT,False
home_win,0,6a9a3e5965b65f1101f2,2025-02-01 15:00:00+00:00,MARKET,0.29502796975597423,0.26070799921768045,3.6,0,NON_PIT,1.0,0.5900559395119485,COUNTERFACTUAL_NON_PIT,False
home_win,0,81ce0e1ff5b643d85f4a,2025-02-01 15:00:00+00:00,MARKET,0.18281273479597712,0.18769716088328076,5.0,0,NON_PIT,1.0,0.3656254695919543,COUNTERFACTUAL_NON_PIT,False
home_win,0,8357c18ddb64d72c108b,2025-02-01 15:00:00+00:00,MARKET,0.31925119204843266,0.2920353982300885,3.2,1,NON_PIT,1.0,0.6385023840968653,COUNTERFACTUAL_NON_PIT,False
home_win,0,89969465a849df850e1f,2025-02-01 15:00:00+00:00,MARKET,0.4860730319882052,0.4866595517609392,1.95,0,NON_PIT,1.0,0.9721460639764103,COUNTERFACTUAL_NON_PIT,False
home_win,0,8aebc45fe9e60bf7570e,2025-02-01 15:00:00+00:00,MARKET,0.22529061734881076,0.2322869955156951,4.0,0,NON_PIT,1.0,0.45058123469762146,COUNTERFACTUAL_NON_PIT,False
home_win,0,8de714c3045296b353cb,2025-02-01 15:00:00+00:00,MARKET,0.7683969820159425,0.725753243897075,1.29,1,NON_PIT,1.0,0.46320603596811494,COUNTERFACTUAL_NON_PIT,False
home_win,0,94329cc31a1fa50dd7b5,2025-02-01 15:00:00+00:00,MARKET,0.3801066099259035,0.3711340206185567,2.55,0,NON_PIT,1.0,0.760213219851807,COUNTERFACTUAL_NON_PIT,False
home_win,0,bb6f721ecd9bdcfc3035,2025-02-01 15:00:00+00:00,MARKET,0.31656704392981777,0.308411214953271,3.0,0,NON_PIT,1.0,0.6331340878596355,COUNTERFACTUAL_NON_PIT,False
home_win,0,c4e82cd59d1e2977eb3d,2025-02-01 15:00:00+00:00,MARKET,0.47039213284775944,0.42081447963800905,2.2,1,NON_PIT,1.0,0.9407842656955189,COUNTERFACTUAL_NON_PIT,False
home_win,0,c6422f0842fdf23a2879,2025-02-01 15:00:00+00:00,MARKET,0.39449098213370226,0.45172802404207363,2.1,0,NON_PIT,1.0,0.7889819642674045,COUNTERFACTUAL_NON_PIT,False
home_win,0,c85b72d798b685a4d82c,2025-02-01 15:00:00+00:00,MARKET,0.5007324001587253,0.4998173182316405,1.85,0,NON_PIT,1.0,0.9985351996825493,COUNTERFACTUAL_NON_PIT,False
home_win,0,cb1e01cb4522e73ba3b2,2025-02-01 15:00:00+00:00,MARKET,0.5609348262421214,0.5389221556886228,1.75,1,NON_PIT,1.0,0.8781303475157571,COUNTERFACTUAL_NON_PIT,False
home_win,0,e0095939ca8a44a589e8,2025-02-01 15:00:00+00:00,MARKET,0.36159186231334045,0.3569296375266524,2.6,0,NON_PIT,1.0,0.7231837246266809,COUNTERFACTUAL_NON_PIT,False
home_win,0,e6904465a510967c352c,2025-02-01 15:00:00+00:00,MARKET,0.33737840171621547,0.3243792436933141,2.88,0,NON_PIT,1.0,0.6747568034324309,COUNTERFACTUAL_NON_PIT,False
home_win,0,edae2ed9ac323d83b7f4,2025-02-01 15:00:00+00:00,MARKET,0.30057177395475654,0.2844638949671772,3.3,1,NON_PIT,1.0,0.6011435479095131,COUNTERFACTUAL_NON_PIT,False
home_win,0,edb7d2d9e5739e70c373,2025-02-01 15:00:00+00:00,MARKET,0.5026945446405261,0.4276704769412692,2.2,1,NON_PIT,1.0,0.9946109107189478,COUNTERFACTUAL_NON_PIT,False
home_win,0,edf0207ac313d40bacfd,2025-02-01 15:00:00+00:00,MARKET,0.6811755875785928,0.6141862032806532,1.53,1,NON_PIT,1.0,0.6376488248428145,COUNTERFACTUAL_NON_PIT,False
home_win,0,fd0254a3021b0c9dab89,2025-02-01 17:30:00+00:00,MARKET,0.30601622124274874,0.28668941979522183,3.3,1,NON_PIT,1.0,0.6120324424854975,COUNTERFACTUAL_NON_PIT,False
home_win,0,a5d07c2e3cbc7797bbff,2025-02-02 14:00:00+00:00,MARKET,0.4276816923618586,0.45564074479737127,2.1,0,NON_PIT,1.0,0.8553633847237172,COUNTERFACTUAL_NON_PIT,False
home_win,0,d7ee4e4c8fcd31e73d74,2025-02-02 14:00:00+00:00,MARKET,0.5001806123020168,0.4767025089605735,2.0,0,NON_PIT,1.0,0.9996387753959664,COUNTERFACTUAL_NON_PIT,False
home_win,0,2396e826592db1ae9436,2025-02-02 15:00:00+00:00,MARKET,0.3041030721695379,0.308411214953271,3.0,1,NON_PIT,1.0,0.6082061443390758,COUNTERFACTUAL_NON_PIT,False
home_win,0,ef0ea214ddd736e44a05,2025-02-02 16:30:00+00:00,MARKET,0.507876431911768,0.48908296943231444,1.95,1,NON_PIT,1.0,0.984247136176464,COUNTERFACTUAL_NON_PIT,False
home_win,0,5aab3f639ba3c0669a09,2025-02-03 20:00:00+00:00,MARKET,0.4456447114432663,0.4041204437400951,2.35,0,NON_PIT,1.0,0.8912894228865326,COUNTERFACTUAL_NON_PIT,False
home_win,0,67b6afc20ff4ed337ef4,2025-02-03 20:00:00+00:00,MARKET,0.7455151556393671,0.6866642573183954,1.36,1,NON_PIT,1.0,0.5089696887212658,COUNTERFACTUAL_NON_PIT,False
home_win,0,4757615d06baec97411c,2025-02-04 19:45:00+00:00,MARKET,0.42788705932252813,0.4247787610619469,2.2,0,NON_PIT,1.0,0.8557741186450563,COUNTERFACTUAL_NON_PIT,False
home_win,0,5f0b4861f323a5743367,2025-02-04 19:45:00+00:00,MARKET,0.342176592337168,0.3631746031746032,2.55,1,NON_PIT,1.0,0.684353184674336,COUNTERFACTUAL_NON_PIT,False
home_win,0,7e7c1bd88b3ca58e2b34,2025-02-04 19:45:00+00:00,MARKET,0.3541672960314506,0.3587221556391288,2.63,1,NON_PIT,1.0,0.7083345920629012,COUNTERFACTUAL_NON_PIT,False
home_win,0,bbf3a62013c96e86462d,2025-02-04 19:45:00+00:00,MARKET,0.6935750741365714,0.6301963559172121,1.48,1,NON_PIT,1.0,0.6128498517268572,COUNTERFACTUAL_NON_PIT,False
home_win,0,d31c285c01175392664f,2025-02-05 19:45:00+00:00,MARKET,0.2254015493883831,0.23401264933239635,4.0,0,NON_PIT,1.0,0.45080309877676616,COUNTERFACTUAL_NON_PIT,False
home_win,0,6c4b807d1dde6f6a46b6,2025-02-06 19:45:00+00:00,MARKET,0.42971108804468083,0.379746835443038,2.45,1,NON_PIT,1.0,0.8594221760893617,COUNTERFACTUAL_NON_PIT,False
home_win,0,cf8e41360fb918a3a3e6,2025-02-07 19:45:00+00:00,MARKET,0.5588624658848947,0.5251667677380231,1.75,0,NON_PIT,1.0,0.8822750682302105,COUNTERFACTUAL_NON_PIT,False
home_win,0,019297adcb72c6b25375,2025-02-08 12:30:00+00:00,MARKET,0.5121430604133819,0.5157232704402516,1.8,1,NON_PIT,1.0,0.9757138791732363,COUNTERFACTUAL_NON_PIT,False
home_win,0,8998b078a523644ffdac,2025-02-08 12:30:00+00:00,MARKET,0.4764189366465916,0.45290737313723584,2.05,1,NON_PIT,1.0,0.9528378732931831,COUNTERFACTUAL_NON_PIT,False
home_win,0,99c699df2e8a3aa17e2f,2025-02-08 12:30:00+00:00,MARKET,0.6318056140682893,0.6221653026800774,1.5,0,NON_PIT,1.0,0.7363887718634214,COUNTERFACTUAL_NON_PIT,False
home_win,0,9f94419477e38b6bfecc,2025-02-08 12:30:00+00:00,MARKET,0.46097404640056033,0.44134505158578524,2.15,1,NON_PIT,1.0,0.9219480928011207,COUNTERFACTUAL_NON_PIT,False
home_win,0,dd24d530ea3c9959c6c9,2025-02-08 12:30:00+00:00,MARKET,0.5829208822513577,0.5779490219324245,1.6,1,NON_PIT,1.0,0.8341582354972845,COUNTERFACTUAL_NON_PIT,False
home_win,0,dd751cb7ed3eb0404328,2025-02-08 12:30:00+00:00,MARKET,0.45229092105160185,0.4112149532710281,2.25,0,NON_PIT,1.0,0.9045818421032037,COUNTERFACTUAL_NON_PIT,False
home_win,0,1223857b4c670e36bbe9,2025-02-08 15:00:00+00:00,MARKET,0.5591010943788167,0.5362776025236593,1.75,0,NON_PIT,1.0,0.8817978112423666,COUNTERFACTUAL_NON_PIT,False
home_win,0,1abbdc3ec34c71c433fb,2025-02-08 15:00:00+00:00,MARKET,0.5385315557381621,0.5574781823653325,1.7,0,NON_PIT,1.0,0.9229368885236757,COUNTERFACTUAL_NON_PIT,False
home_win,0,403e0dfe02319a487d4d,2025-02-08 15:00:00+00:00,MARKET,0.56396397156822,0.5611722264285397,1.67,0,NON_PIT,1.0,0.87207205686356,COUNTERFACTUAL_NON_PIT,False
home_win,0,43da13ed0f5a08aadafe,2025-02-08 15:00:00+00:00,MARKET,0.4484801203171575,0.4473684210526316,2.1,1,NON_PIT,1.0,0.896960240634315,COUNTERFACTUAL_NON_PIT,False
home_win,0,45ce57170352ab174ba0,2025-02-08 15:00:00+00:00,MARKET,0.5740626981571985,0.5361930294906166,1.73,1,NON_PIT,1.0,0.8518746036856031,COUNTERFACTUAL_NON_PIT,False
home_win,0,4c2dc7e8a58c344691f9,2025-02-08 15:00:00+00:00,MARKET,0.2838348455866358,0.2823250296559905,3.3,0,NON_PIT,1.0,0.5676696911732716,COUNTERFACTUAL_NON_PIT,False
home_win,0,54863c5b86db688cc633,2025-02-08 15:00:00+00:00,MARKET,0.695654936603955,0.6590181430096052,1.42,1,NON_PIT,1.0,0.6086901267920899,COUNTERFACTUAL_NON_PIT,False
home_win,0,59debf91cc6c96822619,2025-02-08 15:00:00+00:00,MARKET,0.6748882822668425,0.6346967559943583,1.48,0,NON_PIT,1.0,0.650223435466315,COUNTERFACTUAL_NON_PIT,False
home_win,0,82aa9ef68968b093948c,2025-02-08 15:00:00+00:00,MARKET,0.6507691219657099,0.6065800751631832,1.53,0,NON_PIT,1.0,0.6984617560685802,COUNTERFACTUAL_NON_PIT,False
home_win,0,87aa671e7f9063119baa,2025-02-08 15:00:00+00:00,MARKET,0.4198996820820973,0.4359404280501035,2.15,0,NON_PIT,1.0,0.8397993641641947,COUNTERFACTUAL_NON_PIT,False
home_win,0,b281a7df5d78678f4960,2025-02-08 15:00:00+00:00,MARKET,0.2966527792832604,0.2716248989490704,3.4,0,NON_PIT,1.0,0.5933055585665208,COUNTERFACTUAL_NON_PIT,False
home_win,0,cb6559120d53e975c4b1,2025-02-08 15:00:00+00:00,MARKET,0.33542088224210176,0.3107769423558897,3.0,1,NON_PIT,1.0,0.6708417644842035,COUNTERFACTUAL_NON_PIT,False
home_win,0,e291d64d3fc2fddc657b,2025-02-08 15:00:00+00:00,MARKET,0.4832510602477371,0.4658527279664251,2.0,1,NON_PIT,1.0,0.9665021204954742,COUNTERFACTUAL_NON_PIT,False
home_win,0,ec2a4bb36ea678a3082c,2025-02-08 15:00:00+00:00,MARKET,0.43630075590483774,0.4410011918951132,2.1,1,NON_PIT,1.0,0.8726015118096755,COUNTERFACTUAL_NON_PIT,False
home_win,0,ef8e79c44d2b5c5ae5df,2025-02-08 15:00:00+00:00,MARKET,0.6711683306337338,0.676056338028169,1.38,1,NON_PIT,1.0,0.6576633387325324,COUNTERFACTUAL_NON_PIT,False
home_win,0,ffa9cfd1671d053b7a5b,2025-02-08 15:00:00+00:00,MARKET,0.6819594896353616,0.6272727272727273,1.5,1,NON_PIT,1.0,0.6360810207292769,COUNTERFACTUAL_NON_PIT,False
home_win,0,d9839abe57e3a7aac041,2025-02-09 12:00:00+00:00,MARKET,0.5346490071624178,0.5051038366772262,1.85,0,NON_PIT,1.0,0.9307019856751644,COUNTERFACTUAL_NON_PIT,False
home_win,0,0e0a52fd10480e38d563,2025-02-11 19:45:00+00:00,MARKET,0.7312037125487807,0.725753243897075,1.29,1,NON_PIT,1.0,0.5375925749024386,COUNTERFACTUAL_NON_PIT,False
home_win,0,145543268280f996daa6,2025-02-11 19:45:00+00:00,MARKET,0.47745836673513237,0.5210981189628877,1.8,1,NON_PIT,1.0,0.9549167334702647,COUNTERFACTUAL_NON_PIT,False
home_win,0,1646865737d2d6c35e5a,2025-02-11 19:45:00+00:00,MARKET,0.3440409950432611,0.3212510356255179,2.9,0,NON_PIT,1.0,0.6880819900865222,COUNTERFACTUAL_NON_PIT,False
home_win,0,1bbaa6f11c2595862338,2025-02-11 19:45:00+00:00,MARKET,0.5975994880187946,0.5687203791469194,1.65,1,NON_PIT,1.0,0.8048010239624108,COUNTERFACTUAL_NON_PIT,False
home_win,0,392d18010e0903762813,2025-02-11 19:45:00+00:00,MARKET,0.47433148164016636,0.42654028436018954,2.2,0,NON_PIT,1.0,0.9486629632803327,COUNTERFACTUAL_NON_PIT,False
home_win,0,3a2fc8d4d0ec9b7384f3,2025-02-11 19:45:00+00:00,MARKET,0.5045501344494148,0.41929720071471116,2.25,1,NON_PIT,1.0,0.9908997311011705,COUNTERFACTUAL_NON_PIT,False
home_win,0,3c5e400106dc43d13019,2025-02-11 19:45:00+00:00,MARKET,0.5686344234580941,0.5072616073735894,1.85,1,NON_PIT,1.0,0.8627311530838118,COUNTERFACTUAL_NON_PIT,False
home_win,0,3c7cadc85e4becc17c23,2025-02-11 19:45:00+00:00,MARKET,0.4668040060252942,0.46646341463414626,2.0,1,NON_PIT,1.0,0.9336080120505884,COUNTERFACTUAL_NON_PIT,False
home_win,0,43afc2458f9447245ccb,2025-02-11 19:45:00+00:00,MARKET,0.6028677175591939,0.607051132383843,1.53,0,NON_PIT,1.0,0.7942645648816122,COUNTERFACTUAL_NON_PIT,False
home_win,0,60b02e68047773008b24,2025-02-11 19:45:00+00:00,MARKET,0.21360912274836288,0.17786252925370546,5.25,0,NON_PIT,1.0,0.4272182454967257,COUNTERFACTUAL_NON_PIT,False
home_win,0,63a8fe62728556166a31,2025-02-11 19:45:00+00:00,MARKET,0.13994575812176757,0.09412597310686482,10.0,0,NON_PIT,1.0,0.27989151624353514,COUNTERFACTUAL_NON_PIT,False
home_win,0,700ca25878ac4cf51c31,2025-02-11 19:45:00+00:00,MARKET,0.5821786825875797,0.5394423427210312,1.73,1,NON_PIT,1.0,0.8356426348248407,COUNTERFACTUAL_NON_PIT,False
home_win,0,7191ebd5d10a71c0d5bd,2025-02-11 19:45:00+00:00,MARKET,0.3396885724451965,0.34793286942284074,2.7,1,NON_PIT,1.0,0.679377144890393,COUNTERFACTUAL_NON_PIT,False
home_win,0,88a5e2b6f74b437683b8,2025-02-11 19:45:00+00:00,MARKET,0.4703001375788138,0.4496092967341215,2.05,0,NON_PIT,1.0,0.9406002751576276,COUNTERFACTUAL_NON_PIT,False
home_win,0,96495a6a4784c9dc9c7e,2025-02-11 19:45:00+00:00,MARKET,0.6324636792677101,0.571994715984148,1.62,1,NON_PIT,1.0,0.7350726414645798,COUNTERFACTUAL_NON_PIT,False
home_win,0,f9f3ea5f6d79aee6ca14,2025-02-11 19:45:00+00:00,MARKET,0.3320695524520004,0.31097560975609756,3.0,1,NON_PIT,1.0,0.6641391049040009,COUNTERFACTUAL_NON_PIT,False
home_win,0,6c57115e61d79ef3cbf4,2025-02-11 20:00:00+00:00,MARKET,0.4576654334634606,0.4333067092651757,2.15,0,NON_PIT,1.0,0.9153308669269212,COUNTERFACTUAL_NON_PIT,False
home_win,0,8aaa1619a7147082326c,2025-02-11 20:00:00+00:00,MARKET,0.6080053171819391,0.5352112676056339,1.75,0,NON_PIT,1.0,0.7839893656361219,COUNTERFACTUAL_NON_PIT,False
home_win,0,a33184783ff1626c01ec,2025-02-12 19:30:00+00:00,MARKET,0.1760984005852157,0.126984126984127,7.5,0,NON_PIT,1.0,0.3521968011704314,COUNTERFACTUAL_NON_PIT,False
home_win,0,063060c5a252095218b5,2025-02-12 19:45:00+00:00,MARKET,0.3706000018202633,0.3711340206185567,2.55,0,NON_PIT,1.0,0.7412000036405266,COUNTERFACTUAL_NON_PIT,False
home_win,0,643af3d3befc65191859,2025-02-12 19:45:00+00:00,MARKET,0.5632526612619175,0.5638651471984806,1.67,1,NON_PIT,1.0,0.8734946774761649,COUNTERFACTUAL_NON_PIT,False
home_win,0,b03c6f51fb6475b80992,2025-02-12 19:45:00+00:00,MARKET,0.29121320818798363,0.2745571658615137,3.4,1,NON_PIT,1.0,0.5824264163759673,COUNTERFACTUAL_NON_PIT,False
home_win,0,c28843f5c6642fa48b0b,2025-02-12 19:45:00+00:00,MARKET,0.6122144192245452,0.5615519253208868,1.67,1,NON_PIT,1.0,0.7755711615509095,COUNTERFACTUAL_NON_PIT,False
home_win,0,ea2bd049abe175c5d859,2025-02-12 19:45:00+00:00,MARKET,0.6088685451362396,0.5513993621650621,1.73,1,NON_PIT,1.0,0.7822629097275209,COUNTERFACTUAL_NON_PIT,False
home_win,0,0c19a35d3b8422d6bb34,2025-02-12 20:00:00+00:00,MARKET,0.5296744558120446,0.5099782110925976,1.83,0,NON_PIT,1.0,0.9406510883759107,COUNTERFACTUAL_NON_PIT,False
home_win,0,0f7de03c9b8a437264bd,2025-02-12 20:00:00+00:00,MARKET,0.4209707760197218,0.41883568448241604,2.25,1,NON_PIT,1.0,0.8419415520394437,COUNTERFACTUAL_NON_PIT,False
home_win,0,3002c97802b478186e1c,2025-02-13 20:00:00+00:00,MARKET,0.36463346389789447,0.35437430786268,2.63,1,NON_PIT,1.0,0.7292669277957889,COUNTERFACTUAL_NON_PIT,False
home_win,0,5a3f932ee1393b86dd68,2025-02-14 20:00:00+00:00,MARKET,0.35524078310766793,0.3506261180679785,2.7,1,NON_PIT,1.0,0.7104815662153359,COUNTERFACTUAL_NON_PIT,False
home_win,0,9fb4265317229ad655b3,2025-02-14 20:00:00+00:00,MARKET,0.4306521747367612,0.46444121915820036,2.05,1,NON_PIT,1.0,0.8613043494735224,COUNTERFACTUAL_NON_PIT,False
home_win,0,02df4a1da018d3dd5764,2025-02-15 12:30:00+00:00,MARKET,0.30817861757088044,0.27439024390243905,3.4,0,NON_PIT,1.0,0.6163572351417609,COUNTERFACTUAL_NON_PIT,False
home_win,0,070d2c0aaf29b17044e4,2025-02-15 12:30:00+00:00,MARKET,0.1690529462584365,0.10999917293854934,8.5,0,NON_PIT,1.0,0.33810589251687295,COUNTERFACTUAL_NON_PIT,False
home_win,0,2102a81bab4ae5b446ad,2025-02-15 12:30:00+00:00,MARKET,0.3236342368723535,0.3378860462745897,2.8,0,NON_PIT,1.0,0.647268473744707,COUNTERFACTUAL_NON_PIT,False
home_win,0,23fd8c930c4bca93a5cf,2025-02-15 12:30:00+00:00,MARKET,0.5309289660816509,0.4890832851359167,1.91,1,NON_PIT,1.0,0.9381420678366983,COUNTERFACTUAL_NON_PIT,False
home_win,0,484ecfb06312fb9720ba,2025-02-15 12:30:00+00:00,MARKET,0.41938756406516814,0.4012133468149647,2.35,0,NON_PIT,1.0,0.8387751281303363,COUNTERFACTUAL_NON_PIT,False
home_win,0,53c1bd0257e72311d07b,2025-02-15 12:30:00+00:00,MARKET,0.5816930674120326,0.5546526123112367,1.67,0,NON_PIT,1.0,0.8366138651759347,COUNTERFACTUAL_NON_PIT,False
home_win,0,7216d9358760264e3159,2025-02-15 12:30:00+00:00,MARKET,0.5219680224538235,0.4569015166058744,2.05,0,NON_PIT,1.0,0.9560639550923531,COUNTERFACTUAL_NON_PIT,False
home_win,0,a8adf621ccdca3c606ed,2025-02-15 12:30:00+00:00,MARKET,0.24713001353337627,0.25105982100800756,3.75,0,NON_PIT,1.0,0.49426002706675254,COUNTERFACTUAL_NON_PIT,False
home_win,0,11b32f126b5ebe1e82ff,2025-02-15 15:00:00+00:00,MARKET,0.5091360375909008,0.4885742581520743,1.91,0,NON_PIT,1.0,0.9817279248181985,COUNTERFACTUAL_NON_PIT,False
home_win,0,13a8a336cfdfb5fa3747,2025-02-15 15:00:00+00:00,MARKET,0.31189439573401706,0.3185060847671003,2.9,1,NON_PIT,1.0,0.6237887914680341,COUNTERFACTUAL_NON_PIT,False
home_win,0,1eb7f7c1c9a2cb26e346,2025-02-15 15:00:00+00:00,MARKET,0.35212879489282406,0.3559693318729463,2.63,0,NON_PIT,1.0,0.7042575897856481,COUNTERFACTUAL_NON_PIT,False
home_win,0,2425b5228eacdcbf9519,2025-02-15 15:00:00+00:00,MARKET,0.616981268746741,0.5638651471984806,1.67,1,NON_PIT,1.0,0.766037462506518,COUNTERFACTUAL_NON_PIT,False
home_win,0,2d4efb3b5524335681b3,2025-02-15 15:00:00+00:00,MARKET,0.7233844904145459,0.6690140845070423,1.4,0,NON_PIT,1.0,0.5532310191709082,COUNTERFACTUAL_NON_PIT,False
home_win,0,2dcc79aa5f482de56f91,2025-02-15 15:00:00+00:00,MARKET,0.3609531111647187,0.2938879125170865,3.2,0,NON_PIT,1.0,0.7219062223294374,COUNTERFACTUAL_NON_PIT,False
home_win,0,30956d4ce64e57ae620f,2025-02-15 15:00:00+00:00,MARKET,0.6006769209585292,0.5878322828172102,1.6,0,NON_PIT,1.0,0.7986461580829416,COUNTERFACTUAL_NON_PIT,False
home_win,0,3ecbf0dd9e9b1ff1bb4f,2025-02-15 15:00:00+00:00,MARKET,0.539188181015825,0.5086901229334463,1.83,1,NON_PIT,1.0,0.92162363796835,COUNTERFACTUAL_NON_PIT,False
home_win,0,3f048c103733ad70d7d0,2025-02-15 15:00:00+00:00,MARKET,0.17835307486048216,0.15789473684210528,6.0,0,NON_PIT,1.0,0.35670614972096426,COUNTERFACTUAL_NON_PIT,False
home_win,0,43185c5dcc02dda3766e,2025-02-15 15:00:00+00:00,MARKET,0.4502741621587056,0.4040270671728008,2.3,1,NON_PIT,1.0,0.9005483243174112,COUNTERFACTUAL_NON_PIT,False
home_win,0,497a1d847c0e39e28390,2025-02-15 15:00:00+00:00,MARKET,0.3305395463434905,0.2831858407079646,3.3,0,NON_PIT,1.0,0.661079092686981,COUNTERFACTUAL_NON_PIT,False
home_win,0,4b99b4d6e2a5efbef4f3,2025-02-15 15:00:00+00:00,MARKET,0.37448563832978204,0.39643744821872406,2.35,0,NON_PIT,1.0,0.7489712766595641,COUNTERFACTUAL_NON_PIT,False
home_win,0,4e71fe9abeca013bd568,2025-02-15 15:00:00+00:00,MARKET,0.400830958558529,0.38891095400746684,2.45,1,NON_PIT,1.0,0.801661917117058,COUNTERFACTUAL_NON_PIT,False
home_win,0,5376a218e9609a3f8583,2025-02-15 15:00:00+00:00,MARKET,0.38952128953068393,0.3884711779448622,2.4,1,NON_PIT,1.0,0.7790425790613679,COUNTERFACTUAL_NON_PIT,False
home_win,0,62b4bf36b6c21fef34af,2025-02-15 15:00:00+00:00,MARKET,0.38466990531039386,0.379746835443038,2.45,0,NON_PIT,1.0,0.7693398106207877,COUNTERFACTUAL_NON_PIT,False
home_win,0,66e04e8ee48af26951b0,2025-02-15 15:00:00+00:00,MARKET,0.49763942058024085,0.48657187993680895,1.95,1,NON_PIT,1.0,0.9952788411604817,COUNTERFACTUAL_NON_PIT,False
home_win,0,772ae885c9f2dbbacc1a,2025-02-15 15:00:00+00:00,MARKET,0.2519982622575738,0.24347630473905216,3.8,0,NON_PIT,1.0,0.5039965245151476,COUNTERFACTUAL_NON_PIT,False
home_win,0,77a30eaef6169ee1c71f,2025-02-15 15:00:00+00:00,MARKET,0.3817011195894273,0.391696450835342,2.38,0,NON_PIT,1.0,0.7634022391788546,COUNTERFACTUAL_NON_PIT,False
home_win,0,8cacbbe5fa80bd47090c,2025-02-15 15:00:00+00:00,MARKET,0.46008829339081814,0.43220338983050843,2.2,1,NON_PIT,1.0,0.9201765867816363,COUNTERFACTUAL_NON_PIT,False
home_win,0,adf9e7c9188c675bcde6,2025-02-15 15:00:00+00:00,MARKET,0.465176104876482,0.48,1.95,0,NON_PIT,1.0,0.930352209752964,COUNTERFACTUAL_NON_PIT,False
home_win,0,b4ff94e6b1ef9b1889d8,2025-02-15 15:00:00+00:00,MARKET,0.3504289836945627,0.3599402826349265,2.63,0,NON_PIT,1.0,0.7008579673891254,COUNTERFACTUAL_NON_PIT,False
home_win,0,b501ddf73d0be3c83de8,2025-02-15 15:00:00+00:00,MARKET,0.4230383760892805,0.3829220845704924,2.45,0,NON_PIT,1.0,0.846076752178561,COUNTERFACTUAL_NON_PIT,False
home_win,0,b704bc44b941697900c2,2025-02-15 15:00:00+00:00,MARKET,0.5020568426292407,0.48440311937612485,1.91,1,NON_PIT,1.0,0.9958863147415187,COUNTERFACTUAL_NON_PIT,False
home_win,0,c9e5efa0b4afc0f54fff,2025-02-15 15:00:00+00:00,MARKET,0.3670717954731009,0.32146122516831516,2.9,1,NON_PIT,1.0,0.7341435909462019,COUNTERFACTUAL_NON_PIT,False
home_win,0,d9a5c8c881f77c6a211f,2025-02-15 15:00:00+00:00,MARKET,0.40727041104430356,0.415347137637028,2.25,1,NON_PIT,1.0,0.8145408220886071,COUNTERFACTUAL_NON_PIT,False
home_win,0,e1a853808067756d7f16,2025-02-15 15:00:00+00:00,MARKET,0.27039913337856697,0.23316062176165803,4.0,0,NON_PIT,1.0,0.5407982667571339,COUNTERFACTUAL_NON_PIT,False
home_win,0,e5f5042b1743a4d15e78,2025-02-15 15:00:00+00:00,MARKET,0.37143641154619583,0.39643744821872406,2.35,1,NON_PIT,1.0,0.7428728230923917,COUNTERFACTUAL_NON_PIT,False
home_win,0,e6d7ecd0ec4d76af4cfb,2025-02-15 15:00:00+00:00,MARKET,0.2689332551069951,0.23355025307302962,4.0,0,NON_PIT,1.0,0.5378665102139902,COUNTERFACTUAL_NON_PIT,False
home_win,0,eadc6ebedb0003a2e6bd,2025-02-15 15:00:00+00:00,MARKET,0.40225955678931813,0.40506329113924044,2.35,0,NON_PIT,1.0,0.8045191135786363,COUNTERFACTUAL_NON_PIT,False
home_win,0,eb76aeb579c12435172a,2025-02-15 15:00:00+00:00,MARKET,0.6472217770945908,0.5813953488372093,1.6,1,NON_PIT,1.0,0.7055564458108183,COUNTERFACTUAL_NON_PIT,False
home_win,0,fd15111696c7ad6f085b,2025-02-15 15:00:00+00:00,MARKET,0.22400707614876408,0.19620397896181108,4.75,0,NON_PIT,1.0,0.44801415229752817,COUNTERFACTUAL_NON_PIT,False
home_win,0,7e579ff73afb55d32e6d,2025-02-15 17:30:00+00:00,MARKET,0.53412976000311,0.5292652552926526,1.8,0,NON_PIT,1.0,0.9317404799937801,COUNTERFACTUAL_NON_PIT,False
home_win,0,83de72bf9d5827a65026,2025-02-16 14:00:00+00:00,MARKET,0.8317415265943966,0.8067226890756303,1.15,1,NON_PIT,1.0,0.3365169468112068,COUNTERFACTUAL_NON_PIT,False
home_win,0,6d6fea6d42b9a22da8de,2025-02-16 16:30:00+00:00,MARKET,0.4015912423349287,0.38633191121247273,2.45,1,NON_PIT,1.0,0.8031824846698574,COUNTERFACTUAL_NON_PIT,False
home_win,0,a2b17a2095cba6b3f696,2025-02-17 20:00:00+00:00,MARKET,0.6787423416357143,0.6106870229007634,1.53,1,NON_PIT,1.0,0.6425153167285713,COUNTERFACTUAL_NON_PIT,False
home_win,0,3cfdf5f27ea04b313c89,2025-02-18 19:45:00+00:00,MARKET,0.36813926624096255,0.38039502560351124,2.45,0,NON_PIT,1.0,0.7362785324819251,COUNTERFACTUAL_NON_PIT,False
home_win,0,9cca4287bd1142cea4fd,2025-02-18 19:45:00+00:00,MARKET,0.7061393084802778,0.6622550319146767,1.4,1,NON_PIT,1.0,0.5877213830394443,COUNTERFACTUAL_NON_PIT,False
home_win,0,a9466d691db3bdd69c71,2025-02-18 19:45:00+00:00,MARKET,0.23815266866085075,0.24821002386634847,3.75,0,NON_PIT,1.0,0.47630533732170144,COUNTERFACTUAL_NON_PIT,False
home_win,0,ac303e1f903fa42fb93e,2025-02-18 19:45:00+00:00,MARKET,0.3079260462403879,0.2920934043424826,3.2,0,NON_PIT,1.0,0.6158520924807758,COUNTERFACTUAL_NON_PIT,False
home_win,0,bf4c78e7e646d45c5288,2025-02-18 19:45:00+00:00,MARKET,0.44618161781757576,0.3905325443786983,2.4,0,NON_PIT,1.0,0.8923632356351515,COUNTERFACTUAL_NON_PIT,False
home_win,0,d6a935b67f1f0af3fbc1,2025-02-18 19:45:00+00:00,MARKET,0.5233919936736242,0.4885742581520743,1.91,0,NON_PIT,1.0,0.9532160126527516,COUNTERFACTUAL_NON_PIT,False
home_win,0,d75530628cd9de002697,2025-02-18 19:45:00+00:00,MARKET,0.33362980745905657,0.358695652173913,2.6,0,NON_PIT,1.0,0.6672596149181131,COUNTERFACTUAL_NON_PIT,False
home_win,0,dfd731bedfe6a3d721e2,2025-02-18 19:45:00+00:00,MARKET,0.5479378011315285,0.5173858399664851,1.8,0,NON_PIT,1.0,0.9041243977369431,COUNTERFACTUAL_NON_PIT,False
home_win,0,29d25f95fec2d96fc585,2024-12-21 15:00:00+00:00,FULL,0.23106864017938428,0.2160033035799371,4.33,0,NON_PIT,1.0,0.46213728035876855,COUNTERFACTUAL_NON_PIT,False
home_win,0,2aaf3d634aab015519b4,2024-12-21 15:00:00+00:00,FULL,0.42899281817548385,0.4605263157894737,2.05,0,NON_PIT,1.0,0.8579856363509677,COUNTERFACTUAL_NON_PIT,False
home_win,0,3abe3f50e1bd8de3c623,2024-12-21 15:00:00+00:00,FULL,0.3167661893810835,0.3226605050338339,2.88,0,NON_PIT,1.0,0.633532378762167,COUNTERFACTUAL_NON_PIT,False
home_win,0,45a14f4d6ff492773cd7,2024-12-21 15:00:00+00:00,FULL,0.5361712528856972,0.41212601545472566,2.3,1,NON_PIT,1.0,0.9276574942286056,COUNTERFACTUAL_NON_PIT,False
home_win,0,45c0796dbab55cb76430,2024-12-21 15:00:00+00:00,FULL,0.5688089787780326,0.5181373722178536,1.8,1,NON_PIT,1.0,0.8623820424439348,COUNTERFACTUAL_NON_PIT,False
home_win,0,4e64ad78c227d6f24b38,2024-12-21 15:00:00+00:00,FULL,0.3652463651680603,0.33289942187679467,2.88,0,NON_PIT,1.0,0.7304927303361206,COUNTERFACTUAL_NON_PIT,False
home_win,0,5018f0ff7f6311f917a1,2024-12-21 15:00:00+00:00,FULL,0.8244720650943178,0.8250825082508252,1.14,1,NON_PIT,1.0,0.3510558698113644,COUNTERFACTUAL_NON_PIT,False
home_win,0,56419065b89c707a641d,2024-12-21 15:00:00+00:00,FULL,0.1813155208871019,0.17850621297822117,5.25,1,NON_PIT,1.0,0.3626310417742038,COUNTERFACTUAL_NON_PIT,False
home_win,0,56d9121f353c92614127,2024-12-21 15:00:00+00:00,FULL,0.556516687241014,0.5380694230924833,1.73,0,NON_PIT,1.0,0.886966625517972,COUNTERFACTUAL_NON_PIT,False
home_win,0,76e0438dc5dd6c6bad10,2024-12-21 15:00:00+00:00,FULL,0.3164079741321224,0.324566546611944,2.88,0,NON_PIT,1.0,0.6328159482642448,COUNTERFACTUAL_NON_PIT,False
home_win,0,8b917e3dc5e5cafe5539,2024-12-21 15:00:00+00:00,FULL,0.21890724424979857,0.1995079572537864,4.75,0,NON_PIT,1.0,0.43781448849959714,COUNTERFACTUAL_NON_PIT,False
home_win,0,a65d523247f1c8538fb0,2024-12-21 15:00:00+00:00,FULL,0.3984676210291497,0.4034582132564842,2.3,1,NON_PIT,1.0,0.7969352420582994,COUNTERFACTUAL_NON_PIT,False
home_win,0,ba4ec0a6a75d479fdd49,2024-12-21 15:00:00+00:00,FULL,0.42199788829551105,0.4049281314168378,2.3,1,NON_PIT,1.0,0.8439957765910221,COUNTERFACTUAL_NON_PIT,False
home_win,0,cd085d7d4c51895085ce,2024-12-21 15:00:00+00:00,FULL,0.32938282076638836,0.25392083644510827,3.7,0,NON_PIT,1.0,0.6587656415327767,COUNTERFACTUAL_NON_PIT,False
home_win,0,df58317230b689854d9a,2024-12-21 15:00:00+00:00,FULL,0.347755146728695,0.3701111568546727,2.55,1,NON_PIT,1.0,0.69551029345739,COUNTERFACTUAL_NON_PIT,False
home_win,0,e1437b8858b1f3ffa907,2024-12-21 15:00:00+00:00,FULL,0.4529589865702481,0.4111855061047657,2.3,0,NON_PIT,1.0,0.9059179731404962,COUNTERFACTUAL_NON_PIT,False
home_win,0,e90a3dbb5cfed95ea1bf,2024-12-21 15:00:00+00:00,FULL,0.3922035013655866,0.4219886822958771,2.2,1,NON_PIT,1.0,0.7844070027311733,COUNTERFACTUAL_NON_PIT,False
home_win,0,f974d5599df93a3b56d4,2024-12-21 15:00:00+00:00,FULL,0.4713925677867861,0.4436536180308422,2.1,0,NON_PIT,1.0,0.9427851355735722,COUNTERFACTUAL_NON_PIT,False
home_win,0,ff35410a3ffd60d6f7c4,2024-12-21 15:00:00+00:00,FULL,0.15724583177734566,0.15655853314527504,6.0,0,NON_PIT,1.0,0.31449166355469127,COUNTERFACTUAL_NON_PIT,False
home_win,0,b397ce3078d80d777647,2024-12-21 17:30:00+00:00,FULL,0.19080013919663022,0.15336592261028328,6.25,0,NON_PIT,1.0,0.3816002783932604,COUNTERFACTUAL_NON_PIT,False
home_win,0,3caba1b9376c76ba923d,2024-12-22 14:00:00+00:00,FULL,0.453202469915397,0.5256916996047432,1.8,0,NON_PIT,1.0,0.906404939830794,COUNTERFACTUAL_NON_PIT,False
home_win,0,b3266b8da0b85fb9367a,2024-12-22 14:00:00+00:00,FULL,0.31558820864047965,0.3711340206185567,2.55,0,NON_PIT,1.0,0.6311764172809593,COUNTERFACTUAL_NON_PIT,False
home_win,0,c948fa136a4a5210a5e5,2024-12-22 14:00:00+00:00,FULL,0.6745548490148545,0.6658656253129068,1.42,0,NON_PIT,1.0,0.650890301970291,COUNTERFACTUAL_NON_PIT,False
home_win,0,e2e3ca334383701751d8,2024-12-22 14:00:00+00:00,FULL,0.21287425509815236,0.18950534759358292,5.0,0,NON_PIT,1.0,0.4257485101963048,COUNTERFACTUAL_NON_PIT,False
home_win,0,96b7fda81792657d9b2b,2024-12-22 15:00:00+00:00,FULL,0.38257059055276776,0.4471544715447154,2.1,1,NON_PIT,1.0,0.7651411811055355,COUNTERFACTUAL_NON_PIT,False
home_win,0,4802d4c58253e396632b,2024-12-22 16:30:00+00:00,FULL,0.21481002217424772,0.21158844213423023,4.5,0,NON_PIT,1.0,0.42962004434849543,COUNTERFACTUAL_NON_PIT,False
home_win,0,1aa9e563e44954c32617,2024-12-23 20:00:00+00:00,FULL,0.1552132229722712,0.12462908011869436,7.5,0,NON_PIT,1.0,0.3104264459445424,COUNTERFACTUAL_NON_PIT,False
home_win,0,3bd76e3db01bf4dd4d62,2024-12-26 12:30:00+00:00,FULL,0.7033011380609854,0.7046463956269218,1.33,0,NON_PIT,1.0,0.5933977238780292,COUNTERFACTUAL_NON_PIT,False
home_win,0,22ce4512ae0f893d8036,2024-12-26 13:00:00+00:00,FULL,0.6426366676171037,0.6188679245283019,1.5,1,NON_PIT,1.0,0.7147266647657926,COUNTERFACTUAL_NON_PIT,False
home_win,0,0abf43c678c6bb966c5f,2024-12-26 15:00:00+00:00,FULL,0.5940428077647723,0.5,1.9,0,NON_PIT,1.0,0.8119143844704555,COUNTERFACTUAL_NON_PIT,False
home_win,0,0e1964de55499721c16c,2024-12-26 15:00:00+00:00,FULL,0.5824695761403692,0.5220012055455093,1.8,1,NON_PIT,1.0,0.8350608477192616,COUNTERFACTUAL_NON_PIT,False
home_win,0,18faf5854e69fcb07373,2024-12-26 15:00:00+00:00,FULL,0.5013252592959734,0.49702656040180676,1.91,1,NON_PIT,1.0,0.9973494814080532,COUNTERFACTUAL_NON_PIT,False
home_win,0,2ee5e564fcc8068970ab,2024-12-26 15:00:00+00:00,FULL,0.49400073365271924,0.44651162790697674,2.1,1,NON_PIT,1.0,0.9880014673054385,COUNTERFACTUAL_NON_PIT,False
home_win,0,31332262859bce8ad338,2024-12-26 15:00:00+00:00,FULL,0.6837496350128461,0.6417473541995046,1.48,0,NON_PIT,1.0,0.6325007299743077,COUNTERFACTUAL_NON_PIT,False
home_win,0,36f04d03b9eb3a941272,2024-12-26 15:00:00+00:00,FULL,0.4127877851540163,0.41929720071471116,2.25,1,NON_PIT,1.0,0.8255755703080326,COUNTERFACTUAL_NON_PIT,False
home_win,0,3934a1b2250b0a7dfd44,2024-12-26 15:00:00+00:00,FULL,0.5393028424232101,0.48744623754732935,1.91,1,NON_PIT,1.0,0.9213943151535797,COUNTERFACTUAL_NON_PIT,False
home_win,0,44e422d3ec241fff23f6,2024-12-26 15:00:00+00:00,FULL,0.5695048787051014,0.5327102803738317,1.75,1,NON_PIT,1.0,0.8609902425897973,COUNTERFACTUAL_NON_PIT,False
home_win,0,46b77b6bd90160a62b58,2024-12-26 15:00:00+00:00,FULL,0.561569420018343,0.5072616073735894,1.85,1,NON_PIT,1.0,0.876861159963314,COUNTERFACTUAL_NON_PIT,False
home_win,0,4b219552d54420a8dce3,2024-12-26 15:00:00+00:00,FULL,0.30598725692846956,0.2936129647283127,3.25,0,NON_PIT,1.0,0.6119745138569391,COUNTERFACTUAL_NON_PIT,False
home_win,0,5295734838a8e940e135,2024-12-26 15:00:00+00:00,FULL,0.561057127808689,0.5583308845136645,1.67,1,NON_PIT,1.0,0.877885744382622,COUNTERFACTUAL_NON_PIT,False
home_win,0,5e71638381af643a8a41,2024-12-26 15:00:00+00:00,FULL,0.44594698972667685,0.4247787610619469,2.2,1,NON_PIT,1.0,0.8918939794533537,COUNTERFACTUAL_NON_PIT,False
home_win,0,5f70ba1cf7c996d883e7,2024-12-26 15:00:00+00:00,FULL,0.45550946908545425,0.41883568448241604,2.25,1,NON_PIT,1.0,0.9110189381709085,COUNTERFACTUAL_NON_PIT,False
home_win,0,6265621764c5cdab9665,2024-12-26 15:00:00+00:00,FULL,0.577381857957678,0.5704256252742431,1.65,0,NON_PIT,1.0,0.8452362840846439,COUNTERFACTUAL_NON_PIT,False
home_win,0,6912849fe3755bcd1771,2024-12-26 15:00:00+00:00,FULL,0.32955851041073136,0.3450439146800502,2.7,1,NON_PIT,1.0,0.6591170208214627,COUNTERFACTUAL_NON_PIT,False
home_win,0,6a27f35c00d5eed2ee05,2024-12-26 15:00:00+00:00,FULL,0.6232746980090107,0.5051038366772262,1.85,0,NON_PIT,1.0,0.7534506039819786,COUNTERFACTUAL_NON_PIT,False
home_win,0,6cfd53ff18a079207cb1,2024-12-26 15:00:00+00:00,FULL,0.39903237523464496,0.39215686274509803,2.4,0,NON_PIT,1.0,0.7980647504692899,COUNTERFACTUAL_NON_PIT,False
home_win,0,6e39a525136f1a0b1cb0,2024-12-26 15:00:00+00:00,FULL,0.4008324279571827,0.4146032477254405,2.3,1,NON_PIT,1.0,0.8016648559143654,COUNTERFACTUAL_NON_PIT,False
home_win,0,8233b804a0ba4f642b25,2024-12-26 15:00:00+00:00,FULL,0.19300363620551483,0.2222222222222222,4.2,1,NON_PIT,1.0,0.3860072724110297,COUNTERFACTUAL_NON_PIT,False
home_win,0,830091a1468f540a850b,2024-12-26 15:00:00+00:00,FULL,0.4370567730971113,0.4359404280501035,2.15,1,NON_PIT,1.0,0.8741135461942225,COUNTERFACTUAL_NON_PIT,False
home_win,0,89246ca21a8f93f4dc07,2024-12-26 15:00:00+00:00,FULL,0.44761279076225857,0.44321329639889195,2.1,0,NON_PIT,1.0,0.8952255815245171,COUNTERFACTUAL_NON_PIT,False
home_win,0,98395fbf89c18517dedd,2024-12-26 15:00:00+00:00,FULL,0.45121936953987624,0.43421052631578944,2.15,1,NON_PIT,1.0,0.9024387390797525,COUNTERFACTUAL_NON_PIT,False
home_win,0,9c6a73c4497c665a930b,2024-12-26 15:00:00+00:00,FULL,0.5311443762100628,0.4776622646810902,1.95,0,NON_PIT,1.0,0.9377112475798743,COUNTERFACTUAL_NON_PIT,False
home_win,0,9ded14064b7fd29d6cce,2024-12-26 15:00:00+00:00,FULL,0.3197418990969586,0.4034582132564842,2.3,0,NON_PIT,1.0,0.6394837981939172,COUNTERFACTUAL_NON_PIT,False
home_win,0,a0aa4415cfdfdbb2cae8,2024-12-26 15:00:00+00:00,FULL,0.6629928710659122,0.5959637003927942,1.57,1,NON_PIT,1.0,0.6740142578681756,COUNTERFACTUAL_NON_PIT,False
home_win,0,ab7b8efaa7227aed8a00,2024-12-26 15:00:00+00:00,FULL,0.6482493906834049,0.578368999421631,1.62,0,NON_PIT,1.0,0.7035012186331902,COUNTERFACTUAL_NON_PIT,False
home_win,0,c07f342f63e84989808e,2024-12-26 15:00:00+00:00,FULL,0.3658029266777482,0.33539731682146534,2.8,0,NON_PIT,1.0,0.7316058533554964,COUNTERFACTUAL_NON_PIT,False
home_win,0,c0a88b5ad6fcb105aa00,2024-12-26 15:00:00+00:00,FULL,0.5575243159349791,0.5220012055455093,1.8,1,NON_PIT,1.0,0.8849513681300418,COUNTERFACTUAL_NON_PIT,False
home_win,0,c30bd39d13ef65b10e16,2024-12-26 15:00:00+00:00,FULL,0.4376824834969484,0.44365361803084225,2.1,1,NON_PIT,1.0,0.8753649669938968,COUNTERFACTUAL_NON_PIT,False
home_win,0,c85bc42fb1027ff2d168,2024-12-26 15:00:00+00:00,FULL,0.33725313565239357,0.308466051969824,3.0,0,NON_PIT,1.0,0.6745062713047871,COUNTERFACTUAL_NON_PIT,False
home_win,0,cf14d16f796330f1d5fd,2024-12-26 15:00:00+00:00,FULL,0.7845391492733195,0.7729729729729731,1.2,1,NON_PIT,1.0,0.43092170145336106,COUNTERFACTUAL_NON_PIT,False
home_win,0,d272ad2f567169850277,2024-12-26 15:00:00+00:00,FULL,0.3893603850673102,0.37231960694508065,2.5,1,NON_PIT,1.0,0.7787207701346204,COUNTERFACTUAL_NON_PIT,False
home_win,0,dad313a8f57c50ce9d21,2024-12-26 15:00:00+00:00,FULL,0.4328589157700689,0.4374145674672916,2.15,1,NON_PIT,1.0,0.8657178315401378,COUNTERFACTUAL_NON_PIT,False
home_win,0,dad55e83b5eafa0fa678,2024-12-26 15:00:00+00:00,FULL,0.7441127616886891,0.7099057574385776,1.33,1,NON_PIT,1.0,0.5117744766226218,COUNTERFACTUAL_NON_PIT,False
home_win,0,e7b80246145f44442b61,2024-12-26 15:00:00+00:00,FULL,0.6040840984754645,0.6100322159112963,1.53,1,NON_PIT,1.0,0.791831803049071,COUNTERFACTUAL_NON_PIT,False
home_win,0,f16ecb7127d52456df4b,2024-12-26 15:00:00+00:00,FULL,0.41022867852976536,0.4254313401087213,2.2,0,NON_PIT,1.0,0.8204573570595307,COUNTERFACTUAL_NON_PIT,False
home_win,0,fcdfa192572b517593f1,2024-12-26 15:00:00+00:00,FULL,0.26045020120925655,0.327653997378768,2.88,1,NON_PIT,1.0,0.5209004024185131,COUNTERFACTUAL_NON_PIT,False
home_win,0,03cbd55057ee10bc3bb4,2024-12-26 17:30:00+00:00,FULL,0.3369035420326921,0.3516483516483516,2.7,1,NON_PIT,1.0,0.6738070840653843,COUNTERFACTUAL_NON_PIT,False
home_win,0,4c87b79a1bbd3cb7a0d3,2024-12-26 17:30:00+00:00,FULL,0.22901471070845358,0.24414426863815383,3.9,1,NON_PIT,1.0,0.45802942141690717,COUNTERFACTUAL_NON_PIT,False
home_win,0,2613da9d862b9dbf0bad,2024-12-26 20:00:00+00:00,FULL,0.8786607076816206,0.8795411089866157,1.08,1,NON_PIT,1.0,0.24267858463675873,COUNTERFACTUAL_NON_PIT,False
home_win,0,f2d7a8a64c539fd58467,2024-12-26 20:00:00+00:00,FULL,0.15441695845052963,0.15026833631484793,6.25,0,NON_PIT,1.0,0.3088339169010592,COUNTERFACTUAL_NON_PIT,False
home_win,0,b3b761d9c751fb93bca0,2024-12-27 19:30:00+00:00,FULL,0.6360685750894373,0.5830269494941478,1.62,0,NON_PIT,1.0,0.7278628498211255,COUNTERFACTUAL_NON_PIT,False
home_win,0,2d9ca4759d5a3439da3d,2024-12-27 20:15:00+00:00,FULL,0.8037372219020311,0.8314855875831485,1.14,1,NON_PIT,1.0,0.39252555619593776,COUNTERFACTUAL_NON_PIT,False
home_win,0,15578ea0ef051c7ee445,2024-12-29 12:30:00+00:00,FULL,0.3718523037862285,0.3794850147741663,2.45,1,NON_PIT,1.0,0.743704607572457,COUNTERFACTUAL_NON_PIT,False
home_win,0,27a4d53d708aaa21513a,2024-12-29 12:30:00+00:00,FULL,0.507304661158798,0.4290091930541369,2.15,1,NON_PIT,1.0,0.985390677682404,COUNTERFACTUAL_NON_PIT,False
home_win,0,2b3bc44e364d8671002a,2024-12-29 12:30:00+00:00,FULL,0.5204333890578642,0.4896055954925198,1.85,0,NON_PIT,1.0,0.9591332218842716,COUNTERFACTUAL_NON_PIT,False
home_win,0,323cf8fa2eb8e0493eed,2024-12-29 12:30:00+00:00,FULL,0.6260991795204348,0.5327281493673832,1.75,0,NON_PIT,1.0,0.7478016409591304,COUNTERFACTUAL_NON_PIT,False
home_win,0,380e84b44eef374bf2c2,2024-12-29 12:30:00+00:00,FULL,0.330447583328281,0.3371104815864023,2.8,1,NON_PIT,1.0,0.660895166656562,COUNTERFACTUAL_NON_PIT,False
home_win,0,524c2476bb0784ca469c,2024-12-29 12:30:00+00:00,FULL,0.5264055269452558,0.48223896663078586,1.95,0,NON_PIT,1.0,0.9471889461094884,COUNTERFACTUAL_NON_PIT,False
home_win,0,b263fe49817601d4821d,2024-12-29 12:30:00+00:00,FULL,0.33022925727771296,0.3359683794466403,2.8,0,NON_PIT,1.0,0.6604585145554259,COUNTERFACTUAL_NON_PIT,False
home_win,0,42f5461c66056eae7b04,2024-12-29 14:30:00+00:00,FULL,0.14933615221928379,0.12693025623621246,7.5,0,NON_PIT,1.0,0.2986723044385675,COUNTERFACTUAL_NON_PIT,False
home_win,0,01665baaa875a24c3ec3,2024-12-29 15:00:00+00:00,FULL,0.6329777570545139,0.5565101929235337,1.67,1,NON_PIT,1.0,0.7340444858909723,COUNTERFACTUAL_NON_PIT,False
home_win,0,0777e9d9c7b8c737873b,2024-12-29 15:00:00+00:00,FULL,0.3613889432529022,0.375767498976668,2.5,1,NON_PIT,1.0,0.7227778865058044,COUNTERFACTUAL_NON_PIT,False
home_win,0,09cf18a01f16b10c6387,2024-12-29 15:00:00+00:00,FULL,0.36512740190374066,0.31279620853080564,3.0,1,NON_PIT,1.0,0.7302548038074813,COUNTERFACTUAL_NON_PIT,False
home_win,0,1302df00c7515f530067,2024-12-29 15:00:00+00:00,FULL,0.6765921479671566,0.6585824796153043,1.42,0,NON_PIT,1.0,0.6468157040656868,COUNTERFACTUAL_NON_PIT,False
home_win,0,2910afefc8700dfaff7f,2024-12-29 15:00:00+00:00,FULL,0.5682804202394176,0.5879059350503919,1.6,0,NON_PIT,1.0,0.8634391595211648,COUNTERFACTUAL_NON_PIT,False
home_win,0,2a8e71ed17864785cecc,2024-12-29 15:00:00+00:00,FULL,0.5933958497921001,0.6117647058823529,1.5,0,NON_PIT,1.0,0.8132083004157997,COUNTERFACTUAL_NON_PIT,False
home_win,0,3658ce6285308438a3f5,2024-12-29 15:00:00+00:00,FULL,0.4493178839665444,0.41568296795952775,2.2,1,NON_PIT,1.0,0.8986357679330887,COUNTERFACTUAL_NON_PIT,False
home_win,0,3f6780ae0f02ac4be853,2024-12-29 15:00:00+00:00,FULL,0.5597285016642238,0.5185185185185186,1.8,1,NON_PIT,1.0,0.8805429966715523,COUNTERFACTUAL_NON_PIT,False
home_win,0,52569e1786b4f9bc6755,2024-12-29 15:00:00+00:00,FULL,0.4727188939166635,0.4473684210526316,2.1,1,NON_PIT,1.0,0.945437787833327,COUNTERFACTUAL_NON_PIT,False
home_win,0,5b466ce002e1940d76bd,2024-12-29 15:00:00+00:00,FULL,0.7555547845045725,0.7238095238095239,1.25,1,NON_PIT,1.0,0.48889043099085505,COUNTERFACTUAL_NON_PIT,False
home_win,0,5d6079ac7db416ebd0a9,2024-12-29 15:00:00+00:00,FULL,0.47086723693275945,0.4592445328031809,2.0,0,NON_PIT,1.0,0.9417344738655189,COUNTERFACTUAL_NON_PIT,False
home_win,0,62acec9081bd573baeb8,2024-12-29 15:00:00+00:00,FULL,0.4926875506015513,0.5257095980311731,1.8,0,NON_PIT,1.0,0.9853751012031026,COUNTERFACTUAL_NON_PIT,False
home_win,0,62bedc8ce22a67957dfd,2024-12-29 15:00:00+00:00,FULL,0.48701199384312893,0.5078597339782346,1.85,1,NON_PIT,1.0,0.9740239876862579,COUNTERFACTUAL_NON_PIT,False
home_win,0,789aa247abf9c5f3d5df,2024-12-29 15:00:00+00:00,FULL,0.39439839103082264,0.42767047694126925,2.2,1,NON_PIT,1.0,0.7887967820616453,COUNTERFACTUAL_NON_PIT,False
home_win,0,85a9a21abd4ed145bd47,2024-12-29 15:00:00+00:00,FULL,0.6127598409036419,0.5738880918220947,1.65,1,NON_PIT,1.0,0.7744803181927162,COUNTERFACTUAL_NON_PIT,False
home_win,0,8883e89405295c5ff18a,2024-12-29 15:00:00+00:00,FULL,0.3556445251441404,0.3682310469314079,2.5,0,NON_PIT,1.0,0.7112890502882808,COUNTERFACTUAL_NON_PIT,False
home_win,0,9bf834b446b26f456055,2024-12-29 15:00:00+00:00,FULL,0.5084044459757441,0.4822695035460994,1.95,0,NON_PIT,1.0,0.9831911080485118,COUNTERFACTUAL_NON_PIT,False
home_win,0,a9b1a80053890c03c67d,2024-12-29 15:00:00+00:00,FULL,0.5753320114019391,0.5533287619997507,1.7,0,NON_PIT,1.0,0.8493359771961217,COUNTERFACTUAL_NON_PIT,False
home_win,0,b44d9fb20283870d111d,2024-12-29 15:00:00+00:00,FULL,0.5964738468541474,0.536416983085951,1.7,1,NON_PIT,1.0,0.8070523062917052,COUNTERFACTUAL_NON_PIT,False
home_win,0,c9511ef558f43249ae17,2024-12-29 15:00:00+00:00,FULL,0.6611423531986974,0.6346967559943583,1.48,0,NON_PIT,1.0,0.6777152936026052,COUNTERFACTUAL_NON_PIT,False
home_win,0,cbe5feee0587491ed645,2024-12-29 15:00:00+00:00,FULL,0.4026726662839574,0.41025641025641024,2.3,0,NON_PIT,1.0,0.8053453325679149,COUNTERFACTUAL_NON_PIT,False
home_win,0,d09038116b247c3426d0,2024-12-29 15:00:00+00:00,FULL,0.32903649348888137,0.32315978456014366,2.9,0,NON_PIT,1.0,0.6580729869777627,COUNTERFACTUAL_NON_PIT,False
home_win,0,d46fdb6a7e18826de644,2024-12-29 15:00:00+00:00,FULL,0.251010923806222,0.3127962085308057,2.9,0,NON_PIT,1.0,0.502021847612444,COUNTERFACTUAL_NON_PIT,False
home_win,0,d4fe980e7171c5f72513,2024-12-29 15:00:00+00:00,FULL,0.4481311421098813,0.3648208469055374,2.6,0,NON_PIT,1.0,0.8962622842197626,COUNTERFACTUAL_NON_PIT,False
home_win,0,d5fe350cc19bad2bf5c1,2024-12-29 15:00:00+00:00,FULL,0.593687139674054,0.5389221556886228,1.75,1,NON_PIT,1.0,0.8126257206518921,COUNTERFACTUAL_NON_PIT,False
home_win,0,ddfb419bf4b365acf2e8,2024-12-29 15:00:00+00:00,FULL,0.43311306237151115,0.4701492537313433,2.0,0,NON_PIT,1.0,0.8662261247430223,COUNTERFACTUAL_NON_PIT,False
home_win,0,e245be2836fcef45b3fa,2024-12-29 15:00:00+00:00,FULL,0.2466694952692616,0.31232642597735527,2.9,1,NON_PIT,1.0,0.49333899053852326,COUNTERFACTUAL_NON_PIT,False
home_win,0,e62f7892da26369077f5,2024-12-29 15:00:00+00:00,FULL,0.5326107051602307,0.4569015166058744,2.05,0,NON_PIT,1.0,0.9347785896795386,COUNTERFACTUAL_NON_PIT,False
home_win,0,e97d6c9e3f0c4391f5e7,2024-12-29 15:00:00+00:00,FULL,0.3768720915566304,0.3457003785830179,2.63,0,NON_PIT,1.0,0.7537441831132607,COUNTERFACTUAL_NON_PIT,False
home_win,0,eaaa9c5c3a6576b9a9ad,2024-12-29 15:00:00+00:00,FULL,0.6510124267521605,0.5924105170128148,1.57,1,NON_PIT,1.0,0.6979751464956789,COUNTERFACTUAL_NON_PIT,False
home_win,0,3b4c0a6df49b429a6057,2024-12-29 17:15:00+00:00,FULL,0.21856161393892634,0.13513513513513511,7.0,0,NON_PIT,1.0,0.43712322787785274,COUNTERFACTUAL_NON_PIT,False
home_win,0,2e2e92dda175ca4c08c0,2024-12-29 17:45:00+00:00,FULL,0.16206317001640363,0.18812989921612544,5.0,0,NON_PIT,1.0,0.32412634003280727,COUNTERFACTUAL_NON_PIT,False
home_win,0,3f92964234897d6d7753,2024-12-29 20:00:00+00:00,FULL,0.3783227857694529,0.41354540790148797,2.25,0,NON_PIT,1.0,0.7566455715389058,COUNTERFACTUAL_NON_PIT,False
home_win,0,1a5f263987488196294f,2024-12-30 19:45:00+00:00,FULL,0.4276227303277337,0.49315068493150677,1.9,0,NON_PIT,1.0,0.8552454606554674,COUNTERFACTUAL_NON_PIT,False
home_win,0,e73c16437a798054e7a6,2024-12-30 19:45:00+00:00,FULL,0.14135564163224337,0.1439701173959445,6.5,1,NON_PIT,1.0,0.2827112832644867,COUNTERFACTUAL_NON_PIT,False
home_win,0,316324b4684d2a1a5008,2024-12-30 20:00:00+00:00,FULL,0.3066422509351325,0.34914425427872864,2.75,0,NON_PIT,1.0,0.613284501870265,COUNTERFACTUAL_NON_PIT,False
home_win,0,cb6804cb21efb9eadf43,2024-12-30 20:00:00+00:00,FULL,0.5555934575974113,0.5284126651289578,1.73,1,NON_PIT,1.0,0.8888130848051774,COUNTERFACTUAL_NON_PIT,False
home_win,0,a6e9018fe75429fb14e1,2025-01-01 12:30:00+00:00,FULL,0.2557733816906367,0.23515805705474174,4.0,0,NON_PIT,1.0,0.5115467633812734,COUNTERFACTUAL_NON_PIT,False
home_win,0,f9dcb93b3a4cd585ea73,2025-01-01 12:30:00+00:00,FULL,0.39471953015627625,0.3711340206185567,2.55,1,NON_PIT,1.0,0.7894390603125525,COUNTERFACTUAL_NON_PIT,False
home_win,0,6142b0f5f93e4fde1658,2025-01-01 13:00:00+00:00,FULL,0.6254288213458545,0.562008242787561,1.67,0,NON_PIT,1.0,0.7491423573082909,COUNTERFACTUAL_NON_PIT,False
home_win,0,0c3861ce261e2ef8a256,2025-01-01 15:00:00+00:00,FULL,0.31397899579433386,0.3251999676819907,2.88,0,NON_PIT,1.0,0.6279579915886677,COUNTERFACTUAL_NON_PIT,False
home_win,0,16e58902c10d12587c81,2025-01-01 15:00:00+00:00,FULL,0.588403435202155,0.4915346805024577,1.9,1,NON_PIT,1.0,0.82319312959569,COUNTERFACTUAL_NON_PIT,False
home_win,0,183314cadeca4a01a15d,2025-01-01 15:00:00+00:00,FULL,0.2845880852738261,0.26459143968871596,3.5,0,NON_PIT,1.0,0.5691761705476522,COUNTERFACTUAL_NON_PIT,False
home_win,0,36892b4f27cb241e63da,2025-01-01 15:00:00+00:00,FULL,0.3334322327671526,0.2823250296559905,3.3,0,NON_PIT,1.0,0.6668644655343052,COUNTERFACTUAL_NON_PIT,False
home_win,0,3a271a1529b909c2a192,2025-01-01 15:00:00+00:00,FULL,0.7557800507484193,0.6880733944954128,1.36,0,NON_PIT,1.0,0.4884398985031615,COUNTERFACTUAL_NON_PIT,False
home_win,0,4575cbe837f41753942b,2025-01-01 15:00:00+00:00,FULL,0.40898190253518313,0.37110187110187104,2.5,0,NON_PIT,1.0,0.8179638050703663,COUNTERFACTUAL_NON_PIT,False
home_win,0,4d819cce4820a1f442d6,2025-01-01 15:00:00+00:00,FULL,0.4928320281653475,0.47291361639824303,2.0,1,NON_PIT,1.0,0.985664056330695,COUNTERFACTUAL_NON_PIT,False
home_win,0,534bd5f1e90da4df4391,2025-01-01 15:00:00+00:00,FULL,0.4696617907466509,0.39643744821872406,2.35,1,NON_PIT,1.0,0.9393235814933018,COUNTERFACTUAL_NON_PIT,False
home_win,0,55da9edc3b3dd7d1748e,2025-01-01 15:00:00+00:00,FULL,0.3372630078964544,0.3316728933167289,2.8,1,NON_PIT,1.0,0.6745260157929088,COUNTERFACTUAL_NON_PIT,False
home_win,0,59c356212b285742017a,2025-01-01 15:00:00+00:00,FULL,0.36554176538511135,0.3450439146800502,2.7,0,NON_PIT,1.0,0.7310835307702227,COUNTERFACTUAL_NON_PIT,False
home_win,0,5d7eed39588062d8bd08,2025-01-01 15:00:00+00:00,FULL,0.4111559336087911,0.36649214659685864,2.55,0,NON_PIT,1.0,0.8223118672175822,COUNTERFACTUAL_NON_PIT,False
home_win,0,5eb20b59e5b54deaf106,2025-01-01 15:00:00+00:00,FULL,0.454342464820289,0.4243156199677939,2.2,0,NON_PIT,1.0,0.908684929640578,COUNTERFACTUAL_NON_PIT,False
home_win,0,5f873d9312f5365e5cee,2025-01-01 15:00:00+00:00,FULL,0.35793345638745966,0.32710280373831774,2.88,1,NON_PIT,1.0,0.7158669127749193,COUNTERFACTUAL_NON_PIT,False
home_win,0,6bafbff40a3cc5d3bba0,2025-01-01 15:00:00+00:00,FULL,0.3836126947309544,0.37231960694508065,2.5,1,NON_PIT,1.0,0.7672253894619088,COUNTERFACTUAL_NON_PIT,False
home_win,0,7246c9b32ddce3c66223,2025-01-01 15:00:00+00:00,FULL,0.5168461992719665,0.3539159761835367,2.63,0,NON_PIT,1.0,0.966307601456067,COUNTERFACTUAL_NON_PIT,False
home_win,0,7d623e120394f11d7732,2025-01-01 15:00:00+00:00,FULL,0.24708765455702403,0.2327257312420517,4.0,0,NON_PIT,1.0,0.49417530911404806,COUNTERFACTUAL_NON_PIT,False
home_win,0,86f095a58f9f1b52a4f5,2025-01-01 15:00:00+00:00,FULL,0.2613964938888381,0.2653981953707336,3.5,0,NON_PIT,1.0,0.5227929877776762,COUNTERFACTUAL_NON_PIT,False
home_win,0,89a3bb053a8a5085c727,2025-01-01 15:00:00+00:00,FULL,0.492331042513719,0.4040270671728008,2.3,1,NON_PIT,1.0,0.984662085027438,COUNTERFACTUAL_NON_PIT,False
home_win,0,94745d90a68104d4815c,2025-01-01 15:00:00+00:00,FULL,0.5210464763130739,0.47646057855927393,1.95,0,NON_PIT,1.0,0.9579070473738522,COUNTERFACTUAL_NON_PIT,False
home_win,0,add2bae75aee9d2202d7,2025-01-01 15:00:00+00:00,FULL,0.6747491135441577,0.5995320050399457,1.55,0,NON_PIT,1.0,0.6505017729116847,COUNTERFACTUAL_NON_PIT,False
home_win,0,b0219bde307b709a3532,2025-01-01 15:00:00+00:00,FULL,0.3989373282731065,0.375767498976668,2.5,0,NON_PIT,1.0,0.797874656546213,COUNTERFACTUAL_NON_PIT,False
home_win,0,c038f6753ccdfd4d13ae,2025-01-01 15:00:00+00:00,FULL,0.6882885307240931,0.6104945747546898,1.53,0,NON_PIT,1.0,0.6234229385518137,COUNTERFACTUAL_NON_PIT,False
home_win,0,c1a63ba7989453a7e4fb,2025-01-01 15:00:00+00:00,FULL,0.613197274720865,0.5140093406910212,1.83,1,NON_PIT,1.0,0.7736054505582699,COUNTERFACTUAL_NON_PIT,False
home_win,0,c48fba99835e925fce5c,2025-01-01 15:00:00+00:00,FULL,0.6750161413875908,0.5924839182936463,1.57,1,NON_PIT,1.0,0.6499677172248184,COUNTERFACTUAL_NON_PIT,False
home_win,0,c610c2524298a7af1209,2025-01-01 15:00:00+00:00,FULL,0.5793789422432087,0.5157232704402516,1.8,0,NON_PIT,1.0,0.8412421155135825,COUNTERFACTUAL_NON_PIT,False
home_win,0,d9f30e087fddd9a53365,2025-01-01 15:00:00+00:00,FULL,0.6193575801808744,0.5380694230924833,1.73,1,NON_PIT,1.0,0.7612848396382512,COUNTERFACTUAL_NON_PIT,False
home_win,0,f031ec3cb7e63561cdb6,2025-01-01 15:00:00+00:00,FULL,0.4465510547588547,0.3869346733668342,2.4,1,NON_PIT,1.0,0.8931021095177094,COUNTERFACTUAL_NON_PIT,False
home_win,0,704641ff0a4c51c0d514,2025-01-01 17:30:00+00:00,FULL,0.17284004253424606,0.14530005310674457,6.5,0,NON_PIT,1.0,0.3456800850684921,COUNTERFACTUAL_NON_PIT,False
home_win,0,c0f3ac0c7a3c569f521a,2025-01-01 17:30:00+00:00,FULL,0.3314393929671375,0.28767123287671237,3.25,0,NON_PIT,1.0,0.662878785934275,COUNTERFACTUAL_NON_PIT,False
home_win,0,f3500334b0ff049d89ca,2025-01-01 20:00:00+00:00,FULL,0.516992713045464,0.4093097913322633,2.3,1,NON_PIT,1.0,0.966014573909072,COUNTERFACTUAL_NON_PIT,False
home_win,0,29b2bb20f7c9cfa02a4a,2025-01-02 19:45:00+00:00,FULL,0.47062887327736497,0.4233870967741936,2.2,0,NON_PIT,1.0,0.9412577465547299,COUNTERFACTUAL_NON_PIT,False
home_win,0,79b0d34e6d845eb823e1,2025-01-02 19:45:00+00:00,FULL,0.18403131333261225,0.19532780708364733,4.75,0,NON_PIT,1.0,0.3680626266652245,COUNTERFACTUAL_NON_PIT,False
home_win,0,38635df1181e1d1b5ea0,2025-01-04 12:30:00+00:00,FULL,0.3673004236994212,0.36802973977695175,2.55,0,NON_PIT,1.0,0.7346008473988423,COUNTERFACTUAL_NON_PIT,False
home_win,0,632b89474b4a66bf8481,2025-01-04 12:30:00+00:00,FULL,0.28458975422550636,0.32917532917532916,2.88,0,NON_PIT,1.0,0.5691795084510127,COUNTERFACTUAL_NON_PIT,False
home_win,0,6e1cd0026c734c843167,2025-01-04 12:30:00+00:00,FULL,0.527073071082917,0.4323289327824247,2.15,0,NON_PIT,1.0,0.945853857834166,COUNTERFACTUAL_NON_PIT,False
home_win,0,9b146e2ae8183279d2b7,2025-01-04 12:30:00+00:00,FULL,0.5131833607144574,0.451165096678235,2.05,0,NON_PIT,1.0,0.9736332785710853,COUNTERFACTUAL_NON_PIT,False
home_win,0,b51d9591993fa583d6f1,2025-01-04 12:30:00+00:00,FULL,0.37587037743590396,0.2944881889763779,3.2,0,NON_PIT,1.0,0.7517407548718079,COUNTERFACTUAL_NON_PIT,False
home_win,0,cbd0cc985dc13ef7f403,2025-01-04 12:30:00+00:00,FULL,0.6823516648634455,0.5674967234600262,1.65,0,NON_PIT,1.0,0.6352966702731091,COUNTERFACTUAL_NON_PIT,False
home_win,0,f8b905a78f3076e351fa,2025-01-04 12:30:00+00:00,FULL,0.64471869298694,0.5557666730001901,1.67,1,NON_PIT,1.0,0.7105626140261201,COUNTERFACTUAL_NON_PIT,False
home_win,0,8ce3916abae009a1013f,2025-01-04 13:00:00+00:00,FULL,0.5531085387321256,0.5072616073735894,1.85,1,NON_PIT,1.0,0.8937829225357488,COUNTERFACTUAL_NON_PIT,False
home_win,0,099473df946e5c1c4423,2025-01-04 15:00:00+00:00,FULL,0.3777582130432134,0.39016393442622954,2.4,1,NON_PIT,1.0,0.7555164260864268,COUNTERFACTUAL_NON_PIT,False
home_win,0,0d0eea47147ac76c7734,2025-01-04 15:00:00+00:00,FULL,0.7332967170073608,0.6104945747546898,1.53,1,NON_PIT,1.0,0.5334065659852785,COUNTERFACTUAL_NON_PIT,False
home_win,0,1d094883541014915dc7,2025-01-04 15:00:00+00:00,FULL,0.7698307089638,0.7151598592626587,1.33,1,NON_PIT,1.0,0.46033858207239997,COUNTERFACTUAL_NON_PIT,False
home_win,0,38fef076bf1bdfd347d6,2025-01-04 15:00:00+00:00,FULL,0.6537479477734947,0.5477819635580841,1.73,1,NON_PIT,1.0,0.6925041044530107,COUNTERFACTUAL_NON_PIT,False
home_win,0,409ce76ac942bdf86dce,2025-01-04 15:00:00+00:00,FULL,0.2340509522320786,0.19564323879983558,4.75,0,NON_PIT,1.0,0.4681019044641572,COUNTERFACTUAL_NON_PIT,False
home_win,0,554a3fbfa0e3188166a9,2025-01-04 15:00:00+00:00,FULL,0.6033442432984614,0.5399533013361008,1.73,0,NON_PIT,1.0,0.7933115134030773,COUNTERFACTUAL_NON_PIT,False
home_win,0,5d7d353cfcbbdd8f051c,2025-01-04 15:00:00+00:00,FULL,0.5892413839463215,0.47646057855927393,1.95,0,NON_PIT,1.0,0.8215172321073569,COUNTERFACTUAL_NON_PIT,False
home_win,0,5f44d243dfd631be485f,2025-01-04 15:00:00+00:00,FULL,0.4978951455659814,0.41883568448241604,2.25,0,NON_PIT,1.0,0.9957902911319628,COUNTERFACTUAL_NON_PIT,False
home_win,0,62aad877484030e55e9c,2025-01-04 15:00:00+00:00,FULL,0.5077765008916771,0.4930629669156883,1.9,1,NON_PIT,1.0,0.9844469982166457,COUNTERFACTUAL_NON_PIT,False
home_win,0,6a8b1ecca2042ca27de7,2025-01-04 15:00:00+00:00,FULL,0.670548073470222,0.6088400411164703,1.53,1,NON_PIT,1.0,0.6589038530595559,COUNTERFACTUAL_NON_PIT,False
home_win,0,6f5c7fb6dc7faf20a590,2025-01-04 15:00:00+00:00,FULL,0.5623735514594423,0.5310316481709823,1.75,0,NON_PIT,1.0,0.8752528970811153,COUNTERFACTUAL_NON_PIT,False
home_win,0,795afe126d9ca4e670a9,2025-01-04 15:00:00+00:00,FULL,0.49552542120107596,0.5087751040347386,1.81,0,NON_PIT,1.0,0.9910508424021519,COUNTERFACTUAL_NON_PIT,False
home_win,0,79ab5d1dc4e8a43536cc,2025-01-04 15:00:00+00:00,FULL,0.4443373822804556,0.4473684210526316,2.1,0,NON_PIT,1.0,0.8886747645609112,COUNTERFACTUAL_NON_PIT,False
home_win,0,7ddb66e09f53febe0583,2025-01-04 15:00:00+00:00,FULL,0.5233751063829294,0.4862936537739392,1.9,0,NON_PIT,1.0,0.9532497872341412,COUNTERFACTUAL_NON_PIT,False
home_win,0,87832d10aa410db5f3e2,2025-01-04 15:00:00+00:00,FULL,0.585006771962853,0.5072616073735894,1.85,0,NON_PIT,1.0,0.829986456074294,COUNTERFACTUAL_NON_PIT,False
home_win,0,8797871b303b5c620a76,2025-01-04 15:00:00+00:00,FULL,0.6204114038900802,0.5680921571721634,1.61,1,NON_PIT,1.0,0.7591771922198396,COUNTERFACTUAL_NON_PIT,False
home_win,0,8e196d7484bb4ee1c799,2025-01-04 15:00:00+00:00,FULL,0.5756956202335505,0.44173495902458526,2.1,1,NON_PIT,1.0,0.848608759532899,COUNTERFACTUAL_NON_PIT,False
home_win,0,9037a3e7290b358b99c6,2025-01-04 15:00:00+00:00,FULL,0.6500507547454173,0.5726034665723382,1.62,0,NON_PIT,1.0,0.6998984905091654,COUNTERFACTUAL_NON_PIT,False
home_win,0,94ea687fd6cca9704e50,2025-01-04 15:00:00+00:00,FULL,0.664501896988705,0.5977796754910334,1.57,0,NON_PIT,1.0,0.67099620602259,COUNTERFACTUAL_NON_PIT,False
home_win,0,97f7fef11af5b575858b,2025-01-04 15:00:00+00:00,FULL,0.19941883480748238,0.17070932214501117,5.5,0,NON_PIT,1.0,0.3988376696149647,COUNTERFACTUAL_NON_PIT,False
home_win,0,ac6e69d972bee10d60fc,2025-01-04 15:00:00+00:00,FULL,0.3829728493166523,0.3411167512690355,2.75,0,NON_PIT,1.0,0.7659456986333046,COUNTERFACTUAL_NON_PIT,False
home_win,0,cc27ca6cac231758362d,2025-01-04 15:00:00+00:00,FULL,0.576999008653597,0.5011684342980406,1.85,0,NON_PIT,1.0,0.846001982692806,COUNTERFACTUAL_NON_PIT,False
home_win,0,cd1faffda196dc1a3e14,2025-01-04 15:00:00+00:00,FULL,0.24520957623996234,0.24982124483353968,3.8,0,NON_PIT,1.0,0.4904191524799246,COUNTERFACTUAL_NON_PIT,False
home_win,0,dcc1c6e1be926a5706f5,2025-01-04 15:00:00+00:00,FULL,0.32156225555616397,0.30275767651085467,3.1,0,NON_PIT,1.0,0.6431245111123279,COUNTERFACTUAL_NON_PIT,False
home_win,0,ee95f19b59b3150cd96e,2025-01-04 15:00:00+00:00,FULL,0.33343979385304356,0.31924882629107976,3.0,0,NON_PIT,1.0,0.6668795877060871,COUNTERFACTUAL_NON_PIT,False
home_win,0,f409aef6042e0839453f,2025-01-04 15:00:00+00:00,FULL,0.5689938339567215,0.46842309182487407,1.96,0,NON_PIT,1.0,0.8620123320865569,COUNTERFACTUAL_NON_PIT,False
home_win,0,fd70fa5ff7d2314c4847,2025-01-04 15:00:00+00:00,FULL,0.7869777803003345,0.7239382239382238,1.3,1,NON_PIT,1.0,0.426044439399331,COUNTERFACTUAL_NON_PIT,False
home_win,0,017bde626c3b174e3c43,2025-01-04 17:30:00+00:00,FULL,0.26480856773715405,0.21928755908581452,4.33,0,NON_PIT,1.0,0.5296171354743081,COUNTERFACTUAL_NON_PIT,False
home_win,0,eb27af0acfd4629c154c,2025-01-05 14:00:00+00:00,FULL,0.6455252552349163,0.6102722850464338,1.55,0,NON_PIT,1.0,0.7089494895301673,COUNTERFACTUAL_NON_PIT,False
home_win,0,b321a5605c58f7b29521,2025-01-05 15:00:00+00:00,FULL,0.4332762407766964,0.4247787610619469,2.2,1,NON_PIT,1.0,0.8665524815533928,COUNTERFACTUAL_NON_PIT,False
home_win,0,dbf5f5e36ec443874e70,2025-01-05 15:00:00+00:00,FULL,0.7533805316412376,0.6346967559943583,1.48,1,NON_PIT,1.0,0.4932389367175247,COUNTERFACTUAL_NON_PIT,False
home_win,0,6561136d550dbe976a8b,2025-01-05 16:30:00+00:00,FULL,0.7161656666252261,0.7311812232661865,1.29,0,NON_PIT,1.0,0.5676686667495479,COUNTERFACTUAL_NON_PIT,False
home_win,0,068e1c5c99c263fc54c0,2025-01-06 20:00:00+00:00,FULL,0.360220627586278,0.3897043622079801,2.4,1,NON_PIT,1.0,0.720441255172556,COUNTERFACTUAL_NON_PIT,False
home_win,0,111d389fd03ea75cab0a,2025-01-06 20:00:00+00:00,FULL,0.3197874857249544,0.28851430811446493,3.3,0,NON_PIT,1.0,0.6395749714499088,COUNTERFACTUAL_NON_PIT,False
home_win,0,3018b5f74ce12816fc8d,2025-01-07 19:45:00+00:00,FULL,0.29875972444497895,0.37499999999999994,2.5,0,NON_PIT,1.0,0.5975194488899579,COUNTERFACTUAL_NON_PIT,False
home_win,0,2aa87ffd0aa3c9f617d1,2025-01-11 12:30:00+00:00,FULL,0.6618160893287593,0.6100322159112963,1.53,1,NON_PIT,1.0,0.6763678213424813,COUNTERFACTUAL_NON_PIT,False
home_win,0,fbb1b185026aab2e2ddc,2025-01-11 12:30:00+00:00,FULL,0.41191824736483573,0.3539159761835367,2.63,1,NON_PIT,1.0,0.8238364947296715,COUNTERFACTUAL_NON_PIT,False
home_win,0,fdf4789a62b3dd121857,2025-01-11 15:00:00+00:00,FULL,0.38165950986005176,0.3316582914572864,2.8,0,NON_PIT,1.0,0.7633190197201035,COUNTERFACTUAL_NON_PIT,False
home_win,0,2dedcd3ff1312e273e0c,2025-01-14 19:30:00+00:00,FULL,0.17158380055313946,0.1975093616650701,4.75,0,NON_PIT,1.0,0.343167601106279,COUNTERFACTUAL_NON_PIT,False
home_win,0,a23141fa8fac5452a334,2025-01-14 19:30:00+00:00,FULL,0.6019772844104131,0.6417473541995046,1.48,0,NON_PIT,1.0,0.7960454311791738,COUNTERFACTUAL_NON_PIT,False
home_win,0,e4efe03bf33bcba3f037,2025-01-14 19:30:00+00:00,FULL,0.25789464734669965,0.3181818181818181,3.0,1,NON_PIT,1.0,0.5157892946933993,COUNTERFACTUAL_NON_PIT,False
home_win,0,14aa8d3b11863d770fc6,2025-01-14 19:45:00+00:00,FULL,0.4143470156242891,0.4041204437400951,2.35,0,NON_PIT,1.0,0.8286940312485782,COUNTERFACTUAL_NON_PIT,False
home_win,0,5760037b45afc80dbab4,2025-01-14 19:45:00+00:00,FULL,0.3966232901353131,0.41929720071471116,2.25,0,NON_PIT,1.0,0.7932465802706262,COUNTERFACTUAL_NON_PIT,False
home_win,0,e91027b02efb28f972a9,2025-01-14 20:00:00+00:00,FULL,0.17798515280703048,0.18111910994764396,5.25,0,NON_PIT,1.0,0.35597030561406096,COUNTERFACTUAL_NON_PIT,False
home_win,0,16b33f1e6a144da45197,2025-01-15 19:30:00+00:00,FULL,0.676908442550529,0.7055805003207184,1.36,1,NON_PIT,1.0,0.6461831148989421,COUNTERFACTUAL_NON_PIT,False
home_win,0,25d03ca464b428d3925d,2025-01-15 19:30:00+00:00,FULL,0.20253868188569715,0.24241142252776307,3.9,0,NON_PIT,1.0,0.40507736377139425,COUNTERFACTUAL_NON_PIT,False
home_win,0,e6180b5e52a2d2d49a55,2025-01-15 19:30:00+00:00,FULL,0.3169629697821823,0.2916584109371904,3.25,0,NON_PIT,1.0,0.6339259395643646,COUNTERFACTUAL_NON_PIT,False
home_win,0,30ca867a23454708c47b,2025-01-15 19:45:00+00:00,FULL,0.5469831648771459,0.5496094879953717,1.73,1,NON_PIT,1.0,0.9060336702457081,COUNTERFACTUAL_NON_PIT,False
home_win,0,b6643f8582b0d0722a7e,2025-01-15 20:00:00+00:00,FULL,0.6320529764205934,0.6818181818181818,1.4,1,NON_PIT,1.0,0.7358940471588131,COUNTERFACTUAL_NON_PIT,False
home_win,0,51e6516c1197b0f56c23,2025-01-16 19:30:00+00:00,FULL,0.19110625578912951,0.24414426863815383,3.9,0,NON_PIT,1.0,0.3822125115782591,COUNTERFACTUAL_NON_PIT,False
home_win,0,a5914fc259b4b456fcdf,2025-01-16 20:00:00+00:00,FULL,0.26268348543159076,0.24591988130563794,3.8,1,NON_PIT,1.0,0.5253669708631815,COUNTERFACTUAL_NON_PIT,False
home_win,0,fa9b5db7963a434594b6,2025-01-16 20:00:00+00:00,FULL,0.7379555785788502,0.7403078121955972,1.29,1,NON_PIT,1.0,0.5240888428422996,COUNTERFACTUAL_NON_PIT,False
home_win,0,c7e108d0f28eb02662b2,2025-01-17 19:45:00+00:00,FULL,0.27064149035593654,0.31119311193111926,3.0,1,NON_PIT,1.0,0.5412829807118731,COUNTERFACTUAL_NON_PIT,False
home_win,0,2fe79f6e34b5be3fdcb7,2025-01-17 20:00:00+00:00,FULL,0.4288740254365024,0.43785365853658537,2.15,0,NON_PIT,1.0,0.8577480508730048,COUNTERFACTUAL_NON_PIT,False
home_win,0,494ad7abcf0a58920479,2025-01-18 12:30:00+00:00,FULL,0.37557748628336957,0.3151515151515151,3.0,0,NON_PIT,1.0,0.7511549725667391,COUNTERFACTUAL_NON_PIT,False
home_win,0,68f5fa82a9a576f9581a,2025-01-18 12:30:00+00:00,FULL,0.23135937152536198,0.28629524196827977,3.25,0,NON_PIT,1.0,0.462718743050724,COUNTERFACTUAL_NON_PIT,False
home_win,0,7ae7cfdb7c38023fef5d,2025-01-18 12:30:00+00:00,FULL,0.3588465275178537,0.3559693318729463,2.63,1,NON_PIT,1.0,0.7176930550357074,COUNTERFACTUAL_NON_PIT,False
home_win,0,b5d55071893ae779e1e5,2025-01-18 12:30:00+00:00,FULL,0.4076173257524525,0.4571863987046386,2.05,0,NON_PIT,1.0,0.815234651504905,COUNTERFACTUAL_NON_PIT,False
home_win,0,b7255c4b8c3f58af55ec,2025-01-18 12:30:00+00:00,FULL,0.5966904613353564,0.5848930481283423,1.62,0,NON_PIT,1.0,0.8066190773292872,COUNTERFACTUAL_NON_PIT,False
home_win,0,bd76a10c67deb44b8c83,2025-01-18 12:30:00+00:00,FULL,0.2900772845911844,0.3226605050338339,2.88,0,NON_PIT,1.0,0.5801545691823689,COUNTERFACTUAL_NON_PIT,False
home_win,0,db8f85446d93dad7179e,2025-01-18 12:30:00+00:00,FULL,0.2926782551732585,0.33685880486515074,2.75,0,NON_PIT,1.0,0.585356510346517,COUNTERFACTUAL_NON_PIT,False
home_win,0,e04e22a6abd9b593ab20,2025-01-18 12:30:00+00:00,FULL,0.37400632550001894,0.29076860512403413,3.2,0,NON_PIT,1.0,0.7480126510000379,COUNTERFACTUAL_NON_PIT,False
home_win,0,81778c4d9a77a5651988,2025-01-18 14:00:00+00:00,FULL,0.18669643458209806,0.23353293413173648,4.0,0,NON_PIT,1.0,0.3733928691641961,COUNTERFACTUAL_NON_PIT,False
home_win,0,046723025d859d126ad4,2025-01-18 15:00:00+00:00,FULL,0.2664705222598943,0.3138041733547351,3.0,1,NON_PIT,1.0,0.5329410445197886,COUNTERFACTUAL_NON_PIT,False
home_win,0,07b16207b7c0732ee25f,2025-01-18 15:00:00+00:00,FULL,0.403795471470546,0.40414507772020725,2.3,1,NON_PIT,1.0,0.807590942941092,COUNTERFACTUAL_NON_PIT,False
home_win,0,0bc76ba8e3a017b09947,2025-01-18 15:00:00+00:00,FULL,0.38131955029434766,0.42834645669291344,2.2,0,NON_PIT,1.0,0.7626391005886953,COUNTERFACTUAL_NON_PIT,False
home_win,0,23a011a408b9f188f322,2025-01-18 15:00:00+00:00,FULL,0.29898271083916356,0.3661058743984409,2.6,0,NON_PIT,1.0,0.5979654216783271,COUNTERFACTUAL_NON_PIT,False
home_win,0,277107683ebd9455a7b4,2025-01-18 15:00:00+00:00,FULL,0.22940933585439735,0.2074074074074074,4.5,1,NON_PIT,1.0,0.45881867170879476,COUNTERFACTUAL_NON_PIT,False
home_win,0,32b048bd54c619c4a2bc,2025-01-18 15:00:00+00:00,FULL,0.37227345678226603,0.451165096678235,2.05,0,NON_PIT,1.0,0.7445469135645321,COUNTERFACTUAL_NON_PIT,False
home_win,0,3f694d6bad292ca182cc,2025-01-18 15:00:00+00:00,FULL,0.5943258387046527,0.600157936299026,1.55,1,NON_PIT,1.0,0.8113483225906946,COUNTERFACTUAL_NON_PIT,False
home_win,0,45fb63850a1b000b44ba,2025-01-18 15:00:00+00:00,FULL,0.4637334579376352,0.42081447963800905,2.2,1,NON_PIT,1.0,0.9274669158752704,COUNTERFACTUAL_NON_PIT,False
home_win,0,46b97cdc3042886a872b,2025-01-18 15:00:00+00:00,FULL,0.27048661579324007,0.29076860512403413,3.2,0,NON_PIT,1.0,0.5409732315864801,COUNTERFACTUAL_NON_PIT,False
home_win,0,56275e96d046e4206a8b,2025-01-18 15:00:00+00:00,FULL,0.1445678938812057,0.1454024165472046,6.5,0,NON_PIT,1.0,0.28913578776241144,COUNTERFACTUAL_NON_PIT,False
home_win,0,64af208f480fdb3ba7c8,2025-01-18 15:00:00+00:00,FULL,0.28476445270899436,0.24696356275303644,3.75,1,NON_PIT,1.0,0.5695289054179887,COUNTERFACTUAL_NON_PIT,False
home_win,0,737047eebe4b1ce928ec,2025-01-18 15:00:00+00:00,FULL,0.4036406053366663,0.4471544715447154,2.1,1,NON_PIT,1.0,0.8072812106733326,COUNTERFACTUAL_NON_PIT,False
home_win,0,76b22cdef83768c00e62,2025-01-18 15:00:00+00:00,FULL,0.39557183563195114,0.40639082343301924,2.3,0,NON_PIT,1.0,0.7911436712639023,COUNTERFACTUAL_NON_PIT,False
home_win,0,8076964421e187269110,2025-01-18 15:00:00+00:00,FULL,0.36716492754252233,0.3773824650571791,2.45,0,NON_PIT,1.0,0.7343298550850447,COUNTERFACTUAL_NON_PIT,False
home_win,0,8bc1bb528a64be92853a,2025-01-18 15:00:00+00:00,FULL,0.5710004216160528,0.6258701121070758,1.48,1,NON_PIT,1.0,0.8579991567678944,COUNTERFACTUAL_NON_PIT,False
home_win,0,8bc53c048f9fc5a80784,2025-01-18 15:00:00+00:00,FULL,0.588714062637125,0.618042226487524,1.5,0,NON_PIT,1.0,0.82257187472575,COUNTERFACTUAL_NON_PIT,False
home_win,0,95b7c7e8b1961dabf81d,2025-01-18 15:00:00+00:00,FULL,0.39031034039148205,0.4247787610619469,2.2,0,NON_PIT,1.0,0.7806206807829641,COUNTERFACTUAL_NON_PIT,False
home_win,0,9c8fe6d4175cc0a4487b,2025-01-18 15:00:00+00:00,FULL,0.20453799983314913,0.21853978671041838,4.33,0,NON_PIT,1.0,0.40907599966629826,COUNTERFACTUAL_NON_PIT,False
home_win,0,9f3a88abd1cd2bfe81f9,2025-01-18 15:00:00+00:00,FULL,0.4211588717259287,0.4473684210526316,2.1,1,NON_PIT,1.0,0.8423177434518574,COUNTERFACTUAL_NON_PIT,False
home_win,0,a5ec4f58f1955f9a291f,2025-01-18 15:00:00+00:00,FULL,0.22084918751776914,0.2920353982300885,3.2,0,NON_PIT,1.0,0.4416983750355383,COUNTERFACTUAL_NON_PIT,False
home_win,0,a633c699b6b1c4dc423e,2025-01-18 15:00:00+00:00,FULL,0.2987823660275092,0.3591549295774647,2.6,0,NON_PIT,1.0,0.5975647320550184,COUNTERFACTUAL_NON_PIT,False
home_win,0,a9e0c07d98756cee51ca,2025-01-18 15:00:00+00:00,FULL,0.60641943686061,0.5468942289008355,1.7,1,NON_PIT,1.0,0.7871611262787801,COUNTERFACTUAL_NON_PIT,False
home_win,0,aaecc72eb67e0be20c8e,2025-01-18 15:00:00+00:00,FULL,0.5087234657576659,0.5030540935415162,1.85,0,NON_PIT,1.0,0.9825530684846682,COUNTERFACTUAL_NON_PIT,False
home_win,0,d42647ba85adf540ed65,2025-01-18 15:00:00+00:00,FULL,0.42013964416458693,0.4276704769412692,2.2,0,NON_PIT,1.0,0.8402792883291739,COUNTERFACTUAL_NON_PIT,False
home_win,0,e3ef797098a991e96d06,2025-01-18 15:00:00+00:00,FULL,0.2711411793470624,0.30112721417069244,3.1,0,NON_PIT,1.0,0.5422823586941248,COUNTERFACTUAL_NON_PIT,False
home_win,0,f296944f3ab72de85d6b,2025-01-18 15:00:00+00:00,FULL,0.5301463004808108,0.543564639689755,1.73,0,NON_PIT,1.0,0.9397073990383784,COUNTERFACTUAL_NON_PIT,False
home_win,0,f79b5c39e7642ed767cc,2025-01-18 15:00:00+00:00,FULL,0.7230704612040232,0.7159005275056518,1.3,1,NON_PIT,1.0,0.5538590775919536,COUNTERFACTUAL_NON_PIT,False
home_win,0,35df6b23d999093cb670,2025-01-18 17:30:00+00:00,FULL,0.6523717400383179,0.6328555678059536,1.5,0,NON_PIT,1.0,0.6952565199233642,COUNTERFACTUAL_NON_PIT,False
home_win,0,cf919f43985f2c5bab84,2025-01-19 12:00:00+00:00,FULL,0.6908598648307552,0.6880733944954128,1.36,1,NON_PIT,1.0,0.6182802703384895,COUNTERFACTUAL_NON_PIT,False
home_win,0,e3eef2b02ee98c293828,2025-01-19 14:00:00+00:00,FULL,0.661913602921643,0.6835147045597626,1.38,1,NON_PIT,1.0,0.6761727941567139,COUNTERFACTUAL_NON_PIT,False
home_win,0,e945b3a8575140585158,2025-01-19 14:00:00+00:00,FULL,0.3376594413934654,0.33980582524271846,2.8,1,NON_PIT,1.0,0.6753188827869308,COUNTERFACTUAL_NON_PIT,False
home_win,0,eaf5d46e2749a4a8904b,2025-01-19 14:00:00+00:00,FULL,0.4030239754020221,0.45051194539249145,2.1,0,NON_PIT,1.0,0.8060479508040442,COUNTERFACTUAL_NON_PIT,False
home_win,0,359d3907bba3968d715d,2025-01-19 16:30:00+00:00,FULL,0.14468653751149857,0.12589262099973555,7.5,0,NON_PIT,1.0,0.28937307502299714,COUNTERFACTUAL_NON_PIT,False
home_win,0,cbccf586a2c1aecd35ee,2025-01-20 20:00:00+00:00,FULL,0.734065750946223,0.6916813176644768,1.36,1,NON_PIT,1.0,0.5318684981075541,COUNTERFACTUAL_NON_PIT,False
home_win,0,035d336c88c793529852,2025-01-21 19:45:00+00:00,FULL,0.3042187044416904,0.327653997378768,2.88,0,NON_PIT,1.0,0.6084374088833808,COUNTERFACTUAL_NON_PIT,False
home_win,0,039f74c97c94e01ba7fd,2025-01-21 19:45:00+00:00,FULL,0.5786589220749525,0.5731985189404728,1.62,0,NON_PIT,1.0,0.842682155850095,COUNTERFACTUAL_NON_PIT,False
home_win,0,296599df382ab4807169,2025-01-21 19:45:00+00:00,FULL,0.4841979612399253,0.45172802404207363,2.1,0,NON_PIT,1.0,0.9683959224798506,COUNTERFACTUAL_NON_PIT,False
home_win,0,2d23f84ad4a32a455807,2025-01-21 19:45:00+00:00,FULL,0.2578202495094976,0.2518122853872567,3.7,0,NON_PIT,1.0,0.5156404990189952,COUNTERFACTUAL_NON_PIT,False
home_win,0,2f6f9545e8df848ed675,2025-01-21 19:45:00+00:00,FULL,0.47813303302719135,0.4881988033623316,1.91,0,NON_PIT,1.0,0.9562660660543827,COUNTERFACTUAL_NON_PIT,False
home_win,0,39717fc6dd83712b1942,2025-01-21 19:45:00+00:00,FULL,0.4066469533348567,0.42642767819924965,2.15,1,NON_PIT,1.0,0.8132939066697134,COUNTERFACTUAL_NON_PIT,False
home_win,0,52f0468e80a3518fa5d9,2025-01-21 19:45:00+00:00,FULL,0.2458734256350962,0.32613126783530366,2.9,1,NON_PIT,1.0,0.49174685127019235,COUNTERFACTUAL_NON_PIT,False
home_win,0,880b84a581ebae995d2e,2025-01-21 19:45:00+00:00,FULL,0.41901524825774256,0.4776622646810903,1.95,1,NON_PIT,1.0,0.8380304965154851,COUNTERFACTUAL_NON_PIT,False
home_win,0,9f65af6c0d454f3cf625,2025-01-21 19:45:00+00:00,FULL,0.23923200314627102,0.26829268292682923,3.5,0,NON_PIT,1.0,0.47846400629254204,COUNTERFACTUAL_NON_PIT,False
home_win,0,a2094c0f3d2b18bf770a,2025-01-21 19:45:00+00:00,FULL,0.31100126026753755,0.37037037037037035,2.55,0,NON_PIT,1.0,0.6220025205350751,COUNTERFACTUAL_NON_PIT,False
home_win,0,a7a6f95b147a7f5ef9e5,2025-01-21 19:45:00+00:00,FULL,0.45334919796999934,0.4473684210526316,2.1,0,NON_PIT,1.0,0.9066983959399987,COUNTERFACTUAL_NON_PIT,False
home_win,0,b570feb1158b62024bf1,2025-01-21 19:45:00+00:00,FULL,0.39963908032630513,0.43040554310169143,2.15,0,NON_PIT,1.0,0.7992781606526103,COUNTERFACTUAL_NON_PIT,False
home_win,0,452636e93f318eb9670b,2025-01-21 20:00:00+00:00,FULL,0.4581946242767358,0.4361743154647127,2.15,0,NON_PIT,1.0,0.9163892485534716,COUNTERFACTUAL_NON_PIT,False
home_win,0,160c6b2d92a6d7f42b1c,2025-01-22 19:45:00+00:00,FULL,0.35111504835760454,0.3839448694546424,2.45,1,NON_PIT,1.0,0.7022300967152091,COUNTERFACTUAL_NON_PIT,False
home_win,0,927193c1765821c33f52,2025-01-22 19:45:00+00:00,FULL,0.33173625577991483,0.3774574049803408,2.5,0,NON_PIT,1.0,0.6634725115598297,COUNTERFACTUAL_NON_PIT,False
home_win,0,f53df6e20e3ffc03e7d2,2025-01-22 19:45:00+00:00,FULL,0.6990727124807289,0.676056338028169,1.38,1,NON_PIT,1.0,0.6018545750385422,COUNTERFACTUAL_NON_PIT,False
home_win,0,769b66e85591d245e86b,2025-01-22 20:00:00+00:00,FULL,0.17017566056633932,0.15584415584415584,6.0,0,NON_PIT,1.0,0.34035132113267863,COUNTERFACTUAL_NON_PIT,False
home_win,0,8d56b66ddb30c1ed8d62,2025-01-23 20:00:00+00:00,FULL,0.26679155397256826,0.28289473684210525,3.3,0,NON_PIT,1.0,0.5335831079451365,COUNTERFACTUAL_NON_PIT,False
home_win,0,cdf3f035a4aca6a3f6e0,2025-01-24 19:45:00+00:00,FULL,0.22847963163990656,0.25808281338627337,3.6,0,NON_PIT,1.0,0.4569592632798132,COUNTERFACTUAL_NON_PIT,False
home_win,0,913d4c57d82b39407ab9,2025-01-24 20:00:00+00:00,FULL,0.5884119798465974,0.5459176541848509,1.73,0,NON_PIT,1.0,0.8231760403068051,COUNTERFACTUAL_NON_PIT,False
home_win,0,0118274b041ab440ac52,2025-01-25 12:30:00+00:00,FULL,0.5953779334334005,0.4689603590127151,2.0,0,NON_PIT,1.0,0.809244133133199,COUNTERFACTUAL_NON_PIT,False
home_win,0,40e4a5bb5219cb79c146,2025-01-25 12:30:00+00:00,FULL,0.5756073548483777,0.48143053645116923,1.95,0,NON_PIT,1.0,0.8487852903032447,COUNTERFACTUAL_NON_PIT,False
home_win,0,61a5461de983bad38841,2025-01-25 12:30:00+00:00,FULL,0.36009014232241926,0.3559693318729463,2.63,0,NON_PIT,1.0,0.7201802846448385,COUNTERFACTUAL_NON_PIT,False
home_win,0,79144e20a7aedaf42d28,2025-01-25 12:30:00+00:00,FULL,0.482108603638674,0.4407039020657996,2.15,1,NON_PIT,1.0,0.964217207277348,COUNTERFACTUAL_NON_PIT,False
home_win,0,df0dcf67a2e69f140069,2025-01-25 12:30:00+00:00,FULL,0.3954501096548023,0.35437430786268,2.63,1,NON_PIT,1.0,0.7909002193096046,COUNTERFACTUAL_NON_PIT,False
home_win,0,e0dcc51c203f249de250,2025-01-25 12:30:00+00:00,FULL,0.4030866961405912,0.42669584245076586,2.2,0,NON_PIT,1.0,0.8061733922811825,COUNTERFACTUAL_NON_PIT,False
home_win,0,e69929dacba8cc51997c,2025-01-25 12:30:00+00:00,FULL,0.26347763230098675,0.2676137454405836,3.5,1,NON_PIT,1.0,0.5269552646019735,COUNTERFACTUAL_NON_PIT,False
home_win,0,02c861efadcef212e418,2025-01-25 15:00:00+00:00,FULL,0.3564167123605845,0.4243156199677939,2.2,1,NON_PIT,1.0,0.712833424721169,COUNTERFACTUAL_NON_PIT,False
home_win,0,042a80cfd94f3c3b1dda,2025-01-25 15:00:00+00:00,FULL,0.4447789606393213,0.48440311937612485,1.91,1,NON_PIT,1.0,0.8895579212786426,COUNTERFACTUAL_NON_PIT,False
home_win,0,080e73c874e42e760c9f,2025-01-25 15:00:00+00:00,FULL,0.4915697148124022,0.5157232704402516,1.8,0,NON_PIT,1.0,0.9831394296248044,COUNTERFACTUAL_NON_PIT,False
home_win,0,09081a968bd3d9d0b177,2025-01-25 15:00:00+00:00,FULL,0.7091181925762919,0.6781838949171902,1.38,1,NON_PIT,1.0,0.5817636148474161,COUNTERFACTUAL_NON_PIT,False
home_win,0,1df09abc92d3de82c540,2025-01-25 15:00:00+00:00,FULL,0.6142120569992031,0.5717651950932151,1.67,0,NON_PIT,1.0,0.7715758860015938,COUNTERFACTUAL_NON_PIT,False
home_win,0,2139cf9c55f4fe51f9db,2025-01-25 15:00:00+00:00,FULL,0.5639875294807871,0.4636078864934587,2.05,1,NON_PIT,1.0,0.8720249410384258,COUNTERFACTUAL_NON_PIT,False
home_win,0,2e0fe0566af10cb5f045,2025-01-25 15:00:00+00:00,FULL,0.6663858443793712,0.6343005725307324,1.45,1,NON_PIT,1.0,0.6672283112412576,COUNTERFACTUAL_NON_PIT,False
home_win,0,34f79bdfa882f863727a,2025-01-25 15:00:00+00:00,FULL,0.199173168156772,0.1467230860066916,6.5,0,NON_PIT,1.0,0.398346336313544,COUNTERFACTUAL_NON_PIT,False
home_win,0,4e977a2beaa5c39c65c8,2025-01-25 15:00:00+00:00,FULL,0.21278415927950356,0.13544369486248053,7.0,0,NON_PIT,1.0,0.4255683185590071,COUNTERFACTUAL_NON_PIT,False
home_win,0,4ea74915bed8bd504f79,2025-01-25 15:00:00+00:00,FULL,0.6505660496920015,0.6081738566331496,1.51,1,NON_PIT,1.0,0.698867900615997,COUNTERFACTUAL_NON_PIT,False
home_win,0,5999ee4068dfea7ff95c,2025-01-25 15:00:00+00:00,FULL,0.5210874671755863,0.4945015963107485,1.9,0,NON_PIT,1.0,0.9578250656488274,COUNTERFACTUAL_NON_PIT,False
home_win,0,6c848885ee343f8445b8,2025-01-25 15:00:00+00:00,FULL,0.6213962889854416,0.5622942825795441,1.67,1,NON_PIT,1.0,0.7572074220291167,COUNTERFACTUAL_NON_PIT,False
home_win,0,74081e4aaf9723dd6c5f,2025-01-25 15:00:00+00:00,FULL,0.805680369691962,0.75,1.25,0,NON_PIT,1.0,0.388639260616076,COUNTERFACTUAL_NON_PIT,False
home_win,0,7c496feadbd2e21c3db1,2025-01-25 15:00:00+00:00,FULL,0.2942602343600347,0.2903225806451613,3.25,1,NON_PIT,1.0,0.5885204687200694,COUNTERFACTUAL_NON_PIT,False
home_win,0,7d8e7f3127d8c2f58d73,2025-01-25 15:00:00+00:00,FULL,0.2437226676192875,0.28054298642533937,3.3,1,NON_PIT,1.0,0.48744533523857503,COUNTERFACTUAL_NON_PIT,False
home_win,0,851b32554a759bed2f35,2025-01-25 15:00:00+00:00,FULL,0.5059535343473484,0.5104690942308037,1.81,0,NON_PIT,1.0,0.9880929313053033,COUNTERFACTUAL_NON_PIT,False
home_win,0,85d57fa17ba931b27249,2025-01-25 15:00:00+00:00,FULL,0.6618561049443228,0.7003891050583657,1.33,0,NON_PIT,1.0,0.6762877901113544,COUNTERFACTUAL_NON_PIT,False
home_win,0,887235e7ce78f163822e,2025-01-25 15:00:00+00:00,FULL,0.8772682957553917,0.8605851979345955,1.08,1,NON_PIT,1.0,0.24546340848921666,COUNTERFACTUAL_NON_PIT,False
home_win,0,88960f17411743236ec8,2025-01-25 15:00:00+00:00,FULL,0.5093396839495768,0.5051038366772262,1.85,0,NON_PIT,1.0,0.9813206321008463,COUNTERFACTUAL_NON_PIT,False
home_win,0,9431f7ed5eff7c51eb1a,2025-01-25 15:00:00+00:00,FULL,0.4392270204327228,0.4452054794520548,2.1,1,NON_PIT,1.0,0.8784540408654457,COUNTERFACTUAL_NON_PIT,False
home_win,0,9ad8b14c8730c91c18c5,2025-01-25 15:00:00+00:00,FULL,0.3484362669064082,0.3974358974358974,2.35,0,NON_PIT,1.0,0.6968725338128164,COUNTERFACTUAL_NON_PIT,False
home_win,0,9d8a7caf6cd70485f399,2025-01-25 15:00:00+00:00,FULL,0.49796356196491853,0.48143053645116923,1.95,1,NON_PIT,1.0,0.9959271239298371,COUNTERFACTUAL_NON_PIT,False
home_win,0,9efe629b08c0c9eb50c0,2025-01-25 15:00:00+00:00,FULL,0.5977856900691109,0.5518087063151441,1.7,1,NON_PIT,1.0,0.8044286198617783,COUNTERFACTUAL_NON_PIT,False
home_win,0,c14d88a17845672c5bd9,2025-01-25 15:00:00+00:00,FULL,0.4520897139009909,0.4436536180308422,2.1,0,NON_PIT,1.0,0.9041794278019818,COUNTERFACTUAL_NON_PIT,False
home_win,0,cda91fbff788b3c63e77,2025-01-25 15:00:00+00:00,FULL,0.2208081941435616,0.2356360384529399,3.9,1,NON_PIT,1.0,0.44161638828712313,COUNTERFACTUAL_NON_PIT,False
home_win,0,dab0ba389fdc18ddcdcf,2025-01-25 15:00:00+00:00,FULL,0.5754043983688858,0.5420741468672235,1.73,1,NON_PIT,1.0,0.8491912032622284,COUNTERFACTUAL_NON_PIT,False
home_win,0,e357897a3f3ac2a03507,2025-01-25 15:00:00+00:00,FULL,0.25910136598956596,0.32146122516831516,2.9,0,NON_PIT,1.0,0.5182027319791319,COUNTERFACTUAL_NON_PIT,False
home_win,0,ed007b2fbf077ebdb4ad,2025-01-25 15:00:00+00:00,FULL,0.4014385640278091,0.3783122706889523,2.5,0,NON_PIT,1.0,0.8028771280556182,COUNTERFACTUAL_NON_PIT,False
home_win,0,f824399329cd9895a2bc,2025-01-25 15:00:00+00:00,FULL,0.6612452991630619,0.574915973819211,1.62,1,NON_PIT,1.0,0.6775094016738763,COUNTERFACTUAL_NON_PIT,False
home_win,0,fcb7d771e01e2579b5b9,2025-01-25 15:00:00+00:00,FULL,0.5660820357535004,0.5772394621886877,1.62,1,NON_PIT,1.0,0.8678359284929993,COUNTERFACTUAL_NON_PIT,False
home_win,0,3ceed70c70639da0ea89,2025-01-25 17:30:00+00:00,FULL,0.4160034948533549,0.468666785016865,2.05,1,NON_PIT,1.0,0.8320069897067098,COUNTERFACTUAL_NON_PIT,False
home_win,0,1a3b96e7accd45dad0c5,2025-01-26 14:00:00+00:00,FULL,0.6234270845970298,0.6547619047619047,1.45,0,NON_PIT,1.0,0.7531458308059404,COUNTERFACTUAL_NON_PIT,False
home_win,0,5fc68ea982239627b78b,2025-01-26 14:00:00+00:00,FULL,0.3907847478782629,0.4612804025719877,2.05,0,NON_PIT,1.0,0.7815694957565258,COUNTERFACTUAL_NON_PIT,False
home_win,0,fe424dab0700ff51309a,2025-01-26 16:30:00+00:00,FULL,0.6697479065425549,0.6174990513369328,1.53,0,NON_PIT,1.0,0.6605041869148902,COUNTERFACTUAL_NON_PIT,False
home_win,0,b72d3a83eb15a7408967,2025-01-26 19:00:00+00:00,FULL,0.40081512605659037,0.41349548842683415,2.3,0,NON_PIT,1.0,0.8016302521131807,COUNTERFACTUAL_NON_PIT,False
home_win,0,63e2db859f781aa53694,2025-01-27 20:00:00+00:00,FULL,0.3049586991002837,0.31119311193111926,3.0,0,NON_PIT,1.0,0.6099173982005675,COUNTERFACTUAL_NON_PIT,False
home_win,0,0c4f05a610a08ab589d4,2025-01-28 19:45:00+00:00,FULL,0.3740024431970124,0.3788187372708758,2.5,0,NON_PIT,1.0,0.7480048863940248,COUNTERFACTUAL_NON_PIT,False
home_win,0,12bdb1c55f1100815d05,2025-01-28 19:45:00+00:00,FULL,0.302251390310075,0.29076860512403413,3.2,0,NON_PIT,1.0,0.60450278062015,COUNTERFACTUAL_NON_PIT,False
home_win,0,18df911407231f6a0ef2,2025-01-28 19:45:00+00:00,FULL,0.41919692805330394,0.3664265580958347,2.55,1,NON_PIT,1.0,0.8383938561066079,COUNTERFACTUAL_NON_PIT,False
home_win,0,4c174b8fbd9c992a4bdf,2025-01-28 19:45:00+00:00,FULL,0.6616569626185848,0.629537369997383,1.48,0,NON_PIT,1.0,0.6766860747628305,COUNTERFACTUAL_NON_PIT,False
home_win,0,4f6b31c1cfc853b064d5,2025-01-28 19:45:00+00:00,FULL,0.32914352047609585,0.2987012987012987,3.1,1,NON_PIT,1.0,0.6582870409521917,COUNTERFACTUAL_NON_PIT,False
home_win,0,50291002d4541b1772cc,2025-01-28 19:45:00+00:00,FULL,0.3624758858140513,0.3925261436288843,2.38,0,NON_PIT,1.0,0.7249517716281026,COUNTERFACTUAL_NON_PIT,False
home_win,0,5606995a61a4bc980300,2025-01-28 19:45:00+00:00,FULL,0.5521580441618734,0.5185185185185186,1.8,1,NON_PIT,1.0,0.8956839116762532,COUNTERFACTUAL_NON_PIT,False
home_win,0,5e5c01c79d46a61f7cb6,2025-01-28 19:45:00+00:00,FULL,0.6890910685942093,0.6392245012644,1.44,1,NON_PIT,1.0,0.6218178628115814,COUNTERFACTUAL_NON_PIT,False
home_win,0,5ec76a7e0b244eb6c182,2025-01-28 19:45:00+00:00,FULL,0.4759238752153578,0.453118870145155,2.05,0,NON_PIT,1.0,0.9518477504307156,COUNTERFACTUAL_NON_PIT,False
home_win,0,63202512911cf91ac249,2025-01-28 19:45:00+00:00,FULL,0.660247120337477,0.6153846153846154,1.5,1,NON_PIT,1.0,0.679505759325046,COUNTERFACTUAL_NON_PIT,False
home_win,0,694f7247d74a5f762809,2025-01-28 19:45:00+00:00,FULL,0.4215627039740311,0.4569015166058744,2.05,1,NON_PIT,1.0,0.8431254079480622,COUNTERFACTUAL_NON_PIT,False
home_win,0,6b9858a70acf4116261e,2025-01-28 19:45:00+00:00,FULL,0.7065373524351637,0.672192459314667,1.38,1,NON_PIT,1.0,0.5869252951296726,COUNTERFACTUAL_NON_PIT,False
home_win,0,82e03725adc90d34a705,2025-01-28 19:45:00+00:00,FULL,0.3485309132546412,0.39340623201512787,2.38,0,NON_PIT,1.0,0.6970618265092824,COUNTERFACTUAL_NON_PIT,False
home_win,0,9986428fd0be24f61b1f,2025-01-28 19:45:00+00:00,FULL,0.6032618504398181,0.6292549621248442,1.48,1,NON_PIT,1.0,0.7934762991203639,COUNTERFACTUAL_NON_PIT,False
home_win,0,9a09c31363a22c8c8e6b,2025-01-28 19:45:00+00:00,FULL,0.5595146917897909,0.5539358600583091,1.7,1,NON_PIT,1.0,0.8809706164204183,COUNTERFACTUAL_NON_PIT,False
home_win,0,9cc76479caf334453036,2025-01-28 19:45:00+00:00,FULL,0.5175687800107097,0.4760643330179755,1.95,1,NON_PIT,1.0,0.9648624399785806,COUNTERFACTUAL_NON_PIT,False
home_win,0,c981b77aa14da6e0aa67,2025-01-28 19:45:00+00:00,FULL,0.41216988759269263,0.38979447200566975,2.38,1,NON_PIT,1.0,0.8243397751853853,COUNTERFACTUAL_NON_PIT,False
home_win,0,d8502511c82d994d9a3b,2025-01-28 19:45:00+00:00,FULL,0.6192229518625616,0.5964499519258584,1.57,1,NON_PIT,1.0,0.7615540962748768,COUNTERFACTUAL_NON_PIT,False
home_win,0,dea1336d67d1dfefdf39,2025-01-28 19:45:00+00:00,FULL,0.5803878857068623,0.5355704697986577,1.73,1,NON_PIT,1.0,0.8392242285862754,COUNTERFACTUAL_NON_PIT,False
home_win,0,e87fac93423e92725bfc,2025-01-28 19:45:00+00:00,FULL,0.438332138621131,0.4809128853698296,1.95,0,NON_PIT,1.0,0.876664277242262,COUNTERFACTUAL_NON_PIT,False
home_win,0,ea0b855dcaf9e73c6ec4,2025-01-28 19:45:00+00:00,FULL,0.6578581668916902,0.6129214075959531,1.53,0,NON_PIT,1.0,0.6842836662166196,COUNTERFACTUAL_NON_PIT,False
home_win,0,ed9fdde1d2ca1e538554,2025-01-28 19:45:00+00:00,FULL,0.3835157537189833,0.3404830265157913,2.75,0,NON_PIT,1.0,0.7670315074379666,COUNTERFACTUAL_NON_PIT,False
home_win,0,6238a9707b0f321dd607,2025-01-28 20:00:00+00:00,FULL,0.3722524148494721,0.3107769423558897,3.0,0,NON_PIT,1.0,0.7445048296989442,COUNTERFACTUAL_NON_PIT,False
home_win,0,b61fa3099c75f7125253,2025-01-29 20:00:00+00:00,FULL,0.30948518388178414,0.3107769423558897,3.0,0,NON_PIT,1.0,0.6189703677635683,COUNTERFACTUAL_NON_PIT,False
home_win,0,ea365b41855083dce285,2025-01-31 20:00:00+00:00,FULL,0.505737828359345,0.43088803088803085,2.2,1,NON_PIT,1.0,0.98852434328131,COUNTERFACTUAL_NON_PIT,False
home_win,0,17ed5acf640cc7469263,2025-02-01 12:30:00+00:00,FULL,0.389778747521578,0.35752979414951247,2.63,0,NON_PIT,1.0,0.779557495043156,COUNTERFACTUAL_NON_PIT,False
home_win,0,3c28504b8a84deaf31fb,2025-02-01 12:30:00+00:00,FULL,0.28134634518399704,0.30015392508978966,3.1,1,NON_PIT,1.0,0.5626926903679941,COUNTERFACTUAL_NON_PIT,False
home_win,0,5d2b0d6249f6d81336ad,2025-02-01 12:30:00+00:00,FULL,0.33642904501423976,0.3014616321559074,3.1,0,NON_PIT,1.0,0.6728580900284795,COUNTERFACTUAL_NON_PIT,False
home_win,0,5fbb12d91f52f9a3a0c2,2025-02-01 12:30:00+00:00,FULL,0.1749066533549691,0.18771075309104535,5.0,1,NON_PIT,1.0,0.34981330670993827,COUNTERFACTUAL_NON_PIT,False
home_win,0,9ca20f04acaa13f304da,2025-02-01 12:30:00+00:00,FULL,0.6377536218727345,0.5687203791469194,1.65,1,NON_PIT,1.0,0.7244927562545309,COUNTERFACTUAL_NON_PIT,False
home_win,0,acb61e8a112acdf4e3cf,2025-02-01 12:30:00+00:00,FULL,0.7085355545419173,0.5906280601095251,1.57,0,NON_PIT,1.0,0.5829288909161654,COUNTERFACTUAL_NON_PIT,False
home_win,0,b42f4ff79c597195e5d5,2025-02-01 12:30:00+00:00,FULL,0.40369095062117377,0.3952569169960474,2.38,1,NON_PIT,1.0,0.8073819012423475,COUNTERFACTUAL_NON_PIT,False
home_win,0,c52db2efb60489a879f4,2025-02-01 12:30:00+00:00,FULL,0.29984059485911063,0.28148293448411144,3.3,0,NON_PIT,1.0,0.5996811897182213,COUNTERFACTUAL_NON_PIT,False
home_win,0,0173ae0ebab96f0f7c6c,2025-02-01 15:00:00+00:00,FULL,0.5357152335934225,0.5608856088560886,1.7,0,NON_PIT,1.0,0.9285695328131549,COUNTERFACTUAL_NON_PIT,False
home_win,0,032b40636f354c6cb268,2025-02-01 15:00:00+00:00,FULL,0.2933889498431562,0.3015157722244982,3.1,1,NON_PIT,1.0,0.5867778996863124,COUNTERFACTUAL_NON_PIT,False
home_win,0,0e26d179270514b15ea3,2025-02-01 15:00:00+00:00,FULL,0.6258365262334089,0.5185185185185186,1.8,1,NON_PIT,1.0,0.7483269475331822,COUNTERFACTUAL_NON_PIT,False
home_win,0,0f94c1eaf2f79a4e3eaf,2025-02-01 15:00:00+00:00,FULL,0.4504596322444934,0.3835842441740565,2.45,0,NON_PIT,1.0,0.9009192644889868,COUNTERFACTUAL_NON_PIT,False
home_win,0,21adbdd60982f7badca8,2025-02-01 15:00:00+00:00,FULL,0.23720401608154154,0.21553351646638655,4.33,0,NON_PIT,1.0,0.474408032163083,COUNTERFACTUAL_NON_PIT,False
home_win,0,3378b06f4679eb93e4e2,2025-02-01 15:00:00+00:00,FULL,0.19382982666869344,0.19412724306688417,4.75,1,NON_PIT,1.0,0.38765965333738683,COUNTERFACTUAL_NON_PIT,False
home_win,0,34aed6c822d4673cf83b,2025-02-01 15:00:00+00:00,FULL,0.311087698652417,0.35242290748898675,2.7,0,NON_PIT,1.0,0.622175397304834,COUNTERFACTUAL_NON_PIT,False
home_win,0,3a4bd4b474bae16c36ee,2025-02-01 15:00:00+00:00,FULL,0.479080546376466,0.4903728275762602,1.91,0,NON_PIT,1.0,0.958161092752932,COUNTERFACTUAL_NON_PIT,False
home_win,0,3c9c933cc4a49a31ded4,2025-02-01 15:00:00+00:00,FULL,0.6178006845595736,0.5420741468672235,1.73,1,NON_PIT,1.0,0.7643986308808528,COUNTERFACTUAL_NON_PIT,False
home_win,0,41fc05f031430bda8482,2025-02-01 15:00:00+00:00,FULL,0.4411503531215804,0.4658527279664251,2.0,0,NON_PIT,1.0,0.8823007062431608,COUNTERFACTUAL_NON_PIT,False
home_win,0,4d6006763ac37d0e8932,2025-02-01 15:00:00+00:00,FULL,0.44994675150992697,0.3664265580958347,2.55,0,NON_PIT,1.0,0.8998935030198539,COUNTERFACTUAL_NON_PIT,False
home_win,0,551f704a86dc7deeb6f8,2025-02-01 15:00:00+00:00,FULL,0.2221061239776447,0.21124357674746064,4.5,0,NON_PIT,1.0,0.44421224795528946,COUNTERFACTUAL_NON_PIT,False
home_win,0,673513f7ff8390f39f58,2025-02-01 15:00:00+00:00,FULL,0.33168133790677934,0.28357348703170027,3.3,1,NON_PIT,1.0,0.6633626758135587,COUNTERFACTUAL_NON_PIT,False
home_win,0,6a9a3e5965b65f1101f2,2025-02-01 15:00:00+00:00,FULL,0.2910030028591201,0.26070799921768045,3.6,0,NON_PIT,1.0,0.5820060057182402,COUNTERFACTUAL_NON_PIT,False
home_win,0,81ce0e1ff5b643d85f4a,2025-02-01 15:00:00+00:00,FULL,0.18350666138686647,0.18769716088328076,5.0,0,NON_PIT,1.0,0.3670133227737329,COUNTERFACTUAL_NON_PIT,False
home_win,0,8357c18ddb64d72c108b,2025-02-01 15:00:00+00:00,FULL,0.3784374399867465,0.2920353982300885,3.2,1,NON_PIT,1.0,0.756874879973493,COUNTERFACTUAL_NON_PIT,False
home_win,0,89969465a849df850e1f,2025-02-01 15:00:00+00:00,FULL,0.48939045275601845,0.4866595517609392,1.95,0,NON_PIT,1.0,0.9787809055120369,COUNTERFACTUAL_NON_PIT,False
home_win,0,8aebc45fe9e60bf7570e,2025-02-01 15:00:00+00:00,FULL,0.2117718842573219,0.2322869955156951,4.0,0,NON_PIT,1.0,0.4235437685146438,COUNTERFACTUAL_NON_PIT,False
home_win,0,8de714c3045296b353cb,2025-02-01 15:00:00+00:00,FULL,0.7462315953890575,0.725753243897075,1.29,1,NON_PIT,1.0,0.507536809221885,COUNTERFACTUAL_NON_PIT,False
home_win,0,94329cc31a1fa50dd7b5,2025-02-01 15:00:00+00:00,FULL,0.3865374138002746,0.3711340206185567,2.55,0,NON_PIT,1.0,0.7730748276005492,COUNTERFACTUAL_NON_PIT,False
home_win,0,bb6f721ecd9bdcfc3035,2025-02-01 15:00:00+00:00,FULL,0.3589781184107399,0.308411214953271,3.0,0,NON_PIT,1.0,0.7179562368214798,COUNTERFACTUAL_NON_PIT,False
home_win,0,c4e82cd59d1e2977eb3d,2025-02-01 15:00:00+00:00,FULL,0.42117833823108664,0.42081447963800905,2.2,1,NON_PIT,1.0,0.8423566764621733,COUNTERFACTUAL_NON_PIT,False
home_win,0,c6422f0842fdf23a2879,2025-02-01 15:00:00+00:00,FULL,0.385029512623951,0.45172802404207363,2.1,0,NON_PIT,1.0,0.770059025247902,COUNTERFACTUAL_NON_PIT,False
home_win,0,c85b72d798b685a4d82c,2025-02-01 15:00:00+00:00,FULL,0.53801457756553,0.4998173182316405,1.85,0,NON_PIT,1.0,0.9239708448689401,COUNTERFACTUAL_NON_PIT,False
home_win,0,cb1e01cb4522e73ba3b2,2025-02-01 15:00:00+00:00,FULL,0.5524857865542415,0.5389221556886228,1.75,1,NON_PIT,1.0,0.895028426891517,COUNTERFACTUAL_NON_PIT,False
home_win,0,e0095939ca8a44a589e8,2025-02-01 15:00:00+00:00,FULL,0.38592269052848127,0.3569296375266524,2.6,0,NON_PIT,1.0,0.7718453810569625,COUNTERFACTUAL_NON_PIT,False
home_win,0,e6904465a510967c352c,2025-02-01 15:00:00+00:00,FULL,0.3775281317503319,0.3243792436933141,2.88,0,NON_PIT,1.0,0.7550562635006638,COUNTERFACTUAL_NON_PIT,False
home_win,0,edae2ed9ac323d83b7f4,2025-02-01 15:00:00+00:00,FULL,0.3212128784515401,0.2844638949671772,3.3,1,NON_PIT,1.0,0.6424257569030802,COUNTERFACTUAL_NON_PIT,False
home_win,0,edb7d2d9e5739e70c373,2025-02-01 15:00:00+00:00,FULL,0.4840264200616982,0.4276704769412692,2.2,1,NON_PIT,1.0,0.9680528401233964,COUNTERFACTUAL_NON_PIT,False
home_win,0,edf0207ac313d40bacfd,2025-02-01 15:00:00+00:00,FULL,0.6387421094456214,0.6141862032806532,1.53,1,NON_PIT,1.0,0.7225157811087572,COUNTERFACTUAL_NON_PIT,False
home_win,0,fd0254a3021b0c9dab89,2025-02-01 17:30:00+00:00,FULL,0.2979533758843154,0.28668941979522183,3.3,1,NON_PIT,1.0,0.5959067517686308,COUNTERFACTUAL_NON_PIT,False
home_win,0,a5d07c2e3cbc7797bbff,2025-02-02 14:00:00+00:00,FULL,0.4018009037891631,0.45564074479737127,2.1,0,NON_PIT,1.0,0.8036018075783262,COUNTERFACTUAL_NON_PIT,False
home_win,0,d7ee4e4c8fcd31e73d74,2025-02-02 14:00:00+00:00,FULL,0.39296537846468443,0.4767025089605735,2.0,0,NON_PIT,1.0,0.7859307569293689,COUNTERFACTUAL_NON_PIT,False
home_win,0,2396e826592db1ae9436,2025-02-02 15:00:00+00:00,FULL,0.33698219497499576,0.308411214953271,3.0,1,NON_PIT,1.0,0.6739643899499915,COUNTERFACTUAL_NON_PIT,False
home_win,0,ef0ea214ddd736e44a05,2025-02-02 16:30:00+00:00,FULL,0.475984994080049,0.48908296943231444,1.95,1,NON_PIT,1.0,0.951969988160098,COUNTERFACTUAL_NON_PIT,False
home_win,0,5aab3f639ba3c0669a09,2025-02-03 20:00:00+00:00,FULL,0.40550768606210613,0.4041204437400951,2.35,0,NON_PIT,1.0,0.8110153721242123,COUNTERFACTUAL_NON_PIT,False
home_win,0,67b6afc20ff4ed337ef4,2025-02-03 20:00:00+00:00,FULL,0.7456762061009881,0.6866642573183954,1.36,1,NON_PIT,1.0,0.5086475877980239,COUNTERFACTUAL_NON_PIT,False
home_win,0,4757615d06baec97411c,2025-02-04 19:45:00+00:00,FULL,0.46584351244400946,0.4247787610619469,2.2,0,NON_PIT,1.0,0.9316870248880189,COUNTERFACTUAL_NON_PIT,False
home_win,0,5f0b4861f323a5743367,2025-02-04 19:45:00+00:00,FULL,0.3336377182883658,0.3631746031746032,2.55,1,NON_PIT,1.0,0.6672754365767316,COUNTERFACTUAL_NON_PIT,False
home_win,0,7e7c1bd88b3ca58e2b34,2025-02-04 19:45:00+00:00,FULL,0.37459345547520095,0.3587221556391288,2.63,1,NON_PIT,1.0,0.7491869109504019,COUNTERFACTUAL_NON_PIT,False
home_win,0,bbf3a62013c96e86462d,2025-02-04 19:45:00+00:00,FULL,0.6723843662775276,0.6301963559172121,1.48,1,NON_PIT,1.0,0.6552312674449448,COUNTERFACTUAL_NON_PIT,False
home_win,0,d31c285c01175392664f,2025-02-05 19:45:00+00:00,FULL,0.21617809252536824,0.23401264933239635,4.0,0,NON_PIT,1.0,0.4323561850507365,COUNTERFACTUAL_NON_PIT,False
home_win,0,6c4b807d1dde6f6a46b6,2025-02-06 19:45:00+00:00,FULL,0.4388722024962931,0.379746835443038,2.45,1,NON_PIT,1.0,0.8777444049925862,COUNTERFACTUAL_NON_PIT,False
home_win,0,cf8e41360fb918a3a3e6,2025-02-07 19:45:00+00:00,FULL,0.5675596755860912,0.5251667677380231,1.75,0,NON_PIT,1.0,0.8648806488278176,COUNTERFACTUAL_NON_PIT,False
home_win,0,019297adcb72c6b25375,2025-02-08 12:30:00+00:00,FULL,0.4735467506206042,0.5157232704402516,1.8,1,NON_PIT,1.0,0.9470935012412084,COUNTERFACTUAL_NON_PIT,False
home_win,0,8998b078a523644ffdac,2025-02-08 12:30:00+00:00,FULL,0.49102611425495823,0.45290737313723584,2.05,1,NON_PIT,1.0,0.9820522285099165,COUNTERFACTUAL_NON_PIT,False
home_win,0,99c699df2e8a3aa17e2f,2025-02-08 12:30:00+00:00,FULL,0.6584197952726445,0.6221653026800774,1.5,0,NON_PIT,1.0,0.683160409454711,COUNTERFACTUAL_NON_PIT,False
home_win,0,9f94419477e38b6bfecc,2025-02-08 12:30:00+00:00,FULL,0.45190177526512226,0.44134505158578524,2.15,1,NON_PIT,1.0,0.9038035505302445,COUNTERFACTUAL_NON_PIT,False
home_win,0,dd24d530ea3c9959c6c9,2025-02-08 12:30:00+00:00,FULL,0.6033202795164618,0.5779490219324245,1.6,1,NON_PIT,1.0,0.7933594409670763,COUNTERFACTUAL_NON_PIT,False
home_win,0,dd751cb7ed3eb0404328,2025-02-08 12:30:00+00:00,FULL,0.4552606749858335,0.4112149532710281,2.25,0,NON_PIT,1.0,0.910521349971667,COUNTERFACTUAL_NON_PIT,False
home_win,0,1223857b4c670e36bbe9,2025-02-08 15:00:00+00:00,FULL,0.5317227940951323,0.5362776025236593,1.75,0,NON_PIT,1.0,0.9365544118097353,COUNTERFACTUAL_NON_PIT,False
home_win,0,1abbdc3ec34c71c433fb,2025-02-08 15:00:00+00:00,FULL,0.5063588897072456,0.5574781823653325,1.7,0,NON_PIT,1.0,0.9872822205855087,COUNTERFACTUAL_NON_PIT,False
home_win,0,403e0dfe02319a487d4d,2025-02-08 15:00:00+00:00,FULL,0.6009138783821634,0.5611722264285397,1.67,0,NON_PIT,1.0,0.7981722432356733,COUNTERFACTUAL_NON_PIT,False
home_win,0,43da13ed0f5a08aadafe,2025-02-08 15:00:00+00:00,FULL,0.43020409455837777,0.4473684210526316,2.1,1,NON_PIT,1.0,0.8604081891167555,COUNTERFACTUAL_NON_PIT,False
home_win,0,45ce57170352ab174ba0,2025-02-08 15:00:00+00:00,FULL,0.5712022902183105,0.5361930294906166,1.73,1,NON_PIT,1.0,0.857595419563379,COUNTERFACTUAL_NON_PIT,False
home_win,0,4c2dc7e8a58c344691f9,2025-02-08 15:00:00+00:00,FULL,0.2839097533020312,0.2823250296559905,3.3,0,NON_PIT,1.0,0.5678195066040624,COUNTERFACTUAL_NON_PIT,False
home_win,0,54863c5b86db688cc633,2025-02-08 15:00:00+00:00,FULL,0.7382346057412836,0.6590181430096052,1.42,1,NON_PIT,1.0,0.5235307885174327,COUNTERFACTUAL_NON_PIT,False
home_win,0,59debf91cc6c96822619,2025-02-08 15:00:00+00:00,FULL,0.7082589613475767,0.6346967559943583,1.48,0,NON_PIT,1.0,0.5834820773048466,COUNTERFACTUAL_NON_PIT,False
home_win,0,82aa9ef68968b093948c,2025-02-08 15:00:00+00:00,FULL,0.6415448861743627,0.6065800751631832,1.53,0,NON_PIT,1.0,0.7169102276512747,COUNTERFACTUAL_NON_PIT,False
home_win,0,87aa671e7f9063119baa,2025-02-08 15:00:00+00:00,FULL,0.48433878776289446,0.4359404280501035,2.15,0,NON_PIT,1.0,0.9686775755257889,COUNTERFACTUAL_NON_PIT,False
home_win,0,b281a7df5d78678f4960,2025-02-08 15:00:00+00:00,FULL,0.3008075333248407,0.2716248989490704,3.4,0,NON_PIT,1.0,0.6016150666496815,COUNTERFACTUAL_NON_PIT,False
home_win,0,cb6559120d53e975c4b1,2025-02-08 15:00:00+00:00,FULL,0.33596389523059056,0.3107769423558897,3.0,1,NON_PIT,1.0,0.6719277904611811,COUNTERFACTUAL_NON_PIT,False
home_win,0,e291d64d3fc2fddc657b,2025-02-08 15:00:00+00:00,FULL,0.48967213207845656,0.4658527279664251,2.0,1,NON_PIT,1.0,0.9793442641569131,COUNTERFACTUAL_NON_PIT,False
home_win,0,ec2a4bb36ea678a3082c,2025-02-08 15:00:00+00:00,FULL,0.4597590152580537,0.4410011918951132,2.1,1,NON_PIT,1.0,0.9195180305161074,COUNTERFACTUAL_NON_PIT,False
home_win,0,ef8e79c44d2b5c5ae5df,2025-02-08 15:00:00+00:00,FULL,0.6857648242581961,0.676056338028169,1.38,1,NON_PIT,1.0,0.6284703514836079,COUNTERFACTUAL_NON_PIT,False
home_win,0,ffa9cfd1671d053b7a5b,2025-02-08 15:00:00+00:00,FULL,0.6773639045000339,0.6272727272727273,1.5,1,NON_PIT,1.0,0.6452721909999322,COUNTERFACTUAL_NON_PIT,False
home_win,0,d9839abe57e3a7aac041,2025-02-09 12:00:00+00:00,FULL,0.49574757671640224,0.5051038366772262,1.85,0,NON_PIT,1.0,0.9914951534328045,COUNTERFACTUAL_NON_PIT,False
home_win,0,0e0a52fd10480e38d563,2025-02-11 19:45:00+00:00,FULL,0.7343079928084442,0.725753243897075,1.29,1,NON_PIT,1.0,0.5313840143831117,COUNTERFACTUAL_NON_PIT,False
home_win,0,145543268280f996daa6,2025-02-11 19:45:00+00:00,FULL,0.45558437192900986,0.5210981189628877,1.8,1,NON_PIT,1.0,0.9111687438580197,COUNTERFACTUAL_NON_PIT,False
home_win,0,1646865737d2d6c35e5a,2025-02-11 19:45:00+00:00,FULL,0.36751377051285994,0.3212510356255179,2.9,0,NON_PIT,1.0,0.7350275410257199,COUNTERFACTUAL_NON_PIT,False
home_win,0,1bbaa6f11c2595862338,2025-02-11 19:45:00+00:00,FULL,0.6164520428049649,0.5687203791469194,1.65,1,NON_PIT,1.0,0.7670959143900702,COUNTERFACTUAL_NON_PIT,False
home_win,0,392d18010e0903762813,2025-02-11 19:45:00+00:00,FULL,0.4672135007916347,0.42654028436018954,2.2,0,NON_PIT,1.0,0.9344270015832694,COUNTERFACTUAL_NON_PIT,False
home_win,0,3a2fc8d4d0ec9b7384f3,2025-02-11 19:45:00+00:00,FULL,0.4495884504163265,0.41929720071471116,2.25,1,NON_PIT,1.0,0.899176900832653,COUNTERFACTUAL_NON_PIT,False
home_win,0,3c5e400106dc43d13019,2025-02-11 19:45:00+00:00,FULL,0.5198262649013634,0.5072616073735894,1.85,1,NON_PIT,1.0,0.9603474701972732,COUNTERFACTUAL_NON_PIT,False
home_win,0,3c7cadc85e4becc17c23,2025-02-11 19:45:00+00:00,FULL,0.5096195548511353,0.46646341463414626,2.0,1,NON_PIT,1.0,0.9807608902977294,COUNTERFACTUAL_NON_PIT,False
home_win,0,43afc2458f9447245ccb,2025-02-11 19:45:00+00:00,FULL,0.6500841977389785,0.607051132383843,1.53,0,NON_PIT,1.0,0.699831604522043,COUNTERFACTUAL_NON_PIT,False
home_win,0,60b02e68047773008b24,2025-02-11 19:45:00+00:00,FULL,0.20457668042048627,0.17786252925370546,5.25,0,NON_PIT,1.0,0.40915336084097254,COUNTERFACTUAL_NON_PIT,False
home_win,0,63a8fe62728556166a31,2025-02-11 19:45:00+00:00,FULL,0.13991687222919247,0.09412597310686482,10.0,0,NON_PIT,1.0,0.27983374445838494,COUNTERFACTUAL_NON_PIT,False
home_win,0,700ca25878ac4cf51c31,2025-02-11 19:45:00+00:00,FULL,0.5620716876704215,0.5394423427210312,1.73,1,NON_PIT,1.0,0.875856624659157,COUNTERFACTUAL_NON_PIT,False
home_win,0,7191ebd5d10a71c0d5bd,2025-02-11 19:45:00+00:00,FULL,0.3335782468443335,0.34793286942284074,2.7,1,NON_PIT,1.0,0.667156493688667,COUNTERFACTUAL_NON_PIT,False
home_win,0,88a5e2b6f74b437683b8,2025-02-11 19:45:00+00:00,FULL,0.47180756034990745,0.4496092967341215,2.05,0,NON_PIT,1.0,0.9436151206998149,COUNTERFACTUAL_NON_PIT,False
home_win,0,96495a6a4784c9dc9c7e,2025-02-11 19:45:00+00:00,FULL,0.6343714176501475,0.571994715984148,1.62,1,NON_PIT,1.0,0.731257164699705,COUNTERFACTUAL_NON_PIT,False
home_win,0,f9f3ea5f6d79aee6ca14,2025-02-11 19:45:00+00:00,FULL,0.3702790773536048,0.31097560975609756,3.0,1,NON_PIT,1.0,0.7405581547072096,COUNTERFACTUAL_NON_PIT,False
home_win,0,6c57115e61d79ef3cbf4,2025-02-11 20:00:00+00:00,FULL,0.4588785891521652,0.4333067092651757,2.15,0,NON_PIT,1.0,0.9177571783043303,COUNTERFACTUAL_NON_PIT,False
home_win,0,8aaa1619a7147082326c,2025-02-11 20:00:00+00:00,FULL,0.5663821263555378,0.5352112676056339,1.75,0,NON_PIT,1.0,0.8672357472889245,COUNTERFACTUAL_NON_PIT,False
home_win,0,a33184783ff1626c01ec,2025-02-12 19:30:00+00:00,FULL,0.1325130125289157,0.126984126984127,7.5,0,NON_PIT,1.0,0.26502602505783135,COUNTERFACTUAL_NON_PIT,False
home_win,0,063060c5a252095218b5,2025-02-12 19:45:00+00:00,FULL,0.3508304082532928,0.3711340206185567,2.55,0,NON_PIT,1.0,0.7016608165065856,COUNTERFACTUAL_NON_PIT,False
home_win,0,643af3d3befc65191859,2025-02-12 19:45:00+00:00,FULL,0.5612326121813089,0.5638651471984806,1.67,1,NON_PIT,1.0,0.8775347756373821,COUNTERFACTUAL_NON_PIT,False
home_win,0,b03c6f51fb6475b80992,2025-02-12 19:45:00+00:00,FULL,0.2453669417185962,0.2745571658615137,3.4,1,NON_PIT,1.0,0.4907338834371924,COUNTERFACTUAL_NON_PIT,False
home_win,0,c28843f5c6642fa48b0b,2025-02-12 19:45:00+00:00,FULL,0.5404633557730583,0.5615519253208868,1.67,1,NON_PIT,1.0,0.9190732884538835,COUNTERFACTUAL_NON_PIT,False
home_win,0,ea2bd049abe175c5d859,2025-02-12 19:45:00+00:00,FULL,0.5602629056270672,0.5513993621650621,1.73,1,NON_PIT,1.0,0.8794741887458657,COUNTERFACTUAL_NON_PIT,False
home_win,0,0c19a35d3b8422d6bb34,2025-02-12 20:00:00+00:00,FULL,0.49957131621394585,0.5099782110925976,1.83,0,NON_PIT,1.0,0.9991426324278917,COUNTERFACTUAL_NON_PIT,False
home_win,0,0f7de03c9b8a437264bd,2025-02-12 20:00:00+00:00,FULL,0.3803703028111162,0.41883568448241604,2.25,1,NON_PIT,1.0,0.7607406056222324,COUNTERFACTUAL_NON_PIT,False
home_win,0,3002c97802b478186e1c,2025-02-13 20:00:00+00:00,FULL,0.3720628791328088,0.35437430786268,2.63,1,NON_PIT,1.0,0.7441257582656176,COUNTERFACTUAL_NON_PIT,False
home_win,0,5a3f932ee1393b86dd68,2025-02-14 20:00:00+00:00,FULL,0.3262315419170796,0.3506261180679785,2.7,1,NON_PIT,1.0,0.6524630838341592,COUNTERFACTUAL_NON_PIT,False
home_win,0,9fb4265317229ad655b3,2025-02-14 20:00:00+00:00,FULL,0.4392897411258083,0.46444121915820036,2.05,1,NON_PIT,1.0,0.8785794822516166,COUNTERFACTUAL_NON_PIT,False
home_win,0,02df4a1da018d3dd5764,2025-02-15 12:30:00+00:00,FULL,0.2610725896793454,0.27439024390243905,3.4,0,NON_PIT,1.0,0.5221451793586908,COUNTERFACTUAL_NON_PIT,False
home_win,0,070d2c0aaf29b17044e4,2025-02-15 12:30:00+00:00,FULL,0.15866955393562873,0.10999917293854934,8.5,0,NON_PIT,1.0,0.3173391078712575,COUNTERFACTUAL_NON_PIT,False
home_win,0,2102a81bab4ae5b446ad,2025-02-15 12:30:00+00:00,FULL,0.3459954627657593,0.3378860462745897,2.8,0,NON_PIT,1.0,0.6919909255315186,COUNTERFACTUAL_NON_PIT,False
home_win,0,23fd8c930c4bca93a5cf,2025-02-15 12:30:00+00:00,FULL,0.5105224631256614,0.4890832851359167,1.91,1,NON_PIT,1.0,0.9789550737486772,COUNTERFACTUAL_NON_PIT,False
home_win,0,484ecfb06312fb9720ba,2025-02-15 12:30:00+00:00,FULL,0.426695051653307,0.4012133468149647,2.35,0,NON_PIT,1.0,0.853390103306614,COUNTERFACTUAL_NON_PIT,False
home_win,0,53c1bd0257e72311d07b,2025-02-15 12:30:00+00:00,FULL,0.5433113284070543,0.5546526123112367,1.67,0,NON_PIT,1.0,0.9133773431858914,COUNTERFACTUAL_NON_PIT,False
home_win,0,7216d9358760264e3159,2025-02-15 12:30:00+00:00,FULL,0.463907839063553,0.4569015166058744,2.05,0,NON_PIT,1.0,0.927815678127106,COUNTERFACTUAL_NON_PIT,False
home_win,0,a8adf621ccdca3c606ed,2025-02-15 12:30:00+00:00,FULL,0.2372208252772451,0.25105982100800756,3.75,0,NON_PIT,1.0,0.47444165055449017,COUNTERFACTUAL_NON_PIT,False
home_win,0,11b32f126b5ebe1e82ff,2025-02-15 15:00:00+00:00,FULL,0.5276846906578979,0.4885742581520743,1.91,0,NON_PIT,1.0,0.9446306186842042,COUNTERFACTUAL_NON_PIT,False
home_win,0,13a8a336cfdfb5fa3747,2025-02-15 15:00:00+00:00,FULL,0.3075745781869308,0.3185060847671003,2.9,1,NON_PIT,1.0,0.6151491563738616,COUNTERFACTUAL_NON_PIT,False
home_win,0,1eb7f7c1c9a2cb26e346,2025-02-15 15:00:00+00:00,FULL,0.36170211270051283,0.3559693318729463,2.63,0,NON_PIT,1.0,0.7234042254010257,COUNTERFACTUAL_NON_PIT,False
home_win,0,2425b5228eacdcbf9519,2025-02-15 15:00:00+00:00,FULL,0.5702722981089167,0.5638651471984806,1.67,1,NON_PIT,1.0,0.8594554037821667,COUNTERFACTUAL_NON_PIT,False
home_win,0,2d4efb3b5524335681b3,2025-02-15 15:00:00+00:00,FULL,0.6708823336325511,0.6690140845070423,1.4,0,NON_PIT,1.0,0.6582353327348978,COUNTERFACTUAL_NON_PIT,False
home_win,0,2dcc79aa5f482de56f91,2025-02-15 15:00:00+00:00,FULL,0.39931382601089116,0.2938879125170865,3.2,0,NON_PIT,1.0,0.7986276520217823,COUNTERFACTUAL_NON_PIT,False
home_win,0,30956d4ce64e57ae620f,2025-02-15 15:00:00+00:00,FULL,0.5905967410688205,0.5878322828172102,1.6,0,NON_PIT,1.0,0.8188065178623589,COUNTERFACTUAL_NON_PIT,False
home_win,0,3ecbf0dd9e9b1ff1bb4f,2025-02-15 15:00:00+00:00,FULL,0.5445693256519716,0.5086901229334463,1.83,1,NON_PIT,1.0,0.9108613486960568,COUNTERFACTUAL_NON_PIT,False
home_win,0,3f048c103733ad70d7d0,2025-02-15 15:00:00+00:00,FULL,0.16728094410930955,0.15789473684210528,6.0,0,NON_PIT,1.0,0.3345618882186191,COUNTERFACTUAL_NON_PIT,False
home_win,0,43185c5dcc02dda3766e,2025-02-15 15:00:00+00:00,FULL,0.4111165143922712,0.4040270671728008,2.3,1,NON_PIT,1.0,0.8222330287845424,COUNTERFACTUAL_NON_PIT,False
home_win,0,497a1d847c0e39e28390,2025-02-15 15:00:00+00:00,FULL,0.3920499099854544,0.2831858407079646,3.3,0,NON_PIT,1.0,0.7840998199709088,COUNTERFACTUAL_NON_PIT,False
home_win,0,4b99b4d6e2a5efbef4f3,2025-02-15 15:00:00+00:00,FULL,0.3770206840562386,0.39643744821872406,2.35,0,NON_PIT,1.0,0.7540413681124772,COUNTERFACTUAL_NON_PIT,False
home_win,0,4e71fe9abeca013bd568,2025-02-15 15:00:00+00:00,FULL,0.4157568547708813,0.38891095400746684,2.45,1,NON_PIT,1.0,0.8315137095417626,COUNTERFACTUAL_NON_PIT,False
home_win,0,5376a218e9609a3f8583,2025-02-15 15:00:00+00:00,FULL,0.39197853229450447,0.3884711779448622,2.4,1,NON_PIT,1.0,0.7839570645890089,COUNTERFACTUAL_NON_PIT,False
home_win,0,62b4bf36b6c21fef34af,2025-02-15 15:00:00+00:00,FULL,0.4139521769959621,0.379746835443038,2.45,0,NON_PIT,1.0,0.8279043539919242,COUNTERFACTUAL_NON_PIT,False
home_win,0,66e04e8ee48af26951b0,2025-02-15 15:00:00+00:00,FULL,0.43513689906437236,0.48657187993680895,1.95,1,NON_PIT,1.0,0.8702737981287447,COUNTERFACTUAL_NON_PIT,False
home_win,0,772ae885c9f2dbbacc1a,2025-02-15 15:00:00+00:00,FULL,0.24716484568989944,0.24347630473905216,3.8,0,NON_PIT,1.0,0.4943296913797989,COUNTERFACTUAL_NON_PIT,False
home_win,0,77a30eaef6169ee1c71f,2025-02-15 15:00:00+00:00,FULL,0.4345628783898233,0.391696450835342,2.38,0,NON_PIT,1.0,0.8691257567796467,COUNTERFACTUAL_NON_PIT,False
home_win,0,8cacbbe5fa80bd47090c,2025-02-15 15:00:00+00:00,FULL,0.3968100070795586,0.43220338983050843,2.2,1,NON_PIT,1.0,0.7936200141591172,COUNTERFACTUAL_NON_PIT,False
home_win,0,adf9e7c9188c675bcde6,2025-02-15 15:00:00+00:00,FULL,0.47866961701431826,0.48,1.95,0,NON_PIT,1.0,0.9573392340286365,COUNTERFACTUAL_NON_PIT,False
home_win,0,b4ff94e6b1ef9b1889d8,2025-02-15 15:00:00+00:00,FULL,0.2936806114723196,0.3599402826349265,2.63,0,NON_PIT,1.0,0.5873612229446392,COUNTERFACTUAL_NON_PIT,False
home_win,0,b501ddf73d0be3c83de8,2025-02-15 15:00:00+00:00,FULL,0.45405623084629193,0.3829220845704924,2.45,0,NON_PIT,1.0,0.9081124616925839,COUNTERFACTUAL_NON_PIT,False
home_win,0,b704bc44b941697900c2,2025-02-15 15:00:00+00:00,FULL,0.45271789859932426,0.48440311937612485,1.91,1,NON_PIT,1.0,0.9054357971986485,COUNTERFACTUAL_NON_PIT,False
home_win,0,c9e5efa0b4afc0f54fff,2025-02-15 15:00:00+00:00,FULL,0.3513239250557544,0.32146122516831516,2.9,1,NON_PIT,1.0,0.7026478501115088,COUNTERFACTUAL_NON_PIT,False
home_win,0,d9a5c8c881f77c6a211f,2025-02-15 15:00:00+00:00,FULL,0.42749365288613117,0.415347137637028,2.25,1,NON_PIT,1.0,0.8549873057722623,COUNTERFACTUAL_NON_PIT,False
home_win,0,e1a853808067756d7f16,2025-02-15 15:00:00+00:00,FULL,0.22751469638961877,0.23316062176165803,4.0,0,NON_PIT,1.0,0.4550293927792375,COUNTERFACTUAL_NON_PIT,False
home_win,0,e5f5042b1743a4d15e78,2025-02-15 15:00:00+00:00,FULL,0.44682497637323787,0.39643744821872406,2.35,1,NON_PIT,1.0,0.8936499527464757,COUNTERFACTUAL_NON_PIT,False
home_win,0,e6d7ecd0ec4d76af4cfb,2025-02-15 15:00:00+00:00,FULL,0.24417013769840717,0.23355025307302962,4.0,0,NON_PIT,1.0,0.48834027539681435,COUNTERFACTUAL_NON_PIT,False
home_win,0,eadc6ebedb0003a2e6bd,2025-02-15 15:00:00+00:00,FULL,0.2931932870872021,0.40506329113924044,2.35,0,NON_PIT,1.0,0.5863865741744042,COUNTERFACTUAL_NON_PIT,False
home_win,0,eb76aeb579c12435172a,2025-02-15 15:00:00+00:00,FULL,0.6534485385153593,0.5813953488372093,1.6,1,NON_PIT,1.0,0.6931029229692813,COUNTERFACTUAL_NON_PIT,False
home_win,0,fd15111696c7ad6f085b,2025-02-15 15:00:00+00:00,FULL,0.2106457885915677,0.19620397896181108,4.75,0,NON_PIT,1.0,0.42129157718313537,COUNTERFACTUAL_NON_PIT,False
home_win,0,7e579ff73afb55d32e6d,2025-02-15 17:30:00+00:00,FULL,0.46615249638761364,0.5292652552926526,1.8,0,NON_PIT,1.0,0.9323049927752273,COUNTERFACTUAL_NON_PIT,False
home_win,0,83de72bf9d5827a65026,2025-02-16 14:00:00+00:00,FULL,0.7926065563100263,0.8067226890756303,1.15,1,NON_PIT,1.0,0.4147868873799474,COUNTERFACTUAL_NON_PIT,False
home_win,0,6d6fea6d42b9a22da8de,2025-02-16 16:30:00+00:00,FULL,0.3494025421891055,0.38633191121247273,2.45,1,NON_PIT,1.0,0.698805084378211,COUNTERFACTUAL_NON_PIT,False
home_win,0,a2b17a2095cba6b3f696,2025-02-17 20:00:00+00:00,FULL,0.7061363491419582,0.6106870229007634,1.53,1,NON_PIT,1.0,0.5877273017160836,COUNTERFACTUAL_NON_PIT,False
home_win,0,3cfdf5f27ea04b313c89,2025-02-18 19:45:00+00:00,FULL,0.38472276130195765,0.38039502560351124,2.45,0,NON_PIT,1.0,0.7694455226039153,COUNTERFACTUAL_NON_PIT,False
home_win,0,9cca4287bd1142cea4fd,2025-02-18 19:45:00+00:00,FULL,0.7263312400021911,0.6622550319146767,1.4,1,NON_PIT,1.0,0.5473375199956179,COUNTERFACTUAL_NON_PIT,False
home_win,0,a9466d691db3bdd69c71,2025-02-18 19:45:00+00:00,FULL,0.20595804443286334,0.24821002386634847,3.75,0,NON_PIT,1.0,0.4119160888657267,COUNTERFACTUAL_NON_PIT,False
home_win,0,ac303e1f903fa42fb93e,2025-02-18 19:45:00+00:00,FULL,0.34727466356285974,0.2920934043424826,3.2,0,NON_PIT,1.0,0.6945493271257195,COUNTERFACTUAL_NON_PIT,False
home_win,0,bf4c78e7e646d45c5288,2025-02-18 19:45:00+00:00,FULL,0.435472340189572,0.3905325443786983,2.4,0,NON_PIT,1.0,0.870944680379144,COUNTERFACTUAL_NON_PIT,False
home_win,0,d6a935b67f1f0af3fbc1,2025-02-18 19:45:00+00:00,FULL,0.5564778625167228,0.4885742581520743,1.91,0,NON_PIT,1.0,0.8870442749665544,COUNTERFACTUAL_NON_PIT,False
home_win,0,d75530628cd9de002697,2025-02-18 19:45:00+00:00,FULL,0.3172246222514734,0.358695652173913,2.6,0,NON_PIT,1.0,0.6344492445029468,COUNTERFACTUAL_NON_PIT,False
home_win,0,dfd731bedfe6a3d721e2,2025-02-18 19:45:00+00:00,FULL,0.5248010198487084,0.5173858399664851,1.8,0,NON_PIT,1.0,0.9503979603025832,COUNTERFACTUAL_NON_PIT,False
over_2_5,0,29d25f95fec2d96fc585,2024-12-21 15:00:00+00:00,MARKET_ONLY,0.4870466321243523,0.4870466321243523,1.98,0,NON_PIT,1.0,0.9740932642487046,COUNTERFACTUAL_NON_PIT,False
over_2_5,0,2aaf3d634aab015519b4,2024-12-21 15:00:00+00:00,MARKET_ONLY,0.5,0.5,1.93,1,NON_PIT,1.0,1.0,COUNTERFACTUAL_NON_PIT,False
over_2_5,0,3abe3f50e1bd8de3c623,2024-12-21 15:00:00+00:00,MARKET_ONLY,0.4870466321243523,0.4870466321243523,1.98,1,NON_PIT,1.0,0.9740932642487046,COUNTERFACTUAL_NON_PIT,False
over_2_5,0,45a14f4d6ff492773cd7,2024-12-21 15:00:00+00:00,MARKET_ONLY,0.39746835443037976,0.39746835443037976,2.38,0,NON_PIT,1.0,0.7949367088607595,COUNTERFACTUAL_NON_PIT,False
over_2_5,0,45c0796dbab55cb76430,2024-12-21 15:00:00+00:00,MARKET_ONLY,0.5,0.5,1.93,1,NON_PIT,1.0,1.0,COUNTERFACTUAL_NON_PIT,False
over_2_5,0,4e64ad78c227d6f24b38,2024-12-21 15:00:00+00:00,MARKET_ONLY,0.6368038740920097,0.6368038740920097,1.5,0,NON_PIT,1.0,0.7263922518159807,COUNTERFACTUAL_NON_PIT,False
over_2_5,0,5018f0ff7f6311f917a1,2024-12-21 15:00:00+00:00,MARKET_ONLY,0.6203473945409429,0.6203473945409429,1.53,1,NON_PIT,1.0,0.7593052109181142,COUNTERFACTUAL_NON_PIT,False
over_2_5,0,56419065b89c707a641d,2024-12-21 15:00:00+00:00,MARKET_ONLY,0.5526315789473685,0.5526315789473685,1.7,1,NON_PIT,1.0,0.894736842105263,COUNTERFACTUAL_NON_PIT,False
over_2_5,0,56d9121f353c92614127,2024-12-21 15:00:00+00:00,MARKET_ONLY,0.4675324675324676,0.4675324675324676,2.05,0,NON_PIT,1.0,0.9350649350649352,COUNTERFACTUAL_NON_PIT,False
over_2_5,0,76e0438dc5dd6c6bad10,2024-12-21 15:00:00+00:00,MARKET_ONLY,0.46052631578947373,0.46052631578947373,2.05,0,NON_PIT,1.0,0.9210526315789475,COUNTERFACTUAL_NON_PIT,False
over_2_5,0,8b917e3dc5e5cafe5539,2024-12-21 15:00:00+00:00,MARKET_ONLY,0.586734693877551,0.586734693877551,1.62,1,NON_PIT,1.0,0.8265306122448981,COUNTERFACTUAL_NON_PIT,False
over_2_5,0,a65d523247f1c8538fb0,2024-12-21 15:00:00+00:00,MARKET_ONLY,0.49350649350649356,0.49350649350649356,1.95,0,NON_PIT,1.0,0.9870129870129871,COUNTERFACTUAL_NON_PIT,False
over_2_5,0,ba4ec0a6a75d479fdd49,2024-12-21 15:00:00+00:00,MARKET_ONLY,0.4805194805194806,0.4805194805194806,2.0,0,NON_PIT,1.0,0.9610389610389612,COUNTERFACTUAL_NON_PIT,False
over_2_5,0,cd085d7d4c51895085ce,2024-12-21 15:00:00+00:00,MARKET_ONLY,0.4516971279373368,0.4516971279373368,2.1,0,NON_PIT,1.0,0.9033942558746736,COUNTERFACTUAL_NON_PIT,False
over_2_5,0,df58317230b689854d9a,2024-12-21 15:00:00+00:00,MARKET_ONLY,0.3796526054590571,0.3796526054590571,2.5,1,NON_PIT,1.0,0.7593052109181142,COUNTERFACTUAL_NON_PIT,False
over_2_5,0,e1437b8858b1f3ffa907,2024-12-21 15:00:00+00:00,MARKET_ONLY,0.5483028720626633,0.5483028720626633,1.73,0,NON_PIT,1.0,0.9033942558746735,COUNTERFACTUAL_NON_PIT,False
over_2_5,0,e90a3dbb5cfed95ea1bf,2024-12-21 15:00:00+00:00,MARKET_ONLY,0.5,0.5,1.93,1,NON_PIT,1.0,1.0,COUNTERFACTUAL_NON_PIT,False
over_2_5,0,f974d5599df93a3b56d4,2024-12-21 15:00:00+00:00,MARKET_ONLY,0.4285714285714286,0.4285714285714286,2.2,0,NON_PIT,1.0,0.8571428571428572,COUNTERFACTUAL_NON_PIT,False
over_2_5,0,ff35410a3ffd60d6f7c4,2024-12-21 15:00:00+00:00,MARKET_ONLY,0.6025316455696202,0.6025316455696202,1.57,1,NON_PIT,1.0,0.7949367088607595,COUNTERFACTUAL_NON_PIT,False
over_2_5,0,b397ce3078d80d777647,2024-12-21 17:30:00+00:00,MARKET_ONLY,0.5205128205128204,0.5205128205128204,1.87,1,NON_PIT,1.0,0.9589743589743591,COUNTERFACTUAL_NON_PIT,False
over_2_5,0,3caba1b9376c76ba923d,2024-12-22 14:00:00+00:00,MARKET_ONLY,0.6025316455696202,0.6025316455696202,1.57,1,NON_PIT,1.0,0.7949367088607595,COUNTERFACTUAL_NON_PIT,False
over_2_5,0,b3266b8da0b85fb9367a,2024-12-22 14:00:00+00:00,MARKET_ONLY,0.5684754521963824,0.5684754521963824,1.67,1,NON_PIT,1.0,0.8630490956072352,COUNTERFACTUAL_NON_PIT,False
over_2_5,0,c948fa136a4a5210a5e5,2024-12-22 14:00:00+00:00,MARKET_ONLY,0.6025316455696202,0.6025316455696202,1.57,0,NON_PIT,1.0,0.7949367088607595,COUNTERFACTUAL_NON_PIT,False
over_2_5,0,e2e3ca334383701751d8,2024-12-22 14:00:00+00:00,MARKET_ONLY,0.5684754521963824,0.5684754521963824,1.67,0,NON_PIT,1.0,0.8630490956072352,COUNTERFACTUAL_NON_PIT,False
over_2_5,0,96b7fda81792657d9b2b,2024-12-22 15:00:00+00:00,MARKET_ONLY,0.4516971279373368,0.4516971279373368,2.1,0,NON_PIT,1.0,0.9033942558746736,COUNTERFACTUAL_NON_PIT,False
over_2_5,0,4802d4c58253e396632b,2024-12-22 16:30:00+00:00,MARKET_ONLY,0.7291666666666667,0.7291666666666667,1.3,1,NON_PIT,1.0,0.5416666666666665,COUNTERFACTUAL_NON_PIT,False
over_2_5,0,1aa9e563e44954c32617,2024-12-23 20:00:00+00:00,MARKET_ONLY,0.5813953488372093,0.5813953488372093,1.62,0,NON_PIT,1.0,0.8372093023255813,COUNTERFACTUAL_NON_PIT,False
over_2_5,0,3bd76e3db01bf4dd4d62,2024-12-26 12:30:00+00:00,MARKET_ONLY,0.6203473945409429,0.6203473945409429,1.53,0,NON_PIT,1.0,0.7593052109181142,COUNTERFACTUAL_NON_PIT,False
over_2_5,0,22ce4512ae0f893d8036,2024-12-26 13:00:00+00:00,MARKET_ONLY,0.5,0.5,1.93,1,NON_PIT,1.0,1.0,COUNTERFACTUAL_NON_PIT,False
over_2_5,0,0abf43c678c6bb966c5f,2024-12-26 15:00:00+00:00,MARKET_ONLY,0.5483028720626633,0.5483028720626633,1.73,0,NON_PIT,1.0,0.9033942558746735,COUNTERFACTUAL_NON_PIT,False
over_2_5,0,0e1964de55499721c16c,2024-12-26 15:00:00+00:00,MARKET_ONLY,0.5194805194805195,0.5194805194805195,1.85,1,NON_PIT,1.0,0.9610389610389609,COUNTERFACTUAL_NON_PIT,False
over_2_5,0,18faf5854e69fcb07373,2024-12-26 15:00:00+00:00,MARKET_ONLY,0.586734693877551,0.586734693877551,1.62,1,NON_PIT,1.0,0.8265306122448981,COUNTERFACTUAL_NON_PIT,False
over_2_5,0,2ee5e564fcc8068970ab,2024-12-26 15:00:00+00:00,MARKET_ONLY,0.5129533678756476,0.5129533678756476,1.88,1,NON_PIT,1.0,0.9740932642487048,COUNTERFACTUAL_NON_PIT,False
over_2_5,0,31332262859bce8ad338,2024-12-26 15:00:00+00:00,MARKET_ONLY,0.6563245823389022,0.6563245823389022,1.44,1,NON_PIT,1.0,0.6873508353221955,COUNTERFACTUAL_NON_PIT,False
over_2_5,0,36f04d03b9eb3a941272,2024-12-26 15:00:00+00:00,MARKET_ONLY,0.4516971279373368,0.4516971279373368,2.1,0,NON_PIT,1.0,0.9033942558746736,COUNTERFACTUAL_NON_PIT,False
over_2_5,0,3934a1b2250b0a7dfd44,2024-12-26 15:00:00+00:00,MARKET_ONLY,0.4285714285714286,0.4285714285714286,2.2,0,NON_PIT,1.0,0.8571428571428572,COUNTERFACTUAL_NON_PIT,False
over_2_5,0,44e422d3ec241fff23f6,2024-12-26 15:00:00+00:00,MARKET_ONLY,0.5526315789473685,0.5526315789473685,1.7,1,NON_PIT,1.0,0.894736842105263,COUNTERFACTUAL_NON_PIT,False
over_2_5,0,46b77b6bd90160a62b58,2024-12-26 15:00:00+00:00,MARKET_ONLY,0.4516971279373368,0.4516971279373368,2.1,1,NON_PIT,1.0,0.9033942558746736,COUNTERFACTUAL_NON_PIT,False
over_2_5,0,4b219552d54420a8dce3,2024-12-26 15:00:00+00:00,MARKET_ONLY,0.5684754521963824,0.5684754521963824,1.67,0,NON_PIT,1.0,0.8630490956072352,COUNTERFACTUAL_NON_PIT,False
over_2_5,0,5295734838a8e940e135,2024-12-26 15:00:00+00:00,MARKET_ONLY,0.5064935064935064,0.5064935064935064,1.9,1,NON_PIT,1.0,0.9870129870129871,COUNTERFACTUAL_NON_PIT,False
over_2_5,0,5e71638381af643a8a41,2024-12-26 15:00:00+00:00,MARKET_ONLY,0.49350649350649356,0.49350649350649356,1.95,0,NON_PIT,1.0,0.9870129870129871,COUNTERFACTUAL_NON_PIT,False
over_2_5,0,5f70ba1cf7c996d883e7,2024-12-26 15:00:00+00:00,MARKET_ONLY,0.4675324675324676,0.4675324675324676,2.05,0,NON_PIT,1.0,0.9350649350649352,COUNTERFACTUAL_NON_PIT,False
over_2_5,0,6265621764c5cdab9665,2024-12-26 15:00:00+00:00,MARKET_ONLY,0.5483028720626633,0.5483028720626633,1.73,1,NON_PIT,1.0,0.9033942558746735,COUNTERFACTUAL_NON_PIT,False
over_2_5,0,6912849fe3755bcd1771,2024-12-26 15:00:00+00:00,MARKET_ONLY,0.4285714285714286,0.4285714285714286,2.2,1,NON_PIT,1.0,0.8571428571428572,COUNTERFACTUAL_NON_PIT,False
over_2_5,0,6a27f35c00d5eed2ee05,2024-12-26 15:00:00+00:00,MARKET_ONLY,0.5,0.5,1.93,0,NON_PIT,1.0,1.0,COUNTERFACTUAL_NON_PIT,False
over_2_5,0,6cfd53ff18a079207cb1,2024-12-26 15:00:00+00:00,MARKET_ONLY,0.39746835443037976,0.39746835443037976,2.38,0,NON_PIT,1.0,0.7949367088607595,COUNTERFACTUAL_NON_PIT,False
over_2_5,0,6e39a525136f1a0b1cb0,2024-12-26 15:00:00+00:00,MARKET_ONLY,0.6368038740920097,0.6368038740920097,1.5,0,NON_PIT,1.0,0.7263922518159807,COUNTERFACTUAL_NON_PIT,False
over_2_5,0,8233b804a0ba4f642b25,2024-12-26 15:00:00+00:00,MARKET_ONLY,0.46052631578947373,0.46052631578947373,2.05,0,NON_PIT,1.0,0.9210526315789475,COUNTERFACTUAL_NON_PIT,False
over_2_5,0,830091a1468f540a850b,2024-12-26 15:00:00+00:00,MARKET_ONLY,0.4285714285714286,0.4285714285714286,2.2,1,NON_PIT,1.0,0.8571428571428572,COUNTERFACTUAL_NON_PIT,False
over_2_5,0,89246ca21a8f93f4dc07,2024-12-26 15:00:00+00:00,MARKET_ONLY,0.43717277486910994,0.43717277486910994,2.15,0,NON_PIT,1.0,0.8743455497382199,COUNTERFACTUAL_NON_PIT,False
over_2_5,0,98395fbf89c18517dedd,2024-12-26 15:00:00+00:00,MARKET_ONLY,0.47409326424870474,0.47409326424870474,2.03,0,NON_PIT,1.0,0.9481865284974095,COUNTERFACTUAL_NON_PIT,False
over_2_5,0,9c6a73c4497c665a930b,2024-12-26 15:00:00+00:00,MARKET_ONLY,0.5628272251308901,0.5628272251308901,1.67,1,NON_PIT,1.0,0.8743455497382198,COUNTERFACTUAL_NON_PIT,False
over_2_5,0,9ded14064b7fd29d6cce,2024-12-26 15:00:00+00:00,MARKET_ONLY,0.5628272251308901,0.5628272251308901,1.67,0,NON_PIT,1.0,0.8743455497382198,COUNTERFACTUAL_NON_PIT,False
over_2_5,0,a0aa4415cfdfdbb2cae8,2024-12-26 15:00:00+00:00,MARKET_ONLY,0.47409326424870474,0.47409326424870474,2.03,1,NON_PIT,1.0,0.9481865284974095,COUNTERFACTUAL_NON_PIT,False
over_2_5,0,ab7b8efaa7227aed8a00,2024-12-26 15:00:00+00:00,MARKET_ONLY,0.5129533678756476,0.5129533678756476,1.88,0,NON_PIT,1.0,0.9740932642487048,COUNTERFACTUAL_NON_PIT,False
over_2_5,0,c07f342f63e84989808e,2024-12-26 15:00:00+00:00,MARKET_ONLY,0.43152454780361754,0.43152454780361754,2.2,1,NON_PIT,1.0,0.8630490956072351,COUNTERFACTUAL_NON_PIT,False
over_2_5,0,c0a88b5ad6fcb105aa00,2024-12-26 15:00:00+00:00,MARKET_ONLY,0.46052631578947373,0.46052631578947373,2.05,1,NON_PIT,1.0,0.9210526315789475,COUNTERFACTUAL_NON_PIT,False
over_2_5,0,c30bd39d13ef65b10e16,2024-12-26 15:00:00+00:00,MARKET_ONLY,0.4473684210526316,0.4473684210526316,2.1,1,NON_PIT,1.0,0.8947368421052632,COUNTERFACTUAL_NON_PIT,False
over_2_5,0,c85bc42fb1027ff2d168,2024-12-26 15:00:00+00:00,MARKET_ONLY,0.4285714285714286,0.4285714285714286,2.2,1,NON_PIT,1.0,0.8571428571428572,COUNTERFACTUAL_NON_PIT,False
over_2_5,0,cf14d16f796330f1d5fd,2024-12-26 15:00:00+00:00,MARKET_ONLY,0.6106870229007634,0.6106870229007634,1.53,0,NON_PIT,1.0,0.7786259541984732,COUNTERFACTUAL_NON_PIT,False
over_2_5,0,d272ad2f567169850277,2024-12-26 15:00:00+00:00,MARKET_ONLY,0.5263157894736842,0.5263157894736842,1.8,0,NON_PIT,1.0,0.9473684210526316,COUNTERFACTUAL_NON_PIT,False
over_2_5,0,dad313a8f57c50ce9d21,2024-12-26 15:00:00+00:00,MARKET_ONLY,0.43152454780361754,0.43152454780361754,2.2,1,NON_PIT,1.0,0.8630490956072351,COUNTERFACTUAL_NON_PIT,False
over_2_5,0,dad55e83b5eafa0fa678,2024-12-26 15:00:00+00:00,MARKET_ONLY,0.6368038740920097,0.6368038740920097,1.5,1,NON_PIT,1.0,0.7263922518159807,COUNTERFACTUAL_NON_PIT,False
over_2_5,0,e7b80246145f44442b61,2024-12-26 15:00:00+00:00,MARKET_ONLY,0.5628272251308901,0.5628272251308901,1.67,1,NON_PIT,1.0,0.8743455497382198,COUNTERFACTUAL_NON_PIT,False
over_2_5,0,f16ecb7127d52456df4b,2024-12-26 15:00:00+00:00,MARKET_ONLY,0.5994897959183673,0.5994897959183673,1.57,1,NON_PIT,1.0,0.8010204081632655,COUNTERFACTUAL_NON_PIT,False
over_2_5,0,fcdfa192572b517593f1,2024-12-26 15:00:00+00:00,MARKET_ONLY,0.4516971279373368,0.4516971279373368,2.1,1,NON_PIT,1.0,0.9033942558746736,COUNTERFACTUAL_NON_PIT,False
over_2_5,0,03cbd55057ee10bc3bb4,2024-12-26 17:30:00+00:00,MARKET_ONLY,0.39746835443037976,0.39746835443037976,2.38,1,NON_PIT,1.0,0.7949367088607595,COUNTERFACTUAL_NON_PIT,False
over_2_5,0,4c87b79a1bbd3cb7a0d3,2024-12-26 17:30:00+00:00,MARKET_ONLY,0.5684754521963824,0.5684754521963824,1.67,0,NON_PIT,1.0,0.8630490956072352,COUNTERFACTUAL_NON_PIT,False
over_2_5,0,2613da9d862b9dbf0bad,2024-12-26 20:00:00+00:00,MARKET_ONLY,0.7894736842105263,0.7894736842105263,1.2,1,NON_PIT,1.0,0.42105263157894735,COUNTERFACTUAL_NON_PIT,False
over_2_5,0,f2d7a8a64c539fd58467,2024-12-26 20:00:00+00:00,MARKET_ONLY,0.5064935064935064,0.5064935064935064,1.9,0,NON_PIT,1.0,0.9870129870129871,COUNTERFACTUAL_NON_PIT,False
over_2_5,0,b3b761d9c751fb93bca0,2024-12-27 19:30:00+00:00,MARKET_ONLY,0.6563245823389022,0.6563245823389022,1.44,0,NON_PIT,1.0,0.6873508353221955,COUNTERFACTUAL_NON_PIT,False
over_2_5,0,2d9ca4759d5a3439da3d,2024-12-27 20:15:00+00:00,MARKET_ONLY,0.6818181818181818,0.6818181818181818,1.4,0,NON_PIT,1.0,0.6363636363636365,COUNTERFACTUAL_NON_PIT,False
over_2_5,0,15578ea0ef051c7ee445,2024-12-29 12:30:00+00:00,MARKET_ONLY,0.413265306122449,0.413265306122449,2.3,1,NON_PIT,1.0,0.826530612244898,COUNTERFACTUAL_NON_PIT,False
over_2_5,0,27a4d53d708aaa21513a,2024-12-29 12:30:00+00:00,MARKET_ONLY,0.47409326424870474,0.47409326424870474,2.03,1,NON_PIT,1.0,0.9481865284974095,COUNTERFACTUAL_NON_PIT,False
over_2_5,0,2b3bc44e364d8671002a,2024-12-29 12:30:00+00:00,MARKET_ONLY,0.5459317585301837,0.5459317585301837,1.73,0,NON_PIT,1.0,0.9081364829396326,COUNTERFACTUAL_NON_PIT,False
over_2_5,0,323cf8fa2eb8e0493eed,2024-12-29 12:30:00+00:00,MARKET_ONLY,0.5129533678756476,0.5129533678756476,1.88,0,NON_PIT,1.0,0.9740932642487048,COUNTERFACTUAL_NON_PIT,False
over_2_5,0,380e84b44eef374bf2c2,2024-12-29 12:30:00+00:00,MARKET_ONLY,0.46052631578947373,0.46052631578947373,2.05,1,NON_PIT,1.0,0.9210526315789475,COUNTERFACTUAL_NON_PIT,False
over_2_5,0,524c2476bb0784ca469c,2024-12-29 12:30:00+00:00,MARKET_ONLY,0.43152454780361754,0.43152454780361754,2.2,0,NON_PIT,1.0,0.8630490956072351,COUNTERFACTUAL_NON_PIT,False
over_2_5,0,b263fe49817601d4821d,2024-12-29 12:30:00+00:00,MARKET_ONLY,0.46052631578947373,0.46052631578947373,2.05,0,NON_PIT,1.0,0.9210526315789475,COUNTERFACTUAL_NON_PIT,False
over_2_5,0,42f5461c66056eae7b04,2024-12-29 14:30:00+00:00,MARKET_ONLY,0.7017543859649122,0.7017543859649122,1.36,0,NON_PIT,1.0,0.5964912280701755,COUNTERFACTUAL_NON_PIT,False
over_2_5,0,01665baaa875a24c3ec3,2024-12-29 15:00:00+00:00,MARKET_ONLY,0.49350649350649356,0.49350649350649356,1.95,1,NON_PIT,1.0,0.9870129870129871,COUNTERFACTUAL_NON_PIT,False
over_2_5,0,0777e9d9c7b8c737873b,2024-12-29 15:00:00+00:00,MARKET_ONLY,0.5628272251308901,0.5628272251308901,1.67,1,NON_PIT,1.0,0.8743455497382198,COUNTERFACTUAL_NON_PIT,False
over_2_5,0,09cf18a01f16b10c6387,2024-12-29 15:00:00+00:00,MARKET_ONLY,0.47409326424870474,0.47409326424870474,2.03,0,NON_PIT,1.0,0.9481865284974095,COUNTERFACTUAL_NON_PIT,False
over_2_5,0,1302df00c7515f530067,2024-12-29 15:00:00+00:00,MARKET_ONLY,0.5526315789473685,0.5526315789473685,1.7,0,NON_PIT,1.0,0.894736842105263,COUNTERFACTUAL_NON_PIT,False
over_2_5,0,2910afefc8700dfaff7f,2024-12-29 15:00:00+00:00,MARKET_ONLY,0.7188160676532769,0.7188160676532769,1.33,1,NON_PIT,1.0,0.5623678646934462,COUNTERFACTUAL_NON_PIT,False
over_2_5,0,2a8e71ed17864785cecc,2024-12-29 15:00:00+00:00,MARKET_ONLY,0.5129533678756476,0.5129533678756476,1.88,0,NON_PIT,1.0,0.9740932642487048,COUNTERFACTUAL_NON_PIT,False
over_2_5,0,3658ce6285308438a3f5,2024-12-29 15:00:00+00:00,MARKET_ONLY,0.5,0.5,1.93,1,NON_PIT,1.0,1.0,COUNTERFACTUAL_NON_PIT,False
over_2_5,0,3f6780ae0f02ac4be853,2024-12-29 15:00:00+00:00,MARKET_ONLY,0.4473684210526316,0.4473684210526316,2.1,1,NON_PIT,1.0,0.8947368421052632,COUNTERFACTUAL_NON_PIT,False
over_2_5,0,52569e1786b4f9bc6755,2024-12-29 15:00:00+00:00,MARKET_ONLY,0.4675324675324676,0.4675324675324676,2.05,1,NON_PIT,1.0,0.9350649350649352,COUNTERFACTUAL_NON_PIT,False
over_2_5,0,5b466ce002e1940d76bd,2024-12-29 15:00:00+00:00,MARKET_ONLY,0.5994897959183673,0.5994897959183673,1.57,0,NON_PIT,1.0,0.8010204081632655,COUNTERFACTUAL_NON_PIT,False
over_2_5,0,5d6079ac7db416ebd0a9,2024-12-29 15:00:00+00:00,MARKET_ONLY,0.4870466321243523,0.4870466321243523,1.98,0,NON_PIT,1.0,0.9740932642487046,COUNTERFACTUAL_NON_PIT,False
over_2_5,0,62acec9081bd573baeb8,2024-12-29 15:00:00+00:00,MARKET_ONLY,0.43152454780361754,0.43152454780361754,2.2,0,NON_PIT,1.0,0.8630490956072351,COUNTERFACTUAL_NON_PIT,False
over_2_5,0,62bedc8ce22a67957dfd,2024-12-29 15:00:00+00:00,MARKET_ONLY,0.5194805194805195,0.5194805194805195,1.85,0,NON_PIT,1.0,0.9610389610389609,COUNTERFACTUAL_NON_PIT,False
over_2_5,0,789aa247abf9c5f3d5df,2024-12-29 15:00:00+00:00,MARKET_ONLY,0.47409326424870474,0.47409326424870474,2.03,1,NON_PIT,1.0,0.9481865284974095,COUNTERFACTUAL_NON_PIT,False
over_2_5,0,85a9a21abd4ed145bd47,2024-12-29 15:00:00+00:00,MARKET_ONLY,0.4540682414698162,0.4540682414698162,2.08,0,NON_PIT,1.0,0.9081364829396325,COUNTERFACTUAL_NON_PIT,False
over_2_5,0,8883e89405295c5ff18a,2024-12-29 15:00:00+00:00,MARKET_ONLY,0.4285714285714286,0.4285714285714286,2.2,0,NON_PIT,1.0,0.8571428571428572,COUNTERFACTUAL_NON_PIT,False
over_2_5,0,9bf834b446b26f456055,2024-12-29 15:00:00+00:00,MARKET_ONLY,0.5129533678756476,0.5129533678756476,1.88,1,NON_PIT,1.0,0.9740932642487048,COUNTERFACTUAL_NON_PIT,False
over_2_5,0,a9b1a80053890c03c67d,2024-12-29 15:00:00+00:00,MARKET_ONLY,0.5194805194805195,0.5194805194805195,1.85,1,NON_PIT,1.0,0.9610389610389609,COUNTERFACTUAL_NON_PIT,False
over_2_5,0,b44d9fb20283870d111d,2024-12-29 15:00:00+00:00,MARKET_ONLY,0.5,0.5,1.93,0,NON_PIT,1.0,1.0,COUNTERFACTUAL_NON_PIT,False
over_2_5,0,c9511ef558f43249ae17,2024-12-29 15:00:00+00:00,MARKET_ONLY,0.5526315789473685,0.5526315789473685,1.7,0,NON_PIT,1.0,0.894736842105263,COUNTERFACTUAL_NON_PIT,False
over_2_5,0,cbe5feee0587491ed645,2024-12-29 15:00:00+00:00,MARKET_ONLY,0.5684754521963824,0.5684754521963824,1.67,1,NON_PIT,1.0,0.8630490956072352,COUNTERFACTUAL_NON_PIT,False
over_2_5,0,d09038116b247c3426d0,2024-12-29 15:00:00+00:00,MARKET_ONLY,0.6106870229007634,0.6106870229007634,1.53,1,NON_PIT,1.0,0.7786259541984732,COUNTERFACTUAL_NON_PIT,False
over_2_5,0,d46fdb6a7e18826de644,2024-12-29 15:00:00+00:00,MARKET_ONLY,0.5129533678756476,0.5129533678756476,1.88,1,NON_PIT,1.0,0.9740932642487048,COUNTERFACTUAL_NON_PIT,False
over_2_5,0,d4fe980e7171c5f72513,2024-12-29 15:00:00+00:00,MARKET_ONLY,0.43152454780361754,0.43152454780361754,2.2,0,NON_PIT,1.0,0.8630490956072351,COUNTERFACTUAL_NON_PIT,False
over_2_5,0,d5fe350cc19bad2bf5c1,2024-12-29 15:00:00+00:00,MARKET_ONLY,0.4285714285714286,0.4285714285714286,2.2,1,NON_PIT,1.0,0.8571428571428572,COUNTERFACTUAL_NON_PIT,False
over_2_5,0,ddfb419bf4b365acf2e8,2024-12-29 15:00:00+00:00,MARKET_ONLY,0.4516971279373368,0.4516971279373368,2.1,0,NON_PIT,1.0,0.9033942558746736,COUNTERFACTUAL_NON_PIT,False
over_2_5,0,e245be2836fcef45b3fa,2024-12-29 15:00:00+00:00,MARKET_ONLY,0.46052631578947373,0.46052631578947373,2.05,1,NON_PIT,1.0,0.9210526315789475,COUNTERFACTUAL_NON_PIT,False
over_2_5,0,e62f7892da26369077f5,2024-12-29 15:00:00+00:00,MARKET_ONLY,0.4805194805194806,0.4805194805194806,2.0,0,NON_PIT,1.0,0.9610389610389612,COUNTERFACTUAL_NON_PIT,False
over_2_5,0,e97d6c9e3f0c4391f5e7,2024-12-29 15:00:00+00:00,MARKET_ONLY,0.4540682414698162,0.4540682414698162,2.08,0,NON_PIT,1.0,0.9081364829396325,COUNTERFACTUAL_NON_PIT,False
over_2_5,0,eaaa9c5c3a6576b9a9ad,2024-12-29 15:00:00+00:00,MARKET_ONLY,0.5483028720626633,0.5483028720626633,1.73,1,NON_PIT,1.0,0.9033942558746735,COUNTERFACTUAL_NON_PIT,False
over_2_5,0,3b4c0a6df49b429a6057,2024-12-29 17:15:00+00:00,MARKET_ONLY,0.6818181818181818,0.6818181818181818,1.4,1,NON_PIT,1.0,0.6363636363636365,COUNTERFACTUAL_NON_PIT,False
over_2_5,0,2e2e92dda175ca4c08c0,2024-12-29 17:45:00+00:00,MARKET_ONLY,0.4516971279373368,0.4516971279373368,2.1,0,NON_PIT,1.0,0.9033942558746736,COUNTERFACTUAL_NON_PIT,False
over_2_5,0,3f92964234897d6d7753,2024-12-29 20:00:00+00:00,MARKET_ONLY,0.4516971279373368,0.4516971279373368,2.1,0,NON_PIT,1.0,0.9033942558746736,COUNTERFACTUAL_NON_PIT,False
over_2_5,0,1a5f263987488196294f,2024-12-30 19:45:00+00:00,MARKET_ONLY,0.6025316455696202,0.6025316455696202,1.57,1,NON_PIT,1.0,0.7949367088607595,COUNTERFACTUAL_NON_PIT,False
over_2_5,0,e73c16437a798054e7a6,2024-12-30 19:45:00+00:00,MARKET_ONLY,0.6563245823389022,0.6563245823389022,1.44,0,NON_PIT,1.0,0.6873508353221955,COUNTERFACTUAL_NON_PIT,False
over_2_5,0,316324b4684d2a1a5008,2024-12-30 20:00:00+00:00,MARKET_ONLY,0.586734693877551,0.586734693877551,1.62,0,NON_PIT,1.0,0.8265306122448981,COUNTERFACTUAL_NON_PIT,False
over_2_5,0,cb6804cb21efb9eadf43,2024-12-30 20:00:00+00:00,MARKET_ONLY,0.41025641025641024,0.41025641025641024,2.3,0,NON_PIT,1.0,0.8205128205128205,COUNTERFACTUAL_NON_PIT,False
over_2_5,0,a6e9018fe75429fb14e1,2025-01-01 12:30:00+00:00,MARKET_ONLY,0.5263157894736842,0.5263157894736842,1.8,1,NON_PIT,1.0,0.9473684210526316,COUNTERFACTUAL_NON_PIT,False
over_2_5,0,f9dcb93b3a4cd585ea73,2025-01-01 12:30:00+00:00,MARKET_ONLY,0.47368421052631576,0.47368421052631576,2.0,1,NON_PIT,1.0,0.9473684210526315,COUNTERFACTUAL_NON_PIT,False
over_2_5,0,6142b0f5f93e4fde1658,2025-01-01 13:00:00+00:00,MARKET_ONLY,0.413265306122449,0.413265306122449,2.3,0,NON_PIT,1.0,0.826530612244898,COUNTERFACTUAL_NON_PIT,False
over_2_5,0,0c3861ce261e2ef8a256,2025-01-01 15:00:00+00:00,MARKET_ONLY,0.5129533678756476,0.5129533678756476,1.88,0,NON_PIT,1.0,0.9740932642487048,COUNTERFACTUAL_NON_PIT,False
over_2_5,0,16e58902c10d12587c81,2025-01-01 15:00:00+00:00,MARKET_ONLY,0.43717277486910994,0.43717277486910994,2.15,1,NON_PIT,1.0,0.8743455497382199,COUNTERFACTUAL_NON_PIT,False
over_2_5,0,183314cadeca4a01a15d,2025-01-01 15:00:00+00:00,MARKET_ONLY,0.4005102040816326,0.4005102040816326,2.35,0,NON_PIT,1.0,0.8010204081632653,COUNTERFACTUAL_NON_PIT,False
over_2_5,0,36892b4f27cb241e63da,2025-01-01 15:00:00+00:00,MARKET_ONLY,0.4805194805194806,0.4805194805194806,2.0,0,NON_PIT,1.0,0.9610389610389612,COUNTERFACTUAL_NON_PIT,False
over_2_5,0,3a271a1529b909c2a192,2025-01-01 15:00:00+00:00,MARKET_ONLY,0.5064935064935064,0.5064935064935064,1.9,0,NON_PIT,1.0,0.9870129870129871,COUNTERFACTUAL_NON_PIT,False
over_2_5,0,4575cbe837f41753942b,2025-01-01 15:00:00+00:00,MARKET_ONLY,0.5459317585301837,0.5459317585301837,1.73,1,NON_PIT,1.0,0.9081364829396326,COUNTERFACTUAL_NON_PIT,False
over_2_5,0,4d819cce4820a1f442d6,2025-01-01 15:00:00+00:00,MARKET_ONLY,0.4516971279373368,0.4516971279373368,2.1,1,NON_PIT,1.0,0.9033942558746736,COUNTERFACTUAL_NON_PIT,False
over_2_5,0,534bd5f1e90da4df4391,2025-01-01 15:00:00+00:00,MARKET_ONLY,0.5064935064935064,0.5064935064935064,1.9,1,NON_PIT,1.0,0.9870129870129871,COUNTERFACTUAL_NON_PIT,False
over_2_5,0,55da9edc3b3dd7d1748e,2025-01-01 15:00:00+00:00,MARKET_ONLY,0.4473684210526316,0.4473684210526316,2.1,0,NON_PIT,1.0,0.8947368421052632,COUNTERFACTUAL_NON_PIT,False
over_2_5,0,59c356212b285742017a,2025-01-01 15:00:00+00:00,MARKET_ONLY,0.5714285714285715,0.5714285714285715,1.65,1,NON_PIT,1.0,0.857142857142857,COUNTERFACTUAL_NON_PIT,False
over_2_5,0,5d7eed39588062d8bd08,2025-01-01 15:00:00+00:00,MARKET_ONLY,0.5263157894736842,0.5263157894736842,1.8,1,NON_PIT,1.0,0.9473684210526316,COUNTERFACTUAL_NON_PIT,False
over_2_5,0,5eb20b59e5b54deaf106,2025-01-01 15:00:00+00:00,MARKET_ONLY,0.5459317585301837,0.5459317585301837,1.73,1,NON_PIT,1.0,0.9081364829396326,COUNTERFACTUAL_NON_PIT,False
over_2_5,0,5f873d9312f5365e5cee,2025-01-01 15:00:00+00:00,MARKET_ONLY,0.49350649350649356,0.49350649350649356,1.95,1,NON_PIT,1.0,0.9870129870129871,COUNTERFACTUAL_NON_PIT,False
over_2_5,0,6bafbff40a3cc5d3bba0,2025-01-01 15:00:00+00:00,MARKET_ONLY,0.49350649350649356,0.49350649350649356,1.95,1,NON_PIT,1.0,0.9870129870129871,COUNTERFACTUAL_NON_PIT,False
over_2_5,0,7246c9b32ddce3c66223,2025-01-01 15:00:00+00:00,MARKET_ONLY,0.4186046511627907,0.4186046511627907,2.25,1,NON_PIT,1.0,0.8372093023255814,COUNTERFACTUAL_NON_PIT,False
over_2_5,0,7d623e120394f11d7732,2025-01-01 15:00:00+00:00,MARKET_ONLY,0.4473684210526316,0.4473684210526316,2.1,0,NON_PIT,1.0,0.8947368421052632,COUNTERFACTUAL_NON_PIT,False
over_2_5,0,86f095a58f9f1b52a4f5,2025-01-01 15:00:00+00:00,MARKET_ONLY,0.4473684210526316,0.4473684210526316,2.1,1,NON_PIT,1.0,0.8947368421052632,COUNTERFACTUAL_NON_PIT,False
over_2_5,0,89a3bb053a8a5085c727,2025-01-01 15:00:00+00:00,MARKET_ONLY,0.47409326424870474,0.47409326424870474,2.03,1,NON_PIT,1.0,0.9481865284974095,COUNTERFACTUAL_NON_PIT,False
over_2_5,0,94745d90a68104d4815c,2025-01-01 15:00:00+00:00,MARKET_ONLY,0.43717277486910994,0.43717277486910994,2.15,0,NON_PIT,1.0,0.8743455497382199,COUNTERFACTUAL_NON_PIT,False
over_2_5,0,add2bae75aee9d2202d7,2025-01-01 15:00:00+00:00,MARKET_ONLY,0.5526315789473685,0.5526315789473685,1.7,0,NON_PIT,1.0,0.894736842105263,COUNTERFACTUAL_NON_PIT,False
over_2_5,0,b0219bde307b709a3532,2025-01-01 15:00:00+00:00,MARKET_ONLY,0.5,0.5,1.93,0,NON_PIT,1.0,1.0,COUNTERFACTUAL_NON_PIT,False
over_2_5,0,c038f6753ccdfd4d13ae,2025-01-01 15:00:00+00:00,MARKET_ONLY,0.43152454780361754,0.43152454780361754,2.2,0,NON_PIT,1.0,0.8630490956072351,COUNTERFACTUAL_NON_PIT,False
over_2_5,0,c1a63ba7989453a7e4fb,2025-01-01 15:00:00+00:00,MARKET_ONLY,0.413265306122449,0.413265306122449,2.3,1,NON_PIT,1.0,0.826530612244898,COUNTERFACTUAL_NON_PIT,False
over_2_5,0,c48fba99835e925fce5c,2025-01-01 15:00:00+00:00,MARKET_ONLY,0.5194805194805195,0.5194805194805195,1.85,1,NON_PIT,1.0,0.9610389610389609,COUNTERFACTUAL_NON_PIT,False
over_2_5,0,c610c2524298a7af1209,2025-01-01 15:00:00+00:00,MARKET_ONLY,0.4540682414698162,0.4540682414698162,2.08,0,NON_PIT,1.0,0.9081364829396325,COUNTERFACTUAL_NON_PIT,False
over_2_5,0,d9f30e087fddd9a53365,2025-01-01 15:00:00+00:00,MARKET_ONLY,0.5,0.5,1.93,1,NON_PIT,1.0,1.0,COUNTERFACTUAL_NON_PIT,False
over_2_5,0,f031ec3cb7e63561cdb6,2025-01-01 15:00:00+00:00,MARKET_ONLY,0.5259067357512953,0.5259067357512953,1.83,1,NON_PIT,1.0,0.9481865284974094,COUNTERFACTUAL_NON_PIT,False
over_2_5,0,704641ff0a4c51c0d514,2025-01-01 17:30:00+00:00,MARKET_ONLY,0.6203473945409429,0.6203473945409429,1.53,1,NON_PIT,1.0,0.7593052109181142,COUNTERFACTUAL_NON_PIT,False
over_2_5,0,c0f3ac0c7a3c569f521a,2025-01-01 17:30:00+00:00,MARKET_ONLY,0.5129533678756476,0.5129533678756476,1.88,0,NON_PIT,1.0,0.9740932642487048,COUNTERFACTUAL_NON_PIT,False
over_2_5,0,f3500334b0ff049d89ca,2025-01-01 20:00:00+00:00,MARKET_ONLY,0.43152454780361754,0.43152454780361754,2.2,1,NON_PIT,1.0,0.8630490956072351,COUNTERFACTUAL_NON_PIT,False
over_2_5,0,29b2bb20f7c9cfa02a4a,2025-01-02 19:45:00+00:00,MARKET_ONLY,0.43717277486910994,0.43717277486910994,2.15,1,NON_PIT,1.0,0.8743455497382199,COUNTERFACTUAL_NON_PIT,False
over_2_5,0,79b0d34e6d845eb823e1,2025-01-02 19:45:00+00:00,MARKET_ONLY,0.5526315789473685,0.5526315789473685,1.7,1,NON_PIT,1.0,0.894736842105263,COUNTERFACTUAL_NON_PIT,False
over_2_5,0,38635df1181e1d1b5ea0,2025-01-04 12:30:00+00:00,MARKET_ONLY,0.4516971279373368,0.4516971279373368,2.1,0,NON_PIT,1.0,0.9033942558746736,COUNTERFACTUAL_NON_PIT,False
over_2_5,0,632b89474b4a66bf8481,2025-01-04 12:30:00+00:00,MARKET_ONLY,0.7188160676532769,0.7188160676532769,1.33,1,NON_PIT,1.0,0.5623678646934462,COUNTERFACTUAL_NON_PIT,False
over_2_5,0,6e1cd0026c734c843167,2025-01-04 12:30:00+00:00,MARKET_ONLY,0.43717277486910994,0.43717277486910994,2.15,0,NON_PIT,1.0,0.8743455497382199,COUNTERFACTUAL_NON_PIT,False
over_2_5,0,9b146e2ae8183279d2b7,2025-01-04 12:30:00+00:00,MARKET_ONLY,0.4870466321243523,0.4870466321243523,1.98,0,NON_PIT,1.0,0.9740932642487046,COUNTERFACTUAL_NON_PIT,False
over_2_5,0,b51d9591993fa583d6f1,2025-01-04 12:30:00+00:00,MARKET_ONLY,0.39746835443037976,0.39746835443037976,2.38,0,NON_PIT,1.0,0.7949367088607595,COUNTERFACTUAL_NON_PIT,False
over_2_5,0,cbd0cc985dc13ef7f403,2025-01-04 12:30:00+00:00,MARKET_ONLY,0.5684754521963824,0.5684754521963824,1.67,0,NON_PIT,1.0,0.8630490956072352,COUNTERFACTUAL_NON_PIT,False
over_2_5,0,f8b905a78f3076e351fa,2025-01-04 12:30:00+00:00,MARKET_ONLY,0.5714285714285715,0.5714285714285715,1.65,0,NON_PIT,1.0,0.857142857142857,COUNTERFACTUAL_NON_PIT,False
over_2_5,0,8ce3916abae009a1013f,2025-01-04 13:00:00+00:00,MARKET_ONLY,0.4805194805194806,0.4805194805194806,2.0,1,NON_PIT,1.0,0.9610389610389612,COUNTERFACTUAL_NON_PIT,False
over_2_5,0,099473df946e5c1c4423,2025-01-04 15:00:00+00:00,MARKET_ONLY,0.5194805194805195,0.5194805194805195,1.85,1,NON_PIT,1.0,0.9610389610389609,COUNTERFACTUAL_NON_PIT,False
over_2_5,0,0d0eea47147ac76c7734,2025-01-04 15:00:00+00:00,MARKET_ONLY,0.4540682414698162,0.4540682414698162,2.08,0,NON_PIT,1.0,0.9081364829396325,COUNTERFACTUAL_NON_PIT,False
over_2_5,0,1d094883541014915dc7,2025-01-04 15:00:00+00:00,MARKET_ONLY,0.6368038740920097,0.6368038740920097,1.5,1,NON_PIT,1.0,0.7263922518159807,COUNTERFACTUAL_NON_PIT,False
over_2_5,0,38fef076bf1bdfd347d6,2025-01-04 15:00:00+00:00,MARKET_ONLY,0.5102564102564103,0.5102564102564103,1.91,0,NON_PIT,1.0,0.9794871794871793,COUNTERFACTUAL_NON_PIT,False
over_2_5,0,409ce76ac942bdf86dce,2025-01-04 15:00:00+00:00,MARKET_ONLY,0.4473684210526316,0.4473684210526316,2.1,1,NON_PIT,1.0,0.8947368421052632,COUNTERFACTUAL_NON_PIT,False
over_2_5,0,554a3fbfa0e3188166a9,2025-01-04 15:00:00+00:00,MARKET_ONLY,0.5129533678756476,0.5129533678756476,1.88,0,NON_PIT,1.0,0.9740932642487048,COUNTERFACTUAL_NON_PIT,False
over_2_5,0,5d7d353cfcbbdd8f051c,2025-01-04 15:00:00+00:00,MARKET_ONLY,0.4870466321243523,0.4870466321243523,1.98,1,NON_PIT,1.0,0.9740932642487046,COUNTERFACTUAL_NON_PIT,False
over_2_5,0,5f44d243dfd631be485f,2025-01-04 15:00:00+00:00,MARKET_ONLY,0.49350649350649356,0.49350649350649356,1.95,0,NON_PIT,1.0,0.9870129870129871,COUNTERFACTUAL_NON_PIT,False
over_2_5,0,62aad877484030e55e9c,2025-01-04 15:00:00+00:00,MARKET_ONLY,0.413265306122449,0.413265306122449,2.3,0,NON_PIT,1.0,0.826530612244898,COUNTERFACTUAL_NON_PIT,False
over_2_5,0,6a8b1ecca2042ca27de7,2025-01-04 15:00:00+00:00,MARKET_ONLY,0.5897435897435896,0.5897435897435896,1.6,1,NON_PIT,1.0,0.8205128205128207,COUNTERFACTUAL_NON_PIT,False
over_2_5,0,6f5c7fb6dc7faf20a590,2025-01-04 15:00:00+00:00,MARKET_ONLY,0.4675324675324676,0.4675324675324676,2.05,0,NON_PIT,1.0,0.9350649350649352,COUNTERFACTUAL_NON_PIT,False
over_2_5,0,795afe126d9ca4e670a9,2025-01-04 15:00:00+00:00,MARKET_ONLY,0.5194805194805195,0.5194805194805195,1.85,0,NON_PIT,1.0,0.9610389610389609,COUNTERFACTUAL_NON_PIT,False
over_2_5,0,79ab5d1dc4e8a43536cc,2025-01-04 15:00:00+00:00,MARKET_ONLY,0.3796526054590571,0.3796526054590571,2.5,1,NON_PIT,1.0,0.7593052109181142,COUNTERFACTUAL_NON_PIT,False
over_2_5,0,7ddb66e09f53febe0583,2025-01-04 15:00:00+00:00,MARKET_ONLY,0.47409326424870474,0.47409326424870474,2.03,1,NON_PIT,1.0,0.9481865284974095,COUNTERFACTUAL_NON_PIT,False
over_2_5,0,87832d10aa410db5f3e2,2025-01-04 15:00:00+00:00,MARKET_ONLY,0.43152454780361754,0.43152454780361754,2.2,0,NON_PIT,1.0,0.8630490956072351,COUNTERFACTUAL_NON_PIT,False
over_2_5,0,8797871b303b5c620a76,2025-01-04 15:00:00+00:00,MARKET_ONLY,0.5628272251308901,0.5628272251308901,1.67,0,NON_PIT,1.0,0.8743455497382198,COUNTERFACTUAL_NON_PIT,False
over_2_5,0,8e196d7484bb4ee1c799,2025-01-04 15:00:00+00:00,MARKET_ONLY,0.47409326424870474,0.47409326424870474,2.03,0,NON_PIT,1.0,0.9481865284974095,COUNTERFACTUAL_NON_PIT,False
over_2_5,0,9037a3e7290b358b99c6,2025-01-04 15:00:00+00:00,MARKET_ONLY,0.4473684210526316,0.4473684210526316,2.1,0,NON_PIT,1.0,0.8947368421052632,COUNTERFACTUAL_NON_PIT,False
over_2_5,0,94ea687fd6cca9704e50,2025-01-04 15:00:00+00:00,MARKET_ONLY,0.5483028720626633,0.5483028720626633,1.73,0,NON_PIT,1.0,0.9033942558746735,COUNTERFACTUAL_NON_PIT,False
over_2_5,0,97f7fef11af5b575858b,2025-01-04 15:00:00+00:00,MARKET_ONLY,0.5,0.5,1.93,1,NON_PIT,1.0,1.0,COUNTERFACTUAL_NON_PIT,False
over_2_5,0,ac6e69d972bee10d60fc,2025-01-04 15:00:00+00:00,MARKET_ONLY,0.4516971279373368,0.4516971279373368,2.1,1,NON_PIT,1.0,0.9033942558746736,COUNTERFACTUAL_NON_PIT,False
over_2_5,0,cc27ca6cac231758362d,2025-01-04 15:00:00+00:00,MARKET_ONLY,0.4870466321243523,0.4870466321243523,1.98,0,NON_PIT,1.0,0.9740932642487046,COUNTERFACTUAL_NON_PIT,False
over_2_5,0,cd1faffda196dc1a3e14,2025-01-04 15:00:00+00:00,MARKET_ONLY,0.6025316455696202,0.6025316455696202,1.57,0,NON_PIT,1.0,0.7949367088607595,COUNTERFACTUAL_NON_PIT,False
over_2_5,0,dcc1c6e1be926a5706f5,2025-01-04 15:00:00+00:00,MARKET_ONLY,0.5129533678756476,0.5129533678756476,1.88,1,NON_PIT,1.0,0.9740932642487048,COUNTERFACTUAL_NON_PIT,False
over_2_5,0,ee95f19b59b3150cd96e,2025-01-04 15:00:00+00:00,MARKET_ONLY,0.5684754521963824,0.5684754521963824,1.67,1,NON_PIT,1.0,0.8630490956072352,COUNTERFACTUAL_NON_PIT,False
over_2_5,0,f409aef6042e0839453f,2025-01-04 15:00:00+00:00,MARKET_ONLY,0.375,0.375,2.5,0,NON_PIT,1.0,0.75,COUNTERFACTUAL_NON_PIT,False
over_2_5,0,fd70fa5ff7d2314c4847,2025-01-04 15:00:00+00:00,MARKET_ONLY,0.7188160676532769,0.7188160676532769,1.33,1,NON_PIT,1.0,0.5623678646934462,COUNTERFACTUAL_NON_PIT,False
over_2_5,0,017bde626c3b174e3c43,2025-01-04 17:30:00+00:00,MARKET_ONLY,0.5483028720626633,0.5483028720626633,1.73,0,NON_PIT,1.0,0.9033942558746735,COUNTERFACTUAL_NON_PIT,False
over_2_5,0,eb27af0acfd4629c154c,2025-01-05 14:00:00+00:00,MARKET_ONLY,0.5483028720626633,0.5483028720626633,1.73,1,NON_PIT,1.0,0.9033942558746735,COUNTERFACTUAL_NON_PIT,False
over_2_5,0,b321a5605c58f7b29521,2025-01-05 15:00:00+00:00,MARKET_ONLY,0.4540682414698162,0.4540682414698162,2.08,1,NON_PIT,1.0,0.9081364829396325,COUNTERFACTUAL_NON_PIT,False
over_2_5,0,dbf5f5e36ec443874e70,2025-01-05 15:00:00+00:00,MARKET_ONLY,0.5263157894736842,0.5263157894736842,1.8,0,NON_PIT,1.0,0.9473684210526316,COUNTERFACTUAL_NON_PIT,False
over_2_5,0,6561136d550dbe976a8b,2025-01-05 16:30:00+00:00,MARKET_ONLY,0.6563245823389022,0.6563245823389022,1.44,1,NON_PIT,1.0,0.6873508353221955,COUNTERFACTUAL_NON_PIT,False
over_2_5,0,068e1c5c99c263fc54c0,2025-01-06 20:00:00+00:00,MARKET_ONLY,0.43152454780361754,0.43152454780361754,2.2,1,NON_PIT,1.0,0.8630490956072351,COUNTERFACTUAL_NON_PIT,False
over_2_5,0,111d389fd03ea75cab0a,2025-01-06 20:00:00+00:00,MARKET_ONLY,0.4516971279373368,0.4516971279373368,2.1,1,NON_PIT,1.0,0.9033942558746736,COUNTERFACTUAL_NON_PIT,False
over_2_5,0,3018b5f74ce12816fc8d,2025-01-07 19:45:00+00:00,MARKET_ONLY,0.4675324675324676,0.4675324675324676,2.05,0,NON_PIT,1.0,0.9350649350649352,COUNTERFACTUAL_NON_PIT,False
over_2_5,0,2aa87ffd0aa3c9f617d1,2025-01-11 12:30:00+00:00,MARKET_ONLY,0.5194805194805195,0.5194805194805195,1.85,1,NON_PIT,1.0,0.9610389610389609,COUNTERFACTUAL_NON_PIT,False
over_2_5,0,fbb1b185026aab2e2ddc,2025-01-11 12:30:00+00:00,MARKET_ONLY,0.4805194805194806,0.4805194805194806,2.0,1,NON_PIT,1.0,0.9610389610389612,COUNTERFACTUAL_NON_PIT,False
over_2_5,0,fdf4789a62b3dd121857,2025-01-11 15:00:00+00:00,MARKET_ONLY,0.46052631578947373,0.46052631578947373,2.05,0,NON_PIT,1.0,0.9210526315789475,COUNTERFACTUAL_NON_PIT,False
over_2_5,0,2dedcd3ff1312e273e0c,2025-01-14 19:30:00+00:00,MARKET_ONLY,0.6818181818181818,0.6818181818181818,1.4,1,NON_PIT,1.0,0.6363636363636365,COUNTERFACTUAL_NON_PIT,False
over_2_5,0,a23141fa8fac5452a334,2025-01-14 19:30:00+00:00,MARKET_ONLY,0.6818181818181818,0.6818181818181818,1.4,1,NON_PIT,1.0,0.6363636363636365,COUNTERFACTUAL_NON_PIT,False
over_2_5,0,e4efe03bf33bcba3f037,2025-01-14 19:30:00+00:00,MARKET_ONLY,0.523076923076923,0.523076923076923,1.86,1,NON_PIT,1.0,0.953846153846154,COUNTERFACTUAL_NON_PIT,False
over_2_5,0,14aa8d3b11863d770fc6,2025-01-14 19:45:00+00:00,MARKET_ONLY,0.47409326424870474,0.47409326424870474,2.03,0,NON_PIT,1.0,0.9481865284974095,COUNTERFACTUAL_NON_PIT,False
over_2_5,0,5760037b45afc80dbab4,2025-01-14 19:45:00+00:00,MARKET_ONLY,0.4516971279373368,0.4516971279373368,2.1,0,NON_PIT,1.0,0.9033942558746736,COUNTERFACTUAL_NON_PIT,False
over_2_5,0,e91027b02efb28f972a9,2025-01-14 20:00:00+00:00,MARKET_ONLY,0.586734693877551,0.586734693877551,1.62,0,NON_PIT,1.0,0.8265306122448981,COUNTERFACTUAL_NON_PIT,False
over_2_5,0,16b33f1e6a144da45197,2025-01-15 19:30:00+00:00,MARKET_ONLY,0.6563245823389022,0.6563245823389022,1.44,1,NON_PIT,1.0,0.6873508353221955,COUNTERFACTUAL_NON_PIT,False
over_2_5,0,25d03ca464b428d3925d,2025-01-15 19:30:00+00:00,MARKET_ONLY,0.5483028720626633,0.5483028720626633,1.73,0,NON_PIT,1.0,0.9033942558746735,COUNTERFACTUAL_NON_PIT,False
over_2_5,0,e6180b5e52a2d2d49a55,2025-01-15 19:30:00+00:00,MARKET_ONLY,0.4666666666666667,0.4666666666666667,2.08,0,NON_PIT,1.0,0.9333333333333333,COUNTERFACTUAL_NON_PIT,False
over_2_5,0,30ca867a23454708c47b,2025-01-15 19:45:00+00:00,MARKET_ONLY,0.4870466321243523,0.4870466321243523,1.98,1,NON_PIT,1.0,0.9740932642487046,COUNTERFACTUAL_NON_PIT,False
over_2_5,0,b6643f8582b0d0722a7e,2025-01-15 20:00:00+00:00,MARKET_ONLY,0.6563245823389022,0.6563245823389022,1.44,1,NON_PIT,1.0,0.6873508353221955,COUNTERFACTUAL_NON_PIT,False
over_2_5,0,51e6516c1197b0f56c23,2025-01-16 19:30:00+00:00,MARKET_ONLY,0.5483028720626633,0.5483028720626633,1.73,0,NON_PIT,1.0,0.9033942558746735,COUNTERFACTUAL_NON_PIT,False
over_2_5,0,a5914fc259b4b456fcdf,2025-01-16 20:00:00+00:00,MARKET_ONLY,0.4285714285714286,0.4285714285714286,2.2,1,NON_PIT,1.0,0.8571428571428572,COUNTERFACTUAL_NON_PIT,False
over_2_5,0,fa9b5db7963a434594b6,2025-01-16 20:00:00+00:00,MARKET_ONLY,0.6203473945409429,0.6203473945409429,1.53,1,NON_PIT,1.0,0.7593052109181142,COUNTERFACTUAL_NON_PIT,False
over_2_5,0,c7e108d0f28eb02662b2,2025-01-17 19:45:00+00:00,MARKET_ONLY,0.46052631578947373,0.46052631578947373,2.05,0,NON_PIT,1.0,0.9210526315789475,COUNTERFACTUAL_NON_PIT,False
over_2_5,0,2fe79f6e34b5be3fdcb7,2025-01-17 20:00:00+00:00,MARKET_ONLY,0.36319612590799033,0.36319612590799033,2.63,0,NON_PIT,1.0,0.7263922518159807,COUNTERFACTUAL_NON_PIT,False
over_2_5,0,494ad7abcf0a58920479,2025-01-18 12:30:00+00:00,MARKET_ONLY,0.4675324675324676,0.4675324675324676,2.05,0,NON_PIT,1.0,0.9350649350649352,COUNTERFACTUAL_NON_PIT,False
over_2_5,0,68f5fa82a9a576f9581a,2025-01-18 12:30:00+00:00,MARKET_ONLY,0.4540682414698162,0.4540682414698162,2.08,0,NON_PIT,1.0,0.9081364829396325,COUNTERFACTUAL_NON_PIT,False
over_2_5,0,7ae7cfdb7c38023fef5d,2025-01-18 12:30:00+00:00,MARKET_ONLY,0.4516971279373368,0.4516971279373368,2.1,1,NON_PIT,1.0,0.9033942558746736,COUNTERFACTUAL_NON_PIT,False
over_2_5,0,b5d55071893ae779e1e5,2025-01-18 12:30:00+00:00,MARKET_ONLY,0.3796526054590571,0.3796526054590571,2.5,0,NON_PIT,1.0,0.7593052109181142,COUNTERFACTUAL_NON_PIT,False
over_2_5,0,b7255c4b8c3f58af55ec,2025-01-18 12:30:00+00:00,MARKET_ONLY,0.6203473945409429,0.6203473945409429,1.53,1,NON_PIT,1.0,0.7593052109181142,COUNTERFACTUAL_NON_PIT,False
over_2_5,0,bd76a10c67deb44b8c83,2025-01-18 12:30:00+00:00,MARKET_ONLY,0.5526315789473685,0.5526315789473685,1.7,0,NON_PIT,1.0,0.894736842105263,COUNTERFACTUAL_NON_PIT,False
over_2_5,0,db8f85446d93dad7179e,2025-01-18 12:30:00+00:00,MARKET_ONLY,0.4870466321243523,0.4870466321243523,1.98,1,NON_PIT,1.0,0.9740932642487046,COUNTERFACTUAL_NON_PIT,False
over_2_5,0,e04e22a6abd9b593ab20,2025-01-18 12:30:00+00:00,MARKET_ONLY,0.46052631578947373,0.46052631578947373,2.05,0,NON_PIT,1.0,0.9210526315789475,COUNTERFACTUAL_NON_PIT,False
over_2_5,0,81778c4d9a77a5651988,2025-01-18 14:00:00+00:00,MARKET_ONLY,0.4285714285714286,0.4285714285714286,2.2,0,NON_PIT,1.0,0.8571428571428572,COUNTERFACTUAL_NON_PIT,False
over_2_5,0,046723025d859d126ad4,2025-01-18 15:00:00+00:00,MARKET_ONLY,0.43152454780361754,0.43152454780361754,2.2,0,NON_PIT,1.0,0.8630490956072351,COUNTERFACTUAL_NON_PIT,False
over_2_5,0,07b16207b7c0732ee25f,2025-01-18 15:00:00+00:00,MARKET_ONLY,0.4186046511627907,0.4186046511627907,2.25,1,NON_PIT,1.0,0.8372093023255814,COUNTERFACTUAL_NON_PIT,False
over_2_5,0,0bc76ba8e3a017b09947,2025-01-18 15:00:00+00:00,MARKET_ONLY,0.4516971279373368,0.4516971279373368,2.1,0,NON_PIT,1.0,0.9033942558746736,COUNTERFACTUAL_NON_PIT,False
over_2_5,0,23a011a408b9f188f322,2025-01-18 15:00:00+00:00,MARKET_ONLY,0.5263157894736842,0.5263157894736842,1.8,0,NON_PIT,1.0,0.9473684210526316,COUNTERFACTUAL_NON_PIT,False
over_2_5,0,277107683ebd9455a7b4,2025-01-18 15:00:00+00:00,MARKET_ONLY,0.5684754521963824,0.5684754521963824,1.67,1,NON_PIT,1.0,0.8630490956072352,COUNTERFACTUAL_NON_PIT,False
over_2_5,0,32b048bd54c619c4a2bc,2025-01-18 15:00:00+00:00,MARKET_ONLY,0.5259067357512953,0.5259067357512953,1.83,0,NON_PIT,1.0,0.9481865284974094,COUNTERFACTUAL_NON_PIT,False
over_2_5,0,3f694d6bad292ca182cc,2025-01-18 15:00:00+00:00,MARKET_ONLY,0.4473684210526316,0.4473684210526316,2.1,0,NON_PIT,1.0,0.8947368421052632,COUNTERFACTUAL_NON_PIT,False
over_2_5,0,45fb63850a1b000b44ba,2025-01-18 15:00:00+00:00,MARKET_ONLY,0.4473684210526316,0.4473684210526316,2.1,0,NON_PIT,1.0,0.8947368421052632,COUNTERFACTUAL_NON_PIT,False
over_2_5,0,46b97cdc3042886a872b,2025-01-18 15:00:00+00:00,MARKET_ONLY,0.4473684210526316,0.4473684210526316,2.1,0,NON_PIT,1.0,0.8947368421052632,COUNTERFACTUAL_NON_PIT,False
over_2_5,0,56275e96d046e4206a8b,2025-01-18 15:00:00+00:00,MARKET_ONLY,0.7017543859649122,0.7017543859649122,1.36,0,NON_PIT,1.0,0.5964912280701755,COUNTERFACTUAL_NON_PIT,False
over_2_5,0,64af208f480fdb3ba7c8,2025-01-18 15:00:00+00:00,MARKET_ONLY,0.5459317585301837,0.5459317585301837,1.73,1,NON_PIT,1.0,0.9081364829396326,COUNTERFACTUAL_NON_PIT,False
over_2_5,0,737047eebe4b1ce928ec,2025-01-18 15:00:00+00:00,MARKET_ONLY,0.4870466321243523,0.4870466321243523,1.98,0,NON_PIT,1.0,0.9740932642487046,COUNTERFACTUAL_NON_PIT,False
over_2_5,0,76b22cdef83768c00e62,2025-01-18 15:00:00+00:00,MARKET_ONLY,0.375,0.375,2.5,1,NON_PIT,1.0,0.75,COUNTERFACTUAL_NON_PIT,False
over_2_5,0,8076964421e187269110,2025-01-18 15:00:00+00:00,MARKET_ONLY,0.5,0.5,1.93,1,NON_PIT,1.0,1.0,COUNTERFACTUAL_NON_PIT,False
over_2_5,0,8bc1bb528a64be92853a,2025-01-18 15:00:00+00:00,MARKET_ONLY,0.5259067357512953,0.5259067357512953,1.83,1,NON_PIT,1.0,0.9481865284974094,COUNTERFACTUAL_NON_PIT,False
over_2_5,0,8bc53c048f9fc5a80784,2025-01-18 15:00:00+00:00,MARKET_ONLY,0.5459317585301837,0.5459317585301837,1.73,1,NON_PIT,1.0,0.9081364829396326,COUNTERFACTUAL_NON_PIT,False
over_2_5,0,95b7c7e8b1961dabf81d,2025-01-18 15:00:00+00:00,MARKET_ONLY,0.4805194805194806,0.4805194805194806,2.0,0,NON_PIT,1.0,0.9610389610389612,COUNTERFACTUAL_NON_PIT,False
over_2_5,0,9c8fe6d4175cc0a4487b,2025-01-18 15:00:00+00:00,MARKET_ONLY,0.5483028720626633,0.5483028720626633,1.73,0,NON_PIT,1.0,0.9033942558746735,COUNTERFACTUAL_NON_PIT,False
over_2_5,0,9f3a88abd1cd2bfe81f9,2025-01-18 15:00:00+00:00,MARKET_ONLY,0.47368421052631576,0.47368421052631576,2.0,0,NON_PIT,1.0,0.9473684210526315,COUNTERFACTUAL_NON_PIT,False
over_2_5,0,a5ec4f58f1955f9a291f,2025-01-18 15:00:00+00:00,MARKET_ONLY,0.49350649350649356,0.49350649350649356,1.95,1,NON_PIT,1.0,0.9870129870129871,COUNTERFACTUAL_NON_PIT,False
over_2_5,0,a633c699b6b1c4dc423e,2025-01-18 15:00:00+00:00,MARKET_ONLY,0.5,0.5,1.93,0,NON_PIT,1.0,1.0,COUNTERFACTUAL_NON_PIT,False
over_2_5,0,a9e0c07d98756cee51ca,2025-01-18 15:00:00+00:00,MARKET_ONLY,0.5394736842105263,0.5394736842105263,1.75,1,NON_PIT,1.0,0.9210526315789473,COUNTERFACTUAL_NON_PIT,False
over_2_5,0,aaecc72eb67e0be20c8e,2025-01-18 15:00:00+00:00,MARKET_ONLY,0.4540682414698162,0.4540682414698162,2.08,0,NON_PIT,1.0,0.9081364829396325,COUNTERFACTUAL_NON_PIT,False
over_2_5,0,d42647ba85adf540ed65,2025-01-18 15:00:00+00:00,MARKET_ONLY,0.43152454780361754,0.43152454780361754,2.2,0,NON_PIT,1.0,0.8630490956072351,COUNTERFACTUAL_NON_PIT,False
over_2_5,0,e3ef797098a991e96d06,2025-01-18 15:00:00+00:00,MARKET_ONLY,0.5394736842105263,0.5394736842105263,1.75,1,NON_PIT,1.0,0.9210526315789473,COUNTERFACTUAL_NON_PIT,False
over_2_5,0,f296944f3ab72de85d6b,2025-01-18 15:00:00+00:00,MARKET_ONLY,0.4805194805194806,0.4805194805194806,2.0,0,NON_PIT,1.0,0.9610389610389612,COUNTERFACTUAL_NON_PIT,False
over_2_5,0,f79b5c39e7642ed767cc,2025-01-18 15:00:00+00:00,MARKET_ONLY,0.5628272251308901,0.5628272251308901,1.67,0,NON_PIT,1.0,0.8743455497382198,COUNTERFACTUAL_NON_PIT,False
over_2_5,0,35df6b23d999093cb670,2025-01-18 17:30:00+00:00,MARKET_ONLY,0.5205128205128204,0.5205128205128204,1.87,1,NON_PIT,1.0,0.9589743589743591,COUNTERFACTUAL_NON_PIT,False
over_2_5,0,cf919f43985f2c5bab84,2025-01-19 12:00:00+00:00,MARKET_ONLY,0.5263157894736842,0.5263157894736842,1.8,1,NON_PIT,1.0,0.9473684210526316,COUNTERFACTUAL_NON_PIT,False
over_2_5,0,e3eef2b02ee98c293828,2025-01-19 14:00:00+00:00,MARKET_ONLY,0.5483028720626633,0.5483028720626633,1.73,1,NON_PIT,1.0,0.9033942558746735,COUNTERFACTUAL_NON_PIT,False
over_2_5,0,e945b3a8575140585158,2025-01-19 14:00:00+00:00,MARKET_ONLY,0.5684754521963824,0.5684754521963824,1.67,1,NON_PIT,1.0,0.8630490956072352,COUNTERFACTUAL_NON_PIT,False
over_2_5,0,eaf5d46e2749a4a8904b,2025-01-19 14:00:00+00:00,MARKET_ONLY,0.5684754521963824,0.5684754521963824,1.67,1,NON_PIT,1.0,0.8630490956072352,COUNTERFACTUAL_NON_PIT,False
over_2_5,0,359d3907bba3968d715d,2025-01-19 16:30:00+00:00,MARKET_ONLY,0.6563245823389022,0.6563245823389022,1.44,1,NON_PIT,1.0,0.6873508353221955,COUNTERFACTUAL_NON_PIT,False
over_2_5,0,cbccf586a2c1aecd35ee,2025-01-20 20:00:00+00:00,MARKET_ONLY,0.7017543859649122,0.7017543859649122,1.36,1,NON_PIT,1.0,0.5964912280701755,COUNTERFACTUAL_NON_PIT,False
over_2_5,0,035d336c88c793529852,2025-01-21 19:45:00+00:00,MARKET_ONLY,0.4516971279373368,0.4516971279373368,2.1,1,NON_PIT,1.0,0.9033942558746736,COUNTERFACTUAL_NON_PIT,False
over_2_5,0,039f74c97c94e01ba7fd,2025-01-21 19:45:00+00:00,MARKET_ONLY,0.44297082228116713,0.44297082228116713,2.1,1,NON_PIT,1.0,0.8859416445623343,COUNTERFACTUAL_NON_PIT,False
over_2_5,0,296599df382ab4807169,2025-01-21 19:45:00+00:00,MARKET_ONLY,0.4297082228116711,0.4297082228116711,2.15,1,NON_PIT,1.0,0.8594164456233422,COUNTERFACTUAL_NON_PIT,False
over_2_5,0,2d23f84ad4a32a455807,2025-01-21 19:45:00+00:00,MARKET_ONLY,0.42408376963350786,0.42408376963350786,2.2,0,NON_PIT,1.0,0.8481675392670157,COUNTERFACTUAL_NON_PIT,False
over_2_5,0,2f6f9545e8df848ed675,2025-01-21 19:45:00+00:00,MARKET_ONLY,0.557029177718833,0.557029177718833,1.67,0,NON_PIT,1.0,0.885941644562334,COUNTERFACTUAL_NON_PIT,False
over_2_5,0,39717fc6dd83712b1942,2025-01-21 19:45:00+00:00,MARKET_ONLY,0.5194805194805195,0.5194805194805195,1.85,1,NON_PIT,1.0,0.9610389610389609,COUNTERFACTUAL_NON_PIT,False
over_2_5,0,52f0468e80a3518fa5d9,2025-01-21 19:45:00+00:00,MARKET_ONLY,0.413265306122449,0.413265306122449,2.3,1,NON_PIT,1.0,0.826530612244898,COUNTERFACTUAL_NON_PIT,False
over_2_5,0,880b84a581ebae995d2e,2025-01-21 19:45:00+00:00,MARKET_ONLY,0.4805194805194806,0.4805194805194806,2.0,0,NON_PIT,1.0,0.9610389610389612,COUNTERFACTUAL_NON_PIT,False
over_2_5,0,9f65af6c0d454f3cf625,2025-01-21 19:45:00+00:00,MARKET_ONLY,0.43152454780361754,0.43152454780361754,2.2,0,NON_PIT,1.0,0.8630490956072351,COUNTERFACTUAL_NON_PIT,False
over_2_5,0,a2094c0f3d2b18bf770a,2025-01-21 19:45:00+00:00,MARKET_ONLY,0.4516971279373368,0.4516971279373368,2.1,0,NON_PIT,1.0,0.9033942558746736,COUNTERFACTUAL_NON_PIT,False
over_2_5,0,a7a6f95b147a7f5ef9e5,2025-01-21 19:45:00+00:00,MARKET_ONLY,0.43152454780361754,0.43152454780361754,2.2,1,NON_PIT,1.0,0.8630490956072351,COUNTERFACTUAL_NON_PIT,False
over_2_5,0,b570feb1158b62024bf1,2025-01-21 19:45:00+00:00,MARKET_ONLY,0.4870466321243523,0.4870466321243523,1.98,1,NON_PIT,1.0,0.9740932642487046,COUNTERFACTUAL_NON_PIT,False
over_2_5,0,452636e93f318eb9670b,2025-01-21 20:00:00+00:00,MARKET_ONLY,0.3181818181818181,0.3181818181818181,3.0,1,NON_PIT,1.0,0.6363636363636362,COUNTERFACTUAL_NON_PIT,False
over_2_5,0,160c6b2d92a6d7f42b1c,2025-01-22 19:45:00+00:00,MARKET_ONLY,0.4805194805194806,0.4805194805194806,2.0,1,NON_PIT,1.0,0.9610389610389612,COUNTERFACTUAL_NON_PIT,False
over_2_5,0,927193c1765821c33f52,2025-01-22 19:45:00+00:00,MARKET_ONLY,0.4516971279373368,0.4516971279373368,2.1,1,NON_PIT,1.0,0.9033942558746736,COUNTERFACTUAL_NON_PIT,False
over_2_5,0,f53df6e20e3ffc03e7d2,2025-01-22 19:45:00+00:00,MARKET_ONLY,0.549597855227882,0.549597855227882,1.68,0,NON_PIT,1.0,0.9008042895442361,COUNTERFACTUAL_NON_PIT,False
over_2_5,0,769b66e85591d245e86b,2025-01-22 20:00:00+00:00,MARKET_ONLY,0.450402144772118,0.450402144772118,2.05,1,NON_PIT,1.0,0.900804289544236,COUNTERFACTUAL_NON_PIT,False
over_2_5,0,8d56b66ddb30c1ed8d62,2025-01-23 20:00:00+00:00,MARKET_ONLY,0.4285714285714286,0.4285714285714286,2.2,0,NON_PIT,1.0,0.8571428571428572,COUNTERFACTUAL_NON_PIT,False
over_2_5,0,cdf3f035a4aca6a3f6e0,2025-01-24 19:45:00+00:00,MARKET_ONLY,0.5259067357512953,0.5259067357512953,1.83,1,NON_PIT,1.0,0.9481865284974094,COUNTERFACTUAL_NON_PIT,False
over_2_5,0,913d4c57d82b39407ab9,2025-01-24 20:00:00+00:00,MARKET_ONLY,0.4675324675324676,0.4675324675324676,2.05,1,NON_PIT,1.0,0.9350649350649352,COUNTERFACTUAL_NON_PIT,False
over_2_5,0,0118274b041ab440ac52,2025-01-25 12:30:00+00:00,MARKET_ONLY,0.4516971279373368,0.4516971279373368,2.1,0,NON_PIT,1.0,0.9033942558746736,COUNTERFACTUAL_NON_PIT,False
over_2_5,0,40e4a5bb5219cb79c146,2025-01-25 12:30:00+00:00,MARKET_ONLY,0.5259067357512953,0.5259067357512953,1.83,0,NON_PIT,1.0,0.9481865284974094,COUNTERFACTUAL_NON_PIT,False
over_2_5,0,61a5461de983bad38841,2025-01-25 12:30:00+00:00,MARKET_ONLY,0.4675324675324676,0.4675324675324676,2.05,0,NON_PIT,1.0,0.9350649350649352,COUNTERFACTUAL_NON_PIT,False
over_2_5,0,79144e20a7aedaf42d28,2025-01-25 12:30:00+00:00,MARKET_ONLY,0.49350649350649356,0.49350649350649356,1.95,1,NON_PIT,1.0,0.9870129870129871,COUNTERFACTUAL_NON_PIT,False
over_2_5,0,df0dcf67a2e69f140069,2025-01-25 12:30:00+00:00,MARKET_ONLY,0.4473684210526316,0.4473684210526316,2.1,1,NON_PIT,1.0,0.8947368421052632,COUNTERFACTUAL_NON_PIT,False
over_2_5,0,e0dcc51c203f249de250,2025-01-25 12:30:00+00:00,MARKET_ONLY,0.36319612590799033,0.36319612590799033,2.63,0,NON_PIT,1.0,0.7263922518159807,COUNTERFACTUAL_NON_PIT,False
over_2_5,0,e69929dacba8cc51997c,2025-01-25 12:30:00+00:00,MARKET_ONLY,0.4866310160427808,0.4866310160427808,1.92,1,NON_PIT,1.0,0.9732620320855616,COUNTERFACTUAL_NON_PIT,False
over_2_5,0,02c861efadcef212e418,2025-01-25 15:00:00+00:00,MARKET_ONLY,0.3796526054590571,0.3796526054590571,2.5,1,NON_PIT,1.0,0.7593052109181142,COUNTERFACTUAL_NON_PIT,False
over_2_5,0,042a80cfd94f3c3b1dda,2025-01-25 15:00:00+00:00,MARKET_ONLY,0.5129533678756476,0.5129533678756476,1.88,1,NON_PIT,1.0,0.9740932642487048,COUNTERFACTUAL_NON_PIT,False
over_2_5,0,080e73c874e42e760c9f,2025-01-25 15:00:00+00:00,MARKET_ONLY,0.47409326424870474,0.47409326424870474,2.03,1,NON_PIT,1.0,0.9481865284974095,COUNTERFACTUAL_NON_PIT,False
over_2_5,0,09081a968bd3d9d0b177,2025-01-25 15:00:00+00:00,MARKET_ONLY,0.5394736842105263,0.5394736842105263,1.75,0,NON_PIT,1.0,0.9210526315789473,COUNTERFACTUAL_NON_PIT,False
over_2_5,0,1df09abc92d3de82c540,2025-01-25 15:00:00+00:00,MARKET_ONLY,0.5,0.5,1.89,0,NON_PIT,1.0,1.0,COUNTERFACTUAL_NON_PIT,False
over_2_5,0,2139cf9c55f4fe51f9db,2025-01-25 15:00:00+00:00,MARKET_ONLY,0.5256410256410255,0.5256410256410255,1.85,1,NON_PIT,1.0,0.9487179487179489,COUNTERFACTUAL_NON_PIT,False
over_2_5,0,2e0fe0566af10cb5f045,2025-01-25 15:00:00+00:00,MARKET_ONLY,0.5459317585301837,0.5459317585301837,1.73,0,NON_PIT,1.0,0.9081364829396326,COUNTERFACTUAL_NON_PIT,False
over_2_5,0,34f79bdfa882f863727a,2025-01-25 15:00:00+00:00,MARKET_ONLY,0.656934306569343,0.656934306569343,1.41,1,NON_PIT,1.0,0.6861313868613139,COUNTERFACTUAL_NON_PIT,False
over_2_5,0,4e977a2beaa5c39c65c8,2025-01-25 15:00:00+00:00,MARKET_ONLY,0.5483028720626633,0.5483028720626633,1.73,0,NON_PIT,1.0,0.9033942558746735,COUNTERFACTUAL_NON_PIT,False
over_2_5,0,4ea74915bed8bd504f79,2025-01-25 15:00:00+00:00,MARKET_ONLY,0.46052631578947373,0.46052631578947373,2.05,0,NON_PIT,1.0,0.9210526315789475,COUNTERFACTUAL_NON_PIT,False
over_2_5,0,5999ee4068dfea7ff95c,2025-01-25 15:00:00+00:00,MARKET_ONLY,0.4562334217506631,0.4562334217506631,2.05,0,NON_PIT,1.0,0.9124668435013262,COUNTERFACTUAL_NON_PIT,False
over_2_5,0,6c848885ee343f8445b8,2025-01-25 15:00:00+00:00,MARKET_ONLY,0.5394736842105263,0.5394736842105263,1.75,0,NON_PIT,1.0,0.9210526315789473,COUNTERFACTUAL_NON_PIT,False
over_2_5,0,74081e4aaf9723dd6c5f,2025-01-25 15:00:00+00:00,MARKET_ONLY,0.6025316455696202,0.6025316455696202,1.57,1,NON_PIT,1.0,0.7949367088607595,COUNTERFACTUAL_NON_PIT,False
over_2_5,0,7c496feadbd2e21c3db1,2025-01-25 15:00:00+00:00,MARKET_ONLY,0.4516971279373368,0.4516971279373368,2.1,1,NON_PIT,1.0,0.9033942558746736,COUNTERFACTUAL_NON_PIT,False
over_2_5,0,7d8e7f3127d8c2f58d73,2025-01-25 15:00:00+00:00,MARKET_ONLY,0.4312169312169312,0.4312169312169312,2.15,1,NON_PIT,1.0,0.8624338624338624,COUNTERFACTUAL_NON_PIT,False
over_2_5,0,851b32554a759bed2f35,2025-01-25 15:00:00+00:00,MARKET_ONLY,0.5628272251308901,0.5628272251308901,1.67,0,NON_PIT,1.0,0.8743455497382198,COUNTERFACTUAL_NON_PIT,False
over_2_5,0,85d57fa17ba931b27249,2025-01-25 15:00:00+00:00,MARKET_ONLY,0.5394736842105263,0.5394736842105263,1.75,0,NON_PIT,1.0,0.9210526315789473,COUNTERFACTUAL_NON_PIT,False
over_2_5,0,887235e7ce78f163822e,2025-01-25 15:00:00+00:00,MARKET_ONLY,0.7619047619047619,0.7619047619047619,1.25,1,NON_PIT,1.0,0.4761904761904763,COUNTERFACTUAL_NON_PIT,False
over_2_5,0,88960f17411743236ec8,2025-01-25 15:00:00+00:00,MARKET_ONLY,0.4540682414698162,0.4540682414698162,2.08,0,NON_PIT,1.0,0.9081364829396325,COUNTERFACTUAL_NON_PIT,False
over_2_5,0,9431f7ed5eff7c51eb1a,2025-01-25 15:00:00+00:00,MARKET_ONLY,0.44297082228116713,0.44297082228116713,2.1,1,NON_PIT,1.0,0.8859416445623343,COUNTERFACTUAL_NON_PIT,False
over_2_5,0,9ad8b14c8730c91c18c5,2025-01-25 15:00:00+00:00,MARKET_ONLY,0.41253263707571797,0.41253263707571797,2.25,0,NON_PIT,1.0,0.8250652741514359,COUNTERFACTUAL_NON_PIT,False
over_2_5,0,9d8a7caf6cd70485f399,2025-01-25 15:00:00+00:00,MARKET_ONLY,0.43152454780361754,0.43152454780361754,2.2,1,NON_PIT,1.0,0.8630490956072351,COUNTERFACTUAL_NON_PIT,False
over_2_5,0,9efe629b08c0c9eb50c0,2025-01-25 15:00:00+00:00,MARKET_ONLY,0.4473684210526316,0.4473684210526316,2.1,0,NON_PIT,1.0,0.8947368421052632,COUNTERFACTUAL_NON_PIT,False
over_2_5,0,c14d88a17845672c5bd9,2025-01-25 15:00:00+00:00,MARKET_ONLY,0.4805194805194806,0.4805194805194806,2.0,0,NON_PIT,1.0,0.9610389610389612,COUNTERFACTUAL_NON_PIT,False
over_2_5,0,cda91fbff788b3c63e77,2025-01-25 15:00:00+00:00,MARKET_ONLY,0.4540682414698162,0.4540682414698162,2.08,1,NON_PIT,1.0,0.9081364829396325,COUNTERFACTUAL_NON_PIT,False
over_2_5,0,dab0ba389fdc18ddcdcf,2025-01-25 15:00:00+00:00,MARKET_ONLY,0.5259067357512953,0.5259067357512953,1.83,1,NON_PIT,1.0,0.9481865284974094,COUNTERFACTUAL_NON_PIT,False
over_2_5,0,e357897a3f3ac2a03507,2025-01-25 15:00:00+00:00,MARKET_ONLY,0.4870466321243523,0.4870466321243523,1.98,1,NON_PIT,1.0,0.9740932642487046,COUNTERFACTUAL_NON_PIT,False
over_2_5,0,ed007b2fbf077ebdb4ad,2025-01-25 15:00:00+00:00,MARKET_ONLY,0.4516971279373368,0.4516971279373368,2.1,0,NON_PIT,1.0,0.9033942558746736,COUNTERFACTUAL_NON_PIT,False
over_2_5,0,f824399329cd9895a2bc,2025-01-25 15:00:00+00:00,MARKET_ONLY,0.4870466321243523,0.4870466321243523,1.98,1,NON_PIT,1.0,0.9740932642487046,COUNTERFACTUAL_NON_PIT,False
over_2_5,0,fcb7d771e01e2579b5b9,2025-01-25 15:00:00+00:00,MARKET_ONLY,0.4764397905759163,0.4764397905759163,2.0,0,NON_PIT,1.0,0.9528795811518326,COUNTERFACTUAL_NON_PIT,False
over_2_5,0,3ceed70c70639da0ea89,2025-01-25 17:30:00+00:00,MARKET_ONLY,0.6818181818181818,0.6818181818181818,1.4,1,NON_PIT,1.0,0.6363636363636365,COUNTERFACTUAL_NON_PIT,False
over_2_5,0,1a3b96e7accd45dad0c5,2025-01-26 14:00:00+00:00,MARKET_ONLY,0.7188160676532769,0.7188160676532769,1.33,1,NON_PIT,1.0,0.5623678646934462,COUNTERFACTUAL_NON_PIT,False
over_2_5,0,5fc68ea982239627b78b,2025-01-26 14:00:00+00:00,MARKET_ONLY,0.5483028720626633,0.5483028720626633,1.73,1,NON_PIT,1.0,0.9033942558746735,COUNTERFACTUAL_NON_PIT,False
over_2_5,0,fe424dab0700ff51309a,2025-01-26 16:30:00+00:00,MARKET_ONLY,0.5684754521963824,0.5684754521963824,1.67,0,NON_PIT,1.0,0.8630490956072352,COUNTERFACTUAL_NON_PIT,False
over_2_5,0,b72d3a83eb15a7408967,2025-01-26 19:00:00+00:00,MARKET_ONLY,0.517948717948718,0.517948717948718,1.88,0,NON_PIT,1.0,0.964102564102564,COUNTERFACTUAL_NON_PIT,False
over_2_5,0,63e2db859f781aa53694,2025-01-27 20:00:00+00:00,MARKET_ONLY,0.3796526054590571,0.3796526054590571,2.5,0,NON_PIT,1.0,0.7593052109181142,COUNTERFACTUAL_NON_PIT,False
over_2_5,0,0c4f05a610a08ab589d4,2025-01-28 19:45:00+00:00,MARKET_ONLY,0.36319612590799033,0.36319612590799033,2.63,0,NON_PIT,1.0,0.7263922518159807,COUNTERFACTUAL_NON_PIT,False
over_2_5,0,12bdb1c55f1100815d05,2025-01-28 19:45:00+00:00,MARKET_ONLY,0.43717277486910994,0.43717277486910994,2.15,1,NON_PIT,1.0,0.8743455497382199,COUNTERFACTUAL_NON_PIT,False
over_2_5,0,18df911407231f6a0ef2,2025-01-28 19:45:00+00:00,MARKET_ONLY,0.47409326424870474,0.47409326424870474,2.03,0,NON_PIT,1.0,0.9481865284974095,COUNTERFACTUAL_NON_PIT,False
over_2_5,0,4c174b8fbd9c992a4bdf,2025-01-28 19:45:00+00:00,MARKET_ONLY,0.5459317585301837,0.5459317585301837,1.73,0,NON_PIT,1.0,0.9081364829396326,COUNTERFACTUAL_NON_PIT,False
over_2_5,0,4f6b31c1cfc853b064d5,2025-01-28 19:45:00+00:00,MARKET_ONLY,0.4540682414698162,0.4540682414698162,2.08,0,NON_PIT,1.0,0.9081364829396325,COUNTERFACTUAL_NON_PIT,False
over_2_5,0,50291002d4541b1772cc,2025-01-28 19:45:00+00:00,MARKET_ONLY,0.4473684210526316,0.4473684210526316,2.1,0,NON_PIT,1.0,0.8947368421052632,COUNTERFACTUAL_NON_PIT,False
over_2_5,0,5606995a61a4bc980300,2025-01-28 19:45:00+00:00,MARKET_ONLY,0.49350649350649356,0.49350649350649356,1.95,1,NON_PIT,1.0,0.9870129870129871,COUNTERFACTUAL_NON_PIT,False
over_2_5,0,5e5c01c79d46a61f7cb6,2025-01-28 19:45:00+00:00,MARKET_ONLY,0.47409326424870474,0.47409326424870474,2.03,0,NON_PIT,1.0,0.9481865284974095,COUNTERFACTUAL_NON_PIT,False
over_2_5,0,5ec76a7e0b244eb6c182,2025-01-28 19:45:00+00:00,MARKET_ONLY,0.43717277486910994,0.43717277486910994,2.15,0,NON_PIT,1.0,0.8743455497382199,COUNTERFACTUAL_NON_PIT,False
over_2_5,0,63202512911cf91ac249,2025-01-28 19:45:00+00:00,MARKET_ONLY,0.5129533678756476,0.5129533678756476,1.88,0,NON_PIT,1.0,0.9740932642487048,COUNTERFACTUAL_NON_PIT,False
over_2_5,0,694f7247d74a5f762809,2025-01-28 19:45:00+00:00,MARKET_ONLY,0.49350649350649356,0.49350649350649356,1.95,1,NON_PIT,1.0,0.9870129870129871,COUNTERFACTUAL_NON_PIT,False
over_2_5,0,6b9858a70acf4116261e,2025-01-28 19:45:00+00:00,MARKET_ONLY,0.5459317585301837,0.5459317585301837,1.73,1,NON_PIT,1.0,0.9081364829396326,COUNTERFACTUAL_NON_PIT,False
over_2_5,0,82e03725adc90d34a705,2025-01-28 19:45:00+00:00,MARKET_ONLY,0.4540682414698162,0.4540682414698162,2.08,0,NON_PIT,1.0,0.9081364829396325,COUNTERFACTUAL_NON_PIT,False
over_2_5,0,9986428fd0be24f61b1f,2025-01-28 19:45:00+00:00,MARKET_ONLY,0.4870466321243523,0.4870466321243523,1.98,0,NON_PIT,1.0,0.9740932642487046,COUNTERFACTUAL_NON_PIT,False
over_2_5,0,9a09c31363a22c8c8e6b,2025-01-28 19:45:00+00:00,MARKET_ONLY,0.46052631578947373,0.46052631578947373,2.05,1,NON_PIT,1.0,0.9210526315789475,COUNTERFACTUAL_NON_PIT,False
over_2_5,0,9cc76479caf334453036,2025-01-28 19:45:00+00:00,MARKET_ONLY,0.46052631578947373,0.46052631578947373,2.05,1,NON_PIT,1.0,0.9210526315789475,COUNTERFACTUAL_NON_PIT,False
over_2_5,0,c981b77aa14da6e0aa67,2025-01-28 19:45:00+00:00,MARKET_ONLY,0.4870466321243523,0.4870466321243523,1.98,1,NON_PIT,1.0,0.9740932642487046,COUNTERFACTUAL_NON_PIT,False
over_2_5,0,d8502511c82d994d9a3b,2025-01-28 19:45:00+00:00,MARKET_ONLY,0.5897435897435896,0.5897435897435896,1.6,0,NON_PIT,1.0,0.8205128205128207,COUNTERFACTUAL_NON_PIT,False
over_2_5,0,dea1336d67d1dfefdf39,2025-01-28 19:45:00+00:00,MARKET_ONLY,0.5129533678756476,0.5129533678756476,1.88,1,NON_PIT,1.0,0.9740932642487048,COUNTERFACTUAL_NON_PIT,False
over_2_5,0,e87fac93423e92725bfc,2025-01-28 19:45:00+00:00,MARKET_ONLY,0.3478260869565217,0.3478260869565217,2.7,1,NON_PIT,1.0,0.6956521739130433,COUNTERFACTUAL_NON_PIT,False
over_2_5,0,ea0b855dcaf9e73c6ec4,2025-01-28 19:45:00+00:00,MARKET_ONLY,0.5628272251308901,0.5628272251308901,1.67,0,NON_PIT,1.0,0.8743455497382198,COUNTERFACTUAL_NON_PIT,False
over_2_5,0,ed9fdde1d2ca1e538554,2025-01-28 19:45:00+00:00,MARKET_ONLY,0.32710280373831774,0.32710280373831774,2.88,0,NON_PIT,1.0,0.6542056074766355,COUNTERFACTUAL_NON_PIT,False
over_2_5,0,6238a9707b0f321dd607,2025-01-28 20:00:00+00:00,MARKET_ONLY,0.41025641025641024,0.41025641025641024,2.3,0,NON_PIT,1.0,0.8205128205128205,COUNTERFACTUAL_NON_PIT,False
over_2_5,0,b61fa3099c75f7125253,2025-01-29 20:00:00+00:00,MARKET_ONLY,0.43717277486910994,0.43717277486910994,2.15,1,NON_PIT,1.0,0.8743455497382199,COUNTERFACTUAL_NON_PIT,False
over_2_5,0,ea365b41855083dce285,2025-01-31 20:00:00+00:00,MARKET_ONLY,0.3796526054590571,0.3796526054590571,2.5,1,NON_PIT,1.0,0.7593052109181142,COUNTERFACTUAL_NON_PIT,False
over_2_5,0,17ed5acf640cc7469263,2025-02-01 12:30:00+00:00,MARKET_ONLY,0.5129533678756476,0.5129533678756476,1.88,0,NON_PIT,1.0,0.9740932642487048,COUNTERFACTUAL_NON_PIT,False
over_2_5,0,3c28504b8a84deaf31fb,2025-02-01 12:30:00+00:00,MARKET_ONLY,0.49350649350649356,0.49350649350649356,1.95,0,NON_PIT,1.0,0.9870129870129871,COUNTERFACTUAL_NON_PIT,False
over_2_5,0,5d2b0d6249f6d81336ad,2025-02-01 12:30:00+00:00,MARKET_ONLY,0.43152454780361754,0.43152454780361754,2.2,0,NON_PIT,1.0,0.8630490956072351,COUNTERFACTUAL_NON_PIT,False
over_2_5,0,5fbb12d91f52f9a3a0c2,2025-02-01 12:30:00+00:00,MARKET_ONLY,0.5064935064935064,0.5064935064935064,1.9,1,NON_PIT,1.0,0.9870129870129871,COUNTERFACTUAL_NON_PIT,False
over_2_5,0,9ca20f04acaa13f304da,2025-02-01 12:30:00+00:00,MARKET_ONLY,0.43717277486910994,0.43717277486910994,2.15,1,NON_PIT,1.0,0.8743455497382199,COUNTERFACTUAL_NON_PIT,False
over_2_5,0,acb61e8a112acdf4e3cf,2025-02-01 12:30:00+00:00,MARKET_ONLY,0.5526315789473685,0.5526315789473685,1.7,0,NON_PIT,1.0,0.894736842105263,COUNTERFACTUAL_NON_PIT,False
over_2_5,0,b42f4ff79c597195e5d5,2025-02-01 12:30:00+00:00,MARKET_ONLY,0.5,0.5,1.95,1,NON_PIT,1.0,1.0,COUNTERFACTUAL_NON_PIT,False
over_2_5,0,c52db2efb60489a879f4,2025-02-01 12:30:00+00:00,MARKET_ONLY,0.46052631578947373,0.46052631578947373,2.05,1,NON_PIT,1.0,0.9210526315789475,COUNTERFACTUAL_NON_PIT,False
over_2_5,0,0173ae0ebab96f0f7c6c,2025-02-01 15:00:00+00:00,MARKET_ONLY,0.586734693877551,0.586734693877551,1.62,1,NON_PIT,1.0,0.8265306122448981,COUNTERFACTUAL_NON_PIT,False
over_2_5,0,032b40636f354c6cb268,2025-02-01 15:00:00+00:00,MARKET_ONLY,0.46052631578947373,0.46052631578947373,2.05,0,NON_PIT,1.0,0.9210526315789475,COUNTERFACTUAL_NON_PIT,False
over_2_5,0,0e26d179270514b15ea3,2025-02-01 15:00:00+00:00,MARKET_ONLY,0.49350649350649356,0.49350649350649356,1.95,1,NON_PIT,1.0,0.9870129870129871,COUNTERFACTUAL_NON_PIT,False
over_2_5,0,0f94c1eaf2f79a4e3eaf,2025-02-01 15:00:00+00:00,MARKET_ONLY,0.43717277486910994,0.43717277486910994,2.15,1,NON_PIT,1.0,0.8743455497382199,COUNTERFACTUAL_NON_PIT,False
over_2_5,0,21adbdd60982f7badca8,2025-02-01 15:00:00+00:00,MARKET_ONLY,0.4870466321243523,0.4870466321243523,1.98,0,NON_PIT,1.0,0.9740932642487046,COUNTERFACTUAL_NON_PIT,False
over_2_5,0,3378b06f4679eb93e4e2,2025-02-01 15:00:00+00:00,MARKET_ONLY,0.5,0.5,1.93,1,NON_PIT,1.0,1.0,COUNTERFACTUAL_NON_PIT,False
over_2_5,0,34aed6c822d4673cf83b,2025-02-01 15:00:00+00:00,MARKET_ONLY,0.3478260869565217,0.3478260869565217,2.7,0,NON_PIT,1.0,0.6956521739130433,COUNTERFACTUAL_NON_PIT,False
over_2_5,0,3a4bd4b474bae16c36ee,2025-02-01 15:00:00+00:00,MARKET_ONLY,0.4675324675324676,0.4675324675324676,2.05,1,NON_PIT,1.0,0.9350649350649352,COUNTERFACTUAL_NON_PIT,False
over_2_5,0,3c9c933cc4a49a31ded4,2025-02-01 15:00:00+00:00,MARKET_ONLY,0.5259067357512953,0.5259067357512953,1.83,1,NON_PIT,1.0,0.9481865284974094,COUNTERFACTUAL_NON_PIT,False
over_2_5,0,41fc05f031430bda8482,2025-02-01 15:00:00+00:00,MARKET_ONLY,0.4870466321243523,0.4870466321243523,1.98,0,NON_PIT,1.0,0.9740932642487046,COUNTERFACTUAL_NON_PIT,False
over_2_5,0,4d6006763ac37d0e8932,2025-02-01 15:00:00+00:00,MARKET_ONLY,0.46052631578947373,0.46052631578947373,2.05,1,NON_PIT,1.0,0.9210526315789475,COUNTERFACTUAL_NON_PIT,False
over_2_5,0,551f704a86dc7deeb6f8,2025-02-01 15:00:00+00:00,MARKET_ONLY,0.6563245823389022,0.6563245823389022,1.44,0,NON_PIT,1.0,0.6873508353221955,COUNTERFACTUAL_NON_PIT,False
over_2_5,0,673513f7ff8390f39f58,2025-02-01 15:00:00+00:00,MARKET_ONLY,0.5526315789473685,0.5526315789473685,1.7,0,NON_PIT,1.0,0.894736842105263,COUNTERFACTUAL_NON_PIT,False
over_2_5,0,6a9a3e5965b65f1101f2,2025-02-01 15:00:00+00:00,MARKET_ONLY,0.43152454780361754,0.43152454780361754,2.2,0,NON_PIT,1.0,0.8630490956072351,COUNTERFACTUAL_NON_PIT,False
over_2_5,0,81ce0e1ff5b643d85f4a,2025-02-01 15:00:00+00:00,MARKET_ONLY,0.43152454780361754,0.43152454780361754,2.2,0,NON_PIT,1.0,0.8630490956072351,COUNTERFACTUAL_NON_PIT,False
over_2_5,0,8357c18ddb64d72c108b,2025-02-01 15:00:00+00:00,MARKET_ONLY,0.4540682414698162,0.4540682414698162,2.08,1,NON_PIT,1.0,0.9081364829396325,COUNTERFACTUAL_NON_PIT,False
over_2_5,0,89969465a849df850e1f,2025-02-01 15:00:00+00:00,MARKET_ONLY,0.5483028720626633,0.5483028720626633,1.73,1,NON_PIT,1.0,0.9033942558746735,COUNTERFACTUAL_NON_PIT,False
over_2_5,0,8aebc45fe9e60bf7570e,2025-02-01 15:00:00+00:00,MARKET_ONLY,0.5,0.5,1.93,1,NON_PIT,1.0,1.0,COUNTERFACTUAL_NON_PIT,False
over_2_5,0,8de714c3045296b353cb,2025-02-01 15:00:00+00:00,MARKET_ONLY,0.5483028720626633,0.5483028720626633,1.73,1,NON_PIT,1.0,0.9033942558746735,COUNTERFACTUAL_NON_PIT,False
over_2_5,0,94329cc31a1fa50dd7b5,2025-02-01 15:00:00+00:00,MARKET_ONLY,0.4805194805194806,0.4805194805194806,2.0,0,NON_PIT,1.0,0.9610389610389612,COUNTERFACTUAL_NON_PIT,False
over_2_5,0,bb6f721ecd9bdcfc3035,2025-02-01 15:00:00+00:00,MARKET_ONLY,0.4186046511627907,0.4186046511627907,2.25,0,NON_PIT,1.0,0.8372093023255814,COUNTERFACTUAL_NON_PIT,False
over_2_5,0,c4e82cd59d1e2977eb3d,2025-02-01 15:00:00+00:00,MARKET_ONLY,0.41025641025641024,0.41025641025641024,2.3,0,NON_PIT,1.0,0.8205128205128205,COUNTERFACTUAL_NON_PIT,False
over_2_5,0,c6422f0842fdf23a2879,2025-02-01 15:00:00+00:00,MARKET_ONLY,0.43152454780361754,0.43152454780361754,2.2,0,NON_PIT,1.0,0.8630490956072351,COUNTERFACTUAL_NON_PIT,False
over_2_5,0,c85b72d798b685a4d82c,2025-02-01 15:00:00+00:00,MARKET_ONLY,0.46052631578947373,0.46052631578947373,2.05,1,NON_PIT,1.0,0.9210526315789475,COUNTERFACTUAL_NON_PIT,False
over_2_5,0,cb1e01cb4522e73ba3b2,2025-02-01 15:00:00+00:00,MARKET_ONLY,0.4769230769230769,0.4769230769230769,2.04,1,NON_PIT,1.0,0.9538461538461538,COUNTERFACTUAL_NON_PIT,False
over_2_5,0,e0095939ca8a44a589e8,2025-02-01 15:00:00+00:00,MARKET_ONLY,0.4186046511627907,0.4186046511627907,2.25,0,NON_PIT,1.0,0.8372093023255814,COUNTERFACTUAL_NON_PIT,False
over_2_5,0,e6904465a510967c352c,2025-02-01 15:00:00+00:00,MARKET_ONLY,0.4186046511627907,0.4186046511627907,2.25,1,NON_PIT,1.0,0.8372093023255814,COUNTERFACTUAL_NON_PIT,False
over_2_5,0,edae2ed9ac323d83b7f4,2025-02-01 15:00:00+00:00,MARKET_ONLY,0.46052631578947373,0.46052631578947373,2.05,1,NON_PIT,1.0,0.9210526315789475,COUNTERFACTUAL_NON_PIT,False
over_2_5,0,edb7d2d9e5739e70c373,2025-02-01 15:00:00+00:00,MARKET_ONLY,0.3436754176610979,0.3436754176610979,2.75,1,NON_PIT,1.0,0.6873508353221958,COUNTERFACTUAL_NON_PIT,False
over_2_5,0,edf0207ac313d40bacfd,2025-02-01 15:00:00+00:00,MARKET_ONLY,0.47409326424870474,0.47409326424870474,2.03,1,NON_PIT,1.0,0.9481865284974095,COUNTERFACTUAL_NON_PIT,False
over_2_5,0,fd0254a3021b0c9dab89,2025-02-01 17:30:00+00:00,MARKET_ONLY,0.5483028720626633,0.5483028720626633,1.73,0,NON_PIT,1.0,0.9033942558746735,COUNTERFACTUAL_NON_PIT,False
over_2_5,0,a5d07c2e3cbc7797bbff,2025-02-02 14:00:00+00:00,MARKET_ONLY,0.7188160676532769,0.7188160676532769,1.33,0,NON_PIT,1.0,0.5623678646934462,COUNTERFACTUAL_NON_PIT,False
over_2_5,0,d7ee4e4c8fcd31e73d74,2025-02-02 14:00:00+00:00,MARKET_ONLY,0.5205128205128204,0.5205128205128204,1.87,0,NON_PIT,1.0,0.9589743589743591,COUNTERFACTUAL_NON_PIT,False
over_2_5,0,2396e826592db1ae9436,2025-02-02 15:00:00+00:00,MARKET_ONLY,0.5459317585301837,0.5459317585301837,1.73,1,NON_PIT,1.0,0.9081364829396326,COUNTERFACTUAL_NON_PIT,False
over_2_5,0,ef0ea214ddd736e44a05,2025-02-02 16:30:00+00:00,MARKET_ONLY,0.5483028720626633,0.5483028720626633,1.73,1,NON_PIT,1.0,0.9033942558746735,COUNTERFACTUAL_NON_PIT,False
over_2_5,0,5aab3f639ba3c0669a09,2025-02-03 20:00:00+00:00,MARKET_ONLY,0.5,0.5,1.93,1,NON_PIT,1.0,1.0,COUNTERFACTUAL_NON_PIT,False
over_2_5,0,67b6afc20ff4ed337ef4,2025-02-03 20:00:00+00:00,MARKET_ONLY,0.6818181818181818,0.6818181818181818,1.4,1,NON_PIT,1.0,0.6363636363636365,COUNTERFACTUAL_NON_PIT,False
over_2_5,0,4757615d06baec97411c,2025-02-04 19:45:00+00:00,MARKET_ONLY,0.4540682414698162,0.4540682414698162,2.08,1,NON_PIT,1.0,0.9081364829396325,COUNTERFACTUAL_NON_PIT,False
over_2_5,0,5f0b4861f323a5743367,2025-02-04 19:45:00+00:00,MARKET_ONLY,0.5129533678756476,0.5129533678756476,1.88,1,NON_PIT,1.0,0.9740932642487048,COUNTERFACTUAL_NON_PIT,False
over_2_5,0,7e7c1bd88b3ca58e2b34,2025-02-04 19:45:00+00:00,MARKET_ONLY,0.413265306122449,0.413265306122449,2.3,1,NON_PIT,1.0,0.826530612244898,COUNTERFACTUAL_NON_PIT,False
over_2_5,0,bbf3a62013c96e86462d,2025-02-04 19:45:00+00:00,MARKET_ONLY,0.43152454780361754,0.43152454780361754,2.2,0,NON_PIT,1.0,0.8630490956072351,COUNTERFACTUAL_NON_PIT,False
over_2_5,0,d31c285c01175392664f,2025-02-05 19:45:00+00:00,MARKET_ONLY,0.5,0.5,1.93,0,NON_PIT,1.0,1.0,COUNTERFACTUAL_NON_PIT,False
over_2_5,0,6c4b807d1dde6f6a46b6,2025-02-06 19:45:00+00:00,MARKET_ONLY,0.5,0.5,1.93,1,NON_PIT,1.0,1.0,COUNTERFACTUAL_NON_PIT,False
over_2_5,0,cf8e41360fb918a3a3e6,2025-02-07 19:45:00+00:00,MARKET_ONLY,0.4675324675324676,0.4675324675324676,2.05,0,NON_PIT,1.0,0.9350649350649352,COUNTERFACTUAL_NON_PIT,False
over_2_5,0,019297adcb72c6b25375,2025-02-08 12:30:00+00:00,MARKET_ONLY,0.5129533678756476,0.5129533678756476,1.88,1,NON_PIT,1.0,0.9740932642487048,COUNTERFACTUAL_NON_PIT,False
over_2_5,0,8998b078a523644ffdac,2025-02-08 12:30:00+00:00,MARKET_ONLY,0.375,0.375,2.5,0,NON_PIT,1.0,0.75,COUNTERFACTUAL_NON_PIT,False
over_2_5,0,99c699df2e8a3aa17e2f,2025-02-08 12:30:00+00:00,MARKET_ONLY,0.5259067357512953,0.5259067357512953,1.83,1,NON_PIT,1.0,0.9481865284974094,COUNTERFACTUAL_NON_PIT,False
over_2_5,0,9f94419477e38b6bfecc,2025-02-08 12:30:00+00:00,MARKET_ONLY,0.4516971279373368,0.4516971279373368,2.1,1,NON_PIT,1.0,0.9033942558746736,COUNTERFACTUAL_NON_PIT,False
over_2_5,0,dd24d530ea3c9959c6c9,2025-02-08 12:30:00+00:00,MARKET_ONLY,0.4540682414698162,0.4540682414698162,2.08,0,NON_PIT,1.0,0.9081364829396325,COUNTERFACTUAL_NON_PIT,False
over_2_5,0,dd751cb7ed3eb0404328,2025-02-08 12:30:00+00:00,MARKET_ONLY,0.4675324675324676,0.4675324675324676,2.05,1,NON_PIT,1.0,0.9350649350649352,COUNTERFACTUAL_NON_PIT,False
over_2_5,0,1223857b4c670e36bbe9,2025-02-08 15:00:00+00:00,MARKET_ONLY,0.4473684210526316,0.4473684210526316,2.1,0,NON_PIT,1.0,0.8947368421052632,COUNTERFACTUAL_NON_PIT,False
over_2_5,0,1abbdc3ec34c71c433fb,2025-02-08 15:00:00+00:00,MARKET_ONLY,0.4870466321243523,0.4870466321243523,1.98,0,NON_PIT,1.0,0.9740932642487046,COUNTERFACTUAL_NON_PIT,False
over_2_5,0,403e0dfe02319a487d4d,2025-02-08 15:00:00+00:00,MARKET_ONLY,0.4540682414698162,0.4540682414698162,2.08,1,NON_PIT,1.0,0.9081364829396325,COUNTERFACTUAL_NON_PIT,False
over_2_5,0,43da13ed0f5a08aadafe,2025-02-08 15:00:00+00:00,MARKET_ONLY,0.4805194805194806,0.4805194805194806,2.0,1,NON_PIT,1.0,0.9610389610389612,COUNTERFACTUAL_NON_PIT,False
over_2_5,0,45ce57170352ab174ba0,2025-02-08 15:00:00+00:00,MARKET_ONLY,0.4675324675324676,0.4675324675324676,2.05,0,NON_PIT,1.0,0.9350649350649352,COUNTERFACTUAL_NON_PIT,False
over_2_5,0,4c2dc7e8a58c344691f9,2025-02-08 15:00:00+00:00,MARKET_ONLY,0.49350649350649356,0.49350649350649356,1.95,0,NON_PIT,1.0,0.9870129870129871,COUNTERFACTUAL_NON_PIT,False
over_2_5,0,54863c5b86db688cc633,2025-02-08 15:00:00+00:00,MARKET_ONLY,0.6106870229007634,0.6106870229007634,1.53,1,NON_PIT,1.0,0.7786259541984732,COUNTERFACTUAL_NON_PIT,False
over_2_5,0,59debf91cc6c96822619,2025-02-08 15:00:00+00:00,MARKET_ONLY,0.5459317585301837,0.5459317585301837,1.73,0,NON_PIT,1.0,0.9081364829396326,COUNTERFACTUAL_NON_PIT,False
over_2_5,0,82aa9ef68968b093948c,2025-02-08 15:00:00+00:00,MARKET_ONLY,0.5,0.5,1.93,1,NON_PIT,1.0,1.0,COUNTERFACTUAL_NON_PIT,False
over_2_5,0,87aa671e7f9063119baa,2025-02-08 15:00:00+00:00,MARKET_ONLY,0.5129533678756476,0.5129533678756476,1.88,0,NON_PIT,1.0,0.9740932642487048,COUNTERFACTUAL_NON_PIT,False
over_2_5,0,b281a7df5d78678f4960,2025-02-08 15:00:00+00:00,MARKET_ONLY,0.3893129770992367,0.3893129770992367,2.4,0,NON_PIT,1.0,0.7786259541984734,COUNTERFACTUAL_NON_PIT,False
over_2_5,0,cb6559120d53e975c4b1,2025-02-08 15:00:00+00:00,MARKET_ONLY,0.41025641025641024,0.41025641025641024,2.3,1,NON_PIT,1.0,0.8205128205128205,COUNTERFACTUAL_NON_PIT,False
over_2_5,0,e291d64d3fc2fddc657b,2025-02-08 15:00:00+00:00,MARKET_ONLY,0.4540682414698162,0.4540682414698162,2.08,0,NON_PIT,1.0,0.9081364829396325,COUNTERFACTUAL_NON_PIT,False
over_2_5,0,ec2a4bb36ea678a3082c,2025-02-08 15:00:00+00:00,MARKET_ONLY,0.375,0.375,2.5,1,NON_PIT,1.0,0.75,COUNTERFACTUAL_NON_PIT,False
over_2_5,0,ef8e79c44d2b5c5ae5df,2025-02-08 15:00:00+00:00,MARKET_ONLY,0.5628272251308901,0.5628272251308901,1.67,0,NON_PIT,1.0,0.8743455497382198,COUNTERFACTUAL_NON_PIT,False
over_2_5,0,ffa9cfd1671d053b7a5b,2025-02-08 15:00:00+00:00,MARKET_ONLY,0.5129533678756476,0.5129533678756476,1.88,1,NON_PIT,1.0,0.9740932642487048,COUNTERFACTUAL_NON_PIT,False
over_2_5,0,d9839abe57e3a7aac041,2025-02-09 12:00:00+00:00,MARKET_ONLY,0.4516971279373368,0.4516971279373368,2.1,0,NON_PIT,1.0,0.9033942558746736,COUNTERFACTUAL_NON_PIT,False
over_2_5,0,0e0a52fd10480e38d563,2025-02-11 19:45:00+00:00,MARKET_ONLY,0.5526315789473685,0.5526315789473685,1.7,1,NON_PIT,1.0,0.894736842105263,COUNTERFACTUAL_NON_PIT,False
over_2_5,0,145543268280f996daa6,2025-02-11 19:45:00+00:00,MARKET_ONLY,0.47409326424870474,0.47409326424870474,2.03,1,NON_PIT,1.0,0.9481865284974095,COUNTERFACTUAL_NON_PIT,False
over_2_5,0,1646865737d2d6c35e5a,2025-02-11 19:45:00+00:00,MARKET_ONLY,0.4473684210526316,0.4473684210526316,2.1,0,NON_PIT,1.0,0.8947368421052632,COUNTERFACTUAL_NON_PIT,False
over_2_5,0,1bbaa6f11c2595862338,2025-02-11 19:45:00+00:00,MARKET_ONLY,0.47409326424870474,0.47409326424870474,2.03,0,NON_PIT,1.0,0.9481865284974095,COUNTERFACTUAL_NON_PIT,False
over_2_5,0,392d18010e0903762813,2025-02-11 19:45:00+00:00,MARKET_ONLY,0.3436754176610979,0.3436754176610979,2.75,0,NON_PIT,1.0,0.6873508353221958,COUNTERFACTUAL_NON_PIT,False
over_2_5,0,3a2fc8d4d0ec9b7384f3,2025-02-11 19:45:00+00:00,MARKET_ONLY,0.43152454780361754,0.43152454780361754,2.2,1,NON_PIT,1.0,0.8630490956072351,COUNTERFACTUAL_NON_PIT,False
over_2_5,0,3c5e400106dc43d13019,2025-02-11 19:45:00+00:00,MARKET_ONLY,0.4805194805194806,0.4805194805194806,2.0,0,NON_PIT,1.0,0.9610389610389612,COUNTERFACTUAL_NON_PIT,False
over_2_5,0,3c7cadc85e4becc17c23,2025-02-11 19:45:00+00:00,MARKET_ONLY,0.43717277486910994,0.43717277486910994,2.15,1,NON_PIT,1.0,0.8743455497382199,COUNTERFACTUAL_NON_PIT,False
over_2_5,0,43afc2458f9447245ccb,2025-02-11 19:45:00+00:00,MARKET_ONLY,0.4473684210526316,0.4473684210526316,2.1,0,NON_PIT,1.0,0.8947368421052632,COUNTERFACTUAL_NON_PIT,False
over_2_5,0,60b02e68047773008b24,2025-02-11 19:45:00+00:00,MARKET_ONLY,0.4805194805194806,0.4805194805194806,2.0,0,NON_PIT,1.0,0.9610389610389612,COUNTERFACTUAL_NON_PIT,False
over_2_5,0,63a8fe62728556166a31,2025-02-11 19:45:00+00:00,MARKET_ONLY,0.5483028720626633,0.5483028720626633,1.73,1,NON_PIT,1.0,0.9033942558746735,COUNTERFACTUAL_NON_PIT,False
over_2_5,0,700ca25878ac4cf51c31,2025-02-11 19:45:00+00:00,MARKET_ONLY,0.375,0.375,2.5,1,NON_PIT,1.0,0.75,COUNTERFACTUAL_NON_PIT,False
over_2_5,0,7191ebd5d10a71c0d5bd,2025-02-11 19:45:00+00:00,MARKET_ONLY,0.4870466321243523,0.4870466321243523,1.98,0,NON_PIT,1.0,0.9740932642487046,COUNTERFACTUAL_NON_PIT,False
over_2_5,0,88a5e2b6f74b437683b8,2025-02-11 19:45:00+00:00,MARKET_ONLY,0.46052631578947373,0.46052631578947373,2.05,0,NON_PIT,1.0,0.9210526315789475,COUNTERFACTUAL_NON_PIT,False
over_2_5,0,96495a6a4784c9dc9c7e,2025-02-11 19:45:00+00:00,MARKET_ONLY,0.5897435897435896,0.5897435897435896,1.6,1,NON_PIT,1.0,0.8205128205128207,COUNTERFACTUAL_NON_PIT,False
over_2_5,0,f9f3ea5f6d79aee6ca14,2025-02-11 19:45:00+00:00,MARKET_ONLY,0.46052631578947373,0.46052631578947373,2.05,1,NON_PIT,1.0,0.9210526315789475,COUNTERFACTUAL_NON_PIT,False
over_2_5,0,6c57115e61d79ef3cbf4,2025-02-11 20:00:00+00:00,MARKET_ONLY,0.4473684210526316,0.4473684210526316,2.1,0,NON_PIT,1.0,0.8947368421052632,COUNTERFACTUAL_NON_PIT,False
over_2_5,0,8aaa1619a7147082326c,2025-02-11 20:00:00+00:00,MARKET_ONLY,0.4516971279373368,0.4516971279373368,2.1,0,NON_PIT,1.0,0.9033942558746736,COUNTERFACTUAL_NON_PIT,False
over_2_5,0,a33184783ff1626c01ec,2025-02-12 19:30:00+00:00,MARKET_ONLY,0.5483028720626633,0.5483028720626633,1.73,1,NON_PIT,1.0,0.9033942558746735,COUNTERFACTUAL_NON_PIT,False
over_2_5,0,063060c5a252095218b5,2025-02-12 19:45:00+00:00,MARKET_ONLY,0.4516971279373368,0.4516971279373368,2.1,0,NON_PIT,1.0,0.9033942558746736,COUNTERFACTUAL_NON_PIT,False
over_2_5,0,643af3d3befc65191859,2025-02-12 19:45:00+00:00,MARKET_ONLY,0.4805194805194806,0.4805194805194806,2.0,0,NON_PIT,1.0,0.9610389610389612,COUNTERFACTUAL_NON_PIT,False
over_2_5,0,b03c6f51fb6475b80992,2025-02-12 19:45:00+00:00,MARKET_ONLY,0.3796526054590571,0.3796526054590571,2.5,1,NON_PIT,1.0,0.7593052109181142,COUNTERFACTUAL_NON_PIT,False
over_2_5,0,c28843f5c6642fa48b0b,2025-02-12 19:45:00+00:00,MARKET_ONLY,0.39746835443037976,0.39746835443037976,2.38,0,NON_PIT,1.0,0.7949367088607595,COUNTERFACTUAL_NON_PIT,False
over_2_5,0,ea2bd049abe175c5d859,2025-02-12 19:45:00+00:00,MARKET_ONLY,0.4805194805194806,0.4805194805194806,2.0,0,NON_PIT,1.0,0.9610389610389612,COUNTERFACTUAL_NON_PIT,False
over_2_5,0,0c19a35d3b8422d6bb34,2025-02-12 20:00:00+00:00,MARKET_ONLY,0.4675324675324676,0.4675324675324676,2.05,0,NON_PIT,1.0,0.9350649350649352,COUNTERFACTUAL_NON_PIT,False
over_2_5,0,0f7de03c9b8a437264bd,2025-02-12 20:00:00+00:00,MARKET_ONLY,0.5,0.5,1.93,1,NON_PIT,1.0,1.0,COUNTERFACTUAL_NON_PIT,False
over_2_5,0,3002c97802b478186e1c,2025-02-13 20:00:00+00:00,MARKET_ONLY,0.5,0.5,1.93,0,NON_PIT,1.0,1.0,COUNTERFACTUAL_NON_PIT,False
over_2_5,0,5a3f932ee1393b86dd68,2025-02-14 20:00:00+00:00,MARKET_ONLY,0.6025316455696202,0.6025316455696202,1.57,1,NON_PIT,1.0,0.7949367088607595,COUNTERFACTUAL_NON_PIT,False
over_2_5,0,9fb4265317229ad655b3,2025-02-14 20:00:00+00:00,MARKET_ONLY,0.36319612590799033,0.36319612590799033,2.63,1,NON_PIT,1.0,0.7263922518159807,COUNTERFACTUAL_NON_PIT,False
over_2_5,0,02df4a1da018d3dd5764,2025-02-15 12:30:00+00:00,MARKET_ONLY,0.4285714285714286,0.4285714285714286,2.2,0,NON_PIT,1.0,0.8571428571428572,COUNTERFACTUAL_NON_PIT,False
over_2_5,0,070d2c0aaf29b17044e4,2025-02-15 12:30:00+00:00,MARKET_ONLY,0.5483028720626633,0.5483028720626633,1.73,0,NON_PIT,1.0,0.9033942558746735,COUNTERFACTUAL_NON_PIT,False
over_2_5,0,2102a81bab4ae5b446ad,2025-02-15 12:30:00+00:00,MARKET_ONLY,0.4516971279373368,0.4516971279373368,2.1,0,NON_PIT,1.0,0.9033942558746736,COUNTERFACTUAL_NON_PIT,False
over_2_5,0,23fd8c930c4bca93a5cf,2025-02-15 12:30:00+00:00,MARKET_ONLY,0.4005102040816326,0.4005102040816326,2.35,0,NON_PIT,1.0,0.8010204081632653,COUNTERFACTUAL_NON_PIT,False
over_2_5,0,484ecfb06312fb9720ba,2025-02-15 12:30:00+00:00,MARKET_ONLY,0.43152454780361754,0.43152454780361754,2.2,0,NON_PIT,1.0,0.8630490956072351,COUNTERFACTUAL_NON_PIT,False
over_2_5,0,53c1bd0257e72311d07b,2025-02-15 12:30:00+00:00,MARKET_ONLY,0.5526315789473685,0.5526315789473685,1.7,1,NON_PIT,1.0,0.894736842105263,COUNTERFACTUAL_NON_PIT,False
over_2_5,0,7216d9358760264e3159,2025-02-15 12:30:00+00:00,MARKET_ONLY,0.4805194805194806,0.4805194805194806,2.0,0,NON_PIT,1.0,0.9610389610389612,COUNTERFACTUAL_NON_PIT,False
over_2_5,0,a8adf621ccdca3c606ed,2025-02-15 12:30:00+00:00,MARKET_ONLY,0.3436754176610979,0.3436754176610979,2.75,0,NON_PIT,1.0,0.6873508353221958,COUNTERFACTUAL_NON_PIT,False
over_2_5,0,11b32f126b5ebe1e82ff,2025-02-15 15:00:00+00:00,MARKET_ONLY,0.4870466321243523,0.4870466321243523,1.98,0,NON_PIT,1.0,0.9740932642487046,COUNTERFACTUAL_NON_PIT,False
over_2_5,0,13a8a336cfdfb5fa3747,2025-02-15 15:00:00+00:00,MARKET_ONLY,0.5,0.5,1.93,1,NON_PIT,1.0,1.0,COUNTERFACTUAL_NON_PIT,False
over_2_5,0,1eb7f7c1c9a2cb26e346,2025-02-15 15:00:00+00:00,MARKET_ONLY,0.4870466321243523,0.4870466321243523,1.98,0,NON_PIT,1.0,0.9740932642487046,COUNTERFACTUAL_NON_PIT,False
over_2_5,0,2425b5228eacdcbf9519,2025-02-15 15:00:00+00:00,MARKET_ONLY,0.4805194805194806,0.4805194805194806,2.0,0,NON_PIT,1.0,0.9610389610389612,COUNTERFACTUAL_NON_PIT,False
over_2_5,0,2d4efb3b5524335681b3,2025-02-15 15:00:00+00:00,MARKET_ONLY,0.6025316455696202,0.6025316455696202,1.57,0,NON_PIT,1.0,0.7949367088607595,COUNTERFACTUAL_NON_PIT,False
over_2_5,0,2dcc79aa5f482de56f91,2025-02-15 15:00:00+00:00,MARKET_ONLY,0.43152454780361754,0.43152454780361754,2.2,0,NON_PIT,1.0,0.8630490956072351,COUNTERFACTUAL_NON_PIT,False
over_2_5,0,30956d4ce64e57ae620f,2025-02-15 15:00:00+00:00,MARKET_ONLY,0.586734693877551,0.586734693877551,1.62,0,NON_PIT,1.0,0.8265306122448981,COUNTERFACTUAL_NON_PIT,False
over_2_5,0,3ecbf0dd9e9b1ff1bb4f,2025-02-15 15:00:00+00:00,MARKET_ONLY,0.41025641025641024,0.41025641025641024,2.3,1,NON_PIT,1.0,0.8205128205128205,COUNTERFACTUAL_NON_PIT,False
over_2_5,0,3f048c103733ad70d7d0,2025-02-15 15:00:00+00:00,MARKET_ONLY,0.6368038740920097,0.6368038740920097,1.5,1,NON_PIT,1.0,0.7263922518159807,COUNTERFACTUAL_NON_PIT,False
over_2_5,0,43185c5dcc02dda3766e,2025-02-15 15:00:00+00:00,MARKET_ONLY,0.46052631578947373,0.46052631578947373,2.05,1,NON_PIT,1.0,0.9210526315789475,COUNTERFACTUAL_NON_PIT,False
over_2_5,0,497a1d847c0e39e28390,2025-02-15 15:00:00+00:00,MARKET_ONLY,0.4186046511627907,0.4186046511627907,2.25,0,NON_PIT,1.0,0.8372093023255814,COUNTERFACTUAL_NON_PIT,False
over_2_5,0,4b99b4d6e2a5efbef4f3,2025-02-15 15:00:00+00:00,MARKET_ONLY,0.5,0.5,1.93,1,NON_PIT,1.0,1.0,COUNTERFACTUAL_NON_PIT,False
over_2_5,0,4e71fe9abeca013bd568,2025-02-15 15:00:00+00:00,MARKET_ONLY,0.4516971279373368,0.4516971279373368,2.1,1,NON_PIT,1.0,0.9033942558746736,COUNTERFACTUAL_NON_PIT,False
over_2_5,0,5376a218e9609a3f8583,2025-02-15 15:00:00+00:00,MARKET_ONLY,0.4186046511627907,0.4186046511627907,2.25,1,NON_PIT,1.0,0.8372093023255814,COUNTERFACTUAL_NON_PIT,False
over_2_5,0,62b4bf36b6c21fef34af,2025-02-15 15:00:00+00:00,MARKET_ONLY,0.3627450980392157,0.3627450980392157,2.6,0,NON_PIT,1.0,0.7254901960784313,COUNTERFACTUAL_NON_PIT,False
over_2_5,0,66e04e8ee48af26951b0,2025-02-15 15:00:00+00:00,MARKET_ONLY,0.6563245823389022,0.6563245823389022,1.44,1,NON_PIT,1.0,0.6873508353221955,COUNTERFACTUAL_NON_PIT,False
over_2_5,0,772ae885c9f2dbbacc1a,2025-02-15 15:00:00+00:00,MARKET_ONLY,0.3893129770992367,0.3893129770992367,2.4,0,NON_PIT,1.0,0.7786259541984734,COUNTERFACTUAL_NON_PIT,False
over_2_5,0,77a30eaef6169ee1c71f,2025-02-15 15:00:00+00:00,MARKET_ONLY,0.4805194805194806,0.4805194805194806,2.0,0,NON_PIT,1.0,0.9610389610389612,COUNTERFACTUAL_NON_PIT,False
over_2_5,0,8cacbbe5fa80bd47090c,2025-02-15 15:00:00+00:00,MARKET_ONLY,0.4516971279373368,0.4516971279373368,2.1,1,NON_PIT,1.0,0.9033942558746736,COUNTERFACTUAL_NON_PIT,False
over_2_5,0,adf9e7c9188c675bcde6,2025-02-15 15:00:00+00:00,MARKET_ONLY,0.5064935064935064,0.5064935064935064,1.9,1,NON_PIT,1.0,0.9870129870129871,COUNTERFACTUAL_NON_PIT,False
over_2_5,0,b4ff94e6b1ef9b1889d8,2025-02-15 15:00:00+00:00,MARKET_ONLY,0.3796526054590571,0.3796526054590571,2.5,0,NON_PIT,1.0,0.7593052109181142,COUNTERFACTUAL_NON_PIT,False
over_2_5,0,b501ddf73d0be3c83de8,2025-02-15 15:00:00+00:00,MARKET_ONLY,0.4870466321243523,0.4870466321243523,1.98,1,NON_PIT,1.0,0.9740932642487046,COUNTERFACTUAL_NON_PIT,False
over_2_5,0,b704bc44b941697900c2,2025-02-15 15:00:00+00:00,MARKET_ONLY,0.4870466321243523,0.4870466321243523,1.98,1,NON_PIT,1.0,0.9740932642487046,COUNTERFACTUAL_NON_PIT,False
over_2_5,0,c9e5efa0b4afc0f54fff,2025-02-15 15:00:00+00:00,MARKET_ONLY,0.4473684210526316,0.4473684210526316,2.1,0,NON_PIT,1.0,0.8947368421052632,COUNTERFACTUAL_NON_PIT,False
over_2_5,0,d9a5c8c881f77c6a211f,2025-02-15 15:00:00+00:00,MARKET_ONLY,0.4473684210526316,0.4473684210526316,2.1,0,NON_PIT,1.0,0.8947368421052632,COUNTERFACTUAL_NON_PIT,False
over_2_5,0,e1a853808067756d7f16,2025-02-15 15:00:00+00:00,MARKET_ONLY,0.5194805194805195,0.5194805194805195,1.85,0,NON_PIT,1.0,0.9610389610389609,COUNTERFACTUAL_NON_PIT,False
over_2_5,0,e5f5042b1743a4d15e78,2025-02-15 15:00:00+00:00,MARKET_ONLY,0.4675324675324676,0.4675324675324676,2.05,0,NON_PIT,1.0,0.9350649350649352,COUNTERFACTUAL_NON_PIT,False
over_2_5,0,e6d7ecd0ec4d76af4cfb,2025-02-15 15:00:00+00:00,MARKET_ONLY,0.5,0.5,1.93,1,NON_PIT,1.0,1.0,COUNTERFACTUAL_NON_PIT,False
over_2_5,0,eadc6ebedb0003a2e6bd,2025-02-15 15:00:00+00:00,MARKET_ONLY,0.586734693877551,0.586734693877551,1.62,0,NON_PIT,1.0,0.8265306122448981,COUNTERFACTUAL_NON_PIT,False
over_2_5,0,eb76aeb579c12435172a,2025-02-15 15:00:00+00:00,MARKET_ONLY,0.4473684210526316,0.4473684210526316,2.1,0,NON_PIT,1.0,0.8947368421052632,COUNTERFACTUAL_NON_PIT,False
over_2_5,0,fd15111696c7ad6f085b,2025-02-15 15:00:00+00:00,MARKET_ONLY,0.4870466321243523,0.4870466321243523,1.98,0,NON_PIT,1.0,0.9740932642487046,COUNTERFACTUAL_NON_PIT,False
over_2_5,0,7e579ff73afb55d32e6d,2025-02-15 17:30:00+00:00,MARKET_ONLY,0.43152454780361754,0.43152454780361754,2.2,1,NON_PIT,1.0,0.8630490956072351,COUNTERFACTUAL_NON_PIT,False
over_2_5,0,83de72bf9d5827a65026,2025-02-16 14:00:00+00:00,MARKET_ONLY,0.7017543859649122,0.7017543859649122,1.36,1,NON_PIT,1.0,0.5964912280701755,COUNTERFACTUAL_NON_PIT,False
over_2_5,0,6d6fea6d42b9a22da8de,2025-02-16 16:30:00+00:00,MARKET_ONLY,0.6368038740920097,0.6368038740920097,1.5,0,NON_PIT,1.0,0.7263922518159807,COUNTERFACTUAL_NON_PIT,False
over_2_5,0,a2b17a2095cba6b3f696,2025-02-17 20:00:00+00:00,MARKET_ONLY,0.5,0.5,1.93,1,NON_PIT,1.0,1.0,COUNTERFACTUAL_NON_PIT,False
over_2_5,0,3cfdf5f27ea04b313c89,2025-02-18 19:45:00+00:00,MARKET_ONLY,0.4005102040816326,0.4005102040816326,2.35,1,NON_PIT,1.0,0.8010204081632653,COUNTERFACTUAL_NON_PIT,False
over_2_5,0,9cca4287bd1142cea4fd,2025-02-18 19:45:00+00:00,MARKET_ONLY,0.5394736842105263,0.5394736842105263,1.75,0,NON_PIT,1.0,0.9210526315789473,COUNTERFACTUAL_NON_PIT,False
over_2_5,0,a9466d691db3bdd69c71,2025-02-18 19:45:00+00:00,MARKET_ONLY,0.375,0.375,2.5,0,NON_PIT,1.0,0.75,COUNTERFACTUAL_NON_PIT,False
over_2_5,0,ac303e1f903fa42fb93e,2025-02-18 19:45:00+00:00,MARKET_ONLY,0.375,0.375,2.5,0,NON_PIT,1.0,0.75,COUNTERFACTUAL_NON_PIT,False
over_2_5,0,bf4c78e7e646d45c5288,2025-02-18 19:45:00+00:00,MARKET_ONLY,0.2982456140350877,0.2982456140350877,3.2,0,NON_PIT,1.0,0.5964912280701754,COUNTERFACTUAL_NON_PIT,False
over_2_5,0,d6a935b67f1f0af3fbc1,2025-02-18 19:45:00+00:00,MARKET_ONLY,0.4870466321243523,0.4870466321243523,1.98,0,NON_PIT,1.0,0.9740932642487046,COUNTERFACTUAL_NON_PIT,False
over_2_5,0,d75530628cd9de002697,2025-02-18 19:45:00+00:00,MARKET_ONLY,0.43717277486910994,0.43717277486910994,2.15,0,NON_PIT,1.0,0.8743455497382199,COUNTERFACTUAL_NON_PIT,False
over_2_5,0,dfd731bedfe6a3d721e2,2025-02-18 19:45:00+00:00,MARKET_ONLY,0.4005102040816326,0.4005102040816326,2.35,0,NON_PIT,1.0,0.8010204081632653,COUNTERFACTUAL_NON_PIT,False
over_2_5,0,29d25f95fec2d96fc585,2024-12-21 15:00:00+00:00,BASELINE,0.5051847206185018,0.4870466321243523,1.98,0,NON_PIT,1.0,0.9896305587629963,COUNTERFACTUAL_NON_PIT,False
over_2_5,0,2aaf3d634aab015519b4,2024-12-21 15:00:00+00:00,BASELINE,0.5413590859216519,0.5,1.93,1,NON_PIT,1.0,0.9172818281566961,COUNTERFACTUAL_NON_PIT,False
over_2_5,0,3abe3f50e1bd8de3c623,2024-12-21 15:00:00+00:00,BASELINE,0.5050338995862192,0.4870466321243523,1.98,1,NON_PIT,1.0,0.9899322008275615,COUNTERFACTUAL_NON_PIT,False
over_2_5,0,45a14f4d6ff492773cd7,2024-12-21 15:00:00+00:00,BASELINE,0.5027292953986927,0.39746835443037976,2.38,0,NON_PIT,1.0,0.9945414092026146,COUNTERFACTUAL_NON_PIT,False
over_2_5,0,45c0796dbab55cb76430,2024-12-21 15:00:00+00:00,BASELINE,0.6064391093203516,0.5,1.93,1,NON_PIT,1.0,0.7871217813592968,COUNTERFACTUAL_NON_PIT,False
over_2_5,0,4e64ad78c227d6f24b38,2024-12-21 15:00:00+00:00,BASELINE,0.5671597312142339,0.6368038740920097,1.5,0,NON_PIT,1.0,0.8656805375715322,COUNTERFACTUAL_NON_PIT,False
over_2_5,0,5018f0ff7f6311f917a1,2024-12-21 15:00:00+00:00,BASELINE,0.5769242918092446,0.6203473945409429,1.53,1,NON_PIT,1.0,0.8461514163815107,COUNTERFACTUAL_NON_PIT,False
over_2_5,0,56419065b89c707a641d,2024-12-21 15:00:00+00:00,BASELINE,0.5775737036330378,0.5526315789473685,1.7,1,NON_PIT,1.0,0.8448525927339243,COUNTERFACTUAL_NON_PIT,False
over_2_5,0,56d9121f353c92614127,2024-12-21 15:00:00+00:00,BASELINE,0.5092301365125993,0.4675324675324676,2.05,0,NON_PIT,1.0,0.9815397269748014,COUNTERFACTUAL_NON_PIT,False
over_2_5,0,76e0438dc5dd6c6bad10,2024-12-21 15:00:00+00:00,BASELINE,0.5756000683594927,0.46052631578947373,2.05,0,NON_PIT,1.0,0.8487998632810145,COUNTERFACTUAL_NON_PIT,False
over_2_5,0,8b917e3dc5e5cafe5539,2024-12-21 15:00:00+00:00,BASELINE,0.5844679911400827,0.586734693877551,1.62,1,NON_PIT,1.0,0.8310640177198345,COUNTERFACTUAL_NON_PIT,False
over_2_5,0,a65d523247f1c8538fb0,2024-12-21 15:00:00+00:00,BASELINE,0.5538212301307924,0.49350649350649356,1.95,0,NON_PIT,1.0,0.8923575397384151,COUNTERFACTUAL_NON_PIT,False
over_2_5,0,ba4ec0a6a75d479fdd49,2024-12-21 15:00:00+00:00,BASELINE,0.5358330070320475,0.4805194805194806,2.0,0,NON_PIT,1.0,0.928333985935905,COUNTERFACTUAL_NON_PIT,False
over_2_5,0,cd085d7d4c51895085ce,2024-12-21 15:00:00+00:00,BASELINE,0.558226730742805,0.4516971279373368,2.1,0,NON_PIT,1.0,0.8835465385143899,COUNTERFACTUAL_NON_PIT,False
over_2_5,0,df58317230b689854d9a,2024-12-21 15:00:00+00:00,BASELINE,0.5197989922345192,0.3796526054590571,2.5,1,NON_PIT,1.0,0.9604020155309616,COUNTERFACTUAL_NON_PIT,False
over_2_5,0,e1437b8858b1f3ffa907,2024-12-21 15:00:00+00:00,BASELINE,0.5748855247513179,0.5483028720626633,1.73,0,NON_PIT,1.0,0.8502289504973641,COUNTERFACTUAL_NON_PIT,False
over_2_5,0,e90a3dbb5cfed95ea1bf,2024-12-21 15:00:00+00:00,BASELINE,0.5757449024797712,0.5,1.93,1,NON_PIT,1.0,0.8485101950404577,COUNTERFACTUAL_NON_PIT,False
over_2_5,0,f974d5599df93a3b56d4,2024-12-21 15:00:00+00:00,BASELINE,0.5361774242562479,0.4285714285714286,2.2,0,NON_PIT,1.0,0.9276451514875041,COUNTERFACTUAL_NON_PIT,False
over_2_5,0,ff35410a3ffd60d6f7c4,2024-12-21 15:00:00+00:00,BASELINE,0.5345960765571618,0.6025316455696202,1.57,1,NON_PIT,1.0,0.9308078468856764,COUNTERFACTUAL_NON_PIT,False
over_2_5,0,b397ce3078d80d777647,2024-12-21 17:30:00+00:00,BASELINE,0.5541668822554631,0.5205128205128204,1.87,1,NON_PIT,1.0,0.8916662354890739,COUNTERFACTUAL_NON_PIT,False
over_2_5,0,3caba1b9376c76ba923d,2024-12-22 14:00:00+00:00,BASELINE,0.599100833931787,0.6025316455696202,1.57,1,NON_PIT,1.0,0.8017983321364259,COUNTERFACTUAL_NON_PIT,False
over_2_5,0,b3266b8da0b85fb9367a,2024-12-22 14:00:00+00:00,BASELINE,0.6070883163995038,0.5684754521963824,1.67,1,NON_PIT,1.0,0.7858233672009924,COUNTERFACTUAL_NON_PIT,False
over_2_5,0,c948fa136a4a5210a5e5,2024-12-22 14:00:00+00:00,BASELINE,0.6078376506874578,0.6025316455696202,1.57,0,NON_PIT,1.0,0.7843246986250845,COUNTERFACTUAL_NON_PIT,False
over_2_5,0,e2e3ca334383701751d8,2024-12-22 14:00:00+00:00,BASELINE,0.5818372602927455,0.5684754521963824,1.67,0,NON_PIT,1.0,0.836325479414509,COUNTERFACTUAL_NON_PIT,False
over_2_5,0,96b7fda81792657d9b2b,2024-12-22 15:00:00+00:00,BASELINE,0.5557342156903616,0.4516971279373368,2.1,0,NON_PIT,1.0,0.8885315686192767,COUNTERFACTUAL_NON_PIT,False
over_2_5,0,4802d4c58253e396632b,2024-12-22 16:30:00+00:00,BASELINE,0.6425357336033289,0.7291666666666667,1.3,1,NON_PIT,1.0,0.7149285327933421,COUNTERFACTUAL_NON_PIT,False
over_2_5,0,1aa9e563e44954c32617,2024-12-23 20:00:00+00:00,BASELINE,0.5494440624445989,0.5813953488372093,1.62,0,NON_PIT,1.0,0.9011118751108023,COUNTERFACTUAL_NON_PIT,False
over_2_5,0,3bd76e3db01bf4dd4d62,2024-12-26 12:30:00+00:00,BASELINE,0.5917478034142036,0.6203473945409429,1.53,0,NON_PIT,1.0,0.8165043931715927,COUNTERFACTUAL_NON_PIT,False
over_2_5,0,22ce4512ae0f893d8036,2024-12-26 13:00:00+00:00,BASELINE,0.56226390456861,0.5,1.93,1,NON_PIT,1.0,0.87547219086278,COUNTERFACTUAL_NON_PIT,False
over_2_5,0,0abf43c678c6bb966c5f,2024-12-26 15:00:00+00:00,BASELINE,0.5648640615586629,0.5483028720626633,1.73,0,NON_PIT,1.0,0.8702718768826743,COUNTERFACTUAL_NON_PIT,False
over_2_5,0,0e1964de55499721c16c,2024-12-26 15:00:00+00:00,BASELINE,0.54808219310157,0.5194805194805195,1.85,1,NON_PIT,1.0,0.90383561379686,COUNTERFACTUAL_NON_PIT,False
over_2_5,0,18faf5854e69fcb07373,2024-12-26 15:00:00+00:00,BASELINE,0.6180157646938222,0.586734693877551,1.62,1,NON_PIT,1.0,0.7639684706123555,COUNTERFACTUAL_NON_PIT,False
over_2_5,0,2ee5e564fcc8068970ab,2024-12-26 15:00:00+00:00,BASELINE,0.5203040346230613,0.5129533678756476,1.88,1,NON_PIT,1.0,0.9593919307538774,COUNTERFACTUAL_NON_PIT,False
over_2_5,0,31332262859bce8ad338,2024-12-26 15:00:00+00:00,BASELINE,0.5976884918496981,0.6563245823389022,1.44,1,NON_PIT,1.0,0.8046230163006038,COUNTERFACTUAL_NON_PIT,False
over_2_5,0,36f04d03b9eb3a941272,2024-12-26 15:00:00+00:00,BASELINE,0.5627420765579616,0.4516971279373368,2.1,0,NON_PIT,1.0,0.8745158468840768,COUNTERFACTUAL_NON_PIT,False
over_2_5,0,3934a1b2250b0a7dfd44,2024-12-26 15:00:00+00:00,BASELINE,0.5231964278074703,0.4285714285714286,2.2,0,NON_PIT,1.0,0.9536071443850593,COUNTERFACTUAL_NON_PIT,False
over_2_5,0,44e422d3ec241fff23f6,2024-12-26 15:00:00+00:00,BASELINE,0.5560509874212931,0.5526315789473685,1.7,1,NON_PIT,1.0,0.8878980251574138,COUNTERFACTUAL_NON_PIT,False
over_2_5,0,46b77b6bd90160a62b58,2024-12-26 15:00:00+00:00,BASELINE,0.5730328349658146,0.4516971279373368,2.1,1,NON_PIT,1.0,0.8539343300683708,COUNTERFACTUAL_NON_PIT,False
over_2_5,0,4b219552d54420a8dce3,2024-12-26 15:00:00+00:00,BASELINE,0.5245282219493063,0.5684754521963824,1.67,0,NON_PIT,1.0,0.9509435561013875,COUNTERFACTUAL_NON_PIT,False
over_2_5,0,5295734838a8e940e135,2024-12-26 15:00:00+00:00,BASELINE,0.5755642874948402,0.5064935064935064,1.9,1,NON_PIT,1.0,0.8488714250103195,COUNTERFACTUAL_NON_PIT,False
over_2_5,0,5e71638381af643a8a41,2024-12-26 15:00:00+00:00,BASELINE,0.5500302769632247,0.49350649350649356,1.95,0,NON_PIT,1.0,0.8999394460735506,COUNTERFACTUAL_NON_PIT,False
over_2_5,0,5f70ba1cf7c996d883e7,2024-12-26 15:00:00+00:00,BASELINE,0.5812279561598551,0.4675324675324676,2.05,0,NON_PIT,1.0,0.8375440876802898,COUNTERFACTUAL_NON_PIT,False
over_2_5,0,6265621764c5cdab9665,2024-12-26 15:00:00+00:00,BASELINE,0.56552764371857,0.5483028720626633,1.73,1,NON_PIT,1.0,0.86894471256286,COUNTERFACTUAL_NON_PIT,False
over_2_5,0,6912849fe3755bcd1771,2024-12-26 15:00:00+00:00,BASELINE,0.5213103409693771,0.4285714285714286,2.2,1,NON_PIT,1.0,0.9573793180612458,COUNTERFACTUAL_NON_PIT,False
over_2_5,0,6a27f35c00d5eed2ee05,2024-12-26 15:00:00+00:00,BASELINE,0.5412152099733315,0.5,1.93,0,NON_PIT,1.0,0.917569580053337,COUNTERFACTUAL_NON_PIT,False
over_2_5,0,6cfd53ff18a079207cb1,2024-12-26 15:00:00+00:00,BASELINE,0.49922246506691303,0.39746835443037976,2.38,0,NON_PIT,1.0,0.9984449301338261,COUNTERFACTUAL_NON_PIT,False
over_2_5,0,6e39a525136f1a0b1cb0,2024-12-26 15:00:00+00:00,BASELINE,0.5842483825074852,0.6368038740920097,1.5,0,NON_PIT,1.0,0.8315032349850295,COUNTERFACTUAL_NON_PIT,False
over_2_5,0,8233b804a0ba4f642b25,2024-12-26 15:00:00+00:00,BASELINE,0.5496882680634715,0.46052631578947373,2.05,0,NON_PIT,1.0,0.900623463873057,COUNTERFACTUAL_NON_PIT,False
over_2_5,0,830091a1468f540a850b,2024-12-26 15:00:00+00:00,BASELINE,0.5386618880667096,0.4285714285714286,2.2,1,NON_PIT,1.0,0.9226762238665809,COUNTERFACTUAL_NON_PIT,False
over_2_5,0,89246ca21a8f93f4dc07,2024-12-26 15:00:00+00:00,BASELINE,0.5405498133794101,0.43717277486910994,2.15,0,NON_PIT,1.0,0.9189003732411798,COUNTERFACTUAL_NON_PIT,False
over_2_5,0,98395fbf89c18517dedd,2024-12-26 15:00:00+00:00,BASELINE,0.5580262398490813,0.47409326424870474,2.03,0,NON_PIT,1.0,0.8839475203018374,COUNTERFACTUAL_NON_PIT,False
over_2_5,0,9c6a73c4497c665a930b,2024-12-26 15:00:00+00:00,BASELINE,0.5410696602680711,0.5628272251308901,1.67,1,NON_PIT,1.0,0.9178606794638577,COUNTERFACTUAL_NON_PIT,False
over_2_5,0,9ded14064b7fd29d6cce,2024-12-26 15:00:00+00:00,BASELINE,0.578661308641891,0.5628272251308901,1.67,0,NON_PIT,1.0,0.842677382716218,COUNTERFACTUAL_NON_PIT,False
over_2_5,0,a0aa4415cfdfdbb2cae8,2024-12-26 15:00:00+00:00,BASELINE,0.5836368161778542,0.47409326424870474,2.03,1,NON_PIT,1.0,0.8327263676442915,COUNTERFACTUAL_NON_PIT,False
over_2_5,0,ab7b8efaa7227aed8a00,2024-12-26 15:00:00+00:00,BASELINE,0.5801196111616506,0.5129533678756476,1.88,0,NON_PIT,1.0,0.8397607776766989,COUNTERFACTUAL_NON_PIT,False
over_2_5,0,c07f342f63e84989808e,2024-12-26 15:00:00+00:00,BASELINE,0.49351247561928,0.43152454780361754,2.2,1,NON_PIT,1.0,0.98702495123856,COUNTERFACTUAL_NON_PIT,False
over_2_5,0,c0a88b5ad6fcb105aa00,2024-12-26 15:00:00+00:00,BASELINE,0.5253647450866439,0.46052631578947373,2.05,1,NON_PIT,1.0,0.9492705098267122,COUNTERFACTUAL_NON_PIT,False
over_2_5,0,c30bd39d13ef65b10e16,2024-12-26 15:00:00+00:00,BASELINE,0.4844933117814696,0.4473684210526316,2.1,1,NON_PIT,1.0,0.9689866235629392,COUNTERFACTUAL_NON_PIT,False
over_2_5,0,c85bc42fb1027ff2d168,2024-12-26 15:00:00+00:00,BASELINE,0.5156042789331561,0.4285714285714286,2.2,1,NON_PIT,1.0,0.9687914421336878,COUNTERFACTUAL_NON_PIT,False
over_2_5,0,cf14d16f796330f1d5fd,2024-12-26 15:00:00+00:00,BASELINE,0.49564287494542214,0.6106870229007634,1.53,0,NON_PIT,1.0,0.9912857498908443,COUNTERFACTUAL_NON_PIT,False
over_2_5,0,d272ad2f567169850277,2024-12-26 15:00:00+00:00,BASELINE,0.536793233589295,0.5263157894736842,1.8,0,NON_PIT,1.0,0.92641353282141,COUNTERFACTUAL_NON_PIT,False
over_2_5,0,dad313a8f57c50ce9d21,2024-12-26 15:00:00+00:00,BASELINE,0.5143910460466292,0.43152454780361754,2.2,1,NON_PIT,1.0,0.9712179079067416,COUNTERFACTUAL_NON_PIT,False
over_2_5,0,dad55e83b5eafa0fa678,2024-12-26 15:00:00+00:00,BASELINE,0.5599484613537331,0.6368038740920097,1.5,1,NON_PIT,1.0,0.8801030772925338,COUNTERFACTUAL_NON_PIT,False
over_2_5,0,e7b80246145f44442b61,2024-12-26 15:00:00+00:00,BASELINE,0.5478265681634846,0.5628272251308901,1.67,1,NON_PIT,1.0,0.9043468636730307,COUNTERFACTUAL_NON_PIT,False
over_2_5,0,f16ecb7127d52456df4b,2024-12-26 15:00:00+00:00,BASELINE,0.556396339735696,0.5994897959183673,1.57,1,NON_PIT,1.0,0.887207320528608,COUNTERFACTUAL_NON_PIT,False
over_2_5,0,fcdfa192572b517593f1,2024-12-26 15:00:00+00:00,BASELINE,0.5353008981946143,0.4516971279373368,2.1,1,NON_PIT,1.0,0.9293982036107713,COUNTERFACTUAL_NON_PIT,False
over_2_5,0,03cbd55057ee10bc3bb4,2024-12-26 17:30:00+00:00,BASELINE,0.5852678821859781,0.39746835443037976,2.38,1,NON_PIT,1.0,0.8294642356280437,COUNTERFACTUAL_NON_PIT,False
over_2_5,0,4c87b79a1bbd3cb7a0d3,2024-12-26 17:30:00+00:00,BASELINE,0.5823393789559769,0.5684754521963824,1.67,0,NON_PIT,1.0,0.8353212420880463,COUNTERFACTUAL_NON_PIT,False
over_2_5,0,2613da9d862b9dbf0bad,2024-12-26 20:00:00+00:00,BASELINE,0.6664599661502502,0.7894736842105263,1.2,1,NON_PIT,1.0,0.6670800676994997,COUNTERFACTUAL_NON_PIT,False
over_2_5,0,f2d7a8a64c539fd58467,2024-12-26 20:00:00+00:00,BASELINE,0.5825376739338121,0.5064935064935064,1.9,0,NON_PIT,1.0,0.8349246521323759,COUNTERFACTUAL_NON_PIT,False
over_2_5,0,b3b761d9c751fb93bca0,2024-12-27 19:30:00+00:00,BASELINE,0.6245358015018757,0.6563245823389022,1.44,0,NON_PIT,1.0,0.7509283969962486,COUNTERFACTUAL_NON_PIT,False
over_2_5,0,2d9ca4759d5a3439da3d,2024-12-27 20:15:00+00:00,BASELINE,0.6133763332857217,0.6818181818181818,1.4,0,NON_PIT,1.0,0.7732473334285566,COUNTERFACTUAL_NON_PIT,False
over_2_5,0,15578ea0ef051c7ee445,2024-12-29 12:30:00+00:00,BASELINE,0.5584110133582272,0.413265306122449,2.3,1,NON_PIT,1.0,0.8831779732835456,COUNTERFACTUAL_NON_PIT,False
over_2_5,0,27a4d53d708aaa21513a,2024-12-29 12:30:00+00:00,BASELINE,0.5501188901562506,0.47409326424870474,2.03,1,NON_PIT,1.0,0.8997622196874988,COUNTERFACTUAL_NON_PIT,False
over_2_5,0,2b3bc44e364d8671002a,2024-12-29 12:30:00+00:00,BASELINE,0.5631176088071149,0.5459317585301837,1.73,0,NON_PIT,1.0,0.8737647823857702,COUNTERFACTUAL_NON_PIT,False
over_2_5,0,323cf8fa2eb8e0493eed,2024-12-29 12:30:00+00:00,BASELINE,0.5408204109594802,0.5129533678756476,1.88,0,NON_PIT,1.0,0.9183591780810396,COUNTERFACTUAL_NON_PIT,False
over_2_5,0,380e84b44eef374bf2c2,2024-12-29 12:30:00+00:00,BASELINE,0.5792721527164078,0.46052631578947373,2.05,1,NON_PIT,1.0,0.8414556945671845,COUNTERFACTUAL_NON_PIT,False
over_2_5,0,524c2476bb0784ca469c,2024-12-29 12:30:00+00:00,BASELINE,0.5485485548573605,0.43152454780361754,2.2,0,NON_PIT,1.0,0.9029028902852789,COUNTERFACTUAL_NON_PIT,False
over_2_5,0,b263fe49817601d4821d,2024-12-29 12:30:00+00:00,BASELINE,0.5292783031198538,0.46052631578947373,2.05,0,NON_PIT,1.0,0.9414433937602924,COUNTERFACTUAL_NON_PIT,False
over_2_5,0,42f5461c66056eae7b04,2024-12-29 14:30:00+00:00,BASELINE,0.5343547716928373,0.7017543859649122,1.36,0,NON_PIT,1.0,0.9312904566143254,COUNTERFACTUAL_NON_PIT,False
over_2_5,0,01665baaa875a24c3ec3,2024-12-29 15:00:00+00:00,BASELINE,0.5490070413101978,0.49350649350649356,1.95,1,NON_PIT,1.0,0.9019859173796043,COUNTERFACTUAL_NON_PIT,False
over_2_5,0,0777e9d9c7b8c737873b,2024-12-29 15:00:00+00:00,BASELINE,0.5590864851581296,0.5628272251308901,1.67,1,NON_PIT,1.0,0.8818270296837407,COUNTERFACTUAL_NON_PIT,False
over_2_5,0,09cf18a01f16b10c6387,2024-12-29 15:00:00+00:00,BASELINE,0.5776533552713987,0.47409326424870474,2.03,0,NON_PIT,1.0,0.8446932894572026,COUNTERFACTUAL_NON_PIT,False
over_2_5,0,1302df00c7515f530067,2024-12-29 15:00:00+00:00,BASELINE,0.522302419519568,0.5526315789473685,1.7,0,NON_PIT,1.0,0.955395160960864,COUNTERFACTUAL_NON_PIT,False
over_2_5,0,2910afefc8700dfaff7f,2024-12-29 15:00:00+00:00,BASELINE,0.6517389796777161,0.7188160676532769,1.33,1,NON_PIT,1.0,0.6965220406445678,COUNTERFACTUAL_NON_PIT,False
over_2_5,0,2a8e71ed17864785cecc,2024-12-29 15:00:00+00:00,BASELINE,0.5576918323892075,0.5129533678756476,1.88,0,NON_PIT,1.0,0.884616335221585,COUNTERFACTUAL_NON_PIT,False
over_2_5,0,3658ce6285308438a3f5,2024-12-29 15:00:00+00:00,BASELINE,0.5059788608965811,0.5,1.93,1,NON_PIT,1.0,0.9880422782068379,COUNTERFACTUAL_NON_PIT,False
over_2_5,0,3f6780ae0f02ac4be853,2024-12-29 15:00:00+00:00,BASELINE,0.513667939268149,0.4473684210526316,2.1,1,NON_PIT,1.0,0.972664121463702,COUNTERFACTUAL_NON_PIT,False
over_2_5,0,52569e1786b4f9bc6755,2024-12-29 15:00:00+00:00,BASELINE,0.5464798884154253,0.4675324675324676,2.05,1,NON_PIT,1.0,0.9070402231691495,COUNTERFACTUAL_NON_PIT,False
over_2_5,0,5b466ce002e1940d76bd,2024-12-29 15:00:00+00:00,BASELINE,0.5671556349809515,0.5994897959183673,1.57,0,NON_PIT,1.0,0.8656887300380971,COUNTERFACTUAL_NON_PIT,False
over_2_5,0,5d6079ac7db416ebd0a9,2024-12-29 15:00:00+00:00,BASELINE,0.5547225002632272,0.4870466321243523,1.98,0,NON_PIT,1.0,0.8905549994735455,COUNTERFACTUAL_NON_PIT,False
over_2_5,0,62acec9081bd573baeb8,2024-12-29 15:00:00+00:00,BASELINE,0.5073250335729785,0.43152454780361754,2.2,0,NON_PIT,1.0,0.9853499328540429,COUNTERFACTUAL_NON_PIT,False
over_2_5,0,62bedc8ce22a67957dfd,2024-12-29 15:00:00+00:00,BASELINE,0.5556659567316623,0.5194805194805195,1.85,0,NON_PIT,1.0,0.8886680865366754,COUNTERFACTUAL_NON_PIT,False
over_2_5,0,789aa247abf9c5f3d5df,2024-12-29 15:00:00+00:00,BASELINE,0.5724443495941837,0.47409326424870474,2.03,1,NON_PIT,1.0,0.8551113008116327,COUNTERFACTUAL_NON_PIT,False
over_2_5,0,85a9a21abd4ed145bd47,2024-12-29 15:00:00+00:00,BASELINE,0.6029308879273044,0.4540682414698162,2.08,0,NON_PIT,1.0,0.7941382241453911,COUNTERFACTUAL_NON_PIT,False
over_2_5,0,8883e89405295c5ff18a,2024-12-29 15:00:00+00:00,BASELINE,0.5226210640040053,0.4285714285714286,2.2,0,NON_PIT,1.0,0.9547578719919894,COUNTERFACTUAL_NON_PIT,False
over_2_5,0,9bf834b446b26f456055,2024-12-29 15:00:00+00:00,BASELINE,0.5605067030398592,0.5129533678756476,1.88,1,NON_PIT,1.0,0.8789865939202817,COUNTERFACTUAL_NON_PIT,False
over_2_5,0,a9b1a80053890c03c67d,2024-12-29 15:00:00+00:00,BASELINE,0.5720534775532462,0.5194805194805195,1.85,1,NON_PIT,1.0,0.8558930448935076,COUNTERFACTUAL_NON_PIT,False
over_2_5,0,b44d9fb20283870d111d,2024-12-29 15:00:00+00:00,BASELINE,0.5469027195473347,0.5,1.93,0,NON_PIT,1.0,0.9061945609053306,COUNTERFACTUAL_NON_PIT,False
over_2_5,0,c9511ef558f43249ae17,2024-12-29 15:00:00+00:00,BASELINE,0.5251377701736526,0.5526315789473685,1.7,0,NON_PIT,1.0,0.9497244596526948,COUNTERFACTUAL_NON_PIT,False
over_2_5,0,cbe5feee0587491ed645,2024-12-29 15:00:00+00:00,BASELINE,0.5351176956789618,0.5684754521963824,1.67,1,NON_PIT,1.0,0.9297646086420763,COUNTERFACTUAL_NON_PIT,False
over_2_5,0,d09038116b247c3426d0,2024-12-29 15:00:00+00:00,BASELINE,0.5556415997997791,0.6106870229007634,1.53,1,NON_PIT,1.0,0.8887168004004418,COUNTERFACTUAL_NON_PIT,False
over_2_5,0,d46fdb6a7e18826de644,2024-12-29 15:00:00+00:00,BASELINE,0.5602322005348505,0.5129533678756476,1.88,1,NON_PIT,1.0,0.8795355989302991,COUNTERFACTUAL_NON_PIT,False
over_2_5,0,d4fe980e7171c5f72513,2024-12-29 15:00:00+00:00,BASELINE,0.5367572398862144,0.43152454780361754,2.2,0,NON_PIT,1.0,0.9264855202275712,COUNTERFACTUAL_NON_PIT,False
over_2_5,0,d5fe350cc19bad2bf5c1,2024-12-29 15:00:00+00:00,BASELINE,0.5035630510253004,0.4285714285714286,2.2,1,NON_PIT,1.0,0.9928738979493992,COUNTERFACTUAL_NON_PIT,False
over_2_5,0,ddfb419bf4b365acf2e8,2024-12-29 15:00:00+00:00,BASELINE,0.5223741371553989,0.4516971279373368,2.1,0,NON_PIT,1.0,0.9552517256892021,COUNTERFACTUAL_NON_PIT,False
over_2_5,0,e245be2836fcef45b3fa,2024-12-29 15:00:00+00:00,BASELINE,0.536752943749597,0.46052631578947373,2.05,1,NON_PIT,1.0,0.9264941125008059,COUNTERFACTUAL_NON_PIT,False
over_2_5,0,e62f7892da26369077f5,2024-12-29 15:00:00+00:00,BASELINE,0.544900171766185,0.4805194805194806,2.0,0,NON_PIT,1.0,0.91019965646763,COUNTERFACTUAL_NON_PIT,False
over_2_5,0,e97d6c9e3f0c4391f5e7,2024-12-29 15:00:00+00:00,BASELINE,0.5674194713196223,0.4540682414698162,2.08,0,NON_PIT,1.0,0.8651610573607553,COUNTERFACTUAL_NON_PIT,False
over_2_5,0,eaaa9c5c3a6576b9a9ad,2024-12-29 15:00:00+00:00,BASELINE,0.5387632654423105,0.5483028720626633,1.73,1,NON_PIT,1.0,0.9224734691153791,COUNTERFACTUAL_NON_PIT,False
over_2_5,0,3b4c0a6df49b429a6057,2024-12-29 17:15:00+00:00,BASELINE,0.5851406970005718,0.6818181818181818,1.4,1,NON_PIT,1.0,0.8297186059988564,COUNTERFACTUAL_NON_PIT,False
over_2_5,0,2e2e92dda175ca4c08c0,2024-12-29 17:45:00+00:00,BASELINE,0.5794219976232146,0.4516971279373368,2.1,0,NON_PIT,1.0,0.8411560047535709,COUNTERFACTUAL_NON_PIT,False
over_2_5,0,3f92964234897d6d7753,2024-12-29 20:00:00+00:00,BASELINE,0.5630094465329561,0.4516971279373368,2.1,0,NON_PIT,1.0,0.8739811069340877,COUNTERFACTUAL_NON_PIT,False
over_2_5,0,1a5f263987488196294f,2024-12-30 19:45:00+00:00,BASELINE,0.5423477372399514,0.6025316455696202,1.57,1,NON_PIT,1.0,0.9153045255200971,COUNTERFACTUAL_NON_PIT,False
over_2_5,0,e73c16437a798054e7a6,2024-12-30 19:45:00+00:00,BASELINE,0.5617140634363796,0.6563245823389022,1.44,0,NON_PIT,1.0,0.8765718731272407,COUNTERFACTUAL_NON_PIT,False
over_2_5,0,316324b4684d2a1a5008,2024-12-30 20:00:00+00:00,BASELINE,0.627724916754958,0.586734693877551,1.62,0,NON_PIT,1.0,0.744550166490084,COUNTERFACTUAL_NON_PIT,False
over_2_5,0,cb6804cb21efb9eadf43,2024-12-30 20:00:00+00:00,BASELINE,0.5399277174686297,0.41025641025641024,2.3,0,NON_PIT,1.0,0.9201445650627407,COUNTERFACTUAL_NON_PIT,False
over_2_5,0,a6e9018fe75429fb14e1,2025-01-01 12:30:00+00:00,BASELINE,0.5383513548158118,0.5263157894736842,1.8,1,NON_PIT,1.0,0.9232972903683765,COUNTERFACTUAL_NON_PIT,False
over_2_5,0,f9dcb93b3a4cd585ea73,2025-01-01 12:30:00+00:00,BASELINE,0.5441241943148366,0.47368421052631576,2.0,1,NON_PIT,1.0,0.9117516113703268,COUNTERFACTUAL_NON_PIT,False
over_2_5,0,6142b0f5f93e4fde1658,2025-01-01 13:00:00+00:00,BASELINE,0.546217177341319,0.413265306122449,2.3,0,NON_PIT,1.0,0.907565645317362,COUNTERFACTUAL_NON_PIT,False
over_2_5,0,0c3861ce261e2ef8a256,2025-01-01 15:00:00+00:00,BASELINE,0.5648029589090793,0.5129533678756476,1.88,0,NON_PIT,1.0,0.8703940821818414,COUNTERFACTUAL_NON_PIT,False
over_2_5,0,16e58902c10d12587c81,2025-01-01 15:00:00+00:00,BASELINE,0.5336129394325894,0.43717277486910994,2.15,1,NON_PIT,1.0,0.9327741211348213,COUNTERFACTUAL_NON_PIT,False
over_2_5,0,183314cadeca4a01a15d,2025-01-01 15:00:00+00:00,BASELINE,0.5084959053106439,0.4005102040816326,2.35,0,NON_PIT,1.0,0.9830081893787121,COUNTERFACTUAL_NON_PIT,False
over_2_5,0,36892b4f27cb241e63da,2025-01-01 15:00:00+00:00,BASELINE,0.5128320275008252,0.4805194805194806,2.0,0,NON_PIT,1.0,0.9743359449983495,COUNTERFACTUAL_NON_PIT,False
over_2_5,0,3a271a1529b909c2a192,2025-01-01 15:00:00+00:00,BASELINE,0.5362672832661988,0.5064935064935064,1.9,0,NON_PIT,1.0,0.9274654334676025,COUNTERFACTUAL_NON_PIT,False
over_2_5,0,4575cbe837f41753942b,2025-01-01 15:00:00+00:00,BASELINE,0.5658642543232151,0.5459317585301837,1.73,1,NON_PIT,1.0,0.8682714913535698,COUNTERFACTUAL_NON_PIT,False
over_2_5,0,4d819cce4820a1f442d6,2025-01-01 15:00:00+00:00,BASELINE,0.5805983601596244,0.4516971279373368,2.1,1,NON_PIT,1.0,0.8388032796807512,COUNTERFACTUAL_NON_PIT,False
over_2_5,0,534bd5f1e90da4df4391,2025-01-01 15:00:00+00:00,BASELINE,0.5859755109651351,0.5064935064935064,1.9,1,NON_PIT,1.0,0.8280489780697298,COUNTERFACTUAL_NON_PIT,False
over_2_5,0,55da9edc3b3dd7d1748e,2025-01-01 15:00:00+00:00,BASELINE,0.5235755598705755,0.4473684210526316,2.1,0,NON_PIT,1.0,0.9528488802588491,COUNTERFACTUAL_NON_PIT,False
over_2_5,0,59c356212b285742017a,2025-01-01 15:00:00+00:00,BASELINE,0.575362387307244,0.5714285714285715,1.65,1,NON_PIT,1.0,0.849275225385512,COUNTERFACTUAL_NON_PIT,False
over_2_5,0,5d7eed39588062d8bd08,2025-01-01 15:00:00+00:00,BASELINE,0.5526796961822071,0.5263157894736842,1.8,1,NON_PIT,1.0,0.8946406076355857,COUNTERFACTUAL_NON_PIT,False
over_2_5,0,5eb20b59e5b54deaf106,2025-01-01 15:00:00+00:00,BASELINE,0.5624450194455058,0.5459317585301837,1.73,1,NON_PIT,1.0,0.8751099611089883,COUNTERFACTUAL_NON_PIT,False
over_2_5,0,5f873d9312f5365e5cee,2025-01-01 15:00:00+00:00,BASELINE,0.574816099500823,0.49350649350649356,1.95,1,NON_PIT,1.0,0.850367800998354,COUNTERFACTUAL_NON_PIT,False
over_2_5,0,6bafbff40a3cc5d3bba0,2025-01-01 15:00:00+00:00,BASELINE,0.5438770463229736,0.49350649350649356,1.95,1,NON_PIT,1.0,0.9122459073540528,COUNTERFACTUAL_NON_PIT,False
over_2_5,0,7246c9b32ddce3c66223,2025-01-01 15:00:00+00:00,BASELINE,0.5182228612624867,0.4186046511627907,2.25,1,NON_PIT,1.0,0.9635542774750265,COUNTERFACTUAL_NON_PIT,False
over_2_5,0,7d623e120394f11d7732,2025-01-01 15:00:00+00:00,BASELINE,0.5468843155976694,0.4473684210526316,2.1,0,NON_PIT,1.0,0.9062313688046613,COUNTERFACTUAL_NON_PIT,False
over_2_5,0,86f095a58f9f1b52a4f5,2025-01-01 15:00:00+00:00,BASELINE,0.5483037443434859,0.4473684210526316,2.1,1,NON_PIT,1.0,0.9033925113130281,COUNTERFACTUAL_NON_PIT,False
over_2_5,0,89a3bb053a8a5085c727,2025-01-01 15:00:00+00:00,BASELINE,0.525822560743454,0.47409326424870474,2.03,1,NON_PIT,1.0,0.948354878513092,COUNTERFACTUAL_NON_PIT,False
over_2_5,0,94745d90a68104d4815c,2025-01-01 15:00:00+00:00,BASELINE,0.5362389892630103,0.43717277486910994,2.15,0,NON_PIT,1.0,0.9275220214739794,COUNTERFACTUAL_NON_PIT,False
over_2_5,0,add2bae75aee9d2202d7,2025-01-01 15:00:00+00:00,BASELINE,0.5626255457868901,0.5526315789473685,1.7,0,NON_PIT,1.0,0.8747489084262199,COUNTERFACTUAL_NON_PIT,False
over_2_5,0,b0219bde307b709a3532,2025-01-01 15:00:00+00:00,BASELINE,0.5280842230075226,0.5,1.93,0,NON_PIT,1.0,0.9438315539849549,COUNTERFACTUAL_NON_PIT,False
over_2_5,0,c038f6753ccdfd4d13ae,2025-01-01 15:00:00+00:00,BASELINE,0.5108798378170969,0.43152454780361754,2.2,0,NON_PIT,1.0,0.9782403243658062,COUNTERFACTUAL_NON_PIT,False
over_2_5,0,c1a63ba7989453a7e4fb,2025-01-01 15:00:00+00:00,BASELINE,0.5569817914555714,0.413265306122449,2.3,1,NON_PIT,1.0,0.8860364170888573,COUNTERFACTUAL_NON_PIT,False
over_2_5,0,c48fba99835e925fce5c,2025-01-01 15:00:00+00:00,BASELINE,0.6285659052530064,0.5194805194805195,1.85,1,NON_PIT,1.0,0.7428681894939873,COUNTERFACTUAL_NON_PIT,False
over_2_5,0,c610c2524298a7af1209,2025-01-01 15:00:00+00:00,BASELINE,0.5902329817339944,0.4540682414698162,2.08,0,NON_PIT,1.0,0.8195340365320112,COUNTERFACTUAL_NON_PIT,False
over_2_5,0,d9f30e087fddd9a53365,2025-01-01 15:00:00+00:00,BASELINE,0.5610657439571963,0.5,1.93,1,NON_PIT,1.0,0.8778685120856073,COUNTERFACTUAL_NON_PIT,False
over_2_5,0,f031ec3cb7e63561cdb6,2025-01-01 15:00:00+00:00,BASELINE,0.551565274622938,0.5259067357512953,1.83,1,NON_PIT,1.0,0.8968694507541239,COUNTERFACTUAL_NON_PIT,False
over_2_5,0,704641ff0a4c51c0d514,2025-01-01 17:30:00+00:00,BASELINE,0.5371572549265768,0.6203473945409429,1.53,1,NON_PIT,1.0,0.9256854901468463,COUNTERFACTUAL_NON_PIT,False
over_2_5,0,c0f3ac0c7a3c569f521a,2025-01-01 17:30:00+00:00,BASELINE,0.5468969026373199,0.5129533678756476,1.88,0,NON_PIT,1.0,0.9062061947253601,COUNTERFACTUAL_NON_PIT,False
over_2_5,0,f3500334b0ff049d89ca,2025-01-01 20:00:00+00:00,BASELINE,0.542202794061792,0.43152454780361754,2.2,1,NON_PIT,1.0,0.9155944118764161,COUNTERFACTUAL_NON_PIT,False
over_2_5,0,29b2bb20f7c9cfa02a4a,2025-01-02 19:45:00+00:00,BASELINE,0.5361701189387451,0.43717277486910994,2.15,1,NON_PIT,1.0,0.9276597621225098,COUNTERFACTUAL_NON_PIT,False
over_2_5,0,79b0d34e6d845eb823e1,2025-01-02 19:45:00+00:00,BASELINE,0.5646875090805568,0.5526315789473685,1.7,1,NON_PIT,1.0,0.8706249818388865,COUNTERFACTUAL_NON_PIT,False
over_2_5,0,38635df1181e1d1b5ea0,2025-01-04 12:30:00+00:00,BASELINE,0.5812916018376997,0.4516971279373368,2.1,0,NON_PIT,1.0,0.8374167963246006,COUNTERFACTUAL_NON_PIT,False
over_2_5,0,632b89474b4a66bf8481,2025-01-04 12:30:00+00:00,BASELINE,0.6882136036176294,0.7188160676532769,1.33,1,NON_PIT,1.0,0.6235727927647412,COUNTERFACTUAL_NON_PIT,False
over_2_5,0,6e1cd0026c734c843167,2025-01-04 12:30:00+00:00,BASELINE,0.5378250213439627,0.43717277486910994,2.15,0,NON_PIT,1.0,0.9243499573120746,COUNTERFACTUAL_NON_PIT,False
over_2_5,0,9b146e2ae8183279d2b7,2025-01-04 12:30:00+00:00,BASELINE,0.5652583540207565,0.4870466321243523,1.98,0,NON_PIT,1.0,0.869483291958487,COUNTERFACTUAL_NON_PIT,False
over_2_5,0,b51d9591993fa583d6f1,2025-01-04 12:30:00+00:00,BASELINE,0.5317637374087609,0.39746835443037976,2.38,0,NON_PIT,1.0,0.9364725251824781,COUNTERFACTUAL_NON_PIT,False
over_2_5,0,cbd0cc985dc13ef7f403,2025-01-04 12:30:00+00:00,BASELINE,0.5481379546144202,0.5684754521963824,1.67,0,NON_PIT,1.0,0.9037240907711597,COUNTERFACTUAL_NON_PIT,False
over_2_5,0,f8b905a78f3076e351fa,2025-01-04 12:30:00+00:00,BASELINE,0.5959987587427367,0.5714285714285715,1.65,0,NON_PIT,1.0,0.8080024825145267,COUNTERFACTUAL_NON_PIT,False
over_2_5,0,8ce3916abae009a1013f,2025-01-04 13:00:00+00:00,BASELINE,0.5456850485481918,0.4805194805194806,2.0,1,NON_PIT,1.0,0.9086299029036164,COUNTERFACTUAL_NON_PIT,False
over_2_5,0,099473df946e5c1c4423,2025-01-04 15:00:00+00:00,BASELINE,0.549354060983395,0.5194805194805195,1.85,1,NON_PIT,1.0,0.90129187803321,COUNTERFACTUAL_NON_PIT,False
over_2_5,0,0d0eea47147ac76c7734,2025-01-04 15:00:00+00:00,BASELINE,0.5782378422212325,0.4540682414698162,2.08,0,NON_PIT,1.0,0.8435243155575349,COUNTERFACTUAL_NON_PIT,False
over_2_5,0,1d094883541014915dc7,2025-01-04 15:00:00+00:00,BASELINE,0.5589424225343956,0.6368038740920097,1.5,1,NON_PIT,1.0,0.8821151549312087,COUNTERFACTUAL_NON_PIT,False
over_2_5,0,38fef076bf1bdfd347d6,2025-01-04 15:00:00+00:00,BASELINE,0.5450463922331962,0.5102564102564103,1.91,0,NON_PIT,1.0,0.9099072155336076,COUNTERFACTUAL_NON_PIT,False
over_2_5,0,409ce76ac942bdf86dce,2025-01-04 15:00:00+00:00,BASELINE,0.5019222665998251,0.4473684210526316,2.1,1,NON_PIT,1.0,0.9961554668003498,COUNTERFACTUAL_NON_PIT,False
over_2_5,0,554a3fbfa0e3188166a9,2025-01-04 15:00:00+00:00,BASELINE,0.5687134977703303,0.5129533678756476,1.88,0,NON_PIT,1.0,0.8625730044593394,COUNTERFACTUAL_NON_PIT,False
over_2_5,0,5d7d353cfcbbdd8f051c,2025-01-04 15:00:00+00:00,BASELINE,0.5461782676896718,0.4870466321243523,1.98,1,NON_PIT,1.0,0.9076434646206564,COUNTERFACTUAL_NON_PIT,False
over_2_5,0,5f44d243dfd631be485f,2025-01-04 15:00:00+00:00,BASELINE,0.5654204992126048,0.49350649350649356,1.95,0,NON_PIT,1.0,0.8691590015747903,COUNTERFACTUAL_NON_PIT,False
over_2_5,0,62aad877484030e55e9c,2025-01-04 15:00:00+00:00,BASELINE,0.5873545211787192,0.413265306122449,2.3,0,NON_PIT,1.0,0.8252909576425616,COUNTERFACTUAL_NON_PIT,False
over_2_5,0,6a8b1ecca2042ca27de7,2025-01-04 15:00:00+00:00,BASELINE,0.577018687362106,0.5897435897435896,1.6,1,NON_PIT,1.0,0.8459626252757879,COUNTERFACTUAL_NON_PIT,False
over_2_5,0,6f5c7fb6dc7faf20a590,2025-01-04 15:00:00+00:00,BASELINE,0.5481629547017048,0.4675324675324676,2.05,0,NON_PIT,1.0,0.9036740905965903,COUNTERFACTUAL_NON_PIT,False
over_2_5,0,795afe126d9ca4e670a9,2025-01-04 15:00:00+00:00,BASELINE,0.564038627599471,0.5194805194805195,1.85,0,NON_PIT,1.0,0.871922744801058,COUNTERFACTUAL_NON_PIT,False
over_2_5,0,79ab5d1dc4e8a43536cc,2025-01-04 15:00:00+00:00,BASELINE,0.5510789859059131,0.3796526054590571,2.5,1,NON_PIT,1.0,0.8978420281881738,COUNTERFACTUAL_NON_PIT,False
over_2_5,0,7ddb66e09f53febe0583,2025-01-04 15:00:00+00:00,BASELINE,0.5023695138868725,0.47409326424870474,2.03,1,NON_PIT,1.0,0.9952609722262551,COUNTERFACTUAL_NON_PIT,False
over_2_5,0,87832d10aa410db5f3e2,2025-01-04 15:00:00+00:00,BASELINE,0.5575329545583632,0.43152454780361754,2.2,0,NON_PIT,1.0,0.8849340908832737,COUNTERFACTUAL_NON_PIT,False
over_2_5,0,8797871b303b5c620a76,2025-01-04 15:00:00+00:00,BASELINE,0.6074056822799618,0.5628272251308901,1.67,0,NON_PIT,1.0,0.7851886354400763,COUNTERFACTUAL_NON_PIT,False
over_2_5,0,8e196d7484bb4ee1c799,2025-01-04 15:00:00+00:00,BASELINE,0.5279959962026987,0.47409326424870474,2.03,0,NON_PIT,1.0,0.9440080075946027,COUNTERFACTUAL_NON_PIT,False
over_2_5,0,9037a3e7290b358b99c6,2025-01-04 15:00:00+00:00,BASELINE,0.5469757775630093,0.4473684210526316,2.1,0,NON_PIT,1.0,0.9060484448739814,COUNTERFACTUAL_NON_PIT,False
over_2_5,0,94ea687fd6cca9704e50,2025-01-04 15:00:00+00:00,BASELINE,0.5750731540397118,0.5483028720626633,1.73,0,NON_PIT,1.0,0.8498536919205764,COUNTERFACTUAL_NON_PIT,False
over_2_5,0,97f7fef11af5b575858b,2025-01-04 15:00:00+00:00,BASELINE,0.523244954572942,0.5,1.93,1,NON_PIT,1.0,0.9535100908541161,COUNTERFACTUAL_NON_PIT,False
over_2_5,0,ac6e69d972bee10d60fc,2025-01-04 15:00:00+00:00,BASELINE,0.5440185260465381,0.4516971279373368,2.1,1,NON_PIT,1.0,0.9119629479069238,COUNTERFACTUAL_NON_PIT,False
over_2_5,0,cc27ca6cac231758362d,2025-01-04 15:00:00+00:00,BASELINE,0.56444108211532,0.4870466321243523,1.98,0,NON_PIT,1.0,0.8711178357693601,COUNTERFACTUAL_NON_PIT,False
over_2_5,0,cd1faffda196dc1a3e14,2025-01-04 15:00:00+00:00,BASELINE,0.5405133452071227,0.6025316455696202,1.57,0,NON_PIT,1.0,0.9189733095857546,COUNTERFACTUAL_NON_PIT,False
over_2_5,0,dcc1c6e1be926a5706f5,2025-01-04 15:00:00+00:00,BASELINE,0.5823137592707763,0.5129533678756476,1.88,1,NON_PIT,1.0,0.8353724814584473,COUNTERFACTUAL_NON_PIT,False
over_2_5,0,ee95f19b59b3150cd96e,2025-01-04 15:00:00+00:00,BASELINE,0.5259244456920565,0.5684754521963824,1.67,1,NON_PIT,1.0,0.9481511086158869,COUNTERFACTUAL_NON_PIT,False
over_2_5,0,f409aef6042e0839453f,2025-01-04 15:00:00+00:00,BASELINE,0.5239831367038811,0.375,2.5,0,NON_PIT,1.0,0.9520337265922378,COUNTERFACTUAL_NON_PIT,False
over_2_5,0,fd70fa5ff7d2314c4847,2025-01-04 15:00:00+00:00,BASELINE,0.5889867790746772,0.7188160676532769,1.33,1,NON_PIT,1.0,0.8220264418506456,COUNTERFACTUAL_NON_PIT,False
over_2_5,0,017bde626c3b174e3c43,2025-01-04 17:30:00+00:00,BASELINE,0.5584355063518358,0.5483028720626633,1.73,0,NON_PIT,1.0,0.8831289872963284,COUNTERFACTUAL_NON_PIT,False
over_2_5,0,eb27af0acfd4629c154c,2025-01-05 14:00:00+00:00,BASELINE,0.5591167747190768,0.5483028720626633,1.73,1,NON_PIT,1.0,0.8817664505618463,COUNTERFACTUAL_NON_PIT,False
over_2_5,0,b321a5605c58f7b29521,2025-01-05 15:00:00+00:00,BASELINE,0.578809576971473,0.4540682414698162,2.08,1,NON_PIT,1.0,0.8423808460570541,COUNTERFACTUAL_NON_PIT,False
over_2_5,0,dbf5f5e36ec443874e70,2025-01-05 15:00:00+00:00,BASELINE,0.5928959498241052,0.5263157894736842,1.8,0,NON_PIT,1.0,0.8142081003517896,COUNTERFACTUAL_NON_PIT,False
over_2_5,0,6561136d550dbe976a8b,2025-01-05 16:30:00+00:00,BASELINE,0.6681224997324882,0.6563245823389022,1.44,1,NON_PIT,1.0,0.6637550005350237,COUNTERFACTUAL_NON_PIT,False
over_2_5,0,068e1c5c99c263fc54c0,2025-01-06 20:00:00+00:00,BASELINE,0.5356050170804079,0.43152454780361754,2.2,1,NON_PIT,1.0,0.9287899658391843,COUNTERFACTUAL_NON_PIT,False
over_2_5,0,111d389fd03ea75cab0a,2025-01-06 20:00:00+00:00,BASELINE,0.5678017758892534,0.4516971279373368,2.1,1,NON_PIT,1.0,0.8643964482214932,COUNTERFACTUAL_NON_PIT,False
over_2_5,0,3018b5f74ce12816fc8d,2025-01-07 19:45:00+00:00,BASELINE,0.5595292095556257,0.4675324675324676,2.05,0,NON_PIT,1.0,0.8809415808887486,COUNTERFACTUAL_NON_PIT,False
over_2_5,0,2aa87ffd0aa3c9f617d1,2025-01-11 12:30:00+00:00,BASELINE,0.5179211707381297,0.5194805194805195,1.85,1,NON_PIT,1.0,0.9641576585237406,COUNTERFACTUAL_NON_PIT,False
over_2_5,0,fbb1b185026aab2e2ddc,2025-01-11 12:30:00+00:00,BASELINE,0.5264373749763609,0.4805194805194806,2.0,1,NON_PIT,1.0,0.9471252500472782,COUNTERFACTUAL_NON_PIT,False
over_2_5,0,fdf4789a62b3dd121857,2025-01-11 15:00:00+00:00,BASELINE,0.5616774259243187,0.46052631578947373,2.05,0,NON_PIT,1.0,0.8766451481513626,COUNTERFACTUAL_NON_PIT,False
over_2_5,0,2dedcd3ff1312e273e0c,2025-01-14 19:30:00+00:00,BASELINE,0.5782091487657499,0.6818181818181818,1.4,1,NON_PIT,1.0,0.8435817024685002,COUNTERFACTUAL_NON_PIT,False
over_2_5,0,a23141fa8fac5452a334,2025-01-14 19:30:00+00:00,BASELINE,0.545436258555359,0.6818181818181818,1.4,1,NON_PIT,1.0,0.9091274828892819,COUNTERFACTUAL_NON_PIT,False
over_2_5,0,e4efe03bf33bcba3f037,2025-01-14 19:30:00+00:00,BASELINE,0.5364143363688556,0.523076923076923,1.86,1,NON_PIT,1.0,0.9271713272622888,COUNTERFACTUAL_NON_PIT,False
over_2_5,0,14aa8d3b11863d770fc6,2025-01-14 19:45:00+00:00,BASELINE,0.548431149736933,0.47409326424870474,2.03,0,NON_PIT,1.0,0.9031377005261341,COUNTERFACTUAL_NON_PIT,False
over_2_5,0,5760037b45afc80dbab4,2025-01-14 19:45:00+00:00,BASELINE,0.5767728263770163,0.4516971279373368,2.1,0,NON_PIT,1.0,0.8464543472459674,COUNTERFACTUAL_NON_PIT,False
over_2_5,0,e91027b02efb28f972a9,2025-01-14 20:00:00+00:00,BASELINE,0.5980737093540652,0.586734693877551,1.62,0,NON_PIT,1.0,0.8038525812918695,COUNTERFACTUAL_NON_PIT,False
over_2_5,0,16b33f1e6a144da45197,2025-01-15 19:30:00+00:00,BASELINE,0.6230990533904821,0.6563245823389022,1.44,1,NON_PIT,1.0,0.7538018932190358,COUNTERFACTUAL_NON_PIT,False
over_2_5,0,25d03ca464b428d3925d,2025-01-15 19:30:00+00:00,BASELINE,0.5343590428332091,0.5483028720626633,1.73,0,NON_PIT,1.0,0.9312819143335818,COUNTERFACTUAL_NON_PIT,False
over_2_5,0,e6180b5e52a2d2d49a55,2025-01-15 19:30:00+00:00,BASELINE,0.5261736955196012,0.4666666666666667,2.08,0,NON_PIT,1.0,0.9476526089607975,COUNTERFACTUAL_NON_PIT,False
over_2_5,0,30ca867a23454708c47b,2025-01-15 19:45:00+00:00,BASELINE,0.6024006796195653,0.4870466321243523,1.98,1,NON_PIT,1.0,0.7951986407608693,COUNTERFACTUAL_NON_PIT,False
over_2_5,0,b6643f8582b0d0722a7e,2025-01-15 20:00:00+00:00,BASELINE,0.6482526711547776,0.6563245823389022,1.44,1,NON_PIT,1.0,0.7034946576904448,COUNTERFACTUAL_NON_PIT,False
over_2_5,0,51e6516c1197b0f56c23,2025-01-16 19:30:00+00:00,BASELINE,0.5225669554010671,0.5483028720626633,1.73,0,NON_PIT,1.0,0.9548660891978658,COUNTERFACTUAL_NON_PIT,False
over_2_5,0,a5914fc259b4b456fcdf,2025-01-16 20:00:00+00:00,BASELINE,0.5152030538499651,0.4285714285714286,2.2,1,NON_PIT,1.0,0.9695938923000698,COUNTERFACTUAL_NON_PIT,False
over_2_5,0,fa9b5db7963a434594b6,2025-01-16 20:00:00+00:00,BASELINE,0.548483015270489,0.6203473945409429,1.53,1,NON_PIT,1.0,0.9030339694590219,COUNTERFACTUAL_NON_PIT,False
over_2_5,0,c7e108d0f28eb02662b2,2025-01-17 19:45:00+00:00,BASELINE,0.5651646798969886,0.46052631578947373,2.05,0,NON_PIT,1.0,0.8696706402060228,COUNTERFACTUAL_NON_PIT,False
over_2_5,0,2fe79f6e34b5be3fdcb7,2025-01-17 20:00:00+00:00,BASELINE,0.4927325126700265,0.36319612590799033,2.63,0,NON_PIT,1.0,0.985465025340053,COUNTERFACTUAL_NON_PIT,False
over_2_5,0,494ad7abcf0a58920479,2025-01-18 12:30:00+00:00,BASELINE,0.5344678737063864,0.4675324675324676,2.05,0,NON_PIT,1.0,0.9310642525872272,COUNTERFACTUAL_NON_PIT,False
over_2_5,0,68f5fa82a9a576f9581a,2025-01-18 12:30:00+00:00,BASELINE,0.5340432012049521,0.4540682414698162,2.08,0,NON_PIT,1.0,0.9319135975900958,COUNTERFACTUAL_NON_PIT,False
over_2_5,0,7ae7cfdb7c38023fef5d,2025-01-18 12:30:00+00:00,BASELINE,0.5621522935987081,0.4516971279373368,2.1,1,NON_PIT,1.0,0.8756954128025838,COUNTERFACTUAL_NON_PIT,False
over_2_5,0,b5d55071893ae779e1e5,2025-01-18 12:30:00+00:00,BASELINE,0.5467386816917209,0.3796526054590571,2.5,0,NON_PIT,1.0,0.9065226366165582,COUNTERFACTUAL_NON_PIT,False
over_2_5,0,b7255c4b8c3f58af55ec,2025-01-18 12:30:00+00:00,BASELINE,0.5840647671147686,0.6203473945409429,1.53,1,NON_PIT,1.0,0.8318704657704628,COUNTERFACTUAL_NON_PIT,False
over_2_5,0,bd76a10c67deb44b8c83,2025-01-18 12:30:00+00:00,BASELINE,0.5885676747588144,0.5526315789473685,1.7,0,NON_PIT,1.0,0.8228646504823711,COUNTERFACTUAL_NON_PIT,False
over_2_5,0,db8f85446d93dad7179e,2025-01-18 12:30:00+00:00,BASELINE,0.5208500766951241,0.4870466321243523,1.98,1,NON_PIT,1.0,0.9582998466097519,COUNTERFACTUAL_NON_PIT,False
over_2_5,0,e04e22a6abd9b593ab20,2025-01-18 12:30:00+00:00,BASELINE,0.5547626194128918,0.46052631578947373,2.05,0,NON_PIT,1.0,0.8904747611742163,COUNTERFACTUAL_NON_PIT,False
over_2_5,0,81778c4d9a77a5651988,2025-01-18 14:00:00+00:00,BASELINE,0.4756111403768999,0.4285714285714286,2.2,0,NON_PIT,1.0,0.9512222807537998,COUNTERFACTUAL_NON_PIT,False
over_2_5,0,046723025d859d126ad4,2025-01-18 15:00:00+00:00,BASELINE,0.5235698814756892,0.43152454780361754,2.2,0,NON_PIT,1.0,0.9528602370486217,COUNTERFACTUAL_NON_PIT,False
over_2_5,0,07b16207b7c0732ee25f,2025-01-18 15:00:00+00:00,BASELINE,0.5311986102557021,0.4186046511627907,2.25,1,NON_PIT,1.0,0.9376027794885957,COUNTERFACTUAL_NON_PIT,False
over_2_5,0,0bc76ba8e3a017b09947,2025-01-18 15:00:00+00:00,BASELINE,0.5820103959730123,0.4516971279373368,2.1,0,NON_PIT,1.0,0.8359792080539754,COUNTERFACTUAL_NON_PIT,False
over_2_5,0,23a011a408b9f188f322,2025-01-18 15:00:00+00:00,BASELINE,0.5145371020859136,0.5263157894736842,1.8,0,NON_PIT,1.0,0.9709257958281727,COUNTERFACTUAL_NON_PIT,False
over_2_5,0,277107683ebd9455a7b4,2025-01-18 15:00:00+00:00,BASELINE,0.5664971612076538,0.5684754521963824,1.67,1,NON_PIT,1.0,0.8670056775846924,COUNTERFACTUAL_NON_PIT,False
over_2_5,0,32b048bd54c619c4a2bc,2025-01-18 15:00:00+00:00,BASELINE,0.5907192481303452,0.5259067357512953,1.83,0,NON_PIT,1.0,0.8185615037393097,COUNTERFACTUAL_NON_PIT,False
over_2_5,0,3f694d6bad292ca182cc,2025-01-18 15:00:00+00:00,BASELINE,0.5169208817614335,0.4473684210526316,2.1,0,NON_PIT,1.0,0.9661582364771331,COUNTERFACTUAL_NON_PIT,False
over_2_5,0,45fb63850a1b000b44ba,2025-01-18 15:00:00+00:00,BASELINE,0.5345771892526375,0.4473684210526316,2.1,0,NON_PIT,1.0,0.9308456214947249,COUNTERFACTUAL_NON_PIT,False
over_2_5,0,46b97cdc3042886a872b,2025-01-18 15:00:00+00:00,BASELINE,0.5307471976906633,0.4473684210526316,2.1,0,NON_PIT,1.0,0.9385056046186735,COUNTERFACTUAL_NON_PIT,False
over_2_5,0,56275e96d046e4206a8b,2025-01-18 15:00:00+00:00,BASELINE,0.6434074477309956,0.7017543859649122,1.36,0,NON_PIT,1.0,0.7131851045380089,COUNTERFACTUAL_NON_PIT,False
over_2_5,0,64af208f480fdb3ba7c8,2025-01-18 15:00:00+00:00,BASELINE,0.5569410562194134,0.5459317585301837,1.73,1,NON_PIT,1.0,0.8861178875611733,COUNTERFACTUAL_NON_PIT,False
over_2_5,0,737047eebe4b1ce928ec,2025-01-18 15:00:00+00:00,BASELINE,0.5592448785262208,0.4870466321243523,1.98,0,NON_PIT,1.0,0.8815102429475583,COUNTERFACTUAL_NON_PIT,False
over_2_5,0,76b22cdef83768c00e62,2025-01-18 15:00:00+00:00,BASELINE,0.5281909609800798,0.375,2.5,1,NON_PIT,1.0,0.9436180780398404,COUNTERFACTUAL_NON_PIT,False
over_2_5,0,8076964421e187269110,2025-01-18 15:00:00+00:00,BASELINE,0.5289624761477902,0.5,1.93,1,NON_PIT,1.0,0.9420750477044195,COUNTERFACTUAL_NON_PIT,False
over_2_5,0,8bc1bb528a64be92853a,2025-01-18 15:00:00+00:00,BASELINE,0.5836805893884898,0.5259067357512953,1.83,1,NON_PIT,1.0,0.8326388212230205,COUNTERFACTUAL_NON_PIT,False
over_2_5,0,8bc53c048f9fc5a80784,2025-01-18 15:00:00+00:00,BASELINE,0.5710003130577049,0.5459317585301837,1.73,1,NON_PIT,1.0,0.8579993738845901,COUNTERFACTUAL_NON_PIT,False
over_2_5,0,95b7c7e8b1961dabf81d,2025-01-18 15:00:00+00:00,BASELINE,0.5767197639002775,0.4805194805194806,2.0,0,NON_PIT,1.0,0.8465604721994451,COUNTERFACTUAL_NON_PIT,False
over_2_5,0,9c8fe6d4175cc0a4487b,2025-01-18 15:00:00+00:00,BASELINE,0.555706660082697,0.5483028720626633,1.73,0,NON_PIT,1.0,0.888586679834606,COUNTERFACTUAL_NON_PIT,False
over_2_5,0,9f3a88abd1cd2bfe81f9,2025-01-18 15:00:00+00:00,BASELINE,0.5435124233587523,0.47368421052631576,2.0,0,NON_PIT,1.0,0.9129751532824955,COUNTERFACTUAL_NON_PIT,False
over_2_5,0,a5ec4f58f1955f9a291f,2025-01-18 15:00:00+00:00,BASELINE,0.545044445621157,0.49350649350649356,1.95,1,NON_PIT,1.0,0.9099111087576861,COUNTERFACTUAL_NON_PIT,False
over_2_5,0,a633c699b6b1c4dc423e,2025-01-18 15:00:00+00:00,BASELINE,0.56414550367463,0.5,1.93,0,NON_PIT,1.0,0.87170899265074,COUNTERFACTUAL_NON_PIT,False
over_2_5,0,a9e0c07d98756cee51ca,2025-01-18 15:00:00+00:00,BASELINE,0.5793401523956274,0.5394736842105263,1.75,1,NON_PIT,1.0,0.8413196952087452,COUNTERFACTUAL_NON_PIT,False
over_2_5,0,aaecc72eb67e0be20c8e,2025-01-18 15:00:00+00:00,BASELINE,0.5132184732967534,0.4540682414698162,2.08,0,NON_PIT,1.0,0.9735630534064932,COUNTERFACTUAL_NON_PIT,False
over_2_5,0,d42647ba85adf540ed65,2025-01-18 15:00:00+00:00,BASELINE,0.5513649291086659,0.43152454780361754,2.2,0,NON_PIT,1.0,0.8972701417826683,COUNTERFACTUAL_NON_PIT,False
over_2_5,0,e3ef797098a991e96d06,2025-01-18 15:00:00+00:00,BASELINE,0.5899660879787905,0.5394736842105263,1.75,1,NON_PIT,1.0,0.8200678240424191,COUNTERFACTUAL_NON_PIT,False
over_2_5,0,f296944f3ab72de85d6b,2025-01-18 15:00:00+00:00,BASELINE,0.5108152854266808,0.4805194805194806,2.0,0,NON_PIT,1.0,0.9783694291466385,COUNTERFACTUAL_NON_PIT,False
over_2_5,0,f79b5c39e7642ed767cc,2025-01-18 15:00:00+00:00,BASELINE,0.5989197256892901,0.5628272251308901,1.67,0,NON_PIT,1.0,0.8021605486214198,COUNTERFACTUAL_NON_PIT,False
over_2_5,0,35df6b23d999093cb670,2025-01-18 17:30:00+00:00,BASELINE,0.5728173278590319,0.5205128205128204,1.87,1,NON_PIT,1.0,0.8543653442819361,COUNTERFACTUAL_NON_PIT,False
over_2_5,0,cf919f43985f2c5bab84,2025-01-19 12:00:00+00:00,BASELINE,0.628551066588177,0.5263157894736842,1.8,1,NON_PIT,1.0,0.7428978668236459,COUNTERFACTUAL_NON_PIT,False
over_2_5,0,e3eef2b02ee98c293828,2025-01-19 14:00:00+00:00,BASELINE,0.5505422080521285,0.5483028720626633,1.73,1,NON_PIT,1.0,0.898915583895743,COUNTERFACTUAL_NON_PIT,False
over_2_5,0,e945b3a8575140585158,2025-01-19 14:00:00+00:00,BASELINE,0.5693356186457368,0.5684754521963824,1.67,1,NON_PIT,1.0,0.8613287627085264,COUNTERFACTUAL_NON_PIT,False
over_2_5,0,eaf5d46e2749a4a8904b,2025-01-19 14:00:00+00:00,BASELINE,0.5441055808430009,0.5684754521963824,1.67,1,NON_PIT,1.0,0.9117888383139983,COUNTERFACTUAL_NON_PIT,False
over_2_5,0,359d3907bba3968d715d,2025-01-19 16:30:00+00:00,BASELINE,0.5366688978615299,0.6563245823389022,1.44,1,NON_PIT,1.0,0.9266622042769401,COUNTERFACTUAL_NON_PIT,False
over_2_5,0,cbccf586a2c1aecd35ee,2025-01-20 20:00:00+00:00,BASELINE,0.5949856039127095,0.7017543859649122,1.36,1,NON_PIT,1.0,0.810028792174581,COUNTERFACTUAL_NON_PIT,False
over_2_5,0,035d336c88c793529852,2025-01-21 19:45:00+00:00,BASELINE,0.5245735233442617,0.4516971279373368,2.1,1,NON_PIT,1.0,0.9508529533114767,COUNTERFACTUAL_NON_PIT,False
over_2_5,0,039f74c97c94e01ba7fd,2025-01-21 19:45:00+00:00,BASELINE,0.539739106230445,0.44297082228116713,2.1,1,NON_PIT,1.0,0.9205217875391101,COUNTERFACTUAL_NON_PIT,False
over_2_5,0,296599df382ab4807169,2025-01-21 19:45:00+00:00,BASELINE,0.5209039489774289,0.4297082228116711,2.15,1,NON_PIT,1.0,0.9581921020451423,COUNTERFACTUAL_NON_PIT,False
over_2_5,0,2d23f84ad4a32a455807,2025-01-21 19:45:00+00:00,BASELINE,0.5368554689472252,0.42408376963350786,2.2,0,NON_PIT,1.0,0.9262890621055495,COUNTERFACTUAL_NON_PIT,False
over_2_5,0,2f6f9545e8df848ed675,2025-01-21 19:45:00+00:00,BASELINE,0.5910018565588169,0.557029177718833,1.67,0,NON_PIT,1.0,0.8179962868823663,COUNTERFACTUAL_NON_PIT,False
over_2_5,0,39717fc6dd83712b1942,2025-01-21 19:45:00+00:00,BASELINE,0.5459051009863655,0.5194805194805195,1.85,1,NON_PIT,1.0,0.9081897980272691,COUNTERFACTUAL_NON_PIT,False
over_2_5,0,52f0468e80a3518fa5d9,2025-01-21 19:45:00+00:00,BASELINE,0.5020062749336153,0.413265306122449,2.3,1,NON_PIT,1.0,0.9959874501327695,COUNTERFACTUAL_NON_PIT,False
over_2_5,0,880b84a581ebae995d2e,2025-01-21 19:45:00+00:00,BASELINE,0.5686403812266946,0.4805194805194806,2.0,0,NON_PIT,1.0,0.8627192375466108,COUNTERFACTUAL_NON_PIT,False
over_2_5,0,9f65af6c0d454f3cf625,2025-01-21 19:45:00+00:00,BASELINE,0.5120471111373017,0.43152454780361754,2.2,0,NON_PIT,1.0,0.9759057777253966,COUNTERFACTUAL_NON_PIT,False
over_2_5,0,a2094c0f3d2b18bf770a,2025-01-21 19:45:00+00:00,BASELINE,0.5617257377008004,0.4516971279373368,2.1,0,NON_PIT,1.0,0.8765485245983993,COUNTERFACTUAL_NON_PIT,False
over_2_5,0,a7a6f95b147a7f5ef9e5,2025-01-21 19:45:00+00:00,BASELINE,0.5537164453346721,0.43152454780361754,2.2,1,NON_PIT,1.0,0.8925671093306558,COUNTERFACTUAL_NON_PIT,False
over_2_5,0,b570feb1158b62024bf1,2025-01-21 19:45:00+00:00,BASELINE,0.6082069307588255,0.4870466321243523,1.98,1,NON_PIT,1.0,0.783586138482349,COUNTERFACTUAL_NON_PIT,False
over_2_5,0,452636e93f318eb9670b,2025-01-21 20:00:00+00:00,BASELINE,0.5697647601277224,0.3181818181818181,3.0,1,NON_PIT,1.0,0.8604704797445553,COUNTERFACTUAL_NON_PIT,False
over_2_5,0,160c6b2d92a6d7f42b1c,2025-01-22 19:45:00+00:00,BASELINE,0.5002576864443932,0.4805194805194806,2.0,1,NON_PIT,1.0,0.9994846271112137,COUNTERFACTUAL_NON_PIT,False
over_2_5,0,927193c1765821c33f52,2025-01-22 19:45:00+00:00,BASELINE,0.5797169943658418,0.4516971279373368,2.1,1,NON_PIT,1.0,0.8405660112683164,COUNTERFACTUAL_NON_PIT,False
over_2_5,0,f53df6e20e3ffc03e7d2,2025-01-22 19:45:00+00:00,BASELINE,0.5537094588431837,0.549597855227882,1.68,0,NON_PIT,1.0,0.8925810823136326,COUNTERFACTUAL_NON_PIT,False
over_2_5,0,769b66e85591d245e86b,2025-01-22 20:00:00+00:00,BASELINE,0.48175520463266025,0.450402144772118,2.05,1,NON_PIT,1.0,0.9635104092653205,COUNTERFACTUAL_NON_PIT,False
over_2_5,0,8d56b66ddb30c1ed8d62,2025-01-23 20:00:00+00:00,BASELINE,0.5113045192531147,0.4285714285714286,2.2,0,NON_PIT,1.0,0.9773909614937706,COUNTERFACTUAL_NON_PIT,False
over_2_5,0,cdf3f035a4aca6a3f6e0,2025-01-24 19:45:00+00:00,BASELINE,0.6048314135742587,0.5259067357512953,1.83,1,NON_PIT,1.0,0.7903371728514825,COUNTERFACTUAL_NON_PIT,False
over_2_5,0,913d4c57d82b39407ab9,2025-01-24 20:00:00+00:00,BASELINE,0.5438475846335771,0.4675324675324676,2.05,1,NON_PIT,1.0,0.9123048307328459,COUNTERFACTUAL_NON_PIT,False
over_2_5,0,0118274b041ab440ac52,2025-01-25 12:30:00+00:00,BASELINE,0.5074742446957414,0.4516971279373368,2.1,0,NON_PIT,1.0,0.9850515106085171,COUNTERFACTUAL_NON_PIT,False
over_2_5,0,40e4a5bb5219cb79c146,2025-01-25 12:30:00+00:00,BASELINE,0.5540784210756922,0.5259067357512953,1.83,0,NON_PIT,1.0,0.8918431578486157,COUNTERFACTUAL_NON_PIT,False
over_2_5,0,61a5461de983bad38841,2025-01-25 12:30:00+00:00,BASELINE,0.5371819346153486,0.4675324675324676,2.05,0,NON_PIT,1.0,0.9256361307693028,COUNTERFACTUAL_NON_PIT,False
over_2_5,0,79144e20a7aedaf42d28,2025-01-25 12:30:00+00:00,BASELINE,0.5064596960989752,0.49350649350649356,1.95,1,NON_PIT,1.0,0.9870806078020495,COUNTERFACTUAL_NON_PIT,False
over_2_5,0,df0dcf67a2e69f140069,2025-01-25 12:30:00+00:00,BASELINE,0.5729206318714657,0.4473684210526316,2.1,1,NON_PIT,1.0,0.8541587362570686,COUNTERFACTUAL_NON_PIT,False
over_2_5,0,e0dcc51c203f249de250,2025-01-25 12:30:00+00:00,BASELINE,0.555018323714663,0.36319612590799033,2.63,0,NON_PIT,1.0,0.889963352570674,COUNTERFACTUAL_NON_PIT,False
over_2_5,0,e69929dacba8cc51997c,2025-01-25 12:30:00+00:00,BASELINE,0.5765056329241298,0.4866310160427808,1.92,1,NON_PIT,1.0,0.8469887341517404,COUNTERFACTUAL_NON_PIT,False
over_2_5,0,02c861efadcef212e418,2025-01-25 15:00:00+00:00,BASELINE,0.5589148393557775,0.3796526054590571,2.5,1,NON_PIT,1.0,0.8821703212884451,COUNTERFACTUAL_NON_PIT,False
over_2_5,0,042a80cfd94f3c3b1dda,2025-01-25 15:00:00+00:00,BASELINE,0.517828371419628,0.5129533678756476,1.88,1,NON_PIT,1.0,0.964343257160744,COUNTERFACTUAL_NON_PIT,False
over_2_5,0,080e73c874e42e760c9f,2025-01-25 15:00:00+00:00,BASELINE,0.5435938651155584,0.47409326424870474,2.03,1,NON_PIT,1.0,0.9128122697688832,COUNTERFACTUAL_NON_PIT,False
over_2_5,0,09081a968bd3d9d0b177,2025-01-25 15:00:00+00:00,BASELINE,0.521138195810977,0.5394736842105263,1.75,0,NON_PIT,1.0,0.957723608378046,COUNTERFACTUAL_NON_PIT,False
over_2_5,0,1df09abc92d3de82c540,2025-01-25 15:00:00+00:00,BASELINE,0.5514901460022879,0.5,1.89,0,NON_PIT,1.0,0.8970197079954243,COUNTERFACTUAL_NON_PIT,False
over_2_5,0,2139cf9c55f4fe51f9db,2025-01-25 15:00:00+00:00,BASELINE,0.5715205566947308,0.5256410256410255,1.85,1,NON_PIT,1.0,0.8569588866105384,COUNTERFACTUAL_NON_PIT,False
over_2_5,0,2e0fe0566af10cb5f045,2025-01-25 15:00:00+00:00,BASELINE,0.5907074629361968,0.5459317585301837,1.73,0,NON_PIT,1.0,0.8185850741276064,COUNTERFACTUAL_NON_PIT,False
over_2_5,0,34f79bdfa882f863727a,2025-01-25 15:00:00+00:00,BASELINE,0.5522824478644043,0.656934306569343,1.41,1,NON_PIT,1.0,0.8954351042711914,COUNTERFACTUAL_NON_PIT,False
over_2_5,0,4e977a2beaa5c39c65c8,2025-01-25 15:00:00+00:00,BASELINE,0.5113259636484387,0.5483028720626633,1.73,0,NON_PIT,1.0,0.9773480727031225,COUNTERFACTUAL_NON_PIT,False
over_2_5,0,4ea74915bed8bd504f79,2025-01-25 15:00:00+00:00,BASELINE,0.5197556219787132,0.46052631578947373,2.05,0,NON_PIT,1.0,0.9604887560425737,COUNTERFACTUAL_NON_PIT,False
over_2_5,0,5999ee4068dfea7ff95c,2025-01-25 15:00:00+00:00,BASELINE,0.5598772656822738,0.4562334217506631,2.05,0,NON_PIT,1.0,0.8802454686354524,COUNTERFACTUAL_NON_PIT,False
over_2_5,0,6c848885ee343f8445b8,2025-01-25 15:00:00+00:00,BASELINE,0.5525474849320268,0.5394736842105263,1.75,0,NON_PIT,1.0,0.8949050301359465,COUNTERFACTUAL_NON_PIT,False
over_2_5,0,74081e4aaf9723dd6c5f,2025-01-25 15:00:00+00:00,BASELINE,0.5072525058909553,0.6025316455696202,1.57,1,NON_PIT,1.0,0.9854949882180895,COUNTERFACTUAL_NON_PIT,False
over_2_5,0,7c496feadbd2e21c3db1,2025-01-25 15:00:00+00:00,BASELINE,0.5169052887807983,0.4516971279373368,2.1,1,NON_PIT,1.0,0.9661894224384033,COUNTERFACTUAL_NON_PIT,False
over_2_5,0,7d8e7f3127d8c2f58d73,2025-01-25 15:00:00+00:00,BASELINE,0.5382795178696957,0.4312169312169312,2.15,1,NON_PIT,1.0,0.9234409642606085,COUNTERFACTUAL_NON_PIT,False
over_2_5,0,851b32554a759bed2f35,2025-01-25 15:00:00+00:00,BASELINE,0.6197004596080548,0.5628272251308901,1.67,0,NON_PIT,1.0,0.7605990807838905,COUNTERFACTUAL_NON_PIT,False
over_2_5,0,85d57fa17ba931b27249,2025-01-25 15:00:00+00:00,BASELINE,0.5357551876411852,0.5394736842105263,1.75,0,NON_PIT,1.0,0.9284896247176295,COUNTERFACTUAL_NON_PIT,False
over_2_5,0,887235e7ce78f163822e,2025-01-25 15:00:00+00:00,BASELINE,0.6251197220301917,0.7619047619047619,1.25,1,NON_PIT,1.0,0.7497605559396165,COUNTERFACTUAL_NON_PIT,False
over_2_5,0,88960f17411743236ec8,2025-01-25 15:00:00+00:00,BASELINE,0.5348023687098891,0.4540682414698162,2.08,0,NON_PIT,1.0,0.9303952625802219,COUNTERFACTUAL_NON_PIT,False
over_2_5,0,9431f7ed5eff7c51eb1a,2025-01-25 15:00:00+00:00,BASELINE,0.5718848871382844,0.44297082228116713,2.1,1,NON_PIT,1.0,0.8562302257234311,COUNTERFACTUAL_NON_PIT,False
over_2_5,0,9ad8b14c8730c91c18c5,2025-01-25 15:00:00+00:00,BASELINE,0.5035735038590615,0.41253263707571797,2.25,0,NON_PIT,1.0,0.992852992281877,COUNTERFACTUAL_NON_PIT,False
over_2_5,0,9d8a7caf6cd70485f399,2025-01-25 15:00:00+00:00,BASELINE,0.5439360693908406,0.43152454780361754,2.2,1,NON_PIT,1.0,0.9121278612183188,COUNTERFACTUAL_NON_PIT,False
over_2_5,0,9efe629b08c0c9eb50c0,2025-01-25 15:00:00+00:00,BASELINE,0.5522238431297647,0.4473684210526316,2.1,0,NON_PIT,1.0,0.8955523137404706,COUNTERFACTUAL_NON_PIT,False
over_2_5,0,c14d88a17845672c5bd9,2025-01-25 15:00:00+00:00,BASELINE,0.5410207692993442,0.4805194805194806,2.0,0,NON_PIT,1.0,0.9179584614013117,COUNTERFACTUAL_NON_PIT,False
over_2_5,0,cda91fbff788b3c63e77,2025-01-25 15:00:00+00:00,BASELINE,0.549289729326022,0.4540682414698162,2.08,1,NON_PIT,1.0,0.9014205413479559,COUNTERFACTUAL_NON_PIT,False
over_2_5,0,dab0ba389fdc18ddcdcf,2025-01-25 15:00:00+00:00,BASELINE,0.5482459101443176,0.5259067357512953,1.83,1,NON_PIT,1.0,0.9035081797113649,COUNTERFACTUAL_NON_PIT,False
over_2_5,0,e357897a3f3ac2a03507,2025-01-25 15:00:00+00:00,BASELINE,0.5872594236802056,0.4870466321243523,1.98,1,NON_PIT,1.0,0.8254811526395889,COUNTERFACTUAL_NON_PIT,False
over_2_5,0,ed007b2fbf077ebdb4ad,2025-01-25 15:00:00+00:00,BASELINE,0.5648487267561405,0.4516971279373368,2.1,0,NON_PIT,1.0,0.870302546487719,COUNTERFACTUAL_NON_PIT,False
over_2_5,0,f824399329cd9895a2bc,2025-01-25 15:00:00+00:00,BASELINE,0.5742637261975665,0.4870466321243523,1.98,1,NON_PIT,1.0,0.851472547604867,COUNTERFACTUAL_NON_PIT,False
over_2_5,0,fcb7d771e01e2579b5b9,2025-01-25 15:00:00+00:00,BASELINE,0.5145485066296951,0.4764397905759163,2.0,0,NON_PIT,1.0,0.9709029867406098,COUNTERFACTUAL_NON_PIT,False
over_2_5,0,3ceed70c70639da0ea89,2025-01-25 17:30:00+00:00,BASELINE,0.6427705300590184,0.6818181818181818,1.4,1,NON_PIT,1.0,0.7144589398819632,COUNTERFACTUAL_NON_PIT,False
over_2_5,0,1a3b96e7accd45dad0c5,2025-01-26 14:00:00+00:00,BASELINE,0.5998221226162047,0.7188160676532769,1.33,1,NON_PIT,1.0,0.8003557547675906,COUNTERFACTUAL_NON_PIT,False
over_2_5,0,5fc68ea982239627b78b,2025-01-26 14:00:00+00:00,BASELINE,0.5553357464768249,0.5483028720626633,1.73,1,NON_PIT,1.0,0.8893285070463501,COUNTERFACTUAL_NON_PIT,False
over_2_5,0,fe424dab0700ff51309a,2025-01-26 16:30:00+00:00,BASELINE,0.5511941861575248,0.5684754521963824,1.67,0,NON_PIT,1.0,0.8976116276849504,COUNTERFACTUAL_NON_PIT,False
over_2_5,0,b72d3a83eb15a7408967,2025-01-26 19:00:00+00:00,BASELINE,0.5848268537325311,0.517948717948718,1.88,0,NON_PIT,1.0,0.8303462925349379,COUNTERFACTUAL_NON_PIT,False
over_2_5,0,63e2db859f781aa53694,2025-01-27 20:00:00+00:00,BASELINE,0.5587718977025067,0.3796526054590571,2.5,0,NON_PIT,1.0,0.8824562045949866,COUNTERFACTUAL_NON_PIT,False
over_2_5,0,0c4f05a610a08ab589d4,2025-01-28 19:45:00+00:00,BASELINE,0.5272201248175016,0.36319612590799033,2.63,0,NON_PIT,1.0,0.9455597503649968,COUNTERFACTUAL_NON_PIT,False
over_2_5,0,12bdb1c55f1100815d05,2025-01-28 19:45:00+00:00,BASELINE,0.552811767361762,0.43717277486910994,2.15,1,NON_PIT,1.0,0.8943764652764761,COUNTERFACTUAL_NON_PIT,False
over_2_5,0,18df911407231f6a0ef2,2025-01-28 19:45:00+00:00,BASELINE,0.5474340348398137,0.47409326424870474,2.03,0,NON_PIT,1.0,0.9051319303203726,COUNTERFACTUAL_NON_PIT,False
over_2_5,0,4c174b8fbd9c992a4bdf,2025-01-28 19:45:00+00:00,BASELINE,0.5598670615994021,0.5459317585301837,1.73,0,NON_PIT,1.0,0.8802658768011957,COUNTERFACTUAL_NON_PIT,False
over_2_5,0,4f6b31c1cfc853b064d5,2025-01-28 19:45:00+00:00,BASELINE,0.5884834383152845,0.4540682414698162,2.08,0,NON_PIT,1.0,0.823033123369431,COUNTERFACTUAL_NON_PIT,False
over_2_5,0,50291002d4541b1772cc,2025-01-28 19:45:00+00:00,BASELINE,0.546014793792504,0.4473684210526316,2.1,0,NON_PIT,1.0,0.9079704124149921,COUNTERFACTUAL_NON_PIT,False
over_2_5,0,5606995a61a4bc980300,2025-01-28 19:45:00+00:00,BASELINE,0.5122233204912644,0.49350649350649356,1.95,1,NON_PIT,1.0,0.9755533590174712,COUNTERFACTUAL_NON_PIT,False
over_2_5,0,5e5c01c79d46a61f7cb6,2025-01-28 19:45:00+00:00,BASELINE,0.5567902677578738,0.47409326424870474,2.03,0,NON_PIT,1.0,0.8864194644842525,COUNTERFACTUAL_NON_PIT,False
over_2_5,0,5ec76a7e0b244eb6c182,2025-01-28 19:45:00+00:00,BASELINE,0.536701055384122,0.43717277486910994,2.15,0,NON_PIT,1.0,0.9265978892317559,COUNTERFACTUAL_NON_PIT,False
over_2_5,0,63202512911cf91ac249,2025-01-28 19:45:00+00:00,BASELINE,0.5366109725280596,0.5129533678756476,1.88,0,NON_PIT,1.0,0.9267780549438809,COUNTERFACTUAL_NON_PIT,False
over_2_5,0,694f7247d74a5f762809,2025-01-28 19:45:00+00:00,BASELINE,0.555910085658389,0.49350649350649356,1.95,1,NON_PIT,1.0,0.8881798286832221,COUNTERFACTUAL_NON_PIT,False
over_2_5,0,6b9858a70acf4116261e,2025-01-28 19:45:00+00:00,BASELINE,0.5094105460330252,0.5459317585301837,1.73,1,NON_PIT,1.0,0.9811789079339497,COUNTERFACTUAL_NON_PIT,False
over_2_5,0,82e03725adc90d34a705,2025-01-28 19:45:00+00:00,BASELINE,0.549513287044462,0.4540682414698162,2.08,0,NON_PIT,1.0,0.900973425911076,COUNTERFACTUAL_NON_PIT,False
over_2_5,0,9986428fd0be24f61b1f,2025-01-28 19:45:00+00:00,BASELINE,0.5275051141340874,0.4870466321243523,1.98,0,NON_PIT,1.0,0.9449897717318252,COUNTERFACTUAL_NON_PIT,False
over_2_5,0,9a09c31363a22c8c8e6b,2025-01-28 19:45:00+00:00,BASELINE,0.5763655763713029,0.46052631578947373,2.05,1,NON_PIT,1.0,0.8472688472573942,COUNTERFACTUAL_NON_PIT,False
over_2_5,0,9cc76479caf334453036,2025-01-28 19:45:00+00:00,BASELINE,0.5700374056074375,0.46052631578947373,2.05,1,NON_PIT,1.0,0.8599251887851249,COUNTERFACTUAL_NON_PIT,False
over_2_5,0,c981b77aa14da6e0aa67,2025-01-28 19:45:00+00:00,BASELINE,0.549792713881102,0.4870466321243523,1.98,1,NON_PIT,1.0,0.9004145722377961,COUNTERFACTUAL_NON_PIT,False
over_2_5,0,d8502511c82d994d9a3b,2025-01-28 19:45:00+00:00,BASELINE,0.5994289948231049,0.5897435897435896,1.6,0,NON_PIT,1.0,0.8011420103537903,COUNTERFACTUAL_NON_PIT,False
over_2_5,0,dea1336d67d1dfefdf39,2025-01-28 19:45:00+00:00,BASELINE,0.5347112678296206,0.5129533678756476,1.88,1,NON_PIT,1.0,0.9305774643407587,COUNTERFACTUAL_NON_PIT,False
over_2_5,0,e87fac93423e92725bfc,2025-01-28 19:45:00+00:00,BASELINE,0.5294698860546412,0.3478260869565217,2.7,1,NON_PIT,1.0,0.9410602278907176,COUNTERFACTUAL_NON_PIT,False
over_2_5,0,ea0b855dcaf9e73c6ec4,2025-01-28 19:45:00+00:00,BASELINE,0.5923002765369596,0.5628272251308901,1.67,0,NON_PIT,1.0,0.8153994469260808,COUNTERFACTUAL_NON_PIT,False
over_2_5,0,ed9fdde1d2ca1e538554,2025-01-28 19:45:00+00:00,BASELINE,0.5166626423306079,0.32710280373831774,2.88,0,NON_PIT,1.0,0.9666747153387842,COUNTERFACTUAL_NON_PIT,False
over_2_5,0,6238a9707b0f321dd607,2025-01-28 20:00:00+00:00,BASELINE,0.51126732543831,0.41025641025641024,2.3,0,NON_PIT,1.0,0.97746534912338,COUNTERFACTUAL_NON_PIT,False
over_2_5,0,b61fa3099c75f7125253,2025-01-29 20:00:00+00:00,BASELINE,0.5321061637429493,0.43717277486910994,2.15,1,NON_PIT,1.0,0.9357876725141014,COUNTERFACTUAL_NON_PIT,False
over_2_5,0,ea365b41855083dce285,2025-01-31 20:00:00+00:00,BASELINE,0.5528506258607137,0.3796526054590571,2.5,1,NON_PIT,1.0,0.8942987482785727,COUNTERFACTUAL_NON_PIT,False
over_2_5,0,17ed5acf640cc7469263,2025-02-01 12:30:00+00:00,BASELINE,0.5789456847888993,0.5129533678756476,1.88,0,NON_PIT,1.0,0.8421086304222014,COUNTERFACTUAL_NON_PIT,False
over_2_5,0,3c28504b8a84deaf31fb,2025-02-01 12:30:00+00:00,BASELINE,0.5581486439891304,0.49350649350649356,1.95,0,NON_PIT,1.0,0.8837027120217391,COUNTERFACTUAL_NON_PIT,False
over_2_5,0,5d2b0d6249f6d81336ad,2025-02-01 12:30:00+00:00,BASELINE,0.5264698027186349,0.43152454780361754,2.2,0,NON_PIT,1.0,0.9470603945627303,COUNTERFACTUAL_NON_PIT,False
over_2_5,0,5fbb12d91f52f9a3a0c2,2025-02-01 12:30:00+00:00,BASELINE,0.5645191738672046,0.5064935064935064,1.9,1,NON_PIT,1.0,0.8709616522655907,COUNTERFACTUAL_NON_PIT,False
over_2_5,0,9ca20f04acaa13f304da,2025-02-01 12:30:00+00:00,BASELINE,0.5530030956503084,0.43717277486910994,2.15,1,NON_PIT,1.0,0.8939938086993833,COUNTERFACTUAL_NON_PIT,False
over_2_5,0,acb61e8a112acdf4e3cf,2025-02-01 12:30:00+00:00,BASELINE,0.5987569625974722,0.5526315789473685,1.7,0,NON_PIT,1.0,0.8024860748050555,COUNTERFACTUAL_NON_PIT,False
over_2_5,0,b42f4ff79c597195e5d5,2025-02-01 12:30:00+00:00,BASELINE,0.551444164281932,0.5,1.95,1,NON_PIT,1.0,0.897111671436136,COUNTERFACTUAL_NON_PIT,False
over_2_5,0,c52db2efb60489a879f4,2025-02-01 12:30:00+00:00,BASELINE,0.534953395133803,0.46052631578947373,2.05,1,NON_PIT,1.0,0.930093209732394,COUNTERFACTUAL_NON_PIT,False
over_2_5,0,0173ae0ebab96f0f7c6c,2025-02-01 15:00:00+00:00,BASELINE,0.587181728265526,0.586734693877551,1.62,1,NON_PIT,1.0,0.8256365434689481,COUNTERFACTUAL_NON_PIT,False
over_2_5,0,032b40636f354c6cb268,2025-02-01 15:00:00+00:00,BASELINE,0.5936204702458816,0.46052631578947373,2.05,0,NON_PIT,1.0,0.8127590595082368,COUNTERFACTUAL_NON_PIT,False
over_2_5,0,0e26d179270514b15ea3,2025-02-01 15:00:00+00:00,BASELINE,0.5220978168190888,0.49350649350649356,1.95,1,NON_PIT,1.0,0.9558043663618223,COUNTERFACTUAL_NON_PIT,False
over_2_5,0,0f94c1eaf2f79a4e3eaf,2025-02-01 15:00:00+00:00,BASELINE,0.5521091010935931,0.43717277486910994,2.15,1,NON_PIT,1.0,0.8957817978128138,COUNTERFACTUAL_NON_PIT,False
over_2_5,0,21adbdd60982f7badca8,2025-02-01 15:00:00+00:00,BASELINE,0.5287271198631618,0.4870466321243523,1.98,0,NON_PIT,1.0,0.9425457602736764,COUNTERFACTUAL_NON_PIT,False
over_2_5,0,3378b06f4679eb93e4e2,2025-02-01 15:00:00+00:00,BASELINE,0.4763032533338673,0.5,1.93,1,NON_PIT,1.0,0.9526065066677346,COUNTERFACTUAL_NON_PIT,False
over_2_5,0,34aed6c822d4673cf83b,2025-02-01 15:00:00+00:00,BASELINE,0.5299893296312785,0.3478260869565217,2.7,0,NON_PIT,1.0,0.9400213407374429,COUNTERFACTUAL_NON_PIT,False
over_2_5,0,3a4bd4b474bae16c36ee,2025-02-01 15:00:00+00:00,BASELINE,0.5296259293521591,0.4675324675324676,2.05,1,NON_PIT,1.0,0.9407481412956817,COUNTERFACTUAL_NON_PIT,False
over_2_5,0,3c9c933cc4a49a31ded4,2025-02-01 15:00:00+00:00,BASELINE,0.5247592394343205,0.5259067357512953,1.83,1,NON_PIT,1.0,0.9504815211313591,COUNTERFACTUAL_NON_PIT,False
over_2_5,0,41fc05f031430bda8482,2025-02-01 15:00:00+00:00,BASELINE,0.5671077122304828,0.4870466321243523,1.98,0,NON_PIT,1.0,0.8657845755390343,COUNTERFACTUAL_NON_PIT,False
over_2_5,0,4d6006763ac37d0e8932,2025-02-01 15:00:00+00:00,BASELINE,0.5419520545647766,0.46052631578947373,2.05,1,NON_PIT,1.0,0.9160958908704468,COUNTERFACTUAL_NON_PIT,False
over_2_5,0,551f704a86dc7deeb6f8,2025-02-01 15:00:00+00:00,BASELINE,0.6309340527686103,0.6563245823389022,1.44,0,NON_PIT,1.0,0.7381318944627795,COUNTERFACTUAL_NON_PIT,False
over_2_5,0,673513f7ff8390f39f58,2025-02-01 15:00:00+00:00,BASELINE,0.5827387455464476,0.5526315789473685,1.7,0,NON_PIT,1.0,0.8345225089071049,COUNTERFACTUAL_NON_PIT,False
over_2_5,0,6a9a3e5965b65f1101f2,2025-02-01 15:00:00+00:00,BASELINE,0.5589141881525681,0.43152454780361754,2.2,0,NON_PIT,1.0,0.8821716236948638,COUNTERFACTUAL_NON_PIT,False
over_2_5,0,81ce0e1ff5b643d85f4a,2025-02-01 15:00:00+00:00,BASELINE,0.5024862658566099,0.43152454780361754,2.2,0,NON_PIT,1.0,0.9950274682867801,COUNTERFACTUAL_NON_PIT,False
over_2_5,0,8357c18ddb64d72c108b,2025-02-01 15:00:00+00:00,BASELINE,0.5398441398488578,0.4540682414698162,2.08,1,NON_PIT,1.0,0.9203117203022844,COUNTERFACTUAL_NON_PIT,False
over_2_5,0,89969465a849df850e1f,2025-02-01 15:00:00+00:00,BASELINE,0.5836338260232585,0.5483028720626633,1.73,1,NON_PIT,1.0,0.8327323479534829,COUNTERFACTUAL_NON_PIT,False
over_2_5,0,8aebc45fe9e60bf7570e,2025-02-01 15:00:00+00:00,BASELINE,0.5442074441475313,0.5,1.93,1,NON_PIT,1.0,0.9115851117049374,COUNTERFACTUAL_NON_PIT,False
over_2_5,0,8de714c3045296b353cb,2025-02-01 15:00:00+00:00,BASELINE,0.5938140748470871,0.5483028720626633,1.73,1,NON_PIT,1.0,0.8123718503058257,COUNTERFACTUAL_NON_PIT,False
over_2_5,0,94329cc31a1fa50dd7b5,2025-02-01 15:00:00+00:00,BASELINE,0.5281313755268653,0.4805194805194806,2.0,0,NON_PIT,1.0,0.9437372489462694,COUNTERFACTUAL_NON_PIT,False
over_2_5,0,bb6f721ecd9bdcfc3035,2025-02-01 15:00:00+00:00,BASELINE,0.5127189867971281,0.4186046511627907,2.25,0,NON_PIT,1.0,0.9745620264057437,COUNTERFACTUAL_NON_PIT,False
over_2_5,0,c4e82cd59d1e2977eb3d,2025-02-01 15:00:00+00:00,BASELINE,0.5212031431125057,0.41025641025641024,2.3,0,NON_PIT,1.0,0.9575937137749886,COUNTERFACTUAL_NON_PIT,False
over_2_5,0,c6422f0842fdf23a2879,2025-02-01 15:00:00+00:00,BASELINE,0.5782633461541945,0.43152454780361754,2.2,0,NON_PIT,1.0,0.843473307691611,COUNTERFACTUAL_NON_PIT,False
over_2_5,0,c85b72d798b685a4d82c,2025-02-01 15:00:00+00:00,BASELINE,0.5654196395519264,0.46052631578947373,2.05,1,NON_PIT,1.0,0.8691607208961472,COUNTERFACTUAL_NON_PIT,False
over_2_5,0,cb1e01cb4522e73ba3b2,2025-02-01 15:00:00+00:00,BASELINE,0.5257343303303652,0.4769230769230769,2.04,1,NON_PIT,1.0,0.9485313393392696,COUNTERFACTUAL_NON_PIT,False
over_2_5,0,e0095939ca8a44a589e8,2025-02-01 15:00:00+00:00,BASELINE,0.5584391443528737,0.4186046511627907,2.25,0,NON_PIT,1.0,0.8831217112942527,COUNTERFACTUAL_NON_PIT,False
over_2_5,0,e6904465a510967c352c,2025-02-01 15:00:00+00:00,BASELINE,0.49768975956087647,0.4186046511627907,2.25,1,NON_PIT,1.0,0.9953795191217529,COUNTERFACTUAL_NON_PIT,False
over_2_5,0,edae2ed9ac323d83b7f4,2025-02-01 15:00:00+00:00,BASELINE,0.5454233581616821,0.46052631578947373,2.05,1,NON_PIT,1.0,0.9091532836766358,COUNTERFACTUAL_NON_PIT,False
over_2_5,0,edb7d2d9e5739e70c373,2025-02-01 15:00:00+00:00,BASELINE,0.5284344353521004,0.3436754176610979,2.75,1,NON_PIT,1.0,0.9431311292957991,COUNTERFACTUAL_NON_PIT,False
over_2_5,0,edf0207ac313d40bacfd,2025-02-01 15:00:00+00:00,BASELINE,0.5805044735813389,0.47409326424870474,2.03,1,NON_PIT,1.0,0.8389910528373221,COUNTERFACTUAL_NON_PIT,False
over_2_5,0,fd0254a3021b0c9dab89,2025-02-01 17:30:00+00:00,BASELINE,0.5360185082909154,0.5483028720626633,1.73,0,NON_PIT,1.0,0.9279629834181693,COUNTERFACTUAL_NON_PIT,False
over_2_5,0,a5d07c2e3cbc7797bbff,2025-02-02 14:00:00+00:00,BASELINE,0.6186247497987751,0.7188160676532769,1.33,0,NON_PIT,1.0,0.7627505004024497,COUNTERFACTUAL_NON_PIT,False
over_2_5,0,d7ee4e4c8fcd31e73d74,2025-02-02 14:00:00+00:00,BASELINE,0.5552328174672412,0.5205128205128204,1.87,0,NON_PIT,1.0,0.8895343650655176,COUNTERFACTUAL_NON_PIT,False
over_2_5,0,2396e826592db1ae9436,2025-02-02 15:00:00+00:00,BASELINE,0.5197320878810839,0.5459317585301837,1.73,1,NON_PIT,1.0,0.9605358242378321,COUNTERFACTUAL_NON_PIT,False
over_2_5,0,ef0ea214ddd736e44a05,2025-02-02 16:30:00+00:00,BASELINE,0.6233686966995639,0.5483028720626633,1.73,1,NON_PIT,1.0,0.7532626066008723,COUNTERFACTUAL_NON_PIT,False
over_2_5,0,5aab3f639ba3c0669a09,2025-02-03 20:00:00+00:00,BASELINE,0.514682007470356,0.5,1.93,1,NON_PIT,1.0,0.970635985059288,COUNTERFACTUAL_NON_PIT,False
over_2_5,0,67b6afc20ff4ed337ef4,2025-02-03 20:00:00+00:00,BASELINE,0.5899997507468767,0.6818181818181818,1.4,1,NON_PIT,1.0,0.8200004985062466,COUNTERFACTUAL_NON_PIT,False
over_2_5,0,4757615d06baec97411c,2025-02-04 19:45:00+00:00,BASELINE,0.5388677645802654,0.4540682414698162,2.08,1,NON_PIT,1.0,0.9222644708394692,COUNTERFACTUAL_NON_PIT,False
over_2_5,0,5f0b4861f323a5743367,2025-02-04 19:45:00+00:00,BASELINE,0.5723857741327952,0.5129533678756476,1.88,1,NON_PIT,1.0,0.8552284517344095,COUNTERFACTUAL_NON_PIT,False
over_2_5,0,7e7c1bd88b3ca58e2b34,2025-02-04 19:45:00+00:00,BASELINE,0.5188444655136674,0.413265306122449,2.3,1,NON_PIT,1.0,0.9623110689726653,COUNTERFACTUAL_NON_PIT,False
over_2_5,0,bbf3a62013c96e86462d,2025-02-04 19:45:00+00:00,BASELINE,0.5348294711125602,0.43152454780361754,2.2,0,NON_PIT,1.0,0.9303410577748796,COUNTERFACTUAL_NON_PIT,False
over_2_5,0,d31c285c01175392664f,2025-02-05 19:45:00+00:00,BASELINE,0.5834471552264197,0.5,1.93,0,NON_PIT,1.0,0.8331056895471607,COUNTERFACTUAL_NON_PIT,False
over_2_5,0,6c4b807d1dde6f6a46b6,2025-02-06 19:45:00+00:00,BASELINE,0.5548200647714964,0.5,1.93,1,NON_PIT,1.0,0.8903598704570073,COUNTERFACTUAL_NON_PIT,False
over_2_5,0,cf8e41360fb918a3a3e6,2025-02-07 19:45:00+00:00,BASELINE,0.5657635224803487,0.4675324675324676,2.05,0,NON_PIT,1.0,0.8684729550393027,COUNTERFACTUAL_NON_PIT,False
over_2_5,0,019297adcb72c6b25375,2025-02-08 12:30:00+00:00,BASELINE,0.5255855168257841,0.5129533678756476,1.88,1,NON_PIT,1.0,0.9488289663484317,COUNTERFACTUAL_NON_PIT,False
over_2_5,0,8998b078a523644ffdac,2025-02-08 12:30:00+00:00,BASELINE,0.5585934825752138,0.375,2.5,0,NON_PIT,1.0,0.8828130348495724,COUNTERFACTUAL_NON_PIT,False
over_2_5,0,99c699df2e8a3aa17e2f,2025-02-08 12:30:00+00:00,BASELINE,0.5377255664703957,0.5259067357512953,1.83,1,NON_PIT,1.0,0.9245488670592086,COUNTERFACTUAL_NON_PIT,False
over_2_5,0,9f94419477e38b6bfecc,2025-02-08 12:30:00+00:00,BASELINE,0.5925010321320633,0.4516971279373368,2.1,1,NON_PIT,1.0,0.8149979357358734,COUNTERFACTUAL_NON_PIT,False
over_2_5,0,dd24d530ea3c9959c6c9,2025-02-08 12:30:00+00:00,BASELINE,0.5206809636342113,0.4540682414698162,2.08,0,NON_PIT,1.0,0.9586380727315773,COUNTERFACTUAL_NON_PIT,False
over_2_5,0,dd751cb7ed3eb0404328,2025-02-08 12:30:00+00:00,BASELINE,0.5526346944527528,0.4675324675324676,2.05,1,NON_PIT,1.0,0.8947306110944944,COUNTERFACTUAL_NON_PIT,False
over_2_5,0,1223857b4c670e36bbe9,2025-02-08 15:00:00+00:00,BASELINE,0.5756680163259245,0.4473684210526316,2.1,0,NON_PIT,1.0,0.8486639673481511,COUNTERFACTUAL_NON_PIT,False
over_2_5,0,1abbdc3ec34c71c433fb,2025-02-08 15:00:00+00:00,BASELINE,0.5218501170332878,0.4870466321243523,1.98,0,NON_PIT,1.0,0.9562997659334245,COUNTERFACTUAL_NON_PIT,False
over_2_5,0,403e0dfe02319a487d4d,2025-02-08 15:00:00+00:00,BASELINE,0.5666579196945014,0.4540682414698162,2.08,1,NON_PIT,1.0,0.8666841606109972,COUNTERFACTUAL_NON_PIT,False
over_2_5,0,43da13ed0f5a08aadafe,2025-02-08 15:00:00+00:00,BASELINE,0.5415157544222369,0.4805194805194806,2.0,1,NON_PIT,1.0,0.9169684911555263,COUNTERFACTUAL_NON_PIT,False
over_2_5,0,45ce57170352ab174ba0,2025-02-08 15:00:00+00:00,BASELINE,0.6065160054566139,0.4675324675324676,2.05,0,NON_PIT,1.0,0.7869679890867722,COUNTERFACTUAL_NON_PIT,False
over_2_5,0,4c2dc7e8a58c344691f9,2025-02-08 15:00:00+00:00,BASELINE,0.5665315851072426,0.49350649350649356,1.95,0,NON_PIT,1.0,0.8669368297855149,COUNTERFACTUAL_NON_PIT,False
over_2_5,0,54863c5b86db688cc633,2025-02-08 15:00:00+00:00,BASELINE,0.5446529374828338,0.6106870229007634,1.53,1,NON_PIT,1.0,0.9106941250343323,COUNTERFACTUAL_NON_PIT,False
over_2_5,0,59debf91cc6c96822619,2025-02-08 15:00:00+00:00,BASELINE,0.5528521321670772,0.5459317585301837,1.73,0,NON_PIT,1.0,0.8942957356658456,COUNTERFACTUAL_NON_PIT,False
over_2_5,0,82aa9ef68968b093948c,2025-02-08 15:00:00+00:00,BASELINE,0.5477702040150725,0.5,1.93,1,NON_PIT,1.0,0.904459591969855,COUNTERFACTUAL_NON_PIT,False
over_2_5,0,87aa671e7f9063119baa,2025-02-08 15:00:00+00:00,BASELINE,0.5665751096191299,0.5129533678756476,1.88,0,NON_PIT,1.0,0.8668497807617401,COUNTERFACTUAL_NON_PIT,False
over_2_5,0,b281a7df5d78678f4960,2025-02-08 15:00:00+00:00,BASELINE,0.484621036615485,0.3893129770992367,2.4,0,NON_PIT,1.0,0.96924207323097,COUNTERFACTUAL_NON_PIT,False
over_2_5,0,cb6559120d53e975c4b1,2025-02-08 15:00:00+00:00,BASELINE,0.5487192928255126,0.41025641025641024,2.3,1,NON_PIT,1.0,0.9025614143489749,COUNTERFACTUAL_NON_PIT,False
over_2_5,0,e291d64d3fc2fddc657b,2025-02-08 15:00:00+00:00,BASELINE,0.5077919382513651,0.4540682414698162,2.08,0,NON_PIT,1.0,0.9844161234972697,COUNTERFACTUAL_NON_PIT,False
over_2_5,0,ec2a4bb36ea678a3082c,2025-02-08 15:00:00+00:00,BASELINE,0.5402512384429627,0.375,2.5,1,NON_PIT,1.0,0.9194975231140745,COUNTERFACTUAL_NON_PIT,False
over_2_5,0,ef8e79c44d2b5c5ae5df,2025-02-08 15:00:00+00:00,BASELINE,0.5505678854603375,0.5628272251308901,1.67,0,NON_PIT,1.0,0.898864229079325,COUNTERFACTUAL_NON_PIT,False
over_2_5,0,ffa9cfd1671d053b7a5b,2025-02-08 15:00:00+00:00,BASELINE,0.509927560486148,0.5129533678756476,1.88,1,NON_PIT,1.0,0.9801448790277041,COUNTERFACTUAL_NON_PIT,False
over_2_5,0,d9839abe57e3a7aac041,2025-02-09 12:00:00+00:00,BASELINE,0.5419282999321582,0.4516971279373368,2.1,0,NON_PIT,1.0,0.9161434001356836,COUNTERFACTUAL_NON_PIT,False
over_2_5,0,0e0a52fd10480e38d563,2025-02-11 19:45:00+00:00,BASELINE,0.5690189353455781,0.5526315789473685,1.7,1,NON_PIT,1.0,0.8619621293088437,COUNTERFACTUAL_NON_PIT,False
over_2_5,0,145543268280f996daa6,2025-02-11 19:45:00+00:00,BASELINE,0.5731423236204521,0.47409326424870474,2.03,1,NON_PIT,1.0,0.8537153527590957,COUNTERFACTUAL_NON_PIT,False
over_2_5,0,1646865737d2d6c35e5a,2025-02-11 19:45:00+00:00,BASELINE,0.564639256719634,0.4473684210526316,2.1,0,NON_PIT,1.0,0.870721486560732,COUNTERFACTUAL_NON_PIT,False
over_2_5,0,1bbaa6f11c2595862338,2025-02-11 19:45:00+00:00,BASELINE,0.477127917267384,0.47409326424870474,2.03,0,NON_PIT,1.0,0.954255834534768,COUNTERFACTUAL_NON_PIT,False
over_2_5,0,392d18010e0903762813,2025-02-11 19:45:00+00:00,BASELINE,0.5254597133583622,0.3436754176610979,2.75,0,NON_PIT,1.0,0.9490805732832757,COUNTERFACTUAL_NON_PIT,False
over_2_5,0,3a2fc8d4d0ec9b7384f3,2025-02-11 19:45:00+00:00,BASELINE,0.5684100582867434,0.43152454780361754,2.2,1,NON_PIT,1.0,0.8631798834265132,COUNTERFACTUAL_NON_PIT,False
over_2_5,0,3c5e400106dc43d13019,2025-02-11 19:45:00+00:00,BASELINE,0.4973577712051272,0.4805194805194806,2.0,0,NON_PIT,1.0,0.9947155424102544,COUNTERFACTUAL_NON_PIT,False
over_2_5,0,3c7cadc85e4becc17c23,2025-02-11 19:45:00+00:00,BASELINE,0.5483273076658227,0.43717277486910994,2.15,1,NON_PIT,1.0,0.9033453846683546,COUNTERFACTUAL_NON_PIT,False
over_2_5,0,43afc2458f9447245ccb,2025-02-11 19:45:00+00:00,BASELINE,0.5767665023596314,0.4473684210526316,2.1,0,NON_PIT,1.0,0.8464669952807371,COUNTERFACTUAL_NON_PIT,False
over_2_5,0,60b02e68047773008b24,2025-02-11 19:45:00+00:00,BASELINE,0.5105304429683803,0.4805194805194806,2.0,0,NON_PIT,1.0,0.9789391140632393,COUNTERFACTUAL_NON_PIT,False
over_2_5,0,63a8fe62728556166a31,2025-02-11 19:45:00+00:00,BASELINE,0.5961722308492067,0.5483028720626633,1.73,1,NON_PIT,1.0,0.8076555383015867,COUNTERFACTUAL_NON_PIT,False
over_2_5,0,700ca25878ac4cf51c31,2025-02-11 19:45:00+00:00,BASELINE,0.48845022948820016,0.375,2.5,1,NON_PIT,1.0,0.9769004589764003,COUNTERFACTUAL_NON_PIT,False
over_2_5,0,7191ebd5d10a71c0d5bd,2025-02-11 19:45:00+00:00,BASELINE,0.5475152275027441,0.4870466321243523,1.98,0,NON_PIT,1.0,0.9049695449945119,COUNTERFACTUAL_NON_PIT,False
over_2_5,0,88a5e2b6f74b437683b8,2025-02-11 19:45:00+00:00,BASELINE,0.6202444028323391,0.46052631578947373,2.05,0,NON_PIT,1.0,0.7595111943353219,COUNTERFACTUAL_NON_PIT,False
over_2_5,0,96495a6a4784c9dc9c7e,2025-02-11 19:45:00+00:00,BASELINE,0.5229729424924926,0.5897435897435896,1.6,1,NON_PIT,1.0,0.9540541150150148,COUNTERFACTUAL_NON_PIT,False
over_2_5,0,f9f3ea5f6d79aee6ca14,2025-02-11 19:45:00+00:00,BASELINE,0.5736964922885516,0.46052631578947373,2.05,1,NON_PIT,1.0,0.8526070154228969,COUNTERFACTUAL_NON_PIT,False
over_2_5,0,6c57115e61d79ef3cbf4,2025-02-11 20:00:00+00:00,BASELINE,0.5427977180899733,0.4473684210526316,2.1,0,NON_PIT,1.0,0.9144045638200533,COUNTERFACTUAL_NON_PIT,False
over_2_5,0,8aaa1619a7147082326c,2025-02-11 20:00:00+00:00,BASELINE,0.5363827957742163,0.4516971279373368,2.1,0,NON_PIT,1.0,0.9272344084515673,COUNTERFACTUAL_NON_PIT,False
over_2_5,0,a33184783ff1626c01ec,2025-02-12 19:30:00+00:00,BASELINE,0.543654704043804,0.5483028720626633,1.73,1,NON_PIT,1.0,0.912690591912392,COUNTERFACTUAL_NON_PIT,False
over_2_5,0,063060c5a252095218b5,2025-02-12 19:45:00+00:00,BASELINE,0.5304605417610613,0.4516971279373368,2.1,0,NON_PIT,1.0,0.9390789164778774,COUNTERFACTUAL_NON_PIT,False
over_2_5,0,643af3d3befc65191859,2025-02-12 19:45:00+00:00,BASELINE,0.5664849202237996,0.4805194805194806,2.0,0,NON_PIT,1.0,0.8670301595524008,COUNTERFACTUAL_NON_PIT,False
over_2_5,0,b03c6f51fb6475b80992,2025-02-12 19:45:00+00:00,BASELINE,0.5111459269341169,0.3796526054590571,2.5,1,NON_PIT,1.0,0.9777081461317663,COUNTERFACTUAL_NON_PIT,False
over_2_5,0,c28843f5c6642fa48b0b,2025-02-12 19:45:00+00:00,BASELINE,0.5841394912333651,0.39746835443037976,2.38,0,NON_PIT,1.0,0.8317210175332699,COUNTERFACTUAL_NON_PIT,False
over_2_5,0,ea2bd049abe175c5d859,2025-02-12 19:45:00+00:00,BASELINE,0.532586810381559,0.4805194805194806,2.0,0,NON_PIT,1.0,0.934826379236882,COUNTERFACTUAL_NON_PIT,False
over_2_5,0,0c19a35d3b8422d6bb34,2025-02-12 20:00:00+00:00,BASELINE,0.5656724355802835,0.4675324675324676,2.05,0,NON_PIT,1.0,0.8686551288394331,COUNTERFACTUAL_NON_PIT,False
over_2_5,0,0f7de03c9b8a437264bd,2025-02-12 20:00:00+00:00,BASELINE,0.523131604005901,0.5,1.93,1,NON_PIT,1.0,0.953736791988198,COUNTERFACTUAL_NON_PIT,False
over_2_5,0,3002c97802b478186e1c,2025-02-13 20:00:00+00:00,BASELINE,0.5484277151918618,0.5,1.93,0,NON_PIT,1.0,0.9031445696162763,COUNTERFACTUAL_NON_PIT,False
over_2_5,0,5a3f932ee1393b86dd68,2025-02-14 20:00:00+00:00,BASELINE,0.544666784565471,0.6025316455696202,1.57,1,NON_PIT,1.0,0.910666430869058,COUNTERFACTUAL_NON_PIT,False
over_2_5,0,9fb4265317229ad655b3,2025-02-14 20:00:00+00:00,BASELINE,0.5212045819428017,0.36319612590799033,2.63,1,NON_PIT,1.0,0.9575908361143965,COUNTERFACTUAL_NON_PIT,False
over_2_5,0,02df4a1da018d3dd5764,2025-02-15 12:30:00+00:00,BASELINE,0.5219045164294056,0.4285714285714286,2.2,0,NON_PIT,1.0,0.9561909671411888,COUNTERFACTUAL_NON_PIT,False
over_2_5,0,070d2c0aaf29b17044e4,2025-02-15 12:30:00+00:00,BASELINE,0.5147223988443554,0.5483028720626633,1.73,0,NON_PIT,1.0,0.9705552023112891,COUNTERFACTUAL_NON_PIT,False
over_2_5,0,2102a81bab4ae5b446ad,2025-02-15 12:30:00+00:00,BASELINE,0.539722891106086,0.4516971279373368,2.1,0,NON_PIT,1.0,0.9205542177878281,COUNTERFACTUAL_NON_PIT,False
over_2_5,0,23fd8c930c4bca93a5cf,2025-02-15 12:30:00+00:00,BASELINE,0.5621029607052355,0.4005102040816326,2.35,0,NON_PIT,1.0,0.8757940785895291,COUNTERFACTUAL_NON_PIT,False
over_2_5,0,484ecfb06312fb9720ba,2025-02-15 12:30:00+00:00,BASELINE,0.5303200693630903,0.43152454780361754,2.2,0,NON_PIT,1.0,0.9393598612738194,COUNTERFACTUAL_NON_PIT,False
over_2_5,0,53c1bd0257e72311d07b,2025-02-15 12:30:00+00:00,BASELINE,0.5201453249259325,0.5526315789473685,1.7,1,NON_PIT,1.0,0.9597093501481351,COUNTERFACTUAL_NON_PIT,False
over_2_5,0,7216d9358760264e3159,2025-02-15 12:30:00+00:00,BASELINE,0.5648027317701303,0.4805194805194806,2.0,0,NON_PIT,1.0,0.8703945364597394,COUNTERFACTUAL_NON_PIT,False
over_2_5,0,a8adf621ccdca3c606ed,2025-02-15 12:30:00+00:00,BASELINE,0.5021624242742201,0.3436754176610979,2.75,0,NON_PIT,1.0,0.9956751514515598,COUNTERFACTUAL_NON_PIT,False
over_2_5,0,11b32f126b5ebe1e82ff,2025-02-15 15:00:00+00:00,BASELINE,0.5639920700259811,0.4870466321243523,1.98,0,NON_PIT,1.0,0.8720158599480379,COUNTERFACTUAL_NON_PIT,False
over_2_5,0,13a8a336cfdfb5fa3747,2025-02-15 15:00:00+00:00,BASELINE,0.5559814627555051,0.5,1.93,1,NON_PIT,1.0,0.8880370744889898,COUNTERFACTUAL_NON_PIT,False
over_2_5,0,1eb7f7c1c9a2cb26e346,2025-02-15 15:00:00+00:00,BASELINE,0.5572896258127622,0.4870466321243523,1.98,0,NON_PIT,1.0,0.8854207483744756,COUNTERFACTUAL_NON_PIT,False
over_2_5,0,2425b5228eacdcbf9519,2025-02-15 15:00:00+00:00,BASELINE,0.5914262162454657,0.4805194805194806,2.0,0,NON_PIT,1.0,0.8171475675090687,COUNTERFACTUAL_NON_PIT,False
over_2_5,0,2d4efb3b5524335681b3,2025-02-15 15:00:00+00:00,BASELINE,0.5651358439570736,0.6025316455696202,1.57,0,NON_PIT,1.0,0.8697283120858528,COUNTERFACTUAL_NON_PIT,False
over_2_5,0,2dcc79aa5f482de56f91,2025-02-15 15:00:00+00:00,BASELINE,0.5339472432657493,0.43152454780361754,2.2,0,NON_PIT,1.0,0.9321055134685015,COUNTERFACTUAL_NON_PIT,False
over_2_5,0,30956d4ce64e57ae620f,2025-02-15 15:00:00+00:00,BASELINE,0.6007193658583951,0.586734693877551,1.62,0,NON_PIT,1.0,0.7985612682832097,COUNTERFACTUAL_NON_PIT,False
over_2_5,0,3ecbf0dd9e9b1ff1bb4f,2025-02-15 15:00:00+00:00,BASELINE,0.5981404088726328,0.41025641025641024,2.3,1,NON_PIT,1.0,0.8037191822547345,COUNTERFACTUAL_NON_PIT,False
over_2_5,0,3f048c103733ad70d7d0,2025-02-15 15:00:00+00:00,BASELINE,0.5656099849319435,0.6368038740920097,1.5,1,NON_PIT,1.0,0.868780030136113,COUNTERFACTUAL_NON_PIT,False
over_2_5,0,43185c5dcc02dda3766e,2025-02-15 15:00:00+00:00,BASELINE,0.5736974982764648,0.46052631578947373,2.05,1,NON_PIT,1.0,0.8526050034470705,COUNTERFACTUAL_NON_PIT,False
over_2_5,0,497a1d847c0e39e28390,2025-02-15 15:00:00+00:00,BASELINE,0.5083135565540632,0.4186046511627907,2.25,0,NON_PIT,1.0,0.9833728868918736,COUNTERFACTUAL_NON_PIT,False
over_2_5,0,4b99b4d6e2a5efbef4f3,2025-02-15 15:00:00+00:00,BASELINE,0.5554270788955302,0.5,1.93,1,NON_PIT,1.0,0.8891458422089396,COUNTERFACTUAL_NON_PIT,False
over_2_5,0,4e71fe9abeca013bd568,2025-02-15 15:00:00+00:00,BASELINE,0.5235969870411428,0.4516971279373368,2.1,1,NON_PIT,1.0,0.9528060259177145,COUNTERFACTUAL_NON_PIT,False
over_2_5,0,5376a218e9609a3f8583,2025-02-15 15:00:00+00:00,BASELINE,0.5341728177928277,0.4186046511627907,2.25,1,NON_PIT,1.0,0.9316543644143447,COUNTERFACTUAL_NON_PIT,False
over_2_5,0,62b4bf36b6c21fef34af,2025-02-15 15:00:00+00:00,BASELINE,0.5224648056491779,0.3627450980392157,2.6,0,NON_PIT,1.0,0.9550703887016443,COUNTERFACTUAL_NON_PIT,False
over_2_5,0,66e04e8ee48af26951b0,2025-02-15 15:00:00+00:00,BASELINE,0.665047326883094,0.6563245823389022,1.44,1,NON_PIT,1.0,0.669905346233812,COUNTERFACTUAL_NON_PIT,False
over_2_5,0,772ae885c9f2dbbacc1a,2025-02-15 15:00:00+00:00,BASELINE,0.5162028678461288,0.3893129770992367,2.4,0,NON_PIT,1.0,0.9675942643077424,COUNTERFACTUAL_NON_PIT,False
over_2_5,0,77a30eaef6169ee1c71f,2025-02-15 15:00:00+00:00,BASELINE,0.5306392111123643,0.4805194805194806,2.0,0,NON_PIT,1.0,0.9387215777752713,COUNTERFACTUAL_NON_PIT,False
over_2_5,0,8cacbbe5fa80bd47090c,2025-02-15 15:00:00+00:00,BASELINE,0.6286596853739582,0.4516971279373368,2.1,1,NON_PIT,1.0,0.7426806292520836,COUNTERFACTUAL_NON_PIT,False
over_2_5,0,adf9e7c9188c675bcde6,2025-02-15 15:00:00+00:00,BASELINE,0.5563383913405071,0.5064935064935064,1.9,1,NON_PIT,1.0,0.8873232173189858,COUNTERFACTUAL_NON_PIT,False
over_2_5,0,b4ff94e6b1ef9b1889d8,2025-02-15 15:00:00+00:00,BASELINE,0.5402713549312189,0.3796526054590571,2.5,0,NON_PIT,1.0,0.9194572901375622,COUNTERFACTUAL_NON_PIT,False
over_2_5,0,b501ddf73d0be3c83de8,2025-02-15 15:00:00+00:00,BASELINE,0.5297890906138674,0.4870466321243523,1.98,1,NON_PIT,1.0,0.9404218187722653,COUNTERFACTUAL_NON_PIT,False
over_2_5,0,b704bc44b941697900c2,2025-02-15 15:00:00+00:00,BASELINE,0.6000002802857162,0.4870466321243523,1.98,1,NON_PIT,1.0,0.7999994394285677,COUNTERFACTUAL_NON_PIT,False
over_2_5,0,c9e5efa0b4afc0f54fff,2025-02-15 15:00:00+00:00,BASELINE,0.6095092317567105,0.4473684210526316,2.1,0,NON_PIT,1.0,0.7809815364865791,COUNTERFACTUAL_NON_PIT,False
over_2_5,0,d9a5c8c881f77c6a211f,2025-02-15 15:00:00+00:00,BASELINE,0.5501174352527014,0.4473684210526316,2.1,0,NON_PIT,1.0,0.8997651294945972,COUNTERFACTUAL_NON_PIT,False
over_2_5,0,e1a853808067756d7f16,2025-02-15 15:00:00+00:00,BASELINE,0.5209691014623296,0.5194805194805195,1.85,0,NON_PIT,1.0,0.9580617970753409,COUNTERFACTUAL_NON_PIT,False
over_2_5,0,e5f5042b1743a4d15e78,2025-02-15 15:00:00+00:00,BASELINE,0.5190599573916818,0.4675324675324676,2.05,0,NON_PIT,1.0,0.9618800852166365,COUNTERFACTUAL_NON_PIT,False
over_2_5,0,e6d7ecd0ec4d76af4cfb,2025-02-15 15:00:00+00:00,BASELINE,0.5437455446002023,0.5,1.93,1,NON_PIT,1.0,0.9125089107995954,COUNTERFACTUAL_NON_PIT,False
over_2_5,0,eadc6ebedb0003a2e6bd,2025-02-15 15:00:00+00:00,BASELINE,0.5864387359160944,0.586734693877551,1.62,0,NON_PIT,1.0,0.8271225281678112,COUNTERFACTUAL_NON_PIT,False
over_2_5,0,eb76aeb579c12435172a,2025-02-15 15:00:00+00:00,BASELINE,0.5391381425853882,0.4473684210526316,2.1,0,NON_PIT,1.0,0.9217237148292237,COUNTERFACTUAL_NON_PIT,False
over_2_5,0,fd15111696c7ad6f085b,2025-02-15 15:00:00+00:00,BASELINE,0.47374886257213544,0.4870466321243523,1.98,0,NON_PIT,1.0,0.9474977251442709,COUNTERFACTUAL_NON_PIT,False
over_2_5,0,7e579ff73afb55d32e6d,2025-02-15 17:30:00+00:00,BASELINE,0.5771226087183922,0.43152454780361754,2.2,1,NON_PIT,1.0,0.8457547825632157,COUNTERFACTUAL_NON_PIT,False
over_2_5,0,83de72bf9d5827a65026,2025-02-16 14:00:00+00:00,BASELINE,0.5925078550304862,0.7017543859649122,1.36,1,NON_PIT,1.0,0.8149842899390276,COUNTERFACTUAL_NON_PIT,False
over_2_5,0,6d6fea6d42b9a22da8de,2025-02-16 16:30:00+00:00,BASELINE,0.5935947762837556,0.6368038740920097,1.5,0,NON_PIT,1.0,0.8128104474324889,COUNTERFACTUAL_NON_PIT,False
over_2_5,0,a2b17a2095cba6b3f696,2025-02-17 20:00:00+00:00,BASELINE,0.6266098517626811,0.5,1.93,1,NON_PIT,1.0,0.7467802964746377,COUNTERFACTUAL_NON_PIT,False
over_2_5,0,3cfdf5f27ea04b313c89,2025-02-18 19:45:00+00:00,BASELINE,0.6051945209842202,0.4005102040816326,2.35,1,NON_PIT,1.0,0.7896109580315596,COUNTERFACTUAL_NON_PIT,False
over_2_5,0,9cca4287bd1142cea4fd,2025-02-18 19:45:00+00:00,BASELINE,0.5524690428601753,0.5394736842105263,1.75,0,NON_PIT,1.0,0.8950619142796494,COUNTERFACTUAL_NON_PIT,False
over_2_5,0,a9466d691db3bdd69c71,2025-02-18 19:45:00+00:00,BASELINE,0.5217095220945673,0.375,2.5,0,NON_PIT,1.0,0.9565809558108653,COUNTERFACTUAL_NON_PIT,False
over_2_5,0,ac303e1f903fa42fb93e,2025-02-18 19:45:00+00:00,BASELINE,0.5081372124490438,0.375,2.5,0,NON_PIT,1.0,0.9837255751019125,COUNTERFACTUAL_NON_PIT,False
over_2_5,0,bf4c78e7e646d45c5288,2025-02-18 19:45:00+00:00,BASELINE,0.505679782284011,0.2982456140350877,3.2,0,NON_PIT,1.0,0.988640435431978,COUNTERFACTUAL_NON_PIT,False
over_2_5,0,d6a935b67f1f0af3fbc1,2025-02-18 19:45:00+00:00,BASELINE,0.501585546404538,0.4870466321243523,1.98,0,NON_PIT,1.0,0.996828907190924,COUNTERFACTUAL_NON_PIT,False
over_2_5,0,d75530628cd9de002697,2025-02-18 19:45:00+00:00,BASELINE,0.5543528232499295,0.43717277486910994,2.15,0,NON_PIT,1.0,0.891294353500141,COUNTERFACTUAL_NON_PIT,False
over_2_5,0,dfd731bedfe6a3d721e2,2025-02-18 19:45:00+00:00,BASELINE,0.6026640577829524,0.4005102040816326,2.35,0,NON_PIT,1.0,0.7946718844340952,COUNTERFACTUAL_NON_PIT,False
over_2_5,0,29d25f95fec2d96fc585,2024-12-21 15:00:00+00:00,MARKET,0.43612783732362764,0.4870466321243523,1.98,0,NON_PIT,1.0,0.8722556746472553,COUNTERFACTUAL_NON_PIT,False
over_2_5,0,2aaf3d634aab015519b4,2024-12-21 15:00:00+00:00,MARKET,0.5242198038417434,0.5,1.93,1,NON_PIT,1.0,0.9515603923165132,COUNTERFACTUAL_NON_PIT,False
over_2_5,0,3abe3f50e1bd8de3c623,2024-12-21 15:00:00+00:00,MARKET,0.4949679507620297,0.4870466321243523,1.98,1,NON_PIT,1.0,0.9899359015240594,COUNTERFACTUAL_NON_PIT,False
over_2_5,0,45a14f4d6ff492773cd7,2024-12-21 15:00:00+00:00,MARKET,0.4037815463877794,0.39746835443037976,2.38,0,NON_PIT,1.0,0.8075630927755588,COUNTERFACTUAL_NON_PIT,False
over_2_5,0,45c0796dbab55cb76430,2024-12-21 15:00:00+00:00,MARKET,0.5026326317389265,0.5,1.93,1,NON_PIT,1.0,0.9947347365221471,COUNTERFACTUAL_NON_PIT,False
over_2_5,0,4e64ad78c227d6f24b38,2024-12-21 15:00:00+00:00,MARKET,0.6286644043294936,0.6368038740920097,1.5,0,NON_PIT,1.0,0.7426711913410129,COUNTERFACTUAL_NON_PIT,False
over_2_5,0,5018f0ff7f6311f917a1,2024-12-21 15:00:00+00:00,MARKET,0.6798127798133886,0.6203473945409429,1.53,1,NON_PIT,1.0,0.6403744403732228,COUNTERFACTUAL_NON_PIT,False
over_2_5,0,56419065b89c707a641d,2024-12-21 15:00:00+00:00,MARKET,0.5516243386917897,0.5526315789473685,1.7,1,NON_PIT,1.0,0.8967513226164205,COUNTERFACTUAL_NON_PIT,False
over_2_5,0,56d9121f353c92614127,2024-12-21 15:00:00+00:00,MARKET,0.47828996728928697,0.4675324675324676,2.05,0,NON_PIT,1.0,0.9565799345785739,COUNTERFACTUAL_NON_PIT,False
over_2_5,0,76e0438dc5dd6c6bad10,2024-12-21 15:00:00+00:00,MARKET,0.4597568907128608,0.46052631578947373,2.05,0,NON_PIT,1.0,0.9195137814257216,COUNTERFACTUAL_NON_PIT,False
over_2_5,0,8b917e3dc5e5cafe5539,2024-12-21 15:00:00+00:00,MARKET,0.6118559713535869,0.586734693877551,1.62,1,NON_PIT,1.0,0.7762880572928261,COUNTERFACTUAL_NON_PIT,False
over_2_5,0,a65d523247f1c8538fb0,2024-12-21 15:00:00+00:00,MARKET,0.531080520823412,0.49350649350649356,1.95,0,NON_PIT,1.0,0.9378389583531761,COUNTERFACTUAL_NON_PIT,False
over_2_5,0,ba4ec0a6a75d479fdd49,2024-12-21 15:00:00+00:00,MARKET,0.46039203245762333,0.4805194805194806,2.0,0,NON_PIT,1.0,0.9207840649152467,COUNTERFACTUAL_NON_PIT,False
over_2_5,0,cd085d7d4c51895085ce,2024-12-21 15:00:00+00:00,MARKET,0.4282949498702716,0.4516971279373368,2.1,0,NON_PIT,1.0,0.8565898997405432,COUNTERFACTUAL_NON_PIT,False
over_2_5,0,df58317230b689854d9a,2024-12-21 15:00:00+00:00,MARKET,0.33906728722693513,0.3796526054590571,2.5,1,NON_PIT,1.0,0.6781345744538703,COUNTERFACTUAL_NON_PIT,False
over_2_5,0,e1437b8858b1f3ffa907,2024-12-21 15:00:00+00:00,MARKET,0.5245465684397448,0.5483028720626633,1.73,0,NON_PIT,1.0,0.9509068631205104,COUNTERFACTUAL_NON_PIT,False
over_2_5,0,e90a3dbb5cfed95ea1bf,2024-12-21 15:00:00+00:00,MARKET,0.5294512808370784,0.5,1.93,1,NON_PIT,1.0,0.9410974383258432,COUNTERFACTUAL_NON_PIT,False
over_2_5,0,f974d5599df93a3b56d4,2024-12-21 15:00:00+00:00,MARKET,0.39626894864666756,0.4285714285714286,2.2,0,NON_PIT,1.0,0.7925378972933351,COUNTERFACTUAL_NON_PIT,False
over_2_5,0,ff35410a3ffd60d6f7c4,2024-12-21 15:00:00+00:00,MARKET,0.5874995237656804,0.6025316455696202,1.57,1,NON_PIT,1.0,0.8250009524686392,COUNTERFACTUAL_NON_PIT,False
over_2_5,0,b397ce3078d80d777647,2024-12-21 17:30:00+00:00,MARKET,0.4964981810677478,0.5205128205128204,1.87,1,NON_PIT,1.0,0.9929963621354956,COUNTERFACTUAL_NON_PIT,False
over_2_5,0,3caba1b9376c76ba923d,2024-12-22 14:00:00+00:00,MARKET,0.6238130505907639,0.6025316455696202,1.57,1,NON_PIT,1.0,0.7523738988184723,COUNTERFACTUAL_NON_PIT,False
over_2_5,0,b3266b8da0b85fb9367a,2024-12-22 14:00:00+00:00,MARKET,0.5696004552139295,0.5684754521963824,1.67,1,NON_PIT,1.0,0.8607990895721409,COUNTERFACTUAL_NON_PIT,False
over_2_5,0,c948fa136a4a5210a5e5,2024-12-22 14:00:00+00:00,MARKET,0.6201950040840319,0.6025316455696202,1.57,0,NON_PIT,1.0,0.7596099918319361,COUNTERFACTUAL_NON_PIT,False
over_2_5,0,e2e3ca334383701751d8,2024-12-22 14:00:00+00:00,MARKET,0.5752542761771886,0.5684754521963824,1.67,0,NON_PIT,1.0,0.8494914476456228,COUNTERFACTUAL_NON_PIT,False
over_2_5,0,96b7fda81792657d9b2b,2024-12-22 15:00:00+00:00,MARKET,0.4723380445223865,0.4516971279373368,2.1,0,NON_PIT,1.0,0.944676089044773,COUNTERFACTUAL_NON_PIT,False
over_2_5,0,4802d4c58253e396632b,2024-12-22 16:30:00+00:00,MARKET,0.7416083801448206,0.7291666666666667,1.3,1,NON_PIT,1.0,0.5167832397103589,COUNTERFACTUAL_NON_PIT,False
over_2_5,0,1aa9e563e44954c32617,2024-12-23 20:00:00+00:00,MARKET,0.5385361052293883,0.5813953488372093,1.62,0,NON_PIT,1.0,0.9229277895412233,COUNTERFACTUAL_NON_PIT,False
over_2_5,0,3bd76e3db01bf4dd4d62,2024-12-26 12:30:00+00:00,MARKET,0.6737018361742643,0.6203473945409429,1.53,0,NON_PIT,1.0,0.6525963276514715,COUNTERFACTUAL_NON_PIT,False
over_2_5,0,22ce4512ae0f893d8036,2024-12-26 13:00:00+00:00,MARKET,0.520977540527752,0.5,1.93,1,NON_PIT,1.0,0.958044918944496,COUNTERFACTUAL_NON_PIT,False
over_2_5,0,0abf43c678c6bb966c5f,2024-12-26 15:00:00+00:00,MARKET,0.5136840841149172,0.5483028720626633,1.73,0,NON_PIT,1.0,0.9726318317701657,COUNTERFACTUAL_NON_PIT,False
over_2_5,0,0e1964de55499721c16c,2024-12-26 15:00:00+00:00,MARKET,0.545761302466851,0.5194805194805195,1.85,1,NON_PIT,1.0,0.9084773950662981,COUNTERFACTUAL_NON_PIT,False
over_2_5,0,18faf5854e69fcb07373,2024-12-26 15:00:00+00:00,MARKET,0.5957483487298066,0.586734693877551,1.62,1,NON_PIT,1.0,0.8085033025403867,COUNTERFACTUAL_NON_PIT,False
over_2_5,0,2ee5e564fcc8068970ab,2024-12-26 15:00:00+00:00,MARKET,0.482172747839785,0.5129533678756476,1.88,1,NON_PIT,1.0,0.96434549567957,COUNTERFACTUAL_NON_PIT,False
over_2_5,0,31332262859bce8ad338,2024-12-26 15:00:00+00:00,MARKET,0.6659196781015034,0.6563245823389022,1.44,1,NON_PIT,1.0,0.6681606437969931,COUNTERFACTUAL_NON_PIT,False
over_2_5,0,36f04d03b9eb3a941272,2024-12-26 15:00:00+00:00,MARKET,0.4476801181525498,0.4516971279373368,2.1,0,NON_PIT,1.0,0.8953602363050996,COUNTERFACTUAL_NON_PIT,False
over_2_5,0,3934a1b2250b0a7dfd44,2024-12-26 15:00:00+00:00,MARKET,0.4304169625600574,0.4285714285714286,2.2,0,NON_PIT,1.0,0.8608339251201148,COUNTERFACTUAL_NON_PIT,False
over_2_5,0,44e422d3ec241fff23f6,2024-12-26 15:00:00+00:00,MARKET,0.562613505371518,0.5526315789473685,1.7,1,NON_PIT,1.0,0.874772989256964,COUNTERFACTUAL_NON_PIT,False
over_2_5,0,46b77b6bd90160a62b58,2024-12-26 15:00:00+00:00,MARKET,0.468106871982679,0.4516971279373368,2.1,1,NON_PIT,1.0,0.936213743965358,COUNTERFACTUAL_NON_PIT,False
over_2_5,0,4b219552d54420a8dce3,2024-12-26 15:00:00+00:00,MARKET,0.5931896601750418,0.5684754521963824,1.67,0,NON_PIT,1.0,0.8136206796499164,COUNTERFACTUAL_NON_PIT,False
over_2_5,0,5295734838a8e940e135,2024-12-26 15:00:00+00:00,MARKET,0.5199763060738046,0.5064935064935064,1.9,1,NON_PIT,1.0,0.9600473878523907,COUNTERFACTUAL_NON_PIT,False
over_2_5,0,5e71638381af643a8a41,2024-12-26 15:00:00+00:00,MARKET,0.44402530325048795,0.49350649350649356,1.95,0,NON_PIT,1.0,0.8880506065009759,COUNTERFACTUAL_NON_PIT,False
over_2_5,0,5f70ba1cf7c996d883e7,2024-12-26 15:00:00+00:00,MARKET,0.4513571147036482,0.4675324675324676,2.05,0,NON_PIT,1.0,0.9027142294072964,COUNTERFACTUAL_NON_PIT,False
over_2_5,0,6265621764c5cdab9665,2024-12-26 15:00:00+00:00,MARKET,0.5670504438219739,0.5483028720626633,1.73,1,NON_PIT,1.0,0.8658991123560522,COUNTERFACTUAL_NON_PIT,False
over_2_5,0,6912849fe3755bcd1771,2024-12-26 15:00:00+00:00,MARKET,0.398217716830561,0.4285714285714286,2.2,1,NON_PIT,1.0,0.796435433661122,COUNTERFACTUAL_NON_PIT,False
over_2_5,0,6a27f35c00d5eed2ee05,2024-12-26 15:00:00+00:00,MARKET,0.5338099190809475,0.5,1.93,0,NON_PIT,1.0,0.9323801618381049,COUNTERFACTUAL_NON_PIT,False
over_2_5,0,6cfd53ff18a079207cb1,2024-12-26 15:00:00+00:00,MARKET,0.331225654124276,0.39746835443037976,2.38,0,NON_PIT,1.0,0.662451308248552,COUNTERFACTUAL_NON_PIT,False
over_2_5,0,6e39a525136f1a0b1cb0,2024-12-26 15:00:00+00:00,MARKET,0.6392202084417544,0.6368038740920097,1.5,0,NON_PIT,1.0,0.7215595831164912,COUNTERFACTUAL_NON_PIT,False
over_2_5,0,8233b804a0ba4f642b25,2024-12-26 15:00:00+00:00,MARKET,0.4312829149141096,0.46052631578947373,2.05,0,NON_PIT,1.0,0.8625658298282192,COUNTERFACTUAL_NON_PIT,False
over_2_5,0,830091a1468f540a850b,2024-12-26 15:00:00+00:00,MARKET,0.4053888879470979,0.4285714285714286,2.2,1,NON_PIT,1.0,0.8107777758941958,COUNTERFACTUAL_NON_PIT,False
over_2_5,0,89246ca21a8f93f4dc07,2024-12-26 15:00:00+00:00,MARKET,0.4376236999577605,0.43717277486910994,2.15,0,NON_PIT,1.0,0.875247399915521,COUNTERFACTUAL_NON_PIT,False
over_2_5,0,98395fbf89c18517dedd,2024-12-26 15:00:00+00:00,MARKET,0.427028241355864,0.47409326424870474,2.03,0,NON_PIT,1.0,0.854056482711728,COUNTERFACTUAL_NON_PIT,False
over_2_5,0,9c6a73c4497c665a930b,2024-12-26 15:00:00+00:00,MARKET,0.5690089621454182,0.5628272251308901,1.67,1,NON_PIT,1.0,0.8619820757091636,COUNTERFACTUAL_NON_PIT,False
over_2_5,0,9ded14064b7fd29d6cce,2024-12-26 15:00:00+00:00,MARKET,0.5418658861489292,0.5628272251308901,1.67,0,NON_PIT,1.0,0.9162682277021417,COUNTERFACTUAL_NON_PIT,False
over_2_5,0,a0aa4415cfdfdbb2cae8,2024-12-26 15:00:00+00:00,MARKET,0.4988120146160716,0.47409326424870474,2.03,1,NON_PIT,1.0,0.9976240292321432,COUNTERFACTUAL_NON_PIT,False
over_2_5,0,ab7b8efaa7227aed8a00,2024-12-26 15:00:00+00:00,MARKET,0.5179740546766133,0.5129533678756476,1.88,0,NON_PIT,1.0,0.9640518906467734,COUNTERFACTUAL_NON_PIT,False
over_2_5,0,c07f342f63e84989808e,2024-12-26 15:00:00+00:00,MARKET,0.3683503458833938,0.43152454780361754,2.2,1,NON_PIT,1.0,0.7367006917667877,COUNTERFACTUAL_NON_PIT,False
over_2_5,0,c0a88b5ad6fcb105aa00,2024-12-26 15:00:00+00:00,MARKET,0.46923426600745094,0.46052631578947373,2.05,1,NON_PIT,1.0,0.9384685320149019,COUNTERFACTUAL_NON_PIT,False
over_2_5,0,c30bd39d13ef65b10e16,2024-12-26 15:00:00+00:00,MARKET,0.45963731871967056,0.4473684210526316,2.1,1,NON_PIT,1.0,0.9192746374393411,COUNTERFACTUAL_NON_PIT,False
over_2_5,0,c85bc42fb1027ff2d168,2024-12-26 15:00:00+00:00,MARKET,0.4040208023124454,0.4285714285714286,2.2,1,NON_PIT,1.0,0.8080416046248908,COUNTERFACTUAL_NON_PIT,False
over_2_5,0,cf14d16f796330f1d5fd,2024-12-26 15:00:00+00:00,MARKET,0.6200937718800641,0.6106870229007634,1.53,0,NON_PIT,1.0,0.7598124562398718,COUNTERFACTUAL_NON_PIT,False
over_2_5,0,d272ad2f567169850277,2024-12-26 15:00:00+00:00,MARKET,0.5393933001143825,0.5263157894736842,1.8,0,NON_PIT,1.0,0.9212133997712351,COUNTERFACTUAL_NON_PIT,False
over_2_5,0,dad313a8f57c50ce9d21,2024-12-26 15:00:00+00:00,MARKET,0.4535099363092215,0.43152454780361754,2.2,1,NON_PIT,1.0,0.907019872618443,COUNTERFACTUAL_NON_PIT,False
over_2_5,0,dad55e83b5eafa0fa678,2024-12-26 15:00:00+00:00,MARKET,0.6811295686770844,0.6368038740920097,1.5,1,NON_PIT,1.0,0.6377408626458312,COUNTERFACTUAL_NON_PIT,False
over_2_5,0,e7b80246145f44442b61,2024-12-26 15:00:00+00:00,MARKET,0.5913876328213372,0.5628272251308901,1.67,1,NON_PIT,1.0,0.8172247343573256,COUNTERFACTUAL_NON_PIT,False
over_2_5,0,f16ecb7127d52456df4b,2024-12-26 15:00:00+00:00,MARKET,0.6405782315163059,0.5994897959183673,1.57,1,NON_PIT,1.0,0.7188435369673882,COUNTERFACTUAL_NON_PIT,False
over_2_5,0,fcdfa192572b517593f1,2024-12-26 15:00:00+00:00,MARKET,0.4459378374639239,0.4516971279373368,2.1,1,NON_PIT,1.0,0.8918756749278478,COUNTERFACTUAL_NON_PIT,False
over_2_5,0,03cbd55057ee10bc3bb4,2024-12-26 17:30:00+00:00,MARKET,0.3986034523907218,0.39746835443037976,2.38,1,NON_PIT,1.0,0.7972069047814436,COUNTERFACTUAL_NON_PIT,False
over_2_5,0,4c87b79a1bbd3cb7a0d3,2024-12-26 17:30:00+00:00,MARKET,0.5807058551955078,0.5684754521963824,1.67,0,NON_PIT,1.0,0.8385882896089845,COUNTERFACTUAL_NON_PIT,False
over_2_5,0,2613da9d862b9dbf0bad,2024-12-26 20:00:00+00:00,MARKET,0.7850267308825944,0.7894736842105263,1.2,1,NON_PIT,1.0,0.4299465382348111,COUNTERFACTUAL_NON_PIT,False
over_2_5,0,f2d7a8a64c539fd58467,2024-12-26 20:00:00+00:00,MARKET,0.5091092994495373,0.5064935064935064,1.9,0,NON_PIT,1.0,0.9817814011009254,COUNTERFACTUAL_NON_PIT,False
over_2_5,0,b3b761d9c751fb93bca0,2024-12-27 19:30:00+00:00,MARKET,0.7225688774675475,0.6563245823389022,1.44,0,NON_PIT,1.0,0.554862245064905,COUNTERFACTUAL_NON_PIT,False
over_2_5,0,2d9ca4759d5a3439da3d,2024-12-27 20:15:00+00:00,MARKET,0.7102562507398931,0.6818181818181818,1.4,0,NON_PIT,1.0,0.5794874985202139,COUNTERFACTUAL_NON_PIT,False
over_2_5,0,15578ea0ef051c7ee445,2024-12-29 12:30:00+00:00,MARKET,0.39616618674111126,0.413265306122449,2.3,1,NON_PIT,1.0,0.7923323734822225,COUNTERFACTUAL_NON_PIT,False
over_2_5,0,27a4d53d708aaa21513a,2024-12-29 12:30:00+00:00,MARKET,0.5154153098478461,0.47409326424870474,2.03,1,NON_PIT,1.0,0.9691693803043078,COUNTERFACTUAL_NON_PIT,False
over_2_5,0,2b3bc44e364d8671002a,2024-12-29 12:30:00+00:00,MARKET,0.5063563404179818,0.5459317585301837,1.73,0,NON_PIT,1.0,0.9872873191640363,COUNTERFACTUAL_NON_PIT,False
over_2_5,0,323cf8fa2eb8e0493eed,2024-12-29 12:30:00+00:00,MARKET,0.5572538991543085,0.5129533678756476,1.88,0,NON_PIT,1.0,0.8854922016913831,COUNTERFACTUAL_NON_PIT,False
over_2_5,0,380e84b44eef374bf2c2,2024-12-29 12:30:00+00:00,MARKET,0.46692369981586707,0.46052631578947373,2.05,1,NON_PIT,1.0,0.9338473996317341,COUNTERFACTUAL_NON_PIT,False
over_2_5,0,524c2476bb0784ca469c,2024-12-29 12:30:00+00:00,MARKET,0.41422875006466425,0.43152454780361754,2.2,0,NON_PIT,1.0,0.8284575001293285,COUNTERFACTUAL_NON_PIT,False
over_2_5,0,b263fe49817601d4821d,2024-12-29 12:30:00+00:00,MARKET,0.45662689594262695,0.46052631578947373,2.05,0,NON_PIT,1.0,0.9132537918852539,COUNTERFACTUAL_NON_PIT,False
over_2_5,0,42f5461c66056eae7b04,2024-12-29 14:30:00+00:00,MARKET,0.7235964849282739,0.7017543859649122,1.36,0,NON_PIT,1.0,0.5528070301434522,COUNTERFACTUAL_NON_PIT,False
over_2_5,0,01665baaa875a24c3ec3,2024-12-29 15:00:00+00:00,MARKET,0.5264907647623575,0.49350649350649356,1.95,1,NON_PIT,1.0,0.9470184704752851,COUNTERFACTUAL_NON_PIT,False
over_2_5,0,0777e9d9c7b8c737873b,2024-12-29 15:00:00+00:00,MARKET,0.5598811448116559,0.5628272251308901,1.67,1,NON_PIT,1.0,0.8802377103766883,COUNTERFACTUAL_NON_PIT,False
over_2_5,0,09cf18a01f16b10c6387,2024-12-29 15:00:00+00:00,MARKET,0.49197164703744767,0.47409326424870474,2.03,0,NON_PIT,1.0,0.9839432940748953,COUNTERFACTUAL_NON_PIT,False
over_2_5,0,1302df00c7515f530067,2024-12-29 15:00:00+00:00,MARKET,0.5412533916582798,0.5526315789473685,1.7,0,NON_PIT,1.0,0.9174932166834404,COUNTERFACTUAL_NON_PIT,False
over_2_5,0,2910afefc8700dfaff7f,2024-12-29 15:00:00+00:00,MARKET,0.7634936470349435,0.7188160676532769,1.33,1,NON_PIT,1.0,0.473012705930113,COUNTERFACTUAL_NON_PIT,False
over_2_5,0,2a8e71ed17864785cecc,2024-12-29 15:00:00+00:00,MARKET,0.5539233869449105,0.5129533678756476,1.88,0,NON_PIT,1.0,0.892153226110179,COUNTERFACTUAL_NON_PIT,False
over_2_5,0,3658ce6285308438a3f5,2024-12-29 15:00:00+00:00,MARKET,0.4758997498148636,0.5,1.93,1,NON_PIT,1.0,0.9517994996297272,COUNTERFACTUAL_NON_PIT,False
over_2_5,0,3f6780ae0f02ac4be853,2024-12-29 15:00:00+00:00,MARKET,0.409751699385817,0.4473684210526316,2.1,1,NON_PIT,1.0,0.819503398771634,COUNTERFACTUAL_NON_PIT,False
over_2_5,0,52569e1786b4f9bc6755,2024-12-29 15:00:00+00:00,MARKET,0.48675226513989295,0.4675324675324676,2.05,1,NON_PIT,1.0,0.9735045302797859,COUNTERFACTUAL_NON_PIT,False
over_2_5,0,5b466ce002e1940d76bd,2024-12-29 15:00:00+00:00,MARKET,0.6115887232527799,0.5994897959183673,1.57,0,NON_PIT,1.0,0.7768225534944402,COUNTERFACTUAL_NON_PIT,False
over_2_5,0,5d6079ac7db416ebd0a9,2024-12-29 15:00:00+00:00,MARKET,0.49331746066303817,0.4870466321243523,1.98,0,NON_PIT,1.0,0.9866349213260763,COUNTERFACTUAL_NON_PIT,False
over_2_5,0,62acec9081bd573baeb8,2024-12-29 15:00:00+00:00,MARKET,0.42402677585864273,0.43152454780361754,2.2,0,NON_PIT,1.0,0.8480535517172855,COUNTERFACTUAL_NON_PIT,False
over_2_5,0,62bedc8ce22a67957dfd,2024-12-29 15:00:00+00:00,MARKET,0.526955798796599,0.5194805194805195,1.85,0,NON_PIT,1.0,0.9460884024068019,COUNTERFACTUAL_NON_PIT,False
over_2_5,0,789aa247abf9c5f3d5df,2024-12-29 15:00:00+00:00,MARKET,0.4458192715195454,0.47409326424870474,2.03,1,NON_PIT,1.0,0.8916385430390908,COUNTERFACTUAL_NON_PIT,False
over_2_5,0,85a9a21abd4ed145bd47,2024-12-29 15:00:00+00:00,MARKET,0.43680414812208124,0.4540682414698162,2.08,0,NON_PIT,1.0,0.8736082962441625,COUNTERFACTUAL_NON_PIT,False
over_2_5,0,8883e89405295c5ff18a,2024-12-29 15:00:00+00:00,MARKET,0.41195706597735154,0.4285714285714286,2.2,0,NON_PIT,1.0,0.8239141319547031,COUNTERFACTUAL_NON_PIT,False
over_2_5,0,9bf834b446b26f456055,2024-12-29 15:00:00+00:00,MARKET,0.5230509063262662,0.5129533678756476,1.88,1,NON_PIT,1.0,0.9538981873474677,COUNTERFACTUAL_NON_PIT,False
over_2_5,0,a9b1a80053890c03c67d,2024-12-29 15:00:00+00:00,MARKET,0.5243907371110053,0.5194805194805195,1.85,1,NON_PIT,1.0,0.9512185257779895,COUNTERFACTUAL_NON_PIT,False
over_2_5,0,b44d9fb20283870d111d,2024-12-29 15:00:00+00:00,MARKET,0.47120548108037164,0.5,1.93,0,NON_PIT,1.0,0.9424109621607433,COUNTERFACTUAL_NON_PIT,False
over_2_5,0,c9511ef558f43249ae17,2024-12-29 15:00:00+00:00,MARKET,0.5359788277563863,0.5526315789473685,1.7,0,NON_PIT,1.0,0.9280423444872274,COUNTERFACTUAL_NON_PIT,False
over_2_5,0,cbe5feee0587491ed645,2024-12-29 15:00:00+00:00,MARKET,0.5565919151671898,0.5684754521963824,1.67,1,NON_PIT,1.0,0.8868161696656205,COUNTERFACTUAL_NON_PIT,False
over_2_5,0,d09038116b247c3426d0,2024-12-29 15:00:00+00:00,MARKET,0.6187977778163202,0.6106870229007634,1.53,1,NON_PIT,1.0,0.7624044443673597,COUNTERFACTUAL_NON_PIT,False
over_2_5,0,d46fdb6a7e18826de644,2024-12-29 15:00:00+00:00,MARKET,0.4800115694072863,0.5129533678756476,1.88,1,NON_PIT,1.0,0.9600231388145726,COUNTERFACTUAL_NON_PIT,False
over_2_5,0,d4fe980e7171c5f72513,2024-12-29 15:00:00+00:00,MARKET,0.40349391272811763,0.43152454780361754,2.2,0,NON_PIT,1.0,0.8069878254562353,COUNTERFACTUAL_NON_PIT,False
over_2_5,0,d5fe350cc19bad2bf5c1,2024-12-29 15:00:00+00:00,MARKET,0.42080092841461103,0.4285714285714286,2.2,1,NON_PIT,1.0,0.8416018568292221,COUNTERFACTUAL_NON_PIT,False
over_2_5,0,ddfb419bf4b365acf2e8,2024-12-29 15:00:00+00:00,MARKET,0.4203373743701569,0.4516971279373368,2.1,0,NON_PIT,1.0,0.8406747487403138,COUNTERFACTUAL_NON_PIT,False
over_2_5,0,e245be2836fcef45b3fa,2024-12-29 15:00:00+00:00,MARKET,0.4189198652236966,0.46052631578947373,2.05,1,NON_PIT,1.0,0.8378397304473932,COUNTERFACTUAL_NON_PIT,False
over_2_5,0,e62f7892da26369077f5,2024-12-29 15:00:00+00:00,MARKET,0.46030224209373405,0.4805194805194806,2.0,0,NON_PIT,1.0,0.9206044841874681,COUNTERFACTUAL_NON_PIT,False
over_2_5,0,e97d6c9e3f0c4391f5e7,2024-12-29 15:00:00+00:00,MARKET,0.4413122398961481,0.4540682414698162,2.08,0,NON_PIT,1.0,0.8826244797922962,COUNTERFACTUAL_NON_PIT,False
over_2_5,0,eaaa9c5c3a6576b9a9ad,2024-12-29 15:00:00+00:00,MARKET,0.526980542693958,0.5483028720626633,1.73,1,NON_PIT,1.0,0.946038914612084,COUNTERFACTUAL_NON_PIT,False
over_2_5,0,3b4c0a6df49b429a6057,2024-12-29 17:15:00+00:00,MARKET,0.6888449174164294,0.6818181818181818,1.4,1,NON_PIT,1.0,0.6223101651671412,COUNTERFACTUAL_NON_PIT,False
over_2_5,0,2e2e92dda175ca4c08c0,2024-12-29 17:45:00+00:00,MARKET,0.41474702687886383,0.4516971279373368,2.1,0,NON_PIT,1.0,0.8294940537577277,COUNTERFACTUAL_NON_PIT,False
over_2_5,0,3f92964234897d6d7753,2024-12-29 20:00:00+00:00,MARKET,0.42620751879202373,0.4516971279373368,2.1,0,NON_PIT,1.0,0.8524150375840475,COUNTERFACTUAL_NON_PIT,False
over_2_5,0,1a5f263987488196294f,2024-12-30 19:45:00+00:00,MARKET,0.606283196012146,0.6025316455696202,1.57,1,NON_PIT,1.0,0.787433607975708,COUNTERFACTUAL_NON_PIT,False
over_2_5,0,e73c16437a798054e7a6,2024-12-30 19:45:00+00:00,MARKET,0.6762661270468016,0.6563245823389022,1.44,0,NON_PIT,1.0,0.6474677459063969,COUNTERFACTUAL_NON_PIT,False
over_2_5,0,316324b4684d2a1a5008,2024-12-30 20:00:00+00:00,MARKET,0.6306889840099398,0.586734693877551,1.62,0,NON_PIT,1.0,0.7386220319801204,COUNTERFACTUAL_NON_PIT,False
over_2_5,0,cb6804cb21efb9eadf43,2024-12-30 20:00:00+00:00,MARKET,0.40197733343432357,0.41025641025641024,2.3,0,NON_PIT,1.0,0.8039546668686471,COUNTERFACTUAL_NON_PIT,False
over_2_5,0,a6e9018fe75429fb14e1,2025-01-01 12:30:00+00:00,MARKET,0.5280330648083765,0.5263157894736842,1.8,1,NON_PIT,1.0,0.9439338703832469,COUNTERFACTUAL_NON_PIT,False
over_2_5,0,f9dcb93b3a4cd585ea73,2025-01-01 12:30:00+00:00,MARKET,0.439470199313525,0.47368421052631576,2.0,1,NON_PIT,1.0,0.87894039862705,COUNTERFACTUAL_NON_PIT,False
over_2_5,0,6142b0f5f93e4fde1658,2025-01-01 13:00:00+00:00,MARKET,0.43417521810939985,0.413265306122449,2.3,0,NON_PIT,1.0,0.8683504362187997,COUNTERFACTUAL_NON_PIT,False
over_2_5,0,0c3861ce261e2ef8a256,2025-01-01 15:00:00+00:00,MARKET,0.508749795336818,0.5129533678756476,1.88,0,NON_PIT,1.0,0.9825004093263641,COUNTERFACTUAL_NON_PIT,False
over_2_5,0,16e58902c10d12587c81,2025-01-01 15:00:00+00:00,MARKET,0.43461980457579574,0.43717277486910994,2.15,1,NON_PIT,1.0,0.8692396091515915,COUNTERFACTUAL_NON_PIT,False
over_2_5,0,183314cadeca4a01a15d,2025-01-01 15:00:00+00:00,MARKET,0.3467479373850428,0.4005102040816326,2.35,0,NON_PIT,1.0,0.6934958747700856,COUNTERFACTUAL_NON_PIT,False
over_2_5,0,36892b4f27cb241e63da,2025-01-01 15:00:00+00:00,MARKET,0.4473796435404515,0.4805194805194806,2.0,0,NON_PIT,1.0,0.894759287080903,COUNTERFACTUAL_NON_PIT,False
over_2_5,0,3a271a1529b909c2a192,2025-01-01 15:00:00+00:00,MARKET,0.5229096065832896,0.5064935064935064,1.9,0,NON_PIT,1.0,0.9541807868334209,COUNTERFACTUAL_NON_PIT,False
over_2_5,0,4575cbe837f41753942b,2025-01-01 15:00:00+00:00,MARKET,0.5612290854805445,0.5459317585301837,1.73,1,NON_PIT,1.0,0.877541829038911,COUNTERFACTUAL_NON_PIT,False
over_2_5,0,4d819cce4820a1f442d6,2025-01-01 15:00:00+00:00,MARKET,0.44983609739540353,0.4516971279373368,2.1,1,NON_PIT,1.0,0.8996721947908071,COUNTERFACTUAL_NON_PIT,False
over_2_5,0,534bd5f1e90da4df4391,2025-01-01 15:00:00+00:00,MARKET,0.5427180221038704,0.5064935064935064,1.9,1,NON_PIT,1.0,0.9145639557922591,COUNTERFACTUAL_NON_PIT,False
over_2_5,0,55da9edc3b3dd7d1748e,2025-01-01 15:00:00+00:00,MARKET,0.43975658971740145,0.4473684210526316,2.1,0,NON_PIT,1.0,0.8795131794348029,COUNTERFACTUAL_NON_PIT,False
over_2_5,0,59c356212b285742017a,2025-01-01 15:00:00+00:00,MARKET,0.6116432125967413,0.5714285714285715,1.65,1,NON_PIT,1.0,0.7767135748065175,COUNTERFACTUAL_NON_PIT,False
over_2_5,0,5d7eed39588062d8bd08,2025-01-01 15:00:00+00:00,MARKET,0.4865366423890165,0.5263157894736842,1.8,1,NON_PIT,1.0,0.973073284778033,COUNTERFACTUAL_NON_PIT,False
over_2_5,0,5eb20b59e5b54deaf106,2025-01-01 15:00:00+00:00,MARKET,0.547621503773348,0.5459317585301837,1.73,1,NON_PIT,1.0,0.9047569924533041,COUNTERFACTUAL_NON_PIT,False
over_2_5,0,5f873d9312f5365e5cee,2025-01-01 15:00:00+00:00,MARKET,0.49033354709916727,0.49350649350649356,1.95,1,NON_PIT,1.0,0.9806670941983345,COUNTERFACTUAL_NON_PIT,False
over_2_5,0,6bafbff40a3cc5d3bba0,2025-01-01 15:00:00+00:00,MARKET,0.49411958411734297,0.49350649350649356,1.95,1,NON_PIT,1.0,0.9882391682346859,COUNTERFACTUAL_NON_PIT,False
over_2_5,0,7246c9b32ddce3c66223,2025-01-01 15:00:00+00:00,MARKET,0.39273399206139853,0.4186046511627907,2.25,1,NON_PIT,1.0,0.7854679841227971,COUNTERFACTUAL_NON_PIT,False
over_2_5,0,7d623e120394f11d7732,2025-01-01 15:00:00+00:00,MARKET,0.4500564382690705,0.4473684210526316,2.1,0,NON_PIT,1.0,0.900112876538141,COUNTERFACTUAL_NON_PIT,False
over_2_5,0,86f095a58f9f1b52a4f5,2025-01-01 15:00:00+00:00,MARKET,0.4505061101275628,0.4473684210526316,2.1,1,NON_PIT,1.0,0.9010122202551256,COUNTERFACTUAL_NON_PIT,False
over_2_5,0,89a3bb053a8a5085c727,2025-01-01 15:00:00+00:00,MARKET,0.43341375772789925,0.47409326424870474,2.03,1,NON_PIT,1.0,0.8668275154557985,COUNTERFACTUAL_NON_PIT,False
over_2_5,0,94745d90a68104d4815c,2025-01-01 15:00:00+00:00,MARKET,0.4527112523974797,0.43717277486910994,2.15,0,NON_PIT,1.0,0.9054225047949594,COUNTERFACTUAL_NON_PIT,False
over_2_5,0,add2bae75aee9d2202d7,2025-01-01 15:00:00+00:00,MARKET,0.5774855367575713,0.5526315789473685,1.7,0,NON_PIT,1.0,0.8450289264848574,COUNTERFACTUAL_NON_PIT,False
over_2_5,0,b0219bde307b709a3532,2025-01-01 15:00:00+00:00,MARKET,0.4993378129077831,0.5,1.93,0,NON_PIT,1.0,0.9986756258155662,COUNTERFACTUAL_NON_PIT,False
over_2_5,0,c038f6753ccdfd4d13ae,2025-01-01 15:00:00+00:00,MARKET,0.42079575889574,0.43152454780361754,2.2,0,NON_PIT,1.0,0.84159151779148,COUNTERFACTUAL_NON_PIT,False
over_2_5,0,c1a63ba7989453a7e4fb,2025-01-01 15:00:00+00:00,MARKET,0.4215844485034113,0.413265306122449,2.3,1,NON_PIT,1.0,0.8431688970068226,COUNTERFACTUAL_NON_PIT,False
over_2_5,0,c48fba99835e925fce5c,2025-01-01 15:00:00+00:00,MARKET,0.5456666468575907,0.5194805194805195,1.85,1,NON_PIT,1.0,0.9086667062848186,COUNTERFACTUAL_NON_PIT,False
over_2_5,0,c610c2524298a7af1209,2025-01-01 15:00:00+00:00,MARKET,0.5015622869549669,0.4540682414698162,2.08,0,NON_PIT,1.0,0.9968754260900663,COUNTERFACTUAL_NON_PIT,False
over_2_5,0,d9f30e087fddd9a53365,2025-01-01 15:00:00+00:00,MARKET,0.5303012635708343,0.5,1.93,1,NON_PIT,1.0,0.9393974728583314,COUNTERFACTUAL_NON_PIT,False
over_2_5,0,f031ec3cb7e63561cdb6,2025-01-01 15:00:00+00:00,MARKET,0.5382400258226895,0.5259067357512953,1.83,1,NON_PIT,1.0,0.923519948354621,COUNTERFACTUAL_NON_PIT,False
over_2_5,0,704641ff0a4c51c0d514,2025-01-01 17:30:00+00:00,MARKET,0.6397104347065101,0.6203473945409429,1.53,1,NON_PIT,1.0,0.7205791305869798,COUNTERFACTUAL_NON_PIT,False
over_2_5,0,c0f3ac0c7a3c569f521a,2025-01-01 17:30:00+00:00,MARKET,0.5032856909186387,0.5129533678756476,1.88,0,NON_PIT,1.0,0.9934286181627225,COUNTERFACTUAL_NON_PIT,False
over_2_5,0,f3500334b0ff049d89ca,2025-01-01 20:00:00+00:00,MARKET,0.38450975803062165,0.43152454780361754,2.2,1,NON_PIT,1.0,0.7690195160612433,COUNTERFACTUAL_NON_PIT,False
over_2_5,0,29b2bb20f7c9cfa02a4a,2025-01-02 19:45:00+00:00,MARKET,0.4328352485580996,0.43717277486910994,2.15,1,NON_PIT,1.0,0.8656704971161991,COUNTERFACTUAL_NON_PIT,False
over_2_5,0,79b0d34e6d845eb823e1,2025-01-02 19:45:00+00:00,MARKET,0.5149437774381603,0.5526315789473685,1.7,1,NON_PIT,1.0,0.9701124451236793,COUNTERFACTUAL_NON_PIT,False
over_2_5,0,38635df1181e1d1b5ea0,2025-01-04 12:30:00+00:00,MARKET,0.4310034123646946,0.4516971279373368,2.1,0,NON_PIT,1.0,0.8620068247293892,COUNTERFACTUAL_NON_PIT,False
over_2_5,0,632b89474b4a66bf8481,2025-01-04 12:30:00+00:00,MARKET,0.7514859173649714,0.7188160676532769,1.33,1,NON_PIT,1.0,0.4970281652700572,COUNTERFACTUAL_NON_PIT,False
over_2_5,0,6e1cd0026c734c843167,2025-01-04 12:30:00+00:00,MARKET,0.4410262678152004,0.43717277486910994,2.15,0,NON_PIT,1.0,0.8820525356304008,COUNTERFACTUAL_NON_PIT,False
over_2_5,0,9b146e2ae8183279d2b7,2025-01-04 12:30:00+00:00,MARKET,0.5149720383059456,0.4870466321243523,1.98,0,NON_PIT,1.0,0.9700559233881088,COUNTERFACTUAL_NON_PIT,False
over_2_5,0,b51d9591993fa583d6f1,2025-01-04 12:30:00+00:00,MARKET,0.3626461227366525,0.39746835443037976,2.38,0,NON_PIT,1.0,0.725292245473305,COUNTERFACTUAL_NON_PIT,False
over_2_5,0,cbd0cc985dc13ef7f403,2025-01-04 12:30:00+00:00,MARKET,0.6114151006995788,0.5684754521963824,1.67,0,NON_PIT,1.0,0.7771697986008423,COUNTERFACTUAL_NON_PIT,False
over_2_5,0,f8b905a78f3076e351fa,2025-01-04 12:30:00+00:00,MARKET,0.5790336050413617,0.5714285714285715,1.65,0,NON_PIT,1.0,0.8419327899172766,COUNTERFACTUAL_NON_PIT,False
over_2_5,0,8ce3916abae009a1013f,2025-01-04 13:00:00+00:00,MARKET,0.460119597208067,0.4805194805194806,2.0,1,NON_PIT,1.0,0.920239194416134,COUNTERFACTUAL_NON_PIT,False
over_2_5,0,099473df946e5c1c4423,2025-01-04 15:00:00+00:00,MARKET,0.5229151618305007,0.5194805194805195,1.85,1,NON_PIT,1.0,0.9541696763389986,COUNTERFACTUAL_NON_PIT,False
over_2_5,0,0d0eea47147ac76c7734,2025-01-04 15:00:00+00:00,MARKET,0.4292757130528709,0.4540682414698162,2.08,0,NON_PIT,1.0,0.8585514261057418,COUNTERFACTUAL_NON_PIT,False
over_2_5,0,1d094883541014915dc7,2025-01-04 15:00:00+00:00,MARKET,0.6645751625653659,0.6368038740920097,1.5,1,NON_PIT,1.0,0.6708496748692683,COUNTERFACTUAL_NON_PIT,False
over_2_5,0,38fef076bf1bdfd347d6,2025-01-04 15:00:00+00:00,MARKET,0.527138040404003,0.5102564102564103,1.91,0,NON_PIT,1.0,0.945723919191994,COUNTERFACTUAL_NON_PIT,False
over_2_5,0,409ce76ac942bdf86dce,2025-01-04 15:00:00+00:00,MARKET,0.4005897864009413,0.4473684210526316,2.1,1,NON_PIT,1.0,0.8011795728018826,COUNTERFACTUAL_NON_PIT,False
over_2_5,0,554a3fbfa0e3188166a9,2025-01-04 15:00:00+00:00,MARKET,0.5176419502715393,0.5129533678756476,1.88,0,NON_PIT,1.0,0.9647160994569215,COUNTERFACTUAL_NON_PIT,False
over_2_5,0,5d7d353cfcbbdd8f051c,2025-01-04 15:00:00+00:00,MARKET,0.5044331153596708,0.4870466321243523,1.98,1,NON_PIT,1.0,0.9911337692806583,COUNTERFACTUAL_NON_PIT,False
over_2_5,0,5f44d243dfd631be485f,2025-01-04 15:00:00+00:00,MARKET,0.4992427876817773,0.49350649350649356,1.95,0,NON_PIT,1.0,0.9984855753635546,COUNTERFACTUAL_NON_PIT,False
over_2_5,0,62aad877484030e55e9c,2025-01-04 15:00:00+00:00,MARKET,0.40856907882674764,0.413265306122449,2.3,0,NON_PIT,1.0,0.8171381576534953,COUNTERFACTUAL_NON_PIT,False
over_2_5,0,6a8b1ecca2042ca27de7,2025-01-04 15:00:00+00:00,MARKET,0.5785501002312818,0.5897435897435896,1.6,1,NON_PIT,1.0,0.8428997995374363,COUNTERFACTUAL_NON_PIT,False
over_2_5,0,6f5c7fb6dc7faf20a590,2025-01-04 15:00:00+00:00,MARKET,0.44721927195861105,0.4675324675324676,2.05,0,NON_PIT,1.0,0.8944385439172221,COUNTERFACTUAL_NON_PIT,False
over_2_5,0,795afe126d9ca4e670a9,2025-01-04 15:00:00+00:00,MARKET,0.5156454358163969,0.5194805194805195,1.85,0,NON_PIT,1.0,0.9687091283672062,COUNTERFACTUAL_NON_PIT,False
over_2_5,0,79ab5d1dc4e8a43536cc,2025-01-04 15:00:00+00:00,MARKET,0.3306401122188328,0.3796526054590571,2.5,1,NON_PIT,1.0,0.6612802244376657,COUNTERFACTUAL_NON_PIT,False
over_2_5,0,7ddb66e09f53febe0583,2025-01-04 15:00:00+00:00,MARKET,0.4763808743146363,0.47409326424870474,2.03,1,NON_PIT,1.0,0.9527617486292727,COUNTERFACTUAL_NON_PIT,False
over_2_5,0,87832d10aa410db5f3e2,2025-01-04 15:00:00+00:00,MARKET,0.40790661872188455,0.43152454780361754,2.2,0,NON_PIT,1.0,0.8158132374437691,COUNTERFACTUAL_NON_PIT,False
over_2_5,0,8797871b303b5c620a76,2025-01-04 15:00:00+00:00,MARKET,0.5682006943264417,0.5628272251308901,1.67,0,NON_PIT,1.0,0.8635986113471166,COUNTERFACTUAL_NON_PIT,False
over_2_5,0,8e196d7484bb4ee1c799,2025-01-04 15:00:00+00:00,MARKET,0.47874530687551664,0.47409326424870474,2.03,0,NON_PIT,1.0,0.9574906137510333,COUNTERFACTUAL_NON_PIT,False
over_2_5,0,9037a3e7290b358b99c6,2025-01-04 15:00:00+00:00,MARKET,0.47833104163950024,0.4473684210526316,2.1,0,NON_PIT,1.0,0.9566620832790005,COUNTERFACTUAL_NON_PIT,False
over_2_5,0,94ea687fd6cca9704e50,2025-01-04 15:00:00+00:00,MARKET,0.5630152199085082,0.5483028720626633,1.73,0,NON_PIT,1.0,0.8739695601829836,COUNTERFACTUAL_NON_PIT,False
over_2_5,0,97f7fef11af5b575858b,2025-01-04 15:00:00+00:00,MARKET,0.47897132803187814,0.5,1.93,1,NON_PIT,1.0,0.9579426560637563,COUNTERFACTUAL_NON_PIT,False
over_2_5,0,ac6e69d972bee10d60fc,2025-01-04 15:00:00+00:00,MARKET,0.4301252087118278,0.4516971279373368,2.1,1,NON_PIT,1.0,0.8602504174236556,COUNTERFACTUAL_NON_PIT,False
over_2_5,0,cc27ca6cac231758362d,2025-01-04 15:00:00+00:00,MARKET,0.5128291842107973,0.4870466321243523,1.98,0,NON_PIT,1.0,0.9743416315784055,COUNTERFACTUAL_NON_PIT,False
over_2_5,0,cd1faffda196dc1a3e14,2025-01-04 15:00:00+00:00,MARKET,0.5755441234841682,0.6025316455696202,1.57,0,NON_PIT,1.0,0.8489117530316637,COUNTERFACTUAL_NON_PIT,False
over_2_5,0,dcc1c6e1be926a5706f5,2025-01-04 15:00:00+00:00,MARKET,0.49051232223869823,0.5129533678756476,1.88,1,NON_PIT,1.0,0.9810246444773965,COUNTERFACTUAL_NON_PIT,False
over_2_5,0,ee95f19b59b3150cd96e,2025-01-04 15:00:00+00:00,MARKET,0.6263622617023976,0.5684754521963824,1.67,1,NON_PIT,1.0,0.7472754765952048,COUNTERFACTUAL_NON_PIT,False
over_2_5,0,f409aef6042e0839453f,2025-01-04 15:00:00+00:00,MARKET,0.38055048619642423,0.375,2.5,0,NON_PIT,1.0,0.7611009723928485,COUNTERFACTUAL_NON_PIT,False
over_2_5,0,fd70fa5ff7d2314c4847,2025-01-04 15:00:00+00:00,MARKET,0.7535061045312637,0.7188160676532769,1.33,1,NON_PIT,1.0,0.4929877909374727,COUNTERFACTUAL_NON_PIT,False
over_2_5,0,017bde626c3b174e3c43,2025-01-04 17:30:00+00:00,MARKET,0.5723945790981565,0.5483028720626633,1.73,0,NON_PIT,1.0,0.855210841803687,COUNTERFACTUAL_NON_PIT,False
over_2_5,0,eb27af0acfd4629c154c,2025-01-05 14:00:00+00:00,MARKET,0.5721404284787897,0.5483028720626633,1.73,1,NON_PIT,1.0,0.8557191430424207,COUNTERFACTUAL_NON_PIT,False
over_2_5,0,b321a5605c58f7b29521,2025-01-05 15:00:00+00:00,MARKET,0.44714576242018556,0.4540682414698162,2.08,1,NON_PIT,1.0,0.8942915248403711,COUNTERFACTUAL_NON_PIT,False
over_2_5,0,dbf5f5e36ec443874e70,2025-01-05 15:00:00+00:00,MARKET,0.5306860052875361,0.5263157894736842,1.8,0,NON_PIT,1.0,0.9386279894249279,COUNTERFACTUAL_NON_PIT,False
over_2_5,0,6561136d550dbe976a8b,2025-01-05 16:30:00+00:00,MARKET,0.6623106142508801,0.6563245823389022,1.44,1,NON_PIT,1.0,0.6753787714982398,COUNTERFACTUAL_NON_PIT,False
over_2_5,0,068e1c5c99c263fc54c0,2025-01-06 20:00:00+00:00,MARKET,0.38392412165845,0.43152454780361754,2.2,1,NON_PIT,1.0,0.7678482433169,COUNTERFACTUAL_NON_PIT,False
over_2_5,0,111d389fd03ea75cab0a,2025-01-06 20:00:00+00:00,MARKET,0.41527104490366334,0.4516971279373368,2.1,1,NON_PIT,1.0,0.8305420898073267,COUNTERFACTUAL_NON_PIT,False
over_2_5,0,3018b5f74ce12816fc8d,2025-01-07 19:45:00+00:00,MARKET,0.4512264222287814,0.4675324675324676,2.05,0,NON_PIT,1.0,0.9024528444575628,COUNTERFACTUAL_NON_PIT,False
over_2_5,0,2aa87ffd0aa3c9f617d1,2025-01-11 12:30:00+00:00,MARKET,0.472241498285372,0.5194805194805195,1.85,1,NON_PIT,1.0,0.944482996570744,COUNTERFACTUAL_NON_PIT,False
over_2_5,0,fbb1b185026aab2e2ddc,2025-01-11 12:30:00+00:00,MARKET,0.49847767255154846,0.4805194805194806,2.0,1,NON_PIT,1.0,0.9969553451030969,COUNTERFACTUAL_NON_PIT,False
over_2_5,0,fdf4789a62b3dd121857,2025-01-11 15:00:00+00:00,MARKET,0.4443219125713791,0.46052631578947373,2.05,0,NON_PIT,1.0,0.8886438251427582,COUNTERFACTUAL_NON_PIT,False
over_2_5,0,2dedcd3ff1312e273e0c,2025-01-14 19:30:00+00:00,MARKET,0.7251402731991369,0.6818181818181818,1.4,1,NON_PIT,1.0,0.5497194536017262,COUNTERFACTUAL_NON_PIT,False
over_2_5,0,a23141fa8fac5452a334,2025-01-14 19:30:00+00:00,MARKET,0.7441162457077263,0.6818181818181818,1.4,1,NON_PIT,1.0,0.5117675085845474,COUNTERFACTUAL_NON_PIT,False
over_2_5,0,e4efe03bf33bcba3f037,2025-01-14 19:30:00+00:00,MARKET,0.5099602427206531,0.523076923076923,1.86,1,NON_PIT,1.0,0.9800795145586938,COUNTERFACTUAL_NON_PIT,False
over_2_5,0,14aa8d3b11863d770fc6,2025-01-14 19:45:00+00:00,MARKET,0.4672612148144351,0.47409326424870474,2.03,0,NON_PIT,1.0,0.9345224296288702,COUNTERFACTUAL_NON_PIT,False
over_2_5,0,5760037b45afc80dbab4,2025-01-14 19:45:00+00:00,MARKET,0.452448156883628,0.4516971279373368,2.1,0,NON_PIT,1.0,0.904896313767256,COUNTERFACTUAL_NON_PIT,False
over_2_5,0,e91027b02efb28f972a9,2025-01-14 20:00:00+00:00,MARKET,0.560087808404408,0.586734693877551,1.62,0,NON_PIT,1.0,0.8798243831911841,COUNTERFACTUAL_NON_PIT,False
over_2_5,0,16b33f1e6a144da45197,2025-01-15 19:30:00+00:00,MARKET,0.6656732062656708,0.6563245823389022,1.44,1,NON_PIT,1.0,0.6686535874686583,COUNTERFACTUAL_NON_PIT,False
over_2_5,0,25d03ca464b428d3925d,2025-01-15 19:30:00+00:00,MARKET,0.5528516512248604,0.5483028720626633,1.73,0,NON_PIT,1.0,0.8942966975502793,COUNTERFACTUAL_NON_PIT,False
over_2_5,0,e6180b5e52a2d2d49a55,2025-01-15 19:30:00+00:00,MARKET,0.48202068843426554,0.4666666666666667,2.08,0,NON_PIT,1.0,0.9640413768685311,COUNTERFACTUAL_NON_PIT,False
over_2_5,0,30ca867a23454708c47b,2025-01-15 19:45:00+00:00,MARKET,0.5563519433592892,0.4870466321243523,1.98,1,NON_PIT,1.0,0.8872961132814217,COUNTERFACTUAL_NON_PIT,False
over_2_5,0,b6643f8582b0d0722a7e,2025-01-15 20:00:00+00:00,MARKET,0.6937118622171983,0.6563245823389022,1.44,1,NON_PIT,1.0,0.6125762755656035,COUNTERFACTUAL_NON_PIT,False
over_2_5,0,51e6516c1197b0f56c23,2025-01-16 19:30:00+00:00,MARKET,0.5278377043722443,0.5483028720626633,1.73,0,NON_PIT,1.0,0.9443245912555114,COUNTERFACTUAL_NON_PIT,False
over_2_5,0,a5914fc259b4b456fcdf,2025-01-16 20:00:00+00:00,MARKET,0.4050772433533081,0.4285714285714286,2.2,1,NON_PIT,1.0,0.8101544867066162,COUNTERFACTUAL_NON_PIT,False
over_2_5,0,fa9b5db7963a434594b6,2025-01-16 20:00:00+00:00,MARKET,0.652115515455168,0.6203473945409429,1.53,1,NON_PIT,1.0,0.695768969089664,COUNTERFACTUAL_NON_PIT,False
over_2_5,0,c7e108d0f28eb02662b2,2025-01-17 19:45:00+00:00,MARKET,0.4567820833259523,0.46052631578947373,2.05,0,NON_PIT,1.0,0.9135641666519047,COUNTERFACTUAL_NON_PIT,False
over_2_5,0,2fe79f6e34b5be3fdcb7,2025-01-17 20:00:00+00:00,MARKET,0.32247201100821465,0.36319612590799033,2.63,0,NON_PIT,1.0,0.6449440220164293,COUNTERFACTUAL_NON_PIT,False
over_2_5,0,494ad7abcf0a58920479,2025-01-18 12:30:00+00:00,MARKET,0.45418381749206144,0.4675324675324676,2.05,0,NON_PIT,1.0,0.9083676349841229,COUNTERFACTUAL_NON_PIT,False
over_2_5,0,68f5fa82a9a576f9581a,2025-01-18 12:30:00+00:00,MARKET,0.43864047224142816,0.4540682414698162,2.08,0,NON_PIT,1.0,0.8772809444828563,COUNTERFACTUAL_NON_PIT,False
over_2_5,0,7ae7cfdb7c38023fef5d,2025-01-18 12:30:00+00:00,MARKET,0.43124670926447894,0.4516971279373368,2.1,1,NON_PIT,1.0,0.8624934185289579,COUNTERFACTUAL_NON_PIT,False
over_2_5,0,b5d55071893ae779e1e5,2025-01-18 12:30:00+00:00,MARKET,0.3743516703365165,0.3796526054590571,2.5,0,NON_PIT,1.0,0.748703340673033,COUNTERFACTUAL_NON_PIT,False
over_2_5,0,b7255c4b8c3f58af55ec,2025-01-18 12:30:00+00:00,MARKET,0.6176481448499744,0.6203473945409429,1.53,1,NON_PIT,1.0,0.7647037103000511,COUNTERFACTUAL_NON_PIT,False
over_2_5,0,bd76a10c67deb44b8c83,2025-01-18 12:30:00+00:00,MARKET,0.5873233440972108,0.5526315789473685,1.7,0,NON_PIT,1.0,0.8253533118055785,COUNTERFACTUAL_NON_PIT,False
over_2_5,0,db8f85446d93dad7179e,2025-01-18 12:30:00+00:00,MARKET,0.5087667603565734,0.4870466321243523,1.98,1,NON_PIT,1.0,0.9824664792868532,COUNTERFACTUAL_NON_PIT,False
over_2_5,0,e04e22a6abd9b593ab20,2025-01-18 12:30:00+00:00,MARKET,0.45456739790540457,0.46052631578947373,2.05,0,NON_PIT,1.0,0.9091347958108091,COUNTERFACTUAL_NON_PIT,False
over_2_5,0,81778c4d9a77a5651988,2025-01-18 14:00:00+00:00,MARKET,0.37659540678393827,0.4285714285714286,2.2,0,NON_PIT,1.0,0.7531908135678765,COUNTERFACTUAL_NON_PIT,False
over_2_5,0,046723025d859d126ad4,2025-01-18 15:00:00+00:00,MARKET,0.39035611720272634,0.43152454780361754,2.2,0,NON_PIT,1.0,0.7807122344054527,COUNTERFACTUAL_NON_PIT,False
over_2_5,0,07b16207b7c0732ee25f,2025-01-18 15:00:00+00:00,MARKET,0.4052282654001846,0.4186046511627907,2.25,1,NON_PIT,1.0,0.8104565308003692,COUNTERFACTUAL_NON_PIT,False
over_2_5,0,0bc76ba8e3a017b09947,2025-01-18 15:00:00+00:00,MARKET,0.4685095886275697,0.4516971279373368,2.1,0,NON_PIT,1.0,0.9370191772551394,COUNTERFACTUAL_NON_PIT,False
over_2_5,0,23a011a408b9f188f322,2025-01-18 15:00:00+00:00,MARKET,0.48281429855134694,0.5263157894736842,1.8,0,NON_PIT,1.0,0.9656285971026939,COUNTERFACTUAL_NON_PIT,False
over_2_5,0,277107683ebd9455a7b4,2025-01-18 15:00:00+00:00,MARKET,0.5717271202846983,0.5684754521963824,1.67,1,NON_PIT,1.0,0.8565457594306034,COUNTERFACTUAL_NON_PIT,False
over_2_5,0,32b048bd54c619c4a2bc,2025-01-18 15:00:00+00:00,MARKET,0.5583766838640715,0.5259067357512953,1.83,0,NON_PIT,1.0,0.8832466322718571,COUNTERFACTUAL_NON_PIT,False
over_2_5,0,3f694d6bad292ca182cc,2025-01-18 15:00:00+00:00,MARKET,0.42924443921098093,0.4473684210526316,2.1,0,NON_PIT,1.0,0.8584888784219619,COUNTERFACTUAL_NON_PIT,False
over_2_5,0,45fb63850a1b000b44ba,2025-01-18 15:00:00+00:00,MARKET,0.4378650697004182,0.4473684210526316,2.1,0,NON_PIT,1.0,0.8757301394008364,COUNTERFACTUAL_NON_PIT,False
over_2_5,0,46b97cdc3042886a872b,2025-01-18 15:00:00+00:00,MARKET,0.44712953198987976,0.4473684210526316,2.1,0,NON_PIT,1.0,0.8942590639797595,COUNTERFACTUAL_NON_PIT,False
over_2_5,0,56275e96d046e4206a8b,2025-01-18 15:00:00+00:00,MARKET,0.7414464552090203,0.7017543859649122,1.36,0,NON_PIT,1.0,0.5171070895819594,COUNTERFACTUAL_NON_PIT,False
over_2_5,0,64af208f480fdb3ba7c8,2025-01-18 15:00:00+00:00,MARKET,0.5265577382204211,0.5459317585301837,1.73,1,NON_PIT,1.0,0.9468845235591579,COUNTERFACTUAL_NON_PIT,False
over_2_5,0,737047eebe4b1ce928ec,2025-01-18 15:00:00+00:00,MARKET,0.5031637257057587,0.4870466321243523,1.98,0,NON_PIT,1.0,0.9936725485884825,COUNTERFACTUAL_NON_PIT,False
over_2_5,0,76b22cdef83768c00e62,2025-01-18 15:00:00+00:00,MARKET,0.3575397729510293,0.375,2.5,1,NON_PIT,1.0,0.7150795459020586,COUNTERFACTUAL_NON_PIT,False
over_2_5,0,8076964421e187269110,2025-01-18 15:00:00+00:00,MARKET,0.4686427339102269,0.5,1.93,1,NON_PIT,1.0,0.9372854678204539,COUNTERFACTUAL_NON_PIT,False
over_2_5,0,8bc1bb528a64be92853a,2025-01-18 15:00:00+00:00,MARKET,0.5816871108619084,0.5259067357512953,1.83,1,NON_PIT,1.0,0.8366257782761832,COUNTERFACTUAL_NON_PIT,False
over_2_5,0,8bc53c048f9fc5a80784,2025-01-18 15:00:00+00:00,MARKET,0.5732166809308947,0.5459317585301837,1.73,1,NON_PIT,1.0,0.8535666381382105,COUNTERFACTUAL_NON_PIT,False
over_2_5,0,95b7c7e8b1961dabf81d,2025-01-18 15:00:00+00:00,MARKET,0.4462041416628102,0.4805194805194806,2.0,0,NON_PIT,1.0,0.8924082833256204,COUNTERFACTUAL_NON_PIT,False
over_2_5,0,9c8fe6d4175cc0a4487b,2025-01-18 15:00:00+00:00,MARKET,0.5751853196570148,0.5483028720626633,1.73,0,NON_PIT,1.0,0.8496293606859704,COUNTERFACTUAL_NON_PIT,False
over_2_5,0,9f3a88abd1cd2bfe81f9,2025-01-18 15:00:00+00:00,MARKET,0.45212511917365017,0.47368421052631576,2.0,0,NON_PIT,1.0,0.9042502383473003,COUNTERFACTUAL_NON_PIT,False
over_2_5,0,a5ec4f58f1955f9a291f,2025-01-18 15:00:00+00:00,MARKET,0.4421845761067217,0.49350649350649356,1.95,1,NON_PIT,1.0,0.8843691522134434,COUNTERFACTUAL_NON_PIT,False
over_2_5,0,a633c699b6b1c4dc423e,2025-01-18 15:00:00+00:00,MARKET,0.4781397710103987,0.5,1.93,0,NON_PIT,1.0,0.9562795420207973,COUNTERFACTUAL_NON_PIT,False
over_2_5,0,a9e0c07d98756cee51ca,2025-01-18 15:00:00+00:00,MARKET,0.49537396197307676,0.5394736842105263,1.75,1,NON_PIT,1.0,0.9907479239461535,COUNTERFACTUAL_NON_PIT,False
over_2_5,0,aaecc72eb67e0be20c8e,2025-01-18 15:00:00+00:00,MARKET,0.4046144792507813,0.4540682414698162,2.08,0,NON_PIT,1.0,0.8092289585015626,COUNTERFACTUAL_NON_PIT,False
over_2_5,0,d42647ba85adf540ed65,2025-01-18 15:00:00+00:00,MARKET,0.4637853325931579,0.43152454780361754,2.2,0,NON_PIT,1.0,0.9275706651863158,COUNTERFACTUAL_NON_PIT,False
over_2_5,0,e3ef797098a991e96d06,2025-01-18 15:00:00+00:00,MARKET,0.5344062132794477,0.5394736842105263,1.75,1,NON_PIT,1.0,0.9311875734411046,COUNTERFACTUAL_NON_PIT,False
over_2_5,0,f296944f3ab72de85d6b,2025-01-18 15:00:00+00:00,MARKET,0.4842700054363778,0.4805194805194806,2.0,0,NON_PIT,1.0,0.9685400108727557,COUNTERFACTUAL_NON_PIT,False
over_2_5,0,f79b5c39e7642ed767cc,2025-01-18 15:00:00+00:00,MARKET,0.6023852548577145,0.5628272251308901,1.67,0,NON_PIT,1.0,0.7952294902845709,COUNTERFACTUAL_NON_PIT,False
over_2_5,0,35df6b23d999093cb670,2025-01-18 17:30:00+00:00,MARKET,0.4817634325673264,0.5205128205128204,1.87,1,NON_PIT,1.0,0.9635268651346528,COUNTERFACTUAL_NON_PIT,False
over_2_5,0,cf919f43985f2c5bab84,2025-01-19 12:00:00+00:00,MARKET,0.5617533861275755,0.5263157894736842,1.8,1,NON_PIT,1.0,0.876493227744849,COUNTERFACTUAL_NON_PIT,False
over_2_5,0,e3eef2b02ee98c293828,2025-01-19 14:00:00+00:00,MARKET,0.5283212152293186,0.5483028720626633,1.73,1,NON_PIT,1.0,0.9433575695413627,COUNTERFACTUAL_NON_PIT,False
over_2_5,0,e945b3a8575140585158,2025-01-19 14:00:00+00:00,MARKET,0.6264125144747285,0.5684754521963824,1.67,1,NON_PIT,1.0,0.7471749710505431,COUNTERFACTUAL_NON_PIT,False
over_2_5,0,eaf5d46e2749a4a8904b,2025-01-19 14:00:00+00:00,MARKET,0.5982686060631113,0.5684754521963824,1.67,1,NON_PIT,1.0,0.8034627878737775,COUNTERFACTUAL_NON_PIT,False
over_2_5,0,359d3907bba3968d715d,2025-01-19 16:30:00+00:00,MARKET,0.6814893899005969,0.6563245823389022,1.44,1,NON_PIT,1.0,0.6370212201988061,COUNTERFACTUAL_NON_PIT,False
over_2_5,0,cbccf586a2c1aecd35ee,2025-01-20 20:00:00+00:00,MARKET,0.7607069633310384,0.7017543859649122,1.36,1,NON_PIT,1.0,0.47858607333792325,COUNTERFACTUAL_NON_PIT,False
over_2_5,0,035d336c88c793529852,2025-01-21 19:45:00+00:00,MARKET,0.4108082880396329,0.4516971279373368,2.1,1,NON_PIT,1.0,0.8216165760792657,COUNTERFACTUAL_NON_PIT,False
over_2_5,0,039f74c97c94e01ba7fd,2025-01-21 19:45:00+00:00,MARKET,0.44576922212739684,0.44297082228116713,2.1,1,NON_PIT,1.0,0.8915384442547937,COUNTERFACTUAL_NON_PIT,False
over_2_5,0,296599df382ab4807169,2025-01-21 19:45:00+00:00,MARKET,0.4184766860018711,0.4297082228116711,2.15,1,NON_PIT,1.0,0.8369533720037422,COUNTERFACTUAL_NON_PIT,False
over_2_5,0,2d23f84ad4a32a455807,2025-01-21 19:45:00+00:00,MARKET,0.3814117482608567,0.42408376963350786,2.2,0,NON_PIT,1.0,0.7628234965217134,COUNTERFACTUAL_NON_PIT,False
over_2_5,0,2f6f9545e8df848ed675,2025-01-21 19:45:00+00:00,MARKET,0.6270546924307041,0.557029177718833,1.67,0,NON_PIT,1.0,0.7458906151385918,COUNTERFACTUAL_NON_PIT,False
over_2_5,0,39717fc6dd83712b1942,2025-01-21 19:45:00+00:00,MARKET,0.5251674020950196,0.5194805194805195,1.85,1,NON_PIT,1.0,0.9496651958099609,COUNTERFACTUAL_NON_PIT,False
over_2_5,0,52f0468e80a3518fa5d9,2025-01-21 19:45:00+00:00,MARKET,0.35337399376249296,0.413265306122449,2.3,1,NON_PIT,1.0,0.7067479875249859,COUNTERFACTUAL_NON_PIT,False
over_2_5,0,880b84a581ebae995d2e,2025-01-21 19:45:00+00:00,MARKET,0.49760177369516745,0.4805194805194806,2.0,0,NON_PIT,1.0,0.9952035473903349,COUNTERFACTUAL_NON_PIT,False
over_2_5,0,9f65af6c0d454f3cf625,2025-01-21 19:45:00+00:00,MARKET,0.4233567892487392,0.43152454780361754,2.2,0,NON_PIT,1.0,0.8467135784974784,COUNTERFACTUAL_NON_PIT,False
over_2_5,0,a2094c0f3d2b18bf770a,2025-01-21 19:45:00+00:00,MARKET,0.46502502162090514,0.4516971279373368,2.1,0,NON_PIT,1.0,0.9300500432418103,COUNTERFACTUAL_NON_PIT,False
over_2_5,0,a7a6f95b147a7f5ef9e5,2025-01-21 19:45:00+00:00,MARKET,0.4439110636640913,0.43152454780361754,2.2,1,NON_PIT,1.0,0.8878221273281826,COUNTERFACTUAL_NON_PIT,False
over_2_5,0,b570feb1158b62024bf1,2025-01-21 19:45:00+00:00,MARKET,0.483507888733754,0.4870466321243523,1.98,1,NON_PIT,1.0,0.967015777467508,COUNTERFACTUAL_NON_PIT,False
over_2_5,0,452636e93f318eb9670b,2025-01-21 20:00:00+00:00,MARKET,0.3352046690545341,0.3181818181818181,3.0,1,NON_PIT,1.0,0.6704093381090682,COUNTERFACTUAL_NON_PIT,False
over_2_5,0,160c6b2d92a6d7f42b1c,2025-01-22 19:45:00+00:00,MARKET,0.4621730198708057,0.4805194805194806,2.0,1,NON_PIT,1.0,0.9243460397416114,COUNTERFACTUAL_NON_PIT,False
over_2_5,0,927193c1765821c33f52,2025-01-22 19:45:00+00:00,MARKET,0.4217951651564399,0.4516971279373368,2.1,1,NON_PIT,1.0,0.8435903303128798,COUNTERFACTUAL_NON_PIT,False
over_2_5,0,f53df6e20e3ffc03e7d2,2025-01-22 19:45:00+00:00,MARKET,0.5484415026153874,0.549597855227882,1.68,0,NON_PIT,1.0,0.9031169947692252,COUNTERFACTUAL_NON_PIT,False
over_2_5,0,769b66e85591d245e86b,2025-01-22 20:00:00+00:00,MARKET,0.42988673223236573,0.450402144772118,2.05,1,NON_PIT,1.0,0.8597734644647315,COUNTERFACTUAL_NON_PIT,False
over_2_5,0,8d56b66ddb30c1ed8d62,2025-01-23 20:00:00+00:00,MARKET,0.37422528484685474,0.4285714285714286,2.2,0,NON_PIT,1.0,0.7484505696937095,COUNTERFACTUAL_NON_PIT,False
over_2_5,0,cdf3f035a4aca6a3f6e0,2025-01-24 19:45:00+00:00,MARKET,0.49706103154672365,0.5259067357512953,1.83,1,NON_PIT,1.0,0.9941220630934473,COUNTERFACTUAL_NON_PIT,False
over_2_5,0,913d4c57d82b39407ab9,2025-01-24 20:00:00+00:00,MARKET,0.44803112371944936,0.4675324675324676,2.05,1,NON_PIT,1.0,0.8960622474388987,COUNTERFACTUAL_NON_PIT,False
over_2_5,0,0118274b041ab440ac52,2025-01-25 12:30:00+00:00,MARKET,0.4565134481988627,0.4516971279373368,2.1,0,NON_PIT,1.0,0.9130268963977254,COUNTERFACTUAL_NON_PIT,False
over_2_5,0,40e4a5bb5219cb79c146,2025-01-25 12:30:00+00:00,MARKET,0.5257897675779236,0.5259067357512953,1.83,0,NON_PIT,1.0,0.9484204648441528,COUNTERFACTUAL_NON_PIT,False
over_2_5,0,61a5461de983bad38841,2025-01-25 12:30:00+00:00,MARKET,0.46034372865191314,0.4675324675324676,2.05,0,NON_PIT,1.0,0.9206874573038263,COUNTERFACTUAL_NON_PIT,False
over_2_5,0,79144e20a7aedaf42d28,2025-01-25 12:30:00+00:00,MARKET,0.4828232624194261,0.49350649350649356,1.95,1,NON_PIT,1.0,0.9656465248388522,COUNTERFACTUAL_NON_PIT,False
over_2_5,0,df0dcf67a2e69f140069,2025-01-25 12:30:00+00:00,MARKET,0.3926419022586668,0.4473684210526316,2.1,1,NON_PIT,1.0,0.7852838045173336,COUNTERFACTUAL_NON_PIT,False
over_2_5,0,e0dcc51c203f249de250,2025-01-25 12:30:00+00:00,MARKET,0.4080657020411613,0.36319612590799033,2.63,0,NON_PIT,1.0,0.8161314040823227,COUNTERFACTUAL_NON_PIT,False
over_2_5,0,e69929dacba8cc51997c,2025-01-25 12:30:00+00:00,MARKET,0.5040116156201814,0.4866310160427808,1.92,1,NON_PIT,1.0,0.9919767687596373,COUNTERFACTUAL_NON_PIT,False
over_2_5,0,02c861efadcef212e418,2025-01-25 15:00:00+00:00,MARKET,0.3657466522999248,0.3796526054590571,2.5,1,NON_PIT,1.0,0.7314933045998496,COUNTERFACTUAL_NON_PIT,False
over_2_5,0,042a80cfd94f3c3b1dda,2025-01-25 15:00:00+00:00,MARKET,0.5524808184451081,0.5129533678756476,1.88,1,NON_PIT,1.0,0.8950383631097838,COUNTERFACTUAL_NON_PIT,False
over_2_5,0,080e73c874e42e760c9f,2025-01-25 15:00:00+00:00,MARKET,0.4593062782712856,0.47409326424870474,2.03,1,NON_PIT,1.0,0.9186125565425712,COUNTERFACTUAL_NON_PIT,False
over_2_5,0,09081a968bd3d9d0b177,2025-01-25 15:00:00+00:00,MARKET,0.5816575335180061,0.5394736842105263,1.75,0,NON_PIT,1.0,0.8366849329639878,COUNTERFACTUAL_NON_PIT,False
over_2_5,0,1df09abc92d3de82c540,2025-01-25 15:00:00+00:00,MARKET,0.5070594872591911,0.5,1.89,0,NON_PIT,1.0,0.9858810254816177,COUNTERFACTUAL_NON_PIT,False
over_2_5,0,2139cf9c55f4fe51f9db,2025-01-25 15:00:00+00:00,MARKET,0.5195157274922629,0.5256410256410255,1.85,1,NON_PIT,1.0,0.9609685450154741,COUNTERFACTUAL_NON_PIT,False
over_2_5,0,2e0fe0566af10cb5f045,2025-01-25 15:00:00+00:00,MARKET,0.5966100176182436,0.5459317585301837,1.73,0,NON_PIT,1.0,0.8067799647635128,COUNTERFACTUAL_NON_PIT,False
over_2_5,0,34f79bdfa882f863727a,2025-01-25 15:00:00+00:00,MARKET,0.6945815660522467,0.656934306569343,1.41,1,NON_PIT,1.0,0.6108368678955065,COUNTERFACTUAL_NON_PIT,False
over_2_5,0,4e977a2beaa5c39c65c8,2025-01-25 15:00:00+00:00,MARKET,0.5467170468902061,0.5483028720626633,1.73,0,NON_PIT,1.0,0.9065659062195879,COUNTERFACTUAL_NON_PIT,False
over_2_5,0,4ea74915bed8bd504f79,2025-01-25 15:00:00+00:00,MARKET,0.4384599697399903,0.46052631578947373,2.05,0,NON_PIT,1.0,0.8769199394799806,COUNTERFACTUAL_NON_PIT,False
over_2_5,0,5999ee4068dfea7ff95c,2025-01-25 15:00:00+00:00,MARKET,0.41038998628081697,0.4562334217506631,2.05,0,NON_PIT,1.0,0.8207799725616339,COUNTERFACTUAL_NON_PIT,False
over_2_5,0,6c848885ee343f8445b8,2025-01-25 15:00:00+00:00,MARKET,0.5376257522929445,0.5394736842105263,1.75,0,NON_PIT,1.0,0.924748495414111,COUNTERFACTUAL_NON_PIT,False
over_2_5,0,74081e4aaf9723dd6c5f,2025-01-25 15:00:00+00:00,MARKET,0.6371424089927866,0.6025316455696202,1.57,1,NON_PIT,1.0,0.7257151820144268,COUNTERFACTUAL_NON_PIT,False
over_2_5,0,7c496feadbd2e21c3db1,2025-01-25 15:00:00+00:00,MARKET,0.40780856071089416,0.4516971279373368,2.1,1,NON_PIT,1.0,0.8156171214217883,COUNTERFACTUAL_NON_PIT,False
over_2_5,0,7d8e7f3127d8c2f58d73,2025-01-25 15:00:00+00:00,MARKET,0.38857122878508504,0.4312169312169312,2.15,1,NON_PIT,1.0,0.7771424575701701,COUNTERFACTUAL_NON_PIT,False
over_2_5,0,851b32554a759bed2f35,2025-01-25 15:00:00+00:00,MARKET,0.5587149149020263,0.5628272251308901,1.67,0,NON_PIT,1.0,0.8825701701959474,COUNTERFACTUAL_NON_PIT,False
over_2_5,0,85d57fa17ba931b27249,2025-01-25 15:00:00+00:00,MARKET,0.5719569425849474,0.5394736842105263,1.75,0,NON_PIT,1.0,0.8560861148301051,COUNTERFACTUAL_NON_PIT,False
over_2_5,0,887235e7ce78f163822e,2025-01-25 15:00:00+00:00,MARKET,0.7788612348532306,0.7619047619047619,1.25,1,NON_PIT,1.0,0.4422775302935389,COUNTERFACTUAL_NON_PIT,False
over_2_5,0,88960f17411743236ec8,2025-01-25 15:00:00+00:00,MARKET,0.4156645832876297,0.4540682414698162,2.08,0,NON_PIT,1.0,0.8313291665752593,COUNTERFACTUAL_NON_PIT,False
over_2_5,0,9431f7ed5eff7c51eb1a,2025-01-25 15:00:00+00:00,MARKET,0.47374606940119274,0.44297082228116713,2.1,1,NON_PIT,1.0,0.9474921388023855,COUNTERFACTUAL_NON_PIT,False
over_2_5,0,9ad8b14c8730c91c18c5,2025-01-25 15:00:00+00:00,MARKET,0.4023535713215473,0.41253263707571797,2.25,0,NON_PIT,1.0,0.8047071426430946,COUNTERFACTUAL_NON_PIT,False
over_2_5,0,9d8a7caf6cd70485f399,2025-01-25 15:00:00+00:00,MARKET,0.43356739272190764,0.43152454780361754,2.2,1,NON_PIT,1.0,0.8671347854438153,COUNTERFACTUAL_NON_PIT,False
over_2_5,0,9efe629b08c0c9eb50c0,2025-01-25 15:00:00+00:00,MARKET,0.45147244513900264,0.4473684210526316,2.1,0,NON_PIT,1.0,0.9029448902780053,COUNTERFACTUAL_NON_PIT,False
over_2_5,0,c14d88a17845672c5bd9,2025-01-25 15:00:00+00:00,MARKET,0.49748214631133086,0.4805194805194806,2.0,0,NON_PIT,1.0,0.9949642926226617,COUNTERFACTUAL_NON_PIT,False
over_2_5,0,cda91fbff788b3c63e77,2025-01-25 15:00:00+00:00,MARKET,0.4241288232461607,0.4540682414698162,2.08,1,NON_PIT,1.0,0.8482576464923214,COUNTERFACTUAL_NON_PIT,False
over_2_5,0,dab0ba389fdc18ddcdcf,2025-01-25 15:00:00+00:00,MARKET,0.5522186674637858,0.5259067357512953,1.83,1,NON_PIT,1.0,0.8955626650724284,COUNTERFACTUAL_NON_PIT,False
over_2_5,0,e357897a3f3ac2a03507,2025-01-25 15:00:00+00:00,MARKET,0.5058227229179882,0.4870466321243523,1.98,1,NON_PIT,1.0,0.9883545541640235,COUNTERFACTUAL_NON_PIT,False
over_2_5,0,ed007b2fbf077ebdb4ad,2025-01-25 15:00:00+00:00,MARKET,0.3872637324894263,0.4516971279373368,2.1,0,NON_PIT,1.0,0.7745274649788526,COUNTERFACTUAL_NON_PIT,False
over_2_5,0,f824399329cd9895a2bc,2025-01-25 15:00:00+00:00,MARKET,0.5239776188208094,0.4870466321243523,1.98,1,NON_PIT,1.0,0.9520447623583812,COUNTERFACTUAL_NON_PIT,False
over_2_5,0,fcb7d771e01e2579b5b9,2025-01-25 15:00:00+00:00,MARKET,0.5021550966299696,0.4764397905759163,2.0,0,NON_PIT,1.0,0.9956898067400608,COUNTERFACTUAL_NON_PIT,False
over_2_5,0,3ceed70c70639da0ea89,2025-01-25 17:30:00+00:00,MARKET,0.6838573829574336,0.6818181818181818,1.4,1,NON_PIT,1.0,0.6322852340851328,COUNTERFACTUAL_NON_PIT,False
over_2_5,0,1a3b96e7accd45dad0c5,2025-01-26 14:00:00+00:00,MARKET,0.7850455352232657,0.7188160676532769,1.33,1,NON_PIT,1.0,0.4299089295534686,COUNTERFACTUAL_NON_PIT,False
over_2_5,0,5fc68ea982239627b78b,2025-01-26 14:00:00+00:00,MARKET,0.5515271362157305,0.5483028720626633,1.73,1,NON_PIT,1.0,0.8969457275685391,COUNTERFACTUAL_NON_PIT,False
over_2_5,0,fe424dab0700ff51309a,2025-01-26 16:30:00+00:00,MARKET,0.5574993899339247,0.5684754521963824,1.67,0,NON_PIT,1.0,0.8850012201321507,COUNTERFACTUAL_NON_PIT,False
over_2_5,0,b72d3a83eb15a7408967,2025-01-26 19:00:00+00:00,MARKET,0.5048601898878595,0.517948717948718,1.88,0,NON_PIT,1.0,0.990279620224281,COUNTERFACTUAL_NON_PIT,False
over_2_5,0,63e2db859f781aa53694,2025-01-27 20:00:00+00:00,MARKET,0.3457446933586933,0.3796526054590571,2.5,0,NON_PIT,1.0,0.6914893867173866,COUNTERFACTUAL_NON_PIT,False
over_2_5,0,0c4f05a610a08ab589d4,2025-01-28 19:45:00+00:00,MARKET,0.32867680203638105,0.36319612590799033,2.63,0,NON_PIT,1.0,0.6573536040727621,COUNTERFACTUAL_NON_PIT,False
over_2_5,0,12bdb1c55f1100815d05,2025-01-28 19:45:00+00:00,MARKET,0.43711102100522686,0.43717277486910994,2.15,1,NON_PIT,1.0,0.8742220420104537,COUNTERFACTUAL_NON_PIT,False
over_2_5,0,18df911407231f6a0ef2,2025-01-28 19:45:00+00:00,MARKET,0.48238453584801827,0.47409326424870474,2.03,0,NON_PIT,1.0,0.9647690716960365,COUNTERFACTUAL_NON_PIT,False
over_2_5,0,4c174b8fbd9c992a4bdf,2025-01-28 19:45:00+00:00,MARKET,0.5774740486614629,0.5459317585301837,1.73,0,NON_PIT,1.0,0.8450519026770742,COUNTERFACTUAL_NON_PIT,False
over_2_5,0,4f6b31c1cfc853b064d5,2025-01-28 19:45:00+00:00,MARKET,0.43824692168388496,0.4540682414698162,2.08,0,NON_PIT,1.0,0.8764938433677699,COUNTERFACTUAL_NON_PIT,False
over_2_5,0,50291002d4541b1772cc,2025-01-28 19:45:00+00:00,MARKET,0.43800065116106723,0.4473684210526316,2.1,0,NON_PIT,1.0,0.8760013023221345,COUNTERFACTUAL_NON_PIT,False
over_2_5,0,5606995a61a4bc980300,2025-01-28 19:45:00+00:00,MARKET,0.4656114381375148,0.49350649350649356,1.95,1,NON_PIT,1.0,0.9312228762750296,COUNTERFACTUAL_NON_PIT,False
over_2_5,0,5e5c01c79d46a61f7cb6,2025-01-28 19:45:00+00:00,MARKET,0.4925895769818452,0.47409326424870474,2.03,0,NON_PIT,1.0,0.9851791539636904,COUNTERFACTUAL_NON_PIT,False
over_2_5,0,5ec76a7e0b244eb6c182,2025-01-28 19:45:00+00:00,MARKET,0.40366341123482075,0.43717277486910994,2.15,0,NON_PIT,1.0,0.8073268224696415,COUNTERFACTUAL_NON_PIT,False
over_2_5,0,63202512911cf91ac249,2025-01-28 19:45:00+00:00,MARKET,0.5056403202553604,0.5129533678756476,1.88,0,NON_PIT,1.0,0.9887193594892791,COUNTERFACTUAL_NON_PIT,False
over_2_5,0,694f7247d74a5f762809,2025-01-28 19:45:00+00:00,MARKET,0.48403284708359257,0.49350649350649356,1.95,1,NON_PIT,1.0,0.9680656941671851,COUNTERFACTUAL_NON_PIT,False
over_2_5,0,6b9858a70acf4116261e,2025-01-28 19:45:00+00:00,MARKET,0.5845103459306094,0.5459317585301837,1.73,1,NON_PIT,1.0,0.8309793081387813,COUNTERFACTUAL_NON_PIT,False
over_2_5,0,82e03725adc90d34a705,2025-01-28 19:45:00+00:00,MARKET,0.4488185114448437,0.4540682414698162,2.08,0,NON_PIT,1.0,0.8976370228896874,COUNTERFACTUAL_NON_PIT,False
over_2_5,0,9986428fd0be24f61b1f,2025-01-28 19:45:00+00:00,MARKET,0.4595989997176644,0.4870466321243523,1.98,0,NON_PIT,1.0,0.9191979994353288,COUNTERFACTUAL_NON_PIT,False
over_2_5,0,9a09c31363a22c8c8e6b,2025-01-28 19:45:00+00:00,MARKET,0.43938875877269445,0.46052631578947373,2.05,1,NON_PIT,1.0,0.8787775175453889,COUNTERFACTUAL_NON_PIT,False
over_2_5,0,9cc76479caf334453036,2025-01-28 19:45:00+00:00,MARKET,0.5052343641240037,0.46052631578947373,2.05,1,NON_PIT,1.0,0.9895312717519926,COUNTERFACTUAL_NON_PIT,False
over_2_5,0,c981b77aa14da6e0aa67,2025-01-28 19:45:00+00:00,MARKET,0.47272428003403777,0.4870466321243523,1.98,1,NON_PIT,1.0,0.9454485600680755,COUNTERFACTUAL_NON_PIT,False
over_2_5,0,d8502511c82d994d9a3b,2025-01-28 19:45:00+00:00,MARKET,0.5973344387833565,0.5897435897435896,1.6,0,NON_PIT,1.0,0.8053311224332871,COUNTERFACTUAL_NON_PIT,False
over_2_5,0,dea1336d67d1dfefdf39,2025-01-28 19:45:00+00:00,MARKET,0.5461130365236021,0.5129533678756476,1.88,1,NON_PIT,1.0,0.9077739269527958,COUNTERFACTUAL_NON_PIT,False
over_2_5,0,e87fac93423e92725bfc,2025-01-28 19:45:00+00:00,MARKET,0.32671637339642057,0.3478260869565217,2.7,1,NON_PIT,1.0,0.6534327467928411,COUNTERFACTUAL_NON_PIT,False
over_2_5,0,ea0b855dcaf9e73c6ec4,2025-01-28 19:45:00+00:00,MARKET,0.5925363202174848,0.5628272251308901,1.67,0,NON_PIT,1.0,0.8149273595650304,COUNTERFACTUAL_NON_PIT,False
over_2_5,0,ed9fdde1d2ca1e538554,2025-01-28 19:45:00+00:00,MARKET,0.2649906734918876,0.32710280373831774,2.88,0,NON_PIT,1.0,0.5299813469837752,COUNTERFACTUAL_NON_PIT,False
over_2_5,0,6238a9707b0f321dd607,2025-01-28 20:00:00+00:00,MARKET,0.3929284724596529,0.41025641025641024,2.3,0,NON_PIT,1.0,0.7858569449193058,COUNTERFACTUAL_NON_PIT,False
over_2_5,0,b61fa3099c75f7125253,2025-01-29 20:00:00+00:00,MARKET,0.4152679533763608,0.43717277486910994,2.15,1,NON_PIT,1.0,0.8305359067527216,COUNTERFACTUAL_NON_PIT,False
over_2_5,0,ea365b41855083dce285,2025-01-31 20:00:00+00:00,MARKET,0.38720449306355653,0.3796526054590571,2.5,1,NON_PIT,1.0,0.7744089861271131,COUNTERFACTUAL_NON_PIT,False
over_2_5,0,17ed5acf640cc7469263,2025-02-01 12:30:00+00:00,MARKET,0.5217402786447581,0.5129533678756476,1.88,0,NON_PIT,1.0,0.9565194427104837,COUNTERFACTUAL_NON_PIT,False
over_2_5,0,3c28504b8a84deaf31fb,2025-02-01 12:30:00+00:00,MARKET,0.4891312190699064,0.49350649350649356,1.95,0,NON_PIT,1.0,0.9782624381398128,COUNTERFACTUAL_NON_PIT,False
over_2_5,0,5d2b0d6249f6d81336ad,2025-02-01 12:30:00+00:00,MARKET,0.3828994078778437,0.43152454780361754,2.2,0,NON_PIT,1.0,0.7657988157556874,COUNTERFACTUAL_NON_PIT,False
over_2_5,0,5fbb12d91f52f9a3a0c2,2025-02-01 12:30:00+00:00,MARKET,0.5006387170367673,0.5064935064935064,1.9,1,NON_PIT,1.0,0.9987225659264654,COUNTERFACTUAL_NON_PIT,False
over_2_5,0,9ca20f04acaa13f304da,2025-02-01 12:30:00+00:00,MARKET,0.4417955373337251,0.43717277486910994,2.15,1,NON_PIT,1.0,0.8835910746674502,COUNTERFACTUAL_NON_PIT,False
over_2_5,0,acb61e8a112acdf4e3cf,2025-02-01 12:30:00+00:00,MARKET,0.5864986281577512,0.5526315789473685,1.7,0,NON_PIT,1.0,0.8270027436844976,COUNTERFACTUAL_NON_PIT,False
over_2_5,0,b42f4ff79c597195e5d5,2025-02-01 12:30:00+00:00,MARKET,0.46339331579316,0.5,1.95,1,NON_PIT,1.0,0.92678663158632,COUNTERFACTUAL_NON_PIT,False
over_2_5,0,c52db2efb60489a879f4,2025-02-01 12:30:00+00:00,MARKET,0.4752350004354313,0.46052631578947373,2.05,1,NON_PIT,1.0,0.9504700008708626,COUNTERFACTUAL_NON_PIT,False
over_2_5,0,0173ae0ebab96f0f7c6c,2025-02-01 15:00:00+00:00,MARKET,0.5850537826752158,0.586734693877551,1.62,1,NON_PIT,1.0,0.8298924346495684,COUNTERFACTUAL_NON_PIT,False
over_2_5,0,032b40636f354c6cb268,2025-02-01 15:00:00+00:00,MARKET,0.46823240275064804,0.46052631578947373,2.05,0,NON_PIT,1.0,0.9364648055012961,COUNTERFACTUAL_NON_PIT,False
over_2_5,0,0e26d179270514b15ea3,2025-02-01 15:00:00+00:00,MARKET,0.4704621512927979,0.49350649350649356,1.95,1,NON_PIT,1.0,0.9409243025855958,COUNTERFACTUAL_NON_PIT,False
over_2_5,0,0f94c1eaf2f79a4e3eaf,2025-02-01 15:00:00+00:00,MARKET,0.3956420155541104,0.43717277486910994,2.15,1,NON_PIT,1.0,0.7912840311082208,COUNTERFACTUAL_NON_PIT,False
over_2_5,0,21adbdd60982f7badca8,2025-02-01 15:00:00+00:00,MARKET,0.4741373788407418,0.4870466321243523,1.98,0,NON_PIT,1.0,0.9482747576814836,COUNTERFACTUAL_NON_PIT,False
over_2_5,0,3378b06f4679eb93e4e2,2025-02-01 15:00:00+00:00,MARKET,0.4917868708796806,0.5,1.93,1,NON_PIT,1.0,0.9835737417593612,COUNTERFACTUAL_NON_PIT,False
over_2_5,0,34aed6c822d4673cf83b,2025-02-01 15:00:00+00:00,MARKET,0.32073340514094406,0.3478260869565217,2.7,0,NON_PIT,1.0,0.6414668102818881,COUNTERFACTUAL_NON_PIT,False
over_2_5,0,3a4bd4b474bae16c36ee,2025-02-01 15:00:00+00:00,MARKET,0.4777641789933377,0.4675324675324676,2.05,1,NON_PIT,1.0,0.9555283579866753,COUNTERFACTUAL_NON_PIT,False
over_2_5,0,3c9c933cc4a49a31ded4,2025-02-01 15:00:00+00:00,MARKET,0.5105614296324317,0.5259067357512953,1.83,1,NON_PIT,1.0,0.9788771407351367,COUNTERFACTUAL_NON_PIT,False
over_2_5,0,41fc05f031430bda8482,2025-02-01 15:00:00+00:00,MARKET,0.505536160762892,0.4870466321243523,1.98,0,NON_PIT,1.0,0.988927678474216,COUNTERFACTUAL_NON_PIT,False
over_2_5,0,4d6006763ac37d0e8932,2025-02-01 15:00:00+00:00,MARKET,0.47381142935450166,0.46052631578947373,2.05,1,NON_PIT,1.0,0.9476228587090033,COUNTERFACTUAL_NON_PIT,False
over_2_5,0,551f704a86dc7deeb6f8,2025-02-01 15:00:00+00:00,MARKET,0.6613185643321258,0.6563245823389022,1.44,0,NON_PIT,1.0,0.6773628713357485,COUNTERFACTUAL_NON_PIT,False
over_2_5,0,673513f7ff8390f39f58,2025-02-01 15:00:00+00:00,MARKET,0.5487540470600553,0.5526315789473685,1.7,0,NON_PIT,1.0,0.9024919058798895,COUNTERFACTUAL_NON_PIT,False
over_2_5,0,6a9a3e5965b65f1101f2,2025-02-01 15:00:00+00:00,MARKET,0.42826989316266517,0.43152454780361754,2.2,0,NON_PIT,1.0,0.8565397863253303,COUNTERFACTUAL_NON_PIT,False
over_2_5,0,81ce0e1ff5b643d85f4a,2025-02-01 15:00:00+00:00,MARKET,0.38213315854005114,0.43152454780361754,2.2,0,NON_PIT,1.0,0.7642663170801023,COUNTERFACTUAL_NON_PIT,False
over_2_5,0,8357c18ddb64d72c108b,2025-02-01 15:00:00+00:00,MARKET,0.4717406048602662,0.4540682414698162,2.08,1,NON_PIT,1.0,0.9434812097205324,COUNTERFACTUAL_NON_PIT,False
over_2_5,0,89969465a849df850e1f,2025-02-01 15:00:00+00:00,MARKET,0.5327370953406257,0.5483028720626633,1.73,1,NON_PIT,1.0,0.9345258093187485,COUNTERFACTUAL_NON_PIT,False
over_2_5,0,8aebc45fe9e60bf7570e,2025-02-01 15:00:00+00:00,MARKET,0.48682956605193684,0.5,1.93,1,NON_PIT,1.0,0.9736591321038737,COUNTERFACTUAL_NON_PIT,False
over_2_5,0,8de714c3045296b353cb,2025-02-01 15:00:00+00:00,MARKET,0.5986896699269216,0.5483028720626633,1.73,1,NON_PIT,1.0,0.8026206601461567,COUNTERFACTUAL_NON_PIT,False
over_2_5,0,94329cc31a1fa50dd7b5,2025-02-01 15:00:00+00:00,MARKET,0.48010008972139173,0.4805194805194806,2.0,0,NON_PIT,1.0,0.9602001794427835,COUNTERFACTUAL_NON_PIT,False
over_2_5,0,bb6f721ecd9bdcfc3035,2025-02-01 15:00:00+00:00,MARKET,0.4101713863712021,0.4186046511627907,2.25,0,NON_PIT,1.0,0.8203427727424042,COUNTERFACTUAL_NON_PIT,False
over_2_5,0,c4e82cd59d1e2977eb3d,2025-02-01 15:00:00+00:00,MARKET,0.368655779889018,0.41025641025641024,2.3,0,NON_PIT,1.0,0.737311559778036,COUNTERFACTUAL_NON_PIT,False
over_2_5,0,c6422f0842fdf23a2879,2025-02-01 15:00:00+00:00,MARKET,0.395820376494974,0.43152454780361754,2.2,0,NON_PIT,1.0,0.791640752989948,COUNTERFACTUAL_NON_PIT,False
over_2_5,0,c85b72d798b685a4d82c,2025-02-01 15:00:00+00:00,MARKET,0.4256336811782477,0.46052631578947373,2.05,1,NON_PIT,1.0,0.8512673623564954,COUNTERFACTUAL_NON_PIT,False
over_2_5,0,cb1e01cb4522e73ba3b2,2025-02-01 15:00:00+00:00,MARKET,0.4821484703665485,0.4769230769230769,2.04,1,NON_PIT,1.0,0.964296940733097,COUNTERFACTUAL_NON_PIT,False
over_2_5,0,e0095939ca8a44a589e8,2025-02-01 15:00:00+00:00,MARKET,0.3478244618461594,0.4186046511627907,2.25,0,NON_PIT,1.0,0.6956489236923188,COUNTERFACTUAL_NON_PIT,False
over_2_5,0,e6904465a510967c352c,2025-02-01 15:00:00+00:00,MARKET,0.38867084772117094,0.4186046511627907,2.25,1,NON_PIT,1.0,0.7773416954423419,COUNTERFACTUAL_NON_PIT,False
over_2_5,0,edae2ed9ac323d83b7f4,2025-02-01 15:00:00+00:00,MARKET,0.46312158535102405,0.46052631578947373,2.05,1,NON_PIT,1.0,0.9262431707020481,COUNTERFACTUAL_NON_PIT,False
over_2_5,0,edb7d2d9e5739e70c373,2025-02-01 15:00:00+00:00,MARKET,0.3025902759190061,0.3436754176610979,2.75,1,NON_PIT,1.0,0.6051805518380122,COUNTERFACTUAL_NON_PIT,False
over_2_5,0,edf0207ac313d40bacfd,2025-02-01 15:00:00+00:00,MARKET,0.46479382823819004,0.47409326424870474,2.03,1,NON_PIT,1.0,0.9295876564763801,COUNTERFACTUAL_NON_PIT,False
over_2_5,0,fd0254a3021b0c9dab89,2025-02-01 17:30:00+00:00,MARKET,0.5808023681615262,0.5483028720626633,1.73,0,NON_PIT,1.0,0.8383952636769476,COUNTERFACTUAL_NON_PIT,False
over_2_5,0,a5d07c2e3cbc7797bbff,2025-02-02 14:00:00+00:00,MARKET,0.7530693489846528,0.7188160676532769,1.33,0,NON_PIT,1.0,0.49386130203069434,COUNTERFACTUAL_NON_PIT,False
over_2_5,0,d7ee4e4c8fcd31e73d74,2025-02-02 14:00:00+00:00,MARKET,0.5184985665786553,0.5205128205128204,1.87,0,NON_PIT,1.0,0.9630028668426893,COUNTERFACTUAL_NON_PIT,False
over_2_5,0,2396e826592db1ae9436,2025-02-02 15:00:00+00:00,MARKET,0.520162980700753,0.5459317585301837,1.73,1,NON_PIT,1.0,0.9596740385984941,COUNTERFACTUAL_NON_PIT,False
over_2_5,0,ef0ea214ddd736e44a05,2025-02-02 16:30:00+00:00,MARKET,0.5620451345657285,0.5483028720626633,1.73,1,NON_PIT,1.0,0.8759097308685431,COUNTERFACTUAL_NON_PIT,False
over_2_5,0,5aab3f639ba3c0669a09,2025-02-03 20:00:00+00:00,MARKET,0.4927117056620985,0.5,1.93,1,NON_PIT,1.0,0.985423411324197,COUNTERFACTUAL_NON_PIT,False
over_2_5,0,67b6afc20ff4ed337ef4,2025-02-03 20:00:00+00:00,MARKET,0.7221322993622862,0.6818181818181818,1.4,1,NON_PIT,1.0,0.5557354012754276,COUNTERFACTUAL_NON_PIT,False
over_2_5,0,4757615d06baec97411c,2025-02-04 19:45:00+00:00,MARKET,0.4433241149602646,0.4540682414698162,2.08,1,NON_PIT,1.0,0.8866482299205292,COUNTERFACTUAL_NON_PIT,False
over_2_5,0,5f0b4861f323a5743367,2025-02-04 19:45:00+00:00,MARKET,0.5208933064406129,0.5129533678756476,1.88,1,NON_PIT,1.0,0.9582133871187741,COUNTERFACTUAL_NON_PIT,False
over_2_5,0,7e7c1bd88b3ca58e2b34,2025-02-04 19:45:00+00:00,MARKET,0.36947660355080714,0.413265306122449,2.3,1,NON_PIT,1.0,0.7389532071016143,COUNTERFACTUAL_NON_PIT,False
over_2_5,0,bbf3a62013c96e86462d,2025-02-04 19:45:00+00:00,MARKET,0.44929524831202255,0.43152454780361754,2.2,0,NON_PIT,1.0,0.8985904966240451,COUNTERFACTUAL_NON_PIT,False
over_2_5,0,d31c285c01175392664f,2025-02-05 19:45:00+00:00,MARKET,0.4660440866660292,0.5,1.93,0,NON_PIT,1.0,0.9320881733320584,COUNTERFACTUAL_NON_PIT,False
over_2_5,0,6c4b807d1dde6f6a46b6,2025-02-06 19:45:00+00:00,MARKET,0.5073555772643767,0.5,1.93,1,NON_PIT,1.0,0.9852888454712465,COUNTERFACTUAL_NON_PIT,False
over_2_5,0,cf8e41360fb918a3a3e6,2025-02-07 19:45:00+00:00,MARKET,0.49375940501310517,0.4675324675324676,2.05,0,NON_PIT,1.0,0.9875188100262103,COUNTERFACTUAL_NON_PIT,False
over_2_5,0,019297adcb72c6b25375,2025-02-08 12:30:00+00:00,MARKET,0.5014896915370124,0.5129533678756476,1.88,1,NON_PIT,1.0,0.9970206169259752,COUNTERFACTUAL_NON_PIT,False
over_2_5,0,8998b078a523644ffdac,2025-02-08 12:30:00+00:00,MARKET,0.33027994867270044,0.375,2.5,0,NON_PIT,1.0,0.6605598973454009,COUNTERFACTUAL_NON_PIT,False
over_2_5,0,99c699df2e8a3aa17e2f,2025-02-08 12:30:00+00:00,MARKET,0.5226421842088294,0.5259067357512953,1.83,1,NON_PIT,1.0,0.9547156315823413,COUNTERFACTUAL_NON_PIT,False
over_2_5,0,9f94419477e38b6bfecc,2025-02-08 12:30:00+00:00,MARKET,0.467683440883771,0.4516971279373368,2.1,1,NON_PIT,1.0,0.935366881767542,COUNTERFACTUAL_NON_PIT,False
over_2_5,0,dd24d530ea3c9959c6c9,2025-02-08 12:30:00+00:00,MARKET,0.4355945964886801,0.4540682414698162,2.08,0,NON_PIT,1.0,0.8711891929773602,COUNTERFACTUAL_NON_PIT,False
over_2_5,0,dd751cb7ed3eb0404328,2025-02-08 12:30:00+00:00,MARKET,0.4159339812653248,0.4675324675324676,2.05,1,NON_PIT,1.0,0.8318679625306497,COUNTERFACTUAL_NON_PIT,False
over_2_5,0,1223857b4c670e36bbe9,2025-02-08 15:00:00+00:00,MARKET,0.4549425074247163,0.4473684210526316,2.1,0,NON_PIT,1.0,0.9098850148494326,COUNTERFACTUAL_NON_PIT,False
over_2_5,0,1abbdc3ec34c71c433fb,2025-02-08 15:00:00+00:00,MARKET,0.49630647637942155,0.4870466321243523,1.98,0,NON_PIT,1.0,0.9926129527588431,COUNTERFACTUAL_NON_PIT,False
over_2_5,0,403e0dfe02319a487d4d,2025-02-08 15:00:00+00:00,MARKET,0.4294946408220631,0.4540682414698162,2.08,1,NON_PIT,1.0,0.8589892816441262,COUNTERFACTUAL_NON_PIT,False
over_2_5,0,43da13ed0f5a08aadafe,2025-02-08 15:00:00+00:00,MARKET,0.46941042200262056,0.4805194805194806,2.0,1,NON_PIT,1.0,0.9388208440052411,COUNTERFACTUAL_NON_PIT,False
over_2_5,0,45ce57170352ab174ba0,2025-02-08 15:00:00+00:00,MARKET,0.47881237776931906,0.4675324675324676,2.05,0,NON_PIT,1.0,0.9576247555386381,COUNTERFACTUAL_NON_PIT,False
over_2_5,0,4c2dc7e8a58c344691f9,2025-02-08 15:00:00+00:00,MARKET,0.4453817727545268,0.49350649350649356,1.95,0,NON_PIT,1.0,0.8907635455090536,COUNTERFACTUAL_NON_PIT,False
over_2_5,0,54863c5b86db688cc633,2025-02-08 15:00:00+00:00,MARKET,0.6539996399616481,0.6106870229007634,1.53,1,NON_PIT,1.0,0.6920007200767038,COUNTERFACTUAL_NON_PIT,False
over_2_5,0,59debf91cc6c96822619,2025-02-08 15:00:00+00:00,MARKET,0.6110682641910236,0.5459317585301837,1.73,0,NON_PIT,1.0,0.7778634716179529,COUNTERFACTUAL_NON_PIT,False
over_2_5,0,82aa9ef68968b093948c,2025-02-08 15:00:00+00:00,MARKET,0.5409722451437028,0.5,1.93,1,NON_PIT,1.0,0.9180555097125944,COUNTERFACTUAL_NON_PIT,False
over_2_5,0,87aa671e7f9063119baa,2025-02-08 15:00:00+00:00,MARKET,0.532972162613152,0.5129533678756476,1.88,0,NON_PIT,1.0,0.9340556747736961,COUNTERFACTUAL_NON_PIT,False
over_2_5,0,b281a7df5d78678f4960,2025-02-08 15:00:00+00:00,MARKET,0.34502021883005535,0.3893129770992367,2.4,0,NON_PIT,1.0,0.6900404376601107,COUNTERFACTUAL_NON_PIT,False
over_2_5,0,cb6559120d53e975c4b1,2025-02-08 15:00:00+00:00,MARKET,0.37510352351561227,0.41025641025641024,2.3,1,NON_PIT,1.0,0.7502070470312245,COUNTERFACTUAL_NON_PIT,False
over_2_5,0,e291d64d3fc2fddc657b,2025-02-08 15:00:00+00:00,MARKET,0.4235197430191999,0.4540682414698162,2.08,0,NON_PIT,1.0,0.8470394860383998,COUNTERFACTUAL_NON_PIT,False
over_2_5,0,ec2a4bb36ea678a3082c,2025-02-08 15:00:00+00:00,MARKET,0.3874631225300198,0.375,2.5,1,NON_PIT,1.0,0.7749262450600396,COUNTERFACTUAL_NON_PIT,False
over_2_5,0,ef8e79c44d2b5c5ae5df,2025-02-08 15:00:00+00:00,MARKET,0.5762338589432114,0.5628272251308901,1.67,0,NON_PIT,1.0,0.8475322821135771,COUNTERFACTUAL_NON_PIT,False
over_2_5,0,ffa9cfd1671d053b7a5b,2025-02-08 15:00:00+00:00,MARKET,0.4947680419777333,0.5129533678756476,1.88,1,NON_PIT,1.0,0.9895360839554665,COUNTERFACTUAL_NON_PIT,False
over_2_5,0,d9839abe57e3a7aac041,2025-02-09 12:00:00+00:00,MARKET,0.43161037936616603,0.4516971279373368,2.1,0,NON_PIT,1.0,0.8632207587323321,COUNTERFACTUAL_NON_PIT,False
over_2_5,0,0e0a52fd10480e38d563,2025-02-11 19:45:00+00:00,MARKET,0.5596812578368143,0.5526315789473685,1.7,1,NON_PIT,1.0,0.8806374843263713,COUNTERFACTUAL_NON_PIT,False
over_2_5,0,145543268280f996daa6,2025-02-11 19:45:00+00:00,MARKET,0.4816356040420266,0.47409326424870474,2.03,1,NON_PIT,1.0,0.9632712080840532,COUNTERFACTUAL_NON_PIT,False
over_2_5,0,1646865737d2d6c35e5a,2025-02-11 19:45:00+00:00,MARKET,0.45752651761731117,0.4473684210526316,2.1,0,NON_PIT,1.0,0.9150530352346223,COUNTERFACTUAL_NON_PIT,False
over_2_5,0,1bbaa6f11c2595862338,2025-02-11 19:45:00+00:00,MARKET,0.4491186771313784,0.47409326424870474,2.03,0,NON_PIT,1.0,0.8982373542627567,COUNTERFACTUAL_NON_PIT,False
over_2_5,0,392d18010e0903762813,2025-02-11 19:45:00+00:00,MARKET,0.3672739303229455,0.3436754176610979,2.75,0,NON_PIT,1.0,0.734547860645891,COUNTERFACTUAL_NON_PIT,False
over_2_5,0,3a2fc8d4d0ec9b7384f3,2025-02-11 19:45:00+00:00,MARKET,0.4148073777112277,0.43152454780361754,2.2,1,NON_PIT,1.0,0.8296147554224554,COUNTERFACTUAL_NON_PIT,False
over_2_5,0,3c5e400106dc43d13019,2025-02-11 19:45:00+00:00,MARKET,0.4449180846139491,0.4805194805194806,2.0,0,NON_PIT,1.0,0.8898361692278982,COUNTERFACTUAL_NON_PIT,False
over_2_5,0,3c7cadc85e4becc17c23,2025-02-11 19:45:00+00:00,MARKET,0.45162463869189595,0.43717277486910994,2.15,1,NON_PIT,1.0,0.9032492773837919,COUNTERFACTUAL_NON_PIT,False
over_2_5,0,43afc2458f9447245ccb,2025-02-11 19:45:00+00:00,MARKET,0.46302883957413227,0.4473684210526316,2.1,0,NON_PIT,1.0,0.9260576791482645,COUNTERFACTUAL_NON_PIT,False
over_2_5,0,60b02e68047773008b24,2025-02-11 19:45:00+00:00,MARKET,0.4077236612561921,0.4805194805194806,2.0,0,NON_PIT,1.0,0.8154473225123842,COUNTERFACTUAL_NON_PIT,False
over_2_5,0,63a8fe62728556166a31,2025-02-11 19:45:00+00:00,MARKET,0.5607937871904132,0.5483028720626633,1.73,1,NON_PIT,1.0,0.8784124256191737,COUNTERFACTUAL_NON_PIT,False
over_2_5,0,700ca25878ac4cf51c31,2025-02-11 19:45:00+00:00,MARKET,0.3664119854425973,0.375,2.5,1,NON_PIT,1.0,0.7328239708851946,COUNTERFACTUAL_NON_PIT,False
over_2_5,0,7191ebd5d10a71c0d5bd,2025-02-11 19:45:00+00:00,MARKET,0.4309872960982674,0.4870466321243523,1.98,0,NON_PIT,1.0,0.8619745921965348,COUNTERFACTUAL_NON_PIT,False
over_2_5,0,88a5e2b6f74b437683b8,2025-02-11 19:45:00+00:00,MARKET,0.4409796961117251,0.46052631578947373,2.05,0,NON_PIT,1.0,0.8819593922234502,COUNTERFACTUAL_NON_PIT,False
over_2_5,0,96495a6a4784c9dc9c7e,2025-02-11 19:45:00+00:00,MARKET,0.562560697467785,0.5897435897435896,1.6,1,NON_PIT,1.0,0.8748786050644299,COUNTERFACTUAL_NON_PIT,False
over_2_5,0,f9f3ea5f6d79aee6ca14,2025-02-11 19:45:00+00:00,MARKET,0.45506028779754987,0.46052631578947373,2.05,1,NON_PIT,1.0,0.9101205755950997,COUNTERFACTUAL_NON_PIT,False
over_2_5,0,6c57115e61d79ef3cbf4,2025-02-11 20:00:00+00:00,MARKET,0.4322097736343017,0.4473684210526316,2.1,0,NON_PIT,1.0,0.8644195472686034,COUNTERFACTUAL_NON_PIT,False
over_2_5,0,8aaa1619a7147082326c,2025-02-11 20:00:00+00:00,MARKET,0.4655699954058488,0.4516971279373368,2.1,0,NON_PIT,1.0,0.9311399908116976,COUNTERFACTUAL_NON_PIT,False
over_2_5,0,a33184783ff1626c01ec,2025-02-12 19:30:00+00:00,MARKET,0.5356541501680584,0.5483028720626633,1.73,1,NON_PIT,1.0,0.9286916996638832,COUNTERFACTUAL_NON_PIT,False
over_2_5,0,063060c5a252095218b5,2025-02-12 19:45:00+00:00,MARKET,0.44705099535819903,0.4516971279373368,2.1,0,NON_PIT,1.0,0.8941019907163981,COUNTERFACTUAL_NON_PIT,False
over_2_5,0,643af3d3befc65191859,2025-02-12 19:45:00+00:00,MARKET,0.46392806659455615,0.4805194805194806,2.0,0,NON_PIT,1.0,0.9278561331891123,COUNTERFACTUAL_NON_PIT,False
over_2_5,0,b03c6f51fb6475b80992,2025-02-12 19:45:00+00:00,MARKET,0.3306381678664569,0.3796526054590571,2.5,1,NON_PIT,1.0,0.6612763357329138,COUNTERFACTUAL_NON_PIT,False
over_2_5,0,c28843f5c6642fa48b0b,2025-02-12 19:45:00+00:00,MARKET,0.40057831420032036,0.39746835443037976,2.38,0,NON_PIT,1.0,0.8011566284006407,COUNTERFACTUAL_NON_PIT,False
over_2_5,0,ea2bd049abe175c5d859,2025-02-12 19:45:00+00:00,MARKET,0.5075033419269543,0.4805194805194806,2.0,0,NON_PIT,1.0,0.9849933161460913,COUNTERFACTUAL_NON_PIT,False
over_2_5,0,0c19a35d3b8422d6bb34,2025-02-12 20:00:00+00:00,MARKET,0.47977947903104806,0.4675324675324676,2.05,0,NON_PIT,1.0,0.9595589580620961,COUNTERFACTUAL_NON_PIT,False
over_2_5,0,0f7de03c9b8a437264bd,2025-02-12 20:00:00+00:00,MARKET,0.46422803965852316,0.5,1.93,1,NON_PIT,1.0,0.9284560793170463,COUNTERFACTUAL_NON_PIT,False
over_2_5,0,3002c97802b478186e1c,2025-02-13 20:00:00+00:00,MARKET,0.43961228328389745,0.5,1.93,0,NON_PIT,1.0,0.8792245665677949,COUNTERFACTUAL_NON_PIT,False
over_2_5,0,5a3f932ee1393b86dd68,2025-02-14 20:00:00+00:00,MARKET,0.6001443999913442,0.6025316455696202,1.57,1,NON_PIT,1.0,0.7997112000173117,COUNTERFACTUAL_NON_PIT,False
over_2_5,0,9fb4265317229ad655b3,2025-02-14 20:00:00+00:00,MARKET,0.34913139059108106,0.36319612590799033,2.63,1,NON_PIT,1.0,0.6982627811821621,COUNTERFACTUAL_NON_PIT,False
over_2_5,0,02df4a1da018d3dd5764,2025-02-15 12:30:00+00:00,MARKET,0.3952274596687617,0.4285714285714286,2.2,0,NON_PIT,1.0,0.7904549193375234,COUNTERFACTUAL_NON_PIT,False
over_2_5,0,070d2c0aaf29b17044e4,2025-02-15 12:30:00+00:00,MARKET,0.565698202079251,0.5483028720626633,1.73,0,NON_PIT,1.0,0.8686035958414979,COUNTERFACTUAL_NON_PIT,False
over_2_5,0,2102a81bab4ae5b446ad,2025-02-15 12:30:00+00:00,MARKET,0.41148598951399784,0.4516971279373368,2.1,0,NON_PIT,1.0,0.8229719790279957,COUNTERFACTUAL_NON_PIT,False
over_2_5,0,23fd8c930c4bca93a5cf,2025-02-15 12:30:00+00:00,MARKET,0.3999690013490394,0.4005102040816326,2.35,0,NON_PIT,1.0,0.7999380026980788,COUNTERFACTUAL_NON_PIT,False
over_2_5,0,484ecfb06312fb9720ba,2025-02-15 12:30:00+00:00,MARKET,0.41686702358218214,0.43152454780361754,2.2,0,NON_PIT,1.0,0.8337340471643643,COUNTERFACTUAL_NON_PIT,False
over_2_5,0,53c1bd0257e72311d07b,2025-02-15 12:30:00+00:00,MARKET,0.5244514131625462,0.5526315789473685,1.7,1,NON_PIT,1.0,0.9510971736749076,COUNTERFACTUAL_NON_PIT,False
over_2_5,0,7216d9358760264e3159,2025-02-15 12:30:00+00:00,MARKET,0.4779649906776604,0.4805194805194806,2.0,0,NON_PIT,1.0,0.9559299813553208,COUNTERFACTUAL_NON_PIT,False
over_2_5,0,a8adf621ccdca3c606ed,2025-02-15 12:30:00+00:00,MARKET,0.28636116909476184,0.3436754176610979,2.75,0,NON_PIT,1.0,0.5727223381895237,COUNTERFACTUAL_NON_PIT,False
over_2_5,0,11b32f126b5ebe1e82ff,2025-02-15 15:00:00+00:00,MARKET,0.4514375814129635,0.4870466321243523,1.98,0,NON_PIT,1.0,0.902875162825927,COUNTERFACTUAL_NON_PIT,False
over_2_5,0,13a8a336cfdfb5fa3747,2025-02-15 15:00:00+00:00,MARKET,0.49064574442609704,0.5,1.93,1,NON_PIT,1.0,0.9812914888521941,COUNTERFACTUAL_NON_PIT,False
over_2_5,0,1eb7f7c1c9a2cb26e346,2025-02-15 15:00:00+00:00,MARKET,0.48434410614784157,0.4870466321243523,1.98,0,NON_PIT,1.0,0.9686882122956831,COUNTERFACTUAL_NON_PIT,False
over_2_5,0,2425b5228eacdcbf9519,2025-02-15 15:00:00+00:00,MARKET,0.4964456122359019,0.4805194805194806,2.0,0,NON_PIT,1.0,0.9928912244718038,COUNTERFACTUAL_NON_PIT,False
over_2_5,0,2d4efb3b5524335681b3,2025-02-15 15:00:00+00:00,MARKET,0.6183525396425859,0.6025316455696202,1.57,0,NON_PIT,1.0,0.7632949207148283,COUNTERFACTUAL_NON_PIT,False
over_2_5,0,2dcc79aa5f482de56f91,2025-02-15 15:00:00+00:00,MARKET,0.4335163188497914,0.43152454780361754,2.2,0,NON_PIT,1.0,0.8670326376995828,COUNTERFACTUAL_NON_PIT,False
over_2_5,0,30956d4ce64e57ae620f,2025-02-15 15:00:00+00:00,MARKET,0.6424144472873136,0.586734693877551,1.62,0,NON_PIT,1.0,0.7151711054253729,COUNTERFACTUAL_NON_PIT,False
over_2_5,0,3ecbf0dd9e9b1ff1bb4f,2025-02-15 15:00:00+00:00,MARKET,0.39464133911486715,0.41025641025641024,2.3,1,NON_PIT,1.0,0.7892826782297343,COUNTERFACTUAL_NON_PIT,False
over_2_5,0,3f048c103733ad70d7d0,2025-02-15 15:00:00+00:00,MARKET,0.6565548227137914,0.6368038740920097,1.5,1,NON_PIT,1.0,0.6868903545724172,COUNTERFACTUAL_NON_PIT,False
over_2_5,0,43185c5dcc02dda3766e,2025-02-15 15:00:00+00:00,MARKET,0.4362448168956656,0.46052631578947373,2.05,1,NON_PIT,1.0,0.8724896337913312,COUNTERFACTUAL_NON_PIT,False
over_2_5,0,497a1d847c0e39e28390,2025-02-15 15:00:00+00:00,MARKET,0.39472902457814274,0.4186046511627907,2.25,0,NON_PIT,1.0,0.7894580491562855,COUNTERFACTUAL_NON_PIT,False
over_2_5,0,4b99b4d6e2a5efbef4f3,2025-02-15 15:00:00+00:00,MARKET,0.5555072522759367,0.5,1.93,1,NON_PIT,1.0,0.8889854954481267,COUNTERFACTUAL_NON_PIT,False
over_2_5,0,4e71fe9abeca013bd568,2025-02-15 15:00:00+00:00,MARKET,0.43475892716650255,0.4516971279373368,2.1,1,NON_PIT,1.0,0.8695178543330051,COUNTERFACTUAL_NON_PIT,False
over_2_5,0,5376a218e9609a3f8583,2025-02-15 15:00:00+00:00,MARKET,0.3957640181851991,0.4186046511627907,2.25,1,NON_PIT,1.0,0.7915280363703981,COUNTERFACTUAL_NON_PIT,False
over_2_5,0,62b4bf36b6c21fef34af,2025-02-15 15:00:00+00:00,MARKET,0.3630961687558143,0.3627450980392157,2.6,0,NON_PIT,1.0,0.7261923375116286,COUNTERFACTUAL_NON_PIT,False
over_2_5,0,66e04e8ee48af26951b0,2025-02-15 15:00:00+00:00,MARKET,0.6407730512490861,0.6563245823389022,1.44,1,NON_PIT,1.0,0.7184538975018278,COUNTERFACTUAL_NON_PIT,False
over_2_5,0,772ae885c9f2dbbacc1a,2025-02-15 15:00:00+00:00,MARKET,0.33769391965305307,0.3893129770992367,2.4,0,NON_PIT,1.0,0.6753878393061061,COUNTERFACTUAL_NON_PIT,False
over_2_5,0,77a30eaef6169ee1c71f,2025-02-15 15:00:00+00:00,MARKET,0.5121399607008491,0.4805194805194806,2.0,0,NON_PIT,1.0,0.9757200785983018,COUNTERFACTUAL_NON_PIT,False
over_2_5,0,8cacbbe5fa80bd47090c,2025-02-15 15:00:00+00:00,MARKET,0.45690450010721906,0.4516971279373368,2.1,1,NON_PIT,1.0,0.9138090002144381,COUNTERFACTUAL_NON_PIT,False
over_2_5,0,adf9e7c9188c675bcde6,2025-02-15 15:00:00+00:00,MARKET,0.5066819323408065,0.5064935064935064,1.9,1,NON_PIT,1.0,0.986636135318387,COUNTERFACTUAL_NON_PIT,False
over_2_5,0,b4ff94e6b1ef9b1889d8,2025-02-15 15:00:00+00:00,MARKET,0.31809609650857085,0.3796526054590571,2.5,0,NON_PIT,1.0,0.6361921930171417,COUNTERFACTUAL_NON_PIT,False
over_2_5,0,b501ddf73d0be3c83de8,2025-02-15 15:00:00+00:00,MARKET,0.45463206457931943,0.4870466321243523,1.98,1,NON_PIT,1.0,0.9092641291586389,COUNTERFACTUAL_NON_PIT,False
over_2_5,0,b704bc44b941697900c2,2025-02-15 15:00:00+00:00,MARKET,0.5257246571880129,0.4870466321243523,1.98,1,NON_PIT,1.0,0.9485506856239743,COUNTERFACTUAL_NON_PIT,False
over_2_5,0,c9e5efa0b4afc0f54fff,2025-02-15 15:00:00+00:00,MARKET,0.4790322459867025,0.4473684210526316,2.1,0,NON_PIT,1.0,0.958064491973405,COUNTERFACTUAL_NON_PIT,False
over_2_5,0,d9a5c8c881f77c6a211f,2025-02-15 15:00:00+00:00,MARKET,0.44230293545815164,0.4473684210526316,2.1,0,NON_PIT,1.0,0.8846058709163033,COUNTERFACTUAL_NON_PIT,False
over_2_5,0,e1a853808067756d7f16,2025-02-15 15:00:00+00:00,MARKET,0.49693512281854113,0.5194805194805195,1.85,0,NON_PIT,1.0,0.9938702456370823,COUNTERFACTUAL_NON_PIT,False
over_2_5,0,e5f5042b1743a4d15e78,2025-02-15 15:00:00+00:00,MARKET,0.49137612784471596,0.4675324675324676,2.05,0,NON_PIT,1.0,0.9827522556894319,COUNTERFACTUAL_NON_PIT,False
over_2_5,0,e6d7ecd0ec4d76af4cfb,2025-02-15 15:00:00+00:00,MARKET,0.46876739851645055,0.5,1.93,1,NON_PIT,1.0,0.9375347970329011,COUNTERFACTUAL_NON_PIT,False
over_2_5,0,eadc6ebedb0003a2e6bd,2025-02-15 15:00:00+00:00,MARKET,0.6112879932230104,0.586734693877551,1.62,0,NON_PIT,1.0,0.7774240135539792,COUNTERFACTUAL_NON_PIT,False
over_2_5,0,eb76aeb579c12435172a,2025-02-15 15:00:00+00:00,MARKET,0.40757048180122674,0.4473684210526316,2.1,0,NON_PIT,1.0,0.8151409636024535,COUNTERFACTUAL_NON_PIT,False
over_2_5,0,fd15111696c7ad6f085b,2025-02-15 15:00:00+00:00,MARKET,0.3974844105847232,0.4870466321243523,1.98,0,NON_PIT,1.0,0.7949688211694464,COUNTERFACTUAL_NON_PIT,False
over_2_5,0,7e579ff73afb55d32e6d,2025-02-15 17:30:00+00:00,MARKET,0.4265717140880299,0.43152454780361754,2.2,1,NON_PIT,1.0,0.8531434281760598,COUNTERFACTUAL_NON_PIT,False
over_2_5,0,83de72bf9d5827a65026,2025-02-16 14:00:00+00:00,MARKET,0.7131517240687221,0.7017543859649122,1.36,1,NON_PIT,1.0,0.5736965518625559,COUNTERFACTUAL_NON_PIT,False
over_2_5,0,6d6fea6d42b9a22da8de,2025-02-16 16:30:00+00:00,MARKET,0.6707984125881837,0.6368038740920097,1.5,0,NON_PIT,1.0,0.6584031748236325,COUNTERFACTUAL_NON_PIT,False
over_2_5,0,a2b17a2095cba6b3f696,2025-02-17 20:00:00+00:00,MARKET,0.5094163997151333,0.5,1.93,1,NON_PIT,1.0,0.9811672005697334,COUNTERFACTUAL_NON_PIT,False
over_2_5,0,3cfdf5f27ea04b313c89,2025-02-18 19:45:00+00:00,MARKET,0.42770246740821094,0.4005102040816326,2.35,1,NON_PIT,1.0,0.8554049348164219,COUNTERFACTUAL_NON_PIT,False
over_2_5,0,9cca4287bd1142cea4fd,2025-02-18 19:45:00+00:00,MARKET,0.5625093232332002,0.5394736842105263,1.75,0,NON_PIT,1.0,0.8749813535335995,COUNTERFACTUAL_NON_PIT,False
over_2_5,0,a9466d691db3bdd69c71,2025-02-18 19:45:00+00:00,MARKET,0.33830303402154366,0.375,2.5,0,NON_PIT,1.0,0.6766060680430873,COUNTERFACTUAL_NON_PIT,False
over_2_5,0,ac303e1f903fa42fb93e,2025-02-18 19:45:00+00:00,MARKET,0.3381511383019045,0.375,2.5,0,NON_PIT,1.0,0.676302276603809,COUNTERFACTUAL_NON_PIT,False
over_2_5,0,bf4c78e7e646d45c5288,2025-02-18 19:45:00+00:00,MARKET,0.23384313682973856,0.2982456140350877,3.2,0,NON_PIT,1.0,0.4676862736594771,COUNTERFACTUAL_NON_PIT,False
over_2_5,0,d6a935b67f1f0af3fbc1,2025-02-18 19:45:00+00:00,MARKET,0.4630841297224506,0.4870466321243523,1.98,0,NON_PIT,1.0,0.9261682594449012,COUNTERFACTUAL_NON_PIT,False
over_2_5,0,d75530628cd9de002697,2025-02-18 19:45:00+00:00,MARKET,0.4145914042479393,0.43717277486910994,2.15,0,NON_PIT,1.0,0.8291828084958786,COUNTERFACTUAL_NON_PIT,False
over_2_5,0,dfd731bedfe6a3d721e2,2025-02-18 19:45:00+00:00,MARKET,0.3815853963170224,0.4005102040816326,2.35,0,NON_PIT,1.0,0.7631707926340447,COUNTERFACTUAL_NON_PIT,False
over_2_5,0,29d25f95fec2d96fc585,2024-12-21 15:00:00+00:00,FULL,0.40492499101545154,0.4870466321243523,1.98,0,NON_PIT,1.0,0.8098499820309031,COUNTERFACTUAL_NON_PIT,False
over_2_5,0,2aaf3d634aab015519b4,2024-12-21 15:00:00+00:00,FULL,0.5065842591117607,0.5,1.93,1,NON_PIT,1.0,0.9868314817764785,COUNTERFACTUAL_NON_PIT,False
over_2_5,0,3abe3f50e1bd8de3c623,2024-12-21 15:00:00+00:00,FULL,0.5106755952758293,0.4870466321243523,1.98,1,NON_PIT,1.0,0.9786488094483414,COUNTERFACTUAL_NON_PIT,False
over_2_5,0,45a14f4d6ff492773cd7,2024-12-21 15:00:00+00:00,FULL,0.3795147770695377,0.39746835443037976,2.38,0,NON_PIT,1.0,0.7590295541390754,COUNTERFACTUAL_NON_PIT,False
over_2_5,0,45c0796dbab55cb76430,2024-12-21 15:00:00+00:00,FULL,0.5228201467127972,0.5,1.93,1,NON_PIT,1.0,0.9543597065744056,COUNTERFACTUAL_NON_PIT,False
over_2_5,0,4e64ad78c227d6f24b38,2024-12-21 15:00:00+00:00,FULL,0.5909232616278236,0.6368038740920097,1.5,0,NON_PIT,1.0,0.8181534767443528,COUNTERFACTUAL_NON_PIT,False
over_2_5,0,5018f0ff7f6311f917a1,2024-12-21 15:00:00+00:00,FULL,0.705171758479922,0.6203473945409429,1.53,1,NON_PIT,1.0,0.589656483040156,COUNTERFACTUAL_NON_PIT,False
over_2_5,0,56419065b89c707a641d,2024-12-21 15:00:00+00:00,FULL,0.5974425403267684,0.5526315789473685,1.7,1,NON_PIT,1.0,0.8051149193464633,COUNTERFACTUAL_NON_PIT,False
over_2_5,0,56d9121f353c92614127,2024-12-21 15:00:00+00:00,FULL,0.42122229171985165,0.4675324675324676,2.05,0,NON_PIT,1.0,0.8424445834397033,COUNTERFACTUAL_NON_PIT,False
over_2_5,0,76e0438dc5dd6c6bad10,2024-12-21 15:00:00+00:00,FULL,0.47715144104040813,0.46052631578947373,2.05,0,NON_PIT,1.0,0.9543028820808163,COUNTERFACTUAL_NON_PIT,False
over_2_5,0,8b917e3dc5e5cafe5539,2024-12-21 15:00:00+00:00,FULL,0.5816400826621047,0.586734693877551,1.62,1,NON_PIT,1.0,0.8367198346757907,COUNTERFACTUAL_NON_PIT,False
over_2_5,0,a65d523247f1c8538fb0,2024-12-21 15:00:00+00:00,FULL,0.4789429337654363,0.49350649350649356,1.95,0,NON_PIT,1.0,0.9578858675308726,COUNTERFACTUAL_NON_PIT,False
over_2_5,0,ba4ec0a6a75d479fdd49,2024-12-21 15:00:00+00:00,FULL,0.4864877069582418,0.4805194805194806,2.0,0,NON_PIT,1.0,0.9729754139164836,COUNTERFACTUAL_NON_PIT,False
over_2_5,0,cd085d7d4c51895085ce,2024-12-21 15:00:00+00:00,FULL,0.43521247855533146,0.4516971279373368,2.1,0,NON_PIT,1.0,0.8704249571106629,COUNTERFACTUAL_NON_PIT,False
over_2_5,0,df58317230b689854d9a,2024-12-21 15:00:00+00:00,FULL,0.33946790953681943,0.3796526054590571,2.5,1,NON_PIT,1.0,0.6789358190736389,COUNTERFACTUAL_NON_PIT,False
over_2_5,0,e1437b8858b1f3ffa907,2024-12-21 15:00:00+00:00,FULL,0.5020804475348145,0.5483028720626633,1.73,0,NON_PIT,1.0,0.995839104930371,COUNTERFACTUAL_NON_PIT,False
over_2_5,0,e90a3dbb5cfed95ea1bf,2024-12-21 15:00:00+00:00,FULL,0.5137938335186609,0.5,1.93,1,NON_PIT,1.0,0.9724123329626781,COUNTERFACTUAL_NON_PIT,False
over_2_5,0,f974d5599df93a3b56d4,2024-12-21 15:00:00+00:00,FULL,0.41744112745965894,0.4285714285714286,2.2,0,NON_PIT,1.0,0.8348822549193179,COUNTERFACTUAL_NON_PIT,False
over_2_5,0,ff35410a3ffd60d6f7c4,2024-12-21 15:00:00+00:00,FULL,0.5791131187418167,0.6025316455696202,1.57,1,NON_PIT,1.0,0.8417737625163666,COUNTERFACTUAL_NON_PIT,False
over_2_5,0,b397ce3078d80d777647,2024-12-21 17:30:00+00:00,FULL,0.5606019522461562,0.5205128205128204,1.87,1,NON_PIT,1.0,0.8787960955076877,COUNTERFACTUAL_NON_PIT,False
over_2_5,0,3caba1b9376c76ba923d,2024-12-22 14:00:00+00:00,FULL,0.6695880254629196,0.6025316455696202,1.57,1,NON_PIT,1.0,0.6608239490741608,COUNTERFACTUAL_NON_PIT,False
over_2_5,0,b3266b8da0b85fb9367a,2024-12-22 14:00:00+00:00,FULL,0.5919495994160093,0.5684754521963824,1.67,1,NON_PIT,1.0,0.8161008011679813,COUNTERFACTUAL_NON_PIT,False
over_2_5,0,c948fa136a4a5210a5e5,2024-12-22 14:00:00+00:00,FULL,0.6219017988816474,0.6025316455696202,1.57,0,NON_PIT,1.0,0.7561964022367051,COUNTERFACTUAL_NON_PIT,False
over_2_5,0,e2e3ca334383701751d8,2024-12-22 14:00:00+00:00,FULL,0.6026240347804784,0.5684754521963824,1.67,0,NON_PIT,1.0,0.7947519304390431,COUNTERFACTUAL_NON_PIT,False
over_2_5,0,96b7fda81792657d9b2b,2024-12-22 15:00:00+00:00,FULL,0.44613090131313615,0.4516971279373368,2.1,0,NON_PIT,1.0,0.8922618026262723,COUNTERFACTUAL_NON_PIT,False
over_2_5,0,4802d4c58253e396632b,2024-12-22 16:30:00+00:00,FULL,0.6946676398075671,0.7291666666666667,1.3,1,NON_PIT,1.0,0.6106647203848659,COUNTERFACTUAL_NON_PIT,False
over_2_5,0,1aa9e563e44954c32617,2024-12-23 20:00:00+00:00,FULL,0.5437992282644636,0.5813953488372093,1.62,0,NON_PIT,1.0,0.9124015434710728,COUNTERFACTUAL_NON_PIT,False
over_2_5,0,3bd76e3db01bf4dd4d62,2024-12-26 12:30:00+00:00,FULL,0.6582111224370262,0.6203473945409429,1.53,0,NON_PIT,1.0,0.6835777551259477,COUNTERFACTUAL_NON_PIT,False
over_2_5,0,22ce4512ae0f893d8036,2024-12-26 13:00:00+00:00,FULL,0.5295862378857511,0.5,1.93,1,NON_PIT,1.0,0.9408275242284978,COUNTERFACTUAL_NON_PIT,False
over_2_5,0,0abf43c678c6bb966c5f,2024-12-26 15:00:00+00:00,FULL,0.46233580767555066,0.5483028720626633,1.73,0,NON_PIT,1.0,0.9246716153511013,COUNTERFACTUAL_NON_PIT,False
over_2_5,0,0e1964de55499721c16c,2024-12-26 15:00:00+00:00,FULL,0.5587774558645169,0.5194805194805195,1.85,1,NON_PIT,1.0,0.8824450882709662,COUNTERFACTUAL_NON_PIT,False
over_2_5,0,18faf5854e69fcb07373,2024-12-26 15:00:00+00:00,FULL,0.6075089371609781,0.586734693877551,1.62,1,NON_PIT,1.0,0.7849821256780438,COUNTERFACTUAL_NON_PIT,False
over_2_5,0,2ee5e564fcc8068970ab,2024-12-26 15:00:00+00:00,FULL,0.4689856088398459,0.5129533678756476,1.88,1,NON_PIT,1.0,0.9379712176796918,COUNTERFACTUAL_NON_PIT,False
over_2_5,0,31332262859bce8ad338,2024-12-26 15:00:00+00:00,FULL,0.6522737004422547,0.6563245823389022,1.44,1,NON_PIT,1.0,0.6954525991154905,COUNTERFACTUAL_NON_PIT,False
over_2_5,0,36f04d03b9eb3a941272,2024-12-26 15:00:00+00:00,FULL,0.4874410598764166,0.4516971279373368,2.1,0,NON_PIT,1.0,0.9748821197528332,COUNTERFACTUAL_NON_PIT,False
over_2_5,0,3934a1b2250b0a7dfd44,2024-12-26 15:00:00+00:00,FULL,0.40026792758396357,0.4285714285714286,2.2,0,NON_PIT,1.0,0.8005358551679271,COUNTERFACTUAL_NON_PIT,False
over_2_5,0,44e422d3ec241fff23f6,2024-12-26 15:00:00+00:00,FULL,0.6007782372603301,0.5526315789473685,1.7,1,NON_PIT,1.0,0.7984435254793398,COUNTERFACTUAL_NON_PIT,False
over_2_5,0,46b77b6bd90160a62b58,2024-12-26 15:00:00+00:00,FULL,0.4079113665334313,0.4516971279373368,2.1,1,NON_PIT,1.0,0.8158227330668626,COUNTERFACTUAL_NON_PIT,False
over_2_5,0,4b219552d54420a8dce3,2024-12-26 15:00:00+00:00,FULL,0.5786024001149837,0.5684754521963824,1.67,0,NON_PIT,1.0,0.8427951997700327,COUNTERFACTUAL_NON_PIT,False
over_2_5,0,5295734838a8e940e135,2024-12-26 15:00:00+00:00,FULL,0.5108492963143433,0.5064935064935064,1.9,1,NON_PIT,1.0,0.9783014073713134,COUNTERFACTUAL_NON_PIT,False
over_2_5,0,5e71638381af643a8a41,2024-12-26 15:00:00+00:00,FULL,0.38717601385413686,0.49350649350649356,1.95,0,NON_PIT,1.0,0.7743520277082737,COUNTERFACTUAL_NON_PIT,False
over_2_5,0,5f70ba1cf7c996d883e7,2024-12-26 15:00:00+00:00,FULL,0.46856599980169045,0.4675324675324676,2.05,0,NON_PIT,1.0,0.9371319996033809,COUNTERFACTUAL_NON_PIT,False
over_2_5,0,6265621764c5cdab9665,2024-12-26 15:00:00+00:00,FULL,0.59098931362612,0.5483028720626633,1.73,1,NON_PIT,1.0,0.8180213727477601,COUNTERFACTUAL_NON_PIT,False
over_2_5,0,6912849fe3755bcd1771,2024-12-26 15:00:00+00:00,FULL,0.36599357148989703,0.4285714285714286,2.2,1,NON_PIT,1.0,0.7319871429797941,COUNTERFACTUAL_NON_PIT,False
over_2_5,0,6a27f35c00d5eed2ee05,2024-12-26 15:00:00+00:00,FULL,0.57586292590632,0.5,1.93,0,NON_PIT,1.0,0.8482741481873599,COUNTERFACTUAL_NON_PIT,False
over_2_5,0,6cfd53ff18a079207cb1,2024-12-26 15:00:00+00:00,FULL,0.32882831562464876,0.39746835443037976,2.38,0,NON_PIT,1.0,0.6576566312492975,COUNTERFACTUAL_NON_PIT,False
over_2_5,0,6e39a525136f1a0b1cb0,2024-12-26 15:00:00+00:00,FULL,0.6681206850971122,0.6368038740920097,1.5,0,NON_PIT,1.0,0.6637586298057756,COUNTERFACTUAL_NON_PIT,False
over_2_5,0,8233b804a0ba4f642b25,2024-12-26 15:00:00+00:00,FULL,0.4286991374799028,0.46052631578947373,2.05,0,NON_PIT,1.0,0.8573982749598056,COUNTERFACTUAL_NON_PIT,False
over_2_5,0,830091a1468f540a850b,2024-12-26 15:00:00+00:00,FULL,0.43910912052548845,0.4285714285714286,2.2,1,NON_PIT,1.0,0.8782182410509769,COUNTERFACTUAL_NON_PIT,False
over_2_5,0,89246ca21a8f93f4dc07,2024-12-26 15:00:00+00:00,FULL,0.4429641232367073,0.43717277486910994,2.15,0,NON_PIT,1.0,0.8859282464734146,COUNTERFACTUAL_NON_PIT,False
over_2_5,0,98395fbf89c18517dedd,2024-12-26 15:00:00+00:00,FULL,0.4094298373172552,0.47409326424870474,2.03,0,NON_PIT,1.0,0.8188596746345104,COUNTERFACTUAL_NON_PIT,False
over_2_5,0,9c6a73c4497c665a930b,2024-12-26 15:00:00+00:00,FULL,0.5921468883582612,0.5628272251308901,1.67,1,NON_PIT,1.0,0.8157062232834775,COUNTERFACTUAL_NON_PIT,False
over_2_5,0,9ded14064b7fd29d6cce,2024-12-26 15:00:00+00:00,FULL,0.5345561332893833,0.5628272251308901,1.67,0,NON_PIT,1.0,0.9308877334212333,COUNTERFACTUAL_NON_PIT,False
over_2_5,0,a0aa4415cfdfdbb2cae8,2024-12-26 15:00:00+00:00,FULL,0.5186689259344086,0.47409326424870474,2.03,1,NON_PIT,1.0,0.9626621481311828,COUNTERFACTUAL_NON_PIT,False
over_2_5,0,ab7b8efaa7227aed8a00,2024-12-26 15:00:00+00:00,FULL,0.48095297192604763,0.5129533678756476,1.88,0,NON_PIT,1.0,0.9619059438520953,COUNTERFACTUAL_NON_PIT,False
over_2_5,0,c07f342f63e84989808e,2024-12-26 15:00:00+00:00,FULL,0.36220966929773607,0.43152454780361754,2.2,1,NON_PIT,1.0,0.7244193385954721,COUNTERFACTUAL_NON_PIT,False
over_2_5,0,c0a88b5ad6fcb105aa00,2024-12-26 15:00:00+00:00,FULL,0.4556298553068865,0.46052631578947373,2.05,1,NON_PIT,1.0,0.911259710613773,COUNTERFACTUAL_NON_PIT,False
over_2_5,0,c30bd39d13ef65b10e16,2024-12-26 15:00:00+00:00,FULL,0.4657892992517228,0.4473684210526316,2.1,1,NON_PIT,1.0,0.9315785985034456,COUNTERFACTUAL_NON_PIT,False
over_2_5,0,c85bc42fb1027ff2d168,2024-12-26 15:00:00+00:00,FULL,0.40415491125966524,0.4285714285714286,2.2,1,NON_PIT,1.0,0.8083098225193305,COUNTERFACTUAL_NON_PIT,False
over_2_5,0,cf14d16f796330f1d5fd,2024-12-26 15:00:00+00:00,FULL,0.6267850364400979,0.6106870229007634,1.53,0,NON_PIT,1.0,0.7464299271198043,COUNTERFACTUAL_NON_PIT,False
over_2_5,0,d272ad2f567169850277,2024-12-26 15:00:00+00:00,FULL,0.5388166368986146,0.5263157894736842,1.8,0,NON_PIT,1.0,0.9223667262027708,COUNTERFACTUAL_NON_PIT,False
over_2_5,0,dad313a8f57c50ce9d21,2024-12-26 15:00:00+00:00,FULL,0.4857658367559834,0.43152454780361754,2.2,1,NON_PIT,1.0,0.9715316735119668,COUNTERFACTUAL_NON_PIT,False
over_2_5,0,dad55e83b5eafa0fa678,2024-12-26 15:00:00+00:00,FULL,0.6627713383465013,0.6368038740920097,1.5,1,NON_PIT,1.0,0.6744573233069975,COUNTERFACTUAL_NON_PIT,False
over_2_5,0,e7b80246145f44442b61,2024-12-26 15:00:00+00:00,FULL,0.5733789692151349,0.5628272251308901,1.67,1,NON_PIT,1.0,0.8532420615697303,COUNTERFACTUAL_NON_PIT,False
over_2_5,0,f16ecb7127d52456df4b,2024-12-26 15:00:00+00:00,FULL,0.6047634069779129,0.5994897959183673,1.57,1,NON_PIT,1.0,0.7904731860441743,COUNTERFACTUAL_NON_PIT,False
over_2_5,0,fcdfa192572b517593f1,2024-12-26 15:00:00+00:00,FULL,0.41944470710727355,0.4516971279373368,2.1,1,NON_PIT,1.0,0.8388894142145471,COUNTERFACTUAL_NON_PIT,False
over_2_5,0,03cbd55057ee10bc3bb4,2024-12-26 17:30:00+00:00,FULL,0.3944013772344251,0.39746835443037976,2.38,1,NON_PIT,1.0,0.7888027544688502,COUNTERFACTUAL_NON_PIT,False
over_2_5,0,4c87b79a1bbd3cb7a0d3,2024-12-26 17:30:00+00:00,FULL,0.5698857672987666,0.5684754521963824,1.67,0,NON_PIT,1.0,0.8602284654024668,COUNTERFACTUAL_NON_PIT,False
over_2_5,0,2613da9d862b9dbf0bad,2024-12-26 20:00:00+00:00,FULL,0.8118705789074515,0.7894736842105263,1.2,1,NON_PIT,1.0,0.376258842185097,COUNTERFACTUAL_NON_PIT,False
over_2_5,0,f2d7a8a64c539fd58467,2024-12-26 20:00:00+00:00,FULL,0.49882130196995095,0.5064935064935064,1.9,0,NON_PIT,1.0,0.9976426039399019,COUNTERFACTUAL_NON_PIT,False
over_2_5,0,b3b761d9c751fb93bca0,2024-12-27 19:30:00+00:00,FULL,0.7303252019611164,0.6563245823389022,1.44,0,NON_PIT,1.0,0.5393495960777672,COUNTERFACTUAL_NON_PIT,False
over_2_5,0,2d9ca4759d5a3439da3d,2024-12-27 20:15:00+00:00,FULL,0.6984438521207006,0.6818181818181818,1.4,0,NON_PIT,1.0,0.6031122957585988,COUNTERFACTUAL_NON_PIT,False
over_2_5,0,15578ea0ef051c7ee445,2024-12-29 12:30:00+00:00,FULL,0.45965255748162415,0.413265306122449,2.3,1,NON_PIT,1.0,0.9193051149632483,COUNTERFACTUAL_NON_PIT,False
over_2_5,0,27a4d53d708aaa21513a,2024-12-29 12:30:00+00:00,FULL,0.5427283857178875,0.47409326424870474,2.03,1,NON_PIT,1.0,0.914543228564225,COUNTERFACTUAL_NON_PIT,False
over_2_5,0,2b3bc44e364d8671002a,2024-12-29 12:30:00+00:00,FULL,0.4391828748660553,0.5459317585301837,1.73,0,NON_PIT,1.0,0.8783657497321106,COUNTERFACTUAL_NON_PIT,False
over_2_5,0,323cf8fa2eb8e0493eed,2024-12-29 12:30:00+00:00,FULL,0.5469845247308914,0.5129533678756476,1.88,0,NON_PIT,1.0,0.9060309505382171,COUNTERFACTUAL_NON_PIT,False
over_2_5,0,380e84b44eef374bf2c2,2024-12-29 12:30:00+00:00,FULL,0.48303711530803806,0.46052631578947373,2.05,1,NON_PIT,1.0,0.9660742306160761,COUNTERFACTUAL_NON_PIT,False
over_2_5,0,524c2476bb0784ca469c,2024-12-29 12:30:00+00:00,FULL,0.42171042756442334,0.43152454780361754,2.2,0,NON_PIT,1.0,0.8434208551288467,COUNTERFACTUAL_NON_PIT,False
over_2_5,0,b263fe49817601d4821d,2024-12-29 12:30:00+00:00,FULL,0.4414789030056041,0.46052631578947373,2.05,0,NON_PIT,1.0,0.8829578060112082,COUNTERFACTUAL_NON_PIT,False
over_2_5,0,42f5461c66056eae7b04,2024-12-29 14:30:00+00:00,FULL,0.7694321420055042,0.7017543859649122,1.36,0,NON_PIT,1.0,0.4611357159889915,COUNTERFACTUAL_NON_PIT,False
over_2_5,0,01665baaa875a24c3ec3,2024-12-29 15:00:00+00:00,FULL,0.5380779337922669,0.49350649350649356,1.95,1,NON_PIT,1.0,0.9238441324154663,COUNTERFACTUAL_NON_PIT,False
over_2_5,0,0777e9d9c7b8c737873b,2024-12-29 15:00:00+00:00,FULL,0.5750814049933406,0.5628272251308901,1.67,1,NON_PIT,1.0,0.8498371900133188,COUNTERFACTUAL_NON_PIT,False
over_2_5,0,09cf18a01f16b10c6387,2024-12-29 15:00:00+00:00,FULL,0.4783538134693849,0.47409326424870474,2.03,0,NON_PIT,1.0,0.9567076269387698,COUNTERFACTUAL_NON_PIT,False
over_2_5,0,1302df00c7515f530067,2024-12-29 15:00:00+00:00,FULL,0.5427116360800486,0.5526315789473685,1.7,0,NON_PIT,1.0,0.9145767278399028,COUNTERFACTUAL_NON_PIT,False
over_2_5,0,2910afefc8700dfaff7f,2024-12-29 15:00:00+00:00,FULL,0.7423063706815874,0.7188160676532769,1.33,1,NON_PIT,1.0,0.5153872586368251,COUNTERFACTUAL_NON_PIT,False
over_2_5,0,2a8e71ed17864785cecc,2024-12-29 15:00:00+00:00,FULL,0.5215797601583022,0.5129533678756476,1.88,0,NON_PIT,1.0,0.9568404796833956,COUNTERFACTUAL_NON_PIT,False
over_2_5,0,3658ce6285308438a3f5,2024-12-29 15:00:00+00:00,FULL,0.507800853702706,0.5,1.93,1,NON_PIT,1.0,0.984398292594588,COUNTERFACTUAL_NON_PIT,False
over_2_5,0,3f6780ae0f02ac4be853,2024-12-29 15:00:00+00:00,FULL,0.3799013612876992,0.4473684210526316,2.1,1,NON_PIT,1.0,0.7598027225753984,COUNTERFACTUAL_NON_PIT,False
over_2_5,0,52569e1786b4f9bc6755,2024-12-29 15:00:00+00:00,FULL,0.5323707977025225,0.4675324675324676,2.05,1,NON_PIT,1.0,0.935258404594955,COUNTERFACTUAL_NON_PIT,False
over_2_5,0,5b466ce002e1940d76bd,2024-12-29 15:00:00+00:00,FULL,0.5902176172069742,0.5994897959183673,1.57,0,NON_PIT,1.0,0.8195647655860516,COUNTERFACTUAL_NON_PIT,False
over_2_5,0,5d6079ac7db416ebd0a9,2024-12-29 15:00:00+00:00,FULL,0.48019760281473256,0.4870466321243523,1.98,0,NON_PIT,1.0,0.9603952056294651,COUNTERFACTUAL_NON_PIT,False
over_2_5,0,62acec9081bd573baeb8,2024-12-29 15:00:00+00:00,FULL,0.38802988191858967,0.43152454780361754,2.2,0,NON_PIT,1.0,0.7760597638371793,COUNTERFACTUAL_NON_PIT,False
over_2_5,0,62bedc8ce22a67957dfd,2024-12-29 15:00:00+00:00,FULL,0.5171700439498892,0.5194805194805195,1.85,0,NON_PIT,1.0,0.9656599121002216,COUNTERFACTUAL_NON_PIT,False
over_2_5,0,789aa247abf9c5f3d5df,2024-12-29 15:00:00+00:00,FULL,0.47964073553014597,0.47409326424870474,2.03,1,NON_PIT,1.0,0.9592814710602919,COUNTERFACTUAL_NON_PIT,False
over_2_5,0,85a9a21abd4ed145bd47,2024-12-29 15:00:00+00:00,FULL,0.4261693649046987,0.4540682414698162,2.08,0,NON_PIT,1.0,0.8523387298093974,COUNTERFACTUAL_NON_PIT,False
over_2_5,0,8883e89405295c5ff18a,2024-12-29 15:00:00+00:00,FULL,0.4287244804113608,0.4285714285714286,2.2,0,NON_PIT,1.0,0.8574489608227216,COUNTERFACTUAL_NON_PIT,False
over_2_5,0,9bf834b446b26f456055,2024-12-29 15:00:00+00:00,FULL,0.48111492229535047,0.5129533678756476,1.88,1,NON_PIT,1.0,0.9622298445907009,COUNTERFACTUAL_NON_PIT,False
over_2_5,0,a9b1a80053890c03c67d,2024-12-29 15:00:00+00:00,FULL,0.529286655459453,0.5194805194805195,1.85,1,NON_PIT,1.0,0.9414266890810941,COUNTERFACTUAL_NON_PIT,False
over_2_5,0,b44d9fb20283870d111d,2024-12-29 15:00:00+00:00,FULL,0.4843276959105272,0.5,1.93,0,NON_PIT,1.0,0.9686553918210544,COUNTERFACTUAL_NON_PIT,False
over_2_5,0,c9511ef558f43249ae17,2024-12-29 15:00:00+00:00,FULL,0.5251566274775225,0.5526315789473685,1.7,0,NON_PIT,1.0,0.9496867450449551,COUNTERFACTUAL_NON_PIT,False
over_2_5,0,cbe5feee0587491ed645,2024-12-29 15:00:00+00:00,FULL,0.6069485268345589,0.5684754521963824,1.67,1,NON_PIT,1.0,0.7861029463308822,COUNTERFACTUAL_NON_PIT,False
over_2_5,0,d09038116b247c3426d0,2024-12-29 15:00:00+00:00,FULL,0.6120652315292321,0.6106870229007634,1.53,1,NON_PIT,1.0,0.7758695369415358,COUNTERFACTUAL_NON_PIT,False
over_2_5,0,d46fdb6a7e18826de644,2024-12-29 15:00:00+00:00,FULL,0.47418288051207985,0.5129533678756476,1.88,1,NON_PIT,1.0,0.9483657610241597,COUNTERFACTUAL_NON_PIT,False
over_2_5,0,d4fe980e7171c5f72513,2024-12-29 15:00:00+00:00,FULL,0.41342268284100014,0.43152454780361754,2.2,0,NON_PIT,1.0,0.8268453656820003,COUNTERFACTUAL_NON_PIT,False
over_2_5,0,d5fe350cc19bad2bf5c1,2024-12-29 15:00:00+00:00,FULL,0.41040368036900854,0.4285714285714286,2.2,1,NON_PIT,1.0,0.8208073607380171,COUNTERFACTUAL_NON_PIT,False
over_2_5,0,ddfb419bf4b365acf2e8,2024-12-29 15:00:00+00:00,FULL,0.448958472809955,0.4516971279373368,2.1,0,NON_PIT,1.0,0.89791694561991,COUNTERFACTUAL_NON_PIT,False
over_2_5,0,e245be2836fcef45b3fa,2024-12-29 15:00:00+00:00,FULL,0.37677899361089834,0.46052631578947373,2.05,1,NON_PIT,1.0,0.7535579872217967,COUNTERFACTUAL_NON_PIT,False
over_2_5,0,e62f7892da26369077f5,2024-12-29 15:00:00+00:00,FULL,0.4859455842396382,0.4805194805194806,2.0,0,NON_PIT,1.0,0.9718911684792764,COUNTERFACTUAL_NON_PIT,False
over_2_5,0,e97d6c9e3f0c4391f5e7,2024-12-29 15:00:00+00:00,FULL,0.3837617005719167,0.4540682414698162,2.08,0,NON_PIT,1.0,0.7675234011438334,COUNTERFACTUAL_NON_PIT,False
over_2_5,0,eaaa9c5c3a6576b9a9ad,2024-12-29 15:00:00+00:00,FULL,0.5763499518315098,0.5483028720626633,1.73,1,NON_PIT,1.0,0.8473000963369803,COUNTERFACTUAL_NON_PIT,False
over_2_5,0,3b4c0a6df49b429a6057,2024-12-29 17:15:00+00:00,FULL,0.5960959580291422,0.6818181818181818,1.4,1,NON_PIT,1.0,0.8078080839417157,COUNTERFACTUAL_NON_PIT,False
over_2_5,0,2e2e92dda175ca4c08c0,2024-12-29 17:45:00+00:00,FULL,0.38530550932013263,0.4516971279373368,2.1,0,NON_PIT,1.0,0.7706110186402653,COUNTERFACTUAL_NON_PIT,False
over_2_5,0,3f92964234897d6d7753,2024-12-29 20:00:00+00:00,FULL,0.4425006001152534,0.4516971279373368,2.1,0,NON_PIT,1.0,0.8850012002305068,COUNTERFACTUAL_NON_PIT,False
over_2_5,0,1a5f263987488196294f,2024-12-30 19:45:00+00:00,FULL,0.602826754779124,0.6025316455696202,1.57,1,NON_PIT,1.0,0.7943464904417521,COUNTERFACTUAL_NON_PIT,False
over_2_5,0,e73c16437a798054e7a6,2024-12-30 19:45:00+00:00,FULL,0.7072274835021156,0.6563245823389022,1.44,0,NON_PIT,1.0,0.5855450329957688,COUNTERFACTUAL_NON_PIT,False
over_2_5,0,316324b4684d2a1a5008,2024-12-30 20:00:00+00:00,FULL,0.5934146515331603,0.586734693877551,1.62,0,NON_PIT,1.0,0.8131706969336794,COUNTERFACTUAL_NON_PIT,False
over_2_5,0,cb6804cb21efb9eadf43,2024-12-30 20:00:00+00:00,FULL,0.37771728989350817,0.41025641025641024,2.3,0,NON_PIT,1.0,0.7554345797870163,COUNTERFACTUAL_NON_PIT,False
over_2_5,0,a6e9018fe75429fb14e1,2025-01-01 12:30:00+00:00,FULL,0.4853398844022201,0.5263157894736842,1.8,1,NON_PIT,1.0,0.9706797688044402,COUNTERFACTUAL_NON_PIT,False
over_2_5,0,f9dcb93b3a4cd585ea73,2025-01-01 12:30:00+00:00,FULL,0.4261356690312118,0.47368421052631576,2.0,1,NON_PIT,1.0,0.8522713380624236,COUNTERFACTUAL_NON_PIT,False
over_2_5,0,6142b0f5f93e4fde1658,2025-01-01 13:00:00+00:00,FULL,0.41769509272147576,0.413265306122449,2.3,0,NON_PIT,1.0,0.8353901854429515,COUNTERFACTUAL_NON_PIT,False
over_2_5,0,0c3861ce261e2ef8a256,2025-01-01 15:00:00+00:00,FULL,0.5139373418413872,0.5129533678756476,1.88,0,NON_PIT,1.0,0.9721253163172257,COUNTERFACTUAL_NON_PIT,False
over_2_5,0,16e58902c10d12587c81,2025-01-01 15:00:00+00:00,FULL,0.4155538257673977,0.43717277486910994,2.15,1,NON_PIT,1.0,0.8311076515347954,COUNTERFACTUAL_NON_PIT,False
over_2_5,0,183314cadeca4a01a15d,2025-01-01 15:00:00+00:00,FULL,0.3310421638940921,0.4005102040816326,2.35,0,NON_PIT,1.0,0.6620843277881842,COUNTERFACTUAL_NON_PIT,False
over_2_5,0,36892b4f27cb241e63da,2025-01-01 15:00:00+00:00,FULL,0.46329132852562793,0.4805194805194806,2.0,0,NON_PIT,1.0,0.9265826570512559,COUNTERFACTUAL_NON_PIT,False
over_2_5,0,3a271a1529b909c2a192,2025-01-01 15:00:00+00:00,FULL,0.437497294368789,0.5064935064935064,1.9,0,NON_PIT,1.0,0.874994588737578,COUNTERFACTUAL_NON_PIT,False
over_2_5,0,4575cbe837f41753942b,2025-01-01 15:00:00+00:00,FULL,0.5524516738230223,0.5459317585301837,1.73,1,NON_PIT,1.0,0.8950966523539554,COUNTERFACTUAL_NON_PIT,False
over_2_5,0,4d819cce4820a1f442d6,2025-01-01 15:00:00+00:00,FULL,0.40665953116300535,0.4516971279373368,2.1,1,NON_PIT,1.0,0.8133190623260107,COUNTERFACTUAL_NON_PIT,False
over_2_5,0,534bd5f1e90da4df4391,2025-01-01 15:00:00+00:00,FULL,0.5940478835547406,0.5064935064935064,1.9,1,NON_PIT,1.0,0.8119042328905188,COUNTERFACTUAL_NON_PIT,False
over_2_5,0,55da9edc3b3dd7d1748e,2025-01-01 15:00:00+00:00,FULL,0.3987691892814281,0.4473684210526316,2.1,0,NON_PIT,1.0,0.7975383785628563,COUNTERFACTUAL_NON_PIT,False
over_2_5,0,59c356212b285742017a,2025-01-01 15:00:00+00:00,FULL,0.6363574671813205,0.5714285714285715,1.65,1,NON_PIT,1.0,0.7272850656373591,COUNTERFACTUAL_NON_PIT,False
over_2_5,0,5d7eed39588062d8bd08,2025-01-01 15:00:00+00:00,FULL,0.4797156096434175,0.5263157894736842,1.8,1,NON_PIT,1.0,0.959431219286835,COUNTERFACTUAL_NON_PIT,False
over_2_5,0,5eb20b59e5b54deaf106,2025-01-01 15:00:00+00:00,FULL,0.5530185428656441,0.5459317585301837,1.73,1,NON_PIT,1.0,0.8939629142687118,COUNTERFACTUAL_NON_PIT,False
over_2_5,0,5f873d9312f5365e5cee,2025-01-01 15:00:00+00:00,FULL,0.5067385686266491,0.49350649350649356,1.95,1,NON_PIT,1.0,0.9865228627467018,COUNTERFACTUAL_NON_PIT,False
over_2_5,0,6bafbff40a3cc5d3bba0,2025-01-01 15:00:00+00:00,FULL,0.43980192465346496,0.49350649350649356,1.95,1,NON_PIT,1.0,0.8796038493069299,COUNTERFACTUAL_NON_PIT,False
over_2_5,0,7246c9b32ddce3c66223,2025-01-01 15:00:00+00:00,FULL,0.3771760820322489,0.4186046511627907,2.25,1,NON_PIT,1.0,0.7543521640644978,COUNTERFACTUAL_NON_PIT,False
over_2_5,0,7d623e120394f11d7732,2025-01-01 15:00:00+00:00,FULL,0.45280508804333924,0.4473684210526316,2.1,0,NON_PIT,1.0,0.9056101760866785,COUNTERFACTUAL_NON_PIT,False
over_2_5,0,86f095a58f9f1b52a4f5,2025-01-01 15:00:00+00:00,FULL,0.4656020632247038,0.4473684210526316,2.1,1,NON_PIT,1.0,0.9312041264494076,COUNTERFACTUAL_NON_PIT,False
over_2_5,0,89a3bb053a8a5085c727,2025-01-01 15:00:00+00:00,FULL,0.39695450836698853,0.47409326424870474,2.03,1,NON_PIT,1.0,0.7939090167339771,COUNTERFACTUAL_NON_PIT,False
over_2_5,0,94745d90a68104d4815c,2025-01-01 15:00:00+00:00,FULL,0.4585169146461486,0.43717277486910994,2.15,0,NON_PIT,1.0,0.9170338292922972,COUNTERFACTUAL_NON_PIT,False
over_2_5,0,add2bae75aee9d2202d7,2025-01-01 15:00:00+00:00,FULL,0.5856781995099928,0.5526315789473685,1.7,0,NON_PIT,1.0,0.8286436009800144,COUNTERFACTUAL_NON_PIT,False
over_2_5,0,b0219bde307b709a3532,2025-01-01 15:00:00+00:00,FULL,0.4826130136791144,0.5,1.93,0,NON_PIT,1.0,0.9652260273582288,COUNTERFACTUAL_NON_PIT,False
over_2_5,0,c038f6753ccdfd4d13ae,2025-01-01 15:00:00+00:00,FULL,0.3847458487449402,0.43152454780361754,2.2,0,NON_PIT,1.0,0.7694916974898804,COUNTERFACTUAL_NON_PIT,False
over_2_5,0,c1a63ba7989453a7e4fb,2025-01-01 15:00:00+00:00,FULL,0.38365540618998545,0.413265306122449,2.3,1,NON_PIT,1.0,0.7673108123799709,COUNTERFACTUAL_NON_PIT,False
over_2_5,0,c48fba99835e925fce5c,2025-01-01 15:00:00+00:00,FULL,0.5178415650642207,0.5194805194805195,1.85,1,NON_PIT,1.0,0.9643168698715585,COUNTERFACTUAL_NON_PIT,False
over_2_5,0,c610c2524298a7af1209,2025-01-01 15:00:00+00:00,FULL,0.4597518858280336,0.4540682414698162,2.08,0,NON_PIT,1.0,0.9195037716560672,COUNTERFACTUAL_NON_PIT,False
over_2_5,0,d9f30e087fddd9a53365,2025-01-01 15:00:00+00:00,FULL,0.5277662180746842,0.5,1.93,1,NON_PIT,1.0,0.9444675638506317,COUNTERFACTUAL_NON_PIT,False
over_2_5,0,f031ec3cb7e63561cdb6,2025-01-01 15:00:00+00:00,FULL,0.5096063596065008,0.5259067357512953,1.83,1,NON_PIT,1.0,0.9807872807869984,COUNTERFACTUAL_NON_PIT,False
over_2_5,0,704641ff0a4c51c0d514,2025-01-01 17:30:00+00:00,FULL,0.6800626148554173,0.6203473945409429,1.53,1,NON_PIT,1.0,0.6398747702891654,COUNTERFACTUAL_NON_PIT,False
over_2_5,0,c0f3ac0c7a3c569f521a,2025-01-01 17:30:00+00:00,FULL,0.48507419668212687,0.5129533678756476,1.88,0,NON_PIT,1.0,0.9701483933642537,COUNTERFACTUAL_NON_PIT,False
over_2_5,0,f3500334b0ff049d89ca,2025-01-01 20:00:00+00:00,FULL,0.349623151141674,0.43152454780361754,2.2,1,NON_PIT,1.0,0.699246302283348,COUNTERFACTUAL_NON_PIT,False
over_2_5,0,29b2bb20f7c9cfa02a4a,2025-01-02 19:45:00+00:00,FULL,0.45487784709914253,0.43717277486910994,2.15,1,NON_PIT,1.0,0.9097556941982851,COUNTERFACTUAL_NON_PIT,False
over_2_5,0,79b0d34e6d845eb823e1,2025-01-02 19:45:00+00:00,FULL,0.510116691111932,0.5526315789473685,1.7,1,NON_PIT,1.0,0.9797666177761359,COUNTERFACTUAL_NON_PIT,False
over_2_5,0,38635df1181e1d1b5ea0,2025-01-04 12:30:00+00:00,FULL,0.4291776160194175,0.4516971279373368,2.1,0,NON_PIT,1.0,0.858355232038835,COUNTERFACTUAL_NON_PIT,False
over_2_5,0,632b89474b4a66bf8481,2025-01-04 12:30:00+00:00,FULL,0.7231018801850673,0.7188160676532769,1.33,1,NON_PIT,1.0,0.5537962396298655,COUNTERFACTUAL_NON_PIT,False
over_2_5,0,6e1cd0026c734c843167,2025-01-04 12:30:00+00:00,FULL,0.45937662208890495,0.43717277486910994,2.15,0,NON_PIT,1.0,0.9187532441778099,COUNTERFACTUAL_NON_PIT,False
over_2_5,0,9b146e2ae8183279d2b7,2025-01-04 12:30:00+00:00,FULL,0.5397788284543531,0.4870466321243523,1.98,0,NON_PIT,1.0,0.9204423430912938,COUNTERFACTUAL_NON_PIT,False
over_2_5,0,b51d9591993fa583d6f1,2025-01-04 12:30:00+00:00,FULL,0.35488169468498776,0.39746835443037976,2.38,0,NON_PIT,1.0,0.7097633893699755,COUNTERFACTUAL_NON_PIT,False
over_2_5,0,cbd0cc985dc13ef7f403,2025-01-04 12:30:00+00:00,FULL,0.6417842200904427,0.5684754521963824,1.67,0,NON_PIT,1.0,0.7164315598191147,COUNTERFACTUAL_NON_PIT,False
over_2_5,0,f8b905a78f3076e351fa,2025-01-04 12:30:00+00:00,FULL,0.5004698075019761,0.5714285714285715,1.65,0,NON_PIT,1.0,0.9990603849960478,COUNTERFACTUAL_NON_PIT,False
over_2_5,0,8ce3916abae009a1013f,2025-01-04 13:00:00+00:00,FULL,0.47504268956499746,0.4805194805194806,2.0,1,NON_PIT,1.0,0.9500853791299949,COUNTERFACTUAL_NON_PIT,False
over_2_5,0,099473df946e5c1c4423,2025-01-04 15:00:00+00:00,FULL,0.5182590387076347,0.5194805194805195,1.85,1,NON_PIT,1.0,0.9634819225847306,COUNTERFACTUAL_NON_PIT,False
over_2_5,0,0d0eea47147ac76c7734,2025-01-04 15:00:00+00:00,FULL,0.4294876757269847,0.4540682414698162,2.08,0,NON_PIT,1.0,0.8589753514539694,COUNTERFACTUAL_NON_PIT,False
over_2_5,0,1d094883541014915dc7,2025-01-04 15:00:00+00:00,FULL,0.6946692987416203,0.6368038740920097,1.5,1,NON_PIT,1.0,0.6106614025167594,COUNTERFACTUAL_NON_PIT,False
over_2_5,0,38fef076bf1bdfd347d6,2025-01-04 15:00:00+00:00,FULL,0.478957567958858,0.5102564102564103,1.91,0,NON_PIT,1.0,0.957915135917716,COUNTERFACTUAL_NON_PIT,False
over_2_5,0,409ce76ac942bdf86dce,2025-01-04 15:00:00+00:00,FULL,0.4487852329031982,0.4473684210526316,2.1,1,NON_PIT,1.0,0.8975704658063964,COUNTERFACTUAL_NON_PIT,False
over_2_5,0,554a3fbfa0e3188166a9,2025-01-04 15:00:00+00:00,FULL,0.5102531109005247,0.5129533678756476,1.88,0,NON_PIT,1.0,0.9794937781989506,COUNTERFACTUAL_NON_PIT,False
over_2_5,0,5d7d353cfcbbdd8f051c,2025-01-04 15:00:00+00:00,FULL,0.5182369220435376,0.4870466321243523,1.98,1,NON_PIT,1.0,0.9635261559129249,COUNTERFACTUAL_NON_PIT,False
over_2_5,0,5f44d243dfd631be485f,2025-01-04 15:00:00+00:00,FULL,0.4788885858461078,0.49350649350649356,1.95,0,NON_PIT,1.0,0.9577771716922155,COUNTERFACTUAL_NON_PIT,False
over_2_5,0,62aad877484030e55e9c,2025-01-04 15:00:00+00:00,FULL,0.3581581632046586,0.413265306122449,2.3,0,NON_PIT,1.0,0.7163163264093172,COUNTERFACTUAL_NON_PIT,False
over_2_5,0,6a8b1ecca2042ca27de7,2025-01-04 15:00:00+00:00,FULL,0.5650599254734705,0.5897435897435896,1.6,1,NON_PIT,1.0,0.869880149053059,COUNTERFACTUAL_NON_PIT,False
over_2_5,0,6f5c7fb6dc7faf20a590,2025-01-04 15:00:00+00:00,FULL,0.500813206067868,0.4675324675324676,2.05,0,NON_PIT,1.0,0.9983735878642639,COUNTERFACTUAL_NON_PIT,False
over_2_5,0,795afe126d9ca4e670a9,2025-01-04 15:00:00+00:00,FULL,0.5482570706797522,0.5194805194805195,1.85,0,NON_PIT,1.0,0.9034858586404957,COUNTERFACTUAL_NON_PIT,False
over_2_5,0,79ab5d1dc4e8a43536cc,2025-01-04 15:00:00+00:00,FULL,0.3314651524598668,0.3796526054590571,2.5,1,NON_PIT,1.0,0.6629303049197336,COUNTERFACTUAL_NON_PIT,False
over_2_5,0,7ddb66e09f53febe0583,2025-01-04 15:00:00+00:00,FULL,0.4861042160567431,0.47409326424870474,2.03,1,NON_PIT,1.0,0.9722084321134862,COUNTERFACTUAL_NON_PIT,False
over_2_5,0,87832d10aa410db5f3e2,2025-01-04 15:00:00+00:00,FULL,0.44529764058361926,0.43152454780361754,2.2,0,NON_PIT,1.0,0.8905952811672385,COUNTERFACTUAL_NON_PIT,False
over_2_5,0,8797871b303b5c620a76,2025-01-04 15:00:00+00:00,FULL,0.5589614296671143,0.5628272251308901,1.67,0,NON_PIT,1.0,0.8820771406657715,COUNTERFACTUAL_NON_PIT,False
over_2_5,0,8e196d7484bb4ee1c799,2025-01-04 15:00:00+00:00,FULL,0.531630032820283,0.47409326424870474,2.03,0,NON_PIT,1.0,0.936739934359434,COUNTERFACTUAL_NON_PIT,False
over_2_5,0,9037a3e7290b358b99c6,2025-01-04 15:00:00+00:00,FULL,0.5296516853958623,0.4473684210526316,2.1,0,NON_PIT,1.0,0.9406966292082755,COUNTERFACTUAL_NON_PIT,False
over_2_5,0,94ea687fd6cca9704e50,2025-01-04 15:00:00+00:00,FULL,0.5080965093962555,0.5483028720626633,1.73,0,NON_PIT,1.0,0.983806981207489,COUNTERFACTUAL_NON_PIT,False
over_2_5,0,97f7fef11af5b575858b,2025-01-04 15:00:00+00:00,FULL,0.5037870761930981,0.5,1.93,1,NON_PIT,1.0,0.9924258476138037,COUNTERFACTUAL_NON_PIT,False
over_2_5,0,ac6e69d972bee10d60fc,2025-01-04 15:00:00+00:00,FULL,0.3972795036785565,0.4516971279373368,2.1,1,NON_PIT,1.0,0.794559007357113,COUNTERFACTUAL_NON_PIT,False
over_2_5,0,cc27ca6cac231758362d,2025-01-04 15:00:00+00:00,FULL,0.4882591077813431,0.4870466321243523,1.98,0,NON_PIT,1.0,0.9765182155626863,COUNTERFACTUAL_NON_PIT,False
over_2_5,0,cd1faffda196dc1a3e14,2025-01-04 15:00:00+00:00,FULL,0.6041694892200314,0.6025316455696202,1.57,0,NON_PIT,1.0,0.7916610215599371,COUNTERFACTUAL_NON_PIT,False
over_2_5,0,dcc1c6e1be926a5706f5,2025-01-04 15:00:00+00:00,FULL,0.4312558474906489,0.5129533678756476,1.88,1,NON_PIT,1.0,0.8625116949812978,COUNTERFACTUAL_NON_PIT,False
over_2_5,0,ee95f19b59b3150cd96e,2025-01-04 15:00:00+00:00,FULL,0.6706306933960955,0.5684754521963824,1.67,1,NON_PIT,1.0,0.658738613207809,COUNTERFACTUAL_NON_PIT,False
over_2_5,0,f409aef6042e0839453f,2025-01-04 15:00:00+00:00,FULL,0.4216253809406996,0.375,2.5,0,NON_PIT,1.0,0.8432507618813992,COUNTERFACTUAL_NON_PIT,False
over_2_5,0,fd70fa5ff7d2314c4847,2025-01-04 15:00:00+00:00,FULL,0.7376437422710281,0.7188160676532769,1.33,1,NON_PIT,1.0,0.5247125154579437,COUNTERFACTUAL_NON_PIT,False
over_2_5,0,017bde626c3b174e3c43,2025-01-04 17:30:00+00:00,FULL,0.5910914141250171,0.5483028720626633,1.73,0,NON_PIT,1.0,0.8178171717499658,COUNTERFACTUAL_NON_PIT,False
over_2_5,0,eb27af0acfd4629c154c,2025-01-05 14:00:00+00:00,FULL,0.5704180686657739,0.5483028720626633,1.73,1,NON_PIT,1.0,0.8591638626684521,COUNTERFACTUAL_NON_PIT,False
over_2_5,0,b321a5605c58f7b29521,2025-01-05 15:00:00+00:00,FULL,0.45716215231940677,0.4540682414698162,2.08,1,NON_PIT,1.0,0.9143243046388135,COUNTERFACTUAL_NON_PIT,False
over_2_5,0,dbf5f5e36ec443874e70,2025-01-05 15:00:00+00:00,FULL,0.5705930129690179,0.5263157894736842,1.8,0,NON_PIT,1.0,0.8588139740619642,COUNTERFACTUAL_NON_PIT,False
over_2_5,0,6561136d550dbe976a8b,2025-01-05 16:30:00+00:00,FULL,0.6310254376864367,0.6563245823389022,1.44,1,NON_PIT,1.0,0.7379491246271266,COUNTERFACTUAL_NON_PIT,False
over_2_5,0,068e1c5c99c263fc54c0,2025-01-06 20:00:00+00:00,FULL,0.4047809831955561,0.43152454780361754,2.2,1,NON_PIT,1.0,0.8095619663911122,COUNTERFACTUAL_NON_PIT,False
over_2_5,0,111d389fd03ea75cab0a,2025-01-06 20:00:00+00:00,FULL,0.4194542058352765,0.4516971279373368,2.1,1,NON_PIT,1.0,0.838908411670553,COUNTERFACTUAL_NON_PIT,False
over_2_5,0,3018b5f74ce12816fc8d,2025-01-07 19:45:00+00:00,FULL,0.425984855050683,0.4675324675324676,2.05,0,NON_PIT,1.0,0.851969710101366,COUNTERFACTUAL_NON_PIT,False
over_2_5,0,2aa87ffd0aa3c9f617d1,2025-01-11 12:30:00+00:00,FULL,0.48644903459780475,0.5194805194805195,1.85,1,NON_PIT,1.0,0.9728980691956095,COUNTERFACTUAL_NON_PIT,False
over_2_5,0,fbb1b185026aab2e2ddc,2025-01-11 12:30:00+00:00,FULL,0.4867691375832824,0.4805194805194806,2.0,1,NON_PIT,1.0,0.9735382751665648,COUNTERFACTUAL_NON_PIT,False
over_2_5,0,fdf4789a62b3dd121857,2025-01-11 15:00:00+00:00,FULL,0.4383886367004952,0.46052631578947373,2.05,0,NON_PIT,1.0,0.8767772734009904,COUNTERFACTUAL_NON_PIT,False
over_2_5,0,2dedcd3ff1312e273e0c,2025-01-14 19:30:00+00:00,FULL,0.7209006640914533,0.6818181818181818,1.4,1,NON_PIT,1.0,0.5581986718170935,COUNTERFACTUAL_NON_PIT,False
over_2_5,0,a23141fa8fac5452a334,2025-01-14 19:30:00+00:00,FULL,0.7524985670532666,0.6818181818181818,1.4,1,NON_PIT,1.0,0.49500286589346687,COUNTERFACTUAL_NON_PIT,False
over_2_5,0,e4efe03bf33bcba3f037,2025-01-14 19:30:00+00:00,FULL,0.4675377918242603,0.523076923076923,1.86,1,NON_PIT,1.0,0.9350755836485206,COUNTERFACTUAL_NON_PIT,False
over_2_5,0,14aa8d3b11863d770fc6,2025-01-14 19:45:00+00:00,FULL,0.48855305293477647,0.47409326424870474,2.03,0,NON_PIT,1.0,0.9771061058695529,COUNTERFACTUAL_NON_PIT,False
over_2_5,0,5760037b45afc80dbab4,2025-01-14 19:45:00+00:00,FULL,0.476748956183463,0.4516971279373368,2.1,0,NON_PIT,1.0,0.953497912366926,COUNTERFACTUAL_NON_PIT,False
over_2_5,0,e91027b02efb28f972a9,2025-01-14 20:00:00+00:00,FULL,0.5725576559317499,0.586734693877551,1.62,0,NON_PIT,1.0,0.8548846881365002,COUNTERFACTUAL_NON_PIT,False
over_2_5,0,16b33f1e6a144da45197,2025-01-15 19:30:00+00:00,FULL,0.6851517733358417,0.6563245823389022,1.44,1,NON_PIT,1.0,0.6296964533283167,COUNTERFACTUAL_NON_PIT,False
over_2_5,0,25d03ca464b428d3925d,2025-01-15 19:30:00+00:00,FULL,0.6108471659726628,0.5483028720626633,1.73,0,NON_PIT,1.0,0.7783056680546745,COUNTERFACTUAL_NON_PIT,False
over_2_5,0,e6180b5e52a2d2d49a55,2025-01-15 19:30:00+00:00,FULL,0.5355858069660305,0.4666666666666667,2.08,0,NON_PIT,1.0,0.9288283860679389,COUNTERFACTUAL_NON_PIT,False
over_2_5,0,30ca867a23454708c47b,2025-01-15 19:45:00+00:00,FULL,0.5803943323258294,0.4870466321243523,1.98,1,NON_PIT,1.0,0.8392113353483412,COUNTERFACTUAL_NON_PIT,False
over_2_5,0,b6643f8582b0d0722a7e,2025-01-15 20:00:00+00:00,FULL,0.7167381405079215,0.6563245823389022,1.44,1,NON_PIT,1.0,0.566523718984157,COUNTERFACTUAL_NON_PIT,False
over_2_5,0,51e6516c1197b0f56c23,2025-01-16 19:30:00+00:00,FULL,0.5564377358532777,0.5483028720626633,1.73,0,NON_PIT,1.0,0.8871245282934446,COUNTERFACTUAL_NON_PIT,False
over_2_5,0,a5914fc259b4b456fcdf,2025-01-16 20:00:00+00:00,FULL,0.39411209457490454,0.4285714285714286,2.2,1,NON_PIT,1.0,0.7882241891498091,COUNTERFACTUAL_NON_PIT,False
over_2_5,0,fa9b5db7963a434594b6,2025-01-16 20:00:00+00:00,FULL,0.6487667429618493,0.6203473945409429,1.53,1,NON_PIT,1.0,0.7024665140763013,COUNTERFACTUAL_NON_PIT,False
over_2_5,0,c7e108d0f28eb02662b2,2025-01-17 19:45:00+00:00,FULL,0.4148152139742456,0.46052631578947373,2.05,0,NON_PIT,1.0,0.8296304279484912,COUNTERFACTUAL_NON_PIT,False
over_2_5,0,2fe79f6e34b5be3fdcb7,2025-01-17 20:00:00+00:00,FULL,0.3147812902168603,0.36319612590799033,2.63,0,NON_PIT,1.0,0.6295625804337206,COUNTERFACTUAL_NON_PIT,False
over_2_5,0,494ad7abcf0a58920479,2025-01-18 12:30:00+00:00,FULL,0.3949462685553301,0.4675324675324676,2.05,0,NON_PIT,1.0,0.7898925371106602,COUNTERFACTUAL_NON_PIT,False
over_2_5,0,68f5fa82a9a576f9581a,2025-01-18 12:30:00+00:00,FULL,0.5036052391987828,0.4540682414698162,2.08,0,NON_PIT,1.0,0.9927895216024345,COUNTERFACTUAL_NON_PIT,False
over_2_5,0,7ae7cfdb7c38023fef5d,2025-01-18 12:30:00+00:00,FULL,0.43579614067835587,0.4516971279373368,2.1,1,NON_PIT,1.0,0.8715922813567117,COUNTERFACTUAL_NON_PIT,False
over_2_5,0,b5d55071893ae779e1e5,2025-01-18 12:30:00+00:00,FULL,0.36249589658772685,0.3796526054590571,2.5,0,NON_PIT,1.0,0.7249917931754537,COUNTERFACTUAL_NON_PIT,False
over_2_5,0,b7255c4b8c3f58af55ec,2025-01-18 12:30:00+00:00,FULL,0.593937717357968,0.6203473945409429,1.53,1,NON_PIT,1.0,0.8121245652840641,COUNTERFACTUAL_NON_PIT,False
over_2_5,0,bd76a10c67deb44b8c83,2025-01-18 12:30:00+00:00,FULL,0.6259359089492726,0.5526315789473685,1.7,0,NON_PIT,1.0,0.7481281821014547,COUNTERFACTUAL_NON_PIT,False
over_2_5,0,db8f85446d93dad7179e,2025-01-18 12:30:00+00:00,FULL,0.5396136813518669,0.4870466321243523,1.98,1,NON_PIT,1.0,0.9207726372962661,COUNTERFACTUAL_NON_PIT,False
over_2_5,0,e04e22a6abd9b593ab20,2025-01-18 12:30:00+00:00,FULL,0.45543852733146073,0.46052631578947373,2.05,0,NON_PIT,1.0,0.9108770546629215,COUNTERFACTUAL_NON_PIT,False
over_2_5,0,81778c4d9a77a5651988,2025-01-18 14:00:00+00:00,FULL,0.41915770013378517,0.4285714285714286,2.2,0,NON_PIT,1.0,0.8383154002675703,COUNTERFACTUAL_NON_PIT,False
over_2_5,0,046723025d859d126ad4,2025-01-18 15:00:00+00:00,FULL,0.3286775144605167,0.43152454780361754,2.2,0,NON_PIT,1.0,0.6573550289210334,COUNTERFACTUAL_NON_PIT,False
over_2_5,0,07b16207b7c0732ee25f,2025-01-18 15:00:00+00:00,FULL,0.38962972695048714,0.4186046511627907,2.25,1,NON_PIT,1.0,0.7792594539009743,COUNTERFACTUAL_NON_PIT,False
over_2_5,0,0bc76ba8e3a017b09947,2025-01-18 15:00:00+00:00,FULL,0.5147558072099176,0.4516971279373368,2.1,0,NON_PIT,1.0,0.9704883855801647,COUNTERFACTUAL_NON_PIT,False
over_2_5,0,23a011a408b9f188f322,2025-01-18 15:00:00+00:00,FULL,0.49931555103022124,0.5263157894736842,1.8,0,NON_PIT,1.0,0.9986311020604425,COUNTERFACTUAL_NON_PIT,False
over_2_5,0,277107683ebd9455a7b4,2025-01-18 15:00:00+00:00,FULL,0.5539445122084106,0.5684754521963824,1.67,1,NON_PIT,1.0,0.8921109755831789,COUNTERFACTUAL_NON_PIT,False
over_2_5,0,32b048bd54c619c4a2bc,2025-01-18 15:00:00+00:00,FULL,0.5446706658698799,0.5259067357512953,1.83,0,NON_PIT,1.0,0.9106586682602402,COUNTERFACTUAL_NON_PIT,False
over_2_5,0,3f694d6bad292ca182cc,2025-01-18 15:00:00+00:00,FULL,0.49079508845440584,0.4473684210526316,2.1,0,NON_PIT,1.0,0.9815901769088117,COUNTERFACTUAL_NON_PIT,False
over_2_5,0,45fb63850a1b000b44ba,2025-01-18 15:00:00+00:00,FULL,0.4063706523917974,0.4473684210526316,2.1,0,NON_PIT,1.0,0.8127413047835949,COUNTERFACTUAL_NON_PIT,False
over_2_5,0,46b97cdc3042886a872b,2025-01-18 15:00:00+00:00,FULL,0.5262708230921499,0.4473684210526316,2.1,0,NON_PIT,1.0,0.9474583538157002,COUNTERFACTUAL_NON_PIT,False
over_2_5,0,56275e96d046e4206a8b,2025-01-18 15:00:00+00:00,FULL,0.7481845168977515,0.7017543859649122,1.36,0,NON_PIT,1.0,0.5036309662044971,COUNTERFACTUAL_NON_PIT,False
over_2_5,0,64af208f480fdb3ba7c8,2025-01-18 15:00:00+00:00,FULL,0.6015868045816553,0.5459317585301837,1.73,1,NON_PIT,1.0,0.7968263908366895,COUNTERFACTUAL_NON_PIT,False
over_2_5,0,737047eebe4b1ce928ec,2025-01-18 15:00:00+00:00,FULL,0.49487615221587594,0.4870466321243523,1.98,0,NON_PIT,1.0,0.9897523044317519,COUNTERFACTUAL_NON_PIT,False
over_2_5,0,76b22cdef83768c00e62,2025-01-18 15:00:00+00:00,FULL,0.33944248718010517,0.375,2.5,1,NON_PIT,1.0,0.6788849743602103,COUNTERFACTUAL_NON_PIT,False
over_2_5,0,8076964421e187269110,2025-01-18 15:00:00+00:00,FULL,0.5207648720829652,0.5,1.93,1,NON_PIT,1.0,0.9584702558340696,COUNTERFACTUAL_NON_PIT,False
over_2_5,0,8bc1bb528a64be92853a,2025-01-18 15:00:00+00:00,FULL,0.5615904068365367,0.5259067357512953,1.83,1,NON_PIT,1.0,0.8768191863269266,COUNTERFACTUAL_NON_PIT,False
over_2_5,0,8bc53c048f9fc5a80784,2025-01-18 15:00:00+00:00,FULL,0.5034754899299372,0.5459317585301837,1.73,1,NON_PIT,1.0,0.9930490201401256,COUNTERFACTUAL_NON_PIT,False
over_2_5,0,95b7c7e8b1961dabf81d,2025-01-18 15:00:00+00:00,FULL,0.4095546364826501,0.4805194805194806,2.0,0,NON_PIT,1.0,0.8191092729653002,COUNTERFACTUAL_NON_PIT,False
over_2_5,0,9c8fe6d4175cc0a4487b,2025-01-18 15:00:00+00:00,FULL,0.5537479704148045,0.5483028720626633,1.73,0,NON_PIT,1.0,0.892504059170391,COUNTERFACTUAL_NON_PIT,False
over_2_5,0,9f3a88abd1cd2bfe81f9,2025-01-18 15:00:00+00:00,FULL,0.4507375598265464,0.47368421052631576,2.0,0,NON_PIT,1.0,0.9014751196530928,COUNTERFACTUAL_NON_PIT,False
over_2_5,0,a5ec4f58f1955f9a291f,2025-01-18 15:00:00+00:00,FULL,0.4516807754451041,0.49350649350649356,1.95,1,NON_PIT,1.0,0.9033615508902082,COUNTERFACTUAL_NON_PIT,False
over_2_5,0,a633c699b6b1c4dc423e,2025-01-18 15:00:00+00:00,FULL,0.4939262485689715,0.5,1.93,0,NON_PIT,1.0,0.987852497137943,COUNTERFACTUAL_NON_PIT,False
over_2_5,0,a9e0c07d98756cee51ca,2025-01-18 15:00:00+00:00,FULL,0.46652408670839324,0.5394736842105263,1.75,1,NON_PIT,1.0,0.9330481734167865,COUNTERFACTUAL_NON_PIT,False
over_2_5,0,aaecc72eb67e0be20c8e,2025-01-18 15:00:00+00:00,FULL,0.3962117394307878,0.4540682414698162,2.08,0,NON_PIT,1.0,0.7924234788615756,COUNTERFACTUAL_NON_PIT,False
over_2_5,0,d42647ba85adf540ed65,2025-01-18 15:00:00+00:00,FULL,0.4374601491506396,0.43152454780361754,2.2,0,NON_PIT,1.0,0.8749202983012792,COUNTERFACTUAL_NON_PIT,False
over_2_5,0,e3ef797098a991e96d06,2025-01-18 15:00:00+00:00,FULL,0.5370181426841834,0.5394736842105263,1.75,1,NON_PIT,1.0,0.9259637146316333,COUNTERFACTUAL_NON_PIT,False
over_2_5,0,f296944f3ab72de85d6b,2025-01-18 15:00:00+00:00,FULL,0.4490802889655486,0.4805194805194806,2.0,0,NON_PIT,1.0,0.8981605779310972,COUNTERFACTUAL_NON_PIT,False
over_2_5,0,f79b5c39e7642ed767cc,2025-01-18 15:00:00+00:00,FULL,0.58774731905894,0.5628272251308901,1.67,0,NON_PIT,1.0,0.8245053618821201,COUNTERFACTUAL_NON_PIT,False
over_2_5,0,35df6b23d999093cb670,2025-01-18 17:30:00+00:00,FULL,0.4627779032138051,0.5205128205128204,1.87,1,NON_PIT,1.0,0.9255558064276102,COUNTERFACTUAL_NON_PIT,False
over_2_5,0,cf919f43985f2c5bab84,2025-01-19 12:00:00+00:00,FULL,0.5258168205049324,0.5263157894736842,1.8,1,NON_PIT,1.0,0.9483663589901352,COUNTERFACTUAL_NON_PIT,False
over_2_5,0,e3eef2b02ee98c293828,2025-01-19 14:00:00+00:00,FULL,0.518253203094174,0.5483028720626633,1.73,1,NON_PIT,1.0,0.963493593811652,COUNTERFACTUAL_NON_PIT,False
over_2_5,0,e945b3a8575140585158,2025-01-19 14:00:00+00:00,FULL,0.6516648642302301,0.5684754521963824,1.67,1,NON_PIT,1.0,0.6966702715395399,COUNTERFACTUAL_NON_PIT,False
over_2_5,0,eaf5d46e2749a4a8904b,2025-01-19 14:00:00+00:00,FULL,0.536864628092569,0.5684754521963824,1.67,1,NON_PIT,1.0,0.9262707438148621,COUNTERFACTUAL_NON_PIT,False
over_2_5,0,359d3907bba3968d715d,2025-01-19 16:30:00+00:00,FULL,0.7087304672828194,0.6563245823389022,1.44,1,NON_PIT,1.0,0.5825390654343612,COUNTERFACTUAL_NON_PIT,False
over_2_5,0,cbccf586a2c1aecd35ee,2025-01-20 20:00:00+00:00,FULL,0.8028455882151487,0.7017543859649122,1.36,1,NON_PIT,1.0,0.39430882356970254,COUNTERFACTUAL_NON_PIT,False
over_2_5,0,035d336c88c793529852,2025-01-21 19:45:00+00:00,FULL,0.4018319293436547,0.4516971279373368,2.1,1,NON_PIT,1.0,0.8036638586873094,COUNTERFACTUAL_NON_PIT,False
over_2_5,0,039f74c97c94e01ba7fd,2025-01-21 19:45:00+00:00,FULL,0.4467321399775371,0.44297082228116713,2.1,1,NON_PIT,1.0,0.8934642799550742,COUNTERFACTUAL_NON_PIT,False
over_2_5,0,296599df382ab4807169,2025-01-21 19:45:00+00:00,FULL,0.38975969403775906,0.4297082228116711,2.15,1,NON_PIT,1.0,0.7795193880755181,COUNTERFACTUAL_NON_PIT,False
over_2_5,0,2d23f84ad4a32a455807,2025-01-21 19:45:00+00:00,FULL,0.3310384157476572,0.42408376963350786,2.2,0,NON_PIT,1.0,0.6620768314953144,COUNTERFACTUAL_NON_PIT,False
over_2_5,0,2f6f9545e8df848ed675,2025-01-21 19:45:00+00:00,FULL,0.6174822783073391,0.557029177718833,1.67,0,NON_PIT,1.0,0.7650354433853217,COUNTERFACTUAL_NON_PIT,False
over_2_5,0,39717fc6dd83712b1942,2025-01-21 19:45:00+00:00,FULL,0.4944065985050147,0.5194805194805195,1.85,1,NON_PIT,1.0,0.9888131970100295,COUNTERFACTUAL_NON_PIT,False
over_2_5,0,52f0468e80a3518fa5d9,2025-01-21 19:45:00+00:00,FULL,0.300184680941469,0.413265306122449,2.3,1,NON_PIT,1.0,0.600369361882938,COUNTERFACTUAL_NON_PIT,False
over_2_5,0,880b84a581ebae995d2e,2025-01-21 19:45:00+00:00,FULL,0.47855063411872095,0.4805194805194806,2.0,0,NON_PIT,1.0,0.9571012682374419,COUNTERFACTUAL_NON_PIT,False
over_2_5,0,9f65af6c0d454f3cf625,2025-01-21 19:45:00+00:00,FULL,0.3820548953708356,0.43152454780361754,2.2,0,NON_PIT,1.0,0.7641097907416712,COUNTERFACTUAL_NON_PIT,False
over_2_5,0,a2094c0f3d2b18bf770a,2025-01-21 19:45:00+00:00,FULL,0.4321382387691152,0.4516971279373368,2.1,0,NON_PIT,1.0,0.8642764775382304,COUNTERFACTUAL_NON_PIT,False
over_2_5,0,a7a6f95b147a7f5ef9e5,2025-01-21 19:45:00+00:00,FULL,0.3955676892277197,0.43152454780361754,2.2,1,NON_PIT,1.0,0.7911353784554394,COUNTERFACTUAL_NON_PIT,False
over_2_5,0,b570feb1158b62024bf1,2025-01-21 19:45:00+00:00,FULL,0.4273799299358969,0.4870466321243523,1.98,1,NON_PIT,1.0,0.8547598598717938,COUNTERFACTUAL_NON_PIT,False
over_2_5,0,452636e93f318eb9670b,2025-01-21 20:00:00+00:00,FULL,0.33845722117299337,0.3181818181818181,3.0,1,NON_PIT,1.0,0.6769144423459867,COUNTERFACTUAL_NON_PIT,False
over_2_5,0,160c6b2d92a6d7f42b1c,2025-01-22 19:45:00+00:00,FULL,0.37700913103331046,0.4805194805194806,2.0,1,NON_PIT,1.0,0.7540182620666209,COUNTERFACTUAL_NON_PIT,False
over_2_5,0,927193c1765821c33f52,2025-01-22 19:45:00+00:00,FULL,0.3967393288172162,0.4516971279373368,2.1,1,NON_PIT,1.0,0.7934786576344324,COUNTERFACTUAL_NON_PIT,False
over_2_5,0,f53df6e20e3ffc03e7d2,2025-01-22 19:45:00+00:00,FULL,0.49103252212476134,0.549597855227882,1.68,0,NON_PIT,1.0,0.9820650442495227,COUNTERFACTUAL_NON_PIT,False
over_2_5,0,769b66e85591d245e86b,2025-01-22 20:00:00+00:00,FULL,0.3682702403566358,0.450402144772118,2.05,1,NON_PIT,1.0,0.7365404807132716,COUNTERFACTUAL_NON_PIT,False
over_2_5,0,8d56b66ddb30c1ed8d62,2025-01-23 20:00:00+00:00,FULL,0.3385242697488463,0.4285714285714286,2.2,0,NON_PIT,1.0,0.6770485394976926,COUNTERFACTUAL_NON_PIT,False
over_2_5,0,cdf3f035a4aca6a3f6e0,2025-01-24 19:45:00+00:00,FULL,0.45855558515407235,0.5259067357512953,1.83,1,NON_PIT,1.0,0.9171111703081447,COUNTERFACTUAL_NON_PIT,False
over_2_5,0,913d4c57d82b39407ab9,2025-01-24 20:00:00+00:00,FULL,0.4023096526556009,0.4675324675324676,2.05,1,NON_PIT,1.0,0.8046193053112018,COUNTERFACTUAL_NON_PIT,False
over_2_5,0,0118274b041ab440ac52,2025-01-25 12:30:00+00:00,FULL,0.5010652917556846,0.4516971279373368,2.1,0,NON_PIT,1.0,0.9978694164886308,COUNTERFACTUAL_NON_PIT,False
over_2_5,0,40e4a5bb5219cb79c146,2025-01-25 12:30:00+00:00,FULL,0.5303911315205204,0.5259067357512953,1.83,0,NON_PIT,1.0,0.9392177369589592,COUNTERFACTUAL_NON_PIT,False
over_2_5,0,61a5461de983bad38841,2025-01-25 12:30:00+00:00,FULL,0.42658070966488804,0.4675324675324676,2.05,0,NON_PIT,1.0,0.8531614193297761,COUNTERFACTUAL_NON_PIT,False
over_2_5,0,79144e20a7aedaf42d28,2025-01-25 12:30:00+00:00,FULL,0.46108552886739657,0.49350649350649356,1.95,1,NON_PIT,1.0,0.9221710577347931,COUNTERFACTUAL_NON_PIT,False
over_2_5,0,df0dcf67a2e69f140069,2025-01-25 12:30:00+00:00,FULL,0.42772401489058426,0.4473684210526316,2.1,1,NON_PIT,1.0,0.8554480297811685,COUNTERFACTUAL_NON_PIT,False
over_2_5,0,e0dcc51c203f249de250,2025-01-25 12:30:00+00:00,FULL,0.3687638080064871,0.36319612590799033,2.63,0,NON_PIT,1.0,0.7375276160129742,COUNTERFACTUAL_NON_PIT,False
over_2_5,0,e69929dacba8cc51997c,2025-01-25 12:30:00+00:00,FULL,0.4724930890410377,0.4866310160427808,1.92,1,NON_PIT,1.0,0.9449861780820754,COUNTERFACTUAL_NON_PIT,False
over_2_5,0,02c861efadcef212e418,2025-01-25 15:00:00+00:00,FULL,0.3411340101916851,0.3796526054590571,2.5,1,NON_PIT,1.0,0.6822680203833702,COUNTERFACTUAL_NON_PIT,False
over_2_5,0,042a80cfd94f3c3b1dda,2025-01-25 15:00:00+00:00,FULL,0.6455975904798296,0.5129533678756476,1.88,1,NON_PIT,1.0,0.7088048190403409,COUNTERFACTUAL_NON_PIT,False
over_2_5,0,080e73c874e42e760c9f,2025-01-25 15:00:00+00:00,FULL,0.42772423143853255,0.47409326424870474,2.03,1,NON_PIT,1.0,0.8554484628770651,COUNTERFACTUAL_NON_PIT,False
over_2_5,0,09081a968bd3d9d0b177,2025-01-25 15:00:00+00:00,FULL,0.633577391656277,0.5394736842105263,1.75,0,NON_PIT,1.0,0.732845216687446,COUNTERFACTUAL_NON_PIT,False
over_2_5,0,1df09abc92d3de82c540,2025-01-25 15:00:00+00:00,FULL,0.48704018249106346,0.5,1.89,0,NON_PIT,1.0,0.9740803649821269,COUNTERFACTUAL_NON_PIT,False
over_2_5,0,2139cf9c55f4fe51f9db,2025-01-25 15:00:00+00:00,FULL,0.5392117744130308,0.5256410256410255,1.85,1,NON_PIT,1.0,0.9215764511739384,COUNTERFACTUAL_NON_PIT,False
over_2_5,0,2e0fe0566af10cb5f045,2025-01-25 15:00:00+00:00,FULL,0.5897932031968264,0.5459317585301837,1.73,0,NON_PIT,1.0,0.8204135936063472,COUNTERFACTUAL_NON_PIT,False
over_2_5,0,34f79bdfa882f863727a,2025-01-25 15:00:00+00:00,FULL,0.6994714325956461,0.656934306569343,1.41,1,NON_PIT,1.0,0.6010571348087077,COUNTERFACTUAL_NON_PIT,False
over_2_5,0,4e977a2beaa5c39c65c8,2025-01-25 15:00:00+00:00,FULL,0.5531965113543772,0.5483028720626633,1.73,0,NON_PIT,1.0,0.8936069772912456,COUNTERFACTUAL_NON_PIT,False
over_2_5,0,4ea74915bed8bd504f79,2025-01-25 15:00:00+00:00,FULL,0.39260217302765227,0.46052631578947373,2.05,0,NON_PIT,1.0,0.7852043460553045,COUNTERFACTUAL_NON_PIT,False
over_2_5,0,5999ee4068dfea7ff95c,2025-01-25 15:00:00+00:00,FULL,0.3750221940732062,0.4562334217506631,2.05,0,NON_PIT,1.0,0.7500443881464124,COUNTERFACTUAL_NON_PIT,False
over_2_5,0,6c848885ee343f8445b8,2025-01-25 15:00:00+00:00,FULL,0.5127366550519362,0.5394736842105263,1.75,0,NON_PIT,1.0,0.9745266898961276,COUNTERFACTUAL_NON_PIT,False
over_2_5,0,74081e4aaf9723dd6c5f,2025-01-25 15:00:00+00:00,FULL,0.6854825067421049,0.6025316455696202,1.57,1,NON_PIT,1.0,0.6290349865157903,COUNTERFACTUAL_NON_PIT,False
over_2_5,0,7c496feadbd2e21c3db1,2025-01-25 15:00:00+00:00,FULL,0.4122866972634274,0.4516971279373368,2.1,1,NON_PIT,1.0,0.8245733945268549,COUNTERFACTUAL_NON_PIT,False
over_2_5,0,7d8e7f3127d8c2f58d73,2025-01-25 15:00:00+00:00,FULL,0.3592658770882241,0.4312169312169312,2.15,1,NON_PIT,1.0,0.7185317541764482,COUNTERFACTUAL_NON_PIT,False
over_2_5,0,851b32554a759bed2f35,2025-01-25 15:00:00+00:00,FULL,0.5247405034665822,0.5628272251308901,1.67,0,NON_PIT,1.0,0.9505189930668356,COUNTERFACTUAL_NON_PIT,False
over_2_5,0,85d57fa17ba931b27249,2025-01-25 15:00:00+00:00,FULL,0.5571448556058856,0.5394736842105263,1.75,0,NON_PIT,1.0,0.8857102887882289,COUNTERFACTUAL_NON_PIT,False
over_2_5,0,887235e7ce78f163822e,2025-01-25 15:00:00+00:00,FULL,0.7628735893554395,0.7619047619047619,1.25,1,NON_PIT,1.0,0.47425282128912105,COUNTERFACTUAL_NON_PIT,False
over_2_5,0,88960f17411743236ec8,2025-01-25 15:00:00+00:00,FULL,0.41323394552357146,0.4540682414698162,2.08,0,NON_PIT,1.0,0.8264678910471429,COUNTERFACTUAL_NON_PIT,False
over_2_5,0,9431f7ed5eff7c51eb1a,2025-01-25 15:00:00+00:00,FULL,0.4752889293203087,0.44297082228116713,2.1,1,NON_PIT,1.0,0.9505778586406174,COUNTERFACTUAL_NON_PIT,False
over_2_5,0,9ad8b14c8730c91c18c5,2025-01-25 15:00:00+00:00,FULL,0.41062177673625244,0.41253263707571797,2.25,0,NON_PIT,1.0,0.8212435534725049,COUNTERFACTUAL_NON_PIT,False
over_2_5,0,9d8a7caf6cd70485f399,2025-01-25 15:00:00+00:00,FULL,0.42751923371243833,0.43152454780361754,2.2,1,NON_PIT,1.0,0.8550384674248767,COUNTERFACTUAL_NON_PIT,False
over_2_5,0,9efe629b08c0c9eb50c0,2025-01-25 15:00:00+00:00,FULL,0.4280007514681683,0.4473684210526316,2.1,0,NON_PIT,1.0,0.8560015029363366,COUNTERFACTUAL_NON_PIT,False
over_2_5,0,c14d88a17845672c5bd9,2025-01-25 15:00:00+00:00,FULL,0.5040947357315955,0.4805194805194806,2.0,0,NON_PIT,1.0,0.9918105285368091,COUNTERFACTUAL_NON_PIT,False
over_2_5,0,cda91fbff788b3c63e77,2025-01-25 15:00:00+00:00,FULL,0.3842939563293461,0.4540682414698162,2.08,1,NON_PIT,1.0,0.7685879126586922,COUNTERFACTUAL_NON_PIT,False
over_2_5,0,dab0ba389fdc18ddcdcf,2025-01-25 15:00:00+00:00,FULL,0.567801751235903,0.5259067357512953,1.83,1,NON_PIT,1.0,0.8643964975281939,COUNTERFACTUAL_NON_PIT,False
over_2_5,0,e357897a3f3ac2a03507,2025-01-25 15:00:00+00:00,FULL,0.4831720441370407,0.4870466321243523,1.98,1,NON_PIT,1.0,0.9663440882740814,COUNTERFACTUAL_NON_PIT,False
over_2_5,0,ed007b2fbf077ebdb4ad,2025-01-25 15:00:00+00:00,FULL,0.3863519808559984,0.4516971279373368,2.1,0,NON_PIT,1.0,0.7727039617119968,COUNTERFACTUAL_NON_PIT,False
over_2_5,0,f824399329cd9895a2bc,2025-01-25 15:00:00+00:00,FULL,0.528927708528484,0.4870466321243523,1.98,1,NON_PIT,1.0,0.9421445829430319,COUNTERFACTUAL_NON_PIT,False
over_2_5,0,fcb7d771e01e2579b5b9,2025-01-25 15:00:00+00:00,FULL,0.5156395582672715,0.4764397905759163,2.0,0,NON_PIT,1.0,0.968720883465457,COUNTERFACTUAL_NON_PIT,False
over_2_5,0,3ceed70c70639da0ea89,2025-01-25 17:30:00+00:00,FULL,0.6325857597408772,0.6818181818181818,1.4,1,NON_PIT,1.0,0.7348284805182457,COUNTERFACTUAL_NON_PIT,False
over_2_5,0,1a3b96e7accd45dad0c5,2025-01-26 14:00:00+00:00,FULL,0.7815960867044709,0.7188160676532769,1.33,1,NON_PIT,1.0,0.4368078265910582,COUNTERFACTUAL_NON_PIT,False
over_2_5,0,5fc68ea982239627b78b,2025-01-26 14:00:00+00:00,FULL,0.5918934008245864,0.5483028720626633,1.73,1,NON_PIT,1.0,0.8162131983508272,COUNTERFACTUAL_NON_PIT,False
over_2_5,0,fe424dab0700ff51309a,2025-01-26 16:30:00+00:00,FULL,0.5043628592774982,0.5684754521963824,1.67,0,NON_PIT,1.0,0.9912742814450035,COUNTERFACTUAL_NON_PIT,False
over_2_5,0,b72d3a83eb15a7408967,2025-01-26 19:00:00+00:00,FULL,0.4633594778768743,0.517948717948718,1.88,0,NON_PIT,1.0,0.9267189557537486,COUNTERFACTUAL_NON_PIT,False
over_2_5,0,63e2db859f781aa53694,2025-01-27 20:00:00+00:00,FULL,0.3712165506202458,0.3796526054590571,2.5,0,NON_PIT,1.0,0.7424331012404916,COUNTERFACTUAL_NON_PIT,False
over_2_5,0,0c4f05a610a08ab589d4,2025-01-28 19:45:00+00:00,FULL,0.2695729486478969,0.36319612590799033,2.63,0,NON_PIT,1.0,0.5391458972957938,COUNTERFACTUAL_NON_PIT,False
over_2_5,0,12bdb1c55f1100815d05,2025-01-28 19:45:00+00:00,FULL,0.43429467186153453,0.43717277486910994,2.15,1,NON_PIT,1.0,0.8685893437230691,COUNTERFACTUAL_NON_PIT,False
over_2_5,0,18df911407231f6a0ef2,2025-01-28 19:45:00+00:00,FULL,0.43782204864922647,0.47409326424870474,2.03,0,NON_PIT,1.0,0.8756440972984529,COUNTERFACTUAL_NON_PIT,False
over_2_5,0,4c174b8fbd9c992a4bdf,2025-01-28 19:45:00+00:00,FULL,0.5956162553170644,0.5459317585301837,1.73,0,NON_PIT,1.0,0.8087674893658712,COUNTERFACTUAL_NON_PIT,False
over_2_5,0,4f6b31c1cfc853b064d5,2025-01-28 19:45:00+00:00,FULL,0.39341265393551994,0.4540682414698162,2.08,0,NON_PIT,1.0,0.7868253078710399,COUNTERFACTUAL_NON_PIT,False
over_2_5,0,50291002d4541b1772cc,2025-01-28 19:45:00+00:00,FULL,0.41179647953180376,0.4473684210526316,2.1,0,NON_PIT,1.0,0.8235929590636075,COUNTERFACTUAL_NON_PIT,False
over_2_5,0,5606995a61a4bc980300,2025-01-28 19:45:00+00:00,FULL,0.396474535177597,0.49350649350649356,1.95,1,NON_PIT,1.0,0.792949070355194,COUNTERFACTUAL_NON_PIT,False
over_2_5,0,5e5c01c79d46a61f7cb6,2025-01-28 19:45:00+00:00,FULL,0.47132014820910756,0.47409326424870474,2.03,0,NON_PIT,1.0,0.9426402964182151,COUNTERFACTUAL_NON_PIT,False
over_2_5,0,5ec76a7e0b244eb6c182,2025-01-28 19:45:00+00:00,FULL,0.4577678061622273,0.43717277486910994,2.15,0,NON_PIT,1.0,0.9155356123244546,COUNTERFACTUAL_NON_PIT,False
over_2_5,0,63202512911cf91ac249,2025-01-28 19:45:00+00:00,FULL,0.4868276140830229,0.5129533678756476,1.88,0,NON_PIT,1.0,0.9736552281660458,COUNTERFACTUAL_NON_PIT,False
over_2_5,0,694f7247d74a5f762809,2025-01-28 19:45:00+00:00,FULL,0.47858463547791397,0.49350649350649356,1.95,1,NON_PIT,1.0,0.9571692709558279,COUNTERFACTUAL_NON_PIT,False
over_2_5,0,6b9858a70acf4116261e,2025-01-28 19:45:00+00:00,FULL,0.5698235213322576,0.5459317585301837,1.73,1,NON_PIT,1.0,0.8603529573354849,COUNTERFACTUAL_NON_PIT,False
over_2_5,0,82e03725adc90d34a705,2025-01-28 19:45:00+00:00,FULL,0.4459180147340671,0.4540682414698162,2.08,0,NON_PIT,1.0,0.8918360294681342,COUNTERFACTUAL_NON_PIT,False
over_2_5,0,9986428fd0be24f61b1f,2025-01-28 19:45:00+00:00,FULL,0.5066633517381627,0.4870466321243523,1.98,0,NON_PIT,1.0,0.9866732965236746,COUNTERFACTUAL_NON_PIT,False
over_2_5,0,9a09c31363a22c8c8e6b,2025-01-28 19:45:00+00:00,FULL,0.4162873608350526,0.46052631578947373,2.05,1,NON_PIT,1.0,0.8325747216701052,COUNTERFACTUAL_NON_PIT,False
over_2_5,0,9cc76479caf334453036,2025-01-28 19:45:00+00:00,FULL,0.48607985961358446,0.46052631578947373,2.05,1,NON_PIT,1.0,0.9721597192271689,COUNTERFACTUAL_NON_PIT,False
over_2_5,0,c981b77aa14da6e0aa67,2025-01-28 19:45:00+00:00,FULL,0.4340345739977133,0.4870466321243523,1.98,1,NON_PIT,1.0,0.8680691479954266,COUNTERFACTUAL_NON_PIT,False
over_2_5,0,d8502511c82d994d9a3b,2025-01-28 19:45:00+00:00,FULL,0.5601001258844309,0.5897435897435896,1.6,0,NON_PIT,1.0,0.8797997482311382,COUNTERFACTUAL_NON_PIT,False
over_2_5,0,dea1336d67d1dfefdf39,2025-01-28 19:45:00+00:00,FULL,0.551292349347022,0.5129533678756476,1.88,1,NON_PIT,1.0,0.897415301305956,COUNTERFACTUAL_NON_PIT,False
over_2_5,0,e87fac93423e92725bfc,2025-01-28 19:45:00+00:00,FULL,0.3278847484687494,0.3478260869565217,2.7,1,NON_PIT,1.0,0.6557694969374988,COUNTERFACTUAL_NON_PIT,False
over_2_5,0,ea0b855dcaf9e73c6ec4,2025-01-28 19:45:00+00:00,FULL,0.5642048456616952,0.5628272251308901,1.67,0,NON_PIT,1.0,0.8715903086766097,COUNTERFACTUAL_NON_PIT,False
over_2_5,0,ed9fdde1d2ca1e538554,2025-01-28 19:45:00+00:00,FULL,0.2603582747063417,0.32710280373831774,2.88,0,NON_PIT,1.0,0.5207165494126834,COUNTERFACTUAL_NON_PIT,False
over_2_5,0,6238a9707b0f321dd607,2025-01-28 20:00:00+00:00,FULL,0.3815024594813942,0.41025641025641024,2.3,0,NON_PIT,1.0,0.7630049189627884,COUNTERFACTUAL_NON_PIT,False
over_2_5,0,b61fa3099c75f7125253,2025-01-29 20:00:00+00:00,FULL,0.43389274997019617,0.43717277486910994,2.15,1,NON_PIT,1.0,0.8677854999403923,COUNTERFACTUAL_NON_PIT,False
over_2_5,0,ea365b41855083dce285,2025-01-31 20:00:00+00:00,FULL,0.38216548373961634,0.3796526054590571,2.5,1,NON_PIT,1.0,0.7643309674792327,COUNTERFACTUAL_NON_PIT,False
over_2_5,0,17ed5acf640cc7469263,2025-02-01 12:30:00+00:00,FULL,0.5291403032391256,0.5129533678756476,1.88,0,NON_PIT,1.0,0.9417193935217487,COUNTERFACTUAL_NON_PIT,False
over_2_5,0,3c28504b8a84deaf31fb,2025-02-01 12:30:00+00:00,FULL,0.514697618066248,0.49350649350649356,1.95,0,NON_PIT,1.0,0.9706047638675039,COUNTERFACTUAL_NON_PIT,False
over_2_5,0,5d2b0d6249f6d81336ad,2025-02-01 12:30:00+00:00,FULL,0.3827676577802443,0.43152454780361754,2.2,0,NON_PIT,1.0,0.7655353155604886,COUNTERFACTUAL_NON_PIT,False
over_2_5,0,5fbb12d91f52f9a3a0c2,2025-02-01 12:30:00+00:00,FULL,0.5011302682870735,0.5064935064935064,1.9,1,NON_PIT,1.0,0.997739463425853,COUNTERFACTUAL_NON_PIT,False
over_2_5,0,9ca20f04acaa13f304da,2025-02-01 12:30:00+00:00,FULL,0.49595324294895504,0.43717277486910994,2.15,1,NON_PIT,1.0,0.9919064858979101,COUNTERFACTUAL_NON_PIT,False
over_2_5,0,acb61e8a112acdf4e3cf,2025-02-01 12:30:00+00:00,FULL,0.6318062799081343,0.5526315789473685,1.7,0,NON_PIT,1.0,0.7363874401837314,COUNTERFACTUAL_NON_PIT,False
over_2_5,0,b42f4ff79c597195e5d5,2025-02-01 12:30:00+00:00,FULL,0.432602810405936,0.5,1.95,1,NON_PIT,1.0,0.865205620811872,COUNTERFACTUAL_NON_PIT,False
over_2_5,0,c52db2efb60489a879f4,2025-02-01 12:30:00+00:00,FULL,0.4440034557969909,0.46052631578947373,2.05,1,NON_PIT,1.0,0.8880069115939818,COUNTERFACTUAL_NON_PIT,False
over_2_5,0,0173ae0ebab96f0f7c6c,2025-02-01 15:00:00+00:00,FULL,0.5558167324662908,0.586734693877551,1.62,1,NON_PIT,1.0,0.8883665350674184,COUNTERFACTUAL_NON_PIT,False
over_2_5,0,032b40636f354c6cb268,2025-02-01 15:00:00+00:00,FULL,0.4808553919355011,0.46052631578947373,2.05,0,NON_PIT,1.0,0.9617107838710022,COUNTERFACTUAL_NON_PIT,False
over_2_5,0,0e26d179270514b15ea3,2025-02-01 15:00:00+00:00,FULL,0.5004373099784758,0.49350649350649356,1.95,1,NON_PIT,1.0,0.9991253800430484,COUNTERFACTUAL_NON_PIT,False
over_2_5,0,0f94c1eaf2f79a4e3eaf,2025-02-01 15:00:00+00:00,FULL,0.4542686620911844,0.43717277486910994,2.15,1,NON_PIT,1.0,0.9085373241823688,COUNTERFACTUAL_NON_PIT,False
over_2_5,0,21adbdd60982f7badca8,2025-02-01 15:00:00+00:00,FULL,0.453117635923304,0.4870466321243523,1.98,0,NON_PIT,1.0,0.906235271846608,COUNTERFACTUAL_NON_PIT,False
over_2_5,0,3378b06f4679eb93e4e2,2025-02-01 15:00:00+00:00,FULL,0.4612766511582854,0.5,1.93,1,NON_PIT,1.0,0.9225533023165708,COUNTERFACTUAL_NON_PIT,False
over_2_5,0,34aed6c822d4673cf83b,2025-02-01 15:00:00+00:00,FULL,0.24809159131733954,0.3478260869565217,2.7,0,NON_PIT,1.0,0.4961831826346791,COUNTERFACTUAL_NON_PIT,False
over_2_5,0,3a4bd4b474bae16c36ee,2025-02-01 15:00:00+00:00,FULL,0.49206618649610157,0.4675324675324676,2.05,1,NON_PIT,1.0,0.9841323729922031,COUNTERFACTUAL_NON_PIT,False
over_2_5,0,3c9c933cc4a49a31ded4,2025-02-01 15:00:00+00:00,FULL,0.5653973645094675,0.5259067357512953,1.83,1,NON_PIT,1.0,0.8692052709810649,COUNTERFACTUAL_NON_PIT,False
over_2_5,0,41fc05f031430bda8482,2025-02-01 15:00:00+00:00,FULL,0.5222793486163917,0.4870466321243523,1.98,0,NON_PIT,1.0,0.9554413027672166,COUNTERFACTUAL_NON_PIT,False
over_2_5,0,4d6006763ac37d0e8932,2025-02-01 15:00:00+00:00,FULL,0.4838486092299103,0.46052631578947373,2.05,1,NON_PIT,1.0,0.9676972184598206,COUNTERFACTUAL_NON_PIT,False
over_2_5,0,551f704a86dc7deeb6f8,2025-02-01 15:00:00+00:00,FULL,0.7006810320366043,0.6563245823389022,1.44,0,NON_PIT,1.0,0.5986379359267915,COUNTERFACTUAL_NON_PIT,False
over_2_5,0,673513f7ff8390f39f58,2025-02-01 15:00:00+00:00,FULL,0.5574923451229077,0.5526315789473685,1.7,0,NON_PIT,1.0,0.8850153097541846,COUNTERFACTUAL_NON_PIT,False
over_2_5,0,6a9a3e5965b65f1101f2,2025-02-01 15:00:00+00:00,FULL,0.4093397555249851,0.43152454780361754,2.2,0,NON_PIT,1.0,0.8186795110499702,COUNTERFACTUAL_NON_PIT,False
over_2_5,0,81ce0e1ff5b643d85f4a,2025-02-01 15:00:00+00:00,FULL,0.2841556798368608,0.43152454780361754,2.2,0,NON_PIT,1.0,0.5683113596737216,COUNTERFACTUAL_NON_PIT,False
over_2_5,0,8357c18ddb64d72c108b,2025-02-01 15:00:00+00:00,FULL,0.49761363011220394,0.4540682414698162,2.08,1,NON_PIT,1.0,0.9952272602244079,COUNTERFACTUAL_NON_PIT,False
over_2_5,0,89969465a849df850e1f,2025-02-01 15:00:00+00:00,FULL,0.5943678758244668,0.5483028720626633,1.73,1,NON_PIT,1.0,0.8112642483510664,COUNTERFACTUAL_NON_PIT,False
over_2_5,0,8aebc45fe9e60bf7570e,2025-02-01 15:00:00+00:00,FULL,0.4688274053958058,0.5,1.93,1,NON_PIT,1.0,0.9376548107916116,COUNTERFACTUAL_NON_PIT,False
over_2_5,0,8de714c3045296b353cb,2025-02-01 15:00:00+00:00,FULL,0.5883919426240648,0.5483028720626633,1.73,1,NON_PIT,1.0,0.8232161147518704,COUNTERFACTUAL_NON_PIT,False
over_2_5,0,94329cc31a1fa50dd7b5,2025-02-01 15:00:00+00:00,FULL,0.5150702985147726,0.4805194805194806,2.0,0,NON_PIT,1.0,0.9698594029704548,COUNTERFACTUAL_NON_PIT,False
over_2_5,0,bb6f721ecd9bdcfc3035,2025-02-01 15:00:00+00:00,FULL,0.35898296674974606,0.4186046511627907,2.25,0,NON_PIT,1.0,0.7179659334994921,COUNTERFACTUAL_NON_PIT,False
over_2_5,0,c4e82cd59d1e2977eb3d,2025-02-01 15:00:00+00:00,FULL,0.3468438114574981,0.41025641025641024,2.3,0,NON_PIT,1.0,0.6936876229149962,COUNTERFACTUAL_NON_PIT,False
over_2_5,0,c6422f0842fdf23a2879,2025-02-01 15:00:00+00:00,FULL,0.38011532645561247,0.43152454780361754,2.2,0,NON_PIT,1.0,0.7602306529112249,COUNTERFACTUAL_NON_PIT,False
over_2_5,0,c85b72d798b685a4d82c,2025-02-01 15:00:00+00:00,FULL,0.36402487524223576,0.46052631578947373,2.05,1,NON_PIT,1.0,0.7280497504844715,COUNTERFACTUAL_NON_PIT,False
over_2_5,0,cb1e01cb4522e73ba3b2,2025-02-01 15:00:00+00:00,FULL,0.48177574963965764,0.4769230769230769,2.04,1,NON_PIT,1.0,0.9635514992793153,COUNTERFACTUAL_NON_PIT,False
over_2_5,0,e0095939ca8a44a589e8,2025-02-01 15:00:00+00:00,FULL,0.4125983352785137,0.4186046511627907,2.25,0,NON_PIT,1.0,0.8251966705570274,COUNTERFACTUAL_NON_PIT,False
over_2_5,0,e6904465a510967c352c,2025-02-01 15:00:00+00:00,FULL,0.37617633185315724,0.4186046511627907,2.25,1,NON_PIT,1.0,0.7523526637063145,COUNTERFACTUAL_NON_PIT,False
over_2_5,0,edae2ed9ac323d83b7f4,2025-02-01 15:00:00+00:00,FULL,0.4899569797274178,0.46052631578947373,2.05,1,NON_PIT,1.0,0.9799139594548356,COUNTERFACTUAL_NON_PIT,False
over_2_5,0,edb7d2d9e5739e70c373,2025-02-01 15:00:00+00:00,FULL,0.286791959725299,0.3436754176610979,2.75,1,NON_PIT,1.0,0.573583919450598,COUNTERFACTUAL_NON_PIT,False
over_2_5,0,edf0207ac313d40bacfd,2025-02-01 15:00:00+00:00,FULL,0.45420567546520013,0.47409326424870474,2.03,1,NON_PIT,1.0,0.9084113509304003,COUNTERFACTUAL_NON_PIT,False
over_2_5,0,fd0254a3021b0c9dab89,2025-02-01 17:30:00+00:00,FULL,0.5894478750759873,0.5483028720626633,1.73,0,NON_PIT,1.0,0.8211042498480254,COUNTERFACTUAL_NON_PIT,False
over_2_5,0,a5d07c2e3cbc7797bbff,2025-02-02 14:00:00+00:00,FULL,0.7919353659823116,0.7188160676532769,1.33,0,NON_PIT,1.0,0.41612926803537675,COUNTERFACTUAL_NON_PIT,False
over_2_5,0,d7ee4e4c8fcd31e73d74,2025-02-02 14:00:00+00:00,FULL,0.5096039140834606,0.5205128205128204,1.87,0,NON_PIT,1.0,0.9807921718330788,COUNTERFACTUAL_NON_PIT,False
over_2_5,0,2396e826592db1ae9436,2025-02-02 15:00:00+00:00,FULL,0.5852413915074375,0.5459317585301837,1.73,1,NON_PIT,1.0,0.829517216985125,COUNTERFACTUAL_NON_PIT,False
over_2_5,0,ef0ea214ddd736e44a05,2025-02-02 16:30:00+00:00,FULL,0.60751746699009,0.5483028720626633,1.73,1,NON_PIT,1.0,0.78496506601982,COUNTERFACTUAL_NON_PIT,False
over_2_5,0,5aab3f639ba3c0669a09,2025-02-03 20:00:00+00:00,FULL,0.49351906779305726,0.5,1.93,1,NON_PIT,1.0,0.9870381355861145,COUNTERFACTUAL_NON_PIT,False
over_2_5,0,67b6afc20ff4ed337ef4,2025-02-03 20:00:00+00:00,FULL,0.6642216019904582,0.6818181818181818,1.4,1,NON_PIT,1.0,0.6715567960190836,COUNTERFACTUAL_NON_PIT,False
over_2_5,0,4757615d06baec97411c,2025-02-04 19:45:00+00:00,FULL,0.4456576316459484,0.4540682414698162,2.08,1,NON_PIT,1.0,0.8913152632918968,COUNTERFACTUAL_NON_PIT,False
over_2_5,0,5f0b4861f323a5743367,2025-02-04 19:45:00+00:00,FULL,0.5120067322812024,0.5129533678756476,1.88,1,NON_PIT,1.0,0.9759865354375952,COUNTERFACTUAL_NON_PIT,False
over_2_5,0,7e7c1bd88b3ca58e2b34,2025-02-04 19:45:00+00:00,FULL,0.36510132844858095,0.413265306122449,2.3,1,NON_PIT,1.0,0.7302026568971619,COUNTERFACTUAL_NON_PIT,False
over_2_5,0,bbf3a62013c96e86462d,2025-02-04 19:45:00+00:00,FULL,0.45064540946575865,0.43152454780361754,2.2,0,NON_PIT,1.0,0.9012908189315173,COUNTERFACTUAL_NON_PIT,False
over_2_5,0,d31c285c01175392664f,2025-02-05 19:45:00+00:00,FULL,0.49346951694041147,0.5,1.93,0,NON_PIT,1.0,0.9869390338808229,COUNTERFACTUAL_NON_PIT,False
over_2_5,0,6c4b807d1dde6f6a46b6,2025-02-06 19:45:00+00:00,FULL,0.5041912382636385,0.5,1.93,1,NON_PIT,1.0,0.9916175234727229,COUNTERFACTUAL_NON_PIT,False
over_2_5,0,cf8e41360fb918a3a3e6,2025-02-07 19:45:00+00:00,FULL,0.47665792769628185,0.4675324675324676,2.05,0,NON_PIT,1.0,0.9533158553925637,COUNTERFACTUAL_NON_PIT,False
over_2_5,0,019297adcb72c6b25375,2025-02-08 12:30:00+00:00,FULL,0.5428809607567778,0.5129533678756476,1.88,1,NON_PIT,1.0,0.9142380784864443,COUNTERFACTUAL_NON_PIT,False
over_2_5,0,8998b078a523644ffdac,2025-02-08 12:30:00+00:00,FULL,0.33743506862371137,0.375,2.5,0,NON_PIT,1.0,0.6748701372474227,COUNTERFACTUAL_NON_PIT,False
over_2_5,0,99c699df2e8a3aa17e2f,2025-02-08 12:30:00+00:00,FULL,0.5136895072756744,0.5259067357512953,1.83,1,NON_PIT,1.0,0.9726209854486512,COUNTERFACTUAL_NON_PIT,False
over_2_5,0,9f94419477e38b6bfecc,2025-02-08 12:30:00+00:00,FULL,0.4164318014789937,0.4516971279373368,2.1,1,NON_PIT,1.0,0.8328636029579874,COUNTERFACTUAL_NON_PIT,False
over_2_5,0,dd24d530ea3c9959c6c9,2025-02-08 12:30:00+00:00,FULL,0.4014760265047485,0.4540682414698162,2.08,0,NON_PIT,1.0,0.802952053009497,COUNTERFACTUAL_NON_PIT,False
over_2_5,0,dd751cb7ed3eb0404328,2025-02-08 12:30:00+00:00,FULL,0.36722378425308155,0.4675324675324676,2.05,1,NON_PIT,1.0,0.7344475685061631,COUNTERFACTUAL_NON_PIT,False
over_2_5,0,1223857b4c670e36bbe9,2025-02-08 15:00:00+00:00,FULL,0.3886788081990198,0.4473684210526316,2.1,0,NON_PIT,1.0,0.7773576163980396,COUNTERFACTUAL_NON_PIT,False
over_2_5,0,1abbdc3ec34c71c433fb,2025-02-08 15:00:00+00:00,FULL,0.5365992730902837,0.4870466321243523,1.98,0,NON_PIT,1.0,0.9268014538194327,COUNTERFACTUAL_NON_PIT,False
over_2_5,0,403e0dfe02319a487d4d,2025-02-08 15:00:00+00:00,FULL,0.4228993451616596,0.4540682414698162,2.08,1,NON_PIT,1.0,0.8457986903233192,COUNTERFACTUAL_NON_PIT,False
over_2_5,0,43da13ed0f5a08aadafe,2025-02-08 15:00:00+00:00,FULL,0.4889152283676651,0.4805194805194806,2.0,1,NON_PIT,1.0,0.9778304567353302,COUNTERFACTUAL_NON_PIT,False
over_2_5,0,45ce57170352ab174ba0,2025-02-08 15:00:00+00:00,FULL,0.40980857322687064,0.4675324675324676,2.05,0,NON_PIT,1.0,0.8196171464537413,COUNTERFACTUAL_NON_PIT,False
over_2_5,0,4c2dc7e8a58c344691f9,2025-02-08 15:00:00+00:00,FULL,0.4576117837320338,0.49350649350649356,1.95,0,NON_PIT,1.0,0.9152235674640676,COUNTERFACTUAL_NON_PIT,False
over_2_5,0,54863c5b86db688cc633,2025-02-08 15:00:00+00:00,FULL,0.6817748014129359,0.6106870229007634,1.53,1,NON_PIT,1.0,0.6364503971741282,COUNTERFACTUAL_NON_PIT,False
over_2_5,0,59debf91cc6c96822619,2025-02-08 15:00:00+00:00,FULL,0.6225939506478133,0.5459317585301837,1.73,0,NON_PIT,1.0,0.7548120987043734,COUNTERFACTUAL_NON_PIT,False
over_2_5,0,82aa9ef68968b093948c,2025-02-08 15:00:00+00:00,FULL,0.5537477687476506,0.5,1.93,1,NON_PIT,1.0,0.8925044625046987,COUNTERFACTUAL_NON_PIT,False
over_2_5,0,87aa671e7f9063119baa,2025-02-08 15:00:00+00:00,FULL,0.6300213227559326,0.5129533678756476,1.88,0,NON_PIT,1.0,0.7399573544881348,COUNTERFACTUAL_NON_PIT,False
over_2_5,0,b281a7df5d78678f4960,2025-02-08 15:00:00+00:00,FULL,0.31775147245221874,0.3893129770992367,2.4,0,NON_PIT,1.0,0.6355029449044375,COUNTERFACTUAL_NON_PIT,False
over_2_5,0,cb6559120d53e975c4b1,2025-02-08 15:00:00+00:00,FULL,0.35991125582171873,0.41025641025641024,2.3,1,NON_PIT,1.0,0.7198225116434375,COUNTERFACTUAL_NON_PIT,False
over_2_5,0,e291d64d3fc2fddc657b,2025-02-08 15:00:00+00:00,FULL,0.47264818123373736,0.4540682414698162,2.08,0,NON_PIT,1.0,0.9452963624674747,COUNTERFACTUAL_NON_PIT,False
over_2_5,0,ec2a4bb36ea678a3082c,2025-02-08 15:00:00+00:00,FULL,0.34117601858401736,0.375,2.5,1,NON_PIT,1.0,0.6823520371680347,COUNTERFACTUAL_NON_PIT,False
over_2_5,0,ef8e79c44d2b5c5ae5df,2025-02-08 15:00:00+00:00,FULL,0.5932224663326778,0.5628272251308901,1.67,0,NON_PIT,1.0,0.8135550673346443,COUNTERFACTUAL_NON_PIT,False
over_2_5,0,ffa9cfd1671d053b7a5b,2025-02-08 15:00:00+00:00,FULL,0.5309922524513714,0.5129533678756476,1.88,1,NON_PIT,1.0,0.9380154950972572,COUNTERFACTUAL_NON_PIT,False
over_2_5,0,d9839abe57e3a7aac041,2025-02-09 12:00:00+00:00,FULL,0.4304113827414935,0.4516971279373368,2.1,0,NON_PIT,1.0,0.860822765482987,COUNTERFACTUAL_NON_PIT,False
over_2_5,0,0e0a52fd10480e38d563,2025-02-11 19:45:00+00:00,FULL,0.5782023754085748,0.5526315789473685,1.7,1,NON_PIT,1.0,0.8435952491828504,COUNTERFACTUAL_NON_PIT,False
over_2_5,0,145543268280f996daa6,2025-02-11 19:45:00+00:00,FULL,0.4948417467672784,0.47409326424870474,2.03,1,NON_PIT,1.0,0.9896834935345568,COUNTERFACTUAL_NON_PIT,False
over_2_5,0,1646865737d2d6c35e5a,2025-02-11 19:45:00+00:00,FULL,0.4413989405789962,0.4473684210526316,2.1,0,NON_PIT,1.0,0.8827978811579924,COUNTERFACTUAL_NON_PIT,False
over_2_5,0,1bbaa6f11c2595862338,2025-02-11 19:45:00+00:00,FULL,0.4495971715483315,0.47409326424870474,2.03,0,NON_PIT,1.0,0.899194343096663,COUNTERFACTUAL_NON_PIT,False
over_2_5,0,392d18010e0903762813,2025-02-11 19:45:00+00:00,FULL,0.3290143511719634,0.3436754176610979,2.75,0,NON_PIT,1.0,0.6580287023439269,COUNTERFACTUAL_NON_PIT,False
over_2_5,0,3a2fc8d4d0ec9b7384f3,2025-02-11 19:45:00+00:00,FULL,0.35850303270562794,0.43152454780361754,2.2,1,NON_PIT,1.0,0.7170060654112559,COUNTERFACTUAL_NON_PIT,False
over_2_5,0,3c5e400106dc43d13019,2025-02-11 19:45:00+00:00,FULL,0.46455151770259495,0.4805194805194806,2.0,0,NON_PIT,1.0,0.9291030354051899,COUNTERFACTUAL_NON_PIT,False
over_2_5,0,3c7cadc85e4becc17c23,2025-02-11 19:45:00+00:00,FULL,0.4350635165114867,0.43717277486910994,2.15,1,NON_PIT,1.0,0.8701270330229735,COUNTERFACTUAL_NON_PIT,False
over_2_5,0,43afc2458f9447245ccb,2025-02-11 19:45:00+00:00,FULL,0.40144430596813824,0.4473684210526316,2.1,0,NON_PIT,1.0,0.8028886119362765,COUNTERFACTUAL_NON_PIT,False
over_2_5,0,60b02e68047773008b24,2025-02-11 19:45:00+00:00,FULL,0.5013006784776791,0.4805194805194806,2.0,0,NON_PIT,1.0,0.9973986430446418,COUNTERFACTUAL_NON_PIT,False
over_2_5,0,63a8fe62728556166a31,2025-02-11 19:45:00+00:00,FULL,0.5662764518041007,0.5483028720626633,1.73,1,NON_PIT,1.0,0.8674470963917986,COUNTERFACTUAL_NON_PIT,False
over_2_5,0,700ca25878ac4cf51c31,2025-02-11 19:45:00+00:00,FULL,0.3670216485471859,0.375,2.5,1,NON_PIT,1.0,0.7340432970943718,COUNTERFACTUAL_NON_PIT,False
over_2_5,0,7191ebd5d10a71c0d5bd,2025-02-11 19:45:00+00:00,FULL,0.4287932185051696,0.4870466321243523,1.98,0,NON_PIT,1.0,0.8575864370103392,COUNTERFACTUAL_NON_PIT,False
over_2_5,0,88a5e2b6f74b437683b8,2025-02-11 19:45:00+00:00,FULL,0.4169711690219277,0.46052631578947373,2.05,0,NON_PIT,1.0,0.8339423380438554,COUNTERFACTUAL_NON_PIT,False
over_2_5,0,96495a6a4784c9dc9c7e,2025-02-11 19:45:00+00:00,FULL,0.5273032394263935,0.5897435897435896,1.6,1,NON_PIT,1.0,0.9453935211472131,COUNTERFACTUAL_NON_PIT,False
over_2_5,0,f9f3ea5f6d79aee6ca14,2025-02-11 19:45:00+00:00,FULL,0.4363167847154903,0.46052631578947373,2.05,1,NON_PIT,1.0,0.8726335694309806,COUNTERFACTUAL_NON_PIT,False
over_2_5,0,6c57115e61d79ef3cbf4,2025-02-11 20:00:00+00:00,FULL,0.46546408051677624,0.4473684210526316,2.1,0,NON_PIT,1.0,0.9309281610335525,COUNTERFACTUAL_NON_PIT,False
over_2_5,0,8aaa1619a7147082326c,2025-02-11 20:00:00+00:00,FULL,0.40375773972521445,0.4516971279373368,2.1,0,NON_PIT,1.0,0.8075154794504289,COUNTERFACTUAL_NON_PIT,False
over_2_5,0,a33184783ff1626c01ec,2025-02-12 19:30:00+00:00,FULL,0.493476384294905,0.5483028720626633,1.73,1,NON_PIT,1.0,0.98695276858981,COUNTERFACTUAL_NON_PIT,False
over_2_5,0,063060c5a252095218b5,2025-02-12 19:45:00+00:00,FULL,0.45617475448579253,0.4516971279373368,2.1,0,NON_PIT,1.0,0.9123495089715851,COUNTERFACTUAL_NON_PIT,False
over_2_5,0,643af3d3befc65191859,2025-02-12 19:45:00+00:00,FULL,0.44495298607310646,0.4805194805194806,2.0,0,NON_PIT,1.0,0.8899059721462129,COUNTERFACTUAL_NON_PIT,False
over_2_5,0,b03c6f51fb6475b80992,2025-02-12 19:45:00+00:00,FULL,0.3268818154482339,0.3796526054590571,2.5,1,NON_PIT,1.0,0.6537636308964678,COUNTERFACTUAL_NON_PIT,False
over_2_5,0,c28843f5c6642fa48b0b,2025-02-12 19:45:00+00:00,FULL,0.3865995121525341,0.39746835443037976,2.38,0,NON_PIT,1.0,0.7731990243050681,COUNTERFACTUAL_NON_PIT,False
over_2_5,0,ea2bd049abe175c5d859,2025-02-12 19:45:00+00:00,FULL,0.4335262802868097,0.4805194805194806,2.0,0,NON_PIT,1.0,0.8670525605736193,COUNTERFACTUAL_NON_PIT,False
over_2_5,0,0c19a35d3b8422d6bb34,2025-02-12 20:00:00+00:00,FULL,0.43966996609297415,0.4675324675324676,2.05,0,NON_PIT,1.0,0.8793399321859483,COUNTERFACTUAL_NON_PIT,False
over_2_5,0,0f7de03c9b8a437264bd,2025-02-12 20:00:00+00:00,FULL,0.3957326248723401,0.5,1.93,1,NON_PIT,1.0,0.7914652497446802,COUNTERFACTUAL_NON_PIT,False
over_2_5,0,3002c97802b478186e1c,2025-02-13 20:00:00+00:00,FULL,0.44922484009349467,0.5,1.93,0,NON_PIT,1.0,0.8984496801869893,COUNTERFACTUAL_NON_PIT,False
over_2_5,0,5a3f932ee1393b86dd68,2025-02-14 20:00:00+00:00,FULL,0.5549268967326069,0.6025316455696202,1.57,1,NON_PIT,1.0,0.8901462065347863,COUNTERFACTUAL_NON_PIT,False
over_2_5,0,9fb4265317229ad655b3,2025-02-14 20:00:00+00:00,FULL,0.3445789084092092,0.36319612590799033,2.63,1,NON_PIT,1.0,0.6891578168184184,COUNTERFACTUAL_NON_PIT,False
over_2_5,0,02df4a1da018d3dd5764,2025-02-15 12:30:00+00:00,FULL,0.39267789709051615,0.4285714285714286,2.2,0,NON_PIT,1.0,0.7853557941810323,COUNTERFACTUAL_NON_PIT,False
over_2_5,0,070d2c0aaf29b17044e4,2025-02-15 12:30:00+00:00,FULL,0.5619709168952308,0.5483028720626633,1.73,0,NON_PIT,1.0,0.8760581662095384,COUNTERFACTUAL_NON_PIT,False
over_2_5,0,2102a81bab4ae5b446ad,2025-02-15 12:30:00+00:00,FULL,0.4359881522670925,0.4516971279373368,2.1,0,NON_PIT,1.0,0.871976304534185,COUNTERFACTUAL_NON_PIT,False
over_2_5,0,23fd8c930c4bca93a5cf,2025-02-15 12:30:00+00:00,FULL,0.37267159240530673,0.4005102040816326,2.35,0,NON_PIT,1.0,0.7453431848106135,COUNTERFACTUAL_NON_PIT,False
over_2_5,0,484ecfb06312fb9720ba,2025-02-15 12:30:00+00:00,FULL,0.3867404432287011,0.43152454780361754,2.2,0,NON_PIT,1.0,0.7734808864574022,COUNTERFACTUAL_NON_PIT,False
over_2_5,0,53c1bd0257e72311d07b,2025-02-15 12:30:00+00:00,FULL,0.5209355440109523,0.5526315789473685,1.7,1,NON_PIT,1.0,0.9581289119780954,COUNTERFACTUAL_NON_PIT,False
over_2_5,0,7216d9358760264e3159,2025-02-15 12:30:00+00:00,FULL,0.4553782917179768,0.4805194805194806,2.0,0,NON_PIT,1.0,0.9107565834359536,COUNTERFACTUAL_NON_PIT,False
over_2_5,0,a8adf621ccdca3c606ed,2025-02-15 12:30:00+00:00,FULL,0.3823668841306722,0.3436754176610979,2.75,0,NON_PIT,1.0,0.7647337682613444,COUNTERFACTUAL_NON_PIT,False
over_2_5,0,11b32f126b5ebe1e82ff,2025-02-15 15:00:00+00:00,FULL,0.4693709537907549,0.4870466321243523,1.98,0,NON_PIT,1.0,0.9387419075815098,COUNTERFACTUAL_NON_PIT,False
over_2_5,0,13a8a336cfdfb5fa3747,2025-02-15 15:00:00+00:00,FULL,0.49867136942444285,0.5,1.93,1,NON_PIT,1.0,0.9973427388488857,COUNTERFACTUAL_NON_PIT,False
over_2_5,0,1eb7f7c1c9a2cb26e346,2025-02-15 15:00:00+00:00,FULL,0.47082844829033305,0.4870466321243523,1.98,0,NON_PIT,1.0,0.9416568965806661,COUNTERFACTUAL_NON_PIT,False
over_2_5,0,2425b5228eacdcbf9519,2025-02-15 15:00:00+00:00,FULL,0.473114752245239,0.4805194805194806,2.0,0,NON_PIT,1.0,0.946229504490478,COUNTERFACTUAL_NON_PIT,False
over_2_5,0,2d4efb3b5524335681b3,2025-02-15 15:00:00+00:00,FULL,0.6567043357033928,0.6025316455696202,1.57,0,NON_PIT,1.0,0.6865913285932144,COUNTERFACTUAL_NON_PIT,False
over_2_5,0,2dcc79aa5f482de56f91,2025-02-15 15:00:00+00:00,FULL,0.45203583800098035,0.43152454780361754,2.2,0,NON_PIT,1.0,0.9040716760019607,COUNTERFACTUAL_NON_PIT,False
over_2_5,0,30956d4ce64e57ae620f,2025-02-15 15:00:00+00:00,FULL,0.6500526580580925,0.586734693877551,1.62,0,NON_PIT,1.0,0.6998946838838149,COUNTERFACTUAL_NON_PIT,False
over_2_5,0,3ecbf0dd9e9b1ff1bb4f,2025-02-15 15:00:00+00:00,FULL,0.3832874137997731,0.41025641025641024,2.3,1,NON_PIT,1.0,0.7665748275995462,COUNTERFACTUAL_NON_PIT,False
over_2_5,0,3f048c103733ad70d7d0,2025-02-15 15:00:00+00:00,FULL,0.6741835712600124,0.6368038740920097,1.5,1,NON_PIT,1.0,0.6516328574799752,COUNTERFACTUAL_NON_PIT,False
over_2_5,0,43185c5dcc02dda3766e,2025-02-15 15:00:00+00:00,FULL,0.43617937899802545,0.46052631578947373,2.05,1,NON_PIT,1.0,0.8723587579960509,COUNTERFACTUAL_NON_PIT,False
over_2_5,0,497a1d847c0e39e28390,2025-02-15 15:00:00+00:00,FULL,0.3629807873280245,0.4186046511627907,2.25,0,NON_PIT,1.0,0.725961574656049,COUNTERFACTUAL_NON_PIT,False
over_2_5,0,4b99b4d6e2a5efbef4f3,2025-02-15 15:00:00+00:00,FULL,0.5791600062427766,0.5,1.93,1,NON_PIT,1.0,0.8416799875144467,COUNTERFACTUAL_NON_PIT,False
over_2_5,0,4e71fe9abeca013bd568,2025-02-15 15:00:00+00:00,FULL,0.5146831556051232,0.4516971279373368,2.1,1,NON_PIT,1.0,0.9706336887897535,COUNTERFACTUAL_NON_PIT,False
over_2_5,0,5376a218e9609a3f8583,2025-02-15 15:00:00+00:00,FULL,0.4730273103704984,0.4186046511627907,2.25,1,NON_PIT,1.0,0.9460546207409968,COUNTERFACTUAL_NON_PIT,False
over_2_5,0,62b4bf36b6c21fef34af,2025-02-15 15:00:00+00:00,FULL,0.374680720418223,0.3627450980392157,2.6,0,NON_PIT,1.0,0.749361440836446,COUNTERFACTUAL_NON_PIT,False
over_2_5,0,66e04e8ee48af26951b0,2025-02-15 15:00:00+00:00,FULL,0.6621948162002502,0.6563245823389022,1.44,1,NON_PIT,1.0,0.6756103675994996,COUNTERFACTUAL_NON_PIT,False
over_2_5,0,772ae885c9f2dbbacc1a,2025-02-15 15:00:00+00:00,FULL,0.4437699729897668,0.3893129770992367,2.4,0,NON_PIT,1.0,0.8875399459795336,COUNTERFACTUAL_NON_PIT,False
over_2_5,0,77a30eaef6169ee1c71f,2025-02-15 15:00:00+00:00,FULL,0.46959588373541156,0.4805194805194806,2.0,0,NON_PIT,1.0,0.9391917674708231,COUNTERFACTUAL_NON_PIT,False
over_2_5,0,8cacbbe5fa80bd47090c,2025-02-15 15:00:00+00:00,FULL,0.371212198888029,0.4516971279373368,2.1,1,NON_PIT,1.0,0.742424397776058,COUNTERFACTUAL_NON_PIT,False
over_2_5,0,adf9e7c9188c675bcde6,2025-02-15 15:00:00+00:00,FULL,0.45782434323366505,0.5064935064935064,1.9,1,NON_PIT,1.0,0.9156486864673301,COUNTERFACTUAL_NON_PIT,False
over_2_5,0,b4ff94e6b1ef9b1889d8,2025-02-15 15:00:00+00:00,FULL,0.3492505859394537,0.3796526054590571,2.5,0,NON_PIT,1.0,0.6985011718789074,COUNTERFACTUAL_NON_PIT,False
over_2_5,0,b501ddf73d0be3c83de8,2025-02-15 15:00:00+00:00,FULL,0.4404006819196699,0.4870466321243523,1.98,1,NON_PIT,1.0,0.8808013638393398,COUNTERFACTUAL_NON_PIT,False
over_2_5,0,b704bc44b941697900c2,2025-02-15 15:00:00+00:00,FULL,0.4796598028919864,0.4870466321243523,1.98,1,NON_PIT,1.0,0.9593196057839728,COUNTERFACTUAL_NON_PIT,False
over_2_5,0,c9e5efa0b4afc0f54fff,2025-02-15 15:00:00+00:00,FULL,0.475175942321873,0.4473684210526316,2.1,0,NON_PIT,1.0,0.950351884643746,COUNTERFACTUAL_NON_PIT,False
over_2_5,0,d9a5c8c881f77c6a211f,2025-02-15 15:00:00+00:00,FULL,0.4255092795373023,0.4473684210526316,2.1,0,NON_PIT,1.0,0.8510185590746046,COUNTERFACTUAL_NON_PIT,False
over_2_5,0,e1a853808067756d7f16,2025-02-15 15:00:00+00:00,FULL,0.3998655182348048,0.5194805194805195,1.85,0,NON_PIT,1.0,0.7997310364696096,COUNTERFACTUAL_NON_PIT,False
over_2_5,0,e5f5042b1743a4d15e78,2025-02-15 15:00:00+00:00,FULL,0.4798755923511468,0.4675324675324676,2.05,0,NON_PIT,1.0,0.9597511847022936,COUNTERFACTUAL_NON_PIT,False
over_2_5,0,e6d7ecd0ec4d76af4cfb,2025-02-15 15:00:00+00:00,FULL,0.4227051588057875,0.5,1.93,1,NON_PIT,1.0,0.845410317611575,COUNTERFACTUAL_NON_PIT,False
over_2_5,0,eadc6ebedb0003a2e6bd,2025-02-15 15:00:00+00:00,FULL,0.636346311142012,0.586734693877551,1.62,0,NON_PIT,1.0,0.727307377715976,COUNTERFACTUAL_NON_PIT,False
over_2_5,0,eb76aeb579c12435172a,2025-02-15 15:00:00+00:00,FULL,0.4334426456742978,0.4473684210526316,2.1,0,NON_PIT,1.0,0.8668852913485956,COUNTERFACTUAL_NON_PIT,False
over_2_5,0,fd15111696c7ad6f085b,2025-02-15 15:00:00+00:00,FULL,0.39398336149944896,0.4870466321243523,1.98,0,NON_PIT,1.0,0.7879667229988979,COUNTERFACTUAL_NON_PIT,False
over_2_5,0,7e579ff73afb55d32e6d,2025-02-15 17:30:00+00:00,FULL,0.4192850806122435,0.43152454780361754,2.2,1,NON_PIT,1.0,0.838570161224487,COUNTERFACTUAL_NON_PIT,False
over_2_5,0,83de72bf9d5827a65026,2025-02-16 14:00:00+00:00,FULL,0.704696301151017,0.7017543859649122,1.36,1,NON_PIT,1.0,0.590607397697966,COUNTERFACTUAL_NON_PIT,False
over_2_5,0,6d6fea6d42b9a22da8de,2025-02-16 16:30:00+00:00,FULL,0.6211990460601439,0.6368038740920097,1.5,0,NON_PIT,1.0,0.7576019078797123,COUNTERFACTUAL_NON_PIT,False
over_2_5,0,a2b17a2095cba6b3f696,2025-02-17 20:00:00+00:00,FULL,0.5436114540550987,0.5,1.93,1,NON_PIT,1.0,0.9127770918898026,COUNTERFACTUAL_NON_PIT,False
over_2_5,0,3cfdf5f27ea04b313c89,2025-02-18 19:45:00+00:00,FULL,0.357859593395132,0.4005102040816326,2.35,1,NON_PIT,1.0,0.715719186790264,COUNTERFACTUAL_NON_PIT,False
over_2_5,0,9cca4287bd1142cea4fd,2025-02-18 19:45:00+00:00,FULL,0.5909308548493275,0.5394736842105263,1.75,0,NON_PIT,1.0,0.818138290301345,COUNTERFACTUAL_NON_PIT,False
over_2_5,0,a9466d691db3bdd69c71,2025-02-18 19:45:00+00:00,FULL,0.28741961382967307,0.375,2.5,0,NON_PIT,1.0,0.5748392276593461,COUNTERFACTUAL_NON_PIT,False
over_2_5,0,ac303e1f903fa42fb93e,2025-02-18 19:45:00+00:00,FULL,0.3304109676770535,0.375,2.5,0,NON_PIT,1.0,0.660821935354107,COUNTERFACTUAL_NON_PIT,False
over_2_5,0,bf4c78e7e646d45c5288,2025-02-18 19:45:00+00:00,FULL,0.24785997109215702,0.2982456140350877,3.2,0,NON_PIT,1.0,0.49571994218431403,COUNTERFACTUAL_NON_PIT,False
over_2_5,0,d6a935b67f1f0af3fbc1,2025-02-18 19:45:00+00:00,FULL,0.4548933768141034,0.4870466321243523,1.98,0,NON_PIT,1.0,0.9097867536282068,COUNTERFACTUAL_NON_PIT,False
over_2_5,0,d75530628cd9de002697,2025-02-18 19:45:00+00:00,FULL,0.30863085976233207,0.43717277486910994,2.15,0,NON_PIT,1.0,0.6172617195246641,COUNTERFACTUAL_NON_PIT,False
over_2_5,0,dfd731bedfe6a3d721e2,2025-02-18 19:45:00+00:00,FULL,0.3836705199751354,0.4005102040816326,2.35,0,NON_PIT,1.0,0.7673410399502708,COUNTERFACTUAL_NON_PIT,False
