competition,season,gender,country,stage,group,match_date,home_team,away_team,home_goals,away_goals,penalty_home,penalty_away,source,source_url,pit_status,data_type,canonical_match_id,home_result,total_goals,btts,home_win,away_win,draw,two_leg_candidate,final_flag,importance_score,home_form3,home_form5,home_form10,home_rest_days,away_form3,away_form5,away_form10,away_rest_days,rest_advantage
Copa Libertadores,2020,MEN,South America,SEMIFINAL,,2020-01-05,River Plate,Palmeiras,0,3,,,ricardo-mattoss/Brazilian-Soccer-Data,https://github.com/ricardo-mattoss/Brazilian-Soccer-Data/blob/master/Data/Libertadores_Matches.csv,UNKNOWN,HISTORICAL_REAL,1e8382bc0315a97601425a30,A,3,False,False,True,False,True,False,0.9,,,,,,,,,
Copa Libertadores,2020,MEN,South America,SEMIFINAL,,2020-01-06,Boca Juniors,Santos,0,0,,,ricardo-mattoss/Brazilian-Soccer-Data,https://github.com/ricardo-mattoss/Brazilian-Soccer-Data/blob/master/Data/Libertadores_Matches.csv,UNKNOWN,HISTORICAL_REAL,944f52cff6fc2c42e34b0e7f,D,0,False,False,False,True,True,False,0.9,,,,,,,,,
Copa Sudamericana,2020,MEN,South America,SEMIFINAL,,2020-01-12,Coquimbo Unido (CHI),Defensa y Justicia (ARG),0,0,,,openfootball/south-america,https://raw.githubusercontent.com/openfootball/south-america/master/copa-libertadores/2020_copas.txt,UNKNOWN,HISTORICAL_REAL,b9124fa4aab2030faee2de11,D,0,False,False,False,True,True,False,0.9,,,,,,,,,
Copa Libertadores,2020,MEN,South America,SEMIFINAL,,2020-01-12,Palmeiras,River Plate,0,2,,,ricardo-mattoss/Brazilian-Soccer-Data,https://github.com/ricardo-mattoss/Brazilian-Soccer-Data/blob/master/Data/Libertadores_Matches.csv,UNKNOWN,HISTORICAL_REAL,755fe32cc77e59f63a38a5ee,A,2,False,False,True,False,True,False,0.9,3.0,3.0,3.0,7.0,0.0,0.0,0.0,7.0,0.0
Copa Sudamericana,2020,MEN,South America,SEMIFINAL,,2020-01-13,Lanús (ARG),Vélez Sarsfield (ARG),3,0,,,openfootball/south-america,https://raw.githubusercontent.com/openfootball/south-america/master/copa-libertadores/2020_copas.txt,UNKNOWN,HISTORICAL_REAL,4d20322acf721685e93eb60e,H,3,False,True,False,False,True,False,0.9,,,,,,,,,
Copa Libertadores,2020,MEN,South America,SEMIFINAL,,2020-01-13,Santos,Boca Juniors,3,0,,,ricardo-mattoss/Brazilian-Soccer-Data,https://github.com/ricardo-mattoss/Brazilian-Soccer-Data/blob/master/Data/Libertadores_Matches.csv,UNKNOWN,HISTORICAL_REAL,275dae433ec6d14fe00661e8,H,3,False,True,False,False,True,False,0.9,1.0,1.0,1.0,7.0,1.0,1.0,1.0,7.0,0.0
Copa Sudamericana,2020,MEN,South America,SEMIFINAL,,2020-01-16,Defensa y Justicia (ARG),Coquimbo Unido (CHI),4,2,,,openfootball/south-america,https://raw.githubusercontent.com/openfootball/south-america/master/copa-libertadores/2020_copas.txt,UNKNOWN,HISTORICAL_REAL,ca350369458de3f695bc7667,H,6,True,True,False,False,True,False,0.9,1.0,1.0,1.0,4.0,1.0,1.0,1.0,4.0,0.0
Copa Sudamericana,2020,MEN,South America,FINAL,,2020-01-23,Lanús (ARG),Defensa y Justicia (ARG),0,3,,,openfootball/south-america,https://raw.githubusercontent.com/openfootball/south-america/master/copa-libertadores/2020_copas.txt,UNKNOWN,HISTORICAL_REAL,8f1ba771ef6ed45101dc835c,A,3,False,False,True,False,False,True,1.0,3.0,3.0,3.0,10.0,2.0,2.0,2.0,7.0,3.0
Copa Libertadores,2020,MEN,South America,FINAL,,2020-01-30,Palmeiras,Santos,1,0,,,ricardo-mattoss/Brazilian-Soccer-Data,https://github.com/ricardo-mattoss/Brazilian-Soccer-Data/blob/master/Data/Libertadores_Matches.csv,UNKNOWN,HISTORICAL_REAL,577088e0a4f42f534571a1e8,H,1,False,True,False,False,False,True,1.0,1.5,1.5,1.5,18.0,2.0,2.0,2.0,17.0,1.0
Copa Sudamericana,2020,MEN,South America,ROUND_1,,2020-02-04,Coquimbo Unido (CHI),Aragua FC (VEN),3,0,,,openfootball/south-america,https://raw.githubusercontent.com/openfootball/south-america/master/copa-libertadores/2020_copas.txt,UNKNOWN,HISTORICAL_REAL,d88b2e29d23229e00b82a6a5,H,3,False,True,False,False,False,False,0.3,0.5,0.5,0.5,19.0,,,,,
Copa Sudamericana,2020,MEN,South America,ROUND_1,,2020-02-04,Fluminense RJ (BRA),Unión La Calera (CHI),1,1,,,openfootball/south-america,https://raw.githubusercontent.com/openfootball/south-america/master/copa-libertadores/2020_copas.txt,UNKNOWN,HISTORICAL_REAL,51076782a9d2c7fec820a5e2,D,2,True,False,False,True,False,False,0.3,,,,,,,,,
Copa Sudamericana,2020,MEN,South America,ROUND_1,,2020-02-04,Nacional Potosí (BOL),FBC Melgar (PER),0,2,,,openfootball/south-america,https://raw.githubusercontent.com/openfootball/south-america/master/copa-libertadores/2020_copas.txt,UNKNOWN,HISTORICAL_REAL,0cb10cb85cb4ba0d864044e4,A,2,False,False,True,False,False,False,0.3,,,,,,,,,
Copa Sudamericana,2020,MEN,South America,ROUND_1,,2020-02-04,Vélez Sarsfield (ARG),Aucas (ECU),1,0,,,openfootball/south-america,https://raw.githubusercontent.com/openfootball/south-america/master/copa-libertadores/2020_copas.txt,UNKNOWN,HISTORICAL_REAL,b6b3a5444cc299e3a63f122e,H,1,False,True,False,False,False,False,0.3,0.0,0.0,0.0,22.0,,,,,
Copa Sudamericana,2020,MEN,South America,ROUND_1,,2020-02-05,Atlético Nacional (COL),Huracán (ARG),3,0,,,openfootball/south-america,https://raw.githubusercontent.com/openfootball/south-america/master/copa-libertadores/2020_copas.txt,UNKNOWN,HISTORICAL_REAL,5a881176df7e8b27d44cadb7,H,3,False,True,False,False,False,False,0.3,,,,,,,,,
Copa Sudamericana,2020,MEN,South America,ROUND_1,,2020-02-05,Fénix (URU),El Nacional (ECU),1,0,,,openfootball/south-america,https://raw.githubusercontent.com/openfootball/south-america/master/copa-libertadores/2020_copas.txt,UNKNOWN,HISTORICAL_REAL,46482d265d9e7aa7874dfb44,H,1,False,True,False,False,False,False,0.3,,,,,,,,,
Copa Sudamericana,2020,MEN,South America,ROUND_1,,2020-02-05,Mineros de Guayana (VEN),Sportivo Luqueño (PAR),2,3,,,openfootball/south-america,https://raw.githubusercontent.com/openfootball/south-america/master/copa-libertadores/2020_copas.txt,UNKNOWN,HISTORICAL_REAL,66aa447fe4301f54751d2c37,A,5,True,False,True,False,False,False,0.3,,,,,,,,,
Copa Sudamericana,2020,MEN,South America,ROUND_1,,2020-02-05,Vasco da Gama RJ (BRA),Oriente Petrolero (BOL),1,0,,,openfootball/south-america,https://raw.githubusercontent.com/openfootball/south-america/master/copa-libertadores/2020_copas.txt,UNKNOWN,HISTORICAL_REAL,1bbb5395ca37433f8c3107f8,H,1,False,True,False,False,False,False,0.3,,,,,,,,,
Copa Sudamericana,2020,MEN,South America,ROUND_1,,2020-02-06,Blooming (BOL),Emelec (ECU),0,3,,,openfootball/south-america,https://raw.githubusercontent.com/openfootball/south-america/master/copa-libertadores/2020_copas.txt,UNKNOWN,HISTORICAL_REAL,596ddfe08f2f2ec47f86219b,A,3,False,False,True,False,False,False,0.3,,,,,,,,,
Copa Sudamericana,2020,MEN,South America,ROUND_1,,2020-02-06,Millonarios (COL),Always Ready (BOL),2,0,,,openfootball/south-america,https://raw.githubusercontent.com/openfootball/south-america/master/copa-libertadores/2020_copas.txt,UNKNOWN,HISTORICAL_REAL,e3ae55130895356783823c04,H,2,False,True,False,False,False,False,0.3,,,,,,,,,
Copa Sudamericana,2020,MEN,South America,ROUND_1,,2020-02-06,Unión de Santa Fe (ARG),Atlético Mineiro (BRA),3,0,,,openfootball/south-america,https://raw.githubusercontent.com/openfootball/south-america/master/copa-libertadores/2020_copas.txt,UNKNOWN,HISTORICAL_REAL,242477b779de254f60153d8d,H,3,False,True,False,False,False,False,0.3,,,,,,,,,
Copa Sudamericana,2020,MEN,South America,ROUND_1,,2020-02-11,Argentinos Juniors (ARG),Sport Huancayo (PER),1,1,,,openfootball/south-america,https://raw.githubusercontent.com/openfootball/south-america/master/copa-libertadores/2020_copas.txt,UNKNOWN,HISTORICAL_REAL,094e0e6dffdaebdf979803f2,D,2,True,False,False,True,False,False,0.3,,,,,,,,,
Copa Sudamericana,2020,MEN,South America,ROUND_1,,2020-02-11,Atlético Grau (PER),River Plate (URU),1,2,,,openfootball/south-america,https://raw.githubusercontent.com/openfootball/south-america/master/copa-libertadores/2020_copas.txt,UNKNOWN,HISTORICAL_REAL,c35a07297001c97f36ee0d22,A,3,True,False,True,False,False,False,0.3,,,,,,,,,
Copa Sudamericana,2020,MEN,South America,ROUND_1,,2020-02-11,Deportivo Cali (COL),River Plate (URU),2,1,,,openfootball/south-america,https://raw.githubusercontent.com/openfootball/south-america/master/copa-libertadores/2020_copas.txt,UNKNOWN,HISTORICAL_REAL,6d7faac10bf81e751f063c2f,H,3,True,True,False,False,False,False,0.3,,,,,3.0,3.0,3.0,0.0,
Copa Sudamericana,2020,MEN,South America,ROUND_1,,2020-02-11,Sol de América (PAR),Goiás GO (BRA),1,0,,,openfootball/south-america,https://raw.githubusercontent.com/openfootball/south-america/master/copa-libertadores/2020_copas.txt,UNKNOWN,HISTORICAL_REAL,b056d30f27422c7d0ff994b9,H,1,False,True,False,False,False,False,0.3,,,,,,,,,
Copa Sudamericana,2020,MEN,South America,ROUND_1,,2020-02-12,Bahia BA (BRA),Club Nacional (PAR),3,0,,,openfootball/south-america,https://raw.githubusercontent.com/openfootball/south-america/master/copa-libertadores/2020_copas.txt,UNKNOWN,HISTORICAL_REAL,ce60ed00b8aa6ec220f2cfe7,H,3,False,True,False,False,False,False,0.3,,,,,,,,,
Copa Sudamericana,2020,MEN,South America,ROUND_1,,2020-02-12,Huachipato (CHI),Deportivo Pasto (COL),1,0,,,openfootball/south-america,https://raw.githubusercontent.com/openfootball/south-america/master/copa-libertadores/2020_copas.txt,UNKNOWN,HISTORICAL_REAL,50cefa98d45372ebe8af0fd6,H,1,False,True,False,False,False,False,0.3,,,,,,,,,
Copa Sudamericana,2020,MEN,South America,ROUND_1,,2020-02-12,Lanús (ARG),Universidad Catolica (ECU),3,0,,,openfootball/south-america,https://raw.githubusercontent.com/openfootball/south-america/master/copa-libertadores/2020_copas.txt,UNKNOWN,HISTORICAL_REAL,060ae32a91ecf82cf25058b6,H,3,False,True,False,False,False,False,0.3,1.5,1.5,1.5,20.0,,,,,
Copa Sudamericana,2020,MEN,South America,ROUND_1,,2020-02-12,Llaneros de Guanare (VEN),Liverpool (URU),0,2,,,openfootball/south-america,https://raw.githubusercontent.com/openfootball/south-america/master/copa-libertadores/2020_copas.txt,UNKNOWN,HISTORICAL_REAL,dcce483c14c93c8a7f1ece1a,A,2,False,False,True,False,False,False,0.3,,,,,,,,,
Copa Sudamericana,2020,MEN,South America,ROUND_1,,2020-02-13,Cusco FC (PER),Audax Italiano (CHI),2,0,,,openfootball/south-america,https://raw.githubusercontent.com/openfootball/south-america/master/copa-libertadores/2020_copas.txt,UNKNOWN,HISTORICAL_REAL,b90094e4c4c9700777ece5ed,H,2,False,True,False,False,False,False,0.3,,,,,,,,,
Copa Sudamericana,2020,MEN,South America,ROUND_1,,2020-02-13,Independiente (ARG),Fortaleza CE (BRA),1,0,,,openfootball/south-america,https://raw.githubusercontent.com/openfootball/south-america/master/copa-libertadores/2020_copas.txt,UNKNOWN,HISTORICAL_REAL,9a04b9e4f3e23b0a24ecb55c,H,1,False,True,False,False,False,False,0.3,,,,,,,,,
Copa Sudamericana,2020,MEN,South America,ROUND_1,,2020-02-13,Zamora FC (VEN),Plaza Colonia (URU),1,0,,,openfootball/south-america,https://raw.githubusercontent.com/openfootball/south-america/master/copa-libertadores/2020_copas.txt,UNKNOWN,HISTORICAL_REAL,51e096ab1a872a293cdf6c26,H,1,False,True,False,False,False,False,0.3,,,,,,,,,
Copa Sudamericana,2020,MEN,South America,ROUND_1,,2020-02-18,Aragua FC (VEN),Coquimbo Unido (CHI),1,0,,,openfootball/south-america,https://raw.githubusercontent.com/openfootball/south-america/master/copa-libertadores/2020_copas.txt,UNKNOWN,HISTORICAL_REAL,27fe5d86290b5c2e21d8c996,H,1,False,True,False,False,False,False,0.3,0.0,0.0,0.0,14.0,1.3333333333333333,1.3333333333333333,1.3333333333333333,14.0,0.0
Copa Sudamericana,2020,MEN,South America,ROUND_1,,2020-02-18,Aucas (ECU),Vélez Sarsfield (ARG),2,1,,,openfootball/south-america,https://raw.githubusercontent.com/openfootball/south-america/master/copa-libertadores/2020_copas.txt,UNKNOWN,HISTORICAL_REAL,d4871c9362e468971c45c4f4,H,3,True,True,False,False,False,False,0.3,0.0,0.0,0.0,14.0,1.5,1.5,1.5,14.0,0.0
Copa Sudamericana,2020,MEN,South America,ROUND_1,,2020-02-18,FBC Melgar (PER),Nacional Potosí (BOL),4,3,,,openfootball/south-america,https://raw.githubusercontent.com/openfootball/south-america/master/copa-libertadores/2020_copas.txt,UNKNOWN,HISTORICAL_REAL,1c06fa7b265bcfdca7fb1503,H,7,True,True,False,False,False,False,0.3,3.0,3.0,3.0,14.0,0.0,0.0,0.0,14.0,0.0
Copa Sudamericana,2020,MEN,South America,ROUND_1,,2020-02-18,Unión La Calera (CHI),Fluminense RJ (BRA),0,0,,,openfootball/south-america,https://raw.githubusercontent.com/openfootball/south-america/master/copa-libertadores/2020_copas.txt,UNKNOWN,HISTORICAL_REAL,d74cc568e7501327a01d187a,D,0,False,False,False,True,False,False,0.3,1.0,1.0,1.0,14.0,1.0,1.0,1.0,14.0,0.0
Copa Sudamericana,2020,MEN,South America,ROUND_1,,2020-02-19,Huracán (ARG),Atlético Nacional (COL),1,1,,,openfootball/south-america,https://raw.githubusercontent.com/openfootball/south-america/master/copa-libertadores/2020_copas.txt,UNKNOWN,HISTORICAL_REAL,c34d3fe3714a7c8b9f5cc716,D,2,True,False,False,True,False,False,0.3,0.0,0.0,0.0,14.0,3.0,3.0,3.0,14.0,0.0
Copa Sudamericana,2020,MEN,South America,ROUND_1,,2020-02-19,Oriente Petrolero (BOL),Vasco da Gama RJ (BRA),0,0,,,openfootball/south-america,https://raw.githubusercontent.com/openfootball/south-america/master/copa-libertadores/2020_copas.txt,UNKNOWN,HISTORICAL_REAL,08f4b791dd7e875ce3f16358,D,0,False,False,False,True,False,False,0.3,0.0,0.0,0.0,14.0,3.0,3.0,3.0,14.0,0.0
Copa Sudamericana,2020,MEN,South America,ROUND_1,,2020-02-19,Sportivo Luqueño (PAR),Mineros de Guayana (VEN),2,2,,,openfootball/south-america,https://raw.githubusercontent.com/openfootball/south-america/master/copa-libertadores/2020_copas.txt,UNKNOWN,HISTORICAL_REAL,ef6d9832cd59b1cd3985e41c,D,4,True,False,False,True,False,False,0.3,3.0,3.0,3.0,14.0,0.0,0.0,0.0,14.0,0.0
Copa Sudamericana,2020,MEN,South America,ROUND_1,,2020-02-20,Always Ready (BOL),Millonarios (COL),1,0,,,openfootball/south-america,https://raw.githubusercontent.com/openfootball/south-america/master/copa-libertadores/2020_copas.txt,UNKNOWN,HISTORICAL_REAL,8964d1ea9a8a9fa014f5feb9,H,1,False,True,False,False,False,False,0.3,0.0,0.0,0.0,14.0,3.0,3.0,3.0,14.0,0.0
Copa Sudamericana,2020,MEN,South America,ROUND_1,,2020-02-20,Atlético Mineiro (BRA),Unión de Santa Fe (ARG),2,0,,,openfootball/south-america,https://raw.githubusercontent.com/openfootball/south-america/master/copa-libertadores/2020_copas.txt,UNKNOWN,HISTORICAL_REAL,0790599828df13bda2bc2d09,H,2,False,True,False,False,False,False,0.3,0.0,0.0,0.0,14.0,3.0,3.0,3.0,14.0,0.0
Copa Sudamericana,2020,MEN,South America,ROUND_1,,2020-02-20,El Nacional (ECU),Fénix (URU),2,2,,,openfootball/south-america,https://raw.githubusercontent.com/openfootball/south-america/master/copa-libertadores/2020_copas.txt,UNKNOWN,HISTORICAL_REAL,e50486d77341709c4a41e206,D,4,True,False,False,True,False,False,0.3,0.0,0.0,0.0,15.0,3.0,3.0,3.0,15.0,0.0
Copa Sudamericana,2020,MEN,South America,ROUND_1,,2020-02-20,Emelec (ECU),Blooming (BOL),2,0,,,openfootball/south-america,https://raw.githubusercontent.com/openfootball/south-america/master/copa-libertadores/2020_copas.txt,UNKNOWN,HISTORICAL_REAL,1665ac18a0bac7438987488a,H,2,False,True,False,False,False,False,0.3,3.0,3.0,3.0,14.0,0.0,0.0,0.0,14.0,0.0
Copa Sudamericana,2020,MEN,South America,ROUND_1,,2020-02-25,Goiás GO (BRA),Sol de América (PAR),0,1,,,openfootball/south-america,https://raw.githubusercontent.com/openfootball/south-america/master/copa-libertadores/2020_copas.txt,UNKNOWN,HISTORICAL_REAL,9e8e781de7ba9bd35eeb4a94,A,1,False,False,True,False,False,False,0.3,0.0,0.0,0.0,14.0,3.0,3.0,3.0,14.0,0.0
Copa Sudamericana,2020,MEN,South America,ROUND_1,,2020-02-25,River Plate (URU),Atlético Grau (PER),1,0,,,openfootball/south-america,https://raw.githubusercontent.com/openfootball/south-america/master/copa-libertadores/2020_copas.txt,UNKNOWN,HISTORICAL_REAL,9ddd33f10ab0903b153ac310,H,1,False,True,False,False,False,False,0.3,1.5,1.5,1.5,14.0,0.0,0.0,0.0,14.0,0.0
Copa Sudamericana,2020,MEN,South America,ROUND_1,,2020-02-25,River Plate (URU),Deportivo Cali (COL),1,3,,,openfootball/south-america,https://raw.githubusercontent.com/openfootball/south-america/master/copa-libertadores/2020_copas.txt,UNKNOWN,HISTORICAL_REAL,c1362c856d12499c267e877c,A,4,True,False,True,False,False,False,0.3,2.0,2.0,2.0,0.0,3.0,3.0,3.0,14.0,-14.0
Copa Sudamericana,2020,MEN,South America,ROUND_1,,2020-02-25,Sport Huancayo (PER),Argentinos Juniors (ARG),0,0,,,openfootball/south-america,https://raw.githubusercontent.com/openfootball/south-america/master/copa-libertadores/2020_copas.txt,UNKNOWN,HISTORICAL_REAL,95763819827966399501a9a0,D,0,False,False,False,True,False,False,0.3,1.0,1.0,1.0,14.0,1.0,1.0,1.0,14.0,0.0
Copa Sudamericana,2020,MEN,South America,ROUND_1,,2020-02-26,Club Nacional (PAR),Bahia BA (BRA),1,3,,,openfootball/south-america,https://raw.githubusercontent.com/openfootball/south-america/master/copa-libertadores/2020_copas.txt,UNKNOWN,HISTORICAL_REAL,c6432cccfc507b9b39eda410,A,4,True,False,True,False,False,False,0.3,0.0,0.0,0.0,14.0,3.0,3.0,3.0,14.0,0.0
Copa Sudamericana,2020,MEN,South America,ROUND_1,,2020-02-26,Deportivo Pasto (COL),Huachipato (CHI),0,1,,,openfootball/south-america,https://raw.githubusercontent.com/openfootball/south-america/master/copa-libertadores/2020_copas.txt,UNKNOWN,HISTORICAL_REAL,63e36198466a4a1e3be2f026,A,1,False,False,True,False,False,False,0.3,0.0,0.0,0.0,14.0,3.0,3.0,3.0,14.0,0.0
Copa Sudamericana,2020,MEN,South America,ROUND_1,,2020-02-26,Liverpool (URU),Llaneros de Guanare (VEN),5,0,,,openfootball/south-america,https://raw.githubusercontent.com/openfootball/south-america/master/copa-libertadores/2020_copas.txt,UNKNOWN,HISTORICAL_REAL,144994fb352dcbcd6a4392c0,H,5,False,True,False,False,False,False,0.3,3.0,3.0,3.0,14.0,0.0,0.0,0.0,14.0,0.0
Copa Sudamericana,2020,MEN,South America,ROUND_1,,2020-02-26,Universidad Catolica (ECU),Lanús (ARG),2,0,,,openfootball/south-america,https://raw.githubusercontent.com/openfootball/south-america/master/copa-libertadores/2020_copas.txt,UNKNOWN,HISTORICAL_REAL,bdd041998c598b64eb8fed00,H,2,False,True,False,False,False,False,0.3,0.0,0.0,0.0,14.0,2.0,2.0,2.0,14.0,0.0
Copa Sudamericana,2020,MEN,South America,ROUND_1,,2020-02-27,Audax Italiano (CHI),Cusco FC (PER),3,0,,,openfootball/south-america,https://raw.githubusercontent.com/openfootball/south-america/master/copa-libertadores/2020_copas.txt,UNKNOWN,HISTORICAL_REAL,d3b811bbcec8d5cd3cff17a8,H,3,False,True,False,False,False,False,0.3,0.0,0.0,0.0,14.0,3.0,3.0,3.0,14.0,0.0
Copa Sudamericana,2020,MEN,South America,ROUND_1,,2020-02-27,Fortaleza CE (BRA),Independiente (ARG),2,1,,,openfootball/south-america,https://raw.githubusercontent.com/openfootball/south-america/master/copa-libertadores/2020_copas.txt,UNKNOWN,HISTORICAL_REAL,46a7b67d3221c63cfeb2348e,H,3,True,True,False,False,False,False,0.3,0.0,0.0,0.0,14.0,3.0,3.0,3.0,14.0,0.0
Copa Sudamericana,2020,MEN,South America,ROUND_1,,2020-02-27,Plaza Colonia (URU),Zamora FC (VEN),3,0,,,openfootball/south-america,https://raw.githubusercontent.com/openfootball/south-america/master/copa-libertadores/2020_copas.txt,UNKNOWN,HISTORICAL_REAL,399528446bf575764cde4162,H,3,False,True,False,False,False,False,0.3,0.0,0.0,0.0,14.0,3.0,3.0,3.0,14.0,0.0
Copa Libertadores,2020,MEN,South America,GROUP_STAGE,,2020-03-03,América de Cali,Grêmio,0,2,,,ricardo-mattoss/Brazilian-Soccer-Data,https://github.com/ricardo-mattoss/Brazilian-Soccer-Data/blob/master/Data/Libertadores_Matches.csv,UNKNOWN,HISTORICAL_REAL,490e76775782636ddb970ce4,A,2,False,False,True,False,False,False,0.5,,,,,,,,,
Copa Libertadores,2020,MEN,South America,GROUP_STAGE,,2020-03-03,Athletico,Peñarol,1,0,,,ricardo-mattoss/Brazilian-Soccer-Data,https://github.com/ricardo-mattoss/Brazilian-Soccer-Data/blob/master/Data/Libertadores_Matches.csv,UNKNOWN,HISTORICAL_REAL,204951c30db5e4a4be953b7f,H,1,False,True,False,False,False,False,0.5,,,,,,,,,
Copa Libertadores,2020,MEN,South America,GROUP_STAGE,,2020-03-03,Caracas,Boca Juniors,1,1,,,ricardo-mattoss/Brazilian-Soccer-Data,https://github.com/ricardo-mattoss/Brazilian-Soccer-Data/blob/master/Data/Libertadores_Matches.csv,UNKNOWN,HISTORICAL_REAL,835ad198d809c30b756bdaa7,D,2,True,False,False,True,False,False,0.5,,,,,0.5,0.5,0.5,50.0,
Copa Libertadores,2020,MEN,South America,GROUP_STAGE,,2020-03-03,Defensa y Justicia,Santos,1,2,,,ricardo-mattoss/Brazilian-Soccer-Data,https://github.com/ricardo-mattoss/Brazilian-Soccer-Data/blob/master/Data/Libertadores_Matches.csv,UNKNOWN,HISTORICAL_REAL,d971410550e4d9c9f478d5fd,A,3,True,False,True,False,False,False,0.5,,,,,1.3333333333333333,1.3333333333333333,1.3333333333333333,33.0,
Copa Libertadores,2020,MEN,South America,GROUP_STAGE,,2020-03-03,Independiente Medellín,Libertad-PAR,1,2,,,ricardo-mattoss/Brazilian-Soccer-Data,https://github.com/ricardo-mattoss/Brazilian-Soccer-Data/blob/master/Data/Libertadores_Matches.csv,UNKNOWN,HISTORICAL_REAL,c5856a0e6a8c13217344e85d,A,3,True,False,True,False,False,False,0.5,,,,,,,,,
Copa Libertadores,2020,MEN,South America,GROUP_STAGE,,2020-03-03,Internacional,Universidad Católica,3,0,,,ricardo-mattoss/Brazilian-Soccer-Data,https://github.com/ricardo-mattoss/Brazilian-Soccer-Data/blob/master/Data/Libertadores_Matches.csv,UNKNOWN,HISTORICAL_REAL,3eeef99123130404044b4b98,H,3,False,True,False,False,False,False,0.5,,,,,,,,,
Copa Libertadores,2020,MEN,South America,GROUP_STAGE,,2020-03-04,Barcelona-EQU,Independiente del Valle,0,3,,,ricardo-mattoss/Brazilian-Soccer-Data,https://github.com/ricardo-mattoss/Brazilian-Soccer-Data/blob/master/Data/Libertadores_Matches.csv,UNKNOWN,HISTORICAL_REAL,2a078b36652694fbcb50753f,A,3,False,False,True,False,False,False,0.5,,,,,,,,,
Copa Libertadores,2020,MEN,South America,GROUP_STAGE,,2020-03-04,Delfín,Olimpia-PAR,1,1,,,ricardo-mattoss/Brazilian-Soccer-Data,https://github.com/ricardo-mattoss/Brazilian-Soccer-Data/blob/master/Data/Libertadores_Matches.csv,UNKNOWN,HISTORICAL_REAL,15ba52269f9c42bd5d924408,D,2,True,False,False,True,False,False,0.5,,,,,,,,,
Copa Libertadores,2020,MEN,South America,GROUP_STAGE,,2020-03-04,Guaraní-PAR,Bolívar,2,0,,,ricardo-mattoss/Brazilian-Soccer-Data,https://github.com/ricardo-mattoss/Brazilian-Soccer-Data/blob/master/Data/Libertadores_Matches.csv,UNKNOWN,HISTORICAL_REAL,aad9aaf9cc5a6f92dc26d9ec,H,2,False,True,False,False,False,False,0.5,,,,,,,,,
Copa Libertadores,2020,MEN,South America,GROUP_STAGE,,2020-03-04,Jorge Wilstermann,Colo-Colo,2,0,,,ricardo-mattoss/Brazilian-Soccer-Data,https://github.com/ricardo-mattoss/Brazilian-Soccer-Data/blob/master/Data/Libertadores_Matches.csv,UNKNOWN,HISTORICAL_REAL,2dec60b3e3847de01c365762,H,2,False,True,False,False,False,False,0.5,,,,,,,,,
Copa Libertadores,2020,MEN,South America,GROUP_STAGE,,2020-03-04,Junior de Barranquilla,Flamengo,1,2,,,ricardo-mattoss/Brazilian-Soccer-Data,https://github.com/ricardo-mattoss/Brazilian-Soccer-Data/blob/master/Data/Libertadores_Matches.csv,UNKNOWN,HISTORICAL_REAL,9d56cbb81f2015cfec08ade9,A,3,True,False,True,False,False,False,0.5,,,,,,,,,
Copa Libertadores,2020,MEN,South America,GROUP_STAGE,,2020-03-04,LDU,River Plate,3,0,,,ricardo-mattoss/Brazilian-Soccer-Data,https://github.com/ricardo-mattoss/Brazilian-Soccer-Data/blob/master/Data/Libertadores_Matches.csv,UNKNOWN,HISTORICAL_REAL,3c013875165a01faabfcd2aa,H,3,False,True,False,False,False,False,0.5,,,,,1.5,1.5,1.5,52.0,
Copa Libertadores,2020,MEN,South America,GROUP_STAGE,,2020-03-04,Tigre,Palmeiras,0,2,,,ricardo-mattoss/Brazilian-Soccer-Data,https://github.com/ricardo-mattoss/Brazilian-Soccer-Data/blob/master/Data/Libertadores_Matches.csv,UNKNOWN,HISTORICAL_REAL,c231903db2744860a2b184a4,A,2,False,False,True,False,False,False,0.5,,,,,2.0,2.0,2.0,34.0,
Copa Libertadores,2020,MEN,South America,GROUP_STAGE,,2020-03-05,Alianza Lima,Nacional-URU,0,1,,,ricardo-mattoss/Brazilian-Soccer-Data,https://github.com/ricardo-mattoss/Brazilian-Soccer-Data/blob/master/Data/Libertadores_Matches.csv,UNKNOWN,HISTORICAL_REAL,1681daa84d733377bfbffc3d,A,1,False,False,True,False,False,False,0.5,,,,,,,,,
Copa Libertadores,2020,MEN,South America,GROUP_STAGE,,2020-03-05,Binacional,São Paulo,2,1,,,ricardo-mattoss/Brazilian-Soccer-Data,https://github.com/ricardo-mattoss/Brazilian-Soccer-Data/blob/master/Data/Libertadores_Matches.csv,UNKNOWN,HISTORICAL_REAL,df8edd8e0006faab19652561,H,3,True,True,False,False,False,False,0.5,,,,,,,,,
Copa Libertadores,2020,MEN,South America,GROUP_STAGE,,2020-03-05,Estudiantes de Mérida,Racing Club,1,2,,,ricardo-mattoss/Brazilian-Soccer-Data,https://github.com/ricardo-mattoss/Brazilian-Soccer-Data/blob/master/Data/Libertadores_Matches.csv,UNKNOWN,HISTORICAL_REAL,992ec0d8ee4f4ea7bbda6486,A,3,True,False,True,False,False,False,0.5,,,,,,,,,
Copa Libertadores,2020,MEN,South America,GROUP_STAGE,,2020-03-10,Boca Juniors,Independiente Medellín,3,0,,,ricardo-mattoss/Brazilian-Soccer-Data,https://github.com/ricardo-mattoss/Brazilian-Soccer-Data/blob/master/Data/Libertadores_Matches.csv,UNKNOWN,HISTORICAL_REAL,ed73675015ffdaa0ed358485,H,3,False,True,False,False,False,False,0.5,0.6666666666666666,0.6666666666666666,0.6666666666666666,7.0,0.0,0.0,0.0,7.0,0.0
Copa Libertadores,2020,MEN,South America,GROUP_STAGE,,2020-03-10,Bolívar,Tigre,2,0,,,ricardo-mattoss/Brazilian-Soccer-Data,https://github.com/ricardo-mattoss/Brazilian-Soccer-Data/blob/master/Data/Libertadores_Matches.csv,UNKNOWN,HISTORICAL_REAL,73609705339089d5c77a8d94,H,2,False,True,False,False,False,False,0.5,0.0,0.0,0.0,6.0,0.0,0.0,0.0,6.0,0.0
Copa Libertadores,2020,MEN,South America,GROUP_STAGE,,2020-03-10,Libertad-PAR,Caracas,3,2,,,ricardo-mattoss/Brazilian-Soccer-Data,https://github.com/ricardo-mattoss/Brazilian-Soccer-Data/blob/master/Data/Libertadores_Matches.csv,UNKNOWN,HISTORICAL_REAL,a1924fe2865e40e1e4ecf16f,H,5,True,True,False,False,False,False,0.5,3.0,3.0,3.0,7.0,1.0,1.0,1.0,7.0,0.0
Copa Libertadores,2020,MEN,South America,GROUP_STAGE,,2020-03-10,Palmeiras,Guaraní-PAR,3,1,,,ricardo-mattoss/Brazilian-Soccer-Data,https://github.com/ricardo-mattoss/Brazilian-Soccer-Data/blob/master/Data/Libertadores_Matches.csv,UNKNOWN,HISTORICAL_REAL,ed8cfe5bf9c0f2baf21145a9,H,4,True,True,False,False,False,False,0.5,2.0,2.25,2.25,6.0,3.0,3.0,3.0,6.0,0.0
Copa Libertadores,2020,MEN,South America,GROUP_STAGE,,2020-03-10,Santos,Delfín,1,0,,,ricardo-mattoss/Brazilian-Soccer-Data,https://github.com/ricardo-mattoss/Brazilian-Soccer-Data/blob/master/Data/Libertadores_Matches.csv,UNKNOWN,HISTORICAL_REAL,51668a6bdd0b2fea0fa791a9,H,1,False,True,False,False,False,False,0.5,2.0,1.75,1.75,7.0,1.0,1.0,1.0,6.0,1.0
Copa Libertadores,2020,MEN,South America,GROUP_STAGE,,2020-03-10,Universidad Católica,América de Cali,1,2,,,ricardo-mattoss/Brazilian-Soccer-Data,https://github.com/ricardo-mattoss/Brazilian-Soccer-Data/blob/master/Data/Libertadores_Matches.csv,UNKNOWN,HISTORICAL_REAL,c83ff8af19c388a8338ad28e,A,3,True,False,True,False,False,False,0.5,0.0,0.0,0.0,7.0,0.0,0.0,0.0,7.0,0.0
Copa Libertadores,2020,MEN,South America,GROUP_STAGE,,2020-03-11,Colo-Colo,Athletico,1,0,,,ricardo-mattoss/Brazilian-Soccer-Data,https://github.com/ricardo-mattoss/Brazilian-Soccer-Data/blob/master/Data/Libertadores_Matches.csv,UNKNOWN,HISTORICAL_REAL,8e2f5e6346c622bad20b7c27,H,1,False,True,False,False,False,False,0.5,0.0,0.0,0.0,7.0,3.0,3.0,3.0,8.0,-1.0
Copa Libertadores,2020,MEN,South America,GROUP_STAGE,,2020-03-11,Flamengo,Barcelona-EQU,3,0,,,ricardo-mattoss/Brazilian-Soccer-Data,https://github.com/ricardo-mattoss/Brazilian-Soccer-Data/blob/master/Data/Libertadores_Matches.csv,UNKNOWN,HISTORICAL_REAL,8e45fae3fd2e319a91876baa,H,3,False,True,False,False,False,False,0.5,3.0,3.0,3.0,7.0,0.0,0.0,0.0,7.0,0.0
Copa Libertadores,2020,MEN,South America,GROUP_STAGE,,2020-03-11,Independiente del Valle,Junior de Barranquilla,3,0,,,ricardo-mattoss/Brazilian-Soccer-Data,https://github.com/ricardo-mattoss/Brazilian-Soccer-Data/blob/master/Data/Libertadores_Matches.csv,UNKNOWN,HISTORICAL_REAL,04fcba5e1bad440b2d3b10ab,H,3,False,True,False,False,False,False,0.5,3.0,3.0,3.0,7.0,0.0,0.0,0.0,7.0,0.0
Copa Libertadores,2020,MEN,South America,GROUP_STAGE,,2020-03-11,Olimpia-PAR,Defensa y Justicia,2,1,,,ricardo-mattoss/Brazilian-Soccer-Data,https://github.com/ricardo-mattoss/Brazilian-Soccer-Data/blob/master/Data/Libertadores_Matches.csv,UNKNOWN,HISTORICAL_REAL,f3c1d5f6cdbce02d06ea8855,H,3,True,True,False,False,False,False,0.5,1.0,1.0,1.0,7.0,0.0,0.0,0.0,8.0,-1.0
Copa Libertadores,2020,MEN,South America,GROUP_STAGE,,2020-03-11,Peñarol,Jorge Wilstermann,1,0,,,ricardo-mattoss/Brazilian-Soccer-Data,https://github.com/ricardo-mattoss/Brazilian-Soccer-Data/blob/master/Data/Libertadores_Matches.csv,UNKNOWN,HISTORICAL_REAL,88550313443b7f8ad0d9d892,H,1,False,True,False,False,False,False,0.5,0.0,0.0,0.0,8.0,3.0,3.0,3.0,7.0,1.0
Copa Libertadores,2020,MEN,South America,GROUP_STAGE,,2020-03-11,River Plate,Binacional,8,0,,,ricardo-mattoss/Brazilian-Soccer-Data,https://github.com/ricardo-mattoss/Brazilian-Soccer-Data/blob/master/Data/Libertadores_Matches.csv,UNKNOWN,HISTORICAL_REAL,28220bb947811de221d016e5,H,8,False,True,False,False,False,False,0.5,1.0,1.0,1.0,7.0,3.0,3.0,3.0,6.0,1.0
Copa Libertadores,2020,MEN,South America,GROUP_STAGE,,2020-03-11,São Paulo,LDU,3,0,,,ricardo-mattoss/Brazilian-Soccer-Data,https://github.com/ricardo-mattoss/Brazilian-Soccer-Data/blob/master/Data/Libertadores_Matches.csv,UNKNOWN,HISTORICAL_REAL,452cdcff04472b45c090a9fe,H,3,False,True,False,False,False,False,0.5,0.0,0.0,0.0,6.0,3.0,3.0,3.0,7.0,-1.0
Copa Libertadores,2020,MEN,South America,GROUP_STAGE,,2020-03-12,Grêmio,Internacional,0,0,,,ricardo-mattoss/Brazilian-Soccer-Data,https://github.com/ricardo-mattoss/Brazilian-Soccer-Data/blob/master/Data/Libertadores_Matches.csv,UNKNOWN,HISTORICAL_REAL,d91a15e73114809112cdec9a,D,0,False,False,False,True,False,False,0.5,3.0,3.0,3.0,9.0,3.0,3.0,3.0,9.0,0.0
Copa Libertadores,2020,MEN,South America,GROUP_STAGE,,2020-03-12,Nacional-URU,Estudiantes de Mérida,1,0,,,ricardo-mattoss/Brazilian-Soccer-Data,https://github.com/ricardo-mattoss/Brazilian-Soccer-Data/blob/master/Data/Libertadores_Matches.csv,UNKNOWN,HISTORICAL_REAL,d06e1e9ba7f274806f7ef505,H,1,False,True,False,False,False,False,0.5,3.0,3.0,3.0,7.0,0.0,0.0,0.0,7.0,0.0
Copa Libertadores,2020,MEN,South America,GROUP_STAGE,,2020-03-12,Racing Club,Alianza Lima,1,0,,,ricardo-mattoss/Brazilian-Soccer-Data,https://github.com/ricardo-mattoss/Brazilian-Soccer-Data/blob/master/Data/Libertadores_Matches.csv,UNKNOWN,HISTORICAL_REAL,b28cb235c7667ee5e10f6060,H,1,False,True,False,False,False,False,0.5,3.0,3.0,3.0,7.0,0.0,0.0,0.0,7.0,0.0
Copa Libertadores,2020,MEN,South America,GROUP_STAGE,,2020-09-15,Binacional,LDU,0,1,,,ricardo-mattoss/Brazilian-Soccer-Data,https://github.com/ricardo-mattoss/Brazilian-Soccer-Data/blob/master/Data/Libertadores_Matches.csv,UNKNOWN,HISTORICAL_REAL,80e70919dafa9f7d50092a74,A,1,False,False,True,False,False,False,0.5,1.5,1.5,1.5,188.0,1.5,1.5,1.5,188.0,0.0
Copa Libertadores,2020,MEN,South America,GROUP_STAGE,,2020-09-15,Colo-Colo,Peñarol,2,1,,,ricardo-mattoss/Brazilian-Soccer-Data,https://github.com/ricardo-mattoss/Brazilian-Soccer-Data/blob/master/Data/Libertadores_Matches.csv,UNKNOWN,HISTORICAL_REAL,0261991354b3e3c0670661cb,H,3,True,True,False,False,False,False,0.5,1.5,1.5,1.5,188.0,1.5,1.5,1.5,188.0,0.0
Copa Libertadores,2020,MEN,South America,GROUP_STAGE,,2020-09-15,Jorge Wilstermann,Athletico,2,3,,,ricardo-mattoss/Brazilian-Soccer-Data,https://github.com/ricardo-mattoss/Brazilian-Soccer-Data/blob/master/Data/Libertadores_Matches.csv,UNKNOWN,HISTORICAL_REAL,b167f522a023200368c86c72,A,5,True,False,True,False,False,False,0.5,1.5,1.5,1.5,188.0,1.5,1.5,1.5,188.0,0.0
Copa Libertadores,2020,MEN,South America,GROUP_STAGE,,2020-09-15,Santos,Olimpia-PAR,0,0,,,ricardo-mattoss/Brazilian-Soccer-Data,https://github.com/ricardo-mattoss/Brazilian-Soccer-Data/blob/master/Data/Libertadores_Matches.csv,UNKNOWN,HISTORICAL_REAL,555348aa9c40f4f5bb02f828,D,0,False,False,False,True,False,False,0.5,2.0,2.0,2.0,189.0,2.0,2.0,2.0,188.0,1.0
Copa Libertadores,2020,MEN,South America,GROUP_STAGE,,2020-09-16,Bolívar,Palmeiras,1,2,,,ricardo-mattoss/Brazilian-Soccer-Data,https://github.com/ricardo-mattoss/Brazilian-Soccer-Data/blob/master/Data/Libertadores_Matches.csv,UNKNOWN,HISTORICAL_REAL,c7ff7cf4dddeb6e5c867e509,A,3,True,False,True,False,False,False,0.5,1.5,1.5,1.5,190.0,3.0,2.4,2.4,190.0,0.0
Copa Libertadores,2020,MEN,South America,GROUP_STAGE,,2020-09-16,Estudiantes de Mérida,Alianza Lima,3,2,,,ricardo-mattoss/Brazilian-Soccer-Data,https://github.com/ricardo-mattoss/Brazilian-Soccer-Data/blob/master/Data/Libertadores_Matches.csv,UNKNOWN,HISTORICAL_REAL,7a3e132fd068e80efa361024,H,5,True,True,False,False,False,False,0.5,0.0,0.0,0.0,188.0,0.0,0.0,0.0,188.0,0.0
Copa Libertadores,2020,MEN,South America,GROUP_STAGE,,2020-09-16,Independiente Medellín,Caracas,2,3,,,ricardo-mattoss/Brazilian-Soccer-Data,https://github.com/ricardo-mattoss/Brazilian-Soccer-Data/blob/master/Data/Libertadores_Matches.csv,UNKNOWN,HISTORICAL_REAL,eb55772131ece2158bbdab50,A,5,True,False,True,False,False,False,0.5,0.0,0.0,0.0,190.0,0.5,0.5,0.5,190.0,0.0
Copa Libertadores,2020,MEN,South America,GROUP_STAGE,,2020-09-16,Internacional,América de Cali,4,3,,,ricardo-mattoss/Brazilian-Soccer-Data,https://github.com/ricardo-mattoss/Brazilian-Soccer-Data/blob/master/Data/Libertadores_Matches.csv,UNKNOWN,HISTORICAL_REAL,1bbcd3b63d1aec30b729a709,H,7,True,True,False,False,False,False,0.5,2.0,2.0,2.0,188.0,1.5,1.5,1.5,190.0,-2.0
Copa Libertadores,2020,MEN,South America,GROUP_STAGE,,2020-09-16,Universidad Católica,Grêmio,2,0,,,ricardo-mattoss/Brazilian-Soccer-Data,https://github.com/ricardo-mattoss/Brazilian-Soccer-Data/blob/master/Data/Libertadores_Matches.csv,UNKNOWN,HISTORICAL_REAL,678e93ff5a8304f5b4b46def,H,2,False,True,False,False,False,False,0.5,0.0,0.0,0.0,190.0,2.0,2.0,2.0,188.0,2.0
Copa Libertadores,2020,MEN,South America,GROUP_STAGE,,2020-09-17,Barcelona-EQU,Junior de Barranquilla,1,2,,,ricardo-mattoss/Brazilian-Soccer-Data,https://github.com/ricardo-mattoss/Brazilian-Soccer-Data/blob/master/Data/Libertadores_Matches.csv,UNKNOWN,HISTORICAL_REAL,53131e57e7704c5fc93404b8,A,3,True,False,True,False,False,False,0.5,0.0,0.0,0.0,190.0,0.0,0.0,0.0,190.0,0.0
Copa Libertadores,2020,MEN,South America,GROUP_STAGE,,2020-09-17,Defensa y Justicia,Delfín,3,0,,,ricardo-mattoss/Brazilian-Soccer-Data,https://github.com/ricardo-mattoss/Brazilian-Soccer-Data/blob/master/Data/Libertadores_Matches.csv,UNKNOWN,HISTORICAL_REAL,4dff58cd05af9457ff51f7db,H,3,False,True,False,False,False,False,0.5,0.0,0.0,0.0,190.0,0.5,0.5,0.5,191.0,-1.0
Copa Libertadores,2020,MEN,South America,GROUP_STAGE,,2020-09-17,Guaraní-PAR,Tigre,4,1,,,ricardo-mattoss/Brazilian-Soccer-Data,https://github.com/ricardo-mattoss/Brazilian-Soccer-Data/blob/master/Data/Libertadores_Matches.csv,UNKNOWN,HISTORICAL_REAL,dad5b5ccbdc8dc0a690ba0eb,H,5,True,True,False,False,False,False,0.5,1.5,1.5,1.5,191.0,0.0,0.0,0.0,191.0,0.0
Copa Libertadores,2020,MEN,South America,GROUP_STAGE,,2020-09-17,Independiente del Valle,Flamengo,5,0,,,ricardo-mattoss/Brazilian-Soccer-Data,https://github.com/ricardo-mattoss/Brazilian-Soccer-Data/blob/master/Data/Libertadores_Matches.csv,UNKNOWN,HISTORICAL_REAL,829e6d131b77dba07fe350ff,H,5,False,True,False,False,False,False,0.5,3.0,3.0,3.0,190.0,3.0,3.0,3.0,190.0,0.0
Copa Libertadores,2020,MEN,South America,GROUP_STAGE,,2020-09-17,Libertad-PAR,Boca Juniors,0,2,,,ricardo-mattoss/Brazilian-Soccer-Data,https://github.com/ricardo-mattoss/Brazilian-Soccer-Data/blob/master/Data/Libertadores_Matches.csv,UNKNOWN,HISTORICAL_REAL,49c5d5c4d0415c134deedcf8,A,2,False,False,True,False,False,False,0.5,3.0,3.0,3.0,191.0,1.3333333333333333,1.25,1.25,191.0,0.0
Copa Libertadores,2020,MEN,South America,GROUP_STAGE,,2020-09-17,Racing Club,Nacional-URU,0,1,,,ricardo-mattoss/Brazilian-Soccer-Data,https://github.com/ricardo-mattoss/Brazilian-Soccer-Data/blob/master/Data/Libertadores_Matches.csv,UNKNOWN,HISTORICAL_REAL,e327e57c5b1e27db193c7035,A,1,False,False,True,False,False,False,0.5,3.0,3.0,3.0,189.0,3.0,3.0,3.0,189.0,0.0
Copa Libertadores,2020,MEN,South America,GROUP_STAGE,,2020-09-17,São Paulo,River Plate,2,2,,,ricardo-mattoss/Brazilian-Soccer-Data,https://github.com/ricardo-mattoss/Brazilian-Soccer-Data/blob/master/Data/Libertadores_Matches.csv,UNKNOWN,HISTORICAL_REAL,7fe8036e952df2ac1147e564,D,4,True,False,False,True,False,False,0.5,1.5,1.5,1.5,190.0,2.0,1.5,1.5,190.0,0.0
Copa Libertadores,2020,MEN,South America,GROUP_STAGE,,2020-09-22,Barcelona-EQU,Flamengo,1,2,,,ricardo-mattoss/Brazilian-Soccer-Data,https://github.com/ricardo-mattoss/Brazilian-Soccer-Data/blob/master/Data/Libertadores_Matches.csv,UNKNOWN,HISTORICAL_REAL,79cc7785a89c3f9cc4b60310,A,3,True,False,True,False,False,False,0.5,0.0,0.0,0.0,5.0,2.0,2.0,2.0,5.0,0.0
Copa Libertadores,2020,MEN,South America,GROUP_STAGE,,2020-09-22,Binacional,River Plate,0,6,,,ricardo-mattoss/Brazilian-Soccer-Data,https://github.com/ricardo-mattoss/Brazilian-Soccer-Data/blob/master/Data/Libertadores_Matches.csv,UNKNOWN,HISTORICAL_REAL,4b2cbabbe47a7741e8b45ec0,A,6,False,False,True,False,False,False,0.5,1.0,1.0,1.0,7.0,1.3333333333333333,1.4,1.4,5.0,2.0
Copa Libertadores,2020,MEN,South America,GROUP_STAGE,,2020-09-22,Estudiantes de Mérida,Nacional-URU,1,3,,,ricardo-mattoss/Brazilian-Soccer-Data,https://github.com/ricardo-mattoss/Brazilian-Soccer-Data/blob/master/Data/Libertadores_Matches.csv,UNKNOWN,HISTORICAL_REAL,8022a110e69fcbe9c7392ad8,A,4,True,False,True,False,False,False,0.5,1.0,1.0,1.0,6.0,3.0,3.0,3.0,5.0,1.0
Copa Libertadores,2020,MEN,South America,GROUP_STAGE,,2020-09-22,Junior de Barranquilla,Independiente del Valle,4,1,,,ricardo-mattoss/Brazilian-Soccer-Data,https://github.com/ricardo-mattoss/Brazilian-Soccer-Data/blob/master/Data/Libertadores_Matches.csv,UNKNOWN,HISTORICAL_REAL,ecd28aaa420037cba6e275d9,H,5,True,True,False,False,False,False,0.5,1.0,1.0,1.0,5.0,3.0,3.0,3.0,5.0,0.0
Copa Libertadores,2020,MEN,South America,GROUP_STAGE,,2020-09-22,LDU,São Paulo,4,2,,,ricardo-mattoss/Brazilian-Soccer-Data,https://github.com/ricardo-mattoss/Brazilian-Soccer-Data/blob/master/Data/Libertadores_Matches.csv,UNKNOWN,HISTORICAL_REAL,ae10661510bdc2cbb2c2bf2d,H,6,True,True,False,False,False,False,0.5,2.0,2.0,2.0,7.0,1.3333333333333333,1.3333333333333333,1.3333333333333333,5.0,2.0
Copa Libertadores,2020,MEN,South America,GROUP_STAGE,,2020-09-22,Tigre,Bolívar,1,1,,,ricardo-mattoss/Brazilian-Soccer-Data,https://github.com/ricardo-mattoss/Brazilian-Soccer-Data/blob/master/Data/Libertadores_Matches.csv,UNKNOWN,HISTORICAL_REAL,03094565cabb78112950e9f1,D,2,True,False,False,True,False,False,0.5,0.0,0.0,0.0,5.0,1.0,1.0,1.0,6.0,-1.0
Copa Libertadores,2020,MEN,South America,GROUP_STAGE,,2020-09-23,Alianza Lima,Racing Club,0,2,,,ricardo-mattoss/Brazilian-Soccer-Data,https://github.com/ricardo-mattoss/Brazilian-Soccer-Data/blob/master/Data/Libertadores_Matches.csv,UNKNOWN,HISTORICAL_REAL,6908fa48852acce82533f54c,A,2,False,False,True,False,False,False,0.5,0.0,0.0,0.0,7.0,2.0,2.0,2.0,6.0,1.0
Copa Libertadores,2020,MEN,South America,GROUP_STAGE,,2020-09-23,América de Cali,Universidad Católica,1,1,,,ricardo-mattoss/Brazilian-Soccer-Data,https://github.com/ricardo-mattoss/Brazilian-Soccer-Data/blob/master/Data/Libertadores_Matches.csv,UNKNOWN,HISTORICAL_REAL,6fe151962ee0dbb6532960f0,D,2,True,False,False,True,False,False,0.5,1.0,1.0,1.0,7.0,1.0,1.0,1.0,7.0,0.0
Copa Libertadores,2020,MEN,South America,GROUP_STAGE,,2020-09-23,Athletico,Colo-Colo,2,0,,,ricardo-mattoss/Brazilian-Soccer-Data,https://github.com/ricardo-mattoss/Brazilian-Soccer-Data/blob/master/Data/Libertadores_Matches.csv,UNKNOWN,HISTORICAL_REAL,76e2c25104e7d002576d1ca5,H,2,False,True,False,False,False,False,0.5,2.0,2.0,2.0,8.0,2.0,2.0,2.0,8.0,0.0
Copa Libertadores,2020,MEN,South America,GROUP_STAGE,,2020-09-23,Caracas,Libertad-PAR,2,1,,,ricardo-mattoss/Brazilian-Soccer-Data,https://github.com/ricardo-mattoss/Brazilian-Soccer-Data/blob/master/Data/Libertadores_Matches.csv,UNKNOWN,HISTORICAL_REAL,9469779e139272750b4c6ba2,H,3,True,True,False,False,False,False,0.5,1.3333333333333333,1.3333333333333333,1.3333333333333333,7.0,2.0,2.0,2.0,6.0,1.0
Copa Libertadores,2020,MEN,South America,GROUP_STAGE,,2020-09-23,Defensa y Justicia,Olimpia-PAR,2,1,,,ricardo-mattoss/Brazilian-Soccer-Data,https://github.com/ricardo-mattoss/Brazilian-Soccer-Data/blob/master/Data/Libertadores_Matches.csv,UNKNOWN,HISTORICAL_REAL,52031a5e91a74b7f21c30729,H,3,True,True,False,False,False,False,0.5,1.0,1.0,1.0,6.0,1.6666666666666667,1.6666666666666667,1.6666666666666667,8.0,-2.0
Copa Libertadores,2020,MEN,South America,GROUP_STAGE,,2020-09-23,Guaraní-PAR,Palmeiras,0,0,,,ricardo-mattoss/Brazilian-Soccer-Data,https://github.com/ricardo-mattoss/Brazilian-Soccer-Data/blob/master/Data/Libertadores_Matches.csv,UNKNOWN,HISTORICAL_REAL,95149fdb05ddb1911905f93c,D,0,False,False,False,True,False,False,0.5,2.0,2.0,2.0,6.0,3.0,2.4,2.5,7.0,-1.0
Copa Libertadores,2020,MEN,South America,GROUP_STAGE,,2020-09-23,Internacional,Grêmio,0,1,,,ricardo-mattoss/Brazilian-Soccer-Data,https://github.com/ricardo-mattoss/Brazilian-Soccer-Data/blob/master/Data/Libertadores_Matches.csv,UNKNOWN,HISTORICAL_REAL,2afe3d5102d728c5a1b38b5f,A,1,False,False,True,False,False,False,0.5,2.3333333333333335,2.3333333333333335,2.3333333333333335,7.0,1.3333333333333333,1.3333333333333333,1.3333333333333333,7.0,0.0
Copa Libertadores,2020,MEN,South America,GROUP_STAGE,,2020-09-24,Delfín,Santos,1,2,,,ricardo-mattoss/Brazilian-Soccer-Data,https://github.com/ricardo-mattoss/Brazilian-Soccer-Data/blob/master/Data/Libertadores_Matches.csv,UNKNOWN,HISTORICAL_REAL,c7abf3361b3cf4e6fa8dfb26,A,3,True,False,True,False,False,False,0.5,0.3333333333333333,0.3333333333333333,0.3333333333333333,7.0,2.3333333333333335,2.0,1.8333333333333333,9.0,-2.0
Copa Libertadores,2020,MEN,South America,GROUP_STAGE,,2020-09-24,Independiente Medellín,Boca Juniors,0,1,,,ricardo-mattoss/Brazilian-Soccer-Data,https://github.com/ricardo-mattoss/Brazilian-Soccer-Data/blob/master/Data/Libertadores_Matches.csv,UNKNOWN,HISTORICAL_REAL,ca4bd90579bb7ebcb5bad994,A,1,False,False,True,False,False,False,0.5,0.0,0.0,0.0,8.0,2.3333333333333335,1.6,1.6,7.0,1.0
Copa Libertadores,2020,MEN,South America,GROUP_STAGE,,2020-09-24,Jorge Wilstermann,Peñarol,3,1,,,ricardo-mattoss/Brazilian-Soccer-Data,https://github.com/ricardo-mattoss/Brazilian-Soccer-Data/blob/master/Data/Libertadores_Matches.csv,UNKNOWN,HISTORICAL_REAL,a87ea75ee1cc33dceeae577f,H,4,True,True,False,False,False,False,0.5,1.0,1.0,1.0,9.0,1.0,1.0,1.0,9.0,0.0
Copa Libertadores,2020,MEN,South America,GROUP_STAGE,,2020-09-29,América de Cali,Internacional,0,0,,,ricardo-mattoss/Brazilian-Soccer-Data,https://github.com/ricardo-mattoss/Brazilian-Soccer-Data/blob/master/Data/Libertadores_Matches.csv,UNKNOWN,HISTORICAL_REAL,cdc680c72afd6f912da67099,D,0,False,False,False,True,False,False,0.5,1.3333333333333333,1.0,1.0,6.0,1.3333333333333333,1.75,1.75,6.0,0.0
Copa Libertadores,2020,MEN,South America,GROUP_STAGE,,2020-09-29,Athletico,Jorge Wilstermann,0,0,,,ricardo-mattoss/Brazilian-Soccer-Data,https://github.com/ricardo-mattoss/Brazilian-Soccer-Data/blob/master/Data/Libertadores_Matches.csv,UNKNOWN,HISTORICAL_REAL,67705e5b0c2b5178de3c7060,D,0,False,False,False,True,False,False,0.5,2.0,2.25,2.25,6.0,1.0,1.5,1.5,5.0,1.0
Copa Libertadores,2020,MEN,South America,GROUP_STAGE,,2020-09-29,Boca Juniors,Libertad-PAR,0,0,,,ricardo-mattoss/Brazilian-Soccer-Data,https://github.com/ricardo-mattoss/Brazilian-Soccer-Data/blob/master/Data/Libertadores_Matches.csv,UNKNOWN,HISTORICAL_REAL,e6eb619ef66f14ff95b0f344,D,0,False,False,False,True,False,False,0.5,3.0,2.0,1.8333333333333333,5.0,1.0,1.5,1.5,6.0,-1.0
Copa Libertadores,2020,MEN,South America,GROUP_STAGE,,2020-09-29,Grêmio,Universidad Católica,2,0,,,ricardo-mattoss/Brazilian-Soccer-Data,https://github.com/ricardo-mattoss/Brazilian-Soccer-Data/blob/master/Data/Libertadores_Matches.csv,UNKNOWN,HISTORICAL_REAL,e7feb199fc4699f409817bf3,H,2,False,True,False,False,False,False,0.5,1.3333333333333333,1.75,1.75,6.0,1.3333333333333333,1.0,1.0,6.0,0.0
Copa Libertadores,2020,MEN,South America,GROUP_STAGE,,2020-09-29,LDU,Binacional,4,0,,,ricardo-mattoss/Brazilian-Soccer-Data,https://github.com/ricardo-mattoss/Brazilian-Soccer-Data/blob/master/Data/Libertadores_Matches.csv,UNKNOWN,HISTORICAL_REAL,4d3f60eb886383622462bb26,H,4,False,True,False,False,False,False,0.5,2.0,2.25,2.25,7.0,0.0,0.75,0.75,7.0,0.0
Copa Libertadores,2020,MEN,South America,GROUP_STAGE,,2020-09-29,Peñarol,Colo-Colo,3,0,,,ricardo-mattoss/Brazilian-Soccer-Data,https://github.com/ricardo-mattoss/Brazilian-Soccer-Data/blob/master/Data/Libertadores_Matches.csv,UNKNOWN,HISTORICAL_REAL,64bfc3c1d3a668a702ae247f,H,3,False,True,False,False,False,False,0.5,1.0,0.75,0.75,5.0,2.0,1.5,1.5,6.0,-1.0
Copa Libertadores,2020,MEN,South America,GROUP_STAGE,,2020-09-30,Alianza Lima,Estudiantes de Mérida,2,2,,,ricardo-mattoss/Brazilian-Soccer-Data,https://github.com/ricardo-mattoss/Brazilian-Soccer-Data/blob/master/Data/Libertadores_Matches.csv,UNKNOWN,HISTORICAL_REAL,180147638b88c18f3342b53c,D,4,True,False,False,True,False,False,0.5,0.0,0.0,0.0,7.0,1.0,0.75,0.75,8.0,-1.0
Copa Libertadores,2020,MEN,South America,GROUP_STAGE,,2020-09-30,Caracas,Independiente Medellín,0,2,,,ricardo-mattoss/Brazilian-Soccer-Data,https://github.com/ricardo-mattoss/Brazilian-Soccer-Data/blob/master/Data/Libertadores_Matches.csv,UNKNOWN,HISTORICAL_REAL,496c521f3a634e43edfc56d2,A,2,False,False,True,False,False,False,0.5,2.0,1.75,1.75,7.0,0.0,0.0,0.0,6.0,1.0
Copa Libertadores,2020,MEN,South America,GROUP_STAGE,,2020-09-30,Flamengo,Independiente del Valle,4,0,,,ricardo-mattoss/Brazilian-Soccer-Data,https://github.com/ricardo-mattoss/Brazilian-Soccer-Data/blob/master/Data/Libertadores_Matches.csv,UNKNOWN,HISTORICAL_REAL,48265069075e577fe7127bc2,H,4,False,True,False,False,False,False,0.5,2.0,2.25,2.25,8.0,2.0,2.25,2.25,8.0,0.0
Copa Libertadores,2020,MEN,South America,GROUP_STAGE,,2020-09-30,Junior de Barranquilla,Barcelona-EQU,0,2,,,ricardo-mattoss/Brazilian-Soccer-Data,https://github.com/ricardo-mattoss/Brazilian-Soccer-Data/blob/master/Data/Libertadores_Matches.csv,UNKNOWN,HISTORICAL_REAL,17af4ec30f46543837d07087,A,2,False,False,True,False,False,False,0.5,2.0,1.5,1.5,8.0,0.0,0.0,0.0,8.0,0.0
Copa Libertadores,2020,MEN,South America,GROUP_STAGE,,2020-09-30,Nacional-URU,Racing Club,1,2,,,ricardo-mattoss/Brazilian-Soccer-Data,https://github.com/ricardo-mattoss/Brazilian-Soccer-Data/blob/master/Data/Libertadores_Matches.csv,UNKNOWN,HISTORICAL_REAL,a1bee58555c452036d63aa6b,A,3,True,False,True,False,False,False,0.5,3.0,3.0,3.0,8.0,2.0,2.25,2.25,7.0,1.0
Copa Libertadores,2020,MEN,South America,GROUP_STAGE,,2020-09-30,Palmeiras,Bolívar,5,0,,,ricardo-mattoss/Brazilian-Soccer-Data,https://github.com/ricardo-mattoss/Brazilian-Soccer-Data/blob/master/Data/Libertadores_Matches.csv,UNKNOWN,HISTORICAL_REAL,71e172e05ea090e598883709,H,5,False,True,False,False,False,False,0.5,2.3333333333333335,2.6,2.2857142857142856,7.0,1.3333333333333333,1.0,1.0,8.0,-1.0
Copa Libertadores,2020,MEN,South America,GROUP_STAGE,,2020-09-30,River Plate,São Paulo,2,1,,,ricardo-mattoss/Brazilian-Soccer-Data,https://github.com/ricardo-mattoss/Brazilian-Soccer-Data/blob/master/Data/Libertadores_Matches.csv,UNKNOWN,HISTORICAL_REAL,4d802c7f41e815459197f81f,H,3,True,True,False,False,False,False,0.5,2.3333333333333335,2.0,1.6666666666666667,8.0,1.3333333333333333,1.0,1.0,8.0,0.0
Copa Libertadores,2020,MEN,South America,GROUP_STAGE,,2020-10-01,Delfín,Defensa y Justicia,3,0,,,ricardo-mattoss/Brazilian-Soccer-Data,https://github.com/ricardo-mattoss/Brazilian-Soccer-Data/blob/master/Data/Libertadores_Matches.csv,UNKNOWN,HISTORICAL_REAL,6a0b7a9bf60a8fe3f16bb86e,H,3,False,True,False,False,False,False,0.5,0.0,0.25,0.25,7.0,2.0,1.5,1.5,8.0,-1.0
Copa Libertadores,2020,MEN,South America,GROUP_STAGE,,2020-10-01,Olimpia-PAR,Santos,2,3,,,ricardo-mattoss/Brazilian-Soccer-Data,https://github.com/ricardo-mattoss/Brazilian-Soccer-Data/blob/master/Data/Libertadores_Matches.csv,UNKNOWN,HISTORICAL_REAL,4c677ef479c3f7bec57efbb7,A,5,True,False,True,False,False,False,0.5,1.3333333333333333,1.25,1.25,8.0,2.3333333333333335,2.0,2.0,7.0,1.0
Copa Libertadores,2020,MEN,South America,GROUP_STAGE,,2020-10-01,Tigre,Guaraní-PAR,1,3,,,ricardo-mattoss/Brazilian-Soccer-Data,https://github.com/ricardo-mattoss/Brazilian-Soccer-Data/blob/master/Data/Libertadores_Matches.csv,UNKNOWN,HISTORICAL_REAL,4947a1f7a289152424dd709c,A,4,True,False,True,False,False,False,0.5,0.3333333333333333,0.25,0.25,9.0,1.3333333333333333,1.75,1.75,8.0,1.0
Copa Libertadores,2020,MEN,South America,GROUP_STAGE,,2020-10-20,Colo-Colo,Jorge Wilstermann,0,1,,,ricardo-mattoss/Brazilian-Soccer-Data,https://github.com/ricardo-mattoss/Brazilian-Soccer-Data/blob/master/Data/Libertadores_Matches.csv,UNKNOWN,HISTORICAL_REAL,256475c9b2ff3dd8286f5d0e,A,1,False,False,True,False,False,False,0.5,1.0,1.2,1.2,21.0,1.3333333333333333,1.4,1.4,21.0,0.0
Copa Libertadores,2020,MEN,South America,GROUP_STAGE,,2020-10-20,Olimpia-PAR,Delfín,0,1,,,ricardo-mattoss/Brazilian-Soccer-Data,https://github.com/ricardo-mattoss/Brazilian-Soccer-Data/blob/master/Data/Libertadores_Matches.csv,UNKNOWN,HISTORICAL_REAL,456641ae1ae3d007a42ddd6a,A,1,False,False,True,False,False,False,0.5,0.3333333333333333,1.0,1.0,19.0,1.0,0.8,0.8,19.0,0.0
Copa Libertadores,2020,MEN,South America,GROUP_STAGE,,2020-10-20,Peñarol,Athletico,3,2,,,ricardo-mattoss/Brazilian-Soccer-Data,https://github.com/ricardo-mattoss/Brazilian-Soccer-Data/blob/master/Data/Libertadores_Matches.csv,UNKNOWN,HISTORICAL_REAL,b61936eca432f9a1e650f3bd,H,5,True,True,False,False,False,False,0.5,1.0,1.2,1.2,21.0,2.3333333333333335,2.0,2.0,21.0,0.0
Copa Libertadores,2020,MEN,South America,GROUP_STAGE,,2020-10-20,River Plate,LDU,3,0,,,ricardo-mattoss/Brazilian-Soccer-Data,https://github.com/ricardo-mattoss/Brazilian-Soccer-Data/blob/master/Data/Libertadores_Matches.csv,UNKNOWN,HISTORICAL_REAL,832b29018f38775342af5f4b,H,3,False,True,False,False,False,False,0.5,2.3333333333333335,2.0,1.8571428571428572,20.0,3.0,2.4,2.4,21.0,-1.0
Copa Libertadores,2020,MEN,South America,GROUP_STAGE,,2020-10-20,Santos,Defensa y Justicia,2,1,,,ricardo-mattoss/Brazilian-Soccer-Data,https://github.com/ricardo-mattoss/Brazilian-Soccer-Data/blob/master/Data/Libertadores_Matches.csv,UNKNOWN,HISTORICAL_REAL,af52a8f7223858befbedf937,H,3,True,True,False,False,False,False,0.5,2.3333333333333335,2.6,2.125,19.0,2.0,1.2,1.2,19.0,0.0
Copa Libertadores,2020,MEN,South America,GROUP_STAGE,,2020-10-20,São Paulo,Binacional,5,1,,,ricardo-mattoss/Brazilian-Soccer-Data,https://github.com/ricardo-mattoss/Brazilian-Soccer-Data/blob/master/Data/Libertadores_Matches.csv,UNKNOWN,HISTORICAL_REAL,d89b096608b8c786bc8c9cc2,H,6,True,True,False,False,False,False,0.5,0.3333333333333333,0.8,0.8,20.0,0.0,0.6,0.6,21.0,-1.0
Copa Libertadores,2020,MEN,South America,GROUP_STAGE,,2020-10-21,Bolívar,Guaraní-PAR,2,3,,,ricardo-mattoss/Brazilian-Soccer-Data,https://github.com/ricardo-mattoss/Brazilian-Soccer-Data/blob/master/Data/Libertadores_Matches.csv,UNKNOWN,HISTORICAL_REAL,ccf045c8b26e4d4aef1392f6,A,5,True,False,True,False,False,False,0.5,0.3333333333333333,0.8,0.8,21.0,2.3333333333333335,2.0,2.0,20.0,1.0
Copa Libertadores,2020,MEN,South America,GROUP_STAGE,,2020-10-21,Flamengo,Junior de Barranquilla,3,1,,,ricardo-mattoss/Brazilian-Soccer-Data,https://github.com/ricardo-mattoss/Brazilian-Soccer-Data/blob/master/Data/Libertadores_Matches.csv,UNKNOWN,HISTORICAL_REAL,5f8fccf5b8e9014183e36f4b,H,4,True,True,False,False,False,False,0.5,2.0,2.4,2.4,21.0,2.0,1.2,1.2,21.0,0.0
Copa Libertadores,2020,MEN,South America,GROUP_STAGE,,2020-10-21,Independiente del Valle,Barcelona-EQU,2,0,,,ricardo-mattoss/Brazilian-Soccer-Data,https://github.com/ricardo-mattoss/Brazilian-Soccer-Data/blob/master/Data/Libertadores_Matches.csv,UNKNOWN,HISTORICAL_REAL,3297bdf67b8a21f1b450043f,H,2,False,True,False,False,False,False,0.5,1.0,1.8,1.8,21.0,1.0,0.6,0.6,21.0,0.0
Copa Libertadores,2020,MEN,South America,GROUP_STAGE,,2020-10-21,Nacional-URU,Alianza Lima,2,0,,,ricardo-mattoss/Brazilian-Soccer-Data,https://github.com/ricardo-mattoss/Brazilian-Soccer-Data/blob/master/Data/Libertadores_Matches.csv,UNKNOWN,HISTORICAL_REAL,07c8f31978c792b54c02e4a9,H,2,False,True,False,False,False,False,0.5,2.0,2.4,2.4,21.0,0.3333333333333333,0.2,0.2,21.0,0.0
Copa Libertadores,2020,MEN,South America,GROUP_STAGE,,2020-10-21,Palmeiras,Tigre,5,0,,,ricardo-mattoss/Brazilian-Soccer-Data,https://github.com/ricardo-mattoss/Brazilian-Soccer-Data/blob/master/Data/Libertadores_Matches.csv,UNKNOWN,HISTORICAL_REAL,02b1ada098399b455d062329,H,5,False,True,False,False,False,False,0.5,2.3333333333333335,2.6,2.375,21.0,0.3333333333333333,0.2,0.2,20.0,1.0
Copa Libertadores,2020,MEN,South America,GROUP_STAGE,,2020-10-21,Racing Club,Estudiantes de Mérida,2,1,,,ricardo-mattoss/Brazilian-Soccer-Data,https://github.com/ricardo-mattoss/Brazilian-Soccer-Data/blob/master/Data/Libertadores_Matches.csv,UNKNOWN,HISTORICAL_REAL,933e93f6f6aaaac908b217d4,H,3,True,True,False,False,False,False,0.5,2.0,2.4,2.4,21.0,1.3333333333333333,0.8,0.8,21.0,0.0
Copa Libertadores,2020,MEN,South America,GROUP_STAGE,,2020-10-22,Boca Juniors,Caracas,3,0,,,ricardo-mattoss/Brazilian-Soccer-Data,https://github.com/ricardo-mattoss/Brazilian-Soccer-Data/blob/master/Data/Libertadores_Matches.csv,UNKNOWN,HISTORICAL_REAL,380f3c43b5fe000c18cb8333,H,3,False,True,False,False,False,False,0.5,2.3333333333333335,2.2,1.7142857142857142,23.0,2.0,1.4,1.4,22.0,1.0
Copa Libertadores,2020,MEN,South America,GROUP_STAGE,,2020-10-22,Grêmio,América de Cali,1,1,,,ricardo-mattoss/Brazilian-Soccer-Data,https://github.com/ricardo-mattoss/Brazilian-Soccer-Data/blob/master/Data/Libertadores_Matches.csv,UNKNOWN,HISTORICAL_REAL,0703241950118a7dbfb0a00d,D,2,True,False,False,True,False,False,0.5,2.0,2.0,2.0,23.0,0.6666666666666666,1.0,1.0,23.0,0.0
Copa Libertadores,2020,MEN,South America,GROUP_STAGE,,2020-10-22,Libertad-PAR,Independiente Medellín,2,4,,,ricardo-mattoss/Brazilian-Soccer-Data,https://github.com/ricardo-mattoss/Brazilian-Soccer-Data/blob/master/Data/Libertadores_Matches.csv,UNKNOWN,HISTORICAL_REAL,334f601858ff1c703debfbf3,A,6,True,False,True,False,False,False,0.5,0.3333333333333333,1.4,1.4,23.0,1.0,0.6,0.6,22.0,1.0
Copa Libertadores,2020,MEN,South America,GROUP_STAGE,,2020-10-22,Universidad Católica,Internacional,2,1,,,ricardo-mattoss/Brazilian-Soccer-Data,https://github.com/ricardo-mattoss/Brazilian-Soccer-Data/blob/master/Data/Libertadores_Matches.csv,UNKNOWN,HISTORICAL_REAL,9840d5df16de91b99a7afd4b,H,3,True,True,False,False,False,False,0.5,1.3333333333333333,0.8,0.8,23.0,1.3333333333333333,1.6,1.6,23.0,0.0
Copa Sudamericana,2020,MEN,South America,ROUND_2,,2020-10-27,Audax Italiano (CHI),Bolívar (BOL),2,1,,,openfootball/south-america,https://raw.githubusercontent.com/openfootball/south-america/master/copa-libertadores/2020_copas.txt,UNKNOWN,HISTORICAL_REAL,73ecc1f8d71215c41215fabc,H,3,True,True,False,False,False,False,0.3,1.5,1.5,1.5,243.0,,,,,
Copa Sudamericana,2020,MEN,South America,ROUND_2,,2020-10-27,Sport Huancayo (PER),Liverpool (URU),1,1,,,openfootball/south-america,https://raw.githubusercontent.com/openfootball/south-america/master/copa-libertadores/2020_copas.txt,UNKNOWN,HISTORICAL_REAL,8642078bd90c905de9427352,D,2,True,False,False,True,False,False,0.3,1.0,1.0,1.0,245.0,3.0,3.0,3.0,244.0,1.0
Copa Sudamericana,2020,MEN,South America,ROUND_2,,2020-10-27,Unión La Calera (CHI),Deportes Tolima (COL),0,0,,,openfootball/south-america,https://raw.githubusercontent.com/openfootball/south-america/master/copa-libertadores/2020_copas.txt,UNKNOWN,HISTORICAL_REAL,ab29d49c7db53168e7cc83e1,D,0,False,False,False,True,False,False,0.3,1.0,1.0,1.0,252.0,,,,,
Copa Sudamericana,2020,MEN,South America,ROUND_2,,2020-10-28,Atlético Nacional (COL),River Plate (URU),1,1,,,openfootball/south-america,https://raw.githubusercontent.com/openfootball/south-america/master/copa-libertadores/2020_copas.txt,UNKNOWN,HISTORICAL_REAL,de10376fab2a8dd65332426b,D,2,True,False,False,True,False,False,0.3,2.0,2.0,2.0,252.0,1.0,1.5,1.5,246.0,6.0
Copa Sudamericana,2020,MEN,South America,ROUND_2,,2020-10-28,Fénix (URU),Huachipato (CHI),3,1,,,openfootball/south-america,https://raw.githubusercontent.com/openfootball/south-america/master/copa-libertadores/2020_copas.txt,UNKNOWN,HISTORICAL_REAL,f6a3ece70186d863e2b28798,H,4,True,True,False,False,False,False,0.3,2.0,2.0,2.0,251.0,3.0,3.0,3.0,245.0,6.0
Copa Sudamericana,2020,MEN,South America,ROUND_2,,2020-10-28,Lanús (ARG),São Paulo FC (BRA),3,2,,,openfootball/south-america,https://raw.githubusercontent.com/openfootball/south-america/master/copa-libertadores/2020_copas.txt,UNKNOWN,HISTORICAL_REAL,d7a419758605f9f0d20c6211,H,5,True,True,False,False,False,False,0.3,1.0,1.5,1.5,245.0,,,,,
Copa Sudamericana,2020,MEN,South America,ROUND_2,,2020-10-28,Millonarios (COL),Deportivo Cali (COL),1,2,,,openfootball/south-america,https://raw.githubusercontent.com/openfootball/south-america/master/copa-libertadores/2020_copas.txt,UNKNOWN,HISTORICAL_REAL,8c6c6b325027485028a2b13e,A,3,True,False,True,False,False,False,0.3,1.5,1.5,1.5,251.0,3.0,3.0,3.0,246.0,5.0
Copa Sudamericana,2020,MEN,South America,ROUND_2,,2020-10-28,Sportivo Luqueño (PAR),Defensa y Justicia (ARG),1,2,,,openfootball/south-america,https://raw.githubusercontent.com/openfootball/south-america/master/copa-libertadores/2020_copas.txt,UNKNOWN,HISTORICAL_REAL,29d61699bdeb2ad9454914ac,A,3,True,False,True,False,False,False,0.3,2.0,2.0,2.0,252.0,2.3333333333333335,2.3333333333333335,2.3333333333333335,279.0,-27.0
Copa Sudamericana,2020,MEN,South America,ROUND_2,,2020-10-28,Vasco da Gama RJ (BRA),Caracas FC (VEN),1,0,,,openfootball/south-america,https://raw.githubusercontent.com/openfootball/south-america/master/copa-libertadores/2020_copas.txt,UNKNOWN,HISTORICAL_REAL,6a3d8158b5a832f11f06ee2f,H,1,False,True,False,False,False,False,0.3,2.0,2.0,2.0,252.0,,,,,
Copa Sudamericana,2020,MEN,South America,ROUND_2,,2020-10-28,Vélez Sarsfield (ARG),Peñarol (URU),0,0,,,openfootball/south-america,https://raw.githubusercontent.com/openfootball/south-america/master/copa-libertadores/2020_copas.txt,UNKNOWN,HISTORICAL_REAL,4dfc7ebf0b0328ffb4c41629,D,0,False,False,False,True,False,False,0.3,1.0,1.0,1.0,253.0,,,,,
Copa Sudamericana,2020,MEN,South America,ROUND_2,,2020-10-29,Coquimbo Unido (CHI),Estudiantes de Mérida (VEN),3,0,,,openfootball/south-america,https://raw.githubusercontent.com/openfootball/south-america/master/copa-libertadores/2020_copas.txt,UNKNOWN,HISTORICAL_REAL,a6e311166031fde33303d3ed,H,3,False,True,False,False,False,False,0.3,1.0,1.0,1.0,254.0,,,,,
Copa Sudamericana,2020,MEN,South America,ROUND_2,,2020-10-29,FBC Melgar (PER),Bahia BA (BRA),1,0,,,openfootball/south-america,https://raw.githubusercontent.com/openfootball/south-america/master/copa-libertadores/2020_copas.txt,UNKNOWN,HISTORICAL_REAL,f10ef7ea5764f1958b7a7155,H,1,False,True,False,False,False,False,0.3,3.0,3.0,3.0,254.0,3.0,3.0,3.0,246.0,8.0
Copa Sudamericana,2020,MEN,South America,ROUND_2,,2020-10-29,Independiente (ARG),Atlético Tucumán (ARG),1,0,,,openfootball/south-america,https://raw.githubusercontent.com/openfootball/south-america/master/copa-libertadores/2020_copas.txt,UNKNOWN,HISTORICAL_REAL,b91b20a2264428b651742a2d,H,1,False,True,False,False,False,False,0.3,1.5,1.5,1.5,245.0,,,,,
Copa Sudamericana,2020,MEN,South America,ROUND_2,,2020-10-29,Plaza Colonia (URU),Atlético Junior (COL),0,1,,,openfootball/south-america,https://raw.githubusercontent.com/openfootball/south-america/master/copa-libertadores/2020_copas.txt,UNKNOWN,HISTORICAL_REAL,e6e830e0c2ca17471016c98b,A,1,False,False,True,False,False,False,0.3,1.5,1.5,1.5,245.0,,,,,
Copa Sudamericana,2020,MEN,South America,ROUND_2,,2020-10-29,Sol de América (PAR),Universidad Católica (CHI),0,0,,,openfootball/south-america,https://raw.githubusercontent.com/openfootball/south-america/master/copa-libertadores/2020_copas.txt,UNKNOWN,HISTORICAL_REAL,c0f8151ee53b022819fc1d3f,D,0,False,False,False,True,False,False,0.3,3.0,3.0,3.0,247.0,,,,,
Copa Sudamericana,2020,MEN,South America,ROUND_2,,2020-10-29,Unión de Santa Fe (ARG),Emelec (ECU),0,1,,,openfootball/south-america,https://raw.githubusercontent.com/openfootball/south-america/master/copa-libertadores/2020_copas.txt,UNKNOWN,HISTORICAL_REAL,9a76c660d87c0f5ef87fc688,A,1,False,False,True,False,False,False,0.3,1.5,1.5,1.5,252.0,3.0,3.0,3.0,252.0,0.0
Copa Sudamericana,2020,MEN,South America,ROUND_2,,2020-11-03,Bolívar (BOL),Audax Italiano (CHI),3,0,,,openfootball/south-america,https://raw.githubusercontent.com/openfootball/south-america/master/copa-libertadores/2020_copas.txt,UNKNOWN,HISTORICAL_REAL,8ee3ced45e997fbfdde2ee9a,H,3,False,True,False,False,False,False,0.3,0.0,0.0,0.0,7.0,2.0,2.0,2.0,7.0,0.0
Copa Sudamericana,2020,MEN,South America,ROUND_2,,2020-11-03,Deportes Tolima (COL),Unión La Calera (CHI),1,1,,,openfootball/south-america,https://raw.githubusercontent.com/openfootball/south-america/master/copa-libertadores/2020_copas.txt,UNKNOWN,HISTORICAL_REAL,03d97390ba672f465f7d58ca,D,2,True,False,False,True,False,False,0.3,1.0,1.0,1.0,7.0,1.0,1.0,1.0,7.0,0.0
Copa Sudamericana,2020,MEN,South America,ROUND_2,,2020-11-03,Liverpool (URU),Sport Huancayo (PER),1,2,,,openfootball/south-america,https://raw.githubusercontent.com/openfootball/south-america/master/copa-libertadores/2020_copas.txt,UNKNOWN,HISTORICAL_REAL,a9ad5c41993ea06ddfaefc41,A,3,True,False,True,False,False,False,0.3,2.3333333333333335,2.3333333333333335,2.3333333333333335,7.0,1.0,1.0,1.0,7.0,0.0
Copa Sudamericana,2020,MEN,South America,ROUND_2,,2020-11-04,Caracas FC (VEN),Vasco da Gama RJ (BRA),0,0,,,openfootball/south-america,https://raw.githubusercontent.com/openfootball/south-america/master/copa-libertadores/2020_copas.txt,UNKNOWN,HISTORICAL_REAL,b24d9edcf8846a17eb25e419,D,0,False,False,False,True,False,False,0.3,0.0,0.0,0.0,7.0,2.3333333333333335,2.3333333333333335,2.3333333333333335,7.0,0.0
Copa Sudamericana,2020,MEN,South America,ROUND_2,,2020-11-04,Defensa y Justicia (ARG),Sportivo Luqueño (PAR),1,1,,,openfootball/south-america,https://raw.githubusercontent.com/openfootball/south-america/master/copa-libertadores/2020_copas.txt,UNKNOWN,HISTORICAL_REAL,aa28a39b6445c8bd41d63370,D,2,True,False,False,True,False,False,0.3,3.0,2.5,2.5,7.0,1.3333333333333333,1.3333333333333333,1.3333333333333333,7.0,0.0
Copa Sudamericana,2020,MEN,South America,ROUND_2,,2020-11-04,Deportivo Cali (COL),Millonarios (COL),5,4,,,openfootball/south-america,https://raw.githubusercontent.com/openfootball/south-america/master/copa-libertadores/2020_copas.txt,UNKNOWN,HISTORICAL_REAL,e792024f6968a4aa0a729095,H,9,True,True,False,False,False,False,0.3,3.0,3.0,3.0,7.0,1.0,1.0,1.0,7.0,0.0
Copa Sudamericana,2020,MEN,South America,ROUND_2,,2020-11-04,Huachipato (CHI),Fénix (URU),1,1,,,openfootball/south-america,https://raw.githubusercontent.com/openfootball/south-america/master/copa-libertadores/2020_copas.txt,UNKNOWN,HISTORICAL_REAL,d5abad38883f2718048ed3df,D,2,True,False,False,True,False,False,0.3,2.0,2.0,2.0,7.0,2.3333333333333335,2.3333333333333335,2.3333333333333335,7.0,0.0
Copa Sudamericana,2020,MEN,South America,ROUND_2,,2020-11-04,Peñarol (URU),Vélez Sarsfield (ARG),1,1,,,openfootball/south-america,https://raw.githubusercontent.com/openfootball/south-america/master/copa-libertadores/2020_copas.txt,UNKNOWN,HISTORICAL_REAL,678c7e6314fda8b66d5b8320,D,2,True,False,False,True,False,False,0.3,1.0,1.0,1.0,7.0,1.3333333333333333,1.0,1.0,7.0,0.0
Copa Sudamericana,2020,MEN,South America,ROUND_2,,2020-11-04,River Plate (URU),Atlético Nacional (COL),3,1,,,openfootball/south-america,https://raw.githubusercontent.com/openfootball/south-america/master/copa-libertadores/2020_copas.txt,UNKNOWN,HISTORICAL_REAL,fd626f12b90b38b7124e792a,H,4,True,True,False,False,False,False,0.3,1.3333333333333333,1.4,1.4,7.0,1.6666666666666667,1.6666666666666667,1.6666666666666667,7.0,0.0
Copa Sudamericana,2020,MEN,South America,ROUND_2,,2020-11-04,São Paulo FC (BRA),Lanús (ARG),4,3,,,openfootball/south-america,https://raw.githubusercontent.com/openfootball/south-america/master/copa-libertadores/2020_copas.txt,UNKNOWN,HISTORICAL_REAL,a4e7ed2f97a03d3514ac85eb,H,7,True,True,False,False,False,False,0.3,0.0,0.0,0.0,7.0,2.0,1.8,1.8,7.0,0.0
Copa Sudamericana,2020,MEN,South America,ROUND_2,,2020-11-05,Atlético Junior (COL),Plaza Colonia (URU),0,0,,,openfootball/south-america,https://raw.githubusercontent.com/openfootball/south-america/master/copa-libertadores/2020_copas.txt,UNKNOWN,HISTORICAL_REAL,89d4bdd1222c93024c6a81a7,D,0,False,False,False,True,False,False,0.3,3.0,3.0,3.0,7.0,1.0,1.0,1.0,7.0,0.0
Copa Sudamericana,2020,MEN,South America,ROUND_2,,2020-11-05,Atlético Tucumán (ARG),Independiente (ARG),1,1,,,openfootball/south-america,https://raw.githubusercontent.com/openfootball/south-america/master/copa-libertadores/2020_copas.txt,UNKNOWN,HISTORICAL_REAL,187aa0b961ae9377e4e61498,D,2,True,False,False,True,False,False,0.3,0.0,0.0,0.0,7.0,2.0,2.0,2.0,7.0,0.0
Copa Sudamericana,2020,MEN,South America,ROUND_2,,2020-11-05,Bahia BA (BRA),FBC Melgar (PER),4,0,,,openfootball/south-america,https://raw.githubusercontent.com/openfootball/south-america/master/copa-libertadores/2020_copas.txt,UNKNOWN,HISTORICAL_REAL,655dd8d8ef9e8eba494e0ed4,H,4,False,True,False,False,False,False,0.3,2.0,2.0,2.0,7.0,3.0,3.0,3.0,7.0,0.0
Copa Sudamericana,2020,MEN,South America,ROUND_2,,2020-11-05,Emelec (ECU),Unión de Santa Fe (ARG),1,2,,,openfootball/south-america,https://raw.githubusercontent.com/openfootball/south-america/master/copa-libertadores/2020_copas.txt,UNKNOWN,HISTORICAL_REAL,cd2d80051062c5c6c52911ec,A,3,True,False,True,False,False,False,0.3,3.0,3.0,3.0,7.0,1.0,1.0,1.0,7.0,0.0
Copa Sudamericana,2020,MEN,South America,ROUND_2,,2020-11-05,Estudiantes de Mérida (VEN),Coquimbo Unido (CHI),0,2,,,openfootball/south-america,https://raw.githubusercontent.com/openfootball/south-america/master/copa-libertadores/2020_copas.txt,UNKNOWN,HISTORICAL_REAL,fb4a2bdf1973712447faa229,A,2,False,False,True,False,False,False,0.3,0.0,0.0,0.0,7.0,2.0,1.4,1.4,7.0,0.0
Copa Sudamericana,2020,MEN,South America,ROUND_2,,2020-11-05,Universidad Católica (CHI),Sol de América (PAR),2,1,,,openfootball/south-america,https://raw.githubusercontent.com/openfootball/south-america/master/copa-libertadores/2020_copas.txt,UNKNOWN,HISTORICAL_REAL,3cc564556b4bdbb63d4dea98,H,3,True,True,False,False,False,False,0.3,1.0,1.0,1.0,7.0,2.3333333333333335,2.3333333333333335,2.3333333333333335,7.0,0.0
Copa Libertadores,2020,MEN,South America,ROUND_OF_16,,2020-11-24,Athletico,River Plate,1,1,,,ricardo-mattoss/Brazilian-Soccer-Data,https://github.com/ricardo-mattoss/Brazilian-Soccer-Data/blob/master/Data/Libertadores_Matches.csv,UNKNOWN,HISTORICAL_REAL,286fd317399181d2eabff1b9,D,2,True,False,False,True,True,False,0.7,1.3333333333333333,1.4,1.6666666666666667,35.0,3.0,2.6,2.0,35.0,0.0
Copa Sudamericana,2020,MEN,South America,ROUND_OF_16,,2020-11-24,Bahia BA (BRA),Unión de Santa Fe (ARG),1,0,,,openfootball/south-america,https://raw.githubusercontent.com/openfootball/south-america/master/copa-libertadores/2020_copas.txt,UNKNOWN,HISTORICAL_REAL,571e034673b0b3ed22650511,H,1,False,True,False,False,True,False,0.7,2.0,2.25,2.25,19.0,1.0,1.5,1.5,19.0,0.0
Copa Libertadores,2020,MEN,South America,ROUND_OF_16,,2020-11-24,LDU,Santos,1,2,,,ricardo-mattoss/Brazilian-Soccer-Data,https://github.com/ricardo-mattoss/Brazilian-Soccer-Data/blob/master/Data/Libertadores_Matches.csv,UNKNOWN,HISTORICAL_REAL,6e83b1c972d1dfe661806f1f,A,3,True,False,True,False,True,False,0.7,2.0,1.8,2.0,35.0,3.0,2.6,2.2222222222222223,35.0,0.0
Copa Libertadores,2020,MEN,South America,ROUND_OF_16,,2020-11-24,Racing Club,Flamengo,1,1,,,ricardo-mattoss/Brazilian-Soccer-Data,https://github.com/ricardo-mattoss/Brazilian-Soccer-Data/blob/master/Data/Libertadores_Matches.csv,UNKNOWN,HISTORICAL_REAL,1ddef24fe247b7778784e2f6,D,2,True,False,False,True,True,False,0.7,3.0,2.4,2.5,34.0,3.0,2.4,2.5,34.0,0.0
Copa Sudamericana,2020,MEN,South America,ROUND_OF_16,,2020-11-24,Vélez Sarsfield (ARG),Deportivo Cali (COL),2,0,,,openfootball/south-america,https://raw.githubusercontent.com/openfootball/south-america/master/copa-libertadores/2020_copas.txt,UNKNOWN,HISTORICAL_REAL,54a8b23b3459d10d533b80b7,H,2,False,True,False,False,True,False,0.7,0.6666666666666666,1.0,1.0,20.0,3.0,3.0,3.0,20.0,0.0
Copa Sudamericana,2020,MEN,South America,ROUND_OF_16,,2020-11-25,Bolívar (BOL),Lanús (ARG),2,1,,,openfootball/south-america,https://raw.githubusercontent.com/openfootball/south-america/master/copa-libertadores/2020_copas.txt,UNKNOWN,HISTORICAL_REAL,749b75fe3ab542efd85c3f2a,H,3,True,True,False,False,True,False,0.7,1.5,1.5,1.5,22.0,1.0,1.2,1.5,21.0,1.0
Copa Sudamericana,2020,MEN,South America,ROUND_OF_16,,2020-11-25,Coquimbo Unido (CHI),Sport Huancayo (PER),0,0,,,openfootball/south-america,https://raw.githubusercontent.com/openfootball/south-america/master/copa-libertadores/2020_copas.txt,UNKNOWN,HISTORICAL_REAL,3605359abf5b3aada5f968b8,D,0,False,False,False,True,True,False,0.7,2.0,1.8,1.6666666666666667,20.0,1.6666666666666667,1.5,1.5,22.0,-2.0
Copa Libertadores,2020,MEN,South America,ROUND_OF_16,,2020-11-25,Delfín,Palmeiras,1,3,,,ricardo-mattoss/Brazilian-Soccer-Data,https://github.com/ricardo-mattoss/Brazilian-Soccer-Data/blob/master/Data/Libertadores_Matches.csv,UNKNOWN,HISTORICAL_REAL,d35c554e1e75ef09dc375c2a,A,4,True,False,True,False,True,False,0.7,2.0,1.2,1.1666666666666667,36.0,2.3333333333333335,2.6,2.4444444444444446,35.0,1.0
Copa Sudamericana,2020,MEN,South America,ROUND_OF_16,,2020-11-25,Fénix (URU),Independiente (ARG),1,4,,,openfootball/south-america,https://raw.githubusercontent.com/openfootball/south-america/master/copa-libertadores/2020_copas.txt,UNKNOWN,HISTORICAL_REAL,170d806e27a295016f7b47db,A,5,True,False,True,False,True,False,0.7,1.6666666666666667,2.0,2.0,21.0,1.3333333333333333,1.75,1.75,20.0,1.0
Copa Libertadores,2020,MEN,South America,ROUND_OF_16,,2020-11-25,Independiente del Valle,Nacional-URU,0,0,,,ricardo-mattoss/Brazilian-Soccer-Data,https://github.com/ricardo-mattoss/Brazilian-Soccer-Data/blob/master/Data/Libertadores_Matches.csv,UNKNOWN,HISTORICAL_REAL,b840bf310eaa16746e53b85b,D,0,False,False,False,True,True,False,0.7,1.0,1.8,2.0,35.0,2.0,2.4,2.5,35.0,0.0
Copa Libertadores,2020,MEN,South America,ROUND_OF_16,,2020-11-25,Libertad-PAR,Jorge Wilstermann,3,1,,,ricardo-mattoss/Brazilian-Soccer-Data,https://github.com/ricardo-mattoss/Brazilian-Soccer-Data/blob/master/Data/Libertadores_Matches.csv,UNKNOWN,HISTORICAL_REAL,06be5a1d57093dfd517dd50e,H,4,True,True,False,False,True,False,0.7,0.3333333333333333,0.8,1.1666666666666667,34.0,2.3333333333333335,1.4,1.6666666666666667,36.0,-2.0
Copa Sudamericana,2020,MEN,South America,ROUND_OF_16,,2020-11-26,Atlético Junior (COL),Unión La Calera (CHI),2,1,,,openfootball/south-america,https://raw.githubusercontent.com/openfootball/south-america/master/copa-libertadores/2020_copas.txt,UNKNOWN,HISTORICAL_REAL,73dd364eee95b4dce1a28e64,H,3,True,True,False,False,True,False,0.7,2.0,2.0,2.0,21.0,1.0,1.0,1.0,23.0,-2.0
Copa Sudamericana,2020,MEN,South America,ROUND_OF_16,,2020-11-26,Defensa y Justicia (ARG),Vasco da Gama RJ (BRA),1,1,,,openfootball/south-america,https://raw.githubusercontent.com/openfootball/south-america/master/copa-libertadores/2020_copas.txt,UNKNOWN,HISTORICAL_REAL,76aa328f22cac326bea5b98d,D,2,True,False,False,True,True,False,0.7,2.3333333333333335,2.2,2.2,22.0,1.6666666666666667,2.0,2.0,22.0,0.0
Copa Libertadores,2020,MEN,South America,ROUND_OF_16,,2020-11-26,Guaraní-PAR,Grêmio,0,2,,,ricardo-mattoss/Brazilian-Soccer-Data,https://github.com/ricardo-mattoss/Brazilian-Soccer-Data/blob/master/Data/Libertadores_Matches.csv,UNKNOWN,HISTORICAL_REAL,f640af81c4138626b32ae7d6,A,2,False,False,True,False,True,False,0.7,2.3333333333333335,2.0,2.1666666666666665,36.0,2.3333333333333335,1.6,1.8333333333333333,35.0,1.0
Copa Sudamericana,2020,MEN,South America,ROUND_OF_16,,2020-11-26,River Plate (URU),Universidad Católica (CHI),1,2,,,openfootball/south-america,https://raw.githubusercontent.com/openfootball/south-america/master/copa-libertadores/2020_copas.txt,UNKNOWN,HISTORICAL_REAL,8b0aeea3dd9285588b38152a,A,3,True,False,True,False,True,False,0.7,1.3333333333333333,1.4,1.6666666666666667,22.0,2.0,2.0,2.0,21.0,1.0
Copa Sudamericana,2020,MEN,South America,ROUND_OF_16,,2020-12-01,Deportivo Cali (COL),Vélez Sarsfield (ARG),1,5,,,openfootball/south-america,https://raw.githubusercontent.com/openfootball/south-america/master/copa-libertadores/2020_copas.txt,UNKNOWN,HISTORICAL_REAL,5850613fc96d8bdd34d93401,A,6,True,False,True,False,True,False,0.7,2.0,2.4,2.4,7.0,1.6666666666666667,1.6,1.3333333333333333,7.0,0.0
Copa Libertadores,2020,MEN,South America,ROUND_OF_16,,2020-12-01,Flamengo,Racing Club,1,1,,,ricardo-mattoss/Brazilian-Soccer-Data,https://github.com/ricardo-mattoss/Brazilian-Soccer-Data/blob/master/Data/Libertadores_Matches.csv,UNKNOWN,HISTORICAL_REAL,a08469fc4029dd3d375201e8,D,2,True,False,False,True,True,False,0.7,2.3333333333333335,2.0,2.2857142857142856,7.0,2.3333333333333335,2.0,2.2857142857142856,7.0,0.0
Copa Libertadores,2020,MEN,South America,ROUND_OF_16,,2020-12-01,River Plate,Athletico,1,0,,,ricardo-mattoss/Brazilian-Soccer-Data,https://github.com/ricardo-mattoss/Brazilian-Soccer-Data/blob/master/Data/Libertadores_Matches.csv,UNKNOWN,HISTORICAL_REAL,2ad3830307628800ef808e4e,H,1,False,True,False,False,True,False,0.7,2.3333333333333335,2.2,1.8888888888888888,7.0,0.6666666666666666,1.6,1.5714285714285714,7.0,0.0
Copa Libertadores,2020,MEN,South America,ROUND_OF_16,,2020-12-01,Santos,LDU,0,1,,,ricardo-mattoss/Brazilian-Soccer-Data,https://github.com/ricardo-mattoss/Brazilian-Soccer-Data/blob/master/Data/Libertadores_Matches.csv,UNKNOWN,HISTORICAL_REAL,9c44b9bc2f3fee8c5caedce0,A,1,False,False,True,False,True,False,0.7,3.0,2.6,2.3,7.0,1.0,1.8,1.7142857142857142,7.0,0.0
Copa Sudamericana,2020,MEN,South America,ROUND_OF_16,,2020-12-01,Unión de Santa Fe (ARG),Bahia BA (BRA),0,0,,,openfootball/south-america,https://raw.githubusercontent.com/openfootball/south-america/master/copa-libertadores/2020_copas.txt,UNKNOWN,HISTORICAL_REAL,898c03ebdc3dfff861f0e650,D,0,False,False,False,True,True,False,0.7,1.0,1.2,1.2,7.0,2.0,2.4,2.4,7.0,0.0
Copa Sudamericana,2020,MEN,South America,ROUND_OF_16,,2020-12-02,Independiente (ARG),Fénix (URU),1,0,,,openfootball/south-america,https://raw.githubusercontent.com/openfootball/south-america/master/copa-libertadores/2020_copas.txt,UNKNOWN,HISTORICAL_REAL,b2e9032cb9a2b571839571c5,H,1,False,True,False,False,True,False,0.7,2.3333333333333335,2.0,2.0,7.0,1.3333333333333333,1.6,1.6,7.0,0.0
Copa Libertadores,2020,MEN,South America,ROUND_OF_16,,2020-12-02,Internacional,Boca Juniors,0,1,,,ricardo-mattoss/Brazilian-Soccer-Data,https://github.com/ricardo-mattoss/Brazilian-Soccer-Data/blob/master/Data/Libertadores_Matches.csv,UNKNOWN,HISTORICAL_REAL,31ced6b04f7a3b161615ee9a,A,1,False,False,True,False,True,False,0.7,0.3333333333333333,1.0,1.3333333333333333,41.0,2.3333333333333335,2.6,1.875,41.0,0.0
Copa Libertadores,2020,MEN,South America,ROUND_OF_16,,2020-12-02,Jorge Wilstermann,Libertad-PAR,0,2,,,ricardo-mattoss/Brazilian-Soccer-Data,https://github.com/ricardo-mattoss/Brazilian-Soccer-Data/blob/master/Data/Libertadores_Matches.csv,UNKNOWN,HISTORICAL_REAL,17164bac3dc74035d6e588a3,A,2,False,False,True,False,True,False,0.7,1.3333333333333333,1.4,1.4285714285714286,7.0,1.3333333333333333,0.8,1.4285714285714286,7.0,0.0
Copa Sudamericana,2020,MEN,South America,ROUND_OF_16,,2020-12-02,Lanús (ARG),Bolívar (BOL),6,2,,,openfootball/south-america,https://raw.githubusercontent.com/openfootball/south-america/master/copa-libertadores/2020_copas.txt,UNKNOWN,HISTORICAL_REAL,adc2ee54a9a38f75debaeb12,H,8,True,True,False,False,True,False,0.7,1.0,1.2,1.2857142857142858,7.0,2.0,2.0,2.0,7.0,0.0
Copa Libertadores,2020,MEN,South America,ROUND_OF_16,,2020-12-02,Nacional-URU,Independiente del Valle,0,0,,,ricardo-mattoss/Brazilian-Soccer-Data,https://github.com/ricardo-mattoss/Brazilian-Soccer-Data/blob/master/Data/Libertadores_Matches.csv,UNKNOWN,HISTORICAL_REAL,dbe7df2111f8b21f05271b7b,D,0,False,False,False,True,True,False,0.7,1.3333333333333333,2.0,2.2857142857142856,7.0,1.3333333333333333,1.4,1.8571428571428572,7.0,0.0
Copa Libertadores,2020,MEN,South America,ROUND_OF_16,,2020-12-02,Palmeiras,Delfín,5,0,,,ricardo-mattoss/Brazilian-Soccer-Data,https://github.com/ricardo-mattoss/Brazilian-Soccer-Data/blob/master/Data/Libertadores_Matches.csv,UNKNOWN,HISTORICAL_REAL,2dfa108818384c5f92ef637a,H,5,False,True,False,False,True,False,0.7,3.0,2.6,2.5,7.0,2.0,1.2,1.0,7.0,0.0
Copa Sudamericana,2020,MEN,South America,ROUND_OF_16,,2020-12-02,Sport Huancayo (PER),Coquimbo Unido (CHI),0,2,,,openfootball/south-america,https://raw.githubusercontent.com/openfootball/south-america/master/copa-libertadores/2020_copas.txt,UNKNOWN,HISTORICAL_REAL,fe664cc60894469b21ded94e,A,2,False,False,True,False,True,False,0.7,1.6666666666666667,1.4,1.4,7.0,2.3333333333333335,2.0,1.5714285714285714,7.0,0.0
Copa Libertadores,2020,MEN,South America,ROUND_OF_16,,2020-12-03,Grêmio,Guaraní-PAR,2,0,,,ricardo-mattoss/Brazilian-Soccer-Data,https://github.com/ricardo-mattoss/Brazilian-Soccer-Data/blob/master/Data/Libertadores_Matches.csv,UNKNOWN,HISTORICAL_REAL,89d040be3df52bde11564ce0,H,2,False,True,False,False,True,False,0.7,2.3333333333333335,2.0,2.0,7.0,2.0,2.0,1.8571428571428572,7.0,0.0
Copa Sudamericana,2020,MEN,South America,ROUND_OF_16,,2020-12-03,Universidad Católica (CHI),River Plate (URU),0,1,,,openfootball/south-america,https://raw.githubusercontent.com/openfootball/south-america/master/copa-libertadores/2020_copas.txt,UNKNOWN,HISTORICAL_REAL,d96e92b09325985eea7e1989,A,1,False,False,True,False,True,False,0.7,2.3333333333333335,2.3333333333333335,2.3333333333333335,7.0,1.3333333333333333,1.4,1.4285714285714286,7.0,0.0
Copa Sudamericana,2020,MEN,South America,ROUND_OF_16,,2020-12-03,Unión La Calera (CHI),Atlético Junior (COL),2,4,,,openfootball/south-america,https://raw.githubusercontent.com/openfootball/south-america/master/copa-libertadores/2020_copas.txt,UNKNOWN,HISTORICAL_REAL,45129bcd4e139110555be6f8,A,6,True,False,True,False,True,False,0.7,0.6666666666666666,0.8,0.8,7.0,2.3333333333333335,2.3333333333333335,2.3333333333333335,7.0,0.0
Copa Sudamericana,2020,MEN,South America,ROUND_OF_16,,2020-12-03,Vasco da Gama RJ (BRA),Defensa y Justicia (ARG),0,1,,,openfootball/south-america,https://raw.githubusercontent.com/openfootball/south-america/master/copa-libertadores/2020_copas.txt,UNKNOWN,HISTORICAL_REAL,4f17a22869e42d8394cb622a,A,1,False,False,True,False,True,False,0.7,1.6666666666666667,1.8,1.8,7.0,1.6666666666666667,2.2,2.0,7.0,0.0
Copa Libertadores,2020,MEN,South America,QUARTERFINAL,,2020-12-08,Libertad-PAR,Palmeiras,1,1,,,ricardo-mattoss/Brazilian-Soccer-Data,https://github.com/ricardo-mattoss/Brazilian-Soccer-Data/blob/master/Data/Libertadores_Matches.csv,UNKNOWN,HISTORICAL_REAL,af27b2c6fae7b1057f14b774,D,2,True,False,False,True,True,False,0.8,2.0,1.4,1.625,6.0,3.0,2.6,2.5,6.0,0.0
Copa Sudamericana,2020,MEN,South America,QUARTERFINAL,,2020-12-08,Vélez Sarsfield (ARG),Universidad Católica (CHI),1,2,,,openfootball/south-america,https://raw.githubusercontent.com/openfootball/south-america/master/copa-libertadores/2020_copas.txt,UNKNOWN,HISTORICAL_REAL,b4aa4ac57d3b87692ccfc96d,A,3,True,False,True,False,True,False,0.8,2.3333333333333335,1.6,1.5714285714285714,7.0,2.0,1.75,1.75,5.0,2.0
Copa Sudamericana,2020,MEN,South America,QUARTERFINAL,,2020-12-09,Atlético Junior (COL),Coquimbo Unido (CHI),1,2,,,openfootball/south-america,https://raw.githubusercontent.com/openfootball/south-america/master/copa-libertadores/2020_copas.txt,UNKNOWN,HISTORICAL_REAL,90745e83584eec22e2d8442a,A,3,True,False,True,False,True,False,0.8,2.3333333333333335,2.5,2.5,6.0,2.3333333333333335,2.0,1.75,7.0,-1.0
Copa Sudamericana,2020,MEN,South America,QUARTERFINAL,,2020-12-09,Bahia BA (BRA),Defensa y Justicia (ARG),2,3,,,openfootball/south-america,https://raw.githubusercontent.com/openfootball/south-america/master/copa-libertadores/2020_copas.txt,UNKNOWN,HISTORICAL_REAL,02743162d8334b1a79e8a51f,A,5,True,False,True,False,True,False,0.8,2.3333333333333335,2.0,2.1666666666666665,8.0,1.6666666666666667,2.2,2.142857142857143,6.0,2.0
Copa Libertadores,2020,MEN,South America,ROUND_OF_16,,2020-12-09,Boca Juniors,Internacional,0,1,,,ricardo-mattoss/Brazilian-Soccer-Data,https://github.com/ricardo-mattoss/Brazilian-Soccer-Data/blob/master/Data/Libertadores_Matches.csv,UNKNOWN,HISTORICAL_REAL,ed7296332c26a3b856dac7a2,A,1,False,False,True,False,True,False,0.7,2.3333333333333335,2.6,2.0,7.0,0.3333333333333333,0.8,1.1428571428571428,7.0,0.0
Copa Libertadores,2020,MEN,South America,QUARTERFINAL,,2020-12-09,Grêmio,Santos,1,1,,,ricardo-mattoss/Brazilian-Soccer-Data,https://github.com/ricardo-mattoss/Brazilian-Soccer-Data/blob/master/Data/Libertadores_Matches.csv,UNKNOWN,HISTORICAL_REAL,22b0862ae791896727af0078,D,2,True,False,False,True,True,False,0.8,2.3333333333333335,2.6,2.125,6.0,2.0,2.4,2.2,8.0,-2.0
Copa Sudamericana,2020,MEN,South America,QUARTERFINAL,,2020-12-10,Lanús (ARG),Independiente (ARG),0,0,,,openfootball/south-america,https://raw.githubusercontent.com/openfootball/south-america/master/copa-libertadores/2020_copas.txt,UNKNOWN,HISTORICAL_REAL,3bb9c80d0b6df19d0f796f5a,D,0,False,False,False,True,True,False,0.8,1.0,1.2,1.5,8.0,2.3333333333333335,2.0,2.1666666666666665,8.0,0.0
Copa Libertadores,2020,MEN,South America,QUARTERFINAL,,2020-12-10,River Plate,Nacional-URU,2,0,,,ricardo-mattoss/Brazilian-Soccer-Data,https://github.com/ricardo-mattoss/Brazilian-Soccer-Data/blob/master/Data/Libertadores_Matches.csv,UNKNOWN,HISTORICAL_REAL,303ebccc1874c19153edc9d7,H,2,False,True,False,False,True,False,0.8,2.3333333333333335,2.6,2.0,9.0,1.6666666666666667,1.6,2.125,8.0,1.0
Copa Libertadores,2020,MEN,South America,QUARTERFINAL,,2020-12-15,Palmeiras,Libertad-PAR,3,0,,,ricardo-mattoss/Brazilian-Soccer-Data,https://github.com/ricardo-mattoss/Brazilian-Soccer-Data/blob/master/Data/Libertadores_Matches.csv,UNKNOWN,HISTORICAL_REAL,47a67af334185df46f4b1bc0,H,3,False,True,False,False,True,False,0.8,2.3333333333333335,2.6,2.6,7.0,2.3333333333333335,1.6,1.5555555555555556,7.0,0.0
Copa Sudamericana,2020,MEN,South America,QUARTERFINAL,,2020-12-15,Universidad Católica (CHI),Vélez Sarsfield (ARG),1,3,,,openfootball/south-america,https://raw.githubusercontent.com/openfootball/south-america/master/copa-libertadores/2020_copas.txt,UNKNOWN,HISTORICAL_REAL,d41509ab35709425a5ba0223,A,4,True,False,True,False,True,False,0.8,2.0,2.0,2.0,7.0,2.0,1.6,1.375,7.0,0.0
Copa Sudamericana,2020,MEN,South America,QUARTERFINAL,,2020-12-16,Coquimbo Unido (CHI),Atlético Junior (COL),0,1,,,openfootball/south-america,https://raw.githubusercontent.com/openfootball/south-america/master/copa-libertadores/2020_copas.txt,UNKNOWN,HISTORICAL_REAL,d565e8edf8de42cf6eebda52,A,1,False,False,True,False,True,False,0.8,2.3333333333333335,2.6,1.8888888888888888,7.0,2.0,2.0,2.0,7.0,0.0
Copa Sudamericana,2020,MEN,South America,QUARTERFINAL,,2020-12-16,Defensa y Justicia (ARG),Bahia BA (BRA),1,0,,,openfootball/south-america,https://raw.githubusercontent.com/openfootball/south-america/master/copa-libertadores/2020_copas.txt,UNKNOWN,HISTORICAL_REAL,9c2b21575231b8c3222ea518,H,1,False,True,False,False,True,False,0.8,2.3333333333333335,2.2,2.25,7.0,1.3333333333333333,1.4,1.8571428571428572,7.0,0.0
Copa Libertadores,2020,MEN,South America,QUARTERFINAL,,2020-12-16,Racing Club,Boca Juniors,1,0,,,ricardo-mattoss/Brazilian-Soccer-Data,https://github.com/ricardo-mattoss/Brazilian-Soccer-Data/blob/master/Data/Libertadores_Matches.csv,UNKNOWN,HISTORICAL_REAL,23840ad8d5ae2d93a44bd544,H,1,False,True,False,False,True,False,0.8,1.6666666666666667,2.2,2.125,15.0,2.0,2.0,1.8,7.0,8.0
Copa Libertadores,2020,MEN,South America,QUARTERFINAL,,2020-12-16,Santos,Grêmio,4,1,,,ricardo-mattoss/Brazilian-Soccer-Data,https://github.com/ricardo-mattoss/Brazilian-Soccer-Data/blob/master/Data/Libertadores_Matches.csv,UNKNOWN,HISTORICAL_REAL,32df8d0b5b5a2f7ee6707049,H,5,True,True,False,False,True,False,0.8,1.3333333333333333,2.0,2.0,7.0,2.3333333333333335,2.2,2.0,7.0,0.0
Copa Sudamericana,2020,MEN,South America,QUARTERFINAL,,2020-12-17,Independiente (ARG),Lanús (ARG),1,3,,,openfootball/south-america,https://raw.githubusercontent.com/openfootball/south-america/master/copa-libertadores/2020_copas.txt,UNKNOWN,HISTORICAL_REAL,6f5d8b9c885ce6a9c05f7849,A,4,True,False,True,False,True,False,0.8,2.3333333333333335,2.2,2.0,7.0,1.3333333333333333,1.4,1.4444444444444444,7.0,0.0
Copa Libertadores,2020,MEN,South America,QUARTERFINAL,,2020-12-17,Nacional-URU,River Plate,2,6,,,ricardo-mattoss/Brazilian-Soccer-Data,https://github.com/ricardo-mattoss/Brazilian-Soccer-Data/blob/master/Data/Libertadores_Matches.csv,UNKNOWN,HISTORICAL_REAL,b9d553ff49085fd27459e239,A,8,True,False,True,False,True,False,0.8,0.6666666666666666,1.0,1.8888888888888888,7.0,2.3333333333333335,2.6,2.3,7.0,0.0
Copa Libertadores,2020,MEN,South America,QUARTERFINAL,,2020-12-23,Boca Juniors,Racing Club,2,0,,,ricardo-mattoss/Brazilian-Soccer-Data,https://github.com/ricardo-mattoss/Brazilian-Soccer-Data/blob/master/Data/Libertadores_Matches.csv,UNKNOWN,HISTORICAL_REAL,f4cfb6e664cb80946952eeed,H,2,False,True,False,False,True,False,0.8,1.0,1.4,1.7,7.0,1.6666666666666667,2.2,2.2222222222222223,7.0,0.0
Copa Sudamericana,2020,MEN,South America,SEMIFINAL,,2021-01-06,Vélez Sarsfield (ARG),Lanús (ARG),0,1,,,openfootball/south-america,https://raw.githubusercontent.com/openfootball/south-america/master/copa-libertadores/2020_copas.txt,UNKNOWN,HISTORICAL_REAL,dc97016e0d4a76bd4413cb08,A,1,False,False,True,False,True,False,0.9,2.0,2.0,1.5555555555555556,22.0,2.3333333333333335,1.4,1.6,20.0,2.0
Copa Sudamericana,2021,MEN,South America,PRELIMINARY,,2021-03-16,12 de Octubre de Itauguá (PAR),Club Nacional (PAR),0,0,,,openfootball/south-america,https://raw.githubusercontent.com/openfootball/south-america/master/copa-libertadores/2021_copas.txt,UNKNOWN,HISTORICAL_REAL,d242b8b7b79c95a4c7ee55e8,D,0,False,False,False,True,False,False,0.3,,,,,0.0,0.0,0.0,384.0,
Copa Sudamericana,2021,MEN,South America,PRELIMINARY,,2021-03-16,Antofagasta (CHI),Huachipato (CHI),0,1,,,openfootball/south-america,https://raw.githubusercontent.com/openfootball/south-america/master/copa-libertadores/2021_copas.txt,UNKNOWN,HISTORICAL_REAL,06defe40ad38c9d87a422e02,A,1,False,False,True,False,False,False,0.3,,,,,1.3333333333333333,1.75,1.75,132.0,
Copa Sudamericana,2021,MEN,South America,PRELIMINARY,,2021-03-16,Deportes Tolima (COL),Deportivo Cali (COL),3,0,,,openfootball/south-america,https://raw.githubusercontent.com/openfootball/south-america/master/copa-libertadores/2021_copas.txt,UNKNOWN,HISTORICAL_REAL,4f1bb45a4545a566a1733867,H,3,False,True,False,False,False,False,0.3,1.0,1.0,1.0,133.0,1.0,1.8,2.0,105.0,28.0
Copa Sudamericana,2021,MEN,South America,PRELIMINARY,,2021-03-16,Macará (ECU),Emelec (ECU),2,2,,,openfootball/south-america,https://raw.githubusercontent.com/openfootball/south-america/master/copa-libertadores/2021_copas.txt,UNKNOWN,HISTORICAL_REAL,3b0f197ee12caac4c26217ab,D,4,True,False,False,True,False,False,0.3,,,,,2.0,2.25,2.25,131.0,
Copa Sudamericana,2021,MEN,South America,PRELIMINARY,,2021-03-17,Aragua FC (VEN),Mineros de Guayana (VEN),0,1,,,openfootball/south-america,https://raw.githubusercontent.com/openfootball/south-america/master/copa-libertadores/2021_copas.txt,UNKNOWN,HISTORICAL_REAL,0a32f00886e3851cd5fc2dac,A,1,False,False,True,False,False,False,0.3,1.5,1.5,1.5,393.0,0.5,0.5,0.5,392.0,1.0
Copa Sudamericana,2021,MEN,South America,PRELIMINARY,,2021-03-17,CD Guabirá (BOL),Nacional Potosí (BOL),4,1,,,openfootball/south-america,https://raw.githubusercontent.com/openfootball/south-america/master/copa-libertadores/2021_copas.txt,UNKNOWN,HISTORICAL_REAL,6219e2da85bd375ed39cf5bc,H,5,True,True,False,False,False,False,0.3,,,,,0.0,0.0,0.0,393.0,
Copa Sudamericana,2021,MEN,South America,PRELIMINARY,,2021-03-17,Jorge Wilstermann (BOL),Atlético Palmaflor (BOL),2,1,,,openfootball/south-america,https://raw.githubusercontent.com/openfootball/south-america/master/copa-libertadores/2021_copas.txt,UNKNOWN,HISTORICAL_REAL,90b047479be3706ba62cbebe,H,3,True,True,False,False,False,False,0.3,,,,,,,,,
Copa Sudamericana,2021,MEN,South America,PRELIMINARY,,2021-03-17,Universidad Técnica (PER),Sport Huancayo (PER),0,1,,,openfootball/south-america,https://raw.githubusercontent.com/openfootball/south-america/master/copa-libertadores/2021_copas.txt,UNKNOWN,HISTORICAL_REAL,bc9f8dc502c7abb3b5993499,A,1,False,False,True,False,False,False,0.3,,,,,1.3333333333333333,1.2,1.1666666666666667,105.0,
Copa Sudamericana,2021,MEN,South America,PRELIMINARY,,2021-03-18,Aucas (ECU),Guayaquil City (ECU),2,1,,,openfootball/south-america,https://raw.githubusercontent.com/openfootball/south-america/master/copa-libertadores/2021_copas.txt,UNKNOWN,HISTORICAL_REAL,69348404d7adc3b379e576b3,H,3,True,True,False,False,False,False,0.3,1.5,1.5,1.5,394.0,,,,,
Copa Sudamericana,2021,MEN,South America,PRELIMINARY,,2021-03-18,Cobresal (CHI),Palestino (CHI),0,0,,,openfootball/south-america,https://raw.githubusercontent.com/openfootball/south-america/master/copa-libertadores/2021_copas.txt,UNKNOWN,HISTORICAL_REAL,38b6fa4eca53b823ee9fd8c0,D,0,False,False,False,True,False,False,0.3,,,,,,,,,
Copa Sudamericana,2021,MEN,South America,PRELIMINARY,,2021-03-18,Guaireña FC (PAR),River Plate (PAR),1,2,,,openfootball/south-america,https://raw.githubusercontent.com/openfootball/south-america/master/copa-libertadores/2021_copas.txt,UNKNOWN,HISTORICAL_REAL,e150c87a5a0a09f7e4ebc675,A,3,True,False,True,False,False,False,0.3,,,,,,,,,
Copa Sudamericana,2021,MEN,South America,PRELIMINARY,,2021-03-18,La Equidad (COL),Deportivo Pasto (COL),1,2,,,openfootball/south-america,https://raw.githubusercontent.com/openfootball/south-america/master/copa-libertadores/2021_copas.txt,UNKNOWN,HISTORICAL_REAL,b0253edd66804be8a1f4f4a8,A,3,True,False,True,False,False,False,0.3,,,,,0.0,0.0,0.0,386.0,
Copa Sudamericana,2021,MEN,South America,PRELIMINARY,,2021-03-18,Mannucci (PER),FBC Melgar (PER),1,2,,,openfootball/south-america,https://raw.githubusercontent.com/openfootball/south-america/master/copa-libertadores/2021_copas.txt,UNKNOWN,HISTORICAL_REAL,9d09a1b3fde7e0b12f58b93d,A,3,True,False,True,False,False,False,0.3,,,,,2.0,2.25,2.25,133.0,
Copa Sudamericana,2021,MEN,South America,PRELIMINARY,,2021-03-18,Metropolitanos FC (VEN),Academia Puerto Cabello (VEN),2,0,,,openfootball/south-america,https://raw.githubusercontent.com/openfootball/south-america/master/copa-libertadores/2021_copas.txt,UNKNOWN,HISTORICAL_REAL,dfef77ea253c80f3433b5ea7,H,2,False,True,False,False,False,False,0.3,,,,,,,,,
Copa Sudamericana,2021,MEN,South America,PRELIMINARY,,2021-04-06,Cerro Largo (URU),Peñarol (URU),2,2,,,openfootball/south-america,https://raw.githubusercontent.com/openfootball/south-america/master/copa-libertadores/2021_copas.txt,UNKNOWN,HISTORICAL_REAL,ceb7556e20600a01a4f650c8,D,4,True,False,False,True,False,False,0.3,,,,,1.0,1.0,1.0,153.0,
Copa Sudamericana,2021,MEN,South America,PRELIMINARY,,2021-04-06,Club Nacional (PAR),12 de Octubre de Itauguá (PAR),0,0,4.0,5.0,openfootball/south-america,https://raw.githubusercontent.com/openfootball/south-america/master/copa-libertadores/2021_copas.txt,UNKNOWN,HISTORICAL_REAL,00359fc0adbe0510862c7c26,D,0,False,False,False,True,False,False,0.3,0.3333333333333333,0.3333333333333333,0.3333333333333333,21.0,1.0,1.0,1.0,21.0,0.0
Copa Sudamericana,2021,MEN,South America,PRELIMINARY,,2021-04-06,Deportivo Cali (COL),Deportes Tolima (COL),0,0,,,openfootball/south-america,https://raw.githubusercontent.com/openfootball/south-america/master/copa-libertadores/2021_copas.txt,UNKNOWN,HISTORICAL_REAL,14d28da1d719589604d0e736,D,0,False,False,False,True,False,False,0.3,0.0,1.2,1.7142857142857142,21.0,1.6666666666666667,1.6666666666666667,1.6666666666666667,21.0,0.0
Copa Sudamericana,2021,MEN,South America,PRELIMINARY,,2021-04-06,Emelec (ECU),Macará (ECU),2,0,,,openfootball/south-america,https://raw.githubusercontent.com/openfootball/south-america/master/copa-libertadores/2021_copas.txt,UNKNOWN,HISTORICAL_REAL,eed423ed057fbcf5d97080d4,H,2,False,True,False,False,False,False,0.3,1.3333333333333333,2.0,2.0,21.0,1.0,1.0,1.0,21.0,0.0
Copa Sudamericana,2021,MEN,South America,PRELIMINARY,,2021-04-06,Huachipato (CHI),Antofagasta (CHI),3,0,,,openfootball/south-america,https://raw.githubusercontent.com/openfootball/south-america/master/copa-libertadores/2021_copas.txt,UNKNOWN,HISTORICAL_REAL,2d8b8ad690a81a32a7461b80,H,3,False,True,False,False,False,False,0.3,1.3333333333333333,2.0,2.0,21.0,0.0,0.0,0.0,21.0,0.0
Copa Sudamericana,2021,MEN,South America,PRELIMINARY,,2021-04-07,Atlético Palmaflor (BOL),Jorge Wilstermann (BOL),1,2,,,openfootball/south-america,https://raw.githubusercontent.com/openfootball/south-america/master/copa-libertadores/2021_copas.txt,UNKNOWN,HISTORICAL_REAL,a1eaf2d487d3e266b0e3eb63,A,3,True,False,True,False,False,False,0.3,0.0,0.0,0.0,21.0,3.0,3.0,3.0,21.0,0.0
Copa Sudamericana,2021,MEN,South America,PRELIMINARY,,2021-04-07,Mineros de Guayana (VEN),Aragua FC (VEN),1,2,,,openfootball/south-america,https://raw.githubusercontent.com/openfootball/south-america/master/copa-libertadores/2021_copas.txt,UNKNOWN,HISTORICAL_REAL,7a092cc79882f8046f5642ab,A,3,True,False,True,False,False,False,0.3,1.3333333333333333,1.3333333333333333,1.3333333333333333,21.0,1.0,1.0,1.0,21.0,0.0
Copa Sudamericana,2021,MEN,South America,PRELIMINARY,,2021-04-07,Montevideo City Torque (URU),Fénix (URU),0,0,,,openfootball/south-america,https://raw.githubusercontent.com/openfootball/south-america/master/copa-libertadores/2021_copas.txt,UNKNOWN,HISTORICAL_REAL,7ddadb90299120de16e45723,D,0,False,False,False,True,False,False,0.3,,,,,0.3333333333333333,1.0,1.3333333333333333,126.0,
Copa Sudamericana,2021,MEN,South America,PRELIMINARY,,2021-04-07,Nacional Potosí (BOL),CD Guabirá (BOL),1,2,,,openfootball/south-america,https://raw.githubusercontent.com/openfootball/south-america/master/copa-libertadores/2021_copas.txt,UNKNOWN,HISTORICAL_REAL,47e25ff382799a1fd7a8e3e4,A,3,True,False,True,False,False,False,0.3,0.0,0.0,0.0,21.0,3.0,3.0,3.0,21.0,0.0
Copa Sudamericana,2021,MEN,South America,PRELIMINARY,,2021-04-07,Sport Huancayo (PER),Universidad Técnica (PER),4,0,,,openfootball/south-america,https://raw.githubusercontent.com/openfootball/south-america/master/copa-libertadores/2021_copas.txt,UNKNOWN,HISTORICAL_REAL,a658fefec5f640b18376ef5e,H,4,False,True,False,False,False,False,0.3,1.3333333333333333,1.6,1.4285714285714286,21.0,0.0,0.0,0.0,21.0,0.0
Copa Sudamericana,2021,MEN,South America,PRELIMINARY,,2021-04-08,Academia Puerto Cabello (VEN),Metropolitanos FC (VEN),0,1,,,openfootball/south-america,https://raw.githubusercontent.com/openfootball/south-america/master/copa-libertadores/2021_copas.txt,UNKNOWN,HISTORICAL_REAL,b042d3bd8210571afcd20642,A,1,False,False,True,False,False,False,0.3,0.0,0.0,0.0,21.0,3.0,3.0,3.0,21.0,0.0
Copa Sudamericana,2021,MEN,South America,PRELIMINARY,,2021-04-08,Deportivo Pasto (COL),La Equidad (COL),0,2,,,openfootball/south-america,https://raw.githubusercontent.com/openfootball/south-america/master/copa-libertadores/2021_copas.txt,UNKNOWN,HISTORICAL_REAL,086314aea4fe7d3c491b1439,A,2,False,False,True,False,False,False,0.3,1.0,1.0,1.0,21.0,0.0,0.0,0.0,21.0,0.0
Copa Sudamericana,2021,MEN,South America,PRELIMINARY,,2021-04-08,FBC Melgar (PER),Mannucci (PER),3,2,,,openfootball/south-america,https://raw.githubusercontent.com/openfootball/south-america/master/copa-libertadores/2021_copas.txt,UNKNOWN,HISTORICAL_REAL,810211784b869a7051f5d858,H,5,True,True,False,False,False,False,0.3,2.0,2.4,2.4,21.0,0.0,0.0,0.0,21.0,0.0
Copa Sudamericana,2021,MEN,South America,PRELIMINARY,,2021-04-08,Guayaquil City (ECU),Aucas (ECU),0,3,,,openfootball/south-america,https://raw.githubusercontent.com/openfootball/south-america/master/copa-libertadores/2021_copas.txt,UNKNOWN,HISTORICAL_REAL,d0e3ae2b603428410a752b8b,A,3,False,False,True,False,False,False,0.3,0.0,0.0,0.0,21.0,2.0,2.0,2.0,21.0,0.0
Copa Sudamericana,2021,MEN,South America,PRELIMINARY,,2021-04-08,Palestino (CHI),Cobresal (CHI),2,1,,,openfootball/south-america,https://raw.githubusercontent.com/openfootball/south-america/master/copa-libertadores/2021_copas.txt,UNKNOWN,HISTORICAL_REAL,b775c9f3658fd72d76f8571e,H,3,True,True,False,False,False,False,0.3,1.0,1.0,1.0,21.0,1.0,1.0,1.0,21.0,0.0
Copa Sudamericana,2021,MEN,South America,PRELIMINARY,,2021-04-08,River Plate (PAR),Guaireña FC (PAR),4,2,,,openfootball/south-america,https://raw.githubusercontent.com/openfootball/south-america/master/copa-libertadores/2021_copas.txt,UNKNOWN,HISTORICAL_REAL,5ac23d4caeb83d8d5afb641f,H,6,True,True,False,False,False,False,0.3,3.0,3.0,3.0,21.0,0.0,0.0,0.0,21.0,0.0
Copa Sudamericana,2021,MEN,South America,PRELIMINARY,,2021-04-13,Peñarol (URU),Cerro Largo (URU),4,1,,,openfootball/south-america,https://raw.githubusercontent.com/openfootball/south-america/master/copa-libertadores/2021_copas.txt,UNKNOWN,HISTORICAL_REAL,643b1ff8381454b728711111,H,5,True,True,False,False,False,False,0.3,1.0,1.0,1.0,7.0,1.0,1.0,1.0,7.0,0.0
Copa Sudamericana,2021,MEN,South America,PRELIMINARY,,2021-04-14,Fénix (URU),Montevideo City Torque (URU),0,2,,,openfootball/south-america,https://raw.githubusercontent.com/openfootball/south-america/master/copa-libertadores/2021_copas.txt,UNKNOWN,HISTORICAL_REAL,0460d403f0057c05bf330c84,A,2,False,False,True,False,False,False,0.3,0.3333333333333333,1.0,1.2857142857142858,7.0,1.0,1.0,1.0,7.0,0.0
Copa Sudamericana,2021,MEN,South America,GROUP_A,Group A,2021-04-20,12 de Octubre de Itauguá (PAR),Rosario Central (ARG),1,0,,,openfootball/south-america,https://raw.githubusercontent.com/openfootball/south-america/master/copa-libertadores/2021_copas.txt,UNKNOWN,HISTORICAL_REAL,93f109486d80649b2af57e01,H,1,False,True,False,False,False,False,0.3,1.0,1.0,1.0,14.0,,,,,
Copa Libertadores,2021,MEN,South America,GROUP_STAGE,,2021-04-20,Always Ready,Internacional,2,0,,,ricardo-mattoss/Brazilian-Soccer-Data,https://github.com/ricardo-mattoss/Brazilian-Soccer-Data/blob/master/Data/Libertadores_Matches.csv,UNKNOWN,HISTORICAL_REAL,71c2bc4899c4ce230ae23352,H,2,False,True,False,False,False,False,0.5,,,,,1.0,0.8,1.375,132.0,
Copa Libertadores,2021,MEN,South America,GROUP_STAGE,,2021-04-20,Argentinos Juniors,Nacional-URU,2,0,,,ricardo-mattoss/Brazilian-Soccer-Data,https://github.com/ricardo-mattoss/Brazilian-Soccer-Data/blob/master/Data/Libertadores_Matches.csv,UNKNOWN,HISTORICAL_REAL,652d85fc772f8e8e35e1b33e,H,2,False,True,False,False,False,False,0.5,,,,,0.3333333333333333,1.0,1.7,124.0,
Copa Sudamericana,2021,MEN,South America,GROUP_F,Group F,2021-04-20,Atlético Goianiense (BRA),Newell's Old Boys (ARG),0,0,,,openfootball/south-america,https://raw.githubusercontent.com/openfootball/south-america/master/copa-libertadores/2021_copas.txt,UNKNOWN,HISTORICAL_REAL,1dc34d6bf49fefb2cfee053b,D,0,False,False,False,True,False,False,0.3,,,,,,,,,
Copa Sudamericana,2021,MEN,South America,GROUP_D,Group D,2021-04-20,Aucas (ECU),Athletico Paranaense (BRA),0,1,,,openfootball/south-america,https://raw.githubusercontent.com/openfootball/south-america/master/copa-libertadores/2021_copas.txt,UNKNOWN,HISTORICAL_REAL,f07c9e59b8bfc6c792979bd5,A,1,False,False,True,False,False,False,0.3,3.0,2.25,2.25,12.0,,,,,
Copa Libertadores,2021,MEN,South America,GROUP_STAGE,,2021-04-20,Deportivo Táchira,Olimpia-PAR,3,2,,,ricardo-mattoss/Brazilian-Soccer-Data,https://github.com/ricardo-mattoss/Brazilian-Soccer-Data/blob/master/Data/Libertadores_Matches.csv,UNKNOWN,HISTORICAL_REAL,19c5fab58e89ece7f1956831,H,5,True,True,False,False,False,False,0.5,,,,,0.0,0.8,0.8333333333333334,182.0,
Copa Sudamericana,2021,MEN,South America,GROUP_D,Group D,2021-04-20,Metropolitanos FC (VEN),FBC Melgar (PER),2,3,,,openfootball/south-america,https://raw.githubusercontent.com/openfootball/south-america/master/copa-libertadores/2021_copas.txt,UNKNOWN,HISTORICAL_REAL,80f06b74f631c7bc405bfe36,A,5,True,False,True,False,False,False,0.3,3.0,3.0,3.0,12.0,2.0,2.4,2.5,12.0,0.0
Copa Libertadores,2021,MEN,South America,GROUP_STAGE,,2021-04-20,Santos,Barcelona-EQU,0,2,,,ricardo-mattoss/Brazilian-Soccer-Data,https://github.com/ricardo-mattoss/Brazilian-Soccer-Data/blob/master/Data/Libertadores_Matches.csv,UNKNOWN,HISTORICAL_REAL,abc8e93bac3247752b942f88,A,2,False,False,True,False,False,False,0.5,1.3333333333333333,2.0,2.3,125.0,1.0,0.6,0.5,181.0,-56.0
Copa Libertadores,2021,MEN,South America,GROUP_STAGE,,2021-04-20,Sporting Cristal,São Paulo,0,3,,,ricardo-mattoss/Brazilian-Soccer-Data,https://github.com/ricardo-mattoss/Brazilian-Soccer-Data/blob/master/Data/Libertadores_Matches.csv,UNKNOWN,HISTORICAL_REAL,6babf8b1643d854382b3fbfd,A,3,False,False,True,False,False,False,0.5,,,,,1.0,1.4,1.1666666666666667,182.0,
Copa Libertadores,2021,MEN,South America,GROUP_STAGE,,2021-04-20,Vélez Sarsfield,Flamengo,2,3,,,ricardo-mattoss/Brazilian-Soccer-Data,https://github.com/ricardo-mattoss/Brazilian-Soccer-Data/blob/master/Data/Libertadores_Matches.csv,UNKNOWN,HISTORICAL_REAL,710b11a689dcac4d72bd60e9,A,5,True,False,True,False,False,False,0.5,,,,,1.6666666666666667,2.2,2.125,140.0,
Copa Libertadores,2021,MEN,South America,GROUP_STAGE,,2021-04-21,América de Cali,Cerro Porteño,0,2,,,ricardo-mattoss/Brazilian-Soccer-Data,https://github.com/ricardo-mattoss/Brazilian-Soccer-Data/blob/master/Data/Libertadores_Matches.csv,UNKNOWN,HISTORICAL_REAL,bdcb9c9b7e7430a3caf6d35d,A,2,False,False,True,False,False,False,0.5,1.0,1.2,1.0,181.0,,,,,
Copa Sudamericana,2021,MEN,South America,GROUP_B,Group B,2021-04-21,CD Guabirá (BOL),Independiente (ARG),1,3,,,openfootball/south-america,https://raw.githubusercontent.com/openfootball/south-america/master/copa-libertadores/2021_copas.txt,UNKNOWN,HISTORICAL_REAL,997d1d68809b9f0ec607f14c,A,4,True,False,True,False,False,False,0.3,3.0,3.0,3.0,14.0,1.3333333333333333,1.6,1.75,125.0,-111.0
Copa Sudamericana,2021,MEN,South America,GROUP_C,Group C,2021-04-21,Ceará CE (BRA),Jorge Wilstermann (BOL),3,1,,,openfootball/south-america,https://raw.githubusercontent.com/openfootball/south-america/master/copa-libertadores/2021_copas.txt,UNKNOWN,HISTORICAL_REAL,6e49e06cddcc072850cb8abe,H,4,True,True,False,False,False,False,0.3,,,,,3.0,3.0,3.0,14.0,
Copa Libertadores,2021,MEN,South America,GROUP_STAGE,,2021-04-21,Independiente del Valle,Defensa y Justicia,1,1,,,ricardo-mattoss/Brazilian-Soccer-Data,https://github.com/ricardo-mattoss/Brazilian-Soccer-Data/blob/master/Data/Libertadores_Matches.csv,UNKNOWN,HISTORICAL_REAL,c11cc5eab3891bd6ae820894,D,2,True,False,False,True,False,False,0.5,1.6666666666666667,1.0,1.75,140.0,1.0,1.2,1.0,183.0,-43.0
Copa Libertadores,2021,MEN,South America,GROUP_STAGE,,2021-04-21,La Guaira,Atlético-MG,1,1,,,ricardo-mattoss/Brazilian-Soccer-Data,https://github.com/ricardo-mattoss/Brazilian-Soccer-Data/blob/master/Data/Libertadores_Matches.csv,UNKNOWN,HISTORICAL_REAL,7e795ebddaca0004087d60aa,D,2,True,False,False,True,False,False,0.5,,,,,,,,,
Copa Sudamericana,2021,MEN,South America,GROUP_B,Group B,2021-04-21,Montevideo City Torque (URU),Bahia BA (BRA),1,1,,,openfootball/south-america,https://raw.githubusercontent.com/openfootball/south-america/master/copa-libertadores/2021_copas.txt,UNKNOWN,HISTORICAL_REAL,87cc4325d73f07426b5450fd,D,2,True,False,False,True,False,False,0.3,2.0,2.0,2.0,7.0,0.3333333333333333,1.4,1.625,126.0,-119.0
Copa Libertadores,2021,MEN,South America,GROUP_STAGE,,2021-04-21,Rentistas ,Racing Club,1,1,,,ricardo-mattoss/Brazilian-Soccer-Data,https://github.com/ricardo-mattoss/Brazilian-Soccer-Data/blob/master/Data/Libertadores_Matches.csv,UNKNOWN,HISTORICAL_REAL,e28f3a2322df2b77d524d273,D,2,True,False,False,True,False,False,0.5,,,,,1.3333333333333333,1.6,2.0,119.0,
Copa Sudamericana,2021,MEN,South America,GROUP_A,Group A,2021-04-21,San Lorenzo (ARG),Huachipato (CHI),0,1,,,openfootball/south-america,https://raw.githubusercontent.com/openfootball/south-america/master/copa-libertadores/2021_copas.txt,UNKNOWN,HISTORICAL_REAL,7b30b1d131fe0df04dd74aa4,A,1,False,False,True,False,False,False,0.3,,,,,2.3333333333333335,2.0,2.1666666666666665,15.0,
Copa Libertadores,2021,MEN,South America,GROUP_STAGE,,2021-04-21,The Strongest,Boca Juniors,0,1,,,ricardo-mattoss/Brazilian-Soccer-Data,https://github.com/ricardo-mattoss/Brazilian-Soccer-Data/blob/master/Data/Libertadores_Matches.csv,UNKNOWN,HISTORICAL_REAL,fb8f9cd121c045fd6dc55b79,A,1,False,False,True,False,False,False,0.5,,,,,1.0,1.8,2.0,119.0,
Copa Libertadores,2021,MEN,South America,GROUP_STAGE,,2021-04-21,Universitario-PER,Palmeiras,2,3,,,ricardo-mattoss/Brazilian-Soccer-Data,https://github.com/ricardo-mattoss/Brazilian-Soccer-Data/blob/master/Data/Libertadores_Matches.csv,UNKNOWN,HISTORICAL_REAL,e8b04b53f4536284f437dc41,A,5,True,False,True,False,False,False,0.5,,,,,2.3333333333333335,2.6,2.6,127.0,
Copa Libertadores,2021,MEN,South America,GROUP_STAGE,,2021-04-21,Unión La Calera,LDU,2,2,,,ricardo-mattoss/Brazilian-Soccer-Data,https://github.com/ricardo-mattoss/Brazilian-Soccer-Data/blob/master/Data/Libertadores_Matches.csv,UNKNOWN,HISTORICAL_REAL,346e4f0d78fd6e9988eb199c,D,4,True,False,False,True,False,False,0.5,,,,,1.0,1.8,1.875,141.0,
Copa Sudamericana,2021,MEN,South America,GRUPPE_H,,2021-04-22,Aragua FC (VEN),Lanús (ARG),0,1,,,openfootball/south-america,https://raw.githubusercontent.com/openfootball/south-america/master/copa-libertadores/2021_copas.txt,UNKNOWN,HISTORICAL_REAL,57e7ca2c592b6d083069edc5,A,1,False,False,True,False,False,False,0.3,2.0,1.5,1.5,15.0,2.3333333333333335,2.0,1.6,106.0,-91.0
Copa Libertadores,2021,MEN,South America,GROUP_STAGE,,2021-04-22,Atlético Nacional,Universidad Católica,2,0,,,ricardo-mattoss/Brazilian-Soccer-Data,https://github.com/ricardo-mattoss/Brazilian-Soccer-Data/blob/master/Data/Libertadores_Matches.csv,UNKNOWN,HISTORICAL_REAL,74b5a6b08ed6a6299838480f,H,2,False,True,False,False,False,False,0.5,,,,,1.3333333333333333,1.4,1.1666666666666667,182.0,
Copa Sudamericana,2021,MEN,South America,GROUP_C,Group C,2021-04-22,Bolívar (BOL),Arsenal de Sarandí (ARG),2,1,,,openfootball/south-america,https://raw.githubusercontent.com/openfootball/south-america/master/copa-libertadores/2021_copas.txt,UNKNOWN,HISTORICAL_REAL,52bc5dca850def0cc0050b81,H,3,True,True,False,False,False,False,0.3,2.0,1.5,1.5,141.0,,,,,
Copa Libertadores,2021,MEN,South America,GROUP_STAGE,,2021-04-22,Fluminense,River Plate,1,1,,,ricardo-mattoss/Brazilian-Soccer-Data,https://github.com/ricardo-mattoss/Brazilian-Soccer-Data/blob/master/Data/Libertadores_Matches.csv,UNKNOWN,HISTORICAL_REAL,e61a84e9dbd8239203ea8ca7,D,2,True,False,False,True,False,False,0.5,,,,,3.0,2.6,2.3,126.0,
Copa Sudamericana,2021,MEN,South America,GRUPPE_H,,2021-04-22,Grêmio Porto Alegre (BRA),La Equidad (COL),2,1,,,openfootball/south-america,https://raw.githubusercontent.com/openfootball/south-america/master/copa-libertadores/2021_copas.txt,UNKNOWN,HISTORICAL_REAL,4906d21a4fa426f1a8244aee,H,3,True,True,False,False,False,False,0.3,,,,,1.5,1.5,1.5,14.0,
Copa Libertadores,2021,MEN,South America,GROUP_STAGE,,2021-04-22,Junior de Barranquilla,Ind. Santa Fe,1,1,,,ricardo-mattoss/Brazilian-Soccer-Data,https://github.com/ricardo-mattoss/Brazilian-Soccer-Data/blob/master/Data/Libertadores_Matches.csv,UNKNOWN,HISTORICAL_REAL,94a72a83ef242ac263ccf5d0,D,2,True,False,False,True,False,False,0.5,1.0,1.2,1.0,183.0,,,,,
Copa Sudamericana,2021,MEN,South America,GROUP_F,Group F,2021-04-22,Libertad (PAR),Palestino (CHI),2,0,,,openfootball/south-america,https://raw.githubusercontent.com/openfootball/south-america/master/copa-libertadores/2021_copas.txt,UNKNOWN,HISTORICAL_REAL,f9e2874a0e4760b7e576d526,H,2,False,True,False,False,False,False,0.3,,,,,2.0,2.0,2.0,14.0,
Copa Sudamericana,2021,MEN,South America,GROUP_E,Group E,2021-04-22,Peñarol (URU),Sport Huancayo (PER),5,1,,,openfootball/south-america,https://raw.githubusercontent.com/openfootball/south-america/master/copa-libertadores/2021_copas.txt,UNKNOWN,HISTORICAL_REAL,47be77e3a901ff1b8a1601ae,H,6,True,True,False,False,False,False,0.3,1.6666666666666667,1.5,1.5,9.0,2.0,2.0,1.625,15.0,-6.0
Copa Sudamericana,2021,MEN,South America,GRUPPE_G,,2021-04-22,Red Bull Bragantino (BRA),Deportes Tolima (COL),2,1,,,openfootball/south-america,https://raw.githubusercontent.com/openfootball/south-america/master/copa-libertadores/2021_copas.txt,UNKNOWN,HISTORICAL_REAL,b2a004bec44ca40985afe8f7,H,3,True,True,False,False,False,False,0.3,,,,,1.6666666666666667,1.5,1.5,16.0,
Copa Sudamericana,2021,MEN,South America,GROUP_E,Group E,2021-04-22,River Plate (PAR),Corinthians SP (BRA),0,0,,,openfootball/south-america,https://raw.githubusercontent.com/openfootball/south-america/master/copa-libertadores/2021_copas.txt,UNKNOWN,HISTORICAL_REAL,c1e1019e492f6fb4bdfbfb97,D,0,False,False,False,True,False,False,0.3,3.0,3.0,3.0,14.0,,,,,
Copa Sudamericana,2021,MEN,South America,GRUPPE_G,,2021-04-22,Talleres de Córdoba (ARG),Emelec (ECU),1,2,,,openfootball/south-america,https://raw.githubusercontent.com/openfootball/south-america/master/copa-libertadores/2021_copas.txt,UNKNOWN,HISTORICAL_REAL,d73080071f94a83a581fe2cf,A,3,True,False,True,False,False,False,0.3,,,,,1.3333333333333333,2.0,2.1666666666666665,16.0,
Copa Sudamericana,2021,MEN,South America,GROUP_C,Group C,2021-04-27,Arsenal de Sarandí (ARG),Ceará CE (BRA),0,0,,,openfootball/south-america,https://raw.githubusercontent.com/openfootball/south-america/master/copa-libertadores/2021_copas.txt,UNKNOWN,HISTORICAL_REAL,4de8bba244dcfb39822b2f88,D,0,False,False,False,True,False,False,0.3,0.0,0.0,0.0,5.0,3.0,3.0,3.0,6.0,-1.0
Copa Libertadores,2021,MEN,South America,GROUP_STAGE,,2021-04-27,Atlético-MG,América de Cali,2,1,,,ricardo-mattoss/Brazilian-Soccer-Data,https://github.com/ricardo-mattoss/Brazilian-Soccer-Data/blob/master/Data/Libertadores_Matches.csv,UNKNOWN,HISTORICAL_REAL,90b7638c015d718d0b6be460,H,3,True,True,False,False,False,False,0.5,1.0,1.0,1.0,6.0,0.6666666666666666,0.6,0.8571428571428571,6.0,0.0
Copa Sudamericana,2021,MEN,South America,GROUP_B,Group B,2021-04-27,Bahia BA (BRA),CD Guabirá (BOL),5,0,,,openfootball/south-america,https://raw.githubusercontent.com/openfootball/south-america/master/copa-libertadores/2021_copas.txt,UNKNOWN,HISTORICAL_REAL,532e2915e196ae623619f0d7,H,5,False,True,False,False,False,False,0.3,0.3333333333333333,1.0,1.5555555555555556,6.0,2.0,2.0,2.0,6.0,0.0
Copa Libertadores,2021,MEN,South America,GROUP_STAGE,,2021-04-27,Boca Juniors,Santos,2,0,,,ricardo-mattoss/Brazilian-Soccer-Data,https://github.com/ricardo-mattoss/Brazilian-Soccer-Data/blob/master/Data/Libertadores_Matches.csv,UNKNOWN,HISTORICAL_REAL,43cbc1e4a01be9d8c63f205b,H,2,False,True,False,False,False,False,0.5,2.0,1.8,2.2,6.0,1.3333333333333333,1.4,2.0,7.0,-1.0
Copa Libertadores,2021,MEN,South America,GROUP_STAGE,,2021-04-27,Flamengo,Unión La Calera,4,1,,,ricardo-mattoss/Brazilian-Soccer-Data,https://github.com/ricardo-mattoss/Brazilian-Soccer-Data/blob/master/Data/Libertadores_Matches.csv,UNKNOWN,HISTORICAL_REAL,2f139f8b79a973f53a8b7302,H,5,True,True,False,False,False,False,0.5,1.6666666666666667,2.2,2.2222222222222223,7.0,1.0,1.0,1.0,6.0,1.0
Copa Sudamericana,2021,MEN,South America,GROUP_A,Group A,2021-04-27,Huachipato (CHI),12 de Octubre de Itauguá (PAR),0,0,,,openfootball/south-america,https://raw.githubusercontent.com/openfootball/south-america/master/copa-libertadores/2021_copas.txt,UNKNOWN,HISTORICAL_REAL,fff595ad7712ec31d067f58f,D,0,False,False,False,True,False,False,0.3,3.0,2.0,2.2857142857142856,6.0,1.6666666666666667,1.6666666666666667,1.6666666666666667,7.0,-1.0
Copa Libertadores,2021,MEN,South America,GROUP_STAGE,,2021-04-27,Internacional,Deportivo Táchira,4,0,,,ricardo-mattoss/Brazilian-Soccer-Data,https://github.com/ricardo-mattoss/Brazilian-Soccer-Data/blob/master/Data/Libertadores_Matches.csv,UNKNOWN,HISTORICAL_REAL,7da13204f3df1c9ece4ef083,H,4,False,True,False,False,False,False,0.5,1.0,0.8,1.2222222222222223,7.0,3.0,3.0,3.0,7.0,0.0
Copa Libertadores,2021,MEN,South America,GROUP_STAGE,,2021-04-27,LDU,Vélez Sarsfield,3,1,,,ricardo-mattoss/Brazilian-Soccer-Data,https://github.com/ricardo-mattoss/Brazilian-Soccer-Data/blob/master/Data/Libertadores_Matches.csv,UNKNOWN,HISTORICAL_REAL,0c6c47f68d1e6881e4a18d42,H,4,True,True,False,False,False,False,0.5,1.3333333333333333,1.4,1.7777777777777777,6.0,0.0,0.0,0.0,7.0,-1.0
Copa Libertadores,2021,MEN,South America,GROUP_STAGE,,2021-04-27,Palmeiras,Independiente del Valle,5,0,,,ricardo-mattoss/Brazilian-Soccer-Data,https://github.com/ricardo-mattoss/Brazilian-Soccer-Data/blob/master/Data/Libertadores_Matches.csv,UNKNOWN,HISTORICAL_REAL,d284105a4ec242c72a662edc,H,5,False,True,False,False,False,False,0.5,2.3333333333333335,2.6,2.6,6.0,1.0,1.2,1.6666666666666667,6.0,0.0
Copa Sudamericana,2021,MEN,South America,GROUP_D,Group D,2021-04-28,Athletico Paranaense (BRA),Metropolitanos FC (VEN),1,0,,,openfootball/south-america,https://raw.githubusercontent.com/openfootball/south-america/master/copa-libertadores/2021_copas.txt,UNKNOWN,HISTORICAL_REAL,070ad774cde3983ffe1175d1,H,1,False,True,False,False,False,False,0.3,3.0,3.0,3.0,8.0,2.0,2.0,2.0,8.0,0.0
Copa Libertadores,2021,MEN,South America,GROUP_STAGE,,2021-04-28,Barcelona-EQU,The Strongest,4,0,,,ricardo-mattoss/Brazilian-Soccer-Data,https://github.com/ricardo-mattoss/Brazilian-Soccer-Data/blob/master/Data/Libertadores_Matches.csv,UNKNOWN,HISTORICAL_REAL,09c88a2cd34e19a08c0ff497,H,4,False,True,False,False,False,False,0.5,2.0,1.2,0.8571428571428571,8.0,0.0,0.0,0.0,7.0,1.0
Copa Libertadores,2021,MEN,South America,GROUP_STAGE,,2021-04-28,Cerro Porteño,La Guaira,0,0,,,ricardo-mattoss/Brazilian-Soccer-Data,https://github.com/ricardo-mattoss/Brazilian-Soccer-Data/blob/master/Data/Libertadores_Matches.csv,UNKNOWN,HISTORICAL_REAL,5181a1277560d989ab49f581,D,0,False,False,False,True,False,False,0.5,3.0,3.0,3.0,7.0,1.0,1.0,1.0,7.0,0.0
Copa Libertadores,2021,MEN,South America,GROUP_STAGE,,2021-04-28,Defensa y Justicia,Universitario-PER,3,0,,,ricardo-mattoss/Brazilian-Soccer-Data,https://github.com/ricardo-mattoss/Brazilian-Soccer-Data/blob/master/Data/Libertadores_Matches.csv,UNKNOWN,HISTORICAL_REAL,7fede8d9d050600f17566024,H,3,False,True,False,False,False,False,0.5,0.3333333333333333,1.4,1.0,7.0,0.0,0.0,0.0,7.0,0.0
Copa Sudamericana,2021,MEN,South America,GRUPPE_G,,2021-04-28,Deportes Tolima (COL),Talleres de Córdoba (ARG),1,1,,,openfootball/south-america,https://raw.githubusercontent.com/openfootball/south-america/master/copa-libertadores/2021_copas.txt,UNKNOWN,HISTORICAL_REAL,45a0d2fee7366ad5dad47c74,D,2,True,False,False,True,False,False,0.3,1.3333333333333333,1.2,1.2,6.0,0.0,0.0,0.0,6.0,0.0
Copa Sudamericana,2021,MEN,South America,GRUPPE_G,,2021-04-28,Emelec (ECU),Red Bull Bragantino (BRA),3,0,,,openfootball/south-america,https://raw.githubusercontent.com/openfootball/south-america/master/copa-libertadores/2021_copas.txt,UNKNOWN,HISTORICAL_REAL,978cf4de760c0464e1ee26e6,H,3,False,True,False,False,False,False,0.3,2.3333333333333335,2.0,2.2857142857142856,6.0,3.0,3.0,3.0,6.0,0.0
Copa Sudamericana,2021,MEN,South America,GROUP_D,Group D,2021-04-28,FBC Melgar (PER),Aucas (ECU),2,0,,,openfootball/south-america,https://raw.githubusercontent.com/openfootball/south-america/master/copa-libertadores/2021_copas.txt,UNKNOWN,HISTORICAL_REAL,89f17ea5cd542086d9c21728,H,2,False,True,False,False,False,False,0.3,3.0,2.4,2.5714285714285716,8.0,2.0,1.8,1.8,8.0,0.0
Copa Libertadores,2021,MEN,South America,GROUP_STAGE,,2021-04-28,Ind. Santa Fe,Fluminense,1,2,,,ricardo-mattoss/Brazilian-Soccer-Data,https://github.com/ricardo-mattoss/Brazilian-Soccer-Data/blob/master/Data/Libertadores_Matches.csv,UNKNOWN,HISTORICAL_REAL,cc732f338a0fbc455d86534d,A,3,True,False,True,False,False,False,0.5,1.0,1.0,1.0,6.0,1.0,1.0,1.0,6.0,0.0
Copa Sudamericana,2021,MEN,South America,GROUP_B,Group B,2021-04-28,Independiente (ARG),Montevideo City Torque (URU),3,1,,,openfootball/south-america,https://raw.githubusercontent.com/openfootball/south-america/master/copa-libertadores/2021_copas.txt,UNKNOWN,HISTORICAL_REAL,a50ea71646382add76f2e008,H,4,True,True,False,False,False,False,0.3,1.3333333333333333,2.0,1.8888888888888888,7.0,1.6666666666666667,1.6666666666666667,1.6666666666666667,7.0,0.0
Copa Libertadores,2021,MEN,South America,GROUP_STAGE,,2021-04-28,Nacional-URU,Atlético Nacional,4,4,,,ricardo-mattoss/Brazilian-Soccer-Data,https://github.com/ricardo-mattoss/Brazilian-Soccer-Data/blob/master/Data/Libertadores_Matches.csv,UNKNOWN,HISTORICAL_REAL,b6be99759fee813ee7b30744,D,8,True,False,False,True,False,False,0.5,0.0,0.4,1.4,8.0,3.0,3.0,3.0,6.0,2.0
Copa Libertadores,2021,MEN,South America,GROUP_STAGE,,2021-04-28,Olimpia-PAR,Always Ready,2,1,,,ricardo-mattoss/Brazilian-Soccer-Data,https://github.com/ricardo-mattoss/Brazilian-Soccer-Data/blob/master/Data/Libertadores_Matches.csv,UNKNOWN,HISTORICAL_REAL,c15d2a73090dd83d4810dada,H,3,True,True,False,False,False,False,0.5,0.0,0.2,0.7142857142857143,8.0,3.0,3.0,3.0,8.0,0.0
Copa Libertadores,2021,MEN,South America,GROUP_STAGE,,2021-04-28,River Plate,Junior de Barranquilla,2,1,,,ricardo-mattoss/Brazilian-Soccer-Data,https://github.com/ricardo-mattoss/Brazilian-Soccer-Data/blob/master/Data/Libertadores_Matches.csv,UNKNOWN,HISTORICAL_REAL,03432db3bc665786dfa09823,H,3,True,True,False,False,False,False,0.5,2.3333333333333335,2.2,2.4,6.0,0.3333333333333333,1.4,1.0,6.0,0.0
Copa Sudamericana,2021,MEN,South America,GROUP_A,Group A,2021-04-28,Rosario Central (ARG),San Lorenzo (ARG),2,0,,,openfootball/south-america,https://raw.githubusercontent.com/openfootball/south-america/master/copa-libertadores/2021_copas.txt,UNKNOWN,HISTORICAL_REAL,6c20dcbfb0dc794758236b13,H,2,False,True,False,False,False,False,0.3,0.0,0.0,0.0,8.0,0.0,0.0,0.0,7.0,1.0
Copa Sudamericana,2021,MEN,South America,GROUP_E,Group E,2021-04-29,Corinthians SP (BRA),Peñarol (URU),0,2,,,openfootball/south-america,https://raw.githubusercontent.com/openfootball/south-america/master/copa-libertadores/2021_copas.txt,UNKNOWN,HISTORICAL_REAL,c4fff3885704da87c2b710b9,A,2,False,False,True,False,False,False,0.3,1.0,1.0,1.0,7.0,2.3333333333333335,1.8,1.8,7.0,0.0
Copa Sudamericana,2021,MEN,South America,GROUP_C,Group C,2021-04-29,Jorge Wilstermann (BOL),Bolívar (BOL),0,0,,,openfootball/south-america,https://raw.githubusercontent.com/openfootball/south-america/master/copa-libertadores/2021_copas.txt,UNKNOWN,HISTORICAL_REAL,d2ed1da6836e1788bb14c0f7,D,0,False,False,False,True,False,False,0.3,2.0,2.0,2.0,8.0,2.0,1.8,1.8,7.0,1.0
Copa Sudamericana,2021,MEN,South America,GRUPPE_H,,2021-04-29,La Equidad (COL),Aragua FC (VEN),2,1,,,openfootball/south-america,https://raw.githubusercontent.com/openfootball/south-america/master/copa-libertadores/2021_copas.txt,UNKNOWN,HISTORICAL_REAL,08fe729b5c84b60933c3eaa5,H,3,True,True,False,False,False,False,0.3,1.0,1.0,1.0,7.0,1.0,1.2,1.2,7.0,0.0
Copa Sudamericana,2021,MEN,South America,GRUPPE_H,,2021-04-29,Lanús (ARG),Grêmio Porto Alegre (BRA),1,2,,,openfootball/south-america,https://raw.githubusercontent.com/openfootball/south-america/master/copa-libertadores/2021_copas.txt,UNKNOWN,HISTORICAL_REAL,6e8a6e906b70f375b3f413fa,A,3,True,False,True,False,False,False,0.3,3.0,2.6,1.9,7.0,3.0,3.0,3.0,7.0,0.0
Copa Sudamericana,2021,MEN,South America,GROUP_F,Group F,2021-04-29,Newell's Old Boys (ARG),Libertad (PAR),1,3,,,openfootball/south-america,https://raw.githubusercontent.com/openfootball/south-america/master/copa-libertadores/2021_copas.txt,UNKNOWN,HISTORICAL_REAL,ce9b62f4595bf5fc5640531b,A,4,True,False,True,False,False,False,0.3,1.0,1.0,1.0,9.0,3.0,3.0,3.0,7.0,2.0
Copa Sudamericana,2021,MEN,South America,GROUP_F,Group F,2021-04-29,Palestino (CHI),Atlético Goianiense (BRA),0,1,,,openfootball/south-america,https://raw.githubusercontent.com/openfootball/south-america/master/copa-libertadores/2021_copas.txt,UNKNOWN,HISTORICAL_REAL,c66a22bfb63e954dc8ecec1d,A,1,False,False,True,False,False,False,0.3,1.3333333333333333,1.3333333333333333,1.3333333333333333,7.0,1.0,1.0,1.0,9.0,-2.0
Copa Libertadores,2021,MEN,South America,GROUP_STAGE,,2021-04-29,Racing Club,Sporting Cristal,2,1,,,ricardo-mattoss/Brazilian-Soccer-Data,https://github.com/ricardo-mattoss/Brazilian-Soccer-Data/blob/master/Data/Libertadores_Matches.csv,UNKNOWN,HISTORICAL_REAL,c462ba715abf755fd60672be,H,3,True,True,False,False,False,False,0.5,1.3333333333333333,1.2,1.8,8.0,0.0,0.0,0.0,9.0,-1.0
Copa Sudamericana,2021,MEN,South America,GROUP_E,Group E,2021-04-29,Sport Huancayo (PER),River Plate (PAR),1,2,,,openfootball/south-america,https://raw.githubusercontent.com/openfootball/south-america/master/copa-libertadores/2021_copas.txt,UNKNOWN,HISTORICAL_REAL,69342b844bf3b3e5ba02351b,A,3,True,False,True,False,False,False,0.3,2.0,1.4,1.4444444444444444,7.0,2.3333333333333335,2.3333333333333335,2.3333333333333335,7.0,0.0
Copa Libertadores,2021,MEN,South America,GROUP_STAGE,,2021-04-29,São Paulo,Rentistas ,2,0,,,ricardo-mattoss/Brazilian-Soccer-Data,https://github.com/ricardo-mattoss/Brazilian-Soccer-Data/blob/master/Data/Libertadores_Matches.csv,UNKNOWN,HISTORICAL_REAL,75aa9ab5f1a6cfd8d94b0791,H,2,False,True,False,False,False,False,0.5,2.0,1.4,1.4285714285714286,9.0,1.0,1.0,1.0,8.0,1.0
Copa Libertadores,2021,MEN,South America,GROUP_STAGE,,2021-04-29,Universidad Católica,Argentinos Juniors,0,2,,,ricardo-mattoss/Brazilian-Soccer-Data,https://github.com/ricardo-mattoss/Brazilian-Soccer-Data/blob/master/Data/Libertadores_Matches.csv,UNKNOWN,HISTORICAL_REAL,b6a24abc88f3e3f12d83313e,A,2,False,False,True,False,False,False,0.5,1.0,1.4,1.0,7.0,3.0,3.0,3.0,9.0,-2.0
Copa Libertadores,2021,MEN,South America,GROUP_STAGE,,2021-05-04,Atlético-MG,Cerro Porteño,4,0,,,ricardo-mattoss/Brazilian-Soccer-Data,https://github.com/ricardo-mattoss/Brazilian-Soccer-Data/blob/master/Data/Libertadores_Matches.csv,UNKNOWN,HISTORICAL_REAL,113a6aa05df31569f4d0fd34,H,4,False,True,False,False,False,False,0.5,2.0,2.0,2.0,7.0,2.0,2.0,2.0,6.0,1.0
Copa Sudamericana,2021,MEN,South America,GROUP_B,Group B,2021-05-04,Bahia BA (BRA),Independiente (ARG),2,2,,,openfootball/south-america,https://raw.githubusercontent.com/openfootball/south-america/master/copa-libertadores/2021_copas.txt,UNKNOWN,HISTORICAL_REAL,8626387d1a9b9ca45853140a,D,4,True,False,False,True,False,False,0.3,1.3333333333333333,1.0,1.7,7.0,2.0,2.0,2.0,6.0,1.0
Copa Libertadores,2021,MEN,South America,GROUP_STAGE,,2021-05-04,Barcelona-EQU,Boca Juniors,1,0,,,ricardo-mattoss/Brazilian-Soccer-Data,https://github.com/ricardo-mattoss/Brazilian-Soccer-Data/blob/master/Data/Libertadores_Matches.csv,UNKNOWN,HISTORICAL_REAL,2b9683305f24ec9f97aeec0f,H,1,False,True,False,False,False,False,0.5,2.0,1.8,1.125,6.0,3.0,1.8,2.2,7.0,-1.0
Copa Libertadores,2021,MEN,South America,GROUP_STAGE,,2021-05-04,Defensa y Justicia,Palmeiras,1,2,,,ricardo-mattoss/Brazilian-Soccer-Data,https://github.com/ricardo-mattoss/Brazilian-Soccer-Data/blob/master/Data/Libertadores_Matches.csv,UNKNOWN,HISTORICAL_REAL,e849a024db5f4af84b551b6a,A,3,True,False,True,False,False,False,0.5,1.3333333333333333,1.4,1.25,6.0,3.0,2.6,2.6,7.0,-1.0
Copa Sudamericana,2021,MEN,South America,GROUP_D,Group D,2021-05-04,FBC Melgar (PER),Athletico Paranaense (BRA),1,0,,,openfootball/south-america,https://raw.githubusercontent.com/openfootball/south-america/master/copa-libertadores/2021_copas.txt,UNKNOWN,HISTORICAL_REAL,c05e98fbf83dc0af655e18d2,H,1,False,True,False,False,False,False,0.3,3.0,2.4,2.625,6.0,3.0,3.0,3.0,6.0,0.0
Copa Libertadores,2021,MEN,South America,GROUP_STAGE,,2021-05-04,LDU,Flamengo,2,3,,,ricardo-mattoss/Brazilian-Soccer-Data,https://github.com/ricardo-mattoss/Brazilian-Soccer-Data/blob/master/Data/Libertadores_Matches.csv,UNKNOWN,HISTORICAL_REAL,81a5ff4f66d0a126f14cae71,A,5,True,False,True,False,False,False,0.5,2.3333333333333335,1.4,1.9,7.0,2.3333333333333335,2.2,2.3,7.0,0.0
Copa Sudamericana,2021,MEN,South America,GROUP_D,Group D,2021-05-04,Metropolitanos FC (VEN),Aucas (ECU),3,2,,,openfootball/south-america,https://raw.githubusercontent.com/openfootball/south-america/master/copa-libertadores/2021_copas.txt,UNKNOWN,HISTORICAL_REAL,11f4ce96dede1de3e0fe48cc,H,5,True,True,False,False,False,False,0.3,1.0,1.5,1.5,6.0,1.0,1.8,1.5,6.0,0.0
Copa Sudamericana,2021,MEN,South America,GROUP_F,Group F,2021-05-04,Palestino (CHI),Newell's Old Boys (ARG),0,1,,,openfootball/south-america,https://raw.githubusercontent.com/openfootball/south-america/master/copa-libertadores/2021_copas.txt,UNKNOWN,HISTORICAL_REAL,5766f83076e70edaef2f85ee,A,1,False,False,True,False,False,False,0.3,1.0,1.0,1.0,5.0,0.5,0.5,0.5,5.0,0.0
Copa Libertadores,2021,MEN,South America,GROUP_STAGE,,2021-05-04,Santos,The Strongest,5,0,,,ricardo-mattoss/Brazilian-Soccer-Data,https://github.com/ricardo-mattoss/Brazilian-Soccer-Data/blob/master/Data/Libertadores_Matches.csv,UNKNOWN,HISTORICAL_REAL,25e88838581f21458a86b61a,H,5,False,True,False,False,False,False,0.5,1.0,0.8,1.7,7.0,0.0,0.0,0.0,6.0,1.0
Copa Libertadores,2021,MEN,South America,GROUP_STAGE,,2021-05-04,Unión La Calera,Vélez Sarsfield,0,2,,,ricardo-mattoss/Brazilian-Soccer-Data,https://github.com/ricardo-mattoss/Brazilian-Soccer-Data/blob/master/Data/Libertadores_Matches.csv,UNKNOWN,HISTORICAL_REAL,c503a2a7dd4db8c6f7434bb3,A,2,False,False,True,False,False,False,0.5,0.5,0.5,0.5,7.0,0.0,0.0,0.0,7.0,0.0
Copa Sudamericana,2021,MEN,South America,GROUP_C,Group C,2021-05-05,Bolívar (BOL),Ceará CE (BRA),0,0,,,openfootball/south-america,https://raw.githubusercontent.com/openfootball/south-america/master/copa-libertadores/2021_copas.txt,UNKNOWN,HISTORICAL_REAL,6f2396df2788ffd5114e79d1,D,0,False,False,False,True,False,False,0.3,1.3333333333333333,2.0,1.6666666666666667,6.0,2.0,2.0,2.0,8.0,-2.0
Copa Sudamericana,2021,MEN,South America,GROUP_A,Group A,2021-05-05,Huachipato (CHI),Rosario Central (ARG),1,1,,,openfootball/south-america,https://raw.githubusercontent.com/openfootball/south-america/master/copa-libertadores/2021_copas.txt,UNKNOWN,HISTORICAL_REAL,347742f768341571aef17e66,D,2,True,False,False,True,False,False,0.3,2.3333333333333335,2.2,2.125,8.0,1.5,1.5,1.5,7.0,1.0
Copa Libertadores,2021,MEN,South America,GROUP_STAGE,,2021-05-05,Independiente del Valle,Universitario-PER,4,0,,,ricardo-mattoss/Brazilian-Soccer-Data,https://github.com/ricardo-mattoss/Brazilian-Soccer-Data/blob/master/Data/Libertadores_Matches.csv,UNKNOWN,HISTORICAL_REAL,937f20b49db8032f4a036b33,H,4,False,True,False,False,False,False,0.5,0.6666666666666666,1.2,1.5,8.0,0.0,0.0,0.0,7.0,1.0
Copa Libertadores,2021,MEN,South America,GROUP_STAGE,,2021-05-05,Internacional,Olimpia-PAR,6,1,,,ricardo-mattoss/Brazilian-Soccer-Data,https://github.com/ricardo-mattoss/Brazilian-Soccer-Data/blob/master/Data/Libertadores_Matches.csv,UNKNOWN,HISTORICAL_REAL,22a45beb635b072de5a23f0c,H,7,True,True,False,False,False,False,0.5,2.0,1.2,1.4,8.0,1.0,0.6,1.0,7.0,1.0
Copa Sudamericana,2021,MEN,South America,GROUP_B,Group B,2021-05-05,Montevideo City Torque (URU),CD Guabirá (BOL),4,0,,,openfootball/south-america,https://raw.githubusercontent.com/openfootball/south-america/master/copa-libertadores/2021_copas.txt,UNKNOWN,HISTORICAL_REAL,59d10227b58e2776c0c3c70c,H,4,False,True,False,False,False,False,0.3,1.3333333333333333,1.25,1.25,7.0,1.0,1.5,1.5,8.0,-1.0
Copa Libertadores,2021,MEN,South America,GROUP_STAGE,,2021-05-05,Racing Club,São Paulo,0,0,,,ricardo-mattoss/Brazilian-Soccer-Data,https://github.com/ricardo-mattoss/Brazilian-Soccer-Data/blob/master/Data/Libertadores_Matches.csv,UNKNOWN,HISTORICAL_REAL,7e7004a26a1497c7c18b88c2,D,0,False,False,False,True,False,False,0.5,1.3333333333333333,1.6,1.8,6.0,3.0,1.8,1.625,6.0,0.0
Copa Sudamericana,2021,MEN,South America,GRUPPE_G,,2021-05-05,Red Bull Bragantino (BRA),Talleres de Córdoba (ARG),0,1,,,openfootball/south-america,https://raw.githubusercontent.com/openfootball/south-america/master/copa-libertadores/2021_copas.txt,UNKNOWN,HISTORICAL_REAL,e874782dda6550cfeb7414e0,A,1,False,False,True,False,False,False,0.3,1.5,1.5,1.5,7.0,0.5,0.5,0.5,7.0,0.0
Copa Libertadores,2021,MEN,South America,GROUP_STAGE,,2021-05-05,Rentistas ,Sporting Cristal,0,0,,,ricardo-mattoss/Brazilian-Soccer-Data,https://github.com/ricardo-mattoss/Brazilian-Soccer-Data/blob/master/Data/Libertadores_Matches.csv,UNKNOWN,HISTORICAL_REAL,c8ed7e9cdc23799522c755df,D,0,False,False,False,True,False,False,0.5,0.5,0.5,0.5,6.0,0.0,0.0,0.0,6.0,0.0
Copa Libertadores,2021,MEN,South America,GROUP_STAGE,,2021-05-05,Universidad Católica,Nacional-URU,3,1,,,ricardo-mattoss/Brazilian-Soccer-Data,https://github.com/ricardo-mattoss/Brazilian-Soccer-Data/blob/master/Data/Libertadores_Matches.csv,UNKNOWN,HISTORICAL_REAL,d6ae8f8a585a01ebc77fe6a9,H,4,True,True,False,False,False,False,0.5,1.0,0.8,0.875,6.0,0.3333333333333333,0.4,1.2,7.0,-1.0
Copa Libertadores,2021,MEN,South America,GROUP_STAGE,,2021-05-06,Always Ready,Deportivo Táchira,2,0,,,ricardo-mattoss/Brazilian-Soccer-Data,https://github.com/ricardo-mattoss/Brazilian-Soccer-Data/blob/master/Data/Libertadores_Matches.csv,UNKNOWN,HISTORICAL_REAL,d266e2975efc70168ddd47ab,H,2,False,True,False,False,False,False,0.5,1.5,1.5,1.5,8.0,1.5,1.5,1.5,9.0,-1.0
Copa Sudamericana,2021,MEN,South America,GROUP_C,Group C,2021-05-06,Arsenal de Sarandí (ARG),Jorge Wilstermann (BOL),3,0,,,openfootball/south-america,https://raw.githubusercontent.com/openfootball/south-america/master/copa-libertadores/2021_copas.txt,UNKNOWN,HISTORICAL_REAL,0fb3c9c41a586b14c282af42,H,3,False,True,False,False,False,False,0.3,0.5,0.5,0.5,9.0,1.3333333333333333,1.75,1.75,7.0,2.0
Copa Libertadores,2021,MEN,South America,GROUP_STAGE,,2021-05-06,Atlético Nacional,Argentinos Juniors,0,2,,,ricardo-mattoss/Brazilian-Soccer-Data,https://github.com/ricardo-mattoss/Brazilian-Soccer-Data/blob/master/Data/Libertadores_Matches.csv,UNKNOWN,HISTORICAL_REAL,d5c7b0e280c4f537c7aae062,A,2,False,False,True,False,False,False,0.5,2.0,2.0,2.0,8.0,3.0,3.0,3.0,7.0,1.0
Copa Sudamericana,2021,MEN,South America,GRUPPE_H,,2021-05-06,Grêmio Porto Alegre (BRA),Aragua FC (VEN),8,0,,,openfootball/south-america,https://raw.githubusercontent.com/openfootball/south-america/master/copa-libertadores/2021_copas.txt,UNKNOWN,HISTORICAL_REAL,923ed067d5cab24cd994e812,H,8,False,True,False,False,False,False,0.3,3.0,3.0,3.0,7.0,1.0,1.2,1.0,7.0,0.0
Copa Libertadores,2021,MEN,South America,GROUP_STAGE,,2021-05-06,Ind. Santa Fe,River Plate,0,0,,,ricardo-mattoss/Brazilian-Soccer-Data,https://github.com/ricardo-mattoss/Brazilian-Soccer-Data/blob/master/Data/Libertadores_Matches.csv,UNKNOWN,HISTORICAL_REAL,4cfba8461063d1d1be4d6efc,D,0,False,False,False,True,False,False,0.5,0.5,0.5,0.5,8.0,2.3333333333333335,2.6,2.4,8.0,0.0
Copa Libertadores,2021,MEN,South America,GROUP_STAGE,,2021-05-06,Junior de Barranquilla,Fluminense,1,1,,,ricardo-mattoss/Brazilian-Soccer-Data,https://github.com/ricardo-mattoss/Brazilian-Soccer-Data/blob/master/Data/Libertadores_Matches.csv,UNKNOWN,HISTORICAL_REAL,c4c2a84fa534d3bcb3465836,D,2,True,False,False,True,False,False,0.5,0.3333333333333333,0.8,0.875,8.0,2.0,2.0,2.0,8.0,0.0
Copa Sudamericana,2021,MEN,South America,GRUPPE_H,,2021-05-06,La Equidad (COL),Lanús (ARG),0,1,,,openfootball/south-america,https://raw.githubusercontent.com/openfootball/south-america/master/copa-libertadores/2021_copas.txt,UNKNOWN,HISTORICAL_REAL,51216284ec5f400b361945b3,A,1,False,False,True,False,False,False,0.3,2.0,1.5,1.5,7.0,2.0,2.0,1.6,7.0,0.0
Copa Libertadores,2021,MEN,South America,GROUP_STAGE,,2021-05-06,La Guaira,América de Cali,0,0,,,ricardo-mattoss/Brazilian-Soccer-Data,https://github.com/ricardo-mattoss/Brazilian-Soccer-Data/blob/master/Data/Libertadores_Matches.csv,UNKNOWN,HISTORICAL_REAL,919d7adfe380d81a61a4f27a,D,0,False,False,False,True,False,False,0.5,1.0,1.0,1.0,8.0,0.3333333333333333,0.6,0.75,9.0,-1.0
Copa Sudamericana,2021,MEN,South America,GROUP_F,Group F,2021-05-06,Libertad (PAR),Atlético Goianiense (BRA),1,2,,,openfootball/south-america,https://raw.githubusercontent.com/openfootball/south-america/master/copa-libertadores/2021_copas.txt,UNKNOWN,HISTORICAL_REAL,b16faa4dcb3942e855a9f9ed,A,3,True,False,True,False,False,False,0.3,3.0,3.0,3.0,7.0,2.0,2.0,2.0,7.0,0.0
Copa Sudamericana,2021,MEN,South America,GROUP_E,Group E,2021-05-06,Peñarol (URU),River Plate (PAR),3,0,,,openfootball/south-america,https://raw.githubusercontent.com/openfootball/south-america/master/copa-libertadores/2021_copas.txt,UNKNOWN,HISTORICAL_REAL,3bd59f609cc5b1d70814d02e,H,3,False,True,False,False,False,False,0.3,3.0,2.2,2.0,7.0,2.3333333333333335,2.5,2.5,7.0,0.0
Copa Sudamericana,2021,MEN,South America,GROUP_A,Group A,2021-05-06,San Lorenzo (ARG),12 de Octubre de Itauguá (PAR),1,1,,,openfootball/south-america,https://raw.githubusercontent.com/openfootball/south-america/master/copa-libertadores/2021_copas.txt,UNKNOWN,HISTORICAL_REAL,92002ed44f0c0f6b63a89672,D,2,True,False,False,True,False,False,0.3,0.0,0.0,0.0,8.0,1.6666666666666667,1.5,1.5,9.0,-1.0
Copa Sudamericana,2021,MEN,South America,GROUP_E,Group E,2021-05-06,Sport Huancayo (PER),Corinthians SP (BRA),0,3,,,openfootball/south-america,https://raw.githubusercontent.com/openfootball/south-america/master/copa-libertadores/2021_copas.txt,UNKNOWN,HISTORICAL_REAL,a41d795f3ce18cc2e78636ce,A,3,False,False,True,False,False,False,0.3,1.0,1.2,1.3,7.0,0.5,0.5,0.5,7.0,0.0
Copa Sudamericana,2021,MEN,South America,GRUPPE_G,,2021-05-07,Deportes Tolima (COL),Emelec (ECU),1,1,,,openfootball/south-america,https://raw.githubusercontent.com/openfootball/south-america/master/copa-libertadores/2021_copas.txt,UNKNOWN,HISTORICAL_REAL,2a03d434212f795cda04e2ee,D,2,True,False,False,True,False,False,0.3,0.6666666666666666,1.2,1.1666666666666667,9.0,3.0,2.0,2.375,9.0,0.0
Copa Libertadores,2021,MEN,South America,GROUP_STAGE,,2021-05-11,Deportivo Táchira,Internacional,2,1,,,ricardo-mattoss/Brazilian-Soccer-Data,https://github.com/ricardo-mattoss/Brazilian-Soccer-Data/blob/master/Data/Libertadores_Matches.csv,UNKNOWN,HISTORICAL_REAL,7121649471a950d9b7df135d,H,3,True,True,False,False,False,False,0.5,1.0,1.0,1.0,5.0,2.0,1.8,1.4,6.0,-1.0
Copa Libertadores,2021,MEN,South America,GROUP_STAGE,,2021-05-11,Independiente del Valle,Palmeiras,0,1,,,ricardo-mattoss/Brazilian-Soccer-Data,https://github.com/ricardo-mattoss/Brazilian-Soccer-Data/blob/master/Data/Libertadores_Matches.csv,UNKNOWN,HISTORICAL_REAL,e49e86bbd26dc45703a1ba6e,A,1,False,False,True,False,False,False,0.5,1.3333333333333333,1.2,1.5,6.0,3.0,2.6,2.6,7.0,-1.0
Copa Sudamericana,2021,MEN,South America,GROUP_D,Group D,2021-05-11,Metropolitanos FC (VEN),Athletico Paranaense (BRA),0,1,,,openfootball/south-america,https://raw.githubusercontent.com/openfootball/south-america/master/copa-libertadores/2021_copas.txt,UNKNOWN,HISTORICAL_REAL,c741d8c6fc99d872b6df32f5,A,1,False,False,True,False,False,False,0.3,1.0,1.8,1.8,7.0,2.0,2.0,2.0,7.0,0.0
Copa Sudamericana,2021,MEN,South America,GROUP_B,Group B,2021-05-11,Montevideo City Torque (URU),Independiente (ARG),1,1,,,openfootball/south-america,https://raw.githubusercontent.com/openfootball/south-america/master/copa-libertadores/2021_copas.txt,UNKNOWN,HISTORICAL_REAL,ded16ea02ff28b385ffe7a44,D,2,True,False,False,True,False,False,0.3,1.3333333333333333,1.6,1.6,6.0,2.3333333333333335,1.6,1.8,7.0,-1.0
Copa Sudamericana,2021,MEN,South America,GRUPPE_G,,2021-05-11,Red Bull Bragantino (BRA),Emelec (ECU),2,0,,,openfootball/south-america,https://raw.githubusercontent.com/openfootball/south-america/master/copa-libertadores/2021_copas.txt,UNKNOWN,HISTORICAL_REAL,41a2453aba0c8cbd80ffc91b,H,2,False,True,False,False,False,False,0.3,1.0,1.0,1.0,6.0,2.3333333333333335,2.2,2.2222222222222223,4.0,2.0
Copa Libertadores,2021,MEN,South America,GROUP_STAGE,,2021-05-11,Santos,Boca Juniors,1,0,,,ricardo-mattoss/Brazilian-Soccer-Data,https://github.com/ricardo-mattoss/Brazilian-Soccer-Data/blob/master/Data/Libertadores_Matches.csv,UNKNOWN,HISTORICAL_REAL,58c73c60b86144e7d0ccb10f,H,1,False,True,False,False,False,False,0.5,1.0,1.4,1.9,7.0,2.0,1.8,1.9,7.0,0.0
Copa Libertadores,2021,MEN,South America,GROUP_STAGE,,2021-05-11,Sporting Cristal,Racing Club,0,2,,,ricardo-mattoss/Brazilian-Soccer-Data,https://github.com/ricardo-mattoss/Brazilian-Soccer-Data/blob/master/Data/Libertadores_Matches.csv,UNKNOWN,HISTORICAL_REAL,05401700f0c0a83f6e699903,A,2,False,False,True,False,False,False,0.5,0.3333333333333333,0.3333333333333333,0.3333333333333333,6.0,1.6666666666666667,1.6,1.9,6.0,0.0
Copa Sudamericana,2021,MEN,South America,GRUPPE_G,,2021-05-11,Talleres de Córdoba (ARG),Deportes Tolima (COL),0,0,,,openfootball/south-america,https://raw.githubusercontent.com/openfootball/south-america/master/copa-libertadores/2021_copas.txt,UNKNOWN,HISTORICAL_REAL,9b2b8bfe7a72b4f2e19666a2,D,0,False,False,False,True,False,False,0.3,1.3333333333333333,1.3333333333333333,1.3333333333333333,6.0,0.6666666666666666,1.2,1.1428571428571428,4.0,2.0
Copa Libertadores,2021,MEN,South America,GROUP_STAGE,,2021-05-11,The Strongest,Barcelona-EQU,2,0,,,ricardo-mattoss/Brazilian-Soccer-Data,https://github.com/ricardo-mattoss/Brazilian-Soccer-Data/blob/master/Data/Libertadores_Matches.csv,UNKNOWN,HISTORICAL_REAL,16519b119ca296ab52cd33c4,H,2,False,True,False,False,False,False,0.5,0.0,0.0,0.0,7.0,3.0,2.4,1.3333333333333333,7.0,0.0
Copa Libertadores,2021,MEN,South America,GROUP_STAGE,,2021-05-11,Unión La Calera,Flamengo,2,2,,,ricardo-mattoss/Brazilian-Soccer-Data,https://github.com/ricardo-mattoss/Brazilian-Soccer-Data/blob/master/Data/Libertadores_Matches.csv,UNKNOWN,HISTORICAL_REAL,6a806bb28b59917db8857ab2,D,4,True,False,False,True,False,False,0.5,0.3333333333333333,0.3333333333333333,0.3333333333333333,7.0,3.0,2.2,2.3,7.0,0.0
Copa Sudamericana,2021,MEN,South America,GROUP_A,Group A,2021-05-12,12 de Octubre de Itauguá (PAR),Huachipato (CHI),1,2,,,openfootball/south-america,https://raw.githubusercontent.com/openfootball/south-america/master/copa-libertadores/2021_copas.txt,UNKNOWN,HISTORICAL_REAL,d91b47a9f7dfa9cd958d2349,A,3,True,False,True,False,False,False,0.3,1.6666666666666667,1.4,1.4,6.0,1.6666666666666667,2.2,2.0,7.0,-1.0
Copa Libertadores,2021,MEN,South America,GROUP_STAGE,,2021-05-12,Argentinos Juniors,Universidad Católica,0,1,,,ricardo-mattoss/Brazilian-Soccer-Data,https://github.com/ricardo-mattoss/Brazilian-Soccer-Data/blob/master/Data/Libertadores_Matches.csv,UNKNOWN,HISTORICAL_REAL,b0297a9468be8f567ca90b49,A,1,False,False,True,False,False,False,0.5,3.0,3.0,3.0,6.0,1.0,1.2,1.1111111111111112,7.0,-1.0
Copa Sudamericana,2021,MEN,South America,GROUP_F,Group F,2021-05-12,Atlético Goianiense (BRA),Palestino (CHI),0,0,,,openfootball/south-america,https://raw.githubusercontent.com/openfootball/south-america/master/copa-libertadores/2021_copas.txt,UNKNOWN,HISTORICAL_REAL,c618c6f11964e142e32c74ff,D,0,False,False,False,True,False,False,0.3,2.3333333333333335,2.3333333333333335,2.3333333333333335,6.0,0.0,0.8,0.8,8.0,-2.0
Copa Libertadores,2021,MEN,South America,GROUP_STAGE,,2021-05-12,Atlético Nacional,Nacional-URU,0,0,,,ricardo-mattoss/Brazilian-Soccer-Data,https://github.com/ricardo-mattoss/Brazilian-Soccer-Data/blob/master/Data/Libertadores_Matches.csv,UNKNOWN,HISTORICAL_REAL,82a01136c45efe27d5187b10,D,0,False,False,False,True,False,False,0.5,1.3333333333333333,1.3333333333333333,1.3333333333333333,6.0,0.3333333333333333,0.2,0.9,7.0,-1.0
Copa Sudamericana,2021,MEN,South America,GROUP_C,Group C,2021-05-12,Bolívar (BOL),Jorge Wilstermann (BOL),2,2,,,openfootball/south-america,https://raw.githubusercontent.com/openfootball/south-america/master/copa-libertadores/2021_copas.txt,UNKNOWN,HISTORICAL_REAL,2ff306f10dfd6be11e8eefc8,D,4,True,False,False,True,False,False,0.3,1.6666666666666667,1.6,1.5714285714285714,7.0,0.3333333333333333,1.4,1.4,6.0,1.0
Copa Sudamericana,2021,MEN,South America,GROUP_C,Group C,2021-05-12,Ceará CE (BRA),Arsenal de Sarandí (ARG),0,0,,,openfootball/south-america,https://raw.githubusercontent.com/openfootball/south-america/master/copa-libertadores/2021_copas.txt,UNKNOWN,HISTORICAL_REAL,652ca4107ec39ba078e6828d,D,0,False,False,False,True,False,False,0.3,1.6666666666666667,1.6666666666666667,1.6666666666666667,7.0,1.3333333333333333,1.3333333333333333,1.3333333333333333,6.0,1.0
Copa Libertadores,2021,MEN,South America,GROUP_STAGE,,2021-05-12,Fluminense,Ind. Santa Fe,2,1,,,ricardo-mattoss/Brazilian-Soccer-Data,https://github.com/ricardo-mattoss/Brazilian-Soccer-Data/blob/master/Data/Libertadores_Matches.csv,UNKNOWN,HISTORICAL_REAL,2b0c5ae69af3c4fa25ecca8b,H,3,True,True,False,False,False,False,0.5,1.6666666666666667,1.6666666666666667,1.6666666666666667,6.0,0.6666666666666666,0.6666666666666666,0.6666666666666666,6.0,0.0
Copa Libertadores,2021,MEN,South America,GROUP_STAGE,,2021-05-12,Junior de Barranquilla,River Plate,1,1,,,ricardo-mattoss/Brazilian-Soccer-Data,https://github.com/ricardo-mattoss/Brazilian-Soccer-Data/blob/master/Data/Libertadores_Matches.csv,UNKNOWN,HISTORICAL_REAL,a2453b9ae94f1becf9c674f5,D,2,True,False,False,True,False,False,0.5,0.6666666666666666,0.4,0.8888888888888888,6.0,1.6666666666666667,2.2,2.4,6.0,0.0
Copa Libertadores,2021,MEN,South America,GROUP_STAGE,,2021-05-12,La Guaira,Cerro Porteño,0,1,,,ricardo-mattoss/Brazilian-Soccer-Data,https://github.com/ricardo-mattoss/Brazilian-Soccer-Data/blob/master/Data/Libertadores_Matches.csv,UNKNOWN,HISTORICAL_REAL,593b14c0a090e9461363107d,A,1,False,False,True,False,False,False,0.5,1.0,1.0,1.0,6.0,1.3333333333333333,1.3333333333333333,1.3333333333333333,8.0,-2.0
Copa Libertadores,2021,MEN,South America,GROUP_STAGE,,2021-05-12,Rentistas ,São Paulo,1,1,,,ricardo-mattoss/Brazilian-Soccer-Data,https://github.com/ricardo-mattoss/Brazilian-Soccer-Data/blob/master/Data/Libertadores_Matches.csv,UNKNOWN,HISTORICAL_REAL,7ee016da124d3bd9010a23e0,D,2,True,False,False,True,False,False,0.5,0.6666666666666666,0.6666666666666666,0.6666666666666666,7.0,2.3333333333333335,2.0,1.5555555555555556,7.0,0.0
Copa Sudamericana,2021,MEN,South America,GROUP_A,Group A,2021-05-12,San Lorenzo (ARG),Rosario Central (ARG),1,2,,,openfootball/south-america,https://raw.githubusercontent.com/openfootball/south-america/master/copa-libertadores/2021_copas.txt,UNKNOWN,HISTORICAL_REAL,5420dff989fa86a9a56f8ec0,A,3,True,False,True,False,False,False,0.3,0.3333333333333333,0.3333333333333333,0.3333333333333333,6.0,1.3333333333333333,1.3333333333333333,1.3333333333333333,7.0,-1.0
Copa Libertadores,2021,MEN,South America,GROUP_STAGE,,2021-05-12,Universitario-PER,Defensa y Justicia,1,1,,,ricardo-mattoss/Brazilian-Soccer-Data,https://github.com/ricardo-mattoss/Brazilian-Soccer-Data/blob/master/Data/Libertadores_Matches.csv,UNKNOWN,HISTORICAL_REAL,6d3f80dc0d53f78f86b8f6bb,D,2,True,False,False,True,False,False,0.5,0.0,0.0,0.0,7.0,1.3333333333333333,0.8,1.1111111111111112,8.0,-1.0
Copa Libertadores,2021,MEN,South America,GROUP_STAGE,,2021-05-13,Always Ready,Olimpia-PAR,1,2,,,ricardo-mattoss/Brazilian-Soccer-Data,https://github.com/ricardo-mattoss/Brazilian-Soccer-Data/blob/master/Data/Libertadores_Matches.csv,UNKNOWN,HISTORICAL_REAL,d4c8583a0fbd2304097ab990,A,3,True,False,True,False,False,False,0.5,2.0,2.0,2.0,7.0,1.0,0.6,0.8888888888888888,8.0,-1.0
Copa Libertadores,2021,MEN,South America,GROUP_STAGE,,2021-05-13,América de Cali,Atlético-MG,1,3,,,ricardo-mattoss/Brazilian-Soccer-Data,https://github.com/ricardo-mattoss/Brazilian-Soccer-Data/blob/master/Data/Libertadores_Matches.csv,UNKNOWN,HISTORICAL_REAL,f3628c934159b04c2941b926,A,4,True,False,True,False,False,False,0.5,0.3333333333333333,0.6,0.7777777777777778,7.0,2.3333333333333335,2.3333333333333335,2.3333333333333335,9.0,-2.0
Copa Sudamericana,2021,MEN,South America,GRUPPE_H,,2021-05-13,Aragua FC (VEN),La Equidad (COL),1,2,,,openfootball/south-america,https://raw.githubusercontent.com/openfootball/south-america/master/copa-libertadores/2021_copas.txt,UNKNOWN,HISTORICAL_REAL,8cc0cbf8d06ceb81de97c45c,A,3,True,False,True,False,False,False,0.3,0.0,0.6,0.8571428571428571,7.0,1.0,1.2,1.2,7.0,0.0
Copa Sudamericana,2021,MEN,South America,GROUP_D,Group D,2021-05-13,Aucas (ECU),FBC Melgar (PER),2,1,,,openfootball/south-america,https://raw.githubusercontent.com/openfootball/south-america/master/copa-libertadores/2021_copas.txt,UNKNOWN,HISTORICAL_REAL,dfb134b2e8f6a952e6a72840,H,3,True,True,False,False,False,False,0.3,0.0,1.2,1.2857142857142858,9.0,3.0,3.0,2.6666666666666665,9.0,0.0
Copa Sudamericana,2021,MEN,South America,GROUP_B,Group B,2021-05-13,CD Guabirá (BOL),Bahia BA (BRA),0,1,,,openfootball/south-america,https://raw.githubusercontent.com/openfootball/south-america/master/copa-libertadores/2021_copas.txt,UNKNOWN,HISTORICAL_REAL,11571b675447b74cc9d4f9d2,A,1,False,False,True,False,False,False,0.3,0.0,1.2,1.2,8.0,1.6666666666666667,1.0,1.5,9.0,-1.0
Copa Sudamericana,2021,MEN,South America,GRUPPE_H,,2021-05-13,Grêmio Porto Alegre (BRA),Lanús (ARG),3,1,,,openfootball/south-america,https://raw.githubusercontent.com/openfootball/south-america/master/copa-libertadores/2021_copas.txt,UNKNOWN,HISTORICAL_REAL,49e9329877f2a5fe1a8f7c64,H,4,True,True,False,False,False,False,0.3,3.0,3.0,3.0,7.0,2.0,2.4,1.9,7.0,0.0
Copa Sudamericana,2021,MEN,South America,GROUP_F,Group F,2021-05-13,Libertad (PAR),Newell's Old Boys (ARG),1,0,,,openfootball/south-america,https://raw.githubusercontent.com/openfootball/south-america/master/copa-libertadores/2021_copas.txt,UNKNOWN,HISTORICAL_REAL,67a45df76eedfe8346150d6a,H,1,False,True,False,False,False,False,0.3,2.0,2.0,2.0,7.0,1.3333333333333333,1.3333333333333333,1.3333333333333333,9.0,-2.0
Copa Sudamericana,2021,MEN,South America,GROUP_E,Group E,2021-05-13,Peñarol (URU),Corinthians SP (BRA),4,0,,,openfootball/south-america,https://raw.githubusercontent.com/openfootball/south-america/master/copa-libertadores/2021_copas.txt,UNKNOWN,HISTORICAL_REAL,82ed48d6ddfd40c3a74f9f37,H,4,False,True,False,False,False,False,0.3,3.0,2.6,2.142857142857143,7.0,1.3333333333333333,1.3333333333333333,1.3333333333333333,7.0,0.0
Copa Sudamericana,2021,MEN,South America,GROUP_E,Group E,2021-05-13,River Plate (PAR),Sport Huancayo (PER),2,1,,,openfootball/south-america,https://raw.githubusercontent.com/openfootball/south-america/master/copa-libertadores/2021_copas.txt,UNKNOWN,HISTORICAL_REAL,2b7fc6b83bbbd7f220a5b76c,H,3,True,True,False,False,False,False,0.3,1.3333333333333333,2.0,2.0,7.0,0.0,1.2,1.2,7.0,0.0
Copa Libertadores,2021,MEN,South America,GROUP_STAGE,,2021-05-13,Vélez Sarsfield,LDU,3,1,,,ricardo-mattoss/Brazilian-Soccer-Data,https://github.com/ricardo-mattoss/Brazilian-Soccer-Data/blob/master/Data/Libertadores_Matches.csv,UNKNOWN,HISTORICAL_REAL,e09dab0d908d48fb57fd6fe1,H,4,True,True,False,False,False,False,0.5,1.0,1.0,1.0,9.0,1.3333333333333333,1.4,1.6,9.0,0.0
Copa Libertadores,2021,MEN,South America,GROUP_STAGE,,2021-05-18,Fluminense,Junior de Barranquilla,1,2,,,ricardo-mattoss/Brazilian-Soccer-Data,https://github.com/ricardo-mattoss/Brazilian-Soccer-Data/blob/master/Data/Libertadores_Matches.csv,UNKNOWN,HISTORICAL_REAL,0099418ad17120c06a76801e,A,3,True,False,True,False,False,False,0.5,2.3333333333333335,2.0,2.0,6.0,0.6666666666666666,0.6,0.9,6.0,0.0
Copa Sudamericana,2021,MEN,South America,GROUP_B,Group B,2021-05-18,Independiente (ARG),Bahia BA (BRA),1,0,,,openfootball/south-america,https://raw.githubusercontent.com/openfootball/south-america/master/copa-libertadores/2021_copas.txt,UNKNOWN,HISTORICAL_REAL,79776ac525fc59632c0c0bbe,H,1,False,True,False,False,False,False,0.3,1.6666666666666667,1.6,1.9,7.0,2.3333333333333335,1.6,1.5,5.0,2.0
Copa Libertadores,2021,MEN,South America,GROUP_STAGE,,2021-05-18,Nacional-URU,Universidad Católica,1,0,,,ricardo-mattoss/Brazilian-Soccer-Data,https://github.com/ricardo-mattoss/Brazilian-Soccer-Data/blob/master/Data/Libertadores_Matches.csv,UNKNOWN,HISTORICAL_REAL,a36b1eed597f3decf83882b8,H,1,False,True,False,False,False,False,0.5,0.6666666666666666,0.4,0.7,6.0,2.0,1.8,1.3,6.0,0.0
Copa Libertadores,2021,MEN,South America,GROUP_STAGE,,2021-05-18,Palmeiras,Defensa y Justicia,3,4,,,ricardo-mattoss/Brazilian-Soccer-Data,https://github.com/ricardo-mattoss/Brazilian-Soccer-Data/blob/master/Data/Libertadores_Matches.csv,UNKNOWN,HISTORICAL_REAL,a447a4e7b42ad7d9be380cc0,A,7,True,False,True,False,False,False,0.5,3.0,3.0,2.8,7.0,1.3333333333333333,1.0,1.1,6.0,1.0
Copa Sudamericana,2021,MEN,South America,GROUP_E,Group E,2021-05-18,River Plate (PAR),Peñarol (URU),2,1,,,openfootball/south-america,https://raw.githubusercontent.com/openfootball/south-america/master/copa-libertadores/2021_copas.txt,UNKNOWN,HISTORICAL_REAL,0887b0d9180663e4109bfd3a,H,3,True,True,False,False,False,False,0.3,2.0,2.0,2.1666666666666665,5.0,3.0,3.0,2.25,5.0,0.0
Copa Libertadores,2021,MEN,South America,GROUP_STAGE,,2021-05-18,São Paulo,Racing Club,0,1,,,ricardo-mattoss/Brazilian-Soccer-Data,https://github.com/ricardo-mattoss/Brazilian-Soccer-Data/blob/master/Data/Libertadores_Matches.csv,UNKNOWN,HISTORICAL_REAL,0b7791e5cc9b880689f74cfd,A,1,False,False,True,False,False,False,0.5,1.6666666666666667,2.2,1.5,6.0,2.3333333333333335,1.6,1.9,7.0,-1.0
Copa Sudamericana,2021,MEN,South America,GRUPPE_G,,2021-05-18,Talleres de Córdoba (ARG),Red Bull Bragantino (BRA),0,1,,,openfootball/south-america,https://raw.githubusercontent.com/openfootball/south-america/master/copa-libertadores/2021_copas.txt,UNKNOWN,HISTORICAL_REAL,b209a2a2c792210a7dc723de,A,1,False,False,True,False,False,False,0.3,1.6666666666666667,1.25,1.25,7.0,1.0,1.5,1.5,7.0,0.0
Copa Libertadores,2021,MEN,South America,GROUP_STAGE,,2021-05-18,The Strongest,Santos,2,1,,,ricardo-mattoss/Brazilian-Soccer-Data,https://github.com/ricardo-mattoss/Brazilian-Soccer-Data/blob/master/Data/Libertadores_Matches.csv,UNKNOWN,HISTORICAL_REAL,cbbad0285e2626769a4dce90,H,3,True,True,False,False,False,False,0.5,1.0,0.75,0.75,7.0,2.0,1.8,1.9,7.0,0.0
Copa Libertadores,2021,MEN,South America,GROUP_STAGE,,2021-05-18,Universitario-PER,Independiente del Valle,3,2,,,ricardo-mattoss/Brazilian-Soccer-Data,https://github.com/ricardo-mattoss/Brazilian-Soccer-Data/blob/master/Data/Libertadores_Matches.csv,UNKNOWN,HISTORICAL_REAL,2a4ae15dc7625c2ca3a7da01,H,5,True,True,False,False,False,False,0.5,0.3333333333333333,0.25,0.25,6.0,1.0,1.0,1.2,7.0,-1.0
Copa Libertadores,2021,MEN,South America,GROUP_STAGE,,2021-05-19,América de Cali,La Guaira,3,1,,,ricardo-mattoss/Brazilian-Soccer-Data,https://github.com/ricardo-mattoss/Brazilian-Soccer-Data/blob/master/Data/Libertadores_Matches.csv,UNKNOWN,HISTORICAL_REAL,8b07e491266359585ddd9bfb,H,4,True,True,False,False,False,False,0.5,0.3333333333333333,0.4,0.7,6.0,0.6666666666666666,0.75,0.75,7.0,-1.0
Copa Sudamericana,2021,MEN,South America,GROUP_D,Group D,2021-05-19,Athletico Paranaense (BRA),FBC Melgar (PER),1,0,,,openfootball/south-america,https://raw.githubusercontent.com/openfootball/south-america/master/copa-libertadores/2021_copas.txt,UNKNOWN,HISTORICAL_REAL,aeb2013b22e422ce41492ef8,H,1,False,True,False,False,False,False,0.3,2.0,2.25,2.25,8.0,2.0,2.4,2.4,6.0,2.0
Copa Sudamericana,2021,MEN,South America,GROUP_F,Group F,2021-05-19,Atlético Goianiense (BRA),Libertad (PAR),0,0,,,openfootball/south-america,https://raw.githubusercontent.com/openfootball/south-america/master/copa-libertadores/2021_copas.txt,UNKNOWN,HISTORICAL_REAL,3d6da2de1f2b710084383d90,D,0,False,False,False,True,False,False,0.3,2.3333333333333335,2.0,2.0,7.0,2.0,2.25,2.25,6.0,1.0
Copa Sudamericana,2021,MEN,South America,GROUP_D,Group D,2021-05-19,Aucas (ECU),Metropolitanos FC (VEN),3,0,,,openfootball/south-america,https://raw.githubusercontent.com/openfootball/south-america/master/copa-libertadores/2021_copas.txt,UNKNOWN,HISTORICAL_REAL,99cf1d1de55c192e9dc0aa56,H,3,False,True,False,False,False,False,0.3,1.0,1.2,1.5,6.0,1.0,1.2,1.5,8.0,-2.0
Copa Libertadores,2021,MEN,South America,GROUP_STAGE,,2021-05-19,Cerro Porteño,Atlético-MG,0,1,,,ricardo-mattoss/Brazilian-Soccer-Data,https://github.com/ricardo-mattoss/Brazilian-Soccer-Data/blob/master/Data/Libertadores_Matches.csv,UNKNOWN,HISTORICAL_REAL,ff5ffe7b2d56c612941cf8dc,A,1,False,False,True,False,False,False,0.5,1.3333333333333333,1.75,1.75,7.0,3.0,2.5,2.5,6.0,1.0
Copa Libertadores,2021,MEN,South America,GROUP_STAGE,,2021-05-19,Deportivo Táchira,Always Ready,7,2,,,ricardo-mattoss/Brazilian-Soccer-Data,https://github.com/ricardo-mattoss/Brazilian-Soccer-Data/blob/master/Data/Libertadores_Matches.csv,UNKNOWN,HISTORICAL_REAL,1e77df36db204013d5331bd0,H,9,True,True,False,False,False,False,0.5,1.0,1.5,1.5,8.0,1.0,1.5,1.5,6.0,2.0
Copa Sudamericana,2021,MEN,South America,GRUPPE_G,,2021-05-19,Emelec (ECU),Deportes Tolima (COL),2,0,,,openfootball/south-america,https://raw.githubusercontent.com/openfootball/south-america/master/copa-libertadores/2021_copas.txt,UNKNOWN,HISTORICAL_REAL,092bd9f59bc53383a3444b57,H,2,False,True,False,False,False,False,0.3,1.3333333333333333,2.0,2.0,8.0,1.0,0.8,1.125,8.0,0.0
Copa Libertadores,2021,MEN,South America,GROUP_STAGE,,2021-05-19,Flamengo,LDU,2,2,,,ricardo-mattoss/Brazilian-Soccer-Data,https://github.com/ricardo-mattoss/Brazilian-Soccer-Data/blob/master/Data/Libertadores_Matches.csv,UNKNOWN,HISTORICAL_REAL,25ea087402019eb074da96cd,D,4,True,False,False,True,False,False,0.5,2.3333333333333335,2.2,2.1,8.0,1.0,1.4,1.6,6.0,2.0
Copa Sudamericana,2021,MEN,South America,GROUP_C,Group C,2021-05-19,Jorge Wilstermann (BOL),Arsenal de Sarandí (ARG),1,2,,,openfootball/south-america,https://raw.githubusercontent.com/openfootball/south-america/master/copa-libertadores/2021_copas.txt,UNKNOWN,HISTORICAL_REAL,c4cf3fca3eccdb880599b4d5,A,3,True,False,True,False,False,False,0.3,0.6666666666666666,1.0,1.3333333333333333,7.0,1.6666666666666667,1.25,1.25,7.0,0.0
Copa Libertadores,2021,MEN,South America,GROUP_STAGE,,2021-05-19,River Plate,Ind. Santa Fe,2,1,,,ricardo-mattoss/Brazilian-Soccer-Data,https://github.com/ricardo-mattoss/Brazilian-Soccer-Data/blob/master/Data/Libertadores_Matches.csv,UNKNOWN,HISTORICAL_REAL,b902e612a85988eb8d06f082,H,3,True,True,False,False,False,False,0.5,1.6666666666666667,1.8,2.2,7.0,0.3333333333333333,0.5,0.5,7.0,0.0
Copa Sudamericana,2021,MEN,South America,GROUP_A,Group A,2021-05-19,Rosario Central (ARG),Huachipato (CHI),5,0,,,openfootball/south-america,https://raw.githubusercontent.com/openfootball/south-america/master/copa-libertadores/2021_copas.txt,UNKNOWN,HISTORICAL_REAL,2db93361345d81db474d7b69,H,5,False,True,False,False,False,False,0.3,2.3333333333333335,1.75,1.75,7.0,1.6666666666666667,2.2,2.1,7.0,0.0
Copa Libertadores,2021,MEN,South America,GROUP_STAGE,,2021-05-19,Sporting Cristal,Rentistas ,2,0,,,ricardo-mattoss/Brazilian-Soccer-Data,https://github.com/ricardo-mattoss/Brazilian-Soccer-Data/blob/master/Data/Libertadores_Matches.csv,UNKNOWN,HISTORICAL_REAL,e649cf6af4d0b774c7982fdc,H,2,False,True,False,False,False,False,0.5,0.3333333333333333,0.25,0.25,8.0,0.6666666666666666,0.75,0.75,7.0,1.0
Copa Libertadores,2021,MEN,South America,GROUP_STAGE,,2021-05-19,Vélez Sarsfield,Unión La Calera,2,1,,,ricardo-mattoss/Brazilian-Soccer-Data,https://github.com/ricardo-mattoss/Brazilian-Soccer-Data/blob/master/Data/Libertadores_Matches.csv,UNKNOWN,HISTORICAL_REAL,df4821322d5618f1a8146583,H,3,True,True,False,False,False,False,0.5,2.0,1.5,1.5,6.0,0.3333333333333333,0.5,0.5,8.0,-2.0
Copa Sudamericana,2021,MEN,South America,GROUP_A,Group A,2021-05-20,12 de Octubre de Itauguá (PAR),San Lorenzo (ARG),0,2,,,openfootball/south-america,https://raw.githubusercontent.com/openfootball/south-america/master/copa-libertadores/2021_copas.txt,UNKNOWN,HISTORICAL_REAL,d80ad0f2d56d4199f7a1a12f,A,2,False,False,True,False,False,False,0.3,0.6666666666666666,1.2,1.1666666666666667,8.0,0.3333333333333333,0.25,0.25,8.0,0.0
Copa Sudamericana,2021,MEN,South America,GRUPPE_H,,2021-05-20,Aragua FC (VEN),Grêmio Porto Alegre (BRA),2,6,,,openfootball/south-america,https://raw.githubusercontent.com/openfootball/south-america/master/copa-libertadores/2021_copas.txt,UNKNOWN,HISTORICAL_REAL,fd47ba582fadd1bdcd18bfe4,A,8,True,False,True,False,False,False,0.3,0.0,0.6,0.75,7.0,3.0,3.0,3.0,7.0,0.0
Copa Libertadores,2021,MEN,South America,GROUP_STAGE,,2021-05-20,Argentinos Juniors,Atlético Nacional,1,0,,,ricardo-mattoss/Brazilian-Soccer-Data,https://github.com/ricardo-mattoss/Brazilian-Soccer-Data/blob/master/Data/Libertadores_Matches.csv,UNKNOWN,HISTORICAL_REAL,c68e5b77a29ec0b1cf7c1560,H,1,False,True,False,False,False,False,0.5,2.0,2.25,2.25,8.0,0.6666666666666666,1.25,1.25,8.0,0.0
Copa Libertadores,2021,MEN,South America,GROUP_STAGE,,2021-05-20,Boca Juniors,Barcelona-EQU,0,0,,,ricardo-mattoss/Brazilian-Soccer-Data,https://github.com/ricardo-mattoss/Brazilian-Soccer-Data/blob/master/Data/Libertadores_Matches.csv,UNKNOWN,HISTORICAL_REAL,9aed077cddf09ec57935f63c,D,0,False,False,False,True,False,False,0.5,1.0,1.8,1.6,9.0,2.0,1.8,1.2,9.0,0.0
Copa Sudamericana,2021,MEN,South America,GROUP_B,Group B,2021-05-20,CD Guabirá (BOL),Montevideo City Torque (URU),0,4,,,openfootball/south-america,https://raw.githubusercontent.com/openfootball/south-america/master/copa-libertadores/2021_copas.txt,UNKNOWN,HISTORICAL_REAL,cdc0a4d160d5288068549252,A,4,False,False,True,False,False,False,0.3,0.0,0.6,1.0,7.0,1.3333333333333333,1.6,1.5,9.0,-2.0
Copa Sudamericana,2021,MEN,South America,GROUP_C,Group C,2021-05-20,Ceará CE (BRA),Bolívar (BOL),2,0,,,openfootball/south-america,https://raw.githubusercontent.com/openfootball/south-america/master/copa-libertadores/2021_copas.txt,UNKNOWN,HISTORICAL_REAL,98ebc6becd8ca8976abec8eb,H,2,False,True,False,False,False,False,0.3,1.0,1.5,1.5,8.0,1.0,1.2,1.5,8.0,0.0
Copa Sudamericana,2021,MEN,South America,GROUP_E,Group E,2021-05-20,Corinthians SP (BRA),Sport Huancayo (PER),5,0,,,openfootball/south-america,https://raw.githubusercontent.com/openfootball/south-america/master/copa-libertadores/2021_copas.txt,UNKNOWN,HISTORICAL_REAL,d6a130ed45ff71e760d3f7a1,H,5,False,True,False,False,False,False,0.3,1.0,1.0,1.0,7.0,0.0,0.6,1.1,7.0,0.0
Copa Sudamericana,2021,MEN,South America,GRUPPE_H,,2021-05-20,Lanús (ARG),La Equidad (COL),4,1,,,openfootball/south-america,https://raw.githubusercontent.com/openfootball/south-america/master/copa-libertadores/2021_copas.txt,UNKNOWN,HISTORICAL_REAL,18b345fd0d57965fa8b2679c,H,5,True,True,False,False,False,False,0.3,1.0,1.8,1.6,7.0,2.0,1.8,1.5,7.0,0.0
Copa Sudamericana,2021,MEN,South America,GROUP_F,Group F,2021-05-20,Newell's Old Boys (ARG),Palestino (CHI),3,1,,,openfootball/south-america,https://raw.githubusercontent.com/openfootball/south-america/master/copa-libertadores/2021_copas.txt,UNKNOWN,HISTORICAL_REAL,76cef2a690a268bcd757b909,H,4,True,True,False,False,False,False,0.3,1.0,1.0,1.0,7.0,0.3333333333333333,0.8,0.8333333333333334,8.0,-1.0
Copa Libertadores,2021,MEN,South America,GROUP_STAGE,,2021-05-20,Olimpia-PAR,Internacional,0,1,,,ricardo-mattoss/Brazilian-Soccer-Data,https://github.com/ricardo-mattoss/Brazilian-Soccer-Data/blob/master/Data/Libertadores_Matches.csv,UNKNOWN,HISTORICAL_REAL,237ee7ef942002805afa9968,A,1,False,False,True,False,False,False,0.5,2.0,1.2,1.1,7.0,2.0,1.8,1.3,9.0,-2.0
Copa Libertadores,2021,MEN,South America,GROUP_STAGE,,2021-05-25,Atlético-MG,La Guaira,4,0,,,ricardo-mattoss/Brazilian-Soccer-Data,https://github.com/ricardo-mattoss/Brazilian-Soccer-Data/blob/master/Data/Libertadores_Matches.csv,UNKNOWN,HISTORICAL_REAL,5e5ab7a8afc7f13809bce69f,H,4,False,True,False,False,False,False,0.5,3.0,2.6,2.6,6.0,0.3333333333333333,0.6,0.6,6.0,0.0
Copa Libertadores,2021,MEN,South America,GROUP_STAGE,,2021-05-25,Cerro Porteño,América de Cali,1,0,,,ricardo-mattoss/Brazilian-Soccer-Data,https://github.com/ricardo-mattoss/Brazilian-Soccer-Data/blob/master/Data/Libertadores_Matches.csv,UNKNOWN,HISTORICAL_REAL,6c2fa937af5a5147ec5a306b,H,1,False,True,False,False,False,False,0.5,1.0,1.4,1.4,6.0,1.3333333333333333,0.8,1.0,6.0,0.0
Copa Sudamericana,2021,MEN,South America,GRUPPE_G,,2021-05-25,Deportes Tolima (COL),Red Bull Bragantino (BRA),1,2,,,openfootball/south-america,https://raw.githubusercontent.com/openfootball/south-america/master/copa-libertadores/2021_copas.txt,UNKNOWN,HISTORICAL_REAL,eeeb9c0c37c430a59fdaa512,A,3,True,False,True,False,False,False,0.3,0.6666666666666666,0.6,1.0,6.0,2.0,1.8,1.8,7.0,-1.0
Copa Sudamericana,2021,MEN,South America,GRUPPE_G,,2021-05-25,Emelec (ECU),Talleres de Córdoba (ARG),1,4,,,openfootball/south-america,https://raw.githubusercontent.com/openfootball/south-america/master/copa-libertadores/2021_copas.txt,UNKNOWN,HISTORICAL_REAL,3aac35eb11ad81faca38ca9e,A,5,True,False,True,False,False,False,0.3,1.3333333333333333,2.0,2.0,6.0,1.3333333333333333,1.0,1.0,7.0,-1.0
Copa Libertadores,2021,MEN,South America,GROUP_STAGE,,2021-05-25,Ind. Santa Fe,Junior de Barranquilla,0,0,,,ricardo-mattoss/Brazilian-Soccer-Data,https://github.com/ricardo-mattoss/Brazilian-Soccer-Data/blob/master/Data/Libertadores_Matches.csv,UNKNOWN,HISTORICAL_REAL,9bf63f39ccdc0743b1aff879,D,0,False,False,False,True,False,False,0.5,0.3333333333333333,0.4,0.4,6.0,1.6666666666666667,1.2,1.2,7.0,-1.0
Copa Sudamericana,2021,MEN,South America,GROUP_F,Group F,2021-05-25,Newell's Old Boys (ARG),Atlético Goianiense (BRA),1,1,,,openfootball/south-america,https://raw.githubusercontent.com/openfootball/south-america/master/copa-libertadores/2021_copas.txt,UNKNOWN,HISTORICAL_REAL,bb378feeefb981572ac443eb,D,2,True,False,False,True,False,False,0.3,2.0,1.4,1.4,5.0,1.6666666666666667,1.8,1.8,6.0,-1.0
Copa Sudamericana,2021,MEN,South America,GROUP_F,Group F,2021-05-25,Palestino (CHI),Libertad (PAR),1,2,,,openfootball/south-america,https://raw.githubusercontent.com/openfootball/south-america/master/copa-libertadores/2021_copas.txt,UNKNOWN,HISTORICAL_REAL,757d3d5497fc773e55b2a566,A,3,True,False,True,False,False,False,0.3,0.3333333333333333,0.2,0.7142857142857143,5.0,1.3333333333333333,2.0,2.0,6.0,-1.0
Copa Libertadores,2021,MEN,South America,GROUP_STAGE,,2021-05-25,Racing Club,Rentistas ,3,0,,,ricardo-mattoss/Brazilian-Soccer-Data,https://github.com/ricardo-mattoss/Brazilian-Soccer-Data/blob/master/Data/Libertadores_Matches.csv,UNKNOWN,HISTORICAL_REAL,141d71bb111251173b39899c,H,3,False,True,False,False,False,False,0.5,2.3333333333333335,2.2,1.9,7.0,0.6666666666666666,0.6,0.6,6.0,1.0
Copa Libertadores,2021,MEN,South America,GROUP_STAGE,,2021-05-25,River Plate,Fluminense,1,3,,,ricardo-mattoss/Brazilian-Soccer-Data,https://github.com/ricardo-mattoss/Brazilian-Soccer-Data/blob/master/Data/Libertadores_Matches.csv,UNKNOWN,HISTORICAL_REAL,feb3c880bf59ffabc6ad38ce,A,4,True,False,True,False,False,False,0.5,1.6666666666666667,1.8,2.2,6.0,1.3333333333333333,1.6,1.6,7.0,-1.0
Copa Libertadores,2021,MEN,South America,GROUP_STAGE,,2021-05-25,São Paulo,Sporting Cristal,3,0,,,ricardo-mattoss/Brazilian-Soccer-Data,https://github.com/ricardo-mattoss/Brazilian-Soccer-Data/blob/master/Data/Libertadores_Matches.csv,UNKNOWN,HISTORICAL_REAL,9cf84ea4aef206adb023b902,H,3,False,True,False,False,False,False,0.5,0.6666666666666666,1.6,1.5,7.0,1.3333333333333333,0.8,0.8,6.0,1.0
Copa Sudamericana,2021,MEN,South America,GROUP_B,Group B,2021-05-26,Bahia BA (BRA),Montevideo City Torque (URU),2,4,,,openfootball/south-america,https://raw.githubusercontent.com/openfootball/south-america/master/copa-libertadores/2021_copas.txt,UNKNOWN,HISTORICAL_REAL,8d74f00f31da932b7ee64615,A,6,True,False,True,False,False,False,0.3,1.3333333333333333,1.6,1.5,8.0,2.3333333333333335,1.6,1.7142857142857142,6.0,2.0
Copa Libertadores,2021,MEN,South America,GROUP_STAGE,,2021-05-26,Barcelona-EQU,Santos,3,1,,,ricardo-mattoss/Brazilian-Soccer-Data,https://github.com/ricardo-mattoss/Brazilian-Soccer-Data/blob/master/Data/Libertadores_Matches.csv,UNKNOWN,HISTORICAL_REAL,ac6152a27c6a16bc2318262d,H,4,True,True,False,False,False,False,0.5,1.3333333333333333,2.0,1.3,6.0,2.0,1.2,1.6,8.0,-2.0
Copa Libertadores,2021,MEN,South America,GROUP_STAGE,,2021-05-26,Boca Juniors,The Strongest,3,0,,,ricardo-mattoss/Brazilian-Soccer-Data,https://github.com/ricardo-mattoss/Brazilian-Soccer-Data/blob/master/Data/Libertadores_Matches.csv,UNKNOWN,HISTORICAL_REAL,5b8eb4d42745fbdeb51a16cb,H,3,False,True,False,False,False,False,0.5,0.3333333333333333,1.4,1.6,6.0,2.0,1.2,1.2,8.0,-2.0
Copa Sudamericana,2021,MEN,South America,GROUP_E,Group E,2021-05-26,Corinthians SP (BRA),River Plate (PAR),4,0,,,openfootball/south-america,https://raw.githubusercontent.com/openfootball/south-america/master/copa-libertadores/2021_copas.txt,UNKNOWN,HISTORICAL_REAL,3643abfac0967a7bda1187ce,H,4,False,True,False,False,False,False,0.3,2.0,1.4,1.4,6.0,2.0,2.0,2.2857142857142856,8.0,-2.0
Copa Sudamericana,2021,MEN,South America,GROUP_A,Group A,2021-05-26,Huachipato (CHI),San Lorenzo (ARG),0,3,,,openfootball/south-america,https://raw.githubusercontent.com/openfootball/south-america/master/copa-libertadores/2021_copas.txt,UNKNOWN,HISTORICAL_REAL,ead78a975158d65f0304aed2,A,3,False,False,True,False,False,False,0.3,1.3333333333333333,1.6,1.8,7.0,1.3333333333333333,0.8,0.8,6.0,1.0
Copa Sudamericana,2021,MEN,South America,GROUP_B,Group B,2021-05-26,Independiente (ARG),CD Guabirá (BOL),1,0,,,openfootball/south-america,https://raw.githubusercontent.com/openfootball/south-america/master/copa-libertadores/2021_copas.txt,UNKNOWN,HISTORICAL_REAL,f9602feff7788cc53435b771,H,1,False,True,False,False,False,False,0.3,1.6666666666666667,2.2,1.9,8.0,0.0,0.0,0.8571428571428571,6.0,2.0
Copa Libertadores,2021,MEN,South America,GROUP_STAGE,,2021-05-26,Internacional,Always Ready,0,0,,,ricardo-mattoss/Brazilian-Soccer-Data,https://github.com/ricardo-mattoss/Brazilian-Soccer-Data/blob/master/Data/Libertadores_Matches.csv,UNKNOWN,HISTORICAL_REAL,660b23222e250579e47b44a6,D,0,False,False,False,True,False,False,0.5,2.0,1.8,1.3,6.0,1.0,1.2,1.2,7.0,-1.0
Copa Libertadores,2021,MEN,South America,GROUP_STAGE,,2021-05-26,Nacional-URU,Argentinos Juniors,2,0,,,ricardo-mattoss/Brazilian-Soccer-Data,https://github.com/ricardo-mattoss/Brazilian-Soccer-Data/blob/master/Data/Libertadores_Matches.csv,UNKNOWN,HISTORICAL_REAL,2155904009dabded2ba99485,H,2,False,True,False,False,False,False,0.5,1.3333333333333333,1.0,1.0,8.0,2.0,2.4,2.4,6.0,2.0
Copa Libertadores,2021,MEN,South America,GROUP_STAGE,,2021-05-26,Olimpia-PAR,Deportivo Táchira,6,2,,,ricardo-mattoss/Brazilian-Soccer-Data,https://github.com/ricardo-mattoss/Brazilian-Soccer-Data/blob/master/Data/Libertadores_Matches.csv,UNKNOWN,HISTORICAL_REAL,a1d05d36f1667912e665e7a5,H,8,True,True,False,False,False,False,0.5,1.0,1.2,1.0,6.0,2.0,1.8,1.8,7.0,-1.0
Copa Sudamericana,2021,MEN,South America,GROUP_A,Group A,2021-05-26,Rosario Central (ARG),12 de Octubre de Itauguá (PAR),0,0,,,openfootball/south-america,https://raw.githubusercontent.com/openfootball/south-america/master/copa-libertadores/2021_copas.txt,UNKNOWN,HISTORICAL_REAL,902f215ecc50284852ecd392,D,0,False,False,False,True,False,False,0.3,2.3333333333333335,2.0,2.0,7.0,0.3333333333333333,1.0,1.0,6.0,1.0
Copa Sudamericana,2021,MEN,South America,GROUP_E,Group E,2021-05-26,Sport Huancayo (PER),Peñarol (URU),0,0,,,openfootball/south-america,https://raw.githubusercontent.com/openfootball/south-america/master/copa-libertadores/2021_copas.txt,UNKNOWN,HISTORICAL_REAL,71a1664ad2444e85dd22cbdc,D,0,False,False,False,True,False,False,0.3,0.0,0.0,1.0,6.0,2.0,2.4,2.0,8.0,-2.0
Copa Libertadores,2021,MEN,South America,GROUP_STAGE,,2021-05-26,Universidad Católica,Atlético Nacional,2,0,,,ricardo-mattoss/Brazilian-Soccer-Data,https://github.com/ricardo-mattoss/Brazilian-Soccer-Data/blob/master/Data/Libertadores_Matches.csv,UNKNOWN,HISTORICAL_REAL,428439a3d9210adf1fcfc39c,H,2,False,True,False,False,False,False,0.5,2.0,1.2,1.3,8.0,0.3333333333333333,1.0,1.0,6.0,2.0
Copa Sudamericana,2021,MEN,South America,GROUP_C,Group C,2021-05-27,Arsenal de Sarandí (ARG),Bolívar (BOL),3,1,,,openfootball/south-america,https://raw.githubusercontent.com/openfootball/south-america/master/copa-libertadores/2021_copas.txt,UNKNOWN,HISTORICAL_REAL,fdc125fb63b42b1864fb4d97,H,4,True,True,False,False,False,False,0.3,2.3333333333333335,1.6,1.6,8.0,0.6666666666666666,1.2,1.3333333333333333,7.0,1.0
Copa Sudamericana,2021,MEN,South America,GROUP_D,Group D,2021-05-27,Athletico Paranaense (BRA),Aucas (ECU),4,0,,,openfootball/south-america,https://raw.githubusercontent.com/openfootball/south-america/master/copa-libertadores/2021_copas.txt,UNKNOWN,HISTORICAL_REAL,d9e1e4e2e29e31f0b35dbf1b,H,4,False,True,False,False,False,False,0.3,2.0,2.4,2.4,8.0,2.0,1.2,1.6666666666666667,8.0,0.0
Copa Libertadores,2021,MEN,South America,GROUP_STAGE,,2021-05-27,Defensa y Justicia,Independiente del Valle,1,1,,,ricardo-mattoss/Brazilian-Soccer-Data,https://github.com/ricardo-mattoss/Brazilian-Soccer-Data/blob/master/Data/Libertadores_Matches.csv,UNKNOWN,HISTORICAL_REAL,78bf7a952e99e4588ad031d3,D,2,True,False,False,True,False,False,0.5,1.3333333333333333,1.6,1.4,9.0,1.0,0.8,0.9,9.0,0.0
Copa Sudamericana,2021,MEN,South America,GROUP_D,Group D,2021-05-27,FBC Melgar (PER),Metropolitanos FC (VEN),0,0,,,openfootball/south-america,https://raw.githubusercontent.com/openfootball/south-america/master/copa-libertadores/2021_copas.txt,UNKNOWN,HISTORICAL_REAL,e604dd02464e0bfed7cca324,D,0,False,False,False,True,False,False,0.3,1.0,1.8,2.1,8.0,1.0,0.6,1.2857142857142858,8.0,0.0
Copa Libertadores,2021,MEN,South America,GROUP_STAGE,,2021-05-27,Flamengo,Vélez Sarsfield,0,0,,,ricardo-mattoss/Brazilian-Soccer-Data,https://github.com/ricardo-mattoss/Brazilian-Soccer-Data/blob/master/Data/Libertadores_Matches.csv,UNKNOWN,HISTORICAL_REAL,5d3b2d1b85d8ee8c0bbed080,D,0,False,False,False,True,False,False,0.5,1.6666666666666667,2.2,2.2,8.0,3.0,1.8,1.8,8.0,0.0
Copa Sudamericana,2021,MEN,South America,GROUP_C,Group C,2021-05-27,Jorge Wilstermann (BOL),Ceará CE (BRA),1,0,,,openfootball/south-america,https://raw.githubusercontent.com/openfootball/south-america/master/copa-libertadores/2021_copas.txt,UNKNOWN,HISTORICAL_REAL,a6ef1170fb49e664de3cf61a,H,1,False,True,False,False,False,False,0.3,0.3333333333333333,0.4,1.1428571428571428,8.0,1.6666666666666667,1.8,1.8,7.0,1.0
Copa Libertadores,2021,MEN,South America,GROUP_STAGE,,2021-05-27,LDU,Unión La Calera,5,2,,,ricardo-mattoss/Brazilian-Soccer-Data,https://github.com/ricardo-mattoss/Brazilian-Soccer-Data/blob/master/Data/Libertadores_Matches.csv,UNKNOWN,HISTORICAL_REAL,13f133372e6d79094cd8aeda,H,7,True,True,False,False,False,False,0.5,0.3333333333333333,1.0,1.4,8.0,0.3333333333333333,0.4,0.4,8.0,0.0
Copa Sudamericana,2021,MEN,South America,GRUPPE_H,,2021-05-27,La Equidad (COL),Grêmio Porto Alegre (BRA),0,0,,,openfootball/south-america,https://raw.githubusercontent.com/openfootball/south-america/master/copa-libertadores/2021_copas.txt,UNKNOWN,HISTORICAL_REAL,ec7f8a61157b0dbf0bc60e0a,D,0,False,False,False,True,False,False,0.3,1.0,1.2,1.2857142857142858,7.0,3.0,3.0,3.0,7.0,0.0
Copa Sudamericana,2021,MEN,South America,GRUPPE_H,,2021-05-27,Lanús (ARG),Aragua FC (VEN),0,0,,,openfootball/south-america,https://raw.githubusercontent.com/openfootball/south-america/master/copa-libertadores/2021_copas.txt,UNKNOWN,HISTORICAL_REAL,f6d619b61a83321d381712d3,D,0,False,False,False,True,False,False,0.3,2.0,1.8,1.9,7.0,0.0,0.0,0.6666666666666666,7.0,0.0
Copa Libertadores,2021,MEN,South America,GROUP_STAGE,,2021-05-27,Palmeiras,Universitario-PER,6,0,,,ricardo-mattoss/Brazilian-Soccer-Data,https://github.com/ricardo-mattoss/Brazilian-Soccer-Data/blob/master/Data/Libertadores_Matches.csv,UNKNOWN,HISTORICAL_REAL,5e06a38c8b72e4cf519c15f2,H,6,False,True,False,False,False,False,0.5,2.0,2.4,2.5,9.0,1.3333333333333333,0.8,0.8,9.0,0.0
Copa Sudamericana,2021,MEN,South America,ROUND_OF_16,,2021-07-13,América de Cali (COL),Athletico Paranaense (BRA),0,1,,,openfootball/south-america,https://raw.githubusercontent.com/openfootball/south-america/master/copa-libertadores/2021_copas.txt,UNKNOWN,HISTORICAL_REAL,1ed714f87d9a61f8c7975b42,A,1,False,False,True,False,True,False,0.7,,,,,3.0,2.4,2.5,47.0,
Copa Libertadores,2021,MEN,South America,ROUND_OF_16,,2021-07-13,Boca Juniors,Atlético-MG,0,0,,,ricardo-mattoss/Brazilian-Soccer-Data,https://github.com/ricardo-mattoss/Brazilian-Soccer-Data/blob/master/Data/Libertadores_Matches.csv,UNKNOWN,HISTORICAL_REAL,f10ecf1da7b45e8c05be3247,D,0,False,False,False,True,True,False,0.7,1.3333333333333333,1.4,1.6,48.0,3.0,3.0,2.6666666666666665,49.0,-1.0
Copa Libertadores,2021,MEN,South America,ROUND_OF_16,,2021-07-13,Cerro Porteño,Fluminense,0,2,,,ricardo-mattoss/Brazilian-Soccer-Data,https://github.com/ricardo-mattoss/Brazilian-Soccer-Data/blob/master/Data/Libertadores_Matches.csv,UNKNOWN,HISTORICAL_REAL,4ea56804c7e73d94ccd7341f,A,2,False,False,True,False,True,False,0.7,2.0,1.4,1.6666666666666667,49.0,2.0,2.0,1.8333333333333333,49.0,0.0
Copa Sudamericana,2021,MEN,South America,ROUND_OF_16,,2021-07-13,LDU Quito (ECU),Grêmio Porto Alegre (BRA),0,1,,,openfootball/south-america,https://raw.githubusercontent.com/openfootball/south-america/master/copa-libertadores/2021_copas.txt,UNKNOWN,HISTORICAL_REAL,871f563d2618733513c37b59,A,1,False,False,True,False,True,False,0.7,,,,,2.3333333333333335,2.6,2.6666666666666665,47.0,
Copa Libertadores,2021,MEN,South America,ROUND_OF_16,,2021-07-13,São Paulo,Racing Club,1,1,,,ricardo-mattoss/Brazilian-Soccer-Data,https://github.com/ricardo-mattoss/Brazilian-Soccer-Data/blob/master/Data/Libertadores_Matches.csv,UNKNOWN,HISTORICAL_REAL,edc3096beb8982c86f5dadc0,D,2,True,False,False,True,True,False,0.7,1.3333333333333333,1.6,1.5,49.0,3.0,2.6,1.9,49.0,0.0
Copa Sudamericana,2021,MEN,South America,ROUND_OF_16,,2021-07-14,Atlético Junior (COL),Libertad (PAR),3,4,,,openfootball/south-america,https://raw.githubusercontent.com/openfootball/south-america/master/copa-libertadores/2021_copas.txt,UNKNOWN,HISTORICAL_REAL,a27d245e2af814b443da0904,A,7,True,False,True,False,True,False,0.7,2.0,2.0,2.1666666666666665,210.0,2.3333333333333335,2.0,2.1666666666666665,50.0,160.0
Copa Libertadores,2021,MEN,South America,ROUND_OF_16,,2021-07-14,Defensa y Justicia,Flamengo,0,1,,,ricardo-mattoss/Brazilian-Soccer-Data,https://github.com/ricardo-mattoss/Brazilian-Soccer-Data/blob/master/Data/Libertadores_Matches.csv,UNKNOWN,HISTORICAL_REAL,4dd2fb96d01f55d949edb481,A,1,False,False,True,False,True,False,0.7,1.6666666666666667,1.6,1.5,48.0,1.0,1.8,2.0,48.0,0.0
Copa Sudamericana,2021,MEN,South America,ROUND_OF_16,,2021-07-14,Independiente del Valle (ECU),Red Bull Bragantino (BRA),0,2,,,openfootball/south-america,https://raw.githubusercontent.com/openfootball/south-america/master/copa-libertadores/2021_copas.txt,UNKNOWN,HISTORICAL_REAL,a113027965d9cf0fa2a51f48,A,2,False,False,True,False,True,False,0.7,,,,,3.0,1.8,2.0,50.0,
Copa Libertadores,2021,MEN,South America,ROUND_OF_16,,2021-07-14,River Plate,Argentinos Juniors,1,1,,,ricardo-mattoss/Brazilian-Soccer-Data,https://github.com/ricardo-mattoss/Brazilian-Soccer-Data/blob/master/Data/Libertadores_Matches.csv,UNKNOWN,HISTORICAL_REAL,37b5c381a08ae2e42798bc6a,D,2,True,False,False,True,True,False,0.7,1.3333333333333333,1.6,1.9,50.0,1.0,1.8,2.0,49.0,1.0
Copa Sudamericana,2021,MEN,South America,ROUND_OF_16,,2021-07-14,Sporting Cristal (PER),Arsenal de Sarandí (ARG),2,1,,,openfootball/south-america,https://raw.githubusercontent.com/openfootball/south-america/master/copa-libertadores/2021_copas.txt,UNKNOWN,HISTORICAL_REAL,ce4dabdce531ecac645a381d,H,3,True,True,False,False,True,False,0.7,,,,,2.3333333333333335,2.2,1.8333333333333333,48.0,
Copa Libertadores,2021,MEN,South America,ROUND_OF_16,,2021-07-14,Universidad Católica,Palmeiras,0,1,,,ricardo-mattoss/Brazilian-Soccer-Data,https://github.com/ricardo-mattoss/Brazilian-Soccer-Data/blob/master/Data/Libertadores_Matches.csv,UNKNOWN,HISTORICAL_REAL,e48860fc19f9ea035ddb2f45,A,1,False,False,True,False,True,False,0.7,2.0,1.8,1.6,49.0,2.0,2.4,2.5,48.0,1.0
Copa Libertadores,2021,MEN,South America,ROUND_OF_16,,2021-07-14,Vélez Sarsfield,Barcelona-EQU,1,0,,,ricardo-mattoss/Brazilian-Soccer-Data,https://github.com/ricardo-mattoss/Brazilian-Soccer-Data/blob/master/Data/Libertadores_Matches.csv,UNKNOWN,HISTORICAL_REAL,bb6ce39a513b86c1426513e3,H,1,False,True,False,False,True,False,0.7,2.3333333333333335,2.0,1.6666666666666667,48.0,1.3333333333333333,2.0,1.6,49.0,-1.0
Copa Sudamericana,2021,MEN,South America,ROUND_OF_16,,2021-07-15,Deportivo Táchira (VEN),Rosario Central (ARG),2,2,,,openfootball/south-america,https://raw.githubusercontent.com/openfootball/south-america/master/copa-libertadores/2021_copas.txt,UNKNOWN,HISTORICAL_REAL,b2084d0c97bb27e0adc15f2c,D,4,True,False,False,True,True,False,0.7,,,,,2.3333333333333335,2.2,1.8333333333333333,50.0,
Copa Sudamericana,2021,MEN,South America,ROUND_OF_16,,2021-07-15,Nacional (URU),Peñarol (URU),1,2,,,openfootball/south-america,https://raw.githubusercontent.com/openfootball/south-america/master/copa-libertadores/2021_copas.txt,UNKNOWN,HISTORICAL_REAL,0fe4d471e8e68958840a9546,A,3,True,False,True,False,True,False,0.7,,,,,1.3333333333333333,2.0,1.9,50.0,
Copa Libertadores,2021,MEN,South America,ROUND_OF_16,,2021-07-15,Olimpia-PAR,Internacional,0,0,,,ricardo-mattoss/Brazilian-Soccer-Data,https://github.com/ricardo-mattoss/Brazilian-Soccer-Data/blob/master/Data/Libertadores_Matches.csv,UNKNOWN,HISTORICAL_REAL,63c361edc0ea51c4e8dae7c9,D,0,False,False,False,True,True,False,0.7,2.0,1.8,1.0,50.0,1.3333333333333333,2.0,1.4,50.0,0.0
Copa Sudamericana,2021,MEN,South America,ROUND_OF_16,,2021-07-15,Santos FC (BRA),Independiente (ARG),1,0,,,openfootball/south-america,https://raw.githubusercontent.com/openfootball/south-america/master/copa-libertadores/2021_copas.txt,UNKNOWN,HISTORICAL_REAL,76a6ebc2e03f5fc90c6382f0,H,1,False,True,False,False,True,False,0.7,,,,,2.3333333333333335,2.2,2.1,50.0,
Copa Sudamericana,2021,MEN,South America,ROUND_OF_16,,2021-07-20,Athletico Paranaense (BRA),América de Cali (COL),4,1,,,openfootball/south-america,https://raw.githubusercontent.com/openfootball/south-america/master/copa-libertadores/2021_copas.txt,UNKNOWN,HISTORICAL_REAL,039631f197ecd377fa281d3e,H,5,True,True,False,False,True,False,0.7,3.0,2.4,2.5714285714285716,7.0,0.0,0.0,0.0,7.0,0.0
Copa Libertadores,2021,MEN,South America,ROUND_OF_16,,2021-07-20,Atlético-MG,Boca Juniors,0,0,,,ricardo-mattoss/Brazilian-Soccer-Data,https://github.com/ricardo-mattoss/Brazilian-Soccer-Data/blob/master/Data/Libertadores_Matches.csv,UNKNOWN,HISTORICAL_REAL,e963a3a9c0e41d42469fd50e,D,0,False,False,False,True,True,False,0.7,2.3333333333333335,2.6,2.4285714285714284,7.0,1.6666666666666667,1.0,1.4,7.0,0.0
Copa Sudamericana,2021,MEN,South America,ROUND_OF_16,,2021-07-20,Grêmio Porto Alegre (BRA),LDU Quito (ECU),1,2,,,openfootball/south-america,https://raw.githubusercontent.com/openfootball/south-america/master/copa-libertadores/2021_copas.txt,UNKNOWN,HISTORICAL_REAL,1c4f810483215f9fdd389473,A,3,True,False,True,False,True,False,0.7,2.3333333333333335,2.6,2.7142857142857144,7.0,0.0,0.0,0.0,7.0,0.0
Copa Libertadores,2021,MEN,South America,ROUND_OF_16,,2021-07-20,Racing Club,São Paulo,1,3,,,ricardo-mattoss/Brazilian-Soccer-Data,https://github.com/ricardo-mattoss/Brazilian-Soccer-Data/blob/master/Data/Libertadores_Matches.csv,UNKNOWN,HISTORICAL_REAL,db1044278e61af27db77a580,A,4,True,False,True,False,True,False,0.7,2.3333333333333335,2.2,1.9,7.0,1.3333333333333333,1.2,1.5,7.0,0.0
Copa Libertadores,2021,MEN,South America,ROUND_OF_16,,2021-07-21,Argentinos Juniors,River Plate,0,2,,,ricardo-mattoss/Brazilian-Soccer-Data,https://github.com/ricardo-mattoss/Brazilian-Soccer-Data/blob/master/Data/Libertadores_Matches.csv,UNKNOWN,HISTORICAL_REAL,02a7fcfcbbd56d5e8626e6c1,A,2,False,False,True,False,True,False,0.7,1.3333333333333333,1.4,1.8571428571428572,7.0,1.3333333333333333,1.2,1.9,7.0,0.0
Copa Sudamericana,2021,MEN,South America,ROUND_OF_16,,2021-07-21,Arsenal de Sarandí (ARG),Sporting Cristal (PER),1,1,,,openfootball/south-america,https://raw.githubusercontent.com/openfootball/south-america/master/copa-libertadores/2021_copas.txt,UNKNOWN,HISTORICAL_REAL,4c86132556a98513b92edbc4,D,2,True,False,False,True,True,False,0.7,2.0,2.0,1.5714285714285714,7.0,3.0,3.0,3.0,7.0,0.0
Copa Libertadores,2021,MEN,South America,ROUND_OF_16,,2021-07-21,Barcelona-EQU,Vélez Sarsfield,3,1,,,ricardo-mattoss/Brazilian-Soccer-Data,https://github.com/ricardo-mattoss/Brazilian-Soccer-Data/blob/master/Data/Libertadores_Matches.csv,UNKNOWN,HISTORICAL_REAL,8aa168ca92afb1b8218fa8d0,H,4,True,True,False,False,True,False,0.7,1.3333333333333333,1.4,1.6,7.0,2.3333333333333335,2.6,1.8571428571428572,7.0,0.0
Copa Libertadores,2021,MEN,South America,ROUND_OF_16,,2021-07-21,Flamengo,Defensa y Justicia,4,1,,,ricardo-mattoss/Brazilian-Soccer-Data,https://github.com/ricardo-mattoss/Brazilian-Soccer-Data/blob/master/Data/Libertadores_Matches.csv,UNKNOWN,HISTORICAL_REAL,c175eb5a275bafb705794c87,H,5,True,True,False,False,True,False,0.7,1.6666666666666667,1.8,2.0,7.0,1.3333333333333333,1.0,1.2,7.0,0.0
Copa Sudamericana,2021,MEN,South America,ROUND_OF_16,,2021-07-21,Libertad (PAR),Atlético Junior (COL),0,1,,,openfootball/south-america,https://raw.githubusercontent.com/openfootball/south-america/master/copa-libertadores/2021_copas.txt,UNKNOWN,HISTORICAL_REAL,6ea4deb1af053bf8d33303a8,A,1,False,False,True,False,True,False,0.7,2.3333333333333335,2.0,2.2857142857142856,7.0,1.0,1.8,1.8571428571428572,7.0,0.0
Copa Libertadores,2021,MEN,South America,ROUND_OF_16,,2021-07-21,Palmeiras,Universidad Católica,1,0,,,ricardo-mattoss/Brazilian-Soccer-Data,https://github.com/ricardo-mattoss/Brazilian-Soccer-Data/blob/master/Data/Libertadores_Matches.csv,UNKNOWN,HISTORICAL_REAL,7dff2884845cfe4460f92e39,H,1,False,True,False,False,True,False,0.7,2.0,2.4,2.5,7.0,1.0,1.8,1.3,7.0,0.0
Copa Sudamericana,2021,MEN,South America,ROUND_OF_16,,2021-07-21,Red Bull Bragantino (BRA),Independiente del Valle (ECU),1,1,,,openfootball/south-america,https://raw.githubusercontent.com/openfootball/south-america/master/copa-libertadores/2021_copas.txt,UNKNOWN,HISTORICAL_REAL,77f39ab2e8514277912c9f01,D,2,True,False,False,True,True,False,0.7,3.0,2.4,2.142857142857143,7.0,0.0,0.0,0.0,7.0,0.0
Copa Sudamericana,2021,MEN,South America,ROUND_OF_16,,2021-07-22,Independiente (ARG),Santos FC (BRA),1,1,,,openfootball/south-america,https://raw.githubusercontent.com/openfootball/south-america/master/copa-libertadores/2021_copas.txt,UNKNOWN,HISTORICAL_REAL,8c766297aa3faa476dbeb36a,D,2,True,False,False,True,True,False,0.7,2.0,1.6,1.8,7.0,3.0,3.0,3.0,7.0,0.0
Copa Libertadores,2021,MEN,South America,ROUND_OF_16,,2021-07-22,Internacional,Olimpia-PAR,0,0,,,ricardo-mattoss/Brazilian-Soccer-Data,https://github.com/ricardo-mattoss/Brazilian-Soccer-Data/blob/master/Data/Libertadores_Matches.csv,UNKNOWN,HISTORICAL_REAL,bdb1b8ba2ec852de53f57e2f,D,0,False,False,False,True,True,False,0.7,1.6666666666666667,1.6,1.4,7.0,1.3333333333333333,1.4,1.0,7.0,0.0
Copa Sudamericana,2021,MEN,South America,ROUND_OF_16,,2021-07-22,Peñarol (URU),Nacional (URU),0,1,,,openfootball/south-america,https://raw.githubusercontent.com/openfootball/south-america/master/copa-libertadores/2021_copas.txt,UNKNOWN,HISTORICAL_REAL,b5ee461a26285fa5f97e2d5d,A,1,False,False,True,False,True,False,0.7,1.3333333333333333,2.0,2.1,7.0,0.0,0.0,0.0,7.0,0.0
Copa Sudamericana,2021,MEN,South America,ROUND_OF_16,,2021-07-22,Rosario Central (ARG),Deportivo Táchira (VEN),1,0,,,openfootball/south-america,https://raw.githubusercontent.com/openfootball/south-america/master/copa-libertadores/2021_copas.txt,UNKNOWN,HISTORICAL_REAL,ad9bcb1ed99735db15d1654f,H,1,False,True,False,False,True,False,0.7,1.6666666666666667,1.8,1.7142857142857142,7.0,1.0,1.0,1.0,7.0,0.0
Copa Libertadores,2021,MEN,South America,ROUND_OF_16,,2021-08-03,Fluminense,Cerro Porteño,1,0,,,ricardo-mattoss/Brazilian-Soccer-Data,https://github.com/ricardo-mattoss/Brazilian-Soccer-Data/blob/master/Data/Libertadores_Matches.csv,UNKNOWN,HISTORICAL_REAL,5c05761ee9e325d6cbbe2165,H,1,False,True,False,False,True,False,0.7,2.0,2.0,2.0,21.0,1.0,1.2,1.4285714285714286,21.0,0.0
Copa Sudamericana,2021,MEN,South America,QUARTERFINAL,,2021-08-10,Rosario Central (ARG),Red Bull Bragantino (BRA),3,4,,,openfootball/south-america,https://raw.githubusercontent.com/openfootball/south-america/master/copa-libertadores/2021_copas.txt,UNKNOWN,HISTORICAL_REAL,ab93c1c7331f5725fe472f55,A,7,True,False,True,False,True,False,0.8,1.6666666666666667,2.2,1.875,19.0,2.3333333333333335,2.6,2.0,20.0,-1.0
Copa Libertadores,2021,MEN,South America,QUARTERFINAL,,2021-08-10,São Paulo,Palmeiras,1,1,,,ricardo-mattoss/Brazilian-Soccer-Data,https://github.com/ricardo-mattoss/Brazilian-Soccer-Data/blob/master/Data/Libertadores_Matches.csv,UNKNOWN,HISTORICAL_REAL,f05a718f181759e8079651fd,D,2,True,False,False,True,True,False,0.8,2.3333333333333335,1.6,1.8,21.0,3.0,2.4,2.5,20.0,1.0
Copa Libertadores,2021,MEN,South America,QUARTERFINAL,,2021-08-11,Olimpia-PAR,Flamengo,1,4,,,ricardo-mattoss/Brazilian-Soccer-Data,https://github.com/ricardo-mattoss/Brazilian-Soccer-Data/blob/master/Data/Libertadores_Matches.csv,UNKNOWN,HISTORICAL_REAL,8acdf85fefeefda4be314623,A,5,True,False,True,False,True,False,0.8,1.6666666666666667,1.6,1.1,20.0,2.3333333333333335,1.8,2.0,21.0,-1.0
Copa Libertadores,2021,MEN,South America,QUARTERFINAL,,2021-08-11,River Plate,Atlético-MG,0,1,,,ricardo-mattoss/Brazilian-Soccer-Data,https://github.com/ricardo-mattoss/Brazilian-Soccer-Data/blob/master/Data/Libertadores_Matches.csv,UNKNOWN,HISTORICAL_REAL,0b9e1539bf058036ca6bfee9,A,1,False,False,True,False,True,False,0.8,1.3333333333333333,1.6,1.9,21.0,1.6666666666666667,2.2,2.25,22.0,-1.0
Copa Sudamericana,2021,MEN,South America,QUARTERFINAL,,2021-08-11,Sporting Cristal (PER),Peñarol (URU),1,3,,,openfootball/south-america,https://raw.githubusercontent.com/openfootball/south-america/master/copa-libertadores/2021_copas.txt,UNKNOWN,HISTORICAL_REAL,26a2eb32a8e503419d10fe64,A,4,True,False,True,False,True,False,0.8,2.0,2.0,2.0,21.0,1.3333333333333333,1.4,2.0,20.0,1.0
Copa Libertadores,2021,MEN,South America,QUARTERFINAL,,2021-08-12,Fluminense,Barcelona-EQU,2,2,,,ricardo-mattoss/Brazilian-Soccer-Data,https://github.com/ricardo-mattoss/Brazilian-Soccer-Data/blob/master/Data/Libertadores_Matches.csv,UNKNOWN,HISTORICAL_REAL,2c793aaeb21551b329d15161,D,4,True,False,False,True,True,False,0.8,3.0,2.4,2.125,9.0,2.0,1.4,1.9,22.0,-13.0
Copa Sudamericana,2021,MEN,South America,QUARTERFINAL,,2021-08-12,LDU Quito (ECU),Athletico Paranaense (BRA),1,0,,,openfootball/south-america,https://raw.githubusercontent.com/openfootball/south-america/master/copa-libertadores/2021_copas.txt,UNKNOWN,HISTORICAL_REAL,792be189d8ab10e92d6f5fd2,H,1,False,True,False,False,True,False,0.8,1.5,1.5,1.5,23.0,3.0,3.0,2.625,23.0,0.0
Copa Sudamericana,2021,MEN,South America,QUARTERFINAL,,2021-08-12,Santos FC (BRA),Libertad (PAR),2,1,,,openfootball/south-america,https://raw.githubusercontent.com/openfootball/south-america/master/copa-libertadores/2021_copas.txt,UNKNOWN,HISTORICAL_REAL,e441dbdc63c94b6550571e5b,H,3,True,True,False,False,True,False,0.8,2.0,2.0,2.0,21.0,2.0,2.0,2.0,22.0,-1.0
Copa Libertadores,2021,MEN,South America,QUARTERFINAL,,2021-08-17,Palmeiras,São Paulo,3,0,,,ricardo-mattoss/Brazilian-Soccer-Data,https://github.com/ricardo-mattoss/Brazilian-Soccer-Data/blob/master/Data/Libertadores_Matches.csv,UNKNOWN,HISTORICAL_REAL,e9d1b59bff77cc24be64fa7c,H,3,False,True,False,False,True,False,0.8,2.3333333333333335,2.0,2.5,7.0,1.6666666666666667,1.6,1.9,7.0,0.0
Copa Sudamericana,2021,MEN,South America,QUARTERFINAL,,2021-08-17,Red Bull Bragantino (BRA),Rosario Central (ARG),1,0,,,openfootball/south-america,https://raw.githubusercontent.com/openfootball/south-america/master/copa-libertadores/2021_copas.txt,UNKNOWN,HISTORICAL_REAL,2dff95677dd1ba486a33f87c,H,1,False,True,False,False,True,False,0.8,2.3333333333333335,2.6,2.111111111111111,7.0,1.3333333333333333,1.6,1.6666666666666667,7.0,0.0
Copa Libertadores,2021,MEN,South America,QUARTERFINAL,,2021-08-18,Atlético-MG,River Plate,3,0,,,ricardo-mattoss/Brazilian-Soccer-Data,https://github.com/ricardo-mattoss/Brazilian-Soccer-Data/blob/master/Data/Libertadores_Matches.csv,UNKNOWN,HISTORICAL_REAL,55710f9983a4d755257a0b84,H,3,False,True,False,False,True,False,0.8,1.6666666666666667,2.2,2.3333333333333335,7.0,1.3333333333333333,1.4,1.6,7.0,0.0
Copa Libertadores,2021,MEN,South America,QUARTERFINAL,,2021-08-18,Flamengo,Olimpia-PAR,5,1,,,ricardo-mattoss/Brazilian-Soccer-Data,https://github.com/ricardo-mattoss/Brazilian-Soccer-Data/blob/master/Data/Libertadores_Matches.csv,UNKNOWN,HISTORICAL_REAL,a0eb27f173f1503c4bb12739,H,6,True,True,False,False,True,False,0.8,3.0,2.2,2.2,7.0,0.6666666666666666,1.0,1.1,7.0,0.0
Copa Sudamericana,2021,MEN,South America,QUARTERFINAL,,2021-08-18,Peñarol (URU),Sporting Cristal (PER),1,0,,,openfootball/south-america,https://raw.githubusercontent.com/openfootball/south-america/master/copa-libertadores/2021_copas.txt,UNKNOWN,HISTORICAL_REAL,2182d87285208c1eaa57b27d,H,1,False,True,False,False,True,False,0.8,2.0,1.4,2.2,7.0,1.3333333333333333,1.3333333333333333,1.3333333333333333,7.0,0.0
Copa Sudamericana,2021,MEN,South America,QUARTERFINAL,,2021-08-19,Athletico Paranaense (BRA),LDU Quito (ECU),4,2,,,openfootball/south-america,https://raw.githubusercontent.com/openfootball/south-america/master/copa-libertadores/2021_copas.txt,UNKNOWN,HISTORICAL_REAL,1c000bd023a8a83b45a1a807,H,6,True,True,False,False,True,False,0.8,2.0,2.4,2.3333333333333335,7.0,2.0,2.0,2.0,7.0,0.0
Copa Libertadores,2021,MEN,South America,QUARTERFINAL,,2021-08-19,Barcelona-EQU,Fluminense,1,1,,,ricardo-mattoss/Brazilian-Soccer-Data,https://github.com/ricardo-mattoss/Brazilian-Soccer-Data/blob/master/Data/Libertadores_Matches.csv,UNKNOWN,HISTORICAL_REAL,007e31715bbd00843e5592cc,D,2,True,False,False,True,True,False,0.8,1.3333333333333333,1.6,1.7,7.0,2.3333333333333335,2.0,2.0,7.0,0.0
Copa Sudamericana,2021,MEN,South America,QUARTERFINAL,,2021-08-19,Libertad (PAR),Santos FC (BRA),1,0,,,openfootball/south-america,https://raw.githubusercontent.com/openfootball/south-america/master/copa-libertadores/2021_copas.txt,UNKNOWN,HISTORICAL_REAL,b65714e5338fe9dc21ab7ba1,H,1,False,True,False,False,True,False,0.8,1.0,1.4,1.7777777777777777,7.0,2.3333333333333335,2.3333333333333335,2.3333333333333335,7.0,0.0
Copa Libertadores,2021,MEN,South America,SEMIFINAL,,2021-09-21,Palmeiras,Atlético-MG,0,0,,,ricardo-mattoss/Brazilian-Soccer-Data,https://github.com/ricardo-mattoss/Brazilian-Soccer-Data/blob/master/Data/Libertadores_Matches.csv,UNKNOWN,HISTORICAL_REAL,ce6ea7de8f4a3e1f1d7086fd,D,0,False,False,False,True,True,False,0.9,2.3333333333333335,2.6,2.5,35.0,2.3333333333333335,2.2,2.4,34.0,1.0
Copa Libertadores,2021,MEN,South America,SEMIFINAL,,2021-09-22,Flamengo,Barcelona-EQU,2,0,,,ricardo-mattoss/Brazilian-Soccer-Data,https://github.com/ricardo-mattoss/Brazilian-Soccer-Data/blob/master/Data/Libertadores_Matches.csv,UNKNOWN,HISTORICAL_REAL,a6bdf7db806f0dee0df128a6,H,2,False,True,False,False,True,False,0.9,3.0,2.6,2.4,35.0,1.6666666666666667,1.6,1.8,34.0,1.0
Copa Sudamericana,2021,MEN,South America,SEMIFINAL,,2021-09-22,Red Bull Bragantino (BRA),Libertad (PAR),2,0,,,openfootball/south-america,https://raw.githubusercontent.com/openfootball/south-america/master/copa-libertadores/2021_copas.txt,UNKNOWN,HISTORICAL_REAL,45eec2e236669253c0c1faf6,H,2,False,True,False,False,True,False,0.9,2.3333333333333335,2.6,2.2,36.0,1.0,1.8,1.9,34.0,2.0
Copa Sudamericana,2021,MEN,South America,SEMIFINAL,,2021-09-23,Peñarol (URU),Athletico Paranaense (BRA),1,2,,,openfootball/south-america,https://raw.githubusercontent.com/openfootball/south-america/master/copa-libertadores/2021_copas.txt,UNKNOWN,HISTORICAL_REAL,29c01a976b6e8c05addb31d9,A,3,True,False,True,False,True,False,0.9,2.0,2.0,2.2,36.0,2.0,2.4,2.4,35.0,1.0
Copa Libertadores,2021,MEN,South America,SEMIFINAL,,2021-09-28,Atlético-MG,Palmeiras,1,1,,,ricardo-mattoss/Brazilian-Soccer-Data,https://github.com/ricardo-mattoss/Brazilian-Soccer-Data/blob/master/Data/Libertadores_Matches.csv,UNKNOWN,HISTORICAL_REAL,541c16a9d439b8cb73702f45,D,2,True,False,False,True,True,False,0.9,2.3333333333333335,1.8,2.4,7.0,1.6666666666666667,2.2,2.3,7.0,0.0
Copa Libertadores,2021,MEN,South America,SEMIFINAL,,2021-09-29,Barcelona-EQU,Flamengo,0,2,,,ricardo-mattoss/Brazilian-Soccer-Data,https://github.com/ricardo-mattoss/Brazilian-Soccer-Data/blob/master/Data/Libertadores_Matches.csv,UNKNOWN,HISTORICAL_REAL,c6d0dde1cb218780cd833f6f,A,2,False,False,True,False,True,False,0.9,0.6666666666666666,1.0,1.5,7.0,3.0,3.0,2.4,7.0,0.0
Copa Sudamericana,2021,MEN,South America,SEMIFINAL,,2021-09-29,Libertad (PAR),Red Bull Bragantino (BRA),1,3,,,openfootball/south-america,https://raw.githubusercontent.com/openfootball/south-america/master/copa-libertadores/2021_copas.txt,UNKNOWN,HISTORICAL_REAL,05dc6853489994eb556e22f8,A,4,True,False,True,False,True,False,0.9,1.0,1.2,1.6,7.0,3.0,2.6,2.2,7.0,0.0
Copa Sudamericana,2021,MEN,South America,SEMIFINAL,,2021-09-30,Athletico Paranaense (BRA),Peñarol (URU),2,0,,,openfootball/south-america,https://raw.githubusercontent.com/openfootball/south-america/master/copa-libertadores/2021_copas.txt,UNKNOWN,HISTORICAL_REAL,090d88b36fadffdc528b1a2f,H,2,False,True,False,False,True,False,0.9,2.0,2.4,2.4,7.0,2.0,1.8,1.9,7.0,0.0
Copa Sudamericana,2021,MEN,South America,FINAL,,2021-11-20,Athletico Paranaense (BRA),Red Bull Bragantino (BRA),1,0,,,openfootball/south-america,https://raw.githubusercontent.com/openfootball/south-america/master/copa-libertadores/2021_copas.txt,UNKNOWN,HISTORICAL_REAL,714be4848a4e4349a8d17479,H,1,False,True,False,False,False,True,1.0,3.0,2.4,2.4,51.0,3.0,2.6,2.5,52.0,-1.0
Copa Sudamericana,2022,MEN,South America,PRELIMINARY,,2022-03-08,Cienciano (PER),FBC Melgar (PER),1,1,,,openfootball/south-america,https://raw.githubusercontent.com/openfootball/south-america/master/copa-libertadores/2022_copas.txt,UNKNOWN,HISTORICAL_REAL,b097a83796d91b8288972c1d,D,2,True,False,False,True,False,False,0.3,,,,,0.3333333333333333,1.4,1.9,285.0,
Copa Sudamericana,2022,MEN,South America,PRELIMINARY,,2022-03-08,Estudiantes de Mérida (VEN),Metropolitanos FC (VEN),0,2,,,openfootball/south-america,https://raw.githubusercontent.com/openfootball/south-america/master/copa-libertadores/2022_copas.txt,UNKNOWN,HISTORICAL_REAL,7717965b08e0754f300590c9,A,2,False,False,True,False,False,False,0.3,0.0,0.0,0.0,488.0,0.3333333333333333,0.8,1.25,285.0,203.0
Copa Sudamericana,2022,MEN,South America,PRELIMINARY,,2022-03-08,Royal Pari (BOL),Oriente Petrolero (BOL),2,3,,,openfootball/south-america,https://raw.githubusercontent.com/openfootball/south-america/master/copa-libertadores/2022_copas.txt,UNKNOWN,HISTORICAL_REAL,e50a9c480f4ec5486a113dd4,A,5,True,False,True,False,False,False,0.3,,,,,0.5,0.5,0.5,748.0,
Copa Sudamericana,2022,MEN,South America,PRELIMINARY,,2022-03-08,Sol de América (PAR),General Caballero DJLM (PAR),0,3,,,openfootball/south-america,https://raw.githubusercontent.com/openfootball/south-america/master/copa-libertadores/2022_copas.txt,UNKNOWN,HISTORICAL_REAL,c1d42914f4a73c7486792cac,A,3,False,False,True,False,False,False,0.3,1.3333333333333333,1.75,1.75,488.0,,,,,
Copa Sudamericana,2022,MEN,South America,PRELIMINARY,,2022-03-08,Ñublense (CHI),Unión La Calera (CHI),0,0,,,openfootball/south-america,https://raw.githubusercontent.com/openfootball/south-america/master/copa-libertadores/2022_copas.txt,UNKNOWN,HISTORICAL_REAL,697b48dc10f7aa24bbb60a38,D,0,False,False,False,True,False,False,0.3,,,,,0.3333333333333333,0.6,0.6666666666666666,460.0,
Copa Sudamericana,2022,MEN,South America,PRELIMINARY,,2022-03-09,Ayacucho FC (PER),Sport Boys (PER),2,0,,,openfootball/south-america,https://raw.githubusercontent.com/openfootball/south-america/master/copa-libertadores/2022_copas.txt,UNKNOWN,HISTORICAL_REAL,f63f4e3aa49cddf124e203bb,H,2,False,True,False,False,False,False,0.3,,,,,,,,,
Copa Sudamericana,2022,MEN,South America,PRELIMINARY,,2022-03-09,Independiente Medellín (COL),América de Cali (COL),2,1,,,openfootball/south-america,https://raw.githubusercontent.com/openfootball/south-america/master/copa-libertadores/2022_copas.txt,UNKNOWN,HISTORICAL_REAL,c037f76bffd9680ffdfda9d9,H,3,True,True,False,False,False,False,0.3,,,,,0.0,0.0,0.0,232.0,
Copa Sudamericana,2022,MEN,South America,PRELIMINARY,,2022-03-09,Liverpool (URU),River Plate (URU),0,1,,,openfootball/south-america,https://raw.githubusercontent.com/openfootball/south-america/master/copa-libertadores/2022_copas.txt,UNKNOWN,HISTORICAL_REAL,64a25b0111f7237f82343930,A,1,False,False,True,False,False,False,0.3,1.3333333333333333,1.75,1.75,491.0,2.0,1.4,1.625,461.0,30.0
Copa Sudamericana,2022,MEN,South America,PRELIMINARY,,2022-03-09,Mushuc Runa (ECU),LDU Quito (ECU),0,2,,,openfootball/south-america,https://raw.githubusercontent.com/openfootball/south-america/master/copa-libertadores/2022_copas.txt,UNKNOWN,HISTORICAL_REAL,b936a0478af0306cf386ee90,A,2,False,False,True,False,False,False,0.3,,,,,2.0,1.5,1.5,202.0,
Copa Sudamericana,2022,MEN,South America,PRELIMINARY,,2022-03-10,Club Nacional (PAR),Guaireña FC (PAR),0,1,,,openfootball/south-america,https://raw.githubusercontent.com/openfootball/south-america/master/copa-libertadores/2022_copas.txt,UNKNOWN,HISTORICAL_REAL,30be989ef66330a8916b704b,A,1,False,False,True,False,False,False,0.3,0.6666666666666666,0.5,0.5,338.0,0.0,0.0,0.0,336.0,2.0
Copa Sudamericana,2022,MEN,South America,PRELIMINARY,,2022-03-10,Delfín SC (ECU),9 de Octubre (ECU),1,1,,,openfootball/south-america,https://raw.githubusercontent.com/openfootball/south-america/master/copa-libertadores/2022_copas.txt,UNKNOWN,HISTORICAL_REAL,9aaad53148a4d33684e7b0b8,D,2,True,False,False,True,False,False,0.3,,,,,,,,,
Copa Sudamericana,2022,MEN,South America,PRELIMINARY,,2022-03-10,Hermanos Colmenarez (VEN),Deportivo La Guaira (VEN),2,0,,,openfootball/south-america,https://raw.githubusercontent.com/openfootball/south-america/master/copa-libertadores/2022_copas.txt,UNKNOWN,HISTORICAL_REAL,44904f8208102d0f8089acfd,H,2,False,True,False,False,False,False,0.3,,,,,,,,,
Copa Sudamericana,2022,MEN,South America,PRELIMINARY,,2022-03-10,Jorge Wilstermann (BOL),CD Guabirá (BOL),4,0,,,openfootball/south-america,https://raw.githubusercontent.com/openfootball/south-america/master/copa-libertadores/2022_copas.txt,UNKNOWN,HISTORICAL_REAL,cacb749520bf58e8d0777e9a,H,4,False,True,False,False,False,False,0.3,1.3333333333333333,1.0,1.375,287.0,0.0,0.0,0.75,288.0,-1.0
Copa Sudamericana,2022,MEN,South America,PRELIMINARY,,2022-03-10,La Equidad (COL),Atlético Junior (COL),0,0,,,openfootball/south-america,https://raw.githubusercontent.com/openfootball/south-america/master/copa-libertadores/2022_copas.txt,UNKNOWN,HISTORICAL_REAL,f2d1496036dc6d81e27fc513,D,0,False,False,False,True,False,False,0.3,1.3333333333333333,1.4,1.25,287.0,2.0,1.8,2.0,232.0,55.0
Copa Sudamericana,2022,MEN,South America,PRELIMINARY,,2022-03-10,Montevideo Wanderers (URU),Cerro Largo (URU),2,1,,,openfootball/south-america,https://raw.githubusercontent.com/openfootball/south-america/master/copa-libertadores/2022_copas.txt,UNKNOWN,HISTORICAL_REAL,51bbf11d6142b3dfef079248,H,3,True,True,False,False,False,False,0.3,,,,,0.5,0.5,0.5,331.0,
Copa Sudamericana,2022,MEN,South America,PRELIMINARY,,2022-03-10,Unión Española (CHI),Antofagasta (CHI),1,2,,,openfootball/south-america,https://raw.githubusercontent.com/openfootball/south-america/master/copa-libertadores/2022_copas.txt,UNKNOWN,HISTORICAL_REAL,b7a59f673c1f850db1b89307,A,3,True,False,True,False,False,False,0.3,,,,,0.0,0.0,0.0,338.0,
Copa Sudamericana,2022,MEN,South America,PRELIMINARY,,2022-03-15,FBC Melgar (PER),Cienciano (PER),1,0,,,openfootball/south-america,https://raw.githubusercontent.com/openfootball/south-america/master/copa-libertadores/2022_copas.txt,UNKNOWN,HISTORICAL_REAL,2cb81e4d79d9b15241a0eff3,H,1,False,True,False,False,False,False,0.3,0.6666666666666666,1.0,1.7,7.0,1.0,1.0,1.0,7.0,0.0
Copa Sudamericana,2022,MEN,South America,PRELIMINARY,,2022-03-15,General Caballero DJLM (PAR),Sol de América (PAR),2,1,,,openfootball/south-america,https://raw.githubusercontent.com/openfootball/south-america/master/copa-libertadores/2022_copas.txt,UNKNOWN,HISTORICAL_REAL,5709e13da1133669f0c21edb,H,3,True,True,False,False,False,False,0.3,3.0,3.0,3.0,7.0,0.3333333333333333,1.4,1.4,7.0,0.0
Copa Sudamericana,2022,MEN,South America,PRELIMINARY,,2022-03-15,Metropolitanos FC (VEN),Estudiantes de Mérida (VEN),4,0,,,openfootball/south-america,https://raw.githubusercontent.com/openfootball/south-america/master/copa-libertadores/2022_copas.txt,UNKNOWN,HISTORICAL_REAL,4d85a277451b13c00b75ebb9,H,4,False,True,False,False,False,False,0.3,1.3333333333333333,1.4,1.4444444444444444,7.0,0.0,0.0,0.0,7.0,0.0
Copa Sudamericana,2022,MEN,South America,PRELIMINARY,,2022-03-15,Oriente Petrolero (BOL),Royal Pari (BOL),3,0,,,openfootball/south-america,https://raw.githubusercontent.com/openfootball/south-america/master/copa-libertadores/2022_copas.txt,UNKNOWN,HISTORICAL_REAL,6e292b17ff669685fd5f1fc5,H,3,False,True,False,False,False,False,0.3,1.3333333333333333,1.3333333333333333,1.3333333333333333,7.0,0.0,0.0,0.0,7.0,0.0
Copa Sudamericana,2022,MEN,South America,PRELIMINARY,,2022-03-15,Unión La Calera (CHI),Ñublense (CHI),2,1,,,openfootball/south-america,https://raw.githubusercontent.com/openfootball/south-america/master/copa-libertadores/2022_copas.txt,UNKNOWN,HISTORICAL_REAL,02556e990ab447c1928094f8,H,3,True,True,False,False,False,False,0.3,0.3333333333333333,0.6,0.7142857142857143,7.0,1.0,1.0,1.0,7.0,0.0
Copa Sudamericana,2022,MEN,South America,PRELIMINARY,,2022-03-16,América de Cali (COL),Independiente Medellín (COL),1,3,,,openfootball/south-america,https://raw.githubusercontent.com/openfootball/south-america/master/copa-libertadores/2022_copas.txt,UNKNOWN,HISTORICAL_REAL,fcad0eefb759b3f2abf2543a,A,4,True,False,True,False,False,False,0.3,0.0,0.0,0.0,7.0,3.0,3.0,3.0,7.0,0.0
Copa Sudamericana,2022,MEN,South America,PRELIMINARY,,2022-03-16,LDU Quito (ECU),Mushuc Runa (ECU),1,1,,,openfootball/south-america,https://raw.githubusercontent.com/openfootball/south-america/master/copa-libertadores/2022_copas.txt,UNKNOWN,HISTORICAL_REAL,bb3d9bde1d3f9c9cb053ce74,D,2,True,False,False,True,False,False,0.3,2.0,1.8,1.8,7.0,0.0,0.0,0.0,7.0,0.0
Copa Sudamericana,2022,MEN,South America,PRELIMINARY,,2022-03-16,River Plate (URU),Liverpool (URU),2,0,,,openfootball/south-america,https://raw.githubusercontent.com/openfootball/south-america/master/copa-libertadores/2022_copas.txt,UNKNOWN,HISTORICAL_REAL,ddc525b94cbf5b03d78ade5e,H,2,False,True,False,False,False,False,0.3,2.0,2.0,1.7777777777777777,7.0,0.3333333333333333,1.4,1.4,7.0,0.0
Copa Sudamericana,2022,MEN,South America,PRELIMINARY,,2022-03-16,Sport Boys (PER),Ayacucho FC (PER),3,2,,,openfootball/south-america,https://raw.githubusercontent.com/openfootball/south-america/master/copa-libertadores/2022_copas.txt,UNKNOWN,HISTORICAL_REAL,3ca1d84a0776f82008f7a9cf,H,5,True,True,False,False,False,False,0.3,0.0,0.0,0.0,7.0,3.0,3.0,3.0,7.0,0.0
Copa Sudamericana,2022,MEN,South America,PRELIMINARY,,2022-03-17,9 de Octubre (ECU),Delfín SC (ECU),2,0,,,openfootball/south-america,https://raw.githubusercontent.com/openfootball/south-america/master/copa-libertadores/2022_copas.txt,UNKNOWN,HISTORICAL_REAL,eb5466b25833d85746b044eb,H,2,False,True,False,False,False,False,0.3,1.0,1.0,1.0,7.0,1.0,1.0,1.0,7.0,0.0
Copa Sudamericana,2022,MEN,South America,PRELIMINARY,,2022-03-17,Antofagasta (CHI),Unión Española (CHI),4,1,,,openfootball/south-america,https://raw.githubusercontent.com/openfootball/south-america/master/copa-libertadores/2022_copas.txt,UNKNOWN,HISTORICAL_REAL,6169615ec9166ab0eb186adf,H,5,True,True,False,False,False,False,0.3,1.0,1.0,1.0,7.0,0.0,0.0,0.0,7.0,0.0
Copa Sudamericana,2022,MEN,South America,PRELIMINARY,,2022-03-17,Atlético Junior (COL),La Equidad (COL),3,1,,,openfootball/south-america,https://raw.githubusercontent.com/openfootball/south-america/master/copa-libertadores/2022_copas.txt,UNKNOWN,HISTORICAL_REAL,65b131b62f2862552d785393,H,4,True,True,False,False,False,False,0.3,1.3333333333333333,1.4,1.8888888888888888,7.0,0.6666666666666666,1.0,1.2222222222222223,7.0,0.0
Copa Sudamericana,2022,MEN,South America,PRELIMINARY,,2022-03-17,CD Guabirá (BOL),Jorge Wilstermann (BOL),3,0,,,openfootball/south-america,https://raw.githubusercontent.com/openfootball/south-america/master/copa-libertadores/2022_copas.txt,UNKNOWN,HISTORICAL_REAL,69c7d47d1b915acf2c93d2c9,H,3,False,True,False,False,False,False,0.3,0.0,0.0,0.6666666666666666,7.0,2.0,1.4,1.5555555555555556,7.0,0.0
Copa Sudamericana,2022,MEN,South America,PRELIMINARY,,2022-03-17,Cerro Largo (URU),Montevideo Wanderers (URU),0,1,,,openfootball/south-america,https://raw.githubusercontent.com/openfootball/south-america/master/copa-libertadores/2022_copas.txt,UNKNOWN,HISTORICAL_REAL,31f169d699b1433d20e5b2cc,A,1,False,False,True,False,False,False,0.3,0.3333333333333333,0.3333333333333333,0.3333333333333333,7.0,3.0,3.0,3.0,7.0,0.0
Copa Sudamericana,2022,MEN,South America,PRELIMINARY,,2022-03-17,Deportivo La Guaira (VEN),Hermanos Colmenarez (VEN),3,0,,,openfootball/south-america,https://raw.githubusercontent.com/openfootball/south-america/master/copa-libertadores/2022_copas.txt,UNKNOWN,HISTORICAL_REAL,d8bb4c9c9d699f0df12ac536,H,3,False,True,False,False,False,False,0.3,0.0,0.0,0.0,7.0,3.0,3.0,3.0,7.0,0.0
Copa Sudamericana,2022,MEN,South America,PRELIMINARY,,2022-03-17,Guaireña FC (PAR),Club Nacional (PAR),0,0,,,openfootball/south-america,https://raw.githubusercontent.com/openfootball/south-america/master/copa-libertadores/2022_copas.txt,UNKNOWN,HISTORICAL_REAL,e149d9804a8ebff51b6fbc19,D,0,False,False,False,True,False,False,0.3,1.0,1.0,1.0,7.0,0.6666666666666666,0.4,0.4,7.0,0.0
Copa Libertadores,2022,MEN,South America,GROUP_STAGE,,2022-04-05,Always Ready,Corinthians,2,0,,,ricardo-mattoss/Brazilian-Soccer-Data,https://github.com/ricardo-mattoss/Brazilian-Soccer-Data/blob/master/Data/Libertadores_Matches.csv,UNKNOWN,HISTORICAL_REAL,eac7d6f98aa036d4ffb93ad1,H,2,False,True,False,False,False,False,0.5,0.3333333333333333,0.8,1.1666666666666667,314.0,,,,,
Copa Sudamericana,2022,MEN,South America,GROUP_F,Group F,2022-04-05,Atlético Goianiense (BRA),LDU Quito (ECU),4,0,,,openfootball/south-america,https://raw.githubusercontent.com/openfootball/south-america/master/copa-libertadores/2022_copas.txt,UNKNOWN,HISTORICAL_REAL,4304c6e7da7be22d9bb70208,H,4,False,True,False,False,False,False,0.3,1.0,1.8,1.6666666666666667,315.0,1.3333333333333333,2.0,1.6666666666666667,20.0,295.0
Copa Sudamericana,2022,MEN,South America,GROUP_C,Group C,2022-04-05,Banfield (ARG),Santos FC (BRA),1,0,,,openfootball/south-america,https://raw.githubusercontent.com/openfootball/south-america/master/copa-libertadores/2022_copas.txt,UNKNOWN,HISTORICAL_REAL,8c8cc40e5dc0506652a9d93b,H,1,False,True,False,False,False,False,0.3,,,,,1.3333333333333333,1.75,1.75,229.0,
Copa Libertadores,2022,MEN,South America,GROUP_STAGE,,2022-04-05,Caracas,Athletico,0,0,,,ricardo-mattoss/Brazilian-Soccer-Data,https://github.com/ricardo-mattoss/Brazilian-Soccer-Data/blob/master/Data/Libertadores_Matches.csv,UNKNOWN,HISTORICAL_REAL,dcfeef08b1a45a520a201b8e,D,0,False,False,False,True,False,False,0.5,1.0,1.2,1.1666666666666667,530.0,0.3333333333333333,1.0,1.375,490.0,40.0
Copa Sudamericana,2022,MEN,South America,GRUPPE_G,,2022-04-05,Ceará CE (BRA),Independiente (ARG),2,1,,,openfootball/south-america,https://raw.githubusercontent.com/openfootball/south-america/master/copa-libertadores/2022_copas.txt,UNKNOWN,HISTORICAL_REAL,be8a7b0790c45f359cd935ac,H,3,True,True,False,False,False,False,0.3,1.3333333333333333,1.2,1.5,313.0,1.3333333333333333,1.6,1.6,257.0,56.0
Copa Libertadores,2022,MEN,South America,GROUP_STAGE,,2022-04-05,Colón,Peñarol,2,1,,,ricardo-mattoss/Brazilian-Soccer-Data,https://github.com/ricardo-mattoss/Brazilian-Soccer-Data/blob/master/Data/Libertadores_Matches.csv,UNKNOWN,HISTORICAL_REAL,16991f04e0f7565251f9a1b8,H,3,True,True,False,False,False,False,0.5,,,,,2.0,1.8,1.5,532.0,
Copa Libertadores,2022,MEN,South America,GROUP_STAGE,,2022-04-05,Deportivo Cali,Boca Juniors,2,0,,,ricardo-mattoss/Brazilian-Soccer-Data,https://github.com/ricardo-mattoss/Brazilian-Soccer-Data/blob/master/Data/Libertadores_Matches.csv,UNKNOWN,HISTORICAL_REAL,16b15817f48f5184d14f445a,H,2,False,True,False,False,False,False,0.5,,,,,1.6666666666666667,1.2,1.5,259.0,
Copa Sudamericana,2022,MEN,South America,GROUP_D,Group D,2022-04-05,Everton (CHI),Jorge Wilstermann (BOL),1,1,,,openfootball/south-america,https://raw.githubusercontent.com/openfootball/south-america/master/copa-libertadores/2022_copas.txt,UNKNOWN,HISTORICAL_REAL,c2a13e92571505f9f232bfaa,D,2,True,False,False,True,False,False,0.3,,,,,2.0,1.4,1.4,19.0,
Copa Libertadores,2022,MEN,South America,GROUP_STAGE,,2022-04-05,Olimpia-PAR,Cerro Porteño,0,0,,,ricardo-mattoss/Brazilian-Soccer-Data,https://github.com/ricardo-mattoss/Brazilian-Soccer-Data/blob/master/Data/Libertadores_Matches.csv,UNKNOWN,HISTORICAL_REAL,1e1feff457be113b6be249a3,D,0,False,False,False,True,False,False,0.5,0.3333333333333333,1.0,1.1,230.0,1.0,1.2,1.25,245.0,-15.0
Copa Libertadores,2022,MEN,South America,GROUP_STAGE,,2022-04-05,Sporting Cristal,Flamengo,0,2,,,ricardo-mattoss/Brazilian-Soccer-Data,https://github.com/ricardo-mattoss/Brazilian-Soccer-Data/blob/master/Data/Libertadores_Matches.csv,UNKNOWN,HISTORICAL_REAL,fe293827e337bf2f175f0bc6,A,2,False,False,True,False,False,False,0.5,1.0,0.8,0.6666666666666666,315.0,3.0,3.0,2.4,188.0,127.0
Copa Sudamericana,2022,MEN,South America,GROUP_C,Group C,2022-04-05,Universidad Catolica (ECU),Unión La Calera (CHI),0,0,,,openfootball/south-america,https://raw.githubusercontent.com/openfootball/south-america/master/copa-libertadores/2022_copas.txt,UNKNOWN,HISTORICAL_REAL,77b417a11ee1a3b033ba7ff2,D,0,False,False,False,True,False,False,0.3,1.5,1.5,1.5,769.0,1.3333333333333333,1.0,1.0,21.0,748.0
Copa Sudamericana,2022,MEN,South America,GROUP_E,Group E,2022-04-06,9 de Octubre (ECU),Internacional (BRA),2,2,,,openfootball/south-america,https://raw.githubusercontent.com/openfootball/south-america/master/copa-libertadores/2022_copas.txt,UNKNOWN,HISTORICAL_REAL,3e158bd6b3033c049d15707d,D,4,True,False,False,True,False,False,0.3,2.0,2.0,2.0,20.0,,,,,
Copa Libertadores,2022,MEN,South America,GROUP_STAGE,,2022-04-06,Alianza Lima,River Plate,0,1,,,ricardo-mattoss/Brazilian-Soccer-Data,https://github.com/ricardo-mattoss/Brazilian-Soccer-Data/blob/master/Data/Libertadores_Matches.csv,UNKNOWN,HISTORICAL_REAL,cdda971ce9d705a43e5cde53,A,1,False,False,True,False,False,False,0.5,0.3333333333333333,0.2,0.16666666666666666,532.0,1.0,0.8,1.3,231.0,301.0
Copa Libertadores,2022,MEN,South America,GROUP_STAGE,,2022-04-06,América-MG,Independiente del Valle,0,2,,,ricardo-mattoss/Brazilian-Soccer-Data,https://github.com/ricardo-mattoss/Brazilian-Soccer-Data/blob/master/Data/Libertadores_Matches.csv,UNKNOWN,HISTORICAL_REAL,0d68984c89096a69edfeb0a4,A,2,False,False,True,False,False,False,0.5,,,,,0.3333333333333333,0.8,1.0,314.0,
Copa Sudamericana,2022,MEN,South America,GROUP_F,Group F,2022-04-06,Antofagasta (CHI),Defensa y Justicia (ARG),1,3,,,openfootball/south-america,https://raw.githubusercontent.com/openfootball/south-america/master/copa-libertadores/2022_copas.txt,UNKNOWN,HISTORICAL_REAL,0daa9e58326df26c9a651adc,A,4,True,False,True,False,False,False,0.3,2.0,1.5,1.5,20.0,3.0,2.2,2.3333333333333335,476.0,-456.0
Copa Libertadores,2022,MEN,South America,GROUP_STAGE,,2022-04-06,Deportivo Táchira,Palmeiras,0,4,,,ricardo-mattoss/Brazilian-Soccer-Data,https://github.com/ricardo-mattoss/Brazilian-Soccer-Data/blob/master/Data/Libertadores_Matches.csv,UNKNOWN,HISTORICAL_REAL,cebe6c71102cbb3bdf971b11,A,4,False,False,True,False,False,False,0.5,2.0,1.2,1.5,315.0,1.6666666666666667,1.8,2.1,190.0,125.0
Copa Sudamericana,2022,MEN,South America,GRUPPE_H,,2022-04-06,Fluminense RJ (BRA),Oriente Petrolero (BOL),3,0,,,openfootball/south-america,https://raw.githubusercontent.com/openfootball/south-america/master/copa-libertadores/2022_copas.txt,UNKNOWN,HISTORICAL_REAL,79141f60bc8cdadfd357581d,H,3,False,True,False,False,False,False,0.3,1.0,1.0,1.0,778.0,2.3333333333333335,1.75,1.75,22.0,756.0
Copa Sudamericana,2022,MEN,South America,GRUPPE_G,,2022-04-06,General Caballero DJLM (PAR),Deportivo La Guaira (VEN),1,1,,,openfootball/south-america,https://raw.githubusercontent.com/openfootball/south-america/master/copa-libertadores/2022_copas.txt,UNKNOWN,HISTORICAL_REAL,b9ed1e2afe9534ff7dea1787,D,2,True,False,False,True,False,False,0.3,3.0,3.0,3.0,22.0,1.5,1.5,1.5,20.0,2.0
Copa Libertadores,2022,MEN,South America,GROUP_STAGE,,2022-04-06,Independiente Petrolero,Emelec,1,1,,,ricardo-mattoss/Brazilian-Soccer-Data,https://github.com/ricardo-mattoss/Brazilian-Soccer-Data/blob/master/Data/Libertadores_Matches.csv,UNKNOWN,HISTORICAL_REAL,5e68ead174708e2925538a73,D,2,True,False,False,True,False,False,0.5,,,,,,,,,
Copa Libertadores,2022,MEN,South America,GROUP_STAGE,,2022-04-06,Red Bull Bragantino,Nacional-URU,2,0,,,ricardo-mattoss/Brazilian-Soccer-Data,https://github.com/ricardo-mattoss/Brazilian-Soccer-Data/blob/master/Data/Libertadores_Matches.csv,UNKNOWN,HISTORICAL_REAL,377d674d7ce8a23f988670d2,H,2,False,True,False,False,False,False,0.5,,,,,2.3333333333333335,1.6,1.0,315.0,
Copa Libertadores,2022,MEN,South America,GROUP_STAGE,,2022-04-06,Talleres,Universidad Católica,1,0,,,ricardo-mattoss/Brazilian-Soccer-Data,https://github.com/ricardo-mattoss/Brazilian-Soccer-Data/blob/master/Data/Libertadores_Matches.csv,UNKNOWN,HISTORICAL_REAL,c917e34242f42fa308bd547b,H,1,False,True,False,False,False,False,0.5,,,,,1.0,1.2,1.2,259.0,
Copa Libertadores,2022,MEN,South America,GROUP_STAGE,,2022-04-06,Tolima,Atlético-MG,0,2,,,ricardo-mattoss/Brazilian-Soccer-Data,https://github.com/ricardo-mattoss/Brazilian-Soccer-Data/blob/master/Data/Libertadores_Matches.csv,UNKNOWN,HISTORICAL_REAL,d1bedbcc3ef29941a1dc4bde,A,2,False,False,True,False,False,False,0.5,,,,,1.6666666666666667,1.8,2.2,190.0,
Copa Sudamericana,2022,MEN,South America,GRUPPE_H,,2022-04-06,Unión de Santa Fe (ARG),Atlético Junior (COL),1,1,,,openfootball/south-america,https://raw.githubusercontent.com/openfootball/south-america/master/copa-libertadores/2022_copas.txt,UNKNOWN,HISTORICAL_REAL,6cd4c6e1b22b1ec7f8589580,D,2,True,False,False,True,False,False,0.3,1.3333333333333333,0.8,1.1666666666666667,491.0,2.3333333333333335,2.0,2.0,20.0,471.0
Copa Sudamericana,2022,MEN,South America,GROUP_D,Group D,2022-04-07,Ayacucho FC (PER),São Paulo FC (BRA),2,3,,,openfootball/south-america,https://raw.githubusercontent.com/openfootball/south-america/master/copa-libertadores/2022_copas.txt,UNKNOWN,HISTORICAL_REAL,5d8628d3ad253b9f93598033,A,5,True,False,True,False,False,False,0.3,1.5,1.5,1.5,22.0,1.5,1.5,1.5,519.0,-497.0
Copa Sudamericana,2022,MEN,South America,GROUP_A,Group A,2022-04-07,Barcelona (ECU),Montevideo Wanderers (URU),4,2,,,openfootball/south-america,https://raw.githubusercontent.com/openfootball/south-america/master/copa-libertadores/2022_copas.txt,UNKNOWN,HISTORICAL_REAL,885bb168da04e59f05a77696,H,6,True,True,False,False,False,False,0.3,,,,,3.0,3.0,3.0,21.0,
Copa Sudamericana,2022,MEN,South America,GROUP_B,Group B,2022-04-07,Cuiabá MT (BRA),FBC Melgar (PER),2,0,,,openfootball/south-america,https://raw.githubusercontent.com/openfootball/south-america/master/copa-libertadores/2022_copas.txt,UNKNOWN,HISTORICAL_REAL,c689ceeb7e48ed9b00602df0,H,2,False,True,False,False,False,False,0.3,,,,,1.6666666666666667,1.0,2.0,23.0,
Copa Libertadores,2022,MEN,South America,GROUP_STAGE,,2022-04-07,Estudiantes,Vélez Sarsfield,4,1,,,ricardo-mattoss/Brazilian-Soccer-Data,https://github.com/ricardo-mattoss/Brazilian-Soccer-Data/blob/master/Data/Libertadores_Matches.csv,UNKNOWN,HISTORICAL_REAL,25b1cfcb36031b9cca48dc28,H,5,True,True,False,False,False,False,0.5,,,,,1.3333333333333333,2.0,1.625,260.0,
Copa Libertadores,2022,MEN,South America,GROUP_STAGE,,2022-04-07,Fortaleza,Colo-Colo,1,2,,,ricardo-mattoss/Brazilian-Soccer-Data,https://github.com/ricardo-mattoss/Brazilian-Soccer-Data/blob/master/Data/Libertadores_Matches.csv,UNKNOWN,HISTORICAL_REAL,d9784f7e29e5810fc81e59dc,A,3,True,False,True,False,False,False,0.5,,,,,0.0,1.2,1.0,534.0,
Copa Sudamericana,2022,MEN,South America,GROUP_E,Group E,2022-04-07,Guaireña FC (PAR),Independiente Medellín (COL),3,3,,,openfootball/south-america,https://raw.githubusercontent.com/openfootball/south-america/master/copa-libertadores/2022_copas.txt,UNKNOWN,HISTORICAL_REAL,9975d86b3de30ad3e871c01a,D,6,True,False,False,True,False,False,0.3,1.3333333333333333,1.0,1.0,21.0,3.0,3.0,3.0,22.0,-1.0
Copa Sudamericana,2022,MEN,South America,GROUP_A,Group A,2022-04-07,Metropolitanos FC (VEN),Lanús (ARG),0,0,,,openfootball/south-america,https://raw.githubusercontent.com/openfootball/south-america/master/copa-libertadores/2022_copas.txt,UNKNOWN,HISTORICAL_REAL,62fcd2c068d07abe898b81e1,D,0,False,False,False,True,False,False,0.3,2.3333333333333335,1.4,1.6,23.0,1.3333333333333333,1.4,2.0,315.0,-292.0
Copa Sudamericana,2022,MEN,South America,GROUP_B,Group B,2022-04-07,River Plate (URU),Racing Club (ARG),0,1,,,openfootball/south-america,https://raw.githubusercontent.com/openfootball/south-america/master/copa-libertadores/2022_copas.txt,UNKNOWN,HISTORICAL_REAL,ab873aed6e7e9f1dee268917,A,1,False,False,True,False,False,False,0.3,3.0,2.4,1.9,22.0,,,,,
Copa Libertadores,2022,MEN,South America,GROUP_STAGE,,2022-04-07,The Strongest,Libertad-PAR,1,1,,,ricardo-mattoss/Brazilian-Soccer-Data,https://github.com/ricardo-mattoss/Brazilian-Soccer-Data/blob/master/Data/Libertadores_Matches.csv,UNKNOWN,HISTORICAL_REAL,d04decdb2bc6e404b695d17d,D,2,True,False,False,True,False,False,0.5,2.0,1.2,1.0,316.0,1.3333333333333333,1.4,1.4,478.0,-162.0
Copa Libertadores,2022,MEN,South America,GROUP_STAGE,,2022-04-12,Boca Juniors,Always Ready,2,0,,,ricardo-mattoss/Brazilian-Soccer-Data,https://github.com/ricardo-mattoss/Brazilian-Soccer-Data/blob/master/Data/Libertadores_Matches.csv,UNKNOWN,HISTORICAL_REAL,6646ae14d4ebf5250c6d2d26,H,2,False,True,False,False,False,False,0.5,0.6666666666666666,1.2,1.5,7.0,1.3333333333333333,1.4,1.4285714285714286,7.0,0.0
Copa Libertadores,2022,MEN,South America,GROUP_STAGE,,2022-04-12,Cerro Porteño,Colón,3,1,,,ricardo-mattoss/Brazilian-Soccer-Data,https://github.com/ricardo-mattoss/Brazilian-Soccer-Data/blob/master/Data/Libertadores_Matches.csv,UNKNOWN,HISTORICAL_REAL,338bfca24050dbeb9cfc667c,H,4,True,True,False,False,False,False,0.5,0.3333333333333333,0.8,1.2222222222222223,7.0,3.0,3.0,3.0,7.0,0.0
Copa Sudamericana,2022,MEN,South America,GROUP_F,Group F,2022-04-12,Defensa y Justicia (ARG),Atlético Goianiense (BRA),0,1,,,openfootball/south-america,https://raw.githubusercontent.com/openfootball/south-america/master/copa-libertadores/2022_copas.txt,UNKNOWN,HISTORICAL_REAL,1315055437732493f8325835,A,1,False,False,True,False,False,False,0.3,3.0,2.6,2.4,6.0,1.6666666666666667,1.8,1.8571428571428572,7.0,-1.0
Copa Sudamericana,2022,MEN,South America,GRUPPE_G,,2022-04-12,Deportivo La Guaira (VEN),Ceará CE (BRA),0,2,,,openfootball/south-america,https://raw.githubusercontent.com/openfootball/south-america/master/copa-libertadores/2022_copas.txt,UNKNOWN,HISTORICAL_REAL,a59ee8640dd6d7fabfb51064,A,2,False,False,True,False,False,False,0.3,1.3333333333333333,1.3333333333333333,1.3333333333333333,6.0,2.0,1.6,1.7142857142857142,7.0,-1.0
Copa Libertadores,2022,MEN,South America,GROUP_STAGE,,2022-04-12,Flamengo,Talleres,3,1,,,ricardo-mattoss/Brazilian-Soccer-Data,https://github.com/ricardo-mattoss/Brazilian-Soccer-Data/blob/master/Data/Libertadores_Matches.csv,UNKNOWN,HISTORICAL_REAL,1b4fd0ebec9c3a0cb0a1593a,H,4,True,True,False,False,False,False,0.5,3.0,3.0,2.4,7.0,3.0,3.0,3.0,6.0,1.0
Copa Sudamericana,2022,MEN,South America,GRUPPE_G,,2022-04-12,Independiente (ARG),General Caballero DJLM (PAR),2,0,,,openfootball/south-america,https://raw.githubusercontent.com/openfootball/south-america/master/copa-libertadores/2022_copas.txt,UNKNOWN,HISTORICAL_REAL,2219fd12076fd58c5515dc86,H,2,False,True,False,False,False,False,0.3,0.3333333333333333,1.4,1.5,7.0,2.3333333333333335,2.3333333333333335,2.3333333333333335,6.0,1.0
Copa Sudamericana,2022,MEN,South America,GROUP_F,Group F,2022-04-12,LDU Quito (ECU),Antofagasta (CHI),4,0,,,openfootball/south-america,https://raw.githubusercontent.com/openfootball/south-america/master/copa-libertadores/2022_copas.txt,UNKNOWN,HISTORICAL_REAL,0416e01fcf9ba28aca016a1f,H,4,False,True,False,False,False,False,0.3,1.3333333333333333,1.4,1.4285714285714286,7.0,2.0,1.2,1.2,6.0,1.0
Copa Sudamericana,2022,MEN,South America,GRUPPE_H,,2022-04-12,Oriente Petrolero (BOL),Unión de Santa Fe (ARG),1,3,,,openfootball/south-america,https://raw.githubusercontent.com/openfootball/south-america/master/copa-libertadores/2022_copas.txt,UNKNOWN,HISTORICAL_REAL,49b42d3fd8af8d701c5dca85,A,4,True,False,True,False,False,False,0.3,2.0,1.4,1.4,6.0,0.6666666666666666,1.0,1.1428571428571428,6.0,0.0
Copa Libertadores,2022,MEN,South America,GROUP_STAGE,,2022-04-12,Palmeiras,Independiente Petrolero,8,1,,,ricardo-mattoss/Brazilian-Soccer-Data,https://github.com/ricardo-mattoss/Brazilian-Soccer-Data/blob/master/Data/Libertadores_Matches.csv,UNKNOWN,HISTORICAL_REAL,de8de7c5fe6ad9e6768649ab,H,9,True,True,False,False,False,False,0.5,1.6666666666666667,1.8,2.1,6.0,1.0,1.0,1.0,6.0,0.0
Copa Libertadores,2022,MEN,South America,GROUP_STAGE,,2022-04-12,Peñarol,Olimpia-PAR,2,1,,,ricardo-mattoss/Brazilian-Soccer-Data,https://github.com/ricardo-mattoss/Brazilian-Soccer-Data/blob/master/Data/Libertadores_Matches.csv,UNKNOWN,HISTORICAL_REAL,e79728277e733e52dbbf8fef,H,3,True,True,False,False,False,False,0.5,2.0,1.2,1.2857142857142858,7.0,0.3333333333333333,0.6,1.2,7.0,0.0
Copa Libertadores,2022,MEN,South America,GROUP_STAGE,,2022-04-12,Universidad Católica,Sporting Cristal,2,1,,,ricardo-mattoss/Brazilian-Soccer-Data,https://github.com/ricardo-mattoss/Brazilian-Soccer-Data/blob/master/Data/Libertadores_Matches.csv,UNKNOWN,HISTORICAL_REAL,f0c7588cee433a0d1a9cca8b,H,3,True,True,False,False,False,False,0.5,0.0,0.6,1.2,6.0,1.0,0.8,0.5714285714285714,7.0,-1.0
Copa Sudamericana,2022,MEN,South America,GRUPPE_H,,2022-04-13,Atlético Junior (COL),Fluminense RJ (BRA),3,0,,,openfootball/south-america,https://raw.githubusercontent.com/openfootball/south-america/master/copa-libertadores/2022_copas.txt,UNKNOWN,HISTORICAL_REAL,a3cc8805c97056e99585f09f,H,3,False,True,False,False,False,False,0.3,1.6666666666666667,1.6,1.8,7.0,1.6666666666666667,1.6666666666666667,1.6666666666666667,7.0,0.0
Copa Libertadores,2022,MEN,South America,GROUP_STAGE,,2022-04-13,Atlético-MG,América-MG,1,1,,,ricardo-mattoss/Brazilian-Soccer-Data,https://github.com/ricardo-mattoss/Brazilian-Soccer-Data/blob/master/Data/Libertadores_Matches.csv,UNKNOWN,HISTORICAL_REAL,3a09a0921465366a4f474151,D,2,True,False,False,True,False,False,0.5,1.6666666666666667,2.2,2.2,7.0,0.0,0.0,0.0,7.0,0.0
Copa Libertadores,2022,MEN,South America,GROUP_STAGE,,2022-04-13,Colo-Colo,Alianza Lima,2,1,,,ricardo-mattoss/Brazilian-Soccer-Data,https://github.com/ricardo-mattoss/Brazilian-Soccer-Data/blob/master/Data/Libertadores_Matches.csv,UNKNOWN,HISTORICAL_REAL,cfd8197a3d6e02bc23baa07b,H,3,True,True,False,False,False,False,0.5,1.0,1.2,1.2857142857142858,6.0,0.3333333333333333,0.2,0.14285714285714285,7.0,-1.0
Copa Libertadores,2022,MEN,South America,GROUP_STAGE,,2022-04-13,Corinthians,Deportivo Cali,1,0,,,ricardo-mattoss/Brazilian-Soccer-Data,https://github.com/ricardo-mattoss/Brazilian-Soccer-Data/blob/master/Data/Libertadores_Matches.csv,UNKNOWN,HISTORICAL_REAL,858f7cfe2afbe737a0cdbf27,H,1,False,True,False,False,False,False,0.5,0.0,0.0,0.0,8.0,3.0,3.0,3.0,8.0,0.0
Copa Sudamericana,2022,MEN,South America,GROUP_B,Group B,2022-04-13,FBC Melgar (PER),River Plate (URU),2,0,,,openfootball/south-america,https://raw.githubusercontent.com/openfootball/south-america/master/copa-libertadores/2022_copas.txt,UNKNOWN,HISTORICAL_REAL,44c598f478bee3ed03012a53,H,2,False,True,False,False,False,False,0.3,1.3333333333333333,1.0,1.7,6.0,2.0,1.8,1.6,6.0,0.0
Copa Libertadores,2022,MEN,South America,GROUP_STAGE,,2022-04-13,Independiente del Valle,Tolima,2,2,,,ricardo-mattoss/Brazilian-Soccer-Data,https://github.com/ricardo-mattoss/Brazilian-Soccer-Data/blob/master/Data/Libertadores_Matches.csv,UNKNOWN,HISTORICAL_REAL,0ed0edd91df891d30e4cb080,D,4,True,False,False,True,False,False,0.5,1.3333333333333333,1.4,1.3,7.0,0.0,0.0,0.0,7.0,0.0
Copa Sudamericana,2022,MEN,South America,GROUP_D,Group D,2022-04-13,Jorge Wilstermann (BOL),Ayacucho FC (PER),0,2,,,openfootball/south-america,https://raw.githubusercontent.com/openfootball/south-america/master/copa-libertadores/2022_copas.txt,UNKNOWN,HISTORICAL_REAL,c99739c5a4a27aa7a590bcc6,A,2,False,False,True,False,False,False,0.3,1.3333333333333333,1.4,1.2,8.0,1.0,1.0,1.0,6.0,2.0
Copa Libertadores,2022,MEN,South America,GROUP_STAGE,,2022-04-13,Libertad-PAR,Caracas,2,1,,,ricardo-mattoss/Brazilian-Soccer-Data,https://github.com/ricardo-mattoss/Brazilian-Soccer-Data/blob/master/Data/Libertadores_Matches.csv,UNKNOWN,HISTORICAL_REAL,8140ec10d8dc1c010ea41235,H,3,True,True,False,False,False,False,0.5,0.6666666666666666,1.6,1.2,6.0,0.3333333333333333,1.4,1.1428571428571428,8.0,-2.0
Copa Libertadores,2022,MEN,South America,GROUP_STAGE,,2022-04-13,Nacional-URU,Estudiantes,0,0,,,ricardo-mattoss/Brazilian-Soccer-Data,https://github.com/ricardo-mattoss/Brazilian-Soccer-Data/blob/master/Data/Libertadores_Matches.csv,UNKNOWN,HISTORICAL_REAL,61820e52efc740e0f05b71e8,D,0,False,False,False,True,False,False,0.5,2.0,1.4,0.9,7.0,3.0,3.0,3.0,6.0,1.0
Copa Sudamericana,2022,MEN,South America,GROUP_B,Group B,2022-04-13,Racing Club (ARG),Cuiabá MT (BRA),2,0,,,openfootball/south-america,https://raw.githubusercontent.com/openfootball/south-america/master/copa-libertadores/2022_copas.txt,UNKNOWN,HISTORICAL_REAL,4e1ad8a03011e58b25507593,H,2,False,True,False,False,False,False,0.3,3.0,3.0,3.0,6.0,3.0,3.0,3.0,6.0,0.0
Copa Libertadores,2022,MEN,South America,GROUP_STAGE,,2022-04-13,River Plate,Fortaleza,2,0,,,ricardo-mattoss/Brazilian-Soccer-Data,https://github.com/ricardo-mattoss/Brazilian-Soccer-Data/blob/master/Data/Libertadores_Matches.csv,UNKNOWN,HISTORICAL_REAL,82a58ad6ec0b1d921eae4919,H,2,False,True,False,False,False,False,0.5,1.0,1.4,1.5,7.0,0.0,0.0,0.0,6.0,1.0
Copa Sudamericana,2022,MEN,South America,GROUP_C,Group C,2022-04-13,Santos FC (BRA),Universidad Catolica (ECU),3,2,,,openfootball/south-america,https://raw.githubusercontent.com/openfootball/south-america/master/copa-libertadores/2022_copas.txt,UNKNOWN,HISTORICAL_REAL,1ea533375b1c4ef5ae9e1aaa,H,5,True,True,False,False,False,False,0.3,1.0,1.4,1.4,8.0,1.3333333333333333,1.3333333333333333,1.3333333333333333,8.0,0.0
Copa Libertadores,2022,MEN,South America,GROUP_STAGE,,2022-04-14,Athletico,The Strongest,1,0,,,ricardo-mattoss/Brazilian-Soccer-Data,https://github.com/ricardo-mattoss/Brazilian-Soccer-Data/blob/master/Data/Libertadores_Matches.csv,UNKNOWN,HISTORICAL_REAL,40fc70c9e36c31d96587745f,H,1,False,True,False,False,False,False,0.5,0.6666666666666666,0.6,1.3333333333333333,9.0,1.3333333333333333,1.4,1.0,7.0,2.0
Copa Libertadores,2022,MEN,South America,GROUP_STAGE,,2022-04-14,Emelec,Deportivo Táchira,1,1,,,ricardo-mattoss/Brazilian-Soccer-Data,https://github.com/ricardo-mattoss/Brazilian-Soccer-Data/blob/master/Data/Libertadores_Matches.csv,UNKNOWN,HISTORICAL_REAL,9d616379305ebd6060b987a1,D,2,True,False,False,True,False,False,0.5,1.0,1.0,1.0,8.0,1.0,1.2,1.2857142857142858,8.0,0.0
Copa Sudamericana,2022,MEN,South America,GROUP_E,Group E,2022-04-14,Independiente Medellín (COL),9 de Octubre (ECU),2,1,,,openfootball/south-america,https://raw.githubusercontent.com/openfootball/south-america/master/copa-libertadores/2022_copas.txt,UNKNOWN,HISTORICAL_REAL,af38b268ee0327112cb4950d,H,3,True,True,False,False,False,False,0.3,2.3333333333333335,2.3333333333333335,2.3333333333333335,7.0,1.6666666666666667,1.6666666666666667,1.6666666666666667,8.0,-1.0
Copa Sudamericana,2022,MEN,South America,GROUP_E,Group E,2022-04-14,Internacional (BRA),Guaireña FC (PAR),1,1,,,openfootball/south-america,https://raw.githubusercontent.com/openfootball/south-america/master/copa-libertadores/2022_copas.txt,UNKNOWN,HISTORICAL_REAL,44c0fcd769c3139251890e73,D,2,True,False,False,True,False,False,0.3,1.0,1.0,1.0,8.0,1.6666666666666667,1.0,1.0,7.0,1.0
Copa Sudamericana,2022,MEN,South America,GROUP_A,Group A,2022-04-14,Lanús (ARG),Barcelona (ECU),3,1,,,openfootball/south-america,https://raw.githubusercontent.com/openfootball/south-america/master/copa-libertadores/2022_copas.txt,UNKNOWN,HISTORICAL_REAL,15d8190b22c670bfcede7be4,H,4,True,True,False,False,False,False,0.3,1.6666666666666667,1.6,1.8,7.0,3.0,3.0,3.0,7.0,0.0
Copa Sudamericana,2022,MEN,South America,GROUP_A,Group A,2022-04-14,Montevideo Wanderers (URU),Metropolitanos FC (VEN),1,1,,,openfootball/south-america,https://raw.githubusercontent.com/openfootball/south-america/master/copa-libertadores/2022_copas.txt,UNKNOWN,HISTORICAL_REAL,5b71aa5911a3c7ea2e9f271c,D,2,True,False,False,True,False,False,0.3,2.0,2.0,2.0,7.0,2.3333333333333335,1.6,1.4,7.0,0.0
Copa Sudamericana,2022,MEN,South America,GROUP_D,Group D,2022-04-14,São Paulo FC (BRA),Everton (CHI),2,0,,,openfootball/south-america,https://raw.githubusercontent.com/openfootball/south-america/master/copa-libertadores/2022_copas.txt,UNKNOWN,HISTORICAL_REAL,d4714dd6a5e3f8c4bc0f2284,H,2,False,True,False,False,False,False,0.3,2.0,2.0,2.0,7.0,1.0,1.0,1.0,9.0,-2.0
Copa Sudamericana,2022,MEN,South America,GROUP_C,Group C,2022-04-14,Unión La Calera (CHI),Banfield (ARG),1,0,,,openfootball/south-america,https://raw.githubusercontent.com/openfootball/south-america/master/copa-libertadores/2022_copas.txt,UNKNOWN,HISTORICAL_REAL,d3caf3dd07c3c0bbeb7bc9c2,H,1,False,True,False,False,False,False,0.3,1.6666666666666667,1.0,1.0,9.0,3.0,3.0,3.0,9.0,0.0
Copa Libertadores,2022,MEN,South America,GROUP_STAGE,,2022-04-14,Vélez Sarsfield,Red Bull Bragantino,2,2,,,ricardo-mattoss/Brazilian-Soccer-Data,https://github.com/ricardo-mattoss/Brazilian-Soccer-Data/blob/master/Data/Libertadores_Matches.csv,UNKNOWN,HISTORICAL_REAL,a34614030cc4fcb8a9ef01f3,D,4,True,False,False,True,False,False,0.5,1.0,1.4,1.4444444444444444,7.0,3.0,3.0,3.0,8.0,-1.0
Copa Libertadores,2022,MEN,South America,GROUP_STAGE,,2022-04-26,Corinthians,Boca Juniors,2,0,,,ricardo-mattoss/Brazilian-Soccer-Data,https://github.com/ricardo-mattoss/Brazilian-Soccer-Data/blob/master/Data/Libertadores_Matches.csv,UNKNOWN,HISTORICAL_REAL,3f306fa1b311adf8c2d49eba,H,2,False,True,False,False,False,False,0.5,1.5,1.5,1.5,13.0,1.3333333333333333,1.6,1.5,14.0,-1.0
Copa Sudamericana,2022,MEN,South America,GRUPPE_G,,2022-04-26,Deportivo La Guaira (VEN),Independiente (ARG),0,2,,,openfootball/south-america,https://raw.githubusercontent.com/openfootball/south-america/master/copa-libertadores/2022_copas.txt,UNKNOWN,HISTORICAL_REAL,330d82c8ef732900933eadf5,A,2,False,False,True,False,False,False,0.3,1.3333333333333333,1.0,1.0,14.0,1.3333333333333333,1.4,1.8,14.0,0.0
Copa Libertadores,2022,MEN,South America,GROUP_STAGE,,2022-04-26,Estudiantes,Red Bull Bragantino,2,0,,,ricardo-mattoss/Brazilian-Soccer-Data,https://github.com/ricardo-mattoss/Brazilian-Soccer-Data/blob/master/Data/Libertadores_Matches.csv,UNKNOWN,HISTORICAL_REAL,3cdb3b311a42493aba301608,H,2,False,True,False,False,False,False,0.5,2.0,2.0,2.0,13.0,2.0,2.0,2.0,12.0,1.0
Copa Sudamericana,2022,MEN,South America,GROUP_D,Group D,2022-04-26,Everton (CHI),Ayacucho FC (PER),2,1,,,openfootball/south-america,https://raw.githubusercontent.com/openfootball/south-america/master/copa-libertadores/2022_copas.txt,UNKNOWN,HISTORICAL_REAL,7f038fc4d731b6f10efd52ae,H,3,True,True,False,False,False,False,0.3,0.5,0.5,0.5,12.0,1.0,1.5,1.5,13.0,-1.0
Copa Sudamericana,2022,MEN,South America,GRUPPE_H,,2022-04-26,Fluminense RJ (BRA),Unión de Santa Fe (ARG),0,0,,,openfootball/south-america,https://raw.githubusercontent.com/openfootball/south-america/master/copa-libertadores/2022_copas.txt,UNKNOWN,HISTORICAL_REAL,bb671903c0b03a3796288878,D,0,False,False,False,True,False,False,0.3,1.3333333333333333,1.25,1.25,13.0,1.6666666666666667,1.6,1.375,14.0,-1.0
Copa Sudamericana,2022,MEN,South America,GRUPPE_G,,2022-04-26,General Caballero DJLM (PAR),Ceará CE (BRA),0,2,,,openfootball/south-america,https://raw.githubusercontent.com/openfootball/south-america/master/copa-libertadores/2022_copas.txt,UNKNOWN,HISTORICAL_REAL,34d43d8f08b21f8c9e83c0ea,A,2,False,False,True,False,False,False,0.3,1.3333333333333333,1.75,1.75,14.0,2.0,2.0,1.875,14.0,0.0
Copa Sudamericana,2022,MEN,South America,GROUP_E,Group E,2022-04-26,Independiente Medellín (COL),Internacional (BRA),0,1,,,openfootball/south-america,https://raw.githubusercontent.com/openfootball/south-america/master/copa-libertadores/2022_copas.txt,UNKNOWN,HISTORICAL_REAL,5a31a502575f6dc2fce75f76,A,1,False,False,True,False,False,False,0.3,2.3333333333333335,2.5,2.5,12.0,1.0,1.0,1.0,12.0,0.0
Copa Libertadores,2022,MEN,South America,GROUP_STAGE,,2022-04-26,Independiente Petrolero,Deportivo Táchira,1,2,,,ricardo-mattoss/Brazilian-Soccer-Data,https://github.com/ricardo-mattoss/Brazilian-Soccer-Data/blob/master/Data/Libertadores_Matches.csv,UNKNOWN,HISTORICAL_REAL,f3ed94777d61d2d16733a62a,A,3,True,False,True,False,False,False,0.5,0.5,0.5,0.5,14.0,0.3333333333333333,1.4,1.25,12.0,2.0
Copa Libertadores,2022,MEN,South America,GROUP_STAGE,,2022-04-26,Independiente del Valle,Atlético-MG,1,1,,,ricardo-mattoss/Brazilian-Soccer-Data,https://github.com/ricardo-mattoss/Brazilian-Soccer-Data/blob/master/Data/Libertadores_Matches.csv,UNKNOWN,HISTORICAL_REAL,eb44e2b05e385082f86eb8fd,D,2,True,False,False,True,False,False,0.5,1.6666666666666667,1.0,1.1,13.0,1.6666666666666667,1.8,2.0,13.0,0.0
Copa Libertadores,2022,MEN,South America,GROUP_STAGE,,2022-04-26,Libertad-PAR,Athletico,1,0,,,ricardo-mattoss/Brazilian-Soccer-Data,https://github.com/ricardo-mattoss/Brazilian-Soccer-Data/blob/master/Data/Libertadores_Matches.csv,UNKNOWN,HISTORICAL_REAL,0d2d895f470b63b0363027bf,H,1,False,True,False,False,False,False,0.5,1.3333333333333333,1.6,1.2,13.0,1.3333333333333333,1.0,1.5,12.0,1.0
Copa Libertadores,2022,MEN,South America,GROUP_STAGE,,2022-04-26,Talleres,Sporting Cristal,1,0,,,ricardo-mattoss/Brazilian-Soccer-Data,https://github.com/ricardo-mattoss/Brazilian-Soccer-Data/blob/master/Data/Libertadores_Matches.csv,UNKNOWN,HISTORICAL_REAL,8362ed7d1dd5688ae9fe4ecd,H,1,False,True,False,False,False,False,0.5,1.5,1.5,1.5,14.0,0.0,0.6,0.5,14.0,0.0
Copa Libertadores,2022,MEN,South America,GROUP_STAGE,,2022-04-26,Vélez Sarsfield,Nacional-URU,1,2,,,ricardo-mattoss/Brazilian-Soccer-Data,https://github.com/ricardo-mattoss/Brazilian-Soccer-Data/blob/master/Data/Libertadores_Matches.csv,UNKNOWN,HISTORICAL_REAL,910bd859f0ae64b232e1b263,A,3,True,False,True,False,False,False,0.5,0.3333333333333333,1.0,1.4,12.0,1.3333333333333333,1.6,0.9,13.0,-1.0
Copa Libertadores,2022,MEN,South America,GROUP_STAGE,,2022-04-27,América-MG,Tolima,2,3,,,ricardo-mattoss/Brazilian-Soccer-Data,https://github.com/ricardo-mattoss/Brazilian-Soccer-Data/blob/master/Data/Libertadores_Matches.csv,UNKNOWN,HISTORICAL_REAL,bb0b34431df3db9739a916e5,A,5,True,False,True,False,False,False,0.5,0.5,0.5,0.5,14.0,0.5,0.5,0.5,14.0,0.0
Copa Sudamericana,2022,MEN,South America,GROUP_F,Group F,2022-04-27,Antofagasta (CHI),Atlético Goianiense (BRA),2,1,,,openfootball/south-america,https://raw.githubusercontent.com/openfootball/south-america/master/copa-libertadores/2022_copas.txt,UNKNOWN,HISTORICAL_REAL,d47a34b1b2154c61820e89a5,H,3,True,True,False,False,False,False,0.3,1.0,1.2,1.0,15.0,2.3333333333333335,1.8,2.0,15.0,0.0
Copa Libertadores,2022,MEN,South America,GROUP_STAGE,,2022-04-27,Cerro Porteño,Peñarol,1,0,,,ricardo-mattoss/Brazilian-Soccer-Data,https://github.com/ricardo-mattoss/Brazilian-Soccer-Data/blob/master/Data/Libertadores_Matches.csv,UNKNOWN,HISTORICAL_REAL,1e0cfe4ece266f29d83597c8,H,1,False,True,False,False,False,False,0.5,1.3333333333333333,1.4,1.4,15.0,2.0,1.8,1.5,15.0,0.0
Copa Libertadores,2022,MEN,South America,GROUP_STAGE,,2022-04-27,Colo-Colo,River Plate,1,2,,,ricardo-mattoss/Brazilian-Soccer-Data,https://github.com/ricardo-mattoss/Brazilian-Soccer-Data/blob/master/Data/Libertadores_Matches.csv,UNKNOWN,HISTORICAL_REAL,b952440850c82395fe79b09e,A,3,True,False,True,False,False,False,0.5,2.0,1.2,1.5,14.0,2.0,1.8,1.5,14.0,0.0
Copa Sudamericana,2022,MEN,South America,GROUP_B,Group B,2022-04-27,Cuiabá MT (BRA),River Plate (URU),1,2,,,openfootball/south-america,https://raw.githubusercontent.com/openfootball/south-america/master/copa-libertadores/2022_copas.txt,UNKNOWN,HISTORICAL_REAL,c888217eafeb02668169d487,A,3,True,False,True,False,False,False,0.3,1.5,1.5,1.5,14.0,1.0,1.8,1.6,14.0,0.0
Copa Libertadores,2022,MEN,South America,GROUP_STAGE,,2022-04-27,Emelec,Palmeiras,1,3,,,ricardo-mattoss/Brazilian-Soccer-Data,https://github.com/ricardo-mattoss/Brazilian-Soccer-Data/blob/master/Data/Libertadores_Matches.csv,UNKNOWN,HISTORICAL_REAL,8fb841718b654267d290b0ce,A,4,True,False,True,False,False,False,0.5,1.0,1.0,1.0,13.0,2.3333333333333335,2.2,2.1,15.0,-2.0
Copa Sudamericana,2022,MEN,South America,GROUP_B,Group B,2022-04-27,FBC Melgar (PER),Racing Club (ARG),3,1,,,openfootball/south-america,https://raw.githubusercontent.com/openfootball/south-america/master/copa-libertadores/2022_copas.txt,UNKNOWN,HISTORICAL_REAL,513e3a7d1b977bfcea74f751,H,4,True,True,False,False,False,False,0.3,2.0,1.6,1.7,14.0,3.0,3.0,3.0,14.0,0.0
Copa Libertadores,2022,MEN,South America,GROUP_STAGE,,2022-04-27,Fortaleza,Alianza Lima,2,1,,,ricardo-mattoss/Brazilian-Soccer-Data,https://github.com/ricardo-mattoss/Brazilian-Soccer-Data/blob/master/Data/Libertadores_Matches.csv,UNKNOWN,HISTORICAL_REAL,cf30b1a07820d3a747baa610,H,3,True,True,False,False,False,False,0.5,0.0,0.0,0.0,14.0,0.0,0.2,0.125,14.0,0.0
Copa Sudamericana,2022,MEN,South America,GROUP_E,Group E,2022-04-27,Guaireña FC (PAR),9 de Octubre (ECU),1,0,,,openfootball/south-america,https://raw.githubusercontent.com/openfootball/south-america/master/copa-libertadores/2022_copas.txt,UNKNOWN,HISTORICAL_REAL,40c4974905eabb5c430794bd,H,1,False,True,False,False,False,False,0.3,1.0,1.2,1.0,13.0,1.3333333333333333,1.25,1.25,13.0,0.0
Copa Libertadores,2022,MEN,South America,GROUP_STAGE,,2022-04-27,The Strongest,Caracas,1,1,,,ricardo-mattoss/Brazilian-Soccer-Data,https://github.com/ricardo-mattoss/Brazilian-Soccer-Data/blob/master/Data/Libertadores_Matches.csv,UNKNOWN,HISTORICAL_REAL,d52bc74463fcb66f3bb39266,D,2,True,False,False,True,False,False,0.5,0.3333333333333333,1.4,0.875,13.0,0.3333333333333333,0.8,1.0,14.0,-1.0
Copa Sudamericana,2022,MEN,South America,GROUP_C,Group C,2022-04-27,Universidad Catolica (ECU),Banfield (ARG),2,0,,,openfootball/south-america,https://raw.githubusercontent.com/openfootball/south-america/master/copa-libertadores/2022_copas.txt,UNKNOWN,HISTORICAL_REAL,b07aeba5db681d66575a0019,H,2,False,True,False,False,False,False,0.3,1.3333333333333333,1.0,1.0,14.0,1.5,1.5,1.5,13.0,1.0
Copa Libertadores,2022,MEN,South America,GROUP_STAGE,,2022-04-28,Always Ready,Deportivo Cali,2,2,,,ricardo-mattoss/Brazilian-Soccer-Data,https://github.com/ricardo-mattoss/Brazilian-Soccer-Data/blob/master/Data/Libertadores_Matches.csv,UNKNOWN,HISTORICAL_REAL,896c6682549b024a6c2a1510,D,4,True,False,False,True,False,False,0.5,1.3333333333333333,0.8,1.25,16.0,1.5,1.5,1.5,15.0,1.0
Copa Sudamericana,2022,MEN,South America,GROUP_A,Group A,2022-04-28,Barcelona (ECU),Metropolitanos FC (VEN),1,0,,,openfootball/south-america,https://raw.githubusercontent.com/openfootball/south-america/master/copa-libertadores/2022_copas.txt,UNKNOWN,HISTORICAL_REAL,c42758f117b234124043e510,H,1,False,True,False,False,False,False,0.3,1.5,1.5,1.5,14.0,1.6666666666666667,1.8,1.2,14.0,0.0
Copa Sudamericana,2022,MEN,South America,GROUP_F,Group F,2022-04-28,Defensa y Justicia (ARG),LDU Quito (ECU),1,2,,,openfootball/south-america,https://raw.githubusercontent.com/openfootball/south-america/master/copa-libertadores/2022_copas.txt,UNKNOWN,HISTORICAL_REAL,6fc74a6e3d8b6f06bc81eeb8,A,3,True,False,True,False,False,False,0.3,2.0,2.4,2.3,16.0,1.3333333333333333,1.4,1.625,16.0,0.0
Copa Sudamericana,2022,MEN,South America,GROUP_D,Group D,2022-04-28,Jorge Wilstermann (BOL),São Paulo FC (BRA),1,3,,,openfootball/south-america,https://raw.githubusercontent.com/openfootball/south-america/master/copa-libertadores/2022_copas.txt,UNKNOWN,HISTORICAL_REAL,589b0ae0884ffeed41143584,A,4,True,False,True,False,False,False,0.3,0.3333333333333333,1.4,0.9,15.0,3.0,2.25,2.25,14.0,1.0
Copa Sudamericana,2022,MEN,South America,GROUP_A,Group A,2022-04-28,Montevideo Wanderers (URU),Lanús (ARG),0,1,,,openfootball/south-america,https://raw.githubusercontent.com/openfootball/south-america/master/copa-libertadores/2022_copas.txt,UNKNOWN,HISTORICAL_REAL,9cd4fc1c37dcf995ecd7cbbf,A,1,False,False,True,False,False,False,0.3,1.3333333333333333,1.75,1.75,14.0,1.6666666666666667,1.6,2.0,14.0,0.0
Copa Libertadores,2022,MEN,South America,GROUP_STAGE,,2022-04-28,Olimpia-PAR,Colón,0,0,,,ricardo-mattoss/Brazilian-Soccer-Data,https://github.com/ricardo-mattoss/Brazilian-Soccer-Data/blob/master/Data/Libertadores_Matches.csv,UNKNOWN,HISTORICAL_REAL,70fb817e884233a2416ade55,D,0,False,False,False,True,False,False,0.5,0.3333333333333333,0.4,0.9,16.0,1.5,1.5,1.5,16.0,0.0
Copa Sudamericana,2022,MEN,South America,GRUPPE_H,,2022-04-28,Oriente Petrolero (BOL),Atlético Junior (COL),1,3,,,openfootball/south-america,https://raw.githubusercontent.com/openfootball/south-america/master/copa-libertadores/2022_copas.txt,UNKNOWN,HISTORICAL_REAL,553be21474ffc383dc6009ab,A,4,True,False,True,False,False,False,0.3,1.0,1.4,1.1666666666666667,16.0,2.3333333333333335,2.2,2.0,15.0,1.0
Copa Libertadores,2022,MEN,South America,GROUP_STAGE,,2022-04-28,Universidad Católica,Flamengo,2,3,,,ricardo-mattoss/Brazilian-Soccer-Data,https://github.com/ricardo-mattoss/Brazilian-Soccer-Data/blob/master/Data/Libertadores_Matches.csv,UNKNOWN,HISTORICAL_REAL,7327c01b07a6f1cdbd317831,A,5,True,False,True,False,False,False,0.5,1.0,1.2,1.2,16.0,3.0,3.0,2.6,16.0,0.0
Copa Sudamericana,2022,MEN,South America,GROUP_C,Group C,2022-04-28,Unión La Calera (CHI),Santos FC (BRA),1,1,,,openfootball/south-america,https://raw.githubusercontent.com/openfootball/south-america/master/copa-libertadores/2022_copas.txt,UNKNOWN,HISTORICAL_REAL,7ab965473d525dac1c838c1b,D,2,True,False,False,True,False,False,0.3,2.3333333333333335,1.6,1.2,14.0,1.0,1.4,1.6666666666666667,15.0,-1.0
Copa Sudamericana,2022,MEN,South America,GROUP_E,Group E,2022-05-03,9 de Octubre (ECU),Independiente Medellín (COL),3,2,,,openfootball/south-america,https://raw.githubusercontent.com/openfootball/south-america/master/copa-libertadores/2022_copas.txt,UNKNOWN,HISTORICAL_REAL,e313586aa2bb7c5b00c305ee,H,5,True,True,False,False,False,False,0.3,0.3333333333333333,1.0,1.0,6.0,1.3333333333333333,2.0,2.0,7.0,-1.0
Copa Libertadores,2022,MEN,South America,GROUP_STAGE,,2022-05-03,América-MG,Atlético-MG,1,2,,,ricardo-mattoss/Brazilian-Soccer-Data,https://github.com/ricardo-mattoss/Brazilian-Soccer-Data/blob/master/Data/Libertadores_Matches.csv,UNKNOWN,HISTORICAL_REAL,8f802f6f5a2f9d93a3fc3572,A,3,True,False,True,False,False,False,0.5,0.3333333333333333,0.3333333333333333,0.3333333333333333,6.0,1.6666666666666667,1.4,1.8,7.0,-1.0
Copa Libertadores,2022,MEN,South America,GROUP_STAGE,,2022-05-03,Caracas,Libertad-PAR,1,0,,,ricardo-mattoss/Brazilian-Soccer-Data,https://github.com/ricardo-mattoss/Brazilian-Soccer-Data/blob/master/Data/Libertadores_Matches.csv,UNKNOWN,HISTORICAL_REAL,f0e54da72c660ed0dbf09d90,H,1,False,True,False,False,False,False,0.5,0.6666666666666666,0.4,1.0,6.0,2.3333333333333335,1.6,1.5,7.0,-1.0
Copa Sudamericana,2022,MEN,South America,GRUPPE_G,,2022-05-03,Ceará CE (BRA),Deportivo La Guaira (VEN),3,0,,,openfootball/south-america,https://raw.githubusercontent.com/openfootball/south-america/master/copa-libertadores/2022_copas.txt,UNKNOWN,HISTORICAL_REAL,64b7c6d34a7a00d8249f4590,H,3,False,True,False,False,False,False,0.3,3.0,2.4,2.0,7.0,0.3333333333333333,0.8,0.8,7.0,0.0
Copa Sudamericana,2022,MEN,South America,GROUP_B,Group B,2022-05-03,Cuiabá MT (BRA),Racing Club (ARG),1,2,,,openfootball/south-america,https://raw.githubusercontent.com/openfootball/south-america/master/copa-libertadores/2022_copas.txt,UNKNOWN,HISTORICAL_REAL,0b37305ee983f8bddb85c792,A,3,True,False,True,False,False,False,0.3,1.0,1.0,1.0,6.0,2.0,2.0,2.0,6.0,0.0
Copa Libertadores,2022,MEN,South America,GROUP_STAGE,,2022-05-03,Deportivo Táchira,Emelec,1,4,,,ricardo-mattoss/Brazilian-Soccer-Data,https://github.com/ricardo-mattoss/Brazilian-Soccer-Data/blob/master/Data/Libertadores_Matches.csv,UNKNOWN,HISTORICAL_REAL,0ffe9317577faae8c73d695e,A,5,True,False,True,False,False,False,0.5,1.3333333333333333,1.4,1.4444444444444444,7.0,0.6666666666666666,0.6666666666666666,0.6666666666666666,6.0,1.0
Copa Libertadores,2022,MEN,South America,GROUP_STAGE,,2022-05-03,Estudiantes,Nacional-URU,1,0,,,ricardo-mattoss/Brazilian-Soccer-Data,https://github.com/ricardo-mattoss/Brazilian-Soccer-Data/blob/master/Data/Libertadores_Matches.csv,UNKNOWN,HISTORICAL_REAL,9f23ef2d11e40b6b84df5df3,H,1,False,True,False,False,False,False,0.5,2.3333333333333335,2.3333333333333335,2.3333333333333335,7.0,1.3333333333333333,2.0,1.2,7.0,0.0
Copa Sudamericana,2022,MEN,South America,GRUPPE_G,,2022-05-03,General Caballero DJLM (PAR),Independiente (ARG),0,4,,,openfootball/south-america,https://raw.githubusercontent.com/openfootball/south-america/master/copa-libertadores/2022_copas.txt,UNKNOWN,HISTORICAL_REAL,8e1e17de4d050bea947f5724,A,4,False,False,True,False,False,False,0.3,0.3333333333333333,1.4,1.4,7.0,2.0,1.4,1.8,7.0,0.0
Copa Libertadores,2022,MEN,South America,GROUP_STAGE,,2022-05-03,Independiente Petrolero,Palmeiras,0,5,,,ricardo-mattoss/Brazilian-Soccer-Data,https://github.com/ricardo-mattoss/Brazilian-Soccer-Data/blob/master/Data/Libertadores_Matches.csv,UNKNOWN,HISTORICAL_REAL,789c481f0a80a20af2baef32,A,5,False,False,True,False,False,False,0.5,0.3333333333333333,0.3333333333333333,0.3333333333333333,7.0,3.0,2.2,2.4,6.0,1.0
Copa Sudamericana,2022,MEN,South America,GROUP_B,Group B,2022-05-03,River Plate (URU),FBC Melgar (PER),1,2,,,openfootball/south-america,https://raw.githubusercontent.com/openfootball/south-america/master/copa-libertadores/2022_copas.txt,UNKNOWN,HISTORICAL_REAL,77b626aebc3ee2a94d4e2fba,A,3,True,False,True,False,False,False,0.3,1.0,1.8,1.6,6.0,2.0,2.0,1.7,6.0,0.0
Copa Libertadores,2022,MEN,South America,GROUP_STAGE,,2022-05-03,The Strongest,Athletico,5,0,,,ricardo-mattoss/Brazilian-Soccer-Data,https://github.com/ricardo-mattoss/Brazilian-Soccer-Data/blob/master/Data/Libertadores_Matches.csv,UNKNOWN,HISTORICAL_REAL,fb8996fb7380056438be5fca,H,5,False,True,False,False,False,False,0.5,0.6666666666666666,1.0,0.8888888888888888,6.0,1.3333333333333333,1.0,1.2,7.0,-1.0
Copa Libertadores,2022,MEN,South America,GROUP_STAGE,,2022-05-04,Always Ready,Boca Juniors,0,1,,,ricardo-mattoss/Brazilian-Soccer-Data,https://github.com/ricardo-mattoss/Brazilian-Soccer-Data/blob/master/Data/Libertadores_Matches.csv,UNKNOWN,HISTORICAL_REAL,7b57d2616210da52f76ee73a,A,1,False,False,True,False,False,False,0.5,1.3333333333333333,1.0,1.2222222222222223,6.0,1.0,1.0,1.2,8.0,-2.0
Copa Sudamericana,2022,MEN,South America,GROUP_F,Group F,2022-05-04,Antofagasta (CHI),LDU Quito (ECU),1,2,,,openfootball/south-america,https://raw.githubusercontent.com/openfootball/south-america/master/copa-libertadores/2022_copas.txt,UNKNOWN,HISTORICAL_REAL,a3cfe046650d9c42e8f4f9a2,A,3,True,False,True,False,False,False,0.3,1.0,1.8,1.2857142857142858,7.0,2.0,2.0,1.7777777777777777,6.0,1.0
Copa Sudamericana,2022,MEN,South America,GROUP_F,Group F,2022-05-04,Atlético Goianiense (BRA),Defensa y Justicia (ARG),3,2,,,openfootball/south-america,https://raw.githubusercontent.com/openfootball/south-america/master/copa-libertadores/2022_copas.txt,UNKNOWN,HISTORICAL_REAL,b13ed6773de6a9b8c0ca58e9,H,5,True,True,False,False,False,False,0.3,2.0,1.6,1.7777777777777777,7.0,1.0,1.8,2.0,6.0,1.0
Copa Sudamericana,2022,MEN,South America,GROUP_A,Group A,2022-05-04,Barcelona (ECU),Lanús (ARG),1,1,,,openfootball/south-america,https://raw.githubusercontent.com/openfootball/south-america/master/copa-libertadores/2022_copas.txt,UNKNOWN,HISTORICAL_REAL,6261b3ebeef379c2c7a5a0f8,D,2,True,False,False,True,False,False,0.3,2.0,2.0,2.0,6.0,2.3333333333333335,2.2,2.0,6.0,0.0
Copa Libertadores,2022,MEN,South America,GROUP_STAGE,,2022-05-04,Colón,Cerro Porteño,2,1,,,ricardo-mattoss/Brazilian-Soccer-Data,https://github.com/ricardo-mattoss/Brazilian-Soccer-Data/blob/master/Data/Libertadores_Matches.csv,UNKNOWN,HISTORICAL_REAL,c317ab81f0516a228f7d1432,H,3,True,True,False,False,False,False,0.5,1.3333333333333333,1.3333333333333333,1.3333333333333333,6.0,2.3333333333333335,1.4,1.4,7.0,-1.0
Copa Libertadores,2022,MEN,South America,GROUP_STAGE,,2022-05-04,Deportivo Cali,Corinthians,0,0,,,ricardo-mattoss/Brazilian-Soccer-Data,https://github.com/ricardo-mattoss/Brazilian-Soccer-Data/blob/master/Data/Libertadores_Matches.csv,UNKNOWN,HISTORICAL_REAL,b90d7afff2fea99997354b1f,D,0,False,False,False,True,False,False,0.5,1.3333333333333333,1.3333333333333333,1.3333333333333333,6.0,2.0,2.0,2.0,8.0,-2.0
Copa Sudamericana,2022,MEN,South America,GRUPPE_H,,2022-05-04,Fluminense RJ (BRA),Atlético Junior (COL),2,1,,,openfootball/south-america,https://raw.githubusercontent.com/openfootball/south-america/master/copa-libertadores/2022_copas.txt,UNKNOWN,HISTORICAL_REAL,2a7738327fa7f38c25e9fb7d,H,3,True,True,False,False,False,False,0.3,1.3333333333333333,1.2,1.2,8.0,2.3333333333333335,2.2,2.0,6.0,2.0
Copa Sudamericana,2022,MEN,South America,GROUP_A,Group A,2022-05-04,Metropolitanos FC (VEN),Montevideo Wanderers (URU),0,1,,,openfootball/south-america,https://raw.githubusercontent.com/openfootball/south-america/master/copa-libertadores/2022_copas.txt,UNKNOWN,HISTORICAL_REAL,8fbb8356f3ed3eb04ed35a2f,A,1,False,False,True,False,False,False,0.3,0.6666666666666666,1.6,1.2,6.0,0.3333333333333333,1.4,1.4,6.0,0.0
Copa Libertadores,2022,MEN,South America,GROUP_STAGE,,2022-05-04,Olimpia-PAR,Peñarol,1,0,,,ricardo-mattoss/Brazilian-Soccer-Data,https://github.com/ricardo-mattoss/Brazilian-Soccer-Data/blob/master/Data/Libertadores_Matches.csv,UNKNOWN,HISTORICAL_REAL,87e4f1c97b563166e0ac49fe,H,1,False,True,False,False,False,False,0.5,0.6666666666666666,0.4,1.0,6.0,1.0,1.8,1.3333333333333333,7.0,-1.0
Copa Libertadores,2022,MEN,South America,GROUP_STAGE,,2022-05-04,Sporting Cristal,Universidad Católica,1,1,,,ricardo-mattoss/Brazilian-Soccer-Data,https://github.com/ricardo-mattoss/Brazilian-Soccer-Data/blob/master/Data/Libertadores_Matches.csv,UNKNOWN,HISTORICAL_REAL,c0471143efd34ab7615ef9f6,D,2,True,False,False,True,False,False,0.5,0.0,0.6,0.4444444444444444,8.0,1.0,0.6,1.2,6.0,2.0
Copa Libertadores,2022,MEN,South America,GROUP_STAGE,,2022-05-04,Talleres,Flamengo,2,2,,,ricardo-mattoss/Brazilian-Soccer-Data,https://github.com/ricardo-mattoss/Brazilian-Soccer-Data/blob/master/Data/Libertadores_Matches.csv,UNKNOWN,HISTORICAL_REAL,4dbfc02a6fa2dd6f98aa0fed,D,4,True,False,False,True,False,False,0.5,2.0,2.0,2.0,8.0,3.0,3.0,2.8,6.0,2.0
Copa Libertadores,2022,MEN,South America,GROUP_STAGE,,2022-05-04,Tolima,Independiente del Valle,1,0,,,ricardo-mattoss/Brazilian-Soccer-Data,https://github.com/ricardo-mattoss/Brazilian-Soccer-Data/blob/master/Data/Libertadores_Matches.csv,UNKNOWN,HISTORICAL_REAL,0c0019ded9ce1084a8ab0a8f,H,1,False,True,False,False,False,False,0.5,1.3333333333333333,1.3333333333333333,1.3333333333333333,7.0,1.6666666666666667,1.2,1.1,8.0,-1.0
Copa Libertadores,2022,MEN,South America,GROUP_STAGE,,2022-05-05,Alianza Lima,Colo-Colo,1,1,,,ricardo-mattoss/Brazilian-Soccer-Data,https://github.com/ricardo-mattoss/Brazilian-Soccer-Data/blob/master/Data/Libertadores_Matches.csv,UNKNOWN,HISTORICAL_REAL,a867080aa1f912110f8e2bda,D,2,True,False,False,True,False,False,0.5,0.0,0.2,0.1111111111111111,8.0,2.0,1.2,1.3333333333333333,8.0,0.0
Copa Sudamericana,2022,MEN,South America,GROUP_D,Group D,2022-05-05,Ayacucho FC (PER),Jorge Wilstermann (BOL),0,0,,,openfootball/south-america,https://raw.githubusercontent.com/openfootball/south-america/master/copa-libertadores/2022_copas.txt,UNKNOWN,HISTORICAL_REAL,943d14e70086d2e350714c93,D,0,False,False,False,True,False,False,0.3,1.0,1.2,1.2,9.0,0.3333333333333333,0.8,0.9,7.0,2.0
Copa Sudamericana,2022,MEN,South America,GROUP_C,Group C,2022-05-05,Banfield (ARG),Unión La Calera (CHI),0,1,,,openfootball/south-america,https://raw.githubusercontent.com/openfootball/south-america/master/copa-libertadores/2022_copas.txt,UNKNOWN,HISTORICAL_REAL,4b5e9df518c68aace0422d3b,A,1,False,False,True,False,False,False,0.3,1.0,1.0,1.0,8.0,1.6666666666666667,1.8,1.2,7.0,1.0
Copa Sudamericana,2022,MEN,South America,GROUP_D,Group D,2022-05-05,Everton (CHI),São Paulo FC (BRA),0,0,,,openfootball/south-america,https://raw.githubusercontent.com/openfootball/south-america/master/copa-libertadores/2022_copas.txt,UNKNOWN,HISTORICAL_REAL,c2d1768e29d399d72ccce984,D,0,False,False,False,True,False,False,0.3,1.3333333333333333,1.3333333333333333,1.3333333333333333,9.0,3.0,2.4,2.4,7.0,2.0
Copa Libertadores,2022,MEN,South America,GROUP_STAGE,,2022-05-05,Fortaleza,River Plate,1,1,,,ricardo-mattoss/Brazilian-Soccer-Data,https://github.com/ricardo-mattoss/Brazilian-Soccer-Data/blob/master/Data/Libertadores_Matches.csv,UNKNOWN,HISTORICAL_REAL,96167103ef32ef045b9a9778,D,2,True,False,False,True,False,False,0.5,1.0,1.0,1.0,8.0,3.0,1.8,1.7,8.0,0.0
Copa Sudamericana,2022,MEN,South America,GROUP_E,Group E,2022-05-05,Guaireña FC (PAR),Internacional (BRA),1,1,,,openfootball/south-america,https://raw.githubusercontent.com/openfootball/south-america/master/copa-libertadores/2022_copas.txt,UNKNOWN,HISTORICAL_REAL,fe7d26a4fb2c4c3b229a7622,D,2,True,False,False,True,False,False,0.3,1.6666666666666667,1.8,1.2857142857142858,8.0,1.6666666666666667,1.6666666666666667,1.6666666666666667,9.0,-1.0
Copa Libertadores,2022,MEN,South America,GROUP_STAGE,,2022-05-05,Red Bull Bragantino,Vélez Sarsfield,1,1,,,ricardo-mattoss/Brazilian-Soccer-Data,https://github.com/ricardo-mattoss/Brazilian-Soccer-Data/blob/master/Data/Libertadores_Matches.csv,UNKNOWN,HISTORICAL_REAL,c20608cb1515b3821f428473,D,2,True,False,False,True,False,False,0.5,1.3333333333333333,1.3333333333333333,1.3333333333333333,9.0,0.3333333333333333,0.8,1.4,9.0,0.0
Copa Sudamericana,2022,MEN,South America,GROUP_C,Group C,2022-05-05,Universidad Catolica (ECU),Santos FC (BRA),0,1,,,openfootball/south-america,https://raw.githubusercontent.com/openfootball/south-america/master/copa-libertadores/2022_copas.txt,UNKNOWN,HISTORICAL_REAL,763a5828cb7a0638454cdf29,A,1,False,False,True,False,False,False,0.3,1.3333333333333333,1.4,1.4,8.0,1.3333333333333333,1.4,1.5714285714285714,7.0,1.0
Copa Sudamericana,2022,MEN,South America,GRUPPE_H,,2022-05-05,Unión de Santa Fe (ARG),Oriente Petrolero (BOL),2,0,,,openfootball/south-america,https://raw.githubusercontent.com/openfootball/south-america/master/copa-libertadores/2022_copas.txt,UNKNOWN,HISTORICAL_REAL,9fe09a73c691571b44a18eb4,H,2,False,True,False,False,False,False,0.3,1.6666666666666667,1.2,1.3333333333333333,9.0,0.0,1.2,1.0,7.0,2.0
Copa Sudamericana,2022,MEN,South America,GROUP_E,Group E,2022-05-17,9 de Octubre (ECU),Guaireña FC (PAR),2,3,,,openfootball/south-america,https://raw.githubusercontent.com/openfootball/south-america/master/copa-libertadores/2022_copas.txt,UNKNOWN,HISTORICAL_REAL,4e7df2028d5bf190e8709827,A,5,True,False,True,False,False,False,0.3,1.0,1.4,1.3333333333333333,14.0,1.6666666666666667,1.4,1.25,12.0,2.0
Copa Sudamericana,2022,MEN,South America,GROUP_F,Group F,2022-05-17,Atlético Goianiense (BRA),Antofagasta (CHI),1,0,,,openfootball/south-america,https://raw.githubusercontent.com/openfootball/south-america/master/copa-libertadores/2022_copas.txt,UNKNOWN,HISTORICAL_REAL,7a5ec93bc0add0aaa1d7d9a6,H,1,False,True,False,False,False,False,0.3,2.0,2.0,1.9,13.0,1.0,1.2,1.125,13.0,0.0
Copa Sudamericana,2022,MEN,South America,GRUPPE_H,,2022-05-17,Atlético Junior (COL),Oriente Petrolero (BOL),2,0,,,openfootball/south-america,https://raw.githubusercontent.com/openfootball/south-america/master/copa-libertadores/2022_copas.txt,UNKNOWN,HISTORICAL_REAL,598c5c008603e4271cf6ec58,H,2,False,True,False,False,False,False,0.3,2.0,2.0,1.7,13.0,0.0,0.6,0.875,12.0,1.0
Copa Sudamericana,2022,MEN,South America,GROUP_C,Group C,2022-05-17,Banfield (ARG),Universidad Catolica (ECU),1,1,,,openfootball/south-america,https://raw.githubusercontent.com/openfootball/south-america/master/copa-libertadores/2022_copas.txt,UNKNOWN,HISTORICAL_REAL,89b4b05cdf2c2203376f0565,D,2,True,False,False,True,False,False,0.3,0.0,0.75,0.75,12.0,1.0,1.4,1.1666666666666667,12.0,0.0
Copa Libertadores,2022,MEN,South America,GROUP_STAGE,,2022-05-17,Boca Juniors,Corinthians,1,1,,,ricardo-mattoss/Brazilian-Soccer-Data,https://github.com/ricardo-mattoss/Brazilian-Soccer-Data/blob/master/Data/Libertadores_Matches.csv,UNKNOWN,HISTORICAL_REAL,c275d44743ca291c0b406fa0,D,2,True,False,False,True,False,False,0.5,2.0,1.4,1.2,13.0,2.3333333333333335,1.75,1.75,13.0,0.0
Copa Libertadores,2022,MEN,South America,GROUP_STAGE,,2022-05-17,Caracas,The Strongest,0,0,,,ricardo-mattoss/Brazilian-Soccer-Data,https://github.com/ricardo-mattoss/Brazilian-Soccer-Data/blob/master/Data/Libertadores_Matches.csv,UNKNOWN,HISTORICAL_REAL,eca19ec5e7de4e6f14083838,D,0,False,False,False,True,False,False,0.5,1.3333333333333333,1.0,1.2,14.0,1.3333333333333333,1.0,1.1,14.0,0.0
Copa Sudamericana,2022,MEN,South America,GRUPPE_G,,2022-05-17,Ceará CE (BRA),General Caballero DJLM (PAR),6,0,,,openfootball/south-america,https://raw.githubusercontent.com/openfootball/south-america/master/copa-libertadores/2022_copas.txt,UNKNOWN,HISTORICAL_REAL,0d7d0126193be695c469b576,H,6,False,True,False,False,False,False,0.3,3.0,2.4,2.1,14.0,0.0,0.8,1.1666666666666667,14.0,0.0
Copa Libertadores,2022,MEN,South America,GROUP_STAGE,,2022-05-17,Flamengo,Universidad Católica,3,0,,,ricardo-mattoss/Brazilian-Soccer-Data,https://github.com/ricardo-mattoss/Brazilian-Soccer-Data/blob/master/Data/Libertadores_Matches.csv,UNKNOWN,HISTORICAL_REAL,3341ad464b5e2ec35489d6be,H,3,False,True,False,False,False,False,0.5,2.3333333333333335,2.6,2.8,13.0,1.3333333333333333,0.8,1.3,13.0,0.0
Copa Sudamericana,2022,MEN,South America,GROUP_E,Group E,2022-05-17,Internacional (BRA),Independiente Medellín (COL),2,0,,,openfootball/south-america,https://raw.githubusercontent.com/openfootball/south-america/master/copa-libertadores/2022_copas.txt,UNKNOWN,HISTORICAL_REAL,e6002c6ee222db3dad133db2,H,2,False,True,False,False,False,False,0.3,1.6666666666666667,1.5,1.5,12.0,1.0,1.4,1.6666666666666667,14.0,-2.0
Copa Libertadores,2022,MEN,South America,GROUP_STAGE,,2022-05-17,Peñarol,Cerro Porteño,0,0,,,ricardo-mattoss/Brazilian-Soccer-Data,https://github.com/ricardo-mattoss/Brazilian-Soccer-Data/blob/master/Data/Libertadores_Matches.csv,UNKNOWN,HISTORICAL_REAL,76bcb28f7efc94b3915c1470,D,0,False,False,False,True,False,False,0.5,1.0,1.2,1.2,13.0,2.0,1.4,1.3,13.0,0.0
Copa Libertadores,2022,MEN,South America,GROUP_STAGE,,2022-05-17,Red Bull Bragantino,Estudiantes,0,1,,,ricardo-mattoss/Brazilian-Soccer-Data,https://github.com/ricardo-mattoss/Brazilian-Soccer-Data/blob/master/Data/Libertadores_Matches.csv,UNKNOWN,HISTORICAL_REAL,6651e5dea85fe402ee8870a4,A,1,False,False,True,False,False,False,0.5,0.6666666666666666,1.25,1.25,12.0,2.3333333333333335,2.5,2.5,14.0,-2.0
Copa Libertadores,2022,MEN,South America,GROUP_STAGE,,2022-05-17,Sporting Cristal,Talleres,0,0,,,ricardo-mattoss/Brazilian-Soccer-Data,https://github.com/ricardo-mattoss/Brazilian-Soccer-Data/blob/master/Data/Libertadores_Matches.csv,UNKNOWN,HISTORICAL_REAL,e1d6add65bb2c9d8c224303e,D,0,False,False,False,True,False,False,0.5,0.3333333333333333,0.2,0.5,13.0,1.3333333333333333,1.75,1.75,13.0,0.0
Copa Libertadores,2022,MEN,South America,GROUP_STAGE,,2022-05-18,Alianza Lima,Fortaleza,0,2,,,ricardo-mattoss/Brazilian-Soccer-Data,https://github.com/ricardo-mattoss/Brazilian-Soccer-Data/blob/master/Data/Libertadores_Matches.csv,UNKNOWN,HISTORICAL_REAL,2cf183abd3ce69cd21fcc843,A,2,False,False,True,False,False,False,0.5,0.3333333333333333,0.2,0.2,13.0,1.3333333333333333,1.0,1.0,13.0,0.0
Copa Libertadores,2022,MEN,South America,GROUP_STAGE,,2022-05-18,Athletico,Libertad-PAR,2,0,,,ricardo-mattoss/Brazilian-Soccer-Data,https://github.com/ricardo-mattoss/Brazilian-Soccer-Data/blob/master/Data/Libertadores_Matches.csv,UNKNOWN,HISTORICAL_REAL,8d1d1ca2ba731c2a8b290058,H,2,False,True,False,False,False,False,0.5,1.0,0.8,1.2,15.0,2.0,1.4,1.5,15.0,0.0
Copa Sudamericana,2022,MEN,South America,GROUP_D,Group D,2022-05-18,Ayacucho FC (PER),Everton (CHI),0,2,,,openfootball/south-america,https://raw.githubusercontent.com/openfootball/south-america/master/copa-libertadores/2022_copas.txt,UNKNOWN,HISTORICAL_REAL,e255f2bf4cb5137905e55002,A,2,False,False,True,False,False,False,0.3,1.3333333333333333,0.8,1.1666666666666667,13.0,1.3333333333333333,1.25,1.25,13.0,0.0
Copa Libertadores,2022,MEN,South America,GROUP_STAGE,,2022-05-18,Colón,Olimpia-PAR,2,1,,,ricardo-mattoss/Brazilian-Soccer-Data,https://github.com/ricardo-mattoss/Brazilian-Soccer-Data/blob/master/Data/Libertadores_Matches.csv,UNKNOWN,HISTORICAL_REAL,73f3f8441a981aeb531e09f3,H,3,True,True,False,False,False,False,0.5,1.3333333333333333,1.75,1.75,14.0,1.3333333333333333,1.0,1.0,14.0,0.0
Copa Libertadores,2022,MEN,South America,GROUP_STAGE,,2022-05-18,Deportivo Táchira,Independiente Petrolero,3,0,,,ricardo-mattoss/Brazilian-Soccer-Data,https://github.com/ricardo-mattoss/Brazilian-Soccer-Data/blob/master/Data/Libertadores_Matches.csv,UNKNOWN,HISTORICAL_REAL,9936ba17599c240d3e3cc410,H,3,False,True,False,False,False,False,0.5,1.3333333333333333,0.8,1.3,15.0,0.0,0.25,0.25,15.0,0.0
Copa Sudamericana,2022,MEN,South America,GROUP_F,Group F,2022-05-18,LDU Quito (ECU),Defensa y Justicia (ARG),2,2,,,openfootball/south-america,https://raw.githubusercontent.com/openfootball/south-america/master/copa-libertadores/2022_copas.txt,UNKNOWN,HISTORICAL_REAL,a3ba12e3a25c4ddd39f7f6d5,D,4,True,False,False,True,False,False,0.3,3.0,2.0,1.9,14.0,0.0,1.2,1.7,14.0,0.0
Copa Libertadores,2022,MEN,South America,GROUP_STAGE,,2022-05-18,Nacional-URU,Vélez Sarsfield,2,3,,,ricardo-mattoss/Brazilian-Soccer-Data,https://github.com/ricardo-mattoss/Brazilian-Soccer-Data/blob/master/Data/Libertadores_Matches.csv,UNKNOWN,HISTORICAL_REAL,c24618a82a72a44c36936f69,A,5,True,False,True,False,False,False,0.5,1.3333333333333333,1.4,1.2,15.0,0.6666666666666666,0.4,1.5,13.0,2.0
Copa Libertadores,2022,MEN,South America,GROUP_STAGE,,2022-05-18,Palmeiras,Emelec,1,0,,,ricardo-mattoss/Brazilian-Soccer-Data,https://github.com/ricardo-mattoss/Brazilian-Soccer-Data/blob/master/Data/Libertadores_Matches.csv,UNKNOWN,HISTORICAL_REAL,5916e6d85557a582a37ec49c,H,1,False,True,False,False,False,False,0.5,3.0,2.6,2.4,15.0,1.3333333333333333,1.25,1.25,15.0,0.0
Copa Sudamericana,2022,MEN,South America,GROUP_B,Group B,2022-05-18,Racing Club (ARG),FBC Melgar (PER),1,0,,,openfootball/south-america,https://raw.githubusercontent.com/openfootball/south-america/master/copa-libertadores/2022_copas.txt,UNKNOWN,HISTORICAL_REAL,c89e989230c61f2f718c5a21,H,1,False,True,False,False,False,False,0.3,2.0,2.25,2.25,15.0,3.0,2.4,1.7,15.0,0.0
Copa Sudamericana,2022,MEN,South America,GROUP_B,Group B,2022-05-18,River Plate (URU),Cuiabá MT (BRA),1,2,,,openfootball/south-america,https://raw.githubusercontent.com/openfootball/south-america/master/copa-libertadores/2022_copas.txt,UNKNOWN,HISTORICAL_REAL,ccab5c92eb750fcbc0388a5a,A,3,True,False,True,False,False,False,0.3,1.0,1.2,1.6,15.0,0.0,0.75,0.75,15.0,0.0
Copa Sudamericana,2022,MEN,South America,GROUP_C,Group C,2022-05-18,Santos FC (BRA),Unión La Calera (CHI),1,0,,,openfootball/south-america,https://raw.githubusercontent.com/openfootball/south-america/master/copa-libertadores/2022_copas.txt,UNKNOWN,HISTORICAL_REAL,f0c3c948ee6ae9399f17eacb,H,1,False,True,False,False,False,False,0.3,2.3333333333333335,1.4,1.75,13.0,2.3333333333333335,2.2,1.4,13.0,0.0
Copa Libertadores,2022,MEN,South America,GROUP_STAGE,,2022-05-18,Tolima,América-MG,2,2,,,ricardo-mattoss/Brazilian-Soccer-Data,https://github.com/ricardo-mattoss/Brazilian-Soccer-Data/blob/master/Data/Libertadores_Matches.csv,UNKNOWN,HISTORICAL_REAL,8a18633dd190320a3c88ae43,D,4,True,False,False,True,False,False,0.5,2.3333333333333335,1.75,1.75,14.0,0.3333333333333333,0.25,0.25,15.0,-1.0
Copa Libertadores,2022,MEN,South America,GROUP_STAGE,,2022-05-19,Atlético-MG,Independiente del Valle,3,1,,,ricardo-mattoss/Brazilian-Soccer-Data,https://github.com/ricardo-mattoss/Brazilian-Soccer-Data/blob/master/Data/Libertadores_Matches.csv,UNKNOWN,HISTORICAL_REAL,a308745fd3dd66e170632281,H,4,True,True,False,False,False,False,0.5,1.6666666666666667,1.8,1.8,16.0,0.6666666666666666,1.2,1.0,15.0,1.0
Copa Libertadores,2022,MEN,South America,GROUP_STAGE,,2022-05-19,Deportivo Cali,Always Ready,3,0,,,ricardo-mattoss/Brazilian-Soccer-Data,https://github.com/ricardo-mattoss/Brazilian-Soccer-Data/blob/master/Data/Libertadores_Matches.csv,UNKNOWN,HISTORICAL_REAL,4f892492cbc9b134e0a46688,H,3,False,True,False,False,False,False,0.5,0.6666666666666666,1.25,1.25,15.0,0.3333333333333333,1.0,1.1,15.0,0.0
Copa Sudamericana,2022,MEN,South America,GRUPPE_G,,2022-05-19,Independiente (ARG),Deportivo La Guaira (VEN),4,0,,,openfootball/south-america,https://raw.githubusercontent.com/openfootball/south-america/master/copa-libertadores/2022_copas.txt,UNKNOWN,HISTORICAL_REAL,1da1af451fca635d2d02e13b,H,4,False,True,False,False,False,False,0.3,3.0,2.0,1.8,16.0,0.0,0.8,0.6666666666666666,16.0,0.0
Copa Sudamericana,2022,MEN,South America,GROUP_A,Group A,2022-05-19,Lanús (ARG),Montevideo Wanderers (URU),1,2,,,openfootball/south-america,https://raw.githubusercontent.com/openfootball/south-america/master/copa-libertadores/2022_copas.txt,UNKNOWN,HISTORICAL_REAL,7468e95a40884b37e7d7ed93,A,3,True,False,True,False,False,False,0.3,2.3333333333333335,1.8,1.8,15.0,1.3333333333333333,1.4,1.6666666666666667,15.0,0.0
Copa Sudamericana,2022,MEN,South America,GROUP_A,Group A,2022-05-19,Metropolitanos FC (VEN),Barcelona (ECU),2,2,,,openfootball/south-america,https://raw.githubusercontent.com/openfootball/south-america/master/copa-libertadores/2022_copas.txt,UNKNOWN,HISTORICAL_REAL,549e337143ca071a7f7eea14,D,4,True,False,False,True,False,False,0.3,0.3333333333333333,1.0,1.2,15.0,1.3333333333333333,1.75,1.75,15.0,0.0
Copa Libertadores,2022,MEN,South America,GROUP_STAGE,,2022-05-19,River Plate,Colo-Colo,4,0,,,ricardo-mattoss/Brazilian-Soccer-Data,https://github.com/ricardo-mattoss/Brazilian-Soccer-Data/blob/master/Data/Libertadores_Matches.csv,UNKNOWN,HISTORICAL_REAL,fceeb2e0dbff489b1165d5dc,H,4,False,True,False,False,False,False,0.5,2.3333333333333335,2.0,1.7,14.0,1.3333333333333333,1.4,1.3,14.0,0.0
Copa Sudamericana,2022,MEN,South America,GROUP_D,Group D,2022-05-19,São Paulo FC (BRA),Jorge Wilstermann (BOL),3,0,,,openfootball/south-america,https://raw.githubusercontent.com/openfootball/south-america/master/copa-libertadores/2022_copas.txt,UNKNOWN,HISTORICAL_REAL,09538899fbf501fb43e0c855,H,3,False,True,False,False,False,False,0.3,2.3333333333333335,2.6,2.1666666666666665,14.0,0.3333333333333333,0.4,0.9,14.0,0.0
Copa Sudamericana,2022,MEN,South America,GRUPPE_H,,2022-05-19,Unión de Santa Fe (ARG),Fluminense RJ (BRA),0,0,,,openfootball/south-america,https://raw.githubusercontent.com/openfootball/south-america/master/copa-libertadores/2022_copas.txt,UNKNOWN,HISTORICAL_REAL,071a02dfe39ba3b022d3d62e,D,0,False,False,False,True,False,False,0.3,2.3333333333333335,1.8,1.5,14.0,1.3333333333333333,1.6,1.5,15.0,-1.0
Copa Sudamericana,2022,MEN,South America,GROUP_F,Group F,2022-05-24,Defensa y Justicia (ARG),Antofagasta (CHI),0,2,,,openfootball/south-america,https://raw.githubusercontent.com/openfootball/south-america/master/copa-libertadores/2022_copas.txt,UNKNOWN,HISTORICAL_REAL,c1c44a9c1d0b10883b701d97,A,2,False,False,True,False,False,False,0.3,0.3333333333333333,0.8,1.5,6.0,1.0,0.6,1.0,7.0,-1.0
Copa Libertadores,2022,MEN,South America,GROUP_STAGE,,2022-05-24,Emelec,Independiente Petrolero,7,0,,,ricardo-mattoss/Brazilian-Soccer-Data,https://github.com/ricardo-mattoss/Brazilian-Soccer-Data/blob/master/Data/Libertadores_Matches.csv,UNKNOWN,HISTORICAL_REAL,c4c1b3681aae43cf79a9eb7f,H,7,False,True,False,False,False,False,0.5,1.0,1.0,1.0,6.0,0.0,0.2,0.2,6.0,0.0
Copa Libertadores,2022,MEN,South America,GROUP_STAGE,,2022-05-24,Flamengo,Sporting Cristal,2,1,,,ricardo-mattoss/Brazilian-Soccer-Data,https://github.com/ricardo-mattoss/Brazilian-Soccer-Data/blob/master/Data/Libertadores_Matches.csv,UNKNOWN,HISTORICAL_REAL,9cf687b5dc14e6e25d479a44,H,3,True,True,False,False,False,False,0.5,2.3333333333333335,2.6,2.8,7.0,0.6666666666666666,0.4,0.6,7.0,0.0
Copa Sudamericana,2022,MEN,South America,GROUP_E,Group E,2022-05-24,Independiente Medellín (COL),Guaireña FC (PAR),1,1,,,openfootball/south-america,https://raw.githubusercontent.com/openfootball/south-america/master/copa-libertadores/2022_copas.txt,UNKNOWN,HISTORICAL_REAL,a97e3a1d5783785377bbff38,D,2,True,False,False,True,False,False,0.3,0.0,0.8,1.4285714285714286,7.0,2.3333333333333335,1.8,1.4444444444444444,7.0,0.0
Copa Sudamericana,2022,MEN,South America,GROUP_E,Group E,2022-05-24,Internacional (BRA),9 de Octubre (ECU),5,1,,,openfootball/south-america,https://raw.githubusercontent.com/openfootball/south-america/master/copa-libertadores/2022_copas.txt,UNKNOWN,HISTORICAL_REAL,615ad5aa23186818bc6dfdb1,H,6,True,True,False,False,False,False,0.3,2.3333333333333335,1.8,1.8,7.0,1.0,0.8,1.1428571428571428,7.0,0.0
Copa Sudamericana,2022,MEN,South America,GROUP_F,Group F,2022-05-24,LDU Quito (ECU),Atlético Goianiense (BRA),1,1,,,openfootball/south-america,https://raw.githubusercontent.com/openfootball/south-america/master/copa-libertadores/2022_copas.txt,UNKNOWN,HISTORICAL_REAL,ff72ae4eb9151ffef24f6da5,D,2,True,False,False,True,False,False,0.3,2.3333333333333335,2.0,2.0,6.0,2.0,2.4,2.1,7.0,-1.0
Copa Libertadores,2022,MEN,South America,GROUP_STAGE,,2022-05-24,Nacional-URU,Red Bull Bragantino,3,0,,,ricardo-mattoss/Brazilian-Soccer-Data,https://github.com/ricardo-mattoss/Brazilian-Soccer-Data/blob/master/Data/Libertadores_Matches.csv,UNKNOWN,HISTORICAL_REAL,358a0fd91b6e0c86166dcb65,H,3,False,True,False,False,False,False,0.5,1.0,0.8,1.2,6.0,0.3333333333333333,1.0,1.0,7.0,-1.0
Copa Libertadores,2022,MEN,South America,GROUP_STAGE,,2022-05-24,Palmeiras,Deportivo Táchira,4,1,,,ricardo-mattoss/Brazilian-Soccer-Data,https://github.com/ricardo-mattoss/Brazilian-Soccer-Data/blob/master/Data/Libertadores_Matches.csv,UNKNOWN,HISTORICAL_REAL,51bb01feda8e2d86b9f43be9,H,5,True,True,False,False,False,False,0.5,3.0,3.0,2.4,6.0,2.0,1.4,1.3,6.0,0.0
Copa Sudamericana,2022,MEN,South America,GROUP_C,Group C,2022-05-24,Santos FC (BRA),Banfield (ARG),1,1,,,openfootball/south-america,https://raw.githubusercontent.com/openfootball/south-america/master/copa-libertadores/2022_copas.txt,UNKNOWN,HISTORICAL_REAL,ca997a69bda8db79b750757e,D,2,True,False,False,True,False,False,0.3,2.3333333333333335,2.0,1.8888888888888888,6.0,0.3333333333333333,0.8,0.8,7.0,-1.0
Copa Libertadores,2022,MEN,South America,GROUP_STAGE,,2022-05-24,Universidad Católica,Talleres,0,1,,,ricardo-mattoss/Brazilian-Soccer-Data,https://github.com/ricardo-mattoss/Brazilian-Soccer-Data/blob/master/Data/Libertadores_Matches.csv,UNKNOWN,HISTORICAL_REAL,ee0d3fe803759bc9471bac06,A,1,False,False,True,False,False,False,0.5,0.3333333333333333,0.8,1.0,7.0,1.6666666666666667,1.6,1.6,7.0,0.0
Copa Sudamericana,2022,MEN,South America,GROUP_C,Group C,2022-05-24,Unión La Calera (CHI),Universidad Catolica (ECU),3,2,,,openfootball/south-america,https://raw.githubusercontent.com/openfootball/south-america/master/copa-libertadores/2022_copas.txt,UNKNOWN,HISTORICAL_REAL,549fd22a692570660a61a596,H,5,True,True,False,False,False,False,0.3,1.3333333333333333,1.6,1.3,6.0,1.3333333333333333,1.0,1.1428571428571428,7.0,-1.0
Copa Libertadores,2022,MEN,South America,GROUP_STAGE,,2022-05-24,Vélez Sarsfield,Estudiantes,4,0,,,ricardo-mattoss/Brazilian-Soccer-Data,https://github.com/ricardo-mattoss/Brazilian-Soccer-Data/blob/master/Data/Libertadores_Matches.csv,UNKNOWN,HISTORICAL_REAL,63c2fd7ef3e0454d96bd2540,H,4,False,True,False,False,False,False,0.5,1.3333333333333333,1.0,1.5,6.0,3.0,2.6,2.6,7.0,-1.0
Copa Libertadores,2022,MEN,South America,GROUP_STAGE,,2022-05-25,Atlético-MG,Tolima,1,2,,,ricardo-mattoss/Brazilian-Soccer-Data,https://github.com/ricardo-mattoss/Brazilian-Soccer-Data/blob/master/Data/Libertadores_Matches.csv,UNKNOWN,HISTORICAL_REAL,6bff31c27c9edceb181aade5,A,3,True,False,True,False,False,False,0.5,2.3333333333333335,2.2,2.0,6.0,2.3333333333333335,1.6,1.6,7.0,-1.0
Copa Libertadores,2022,MEN,South America,GROUP_STAGE,,2022-05-25,Cerro Porteño,Olimpia-PAR,0,1,,,ricardo-mattoss/Brazilian-Soccer-Data,https://github.com/ricardo-mattoss/Brazilian-Soccer-Data/blob/master/Data/Libertadores_Matches.csv,UNKNOWN,HISTORICAL_REAL,7bbee2b7892b43661919dca3,A,1,False,False,True,False,False,False,0.5,1.3333333333333333,1.6,1.4,8.0,1.3333333333333333,1.0,1.0,7.0,1.0
Copa Libertadores,2022,MEN,South America,GROUP_STAGE,,2022-05-25,Colo-Colo,Fortaleza,3,4,,,ricardo-mattoss/Brazilian-Soccer-Data,https://github.com/ricardo-mattoss/Brazilian-Soccer-Data/blob/master/Data/Libertadores_Matches.csv,UNKNOWN,HISTORICAL_REAL,fd5f45fa276cf78ab1c409ff,A,7,True,False,True,False,False,False,0.5,0.3333333333333333,1.4,1.3,6.0,2.3333333333333335,1.4,1.4,7.0,-1.0
Copa Sudamericana,2022,MEN,South America,GRUPPE_G,,2022-05-25,Deportivo La Guaira (VEN),General Caballero DJLM (PAR),0,1,,,openfootball/south-america,https://raw.githubusercontent.com/openfootball/south-america/master/copa-libertadores/2022_copas.txt,UNKNOWN,HISTORICAL_REAL,df2ee2eade76d2f21a428c1b,A,1,False,False,True,False,False,False,0.3,0.0,0.2,0.5714285714285714,6.0,0.0,0.2,1.0,8.0,-2.0
Copa Sudamericana,2022,MEN,South America,GRUPPE_G,,2022-05-25,Independiente (ARG),Ceará CE (BRA),0,2,,,openfootball/south-america,https://raw.githubusercontent.com/openfootball/south-america/master/copa-libertadores/2022_copas.txt,UNKNOWN,HISTORICAL_REAL,059554041ab5a22ce4d9bdf3,A,2,False,False,True,False,False,False,0.3,3.0,2.4,2.0,6.0,3.0,3.0,2.1,8.0,-2.0
Copa Libertadores,2022,MEN,South America,GROUP_STAGE,,2022-05-25,Independiente del Valle,América-MG,3,0,,,ricardo-mattoss/Brazilian-Soccer-Data,https://github.com/ricardo-mattoss/Brazilian-Soccer-Data/blob/master/Data/Libertadores_Matches.csv,UNKNOWN,HISTORICAL_REAL,d0ca0d920a14287934b3b3ef,H,3,False,True,False,False,False,False,0.5,0.3333333333333333,1.0,0.9,6.0,0.3333333333333333,0.4,0.4,7.0,-1.0
Copa Sudamericana,2022,MEN,South America,GROUP_D,Group D,2022-05-25,Jorge Wilstermann (BOL),Everton (CHI),0,2,,,openfootball/south-america,https://raw.githubusercontent.com/openfootball/south-america/master/copa-libertadores/2022_copas.txt,UNKNOWN,HISTORICAL_REAL,0ada3495b9ed0b7c57054d05,A,2,False,False,True,False,False,False,0.3,0.3333333333333333,0.4,0.9,6.0,2.3333333333333335,1.6,1.6,7.0,-1.0
Copa Sudamericana,2022,MEN,South America,GROUP_A,Group A,2022-05-25,Lanús (ARG),Metropolitanos FC (VEN),1,0,,,openfootball/south-america,https://raw.githubusercontent.com/openfootball/south-america/master/copa-libertadores/2022_copas.txt,UNKNOWN,HISTORICAL_REAL,f397c4a0396ea68a3f26a040,H,1,False,True,False,False,False,False,0.3,1.3333333333333333,1.6,1.5,6.0,0.3333333333333333,0.6,1.0,6.0,0.0
Copa Sudamericana,2022,MEN,South America,GROUP_A,Group A,2022-05-25,Montevideo Wanderers (URU),Barcelona (ECU),0,0,,,openfootball/south-america,https://raw.githubusercontent.com/openfootball/south-america/master/copa-libertadores/2022_copas.txt,UNKNOWN,HISTORICAL_REAL,86ca747640aedfb0181d7ff6,D,0,False,False,False,True,False,False,0.3,2.0,1.4,1.8571428571428572,6.0,1.6666666666666667,1.6,1.6,6.0,0.0
Copa Libertadores,2022,MEN,South America,GROUP_STAGE,,2022-05-25,Peñarol,Colón,2,1,,,ricardo-mattoss/Brazilian-Soccer-Data,https://github.com/ricardo-mattoss/Brazilian-Soccer-Data/blob/master/Data/Libertadores_Matches.csv,UNKNOWN,HISTORICAL_REAL,ba7064c3aa05658d6f13dba4,H,3,True,True,False,False,False,False,0.5,0.3333333333333333,0.8,1.3,8.0,2.3333333333333335,2.0,2.0,7.0,1.0
Copa Libertadores,2022,MEN,South America,GROUP_STAGE,,2022-05-25,River Plate,Alianza Lima,8,1,,,ricardo-mattoss/Brazilian-Soccer-Data,https://github.com/ricardo-mattoss/Brazilian-Soccer-Data/blob/master/Data/Libertadores_Matches.csv,UNKNOWN,HISTORICAL_REAL,37b358d070162242483c6c3a,H,9,True,True,False,False,False,False,0.5,2.3333333333333335,2.6,1.7,6.0,0.3333333333333333,0.2,0.2,7.0,-1.0
Copa Sudamericana,2022,MEN,South America,GROUP_D,Group D,2022-05-25,São Paulo FC (BRA),Ayacucho FC (PER),1,0,,,openfootball/south-america,https://raw.githubusercontent.com/openfootball/south-america/master/copa-libertadores/2022_copas.txt,UNKNOWN,HISTORICAL_REAL,4cb02949e2f1d848fce085a3,H,1,False,True,False,False,False,False,0.3,2.3333333333333335,2.6,2.2857142857142856,6.0,0.3333333333333333,0.8,1.0,7.0,-1.0
Copa Libertadores,2022,MEN,South America,GROUP_STAGE,,2022-05-26,Athletico,Caracas,5,1,,,ricardo-mattoss/Brazilian-Soccer-Data,https://github.com/ricardo-mattoss/Brazilian-Soccer-Data/blob/master/Data/Libertadores_Matches.csv,UNKNOWN,HISTORICAL_REAL,1458e4631c99943704f16c25,H,6,True,True,False,False,False,False,0.5,1.0,1.4,1.2,8.0,1.6666666666666667,1.2,1.2,9.0,-1.0
Copa Sudamericana,2022,MEN,South America,GRUPPE_H,,2022-05-26,Atlético Junior (COL),Unión de Santa Fe (ARG),0,4,,,openfootball/south-america,https://raw.githubusercontent.com/openfootball/south-america/master/copa-libertadores/2022_copas.txt,UNKNOWN,HISTORICAL_REAL,bbb558c06a68e2b7e2390171,A,4,False,False,True,False,False,False,0.3,2.0,2.0,2.0,9.0,1.6666666666666667,1.8,1.3,7.0,2.0
Copa Libertadores,2022,MEN,South America,GROUP_STAGE,,2022-05-26,Boca Juniors,Deportivo Cali,1,0,,,ricardo-mattoss/Brazilian-Soccer-Data,https://github.com/ricardo-mattoss/Brazilian-Soccer-Data/blob/master/Data/Libertadores_Matches.csv,UNKNOWN,HISTORICAL_REAL,072fbe1815cfa7dea3291f8f,H,1,False,True,False,False,False,False,0.5,1.3333333333333333,1.4,1.3,9.0,1.6666666666666667,1.6,1.6,7.0,2.0
Copa Libertadores,2022,MEN,South America,GROUP_STAGE,,2022-05-26,Corinthians,Always Ready,1,1,,,ricardo-mattoss/Brazilian-Soccer-Data,https://github.com/ricardo-mattoss/Brazilian-Soccer-Data/blob/master/Data/Libertadores_Matches.csv,UNKNOWN,HISTORICAL_REAL,e1201def8d9c25ec852e158e,D,2,True,False,False,True,False,False,0.5,1.6666666666666667,1.6,1.6,9.0,0.3333333333333333,0.8,0.8,7.0,2.0
Copa Sudamericana,2022,MEN,South America,GROUP_B,Group B,2022-05-26,FBC Melgar (PER),Cuiabá MT (BRA),3,1,,,openfootball/south-america,https://raw.githubusercontent.com/openfootball/south-america/master/copa-libertadores/2022_copas.txt,UNKNOWN,HISTORICAL_REAL,fb907c4ae863fa074a70385a,H,4,True,True,False,False,False,False,0.3,2.0,1.8,1.4,8.0,1.0,1.2,1.2,8.0,0.0
Copa Libertadores,2022,MEN,South America,GROUP_STAGE,,2022-05-26,Libertad-PAR,The Strongest,4,1,,,ricardo-mattoss/Brazilian-Soccer-Data,https://github.com/ricardo-mattoss/Brazilian-Soccer-Data/blob/master/Data/Libertadores_Matches.csv,UNKNOWN,HISTORICAL_REAL,250139d4882a7c8f8eed6b3f,H,5,True,True,False,False,False,False,0.5,1.0,1.4,1.4,8.0,1.6666666666666667,1.2,1.2,9.0,-1.0
Copa Sudamericana,2022,MEN,South America,GRUPPE_H,,2022-05-26,Oriente Petrolero (BOL),Fluminense RJ (BRA),1,10,,,openfootball/south-america,https://raw.githubusercontent.com/openfootball/south-america/master/copa-libertadores/2022_copas.txt,UNKNOWN,HISTORICAL_REAL,7b5d6b7eb21ea958347c91f7,A,11,True,False,True,False,False,False,0.3,0.0,0.0,0.7777777777777778,9.0,1.6666666666666667,1.6,1.4285714285714286,7.0,2.0
Copa Sudamericana,2022,MEN,South America,GROUP_B,Group B,2022-05-26,Racing Club (ARG),River Plate (URU),0,1,,,openfootball/south-america,https://raw.githubusercontent.com/openfootball/south-america/master/copa-libertadores/2022_copas.txt,UNKNOWN,HISTORICAL_REAL,c1750b180c6ba9b6cc9e0de2,A,1,False,False,True,False,False,False,0.3,2.0,2.4,2.4,8.0,1.0,0.6,1.5,8.0,0.0
Copa Libertadores,2022,MEN,South America,ROUND_OF_16,,2022-06-28,Athletico,Libertad-PAR,2,1,,,ricardo-mattoss/Brazilian-Soccer-Data,https://github.com/ricardo-mattoss/Brazilian-Soccer-Data/blob/master/Data/Libertadores_Matches.csv,UNKNOWN,HISTORICAL_REAL,9f565ae7c1ccd0b8d0617147,H,3,True,True,False,False,True,False,0.7,2.0,1.8,1.2,33.0,1.0,1.8,1.7,33.0,0.0
Copa Sudamericana,2022,MEN,South America,ROUND_OF_16,,2022-06-28,Colo-Colo (CHI),Internacional (BRA),2,0,,,openfootball/south-america,https://raw.githubusercontent.com/openfootball/south-america/master/copa-libertadores/2022_copas.txt,UNKNOWN,HISTORICAL_REAL,a6b69635f0bcb8a6d277aee7,H,2,False,True,False,False,True,False,0.7,,,,,2.3333333333333335,2.2,2.0,35.0,
Copa Libertadores,2022,MEN,South America,ROUND_OF_16,,2022-06-28,Corinthians,Boca Juniors,0,0,,,ricardo-mattoss/Brazilian-Soccer-Data,https://github.com/ricardo-mattoss/Brazilian-Soccer-Data/blob/master/Data/Libertadores_Matches.csv,UNKNOWN,HISTORICAL_REAL,dabcec074665bd90a63b3616,D,0,False,False,False,True,True,False,0.7,1.0,1.8,1.5,33.0,2.3333333333333335,2.0,1.6,33.0,0.0
Copa Libertadores,2022,MEN,South America,ROUND_OF_16,,2022-06-28,Emelec,Atlético-MG,1,1,,,ricardo-mattoss/Brazilian-Soccer-Data,https://github.com/ricardo-mattoss/Brazilian-Soccer-Data/blob/master/Data/Libertadores_Matches.csv,UNKNOWN,HISTORICAL_REAL,9d2678963e366ccce6126dd7,D,2,True,False,False,True,True,False,0.7,2.0,1.4,1.3333333333333333,35.0,2.0,1.6,1.9,34.0,1.0
Copa Sudamericana,2022,MEN,South America,ROUND_OF_16,,2022-06-28,Nacional (URU),Unión de Santa Fe (ARG),2,0,,,openfootball/south-america,https://raw.githubusercontent.com/openfootball/south-america/master/copa-libertadores/2022_copas.txt,UNKNOWN,HISTORICAL_REAL,a29acc9136bf131281e8b2e4,H,2,False,True,False,False,True,False,0.7,1.5,1.5,1.5,341.0,2.3333333333333335,2.2,1.6,33.0,308.0
Copa Libertadores,2022,MEN,South America,ROUND_OF_16,,2022-06-29,Cerro Porteño,Palmeiras,0,3,,,ricardo-mattoss/Brazilian-Soccer-Data,https://github.com/ricardo-mattoss/Brazilian-Soccer-Data/blob/master/Data/Libertadores_Matches.csv,UNKNOWN,HISTORICAL_REAL,5e2003440b230a733782d212,A,3,False,False,True,False,True,False,0.7,0.3333333333333333,1.4,1.1,35.0,3.0,3.0,2.4,36.0,-1.0
Copa Sudamericana,2022,MEN,South America,ROUND_OF_16,,2022-06-29,Deportivo Cali (COL),FBC Melgar (PER),0,0,,,openfootball/south-america,https://raw.githubusercontent.com/openfootball/south-america/master/copa-libertadores/2022_copas.txt,UNKNOWN,HISTORICAL_REAL,578b8ec579870409b88d771f,D,0,False,False,False,True,True,False,0.7,0.3333333333333333,0.8,1.625,449.0,2.0,2.4,1.7,34.0,415.0
Copa Sudamericana,2022,MEN,South America,ROUND_OF_16,,2022-06-29,Deportivo Táchira (VEN),Santos FC (BRA),1,1,,,openfootball/south-america,https://raw.githubusercontent.com/openfootball/south-america/master/copa-libertadores/2022_copas.txt,UNKNOWN,HISTORICAL_REAL,0aa0cabdc19181c4bf1c80c5,D,2,True,False,False,True,True,False,0.7,0.5,0.5,0.5,342.0,2.3333333333333335,2.2,1.8,36.0,306.0
Copa Libertadores,2022,MEN,South America,ROUND_OF_16,,2022-06-29,Talleres,Colón,1,1,,,ricardo-mattoss/Brazilian-Soccer-Data,https://github.com/ricardo-mattoss/Brazilian-Soccer-Data/blob/master/Data/Libertadores_Matches.csv,UNKNOWN,HISTORICAL_REAL,574c77cd7411d1617e480486,D,2,True,False,False,True,True,False,0.7,1.6666666666666667,1.6,1.8333333333333333,36.0,2.0,1.4,1.6666666666666667,35.0,1.0
Copa Sudamericana,2022,MEN,South America,ROUND_OF_16,,2022-06-29,The Strongest (BOL),Ceará CE (BRA),1,2,,,openfootball/south-america,https://raw.githubusercontent.com/openfootball/south-america/master/copa-libertadores/2022_copas.txt,UNKNOWN,HISTORICAL_REAL,f998346a9172d26b06035812,A,3,True,False,True,False,True,False,0.7,,,,,3.0,3.0,2.3,35.0,
Copa Libertadores,2022,MEN,South America,ROUND_OF_16,,2022-06-29,Tolima,Flamengo,0,1,,,ricardo-mattoss/Brazilian-Soccer-Data,https://github.com/ricardo-mattoss/Brazilian-Soccer-Data/blob/master/Data/Libertadores_Matches.csv,UNKNOWN,HISTORICAL_REAL,6afcd8bed1d59a9b03d41184,A,1,False,False,True,False,True,False,0.7,2.3333333333333335,2.2,1.8333333333333333,35.0,2.3333333333333335,2.6,2.8,36.0,-1.0
Copa Libertadores,2022,MEN,South America,ROUND_OF_16,,2022-06-29,Vélez Sarsfield,River Plate,1,0,,,ricardo-mattoss/Brazilian-Soccer-Data,https://github.com/ricardo-mattoss/Brazilian-Soccer-Data/blob/master/Data/Libertadores_Matches.csv,UNKNOWN,HISTORICAL_REAL,0c2a7a0b252fb7a072cc1386,H,1,False,True,False,False,True,False,0.7,2.3333333333333335,1.6,1.5,36.0,2.3333333333333335,2.6,2.0,35.0,1.0
Copa Sudamericana,2022,MEN,South America,ROUND_OF_16,,2022-06-30,Club Olimpia (PAR),Atlético Goianiense (BRA),2,0,,,openfootball/south-america,https://raw.githubusercontent.com/openfootball/south-america/master/copa-libertadores/2022_copas.txt,UNKNOWN,HISTORICAL_REAL,19f2b345befd06d070e8a449,H,2,False,True,False,False,True,False,0.7,,,,,2.3333333333333335,2.0,1.9,37.0,
Copa Libertadores,2022,MEN,South America,ROUND_OF_16,,2022-06-30,Fortaleza,Estudiantes,1,1,,,ricardo-mattoss/Brazilian-Soccer-Data,https://github.com/ricardo-mattoss/Brazilian-Soccer-Data/blob/master/Data/Libertadores_Matches.csv,UNKNOWN,HISTORICAL_REAL,4cf79085ba0ebf7195909b24,D,2,True,False,False,True,True,False,0.7,2.3333333333333335,2.0,1.6666666666666667,36.0,2.0,2.0,2.1666666666666665,37.0,-1.0
Copa Sudamericana,2022,MEN,South America,ROUND_OF_16,,2022-06-30,Independiente del Valle (ECU),Lanús (ARG),2,1,,,openfootball/south-america,https://raw.githubusercontent.com/openfootball/south-america/master/copa-libertadores/2022_copas.txt,UNKNOWN,HISTORICAL_REAL,2c7b45e1bf33b6f9b5d0038c,H,3,True,True,False,False,True,False,0.7,0.5,0.5,0.5,344.0,1.3333333333333333,2.0,1.8,36.0,308.0
Copa Sudamericana,2022,MEN,South America,ROUND_OF_16,,2022-06-30,Universidad Católica (CHI),São Paulo FC (BRA),2,4,,,openfootball/south-america,https://raw.githubusercontent.com/openfootball/south-america/master/copa-libertadores/2022_copas.txt,UNKNOWN,HISTORICAL_REAL,10fb874c3837a8ae249f5398,A,6,True,False,True,False,True,False,0.7,1.0,1.8,1.6666666666666667,562.0,2.3333333333333335,2.6,2.375,36.0,526.0
Copa Libertadores,2022,MEN,South America,ROUND_OF_16,,2022-07-05,Atlético-MG,Emelec,1,0,,,ricardo-mattoss/Brazilian-Soccer-Data,https://github.com/ricardo-mattoss/Brazilian-Soccer-Data/blob/master/Data/Libertadores_Matches.csv,UNKNOWN,HISTORICAL_REAL,56c5fafc4afb0805f4a99838,H,1,False,True,False,False,True,False,0.7,1.3333333333333333,1.6,1.7,7.0,1.3333333333333333,1.4,1.2857142857142858,7.0,0.0
Copa Libertadores,2022,MEN,South America,ROUND_OF_16,,2022-07-05,Boca Juniors,Corinthians,0,0,,,ricardo-mattoss/Brazilian-Soccer-Data,https://github.com/ricardo-mattoss/Brazilian-Soccer-Data/blob/master/Data/Libertadores_Matches.csv,UNKNOWN,HISTORICAL_REAL,55f406014bcc5675046afeb9,D,0,False,False,False,True,True,False,0.7,1.6666666666666667,1.6,1.6,7.0,1.0,1.4,1.4285714285714286,7.0,0.0
Copa Sudamericana,2022,MEN,South America,ROUND_OF_16,,2022-07-05,Internacional (BRA),Colo-Colo (CHI),4,1,,,openfootball/south-america,https://raw.githubusercontent.com/openfootball/south-america/master/copa-libertadores/2022_copas.txt,UNKNOWN,HISTORICAL_REAL,f20ff5c5ed08e4762a41a358,H,5,True,True,False,False,True,False,0.7,2.0,2.0,1.7142857142857142,7.0,3.0,3.0,3.0,7.0,0.0
Copa Libertadores,2022,MEN,South America,ROUND_OF_16,,2022-07-05,Libertad-PAR,Athletico,1,1,,,ricardo-mattoss/Brazilian-Soccer-Data,https://github.com/ricardo-mattoss/Brazilian-Soccer-Data/blob/master/Data/Libertadores_Matches.csv,UNKNOWN,HISTORICAL_REAL,d738db3452a195fa32e45e2e,D,2,True,False,False,True,True,False,0.7,1.0,1.2,1.4,7.0,3.0,1.8,1.4,7.0,0.0
Copa Sudamericana,2022,MEN,South America,ROUND_OF_16,,2022-07-05,Unión de Santa Fe (ARG),Nacional (URU),1,2,,,openfootball/south-america,https://raw.githubusercontent.com/openfootball/south-america/master/copa-libertadores/2022_copas.txt,UNKNOWN,HISTORICAL_REAL,1b785e9d800aa7fd4cf7a506,A,3,True,False,True,False,True,False,0.7,1.3333333333333333,1.6,1.6,7.0,2.0,2.0,2.0,7.0,0.0
Copa Sudamericana,2022,MEN,South America,ROUND_OF_16,,2022-07-06,Ceará CE (BRA),The Strongest (BOL),3,0,,,openfootball/south-america,https://raw.githubusercontent.com/openfootball/south-america/master/copa-libertadores/2022_copas.txt,UNKNOWN,HISTORICAL_REAL,3971abeed67d73c9cfb3277a,H,3,False,True,False,False,True,False,0.7,3.0,3.0,2.5,7.0,0.0,0.0,0.0,7.0,0.0
Copa Libertadores,2022,MEN,South America,ROUND_OF_16,,2022-07-06,Colón,Talleres,0,2,,,ricardo-mattoss/Brazilian-Soccer-Data,https://github.com/ricardo-mattoss/Brazilian-Soccer-Data/blob/master/Data/Libertadores_Matches.csv,UNKNOWN,HISTORICAL_REAL,4a162b6dc7c248b71a813ad1,A,2,False,False,True,False,True,False,0.7,1.3333333333333333,1.6,1.5714285714285714,7.0,1.6666666666666667,1.8,1.7142857142857142,7.0,0.0
Copa Sudamericana,2022,MEN,South America,ROUND_OF_16,,2022-07-06,FBC Melgar (PER),Deportivo Cali (COL),2,1,,,openfootball/south-america,https://raw.githubusercontent.com/openfootball/south-america/master/copa-libertadores/2022_copas.txt,UNKNOWN,HISTORICAL_REAL,38dcadb6a7c22be8c14beaf9,H,3,True,True,False,False,True,False,0.7,1.3333333333333333,2.0,1.8,7.0,0.6666666666666666,0.4,1.5555555555555556,7.0,0.0
Copa Libertadores,2022,MEN,South America,ROUND_OF_16,,2022-07-06,Flamengo,Tolima,7,1,,,ricardo-mattoss/Brazilian-Soccer-Data,https://github.com/ricardo-mattoss/Brazilian-Soccer-Data/blob/master/Data/Libertadores_Matches.csv,UNKNOWN,HISTORICAL_REAL,348c58a9d40307011f086a09,H,8,True,True,False,False,True,False,0.7,3.0,2.6,2.8,7.0,1.3333333333333333,2.0,1.5714285714285714,7.0,0.0
Copa Libertadores,2022,MEN,South America,ROUND_OF_16,,2022-07-06,Palmeiras,Cerro Porteño,5,0,,,ricardo-mattoss/Brazilian-Soccer-Data,https://github.com/ricardo-mattoss/Brazilian-Soccer-Data/blob/master/Data/Libertadores_Matches.csv,UNKNOWN,HISTORICAL_REAL,b4a5e858ba1884082b2ecd43,H,5,False,True,False,False,True,False,0.7,3.0,3.0,2.6,7.0,0.3333333333333333,0.8,1.1,7.0,0.0
Copa Libertadores,2022,MEN,South America,ROUND_OF_16,,2022-07-06,River Plate,Vélez Sarsfield,0,0,,,ricardo-mattoss/Brazilian-Soccer-Data,https://github.com/ricardo-mattoss/Brazilian-Soccer-Data/blob/master/Data/Libertadores_Matches.csv,UNKNOWN,HISTORICAL_REAL,0888b1ef687d2ad1f27b7271,D,0,False,False,False,True,True,False,0.7,2.0,2.0,1.9,7.0,3.0,2.0,1.5,7.0,0.0
Copa Sudamericana,2022,MEN,South America,ROUND_OF_16,,2022-07-06,Santos FC (BRA),Deportivo Táchira (VEN),2,4,,,openfootball/south-america,https://raw.githubusercontent.com/openfootball/south-america/master/copa-libertadores/2022_copas.txt,UNKNOWN,HISTORICAL_REAL,9c054ab46d6288e86cb42b1a,A,6,True,False,True,False,True,False,0.7,1.6666666666666667,1.8,1.6,7.0,0.6666666666666666,0.6666666666666666,0.6666666666666666,7.0,0.0
Copa Sudamericana,2022,MEN,South America,ROUND_OF_16,,2022-07-07,Atlético Goianiense (BRA),Club Olimpia (PAR),5,3,,,openfootball/south-america,https://raw.githubusercontent.com/openfootball/south-america/master/copa-libertadores/2022_copas.txt,UNKNOWN,HISTORICAL_REAL,b494ca5dabc4cd81dc163e23,H,8,True,True,False,False,True,False,0.7,1.3333333333333333,1.4,1.6,7.0,3.0,3.0,3.0,7.0,0.0
Copa Libertadores,2022,MEN,South America,ROUND_OF_16,,2022-07-07,Estudiantes,Fortaleza,3,0,,,ricardo-mattoss/Brazilian-Soccer-Data,https://github.com/ricardo-mattoss/Brazilian-Soccer-Data/blob/master/Data/Libertadores_Matches.csv,UNKNOWN,HISTORICAL_REAL,dba8556726a6171e84e39a8d,H,3,False,True,False,False,True,False,0.7,1.3333333333333333,2.0,2.0,7.0,2.3333333333333335,2.2,1.5714285714285714,7.0,0.0
Copa Sudamericana,2022,MEN,South America,ROUND_OF_16,,2022-07-07,Lanús (ARG),Independiente del Valle (ECU),0,0,,,openfootball/south-america,https://raw.githubusercontent.com/openfootball/south-america/master/copa-libertadores/2022_copas.txt,UNKNOWN,HISTORICAL_REAL,9226f8aeadb920cf77598bbc,D,0,False,False,False,True,True,False,0.7,1.0,1.4,1.5,7.0,1.3333333333333333,1.3333333333333333,1.3333333333333333,7.0,0.0
Copa Sudamericana,2022,MEN,South America,ROUND_OF_16,,2022-07-07,São Paulo FC (BRA),Universidad Católica (CHI),4,1,,,openfootball/south-america,https://raw.githubusercontent.com/openfootball/south-america/master/copa-libertadores/2022_copas.txt,UNKNOWN,HISTORICAL_REAL,11f64c6606678f5bb87ad1e1,H,5,True,True,False,False,True,False,0.7,3.0,2.6,2.4444444444444446,7.0,1.0,1.2,1.4285714285714286,7.0,0.0
Copa Libertadores,2022,MEN,South America,QUARTERFINAL,,2022-08-02,Corinthians,Flamengo,0,2,,,ricardo-mattoss/Brazilian-Soccer-Data,https://github.com/ricardo-mattoss/Brazilian-Soccer-Data/blob/master/Data/Libertadores_Matches.csv,UNKNOWN,HISTORICAL_REAL,6d20c3fe5bcacb81c53866a4,A,2,False,False,True,False,True,False,0.8,1.0,1.0,1.375,28.0,3.0,2.6,2.8,27.0,1.0
Copa Sudamericana,2022,MEN,South America,QUARTERFINAL,,2022-08-02,Deportivo Táchira (VEN),Independiente del Valle (ECU),0,1,,,openfootball/south-america,https://raw.githubusercontent.com/openfootball/south-america/master/copa-libertadores/2022_copas.txt,UNKNOWN,HISTORICAL_REAL,33e5e38d8460351a2a3316f0,A,1,False,False,True,False,True,False,0.8,1.3333333333333333,1.25,1.25,27.0,1.6666666666666667,1.25,1.25,26.0,1.0
Copa Sudamericana,2022,MEN,South America,QUARTERFINAL,,2022-08-02,Nacional (URU),Atlético Goianiense (BRA),0,1,,,openfootball/south-america,https://raw.githubusercontent.com/openfootball/south-america/master/copa-libertadores/2022_copas.txt,UNKNOWN,HISTORICAL_REAL,ab1b958ae466d1a3b4be5347,A,1,False,False,True,False,True,False,0.8,3.0,2.25,2.25,28.0,1.3333333333333333,2.0,1.8,26.0,2.0
Copa Libertadores,2022,MEN,South America,QUARTERFINAL,,2022-08-03,Atlético-MG,Palmeiras,2,2,,,ricardo-mattoss/Brazilian-Soccer-Data,https://github.com/ricardo-mattoss/Brazilian-Soccer-Data/blob/master/Data/Libertadores_Matches.csv,UNKNOWN,HISTORICAL_REAL,7dde1d81bdceeec9441ba928,D,4,True,False,False,True,True,False,0.8,1.3333333333333333,2.0,1.7,29.0,3.0,3.0,2.6,28.0,1.0
Copa Sudamericana,2022,MEN,South America,QUARTERFINAL,,2022-08-03,São Paulo FC (BRA),Ceará CE (BRA),1,0,,,openfootball/south-america,https://raw.githubusercontent.com/openfootball/south-america/master/copa-libertadores/2022_copas.txt,UNKNOWN,HISTORICAL_REAL,ff8569e086dfc82715efb93a,H,1,False,True,False,False,True,False,0.8,3.0,2.6,2.5,27.0,3.0,3.0,2.7,28.0,-1.0
Copa Libertadores,2022,MEN,South America,QUARTERFINAL,,2022-08-03,Vélez Sarsfield,Talleres,3,2,,,ricardo-mattoss/Brazilian-Soccer-Data,https://github.com/ricardo-mattoss/Brazilian-Soccer-Data/blob/master/Data/Libertadores_Matches.csv,UNKNOWN,HISTORICAL_REAL,9ee1d6b3b61d06d944655e61,H,5,True,True,False,False,True,False,0.8,2.3333333333333335,2.2,1.5,28.0,2.3333333333333335,1.8,1.875,28.0,0.0
Copa Libertadores,2022,MEN,South America,QUARTERFINAL,,2022-08-04,Athletico,Estudiantes,0,0,,,ricardo-mattoss/Brazilian-Soccer-Data,https://github.com/ricardo-mattoss/Brazilian-Soccer-Data/blob/master/Data/Libertadores_Matches.csv,UNKNOWN,HISTORICAL_REAL,c8e062134e680e28a825b933,D,0,False,False,False,True,True,False,0.8,2.3333333333333335,2.0,1.5,30.0,1.3333333333333333,2.0,2.125,28.0,2.0
Copa Sudamericana,2022,MEN,South America,QUARTERFINAL,,2022-08-04,FBC Melgar (PER),Internacional (BRA),0,0,,,openfootball/south-america,https://raw.githubusercontent.com/openfootball/south-america/master/copa-libertadores/2022_copas.txt,UNKNOWN,HISTORICAL_REAL,8d4e55e2d57741587a24f07f,D,0,False,False,False,True,True,False,0.8,2.3333333333333335,2.0,2.0,29.0,2.0,2.0,1.875,30.0,-1.0
Copa Sudamericana,2022,MEN,South America,QUARTERFINAL,,2022-08-09,Atlético Goianiense (BRA),Nacional (URU),3,0,,,openfootball/south-america,https://raw.githubusercontent.com/openfootball/south-america/master/copa-libertadores/2022_copas.txt,UNKNOWN,HISTORICAL_REAL,c41141b2d7cf7c90ea7f436f,H,3,False,True,False,False,True,False,0.8,2.0,2.0,2.0,7.0,2.0,1.8,1.8,7.0,0.0
Copa Libertadores,2022,MEN,South America,QUARTERFINAL,,2022-08-09,Flamengo,Corinthians,1,0,,,ricardo-mattoss/Brazilian-Soccer-Data,https://github.com/ricardo-mattoss/Brazilian-Soccer-Data/blob/master/Data/Libertadores_Matches.csv,UNKNOWN,HISTORICAL_REAL,455f4dc1dbb264fc44b018a3,H,1,False,True,False,False,True,False,0.8,3.0,3.0,2.8,7.0,0.6666666666666666,0.8,1.2222222222222223,7.0,0.0
Copa Sudamericana,2022,MEN,South America,QUARTERFINAL,,2022-08-09,Independiente del Valle (ECU),Deportivo Táchira (VEN),4,1,,,openfootball/south-america,https://raw.githubusercontent.com/openfootball/south-america/master/copa-libertadores/2022_copas.txt,UNKNOWN,HISTORICAL_REAL,0bd363e304ccc1b4d7e44e73,H,5,True,True,False,False,True,False,0.8,2.3333333333333335,1.6,1.6,7.0,1.3333333333333333,1.0,1.0,7.0,0.0
Copa Sudamericana,2022,MEN,South America,QUARTERFINAL,,2022-08-10,Ceará CE (BRA),São Paulo FC (BRA),3,4,,,openfootball/south-america,https://raw.githubusercontent.com/openfootball/south-america/master/copa-libertadores/2022_copas.txt,UNKNOWN,HISTORICAL_REAL,3835f5b0c16540c7e5df8c83,A,7,True,False,True,False,True,False,0.8,2.0,2.4,2.4,7.0,3.0,3.0,2.8,7.0,0.0
Copa Libertadores,2022,MEN,South America,QUARTERFINAL,,2022-08-10,Palmeiras,Atlético-MG,0,0,,,ricardo-mattoss/Brazilian-Soccer-Data,https://github.com/ricardo-mattoss/Brazilian-Soccer-Data/blob/master/Data/Libertadores_Matches.csv,UNKNOWN,HISTORICAL_REAL,471af5588c55ddaf1239cde4,D,0,False,False,False,True,True,False,0.8,2.3333333333333335,2.6,2.6,7.0,1.6666666666666667,1.6,1.7,7.0,0.0
Copa Libertadores,2022,MEN,South America,QUARTERFINAL,,2022-08-10,Talleres,Vélez Sarsfield,0,1,,,ricardo-mattoss/Brazilian-Soccer-Data,https://github.com/ricardo-mattoss/Brazilian-Soccer-Data/blob/master/Data/Libertadores_Matches.csv,UNKNOWN,HISTORICAL_REAL,10eb72845dd055290df5206b,A,1,False,False,True,False,True,False,0.8,1.3333333333333333,1.6,1.6666666666666667,7.0,2.3333333333333335,2.6,1.5,7.0,0.0
Copa Libertadores,2022,MEN,South America,QUARTERFINAL,,2022-08-11,Estudiantes,Athletico,0,1,,,ricardo-mattoss/Brazilian-Soccer-Data,https://github.com/ricardo-mattoss/Brazilian-Soccer-Data/blob/master/Data/Libertadores_Matches.csv,UNKNOWN,HISTORICAL_REAL,673d4432ceb9e4679b829118,A,1,False,False,True,False,True,False,0.8,1.6666666666666667,1.6,2.0,7.0,1.6666666666666667,2.2,1.5,7.0,0.0
Copa Sudamericana,2022,MEN,South America,QUARTERFINAL,,2022-08-11,Internacional (BRA),FBC Melgar (PER),0,0,1.0,3.0,openfootball/south-america,https://raw.githubusercontent.com/openfootball/south-america/master/copa-libertadores/2022_copas.txt,UNKNOWN,HISTORICAL_REAL,7b3a82fc0fb56a6541d60f7d,D,0,False,False,False,True,True,False,0.8,1.3333333333333333,2.0,1.7777777777777777,7.0,1.6666666666666667,1.6,2.0,7.0,0.0
Copa Libertadores,2022,MEN,South America,SEMIFINAL,,2022-08-30,Athletico,Palmeiras,1,0,,,ricardo-mattoss/Brazilian-Soccer-Data,https://github.com/ricardo-mattoss/Brazilian-Soccer-Data/blob/master/Data/Libertadores_Matches.csv,UNKNOWN,HISTORICAL_REAL,c1d0fe14a779a2604b7518e9,H,1,False,True,False,False,True,False,0.9,1.6666666666666667,2.2,1.8,19.0,1.6666666666666667,2.2,2.6,20.0,-1.0
Copa Sudamericana,2022,MEN,South America,SEMIFINAL,,2022-08-31,Independiente del Valle (ECU),FBC Melgar (PER),3,0,,,openfootball/south-america,https://raw.githubusercontent.com/openfootball/south-america/master/copa-libertadores/2022_copas.txt,UNKNOWN,HISTORICAL_REAL,a7b28942156717c8a4f980b6,H,3,False,True,False,False,True,False,0.9,2.3333333333333335,2.2,1.8333333333333333,22.0,1.6666666666666667,1.8,1.8,20.0,2.0
Copa Libertadores,2022,MEN,South America,SEMIFINAL,,2022-08-31,Vélez Sarsfield,Flamengo,0,4,,,ricardo-mattoss/Brazilian-Soccer-Data,https://github.com/ricardo-mattoss/Brazilian-Soccer-Data/blob/master/Data/Libertadores_Matches.csv,UNKNOWN,HISTORICAL_REAL,996b19315ff6a5cd54563030,A,4,False,False,True,False,True,False,0.9,2.3333333333333335,2.6,1.8,21.0,3.0,3.0,2.8,22.0,-1.0
Copa Sudamericana,2022,MEN,South America,SEMIFINAL,,2022-09-01,Atlético Goianiense (BRA),São Paulo FC (BRA),3,1,,,openfootball/south-america,https://raw.githubusercontent.com/openfootball/south-america/master/copa-libertadores/2022_copas.txt,UNKNOWN,HISTORICAL_REAL,820d6425e57494b916c66306,H,4,True,True,False,False,True,False,0.9,3.0,2.0,2.2,23.0,3.0,3.0,2.8,22.0,1.0
Copa Libertadores,2022,MEN,South America,SEMIFINAL,,2022-09-06,Palmeiras,Athletico,2,2,,,ricardo-mattoss/Brazilian-Soccer-Data,https://github.com/ricardo-mattoss/Brazilian-Soccer-Data/blob/master/Data/Libertadores_Matches.csv,UNKNOWN,HISTORICAL_REAL,a45549f0a2727163832aa003,D,4,True,False,False,True,True,False,0.9,0.6666666666666666,1.6,2.3,7.0,2.3333333333333335,2.2,2.0,7.0,0.0
Copa Sudamericana,2022,MEN,South America,SEMIFINAL,,2022-09-07,FBC Melgar (PER),Independiente del Valle (ECU),0,3,,,openfootball/south-america,https://raw.githubusercontent.com/openfootball/south-america/master/copa-libertadores/2022_copas.txt,UNKNOWN,HISTORICAL_REAL,761880b51dc438d3c9c42fa9,A,3,False,False,True,False,True,False,0.9,0.6666666666666666,1.2,1.8,7.0,3.0,2.6,2.0,7.0,0.0
Copa Libertadores,2022,MEN,South America,SEMIFINAL,,2022-09-07,Flamengo,Vélez Sarsfield,2,1,,,ricardo-mattoss/Brazilian-Soccer-Data,https://github.com/ricardo-mattoss/Brazilian-Soccer-Data/blob/master/Data/Libertadores_Matches.csv,UNKNOWN,HISTORICAL_REAL,b3d7de9be6a11b58b21d277e,H,3,True,True,False,False,True,False,0.9,3.0,3.0,2.8,7.0,2.0,2.0,1.8,7.0,0.0
Copa Sudamericana,2022,MEN,South America,SEMIFINAL,,2022-09-08,São Paulo FC (BRA),Atlético Goianiense (BRA),4,2,,,openfootball/south-america,https://raw.githubusercontent.com/openfootball/south-america/master/copa-libertadores/2022_copas.txt,UNKNOWN,HISTORICAL_REAL,5104c4ed66297f49889bf04b,H,6,True,True,False,False,True,False,0.9,2.0,2.4,2.5,7.0,3.0,2.4,2.2,7.0,0.0
Copa Sudamericana,2022,MEN,South America,FINAL,,2022-10-01,São Paulo FC (BRA),Independiente del Valle (ECU),0,2,,,openfootball/south-america,https://raw.githubusercontent.com/openfootball/south-america/master/copa-libertadores/2022_copas.txt,UNKNOWN,HISTORICAL_REAL,9024649da90ba140d9228ba1,A,2,False,False,True,False,False,True,1.0,2.0,2.4,2.5,23.0,3.0,2.6,2.125,24.0,-1.0
Copa Sudamericana,2023,MEN,South America,PRELIMINARY,,2023-03-07,Audax Italiano (CHI),Universidad Católica (CHI),3,2,,,openfootball/south-america,https://raw.githubusercontent.com/openfootball/south-america/master/copa-libertadores/2023_copas.txt,UNKNOWN,HISTORICAL_REAL,f0a640fee4bc048e41b2ce02,H,5,True,True,False,False,False,False,0.3,2.0,1.5,1.5,854.0,0.0,0.6,1.25,243.0,611.0
Copa Sudamericana,2023,MEN,South America,PRELIMINARY,,2023-03-07,Caracas FC (VEN),Academia Puerto Cabello (VEN),0,1,,,openfootball/south-america,https://raw.githubusercontent.com/openfootball/south-america/master/copa-libertadores/2023_copas.txt,UNKNOWN,HISTORICAL_REAL,04ac52d52dc196fc45717481,A,1,False,False,True,False,False,False,0.3,0.5,0.5,0.5,853.0,0.0,0.0,0.0,698.0,155.0
Copa Sudamericana,2023,MEN,South America,PRELIMINARY,,2023-03-07,LDU Quito (ECU),Delfín SC (ECU),4,0,,,openfootball/south-america,https://raw.githubusercontent.com/openfootball/south-america/master/copa-libertadores/2023_copas.txt,UNKNOWN,HISTORICAL_REAL,e80341f5070a42cf2aa8f592,H,4,False,True,False,False,False,False,0.3,1.6666666666666667,2.2,1.8,287.0,0.5,0.5,0.5,355.0,-68.0
Copa Sudamericana,2023,MEN,South America,PRELIMINARY,,2023-03-07,River Plate (URU),Peñarol (URU),0,4,,,openfootball/south-america,https://raw.githubusercontent.com/openfootball/south-america/master/copa-libertadores/2023_copas.txt,UNKNOWN,HISTORICAL_REAL,a0a0c0fc97964002f4b41b60,A,4,False,False,True,False,False,False,0.3,1.0,1.2,1.5,285.0,1.0,1.2,1.6,523.0,-238.0
Copa Sudamericana,2023,MEN,South America,PRELIMINARY,,2023-03-07,Tacuary (PAR),General Caballero DJLM (PAR),4,2,,,openfootball/south-america,https://raw.githubusercontent.com/openfootball/south-america/master/copa-libertadores/2023_copas.txt,UNKNOWN,HISTORICAL_REAL,8d40315fd2e2c2a2053922c9,H,6,True,True,False,False,False,False,0.3,,,,,1.0,0.6,1.25,286.0,
Copa Sudamericana,2023,MEN,South America,PRELIMINARY,,2023-03-08,CD Guabirá (BOL),Oriente Petrolero (BOL),0,1,,,openfootball/south-america,https://raw.githubusercontent.com/openfootball/south-america/master/copa-libertadores/2023_copas.txt,UNKNOWN,HISTORICAL_REAL,0bf70f746aa0a5a7ffd4920d,A,1,False,False,True,False,False,False,0.3,1.0,0.6,0.9,356.0,0.0,0.0,0.7,286.0,70.0
Copa Sudamericana,2023,MEN,South America,PRELIMINARY,,2023-03-08,Defensor Sporting (URU),Danubio (URU),0,0,3.0,4.0,openfootball/south-america,https://raw.githubusercontent.com/openfootball/south-america/master/copa-libertadores/2023_copas.txt,UNKNOWN,HISTORICAL_REAL,fa6792190474b02a6b5cf85f,D,0,False,False,False,True,False,False,0.3,,,,,,,,,
Copa Sudamericana,2023,MEN,South America,PRELIMINARY,,2023-03-08,Estudiantes de Mérida (VEN),Deportivo Táchira (VEN),3,1,,,openfootball/south-america,https://raw.githubusercontent.com/openfootball/south-america/master/copa-libertadores/2023_copas.txt,UNKNOWN,HISTORICAL_REAL,a6d5c0bbfae0b914d9299b61,H,4,True,True,False,False,False,False,0.3,0.0,0.0,0.0,358.0,1.0,0.8,0.8333333333333334,211.0,147.0
Copa Sudamericana,2023,MEN,South America,PRELIMINARY,,2023-03-08,Guaraní (PAR),Sportivo Ameliano (PAR),3,1,,,openfootball/south-america,https://raw.githubusercontent.com/openfootball/south-america/master/copa-libertadores/2023_copas.txt,UNKNOWN,HISTORICAL_REAL,9cbd338d2086e04ef0f8603b,H,4,True,True,False,False,False,False,0.3,,,,,,,,,
Copa Sudamericana,2023,MEN,South America,PRELIMINARY,,2023-03-08,Universidad Cesar Vallejo (PER),Deportivo Binacional (PER),3,1,,,openfootball/south-america,https://raw.githubusercontent.com/openfootball/south-america/master/copa-libertadores/2023_copas.txt,UNKNOWN,HISTORICAL_REAL,04a6668087267fda6c0fba58,H,4,True,True,False,False,False,False,0.3,,,,,,,,,
Copa Sudamericana,2023,MEN,South America,PRELIMINARY,,2023-03-08,Águilas Doradas (COL),Santa Fe (COL),1,2,,,openfootball/south-america,https://raw.githubusercontent.com/openfootball/south-america/master/copa-libertadores/2023_copas.txt,UNKNOWN,HISTORICAL_REAL,8d5b1310eed6b6b4bea42578,A,3,True,False,True,False,False,False,0.3,,,,,,,,,
Copa Sudamericana,2023,MEN,South America,PRELIMINARY,,2023-03-09,Blooming (BOL),Atlético Palmaflor (BOL),6,0,,,openfootball/south-america,https://raw.githubusercontent.com/openfootball/south-america/master/copa-libertadores/2023_copas.txt,UNKNOWN,HISTORICAL_REAL,5e4b3ce1220f6ee35e90be90,H,6,False,True,False,False,False,False,0.3,0.0,0.0,0.0,1113.0,0.0,0.0,0.0,701.0,412.0
Copa Sudamericana,2023,MEN,South America,PRELIMINARY,,2023-03-09,Cobresal (CHI),Palestino (CHI),0,1,,,openfootball/south-america,https://raw.githubusercontent.com/openfootball/south-america/master/copa-libertadores/2023_copas.txt,UNKNOWN,HISTORICAL_REAL,cf39f668f7048e0dd4ebfe2c,A,1,False,False,True,False,False,False,0.3,0.5,0.5,0.5,700.0,0.3333333333333333,0.2,0.625,653.0,47.0
Copa Sudamericana,2023,MEN,South America,PRELIMINARY,,2023-03-09,Deportes Tolima (COL),Atlético Junior (COL),1,0,,,openfootball/south-america,https://raw.githubusercontent.com/openfootball/south-america/master/copa-libertadores/2023_copas.txt,UNKNOWN,HISTORICAL_REAL,2b6e69ecfcaaa1a8871c89d1,H,1,False,True,False,False,False,False,0.3,0.3333333333333333,0.6,0.9,653.0,1.0,1.8,1.7,287.0,366.0
Copa Sudamericana,2023,MEN,South America,PRELIMINARY,,2023-03-09,Emelec (ECU),Deportivo Cuenca (ECU),2,1,,,openfootball/south-america,https://raw.githubusercontent.com/openfootball/south-america/master/copa-libertadores/2023_copas.txt,UNKNOWN,HISTORICAL_REAL,8d24d3b756a3deb5a44d63a9,H,3,True,True,False,False,False,False,0.3,1.0,1.4,1.7,653.0,,,,,
Copa Sudamericana,2023,MEN,South America,PRELIMINARY,,2023-03-09,Universitario de Deportes (PER),Cienciano (PER),2,0,,,openfootball/south-america,https://raw.githubusercontent.com/openfootball/south-america/master/copa-libertadores/2023_copas.txt,UNKNOWN,HISTORICAL_REAL,4d086307870231cdd4d07c05,H,2,False,True,False,False,False,False,0.3,,,,,0.5,0.5,0.5,359.0,
Copa Sudamericana,2023,MEN,South America,GROUP_E,Group E,2023-04-04,Audax Italiano (CHI),Newell's Old Boys (ARG),0,1,,,openfootball/south-america,https://raw.githubusercontent.com/openfootball/south-america/master/copa-libertadores/2023_copas.txt,UNKNOWN,HISTORICAL_REAL,31a2689a58f2f6911b72bd0a,A,1,False,False,True,False,False,False,0.3,2.0,1.8,1.8,28.0,1.3333333333333333,1.4,1.3333333333333333,679.0,-651.0
Copa Sudamericana,2023,MEN,South America,GROUP_E,Group E,2023-04-04,Blooming (BOL),Santos FC (BRA),0,1,,,openfootball/south-america,https://raw.githubusercontent.com/openfootball/south-america/master/copa-libertadores/2023_copas.txt,UNKNOWN,HISTORICAL_REAL,e579f83d4361b0afe3eeea20,A,1,False,False,True,False,False,False,0.3,1.0,1.0,1.0,26.0,0.6666666666666666,1.6,1.5,272.0,-246.0
Copa Sudamericana,2023,MEN,South America,GRUPPE_H,,2023-04-04,Estudiantes de Mérida (VEN),San Lorenzo (ARG),0,1,,,openfootball/south-america,https://raw.githubusercontent.com/openfootball/south-america/master/copa-libertadores/2023_copas.txt,UNKNOWN,HISTORICAL_REAL,4730c1690f650f70921f3c94,A,1,False,False,True,False,False,False,0.3,1.0,0.6,0.6,27.0,2.0,1.4,1.1666666666666667,678.0,-651.0
Copa Sudamericana,2023,MEN,South America,GRUPPE_G,,2023-04-04,Goiás GO (BRA),Santa Fe (COL),0,0,,,openfootball/south-america,https://raw.githubusercontent.com/openfootball/south-america/master/copa-libertadores/2023_copas.txt,UNKNOWN,HISTORICAL_REAL,c0bb43a8cbd208468f6f74d7,D,0,False,False,False,True,False,False,0.3,0.0,0.0,0.0,1134.0,3.0,3.0,3.0,27.0,1107.0
Copa Sudamericana,2023,MEN,South America,GROUP_F,Group F,2023-04-04,Millonarios (COL),Defensa y Justicia (ARG),3,0,,,openfootball/south-america,https://raw.githubusercontent.com/openfootball/south-america/master/copa-libertadores/2023_copas.txt,UNKNOWN,HISTORICAL_REAL,6e22e134b6145028669c807a,H,3,False,True,False,False,False,False,0.3,0.0,0.75,0.75,881.0,0.3333333333333333,0.2,1.4,315.0,566.0
Copa Sudamericana,2023,MEN,South America,GROUP_A,Group A,2023-04-04,Universidad Cesar Vallejo (PER),LDU Quito (ECU),1,2,,,openfootball/south-america,https://raw.githubusercontent.com/openfootball/south-america/master/copa-libertadores/2023_copas.txt,UNKNOWN,HISTORICAL_REAL,83879a643479fca47a7ec1d9,A,3,True,False,True,False,False,False,0.3,3.0,3.0,3.0,27.0,1.6666666666666667,2.2,1.8,28.0,-1.0
Copa Sudamericana,2023,MEN,South America,GROUP_F,Group F,2023-04-05,América MG (BRA),Peñarol (URU),4,1,,,openfootball/south-america,https://raw.githubusercontent.com/openfootball/south-america/master/copa-libertadores/2023_copas.txt,UNKNOWN,HISTORICAL_REAL,20f19e9980137bc5380f4964,H,5,True,True,False,False,False,False,0.3,,,,,1.0,1.8,1.6,29.0,
Copa Sudamericana,2023,MEN,South America,GROUP_B,Group B,2023-04-05,Danubio (URU),Emelec (ECU),2,0,,,openfootball/south-america,https://raw.githubusercontent.com/openfootball/south-america/master/copa-libertadores/2023_copas.txt,UNKNOWN,HISTORICAL_REAL,0b53e725b8adc8aa94189332,H,2,False,True,False,False,False,False,0.3,1.0,1.0,1.0,28.0,2.0,1.4,1.7,27.0,1.0
Copa Sudamericana,2023,MEN,South America,GRUPPE_H,,2023-04-05,Fortaleza CE (BRA),Palestino (CHI),4,0,,,openfootball/south-america,https://raw.githubusercontent.com/openfootball/south-america/master/copa-libertadores/2023_copas.txt,UNKNOWN,HISTORICAL_REAL,2ca9198d5e76b598330edab6,H,4,False,True,False,False,False,False,0.3,1.5,1.5,1.5,1133.0,1.0,0.8,0.8888888888888888,27.0,1106.0
Copa Sudamericana,2023,MEN,South America,GRUPPE_G,,2023-04-05,Gimnasia de La Plata (ARG),Universitario de Deportes (PER),0,1,,,openfootball/south-america,https://raw.githubusercontent.com/openfootball/south-america/master/copa-libertadores/2023_copas.txt,UNKNOWN,HISTORICAL_REAL,1c5c479a89f73fe48bab1e73,A,1,False,False,True,False,False,False,0.3,,,,,3.0,3.0,3.0,27.0,
Copa Sudamericana,2023,MEN,South America,GROUP_C,Group C,2023-04-05,Oriente Petrolero (BOL),Estudiantes (ARG),0,1,,,openfootball/south-america,https://raw.githubusercontent.com/openfootball/south-america/master/copa-libertadores/2023_copas.txt,UNKNOWN,HISTORICAL_REAL,7f09c8118d6b9f0045c07288,A,1,False,False,True,False,False,False,0.3,1.0,0.6,1.0,28.0,,,,,
Copa Sudamericana,2023,MEN,South America,GROUP_D,Group D,2023-04-06,Academia Puerto Cabello (VEN),Deportes Tolima (COL),0,2,,,openfootball/south-america,https://raw.githubusercontent.com/openfootball/south-america/master/copa-libertadores/2023_copas.txt,UNKNOWN,HISTORICAL_REAL,68a26fcd05a737b2e08ca708,A,2,False,False,True,False,False,False,0.3,1.0,1.0,1.0,30.0,1.0,1.0,1.1,28.0,2.0
Copa Sudamericana,2023,MEN,South America,GROUP_A,Group A,2023-04-06,CD Magallanes (CHI),Botafogo RJ (BRA),2,2,,,openfootball/south-america,https://raw.githubusercontent.com/openfootball/south-america/master/copa-libertadores/2023_copas.txt,UNKNOWN,HISTORICAL_REAL,9cf5de7063bed976ff3a5f9a,D,4,True,False,False,True,False,False,0.3,,,,,,,,,
Copa Sudamericana,2023,MEN,South America,GROUP_B,Group B,2023-04-06,Huracán (ARG),Guaraní (PAR),4,1,,,openfootball/south-america,https://raw.githubusercontent.com/openfootball/south-america/master/copa-libertadores/2023_copas.txt,UNKNOWN,HISTORICAL_REAL,718e976d4a7f69c03fc5829d,H,5,True,True,False,False,False,False,0.3,0.5,0.5,0.5,1142.0,3.0,3.0,3.0,29.0,1113.0
Copa Sudamericana,2023,MEN,South America,GROUP_C,Group C,2023-04-06,Tacuary (PAR),Red Bull Bragantino (BRA),1,4,,,openfootball/south-america,https://raw.githubusercontent.com/openfootball/south-america/master/copa-libertadores/2023_copas.txt,UNKNOWN,HISTORICAL_REAL,0ddd833fa9400c3c99fe601b,A,5,True,False,True,False,False,False,0.3,3.0,3.0,3.0,30.0,2.0,2.4,2.5,502.0,-472.0
Copa Sudamericana,2023,MEN,South America,GROUP_D,Group D,2023-04-06,Tigre (ARG),São Paulo FC (BRA),0,2,,,openfootball/south-america,https://raw.githubusercontent.com/openfootball/south-america/master/copa-libertadores/2023_copas.txt,UNKNOWN,HISTORICAL_REAL,aaa7822fca93684140fb8209,A,2,False,False,True,False,False,False,0.3,,,,,1.0,1.8,2.2,187.0,
Copa Sudamericana,2023,MEN,South America,GROUP_C,Group C,2023-04-18,Estudiantes (ARG),Tacuary (PAR),4,0,,,openfootball/south-america,https://raw.githubusercontent.com/openfootball/south-america/master/copa-libertadores/2023_copas.txt,UNKNOWN,HISTORICAL_REAL,0ca49c2edf9f5daae79a3b7f,H,4,False,True,False,False,False,False,0.3,3.0,3.0,3.0,13.0,1.5,1.5,1.5,12.0,1.0
Copa Sudamericana,2023,MEN,South America,GROUP_E,Group E,2023-04-18,Newell's Old Boys (ARG),Blooming (BOL),3,0,,,openfootball/south-america,https://raw.githubusercontent.com/openfootball/south-america/master/copa-libertadores/2023_copas.txt,UNKNOWN,HISTORICAL_REAL,6c9267659a003b4523d781d2,H,3,False,True,False,False,False,False,0.3,2.3333333333333335,2.0,1.5714285714285714,14.0,1.0,0.75,0.75,14.0,0.0
Copa Sudamericana,2023,MEN,South America,GRUPPE_H,,2023-04-18,Palestino (CHI),Estudiantes de Mérida (VEN),1,0,,,openfootball/south-america,https://raw.githubusercontent.com/openfootball/south-america/master/copa-libertadores/2023_copas.txt,UNKNOWN,HISTORICAL_REAL,ce59c8e82470a1592a555542,H,1,False,True,False,False,False,False,0.3,1.0,0.8,0.8,13.0,1.0,0.6,0.5,14.0,-1.0
Copa Sudamericana,2023,MEN,South America,GROUP_C,Group C,2023-04-18,Red Bull Bragantino (BRA),Oriente Petrolero (BOL),5,0,,,openfootball/south-america,https://raw.githubusercontent.com/openfootball/south-america/master/copa-libertadores/2023_copas.txt,UNKNOWN,HISTORICAL_REAL,386a15414644f23ae8a7b457,H,5,False,True,False,False,False,False,0.3,2.0,2.4,2.5,12.0,1.0,0.6,0.9,13.0,-1.0
Copa Sudamericana,2023,MEN,South America,GRUPPE_G,,2023-04-18,Santa Fe (COL),Gimnasia de La Plata (ARG),2,1,,,openfootball/south-america,https://raw.githubusercontent.com/openfootball/south-america/master/copa-libertadores/2023_copas.txt,UNKNOWN,HISTORICAL_REAL,033d1422f6c405b992b95525,H,3,True,True,False,False,False,False,0.3,2.0,2.0,2.0,14.0,0.0,0.0,0.0,13.0,1.0
Copa Sudamericana,2023,MEN,South America,GROUP_D,Group D,2023-04-18,São Paulo FC (BRA),Academia Puerto Cabello (VEN),2,0,,,openfootball/south-america,https://raw.githubusercontent.com/openfootball/south-america/master/copa-libertadores/2023_copas.txt,UNKNOWN,HISTORICAL_REAL,873a91d91de44506f588ceb0,H,2,False,True,False,False,False,False,0.3,2.0,1.8,2.4,12.0,1.0,0.75,0.75,12.0,0.0
Copa Sudamericana,2023,MEN,South America,GROUP_F,Group F,2023-04-19,Defensa y Justicia (ARG),América MG (BRA),2,1,,,openfootball/south-america,https://raw.githubusercontent.com/openfootball/south-america/master/copa-libertadores/2023_copas.txt,UNKNOWN,HISTORICAL_REAL,15b0735939dd0c092d11deb4,H,3,True,True,False,False,False,False,0.3,0.3333333333333333,0.2,1.3,15.0,3.0,3.0,3.0,14.0,1.0
Copa Sudamericana,2023,MEN,South America,GROUP_B,Group B,2023-04-19,Guaraní (PAR),Danubio (URU),2,1,,,openfootball/south-america,https://raw.githubusercontent.com/openfootball/south-america/master/copa-libertadores/2023_copas.txt,UNKNOWN,HISTORICAL_REAL,f080b6e00f5346ea5e16e108,H,3,True,True,False,False,False,False,0.3,1.5,1.5,1.5,13.0,2.0,2.0,2.0,14.0,-1.0
Copa Sudamericana,2023,MEN,South America,GROUP_A,Group A,2023-04-19,LDU Quito (ECU),CD Magallanes (CHI),4,0,,,openfootball/south-america,https://raw.githubusercontent.com/openfootball/south-america/master/copa-libertadores/2023_copas.txt,UNKNOWN,HISTORICAL_REAL,8823968b25c5be87c3c081bd,H,4,False,True,False,False,False,False,0.3,2.3333333333333335,2.2,2.1,15.0,1.0,1.0,1.0,13.0,2.0
Copa Sudamericana,2023,MEN,South America,GROUP_A,Group A,2023-04-20,Botafogo RJ (BRA),Universidad Cesar Vallejo (PER),4,0,,,openfootball/south-america,https://raw.githubusercontent.com/openfootball/south-america/master/copa-libertadores/2023_copas.txt,UNKNOWN,HISTORICAL_REAL,748c10afc0b516bd1f3fab51,H,4,False,True,False,False,False,False,0.3,1.0,1.0,1.0,14.0,1.5,1.5,1.5,16.0,-2.0
Copa Sudamericana,2023,MEN,South America,GROUP_D,Group D,2023-04-20,Deportes Tolima (COL),Tigre (ARG),1,2,,,openfootball/south-america,https://raw.githubusercontent.com/openfootball/south-america/master/copa-libertadores/2023_copas.txt,UNKNOWN,HISTORICAL_REAL,60877cb1b7d775b83bc9c847,A,3,True,False,True,False,False,False,0.3,2.0,1.4,1.3,14.0,0.0,0.0,0.0,14.0,0.0
Copa Sudamericana,2023,MEN,South America,GROUP_B,Group B,2023-04-20,Emelec (ECU),Huracán (ARG),1,0,,,openfootball/south-america,https://raw.githubusercontent.com/openfootball/south-america/master/copa-libertadores/2023_copas.txt,UNKNOWN,HISTORICAL_REAL,892297e5e4886094a33f1c96,H,1,False,True,False,False,False,False,0.3,1.0,1.2,1.7,15.0,1.3333333333333333,1.3333333333333333,1.3333333333333333,14.0,1.0
Copa Sudamericana,2023,MEN,South America,GROUP_F,Group F,2023-04-20,Peñarol (URU),Millonarios (COL),0,2,,,openfootball/south-america,https://raw.githubusercontent.com/openfootball/south-america/master/copa-libertadores/2023_copas.txt,UNKNOWN,HISTORICAL_REAL,0b4bff6c9d0fb6e2015c469b,A,2,False,False,True,False,False,False,0.3,1.0,1.2,1.3,15.0,1.0,1.2,1.2,16.0,-1.0
Copa Sudamericana,2023,MEN,South America,GRUPPE_H,,2023-04-20,San Lorenzo (ARG),Fortaleza CE (BRA),0,2,,,openfootball/south-america,https://raw.githubusercontent.com/openfootball/south-america/master/copa-libertadores/2023_copas.txt,UNKNOWN,HISTORICAL_REAL,cab717ad0b1cf9c8fcc80252,A,2,False,False,True,False,False,False,0.3,3.0,2.0,1.4285714285714286,16.0,2.0,2.0,2.0,15.0,1.0
Copa Sudamericana,2023,MEN,South America,GROUP_E,Group E,2023-04-20,Santos FC (BRA),Audax Italiano (CHI),0,0,,,openfootball/south-america,https://raw.githubusercontent.com/openfootball/south-america/master/copa-libertadores/2023_copas.txt,UNKNOWN,HISTORICAL_REAL,6fd144afe86a6bb403ddc1cd,D,0,False,False,False,True,False,False,0.3,1.3333333333333333,1.6,1.5,16.0,1.0,1.8,1.5,16.0,0.0
Copa Sudamericana,2023,MEN,South America,GRUPPE_G,,2023-04-20,Universitario de Deportes (PER),Goiás GO (BRA),2,2,,,openfootball/south-america,https://raw.githubusercontent.com/openfootball/south-america/master/copa-libertadores/2023_copas.txt,UNKNOWN,HISTORICAL_REAL,62ae74d88778b9372e972d5d,D,4,True,False,False,True,False,False,0.3,3.0,3.0,3.0,15.0,0.3333333333333333,0.3333333333333333,0.3333333333333333,16.0,-1.0
Copa Sudamericana,2023,MEN,South America,GROUP_A,Group A,2023-05-02,CD Magallanes (CHI),Universidad Cesar Vallejo (PER),2,2,,,openfootball/south-america,https://raw.githubusercontent.com/openfootball/south-america/master/copa-libertadores/2023_copas.txt,UNKNOWN,HISTORICAL_REAL,32a22df5b7368979d68d91b7,D,4,True,False,False,True,False,False,0.3,0.5,0.5,0.5,13.0,1.0,1.0,1.0,12.0,1.0
Copa Sudamericana,2023,MEN,South America,GROUP_D,Group D,2023-05-02,Deportes Tolima (COL),São Paulo FC (BRA),0,0,,,openfootball/south-america,https://raw.githubusercontent.com/openfootball/south-america/master/copa-libertadores/2023_copas.txt,UNKNOWN,HISTORICAL_REAL,49f56429cc3c686ccfd2ea1b,D,0,False,False,False,True,False,False,0.3,2.0,1.2,1.0,12.0,2.0,1.8,2.4,14.0,-2.0
Copa Sudamericana,2023,MEN,South America,GROUP_B,Group B,2023-05-02,Huracán (ARG),Danubio (URU),1,1,,,openfootball/south-america,https://raw.githubusercontent.com/openfootball/south-america/master/copa-libertadores/2023_copas.txt,UNKNOWN,HISTORICAL_REAL,26973c97fd275c791cf11f63,D,2,True,False,False,True,False,False,0.3,1.3333333333333333,1.0,1.0,12.0,1.3333333333333333,1.3333333333333333,1.3333333333333333,13.0,-1.0
Copa Sudamericana,2023,MEN,South America,GROUP_E,Group E,2023-05-02,Newell's Old Boys (ARG),Santos FC (BRA),1,0,,,openfootball/south-america,https://raw.githubusercontent.com/openfootball/south-america/master/copa-libertadores/2023_copas.txt,UNKNOWN,HISTORICAL_REAL,58a888cab9b1fd4e2d33cb8a,H,1,False,True,False,False,False,False,0.3,2.3333333333333335,2.0,1.75,14.0,1.3333333333333333,1.2,1.6,12.0,2.0
Copa Sudamericana,2023,MEN,South America,GROUP_C,Group C,2023-05-02,Red Bull Bragantino (BRA),Estudiantes (ARG),0,0,,,openfootball/south-america,https://raw.githubusercontent.com/openfootball/south-america/master/copa-libertadores/2023_copas.txt,UNKNOWN,HISTORICAL_REAL,095721e886420f1a0ff3a2e9,D,0,False,False,False,True,False,False,0.3,2.0,2.4,2.5,14.0,3.0,3.0,3.0,14.0,0.0
Copa Sudamericana,2023,MEN,South America,GROUP_C,Group C,2023-05-02,Tacuary (PAR),Oriente Petrolero (BOL),3,1,,,openfootball/south-america,https://raw.githubusercontent.com/openfootball/south-america/master/copa-libertadores/2023_copas.txt,UNKNOWN,HISTORICAL_REAL,6c3c61a9ed77d054ccf5c552,H,4,True,True,False,False,False,False,0.3,1.0,1.0,1.0,14.0,1.0,0.6,0.6,14.0,0.0
Copa Sudamericana,2023,MEN,South America,GROUP_D,Group D,2023-05-03,Academia Puerto Cabello (VEN),Tigre (ARG),0,3,,,openfootball/south-america,https://raw.githubusercontent.com/openfootball/south-america/master/copa-libertadores/2023_copas.txt,UNKNOWN,HISTORICAL_REAL,2e3edb821ea409b4c678f5a0,A,3,False,False,True,False,False,False,0.3,1.0,0.6,0.6,15.0,1.5,1.5,1.5,13.0,2.0
Copa Sudamericana,2023,MEN,South America,GROUP_B,Group B,2023-05-03,Guaraní (PAR),Emelec (ECU),1,1,,,openfootball/south-america,https://raw.githubusercontent.com/openfootball/south-america/master/copa-libertadores/2023_copas.txt,UNKNOWN,HISTORICAL_REAL,328e8700050d811c7c9f489f,D,2,True,False,False,True,False,False,0.3,2.0,2.0,2.0,14.0,2.0,1.8,1.9,13.0,1.0
Copa Sudamericana,2023,MEN,South America,GROUP_F,Group F,2023-05-03,Millonarios (COL),América MG (BRA),1,1,,,openfootball/south-america,https://raw.githubusercontent.com/openfootball/south-america/master/copa-libertadores/2023_copas.txt,UNKNOWN,HISTORICAL_REAL,8ace2cb98d9e1d3613859fe9,D,2,True,False,False,True,False,False,0.3,2.0,1.2,1.5,13.0,1.5,1.5,1.5,14.0,-1.0
Copa Sudamericana,2023,MEN,South America,GRUPPE_H,,2023-05-03,Palestino (CHI),San Lorenzo (ARG),0,0,,,openfootball/south-america,https://raw.githubusercontent.com/openfootball/south-america/master/copa-libertadores/2023_copas.txt,UNKNOWN,HISTORICAL_REAL,faee638c1816abb56f076569,D,0,False,False,False,True,False,False,0.3,2.0,1.2,1.0,15.0,2.0,1.8,1.25,13.0,2.0
Copa Sudamericana,2023,MEN,South America,GROUP_E,Group E,2023-05-04,Audax Italiano (CHI),Blooming (BOL),2,0,,,openfootball/south-america,https://raw.githubusercontent.com/openfootball/south-america/master/copa-libertadores/2023_copas.txt,UNKNOWN,HISTORICAL_REAL,8a1a2744b7794733d4dcaed5,H,2,False,True,False,False,False,False,0.3,1.3333333333333333,1.4,1.4285714285714286,14.0,1.0,0.6,0.6,16.0,-2.0
Copa Sudamericana,2023,MEN,South America,GROUP_A,Group A,2023-05-04,Botafogo RJ (BRA),LDU Quito (ECU),0,0,,,openfootball/south-america,https://raw.githubusercontent.com/openfootball/south-america/master/copa-libertadores/2023_copas.txt,UNKNOWN,HISTORICAL_REAL,2dfc75bed26469f142459dd3,D,0,False,False,False,True,False,False,0.3,2.0,2.0,2.0,14.0,3.0,2.2,2.1,15.0,-1.0
Copa Sudamericana,2023,MEN,South America,GROUP_F,Group F,2023-05-04,Defensa y Justicia (ARG),Peñarol (URU),4,1,,,openfootball/south-america,https://raw.githubusercontent.com/openfootball/south-america/master/copa-libertadores/2023_copas.txt,UNKNOWN,HISTORICAL_REAL,66cbe2cff6fd42741969b3c1,H,5,True,True,False,False,False,False,0.3,1.0,0.8,1.3,15.0,1.0,0.6,1.3,14.0,1.0
Copa Sudamericana,2023,MEN,South America,GRUPPE_H,,2023-05-04,Fortaleza CE (BRA),Estudiantes de Mérida (VEN),6,1,,,openfootball/south-america,https://raw.githubusercontent.com/openfootball/south-america/master/copa-libertadores/2023_copas.txt,UNKNOWN,HISTORICAL_REAL,e3d241aaa513b898e2cbe006,H,7,True,True,False,False,False,False,0.3,3.0,2.25,2.25,14.0,1.0,0.6,0.42857142857142855,16.0,-2.0
Copa Sudamericana,2023,MEN,South America,GRUPPE_G,,2023-05-04,Gimnasia de La Plata (ARG),Goiás GO (BRA),0,2,,,openfootball/south-america,https://raw.githubusercontent.com/openfootball/south-america/master/copa-libertadores/2023_copas.txt,UNKNOWN,HISTORICAL_REAL,b3c8d4a6187b24744ad1f547,A,2,False,False,True,False,False,False,0.3,0.0,0.0,0.0,16.0,0.6666666666666666,0.5,0.5,14.0,2.0
Copa Sudamericana,2023,MEN,South America,GRUPPE_G,,2023-05-04,Universitario de Deportes (PER),Santa Fe (COL),2,0,,,openfootball/south-america,https://raw.githubusercontent.com/openfootball/south-america/master/copa-libertadores/2023_copas.txt,UNKNOWN,HISTORICAL_REAL,7ee872163630991167d695df,H,2,False,True,False,False,False,False,0.3,2.3333333333333335,2.3333333333333335,2.3333333333333335,14.0,2.3333333333333335,2.3333333333333335,2.3333333333333335,16.0,-2.0
Copa Sudamericana,2023,MEN,South America,GROUP_D,Group D,2023-05-23,Academia Puerto Cabello (VEN),São Paulo FC (BRA),0,2,,,openfootball/south-america,https://raw.githubusercontent.com/openfootball/south-america/master/copa-libertadores/2023_copas.txt,UNKNOWN,HISTORICAL_REAL,60a2c6e402cded7e7474c1b6,A,2,False,False,True,False,False,False,0.3,0.0,0.6,0.5,20.0,2.3333333333333335,2.0,2.2,21.0,-1.0
Copa Sudamericana,2023,MEN,South America,GROUP_F,Group F,2023-05-23,América MG (BRA),Defensa y Justicia (ARG),2,3,,,openfootball/south-america,https://raw.githubusercontent.com/openfootball/south-america/master/copa-libertadores/2023_copas.txt,UNKNOWN,HISTORICAL_REAL,58c7d389bcda7e1781e6373f,A,5,True,False,True,False,False,False,0.3,1.3333333333333333,1.3333333333333333,1.3333333333333333,20.0,2.0,1.4,1.3,19.0,1.0
Copa Sudamericana,2023,MEN,South America,GROUP_A,Group A,2023-05-23,CD Magallanes (CHI),LDU Quito (ECU),1,1,,,openfootball/south-america,https://raw.githubusercontent.com/openfootball/south-america/master/copa-libertadores/2023_copas.txt,UNKNOWN,HISTORICAL_REAL,2d88174c37ed4fd2a18628e9,D,2,True,False,False,True,False,False,0.3,0.6666666666666666,0.6666666666666666,0.6666666666666666,21.0,2.3333333333333335,2.2,2.1,19.0,2.0
Copa Sudamericana,2023,MEN,South America,GRUPPE_G,,2023-05-23,Gimnasia de La Plata (ARG),Santa Fe (COL),1,0,,,openfootball/south-america,https://raw.githubusercontent.com/openfootball/south-america/master/copa-libertadores/2023_copas.txt,UNKNOWN,HISTORICAL_REAL,ed752d4513dc44ec1c04acab,H,1,False,True,False,False,False,False,0.3,0.0,0.0,0.0,19.0,1.3333333333333333,1.75,1.75,19.0,0.0
Copa Sudamericana,2023,MEN,South America,GRUPPE_G,,2023-05-23,Goiás GO (BRA),Universitario de Deportes (PER),1,0,,,openfootball/south-america,https://raw.githubusercontent.com/openfootball/south-america/master/copa-libertadores/2023_copas.txt,UNKNOWN,HISTORICAL_REAL,e2f8b3c628bcf913fdaddd28,H,1,False,True,False,False,False,False,0.3,1.6666666666666667,1.0,1.0,19.0,2.3333333333333335,2.5,2.5,19.0,0.0
Copa Sudamericana,2023,MEN,South America,GROUP_F,Group F,2023-05-23,Millonarios (COL),Peñarol (URU),3,1,,,openfootball/south-america,https://raw.githubusercontent.com/openfootball/south-america/master/copa-libertadores/2023_copas.txt,UNKNOWN,HISTORICAL_REAL,e0386f9875ea2103e3320851,H,4,True,True,False,False,False,False,0.3,2.3333333333333335,1.4,1.4285714285714286,20.0,0.0,0.6,1.2,19.0,1.0
Copa Sudamericana,2023,MEN,South America,GROUP_E,Group E,2023-05-24,Audax Italiano (CHI),Santos FC (BRA),2,1,,,openfootball/south-america,https://raw.githubusercontent.com/openfootball/south-america/master/copa-libertadores/2023_copas.txt,UNKNOWN,HISTORICAL_REAL,52f150014739aaf03b965b78,H,3,True,True,False,False,False,False,0.3,1.3333333333333333,1.4,1.625,20.0,1.3333333333333333,1.0,1.6,22.0,-2.0
Copa Sudamericana,2023,MEN,South America,GROUP_E,Group E,2023-05-24,Blooming (BOL),Newell's Old Boys (ARG),2,3,,,openfootball/south-america,https://raw.githubusercontent.com/openfootball/south-america/master/copa-libertadores/2023_copas.txt,UNKNOWN,HISTORICAL_REAL,05c61c6a0dbf4155b7b6b026,A,5,True,False,True,False,False,False,0.3,0.0,0.6,0.5,20.0,3.0,2.6,1.8888888888888888,22.0,-2.0
Copa Sudamericana,2023,MEN,South America,GRUPPE_H,,2023-05-24,Fortaleza CE (BRA),San Lorenzo (ARG),3,2,,,openfootball/south-america,https://raw.githubusercontent.com/openfootball/south-america/master/copa-libertadores/2023_copas.txt,UNKNOWN,HISTORICAL_REAL,7666ff626ecf08d259cf8267,H,5,True,True,False,False,False,False,0.3,3.0,2.4,2.4,20.0,1.3333333333333333,2.0,1.2222222222222223,21.0,-1.0
Copa Sudamericana,2023,MEN,South America,GROUP_D,Group D,2023-05-24,Tigre (ARG),Deportes Tolima (COL),0,0,,,openfootball/south-america,https://raw.githubusercontent.com/openfootball/south-america/master/copa-libertadores/2023_copas.txt,UNKNOWN,HISTORICAL_REAL,e6c8f7b2b9704bb7372f50bd,D,0,False,False,False,True,False,False,0.3,2.0,2.0,2.0,21.0,1.3333333333333333,1.4,1.0,22.0,-1.0
Copa Sudamericana,2023,MEN,South America,GROUP_B,Group B,2023-05-25,Danubio (URU),Guaraní (PAR),0,2,,,openfootball/south-america,https://raw.githubusercontent.com/openfootball/south-america/master/copa-libertadores/2023_copas.txt,UNKNOWN,HISTORICAL_REAL,ee9b1bc559a9921e0684fdf8,A,2,False,False,True,False,False,False,0.3,1.3333333333333333,1.25,1.25,23.0,1.3333333333333333,1.75,1.75,22.0,1.0
Copa Sudamericana,2023,MEN,South America,GRUPPE_H,,2023-05-25,Estudiantes de Mérida (VEN),Palestino (CHI),1,5,,,openfootball/south-america,https://raw.githubusercontent.com/openfootball/south-america/master/copa-libertadores/2023_copas.txt,UNKNOWN,HISTORICAL_REAL,69f7c8a2c703e15f38e86b0f,A,6,True,False,True,False,False,False,0.3,0.0,0.6,0.375,21.0,1.3333333333333333,1.4,0.8,22.0,-1.0
Copa Sudamericana,2023,MEN,South America,GROUP_B,Group B,2023-05-25,Huracán (ARG),Emelec (ECU),2,2,,,openfootball/south-america,https://raw.githubusercontent.com/openfootball/south-america/master/copa-libertadores/2023_copas.txt,UNKNOWN,HISTORICAL_REAL,3067472e01d7514449bdbc98,D,4,True,False,False,True,False,False,0.3,1.3333333333333333,1.0,1.0,23.0,1.3333333333333333,1.4,1.7,22.0,1.0
Copa Sudamericana,2023,MEN,South America,GROUP_C,Group C,2023-05-25,Oriente Petrolero (BOL),Red Bull Bragantino (BRA),0,4,,,openfootball/south-america,https://raw.githubusercontent.com/openfootball/south-america/master/copa-libertadores/2023_copas.txt,UNKNOWN,HISTORICAL_REAL,cd1bc1b37f7e286a3de9d155,A,4,False,False,True,False,False,False,0.3,0.0,0.6,0.3,23.0,2.3333333333333335,2.0,2.3,23.0,0.0
Copa Sudamericana,2023,MEN,South America,GROUP_C,Group C,2023-05-25,Tacuary (PAR),Estudiantes (ARG),0,4,,,openfootball/south-america,https://raw.githubusercontent.com/openfootball/south-america/master/copa-libertadores/2023_copas.txt,UNKNOWN,HISTORICAL_REAL,652ee40f96449c39585045e2,A,4,False,False,True,False,False,False,0.3,1.0,1.5,1.5,23.0,2.3333333333333335,2.3333333333333335,2.3333333333333335,23.0,0.0
Copa Sudamericana,2023,MEN,South America,GROUP_A,Group A,2023-05-25,Universidad Cesar Vallejo (PER),Botafogo RJ (BRA),2,3,,,openfootball/south-america,https://raw.githubusercontent.com/openfootball/south-america/master/copa-libertadores/2023_copas.txt,UNKNOWN,HISTORICAL_REAL,d112da5f773e16388b41e809,A,5,True,False,True,False,False,False,0.3,0.3333333333333333,1.0,1.0,23.0,1.6666666666666667,1.6666666666666667,1.6666666666666667,21.0,2.0
Copa Sudamericana,2023,MEN,South America,GROUP_F,Group F,2023-06-06,América MG (BRA),Millonarios (COL),2,0,,,openfootball/south-america,https://raw.githubusercontent.com/openfootball/south-america/master/copa-libertadores/2023_copas.txt,UNKNOWN,HISTORICAL_REAL,033e00ac6dea5c5ff488d9d5,H,2,False,True,False,False,False,False,0.3,0.3333333333333333,1.0,1.0,14.0,2.3333333333333335,2.0,1.625,14.0,0.0
Copa Sudamericana,2023,MEN,South America,GRUPPE_H,,2023-06-06,Estudiantes de Mérida (VEN),Fortaleza CE (BRA),1,0,,,openfootball/south-america,https://raw.githubusercontent.com/openfootball/south-america/master/copa-libertadores/2023_copas.txt,UNKNOWN,HISTORICAL_REAL,1d5aef5941dda3cea673471e,H,1,False,True,False,False,False,False,0.3,0.0,0.6,0.3333333333333333,12.0,3.0,3.0,2.5,13.0,-1.0
Copa Sudamericana,2023,MEN,South America,GROUP_A,Group A,2023-06-06,LDU Quito (ECU),Botafogo RJ (BRA),0,0,,,openfootball/south-america,https://raw.githubusercontent.com/openfootball/south-america/master/copa-libertadores/2023_copas.txt,UNKNOWN,HISTORICAL_REAL,d41cddd81fd5426c2c184248,D,0,False,False,False,True,False,False,0.3,1.6666666666666667,2.2,2.2,14.0,2.3333333333333335,2.0,2.0,12.0,2.0
Copa Sudamericana,2023,MEN,South America,GROUP_F,Group F,2023-06-06,Peñarol (URU),Defensa y Justicia (ARG),0,3,,,openfootball/south-america,https://raw.githubusercontent.com/openfootball/south-america/master/copa-libertadores/2023_copas.txt,UNKNOWN,HISTORICAL_REAL,3626430358a5ca47b601f634,A,3,False,False,True,False,False,False,0.3,0.0,0.6,0.9,14.0,3.0,1.8,1.3,14.0,0.0
Copa Sudamericana,2023,MEN,South America,GROUP_E,Group E,2023-06-06,Santos FC (BRA),Newell's Old Boys (ARG),1,2,,,openfootball/south-america,https://raw.githubusercontent.com/openfootball/south-america/master/copa-libertadores/2023_copas.txt,UNKNOWN,HISTORICAL_REAL,b780e9a03bd414db8b45b106,A,3,True,False,True,False,False,False,0.3,0.3333333333333333,0.8,1.3,13.0,3.0,2.6,2.0,13.0,0.0
Copa Sudamericana,2023,MEN,South America,GROUP_D,Group D,2023-06-06,Tigre (ARG),Academia Puerto Cabello (VEN),2,1,,,openfootball/south-america,https://raw.githubusercontent.com/openfootball/south-america/master/copa-libertadores/2023_copas.txt,UNKNOWN,HISTORICAL_REAL,55cf4fcedce060459851c9f9,H,3,True,True,False,False,False,False,0.3,2.3333333333333335,1.75,1.75,13.0,0.0,0.6,0.42857142857142855,14.0,-1.0
Copa Sudamericana,2023,MEN,South America,GROUP_E,Group E,2023-06-07,Blooming (BOL),Audax Italiano (CHI),1,2,,,openfootball/south-america,https://raw.githubusercontent.com/openfootball/south-america/master/copa-libertadores/2023_copas.txt,UNKNOWN,HISTORICAL_REAL,026122d2dc2f2c2b7d7104b8,A,3,True,False,True,False,False,False,0.3,0.0,0.6,0.42857142857142855,14.0,2.3333333333333335,2.0,1.7777777777777777,14.0,0.0
Copa Sudamericana,2023,MEN,South America,GROUP_B,Group B,2023-06-07,Emelec (ECU),Guaraní (PAR),1,1,,,openfootball/south-america,https://raw.githubusercontent.com/openfootball/south-america/master/copa-libertadores/2023_copas.txt,UNKNOWN,HISTORICAL_REAL,4a5bf95fe40913c5513148c9,D,2,True,False,False,True,False,False,0.3,1.6666666666666667,1.6,1.5,13.0,2.3333333333333335,2.0,2.0,13.0,0.0
Copa Sudamericana,2023,MEN,South America,GROUP_C,Group C,2023-06-07,Estudiantes (ARG),Red Bull Bragantino (BRA),1,1,,,openfootball/south-america,https://raw.githubusercontent.com/openfootball/south-america/master/copa-libertadores/2023_copas.txt,UNKNOWN,HISTORICAL_REAL,ebf054b95bd3e548e98b0e71,D,2,True,False,False,True,False,False,0.3,2.3333333333333335,2.5,2.5,13.0,2.3333333333333335,2.0,2.3,13.0,0.0
Copa Sudamericana,2023,MEN,South America,GROUP_B,Group B,2023-06-08,Danubio (URU),Huracán (ARG),1,0,,,openfootball/south-america,https://raw.githubusercontent.com/openfootball/south-america/master/copa-libertadores/2023_copas.txt,UNKNOWN,HISTORICAL_REAL,19b5c5bcda2d27eed4c430a7,H,1,False,True,False,False,False,False,0.3,0.3333333333333333,1.0,1.0,14.0,0.6666666666666666,1.2,1.0,14.0,0.0
Copa Sudamericana,2023,MEN,South America,GRUPPE_G,,2023-06-08,Goiás GO (BRA),Gimnasia de La Plata (ARG),0,0,,,openfootball/south-america,https://raw.githubusercontent.com/openfootball/south-america/master/copa-libertadores/2023_copas.txt,UNKNOWN,HISTORICAL_REAL,27266c50e9577f635492fed6,D,0,False,False,False,True,False,False,0.3,2.3333333333333335,1.6,1.3333333333333333,16.0,1.0,0.75,0.75,16.0,0.0
Copa Sudamericana,2023,MEN,South America,GROUP_C,Group C,2023-06-08,Oriente Petrolero (BOL),Tacuary (PAR),1,3,,,openfootball/south-america,https://raw.githubusercontent.com/openfootball/south-america/master/copa-libertadores/2023_copas.txt,UNKNOWN,HISTORICAL_REAL,03079917feeaf75febf66545,A,4,True,False,True,False,False,False,0.3,0.0,0.6,0.3,14.0,1.0,1.2,1.2,14.0,0.0
Copa Sudamericana,2023,MEN,South America,GRUPPE_H,,2023-06-08,San Lorenzo (ARG),Palestino (CHI),0,0,,,openfootball/south-america,https://raw.githubusercontent.com/openfootball/south-america/master/copa-libertadores/2023_copas.txt,UNKNOWN,HISTORICAL_REAL,5f2a85710c61fec0bae35ba1,D,0,False,False,False,True,False,False,0.3,0.3333333333333333,1.4,1.1,15.0,2.3333333333333335,2.0,1.1,14.0,1.0
Copa Sudamericana,2023,MEN,South America,GRUPPE_G,,2023-06-08,Santa Fe (COL),Universitario de Deportes (PER),2,0,,,openfootball/south-america,https://raw.githubusercontent.com/openfootball/south-america/master/copa-libertadores/2023_copas.txt,UNKNOWN,HISTORICAL_REAL,127e3430585a2fba74496d23,H,2,False,True,False,False,False,False,0.3,1.0,1.4,1.4,16.0,1.3333333333333333,2.0,2.0,16.0,0.0
Copa Sudamericana,2023,MEN,South America,GROUP_D,Group D,2023-06-08,São Paulo FC (BRA),Deportes Tolima (COL),5,0,,,openfootball/south-america,https://raw.githubusercontent.com/openfootball/south-america/master/copa-libertadores/2023_copas.txt,UNKNOWN,HISTORICAL_REAL,ab1bfdb0db7135268bd0cb7f,H,5,False,True,False,False,False,False,0.3,2.3333333333333335,2.0,2.2,16.0,0.6666666666666666,1.6,1.1,15.0,1.0
Copa Sudamericana,2023,MEN,South America,GROUP_A,Group A,2023-06-08,Universidad Cesar Vallejo (PER),CD Magallanes (CHI),3,2,,,openfootball/south-america,https://raw.githubusercontent.com/openfootball/south-america/master/copa-libertadores/2023_copas.txt,UNKNOWN,HISTORICAL_REAL,edda2edbdb9819e74303d5ca,H,5,True,True,False,False,False,False,0.3,0.3333333333333333,0.8,0.8,14.0,0.6666666666666666,0.75,0.75,16.0,-2.0
Copa Sudamericana,2023,MEN,South America,GROUP_D,Group D,2023-06-27,Deportes Tolima (COL),Academia Puerto Cabello (VEN),3,1,,,openfootball/south-america,https://raw.githubusercontent.com/openfootball/south-america/master/copa-libertadores/2023_copas.txt,UNKNOWN,HISTORICAL_REAL,b8ed03bb7c4db4feb42457f4,H,4,True,True,False,False,False,False,0.3,0.6666666666666666,1.0,1.0,19.0,0.0,0.0,0.375,21.0,-2.0
Copa Sudamericana,2023,MEN,South America,GRUPPE_H,,2023-06-27,Palestino (CHI),Fortaleza CE (BRA),1,2,,,openfootball/south-america,https://raw.githubusercontent.com/openfootball/south-america/master/copa-libertadores/2023_copas.txt,UNKNOWN,HISTORICAL_REAL,f2326906022dbbef5a65dd46,A,3,True,False,True,False,False,False,0.3,1.6666666666666667,1.6,1.2,19.0,2.0,2.4,2.142857142857143,21.0,-2.0
Copa Sudamericana,2023,MEN,South America,GRUPPE_H,,2023-06-27,San Lorenzo (ARG),Estudiantes de Mérida (VEN),4,1,,,openfootball/south-america,https://raw.githubusercontent.com/openfootball/south-america/master/copa-libertadores/2023_copas.txt,UNKNOWN,HISTORICAL_REAL,100d1d27090d21a88f7f2d17,H,5,True,True,False,False,False,False,0.3,0.6666666666666666,1.0,1.2,19.0,1.0,0.6,0.6,21.0,-2.0
Copa Sudamericana,2023,MEN,South America,GROUP_D,Group D,2023-06-27,São Paulo FC (BRA),Tigre (ARG),2,0,,,openfootball/south-america,https://raw.githubusercontent.com/openfootball/south-america/master/copa-libertadores/2023_copas.txt,UNKNOWN,HISTORICAL_REAL,26b455c7dea50046f1d4cb43,H,2,False,True,False,False,False,False,0.3,2.3333333333333335,2.6,2.2,19.0,2.3333333333333335,2.0,2.0,21.0,-2.0
Copa Sudamericana,2023,MEN,South America,GROUP_B,Group B,2023-06-28,Emelec (ECU),Danubio (URU),2,1,,,openfootball/south-america,https://raw.githubusercontent.com/openfootball/south-america/master/copa-libertadores/2023_copas.txt,UNKNOWN,HISTORICAL_REAL,0c3f1439d168cad2d94c094f,H,3,True,True,False,False,False,False,0.3,1.0,1.2,1.3,21.0,1.3333333333333333,1.4,1.3333333333333333,20.0,1.0
Copa Sudamericana,2023,MEN,South America,GROUP_C,Group C,2023-06-28,Estudiantes (ARG),Oriente Petrolero (BOL),4,0,,,openfootball/south-america,https://raw.githubusercontent.com/openfootball/south-america/master/copa-libertadores/2023_copas.txt,UNKNOWN,HISTORICAL_REAL,d0d9289ad69364e3758cbc13,H,4,False,True,False,False,False,False,0.3,1.6666666666666667,2.2,2.2,21.0,0.0,0.0,0.3,20.0,1.0
Copa Sudamericana,2023,MEN,South America,GROUP_B,Group B,2023-06-28,Guaraní (PAR),Huracán (ARG),2,0,,,openfootball/south-america,https://raw.githubusercontent.com/openfootball/south-america/master/copa-libertadores/2023_copas.txt,UNKNOWN,HISTORICAL_REAL,32389fe74ac5a5c9b29ee49f,H,2,False,True,False,False,False,False,0.3,1.6666666666666667,1.6,1.8333333333333333,21.0,0.6666666666666666,1.0,0.8571428571428571,20.0,1.0
Copa Sudamericana,2023,MEN,South America,GROUP_C,Group C,2023-06-28,Red Bull Bragantino (BRA),Tacuary (PAR),7,1,,,openfootball/south-america,https://raw.githubusercontent.com/openfootball/south-america/master/copa-libertadores/2023_copas.txt,UNKNOWN,HISTORICAL_REAL,c072bc70f81ac6554dcee7fe,H,8,True,True,False,False,False,False,0.3,1.6666666666666667,2.2,2.3,21.0,2.0,1.2,1.5,20.0,1.0
Copa Sudamericana,2023,MEN,South America,GRUPPE_G,,2023-06-28,Santa Fe (COL),Goiás GO (BRA),1,2,,,openfootball/south-america,https://raw.githubusercontent.com/openfootball/south-america/master/copa-libertadores/2023_copas.txt,UNKNOWN,HISTORICAL_REAL,99e98a62a9625676ad6a24cd,A,3,True,False,True,False,False,False,0.3,1.0,1.4,1.6666666666666667,20.0,2.3333333333333335,1.8,1.2857142857142858,20.0,0.0
Copa Sudamericana,2023,MEN,South America,GRUPPE_G,,2023-06-28,Universitario de Deportes (PER),Gimnasia de La Plata (ARG),1,0,,,openfootball/south-america,https://raw.githubusercontent.com/openfootball/south-america/master/copa-libertadores/2023_copas.txt,UNKNOWN,HISTORICAL_REAL,6f90997a7f060d29ddefaff1,H,1,False,True,False,False,False,False,0.3,1.0,1.4,1.6666666666666667,20.0,1.3333333333333333,0.8,0.8,20.0,0.0
Copa Sudamericana,2023,MEN,South America,GROUP_A,Group A,2023-06-29,Botafogo RJ (BRA),CD Magallanes (CHI),1,1,,,openfootball/south-america,https://raw.githubusercontent.com/openfootball/south-america/master/copa-libertadores/2023_copas.txt,UNKNOWN,HISTORICAL_REAL,23b59b901a8fb84b3879b78a,D,2,True,False,False,True,False,False,0.3,1.6666666666666667,1.8,1.8,23.0,0.6666666666666666,0.6,0.6,21.0,2.0
Copa Sudamericana,2023,MEN,South America,GROUP_F,Group F,2023-06-29,Defensa y Justicia (ARG),Millonarios (COL),3,1,,,openfootball/south-america,https://raw.githubusercontent.com/openfootball/south-america/master/copa-libertadores/2023_copas.txt,UNKNOWN,HISTORICAL_REAL,eed379dbc0576393c8a89221,H,4,True,True,False,False,False,False,0.3,3.0,2.4,1.3,23.0,1.3333333333333333,2.0,1.4444444444444444,23.0,0.0
Copa Sudamericana,2023,MEN,South America,GROUP_A,Group A,2023-06-29,LDU Quito (ECU),Universidad Cesar Vallejo (PER),3,0,,,openfootball/south-america,https://raw.githubusercontent.com/openfootball/south-america/master/copa-libertadores/2023_copas.txt,UNKNOWN,HISTORICAL_REAL,e62e7f8ea473bf3eb6449575,H,3,False,True,False,False,False,False,0.3,1.0,1.8,2.0,23.0,1.3333333333333333,0.8,1.1666666666666667,21.0,2.0
Copa Sudamericana,2023,MEN,South America,GROUP_E,Group E,2023-06-29,Newell's Old Boys (ARG),Audax Italiano (CHI),1,1,,,openfootball/south-america,https://raw.githubusercontent.com/openfootball/south-america/master/copa-libertadores/2023_copas.txt,UNKNOWN,HISTORICAL_REAL,74f0bb4fd0a6b83b05d01776,D,2,True,False,False,True,False,False,0.3,3.0,3.0,2.2,23.0,3.0,2.0,1.9,22.0,1.0
Copa Sudamericana,2023,MEN,South America,GROUP_F,Group F,2023-06-29,Peñarol (URU),América MG (BRA),1,2,,,openfootball/south-america,https://raw.githubusercontent.com/openfootball/south-america/master/copa-libertadores/2023_copas.txt,UNKNOWN,HISTORICAL_REAL,cb69efd4e2309200992708ef,A,3,True,False,True,False,False,False,0.3,0.0,0.0,0.9,23.0,1.3333333333333333,1.4,1.4,23.0,0.0
Copa Sudamericana,2023,MEN,South America,GROUP_E,Group E,2023-06-29,Santos FC (BRA),Blooming (BOL),0,0,,,openfootball/south-america,https://raw.githubusercontent.com/openfootball/south-america/master/copa-libertadores/2023_copas.txt,UNKNOWN,HISTORICAL_REAL,f0390f3924d0116d7e3d33d2,D,0,False,False,False,True,False,False,0.3,0.0,0.8,1.2,23.0,0.0,0.0,0.375,22.0,1.0
Copa Sudamericana,2023,MEN,South America,PLAYOFF,,2023-07-11,Barcelona (ECU),Estudiantes (ARG),2,1,,,openfootball/south-america,https://raw.githubusercontent.com/openfootball/south-america/master/copa-libertadores/2023_copas.txt,UNKNOWN,HISTORICAL_REAL,ba826f1cb87ff19af7f1d846,H,3,True,True,False,False,False,False,0.65,1.0,1.2,1.5,412.0,2.3333333333333335,2.2,2.3333333333333335,13.0,399.0
Copa Sudamericana,2023,MEN,South America,PLAYOFF,,2023-07-11,Colo-Colo (CHI),América MG (BRA),2,1,,,openfootball/south-america,https://raw.githubusercontent.com/openfootball/south-america/master/copa-libertadores/2023_copas.txt,UNKNOWN,HISTORICAL_REAL,f1e12b83918f28d7827bc2e5,H,3,True,True,False,False,False,False,0.65,1.5,1.5,1.5,371.0,2.0,1.4,1.6666666666666667,12.0,359.0
Copa Sudamericana,2023,MEN,South America,PLAYOFF,,2023-07-11,Corinthians SP (BRA),Universitario de Deportes (PER),1,0,,,openfootball/south-america,https://raw.githubusercontent.com/openfootball/south-america/master/copa-libertadores/2023_copas.txt,UNKNOWN,HISTORICAL_REAL,71ea5a736dca1e8e5c583cfb,H,1,False,True,False,False,False,False,0.65,2.0,1.8,1.6666666666666667,776.0,1.0,1.4,1.8571428571428572,13.0,763.0
Copa Sudamericana,2023,MEN,South America,PLAYOFF,,2023-07-12,Independiente Medellín (COL),San Lorenzo (ARG),0,1,,,openfootball/south-america,https://raw.githubusercontent.com/openfootball/south-america/master/copa-libertadores/2023_copas.txt,UNKNOWN,HISTORICAL_REAL,92e38e85f1ffa9d3d06a4391,A,1,False,False,True,False,False,False,0.65,0.3333333333333333,0.8,1.375,414.0,1.3333333333333333,1.0,1.5,15.0,399.0
Copa Sudamericana,2023,MEN,South America,PLAYOFF,,2023-07-12,Patronato de Paraná (ARG),Botafogo RJ (BRA),0,2,,,openfootball/south-america,https://raw.githubusercontent.com/openfootball/south-america/master/copa-libertadores/2023_copas.txt,UNKNOWN,HISTORICAL_REAL,72453367c1713d4914293ea0,A,2,False,False,True,False,False,False,0.65,,,,,1.6666666666666667,1.8,1.6666666666666667,13.0,
Copa Sudamericana,2023,MEN,South America,PLAYOFF,,2023-07-12,Sporting Cristal (PER),Emelec (ECU),0,1,,,openfootball/south-america,https://raw.githubusercontent.com/openfootball/south-america/master/copa-libertadores/2023_copas.txt,UNKNOWN,HISTORICAL_REAL,8398430c35894bebbe0efac1,A,1,False,False,True,False,False,False,0.65,0.3333333333333333,1.0,1.0,693.0,1.6666666666666667,1.8,1.5,14.0,679.0
Copa Sudamericana,2023,MEN,South America,PLAYOFF,,2023-07-13,Libertad (PAR),Tigre (ARG),2,1,,,openfootball/south-america,https://raw.githubusercontent.com/openfootball/south-america/master/copa-libertadores/2023_copas.txt,UNKNOWN,HISTORICAL_REAL,27a4bf50075ec4c07e0fceb3,H,3,True,True,False,False,False,False,0.65,1.0,0.6,1.3,652.0,1.3333333333333333,2.0,1.6666666666666667,16.0,636.0
Copa Sudamericana,2023,MEN,South America,PLAYOFF,,2023-07-13,Ñublense (CHI),Audax Italiano (CHI),0,0,,,openfootball/south-america,https://raw.githubusercontent.com/openfootball/south-america/master/copa-libertadores/2023_copas.txt,UNKNOWN,HISTORICAL_REAL,219a29f258b4e04bae546c0f,D,0,False,False,False,True,False,False,0.65,0.5,0.5,0.5,485.0,2.3333333333333335,2.2,2.0,14.0,471.0
Copa Sudamericana,2023,MEN,South America,PLAYOFF,,2023-07-18,América MG (BRA),Colo-Colo (CHI),5,1,,,openfootball/south-america,https://raw.githubusercontent.com/openfootball/south-america/master/copa-libertadores/2023_copas.txt,UNKNOWN,HISTORICAL_REAL,473a16adaf57efc7e2ddffd4,H,6,True,True,False,False,False,False,0.65,2.0,1.4,1.4285714285714286,7.0,2.0,2.0,2.0,7.0,0.0
Copa Sudamericana,2023,MEN,South America,PLAYOFF,,2023-07-18,Estudiantes (ARG),Barcelona (ECU),4,0,,,openfootball/south-america,https://raw.githubusercontent.com/openfootball/south-america/master/copa-libertadores/2023_copas.txt,UNKNOWN,HISTORICAL_REAL,9ac39fa81eedd807ad44f5fd,H,4,False,True,False,False,False,False,0.65,1.3333333333333333,1.6,2.0,7.0,1.6666666666666667,1.8,1.7142857142857142,7.0,0.0
Copa Sudamericana,2023,MEN,South America,PLAYOFF,,2023-07-18,Universitario de Deportes (PER),Corinthians SP (BRA),1,2,,,openfootball/south-america,https://raw.githubusercontent.com/openfootball/south-america/master/copa-libertadores/2023_copas.txt,UNKNOWN,HISTORICAL_REAL,a7a1a6ac0c79091d0157b5bb,A,3,True,False,True,False,False,False,0.65,1.0,1.2,1.625,7.0,3.0,2.4,1.8571428571428572,7.0,0.0
Copa Sudamericana,2023,MEN,South America,PLAYOFF,,2023-07-19,Botafogo RJ (BRA),Patronato de Paraná (ARG),1,1,,,openfootball/south-america,https://raw.githubusercontent.com/openfootball/south-america/master/copa-libertadores/2023_copas.txt,UNKNOWN,HISTORICAL_REAL,0a3832e41ddc38d1600c668a,D,2,True,False,False,True,False,False,0.65,1.6666666666666667,1.8,1.8571428571428572,7.0,0.0,0.0,0.0,7.0,0.0
Copa Sudamericana,2023,MEN,South America,PLAYOFF,,2023-07-19,Emelec (ECU),Sporting Cristal (PER),0,0,,,openfootball/south-america,https://raw.githubusercontent.com/openfootball/south-america/master/copa-libertadores/2023_copas.txt,UNKNOWN,HISTORICAL_REAL,c0ff67ae50067c2668aca87d,D,0,False,False,False,True,False,False,0.65,2.3333333333333335,1.8,1.8,7.0,0.0,0.8,0.8,7.0,0.0
Copa Sudamericana,2023,MEN,South America,PLAYOFF,,2023-07-19,San Lorenzo (ARG),Independiente Medellín (COL),2,0,,,openfootball/south-america,https://raw.githubusercontent.com/openfootball/south-america/master/copa-libertadores/2023_copas.txt,UNKNOWN,HISTORICAL_REAL,6b477bb2826de7df4bb37223,H,2,False,True,False,False,False,False,0.65,2.3333333333333335,1.6,1.7,7.0,0.3333333333333333,0.2,1.2222222222222223,7.0,0.0
Copa Sudamericana,2023,MEN,South America,PLAYOFF,,2023-07-20,Tigre (ARG),Libertad (PAR),0,1,,,openfootball/south-america,https://raw.githubusercontent.com/openfootball/south-america/master/copa-libertadores/2023_copas.txt,UNKNOWN,HISTORICAL_REAL,f97e4b4652723f7547d3ed59,A,1,False,False,True,False,False,False,0.65,1.0,1.4,1.4285714285714286,7.0,1.0,1.2,1.6,7.0,0.0
Copa Sudamericana,2023,MEN,South America,PLAYOFF,,2023-07-21,Audax Italiano (CHI),Ñublense (CHI),0,1,,,openfootball/south-america,https://raw.githubusercontent.com/openfootball/south-america/master/copa-libertadores/2023_copas.txt,UNKNOWN,HISTORICAL_REAL,f380f44e2f182ed14f2b5e68,A,1,False,False,True,False,False,False,0.65,1.6666666666666667,2.2,1.8,8.0,0.6666666666666666,0.6666666666666666,0.6666666666666666,8.0,0.0
Copa Sudamericana,2023,MEN,South America,ROUND_OF_16,,2023-08-01,Corinthians SP (BRA),Newell's Old Boys (ARG),2,1,,,openfootball/south-america,https://raw.githubusercontent.com/openfootball/south-america/master/copa-libertadores/2023_copas.txt,UNKNOWN,HISTORICAL_REAL,f8861a0e239c7c664f7c1fd7,H,3,True,True,False,False,True,False,0.7,3.0,2.4,2.0,14.0,2.3333333333333335,2.6,2.3,33.0,-19.0
Copa Sudamericana,2023,MEN,South America,ROUND_OF_16,,2023-08-01,Emelec (ECU),Defensa y Justicia (ARG),1,2,,,openfootball/south-america,https://raw.githubusercontent.com/openfootball/south-america/master/copa-libertadores/2023_copas.txt,UNKNOWN,HISTORICAL_REAL,2d35266d6391c36d688111f4,A,3,True,False,True,False,True,False,0.7,2.3333333333333335,1.8,1.6,13.0,3.0,3.0,1.6,33.0,-20.0
Copa Sudamericana,2023,MEN,South America,ROUND_OF_16,,2023-08-01,Libertad (PAR),Fortaleza CE (BRA),0,1,,,openfootball/south-america,https://raw.githubusercontent.com/openfootball/south-america/master/copa-libertadores/2023_copas.txt,UNKNOWN,HISTORICAL_REAL,9a038770d23bfc9738c3e648,A,1,False,False,True,False,True,False,0.7,2.0,1.8,1.6,12.0,2.0,2.4,2.25,35.0,-23.0
Copa Sudamericana,2023,MEN,South America,ROUND_OF_16,,2023-08-02,Botafogo RJ (BRA),Guaraní (PAR),2,1,,,openfootball/south-america,https://raw.githubusercontent.com/openfootball/south-america/master/copa-libertadores/2023_copas.txt,UNKNOWN,HISTORICAL_REAL,0a5c41559cc935bc38f5d933,H,3,True,True,False,False,True,False,0.7,1.6666666666666667,1.8,1.75,14.0,2.3333333333333335,2.2,2.0,35.0,-21.0
Copa Sudamericana,2023,MEN,South America,ROUND_OF_16,,2023-08-02,Estudiantes (ARG),Goiás GO (BRA),3,0,,,openfootball/south-america,https://raw.githubusercontent.com/openfootball/south-america/master/copa-libertadores/2023_copas.txt,UNKNOWN,HISTORICAL_REAL,90e4169813d4d8538b02fefe,H,3,False,True,False,False,True,False,0.7,2.0,2.0,2.125,15.0,2.3333333333333335,2.2,1.5,35.0,-20.0
Copa Sudamericana,2023,MEN,South America,ROUND_OF_16,,2023-08-03,América MG (BRA),Red Bull Bragantino (BRA),1,1,,,openfootball/south-america,https://raw.githubusercontent.com/openfootball/south-america/master/copa-libertadores/2023_copas.txt,UNKNOWN,HISTORICAL_REAL,8535340422f4e01223ec8c18,D,2,True,False,False,True,True,False,0.7,2.0,1.8,1.625,16.0,2.3333333333333335,2.2,2.3,36.0,-20.0
Copa Sudamericana,2023,MEN,South America,ROUND_OF_16,,2023-08-03,San Lorenzo (ARG),São Paulo FC (BRA),1,0,,,openfootball/south-america,https://raw.githubusercontent.com/openfootball/south-america/master/copa-libertadores/2023_copas.txt,UNKNOWN,HISTORICAL_REAL,68b1318050247cf428568b3e,H,1,False,True,False,False,True,False,0.7,3.0,2.0,2.0,15.0,3.0,2.6,2.2,37.0,-22.0
Copa Sudamericana,2023,MEN,South America,ROUND_OF_16,,2023-08-03,Ñublense (CHI),LDU Quito (ECU),0,1,,,openfootball/south-america,https://raw.githubusercontent.com/openfootball/south-america/master/copa-libertadores/2023_copas.txt,UNKNOWN,HISTORICAL_REAL,f4b7153d09492963744653a1,A,1,False,False,True,False,True,False,0.7,1.3333333333333333,1.25,1.25,13.0,1.6666666666666667,1.8,2.0,35.0,-22.0
Copa Sudamericana,2023,MEN,South America,ROUND_OF_16,,2023-08-08,Defensa y Justicia (ARG),Emelec (ECU),1,0,,,openfootball/south-america,https://raw.githubusercontent.com/openfootball/south-america/master/copa-libertadores/2023_copas.txt,UNKNOWN,HISTORICAL_REAL,b234596a7013166c1e86be93,H,1,False,True,False,False,True,False,0.7,3.0,3.0,1.9,7.0,1.3333333333333333,1.6,1.6,7.0,0.0
Copa Sudamericana,2023,MEN,South America,ROUND_OF_16,,2023-08-08,Fortaleza CE (BRA),Libertad (PAR),1,1,,,openfootball/south-america,https://raw.githubusercontent.com/openfootball/south-america/master/copa-libertadores/2023_copas.txt,UNKNOWN,HISTORICAL_REAL,4f45097ac36ac77c8d3fb9e7,D,2,True,False,False,True,True,False,0.7,2.0,2.4,2.3333333333333335,7.0,2.0,1.2,1.5,7.0,0.0
Copa Sudamericana,2023,MEN,South America,ROUND_OF_16,,2023-08-08,Newell's Old Boys (ARG),Corinthians SP (BRA),0,0,,,openfootball/south-america,https://raw.githubusercontent.com/openfootball/south-america/master/copa-libertadores/2023_copas.txt,UNKNOWN,HISTORICAL_REAL,6784c9daab8f46f5c7bb9e1c,D,0,False,False,False,True,True,False,0.7,1.3333333333333333,2.0,2.0,7.0,3.0,3.0,2.111111111111111,7.0,0.0
Copa Sudamericana,2023,MEN,South America,ROUND_OF_16,,2023-08-09,Goiás GO (BRA),Estudiantes (ARG),0,2,,,openfootball/south-america,https://raw.githubusercontent.com/openfootball/south-america/master/copa-libertadores/2023_copas.txt,UNKNOWN,HISTORICAL_REAL,51c673a13ab98a7ca2771d99,A,2,False,False,True,False,True,False,0.7,1.3333333333333333,2.0,1.3333333333333333,7.0,2.0,2.0,2.2222222222222223,7.0,0.0
Copa Sudamericana,2023,MEN,South America,ROUND_OF_16,,2023-08-09,Guaraní (PAR),Botafogo RJ (BRA),0,0,,,openfootball/south-america,https://raw.githubusercontent.com/openfootball/south-america/master/copa-libertadores/2023_copas.txt,UNKNOWN,HISTORICAL_REAL,24f85c65ecac370cd9e59cf7,D,0,False,False,False,True,True,False,0.7,1.3333333333333333,1.6,1.75,7.0,2.3333333333333335,1.8,1.8888888888888888,7.0,0.0
Copa Sudamericana,2023,MEN,South America,ROUND_OF_16,,2023-08-10,LDU Quito (ECU),Ñublense (CHI),4,3,,,openfootball/south-america,https://raw.githubusercontent.com/openfootball/south-america/master/copa-libertadores/2023_copas.txt,UNKNOWN,HISTORICAL_REAL,7408f3630f7aaf25291a08fa,H,7,True,True,False,False,True,False,0.7,2.3333333333333335,1.8,2.0,7.0,1.3333333333333333,1.0,1.0,7.0,0.0
Copa Sudamericana,2023,MEN,South America,ROUND_OF_16,,2023-08-10,Red Bull Bragantino (BRA),América MG (BRA),3,4,,,openfootball/south-america,https://raw.githubusercontent.com/openfootball/south-america/master/copa-libertadores/2023_copas.txt,UNKNOWN,HISTORICAL_REAL,6fc7124efee7c05b83cc5ec3,A,7,True,False,True,False,True,False,0.7,1.6666666666666667,1.8,2.1,7.0,1.3333333333333333,2.0,1.5555555555555556,7.0,0.0
Copa Sudamericana,2023,MEN,South America,ROUND_OF_16,,2023-08-10,São Paulo FC (BRA),San Lorenzo (ARG),2,0,,,openfootball/south-america,https://raw.githubusercontent.com/openfootball/south-america/master/copa-libertadores/2023_copas.txt,UNKNOWN,HISTORICAL_REAL,4e2d86f191c7e040b2929c9c,H,2,False,True,False,False,True,False,0.7,2.0,2.0,1.9,7.0,3.0,2.6,2.0,7.0,0.0
Copa Sudamericana,2023,MEN,South America,QUARTERFINAL,,2023-08-22,Corinthians SP (BRA),Estudiantes (ARG),1,0,,,openfootball/south-america,https://raw.githubusercontent.com/openfootball/south-america/master/copa-libertadores/2023_copas.txt,UNKNOWN,HISTORICAL_REAL,fd03246e5495b60a15bda8a6,H,1,False,True,False,False,True,False,0.8,2.3333333333333335,2.6,2.0,14.0,3.0,2.4,2.3,13.0,1.0
Copa Sudamericana,2023,MEN,South America,QUARTERFINAL,,2023-08-23,Botafogo RJ (BRA),Defensa y Justicia (ARG),1,1,,,openfootball/south-america,https://raw.githubusercontent.com/openfootball/south-america/master/copa-libertadores/2023_copas.txt,UNKNOWN,HISTORICAL_REAL,f40b59b6fa64e821cf67118d,D,2,True,False,False,True,True,False,0.8,1.6666666666666667,1.8,1.8,14.0,3.0,3.0,2.2,15.0,-1.0
Copa Sudamericana,2023,MEN,South America,QUARTERFINAL,,2023-08-24,América MG (BRA),Fortaleza CE (BRA),1,3,,,openfootball/south-america,https://raw.githubusercontent.com/openfootball/south-america/master/copa-libertadores/2023_copas.txt,UNKNOWN,HISTORICAL_REAL,a590ef56b9e76af14da00d7e,A,4,True,False,True,False,True,False,0.8,2.3333333333333335,2.0,1.7,14.0,2.3333333333333335,2.0,2.2,16.0,-2.0
Copa Sudamericana,2023,MEN,South America,QUARTERFINAL,,2023-08-24,LDU Quito (ECU),São Paulo FC (BRA),2,1,,,openfootball/south-america,https://raw.githubusercontent.com/openfootball/south-america/master/copa-libertadores/2023_copas.txt,UNKNOWN,HISTORICAL_REAL,23f3c3f3d4d383a8fb0ca644,H,3,True,True,False,False,True,False,0.8,3.0,2.2,2.2,14.0,2.0,2.4,2.2,14.0,0.0
Copa Sudamericana,2023,MEN,South America,QUARTERFINAL,,2023-08-29,Estudiantes (ARG),Corinthians SP (BRA),2,3,,,openfootball/south-america,https://raw.githubusercontent.com/openfootball/south-america/master/copa-libertadores/2023_copas.txt,UNKNOWN,HISTORICAL_REAL,a43009b0d37483c1f3af3c2c,A,5,True,False,True,False,True,False,0.8,2.0,1.8,2.0,7.0,2.3333333333333335,2.6,2.2,7.0,0.0
Copa Sudamericana,2023,MEN,South America,QUARTERFINAL,,2023-08-30,Defensa y Justicia (ARG),Botafogo RJ (BRA),2,1,,,openfootball/south-america,https://raw.githubusercontent.com/openfootball/south-america/master/copa-libertadores/2023_copas.txt,UNKNOWN,HISTORICAL_REAL,d786c98115b245aec6159a22,H,3,True,True,False,False,True,False,0.8,2.3333333333333335,2.6,2.2,7.0,1.6666666666666667,1.8,1.8,7.0,0.0
Copa Sudamericana,2023,MEN,South America,QUARTERFINAL,,2023-08-31,Fortaleza CE (BRA),América MG (BRA),2,1,,,openfootball/south-america,https://raw.githubusercontent.com/openfootball/south-america/master/copa-libertadores/2023_copas.txt,UNKNOWN,HISTORICAL_REAL,557db98eb8645bef531355ca,H,3,True,True,False,False,True,False,0.8,2.3333333333333335,2.0,2.5,7.0,1.3333333333333333,1.4,1.4,7.0,0.0
Copa Sudamericana,2023,MEN,South America,QUARTERFINAL,,2023-08-31,São Paulo FC (BRA),LDU Quito (ECU),4,5,,,openfootball/south-america,https://raw.githubusercontent.com/openfootball/south-america/master/copa-libertadores/2023_copas.txt,UNKNOWN,HISTORICAL_REAL,56b4d013a0e19852aa04fbf9,A,9,True,False,True,False,True,False,0.8,1.0,1.8,1.9,7.0,3.0,2.6,2.4,7.0,0.0
Copa Sudamericana,2023,MEN,South America,SEMIFINAL,,2023-09-26,Corinthians SP (BRA),Fortaleza CE (BRA),1,1,,,openfootball/south-america,https://raw.githubusercontent.com/openfootball/south-america/master/copa-libertadores/2023_copas.txt,UNKNOWN,HISTORICAL_REAL,8bf1464aabd87159b0241665,D,2,True,False,False,True,True,False,0.9,2.3333333333333335,2.6,2.5,28.0,2.3333333333333335,2.6,2.5,26.0,2.0
Copa Sudamericana,2023,MEN,South America,SEMIFINAL,,2023-09-27,LDU Quito (ECU),Defensa y Justicia (ARG),3,0,,,openfootball/south-america,https://raw.githubusercontent.com/openfootball/south-america/master/copa-libertadores/2023_copas.txt,UNKNOWN,HISTORICAL_REAL,3c590482f3f30a3f3b59d624,H,3,False,True,False,False,True,False,0.9,3.0,3.0,2.4,27.0,2.3333333333333335,2.6,2.5,28.0,-1.0
Copa Sudamericana,2023,MEN,South America,SEMIFINAL,,2023-10-03,Fortaleza CE (BRA),Corinthians SP (BRA),2,0,,,openfootball/south-america,https://raw.githubusercontent.com/openfootball/south-america/master/copa-libertadores/2023_copas.txt,UNKNOWN,HISTORICAL_REAL,d0e987e86cd8d5ca8b73bc1f,H,2,False,True,False,False,True,False,0.9,2.3333333333333335,2.2,2.3,7.0,2.3333333333333335,2.2,2.3,7.0,0.0
Copa Sudamericana,2023,MEN,South America,SEMIFINAL,,2023-10-04,Defensa y Justicia (ARG),LDU Quito (ECU),0,0,,,openfootball/south-america,https://raw.githubusercontent.com/openfootball/south-america/master/copa-libertadores/2023_copas.txt,UNKNOWN,HISTORICAL_REAL,3886432787dcf0e12985a58a,D,0,False,False,False,True,True,False,0.9,1.3333333333333333,2.0,2.5,7.0,3.0,3.0,2.4,7.0,0.0
Copa Sudamericana,2023,MEN,South America,FINAL,,2023-10-28,Fortaleza CE (BRA),LDU Quito (ECU),1,1,3.0,4.0,openfootball/south-america,https://raw.githubusercontent.com/openfootball/south-america/master/copa-libertadores/2023_copas.txt,UNKNOWN,HISTORICAL_REAL,618e4e514ffbf5e0ddebde0b,D,2,True,False,False,True,False,True,1.0,2.3333333333333335,2.2,2.3,25.0,2.3333333333333335,2.6,2.2,24.0,1.0
Copa Sudamericana,2024,MEN,South America,PRELIMINARY,,2024-03-05,Carabobo FC (VEN),Metropolitanos FC (VEN),4,5,,,openfootball/south-america,https://raw.githubusercontent.com/openfootball/south-america/master/copa-libertadores/2024_copas.txt,UNKNOWN,HISTORICAL_REAL,e0cb2920999538a73e03e763,A,9,True,False,True,False,False,False,0.3,,,,,0.3333333333333333,0.4,1.0,650.0,
Copa Sudamericana,2024,MEN,South America,PRELIMINARY,,2024-03-05,Deportes Tolima (COL),Independiente Medellín (COL),0,0,2.0,4.0,openfootball/south-america,https://raw.githubusercontent.com/openfootball/south-america/master/copa-libertadores/2024_copas.txt,UNKNOWN,HISTORICAL_REAL,147613d3379be435d5f0f064,D,0,False,False,False,True,False,False,0.3,1.3333333333333333,1.0,1.2,252.0,0.3333333333333333,0.2,1.1,230.0,22.0
Copa Sudamericana,2024,MEN,South America,PRELIMINARY,,2024-03-05,Deportivo Garcilaso (PER),AD Tarma (PER),0,0,4.0,3.0,openfootball/south-america,https://raw.githubusercontent.com/openfootball/south-america/master/copa-libertadores/2024_copas.txt,UNKNOWN,HISTORICAL_REAL,65839a60549ffacefce4249d,D,0,False,False,False,True,False,False,0.3,,,,,,,,,
Copa Sudamericana,2024,MEN,South America,PRELIMINARY,,2024-03-05,Real Tomayapo (BOL),Jorge Wilstermann (BOL),0,0,4.0,3.0,openfootball/south-america,https://raw.githubusercontent.com/openfootball/south-america/master/copa-libertadores/2024_copas.txt,UNKNOWN,HISTORICAL_REAL,f0bc60d459d2093fded629b8,D,0,False,False,False,True,False,False,0.3,,,,,0.3333333333333333,0.2,0.8,650.0,
Copa Sudamericana,2024,MEN,South America,PRELIMINARY,,2024-03-05,Universidad Católica (CHI),Coquimbo Unido (CHI),0,2,,,openfootball/south-america,https://raw.githubusercontent.com/openfootball/south-america/master/copa-libertadores/2024_copas.txt,UNKNOWN,HISTORICAL_REAL,0fe3cd44f433b4d912bb70c1,A,2,False,False,True,False,False,False,0.3,0.0,0.6,1.1111111111111112,364.0,2.0,2.0,1.7,1175.0,-811.0
Copa Sudamericana,2024,MEN,South America,PRELIMINARY,,2024-03-06,Alianza FC (COL),América de Cali (COL),2,1,,,openfootball/south-america,https://raw.githubusercontent.com/openfootball/south-america/master/copa-libertadores/2024_copas.txt,UNKNOWN,HISTORICAL_REAL,c87abe2a8b4bb9a24e3c5291,H,3,True,True,False,False,False,False,0.3,,,,,0.0,0.0,0.0,721.0,
Copa Sudamericana,2024,MEN,South America,PRELIMINARY,,2024-03-06,Deportivo Cuenca (ECU),Delfín SC (ECU),2,5,,,openfootball/south-america,https://raw.githubusercontent.com/openfootball/south-america/master/copa-libertadores/2024_copas.txt,UNKNOWN,HISTORICAL_REAL,81ddc0355b4b7f43606c3b02,A,7,True,False,True,False,False,False,0.3,0.0,0.0,0.0,363.0,0.3333333333333333,0.3333333333333333,0.3333333333333333,365.0,-2.0
Copa Sudamericana,2024,MEN,South America,PRELIMINARY,,2024-03-06,Everton (CHI),Unión La Calera (CHI),0,1,,,openfootball/south-america,https://raw.githubusercontent.com/openfootball/south-america/master/copa-libertadores/2024_copas.txt,UNKNOWN,HISTORICAL_REAL,097e9c028839e8678e2e8fac,A,1,False,False,True,False,False,False,0.3,2.3333333333333335,2.0,1.8333333333333333,651.0,2.0,2.0,1.5,652.0,-1.0
Copa Sudamericana,2024,MEN,South America,PRELIMINARY,,2024-03-06,Guaraní (PAR),Sportivo Luqueño (PAR),0,1,,,openfootball/south-america,https://raw.githubusercontent.com/openfootball/south-america/master/copa-libertadores/2024_copas.txt,UNKNOWN,HISTORICAL_REAL,9ff542244c42d40e31b93119,A,1,False,False,True,False,False,False,0.3,1.3333333333333333,1.6,1.6666666666666667,210.0,0.6666666666666666,1.25,1.25,1218.0,-1008.0
Copa Sudamericana,2024,MEN,South America,PRELIMINARY,,2024-03-06,Montevideo Wanderers (URU),Danubio (URU),0,1,,,openfootball/south-america,https://raw.githubusercontent.com/openfootball/south-america/master/copa-libertadores/2024_copas.txt,UNKNOWN,HISTORICAL_REAL,1e110427008fafb0892a2e16,A,1,False,False,True,False,False,False,0.3,2.3333333333333335,1.6,1.75,651.0,1.0,0.8,1.1428571428571428,252.0,399.0
Copa Sudamericana,2024,MEN,South America,PRELIMINARY,,2024-03-06,Universitario de Vinto (BOL),Nacional Potosí (BOL),0,2,,,openfootball/south-america,https://raw.githubusercontent.com/openfootball/south-america/master/copa-libertadores/2024_copas.txt,UNKNOWN,HISTORICAL_REAL,f3cde8255eab1b832ffabe1c,A,2,False,False,True,False,False,False,0.3,,,,,0.0,0.0,0.0,1064.0,
Copa Sudamericana,2024,MEN,South America,PRELIMINARY,,2024-03-07,Racing (URU),Cerro Largo (URU),2,0,,,openfootball/south-america,https://raw.githubusercontent.com/openfootball/south-america/master/copa-libertadores/2024_copas.txt,UNKNOWN,HISTORICAL_REAL,40852e80ba81173e222daf91,H,2,False,True,False,False,False,False,0.3,,,,,0.0,0.25,0.25,721.0,
Copa Sudamericana,2024,MEN,South America,PRELIMINARY,,2024-03-07,Rayo Zuliano (VEN),Deportivo La Guaira (VEN),0,0,4.0,2.0,openfootball/south-america,https://raw.githubusercontent.com/openfootball/south-america/master/copa-libertadores/2024_copas.txt,UNKNOWN,HISTORICAL_REAL,954d5f4dd0e47c4e804b37b7,D,0,False,False,False,True,False,False,0.3,,,,,0.0,0.0,0.5,652.0,
Copa Sudamericana,2024,MEN,South America,PRELIMINARY,,2024-03-07,Sportivo Ameliano (PAR),Club Olimpia (PAR),2,0,,,openfootball/south-america,https://raw.githubusercontent.com/openfootball/south-america/master/copa-libertadores/2024_copas.txt,UNKNOWN,HISTORICAL_REAL,6a74678c81270dea76b78634,H,2,False,True,False,False,False,False,0.3,0.0,0.0,0.0,365.0,1.5,1.5,1.5,609.0,-244.0
Copa Sudamericana,2024,MEN,South America,PRELIMINARY,,2024-03-07,Técnico Universitario (ECU),Universidad Catolica (ECU),0,3,,,openfootball/south-america,https://raw.githubusercontent.com/openfootball/south-america/master/copa-libertadores/2024_copas.txt,UNKNOWN,HISTORICAL_REAL,369daef5ab46fe3273dd3c5f,A,3,False,False,True,False,False,False,0.3,,,,,0.3333333333333333,0.8,1.0,653.0,
Copa Sudamericana,2024,MEN,South America,PRELIMINARY,,2024-03-07,Universidad Cesar Vallejo (PER),Sport Huancayo (PER),2,0,,,openfootball/south-america,https://raw.githubusercontent.com/openfootball/south-america/master/copa-libertadores/2024_copas.txt,UNKNOWN,HISTORICAL_REAL,6cdcd649f55c3c6bfa95305b,H,2,False,True,False,False,False,False,0.3,1.0,0.8,1.0,252.0,0.3333333333333333,0.2,0.8,1016.0,-764.0
Copa Sudamericana,2024,MEN,South America,GROUP_C,Group C,2024-04-02,Belgrano de Córdoba (ARG),Internacional (BRA),0,0,,,openfootball/south-america,https://raw.githubusercontent.com/openfootball/south-america/master/copa-libertadores/2024_copas.txt,UNKNOWN,HISTORICAL_REAL,da64d09f6d6a8d6b6dffdaa0,D,0,False,False,False,True,False,False,0.3,,,,,1.6666666666666667,1.6,1.7,600.0,
Copa Sudamericana,2024,MEN,South America,GROUP_F,Group F,2024-04-02,Club Nacional (PAR),Argentinos Juniors (ARG),2,3,,,openfootball/south-america,https://raw.githubusercontent.com/openfootball/south-america/master/copa-libertadores/2024_copas.txt,UNKNOWN,HISTORICAL_REAL,d88a57eb7bed2b090d86d20b,A,5,True,False,True,False,False,False,0.3,0.6666666666666666,0.6,0.5,747.0,1.0,1.0,1.0,1498.0,-751.0
Copa Sudamericana,2024,MEN,South America,GROUP_F,Group F,2024-04-02,Racing (URU),Corinthians SP (BRA),1,1,,,openfootball/south-america,https://raw.githubusercontent.com/openfootball/south-america/master/copa-libertadores/2024_copas.txt,UNKNOWN,HISTORICAL_REAL,fcd3f56414bfbd7646811999,D,2,True,False,False,True,False,False,0.3,3.0,3.0,3.0,26.0,1.3333333333333333,1.6,2.3,182.0,-156.0
Copa Sudamericana,2024,MEN,South America,GROUP_E,Group E,2024-04-02,Sportivo Ameliano (PAR),Athletico Paranaense (BRA),1,4,,,openfootball/south-america,https://raw.githubusercontent.com/openfootball/south-america/master/copa-libertadores/2024_copas.txt,UNKNOWN,HISTORICAL_REAL,4361a83657a5911f27e73bc2,A,5,True,False,True,False,False,False,0.3,1.5,1.5,1.5,26.0,3.0,2.4,2.7,864.0,-838.0
Copa Sudamericana,2024,MEN,South America,GROUP_A,Group A,2024-04-02,Universidad Cesar Vallejo (PER),Defensa y Justicia (ARG),0,1,,,openfootball/south-america,https://raw.githubusercontent.com/openfootball/south-america/master/copa-libertadores/2024_copas.txt,UNKNOWN,HISTORICAL_REAL,e0aada8cae15cbfdb9c16302,A,1,False,False,True,False,False,False,0.3,2.0,1.4,1.25,26.0,1.3333333333333333,1.6,2.3,181.0,-155.0
Copa Sudamericana,2024,MEN,South America,GROUP_B,Group B,2024-04-03,Alianza FC (COL),Unión La Calera (CHI),0,1,,,openfootball/south-america,https://raw.githubusercontent.com/openfootball/south-america/master/copa-libertadores/2024_copas.txt,UNKNOWN,HISTORICAL_REAL,afe8668b2ff3218fa1c6a70d,A,1,False,False,True,False,False,False,0.3,3.0,3.0,3.0,28.0,2.0,2.0,1.8,28.0,0.0
Copa Sudamericana,2024,MEN,South America,GRUPPE_G,,2024-04-03,Cuiabá MT (BRA),Lanús (ARG),1,1,,,openfootball/south-america,https://raw.githubusercontent.com/openfootball/south-america/master/copa-libertadores/2024_copas.txt,UNKNOWN,HISTORICAL_REAL,2c8a2dea00742e4858d31329,D,2,True,False,False,True,False,False,0.3,1.0,0.6,1.0,678.0,1.3333333333333333,1.0,1.6,636.0,42.0
Copa Sudamericana,2024,MEN,South America,GROUP_D,Group D,2024-04-03,Nacional Potosí (BOL),Boca Juniors (ARG),0,0,,,openfootball/south-america,https://raw.githubusercontent.com/openfootball/south-america/master/copa-libertadores/2024_copas.txt,UNKNOWN,HISTORICAL_REAL,5fca34240e25dc3960b2d95b,D,0,False,False,False,True,False,False,0.3,1.0,0.6,0.6,28.0,,,,,
Copa Sudamericana,2024,MEN,South America,GROUP_E,Group E,2024-04-03,Rayo Zuliano (VEN),Danubio (URU),0,2,,,openfootball/south-america,https://raw.githubusercontent.com/openfootball/south-america/master/copa-libertadores/2024_copas.txt,UNKNOWN,HISTORICAL_REAL,ed6f597bfc3c3b06a4c527d5,A,2,False,False,True,False,False,False,0.3,1.0,1.0,1.0,27.0,2.0,1.4,1.375,28.0,-1.0
Copa Sudamericana,2024,MEN,South America,GRUPPE_H,,2024-04-03,Red Bull Bragantino (BRA),Coquimbo Unido (CHI),1,0,,,openfootball/south-america,https://raw.githubusercontent.com/openfootball/south-america/master/copa-libertadores/2024_copas.txt,UNKNOWN,HISTORICAL_REAL,3c079d73c9f8f471bacb6462,H,1,False,True,False,False,False,False,0.3,1.3333333333333333,1.6,1.8,237.0,2.0,2.0,1.9,29.0,208.0
Copa Sudamericana,2024,MEN,South America,GROUP_D,Group D,2024-04-03,Sportivo Trinidense (PAR),Fortaleza CE (BRA),0,2,,,openfootball/south-america,https://raw.githubusercontent.com/openfootball/south-america/master/copa-libertadores/2024_copas.txt,UNKNOWN,HISTORICAL_REAL,60a865370506f3e0887f7c49,A,2,False,False,True,False,False,False,0.3,,,,,1.6666666666666667,2.2,2.1,158.0,
Copa Sudamericana,2024,MEN,South America,GROUP_A,Group A,2024-04-04,Always Ready (BOL),Independiente Medellín (COL),2,0,,,openfootball/south-america,https://raw.githubusercontent.com/openfootball/south-america/master/copa-libertadores/2024_copas.txt,UNKNOWN,HISTORICAL_REAL,7718d3a06064ed90d283e02b,H,2,False,True,False,False,False,False,0.3,1.5,1.5,1.5,1505.0,0.3333333333333333,0.4,0.9,30.0,1475.0
Copa Sudamericana,2024,MEN,South America,GRUPPE_G,,2024-04-04,Deportivo Garcilaso (PER),Metropolitanos FC (VEN),3,2,,,openfootball/south-america,https://raw.githubusercontent.com/openfootball/south-america/master/copa-libertadores/2024_copas.txt,UNKNOWN,HISTORICAL_REAL,09fdc5c800c07b426c94b1c9,H,5,True,True,False,False,False,False,0.3,1.0,1.0,1.0,30.0,1.3333333333333333,0.8,1.3,30.0,0.0
Copa Sudamericana,2024,MEN,South America,GROUP_C,Group C,2024-04-04,Real Tomayapo (BOL),Delfín SC (ECU),0,2,,,openfootball/south-america,https://raw.githubusercontent.com/openfootball/south-america/master/copa-libertadores/2024_copas.txt,UNKNOWN,HISTORICAL_REAL,c150ace4097a96cda4701322,A,2,False,False,True,False,False,False,0.3,1.0,1.0,1.0,30.0,1.0,1.0,1.0,29.0,1.0
Copa Sudamericana,2024,MEN,South America,GRUPPE_H,,2024-04-04,Sportivo Luqueño (PAR),Racing Club (ARG),0,2,,,openfootball/south-america,https://raw.githubusercontent.com/openfootball/south-america/master/copa-libertadores/2024_copas.txt,UNKNOWN,HISTORICAL_REAL,d09e30564527527badc98eb4,A,2,False,False,True,False,False,False,0.3,1.3333333333333333,1.6,1.6,29.0,2.0,1.8,2.0,679.0,-650.0
Copa Sudamericana,2024,MEN,South America,GROUP_B,Group B,2024-04-04,Universidad Catolica (ECU),Cruzeiro (BRA),0,0,,,openfootball/south-america,https://raw.githubusercontent.com/openfootball/south-america/master/copa-libertadores/2024_copas.txt,UNKNOWN,HISTORICAL_REAL,40899e34f153461cea8e0cb8,D,0,False,False,False,True,False,False,0.3,1.3333333333333333,1.4,1.2222222222222223,28.0,,,,,
Copa Sudamericana,2024,MEN,South America,GROUP_F,Group F,2024-04-09,Argentinos Juniors (ARG),Racing (URU),0,3,,,openfootball/south-america,https://raw.githubusercontent.com/openfootball/south-america/master/copa-libertadores/2024_copas.txt,UNKNOWN,HISTORICAL_REAL,1cc0d44d940dbf69df49a93d,A,3,False,False,True,False,False,False,0.3,1.6666666666666667,1.6666666666666667,1.6666666666666667,7.0,2.0,2.0,2.0,7.0,0.0
Copa Sudamericana,2024,MEN,South America,GROUP_E,Group E,2024-04-09,Athletico Paranaense (BRA),Rayo Zuliano (VEN),6,0,,,openfootball/south-america,https://raw.githubusercontent.com/openfootball/south-america/master/copa-libertadores/2024_copas.txt,UNKNOWN,HISTORICAL_REAL,73828314c6e59a02bd45cd25,H,6,False,True,False,False,False,False,0.3,3.0,3.0,2.7,7.0,0.5,0.5,0.5,6.0,1.0
Copa Sudamericana,2024,MEN,South America,GROUP_D,Group D,2024-04-09,Boca Juniors (ARG),Sportivo Trinidense (PAR),1,0,,,openfootball/south-america,https://raw.githubusercontent.com/openfootball/south-america/master/copa-libertadores/2024_copas.txt,UNKNOWN,HISTORICAL_REAL,4588a37ae5286df2ee3cf2b9,H,1,False,True,False,False,False,False,0.3,1.0,1.0,1.0,6.0,0.0,0.0,0.0,6.0,0.0
Copa Sudamericana,2024,MEN,South America,GROUP_F,Group F,2024-04-09,Corinthians SP (BRA),Club Nacional (PAR),4,0,,,openfootball/south-america,https://raw.githubusercontent.com/openfootball/south-america/master/copa-libertadores/2024_copas.txt,UNKNOWN,HISTORICAL_REAL,17a661225ba070e80419c689,H,4,False,True,False,False,False,False,0.3,0.6666666666666666,1.6,2.1,7.0,0.3333333333333333,0.6,0.42857142857142855,7.0,0.0
Copa Sudamericana,2024,MEN,South America,GROUP_E,Group E,2024-04-09,Danubio (URU),Sportivo Ameliano (PAR),0,0,,,openfootball/south-america,https://raw.githubusercontent.com/openfootball/south-america/master/copa-libertadores/2024_copas.txt,UNKNOWN,HISTORICAL_REAL,089c1a00dcfcff62ae9774d4,D,0,False,False,False,True,False,False,0.3,2.0,1.8,1.5555555555555556,6.0,1.0,1.0,1.0,7.0,-1.0
Copa Sudamericana,2024,MEN,South America,GROUP_A,Group A,2024-04-10,Defensa y Justicia (ARG),Always Ready (BOL),1,1,,,openfootball/south-america,https://raw.githubusercontent.com/openfootball/south-america/master/copa-libertadores/2024_copas.txt,UNKNOWN,HISTORICAL_REAL,0c70d602f1e0b8c0caa98637,D,2,True,False,False,True,False,False,0.3,1.3333333333333333,1.6,2.3,8.0,2.0,2.0,2.0,6.0,2.0
Copa Sudamericana,2024,MEN,South America,GROUP_D,Group D,2024-04-10,Fortaleza CE (BRA),Nacional Potosí (BOL),5,0,,,openfootball/south-america,https://raw.githubusercontent.com/openfootball/south-america/master/copa-libertadores/2024_copas.txt,UNKNOWN,HISTORICAL_REAL,221ca11eb92fc6ef2213d441,H,5,False,True,False,False,False,False,0.3,2.3333333333333335,2.2,2.1,7.0,1.3333333333333333,0.8,0.6666666666666666,7.0,0.0
Copa Sudamericana,2024,MEN,South America,GROUP_A,Group A,2024-04-10,Independiente Medellín (COL),Universidad Cesar Vallejo (PER),4,2,,,openfootball/south-america,https://raw.githubusercontent.com/openfootball/south-america/master/copa-libertadores/2024_copas.txt,UNKNOWN,HISTORICAL_REAL,398cbff5581518dff3a0ce55,H,6,True,True,False,False,False,False,0.3,0.3333333333333333,0.4,0.6,6.0,1.0,1.2,1.1111111111111112,8.0,-2.0
Copa Sudamericana,2024,MEN,South America,GROUP_C,Group C,2024-04-10,Internacional (BRA),Real Tomayapo (BOL),0,0,,,openfootball/south-america,https://raw.githubusercontent.com/openfootball/south-america/master/copa-libertadores/2024_copas.txt,UNKNOWN,HISTORICAL_REAL,31d9d619e321d88575fcf397,D,0,False,False,False,True,False,False,0.3,1.0,1.2,1.7,8.0,0.5,0.5,0.5,6.0,2.0
Copa Sudamericana,2024,MEN,South America,GRUPPE_H,,2024-04-10,Racing Club (ARG),Red Bull Bragantino (BRA),3,0,,,openfootball/south-america,https://raw.githubusercontent.com/openfootball/south-america/master/copa-libertadores/2024_copas.txt,UNKNOWN,HISTORICAL_REAL,639eec6110f894e1aa06582a,H,3,False,True,False,False,False,False,0.3,2.0,1.8,2.142857142857143,6.0,1.3333333333333333,1.6,1.8,7.0,-1.0
Copa Sudamericana,2024,MEN,South America,GROUP_B,Group B,2024-04-10,Unión La Calera (CHI),Universidad Catolica (ECU),0,1,,,openfootball/south-america,https://raw.githubusercontent.com/openfootball/south-america/master/copa-libertadores/2024_copas.txt,UNKNOWN,HISTORICAL_REAL,d512da8ee499690de8bb3377,A,1,False,False,True,False,False,False,0.3,3.0,2.4,2.1,7.0,1.3333333333333333,1.0,1.2,6.0,1.0
Copa Sudamericana,2024,MEN,South America,GRUPPE_H,,2024-04-11,Coquimbo Unido (CHI),Sportivo Luqueño (PAR),1,0,,,openfootball/south-america,https://raw.githubusercontent.com/openfootball/south-america/master/copa-libertadores/2024_copas.txt,UNKNOWN,HISTORICAL_REAL,41861a3c20ed6421ce2d3627,H,1,False,True,False,False,False,False,0.3,1.0,1.8,1.9,8.0,1.3333333333333333,1.0,1.3333333333333333,7.0,1.0
Copa Sudamericana,2024,MEN,South America,GROUP_B,Group B,2024-04-11,Cruzeiro (BRA),Alianza FC (COL),3,3,,,openfootball/south-america,https://raw.githubusercontent.com/openfootball/south-america/master/copa-libertadores/2024_copas.txt,UNKNOWN,HISTORICAL_REAL,8715669966e1805df1520afc,D,6,True,False,False,True,False,False,0.3,1.0,1.0,1.0,7.0,1.5,1.5,1.5,8.0,-1.0
Copa Sudamericana,2024,MEN,South America,GROUP_C,Group C,2024-04-11,Delfín SC (ECU),Belgrano de Córdoba (ARG),1,1,,,openfootball/south-america,https://raw.githubusercontent.com/openfootball/south-america/master/copa-libertadores/2024_copas.txt,UNKNOWN,HISTORICAL_REAL,474db4201a2afbcf2171b684,D,2,True,False,False,True,False,False,0.3,2.0,1.4,1.4,7.0,1.0,1.0,1.0,9.0,-2.0
Copa Sudamericana,2024,MEN,South America,GRUPPE_G,,2024-04-11,Lanús (ARG),Deportivo Garcilaso (PER),2,1,,,openfootball/south-america,https://raw.githubusercontent.com/openfootball/south-america/master/copa-libertadores/2024_copas.txt,UNKNOWN,HISTORICAL_REAL,c92b18cef2d949d9b2dc047c,H,3,True,True,False,False,False,False,0.3,0.6666666666666666,1.0,1.4,8.0,2.0,2.0,2.0,7.0,1.0
Copa Sudamericana,2024,MEN,South America,GRUPPE_G,,2024-04-11,Metropolitanos FC (VEN),Cuiabá MT (BRA),0,2,,,openfootball/south-america,https://raw.githubusercontent.com/openfootball/south-america/master/copa-libertadores/2024_copas.txt,UNKNOWN,HISTORICAL_REAL,21b4ea11285232a306c599de,A,2,False,False,True,False,False,False,0.3,1.0,0.8,1.2,7.0,1.3333333333333333,0.8,1.0,8.0,-1.0
Copa Sudamericana,2024,MEN,South America,GROUP_B,Group B,2024-04-23,Alianza FC (COL),Universidad Catolica (ECU),1,3,,,openfootball/south-america,https://raw.githubusercontent.com/openfootball/south-america/master/copa-libertadores/2024_copas.txt,UNKNOWN,HISTORICAL_REAL,f61068e2680e8bf58c7eb596,A,4,True,False,True,False,False,False,0.3,1.3333333333333333,1.3333333333333333,1.3333333333333333,12.0,2.3333333333333335,1.6,1.5,13.0,-1.0
Copa Sudamericana,2024,MEN,South America,GROUP_F,Group F,2024-04-23,Argentinos Juniors (ARG),Corinthians SP (BRA),1,0,,,openfootball/south-america,https://raw.githubusercontent.com/openfootball/south-america/master/copa-libertadores/2024_copas.txt,UNKNOWN,HISTORICAL_REAL,64402a7bde3f314d41037b06,H,1,False,True,False,False,False,False,0.3,1.3333333333333333,1.25,1.25,14.0,1.3333333333333333,1.6,2.1,14.0,0.0
Copa Sudamericana,2024,MEN,South America,GRUPPE_G,,2024-04-23,Deportivo Garcilaso (PER),Cuiabá MT (BRA),1,1,,,openfootball/south-america,https://raw.githubusercontent.com/openfootball/south-america/master/copa-libertadores/2024_copas.txt,UNKNOWN,HISTORICAL_REAL,e465d70f7b9d5ae9f30aa250,D,2,True,False,False,True,False,False,0.3,1.3333333333333333,1.3333333333333333,1.3333333333333333,12.0,1.3333333333333333,1.4,1.25,12.0,0.0
Copa Sudamericana,2024,MEN,South America,GROUP_D,Group D,2024-04-23,Sportivo Trinidense (PAR),Nacional Potosí (BOL),2,0,,,openfootball/south-america,https://raw.githubusercontent.com/openfootball/south-america/master/copa-libertadores/2024_copas.txt,UNKNOWN,HISTORICAL_REAL,7429e2df3dd9eb912c500d88,H,2,False,True,False,False,False,False,0.3,0.0,0.0,0.0,14.0,1.3333333333333333,0.8,0.5714285714285714,13.0,1.0
Copa Sudamericana,2024,MEN,South America,GROUP_B,Group B,2024-04-23,Unión La Calera (CHI),Cruzeiro (BRA),0,0,,,openfootball/south-america,https://raw.githubusercontent.com/openfootball/south-america/master/copa-libertadores/2024_copas.txt,UNKNOWN,HISTORICAL_REAL,6d49e4731baff1caacf5c210,D,0,False,False,False,True,False,False,0.3,2.0,1.8,2.0,13.0,1.0,1.0,1.0,12.0,1.0
Copa Sudamericana,2024,MEN,South America,GRUPPE_H,,2024-04-24,Coquimbo Unido (CHI),Racing Club (ARG),1,2,,,openfootball/south-america,https://raw.githubusercontent.com/openfootball/south-america/master/copa-libertadores/2024_copas.txt,UNKNOWN,HISTORICAL_REAL,b386b75bb9942d531441d811,A,3,True,False,True,False,False,False,0.3,2.0,1.8,1.9,13.0,2.0,2.4,2.25,14.0,-1.0
Copa Sudamericana,2024,MEN,South America,GROUP_E,Group E,2024-04-24,Danubio (URU),Athletico Paranaense (BRA),0,1,,,openfootball/south-america,https://raw.githubusercontent.com/openfootball/south-america/master/copa-libertadores/2024_copas.txt,UNKNOWN,HISTORICAL_REAL,d658cd19d4c874766bb8e583,A,1,False,False,True,False,False,False,0.3,2.3333333333333335,2.0,1.5,15.0,3.0,3.0,2.7,15.0,0.0
Copa Sudamericana,2024,MEN,South America,GROUP_E,Group E,2024-04-24,Rayo Zuliano (VEN),Sportivo Ameliano (PAR),0,4,,,openfootball/south-america,https://raw.githubusercontent.com/openfootball/south-america/master/copa-libertadores/2024_copas.txt,UNKNOWN,HISTORICAL_REAL,8fe95a54419da65bc03dbe25,A,4,False,False,True,False,False,False,0.3,0.3333333333333333,0.3333333333333333,0.3333333333333333,15.0,1.3333333333333333,1.0,1.0,15.0,0.0
Copa Sudamericana,2024,MEN,South America,GROUP_C,Group C,2024-04-24,Real Tomayapo (BOL),Belgrano de Córdoba (ARG),0,2,,,openfootball/south-america,https://raw.githubusercontent.com/openfootball/south-america/master/copa-libertadores/2024_copas.txt,UNKNOWN,HISTORICAL_REAL,73b62ee4e7fef8cfdd1a84a8,A,2,False,False,True,False,False,False,0.3,0.6666666666666666,0.6666666666666666,0.6666666666666666,14.0,1.0,1.0,1.0,13.0,1.0
Copa Sudamericana,2024,MEN,South America,GRUPPE_H,,2024-04-24,Red Bull Bragantino (BRA),Sportivo Luqueño (PAR),2,1,,,openfootball/south-america,https://raw.githubusercontent.com/openfootball/south-america/master/copa-libertadores/2024_copas.txt,UNKNOWN,HISTORICAL_REAL,8a7b8aefea7741f6234bec92,H,3,True,True,False,False,False,False,0.3,1.0,1.4,1.8,14.0,1.0,0.8,1.1428571428571428,13.0,1.0
Copa Sudamericana,2024,MEN,South America,GROUP_A,Group A,2024-04-25,Always Ready (BOL),Universidad Cesar Vallejo (PER),2,0,,,openfootball/south-america,https://raw.githubusercontent.com/openfootball/south-america/master/copa-libertadores/2024_copas.txt,UNKNOWN,HISTORICAL_REAL,29e4584a52f11ae8ecd07adf,H,2,False,True,False,False,False,False,0.3,2.3333333333333335,1.75,1.75,15.0,1.0,1.2,1.0,15.0,0.0
Copa Sudamericana,2024,MEN,South America,GROUP_F,Group F,2024-04-25,Club Nacional (PAR),Racing (URU),2,2,,,openfootball/south-america,https://raw.githubusercontent.com/openfootball/south-america/master/copa-libertadores/2024_copas.txt,UNKNOWN,HISTORICAL_REAL,372e1d70b603181912effecf,D,4,True,False,False,True,False,False,0.3,0.3333333333333333,0.4,0.375,16.0,2.3333333333333335,2.3333333333333335,2.3333333333333335,16.0,0.0
Copa Sudamericana,2024,MEN,South America,GROUP_C,Group C,2024-04-25,Delfín SC (ECU),Internacional (BRA),1,2,,,openfootball/south-america,https://raw.githubusercontent.com/openfootball/south-america/master/copa-libertadores/2024_copas.txt,UNKNOWN,HISTORICAL_REAL,5a4ab916bd1d6e7b6e53d012,A,3,True,False,True,False,False,False,0.3,2.3333333333333335,1.4,1.3333333333333333,14.0,1.0,1.4,1.7,15.0,-1.0
Copa Sudamericana,2024,MEN,South America,GROUP_D,Group D,2024-04-25,Fortaleza CE (BRA),Boca Juniors (ARG),4,2,,,openfootball/south-america,https://raw.githubusercontent.com/openfootball/south-america/master/copa-libertadores/2024_copas.txt,UNKNOWN,HISTORICAL_REAL,fa9e488b6e431f28b54c3c3e,H,6,True,True,False,False,False,False,0.3,2.3333333333333335,2.2,2.4,15.0,2.0,2.0,2.0,16.0,-1.0
Copa Sudamericana,2024,MEN,South America,GROUP_A,Group A,2024-04-25,Independiente Medellín (COL),Defensa y Justicia (ARG),2,1,,,openfootball/south-america,https://raw.githubusercontent.com/openfootball/south-america/master/copa-libertadores/2024_copas.txt,UNKNOWN,HISTORICAL_REAL,4d0a743d19435286fe4d5dd4,H,3,True,True,False,False,False,False,0.3,1.3333333333333333,0.8,0.8,15.0,1.6666666666666667,1.6,2.1,15.0,0.0
Copa Sudamericana,2024,MEN,South America,GRUPPE_G,,2024-04-25,Metropolitanos FC (VEN),Lanús (ARG),0,2,,,openfootball/south-america,https://raw.githubusercontent.com/openfootball/south-america/master/copa-libertadores/2024_copas.txt,UNKNOWN,HISTORICAL_REAL,15b09ed6b82f08bf07b9a9f1,A,2,False,False,True,False,False,False,0.3,1.0,0.8,0.9,14.0,1.6666666666666667,1.6,1.6,14.0,0.0
Copa Sudamericana,2024,MEN,South America,GROUP_B,Group B,2024-05-07,Alianza FC (COL),Cruzeiro (BRA),0,3,,,openfootball/south-america,https://raw.githubusercontent.com/openfootball/south-america/master/copa-libertadores/2024_copas.txt,UNKNOWN,HISTORICAL_REAL,1442fbcba4fc959d5e5d1927,A,3,False,False,True,False,False,False,0.3,0.3333333333333333,1.0,1.0,14.0,1.0,1.0,1.0,14.0,0.0
Copa Sudamericana,2024,MEN,South America,GROUP_A,Group A,2024-05-07,Always Ready (BOL),Defensa y Justicia (ARG),3,0,,,openfootball/south-america,https://raw.githubusercontent.com/openfootball/south-america/master/copa-libertadores/2024_copas.txt,UNKNOWN,HISTORICAL_REAL,6131dca440d8dcdec2364d7c,H,3,False,True,False,False,False,False,0.3,2.3333333333333335,2.0,2.0,12.0,1.3333333333333333,1.0,1.8,12.0,0.0
Copa Sudamericana,2024,MEN,South America,GROUP_F,Group F,2024-05-07,Club Nacional (PAR),Corinthians SP (BRA),0,2,,,openfootball/south-america,https://raw.githubusercontent.com/openfootball/south-america/master/copa-libertadores/2024_copas.txt,UNKNOWN,HISTORICAL_REAL,1a701ec31d382982a17c595f,A,2,False,False,True,False,False,False,0.3,0.3333333333333333,0.4,0.4444444444444444,12.0,1.3333333333333333,1.0,1.8,14.0,-2.0
Copa Sudamericana,2024,MEN,South America,GROUP_F,Group F,2024-05-07,Racing (URU),Argentinos Juniors (ARG),2,1,,,openfootball/south-america,https://raw.githubusercontent.com/openfootball/south-america/master/copa-libertadores/2024_copas.txt,UNKNOWN,HISTORICAL_REAL,d1ac5dbdbb989e54b42f7b9b,H,3,True,True,False,False,False,False,0.3,1.6666666666666667,2.0,2.0,12.0,2.0,1.6,1.6,14.0,-2.0
Copa Sudamericana,2024,MEN,South America,GROUP_E,Group E,2024-05-07,Sportivo Ameliano (PAR),Danubio (URU),2,1,,,openfootball/south-america,https://raw.githubusercontent.com/openfootball/south-america/master/copa-libertadores/2024_copas.txt,UNKNOWN,HISTORICAL_REAL,1a681765cf2c1df7154f7edc,H,3,True,True,False,False,False,False,0.3,1.3333333333333333,1.4,1.4,13.0,1.3333333333333333,1.4,1.4,13.0,0.0
Copa Sudamericana,2024,MEN,South America,GROUP_A,Group A,2024-05-07,Universidad Cesar Vallejo (PER),Independiente Medellín (COL),1,5,,,openfootball/south-america,https://raw.githubusercontent.com/openfootball/south-america/master/copa-libertadores/2024_copas.txt,UNKNOWN,HISTORICAL_REAL,b7ab54f916894b6be0cd54e0,A,6,True,False,True,False,False,False,0.3,0.0,0.6,0.7,12.0,2.0,1.4,0.8,12.0,0.0
Copa Sudamericana,2024,MEN,South America,GRUPPE_G,,2024-05-08,Cuiabá MT (BRA),Metropolitanos FC (VEN),3,0,,,openfootball/south-america,https://raw.githubusercontent.com/openfootball/south-america/master/copa-libertadores/2024_copas.txt,UNKNOWN,HISTORICAL_REAL,2ff93d236c389cc89abf00bd,H,3,False,True,False,False,False,False,0.3,1.6666666666666667,1.6,1.2222222222222223,15.0,0.0,0.6,0.6,13.0,2.0
Copa Sudamericana,2024,MEN,South America,GROUP_D,Group D,2024-05-08,Nacional Potosí (BOL),Fortaleza CE (BRA),4,1,,,openfootball/south-america,https://raw.githubusercontent.com/openfootball/south-america/master/copa-libertadores/2024_copas.txt,UNKNOWN,HISTORICAL_REAL,af67b9042659104f6cb7ebef,H,5,True,True,False,False,False,False,0.3,0.3333333333333333,0.8,0.5,15.0,3.0,2.6,2.4,13.0,2.0
Copa Sudamericana,2024,MEN,South America,GROUP_E,Group E,2024-05-08,Rayo Zuliano (VEN),Athletico Paranaense (BRA),1,5,,,openfootball/south-america,https://raw.githubusercontent.com/openfootball/south-america/master/copa-libertadores/2024_copas.txt,UNKNOWN,HISTORICAL_REAL,3cebbf2df3887886ad1eb53c,A,6,True,False,True,False,False,False,0.3,0.0,0.25,0.25,14.0,3.0,3.0,2.7,14.0,0.0
Copa Sudamericana,2024,MEN,South America,GRUPPE_H,,2024-05-08,Sportivo Luqueño (PAR),Coquimbo Unido (CHI),0,0,,,openfootball/south-america,https://raw.githubusercontent.com/openfootball/south-america/master/copa-libertadores/2024_copas.txt,UNKNOWN,HISTORICAL_REAL,c74df0558cebb6caae73319f,D,0,False,False,False,True,False,False,0.3,0.0,0.8,1.0,14.0,1.0,1.2,1.9,14.0,0.0
Copa Sudamericana,2024,MEN,South America,GROUP_D,Group D,2024-05-08,Sportivo Trinidense (PAR),Boca Juniors (ARG),1,2,,,openfootball/south-america,https://raw.githubusercontent.com/openfootball/south-america/master/copa-libertadores/2024_copas.txt,UNKNOWN,HISTORICAL_REAL,978dbb9f245db303b16770d8,A,3,True,False,True,False,False,False,0.3,1.0,1.0,1.0,15.0,1.3333333333333333,1.3333333333333333,1.3333333333333333,13.0,2.0
Copa Sudamericana,2024,MEN,South America,GROUP_C,Group C,2024-05-09,Belgrano de Córdoba (ARG),Delfín SC (ECU),1,1,,,openfootball/south-america,https://raw.githubusercontent.com/openfootball/south-america/master/copa-libertadores/2024_copas.txt,UNKNOWN,HISTORICAL_REAL,1ed76648a08b085abf35dff1,D,2,True,False,False,True,False,False,0.3,1.6666666666666667,1.6666666666666667,1.6666666666666667,15.0,1.3333333333333333,1.4,1.1428571428571428,14.0,1.0
Copa Sudamericana,2024,MEN,South America,GRUPPE_G,,2024-05-09,Deportivo Garcilaso (PER),Lanús (ARG),0,2,,,openfootball/south-america,https://raw.githubusercontent.com/openfootball/south-america/master/copa-libertadores/2024_copas.txt,UNKNOWN,HISTORICAL_REAL,6ceaf8974f3b57877084ce20,A,2,False,False,True,False,False,False,0.3,1.3333333333333333,1.25,1.25,16.0,2.3333333333333335,1.6,1.8,14.0,2.0
Copa Sudamericana,2024,MEN,South America,GRUPPE_H,,2024-05-09,Red Bull Bragantino (BRA),Racing Club (ARG),2,1,,,openfootball/south-america,https://raw.githubusercontent.com/openfootball/south-america/master/copa-libertadores/2024_copas.txt,UNKNOWN,HISTORICAL_REAL,83aee805c2e25c7c9b770030,H,3,True,True,False,False,False,False,0.3,2.0,1.4,1.8,15.0,3.0,2.4,2.3333333333333335,15.0,0.0
Copa Sudamericana,2024,MEN,South America,GROUP_B,Group B,2024-05-09,Universidad Catolica (ECU),Unión La Calera (CHI),4,0,,,openfootball/south-america,https://raw.githubusercontent.com/openfootball/south-america/master/copa-libertadores/2024_copas.txt,UNKNOWN,HISTORICAL_REAL,aa3a1986b0f004a5ea33f6f8,H,4,False,True,False,False,False,False,0.3,2.3333333333333335,2.0,1.5,16.0,1.3333333333333333,2.0,1.8,16.0,0.0
Copa Sudamericana,2024,MEN,South America,GROUP_F,Group F,2024-05-14,Corinthians SP (BRA),Argentinos Juniors (ARG),4,0,,,openfootball/south-america,https://raw.githubusercontent.com/openfootball/south-america/master/copa-libertadores/2024_copas.txt,UNKNOWN,HISTORICAL_REAL,90fbe5007bf13bd472e59f06,H,4,False,True,False,False,False,False,0.3,2.0,1.4,1.8,7.0,1.0,1.4,1.3333333333333333,7.0,0.0
Copa Sudamericana,2024,MEN,South America,GROUP_A,Group A,2024-05-14,Defensa y Justicia (ARG),Independiente Medellín (COL),1,1,,,openfootball/south-america,https://raw.githubusercontent.com/openfootball/south-america/master/copa-libertadores/2024_copas.txt,UNKNOWN,HISTORICAL_REAL,6d75b78e71a5b28f13520c4d,D,2,True,False,False,True,False,False,0.3,0.3333333333333333,1.0,1.5,7.0,3.0,2.0,1.1,7.0,0.0
Copa Sudamericana,2024,MEN,South America,GROUP_D,Group D,2024-05-14,Nacional Potosí (BOL),Sportivo Trinidense (PAR),2,1,,,openfootball/south-america,https://raw.githubusercontent.com/openfootball/south-america/master/copa-libertadores/2024_copas.txt,UNKNOWN,HISTORICAL_REAL,db235ebcf9020aaca5f9eab2,H,3,True,True,False,False,False,False,0.3,1.0,1.4,0.7777777777777778,6.0,1.0,0.75,0.75,6.0,0.0
Copa Sudamericana,2024,MEN,South America,GROUP_F,Group F,2024-05-14,Racing (URU),Club Nacional (PAR),2,1,,,openfootball/south-america,https://raw.githubusercontent.com/openfootball/south-america/master/copa-libertadores/2024_copas.txt,UNKNOWN,HISTORICAL_REAL,a5a97f2ad76d564724d38dba,H,3,True,True,False,False,False,False,0.3,2.3333333333333335,2.2,2.2,7.0,0.3333333333333333,0.4,0.4,7.0,0.0
Copa Sudamericana,2024,MEN,South America,GROUP_E,Group E,2024-05-14,Sportivo Ameliano (PAR),Rayo Zuliano (VEN),1,0,,,openfootball/south-america,https://raw.githubusercontent.com/openfootball/south-america/master/copa-libertadores/2024_copas.txt,UNKNOWN,HISTORICAL_REAL,5f09fa45cd7902d852485fd5,H,1,False,True,False,False,False,False,0.3,2.3333333333333335,2.0,1.6666666666666667,7.0,0.0,0.2,0.2,6.0,1.0
Copa Sudamericana,2024,MEN,South America,GROUP_E,Group E,2024-05-15,Athletico Paranaense (BRA),Danubio (URU),1,2,,,openfootball/south-america,https://raw.githubusercontent.com/openfootball/south-america/master/copa-libertadores/2024_copas.txt,UNKNOWN,HISTORICAL_REAL,697ec17f1d3c75d46b323a49,A,3,True,False,True,False,False,False,0.3,3.0,3.0,2.7,7.0,0.3333333333333333,1.4,1.1,8.0,-1.0
Copa Sudamericana,2024,MEN,South America,GROUP_C,Group C,2024-05-15,Belgrano de Córdoba (ARG),Real Tomayapo (BOL),1,0,,,openfootball/south-america,https://raw.githubusercontent.com/openfootball/south-america/master/copa-libertadores/2024_copas.txt,UNKNOWN,HISTORICAL_REAL,38a6bdcd851347217e065275,H,1,False,True,False,False,False,False,0.3,1.6666666666666667,1.5,1.5,6.0,0.3333333333333333,0.5,0.5,21.0,-15.0
Copa Sudamericana,2024,MEN,South America,GROUP_D,Group D,2024-05-15,Boca Juniors (ARG),Fortaleza CE (BRA),1,1,,,openfootball/south-america,https://raw.githubusercontent.com/openfootball/south-america/master/copa-libertadores/2024_copas.txt,UNKNOWN,HISTORICAL_REAL,cdcf03d187e611095952e4bb,D,2,True,False,False,True,False,False,0.3,2.0,1.75,1.75,7.0,2.0,2.0,2.1,7.0,0.0
Copa Sudamericana,2024,MEN,South America,GRUPPE_G,,2024-05-15,Cuiabá MT (BRA),Deportivo Garcilaso (PER),1,1,,,openfootball/south-america,https://raw.githubusercontent.com/openfootball/south-america/master/copa-libertadores/2024_copas.txt,UNKNOWN,HISTORICAL_REAL,f75b3a5c73543333c294498f,D,2,True,False,False,True,False,False,0.3,2.3333333333333335,1.6,1.4,7.0,0.3333333333333333,1.0,1.0,6.0,1.0
Copa Sudamericana,2024,MEN,South America,GRUPPE_G,,2024-05-15,Lanús (ARG),Metropolitanos FC (VEN),5,0,,,openfootball/south-america,https://raw.githubusercontent.com/openfootball/south-america/master/copa-libertadores/2024_copas.txt,UNKNOWN,HISTORICAL_REAL,ae9bc1f68ccd43738ec80571,H,5,False,True,False,False,False,False,0.3,3.0,2.2,1.8,6.0,0.0,0.6,0.5,7.0,-1.0
Copa Sudamericana,2024,MEN,South America,GROUP_A,Group A,2024-05-15,Universidad Cesar Vallejo (PER),Always Ready (BOL),2,2,,,openfootball/south-america,https://raw.githubusercontent.com/openfootball/south-america/master/copa-libertadores/2024_copas.txt,UNKNOWN,HISTORICAL_REAL,881861c1a7d0ce4d0a2921e7,D,4,True,False,False,True,False,False,0.3,0.0,0.6,0.7,8.0,2.3333333333333335,2.6,2.1666666666666665,8.0,0.0
Copa Sudamericana,2024,MEN,South America,GROUP_B,Group B,2024-05-16,Cruzeiro (BRA),Unión La Calera (CHI),1,0,,,openfootball/south-america,https://raw.githubusercontent.com/openfootball/south-america/master/copa-libertadores/2024_copas.txt,UNKNOWN,HISTORICAL_REAL,cd8f23e6dae521b26d87cc27,H,1,False,True,False,False,False,False,0.3,1.6666666666666667,1.5,1.5,9.0,0.3333333333333333,1.4,1.7,7.0,2.0
Copa Sudamericana,2024,MEN,South America,GRUPPE_H,,2024-05-16,Racing Club (ARG),Coquimbo Unido (CHI),3,0,,,openfootball/south-america,https://raw.githubusercontent.com/openfootball/south-america/master/copa-libertadores/2024_copas.txt,UNKNOWN,HISTORICAL_REAL,7f80eca80dd554bb59d80cc9,H,3,False,True,False,False,False,False,0.3,2.0,1.8,2.1,7.0,1.3333333333333333,1.4,1.7,8.0,-1.0
Copa Sudamericana,2024,MEN,South America,GRUPPE_H,,2024-05-16,Sportivo Luqueño (PAR),Red Bull Bragantino (BRA),2,3,,,openfootball/south-america,https://raw.githubusercontent.com/openfootball/south-america/master/copa-libertadores/2024_copas.txt,UNKNOWN,HISTORICAL_REAL,a8e81038f36c57e2a2a8a81a,A,5,True,False,True,False,False,False,0.3,0.3333333333333333,0.8,1.0,8.0,2.0,1.8,1.8,7.0,1.0
Copa Sudamericana,2024,MEN,South America,GROUP_B,Group B,2024-05-16,Universidad Catolica (ECU),Alianza FC (COL),0,0,,,openfootball/south-america,https://raw.githubusercontent.com/openfootball/south-america/master/copa-libertadores/2024_copas.txt,UNKNOWN,HISTORICAL_REAL,756f5fe512e941afded41460,D,0,False,False,False,True,False,False,0.3,3.0,2.6,1.7,7.0,0.3333333333333333,0.8,0.8,9.0,-2.0
Copa Sudamericana,2024,MEN,South America,GROUP_F,Group F,2024-05-28,Argentinos Juniors (ARG),Club Nacional (PAR),2,1,,,openfootball/south-america,https://raw.githubusercontent.com/openfootball/south-america/master/copa-libertadores/2024_copas.txt,UNKNOWN,HISTORICAL_REAL,6349f6739094f5c629b7566a,H,3,True,True,False,False,False,False,0.3,1.0,1.2,1.1428571428571428,14.0,0.3333333333333333,0.2,0.4,14.0,0.0
Copa Sudamericana,2024,MEN,South America,GRUPPE_H,,2024-05-28,Coquimbo Unido (CHI),Red Bull Bragantino (BRA),1,1,,,openfootball/south-america,https://raw.githubusercontent.com/openfootball/south-america/master/copa-libertadores/2024_copas.txt,UNKNOWN,HISTORICAL_REAL,80df5c54316ef08bb69f5167,D,2,True,False,False,True,False,False,0.3,0.3333333333333333,0.8,1.4,12.0,3.0,2.4,2.0,12.0,0.0
Copa Sudamericana,2024,MEN,South America,GROUP_F,Group F,2024-05-28,Corinthians SP (BRA),Racing (URU),3,0,,,openfootball/south-america,https://raw.githubusercontent.com/openfootball/south-america/master/copa-libertadores/2024_copas.txt,UNKNOWN,HISTORICAL_REAL,389748e36c5dffc351f178c4,H,3,False,True,False,False,False,False,0.3,2.0,2.0,1.8,14.0,2.3333333333333335,2.2,2.3333333333333335,14.0,0.0
Copa Sudamericana,2024,MEN,South America,GROUP_C,Group C,2024-05-28,Delfín SC (ECU),Real Tomayapo (BOL),4,3,,,openfootball/south-america,https://raw.githubusercontent.com/openfootball/south-america/master/copa-libertadores/2024_copas.txt,UNKNOWN,HISTORICAL_REAL,9bc1a8979554692f91530b88,H,7,True,True,False,False,False,False,0.3,0.6666666666666666,1.6,1.125,19.0,0.3333333333333333,0.4,0.4,13.0,6.0
Copa Sudamericana,2024,MEN,South America,GROUP_C,Group C,2024-05-28,Internacional (BRA),Belgrano de Córdoba (ARG),1,2,,,openfootball/south-america,https://raw.githubusercontent.com/openfootball/south-america/master/copa-libertadores/2024_copas.txt,UNKNOWN,HISTORICAL_REAL,d87e10bee5cdc26dc2a788b7,A,3,True,False,True,False,False,False,0.3,1.6666666666666667,1.4,1.7,33.0,2.3333333333333335,1.8,1.8,13.0,20.0
Copa Sudamericana,2024,MEN,South America,GRUPPE_H,,2024-05-28,Racing Club (ARG),Sportivo Luqueño (PAR),3,0,,,openfootball/south-america,https://raw.githubusercontent.com/openfootball/south-america/master/copa-libertadores/2024_copas.txt,UNKNOWN,HISTORICAL_REAL,b37ea2583791c09ac5f3c1d6,H,3,False,True,False,False,False,False,0.3,2.0,2.4,2.1,12.0,0.3333333333333333,0.2,0.9,12.0,0.0
Copa Sudamericana,2024,MEN,South America,GROUP_D,Group D,2024-05-29,Boca Juniors (ARG),Nacional Potosí (BOL),4,0,,,openfootball/south-america,https://raw.githubusercontent.com/openfootball/south-america/master/copa-libertadores/2024_copas.txt,UNKNOWN,HISTORICAL_REAL,1dfe6bf4e74b00a80a2e3343,H,4,False,True,False,False,False,False,0.3,1.3333333333333333,1.6,1.6,14.0,2.0,1.4,1.0,15.0,-1.0
Copa Sudamericana,2024,MEN,South America,GROUP_A,Group A,2024-05-29,Defensa y Justicia (ARG),Universidad Cesar Vallejo (PER),0,1,,,openfootball/south-america,https://raw.githubusercontent.com/openfootball/south-america/master/copa-libertadores/2024_copas.txt,UNKNOWN,HISTORICAL_REAL,029c6d89e0d86ef252716ecd,A,1,False,False,True,False,False,False,0.3,0.3333333333333333,1.0,1.3,15.0,0.3333333333333333,0.2,0.8,14.0,1.0
Copa Sudamericana,2024,MEN,South America,GROUP_D,Group D,2024-05-29,Fortaleza CE (BRA),Sportivo Trinidense (PAR),2,1,,,openfootball/south-america,https://raw.githubusercontent.com/openfootball/south-america/master/copa-libertadores/2024_copas.txt,UNKNOWN,HISTORICAL_REAL,00c394aeb15c37665ec3516e,H,3,True,True,False,False,False,False,0.3,1.3333333333333333,2.0,2.1,14.0,1.0,0.6,0.6,15.0,-1.0
Copa Sudamericana,2024,MEN,South America,GROUP_A,Group A,2024-05-29,Independiente Medellín (COL),Always Ready (BOL),4,0,,,openfootball/south-america,https://raw.githubusercontent.com/openfootball/south-america/master/copa-libertadores/2024_copas.txt,UNKNOWN,HISTORICAL_REAL,7010e70cdb5fa08f335c03ac,H,4,False,True,False,False,False,False,0.3,2.3333333333333335,2.0,1.2,15.0,2.3333333333333335,2.2,2.0,14.0,1.0
Copa Sudamericana,2024,MEN,South America,GRUPPE_G,,2024-05-29,Lanús (ARG),Cuiabá MT (BRA),0,1,,,openfootball/south-america,https://raw.githubusercontent.com/openfootball/south-america/master/copa-libertadores/2024_copas.txt,UNKNOWN,HISTORICAL_REAL,a5e8fe533564723b4af7445d,A,1,False,False,True,False,False,False,0.3,3.0,2.6,1.8,14.0,1.6666666666666667,1.8,1.2,14.0,0.0
Copa Sudamericana,2024,MEN,South America,GRUPPE_G,,2024-05-29,Metropolitanos FC (VEN),Deportivo Garcilaso (PER),1,1,,,openfootball/south-america,https://raw.githubusercontent.com/openfootball/south-america/master/copa-libertadores/2024_copas.txt,UNKNOWN,HISTORICAL_REAL,09d783bafef604ebd92f4f77,D,2,True,False,False,True,False,False,0.3,0.0,0.0,0.4,14.0,0.6666666666666666,1.0,1.0,14.0,0.0
Copa Sudamericana,2024,MEN,South America,GROUP_E,Group E,2024-05-30,Athletico Paranaense (BRA),Sportivo Ameliano (PAR),0,1,,,openfootball/south-america,https://raw.githubusercontent.com/openfootball/south-america/master/copa-libertadores/2024_copas.txt,UNKNOWN,HISTORICAL_REAL,8e3fc8bc9b9b363379517a97,A,1,False,False,True,False,False,False,0.3,2.0,2.4,2.4,15.0,3.0,2.0,1.8571428571428572,16.0,-1.0
Copa Sudamericana,2024,MEN,South America,GROUP_B,Group B,2024-05-30,Cruzeiro (BRA),Universidad Catolica (ECU),1,0,,,openfootball/south-america,https://raw.githubusercontent.com/openfootball/south-america/master/copa-libertadores/2024_copas.txt,UNKNOWN,HISTORICAL_REAL,2ab1d6db787f23ed66eda04d,H,1,False,True,False,False,False,False,0.3,2.3333333333333335,1.8,1.8,14.0,2.3333333333333335,2.2,1.8,14.0,0.0
Copa Sudamericana,2024,MEN,South America,GROUP_E,Group E,2024-05-30,Danubio (URU),Rayo Zuliano (VEN),0,0,,,openfootball/south-america,https://raw.githubusercontent.com/openfootball/south-america/master/copa-libertadores/2024_copas.txt,UNKNOWN,HISTORICAL_REAL,2549a3e6b75e2c7802ef7799,D,0,False,False,False,True,False,False,0.3,1.0,1.4,1.4,15.0,0.0,0.0,0.16666666666666666,16.0,-1.0
Copa Sudamericana,2024,MEN,South America,GROUP_B,Group B,2024-05-30,Unión La Calera (CHI),Alianza FC (COL),0,1,,,openfootball/south-america,https://raw.githubusercontent.com/openfootball/south-america/master/copa-libertadores/2024_copas.txt,UNKNOWN,HISTORICAL_REAL,8650a42dbedf09ec8fe6aff7,A,1,False,False,True,False,False,False,0.3,0.3333333333333333,0.8,1.4,14.0,0.3333333333333333,0.4,0.8333333333333334,14.0,0.0
Copa Sudamericana,2024,MEN,South America,GROUP_C,Group C,2024-06-04,Real Tomayapo (BOL),Internacional (BRA),0,2,,,openfootball/south-america,https://raw.githubusercontent.com/openfootball/south-america/master/copa-libertadores/2024_copas.txt,UNKNOWN,HISTORICAL_REAL,40c10a56ae6e7ffa8c3fdc45,A,2,False,False,True,False,False,False,0.3,0.0,0.2,0.3333333333333333,7.0,1.3333333333333333,1.2,1.6,7.0,0.0
Copa Sudamericana,2024,MEN,South America,GROUP_C,Group C,2024-06-08,Internacional (BRA),Delfín SC (ECU),1,0,,,openfootball/south-america,https://raw.githubusercontent.com/openfootball/south-america/master/copa-libertadores/2024_copas.txt,UNKNOWN,HISTORICAL_REAL,bb854f99807198edc08fa9a8,H,1,False,True,False,False,False,False,0.3,2.0,1.6,1.6,4.0,1.3333333333333333,1.6,1.3333333333333333,11.0,-7.0
Copa Sudamericana,2024,MEN,South America,PLAYOFF,,2024-07-16,Huachipato (CHI),Racing (URU),2,3,,,openfootball/south-america,https://raw.githubusercontent.com/openfootball/south-america/master/copa-libertadores/2024_copas.txt,UNKNOWN,HISTORICAL_REAL,c57ac469e4dd5e04dfde9c98,A,5,True,False,True,False,False,False,0.65,1.0,1.0,1.5,1147.0,2.0,2.0,2.0,49.0,1098.0
Copa Sudamericana,2024,MEN,South America,PLAYOFF,,2024-07-16,Rosario Central (ARG),Internacional (BRA),1,0,,,openfootball/south-america,https://raw.githubusercontent.com/openfootball/south-america/master/copa-libertadores/2024_copas.txt,UNKNOWN,HISTORICAL_REAL,4f4f3ec3a5571bc8ad75785c,H,1,False,True,False,False,False,False,0.65,1.0,1.0,1.5,1064.0,2.0,2.0,1.6,38.0,1026.0
Copa Sudamericana,2024,MEN,South America,PLAYOFF,,2024-07-17,Barcelona (ECU),Red Bull Bragantino (BRA),1,1,,,openfootball/south-america,https://raw.githubusercontent.com/openfootball/south-america/master/copa-libertadores/2024_copas.txt,UNKNOWN,HISTORICAL_REAL,6644797fcbedd7948e2ec6ae,D,2,True,False,False,True,False,False,0.65,1.3333333333333333,1.2,1.5,365.0,2.3333333333333335,2.0,1.8,50.0,315.0
Copa Sudamericana,2024,MEN,South America,PLAYOFF,,2024-07-17,Independiente del Valle (ECU),Boca Juniors (ARG),0,0,,,openfootball/south-america,https://raw.githubusercontent.com/openfootball/south-america/master/copa-libertadores/2024_copas.txt,UNKNOWN,HISTORICAL_REAL,439167ab1313516bc2d8bfa2,D,0,False,False,False,True,False,False,0.65,3.0,3.0,2.2222222222222223,655.0,2.3333333333333335,2.0,1.8333333333333333,49.0,606.0
Copa Sudamericana,2024,MEN,South America,PLAYOFF,,2024-07-17,Libertad (PAR),Universidad Catolica (ECU),2,0,,,openfootball/south-america,https://raw.githubusercontent.com/openfootball/south-america/master/copa-libertadores/2024_copas.txt,UNKNOWN,HISTORICAL_REAL,97f235e1e1d1752a9374efa7,H,2,False,True,False,False,False,False,0.65,1.3333333333333333,1.4,1.3,344.0,1.3333333333333333,2.0,1.5,48.0,296.0
Copa Sudamericana,2024,MEN,South America,PLAYOFF,,2024-07-18,Cerro Porteño (PAR),Athletico Paranaense (BRA),1,1,,,openfootball/south-america,https://raw.githubusercontent.com/openfootball/south-america/master/copa-libertadores/2024_copas.txt,UNKNOWN,HISTORICAL_REAL,50c671766a3ed9d4c10257e5,D,2,True,False,False,True,False,False,0.65,,,,,1.0,1.8,2.4,49.0,
Copa Sudamericana,2024,MEN,South America,PLAYOFF,,2024-07-18,LDU Quito (ECU),Always Ready (BOL),3,0,,,openfootball/south-america,https://raw.githubusercontent.com/openfootball/south-america/master/copa-libertadores/2024_copas.txt,UNKNOWN,HISTORICAL_REAL,c1efcdbd5389b4ff647e5a1d,H,3,False,True,False,False,False,False,0.65,1.6666666666666667,2.2,2.2,264.0,1.3333333333333333,1.6,1.75,50.0,214.0
Copa Sudamericana,2024,MEN,South America,PLAYOFF,,2024-07-18,Palestino (CHI),Cuiabá MT (BRA),1,1,,,openfootball/south-america,https://raw.githubusercontent.com/openfootball/south-america/master/copa-libertadores/2024_copas.txt,UNKNOWN,HISTORICAL_REAL,68f71595f36213a1e5ffbf3f,D,2,True,False,False,True,False,False,0.65,1.3333333333333333,1.6,1.2,387.0,2.3333333333333335,2.2,1.5,50.0,337.0
Copa Sudamericana,2024,MEN,South America,PLAYOFF,,2024-07-23,Internacional (BRA),Rosario Central (ARG),1,1,,,openfootball/south-america,https://raw.githubusercontent.com/openfootball/south-america/master/copa-libertadores/2024_copas.txt,UNKNOWN,HISTORICAL_REAL,8c2a5c06c5cd0b52af2e9a00,D,2,True,False,False,True,False,False,0.65,2.0,1.8,1.6,7.0,1.0,1.4,1.8,7.0,0.0
Copa Sudamericana,2024,MEN,South America,PLAYOFF,,2024-07-23,Racing (URU),Huachipato (CHI),0,3,,,openfootball/south-america,https://raw.githubusercontent.com/openfootball/south-america/master/copa-libertadores/2024_copas.txt,UNKNOWN,HISTORICAL_REAL,43717126e3bc8f0e2fa4092d,A,3,False,False,True,False,False,False,0.65,2.0,2.0,2.125,7.0,0.0,0.8,1.5,7.0,0.0
Copa Sudamericana,2024,MEN,South America,PLAYOFF,,2024-07-24,Boca Juniors (ARG),Independiente del Valle (ECU),1,0,,,openfootball/south-america,https://raw.githubusercontent.com/openfootball/south-america/master/copa-libertadores/2024_copas.txt,UNKNOWN,HISTORICAL_REAL,37498245ec60c86025606d6f,H,1,False,True,False,False,False,False,0.65,1.6666666666666667,1.6,1.7142857142857142,7.0,2.3333333333333335,2.6,2.1,7.0,0.0
Copa Sudamericana,2024,MEN,South America,PLAYOFF,,2024-07-24,Red Bull Bragantino (BRA),Barcelona (ECU),3,2,,,openfootball/south-america,https://raw.githubusercontent.com/openfootball/south-america/master/copa-libertadores/2024_copas.txt,UNKNOWN,HISTORICAL_REAL,ff82edf65e32cec6d80a0fe4,H,5,True,True,False,False,False,False,0.65,1.6666666666666667,2.2,1.8,7.0,1.3333333333333333,1.2,1.4444444444444444,7.0,0.0
Copa Sudamericana,2024,MEN,South America,PLAYOFF,,2024-07-24,Universidad Catolica (ECU),Libertad (PAR),1,1,,,openfootball/south-america,https://raw.githubusercontent.com/openfootball/south-america/master/copa-libertadores/2024_copas.txt,UNKNOWN,HISTORICAL_REAL,8bd4e831139e2c0ef834d0e0,D,2,True,False,False,True,False,False,0.65,0.3333333333333333,1.4,1.5,7.0,1.3333333333333333,2.0,1.3,7.0,0.0
Copa Sudamericana,2024,MEN,South America,PLAYOFF,,2024-07-25,Always Ready (BOL),LDU Quito (ECU),3,1,,,openfootball/south-america,https://raw.githubusercontent.com/openfootball/south-america/master/copa-libertadores/2024_copas.txt,UNKNOWN,HISTORICAL_REAL,912fb8fd0f69cbb55fe669bc,H,4,True,True,False,False,False,False,0.65,0.3333333333333333,1.4,1.5555555555555556,7.0,1.6666666666666667,2.2,2.4,7.0,0.0
Copa Sudamericana,2024,MEN,South America,PLAYOFF,,2024-07-25,Athletico Paranaense (BRA),Cerro Porteño (PAR),2,1,,,openfootball/south-america,https://raw.githubusercontent.com/openfootball/south-america/master/copa-libertadores/2024_copas.txt,UNKNOWN,HISTORICAL_REAL,67af7e14d6c128eaabfa4987,H,3,True,True,False,False,False,False,0.65,0.3333333333333333,1.4,2.2,7.0,1.0,1.0,1.0,7.0,0.0
Copa Sudamericana,2024,MEN,South America,PLAYOFF,,2024-07-25,Cuiabá MT (BRA),Palestino (CHI),1,2,,,openfootball/south-america,https://raw.githubusercontent.com/openfootball/south-america/master/copa-libertadores/2024_copas.txt,UNKNOWN,HISTORICAL_REAL,a4c095df9d5406a982f49a83,A,3,True,False,True,False,False,False,0.65,1.6666666666666667,1.8,1.6,7.0,0.6666666666666666,1.2,1.2,7.0,0.0
Copa Sudamericana,2024,MEN,South America,ROUND_OF_16,,2024-08-13,Huachipato (CHI),Racing Club (ARG),0,2,,,openfootball/south-america,https://raw.githubusercontent.com/openfootball/south-america/master/copa-libertadores/2024_copas.txt,UNKNOWN,HISTORICAL_REAL,5d03b834d04f3a96d23faa9a,A,2,False,False,True,False,True,False,0.7,1.0,1.2,1.7,21.0,2.0,2.4,2.1,77.0,-56.0
Copa Sudamericana,2024,MEN,South America,ROUND_OF_16,,2024-08-13,Red Bull Bragantino (BRA),Corinthians SP (BRA),1,2,,,openfootball/south-america,https://raw.githubusercontent.com/openfootball/south-america/master/copa-libertadores/2024_copas.txt,UNKNOWN,HISTORICAL_REAL,a91fe3e043951820e12a0e01,A,3,True,False,True,False,True,False,0.7,1.6666666666666667,2.2,1.8,20.0,3.0,2.4,2.0,77.0,-57.0
Copa Sudamericana,2024,MEN,South America,ROUND_OF_16,,2024-08-14,LDU Quito (ECU),Lanús (ARG),1,2,,,openfootball/south-america,https://raw.githubusercontent.com/openfootball/south-america/master/copa-libertadores/2024_copas.txt,UNKNOWN,HISTORICAL_REAL,44964cc856ad20c09012d043,A,3,True,False,True,False,True,False,0.7,1.3333333333333333,1.6,2.3,20.0,2.0,2.4,1.7,77.0,-57.0
Copa Sudamericana,2024,MEN,South America,ROUND_OF_16,,2024-08-14,Palestino (CHI),Independiente Medellín (COL),2,2,,,openfootball/south-america,https://raw.githubusercontent.com/openfootball/south-america/master/copa-libertadores/2024_copas.txt,UNKNOWN,HISTORICAL_REAL,bce0b9b2201a3f59b84daee6,D,4,True,False,False,True,True,False,0.7,1.3333333333333333,1.6,1.5,20.0,2.3333333333333335,2.6,1.5,77.0,-57.0
Copa Sudamericana,2024,MEN,South America,ROUND_OF_16,,2024-08-14,Rosario Central (ARG),Fortaleza CE (BRA),1,1,,,openfootball/south-america,https://raw.githubusercontent.com/openfootball/south-america/master/copa-libertadores/2024_copas.txt,UNKNOWN,HISTORICAL_REAL,d0539cb011ab224d317592c6,D,2,True,False,False,True,True,False,0.7,1.3333333333333333,1.4,1.6,22.0,1.3333333333333333,2.0,2.1,77.0,-55.0
Copa Sudamericana,2024,MEN,South America,ROUND_OF_16,,2024-08-15,Athletico Paranaense (BRA),Belgrano de Córdoba (ARG),2,1,,,openfootball/south-america,https://raw.githubusercontent.com/openfootball/south-america/master/copa-libertadores/2024_copas.txt,UNKNOWN,HISTORICAL_REAL,ecb39ef672a0f2b88bc7335e,H,3,True,True,False,False,True,False,0.7,1.3333333333333333,1.4,2.2,21.0,2.3333333333333335,2.2,2.0,79.0,-58.0
Copa Sudamericana,2024,MEN,South America,ROUND_OF_16,,2024-08-15,Boca Juniors (ARG),Cruzeiro (BRA),1,0,,,openfootball/south-america,https://raw.githubusercontent.com/openfootball/south-america/master/copa-libertadores/2024_copas.txt,UNKNOWN,HISTORICAL_REAL,829a4e138fe36e2d258a2251,H,1,False,True,False,False,True,False,0.7,2.3333333333333335,2.2,1.875,22.0,3.0,2.2,2.0,77.0,-55.0
Copa Sudamericana,2024,MEN,South America,ROUND_OF_16,,2024-08-15,Libertad (PAR),Sportivo Ameliano (PAR),1,1,,,openfootball/south-america,https://raw.githubusercontent.com/openfootball/south-america/master/copa-libertadores/2024_copas.txt,UNKNOWN,HISTORICAL_REAL,22ee2a64b0d8df4316de0210,D,2,True,False,False,True,True,False,0.7,1.6666666666666667,1.6,1.4,22.0,3.0,2.6,2.0,77.0,-55.0
Copa Sudamericana,2024,MEN,South America,ROUND_OF_16,,2024-08-20,Corinthians SP (BRA),Red Bull Bragantino (BRA),5,4,,,openfootball/south-america,https://raw.githubusercontent.com/openfootball/south-america/master/copa-libertadores/2024_copas.txt,UNKNOWN,HISTORICAL_REAL,5035a301d04fa36507e363be,H,9,True,True,False,False,True,False,0.7,3.0,2.4,2.0,7.0,1.3333333333333333,1.6,1.7,7.0,0.0
Copa Sudamericana,2024,MEN,South America,ROUND_OF_16,,2024-08-20,Racing Club (ARG),Huachipato (CHI),6,1,,,openfootball/south-america,https://raw.githubusercontent.com/openfootball/south-america/master/copa-libertadores/2024_copas.txt,UNKNOWN,HISTORICAL_REAL,f16e3287dd1cfef303daad9e,H,7,True,True,False,False,True,False,0.7,3.0,2.4,2.4,7.0,1.0,0.6,1.4,7.0,0.0
Copa Sudamericana,2024,MEN,South America,ROUND_OF_16,,2024-08-21,Fortaleza CE (BRA),Rosario Central (ARG),3,1,,,openfootball/south-america,https://raw.githubusercontent.com/openfootball/south-america/master/copa-libertadores/2024_copas.txt,UNKNOWN,HISTORICAL_REAL,03b68f52773c4572dd8865e0,H,4,True,True,False,False,True,False,0.7,1.6666666666666667,1.6,1.9,7.0,1.6666666666666667,1.0,1.6,7.0,0.0
Copa Sudamericana,2024,MEN,South America,ROUND_OF_16,,2024-08-21,Independiente Medellín (COL),Palestino (CHI),4,0,,,openfootball/south-america,https://raw.githubusercontent.com/openfootball/south-america/master/copa-libertadores/2024_copas.txt,UNKNOWN,HISTORICAL_REAL,570b30b17f6bd09282a33351,H,4,False,True,False,False,True,False,0.7,1.6666666666666667,2.2,1.5,7.0,1.6666666666666667,1.2,1.6,7.0,0.0
Copa Sudamericana,2024,MEN,South America,ROUND_OF_16,,2024-08-21,Lanús (ARG),LDU Quito (ECU),3,1,,,openfootball/south-america,https://raw.githubusercontent.com/openfootball/south-america/master/copa-libertadores/2024_copas.txt,UNKNOWN,HISTORICAL_REAL,a3ee626f9eb9c2f5eb0fae71,H,4,True,True,False,False,True,False,0.7,2.0,2.4,2.0,7.0,1.0,1.0,2.0,7.0,0.0
Copa Sudamericana,2024,MEN,South America,ROUND_OF_16,,2024-08-22,Belgrano de Córdoba (ARG),Athletico Paranaense (BRA),0,2,,,openfootball/south-america,https://raw.githubusercontent.com/openfootball/south-america/master/copa-libertadores/2024_copas.txt,UNKNOWN,HISTORICAL_REAL,9262b4fc9fe989692978faec,A,2,False,False,True,False,True,False,0.7,2.0,2.0,1.7142857142857142,7.0,2.3333333333333335,1.4,2.2,7.0,0.0
Copa Sudamericana,2024,MEN,South America,ROUND_OF_16,,2024-08-22,Cruzeiro (BRA),Boca Juniors (ARG),5,4,5.0,4.0,openfootball/south-america,https://raw.githubusercontent.com/openfootball/south-america/master/copa-libertadores/2024_copas.txt,UNKNOWN,HISTORICAL_REAL,d40a9a8620655acb52004b80,H,9,True,True,False,False,True,False,0.7,2.0,2.0,1.7142857142857142,7.0,2.3333333333333335,2.2,2.0,7.0,0.0
Copa Sudamericana,2024,MEN,South America,ROUND_OF_16,,2024-08-22,Sportivo Ameliano (PAR),Libertad (PAR),0,0,3.0,4.0,openfootball/south-america,https://raw.githubusercontent.com/openfootball/south-america/master/copa-libertadores/2024_copas.txt,UNKNOWN,HISTORICAL_REAL,49869c5ac222a36ca24b7947,D,0,False,False,False,True,True,False,0.7,2.3333333333333335,2.6,1.8888888888888888,7.0,1.6666666666666667,1.2,1.5,7.0,0.0
Copa Sudamericana,2024,MEN,South America,QUARTERFINAL,,2024-09-17,Fortaleza CE (BRA),Corinthians SP (BRA),0,2,,,openfootball/south-america,https://raw.githubusercontent.com/openfootball/south-america/master/copa-libertadores/2024_copas.txt,UNKNOWN,HISTORICAL_REAL,05773bf9622b60ec8a32b145,A,2,False,False,True,False,True,False,0.8,2.3333333333333335,1.6,2.1,27.0,3.0,3.0,2.0,28.0,-1.0
Copa Sudamericana,2024,MEN,South America,QUARTERFINAL,,2024-09-18,Lanús (ARG),Independiente Medellín (COL),0,0,,,openfootball/south-america,https://raw.githubusercontent.com/openfootball/south-america/master/copa-libertadores/2024_copas.txt,UNKNOWN,HISTORICAL_REAL,75ac6d97d521c59f56d29ae6,D,0,False,False,False,True,True,False,0.8,2.0,2.4,2.0,28.0,2.3333333333333335,2.2,1.8,28.0,0.0
Copa Sudamericana,2024,MEN,South America,QUARTERFINAL,,2024-09-19,Athletico Paranaense (BRA),Racing Club (ARG),1,0,,,openfootball/south-america,https://raw.githubusercontent.com/openfootball/south-america/master/copa-libertadores/2024_copas.txt,UNKNOWN,HISTORICAL_REAL,9804bcda4375ca1f227bf47e,H,1,False,True,False,False,True,False,0.8,3.0,2.0,2.2,28.0,3.0,2.4,2.4,30.0,-2.0
Copa Sudamericana,2024,MEN,South America,QUARTERFINAL,,2024-09-19,Libertad (PAR),Cruzeiro (BRA),0,2,,,openfootball/south-america,https://raw.githubusercontent.com/openfootball/south-america/master/copa-libertadores/2024_copas.txt,UNKNOWN,HISTORICAL_REAL,f6b82e37a4708ab9bd3efea8,A,2,False,False,True,False,True,False,0.8,1.0,1.4,1.3,28.0,2.0,2.4,1.875,28.0,0.0
Copa Sudamericana,2024,MEN,South America,QUARTERFINAL,,2024-09-24,Corinthians SP (BRA),Fortaleza CE (BRA),3,0,,,openfootball/south-america,https://raw.githubusercontent.com/openfootball/south-america/master/copa-libertadores/2024_copas.txt,UNKNOWN,HISTORICAL_REAL,d430540833d89e50993663e6,H,3,False,True,False,False,True,False,0.8,3.0,3.0,2.2,7.0,1.3333333333333333,1.6,1.8,7.0,0.0
Copa Sudamericana,2024,MEN,South America,QUARTERFINAL,,2024-09-25,Independiente Medellín (COL),Lanús (ARG),5,6,,,openfootball/south-america,https://raw.githubusercontent.com/openfootball/south-america/master/copa-libertadores/2024_copas.txt,UNKNOWN,HISTORICAL_REAL,6eec9d77a9dfad22ee91c471,A,11,True,False,True,False,True,False,0.8,1.6666666666666667,1.8,1.9,7.0,2.3333333333333335,2.0,2.1,7.0,0.0
Copa Sudamericana,2024,MEN,South America,QUARTERFINAL,,2024-09-26,Cruzeiro (BRA),Libertad (PAR),1,1,,,openfootball/south-america,https://raw.githubusercontent.com/openfootball/south-america/master/copa-libertadores/2024_copas.txt,UNKNOWN,HISTORICAL_REAL,b69cdc1a5557a6cde01621c7,D,2,True,False,False,True,True,False,0.8,2.0,2.4,2.0,7.0,0.6666666666666666,1.2,1.3,7.0,0.0
Copa Sudamericana,2024,MEN,South America,QUARTERFINAL,,2024-09-26,Racing Club (ARG),Athletico Paranaense (BRA),4,1,,,openfootball/south-america,https://raw.githubusercontent.com/openfootball/south-america/master/copa-libertadores/2024_copas.txt,UNKNOWN,HISTORICAL_REAL,090919a1dff666a09c3b6da6,H,5,True,True,False,False,True,False,0.8,2.0,2.4,2.1,7.0,3.0,2.6,2.2,7.0,0.0
Copa Sudamericana,2024,MEN,South America,SEMIFINAL,,2024-10-23,Cruzeiro (BRA),Lanús (ARG),1,1,,,openfootball/south-america,https://raw.githubusercontent.com/openfootball/south-america/master/copa-libertadores/2024_copas.txt,UNKNOWN,HISTORICAL_REAL,d8548351052e4c4f52a983a1,D,2,True,False,False,True,True,False,0.9,2.3333333333333335,2.0,1.9,27.0,2.3333333333333335,2.0,2.3,28.0,-1.0
Copa Sudamericana,2024,MEN,South America,SEMIFINAL,,2024-10-24,Corinthians SP (BRA),Racing Club (ARG),2,2,,,openfootball/south-america,https://raw.githubusercontent.com/openfootball/south-america/master/copa-libertadores/2024_copas.txt,UNKNOWN,HISTORICAL_REAL,db8b3c5ed49a5337577f6187,D,4,True,False,False,True,True,False,0.9,3.0,3.0,2.5,30.0,2.0,2.4,2.4,28.0,2.0
Copa Sudamericana,2024,MEN,South America,SEMIFINAL,,2024-10-30,Lanús (ARG),Cruzeiro (BRA),0,1,,,openfootball/south-america,https://raw.githubusercontent.com/openfootball/south-america/master/copa-libertadores/2024_copas.txt,UNKNOWN,HISTORICAL_REAL,9a7ee64bd905a52df1fb78df,A,1,False,False,True,False,True,False,0.9,1.6666666666666667,2.2,2.3,7.0,1.6666666666666667,1.6,1.9,7.0,0.0
Copa Sudamericana,2024,MEN,South America,SEMIFINAL,,2024-10-31,Racing Club (ARG),Corinthians SP (BRA),2,1,,,openfootball/south-america,https://raw.githubusercontent.com/openfootball/south-america/master/copa-libertadores/2024_copas.txt,UNKNOWN,HISTORICAL_REAL,5bb03da58a7f59a73a16ece7,H,3,True,True,False,False,True,False,0.9,1.3333333333333333,2.0,2.2,7.0,2.3333333333333335,2.6,2.5,7.0,0.0
Copa Sudamericana,2024,MEN,South America,FINAL,,2024-11-23,Racing Club (ARG),Cruzeiro (BRA),3,1,,,openfootball/south-america,https://raw.githubusercontent.com/openfootball/south-america/master/copa-libertadores/2024_copas.txt,UNKNOWN,HISTORICAL_REAL,8fc320ef9cec1afbdf0c39c9,H,4,True,True,False,False,False,True,1.0,2.3333333333333335,2.0,2.2,23.0,1.6666666666666667,2.2,2.1,24.0,-1.0
Copa Sudamericana,2025,MEN,South America,PRELIMINARY,,2025-03-04,AD Tarma (PER),Cienciano (PER),5,6,,,openfootball/south-america,https://raw.githubusercontent.com/openfootball/south-america/master/copa-libertadores/2025_copas.txt,UNKNOWN,HISTORICAL_REAL,661518737b06a29837c1012a,A,11,True,False,True,False,False,False,0.3,1.0,1.0,1.0,364.0,0.3333333333333333,0.3333333333333333,0.3333333333333333,726.0,-362.0
Copa Sudamericana,2025,MEN,South America,PRELIMINARY,,2025-03-04,Sportivo Luqueño (PAR),Sportivo Ameliano (PAR),2,0,,,openfootball/south-america,https://raw.githubusercontent.com/openfootball/south-america/master/copa-libertadores/2025_copas.txt,UNKNOWN,HISTORICAL_REAL,e9fe9351469c6a734cba17b5,H,2,False,True,False,False,False,False,0.3,0.3333333333333333,0.2,0.6,280.0,1.6666666666666667,2.2,1.8,194.0,86.0
Copa Sudamericana,2025,MEN,South America,PRELIMINARY,,2025-03-04,Universidad Católica (CHI),Palestino (CHI),4,5,,,openfootball/south-america,https://raw.githubusercontent.com/openfootball/south-america/master/copa-libertadores/2025_copas.txt,UNKNOWN,HISTORICAL_REAL,01a2b583eb940ec3e5a52c99,A,9,True,False,True,False,False,False,0.3,0.0,0.0,1.0,364.0,1.3333333333333333,1.0,1.3,195.0,169.0
Copa Sudamericana,2025,MEN,South America,PRELIMINARY,,2025-03-04,Universitario de Vinto (BOL),Nacional Potosí (BOL),0,1,,,openfootball/south-america,https://raw.githubusercontent.com/openfootball/south-america/master/copa-libertadores/2025_copas.txt,UNKNOWN,HISTORICAL_REAL,dad89025d13abacedbc492ca,A,1,False,False,True,False,False,False,0.3,0.0,0.0,0.0,363.0,2.0,1.2,1.0,279.0,84.0
Copa Sudamericana,2025,MEN,South America,PRELIMINARY,,2025-03-05,Academia Puerto Cabello (VEN),Metropolitanos FC (VEN),3,0,,,openfootball/south-america,https://raw.githubusercontent.com/openfootball/south-america/master/copa-libertadores/2025_copas.txt,UNKNOWN,HISTORICAL_REAL,459c7342f30bd60eb69d7822,H,3,False,True,False,False,False,False,0.3,0.0,0.0,0.3333333333333333,617.0,0.3333333333333333,0.2,0.5,280.0,337.0
Copa Sudamericana,2025,MEN,South America,PRELIMINARY,,2025-03-05,Club Aurora (BOL),GV San José (BOL),0,1,,,openfootball/south-america,https://raw.githubusercontent.com/openfootball/south-america/master/copa-libertadores/2025_copas.txt,UNKNOWN,HISTORICAL_REAL,4223551ea96c467066c4b44d,A,1,False,False,True,False,False,False,0.3,,,,,,,,,
Copa Sudamericana,2025,MEN,South America,PRELIMINARY,,2025-03-05,Mushuc Runa (ECU),Orense SC (ECU),2,1,,,openfootball/south-america,https://raw.githubusercontent.com/openfootball/south-america/master/copa-libertadores/2025_copas.txt,UNKNOWN,HISTORICAL_REAL,12ecc40bf1a38b67972c6099,H,3,True,True,False,False,False,False,0.3,0.5,0.5,0.5,1085.0,,,,,
Copa Sudamericana,2025,MEN,South America,PRELIMINARY,,2025-03-05,Once Caldas (COL),Millonarios (COL),1,0,,,openfootball/south-america,https://raw.githubusercontent.com/openfootball/south-america/master/copa-libertadores/2025_copas.txt,UNKNOWN,HISTORICAL_REAL,b7eb78470f07eacf47208ccf,H,1,False,True,False,False,False,False,0.3,,,,,1.0,1.4,1.3,615.0,
Copa Sudamericana,2025,MEN,South America,PRELIMINARY,,2025-03-05,Racing (URU),Montevideo Wanderers (URU),0,0,4.0,2.0,openfootball/south-america,https://raw.githubusercontent.com/openfootball/south-america/master/copa-libertadores/2025_copas.txt,UNKNOWN,HISTORICAL_REAL,8677ed916b0e740d2c3d577b,D,0,False,False,False,True,False,False,0.3,1.0,1.8,1.8888888888888888,225.0,1.3333333333333333,1.4,1.5555555555555556,364.0,-139.0
Copa Sudamericana,2025,MEN,South America,PRELIMINARY,,2025-03-05,Unión Española (CHI),Everton (CHI),3,1,,,openfootball/south-america,https://raw.githubusercontent.com/openfootball/south-america/master/copa-libertadores/2025_copas.txt,UNKNOWN,HISTORICAL_REAL,81e21ee9b0b5cf9050c3ef0d,H,4,True,True,False,False,False,False,0.3,0.0,0.0,0.0,1084.0,2.0,2.0,1.5714285714285714,364.0,720.0
Copa Sudamericana,2025,MEN,South America,PRELIMINARY,,2025-03-06,Atlético Grau (PER),Cusco FC (PER),0,0,4.0,2.0,openfootball/south-america,https://raw.githubusercontent.com/openfootball/south-america/master/copa-libertadores/2025_copas.txt,UNKNOWN,HISTORICAL_REAL,63a1f42e16571fb064df0f9d,D,0,False,False,False,True,False,False,0.3,0.0,0.0,0.0,1836.0,1.5,1.5,1.5,1834.0,2.0
Copa Sudamericana,2025,MEN,South America,PRELIMINARY,,2025-03-06,Atlético Junior (COL),América de Cali (COL),3,4,,,openfootball/south-america,https://raw.githubusercontent.com/openfootball/south-america/master/copa-libertadores/2025_copas.txt,UNKNOWN,HISTORICAL_REAL,18761d2209563ed9e043efa0,A,7,True,False,True,False,False,False,0.3,1.0,1.2,1.7,728.0,0.0,0.0,0.0,365.0,363.0
Copa Sudamericana,2025,MEN,South America,PRELIMINARY,,2025-03-06,Cerro Largo (URU),Danubio (URU),4,3,,,openfootball/south-america,https://raw.githubusercontent.com/openfootball/south-america/master/copa-libertadores/2025_copas.txt,UNKNOWN,HISTORICAL_REAL,6575469c85bec6f7516f269a,H,7,True,True,False,False,False,False,0.3,0.0,0.2,0.2,364.0,1.3333333333333333,1.0,1.4,280.0,84.0
Copa Sudamericana,2025,MEN,South America,PRELIMINARY,,2025-03-06,Deportivo La Guaira (VEN),Caracas FC (VEN),0,2,,,openfootball/south-america,https://raw.githubusercontent.com/openfootball/south-america/master/copa-libertadores/2025_copas.txt,UNKNOWN,HISTORICAL_REAL,1a72cbedab02b128fe44ed8a,A,2,False,False,True,False,False,False,0.3,0.3333333333333333,0.2,0.5555555555555556,364.0,0.3333333333333333,0.3333333333333333,0.3333333333333333,730.0,-366.0
Copa Sudamericana,2025,MEN,South America,PRELIMINARY,,2025-03-06,Guaraní (PAR),2 de Mayo (PAR),2,0,,,openfootball/south-america,https://raw.githubusercontent.com/openfootball/south-america/master/copa-libertadores/2025_copas.txt,UNKNOWN,HISTORICAL_REAL,665eac14a7ef77f8382b01ad,H,2,False,True,False,False,False,False,0.3,0.3333333333333333,1.0,1.5,365.0,,,,,
Copa Sudamericana,2025,MEN,South America,PRELIMINARY,,2025-03-06,Universidad Catolica (ECU),Aucas (ECU),0,0,4.0,2.0,openfootball/south-america,https://raw.githubusercontent.com/openfootball/south-america/master/copa-libertadores/2025_copas.txt,UNKNOWN,HISTORICAL_REAL,f33bc14001c446ae39d24141,D,0,False,False,False,True,False,False,0.3,0.3333333333333333,1.0,1.5,225.0,2.0,1.2,1.5,1379.0,-1154.0
Copa Sudamericana,2025,MEN,South America,GROUP_A,Group A,2025-04-01,Boston River (URU),Guaraní (PAR),3,3,,,openfootball/south-america,https://raw.githubusercontent.com/openfootball/south-america/master/copa-libertadores/2025_copas.txt,UNKNOWN,HISTORICAL_REAL,9798547e43e103aea6e8b9f5,D,6,True,False,False,True,False,False,0.3,,,,,1.3333333333333333,1.4,1.5,26.0,
Copa Sudamericana,2025,MEN,South America,GROUP_H,Group H,2025-04-01,Cienciano (PER),Atlético Mineiro (BRA),0,0,,,openfootball/south-america,https://raw.githubusercontent.com/openfootball/south-america/master/copa-libertadores/2025_copas.txt,UNKNOWN,HISTORICAL_REAL,977604bb17af87fd1789f950,D,0,False,False,False,True,False,False,0.3,1.0,1.0,1.0,28.0,1.5,1.5,1.5,1867.0,-1839.0
Copa Sudamericana,2025,MEN,South America,GROUP_H,Group H,2025-04-01,Deportes Iquique (CHI),Caracas FC (VEN),1,2,,,openfootball/south-america,https://raw.githubusercontent.com/openfootball/south-america/master/copa-libertadores/2025_copas.txt,UNKNOWN,HISTORICAL_REAL,c7e21b352be8b3c821851883,A,3,True,False,True,False,False,False,0.3,,,,,1.3333333333333333,1.0,1.0,26.0,
Copa Sudamericana,2025,MEN,South America,GROUP_A,Group A,2025-04-01,Nacional Potosí (BOL),Independiente (ARG),2,0,,,openfootball/south-america,https://raw.githubusercontent.com/openfootball/south-america/master/copa-libertadores/2025_copas.txt,UNKNOWN,HISTORICAL_REAL,19304eace58a55c8fd94331d,H,2,False,True,False,False,False,False,0.3,2.0,1.8,1.3,28.0,2.0,2.4,1.9,1042.0,-1014.0
Copa Sudamericana,2025,MEN,South America,GROUP_F,Group F,2025-04-01,Once Caldas (COL),Fluminense RJ (BRA),0,1,,,openfootball/south-america,https://raw.githubusercontent.com/openfootball/south-america/master/copa-libertadores/2025_copas.txt,UNKNOWN,HISTORICAL_REAL,16c5695ef10cd4c95554c6d6,A,1,False,False,True,False,False,False,0.3,3.0,3.0,3.0,27.0,2.3333333333333335,1.6,1.625,1041.0,-1014.0
Copa Sudamericana,2025,MEN,South America,GROUP_E,Group E,2025-04-01,Unión de Santa Fe (ARG),Cruzeiro (BRA),1,0,,,openfootball/south-america,https://raw.githubusercontent.com/openfootball/south-america/master/copa-libertadores/2025_copas.txt,UNKNOWN,HISTORICAL_REAL,5e817a37801aa128b765b231,H,1,False,True,False,False,False,False,0.3,1.0,1.4,1.3,1001.0,1.3333333333333333,1.6,2.0,129.0,872.0
Copa Sudamericana,2025,MEN,South America,GROUP_D,Group D,2025-04-02,Atlético Grau (PER),Godoy Cruz (ARG),0,2,,,openfootball/south-america,https://raw.githubusercontent.com/openfootball/south-america/master/copa-libertadores/2025_copas.txt,UNKNOWN,HISTORICAL_REAL,98c4aa456a9c8a8fac3ce2b3,A,2,False,False,True,False,False,False,0.3,0.3333333333333333,0.3333333333333333,0.3333333333333333,27.0,,,,,
Copa Sudamericana,2025,MEN,South America,GROUP_C,Group C,2025-04-02,Corinthians SP (BRA),Huracán (ARG),1,2,,,openfootball/south-america,https://raw.githubusercontent.com/openfootball/south-america/master/copa-libertadores/2025_copas.txt,UNKNOWN,HISTORICAL_REAL,bc7ae55835597726c8925ded,A,3,True,False,True,False,False,False,0.3,1.3333333333333333,2.0,2.2,153.0,0.3333333333333333,0.4,0.75,644.0,-491.0
Copa Sudamericana,2025,MEN,South America,GROUP_G,Group G,2025-04-02,FBC Melgar (PER),Vasco da Gama RJ (BRA),3,3,,,openfootball/south-america,https://raw.githubusercontent.com/openfootball/south-america/master/copa-libertadores/2025_copas.txt,UNKNOWN,HISTORICAL_REAL,ea43f8938fe17ef03328cd13,D,6,True,False,False,True,False,False,0.3,0.3333333333333333,1.0,1.5,938.0,0.6666666666666666,1.2,1.5,1581.0,-643.0
Copa Sudamericana,2025,MEN,South America,GROUP_C,Group C,2025-04-02,Racing (URU),América de Cali (COL),1,3,,,openfootball/south-america,https://raw.githubusercontent.com/openfootball/south-america/master/copa-libertadores/2025_copas.txt,UNKNOWN,HISTORICAL_REAL,5acfb520e71c534040f3b069,A,4,True,False,True,False,False,False,0.3,1.3333333333333333,1.4,1.8,28.0,1.0,0.6,0.5,27.0,1.0
Copa Sudamericana,2025,MEN,South America,GROUP_D,Group D,2025-04-02,Sportivo Luqueño (PAR),Grêmio Porto Alegre (BRA),1,2,,,openfootball/south-america,https://raw.githubusercontent.com/openfootball/south-america/master/copa-libertadores/2025_copas.txt,UNKNOWN,HISTORICAL_REAL,9301c75d9cbfaf135b0eeb6f,A,3,True,False,True,False,False,False,0.3,1.0,0.8,0.8,29.0,1.3333333333333333,2.0,2.375,1352.0,-1323.0
Copa Sudamericana,2025,MEN,South America,GROUP_B,Group B,2025-04-02,Vitória BA (BRA),Universidad Catolica (ECU),1,1,,,openfootball/south-america,https://raw.githubusercontent.com/openfootball/south-america/master/copa-libertadores/2025_copas.txt,UNKNOWN,HISTORICAL_REAL,7d9224ea0836fea95d49b87f,D,2,True,False,False,True,False,False,0.3,,,,,0.6666666666666666,0.6,1.6,27.0,
Copa Sudamericana,2025,MEN,South America,GROUP_G,Group G,2025-04-03,Academia Puerto Cabello (VEN),Lanús (ARG),2,2,,,openfootball/south-america,https://raw.githubusercontent.com/openfootball/south-america/master/copa-libertadores/2025_copas.txt,UNKNOWN,HISTORICAL_REAL,68a74b401860166226e558e7,D,4,True,False,False,True,False,False,0.3,1.0,0.6,0.6,29.0,1.3333333333333333,1.6,2.0,155.0,-126.0
Copa Sudamericana,2025,MEN,South America,GROUP_B,Group B,2025-04-03,Cerro Largo (URU),Defensa y Justicia (ARG),0,0,,,openfootball/south-america,https://raw.githubusercontent.com/openfootball/south-america/master/copa-libertadores/2025_copas.txt,UNKNOWN,HISTORICAL_REAL,26ef3c619cdfdd61de61c3e2,D,0,False,False,False,True,False,False,0.3,1.0,0.6,0.6666666666666666,28.0,0.3333333333333333,0.4,1.0,309.0,-281.0
Copa Sudamericana,2025,MEN,South America,GROUP_F,Group F,2025-04-03,GV San José (BOL),Unión Española (CHI),1,1,,,openfootball/south-america,https://raw.githubusercontent.com/openfootball/south-america/master/copa-libertadores/2025_copas.txt,UNKNOWN,HISTORICAL_REAL,98be7624bd6b81511e10442a,D,2,True,False,False,True,False,False,0.3,3.0,3.0,3.0,29.0,1.0,1.0,1.0,29.0,0.0
Copa Sudamericana,2025,MEN,South America,GROUP_E,Group E,2025-04-03,Mushuc Runa (ECU),Palestino (CHI),3,2,,,openfootball/south-america,https://raw.githubusercontent.com/openfootball/south-america/master/copa-libertadores/2025_copas.txt,UNKNOWN,HISTORICAL_REAL,c1631026a893b58445201d65,H,5,True,True,False,False,False,False,0.3,1.3333333333333333,1.3333333333333333,1.3333333333333333,29.0,1.3333333333333333,1.6,1.6,30.0,-1.0
Copa Sudamericana,2025,MEN,South America,GROUP_C,Group C,2025-04-08,América de Cali (COL),Corinthians SP (BRA),1,1,,,openfootball/south-america,https://raw.githubusercontent.com/openfootball/south-america/master/copa-libertadores/2025_copas.txt,UNKNOWN,HISTORICAL_REAL,b5fcc1f1820d35ed4a740458,D,2,True,False,False,True,False,False,0.3,2.0,1.2,0.8571428571428571,6.0,0.3333333333333333,1.4,2.2,6.0,0.0
Copa Sudamericana,2025,MEN,South America,GROUP_H,Group H,2025-04-08,Caracas FC (VEN),Cienciano (PER),2,2,,,openfootball/south-america,https://raw.githubusercontent.com/openfootball/south-america/master/copa-libertadores/2025_copas.txt,UNKNOWN,HISTORICAL_REAL,08622a731cc20a33792d2855,D,4,True,False,False,True,False,False,0.3,2.0,1.4,1.4,7.0,1.3333333333333333,1.0,1.0,7.0,0.0
Copa Sudamericana,2025,MEN,South America,GROUP_D,Group D,2025-04-08,Godoy Cruz (ARG),Sportivo Luqueño (PAR),2,0,,,openfootball/south-america,https://raw.githubusercontent.com/openfootball/south-america/master/copa-libertadores/2025_copas.txt,UNKNOWN,HISTORICAL_REAL,1f7491c434e3dc97ef4d466b,H,2,False,True,False,False,False,False,0.3,3.0,3.0,3.0,6.0,1.0,0.8,0.8,6.0,0.0
Copa Sudamericana,2025,MEN,South America,GROUP_D,Group D,2025-04-08,Grêmio Porto Alegre (BRA),Atlético Grau (PER),2,0,,,openfootball/south-america,https://raw.githubusercontent.com/openfootball/south-america/master/copa-libertadores/2025_copas.txt,UNKNOWN,HISTORICAL_REAL,82722a73d4b5e3441b95040b,H,2,False,True,False,False,False,False,0.3,2.0,2.0,2.4444444444444446,6.0,0.3333333333333333,0.25,0.25,6.0,0.0
Copa Sudamericana,2025,MEN,South America,GROUP_A,Group A,2025-04-08,Independiente (ARG),Boston River (URU),2,1,,,openfootball/south-america,https://raw.githubusercontent.com/openfootball/south-america/master/copa-libertadores/2025_copas.txt,UNKNOWN,HISTORICAL_REAL,46d006795be9d805e8012336,H,3,True,True,False,False,False,False,0.3,1.0,1.8,1.6,7.0,1.0,1.0,1.0,7.0,0.0
Copa Sudamericana,2025,MEN,South America,GROUP_G,Group G,2025-04-08,Vasco da Gama RJ (BRA),Academia Puerto Cabello (VEN),1,0,,,openfootball/south-america,https://raw.githubusercontent.com/openfootball/south-america/master/copa-libertadores/2025_copas.txt,UNKNOWN,HISTORICAL_REAL,5466027c32c10a403145de9e,H,1,False,True,False,False,False,False,0.3,0.6666666666666666,1.2,1.4285714285714286,6.0,1.3333333333333333,0.8,0.7,5.0,1.0
Copa Sudamericana,2025,MEN,South America,GROUP_E,Group E,2025-04-09,Cruzeiro (BRA),Mushuc Runa (ECU),1,2,,,openfootball/south-america,https://raw.githubusercontent.com/openfootball/south-america/master/copa-libertadores/2025_copas.txt,UNKNOWN,HISTORICAL_REAL,152933b0c4c7ec94adc92ed2,A,3,True,False,True,False,False,False,0.3,1.0,1.0,1.7,8.0,2.3333333333333335,1.75,1.75,6.0,2.0
Copa Sudamericana,2025,MEN,South America,GROUP_C,Group C,2025-04-09,Huracán (ARG),Racing (URU),5,0,,,openfootball/south-america,https://raw.githubusercontent.com/openfootball/south-america/master/copa-libertadores/2025_copas.txt,UNKNOWN,HISTORICAL_REAL,ba886d94cf3c2af9b45a8e92,H,5,False,True,False,False,False,False,0.3,1.0,1.0,1.0,7.0,0.3333333333333333,0.8,1.5,7.0,0.0
Copa Sudamericana,2025,MEN,South America,GROUP_G,Group G,2025-04-09,Lanús (ARG),FBC Melgar (PER),3,0,,,openfootball/south-america,https://raw.githubusercontent.com/openfootball/south-america/master/copa-libertadores/2025_copas.txt,UNKNOWN,HISTORICAL_REAL,2d6b80985d21442bfefab6bf,H,3,False,True,False,False,False,False,0.3,0.6666666666666666,1.2,1.8,6.0,0.3333333333333333,0.6,1.3,7.0,-1.0
Copa Sudamericana,2025,MEN,South America,GROUP_E,Group E,2025-04-09,Palestino (CHI),Unión de Santa Fe (ARG),2,0,,,openfootball/south-america,https://raw.githubusercontent.com/openfootball/south-america/master/copa-libertadores/2025_copas.txt,UNKNOWN,HISTORICAL_REAL,2d8c8e3f6277480af4fcaca8,H,2,False,True,False,False,False,False,0.3,1.0,1.4,1.3,6.0,1.0,1.4,1.6,8.0,-2.0
Copa Sudamericana,2025,MEN,South America,GROUP_F,Group F,2025-04-09,Unión Española (CHI),Once Caldas (COL),0,2,,,openfootball/south-america,https://raw.githubusercontent.com/openfootball/south-america/master/copa-libertadores/2025_copas.txt,UNKNOWN,HISTORICAL_REAL,d985a2a736dfb02daf74d6c8,A,2,False,False,True,False,False,False,0.3,1.3333333333333333,1.0,1.0,6.0,1.5,1.5,1.5,8.0,-2.0
Copa Sudamericana,2025,MEN,South America,GROUP_H,Group H,2025-04-10,Atlético Mineiro (BRA),Deportes Iquique (CHI),4,0,,,openfootball/south-america,https://raw.githubusercontent.com/openfootball/south-america/master/copa-libertadores/2025_copas.txt,UNKNOWN,HISTORICAL_REAL,51627a22cf12cd19742fda04,H,4,False,True,False,False,False,False,0.3,1.3333333333333333,1.3333333333333333,1.3333333333333333,9.0,0.0,0.0,0.0,9.0,0.0
Copa Sudamericana,2025,MEN,South America,GROUP_B,Group B,2025-04-10,Defensa y Justicia (ARG),Vitória BA (BRA),0,0,,,openfootball/south-america,https://raw.githubusercontent.com/openfootball/south-america/master/copa-libertadores/2025_copas.txt,UNKNOWN,HISTORICAL_REAL,61663ac595a3cacb07a8bd02,D,0,False,False,False,True,False,False,0.3,0.6666666666666666,0.4,1.0,7.0,1.0,1.0,1.0,8.0,-1.0
Copa Sudamericana,2025,MEN,South America,GROUP_F,Group F,2025-04-10,Fluminense RJ (BRA),GV San José (BOL),5,0,,,openfootball/south-america,https://raw.githubusercontent.com/openfootball/south-america/master/copa-libertadores/2025_copas.txt,UNKNOWN,HISTORICAL_REAL,2b865e4249936818ac7eb043,H,5,False,True,False,False,False,False,0.3,2.3333333333333335,2.2,1.7777777777777777,9.0,2.0,2.0,2.0,7.0,2.0
Copa Sudamericana,2025,MEN,South America,GROUP_A,Group A,2025-04-10,Guaraní (PAR),Nacional Potosí (BOL),2,0,,,openfootball/south-america,https://raw.githubusercontent.com/openfootball/south-america/master/copa-libertadores/2025_copas.txt,UNKNOWN,HISTORICAL_REAL,eefaebb1416209ae0e175344,H,2,False,True,False,False,False,False,0.3,1.3333333333333333,1.0,1.6,9.0,2.0,2.4,1.6,9.0,0.0
Copa Sudamericana,2025,MEN,South America,GROUP_B,Group B,2025-04-10,Universidad Catolica (ECU),Cerro Largo (URU),3,1,,,openfootball/south-america,https://raw.githubusercontent.com/openfootball/south-america/master/copa-libertadores/2025_copas.txt,UNKNOWN,HISTORICAL_REAL,5f5b69b17fc9649ff03a9409,H,4,True,True,False,False,False,False,0.3,1.0,0.6,1.4,8.0,1.3333333333333333,0.8,0.7142857142857143,7.0,1.0
Copa Sudamericana,2025,MEN,South America,GROUP_A,Group A,2025-04-22,Boston River (URU),Nacional Potosí (BOL),2,1,,,openfootball/south-america,https://raw.githubusercontent.com/openfootball/south-america/master/copa-libertadores/2025_copas.txt,UNKNOWN,HISTORICAL_REAL,1bfa1f112544aee0db88a941,H,3,True,True,False,False,False,False,0.3,0.5,0.5,0.5,14.0,2.0,1.8,1.6,12.0,2.0
Copa Sudamericana,2025,MEN,South America,GROUP_G,Group G,2025-04-22,FBC Melgar (PER),Academia Puerto Cabello (VEN),1,0,,,openfootball/south-america,https://raw.githubusercontent.com/openfootball/south-america/master/copa-libertadores/2025_copas.txt,UNKNOWN,HISTORICAL_REAL,be4f59c27949f4d556fb538c,H,1,False,True,False,False,False,False,0.3,0.3333333333333333,0.4,1.0,13.0,1.3333333333333333,0.8,0.7,14.0,-1.0
Copa Sudamericana,2025,MEN,South America,GROUP_F,Group F,2025-04-22,GV San José (BOL),Once Caldas (COL),2,3,,,openfootball/south-america,https://raw.githubusercontent.com/openfootball/south-america/master/copa-libertadores/2025_copas.txt,UNKNOWN,HISTORICAL_REAL,3108b9bafcf58323af451356,A,5,True,False,True,False,False,False,0.3,1.3333333333333333,1.3333333333333333,1.3333333333333333,12.0,2.0,2.0,2.0,13.0,-1.0
Copa Sudamericana,2025,MEN,South America,GROUP_A,Group A,2025-04-22,Guaraní (PAR),Independiente (ARG),2,1,,,openfootball/south-america,https://raw.githubusercontent.com/openfootball/south-america/master/copa-libertadores/2025_copas.txt,UNKNOWN,HISTORICAL_REAL,87a7a0f18b29eb25a88be5b4,H,3,True,True,False,False,False,False,0.3,2.3333333333333335,1.6,1.6,12.0,1.0,1.8,1.6,14.0,-2.0
Copa Sudamericana,2025,MEN,South America,GROUP_G,Group G,2025-04-22,Vasco da Gama RJ (BRA),Lanús (ARG),0,0,,,openfootball/south-america,https://raw.githubusercontent.com/openfootball/south-america/master/copa-libertadores/2025_copas.txt,UNKNOWN,HISTORICAL_REAL,47b7c05ce9270bd52641a57f,D,0,False,False,False,True,False,False,0.3,1.3333333333333333,1.2,1.625,14.0,1.3333333333333333,1.6,1.8,13.0,1.0
Copa Sudamericana,2025,MEN,South America,GROUP_D,Group D,2025-04-23,Atlético Grau (PER),Sportivo Luqueño (PAR),2,2,,,openfootball/south-america,https://raw.githubusercontent.com/openfootball/south-america/master/copa-libertadores/2025_copas.txt,UNKNOWN,HISTORICAL_REAL,1946feb28da2836e29e326ff,D,4,True,False,False,True,False,False,0.3,0.3333333333333333,0.2,0.2,15.0,1.0,0.6,0.7,15.0,0.0
Copa Sudamericana,2025,MEN,South America,GROUP_H,Group H,2025-04-23,Caracas FC (VEN),Atlético Mineiro (BRA),1,1,,,openfootball/south-america,https://raw.githubusercontent.com/openfootball/south-america/master/copa-libertadores/2025_copas.txt,UNKNOWN,HISTORICAL_REAL,b2e067599ca6fe47289a86fa,D,2,True,False,False,True,False,False,0.3,2.3333333333333335,1.6,1.3333333333333333,15.0,2.3333333333333335,1.75,1.75,13.0,2.0
Copa Sudamericana,2025,MEN,South America,GROUP_C,Group C,2025-04-23,Huracán (ARG),América de Cali (COL),0,0,,,openfootball/south-america,https://raw.githubusercontent.com/openfootball/south-america/master/copa-libertadores/2025_copas.txt,UNKNOWN,HISTORICAL_REAL,33a9c28b2ac092956d642031,D,0,False,False,False,True,False,False,0.3,2.0,1.4,1.2,14.0,2.3333333333333335,1.4,0.875,15.0,-1.0
Copa Sudamericana,2025,MEN,South America,GROUP_E,Group E,2025-04-23,Mushuc Runa (ECU),Unión de Santa Fe (ARG),3,0,,,openfootball/south-america,https://raw.githubusercontent.com/openfootball/south-america/master/copa-libertadores/2025_copas.txt,UNKNOWN,HISTORICAL_REAL,718ad29c45975546ff4b78e8,H,3,False,True,False,False,False,False,0.3,3.0,2.0,2.0,14.0,1.0,1.2,1.5,14.0,0.0
Copa Sudamericana,2025,MEN,South America,GROUP_F,Group F,2025-04-23,Unión Española (CHI),Fluminense RJ (BRA),1,1,,,openfootball/south-america,https://raw.githubusercontent.com/openfootball/south-america/master/copa-libertadores/2025_copas.txt,UNKNOWN,HISTORICAL_REAL,f2b871d895c5a38e3d8a89de,D,2,True,False,False,True,False,False,0.3,1.3333333333333333,0.8,0.8,14.0,3.0,2.6,1.9,13.0,1.0
Copa Sudamericana,2025,MEN,South America,GROUP_B,Group B,2025-04-23,Vitória BA (BRA),Cerro Largo (URU),0,1,,,openfootball/south-america,https://raw.githubusercontent.com/openfootball/south-america/master/copa-libertadores/2025_copas.txt,UNKNOWN,HISTORICAL_REAL,df363bb28f3b39e13ca27922,A,1,False,False,True,False,False,False,0.3,1.0,1.0,1.0,13.0,1.3333333333333333,0.8,0.625,13.0,0.0
Copa Sudamericana,2025,MEN,South America,GROUP_C,Group C,2025-04-24,Corinthians SP (BRA),Racing (URU),1,0,,,openfootball/south-america,https://raw.githubusercontent.com/openfootball/south-america/master/copa-libertadores/2025_copas.txt,UNKNOWN,HISTORICAL_REAL,ebd5cdef5e24b3cfdb997d97,H,1,False,True,False,False,False,False,0.3,0.3333333333333333,1.0,2.0,16.0,0.3333333333333333,0.8,1.4,15.0,1.0
Copa Sudamericana,2025,MEN,South America,GROUP_H,Group H,2025-04-24,Deportes Iquique (CHI),Cienciano (PER),2,2,,,openfootball/south-america,https://raw.githubusercontent.com/openfootball/south-america/master/copa-libertadores/2025_copas.txt,UNKNOWN,HISTORICAL_REAL,8d7e2e6779c3b1e66ac1bca3,D,4,True,False,False,True,False,False,0.3,0.0,0.0,0.0,14.0,1.6666666666666667,1.0,1.0,16.0,-2.0
Copa Sudamericana,2025,MEN,South America,GROUP_D,Group D,2025-04-24,Godoy Cruz (ARG),Grêmio Porto Alegre (BRA),2,2,,,openfootball/south-america,https://raw.githubusercontent.com/openfootball/south-america/master/copa-libertadores/2025_copas.txt,UNKNOWN,HISTORICAL_REAL,36871a9d9dc3896aa8fcde10,D,4,True,False,False,True,False,False,0.3,3.0,3.0,3.0,16.0,2.0,2.0,2.5,16.0,0.0
Copa Sudamericana,2025,MEN,South America,GROUP_E,Group E,2025-04-24,Palestino (CHI),Cruzeiro (BRA),2,1,,,openfootball/south-america,https://raw.githubusercontent.com/openfootball/south-america/master/copa-libertadores/2025_copas.txt,UNKNOWN,HISTORICAL_REAL,28e8149c3e78a948d811576e,H,3,True,True,False,False,False,False,0.3,2.0,1.4,1.5,15.0,0.0,0.8,1.4,15.0,0.0
Copa Sudamericana,2025,MEN,South America,GROUP_B,Group B,2025-04-24,Universidad Catolica (ECU),Defensa y Justicia (ARG),3,1,,,openfootball/south-america,https://raw.githubusercontent.com/openfootball/south-america/master/copa-libertadores/2025_copas.txt,UNKNOWN,HISTORICAL_REAL,7a682beb840ea14117588d8d,H,4,True,True,False,False,False,False,0.3,1.6666666666666667,1.2,1.6,14.0,0.6666666666666666,0.6,0.8,14.0,0.0
